t,wp,est_x,est_y,est_yaw,true_x,true_y,true_yaw,est_true_gap,dist_to_wp,bearing_err_deg,state
4.75,0,0.0111,0.0034,0.0,0.017,-0.0,-0.0,0.0067,3.9889,-0.05,ALIGN
4.8,0,0.0111,0.0034,0.0,0.0172,-0.0,-0.0,0.007,3.9889,-0.05,DRIVE
4.85,0,0.0111,0.0034,0.0,0.0208,-0.0,-0.0,0.0102,3.9889,-0.05,DRIVE
4.9,0,0.0111,0.0034,0.0,0.0293,-0.0,-0.0,0.0184,3.9889,-0.05,DRIVE
4.95,0,0.016,-0.0022,0.01,0.0377,-0.0,-0.01,0.0218,3.984,0.02,DRIVE
5.0,0,0.016,-0.0022,0.01,0.0545,-0.0,-0.01,0.0386,3.984,0.02,DRIVE
5.05,0,0.016,-0.0022,0.01,0.0763,-0.0,-0.02,0.0603,3.984,0.02,DRIVE
5.1,0,0.016,-0.0022,0.01,0.0936,-0.0,-0.02,0.0776,3.984,0.02,DRIVE
5.15,0,0.016,-0.0022,0.01,0.1237,-0.0,-0.03,0.1078,3.984,0.02,DRIVE
5.2,0,0.0159,-0.005,0.01,0.1466,-0.0001,-0.04,0.1308,3.9841,0.06,DRIVE
5.25,0,0.0159,-0.005,0.01,0.1466,-0.0001,-0.04,0.1308,3.9841,0.06,DRIVE
5.3,0,0.0159,-0.005,0.01,0.1848,-0.0001,-0.06,0.169,3.9841,0.06,DRIVE
5.35,0,0.0159,-0.005,0.01,0.2248,-0.0001,-0.08,0.209,3.9841,0.06,DRIVE
5.4,0,0.0092,-0.0002,-0.01,0.2515,-0.0002,-0.08,0.2423,3.9908,0.02,DRIVE
5.45,0,0.0092,-0.0002,-0.01,0.2916,-0.0003,-0.1,0.2823,3.9908,0.02,DRIVE
5.5,0,0.0092,-0.0002,-0.01,0.3316,-0.0003,-0.12,0.3224,3.9908,0.02,DRIVE
5.55,0,0.0092,-0.0002,-0.01,0.3717,-0.0004,-0.12,0.3625,3.9908,0.02,DRIVE
5.6,0,0.0137,-0.0012,-0.0,0.4117,-0.0005,-0.14,0.398,3.9863,0.02,DRIVE
5.65,0,0.0137,-0.0012,-0.0,0.4518,-0.0006,-0.15,0.438,3.9863,0.02,DRIVE
5.7,0,0.0137,-0.0012,-0.0,0.4785,-0.0007,-0.15,0.4647,3.9863,0.02,DRIVE
5.75,0,0.0137,-0.0012,-0.0,0.5185,-0.0008,-0.16,0.5048,3.9863,0.02,DRIVE
5.8,0,0.0137,-0.0012,-0.0,0.5586,-0.0009,-0.17,0.5448,3.9863,0.02,DRIVE
5.85,0,0.0137,-0.0012,-0.0,0.5719,-0.001,-0.17,0.5582,3.9863,0.02,DRIVE
5.9,0,0.0137,-0.0012,-0.0,0.5853,-0.001,-0.17,0.5715,3.9863,0.02,DRIVE
5.95,0,0.0137,-0.0012,-0.0,0.6253,-0.0011,-0.18,0.6116,3.9863,0.02,DRIVE
6.0,0,0.0137,-0.0012,-0.0,0.6654,-0.0013,-0.18,0.6517,3.9863,0.02,DRIVE
6.05,0,0.0134,-0.0023,0.01,0.7054,-0.0014,-0.19,0.692,3.9866,0.02,DRIVE
6.1,0,0.0134,-0.0023,0.01,0.7455,-0.0015,-0.19,0.7321,3.9866,0.02,DRIVE
6.15,0,0.0134,-0.0023,0.01,0.7722,-0.0016,-0.2,0.7588,3.9866,0.02,DRIVE
6.2,0,0.0134,-0.0023,0.01,0.8122,-0.0018,-0.2,0.7988,3.9866,0.02,DRIVE
6.25,0,0.0168,-0.0039,0.02,0.8523,-0.0019,-0.21,0.8355,3.9832,0.04,DRIVE
6.3,0,0.0168,-0.0039,0.02,0.879,-0.002,-0.21,0.8622,3.9832,0.04,DRIVE
6.35,0,0.0168,-0.0039,0.02,0.9057,-0.0021,-0.21,0.8889,3.9832,0.04,DRIVE
6.4,0,0.0168,-0.0039,0.02,0.9458,-0.0023,-0.21,0.9289,3.9832,0.04,DRIVE
6.45,0,0.0406,0.0025,-0.04,0.9858,-0.0024,-0.21,0.9452,3.9594,0.0,DRIVE
6.5,0,0.0406,0.0025,-0.04,1.0125,-0.0025,-0.21,0.9719,3.9594,0.0,DRIVE
6.55,0,0.0406,0.0025,-0.04,1.0526,-0.0027,-0.22,1.0119,3.9594,0.0,DRIVE
6.6,0,0.0406,0.0025,-0.04,1.0926,-0.0028,-0.22,1.052,3.9594,0.0,DRIVE
6.65,0,0.0406,0.0025,-0.04,1.1193,-0.0029,-0.22,1.0787,3.9594,0.0,DRIVE
6.7,0,0.1494,0.0102,-0.14,1.1594,-0.0031,-0.22,1.01,3.8506,-0.01,DRIVE
6.75,0,0.1494,0.0102,-0.14,1.1994,-0.0032,-0.22,1.0501,3.8506,-0.01,DRIVE
6.8,0,0.1494,0.0102,-0.14,1.2261,-0.0033,-0.23,1.0768,3.8506,-0.01,DRIVE
6.85,0,0.1494,0.0102,-0.14,1.2261,-0.0033,-0.23,1.0768,3.8506,-0.01,DRIVE
6.9,0,0.3043,0.0136,-0.2,1.2662,-0.0035,-0.23,0.962,3.6957,-0.01,DRIVE
6.95,0,0.3043,0.0136,-0.2,1.2929,-0.0036,-0.23,0.9887,3.6957,-0.01,DRIVE
7.0,0,0.3043,0.0136,-0.2,1.3329,-0.0037,-0.23,1.0288,3.6957,-0.01,DRIVE
7.05,0,0.3043,0.0136,-0.2,1.3863,-0.004,-0.23,1.0822,3.6957,-0.01,DRIVE
7.1,0,0.3856,0.0146,-0.23,1.413,-0.0041,-0.23,1.0276,3.6144,0.0,DRIVE
7.15,0,0.3856,0.0146,-0.23,1.4531,-0.0042,-0.23,1.0676,3.6144,0.0,DRIVE
7.2,0,0.3856,0.0146,-0.23,1.4798,-0.0043,-0.23,1.0943,3.6144,0.0,DRIVE
7.25,0,0.3856,0.0146,-0.23,1.4798,-0.0043,-0.23,1.0943,3.6144,0.0,DRIVE
7.3,0,0.5456,0.0148,-0.26,1.5198,-0.0045,-0.23,0.9744,3.4544,0.01,DRIVE
7.35,0,0.5456,0.0148,-0.26,1.5599,-0.0047,-0.23,1.0144,3.4544,0.01,DRIVE
7.4,0,0.5456,0.0148,-0.26,1.5999,-0.0048,-0.23,1.0545,3.4544,0.01,DRIVE
7.45,0,0.5456,0.0148,-0.26,1.6133,-0.0049,-0.23,1.0678,3.4544,0.01,DRIVE
7.5,0,0.5456,0.0148,-0.26,1.6267,-0.0049,-0.23,1.0812,3.4544,0.01,DRIVE
7.55,0,0.7083,0.0141,-0.28,1.6667,-0.0051,-0.23,0.9586,3.2917,0.03,DRIVE
7.6,0,0.7083,0.0141,-0.28,1.6667,-0.0051,-0.23,0.9586,3.2917,0.03,DRIVE
7.65,0,0.7083,0.0141,-0.28,1.7068,-0.0053,-0.23,0.9986,3.2917,0.03,DRIVE
7.7,0,0.7083,0.0141,-0.28,1.7335,-0.0054,-0.23,1.0253,3.2917,0.03,DRIVE
7.75,0,0.7885,0.0192,-0.3,1.7335,-0.0054,-0.23,0.9453,3.2116,-0.04,DRIVE
7.8,0,0.7885,0.0192,-0.3,1.7735,-0.0055,-0.23,0.9853,3.2116,-0.04,DRIVE
7.85,0,0.7885,0.0192,-0.3,1.8136,-0.0057,-0.23,1.0254,3.2116,-0.04,DRIVE
7.9,0,0.7885,0.0192,-0.3,1.8536,-0.0059,-0.23,1.0654,3.2116,-0.04,DRIVE
7.95,0,0.8725,0.0185,-0.3,1.8937,-0.006,-0.24,1.0214,3.1275,-0.04,DRIVE
8.0,0,0.8725,0.0185,-0.3,1.9337,-0.0062,-0.24,1.0615,3.1275,-0.04,DRIVE
8.05,0,0.8725,0.0185,-0.3,1.9604,-0.0063,-0.24,1.0882,3.1275,-0.04,DRIVE
8.1,0,0.8725,0.0185,-0.3,1.9871,-0.0064,-0.24,1.1149,3.1275,-0.04,DRIVE
8.15,0,1.0379,0.0157,-0.29,2.0272,-0.0066,-0.24,0.9896,2.9622,-0.01,DRIVE
8.2,0,1.0379,0.0157,-0.29,2.0672,-0.0068,-0.25,1.0296,2.9622,-0.01,DRIVE
8.25,0,1.0379,0.0157,-0.29,2.1073,-0.007,-0.25,1.0696,2.9622,-0.01,DRIVE
8.3,0,1.0379,0.0157,-0.29,2.134,-0.0071,-0.25,1.0963,2.9622,-0.01,DRIVE
8.35,0,1.0379,0.0157,-0.29,2.174,-0.0072,-0.25,1.1364,2.9622,-0.01,DRIVE
8.4,0,1.0379,0.0157,-0.29,2.2141,-0.0074,-0.25,1.1764,2.9622,-0.01,DRIVE
8.45,0,1.0379,0.0157,-0.29,2.2274,-0.0075,-0.25,1.1898,2.9622,-0.01,DRIVE
8.5,0,1.0379,0.0157,-0.29,2.2408,-0.0075,-0.25,1.2031,2.9622,-0.01,DRIVE
8.55,0,1.2746,0.0162,-0.31,2.2541,-0.0076,-0.25,0.9798,2.7255,-0.03,DRIVE
8.6,0,1.2746,0.0162,-0.31,2.2808,-0.0077,-0.25,1.0065,2.7255,-0.03,DRIVE
8.65,0,1.2746,0.0162,-0.31,2.3209,-0.0079,-0.25,1.0466,2.7255,-0.03,DRIVE
8.7,0,1.2746,0.0162,-0.31,2.361,-0.0081,-0.25,1.0866,2.7255,-0.03,DRIVE
8.75,0,1.2746,0.0162,-0.31,2.401,-0.0082,-0.25,1.1267,2.7255,-0.03,DRIVE
8.8,0,1.2746,0.0162,-0.31,2.4411,-0.0084,-0.26,1.1667,2.7255,-0.03,DRIVE
8.85,0,1.2746,0.0162,-0.31,2.4678,-0.0085,-0.26,1.1934,2.7255,-0.03,DRIVE
8.9,0,1.2746,0.0162,-0.31,2.5078,-0.0087,-0.26,1.2335,2.7255,-0.03,DRIVE
8.95,0,1.5173,0.0176,-0.31,2.5345,-0.0088,-0.26,1.0176,2.4828,-0.09,DRIVE
9.0,0,1.5173,0.0176,-0.31,2.5612,-0.009,-0.26,1.0443,2.4828,-0.09,DRIVE
9.05,0,1.5173,0.0176,-0.31,2.5612,-0.009,-0.26,1.0443,2.4828,-0.09,DRIVE
9.1,0,1.5173,0.0176,-0.31,2.6013,-0.0091,-0.26,1.0843,2.4828,-0.09,DRIVE
9.15,0,1.6798,0.019,-0.32,2.6413,-0.0093,-0.26,0.962,2.3203,-0.15,DRIVE
9.2,0,1.6798,0.019,-0.32,2.6814,-0.0095,-0.27,1.002,2.3203,-0.15,DRIVE
9.25,0,1.6798,0.019,-0.32,2.7215,-0.0097,-0.27,1.042,2.3203,-0.15,DRIVE
9.3,0,1.6798,0.019,-0.32,2.7215,-0.0097,-0.27,1.042,2.3203,-0.15,DRIVE
9.35,0,1.8375,0.0192,-0.33,2.7482,-0.0098,-0.27,0.9111,2.1626,-0.18,DRIVE
9.4,0,1.8375,0.0192,-0.33,2.7882,-0.01,-0.28,0.9512,2.1626,-0.18,DRIVE
9.45,0,1.8375,0.0192,-0.33,2.8283,-0.0102,-0.29,0.9912,2.1626,-0.18,DRIVE
9.5,0,1.8375,0.0192,-0.33,2.8683,-0.0104,-0.29,1.0312,2.1626,-0.18,DRIVE
9.55,0,1.8375,0.0192,-0.33,2.9084,-0.0106,-0.3,1.0713,2.1626,-0.18,DRIVE
9.6,0,1.9175,0.0224,-0.36,2.9351,-0.0108,-0.3,1.0181,2.0826,-0.26,DRIVE
9.65,0,1.9175,0.0224,-0.36,2.9484,-0.0109,-0.31,1.0315,2.0826,-0.26,DRIVE
9.7,0,1.9175,0.0224,-0.36,2.9751,-0.011,-0.32,1.0582,2.0826,-0.26,DRIVE
9.75,0,1.9175,0.0224,-0.36,3.0152,-0.0112,-0.33,1.0982,2.0826,-0.26,DRIVE
9.8,0,2.0797,0.0216,-0.34,3.0152,-0.0112,-0.33,0.9361,1.9204,-0.3,DRIVE
9.85,0,2.0797,0.0216,-0.34,3.0419,-0.0114,-0.33,0.9628,1.9204,-0.3,DRIVE
9.9,0,2.0797,0.0216,-0.34,3.0819,-0.0116,-0.35,1.0028,1.9204,-0.3,DRIVE
9.95,0,2.0797,0.0216,-0.34,3.122,-0.0119,-0.36,1.0429,1.9204,-0.3,DRIVE
10.0,0,2.1595,0.0196,-0.34,3.1621,-0.0121,-0.38,1.0031,1.8406,-0.27,DRIVE
10.05,0,2.1595,0.0196,-0.34,3.1754,-0.0122,-0.38,1.0165,1.8406,-0.27,DRIVE
10.1,0,2.1595,0.0196,-0.34,3.1888,-0.0123,-0.39,1.0298,1.8406,-0.27,DRIVE
10.15,0,2.2403,0.0199,-0.34,3.2288,-0.0126,-0.41,0.9891,1.7598,-0.3,DRIVE
10.2,0,2.2403,0.0199,-0.34,3.2422,-0.0127,-0.41,1.0024,1.7598,-0.3,DRIVE
10.25,0,2.2403,0.0199,-0.34,3.2689,-0.0129,-0.42,1.0291,1.7598,-0.3,DRIVE
10.3,0,2.2403,0.0199,-0.34,3.3089,-0.0132,-0.44,1.0692,1.7598,-0.3,DRIVE
10.35,0,2.2403,0.0199,-0.34,3.3356,-0.0134,-0.46,1.0959,1.7598,-0.3,DRIVE
10.4,0,2.4,0.0186,-0.34,3.389,-0.0138,-0.48,0.9896,1.6001,-0.32,DRIVE
10.45,0,2.4,0.0186,-0.34,3.4157,-0.0141,-0.5,1.0163,1.6001,-0.32,DRIVE
10.5,0,2.4,0.0186,-0.34,3.4558,-0.0144,-0.52,1.0563,1.6001,-0.32,DRIVE
10.55,0,2.4,0.0186,-0.34,3.4825,-0.0147,-0.54,1.083,1.6001,-0.32,DRIVE
10.6,0,2.4831,0.0211,-0.34,3.5226,-0.0151,-0.56,1.04,1.517,-0.45,DRIVE
10.65,0,2.4831,0.0211,-0.34,3.5626,-0.0155,-0.59,1.0801,1.517,-0.45,DRIVE
10.7,0,2.4831,0.0211,-0.34,3.5893,-0.0158,-0.6,1.1068,1.517,-0.45,DRIVE
10.75,0,2.4831,0.0211,-0.34,3.6294,-0.0162,-0.63,1.1468,1.517,-0.45,DRIVE
10.8,0,2.6464,0.0227,-0.36,3.6694,-0.0167,-0.66,1.0238,1.3538,-0.6,DRIVE
10.85,0,2.6464,0.0227,-0.36,3.7095,-0.0171,-0.69,1.0638,1.3538,-0.6,DRIVE
10.9,0,2.6464,0.0227,-0.36,3.7095,-0.0171,-0.69,1.0638,1.3538,-0.6,DRIVE
10.95,0,2.6464,0.0227,-0.36,3.7228,-0.0173,-0.7,1.0772,1.3538,-0.6,DRIVE
11.0,0,2.8013,0.025,-0.37,3.7228,-0.0173,-0.7,0.9225,1.199,-0.82,DRIVE
11.05,0,2.8013,0.025,-0.37,3.7629,-0.0178,-0.74,0.9626,1.199,-0.82,DRIVE
11.1,0,2.8013,0.025,-0.37,3.8029,-0.0183,-0.78,1.0026,1.199,-0.82,DRIVE
11.15,0,2.8013,0.025,-0.37,3.843,-0.0189,-0.83,1.0427,1.199,-0.82,DRIVE
11.2,0,2.9635,0.024,-0.4,3.883,-0.0195,-0.88,0.9206,1.0368,-0.92,DRIVE
11.25,0,2.9635,0.024,-0.4,3.8964,-0.0197,-0.9,0.9339,1.0368,-0.92,DRIVE
11.3,0,2.9635,0.024,-0.4,3.9097,-0.0199,-0.91,0.9473,1.0368,-0.92,DRIVE
11.35,0,2.9635,0.024,-0.4,3.9498,-0.0206,-0.97,0.9873,1.0368,-0.92,DRIVE
11.4,0,3.0434,0.0232,-0.42,3.9898,-0.0213,-1.03,0.9475,0.9569,-0.96,DRIVE
11.45,0,3.0434,0.0232,-0.42,4.0297,-0.022,-1.09,0.9873,0.9569,-0.96,DRIVE
11.5,0,3.0434,0.0232,-0.42,4.0682,-0.0228,-1.15,1.0258,0.9569,-0.96,DRIVE
11.55,0,3.0434,0.0232,-0.42,4.1065,-0.0236,-1.22,1.0642,0.9569,-0.96,DRIVE
11.6,0,3.1231,0.0222,-0.45,4.1065,-0.0236,-1.22,0.9845,0.8772,-1.0,DRIVE
11.65,0,3.1231,0.0222,-0.45,4.1193,-0.0239,-1.24,0.9973,0.8772,-1.0,DRIVE
11.7,0,3.1231,0.0222,-0.45,4.1696,-0.025,-1.33,1.0475,0.8772,-1.0,DRIVE
11.75,0,3.1231,0.0222,-0.45,4.1932,-0.0256,-1.38,1.0711,0.8772,-1.0,DRIVE
11.801,0,3.1231,0.0222,-0.45,4.2401,-0.0268,-1.47,1.118,0.8772,-1.0,DRIVE
11.85,0,3.1231,0.0222,-0.45,4.2635,-0.0274,-1.52,1.1414,0.8772,-1.0,DRIVE
11.9,0,3.1231,0.0222,-0.45,4.2635,-0.0274,-1.52,1.1414,0.8772,-1.0,DRIVE
11.95,0,3.1231,0.0222,-0.45,4.2986,-0.0283,-1.59,1.1766,0.8772,-1.0,DRIVE
12.001,0,3.3674,0.0242,-0.55,4.322,-0.029,-1.65,0.9561,0.6331,-1.64,DRIVE
12.05,0,3.3674,0.0242,-0.55,4.3687,-0.0304,-1.75,1.0027,0.6331,-1.64,DRIVE
12.1,0,3.3674,0.0242,-0.55,4.4003,-0.0314,-1.83,1.0344,0.6331,-1.64,DRIVE
12.15,0,3.3674,0.0242,-0.55,4.4187,-0.032,-1.89,1.0528,0.6331,-1.64,DRIVE
12.2,0,3.5243,0.0266,-0.64,4.4443,-0.0329,-1.96,0.9219,0.4765,-2.56,DRIVE
12.25,0,3.5243,0.0266,-0.64,4.4612,-0.0335,-2.02,0.9389,0.4765,-2.56,DRIVE
12.3,0,3.5243,0.0266,-0.64,4.4773,-0.034,-2.08,0.9549,0.4765,-2.56,DRIVE
12.35,0,3.5243,0.0266,-0.64,4.4773,-0.034,-2.08,0.9549,0.4765,-2.56,DRIVE
12.4,0,3.6047,0.0242,-0.69,4.4914,-0.0346,-2.14,0.8886,0.396,-2.82,DRIVE
12.45,0,3.6047,0.0242,-0.69,4.4979,-0.0348,-2.17,0.8951,0.396,-2.82,DRIVE
12.5,0,3.6047,0.0242,-0.69,4.5163,-0.0355,-2.26,0.9135,0.396,-2.82,DRIVE
12.55,0,3.6047,0.0242,-0.69,4.5324,-0.0362,-2.35,0.9296,0.396,-2.82,DRIVE
12.6,0,3.7699,0.0234,-0.81,4.5483,-0.0369,-2.45,0.7807,0.2313,-5.0,DRIVE
13.65,1,4.3746,0.0183,-1.79,4.582,-0.0384,-2.63,0.215,2.5098,100.38,ALIGN
13.7,1,4.3746,0.0183,-1.79,4.582,-0.0384,-2.62,0.2151,2.5098,100.38,ALIGN
13.75,1,4.3746,0.0183,-1.79,4.5821,-0.0384,-2.58,0.2151,2.5098,100.38,ALIGN
13.8,1,4.4416,0.0162,-1.95,4.5821,-0.0384,-2.48,0.1507,2.5227,102.03,ALIGN
13.85,1,4.4416,0.0162,-1.95,4.5821,-0.0384,-2.11,0.1507,2.5227,102.03,ALIGN
13.9,1,4.4416,0.0162,-1.95,4.5822,-0.0384,-1.41,0.1508,2.5227,102.03,ALIGN
13.95,1,4.4416,0.0162,-1.95,4.5823,-0.0384,-0.49,0.1509,2.5227,102.03,ALIGN
14.0,1,4.5346,0.0129,-2.28,4.5826,-0.0384,0.5,0.0702,2.5439,104.41,ALIGN
14.05,1,4.5346,0.0129,-2.28,4.5827,-0.0383,0.84,0.0703,2.5439,104.41,ALIGN
14.1,1,4.5346,0.0129,-2.28,4.5827,-0.0383,0.84,0.0703,2.5439,104.41,ALIGN
14.15,1,4.5346,0.0129,-2.28,4.5831,-0.0383,1.89,0.0705,2.5439,104.41,ALIGN
14.2,1,4.589,0.0123,-2.59,4.5836,-0.0383,2.99,0.0508,2.5565,105.91,ALIGN
14.25,1,4.589,0.0123,-2.59,4.5841,-0.0383,4.13,0.0508,2.5565,105.91,ALIGN
14.3,1,4.589,0.0123,-2.59,4.5847,-0.0382,5.32,0.0506,2.5565,105.91,ALIGN
14.35,1,4.589,0.0123,-2.59,4.5854,-0.0381,6.54,0.0505,2.5565,105.91,ALIGN
14.4,1,4.5969,0.0092,-2.63,4.586,-0.038,7.81,0.0485,2.5614,106.11,ALIGN
14.45,1,4.5969,0.0092,-2.63,4.5865,-0.038,9.11,0.0483,2.5614,106.11,ALIGN
14.5,1,4.5969,0.0092,-2.63,4.587,-0.0379,10.44,0.0481,2.5614,106.11,ALIGN
14.55,1,4.5969,0.0092,-2.63,4.5873,-0.0378,11.34,0.048,2.5614,106.11,ALIGN
14.6,1,4.601,0.01,-2.63,4.5876,-0.0377,12.71,0.0496,2.5615,106.2,ALIGN
14.65,1,4.601,0.01,-2.63,4.5878,-0.0377,13.63,0.0495,2.5615,106.2,ALIGN
14.7,1,4.601,0.01,-2.63,4.5878,-0.0377,14.09,0.0495,2.5615,106.2,ALIGN
14.75,1,4.601,0.01,-2.63,4.5879,-0.0377,15.02,0.0494,2.5615,106.2,ALIGN
14.8,1,4.5963,0.0089,-2.64,4.5879,-0.0377,15.02,0.0474,2.5614,106.1,ALIGN
14.85,1,4.5963,0.0089,-2.64,4.5879,-0.0377,15.48,0.0474,2.5614,106.1,ALIGN
14.9,1,4.5963,0.0089,-2.64,4.5878,-0.0377,16.41,0.0474,2.5614,106.1,ALIGN
14.95,1,4.5963,0.0089,-2.64,4.5877,-0.0377,17.81,0.0474,2.5614,106.1,ALIGN
15.0,1,4.6005,0.0134,-2.61,4.5875,-0.0378,19.2,0.0527,2.5581,106.19,ALIGN
15.05,1,4.6005,0.0134,-2.61,4.5872,-0.0379,20.59,0.0529,2.5581,106.19,ALIGN
15.1,1,4.6005,0.0134,-2.61,4.5869,-0.038,21.97,0.0531,2.5581,106.19,ALIGN
15.15,1,4.6005,0.0134,-2.61,4.5865,-0.0381,23.35,0.0533,2.5581,106.19,ALIGN
15.2,1,4.5973,0.0112,-2.62,4.5862,-0.0383,24.72,0.0507,2.5595,106.11,ALIGN
15.25,1,4.5973,0.0112,-2.62,4.5858,-0.0385,26.09,0.051,2.5595,106.11,ALIGN
15.3,1,4.5973,0.0112,-2.62,4.5854,-0.0387,27.46,0.0512,2.5595,106.11,ALIGN
15.35,1,4.5973,0.0112,-2.62,4.5854,-0.0387,27.46,0.0512,2.5595,106.11,ALIGN
15.4,1,4.5753,0.0099,-2.33,4.5851,-0.0388,28.37,0.0497,2.5557,105.34,ALIGN
15.45,1,4.5753,0.0099,-2.33,4.5847,-0.039,29.73,0.0498,2.5557,105.34,ALIGN
15.5,1,4.5753,0.0099,-2.33,4.5843,-0.0393,31.09,0.05,2.5557,105.34,ALIGN
15.551,1,4.5753,0.0099,-2.33,4.5843,-0.0393,31.09,0.05,2.5557,105.34,ALIGN
15.6,1,4.524,0.014,0.93,4.5841,-0.0394,31.54,0.0804,2.5406,100.97,ALIGN
15.65,1,4.524,0.014,0.93,4.5838,-0.0396,32.44,0.0803,2.5406,100.97,ALIGN
15.7,1,4.524,0.014,0.93,4.5835,-0.0397,33.35,0.0802,2.5406,100.97,ALIGN
15.75,1,4.524,0.014,0.93,4.5831,-0.04,34.7,0.0801,2.5406,100.97,ALIGN
15.8,1,4.5239,0.0143,3.08,4.5827,-0.0403,36.05,0.0803,2.5403,98.82,ALIGN
15.85,1,4.5239,0.0143,3.08,4.5823,-0.0406,37.4,0.0802,2.5403,98.82,ALIGN
15.9,1,4.5239,0.0143,3.08,4.5823,-0.0406,37.4,0.0802,2.5403,98.82,ALIGN
15.95,1,4.5239,0.0143,3.08,4.5819,-0.0409,38.75,0.0801,2.5403,98.82,ALIGN
16.0,1,4.5177,0.0155,7.98,4.5816,-0.0412,39.65,0.0854,2.5379,93.79,ALIGN
16.05,1,4.5177,0.0155,7.98,4.5816,-0.0412,39.65,0.0854,2.5379,93.79,ALIGN
16.1,1,4.5177,0.0155,7.98,4.5812,-0.0415,41.01,0.0853,2.5379,93.79,ALIGN
16.15,1,4.5177,0.0155,7.98,4.5808,-0.0418,42.35,0.0853,2.5379,93.79,ALIGN
16.2,1,4.5188,0.0201,10.66,4.5804,-0.0422,43.7,0.0876,2.5336,91.16,ALIGN
16.25,1,4.5188,0.0201,10.66,4.5801,-0.0426,45.05,0.0876,2.5336,91.16,ALIGN
16.3,1,4.5188,0.0201,10.66,4.5797,-0.0429,46.4,0.0876,2.5336,91.16,ALIGN
16.35,1,4.5188,0.0201,10.66,4.5793,-0.0433,47.75,0.0876,2.5336,91.16,ALIGN
16.4,1,4.5157,0.0252,13.39,4.5791,-0.0436,48.65,0.0935,2.5279,88.38,ALIGN
16.45,1,4.5157,0.0252,13.39,4.5788,-0.044,50.0,0.0936,2.5279,88.38,ALIGN
16.5,1,4.5157,0.0252,13.39,4.5784,-0.0444,51.35,0.0937,2.5279,88.38,ALIGN
16.55,1,4.5157,0.0252,13.39,4.5781,-0.0448,52.69,0.0938,2.5279,88.38,ALIGN
16.6,1,4.5182,0.0263,18.97,4.5778,-0.0452,54.04,0.0931,2.5274,82.86,ALIGN
16.65,1,4.5182,0.0263,18.97,4.5778,-0.0452,54.04,0.0931,2.5274,82.86,ALIGN
16.7,1,4.5182,0.0263,18.97,4.5775,-0.0457,55.39,0.0932,2.5274,82.86,ALIGN
16.75,1,4.5182,0.0263,18.97,4.5772,-0.0461,56.74,0.0934,2.5274,82.86,ALIGN
16.8,1,4.5182,0.0263,18.97,4.5769,-0.0465,58.09,0.0935,2.5274,82.86,ALIGN
16.85,1,4.5182,0.0263,18.97,4.5766,-0.047,59.43,0.0937,2.5274,82.86,ALIGN
16.9,1,4.5182,0.0263,18.97,4.5763,-0.0475,60.78,0.0939,2.5274,82.86,ALIGN
16.95,1,4.5182,0.0263,18.97,4.5762,-0.0478,61.68,0.094,2.5274,82.86,ALIGN
17.0,1,4.5205,0.0269,27.23,4.5759,-0.0482,63.03,0.0933,2.5273,74.66,ALIGN
17.05,1,4.5205,0.0269,27.23,4.5757,-0.0487,64.38,0.0936,2.5273,74.66,ALIGN
17.1,1,4.5205,0.0269,27.23,4.5755,-0.0492,65.72,0.0938,2.5273,74.66,ALIGN
17.15,1,4.5213,0.0224,32.68,4.5754,-0.0493,66.17,0.0898,2.5319,69.2,ALIGN
17.2,1,4.5213,0.0224,32.68,4.5753,-0.0495,66.62,0.0899,2.5319,69.2,ALIGN
17.25,1,4.5213,0.0224,32.68,4.5751,-0.05,67.97,0.0902,2.5319,69.2,ALIGN
17.3,1,4.5213,0.0224,32.68,4.5749,-0.0505,69.32,0.0905,2.5319,69.2,ALIGN
17.35,1,4.5252,0.0207,38.1,4.5747,-0.051,70.66,0.0871,2.5344,63.86,ALIGN
17.4,1,4.5252,0.0207,38.1,4.5746,-0.0515,72.01,0.0874,2.5344,63.86,ALIGN
17.45,1,4.5252,0.0207,38.1,4.5744,-0.052,73.36,0.0878,2.5344,63.86,ALIGN
17.5,1,4.5252,0.0207,38.1,4.5744,-0.0522,73.81,0.0879,2.5344,63.86,ALIGN
17.55,1,4.528,0.0221,40.83,4.5743,-0.0525,74.71,0.0878,2.5335,61.2,ALIGN
17.6,1,4.528,0.0221,40.83,4.5741,-0.053,76.05,0.0882,2.5335,61.2,ALIGN
17.65,1,4.528,0.0221,40.83,4.5741,-0.0532,76.5,0.0883,2.5335,61.2,ALIGN
17.7,1,4.528,0.0221,40.83,4.574,-0.0534,76.95,0.0884,2.5335,61.2,ALIGN
17.75,1,4.5383,0.0186,46.25,4.5739,-0.0539,78.3,0.0808,2.5391,55.99,ALIGN
17.8,1,4.5383,0.0186,46.25,4.5738,-0.0544,79.65,0.0812,2.5391,55.99,ALIGN
17.85,1,4.5383,0.0186,46.25,4.5738,-0.0544,79.65,0.0812,2.5391,55.99,ALIGN
17.9,1,4.5383,0.0186,46.25,4.5737,-0.0549,80.99,0.0816,2.5391,55.99,ALIGN
17.95,1,4.5379,0.0191,48.94,4.5736,-0.0555,82.34,0.0827,2.5385,53.29,ALIGN
18.0,1,4.5379,0.0191,48.94,4.5736,-0.056,83.69,0.0832,2.5385,53.29,ALIGN
18.05,1,4.5379,0.0191,48.94,4.5735,-0.0565,85.04,0.0836,2.5385,53.29,ALIGN
18.1,1,4.5469,0.0184,54.35,4.5735,-0.057,86.38,0.08,2.5411,48.08,ALIGN
18.15,1,4.5469,0.0184,54.35,4.5735,-0.0576,87.73,0.0805,2.5411,48.08,ALIGN
18.2,1,4.5469,0.0184,54.35,4.5734,-0.0581,89.08,0.081,2.5411,48.08,ALIGN
18.25,1,4.5469,0.0184,54.35,4.5734,-0.0586,90.43,0.0815,2.5411,48.08,ALIGN
18.3,1,4.5399,0.0161,57.09,4.5734,-0.059,91.33,0.0822,2.5419,45.17,ALIGN
18.35,1,4.5399,0.0161,57.09,4.5735,-0.0595,92.67,0.0827,2.5419,45.17,ALIGN
18.4,1,4.5399,0.0161,57.09,4.5735,-0.06,94.02,0.0832,2.5419,45.17,ALIGN
18.45,1,4.5399,0.0161,57.09,4.5735,-0.0606,95.37,0.0837,2.5419,45.17,ALIGN
18.5,1,4.5399,0.0161,57.09,4.5736,-0.0611,96.72,0.0842,2.5419,45.17,ALIGN
18.55,1,4.5383,0.0134,62.51,4.5736,-0.0616,98.06,0.0829,2.5442,39.71,ALIGN
18.6,1,4.5383,0.0134,62.51,4.5737,-0.0621,99.41,0.0834,2.5442,39.71,ALIGN
18.65,1,4.5383,0.0134,62.51,4.5738,-0.0627,100.76,0.0839,2.5442,39.71,ALIGN
18.7,1,4.5359,0.0122,67.94,4.5739,-0.0632,102.11,0.0844,2.5448,34.22,ALIGN
18.75,1,4.5359,0.0122,67.94,4.574,-0.0635,103.0,0.0848,2.5448,34.22,ALIGN
18.8,1,4.5359,0.0122,67.94,4.5741,-0.064,104.35,0.0853,2.5448,34.22,ALIGN
18.85,1,4.5359,0.0122,67.94,4.5742,-0.0644,105.25,0.0857,2.5448,34.22,ALIGN
18.9,1,4.5357,0.0078,73.32,4.5743,-0.0649,106.6,0.0823,2.5491,28.81,ALIGN
18.95,1,4.5357,0.0078,73.32,4.5745,-0.0654,107.95,0.0829,2.5491,28.81,ALIGN
19.0,1,4.5357,0.0078,73.32,4.5746,-0.0657,108.84,0.0832,2.5491,28.81,ALIGN
19.05,1,4.5357,0.0078,73.32,4.5748,-0.0662,110.19,0.0837,2.5491,28.81,ALIGN
19.1,1,4.5371,0.0064,78.7,4.5749,-0.0664,110.64,0.082,2.5508,23.46,ALIGN
19.15,1,4.5371,0.0064,78.7,4.575,-0.0667,111.54,0.0823,2.5508,23.46,DRIVE
19.2,1,4.5371,0.0064,78.7,4.5745,-0.0656,112.87,0.0812,2.5508,23.46,DRIVE
19.25,1,4.5371,0.0064,78.7,4.5723,-0.0605,114.18,0.0756,2.5508,23.46,DRIVE
19.3,1,4.5357,0.0005,84.1,4.5678,-0.0509,115.57,0.0606,2.5563,18.0,DRIVE
19.35,1,4.5357,0.0005,84.1,4.5634,-0.0421,116.55,0.0508,2.5563,18.0,DRIVE
19.4,1,4.5357,0.0005,84.1,4.5548,-0.0255,118.07,0.0322,2.5563,18.0,DRIVE
19.45,1,4.5357,0.0005,84.1,4.5433,-0.005,119.61,0.0094,2.5563,18.0,DRIVE
19.5,1,4.5357,0.0005,84.1,4.5288,0.0194,121.26,0.0202,2.5563,18.0,DRIVE
19.55,1,4.5357,0.0005,84.1,4.511,0.0474,123.03,0.0531,2.5563,18.0,DRIVE
19.6,1,4.5357,0.0005,84.1,4.4972,0.0678,124.29,0.0776,2.5563,18.0,DRIVE
19.65,1,4.5357,0.0005,84.1,4.4747,0.0993,126.11,0.1162,2.5563,18.0,DRIVE
19.7,1,4.5357,0.0005,84.1,4.4589,0.1203,127.26,0.1423,2.5563,18.0,DRIVE
19.75,1,4.5357,0.0005,84.1,4.4344,0.1512,128.91,0.1816,2.5563,18.0,DRIVE
19.8,1,4.5357,0.0005,84.1,4.4089,0.1816,130.53,0.221,2.5563,18.0,DRIVE
19.85,1,4.5357,0.0005,84.1,4.4003,0.1915,131.07,0.2342,2.5563,18.0,DRIVE
19.9,1,4.5357,0.0005,84.1,4.3915,0.2014,131.6,0.2473,2.5563,18.0,DRIVE
19.95,1,4.5357,0.0005,84.1,4.3646,0.2306,133.21,0.2867,2.5563,18.0,DRIVE
20.0,1,4.5357,0.0005,84.1,4.3463,0.2496,134.27,0.3129,2.5563,18.0,DRIVE
20.05,1,4.5357,0.0005,84.1,4.3085,0.2865,136.41,0.3653,2.5563,18.0,DRIVE
20.1,1,4.5386,-0.0039,100.33,4.2793,0.3133,138.02,0.4098,2.5612,1.81,DRIVE
20.15,1,4.5386,-0.0039,100.33,4.2594,0.3307,139.09,0.4358,2.5612,1.81,DRIVE
20.2,1,4.5386,-0.0039,100.33,4.2594,0.3307,139.09,0.4358,2.5612,1.81,DRIVE
20.25,1,4.5386,-0.0039,100.33,4.2493,0.3392,139.6,0.4488,2.5612,1.81,DRIVE
20.3,1,4.5447,0.0029,105.72,4.2493,0.3392,139.6,0.4477,2.5558,-3.41,DRIVE
20.35,1,4.5447,0.0029,105.72,4.229,0.3561,140.55,0.4737,2.5558,-3.41,DRIVE
20.4,1,4.5447,0.0029,105.72,4.2188,0.3643,140.97,0.4867,2.5558,-3.41,DRIVE
20.45,1,4.5462,-0.0009,108.43,4.1878,0.3888,141.98,0.5295,2.5598,-6.11,DRIVE
20.5,1,4.5462,-0.0009,108.43,4.1774,0.3969,142.22,0.5425,2.5598,-6.11,DRIVE
20.55,1,4.5462,-0.0009,108.43,4.1669,0.405,142.41,0.5555,2.5598,-6.11,DRIVE
20.6,1,4.5462,-0.0009,108.43,4.1352,0.4291,142.71,0.5948,2.5598,-6.11,DRIVE
20.65,1,4.5439,-0.0019,111.14,4.1034,0.4533,142.79,0.6334,2.5603,-8.87,DRIVE
20.7,1,4.5439,-0.0019,111.14,4.0715,0.4775,142.8,0.673,2.5603,-8.87,DRIVE
20.75,1,4.5439,-0.0019,111.14,4.0715,0.4775,142.8,0.673,2.5603,-8.87,DRIVE
20.8,1,4.5439,-0.0019,111.14,4.0503,0.4936,142.75,0.6994,2.5603,-8.87,DRIVE
20.85,1,4.5413,0.004,113.82,4.0184,0.5179,142.61,0.7331,2.554,-11.58,DRIVE
20.9,1,4.5413,0.004,113.82,3.9972,0.5342,142.48,0.7597,2.554,-11.58,DRIVE
20.95,1,4.5413,0.004,113.82,3.9655,0.5587,142.19,0.7995,2.554,-11.58,DRIVE
21.0,1,4.5413,0.004,113.82,3.955,0.5669,142.07,0.8128,2.554,-11.58,DRIVE
21.05,1,4.5283,0.0126,116.54,3.9445,0.5751,141.94,0.8107,2.5429,-14.55,DRIVE
21.1,1,4.5283,0.0126,116.54,3.913,0.6,141.5,0.8506,2.5429,-14.55,DRIVE
21.15,1,4.5283,0.0126,116.54,3.8818,0.6251,140.94,0.8905,2.5429,-14.55,DRIVE
21.2,1,4.5283,0.0126,116.54,3.8612,0.6421,140.51,0.9172,2.5429,-14.55,DRIVE
21.25,1,4.5088,0.04,119.61,3.8304,0.6678,139.82,0.9244,2.5121,-17.92,DRIVE
21.3,1,4.5088,0.04,119.61,3.8202,0.6765,139.57,0.9377,2.5121,-17.92,DRIVE
21.35,1,4.5088,0.04,119.61,3.8101,0.6852,139.32,0.9511,2.5121,-17.92,DRIVE
21.4,1,4.5088,0.04,119.61,3.7799,0.7117,138.47,0.9912,2.5121,-17.92,DRIVE
21.45,1,4.4385,0.1434,126.6,3.7502,0.7385,137.53,0.9099,2.397,-26.05,DRIVE
21.5,1,4.4385,0.1434,126.6,3.7211,0.7658,136.51,0.9497,2.397,-26.05,ALIGN
21.55,1,4.4385,0.1434,126.6,3.6948,0.7914,135.38,0.9864,2.397,-26.05,ALIGN
21.6,1,4.4385,0.1434,126.6,3.6794,0.8069,134.59,1.0082,2.397,-26.05,ALIGN
21.65,1,4.4385,0.1434,126.6,3.6596,0.8276,133.4,1.0367,2.397,-26.05,ALIGN
21.7,1,4.4385,0.1434,126.6,3.6486,0.8396,132.61,1.0529,2.397,-26.05,ALIGN
21.75,1,4.4385,0.1434,126.6,3.6486,0.8396,132.61,1.0529,2.397,-26.05,ALIGN
21.8,1,4.4385,0.1434,126.6,3.635,0.8547,131.45,1.0731,2.397,-26.05,ALIGN
21.85,1,4.2699,0.3232,136.5,3.625,0.8664,130.3,0.8432,2.1934,-39.43,ALIGN
21.9,1,4.2699,0.3232,136.5,3.6202,0.8721,129.53,0.8505,2.1934,-39.43,ALIGN
21.95,1,4.2699,0.3232,136.5,3.6158,0.8777,128.38,0.8575,2.1934,-39.43,ALIGN
22.0,1,4.2095,0.3744,139.69,3.6144,0.8795,127.22,0.7805,2.1359,-44.06,ALIGN
22.05,1,4.2095,0.3744,139.69,3.6142,0.8798,126.45,0.7809,2.1359,-44.06,ALIGN
22.1,1,4.2095,0.3744,139.69,3.6139,0.8803,125.3,0.7815,2.1359,-44.06,ALIGN
22.15,1,4.2095,0.3744,139.69,3.6139,0.8803,125.3,0.7815,2.1359,-44.06,ALIGN
22.2,1,4.017,0.4689,143.86,3.6136,0.8806,124.51,0.5763,2.0311,-53.38,ALIGN
22.25,1,4.017,0.4689,143.86,3.6133,0.8811,123.3,0.5769,2.0311,-53.38,ALIGN
22.3,1,4.017,0.4689,143.86,3.613,0.8816,122.05,0.5775,2.0311,-53.38,ALIGN
22.35,1,4.017,0.4689,143.86,3.6127,0.8822,120.77,0.5782,2.0311,-53.38,ALIGN
22.4,1,3.9419,0.5097,144.07,3.6125,0.8825,119.9,0.4975,1.9911,-55.74,ALIGN
22.45,1,3.9419,0.5097,144.07,3.6122,0.883,118.56,0.498,1.9911,-55.74,ALIGN
22.5,1,3.9419,0.5097,144.07,3.6121,0.8832,117.65,0.4982,1.9911,-55.74,ALIGN
22.55,1,3.9419,0.5097,144.07,3.6121,0.8832,117.65,0.4982,1.9911,-55.74,ALIGN
22.6,1,3.7959,0.6079,143.38,3.612,0.8835,116.28,0.3314,1.903,-59.54,ALIGN
22.65,1,3.7959,0.6079,143.38,3.6119,0.8837,114.88,0.3316,1.903,-59.54,ALIGN
22.7,1,3.7959,0.6079,143.38,3.6119,0.8838,113.95,0.3316,1.903,-59.54,ALIGN
22.75,1,3.7959,0.6079,143.38,3.6119,0.8838,113.95,0.3316,1.903,-59.54,ALIGN
22.8,1,3.7232,0.6541,142.47,3.6119,0.8838,112.55,0.2552,1.8665,-61.0,ALIGN
22.85,1,3.7232,0.6541,142.47,3.6119,0.8836,111.14,0.2551,1.8665,-61.0,ALIGN
22.9,1,3.7232,0.6541,142.47,3.612,0.8834,109.74,0.2549,1.8665,-61.0,ALIGN
22.95,1,3.7232,0.6541,142.47,3.612,0.8834,109.27,0.2548,1.8665,-61.0,ALIGN
23.0,1,3.5844,0.7492,139.58,3.612,0.8833,108.81,0.1369,1.7994,-62.93,ALIGN
23.05,1,3.5844,0.7492,139.58,3.6121,0.883,107.41,0.1366,1.7994,-62.93,ALIGN
23.1,1,3.5844,0.7492,139.58,3.6122,0.8827,106.02,0.1363,1.7994,-62.93,ALIGN
23.15,1,3.5844,0.7492,139.58,3.6123,0.8824,105.09,0.1361,1.7994,-62.93,ALIGN
23.2,1,3.5199,0.8026,137.58,3.6124,0.882,103.71,0.122,1.764,-63.37,ALIGN
23.25,1,3.5199,0.8026,137.58,3.6124,0.882,103.71,0.122,1.764,-63.37,ALIGN
23.3,1,3.5199,0.8026,137.58,3.6125,0.8817,102.79,0.1219,1.764,-63.37,ALIGN
23.35,1,3.4713,0.8482,135.27,3.6126,0.8813,101.41,0.1451,1.7343,-63.01,ALIGN
23.4,1,3.4713,0.8482,135.27,3.6127,0.8809,100.04,0.1451,1.7343,-63.01,ALIGN
23.45,1,3.4713,0.8482,135.27,3.6128,0.8804,98.67,0.145,1.7343,-63.01,ALIGN
23.5,1,3.4713,0.8482,135.27,3.6128,0.8799,97.3,0.145,1.7343,-63.01,ALIGN
23.55,1,3.4713,0.8482,135.27,3.6129,0.8796,96.39,0.145,1.7343,-63.01,ALIGN
23.6,1,3.4188,0.9017,130.62,3.6129,0.8791,95.03,0.1955,1.7007,-60.6,ALIGN
23.65,1,3.4188,0.9017,130.62,3.613,0.8786,93.66,0.1956,1.7007,-60.6,ALIGN
23.7,1,3.4188,0.9017,130.62,3.613,0.8782,92.76,0.1956,1.7007,-60.6,ALIGN
23.75,1,3.4156,0.9112,128.32,3.613,0.8782,92.76,0.2001,1.6929,-58.51,ALIGN
23.8,1,3.4156,0.9112,128.32,3.613,0.8777,91.39,0.2002,1.6929,-58.51,ALIGN
23.85,1,3.4156,0.9112,128.32,3.613,0.8772,90.04,0.2003,1.6929,-58.51,ALIGN
23.9,1,3.4156,0.9112,128.32,3.613,0.8768,89.13,0.2004,1.6929,-58.51,ALIGN
23.95,1,3.4099,0.9116,123.58,3.613,0.8763,87.77,0.2061,1.6944,-53.96,ALIGN
24.0,1,3.4099,0.9116,123.58,3.613,0.8761,87.32,0.2061,1.6944,-53.96,ALIGN
24.05,1,3.4099,0.9116,123.58,3.613,0.8757,86.41,0.2062,1.6944,-53.96,ALIGN
24.1,1,3.4099,0.9116,123.58,3.6129,0.8754,85.51,0.2062,1.6944,-53.96,ALIGN
24.15,1,3.4105,0.9172,118.31,3.6129,0.8754,85.51,0.2067,1.689,-48.73,ALIGN
24.2,1,3.4105,0.9172,118.31,3.6129,0.8749,84.15,0.2068,1.689,-48.73,ALIGN
24.25,1,3.4105,0.9172,118.31,3.6128,0.8743,82.79,0.2068,1.689,-48.73,ALIGN
24.3,1,3.4105,0.9172,118.31,3.6128,0.8738,81.43,0.2069,1.689,-48.73,ALIGN
24.35,1,3.4089,0.9171,115.54,3.6127,0.8733,80.08,0.2085,1.6897,-46.02,ALIGN
24.4,1,3.4089,0.9171,115.54,3.6127,0.8733,80.08,0.2085,1.6897,-46.02,ALIGN
24.45,1,3.4089,0.9171,115.54,3.6126,0.8729,79.17,0.2085,1.6897,-46.02,ALIGN
24.5,1,3.4089,0.9171,115.54,3.6125,0.8724,77.82,0.2085,1.6897,-46.02,ALIGN
24.55,1,3.4111,0.9168,112.76,3.6124,0.8719,76.46,0.2062,1.6892,-43.16,ALIGN
24.6,1,3.4111,0.9168,112.76,3.6123,0.8713,75.1,0.2062,1.6892,-43.16,ALIGN
24.65,1,3.4111,0.9168,112.76,3.6122,0.871,74.2,0.2062,1.6892,-43.16,ALIGN
24.7,1,3.4111,0.9168,112.76,3.612,0.8705,72.84,0.2062,1.6892,-43.16,ALIGN
24.75,1,3.4045,0.9146,107.24,3.6119,0.8701,71.94,0.2121,1.6936,-37.82,ALIGN
24.8,1,3.4045,0.9146,107.24,3.6117,0.8696,70.58,0.212,1.6936,-37.82,ALIGN
24.85,1,3.4045,0.9146,107.24,3.6116,0.8693,69.68,0.212,1.6936,-37.82,ALIGN
24.9,1,3.4045,0.9146,107.24,3.6115,0.869,68.77,0.2119,1.6936,-37.82,ALIGN
24.95,1,3.4025,0.9173,104.47,3.6114,0.8688,68.32,0.2145,1.6917,-35.15,ALIGN
25.0,1,3.4025,0.9173,104.47,3.6112,0.8683,66.96,0.2144,1.6917,-35.15,ALIGN
25.05,1,3.4025,0.9173,104.47,3.611,0.8678,65.61,0.2143,1.6917,-35.15,ALIGN
25.1,1,3.4025,0.9173,104.47,3.611,0.8678,65.61,0.2143,1.6917,-35.15,ALIGN
25.15,1,3.4083,0.9151,98.98,3.6108,0.8675,64.7,0.2081,1.6918,-29.45,ALIGN
25.2,1,3.4083,0.9151,98.98,3.6106,0.867,63.35,0.208,1.6918,-29.45,ALIGN
25.25,1,3.4083,0.9151,98.98,3.6105,0.8668,62.89,0.2079,1.6918,-29.45,ALIGN
25.3,1,3.4083,0.9151,98.98,3.6104,0.8665,61.99,0.2079,1.6918,-29.45,ALIGN
25.35,1,3.4031,0.9163,96.27,3.6101,0.866,60.63,0.213,1.6924,-26.92,ALIGN
25.4,1,3.4031,0.9163,96.27,3.6099,0.8657,59.73,0.2129,1.6924,-26.92,ALIGN
25.45,1,3.4031,0.9163,96.27,3.6097,0.8653,58.37,0.2128,1.6924,-26.92,ALIGN
25.5,1,3.4031,0.9163,96.27,3.6094,0.8648,57.02,0.2126,1.6924,-26.92,ALIGN
25.55,1,3.4063,0.9087,93.56,3.6091,0.8644,55.66,0.2076,1.6985,-24.02,ALIGN
25.6,1,3.4063,0.9087,93.56,3.6089,0.8641,54.76,0.2075,1.6985,-24.02,DRIVE
25.65,1,3.4063,0.9087,93.56,3.6095,0.865,53.41,0.2079,1.6985,-24.02,DRIVE
25.7,1,3.4063,0.9087,93.56,3.6115,0.8675,52.53,0.2093,1.6985,-24.02,DRIVE
25.75,1,3.4091,0.9063,88.13,3.617,0.8745,51.15,0.2104,1.6997,-18.47,DRIVE
25.8,1,3.4091,0.9063,88.13,3.6226,0.8813,50.17,0.215,1.6997,-18.47,DRIVE
25.85,1,3.4091,0.9063,88.13,3.6337,0.8942,48.66,0.225,1.6997,-18.47,DRIVE
25.9,1,3.4091,0.9063,88.13,3.6431,0.9045,47.63,0.2341,1.6997,-18.47,DRIVE
25.95,1,3.41,0.8991,82.74,3.6431,0.9045,47.63,0.2332,1.7061,-12.97,DRIVE
26.0,1,3.41,0.8991,82.74,3.6604,0.9228,46.02,0.2515,1.7061,-12.97,DRIVE
26.05,1,3.41,0.8991,82.74,3.6815,0.9438,44.35,0.2752,1.7061,-12.97,DRIVE
26.1,1,3.41,0.8991,82.74,3.7065,0.9672,42.62,0.3042,1.7061,-12.97,DRIVE
26.15,1,3.4111,0.8905,77.33,3.7347,0.992,40.87,0.3392,1.7139,-7.42,DRIVE
26.2,1,3.4111,0.8905,77.33,3.7546,1.0087,39.82,0.3633,1.7139,-7.42,DRIVE
26.25,1,3.4111,0.8905,77.33,3.7546,1.0087,39.82,0.3633,1.7139,-7.42,DRIVE
26.3,1,3.4111,0.8905,77.33,3.7853,1.0335,38.48,0.4006,1.7139,-7.42,DRIVE
26.35,1,3.4127,0.8903,74.59,3.8166,1.0577,37.4,0.4372,1.7135,-4.64,DRIVE
26.4,1,3.4127,0.8903,74.59,3.8485,1.0815,36.45,0.4759,1.7135,-4.64,DRIVE
26.45,1,3.4127,0.8903,74.59,3.8808,1.1049,35.64,0.5149,1.7135,-4.64,DRIVE
26.5,1,3.412,0.8906,71.89,3.9025,1.1202,35.15,0.5416,1.7134,-1.96,DRIVE
26.55,1,3.412,0.8906,71.89,3.9353,1.1429,34.43,0.581,1.7134,-1.96,DRIVE
26.6,1,3.412,0.8906,71.89,3.9573,1.1579,34.01,0.6073,1.7134,-1.96,DRIVE
26.65,1,3.412,0.8906,71.89,3.9906,1.18,33.45,0.6469,1.7134,-1.96,DRIVE
26.7,1,3.412,0.8906,71.89,4.0241,1.2018,32.91,0.6866,1.7134,-1.96,DRIVE
26.75,1,3.4093,0.8862,66.47,4.0465,1.2162,32.58,0.7176,1.7185,3.42,DRIVE
26.8,1,3.4093,0.8862,66.47,4.0804,1.2375,32.13,0.7575,1.7185,3.42,DRIVE
26.85,1,3.4093,0.8862,66.47,4.1143,1.2587,31.81,0.7974,1.7185,3.42,DRIVE
26.9,1,3.411,0.8838,61.06,4.137,1.2727,31.65,0.8236,1.7202,8.92,DRIVE
26.95,1,3.411,0.8838,61.06,4.1712,1.2936,31.48,0.8635,1.7202,8.92,DRIVE
27.0,1,3.411,0.8838,61.06,4.1939,1.3075,31.44,0.8902,1.7202,8.92,DRIVE
27.05,1,3.411,0.8838,61.06,4.2281,1.3284,31.52,0.9302,1.7202,8.92,DRIVE
27.1,1,3.411,0.8838,61.06,4.2622,1.3494,31.68,0.9702,1.7202,8.92,DRIVE
27.15,1,3.413,0.8854,55.65,4.2849,1.3635,31.82,0.9944,1.718,14.36,DRIVE
27.2,1,3.413,0.8854,55.65,4.3189,1.3847,32.1,1.0344,1.718,14.36,DRIVE
27.25,1,3.413,0.8854,55.65,4.3527,1.4061,32.52,1.0744,1.718,14.36,DRIVE
27.3,1,3.4204,0.8968,52.97,4.3864,1.4279,33.06,1.1024,1.7048,17.15,DRIVE
27.35,1,3.4204,0.8968,52.97,4.4087,1.4426,33.46,1.129,1.7048,17.15,DRIVE
27.4,1,3.4204,0.8968,52.97,4.4419,1.4649,34.18,1.1689,1.7048,17.15,DRIVE
27.451,1,3.4204,0.8968,52.97,4.4749,1.4877,34.99,1.2088,1.7048,17.15,DRIVE
27.5,1,3.4632,0.9631,46.8,4.4966,1.5032,35.57,1.166,1.6279,23.94,DRIVE
27.55,1,3.4632,0.9631,46.8,4.5289,1.5268,36.52,1.2056,1.6279,23.94,DRIVE
27.6,1,3.4632,0.9631,46.8,4.5396,1.5348,36.86,1.2188,1.6279,23.94,DRIVE
27.65,1,3.4632,0.9631,46.8,4.5608,1.5511,37.62,1.2452,1.6279,23.94,DRIVE
27.7,1,3.4632,0.9631,46.8,4.5818,1.5676,38.43,1.2715,1.6279,23.94,DRIVE
27.75,1,3.5684,1.0599,40.45,4.6128,1.593,39.74,1.1726,1.5034,32.87,DRIVE
27.8,1,3.5684,1.0599,40.45,4.623,1.6016,40.2,1.1856,1.5034,32.87,ALIGN
27.85,1,3.5684,1.0599,40.45,4.6432,1.6191,41.16,1.2115,1.5034,32.87,ALIGN
27.9,1,3.638,1.1058,38.24,4.6714,1.6446,42.63,1.1655,1.4405,37.2,ALIGN
27.95,1,3.638,1.1058,38.24,4.6957,1.6677,44.07,1.1977,1.4405,37.2,ALIGN
28.0,1,3.638,1.1058,38.24,4.7028,1.6748,44.53,1.2074,1.4405,37.2,ALIGN
28.05,1,3.638,1.1058,38.24,4.7096,1.6815,44.99,1.2165,1.4405,37.2,ALIGN
28.1,1,3.638,1.1058,38.24,4.7271,1.6996,46.31,1.2406,1.4405,37.2,ALIGN
28.15,1,3.638,1.1058,38.24,4.7271,1.6996,46.31,1.2406,1.4405,37.2,ALIGN
28.2,1,3.638,1.1058,38.24,4.7367,1.7099,47.14,1.2539,1.4405,37.2,ALIGN
28.25,1,3.638,1.1058,38.24,4.7511,1.726,48.72,1.2743,1.4405,37.2,ALIGN
28.3,1,3.638,1.1058,38.24,4.756,1.7317,49.49,1.2814,1.4405,37.2,ALIGN
28.35,1,3.638,1.1058,38.24,4.7605,1.7372,50.64,1.288,1.4405,37.2,ALIGN
28.4,1,3.638,1.1058,38.24,4.762,1.739,51.79,1.2901,1.4405,37.2,ALIGN
28.45,1,3.638,1.1058,38.24,4.762,1.739,51.79,1.2901,1.4405,37.2,ALIGN
28.5,1,3.9216,1.2939,33.34,4.7622,1.7393,52.55,0.9513,1.2086,52.95,ALIGN
28.55,1,3.9216,1.2939,33.34,4.7626,1.7398,53.69,0.9518,1.2086,52.95,ALIGN
28.6,1,3.9216,1.2939,33.34,4.7629,1.7402,54.87,0.9523,1.2086,52.95,ALIGN
28.65,1,3.9216,1.2939,33.34,4.7632,1.7407,56.08,0.9529,1.2086,52.95,ALIGN
28.7,1,4.0528,1.3837,33.17,4.7636,1.7413,57.34,0.7956,1.1175,59.54,ALIGN
28.75,1,4.0528,1.3837,33.17,4.7638,1.7416,58.19,0.796,1.1175,59.54,ALIGN
28.8,1,4.0528,1.3837,33.17,4.764,1.742,59.06,0.7963,1.1175,59.54,ALIGN
28.85,1,4.0528,1.3837,33.17,4.7642,1.7424,60.39,0.7967,1.1175,59.54,ALIGN
28.9,1,4.1206,1.4313,33.63,4.7644,1.7428,61.75,0.7152,1.0754,62.81,ALIGN
28.95,1,4.1206,1.4313,33.63,4.7645,1.7429,62.2,0.7153,1.0754,62.81,ALIGN
29.0,1,4.1206,1.4313,33.63,4.7645,1.7429,62.2,0.7153,1.0754,62.81,ALIGN
29.05,1,4.1206,1.4313,33.63,4.7646,1.7431,63.58,0.7155,1.0754,62.81,ALIGN
29.1,1,4.2421,1.5244,36.08,4.7646,1.7431,63.58,0.5664,1.0051,67.85,ALIGN
29.15,1,4.2421,1.5244,36.08,4.7646,1.7432,64.97,0.5665,1.0051,67.85,ALIGN
29.2,1,4.2421,1.5244,36.08,4.7646,1.7432,66.36,0.5665,1.0051,67.85,ALIGN
29.25,1,4.2933,1.5706,37.88,4.7646,1.7431,67.29,0.5018,0.9746,69.64,ALIGN
29.3,1,4.2933,1.5706,37.88,4.7645,1.743,68.22,0.5017,0.9746,69.64,ALIGN
29.35,1,4.2933,1.5706,37.88,4.7645,1.7429,68.69,0.5017,0.9746,69.64,ALIGN
29.4,1,4.2933,1.5706,37.88,4.7644,1.7427,70.08,0.5015,0.9746,69.64,ALIGN
29.45,1,4.3419,1.6196,40.2,4.7643,1.7424,71.46,0.4399,0.9444,71.02,ALIGN
29.5,1,4.3419,1.6196,40.2,4.7642,1.742,72.84,0.4397,0.9444,71.02,ALIGN
29.55,1,4.3419,1.6196,40.2,4.7641,1.7417,74.22,0.4395,0.9444,71.02,ALIGN
29.6,1,4.3419,1.6196,40.2,4.764,1.7413,75.59,0.4393,0.9444,71.02,ALIGN
29.65,1,4.4552,1.7233,45.89,4.7638,1.7408,76.96,0.3091,0.9002,74.49,ALIGN
29.7,1,4.4552,1.7233,45.89,4.7638,1.7408,76.96,0.3091,0.9002,74.49,ALIGN
29.75,1,4.4552,1.7233,45.89,4.7638,1.7405,77.87,0.309,0.9002,74.49,ALIGN
29.8,1,4.4552,1.7233,45.89,4.7637,1.7404,78.32,0.309,0.9002,74.49,ALIGN
29.85,1,4.5235,1.7797,50.88,4.7637,1.7401,79.23,0.2434,0.8905,75.13,ALIGN
29.9,1,4.5235,1.7797,50.88,4.7636,1.7398,80.13,0.2434,0.8905,75.13,ALIGN
29.95,1,4.5235,1.7797,50.88,4.7635,1.7393,81.49,0.2434,0.8905,75.13,ALIGN
30.0,1,4.5235,1.7797,50.88,4.7635,1.7388,82.85,0.2434,0.8905,75.13,ALIGN
30.05,1,4.532,1.7923,53.19,4.7634,1.7383,84.2,0.2377,0.8853,73.74,ALIGN
30.1,1,4.532,1.7923,53.19,4.7634,1.7378,85.56,0.2377,0.8853,73.74,ALIGN
30.15,1,4.532,1.7923,53.19,4.7633,1.7372,86.91,0.2378,0.8853,73.74,ALIGN
30.2,1,4.532,1.7923,53.19,4.7633,1.7371,87.36,0.2378,0.8853,73.74,ALIGN
30.25,1,4.5323,1.7947,55.51,4.7633,1.7369,87.81,0.2382,0.8836,71.53,ALIGN
30.3,1,4.5323,1.7947,55.51,4.7633,1.7366,88.71,0.2382,0.8836,71.53,ALIGN
30.35,1,4.5323,1.7947,55.51,4.7633,1.7366,88.71,0.2382,0.8836,71.53,ALIGN
30.4,1,4.5381,1.7967,60.52,4.7633,1.7364,89.16,0.2332,0.8855,66.9,ALIGN
30.45,1,4.5381,1.7967,60.52,4.7633,1.736,90.06,0.2333,0.8855,66.9,ALIGN
30.5,1,4.5381,1.7967,60.52,4.7633,1.7355,91.41,0.2334,0.8855,66.9,ALIGN
30.55,1,4.5381,1.7967,60.52,4.7633,1.7353,91.86,0.2335,0.8855,66.9,ALIGN
30.6,1,4.535,1.7944,63.2,4.7633,1.735,92.76,0.236,0.8854,63.97,ALIGN
30.65,1,4.535,1.7944,63.2,4.7633,1.7345,94.11,0.2361,0.8854,63.97,ALIGN
30.7,1,4.535,1.7944,63.2,4.7634,1.7339,95.46,0.2363,0.8854,63.97,ALIGN
30.751,1,4.535,1.7944,63.2,4.7634,1.7334,96.81,0.2365,0.8854,63.97,ALIGN
30.8,1,4.5403,1.7979,65.99,4.7635,1.7331,97.7,0.2325,0.8859,61.59,ALIGN
30.85,1,4.5403,1.7979,65.99,4.7636,1.7326,99.05,0.2327,0.8859,61.59,ALIGN
30.9,1,4.5403,1.7979,65.99,4.7636,1.732,100.4,0.2329,0.8859,61.59,ALIGN
30.95,1,4.5403,1.7979,65.99,4.7637,1.7315,101.75,0.2331,0.8859,61.59,ALIGN
31.0,1,4.5371,1.7916,68.8,4.7637,1.7315,101.75,0.2345,0.889,58.37,ALIGN
31.05,1,4.5371,1.7916,68.8,4.7639,1.731,103.1,0.2347,0.889,58.37,ALIGN
31.1,1,4.5371,1.7916,68.8,4.764,1.7305,104.45,0.235,0.889,58.37,ALIGN
31.15,1,4.5371,1.7916,68.8,4.7641,1.7301,105.34,0.2352,0.889,58.37,ALIGN
31.201,1,4.534,1.787,74.34,4.7642,1.7296,106.69,0.2373,0.8908,52.49,ALIGN
31.25,1,4.534,1.787,74.34,4.7643,1.7293,107.59,0.2374,0.8908,52.49,ALIGN
31.301,1,4.534,1.787,74.34,4.7644,1.7291,108.04,0.2375,0.8908,52.49,ALIGN
31.35,1,4.534,1.787,74.34,4.7645,1.7286,109.39,0.2378,0.8908,52.49,ALIGN
31.4,1,4.5404,1.7868,79.81,4.7647,1.7283,110.29,0.2318,0.8948,47.34,ALIGN
31.45,1,4.5404,1.7868,79.81,4.7648,1.7278,111.63,0.2321,0.8948,47.34,ALIGN
31.5,1,4.5404,1.7868,79.81,4.765,1.7273,112.98,0.2324,0.8948,47.34,ALIGN
31.55,1,4.5364,1.7805,82.5,4.7653,1.7268,114.33,0.235,0.8975,44.21,ALIGN
31.6,1,4.5364,1.7805,82.5,4.7655,1.7264,115.68,0.2354,0.8975,44.21,ALIGN
31.65,1,4.5364,1.7805,82.5,4.7655,1.7264,115.68,0.2354,0.8975,44.21,ALIGN
31.7,1,4.5364,1.7805,82.5,4.7656,1.726,116.58,0.2356,0.8975,44.21,ALIGN
31.75,1,4.5365,1.7749,87.96,4.7659,1.7256,117.92,0.2346,0.902,38.53,ALIGN
31.8,1,4.5365,1.7749,87.96,4.7661,1.7251,119.27,0.2349,0.902,38.53,ALIGN
31.851,1,4.5365,1.7749,87.96,4.7664,1.7247,120.62,0.2353,0.902,38.53,ALIGN
31.9,1,4.5365,1.7749,87.96,4.7667,1.7242,121.97,0.2356,0.902,38.53,ALIGN
31.95,1,4.5365,1.7749,87.96,4.7667,1.724,122.42,0.2358,0.902,38.53,ALIGN
32.0,1,4.5311,1.7742,90.66,4.7669,1.7238,123.32,0.2411,0.8994,35.53,ALIGN
32.05,1,4.5311,1.7742,90.66,4.7672,1.7233,124.66,0.2415,0.8994,35.53,ALIGN
32.1,1,4.5311,1.7742,90.66,4.7675,1.7229,126.01,0.2419,0.8994,35.53,ALIGN
32.15,1,4.5329,1.7709,96.06,4.7679,1.7225,127.36,0.2399,0.9031,30.1,ALIGN
32.2,1,4.5329,1.7709,96.06,4.768,1.7223,127.81,0.24,0.9031,30.1,ALIGN
32.25,1,4.5329,1.7709,96.06,4.7682,1.722,128.71,0.2403,0.9031,30.1,ALIGN
32.3,1,4.5329,1.7709,96.06,4.7684,1.7218,129.6,0.2405,0.9031,30.1,ALIGN
32.35,1,4.5385,1.77,101.47,4.7689,1.7212,131.4,0.2355,0.9071,24.94,ALIGN
32.4,1,4.5385,1.77,101.47,4.769,1.7211,132.3,0.2356,0.9071,24.94,DRIVE
32.45,1,4.5385,1.77,101.47,4.7673,1.7229,133.63,0.2336,0.9071,24.94,DRIVE
32.5,1,4.5385,1.77,101.47,4.7622,1.7281,134.98,0.2276,0.9071,24.94,DRIVE
32.55,1,4.5385,1.77,101.47,4.7534,1.7366,136.41,0.2175,0.9071,24.94,DRIVE
32.6,1,4.5371,1.7718,104.17,4.7454,1.744,137.44,0.2101,0.9048,22.24,DRIVE
32.65,1,4.5371,1.7718,104.17,4.7301,1.7575,139.1,0.1935,0.9048,22.24,DRIVE
32.7,1,4.5371,1.7718,104.17,4.7107,1.7736,140.9,0.1736,0.9048,22.24,DRIVE
32.75,1,4.5397,1.7728,109.56,4.6871,1.7919,142.84,0.1486,0.9056,17.02,DRIVE
32.8,1,4.5397,1.7728,109.56,4.6691,1.805,144.2,0.1334,0.9056,17.02,DRIVE
32.85,1,4.5397,1.7728,109.56,4.6691,1.805,144.2,0.1334,0.9056,17.02,DRIVE
32.9,1,4.5397,1.7728,109.56,4.6403,1.8247,146.15,0.1133,0.9056,17.02,DRIVE
32.95,1,4.5397,1.7728,109.56,4.6105,1.8438,147.86,0.1003,0.9056,17.02,DRIVE
33.0,1,4.5397,1.7728,109.56,4.6004,1.85,148.41,0.0983,0.9056,17.02,DRIVE
33.05,1,4.5397,1.7728,109.56,4.58,1.8622,149.46,0.0981,0.9056,17.02,DRIVE
33.1,1,4.5397,1.7728,109.56,4.5696,1.8682,149.98,0.1,0.9056,17.02,DRIVE
33.15,1,4.5439,1.7762,117.73,4.5488,1.8799,151.0,0.1038,0.9053,9.2,DRIVE
33.2,1,4.5439,1.7762,117.73,4.5171,1.8967,152.52,0.1234,0.9053,9.2,DRIVE
33.25,1,4.5439,1.7762,117.73,4.4958,1.9074,153.46,0.1397,0.9053,9.2,DRIVE
33.3,1,4.5439,1.7762,117.73,4.4636,1.923,154.67,0.1673,0.9053,9.2,DRIVE
33.35,1,4.5412,1.7749,120.44,4.4309,1.9379,155.74,0.1969,0.9048,6.3,DRIVE
33.4,1,4.5412,1.7749,120.44,4.3979,1.9523,156.75,0.2281,0.9048,6.3,DRIVE
33.45,1,4.5412,1.7749,120.44,4.3647,1.9662,157.65,0.2603,0.9048,6.3,DRIVE
33.5,1,4.5395,1.7693,125.86,4.3312,1.9796,158.48,0.296,0.9083,0.58,DRIVE
33.55,1,4.5395,1.7693,125.86,4.32,1.9839,158.75,0.307,0.9083,0.58,DRIVE
33.6,1,4.5395,1.7693,125.86,4.2863,1.9967,159.53,0.3404,0.9083,0.58,DRIVE
33.65,1,4.5395,1.7693,125.86,4.2523,2.0091,160.12,0.3742,0.9083,0.58,DRIVE
33.7,1,4.5369,1.7703,128.61,4.2295,2.0172,160.44,0.3942,0.9059,-2.27,DRIVE
33.75,1,4.5369,1.7703,128.61,4.2181,2.0212,160.6,0.4057,0.9059,-2.27,DRIVE
33.8,1,4.5369,1.7703,128.61,4.1839,2.0331,161.0,0.44,0.9059,-2.27,DRIVE
33.85,1,4.5369,1.7703,128.61,4.1611,2.0409,161.21,0.4631,0.9059,-2.27,DRIVE
33.9,1,4.5435,1.7743,133.99,4.1268,2.0524,161.47,0.501,0.9067,-7.16,DRIVE
33.95,1,4.5435,1.7743,133.99,4.0924,2.0638,161.69,0.536,0.9067,-7.16,DRIVE
34.0,1,4.5435,1.7743,133.99,4.0579,2.0752,161.77,0.5712,0.9067,-7.16,DRIVE
34.05,1,4.5435,1.7743,133.99,4.0235,2.0865,161.75,0.6066,0.9067,-7.16,DRIVE
34.1,1,4.5389,1.7739,136.67,4.0005,2.0941,161.7,0.6264,0.9042,-10.09,DRIVE
34.15,1,4.5389,1.7739,136.67,4.0005,2.0941,161.7,0.6264,0.9042,-10.09,DRIVE
34.2,1,4.5389,1.7739,136.67,3.966,2.1056,161.58,0.6619,0.9042,-10.09,DRIVE
34.25,1,4.5389,1.7739,136.67,3.9431,2.1132,161.44,0.6856,0.9042,-10.09,DRIVE
34.3,1,4.5011,1.8197,143.12,3.9088,2.1249,161.16,0.6663,0.8449,-16.75,DRIVE
34.35,1,4.5011,1.8197,143.12,3.8747,2.1366,160.81,0.702,0.8449,-16.75,DRIVE
34.4,1,4.5011,1.8197,143.12,3.8424,2.1481,160.31,0.736,0.8449,-16.75,DRIVE
34.45,1,4.5011,1.8197,143.12,3.8105,2.1597,159.7,0.7698,0.8449,-16.75,DRIVE
34.5,1,4.3711,1.89,150.58,3.7788,2.1718,159.0,0.656,0.7141,-29.26,DRIVE
34.55,1,4.3711,1.89,150.58,3.7577,2.18,158.49,0.6786,0.7141,-29.26,ALIGN
34.6,1,4.3711,1.89,150.58,3.7375,2.1881,157.93,0.7003,0.7141,-29.26,ALIGN
34.65,1,4.3711,1.89,150.58,3.7375,2.1881,157.93,0.7003,0.7141,-29.26,ALIGN
34.7,1,4.3711,1.89,150.58,3.7108,2.1993,156.94,0.7292,0.7141,-29.26,ALIGN
34.75,1,4.3711,1.89,150.58,3.6888,2.209,155.84,0.7533,0.7141,-29.26,ALIGN
34.8,1,4.3711,1.89,150.58,3.6715,2.2171,154.71,0.7724,0.7141,-29.26,ALIGN
34.85,1,4.3711,1.89,150.58,3.6587,2.2233,153.57,0.7865,0.7141,-29.26,ALIGN
34.9,1,4.2207,1.9549,156.42,3.6506,2.2275,152.42,0.632,0.5881,-44.38,ALIGN
34.95,1,4.2207,1.9549,156.42,3.6469,2.2296,151.27,0.6362,0.5881,-44.38,ALIGN
35.0,1,4.2207,1.9549,156.42,3.6462,2.2299,150.5,0.6369,0.5881,-44.38,ALIGN
35.05,1,4.2207,1.9549,156.42,3.6462,2.2299,150.5,0.6369,0.5881,-44.38,ALIGN
35.1,1,4.2207,1.9549,156.42,3.6459,2.2301,149.73,0.6373,0.5881,-44.38,ALIGN
35.15,1,4.2207,1.9549,156.42,3.6453,2.2305,148.19,0.6381,0.5881,-44.38,ALIGN
35.2,1,4.2207,1.9549,156.42,3.6448,2.2308,146.99,0.6386,0.5881,-44.38,ALIGN
35.25,1,3.9145,2.0554,162.82,3.6448,2.2308,146.99,0.3218,0.4527,-83.7,ALIGN
35.3,1,3.9145,2.0554,162.82,3.6443,2.2312,145.75,0.3224,0.4527,-83.7,ALIGN
35.35,1,3.9145,2.0554,162.82,3.6439,2.2314,144.9,0.3228,0.4527,-83.7,ALIGN
35.4,1,3.9145,2.0554,162.82,3.6434,2.2318,143.6,0.3234,0.4527,-83.7,ALIGN
35.45,1,3.8377,2.0722,163.4,3.643,2.2321,142.27,0.2519,0.4575,-94.18,ALIGN
35.5,1,3.8377,2.0722,163.4,3.6428,2.2323,141.36,0.2522,0.4575,-94.18,ALIGN
35.55,1,3.8377,2.0722,163.4,3.6427,2.2324,140.91,0.2523,0.4575,-94.18,ALIGN
35.6,1,3.8377,2.0722,163.4,3.6425,2.2325,139.99,0.2526,0.4575,-94.18,ALIGN
35.65,1,3.6826,2.1142,163.7,3.6425,2.2325,139.99,0.125,0.4996,-113.14,ALIGN
35.7,1,3.6826,2.1142,163.7,3.6423,2.2327,138.6,0.1252,0.4996,-113.14,ALIGN
35.75,1,3.6826,2.1142,163.7,3.6423,2.2328,137.2,0.1252,0.4996,-113.14,ALIGN
35.8,1,3.6826,2.1142,163.7,3.6423,2.2328,136.27,0.1252,0.4996,-113.14,ALIGN
35.85,1,3.6053,2.1321,163.33,3.6423,2.2327,135.8,0.1072,0.5395,-120.34,ALIGN
35.9,1,3.6053,2.1321,163.33,3.6424,2.2326,134.39,0.1071,0.5395,-120.34,ALIGN
35.95,1,3.6053,2.1321,163.33,3.6426,2.2325,132.99,0.107,0.5395,-120.34,ALIGN
36.0,1,3.5223,2.1483,162.62,3.6426,2.2324,132.53,0.1468,0.5932,-126.26,ALIGN
36.05,1,3.5223,2.1483,162.62,3.6427,2.2324,132.06,0.1468,0.5932,-126.26,ALIGN
36.1,1,3.5223,2.1483,162.62,3.6429,2.2321,130.66,0.1468,0.5932,-126.26,ALIGN
36.15,1,3.5223,2.1483,162.62,3.6431,2.2319,129.27,0.1469,0.5932,-126.26,ALIGN
36.2,1,3.3835,2.1962,159.89,3.6434,2.2316,127.89,0.2623,0.6873,-133.65,ALIGN
36.25,1,3.3835,2.1962,159.89,3.6436,2.2312,126.51,0.2625,0.6873,-133.65,ALIGN
36.3,1,3.3835,2.1962,159.89,3.6437,2.2311,126.05,0.2626,0.6873,-133.65,ALIGN
36.35,1,3.3835,2.1962,159.89,3.6439,2.2309,125.13,0.2627,0.6873,-133.65,ALIGN
36.4,1,3.3835,2.1962,159.89,3.6441,2.2305,123.76,0.2629,0.6873,-133.65,ALIGN
36.45,1,3.3239,2.2154,157.85,3.6443,2.2302,122.84,0.3207,0.7335,-135.02,ALIGN
36.5,1,3.3239,2.2154,157.85,3.6445,2.23,121.93,0.3209,0.7335,-135.02,ALIGN
36.55,1,3.3239,2.2154,157.85,3.6446,2.2298,121.47,0.321,0.7335,-135.02,ALIGN
36.6,1,3.2961,2.2223,155.59,3.6448,2.2294,120.1,0.3488,0.7567,-134.06,ALIGN
36.65,1,3.2961,2.2223,155.59,3.6451,2.229,118.74,0.349,0.7567,-134.06,ALIGN
36.7,1,3.2961,2.2223,155.59,3.6453,2.2285,117.38,0.3493,0.7567,-134.06,ALIGN
36.75,1,3.2961,2.2223,155.59,3.6455,2.228,116.01,0.3495,0.7567,-134.06,ALIGN
36.8,1,3.2807,2.2295,151.03,3.6458,2.2276,114.65,0.3651,0.7685,-130.41,ALIGN
36.85,1,3.2807,2.2295,151.03,3.646,2.2271,113.29,0.3653,0.7685,-130.41,ALIGN
36.9,1,3.2807,2.2295,151.03,3.6462,2.2266,111.94,0.3655,0.7685,-130.41,ALIGN
36.95,1,3.2807,2.2295,151.03,3.6464,2.2261,110.58,0.3657,0.7685,-130.41,ALIGN
37.0,1,3.2755,2.233,146.1,3.6465,2.2258,109.67,0.3711,0.7721,-125.87,ALIGN
37.05,1,3.2755,2.233,146.1,3.6467,2.2253,108.31,0.3712,0.7721,-125.87,ALIGN
37.1,1,3.2755,2.233,146.1,3.6469,2.2248,106.96,0.3714,0.7721,-125.87,ALIGN
37.15,1,3.2755,2.233,146.1,3.647,2.2243,105.6,0.3716,0.7721,-125.87,ALIGN
37.2,1,3.2698,2.2328,140.68,3.6471,2.2237,104.24,0.3774,0.7775,-120.59,ALIGN
37.25,1,3.2698,2.2328,140.68,3.6471,2.2237,104.24,0.3774,0.7775,-120.59,ALIGN
37.3,1,3.2698,2.2328,140.68,3.6472,2.2236,103.79,0.3775,0.7775,-120.59,ALIGN
37.35,1,3.2698,2.2328,140.68,3.6472,2.2234,103.34,0.3775,0.7775,-120.59,ALIGN
37.4,1,3.2733,2.2299,137.92,3.6473,2.2229,101.98,0.3741,0.7753,-117.53,ALIGN
37.45,1,3.2733,2.2299,137.92,3.6475,2.2223,100.62,0.3742,0.7753,-117.53,ALIGN
37.5,1,3.2733,2.2299,137.92,3.6475,2.2218,99.27,0.3744,0.7753,-117.53,ALIGN
37.55,1,3.2733,2.2299,137.92,3.6476,2.2213,97.91,0.3744,0.7753,-117.53,ALIGN
37.6,1,3.2847,2.2349,132.37,3.6477,2.2207,96.55,0.3633,0.7629,-112.04,ALIGN
37.65,1,3.2847,2.2349,132.37,3.6478,2.2202,95.2,0.3633,0.7629,-112.04,ALIGN
37.7,1,3.2847,2.2349,132.37,3.6478,2.2197,93.84,0.3634,0.7629,-112.04,ALIGN
37.75,1,3.2847,2.2349,132.37,3.6478,2.2191,92.48,0.3635,0.7629,-112.04,ALIGN
37.8,1,3.2887,2.2304,129.62,3.6478,2.2191,92.48,0.3593,0.7607,-108.86,ALIGN
37.85,1,3.2887,2.2304,129.62,3.6478,2.2188,91.58,0.3593,0.7607,-108.86,ALIGN
37.9,1,3.2887,2.2304,129.62,3.6478,2.2182,90.22,0.3593,0.7607,-108.86,ALIGN
37.95,1,3.2887,2.2304,129.62,3.6478,2.2181,89.77,0.3593,0.7607,-108.86,ALIGN
38.0,1,3.2901,2.2345,124.16,3.6478,2.2177,88.87,0.3581,0.7579,-103.65,ALIGN
38.05,1,3.2901,2.2345,124.16,3.6478,2.2172,87.51,0.3581,0.7579,-103.65,ALIGN
38.1,1,3.2901,2.2345,124.16,3.6478,2.2166,86.15,0.3581,0.7579,-103.65,ALIGN
38.15,1,3.2901,2.2345,124.16,3.6478,2.2161,84.8,0.3581,0.7579,-103.65,ALIGN
38.2,1,3.2947,2.2384,121.46,3.6477,2.2157,83.89,0.3537,0.7522,-101.11,ALIGN
38.25,1,3.2947,2.2384,121.46,3.6477,2.2152,82.54,0.3537,0.7522,-101.11,ALIGN
38.3,1,3.2947,2.2384,121.46,3.6477,2.2152,82.54,0.3537,0.7522,-101.11,ALIGN
38.35,1,3.2947,2.2384,121.46,3.6476,2.2147,81.18,0.3537,0.7522,-101.11,ALIGN
38.4,1,3.2999,2.2378,116.04,3.6475,2.2141,79.82,0.3484,0.7475,-95.51,ALIGN
38.45,1,3.2999,2.2378,116.04,3.6474,2.2138,78.92,0.3483,0.7475,-95.51,ALIGN
38.5,1,3.2999,2.2378,116.04,3.6473,2.2133,77.56,0.3483,0.7475,-95.51,ALIGN
38.55,1,3.3005,2.2387,113.35,3.6472,2.2127,76.21,0.3477,0.7467,-92.87,ALIGN
38.6,1,3.3005,2.2387,113.35,3.6471,2.2124,75.3,0.3476,0.7467,-92.87,ALIGN
38.65,1,3.3005,2.2387,113.35,3.647,2.2119,73.95,0.3475,0.7467,-92.87,ALIGN
38.7,1,3.3005,2.2387,113.35,3.6469,2.2115,73.04,0.3474,0.7467,-92.87,ALIGN
38.75,1,3.303,2.2379,107.93,3.6467,2.211,71.69,0.3448,0.7446,-87.33,ALIGN
38.8,1,3.303,2.2379,107.93,3.6467,2.211,71.69,0.3448,0.7446,-87.33,ALIGN
38.85,1,3.303,2.2379,107.93,3.6465,2.2105,70.33,0.3446,0.7446,-87.33,ALIGN
38.9,1,3.303,2.2379,107.93,3.6464,2.21,68.97,0.3445,0.7446,-87.33,ALIGN
38.95,1,3.303,2.2379,107.93,3.6462,2.2095,67.62,0.3443,0.7446,-87.33,ALIGN
39.0,1,3.3018,2.2373,102.55,3.6459,2.209,66.26,0.3454,0.746,-81.93,ALIGN
39.05,1,3.3018,2.2373,102.55,3.6457,2.2085,64.9,0.3452,0.746,-81.93,ALIGN
39.1,1,3.3018,2.2373,102.55,3.6456,2.2082,64.0,0.345,0.746,-81.93,ALIGN
39.15,1,3.299,2.2372,99.84,3.6453,2.2077,62.64,0.3476,0.7486,-79.29,ALIGN
39.2,1,3.299,2.2372,99.84,3.6451,2.2072,61.29,0.3474,0.7486,-79.29,ALIGN
39.25,1,3.299,2.2372,99.84,3.6448,2.2068,59.93,0.3471,0.7486,-79.29,ALIGN
39.301,1,3.299,2.2372,99.84,3.6446,2.2064,59.03,0.347,0.7486,-79.29,ALIGN
39.35,1,3.2921,2.2343,94.44,3.6444,2.2061,58.12,0.3535,0.7561,-73.87,ALIGN
39.4,1,3.2921,2.2343,94.44,3.6443,2.206,57.67,0.3534,0.7561,-73.87,ALIGN
39.45,1,3.2921,2.2343,94.44,3.6441,2.2055,56.31,0.3532,0.7561,-73.87,ALIGN
39.5,1,3.2921,2.2343,94.44,3.6438,2.2051,54.96,0.3529,0.7561,-73.87,ALIGN
39.55,1,3.2921,2.2343,94.44,3.6435,2.2048,54.05,0.3527,0.7561,-73.87,ALIGN
39.6,1,3.2974,2.2358,88.98,3.6433,2.2045,53.15,0.3474,0.7507,-68.37,ALIGN
39.65,1,3.2974,2.2358,88.98,3.6432,2.2044,52.7,0.3473,0.7507,-68.37,ALIGN
39.701,1,3.2974,2.2358,88.98,3.6429,2.2039,51.34,0.347,0.7507,-68.37,ALIGN
39.75,1,3.2957,2.2293,86.3,3.6425,2.2035,49.98,0.3478,0.7545,-65.27,ALIGN
39.8,1,3.2957,2.2293,86.3,3.6422,2.2031,48.63,0.3475,0.7545,-65.27,ALIGN
39.85,1,3.2957,2.2293,86.3,3.6418,2.2027,47.27,0.3472,0.7545,-65.27,ALIGN
39.9,1,3.2957,2.2293,86.3,3.6415,2.2023,45.91,0.3468,0.7545,-65.27,ALIGN
39.95,1,3.2995,2.2203,80.9,3.6412,2.202,45.01,0.3422,0.7542,-59.13,ALIGN
40.0,1,3.2995,2.2203,80.9,3.6408,2.2017,43.65,0.3418,0.7542,-59.13,ALIGN
40.05,1,3.2995,2.2203,80.9,3.6404,2.2013,42.3,0.3414,0.7542,-59.13,ALIGN
40.1,1,3.2995,2.2203,80.9,3.64,2.2009,40.94,0.3411,0.7542,-59.13,ALIGN
40.15,1,3.2995,2.2203,80.9,3.6398,2.2007,40.04,0.3408,0.7542,-59.13,ALIGN
40.2,1,3.3002,2.2235,78.2,3.6393,2.2004,38.68,0.3399,0.7524,-56.64,ALIGN
40.25,1,3.3002,2.2235,78.2,3.6389,2.2,37.33,0.3395,0.7524,-56.64,ALIGN
40.3,1,3.3002,2.2235,78.2,3.6385,2.1997,35.97,0.3391,0.7524,-56.64,ALIGN
40.35,1,3.3044,2.2112,72.8,3.6382,2.1995,35.07,0.334,0.7532,-50.25,ALIGN
40.4,1,3.3044,2.2112,72.8,3.6378,2.1992,33.71,0.3336,0.7532,-50.25,ALIGN
40.45,1,3.3044,2.2112,72.8,3.6373,2.1989,32.35,0.3331,0.7532,-50.25,ALIGN
40.5,1,3.3044,2.2112,72.8,3.6368,2.1986,31.0,0.3327,0.7532,-50.25,ALIGN
40.55,1,3.3072,2.2074,67.41,3.6365,2.1984,30.09,0.3294,0.752,-44.51,ALIGN
40.6,1,3.3072,2.2074,67.41,3.6361,2.1982,28.74,0.329,0.752,-44.51,ALIGN
40.65,1,3.3072,2.2074,67.41,3.6356,2.1979,27.38,0.3285,0.752,-44.51,ALIGN
40.7,1,3.3072,2.2074,67.41,3.6353,2.1978,26.47,0.3282,0.752,-44.51,ALIGN
40.75,1,3.3064,2.2024,62.01,3.6348,2.1975,25.12,0.3284,0.7547,-38.78,ALIGN
40.8,1,3.3064,2.2024,62.01,3.6343,2.1973,23.76,0.3279,0.7547,-38.78,ALIGN
40.85,1,3.3064,2.2024,62.01,3.634,2.1971,22.86,0.3276,0.7547,-38.78,ALIGN
40.9,1,3.3064,2.2024,62.01,3.6335,2.1969,21.5,0.3271,0.7547,-38.78,ALIGN
40.95,1,3.3064,2.2024,62.01,3.633,2.1968,20.14,0.3266,0.7547,-38.78,ALIGN
41.0,1,3.3064,2.2024,62.01,3.6325,2.1966,18.79,0.3261,0.7547,-38.78,ALIGN
41.05,1,3.3064,2.2024,62.01,3.6321,2.1965,17.88,0.3257,0.7547,-38.78,ALIGN
41.1,1,3.3064,2.2024,62.01,3.6316,2.1963,16.53,0.3252,0.7547,-38.78,ALIGN
41.15,1,3.3123,2.1988,53.92,3.6311,2.1962,15.17,0.3188,0.7508,-30.27,ALIGN
41.2,1,3.3123,2.1988,53.92,3.6307,2.1961,14.27,0.3184,0.7508,-30.27,ALIGN
41.25,1,3.3123,2.1988,53.92,3.6302,2.1959,12.91,0.3179,0.7508,-30.27,ALIGN
41.3,1,3.3123,2.1988,53.92,3.6297,2.1958,11.55,0.3174,0.7508,-30.27,ALIGN
41.35,1,3.3104,2.1964,48.49,3.6294,2.1957,10.65,0.3189,0.7534,-24.73,ALIGN
41.4,1,3.3104,2.1964,48.49,3.6294,2.1957,10.65,0.3189,0.7534,-24.73,DRIVE
41.45,1,3.3104,2.1964,48.49,3.629,2.1957,9.29,0.3186,0.7534,-24.73,DRIVE
41.5,1,3.3104,2.1964,48.49,3.629,2.1957,9.29,0.3186,0.7534,-24.73,DRIVE
41.55,1,3.3208,2.2003,43.06,3.6302,2.1959,8.4,0.3093,0.7423,-19.25,DRIVE
41.6,1,3.3208,2.2003,43.06,3.6356,2.1966,7.08,0.3148,0.7423,-19.25,DRIVE
41.65,1,3.3208,2.2003,43.06,3.6461,2.1977,5.8,0.3252,0.7423,-19.25,DRIVE
41.7,1,3.3208,2.2003,43.06,3.6616,2.1991,4.48,0.3407,0.7423,-19.25,DRIVE
41.75,1,3.3201,2.1964,40.34,3.682,2.2003,3.04,0.362,0.7446,-16.28,DRIVE
41.8,1,3.3201,2.1964,40.34,3.7073,2.2012,1.47,0.3873,0.7446,-16.28,DRIVE
41.85,1,3.3201,2.1964,40.34,3.7357,2.2014,-0.11,0.4157,0.7446,-16.28,DRIVE
41.9,1,3.3201,2.1964,40.34,3.7649,2.2008,-1.59,0.4449,0.7446,-16.28,DRIVE
41.95,1,3.3212,2.1954,34.91,3.7942,2.1995,-3.04,0.4731,0.7441,-10.74,DRIVE
42.0,1,3.3212,2.1954,34.91,3.8138,2.1982,-4.0,0.4927,0.7441,-10.74,DRIVE
42.05,1,3.3212,2.1954,34.91,3.8236,2.1975,-4.47,0.5024,0.7441,-10.74,DRIVE
42.1,1,3.3212,2.1954,34.91,3.8431,2.1957,-5.36,0.5219,0.7441,-10.74,DRIVE
42.15,1,3.3212,2.1954,34.91,3.8723,2.1925,-6.57,0.5511,0.7441,-10.74,DRIVE
42.2,1,3.3212,2.1954,34.91,3.9015,2.1888,-7.69,0.5804,0.7441,-10.74,DRIVE
42.25,1,3.3212,2.1954,34.91,3.9307,2.1844,-8.79,0.6097,0.7441,-10.74,DRIVE
42.3,1,3.3212,2.1954,34.91,3.9599,2.1795,-9.89,0.6389,0.7441,-10.74,DRIVE
42.35,1,3.3212,2.1954,34.91,3.9889,2.1741,-10.98,0.6681,0.7441,-10.74,DRIVE
42.4,1,3.3212,2.1954,34.91,4.0178,2.1681,-12.06,0.6972,0.7441,-10.74,DRIVE
42.45,1,3.3212,2.1954,34.91,4.0371,2.1638,-12.78,0.7166,0.7441,-10.74,DRIVE
42.5,1,3.3212,2.1954,34.91,4.0658,2.1569,-13.84,0.7457,0.7441,-10.74,DRIVE
42.55,1,3.3212,2.1954,34.91,4.0945,2.1495,-14.89,0.7747,0.7441,-10.74,DRIVE
42.6,1,3.3212,2.1954,34.91,4.123,2.1415,-15.93,0.8036,0.7441,-10.74,DRIVE
42.65,1,3.3212,2.1954,34.91,4.1419,2.1359,-16.62,0.8229,0.7441,-10.74,DRIVE
42.7,1,3.3489,2.191,15.96,4.1702,2.1271,-17.64,0.8237,0.7207,9.44,DRIVE
42.75,1,3.3489,2.191,15.96,4.1702,2.1271,-17.64,0.8237,0.7207,9.44,DRIVE
42.8,1,3.3489,2.191,15.96,4.1889,2.1209,-18.32,0.8429,0.7207,9.44,DRIVE
42.85,1,3.3489,2.191,15.96,4.2163,2.1115,-19.26,0.871,0.7207,9.44,DRIVE
42.9,1,3.3451,2.1881,13.27,4.2432,2.1018,-19.96,0.9023,0.7254,12.2,DRIVE
42.95,1,3.3451,2.1881,13.27,4.2432,2.1018,-19.96,0.9023,0.7254,12.2,DRIVE
43.0,1,3.3451,2.1881,13.27,4.2702,2.0919,-20.29,0.9301,0.7254,12.2,DRIVE
43.05,1,3.3451,2.1881,13.27,4.2883,2.0852,-20.28,0.9487,0.7254,12.2,DRIVE
43.1,1,3.3622,2.1948,7.98,4.2883,2.0852,-20.28,0.9325,0.7071,17.59,DRIVE
43.15,1,3.3622,2.1948,7.98,4.3245,2.072,-19.94,0.9701,0.7071,17.59,DRIVE
43.2,1,3.3622,2.1948,7.98,4.3423,2.0656,-19.64,0.9886,0.7071,17.59,DRIVE
43.25,1,3.3622,2.1948,7.98,4.3691,2.0562,-19.05,1.0164,0.7071,17.59,DRIVE
43.3,1,3.4209,2.2049,5.08,4.405,2.0442,-18.18,0.9971,0.65,21.92,DRIVE
43.35,1,3.4209,2.2049,5.08,4.423,2.0384,-17.71,1.0158,0.65,21.92,DRIVE
43.4,1,3.4209,2.2049,5.08,4.4488,2.0304,-16.9,1.0426,0.65,21.92,DRIVE
43.45,1,3.4209,2.2049,5.08,4.4739,2.0231,-15.98,1.0686,0.65,21.92,DRIVE
43.5,1,3.5165,2.2057,-0.84,4.4739,2.0231,-15.98,0.9747,0.5661,32.17,DRIVE
43.55,1,3.5165,2.2057,-0.84,4.4907,2.0184,-15.33,0.9921,0.5661,32.17,ALIGN
43.6,1,3.5165,2.2057,-0.84,4.5152,2.012,-14.27,1.0174,0.5661,32.17,ALIGN
43.65,1,3.5165,2.2057,-0.84,4.5358,2.0071,-13.16,1.0385,0.5661,32.17,ALIGN
43.7,1,3.5601,2.2048,-3.48,4.5358,2.0071,-13.16,0.9956,0.5298,37.34,ALIGN
43.75,1,3.5601,2.2048,-3.48,4.5518,2.0036,-12.04,1.0119,0.5298,37.34,ALIGN
43.8,1,3.5601,2.2048,-3.48,4.5629,2.0014,-10.91,1.0233,0.5298,37.34,ALIGN
43.85,1,3.5601,2.2048,-3.48,4.5692,2.0002,-9.77,1.0297,0.5298,37.34,ALIGN
43.9,1,3.6676,2.192,-7.82,4.5711,2.0,-8.62,0.9237,0.4532,50.64,ALIGN
43.95,1,3.6676,2.192,-7.82,4.5717,1.9999,-7.49,0.9243,0.4532,50.64,ALIGN
44.0,1,3.6676,2.192,-7.82,4.572,1.9998,-6.72,0.9246,0.4532,50.64,ALIGN
44.05,1,3.6676,2.192,-7.82,4.5726,1.9998,-5.55,0.9252,0.4532,50.64,ALIGN
44.1,1,3.727,2.1816,-10.02,4.5732,1.9997,-4.34,0.8655,0.4194,59.41,ALIGN
44.15,1,3.727,2.1816,-10.02,4.5736,1.9997,-3.51,0.866,0.4194,59.41,ALIGN
44.2,1,3.727,2.1816,-10.02,4.5736,1.9997,-3.51,0.866,0.4194,59.41,ALIGN
44.25,1,3.727,2.1816,-10.02,4.5739,1.9997,-3.08,0.8662,0.4194,59.41,ALIGN
44.3,1,3.8379,2.158,-14.19,4.5743,1.9997,-2.23,0.7532,0.3784,78.82,ALIGN
44.35,1,3.8379,2.158,-14.19,4.5743,1.9997,-2.23,0.7532,0.3784,78.82,ALIGN
44.4,1,3.8379,2.158,-14.19,4.5748,1.9997,-0.92,0.7537,0.3784,78.82,ALIGN
44.45,1,3.8379,2.158,-14.19,4.5753,1.9997,0.42,0.7542,0.3784,78.82,ALIGN
44.5,1,3.8379,2.158,-14.19,4.5757,1.9997,1.78,0.7546,0.3784,78.82,ALIGN
44.55,1,3.8379,2.158,-14.19,4.5759,1.9997,3.16,0.7548,0.3784,78.82,ALIGN
44.6,1,3.8379,2.158,-14.19,4.576,1.9997,4.55,0.7549,0.3784,78.82,ALIGN
44.65,1,3.8379,2.158,-14.19,4.576,1.9997,5.94,0.7549,0.3784,78.82,ALIGN
44.7,1,3.9592,2.121,-17.86,4.576,1.9997,5.94,0.6286,0.3812,101.72,ALIGN
44.75,1,3.9592,2.121,-17.86,4.576,1.9997,6.4,0.6286,0.3812,101.72,ALIGN
44.8,1,3.9592,2.121,-17.86,4.576,1.9997,6.4,0.6286,0.3812,101.72,ALIGN
44.85,1,3.9592,2.121,-17.86,4.5758,1.9997,7.8,0.6285,0.3812,101.72,ALIGN
44.9,1,4.0479,2.0755,-16.94,4.5757,1.9997,8.73,0.5332,0.4272,113.38,ALIGN
44.95,1,4.0479,2.0755,-16.94,4.5757,1.9997,8.73,0.5332,0.4272,113.38,ALIGN
45.0,1,4.0479,2.0755,-16.94,4.5754,1.9997,10.11,0.5329,0.4272,113.38,ALIGN
45.05,1,4.0479,2.0755,-16.94,4.575,1.9996,11.5,0.5326,0.4272,113.38,ALIGN
45.1,1,4.0479,2.0755,-16.94,4.5747,1.9995,12.88,0.5322,0.4272,113.38,ALIGN
45.15,1,4.0479,2.0755,-16.94,4.5743,1.9994,14.25,0.5319,0.4272,113.38,ALIGN
45.2,1,4.0479,2.0755,-16.94,4.5739,1.9993,15.62,0.5315,0.4272,113.38,ALIGN
45.25,1,4.1371,2.046,-13.86,4.5737,1.9993,16.08,0.4391,0.4742,120.67,ALIGN
45.3,1,4.1371,2.046,-13.86,4.5736,1.9992,16.53,0.439,0.4742,120.67,ALIGN
45.35,1,4.1371,2.046,-13.86,4.5732,1.9991,17.9,0.4386,0.4742,120.67,ALIGN
45.4,1,4.1371,2.046,-13.86,4.5727,1.999,19.26,0.4381,0.4742,120.67,ALIGN
45.45,1,4.1986,2.0345,-9.47,4.5727,1.999,19.26,0.3758,0.5061,122.58,ALIGN
45.5,1,4.1986,2.0345,-9.47,4.5724,1.9989,20.16,0.3755,0.5061,122.58,ALIGN
45.55,1,4.1986,2.0345,-9.47,4.5718,1.9986,21.97,0.3749,0.5061,122.58,ALIGN
45.6,1,4.1986,2.0345,-9.47,4.5713,1.9984,23.33,0.3744,0.5061,122.58,ALIGN
45.65,1,4.2068,2.0382,-7.15,4.5708,1.9982,24.68,0.3662,0.506,121.27,ALIGN
45.7,1,4.2068,2.0382,-7.15,4.5705,1.9981,25.58,0.3659,0.506,121.27,ALIGN
45.75,1,4.2068,2.0382,-7.15,4.5702,1.9979,26.48,0.3656,0.506,121.27,ALIGN
45.8,1,4.2068,2.0382,-7.15,4.5701,1.9978,26.93,0.3655,0.506,121.27,ALIGN
45.85,1,4.2123,2.0328,-2.4,4.5696,1.9976,28.29,0.3591,0.5132,116.83,ALIGN
45.9,1,4.2123,2.0328,-2.4,4.5691,1.9974,29.64,0.3586,0.5132,116.83,ALIGN
45.95,1,4.2123,2.0328,-2.4,4.5687,1.9971,30.99,0.3582,0.5132,116.83,ALIGN
46.0,1,4.2123,2.0328,-2.4,4.5684,1.9969,31.89,0.3579,0.5132,116.83,ALIGN
46.05,1,4.2058,2.0377,0.15,4.5684,1.9969,31.89,0.3649,0.506,113.85,ALIGN
46.1,1,4.2058,2.0377,0.15,4.568,1.9966,33.24,0.3645,0.506,113.85,ALIGN
46.15,1,4.2058,2.0377,0.15,4.5675,1.9963,34.58,0.3641,0.506,113.85,ALIGN
46.2,1,4.2058,2.0377,0.15,4.5675,1.9963,34.58,0.3641,0.506,113.85,ALIGN
46.25,1,4.2025,2.0387,5.65,4.5671,1.996,35.93,0.3671,0.5038,108.05,ALIGN
46.3,1,4.2025,2.0387,5.65,4.5668,1.9958,36.83,0.3668,0.5038,108.05,ALIGN
46.35,1,4.2025,2.0387,5.65,4.5668,1.9958,36.83,0.3668,0.5038,108.05,ALIGN
46.4,1,4.2025,2.0387,5.65,4.5664,1.9955,38.18,0.3664,0.5038,108.05,ALIGN
46.45,1,4.2029,2.0423,8.46,4.566,1.9952,39.53,0.3661,0.5007,105.44,ALIGN
46.5,1,4.2029,2.0423,8.46,4.5656,1.9948,40.88,0.3658,0.5007,105.44,ALIGN
46.55,1,4.2029,2.0423,8.46,4.5652,1.9945,42.23,0.3654,0.5007,105.44,ALIGN
46.6,1,4.2029,2.0423,8.46,4.565,1.9944,42.68,0.3653,0.5007,105.44,ALIGN
46.65,1,4.2038,2.0401,11.27,4.5648,1.9941,43.57,0.3639,0.503,102.63,ALIGN
46.7,1,4.2038,2.0401,11.27,4.5644,1.9938,44.92,0.3636,0.503,102.63,ALIGN
46.75,1,4.2038,2.0401,11.27,4.564,1.9934,46.27,0.3633,0.503,102.63,ALIGN
46.8,1,4.2038,2.0401,11.27,4.5638,1.9931,47.17,0.363,0.503,102.63,ALIGN
46.853,1,4.2038,2.0401,11.27,4.5634,1.9928,48.52,0.3627,0.503,102.63,ALIGN
46.9,1,4.2038,2.0401,11.27,4.5631,1.9924,49.86,0.3625,0.503,102.63,ALIGN
46.95,1,4.2038,2.0401,11.27,4.5628,1.9919,51.21,0.3622,0.503,102.63,ALIGN
47.0,1,4.2038,2.0401,11.27,4.5625,1.9917,52.11,0.362,0.503,102.63,ALIGN
47.05,1,4.2126,2.0433,22.2,4.5625,1.9917,52.11,0.3537,0.5038,92.76,ALIGN
47.1,1,4.2126,2.0433,22.2,4.5622,1.9913,53.46,0.3535,0.5038,92.76,ALIGN
47.15,1,4.2126,2.0433,22.2,4.5619,1.9908,54.81,0.3532,0.5038,92.76,ALIGN
47.2,1,4.2107,2.0411,24.97,4.5618,1.9907,55.26,0.3547,0.505,89.69,ALIGN
47.25,1,4.2107,2.0411,24.97,4.5616,1.9904,56.15,0.3545,0.505,89.69,ALIGN
47.3,1,4.2107,2.0411,24.97,4.5613,1.9899,57.5,0.3543,0.505,89.69,ALIGN
47.35,1,4.2107,2.0411,24.97,4.561,1.9895,58.85,0.3541,0.505,89.69,ALIGN
47.4,1,4.2107,2.0411,24.97,4.5608,1.989,60.2,0.3539,0.505,89.69,ALIGN
47.45,1,4.2107,2.0411,24.97,4.5606,1.9887,61.09,0.3538,0.505,89.69,ALIGN
47.5,1,4.2107,2.0411,24.97,4.5603,1.9883,62.44,0.3536,0.505,89.69,ALIGN
47.55,1,4.2107,2.0411,24.97,4.5602,1.988,63.34,0.3535,0.505,89.69,ALIGN
47.6,1,4.2318,2.0403,32.9,4.5602,1.988,63.34,0.3325,0.5149,83.85,ALIGN
47.65,1,4.2318,2.0403,32.9,4.5599,1.9875,64.69,0.3324,0.5149,83.85,ALIGN
47.7,1,4.2318,2.0403,32.9,4.5597,1.987,66.04,0.3322,0.5149,83.85,ALIGN
47.75,1,4.2318,2.0403,32.9,4.5595,1.9865,67.38,0.3321,0.5149,83.85,ALIGN
47.8,1,4.2571,2.0294,38.08,4.5593,1.986,68.73,0.3053,0.5362,80.57,ALIGN
47.85,1,4.2571,2.0294,38.08,4.5591,1.9855,70.08,0.3052,0.5362,80.57,ALIGN
47.9,1,4.2571,2.0294,38.08,4.559,1.9852,70.98,0.3051,0.5362,80.57,ALIGN
47.95,1,4.2571,2.0294,38.08,4.559,1.9852,70.98,0.3051,0.5362,80.57,ALIGN
48.0,1,4.2513,2.0328,40.86,4.5589,1.985,71.43,0.3113,0.5305,77.42,ALIGN
48.05,1,4.2513,2.0328,40.86,4.5589,1.9849,71.87,0.3113,0.5305,77.42,ALIGN
48.1,1,4.2513,2.0328,40.86,4.5587,1.9843,73.22,0.3112,0.5305,77.42,ALIGN
48.15,1,4.2513,2.0328,40.86,4.5586,1.9838,74.57,0.3111,0.5305,77.42,ALIGN
48.2,1,4.2576,2.0353,43.56,4.5585,1.9837,75.02,0.3053,0.5313,75.44,ALIGN
48.25,1,4.2576,2.0353,43.56,4.5584,1.9833,75.92,0.3053,0.5313,75.44,ALIGN
48.3,1,4.2576,2.0353,43.56,4.5584,1.983,76.81,0.3053,0.5313,75.44,ALIGN
48.351,1,4.2576,2.0353,43.56,4.5584,1.983,76.81,0.3053,0.5313,75.44,ALIGN
48.4,1,4.2918,2.0331,48.73,4.5582,1.9823,78.61,0.2712,0.5506,73.28,ALIGN
48.45,1,4.2918,2.0331,48.73,4.5581,1.9818,79.96,0.2712,0.5506,73.28,ALIGN
48.5,1,4.2918,2.0331,48.73,4.558,1.9814,80.86,0.2712,0.5506,73.28,ALIGN
48.55,1,4.3001,2.0301,51.41,4.558,1.9809,82.2,0.2626,0.5575,71.15,ALIGN
48.6,1,4.3001,2.0301,51.41,4.558,1.9809,82.2,0.2626,0.5575,71.15,ALIGN
48.65,1,4.3001,2.0301,51.41,4.5579,1.9804,83.55,0.2626,0.5575,71.15,ALIGN
48.7,1,4.3001,2.0301,51.41,4.5578,1.9798,84.9,0.2626,0.5575,71.15,ALIGN
48.75,1,4.3001,2.0301,51.41,4.5578,1.9793,86.25,0.2627,0.5575,71.15,ALIGN
48.8,1,4.3053,2.0324,54.12,4.5578,1.979,87.15,0.2581,0.5584,69.02,ALIGN
48.85,1,4.3053,2.0324,54.12,4.5577,1.9784,88.49,0.2582,0.5584,69.02,ALIGN
48.9,1,4.3053,2.0324,54.12,4.5577,1.9779,89.84,0.2583,0.5584,69.02,ALIGN
48.95,1,4.3053,2.0324,54.12,4.5577,1.9774,91.19,0.2584,0.5584,69.02,ALIGN
49.0,1,4.3053,2.0324,54.12,4.5578,1.977,92.09,0.2585,0.5584,69.02,ALIGN
49.05,1,4.3053,2.0324,54.12,4.5578,1.9765,93.43,0.2586,0.5584,69.02,ALIGN
49.1,1,4.3053,2.0324,54.12,4.5578,1.9758,95.23,0.2588,0.5584,69.02,ALIGN
49.15,1,4.3175,2.0295,62.13,4.5579,1.9754,96.13,0.2463,0.5676,61.89,ALIGN
49.2,1,4.3175,2.0295,62.13,4.5579,1.9753,96.58,0.2464,0.5676,61.89,ALIGN
49.25,1,4.3175,2.0295,62.13,4.5579,1.9751,97.03,0.2465,0.5676,61.89,ALIGN
49.3,1,4.3175,2.0295,62.13,4.558,1.9746,98.38,0.2466,0.5676,61.89,ALIGN
49.35,1,4.3124,2.0289,67.59,4.558,1.974,99.72,0.2517,0.5653,55.96,ALIGN
49.4,1,4.3124,2.0289,67.59,4.5581,1.9735,101.07,0.2519,0.5653,55.96,ALIGN
49.45,1,4.3124,2.0289,67.59,4.5581,1.9735,101.07,0.2519,0.5653,55.96,ALIGN
49.5,1,4.3124,2.0289,67.59,4.5582,1.973,102.42,0.2521,0.5653,55.96,ALIGN
49.55,1,4.311,2.0246,72.95,4.5584,1.9725,103.77,0.2528,0.5681,50.24,ALIGN
49.6,1,4.311,2.0246,72.95,4.5585,1.972,105.11,0.253,0.5681,50.24,ALIGN
49.65,1,4.311,2.0246,72.95,4.5586,1.9715,106.46,0.2533,0.5681,50.24,ALIGN
49.7,1,4.311,2.0246,72.95,4.5587,1.9711,107.36,0.2534,0.5681,50.24,ALIGN
49.75,1,4.311,2.0246,72.95,4.5589,1.9706,108.71,0.2537,0.5681,50.24,ALIGN
49.8,1,4.311,2.0246,72.95,4.5591,1.9701,110.06,0.254,0.5681,50.24,ALIGN
49.85,1,4.311,2.0246,72.95,4.5593,1.9696,111.4,0.2543,0.5681,50.24,ALIGN
49.9,1,4.311,2.0246,72.95,4.5593,1.9695,111.85,0.2544,0.5681,50.24,ALIGN
49.95,1,4.3098,2.0161,81.07,4.5594,1.9693,112.3,0.254,0.5746,41.56,ALIGN
50.0,1,4.3098,2.0161,81.07,4.5596,1.9688,113.65,0.2543,0.5746,41.56,ALIGN
50.05,1,4.3098,2.0161,81.07,4.5598,1.9683,115.0,0.2546,0.5746,41.56,ALIGN
50.1,1,4.3098,2.0161,81.07,4.56,1.9679,116.35,0.2549,0.5746,41.56,ALIGN
50.15,1,4.3135,2.0039,86.44,4.5603,1.9674,117.69,0.2495,0.5868,35.85,ALIGN
50.2,1,4.3135,2.0039,86.44,4.5605,1.9669,119.04,0.2498,0.5868,35.85,ALIGN
50.25,1,4.3135,2.0039,86.44,4.5608,1.9665,120.39,0.2501,0.5868,35.85,ALIGN
50.3,1,4.3135,2.0039,86.44,4.5611,1.966,121.74,0.2505,0.5868,35.85,ALIGN
50.35,1,4.3124,2.0067,89.13,4.5613,1.9655,123.08,0.2523,0.5839,33.22,ALIGN
50.4,1,4.3124,2.0067,89.13,4.5616,1.9651,124.43,0.2527,0.5839,33.22,ALIGN
50.45,1,4.3124,2.0067,89.13,4.5618,1.9648,125.33,0.2529,0.5839,33.22,ALIGN
50.5,1,4.3124,2.0067,89.13,4.5621,1.9644,126.68,0.2533,0.5839,33.22,ALIGN
50.55,1,4.311,2.0062,94.55,4.5625,1.964,128.03,0.255,0.5836,27.65,ALIGN
50.6,1,4.311,2.0062,94.55,4.5628,1.9636,129.37,0.2554,0.5836,27.65,ALIGN
50.65,1,4.311,2.0062,94.55,4.5631,1.9631,130.72,0.2558,0.5836,27.65,ALIGN
50.7,1,4.311,2.0062,94.55,4.5635,1.9627,132.07,0.2562,0.5836,27.65,ALIGN
50.75,1,4.3117,2.0031,99.92,4.5637,1.9625,132.97,0.2553,0.5866,22.18,ALIGN
50.8,1,4.3117,2.0031,99.92,4.564,1.9622,134.31,0.2555,0.5866,22.18,DRIVE
50.85,1,4.3117,2.0031,99.92,4.5622,1.964,135.59,0.2535,0.5866,22.18,DRIVE
50.9,1,4.3117,2.0031,99.92,4.5569,1.969,136.85,0.2476,0.5866,22.18,DRIVE
50.95,1,4.314,2.0037,105.32,4.5478,1.9773,138.2,0.2353,0.5873,17.0,DRIVE
51.0,1,4.314,2.0037,105.32,4.5439,1.9807,138.67,0.2311,0.5873,17.0,DRIVE
51.05,1,4.314,2.0037,105.32,4.5439,1.9807,138.67,0.2311,0.5873,17.0,DRIVE
51.1,1,4.314,2.0037,105.32,4.5296,1.9929,140.15,0.2159,0.5873,17.0,DRIVE
51.15,1,4.3071,2.0042,110.74,4.5124,2.0068,141.6,0.2053,0.5832,11.03,DRIVE
51.2,1,4.3071,2.0042,110.74,4.5124,2.0068,141.6,0.2053,0.5832,11.03,DRIVE
51.25,1,4.3071,2.0042,110.74,4.5003,2.0161,142.53,0.1936,0.5832,11.03,DRIVE
51.3,1,4.3071,2.0042,110.74,4.482,2.0297,143.83,0.1767,0.5832,11.03,DRIVE
51.35,1,4.3124,2.0056,113.45,4.482,2.0297,143.83,0.1713,0.5848,8.84,DRIVE
51.4,1,4.3124,2.0056,113.45,4.4633,2.0429,144.97,0.1555,0.5848,8.84,DRIVE
51.45,1,4.3124,2.0056,113.45,4.4444,2.0559,145.99,0.1412,0.5848,8.84,DRIVE
51.5,1,4.3124,2.0056,113.45,4.4251,2.0686,146.94,0.1291,0.5848,8.84,DRIVE
51.55,1,4.3133,2.003,118.88,4.4056,2.081,147.88,0.1208,0.5875,3.35,DRIVE
51.6,1,4.3133,2.003,118.88,4.3859,2.0931,148.79,0.1156,0.5875,3.35,DRIVE
51.65,1,4.3133,2.003,118.88,4.3659,2.1049,149.57,0.1146,0.5875,3.35,DRIVE
51.7,1,4.3133,2.003,118.88,4.3457,2.1166,150.22,0.118,0.5875,3.35,DRIVE
51.75,1,4.3122,1.9982,121.6,4.3254,2.128,150.82,0.1305,0.591,0.3,DRIVE
51.8,1,4.3122,1.9982,121.6,4.3118,2.1355,151.22,0.1373,0.591,0.3,DRIVE
51.85,1,4.3122,1.9982,121.6,4.2912,2.1466,151.74,0.1499,0.591,0.3,DRIVE
51.9,1,4.3122,1.9982,121.6,4.2774,2.154,152.04,0.1596,0.591,0.3,DRIVE
51.95,1,4.3129,2.0017,127.02,4.2565,2.1649,152.46,0.1727,0.5884,-4.89,DRIVE
52.0,1,4.3129,2.0017,127.02,4.2356,2.1757,152.85,0.1904,0.5884,-4.89,DRIVE
52.05,1,4.3129,2.0017,127.02,4.2147,2.1863,153.11,0.2092,0.5884,-4.89,DRIVE
52.1,1,4.3129,2.0017,127.02,4.1937,2.1969,153.24,0.2288,0.5884,-4.89,DRIVE
52.15,1,4.309,2.0019,129.73,4.1727,2.2075,153.34,0.2466,0.5861,-7.91,DRIVE
52.2,1,4.309,2.0019,129.73,4.1587,2.2145,153.39,0.2604,0.5861,-7.91,DRIVE
52.25,1,4.309,2.0019,129.73,4.1377,2.225,153.4,0.2813,0.5861,-7.91,DRIVE
52.3,1,4.309,2.0019,129.73,4.1167,2.2355,153.34,0.3026,0.5861,-7.91,DRIVE
52.35,1,4.3129,1.9993,135.17,4.0957,2.2461,153.24,0.3287,0.5904,-13.17,DRIVE
52.4,1,4.3129,1.9993,135.17,4.0747,2.2567,153.08,0.3507,0.5904,-13.17,DRIVE
52.45,1,4.3129,1.9993,135.17,4.0537,2.2675,152.81,0.373,0.5904,-13.17,DRIVE
52.5,1,4.3129,1.9993,135.17,4.0396,2.2748,152.56,0.388,0.5904,-13.17,DRIVE
52.55,1,4.2984,2.0151,140.44,4.0186,2.2858,152.16,0.3893,0.5694,-18.83,DRIVE
52.6,1,4.2984,2.0151,140.44,3.9978,2.2969,151.7,0.4121,0.5694,-18.83,DRIVE
52.65,1,4.2984,2.0151,140.44,3.9776,2.308,151.09,0.4344,0.5694,-18.83,DRIVE
52.7,1,4.2984,2.0151,140.44,3.9576,2.3192,150.38,0.4568,0.5694,-18.83,DRIVE
52.75,1,4.2167,2.0624,146.06,3.9444,2.3269,149.87,0.3797,0.4883,-29.71,DRIVE
52.8,1,4.2167,2.0624,146.06,3.9248,2.3385,149.05,0.4018,0.4883,-29.71,ALIGN
52.85,1,4.2167,2.0624,146.06,3.9133,2.3456,148.42,0.4151,0.4883,-29.71,ALIGN
52.9,1,4.2167,2.0624,146.06,3.8994,2.3543,147.36,0.4312,0.4883,-29.71,ALIGN
52.95,1,4.1288,2.1105,150.11,3.8899,2.3606,146.24,0.3459,0.4102,-41.82,ALIGN
53.0,1,4.1288,2.1105,150.11,3.8845,2.3643,145.1,0.3523,0.4102,-41.82,ALIGN
53.05,1,4.1288,2.1105,150.11,3.8829,2.3655,143.94,0.3542,0.4102,-41.82,ALIGN
53.1,1,4.1288,2.1105,150.11,3.8826,2.3657,143.18,0.3546,0.4102,-41.82,ALIGN
53.15,1,4.0369,2.1601,152.99,3.8822,2.366,142.03,0.2576,0.3419,-56.79,ALIGN
53.2,1,4.0369,2.1601,152.99,3.8819,2.3663,141.25,0.2579,0.3419,-56.79,ALIGN
53.25,1,4.0369,2.1601,152.99,3.8815,2.3667,140.05,0.2585,0.3419,-56.79,ALIGN
53.3,1,4.0369,2.1601,152.99,3.8812,2.3669,139.22,0.2589,0.3419,-56.79,ALIGN
53.35,1,3.9417,2.1998,154.88,3.8805,2.3675,137.53,0.1785,0.3058,-75.87,ALIGN
53.4,1,3.9417,2.1998,154.88,3.8801,2.3679,136.21,0.179,0.3058,-75.87,ALIGN
53.45,1,3.9417,2.1998,154.88,3.8798,2.3682,134.87,0.1794,0.3058,-75.87,ALIGN
53.5,1,3.9417,2.1998,154.88,3.8796,2.3684,133.96,0.1797,0.3058,-75.87,ALIGN
53.55,1,3.8834,2.219,155.39,3.8796,2.3684,133.96,0.1495,0.3042,-87.93,ALIGN
53.6,1,3.8834,2.219,155.39,3.8794,2.3687,132.58,0.1497,0.3042,-87.93,ALIGN
53.65,1,3.8834,2.219,155.39,3.8793,2.3688,131.65,0.1498,0.3042,-87.93,ALIGN
53.7,1,3.8834,2.219,155.39,3.8793,2.3688,130.25,0.1499,0.3042,-87.93,ALIGN
53.75,1,3.7867,2.2589,155.44,3.8793,2.3688,129.78,0.1437,0.3219,-106.94,ALIGN
53.8,1,3.7867,2.2589,155.44,3.8793,2.3688,128.85,0.1437,0.3219,-106.94,ALIGN
53.85,1,3.7867,2.2589,155.44,3.8794,2.3687,127.44,0.1437,0.3219,-106.94,ALIGN
53.9,1,3.7867,2.2589,155.44,3.8795,2.3685,126.04,0.1436,0.3219,-106.94,ALIGN
53.95,1,3.6912,2.3006,154.46,3.8797,2.3683,124.64,0.2002,0.3676,-121.6,ALIGN
54.0,1,3.6912,2.3006,154.46,3.8799,2.368,123.25,0.2003,0.3676,-121.6,ALIGN
54.05,1,3.6912,2.3006,154.46,3.8801,2.3677,121.86,0.2004,0.3676,-121.6,ALIGN
54.1,1,3.6425,2.3196,153.53,3.8801,2.3676,121.4,0.2424,0.4004,-126.74,ALIGN
54.151,1,3.6425,2.3196,153.53,3.8802,2.3675,120.94,0.2425,0.4004,-126.74,ALIGN
54.2,1,3.6425,2.3196,153.53,3.8804,2.3671,119.55,0.2426,0.4004,-126.74,ALIGN
54.25,1,3.6425,2.3196,153.53,3.8806,2.3668,118.18,0.2427,0.4004,-126.74,ALIGN
54.3,1,3.6425,2.3196,153.53,3.8808,2.3663,116.8,0.2429,0.4004,-126.74,ALIGN
54.35,1,3.5433,2.3608,150.44,3.881,2.3659,115.43,0.3378,0.4774,-133.49,ALIGN
54.4,1,3.5433,2.3608,150.44,3.8813,2.3655,114.06,0.338,0.4774,-133.49,ALIGN
54.45,1,3.5433,2.3608,150.44,3.8813,2.3655,114.06,0.338,0.4774,-133.49,ALIGN
54.5,1,3.5433,2.3608,150.44,3.8814,2.3652,113.15,0.3381,0.4774,-133.49,ALIGN
54.55,1,3.5207,2.3745,148.27,3.8816,2.3647,111.79,0.361,0.4954,-133.6,ALIGN
54.6,1,3.5207,2.3745,148.27,3.8817,2.3644,110.88,0.3611,0.4954,-133.6,ALIGN
54.65,1,3.5207,2.3745,148.27,3.8818,2.3642,110.43,0.3612,0.4954,-133.6,ALIGN
54.7,1,3.5207,2.3745,148.27,3.8819,2.3637,109.06,0.3614,0.4954,-133.6,ALIGN
54.75,1,3.5207,2.3745,148.27,3.8821,2.3632,107.7,0.3616,0.4954,-133.6,ALIGN
54.8,1,3.5207,2.3745,148.27,3.8822,2.3631,107.25,0.3616,0.4954,-133.6,ALIGN
54.85,1,3.5207,2.3745,148.27,3.8823,2.3627,106.34,0.3617,0.4954,-133.6,ALIGN
54.9,1,3.5081,2.3805,141.3,3.8824,2.3622,104.98,0.3748,0.5062,-127.64,ALIGN
54.95,1,3.5081,2.3805,141.3,3.8825,2.3617,103.63,0.3749,0.5062,-127.64,ALIGN
55.0,1,3.5081,2.3805,141.3,3.8827,2.3612,102.27,0.3751,0.5062,-127.64,ALIGN
55.05,1,3.5081,2.3805,141.3,3.8828,2.3607,100.91,0.3752,0.5062,-127.64,ALIGN
55.1,1,3.5075,2.3797,136.08,3.8829,2.3601,99.55,0.3759,0.507,-122.36,ALIGN
55.15,1,3.5075,2.3797,136.08,3.883,2.3596,98.2,0.376,0.507,-122.36,ALIGN
55.2,1,3.5075,2.3797,136.08,3.883,2.3593,97.29,0.3761,0.507,-122.36,ALIGN
55.25,1,3.5075,2.3797,136.08,3.8831,2.3587,95.93,0.3762,0.507,-122.36,ALIGN
55.3,1,3.5098,2.3791,133.35,3.8831,2.3584,95.03,0.3739,0.5049,-119.49,ALIGN
55.35,1,3.5098,2.3791,133.35,3.8831,2.3584,95.03,0.3739,0.5049,-119.49,ALIGN
55.4,1,3.5098,2.3791,133.35,3.8831,2.3578,93.67,0.374,0.5049,-119.49,ALIGN
55.45,1,3.5098,2.3791,133.35,3.8832,2.3573,92.32,0.374,0.5049,-119.49,ALIGN
55.5,1,3.5184,2.3841,127.79,3.8832,2.3568,90.96,0.3658,0.4953,-114.26,ALIGN
55.55,1,3.5184,2.3841,127.79,3.8832,2.3562,89.6,0.3658,0.4953,-114.26,ALIGN
55.6,1,3.5184,2.3841,127.79,3.8832,2.3557,88.25,0.3659,0.4953,-114.26,ALIGN
55.65,1,3.5184,2.3841,127.79,3.8832,2.3553,87.34,0.3659,0.4953,-114.26,ALIGN
55.7,1,3.5234,2.3891,122.26,3.8832,2.3553,87.34,0.3614,0.4894,-109.16,ALIGN
55.75,1,3.5234,2.3891,122.26,3.8831,2.3548,85.99,0.3614,0.4894,-109.16,ALIGN
55.8,1,3.5234,2.3891,122.26,3.8831,2.3543,84.63,0.3614,0.4894,-109.16,ALIGN
55.85,1,3.5234,2.3891,122.26,3.883,2.3537,83.27,0.3614,0.4894,-109.16,ALIGN
55.9,1,3.5221,2.3872,119.53,3.883,2.3532,81.92,0.3625,0.491,-106.24,ALIGN
55.95,1,3.5221,2.3872,119.53,3.8829,2.3527,80.56,0.3624,0.491,-106.24,ALIGN
56.0,1,3.5221,2.3872,119.53,3.8828,2.3521,79.2,0.3624,0.491,-106.24,ALIGN
56.05,1,3.5221,2.3872,119.53,3.8827,2.3516,77.85,0.3624,0.491,-106.24,ALIGN
56.1,1,3.5221,2.3872,119.53,3.8826,2.3511,76.49,0.3623,0.491,-106.24,ALIGN
56.15,1,3.5237,2.3899,114.08,3.8824,2.3506,75.13,0.3609,0.4889,-101.06,ALIGN
56.2,1,3.5237,2.3899,114.08,3.8824,2.3506,75.13,0.3609,0.4889,-101.06,ALIGN
56.25,1,3.5237,2.3899,114.08,3.8824,2.3502,74.23,0.3609,0.4889,-101.06,ALIGN
56.3,1,3.5272,2.3864,108.67,3.8822,2.3497,72.87,0.3569,0.4862,-95.15,ALIGN
56.35,1,3.5272,2.3864,108.67,3.882,2.3492,71.52,0.3567,0.4862,-95.15,ALIGN
56.4,1,3.5272,2.3864,108.67,3.8819,2.3487,70.16,0.3566,0.4862,-95.15,ALIGN
56.45,1,3.5272,2.3864,108.67,3.8817,2.3482,68.8,0.3565,0.4862,-95.15,ALIGN
56.5,1,3.523,2.3909,105.95,3.8816,2.348,68.35,0.3611,0.4893,-93.07,ALIGN
56.55,1,3.523,2.3909,105.95,3.8816,2.348,68.35,0.3611,0.4893,-93.07,ALIGN
56.6,1,3.523,2.3909,105.95,3.8814,2.3475,67.0,0.361,0.4893,-93.07,ALIGN
56.65,1,3.523,2.3909,105.95,3.8812,2.347,65.64,0.3608,0.4893,-93.07,ALIGN
56.7,1,3.5183,2.3858,100.56,3.881,2.3465,64.28,0.3648,0.495,-87.23,ALIGN
56.75,1,3.5183,2.3858,100.56,3.8807,2.346,62.93,0.3646,0.495,-87.23,ALIGN
56.8,1,3.5183,2.3858,100.56,3.8805,2.3456,61.57,0.3644,0.495,-87.23,ALIGN
56.85,1,3.5183,2.3858,100.56,3.8802,2.3451,60.21,0.3642,0.495,-87.23,ALIGN
56.9,1,3.5197,2.3895,95.15,3.88,2.3448,59.31,0.3631,0.4928,-82.19,ALIGN
56.95,1,3.5197,2.3895,95.15,3.88,2.3448,59.31,0.3631,0.4928,-82.19,ALIGN
57.0,1,3.5197,2.3895,95.15,3.8799,2.3445,58.4,0.3629,0.4928,-82.19,ALIGN
57.05,1,3.5197,2.3895,95.15,3.8796,2.344,57.05,0.3627,0.4928,-82.19,ALIGN
57.1,1,3.5227,2.3869,92.42,3.8793,2.3436,55.69,0.3592,0.4905,-79.1,ALIGN
57.15,1,3.5227,2.3869,92.42,3.879,2.3431,54.34,0.359,0.4905,-79.1,ALIGN
57.2,1,3.5227,2.3869,92.42,3.8786,2.3427,52.98,0.3587,0.4905,-79.1,ALIGN
57.25,1,3.5227,2.3869,92.42,3.8783,2.3423,51.62,0.3584,0.4905,-79.1,ALIGN
57.3,1,3.5238,2.3807,87.0,3.878,2.3418,50.27,0.3563,0.4909,-72.94,ALIGN
57.35,1,3.5238,2.3807,87.0,3.8776,2.3414,48.91,0.356,0.4909,-72.94,ALIGN
57.4,1,3.5238,2.3807,87.0,3.8773,2.341,47.55,0.3557,0.4909,-72.94,ALIGN
57.45,1,3.5238,2.3807,87.0,3.877,2.3408,46.65,0.3555,0.4909,-72.94,ALIGN
57.5,1,3.5238,2.3807,87.0,3.8767,2.3404,45.29,0.3551,0.4909,-72.94,ALIGN
57.55,1,3.5305,2.3727,81.59,3.8763,2.34,43.94,0.3473,0.4865,-66.42,ALIGN
57.6,1,3.5305,2.3727,81.59,3.876,2.3397,43.03,0.3471,0.4865,-66.42,ALIGN
57.65,1,3.5305,2.3727,81.59,3.8756,2.3394,41.68,0.3467,0.4865,-66.42,ALIGN
57.7,1,3.5261,2.3736,78.89,3.8752,2.339,40.32,0.3509,0.4905,-63.96,ALIGN
57.75,1,3.5261,2.3736,78.89,3.8748,2.3387,38.97,0.3505,0.4905,-63.96,ALIGN
57.8,1,3.5261,2.3736,78.89,3.8745,2.3385,38.06,0.3502,0.4905,-63.96,ALIGN
57.85,1,3.5261,2.3736,78.89,3.8741,2.3381,36.7,0.3498,0.4905,-63.96,ALIGN
57.9,1,3.5261,2.3736,78.89,3.8737,2.3378,35.35,0.3494,0.4905,-63.96,ALIGN
57.95,1,3.5361,2.3642,73.5,3.8732,2.3375,33.99,0.3382,0.4834,-57.19,ALIGN
58.0,1,3.5361,2.3642,73.5,3.8729,2.3373,33.09,0.3379,0.4834,-57.19,ALIGN
58.05,1,3.5361,2.3642,73.5,3.8725,2.337,31.73,0.3375,0.4834,-57.19,ALIGN
58.1,1,3.5361,2.3642,73.5,3.8722,2.3368,30.83,0.3372,0.4834,-57.19,ALIGN
58.15,1,3.5335,2.3611,68.11,3.8717,2.3366,29.47,0.3391,0.4867,-51.53,ALIGN
58.2,1,3.5335,2.3611,68.11,3.8712,2.3363,28.11,0.3386,0.4867,-51.53,ALIGN
58.25,1,3.5335,2.3611,68.11,3.8707,2.3361,26.76,0.3382,0.4867,-51.53,ALIGN
58.3,1,3.5399,2.3583,62.7,3.8703,2.3358,25.4,0.3311,0.4814,-45.58,ALIGN
58.35,1,3.5399,2.3583,62.7,3.8698,2.3356,24.05,0.3306,0.4814,-45.58,ALIGN
58.4,1,3.5399,2.3583,62.7,3.8693,2.3354,22.69,0.3302,0.4814,-45.58,ALIGN
58.45,1,3.5399,2.3583,62.7,3.8693,2.3354,22.69,0.3302,0.4814,-45.58,ALIGN
58.5,1,3.5364,2.3552,57.3,3.8689,2.3352,21.79,0.3332,0.4857,-39.96,ALIGN
58.55,1,3.5364,2.3552,57.3,3.8684,2.335,20.43,0.3327,0.4857,-39.96,ALIGN
58.6,1,3.5364,2.3552,57.3,3.8679,2.3349,19.07,0.3322,0.4857,-39.96,ALIGN
58.65,1,3.5364,2.3552,57.3,3.8674,2.3347,17.72,0.3317,0.4857,-39.96,ALIGN
58.7,1,3.5387,2.3506,54.62,3.8669,2.3345,16.36,0.3286,0.4849,-36.67,ALIGN
58.75,1,3.5387,2.3506,54.62,3.8666,2.3344,15.46,0.3282,0.4849,-36.67,ALIGN
58.8,1,3.5387,2.3506,54.62,3.8662,2.3343,14.55,0.3279,0.4849,-36.67,ALIGN
58.85,1,3.5387,2.3506,54.62,3.8661,2.3343,14.1,0.3277,0.4849,-36.67,ALIGN
58.9,1,3.5397,2.3484,49.21,3.8655,2.3342,12.74,0.3261,0.4846,-30.98,ALIGN
58.95,1,3.5397,2.3484,49.21,3.865,2.3341,11.39,0.3256,0.4846,-30.98,ALIGN
59.0,1,3.5397,2.3484,49.21,3.8645,2.334,10.03,0.3251,0.4846,-30.98,ALIGN
59.05,1,3.5397,2.3484,49.21,3.8639,2.3339,8.67,0.3246,0.4846,-30.98,ALIGN
59.1,1,3.5459,2.3504,43.78,3.8636,2.3338,7.77,0.3182,0.4781,-25.55,ALIGN
59.15,1,3.5459,2.3504,43.78,3.8632,2.3338,6.86,0.3178,0.4781,-25.55,ALIGN
59.2,1,3.5459,2.3504,43.78,3.8631,2.3337,6.41,0.3176,0.4781,-25.55,ALIGN
59.25,1,3.5459,2.3504,43.78,3.8625,2.3337,5.05,0.3171,0.4781,-25.55,ALIGN
59.3,1,3.5446,2.3488,41.07,3.862,2.3336,3.7,0.3178,0.4799,-22.7,ALIGN
59.35,1,3.5446,2.3488,41.07,3.862,2.3336,3.7,0.3178,0.4799,-22.7,DRIVE
59.4,1,3.5446,2.3488,41.07,3.8616,2.3336,2.79,0.3174,0.4799,-22.7,DRIVE
59.45,1,3.5446,2.3488,41.07,3.8628,2.3337,1.48,0.3186,0.4799,-22.7,DRIVE
59.5,1,3.5446,2.3488,41.07,3.8684,2.3337,0.2,0.3241,0.4799,-22.7,DRIVE
59.55,1,3.5446,2.3488,41.07,3.879,2.3336,-1.13,0.3347,0.4799,-22.7,DRIVE
59.6,1,3.5446,2.3488,41.07,3.8944,2.3331,-2.58,0.3502,0.4799,-22.7,DRIVE
59.65,1,3.5446,2.3488,41.07,3.9125,2.3319,-4.14,0.3683,0.4799,-22.7,DRIVE
59.7,1,3.5459,2.3458,32.92,3.9248,2.3309,-5.22,0.3792,0.4795,-14.17,DRIVE
59.75,1,3.5459,2.3458,32.92,3.9371,2.3295,-6.33,0.3915,0.4795,-14.17,DRIVE
59.8,1,3.5459,2.3458,32.92,3.9433,2.3288,-6.88,0.3977,0.4795,-14.17,DRIVE
59.85,1,3.5459,2.3458,32.92,3.9616,2.3262,-8.43,0.4162,0.4795,-14.17,DRIVE
59.9,1,3.5512,2.3455,27.48,3.98,2.3232,-9.79,0.4293,0.4746,-8.48,DRIVE
59.95,1,3.5512,2.3455,27.48,3.9983,2.3198,-11.05,0.4478,0.4746,-8.48,DRIVE
60.0,1,3.5512,2.3455,27.48,4.0104,2.3173,-11.81,0.4601,0.4746,-8.48,DRIVE
60.05,1,3.5512,2.3455,27.48,4.0286,2.3132,-12.8,0.4784,0.4746,-8.48,DRIVE
60.1,1,3.555,2.343,22.06,4.0467,2.3089,-13.73,0.4929,0.4719,-2.62,DRIVE
60.15,1,3.555,2.343,22.06,4.0647,2.3043,-14.63,0.5112,0.4719,-2.62,DRIVE
60.2,1,3.555,2.343,22.06,4.0767,2.3011,-15.16,0.5234,0.4719,-2.62,DRIVE
60.25,1,3.555,2.343,22.06,4.0946,2.2961,-15.8,0.5417,0.4719,-2.62,DRIVE
60.3,1,3.5585,2.3444,19.34,4.1066,2.2926,-16.19,0.5505,0.4682,0.08,DRIVE
60.35,1,3.5585,2.3444,19.34,4.1066,2.2926,-16.19,0.5505,0.4682,0.08,DRIVE
60.4,1,3.5585,2.3444,19.34,4.1245,2.2873,-16.73,0.5689,0.4682,0.08,DRIVE
60.45,1,3.5585,2.3444,19.34,4.1423,2.2818,-17.18,0.5871,0.4682,0.08,DRIVE
60.5,1,3.5643,2.3425,13.96,4.16,2.2763,-17.58,0.5993,0.4633,5.91,DRIVE
60.55,1,3.5643,2.3425,13.96,4.1777,2.2706,-17.95,0.6176,0.4633,5.91,DRIVE
60.6,1,3.5643,2.3425,13.96,4.1952,2.2648,-18.18,0.6357,0.4633,5.91,DRIVE
60.65,1,3.5643,2.3425,13.96,4.2128,2.259,-18.27,0.6538,0.4633,5.91,DRIVE
60.7,1,3.5621,2.3386,11.28,4.2186,2.2571,-18.28,0.6616,0.4667,8.94,DRIVE
60.75,1,3.5621,2.3386,11.28,4.2421,2.2493,-18.32,0.6858,0.4667,8.94,DRIVE
60.8,1,3.5621,2.3386,11.28,4.2539,2.2454,-18.28,0.698,0.4667,8.94,DRIVE
60.85,1,3.5621,2.3386,11.28,4.2716,2.2396,-18.17,0.7164,0.4667,8.94,DRIVE
60.9,1,3.5563,2.3419,5.93,4.2894,2.2338,-18.03,0.741,0.471,13.69,DRIVE
60.95,1,3.5563,2.3419,5.93,4.3072,2.228,-17.86,0.7595,0.471,13.69,DRIVE
61.0,1,3.5563,2.3419,5.93,4.3192,2.2242,-17.68,0.7719,0.471,13.69,DRIVE
61.05,1,3.5563,2.3419,5.93,4.3372,2.2185,-17.32,0.7906,0.471,13.69,DRIVE
61.1,1,3.5563,2.3419,5.93,4.3553,2.213,-16.92,0.8094,0.471,13.69,DRIVE
61.15,1,3.5563,2.3419,5.93,4.3674,2.2094,-16.63,0.8219,0.471,13.69,DRIVE
61.2,1,3.5563,2.3419,5.93,4.3674,2.2094,-16.63,0.8219,0.471,13.69,DRIVE
61.25,1,3.5563,2.3419,5.93,4.3856,2.204,-16.15,0.8407,0.471,13.69,DRIVE
61.3,1,3.6623,2.342,-5.64,4.4039,2.1989,-15.64,0.7553,0.3728,30.71,DRIVE
61.35,1,3.6623,2.342,-5.64,4.422,2.1939,-15.07,0.774,0.3728,30.71,ALIGN
61.4,1,3.6623,2.342,-5.64,4.437,2.19,-14.37,0.7895,0.3728,30.71,ALIGN
61.45,1,3.6623,2.342,-5.64,4.4475,2.1875,-13.43,0.8002,0.3728,30.71,ALIGN
61.5,1,3.674,2.3322,-8.24,4.4531,2.1862,-12.36,0.7927,0.3667,35.48,ALIGN
61.55,1,3.674,2.3322,-8.24,4.4544,2.1859,-11.62,0.794,0.3667,35.48,ALIGN
61.6,1,3.674,2.3322,-8.24,4.455,2.1858,-10.51,0.7946,0.3667,35.48,ALIGN
61.65,1,3.674,2.3322,-8.24,4.4551,2.1858,-10.14,0.7947,0.3667,35.48,ALIGN
61.7,1,3.7794,2.325,-12.48,4.4553,2.1858,-9.77,0.6901,0.2816,50.89,ALIGN
61.75,1,3.7794,2.325,-12.48,4.4558,2.1857,-8.64,0.6906,0.2816,50.89,ALIGN
61.8,1,3.7794,2.325,-12.48,4.4564,2.1856,-7.46,0.6912,0.2816,50.89,ALIGN
61.85,1,3.7794,2.325,-12.48,4.457,2.1856,-6.25,0.6918,0.2816,50.89,ALIGN
61.9,1,3.8467,2.2996,-14.89,4.4576,2.1855,-4.99,0.6214,0.2523,67.48,ALIGN
61.95,1,3.8467,2.2996,-14.89,4.4582,2.1855,-3.71,0.622,0.2523,67.48,ALIGN
62.0,1,3.8467,2.2996,-14.89,4.4587,2.1855,-2.38,0.6226,0.2523,67.48,ALIGN
62.05,1,3.8467,2.2996,-14.89,4.459,2.1854,-1.49,0.6228,0.2523,67.48,ALIGN
62.1,1,3.8948,2.2764,-15.97,4.459,2.1854,-1.49,0.5715,0.2471,80.78,ALIGN
63.15,2,4.0853,2.2172,-10.87,4.4598,2.1855,3.14,0.3758,4.0951,-173.09,ALIGN
63.2,2,4.0853,2.2172,-10.87,4.4598,2.1855,3.13,0.3758,4.0951,-173.09,ALIGN
63.25,2,4.0853,2.2172,-10.87,4.4598,2.1855,3.13,0.3758,4.0951,-173.09,ALIGN
63.3,2,4.0871,2.2112,-6.39,4.4598,2.1855,3.04,0.3736,4.0973,-177.65,ALIGN
63.35,2,4.0871,2.2112,-6.39,4.4598,2.1855,2.96,0.3736,4.0973,-177.65,ALIGN
63.4,2,4.0871,2.2112,-6.39,4.4598,2.1855,2.48,0.3736,4.0973,-177.65,ALIGN
63.45,2,4.0871,2.2112,-6.39,4.4598,2.1855,1.96,0.3736,4.0973,-177.65,ALIGN
63.5,2,4.0815,2.2146,-1.32,4.4596,2.1855,0.48,0.3792,4.0915,177.32,ALIGN
63.55,2,4.0815,2.2146,-1.32,4.4594,2.1855,-0.83,0.379,4.0915,177.32,ALIGN
63.6,2,4.0815,2.2146,-1.32,4.459,2.1855,-2.03,0.3786,4.0915,177.32,ALIGN
63.65,2,4.0815,2.2146,-1.32,4.4586,2.1855,-2.91,0.3782,4.0915,177.32,ALIGN
63.7,2,4.0777,2.2142,1.39,4.4583,2.1855,-3.29,0.3817,4.0877,174.6,ALIGN
63.75,2,4.0777,2.2142,1.39,4.4581,2.1855,-3.55,0.3815,4.0877,174.6,ALIGN
63.8,2,4.0777,2.2142,1.39,4.458,2.1855,-3.52,0.3814,4.0877,174.6,ALIGN
63.85,2,4.0777,2.2142,1.39,4.4583,2.1855,-3.19,0.3817,4.0877,174.6,ALIGN
63.9,2,4.1382,2.2219,5.09,4.4587,2.1855,-2.55,0.3225,4.1476,171.07,ALIGN
63.95,2,4.1382,2.2219,5.09,4.4591,2.1855,-1.54,0.3229,4.1476,171.07,ALIGN
64.0,2,4.1382,2.2219,5.09,4.4595,2.1855,-0.3,0.3233,4.1476,171.07,ALIGN
64.05,2,4.1382,2.2219,5.09,4.4597,2.1855,0.59,0.3235,4.1476,171.07,ALIGN
64.1,2,4.1537,2.2161,5.19,4.4599,2.1855,1.95,0.3077,4.1634,170.9,ALIGN
64.15,2,4.1537,2.2161,5.19,4.46,2.1855,3.34,0.3078,4.1634,170.9,ALIGN
64.2,2,4.1537,2.2161,5.19,4.4599,2.1855,4.73,0.3077,4.1634,170.9,ALIGN
64.25,2,4.1537,2.2161,5.19,4.4598,2.1855,5.66,0.3076,4.1634,170.9,ALIGN
64.3,2,4.1477,2.2165,5.16,4.4596,2.1855,7.05,0.3134,4.1574,170.93,ALIGN
64.35,2,4.1477,2.2165,5.16,4.4596,2.1855,7.05,0.3134,4.1574,170.93,ALIGN
64.4,2,4.1477,2.2165,5.16,4.4594,2.1855,7.98,0.3132,4.1574,170.93,ALIGN
64.45,2,4.1477,2.2165,5.16,4.4591,2.1854,9.37,0.3129,4.1574,170.93,ALIGN
64.5,2,4.1491,2.2236,5.14,4.4588,2.1854,10.75,0.312,4.1583,171.05,ALIGN
64.55,2,4.1491,2.2236,5.14,4.4584,2.1853,12.12,0.3116,4.1583,171.05,ALIGN
64.6,2,4.1491,2.2236,5.14,4.458,2.1852,13.49,0.3112,4.1583,171.05,ALIGN
64.65,2,4.1491,2.2236,5.14,4.4575,2.1851,14.86,0.3108,4.1583,171.05,ALIGN
64.7,2,4.1605,2.2167,5.14,4.4571,2.185,16.23,0.2983,4.1701,170.96,ALIGN
64.75,2,4.1605,2.2167,5.14,4.4571,2.185,16.23,0.2983,4.1701,170.96,ALIGN
64.8,2,4.1605,2.2167,5.14,4.4568,2.1849,17.13,0.298,4.1701,170.96,ALIGN
64.85,2,4.1605,2.2167,5.14,4.4563,2.1847,18.49,0.2975,4.1701,170.96,ALIGN
64.9,2,4.2142,2.2099,2.82,4.456,2.1846,19.4,0.2431,4.2242,173.24,ALIGN
64.95,2,4.2142,2.2099,2.82,4.4559,2.1846,19.85,0.2429,4.2242,173.24,ALIGN
65.0,2,4.2142,2.2099,2.82,4.4554,2.1844,21.21,0.2425,4.2242,173.24,ALIGN
65.05,2,4.2142,2.2099,2.82,4.4549,2.1842,22.56,0.242,4.2242,173.24,ALIGN
65.1,2,4.2089,2.2111,0.39,4.4549,2.1842,22.56,0.2475,4.2188,175.68,ALIGN
65.15,2,4.2089,2.2111,0.39,4.4546,2.1841,23.46,0.2472,4.2188,175.68,ALIGN
65.2,2,4.2089,2.2111,0.39,4.4541,2.1839,24.81,0.2468,4.2188,175.68,ALIGN
65.25,2,4.2089,2.2111,0.39,4.4537,2.1836,26.17,0.2463,4.2188,175.68,ALIGN
65.3,2,4.1408,2.2139,-1.41,4.4535,2.1836,26.62,0.3142,4.1506,177.45,ALIGN
65.35,2,4.1408,2.2139,-1.41,4.4534,2.1835,27.07,0.3141,4.1506,177.45,ALIGN
65.4,2,4.1408,2.2139,-1.41,4.4529,2.1832,28.42,0.3136,4.1506,177.45,ALIGN
65.45,2,4.1408,2.2139,-1.41,4.4524,2.183,29.77,0.3132,4.1506,177.45,ALIGN
65.5,2,4.1086,2.2184,-0.25,4.452,2.1827,31.12,0.3452,4.1183,176.32,ALIGN
65.55,2,4.1086,2.2184,-0.25,4.4515,2.1825,32.47,0.3448,4.1183,176.32,ALIGN
65.6,2,4.1086,2.2184,-0.25,4.4511,2.1822,33.81,0.3444,4.1183,176.32,ALIGN
65.65,2,4.1086,2.2184,-0.25,4.4507,2.1819,35.16,0.344,4.1183,176.32,ALIGN
65.7,2,4.0759,2.2205,4.9,4.4505,2.1818,35.61,0.3766,4.0854,171.18,ALIGN
65.75,2,4.0759,2.2205,4.9,4.4501,2.1815,36.96,0.3763,4.0854,171.18,ALIGN
65.8,2,4.0759,2.2205,4.9,4.4497,2.1811,38.31,0.3759,4.0854,171.18,ALIGN
65.85,2,4.0759,2.2205,4.9,4.4494,2.1809,39.21,0.3756,4.0854,171.18,ALIGN
65.9,2,4.0781,2.2225,7.7,4.4491,2.1807,40.11,0.3734,4.0875,168.41,ALIGN
65.95,2,4.0781,2.2225,7.7,4.4487,2.1804,41.46,0.373,4.0875,168.41,ALIGN
66.0,2,4.0781,2.2225,7.7,4.4482,2.1799,43.25,0.3725,4.0875,168.41,ALIGN
66.05,2,4.0781,2.2225,7.7,4.448,2.1796,44.15,0.3723,4.0875,168.41,ALIGN
66.1,2,4.0796,2.2217,13.3,4.4476,2.1793,45.5,0.3704,4.0891,162.8,ALIGN
66.15,2,4.0796,2.2217,13.3,4.4472,2.1789,46.85,0.3701,4.0891,162.8,ALIGN
66.2,2,4.0796,2.2217,13.3,4.4469,2.1785,48.19,0.3698,4.0891,162.8,ALIGN
66.25,2,4.0796,2.2217,13.3,4.4465,2.1781,49.54,0.3695,4.0891,162.8,ALIGN
66.3,2,4.079,2.2226,18.75,4.4463,2.1778,50.44,0.37,4.0884,157.36,ALIGN
66.35,2,4.079,2.2226,18.75,4.4459,2.1774,51.79,0.3697,4.0884,157.36,ALIGN
66.4,2,4.079,2.2226,18.75,4.4456,2.177,53.14,0.3694,4.0884,157.36,ALIGN
66.45,2,4.079,2.2226,18.75,4.4454,2.1767,54.03,0.3693,4.0884,157.36,ALIGN
66.5,2,4.0838,2.2245,24.2,4.4451,2.1763,55.38,0.3645,4.0931,151.94,ALIGN
66.55,2,4.0838,2.2245,24.2,4.4448,2.1759,56.73,0.3643,4.0931,151.94,ALIGN
66.6,2,4.0838,2.2245,24.2,4.4445,2.1754,58.08,0.364,4.0931,151.94,ALIGN
66.65,2,4.0838,2.2245,24.2,4.4442,2.175,59.43,0.3638,4.0931,151.94,ALIGN
66.7,2,4.0865,2.2263,26.9,4.4441,2.1747,60.32,0.3613,4.0956,149.27,ALIGN
66.75,2,4.0865,2.2263,26.9,4.4438,2.1742,61.67,0.3611,4.0956,149.27,ALIGN
66.8,2,4.0865,2.2263,26.9,4.4437,2.174,62.12,0.3611,4.0956,149.27,ALIGN
66.85,2,4.0865,2.2263,26.9,4.4436,2.1739,62.57,0.361,4.0956,149.27,ALIGN
66.9,2,4.0945,2.2234,32.24,4.4434,2.1734,63.92,0.3524,4.1039,143.89,ALIGN
66.95,2,4.0945,2.2234,32.24,4.4432,2.1729,65.26,0.3523,4.1039,143.89,ALIGN
67.0,2,4.0945,2.2234,32.24,4.4429,2.1724,66.61,0.3521,4.1039,143.89,ALIGN
67.05,2,4.0945,2.2234,32.24,4.4427,2.172,67.96,0.352,4.1039,143.89,ALIGN
67.1,2,4.1147,2.2177,37.47,4.4426,2.1716,68.86,0.3311,4.1244,138.61,ALIGN
67.15,2,4.1147,2.2177,37.47,4.4424,2.1711,70.21,0.331,4.1244,138.61,ALIGN
67.2,2,4.1147,2.2177,37.47,4.4422,2.1706,71.55,0.3309,4.1244,138.61,ALIGN
67.25,2,4.1147,2.2177,37.47,4.4421,2.1701,72.9,0.3308,4.1244,138.61,ALIGN
67.3,2,4.1203,2.2145,42.84,4.4419,2.1696,74.25,0.3248,4.1301,133.19,ALIGN
67.35,2,4.1203,2.2145,42.84,4.4419,2.1694,74.7,0.3248,4.1301,133.19,ALIGN
67.4,2,4.1203,2.2145,42.84,4.4418,2.1693,75.15,0.3247,4.1301,133.19,ALIGN
67.45,2,4.1203,2.2145,42.84,4.4417,2.1688,76.49,0.3247,4.1301,133.19,ALIGN
67.5,2,4.1271,2.2145,45.51,4.4416,2.1682,77.84,0.3179,4.137,130.53,ALIGN
67.55,2,4.1271,2.2145,45.51,4.4415,2.1677,79.19,0.3178,4.137,130.53,ALIGN
67.6,2,4.1271,2.2145,45.51,4.4414,2.1672,80.54,0.3178,4.137,130.53,ALIGN
67.65,2,4.1271,2.2145,45.51,4.4413,2.1667,81.88,0.3178,4.137,130.53,ALIGN
67.7,2,4.1541,2.2104,50.79,4.4412,2.1661,83.23,0.2905,4.1642,125.22,ALIGN
67.75,2,4.1541,2.2104,50.79,4.4412,2.1658,84.13,0.2906,4.1642,125.22,ALIGN
67.8,2,4.1541,2.2104,50.79,4.4411,2.1653,85.48,0.2906,4.1642,125.22,ALIGN
67.85,2,4.1541,2.2104,50.79,4.4411,2.1649,86.38,0.2906,4.1642,125.22,ALIGN
67.9,2,4.1629,2.2119,56.19,4.4411,2.1644,87.72,0.2822,4.1729,119.85,ALIGN
67.95,2,4.1629,2.2119,56.19,4.4411,2.1639,89.07,0.2822,4.1729,119.85,ALIGN
68.0,2,4.1629,2.2119,56.19,4.4411,2.1635,89.97,0.2823,4.1729,119.85,ALIGN
68.05,2,4.1629,2.2119,56.19,4.4411,2.1635,89.97,0.2823,4.1729,119.85,ALIGN
68.1,2,4.177,2.2087,58.82,4.4411,2.163,91.32,0.268,4.1872,117.19,ALIGN
68.15,2,4.177,2.2087,58.82,4.4411,2.1624,92.66,0.2681,4.1872,117.19,ALIGN
68.2,2,4.177,2.2087,58.82,4.4411,2.1619,94.01,0.2682,4.1872,117.19,ALIGN
68.25,2,4.177,2.2087,58.82,4.4412,2.1614,95.36,0.2683,4.1872,117.19,ALIGN
68.3,2,4.1815,2.2132,64.18,4.4412,2.1614,95.36,0.2648,4.1913,111.89,ALIGN
68.35,2,4.1815,2.2132,64.18,4.4412,2.1609,96.71,0.2649,4.1913,111.89,ALIGN
68.4,2,4.1815,2.2132,64.18,4.4413,2.1603,98.05,0.2651,4.1913,111.89,ALIGN
68.45,2,4.1815,2.2132,64.18,4.4413,2.1603,98.05,0.2651,4.1913,111.89,ALIGN
68.5,2,4.1775,2.2067,69.57,4.4414,2.1598,99.4,0.268,4.1878,106.42,ALIGN
68.55,2,4.1775,2.2067,69.57,4.4414,2.1595,100.3,0.2681,4.1878,106.42,ALIGN
68.6,2,4.1775,2.2067,69.57,4.4415,2.1589,101.65,0.2683,4.1878,106.42,ALIGN
68.65,2,4.1775,2.2067,69.57,4.4416,2.1584,103.0,0.2685,4.1878,106.42,ALIGN
68.7,2,4.1839,2.2061,72.23,4.4417,2.1579,104.34,0.2623,4.1942,103.76,ALIGN
68.75,2,4.1839,2.2061,72.23,4.4418,2.1576,105.24,0.2625,4.1942,103.76,ALIGN
68.8,2,4.1839,2.2061,72.23,4.4419,2.1574,105.69,0.2626,4.1942,103.76,ALIGN
68.85,2,4.1839,2.2061,72.23,4.442,2.1569,107.04,0.2628,4.1942,103.76,ALIGN
68.9,2,4.1806,2.1974,77.62,4.4422,2.1564,108.39,0.2648,4.1915,98.24,ALIGN
68.95,2,4.1806,2.1974,77.62,4.4424,2.1559,109.73,0.2651,4.1915,98.24,ALIGN
69.0,2,4.1806,2.1974,77.62,4.4424,2.1557,110.18,0.2652,4.1915,98.24,ALIGN
69.05,2,4.1806,2.1974,77.62,4.4425,2.1556,110.63,0.2652,4.1915,98.24,ALIGN
69.1,2,4.181,2.1962,80.33,4.4427,2.1549,112.43,0.2649,4.1921,95.51,ALIGN
69.15,2,4.181,2.1962,80.33,4.4429,2.1546,113.33,0.2651,4.1921,95.51,ALIGN
69.2,2,4.181,2.1962,80.33,4.4431,2.1541,114.68,0.2654,4.1921,95.51,ALIGN
69.25,2,4.181,2.1962,80.33,4.4433,2.1536,116.02,0.2657,4.1921,95.51,ALIGN
69.3,2,4.1812,2.1924,82.99,4.4434,2.1535,116.47,0.265,4.1925,92.8,ALIGN
69.35,2,4.1812,2.1924,82.99,4.4435,2.1531,117.37,0.2652,4.1925,92.8,ALIGN
69.4,2,4.1812,2.1924,82.99,4.4437,2.1528,118.27,0.2654,4.1925,92.8,ALIGN
69.45,2,4.1812,2.1924,82.99,4.444,2.1524,119.62,0.2658,4.1925,92.8,ALIGN
69.5,2,4.1785,2.188,88.4,4.4442,2.1519,120.97,0.2682,4.1901,87.33,ALIGN
69.55,2,4.1785,2.188,88.4,4.4445,2.1515,122.31,0.2686,4.1901,87.33,ALIGN
69.6,2,4.1785,2.188,88.4,4.4448,2.151,123.66,0.2689,4.1901,87.33,ALIGN
69.65,2,4.1785,2.188,88.4,4.4451,2.1506,125.01,0.2693,4.1901,87.33,ALIGN
69.7,2,4.1785,2.188,88.4,4.4454,2.1501,126.36,0.2696,4.1901,87.33,ALIGN
69.75,2,4.1785,2.188,88.4,4.4456,2.1499,127.25,0.2699,4.1901,87.33,ALIGN
69.8,2,4.1785,2.188,88.4,4.4459,2.1494,128.6,0.2702,4.1901,87.33,ALIGN
69.85,2,4.1785,2.188,88.4,4.4463,2.149,129.95,0.2706,4.1901,87.33,ALIGN
69.9,2,4.1841,2.1826,99.16,4.4466,2.1486,131.3,0.2647,4.1961,76.5,ALIGN
69.95,2,4.1841,2.1826,99.16,4.447,2.1482,132.65,0.2651,4.1961,76.5,ALIGN
70.0,2,4.1841,2.1826,99.16,4.4471,2.1481,133.09,0.2653,4.1961,76.5,ALIGN
70.05,2,4.1841,2.1826,99.16,4.4472,2.148,133.54,0.2654,4.1961,76.5,ALIGN
70.1,2,4.1841,2.1826,99.16,4.4476,2.1476,134.89,0.2658,4.1961,76.5,ALIGN
70.15,2,4.1841,2.1826,99.16,4.4479,2.1472,136.24,0.2662,4.1961,76.5,ALIGN
70.2,2,4.1841,2.1826,99.16,4.4483,2.1469,137.59,0.2667,4.1961,76.5,ALIGN
70.25,2,4.1841,2.1826,99.16,4.4487,2.1465,138.93,0.2671,4.1961,76.5,ALIGN
70.3,2,4.1839,2.1816,107.25,4.4491,2.1462,140.28,0.2675,4.196,68.4,ALIGN
70.35,2,4.1839,2.1816,107.25,4.4495,2.1458,141.63,0.268,4.196,68.4,ALIGN
70.4,2,4.1839,2.1816,107.25,4.45,2.1455,142.98,0.2685,4.196,68.4,ALIGN
70.45,2,4.1839,2.1816,107.25,4.4502,2.1453,143.88,0.2688,4.196,68.4,ALIGN
70.5,2,4.1786,2.181,112.7,4.4504,2.1452,144.33,0.2741,4.1908,62.94,ALIGN
70.55,2,4.1786,2.181,112.7,4.4507,2.145,145.22,0.2744,4.1908,62.94,ALIGN
70.6,2,4.1786,2.181,112.7,4.4511,2.1447,146.57,0.2749,4.1908,62.94,ALIGN
70.65,2,4.1786,2.181,112.7,4.4514,2.1445,147.47,0.2752,4.1908,62.94,ALIGN
70.7,2,4.1772,2.18,115.39,4.452,2.1441,149.27,0.2771,4.1894,60.22,ALIGN
70.75,2,4.1772,2.18,115.39,4.4521,2.144,149.72,0.2773,4.1894,60.22,ALIGN
70.8,2,4.1772,2.18,115.39,4.4523,2.1439,150.17,0.2775,4.1894,60.22,ALIGN
70.85,2,4.1798,2.179,120.83,4.4528,2.1437,151.51,0.2752,4.1921,54.78,ALIGN
70.9,2,4.1798,2.179,120.83,4.4532,2.1434,152.86,0.2757,4.1921,54.78,ALIGN
70.95,2,4.1798,2.179,120.83,4.4537,2.1432,154.21,0.2762,4.1921,54.78,ALIGN
71.0,2,4.1798,2.179,120.83,4.4542,2.143,155.56,0.2767,4.1921,54.78,ALIGN
71.05,2,4.1798,2.179,120.83,4.4547,2.1428,156.9,0.2772,4.1921,54.78,ALIGN
71.1,2,4.1789,2.1803,126.27,4.4548,2.1427,157.35,0.2785,4.1911,49.35,ALIGN
71.15,2,4.1789,2.1803,126.27,4.4553,2.1425,158.7,0.279,4.1911,49.35,ALIGN
71.2,2,4.1789,2.1803,126.27,4.4558,2.1423,160.05,0.2795,4.1911,49.35,ALIGN
71.25,2,4.1789,2.1803,126.27,4.4563,2.1421,161.39,0.28,4.1911,49.35,ALIGN
71.3,2,4.1781,2.181,128.97,4.4568,2.142,162.74,0.2815,4.1903,46.66,ALIGN
71.35,2,4.1781,2.181,128.97,4.4573,2.1418,164.09,0.282,4.1903,46.66,ALIGN
71.4,2,4.1781,2.181,128.97,4.4579,2.1417,165.44,0.2825,4.1903,46.66,ALIGN
71.45,2,4.1836,2.1789,134.4,4.4582,2.1416,166.34,0.2771,4.1959,41.21,ALIGN
71.5,2,4.1836,2.1789,134.4,4.4584,2.1415,166.78,0.2773,4.1959,41.21,ALIGN
71.55,2,4.1836,2.1789,134.4,4.4587,2.1415,167.68,0.2776,4.1959,41.21,ALIGN
71.6,2,4.1836,2.1789,134.4,4.4592,2.1413,169.03,0.2782,4.1959,41.21,ALIGN
71.65,2,4.1836,2.1789,134.4,4.4598,2.1412,170.38,0.2787,4.1959,41.21,ALIGN
71.7,2,4.1836,2.1789,134.4,4.4603,2.1412,171.73,0.2792,4.1959,41.21,ALIGN
71.75,2,4.1836,2.1789,134.4,4.4608,2.1411,173.07,0.2797,4.1959,41.21,ALIGN
71.8,2,4.1836,2.1789,134.4,4.4613,2.141,174.42,0.2803,4.1959,41.21,ALIGN
71.85,2,4.1836,2.1789,134.4,4.4619,2.141,175.77,0.2808,4.1959,41.21,ALIGN
71.9,2,4.1902,2.1785,142.56,4.4622,2.141,176.67,0.2746,4.2025,33.05,ALIGN
71.95,2,4.1902,2.1785,142.56,4.4627,2.1409,178.01,0.2751,4.2025,33.05,ALIGN
72.0,2,4.1902,2.1785,142.56,4.4631,2.1409,178.91,0.2755,4.2025,33.05,ALIGN
72.05,2,4.1978,2.1742,147.92,4.4631,2.1409,178.91,0.2673,4.2105,27.64,ALIGN
72.1,2,4.1978,2.1742,147.92,4.4636,2.1409,-179.74,0.2679,4.2105,27.64,ALIGN
72.15,2,4.1978,2.1742,147.92,4.4642,2.1409,-178.39,0.2684,4.2105,27.64,ALIGN
72.2,2,4.1978,2.1742,147.92,4.4647,2.1409,-177.04,0.2689,4.2105,27.64,ALIGN
72.25,2,4.195,2.1757,153.3,4.4652,2.141,-175.7,0.2724,4.2075,22.28,ALIGN
72.3,2,4.195,2.1757,153.3,4.4656,2.141,-174.8,0.2728,4.2075,22.28,DRIVE
72.35,2,4.195,2.1757,153.3,4.4656,2.141,-174.36,0.2727,4.2075,22.28,DRIVE
72.4,2,4.195,2.1757,153.3,4.4644,2.1409,-173.5,0.2716,4.2075,22.28,DRIVE
72.45,2,4.1987,2.1729,156.01,4.4588,2.1402,-172.23,0.2621,4.2115,19.53,DRIVE
72.5,2,4.1987,2.1729,156.01,4.4524,2.1392,-171.36,0.2559,4.2115,19.53,DRIVE
72.55,2,4.1987,2.1729,156.01,4.4387,2.1369,-170.02,0.2426,4.2115,19.53,DRIVE
72.6,2,4.1987,2.1729,156.01,4.4387,2.1369,-170.02,0.2426,4.2115,19.53,DRIVE
72.65,2,4.2015,2.1782,161.36,4.4269,2.1347,-169.1,0.2296,4.2138,14.26,DRIVE
72.7,2,4.2015,2.1782,161.36,4.4202,2.1333,-168.62,0.2232,4.2138,14.26,DRIVE
72.75,2,4.2015,2.1782,161.36,4.397,2.1282,-167.12,0.2018,4.2138,14.26,DRIVE
72.8,2,4.2015,2.1782,161.36,4.3696,2.1214,-165.59,0.1774,4.2138,14.26,DRIVE
72.85,2,4.1957,2.175,164.08,4.3488,2.1158,-164.52,0.1642,4.2083,11.49,DRIVE
72.9,2,4.1957,2.175,164.08,4.3144,2.1055,-162.82,0.1375,4.2083,11.49,DRIVE
72.95,2,4.1957,2.175,164.08,4.2779,2.0934,-161.24,0.1158,4.2083,11.49,DRIVE
73.0,2,4.1957,2.175,164.08,4.2532,2.0847,-160.32,0.1071,4.2083,11.49,DRIVE
73.05,2,4.2029,2.1764,166.79,4.2161,2.0708,-159.05,0.1064,4.2154,8.8,DRIVE
73.1,2,4.2029,2.1764,166.79,4.1792,2.0561,-157.87,0.1226,4.2154,8.8,DRIVE
73.15,2,4.2029,2.1764,166.79,4.1547,2.0458,-157.15,0.1391,4.2154,8.8,DRIVE
73.2,2,4.2029,2.1764,166.79,4.1183,2.0299,-156.13,0.1691,4.2154,8.8,DRIVE
73.25,2,4.1942,2.178,172.24,4.0941,2.019,-155.47,0.1879,4.2066,3.37,DRIVE
73.3,2,4.1942,2.178,172.24,4.058,2.002,-154.49,0.2225,4.2066,3.37,DRIVE
73.35,2,4.1942,2.178,172.24,4.0223,1.9845,-153.6,0.2589,4.2066,3.37,DRIVE
73.4,2,4.1942,2.178,172.24,3.9867,1.9665,-152.87,0.2963,4.2066,3.37,DRIVE
73.45,2,4.2071,2.1747,177.69,3.9631,1.9542,-152.43,0.3288,4.2196,-2.11,DRIVE
73.5,2,4.2071,2.1747,177.69,3.9279,1.9355,-151.82,0.3676,4.2196,-2.11,DRIVE
73.55,2,4.2071,2.1747,177.69,3.8929,1.9164,-151.29,0.4067,4.2196,-2.11,DRIVE
73.6,2,4.2071,2.1747,177.69,3.8696,1.9035,-151.05,0.4329,4.2196,-2.11,DRIVE
73.65,2,4.2107,2.169,-176.84,3.8347,1.8841,-150.75,0.4718,4.2237,-7.65,DRIVE
73.7,2,4.2107,2.169,-176.84,3.7999,1.8644,-150.53,0.5114,4.2237,-7.65,DRIVE
73.75,2,4.2107,2.169,-176.84,3.7883,1.8579,-150.5,0.5247,4.2237,-7.65,DRIVE
73.8,2,4.2107,2.169,-176.84,3.7534,1.8381,-150.5,0.5644,4.2237,-7.65,DRIVE
73.85,2,4.2051,2.1713,-174.12,3.7186,1.8184,-150.58,0.601,4.218,-10.35,DRIVE
73.9,2,4.2051,2.1713,-174.12,3.6837,1.7988,-150.72,0.6408,4.218,-10.35,DRIVE
73.95,2,4.2051,2.1713,-174.12,3.672,1.7923,-150.8,0.6541,4.218,-10.35,DRIVE
74.0,2,4.2051,2.1713,-174.12,3.6603,1.7858,-150.89,0.6674,4.218,-10.35,DRIVE
74.05,2,4.2051,2.1713,-174.12,3.6253,1.7664,-151.2,0.7072,4.218,-10.35,DRIVE
74.1,2,4.2051,2.1713,-174.12,3.5901,1.7473,-151.57,0.7471,4.218,-10.35,DRIVE
74.15,2,4.2051,2.1713,-174.12,3.5665,1.7346,-151.86,0.7736,4.218,-10.35,DRIVE
74.2,2,4.2051,2.1713,-174.12,3.5665,1.7346,-151.86,0.7736,4.218,-10.35,DRIVE
74.25,2,4.1105,2.1503,-162.92,3.5311,1.7159,-152.33,0.7242,4.1254,-21.94,DRIVE
74.3,2,4.1105,2.1503,-162.92,3.4955,1.6975,-152.86,0.7638,4.1254,-21.94,DRIVE
74.35,2,4.1105,2.1503,-162.92,3.4597,1.6795,-153.52,0.8033,4.1254,-21.94,DRIVE
74.4,2,4.1105,2.1503,-162.92,3.4236,1.6619,-154.35,0.8429,4.1254,-21.94,DRIVE
74.45,2,4.0384,2.1269,-159.65,3.3872,1.645,-155.34,0.8101,4.0556,-25.63,DRIVE
74.5,2,4.0384,2.1269,-159.65,3.3628,1.634,-156.06,0.8362,4.0556,-25.63,ALIGN
74.55,2,4.0384,2.1269,-159.65,3.3277,1.619,-157.25,0.8735,4.0556,-25.63,ALIGN
74.6,2,4.0384,2.1269,-159.65,3.3065,1.6104,-158.06,0.8958,4.0556,-25.63,ALIGN
74.65,2,3.8857,2.057,-154.66,3.2872,1.6029,-158.87,0.7513,3.9108,-31.85,ALIGN
74.7,2,3.8857,2.057,-154.66,3.2872,1.6029,-158.87,0.7513,3.9108,-31.85,ALIGN
74.75,2,3.8857,2.057,-154.66,3.2619,1.5935,-160.08,0.7771,3.9108,-31.85,ALIGN
74.8,2,3.8857,2.057,-154.66,3.2411,1.5863,-161.26,0.7981,3.9108,-31.85,ALIGN
74.85,2,3.8061,2.0221,-152.65,3.2249,1.5811,-162.42,0.7295,3.8359,-34.51,ALIGN
74.9,2,3.8061,2.0221,-152.65,3.2134,1.5776,-163.57,0.7408,3.8359,-34.51,ALIGN
74.95,2,3.8061,2.0221,-152.65,3.2066,1.5757,-164.72,0.7474,3.8359,-34.51,ALIGN
75.0,2,3.8061,2.0221,-152.65,3.2047,1.5752,-165.5,0.7492,3.8359,-34.51,ALIGN
75.05,2,3.6504,1.9373,-149.62,3.2039,1.5751,-166.65,0.575,3.6935,-39.14,ALIGN
75.1,2,3.6504,1.9373,-149.62,3.2036,1.575,-167.42,0.5753,3.6935,-39.14,ALIGN
75.15,2,3.6504,1.9373,-149.62,3.203,1.5749,-168.59,0.5758,3.6935,-39.14,ALIGN
75.2,2,3.6504,1.9373,-149.62,3.2024,1.5748,-169.8,0.5764,3.6935,-39.14,ALIGN
75.25,2,3.5725,1.896,-148.74,3.2022,1.5747,-170.21,0.4903,3.6232,-40.85,ALIGN
75.3,2,3.5725,1.896,-148.74,3.2016,1.5746,-171.47,0.4908,3.6232,-40.85,ALIGN
75.35,2,3.5725,1.896,-148.74,3.201,1.5746,-172.77,0.4913,3.6232,-40.85,ALIGN
75.4,2,3.5725,1.896,-148.74,3.2004,1.5745,-174.1,0.4917,3.6232,-40.85,ALIGN
75.45,2,3.4192,1.8121,-148.46,3.2003,1.5745,-174.55,0.3231,3.4877,-42.91,ALIGN
75.5,2,3.4192,1.8121,-148.46,3.2001,1.5745,-175.0,0.3232,3.4877,-42.91,ALIGN
75.55,2,3.4192,1.8121,-148.46,3.1998,1.5745,-176.37,0.3235,3.4877,-42.91,ALIGN
75.6,2,3.4192,1.8121,-148.46,3.1995,1.5745,-177.76,0.3237,3.4877,-42.91,ALIGN
75.65,2,3.2674,1.73,-149.6,3.1994,1.5745,-179.16,0.1698,3.3569,-43.66,ALIGN
75.7,2,3.2674,1.73,-149.6,3.1994,1.5745,179.44,0.1698,3.3569,-43.66,ALIGN
75.75,2,3.2674,1.73,-149.6,3.1995,1.5745,178.5,0.1697,3.3569,-43.66,ALIGN
75.8,2,3.2674,1.73,-149.6,3.1997,1.5745,177.1,0.1697,3.3569,-43.66,ALIGN
75.85,2,3.1164,1.6529,-151.93,3.1997,1.5745,177.1,0.1144,3.2294,-43.27,ALIGN
75.9,2,3.1164,1.6529,-151.93,3.1998,1.5745,176.63,0.1145,3.2294,-43.27,ALIGN
75.95,2,3.1164,1.6529,-151.93,3.1998,1.5745,176.17,0.1146,3.2294,-43.27,ALIGN
76.0,2,3.1164,1.6529,-151.93,3.2002,1.5744,174.3,0.1149,3.2294,-43.27,ALIGN
76.05,2,3.0359,1.6102,-153.94,3.2003,1.5744,173.84,0.1683,3.1636,-42.4,ALIGN
76.1,2,3.0359,1.6102,-153.94,3.2005,1.5744,173.38,0.1684,3.1636,-42.4,ALIGN
76.15,2,3.0359,1.6102,-153.94,3.2008,1.5744,171.99,0.1688,3.1636,-42.4,ALIGN
76.2,2,3.0359,1.6102,-153.94,3.2012,1.5743,170.6,0.1692,3.1636,-42.4,ALIGN
76.25,2,2.9709,1.5846,-156.25,3.2016,1.5742,169.23,0.231,3.1087,-40.88,ALIGN
76.3,2,2.9709,1.5846,-156.25,3.2021,1.5741,167.85,0.2314,3.1087,-40.88,ALIGN
76.35,2,2.9709,1.5846,-156.25,3.2024,1.5741,166.93,0.2317,3.1087,-40.88,ALIGN
76.4,2,2.9709,1.5846,-156.25,3.2029,1.574,165.56,0.2322,3.1087,-40.88,ALIGN
76.45,2,2.8904,1.5485,-161.0,3.2032,1.5739,164.65,0.3138,3.043,-37.22,ALIGN
76.5,2,2.8904,1.5485,-161.0,3.2037,1.5737,163.29,0.3142,3.043,-37.22,ALIGN
76.55,2,2.8904,1.5485,-161.0,3.2041,1.5736,161.92,0.3147,3.043,-37.22,ALIGN
76.6,2,2.8904,1.5485,-161.0,3.2046,1.5734,160.56,0.3152,3.043,-37.22,ALIGN
76.65,2,2.8778,1.5441,-165.61,3.2051,1.5733,159.2,0.3286,3.0324,-32.77,ALIGN
76.7,2,2.8778,1.5441,-165.61,3.2056,1.5731,157.84,0.3291,3.0324,-32.77,ALIGN
76.75,2,2.8778,1.5441,-165.61,3.2059,1.5729,156.93,0.3294,3.0324,-32.77,ALIGN
76.8,2,2.8778,1.5441,-165.61,3.2064,1.5727,155.57,0.3299,3.0324,-32.77,ALIGN
76.85,2,2.872,1.5464,-168.0,3.2067,1.5726,154.67,0.3357,3.0262,-30.37,ALIGN
76.9,2,2.872,1.5464,-168.0,3.2072,1.5723,153.31,0.3362,3.0262,-30.37,ALIGN
76.95,2,2.872,1.5464,-168.0,3.2077,1.5721,151.95,0.3367,3.0262,-30.37,ALIGN
77.0,2,2.872,1.5464,-168.0,3.2082,1.5718,150.59,0.3371,3.0262,-30.37,ALIGN
77.05,2,2.8626,1.5466,-173.2,3.2085,1.5717,149.69,0.3467,3.0172,-25.22,ALIGN
77.1,2,2.8626,1.5466,-173.2,3.2086,1.5716,149.24,0.3469,3.0172,-25.22,ALIGN
77.15,2,2.8626,1.5466,-173.2,3.2088,1.5715,148.78,0.347,3.0172,-25.22,ALIGN
77.2,2,2.8626,1.5466,-173.2,3.2091,1.5713,147.88,0.3473,3.0172,-25.22,ALIGN
77.25,2,2.8597,1.5519,-178.75,3.2092,1.5712,147.43,0.3501,3.0128,-19.59,ALIGN
77.3,2,2.8597,1.5519,-178.75,3.2092,1.5712,147.43,0.3501,3.0128,-19.59,DRIVE
77.35,2,2.8597,1.5519,-178.75,3.2094,1.5711,146.97,0.3502,3.0128,-19.59,DRIVE
77.401,2,2.8597,1.5519,-178.75,3.2095,1.571,146.52,0.3504,3.0128,-19.59,DRIVE
77.45,2,2.8634,1.5496,178.48,3.2085,1.5717,145.25,0.3458,3.017,-16.84,DRIVE
77.5,2,2.8634,1.5496,178.48,3.2075,1.5724,144.85,0.3448,3.017,-16.84,DRIVE
77.55,2,2.8634,1.5496,178.48,3.2039,1.575,144.09,0.3414,3.017,-16.84,DRIVE
77.6,2,2.8634,1.5496,178.48,3.1954,1.5814,142.99,0.3334,3.017,-16.84,DRIVE
77.65,2,2.8702,1.5521,175.76,3.183,1.591,141.84,0.3152,3.0227,-14.04,DRIVE
77.7,2,2.8702,1.5521,175.76,3.167,1.6039,140.57,0.3013,3.0227,-14.04,DRIVE
77.75,2,2.8702,1.5521,175.76,3.1476,1.6203,139.22,0.2857,3.0227,-14.04,DRIVE
77.8,2,2.8702,1.5521,175.76,3.1251,1.6405,137.77,0.2698,3.0227,-14.04,DRIVE
77.85,2,2.8666,1.5507,173.03,3.0997,1.6644,136.19,0.2594,3.0197,-11.35,DRIVE
77.9,2,2.8666,1.5507,173.03,3.0907,1.6732,135.64,0.2554,3.0197,-11.35,DRIVE
77.95,2,2.8666,1.5507,173.03,3.0816,1.6823,135.11,0.2521,3.0197,-11.35,DRIVE
78.0,2,2.8666,1.5507,173.03,3.0544,1.7104,133.64,0.2465,3.0197,-11.35,DRIVE
78.05,2,2.866,1.5449,167.6,3.0275,1.7395,132.35,0.2529,3.021,-6.03,DRIVE
78.1,2,2.866,1.5449,167.6,3.0011,1.7692,131.16,0.2619,3.021,-6.03,DRIVE
78.15,2,2.866,1.5449,167.6,2.9754,1.7995,130.13,0.2771,3.021,-6.03,DRIVE
78.2,2,2.866,1.5449,167.6,2.9754,1.7995,130.13,0.2771,3.021,-6.03,DRIVE
78.25,2,2.869,1.5474,164.89,2.9584,1.8199,129.54,0.2868,3.023,-3.26,DRIVE
78.3,2,2.869,1.5474,164.89,2.9333,1.8509,128.71,0.3102,3.023,-3.26,DRIVE
78.35,2,2.869,1.5474,164.89,2.9005,1.8928,127.78,0.3468,3.023,-3.26,DRIVE
78.4,2,2.869,1.5474,164.89,2.8843,1.9139,127.35,0.3668,3.023,-3.26,DRIVE
78.45,2,2.875,1.5448,159.45,2.8603,1.9458,126.73,0.4013,3.0295,2.17,DRIVE
78.5,2,2.875,1.5448,159.45,2.8445,1.9673,126.34,0.4236,3.0295,2.17,DRIVE
78.55,2,2.875,1.5448,159.45,2.821,1.9996,125.85,0.458,3.0295,2.17,DRIVE
78.6,2,2.875,1.5448,159.45,2.8132,2.0104,125.72,0.4697,3.0295,2.17,DRIVE
78.65,2,2.8746,1.5472,154.03,2.7977,2.0321,125.5,0.4909,3.0283,7.63,DRIVE
78.7,2,2.8746,1.5472,154.03,2.7746,2.0648,125.23,0.5271,3.0283,7.63,DRIVE
78.75,2,2.8746,1.5472,154.03,2.7516,2.0975,125.12,0.5638,3.0283,7.63,DRIVE
78.8,2,2.8746,1.5472,154.03,2.7286,2.1302,125.14,0.601,3.0283,7.63,DRIVE
78.85,2,2.8783,1.5469,151.31,2.7055,2.163,125.23,0.6398,3.032,10.36,DRIVE
78.9,2,2.8783,1.5469,151.31,2.6823,2.1957,125.39,0.6777,3.032,10.36,DRIVE
78.95,2,2.8783,1.5469,151.31,2.6668,2.2174,125.56,0.703,3.032,10.36,DRIVE
79.0,2,2.8783,1.5469,151.31,2.6512,2.2391,125.77,0.7285,3.032,10.36,DRIVE
79.05,2,2.8874,1.55,146.18,2.6434,2.2499,125.89,0.7412,3.0397,15.61,DRIVE
79.1,2,2.8874,1.55,146.18,2.6198,2.2823,126.29,0.7796,3.0397,15.61,DRIVE
79.15,2,2.8874,1.55,146.18,2.5959,2.3144,126.83,0.8181,3.0397,15.61,DRIVE
79.2,2,2.8874,1.55,146.18,2.5716,2.3463,127.48,0.8566,3.0397,15.61,DRIVE
79.25,2,2.8137,1.594,141.26,2.547,2.3779,128.22,0.828,2.9559,20.89,DRIVE
79.3,2,2.8137,1.594,141.26,2.5303,2.3988,128.74,0.8531,2.9559,20.89,DRIVE
79.35,2,2.8137,1.594,141.26,2.505,2.4297,129.65,0.8909,2.9559,20.89,DRIVE
79.4,2,2.8137,1.594,141.26,2.4877,2.4502,130.33,0.9161,2.9559,20.89,DRIVE
79.45,2,2.7565,1.6335,138.27,2.479,2.4603,130.69,0.8721,2.8895,24.27,DRIVE
79.5,2,2.7565,1.6335,138.27,2.4525,2.4903,131.82,0.9091,2.8895,24.27,DRIVE
79.55,2,2.7565,1.6335,138.27,2.4254,2.5198,133.1,0.9461,2.8895,24.27,DRIVE
79.6,2,2.7565,1.6335,138.27,2.3976,2.5486,134.48,0.983,2.8895,24.27,DRIVE
79.65,2,2.7565,1.6335,138.27,2.3691,2.5766,135.96,1.0196,2.8895,24.27,DRIVE
79.7,2,2.7565,1.6335,138.27,2.3399,2.6039,137.52,1.056,2.8895,24.27,DRIVE
79.75,2,2.7565,1.6335,138.27,2.32,2.6215,138.61,1.0802,2.8895,24.27,DRIVE
79.8,2,2.7565,1.6335,138.27,2.2998,2.6388,139.73,1.1042,2.8895,24.27,DRIVE
79.85,2,2.623,1.8037,131.05,2.2896,2.6473,140.3,0.9071,2.7138,34.09,DRIVE
79.9,2,2.623,1.8037,131.05,2.2586,2.672,142.06,0.9416,2.7138,34.09,ALIGN
79.95,2,2.623,1.8037,131.05,2.2293,2.6939,143.8,0.9733,2.7138,34.09,ALIGN
80.0,2,2.623,1.8037,131.05,2.2116,2.7064,144.91,0.9921,2.7138,34.09,ALIGN
80.051,2,2.5325,1.9304,128.35,2.188,2.7224,146.47,0.8637,2.5958,38.98,ALIGN
80.1,2,2.5325,1.9304,128.35,2.1681,2.735,147.91,0.8833,2.5958,38.98,ALIGN
80.15,2,2.5325,1.9304,128.35,2.1522,2.7447,149.21,0.8987,2.5958,38.98,ALIGN
80.2,2,2.5325,1.9304,128.35,2.1438,2.7496,150.02,0.9067,2.5958,38.98,ALIGN
80.25,2,2.4385,2.0546,127.18,2.1347,2.7546,151.19,0.7631,2.4788,42.47,ALIGN
80.3,2,2.4385,2.0546,127.18,2.1299,2.7572,152.35,0.7674,2.4788,42.47,ALIGN
80.35,2,2.4385,2.0546,127.18,2.1289,2.7576,153.12,0.7682,2.4788,42.47,ALIGN
80.4,2,2.4385,2.0546,127.18,2.1284,2.7579,154.27,0.7687,2.4788,42.47,ALIGN
80.45,2,2.3947,2.1204,127.2,2.1278,2.7581,155.43,0.6914,2.4247,43.79,ALIGN
80.5,2,2.3947,2.1204,127.2,2.1273,2.7584,156.62,0.6918,2.4247,43.79,ALIGN
80.55,2,2.3947,2.1204,127.2,2.1269,2.7585,157.44,0.6921,2.4247,43.79,ALIGN
80.601,2,2.3947,2.1204,127.2,2.1269,2.7585,157.44,0.6921,2.4247,43.79,ALIGN
80.65,2,2.3062,2.2472,128.45,2.1263,2.7588,158.7,0.5423,2.3201,45.29,ALIGN
80.7,2,2.3062,2.2472,128.45,2.1257,2.759,160.0,0.5427,2.3201,45.29,ALIGN
80.75,2,2.3062,2.2472,128.45,2.1253,2.7591,161.32,0.543,2.3201,45.29,ALIGN
80.8,2,2.3062,2.2472,128.45,2.1249,2.7593,162.67,0.5432,2.3201,45.29,ALIGN
80.85,2,2.2104,2.3684,131.24,2.1246,2.7593,164.04,0.4003,2.2144,45.35,ALIGN
80.9,2,2.2104,2.3684,131.24,2.1245,2.7594,164.5,0.4003,2.2144,45.35,ALIGN
80.95,2,2.2104,2.3684,131.24,2.1244,2.7594,164.96,0.4003,2.2144,45.35,ALIGN
81.0,2,2.2104,2.3684,131.24,2.1243,2.7594,166.35,0.4004,2.2144,45.35,ALIGN
81.05,2,2.1591,2.4315,133.36,2.1244,2.7594,167.75,0.3297,2.1602,44.82,ALIGN
81.1,2,2.1591,2.4315,133.36,2.1245,2.7593,169.14,0.3297,2.1602,44.82,ALIGN
81.15,2,2.1591,2.4315,133.36,2.1247,2.7593,170.07,0.3296,2.1602,44.82,ALIGN
81.2,2,2.0456,2.543,138.83,2.1248,2.7593,170.53,0.2304,2.0461,42.37,ALIGN
81.25,2,2.0456,2.543,138.83,2.1249,2.7593,171.0,0.2304,2.0461,42.37,ALIGN
81.3,2,2.0456,2.543,138.83,2.1251,2.7592,171.92,0.2304,2.0461,42.37,ALIGN
81.35,2,2.0456,2.543,138.83,2.1254,2.7592,173.31,0.2305,2.0461,42.37,ALIGN
81.4,2,2.0456,2.543,138.83,2.1258,2.7592,174.68,0.2306,2.0461,42.37,ALIGN
81.45,2,2.0456,2.543,138.83,2.1259,2.7591,175.14,0.2306,2.0461,42.37,ALIGN
81.5,2,2.0456,2.543,138.83,2.1262,2.7591,176.06,0.2307,2.0461,42.37,ALIGN
81.55,2,2.0456,2.543,138.83,2.1266,2.7591,177.43,0.2308,2.0461,42.37,ALIGN
81.6,2,1.8814,2.6603,148.98,2.127,2.7591,178.79,0.2647,1.8882,35.89,ALIGN
81.65,2,1.8814,2.6603,148.98,2.127,2.7591,178.79,0.2647,1.8882,35.89,ALIGN
81.7,2,1.8814,2.6603,148.98,2.1274,2.7591,179.7,0.265,1.8882,35.89,ALIGN
81.75,2,1.8814,2.6603,148.98,2.1278,2.7591,-178.94,0.2655,1.8882,35.89,ALIGN
81.8,2,1.8409,2.6768,151.63,2.1282,2.7591,-178.03,0.2988,1.8493,33.85,ALIGN
81.85,2,1.8409,2.6768,151.63,2.1287,2.7591,-176.68,0.2993,1.8493,33.85,ALIGN
81.9,2,1.8409,2.6768,151.63,2.129,2.7591,-175.77,0.2996,1.8493,33.85,ALIGN
81.95,2,1.8409,2.6768,151.63,2.1295,2.7592,-174.42,0.3001,1.8493,33.85,ALIGN
82.0,2,1.8187,2.6833,153.99,2.13,2.7592,-173.07,0.3204,1.8279,31.76,ALIGN
82.05,2,1.8187,2.6833,153.99,2.1304,2.7593,-172.16,0.3208,1.8279,31.76,ALIGN
82.1,2,1.8187,2.6833,153.99,2.1304,2.7593,-172.16,0.3208,1.8279,31.76,ALIGN
82.15,2,1.8187,2.6833,153.99,2.1309,2.7593,-170.81,0.3213,1.8279,31.76,ALIGN
82.2,2,1.8134,2.6831,158.7,2.1312,2.7594,-169.91,0.3268,1.8227,27.07,ALIGN
82.25,2,1.8134,2.6831,158.7,2.1317,2.7595,-168.56,0.3273,1.8227,27.07,ALIGN
82.3,2,1.8134,2.6831,158.7,2.1322,2.7596,-167.21,0.3278,1.8227,27.07,ALIGN
82.35,2,1.8134,2.6831,158.7,2.1327,2.7597,-165.86,0.3283,1.8227,27.07,ALIGN
82.4,2,1.8142,2.6838,161.21,2.1331,2.7598,-164.96,0.3277,1.8235,24.57,ALIGN
82.45,2,1.8142,2.6838,161.21,2.1334,2.7599,-164.06,0.3281,1.8235,24.57,DRIVE
82.5,2,1.8142,2.6838,161.21,2.1334,2.7599,-163.61,0.3281,1.8235,24.57,DRIVE
82.55,2,1.8142,2.6838,161.21,2.131,2.7592,-162.28,0.3256,1.8235,24.57,DRIVE
82.6,2,1.8092,2.6817,166.64,2.127,2.7578,-161.39,0.3268,1.8183,19.09,DRIVE
82.65,2,1.8092,2.6817,166.64,2.117,2.7543,-159.98,0.3162,1.8183,19.09,DRIVE
82.7,2,1.8092,2.6817,166.64,2.1026,2.7487,-158.53,0.3009,1.8183,19.09,DRIVE
82.75,2,1.8092,2.6817,166.64,2.0837,2.7409,-157.06,0.2809,1.8183,19.09,DRIVE
82.8,2,1.8057,2.6794,172.26,2.0837,2.7409,-157.06,0.2848,1.8146,13.42,DRIVE
82.85,2,1.8057,2.6794,172.26,2.0688,2.7344,-156.02,0.2688,1.8146,13.42,DRIVE
82.9,2,1.8057,2.6794,172.26,2.0431,2.7223,-154.37,0.2412,1.8146,13.42,DRIVE
82.95,2,1.8057,2.6794,172.26,2.0239,2.7128,-153.26,0.2208,1.8146,13.42,DRIVE
83.0,2,1.8091,2.6775,175.02,1.9813,2.6899,-150.95,0.1727,1.8178,10.58,DRIVE
83.05,2,1.8091,2.6775,175.02,1.959,2.677,-149.85,0.1499,1.8178,10.58,DRIVE
83.1,2,1.8091,2.6775,175.02,1.9254,2.6567,-148.43,0.1182,1.8178,10.58,DRIVE
83.15,2,1.8091,2.6775,175.02,1.9031,2.6427,-147.6,0.1002,1.8178,10.58,DRIVE
83.2,2,1.8082,2.6783,-179.45,1.8699,2.621,-146.45,0.0842,1.817,5.08,DRIVE
83.25,2,1.8082,2.6783,-179.45,1.837,2.5986,-145.35,0.0848,1.817,5.08,DRIVE
83.3,2,1.8082,2.6783,-179.45,1.8153,2.5833,-144.69,0.0953,1.817,5.08,DRIVE
83.35,2,1.8082,2.6783,-179.45,1.7831,2.56,-143.85,0.121,1.817,5.08,DRIVE
83.4,2,1.8052,2.6815,-176.66,1.7511,2.5362,-143.09,0.1551,1.8143,2.41,DRIVE
83.45,2,1.8052,2.6815,-176.66,1.7511,2.5362,-143.09,0.1551,1.8143,2.41,DRIVE
83.5,2,1.8052,2.6815,-176.66,1.7299,2.52,-142.6,0.1781,1.8143,2.41,DRIVE
83.55,2,1.8052,2.6815,-176.66,1.6984,2.4956,-141.94,0.2144,1.8143,2.41,DRIVE
83.6,2,1.8025,2.6857,-171.24,1.6672,2.4707,-141.36,0.254,1.8121,-2.88,DRIVE
83.65,2,1.8025,2.6857,-171.24,1.6362,2.4456,-140.82,0.2921,1.8121,-2.88,DRIVE
83.7,2,1.8025,2.6857,-171.24,1.6054,2.4202,-140.42,0.3306,1.8121,-2.88,DRIVE
83.75,2,1.8025,2.6857,-171.24,1.5849,2.4032,-140.23,0.3566,1.8121,-2.88,DRIVE
83.8,2,1.8054,2.6853,-165.76,1.5747,2.3947,-140.15,0.3711,1.8149,-8.38,DRIVE
83.851,2,1.8054,2.6853,-165.76,1.5645,2.3861,-140.08,0.3841,1.8149,-8.38,DRIVE
83.9,2,1.8054,2.6853,-165.76,1.5338,2.3604,-139.91,0.4235,1.8149,-8.38,DRIVE
83.95,2,1.8054,2.6853,-165.76,1.5032,2.3346,-139.92,0.4629,1.8149,-8.38,DRIVE
84.0,2,1.8083,2.6851,-163.08,1.493,2.326,-139.95,0.4778,1.8177,-11.08,DRIVE
84.05,2,1.8083,2.6851,-163.08,1.4726,2.3088,-140.02,0.5042,1.8177,-11.08,DRIVE
84.1,2,1.8083,2.6851,-163.08,1.4418,2.2832,-140.23,0.5439,1.8177,-11.08,DRIVE
84.15,2,1.8083,2.6851,-163.08,1.4109,2.2576,-140.54,0.5836,1.8177,-11.08,DRIVE
84.2,2,1.8083,2.6851,-163.08,1.3903,2.2407,-140.79,0.6101,1.8177,-11.08,DRIVE
84.25,2,1.8083,2.6851,-163.08,1.3591,2.2155,-141.22,0.6498,1.8177,-11.08,DRIVE
84.3,2,1.8083,2.6851,-163.08,1.3277,2.1906,-141.71,0.6895,1.8177,-11.08,DRIVE
84.35,2,1.8083,2.6851,-163.08,1.3066,2.1741,-142.07,0.716,1.8177,-11.08,DRIVE
84.4,2,1.763,2.6612,-154.63,1.2749,2.1497,-142.65,0.707,1.7703,-20.15,DRIVE
84.45,2,1.763,2.6612,-154.63,1.2535,2.1336,-143.06,0.7334,1.7703,-20.15,DRIVE
84.5,2,1.763,2.6612,-154.63,1.2428,2.1256,-143.28,0.7466,1.7703,-20.15,DRIVE
84.55,2,1.763,2.6612,-154.63,1.2213,2.1098,-143.76,0.773,1.7703,-20.15,DRIVE
84.6,2,1.6545,2.5988,-147.99,1.1887,2.0864,-144.62,0.6925,1.6574,-28.59,DRIVE
84.65,2,1.6545,2.5988,-147.99,1.1668,2.0711,-145.27,0.7186,1.6574,-28.59,ALIGN
84.7,2,1.6545,2.5988,-147.99,1.1352,2.0497,-146.35,0.7558,1.6574,-28.59,ALIGN
84.75,2,1.6545,2.5988,-147.99,1.107,2.0315,-147.51,0.7884,1.6574,-28.59,ALIGN
84.8,2,1.6545,2.5988,-147.99,1.0826,2.0165,-148.69,0.8162,1.6574,-28.59,ALIGN
84.85,2,1.6545,2.5988,-147.99,1.0826,2.0165,-148.69,0.8162,1.6574,-28.59,ALIGN
84.9,2,1.6545,2.5988,-147.99,1.0686,2.0082,-149.47,0.832,1.6574,-28.59,ALIGN
84.95,2,1.6545,2.5988,-147.99,1.0509,1.9981,-150.63,0.8516,1.6574,-28.59,ALIGN
85.0,2,1.4427,2.4491,-141.28,1.0415,1.9929,-151.39,0.6076,1.4436,-40.74,ALIGN
85.05,2,1.4427,2.4491,-141.28,1.0308,1.9873,-152.54,0.6188,1.4436,-40.74,ALIGN
85.1,2,1.4427,2.4491,-141.28,1.0282,1.986,-152.93,0.6215,1.4436,-40.74,ALIGN
85.15,2,1.4427,2.4491,-141.28,1.0245,1.9841,-153.69,0.6254,1.4436,-40.74,ALIGN
85.2,2,1.3105,2.3425,-138.75,1.0224,1.9831,-154.86,0.4607,1.32,-48.1,ALIGN
85.251,2,1.3105,2.3425,-138.75,1.0218,1.9829,-156.0,0.4612,1.32,-48.1,ALIGN
85.3,2,1.3105,2.3425,-138.75,1.0218,1.9829,-156.0,0.4612,1.32,-48.1,ALIGN
85.35,2,1.3105,2.3425,-138.75,1.0213,1.9827,-157.17,0.4617,1.32,-48.1,ALIGN
85.4,2,1.2483,2.2874,-138.05,1.021,1.9825,-157.96,0.3803,1.2663,-51.62,ALIGN
85.45,2,1.2483,2.2874,-138.05,1.0204,1.9823,-159.18,0.3808,1.2663,-51.62,ALIGN
85.5,2,1.2483,2.2874,-138.05,1.0198,1.9821,-160.44,0.3813,1.2663,-51.62,ALIGN
85.55,2,1.2483,2.2874,-138.05,1.0192,1.9819,-161.74,0.3818,1.2663,-51.62,ALIGN
85.6,2,1.2483,2.2874,-138.05,1.0189,1.9818,-162.62,0.3821,1.2663,-51.62,ALIGN
85.65,2,1.2483,2.2874,-138.05,1.0184,1.9817,-163.97,0.3825,1.2663,-51.62,ALIGN
85.7,2,1.2483,2.2874,-138.05,1.018,1.9816,-165.33,0.3828,1.2663,-51.62,ALIGN
85.75,2,1.2483,2.2874,-138.05,1.0179,1.9815,-166.26,0.383,1.2663,-51.62,ALIGN
85.8,2,1.0567,2.1274,-138.65,1.0178,1.9815,-166.72,0.151,1.1205,-60.77,ALIGN
85.85,2,1.0567,2.1274,-138.65,1.0177,1.9815,-167.19,0.1511,1.1205,-60.77,ALIGN
85.9,2,1.0567,2.1274,-138.65,1.0177,1.9815,-169.05,0.1511,1.1205,-60.77,ALIGN
85.95,2,1.0567,2.1274,-138.65,1.0177,1.9815,-169.99,0.151,1.1205,-60.77,ALIGN
86.0,2,0.9309,2.0221,-140.69,1.0179,1.9816,-171.4,0.096,1.0464,-66.49,ALIGN
86.05,2,0.9309,2.0221,-140.69,1.018,1.9816,-172.33,0.0961,1.0464,-66.49,ALIGN
86.1,2,0.9309,2.0221,-140.69,1.0183,1.9816,-173.73,0.0963,1.0464,-66.49,ALIGN
86.15,2,0.9309,2.0221,-140.69,1.0185,1.9816,-174.66,0.0965,1.0464,-66.49,ALIGN
86.2,2,0.8648,1.9688,-142.15,1.0188,1.9817,-176.05,0.1546,1.015,-69.41,ALIGN
86.25,2,0.8648,1.9688,-142.15,1.0192,1.9817,-177.44,0.1549,1.015,-69.41,ALIGN
86.3,2,0.8648,1.9688,-142.15,1.0192,1.9817,-177.44,0.1549,1.015,-69.41,ALIGN
86.35,2,0.8648,1.9688,-142.15,1.0195,1.9817,-178.36,0.1552,1.015,-69.41,ALIGN
86.4,2,0.744,1.8829,-146.43,1.0199,1.9817,-179.74,0.293,0.9667,-73.25,ALIGN
86.45,2,0.744,1.8829,-146.43,1.0204,1.9817,178.89,0.2935,0.9667,-73.25,ALIGN
86.5,2,0.744,1.8829,-146.43,1.0208,1.9817,177.51,0.2939,0.9667,-73.25,ALIGN
86.55,2,0.744,1.8829,-146.43,1.0213,1.9817,176.14,0.2944,0.9667,-73.25,ALIGN
86.6,2,0.7112,1.8622,-148.75,1.0218,1.9816,174.78,0.3328,0.9553,-73.14,ALIGN
86.65,2,0.7112,1.8622,-148.75,1.022,1.9816,174.32,0.333,0.9553,-73.14,ALIGN
86.7,2,0.7112,1.8622,-148.75,1.022,1.9816,174.32,0.333,0.9553,-73.14,ALIGN
86.75,2,0.7112,1.8622,-148.75,1.0225,1.9816,172.96,0.3334,0.9553,-73.14,ALIGN
86.8,2,0.6891,1.8432,-153.31,1.023,1.9815,171.59,0.3614,0.952,-70.32,ALIGN
86.85,2,0.6891,1.8432,-153.31,1.0235,1.9814,170.23,0.3618,0.952,-70.32,ALIGN
86.9,2,0.6891,1.8432,-153.31,1.024,1.9813,168.87,0.3623,0.952,-70.32,ALIGN
86.95,2,0.6891,1.8432,-153.31,1.0245,1.9812,167.51,0.3627,0.952,-70.32,ALIGN
87.0,2,0.6832,1.8435,-155.65,1.0247,1.9812,167.06,0.3682,0.9475,-68.21,ALIGN
87.05,2,0.6832,1.8435,-155.65,1.0249,1.9811,166.61,0.3684,0.9475,-68.21,ALIGN
87.1,2,0.6832,1.8435,-155.65,1.0254,1.981,165.25,0.3688,0.9475,-68.21,ALIGN
87.15,2,0.6832,1.8435,-155.65,1.0259,1.9809,163.89,0.3692,0.9475,-68.21,ALIGN
87.2,2,0.6832,1.8435,-155.65,1.0264,1.9807,162.53,0.3696,0.9475,-68.21,ALIGN
87.25,2,0.6832,1.8435,-155.65,1.0269,1.9805,161.17,0.37,0.9475,-68.21,ALIGN
87.3,2,0.6832,1.8435,-155.65,1.0274,1.9804,159.82,0.3704,0.9475,-68.21,ALIGN
87.35,2,0.6832,1.8435,-155.65,1.0279,1.9802,158.46,0.3708,0.9475,-68.21,ALIGN
87.4,2,0.6824,1.8418,-163.41,1.0283,1.98,157.55,0.3725,0.9481,-60.56,ALIGN
87.45,2,0.6824,1.8418,-163.41,1.0288,1.9798,156.2,0.3729,0.9481,-60.56,ALIGN
87.5,2,0.6824,1.8418,-163.41,1.0293,1.9796,154.84,0.3732,0.9481,-60.56,ALIGN
87.55,2,0.6824,1.8418,-163.41,1.0297,1.9794,153.48,0.3736,0.9481,-60.56,ALIGN
87.6,2,0.6797,1.8479,-168.98,1.0301,1.9792,152.58,0.3741,0.9419,-54.83,ALIGN
87.65,2,0.6797,1.8479,-168.98,1.0305,1.979,151.22,0.3745,0.9419,-54.83,ALIGN
87.7,2,0.6797,1.8479,-168.98,1.031,1.9787,149.87,0.3748,0.9419,-54.83,ALIGN
87.75,2,0.6797,1.8479,-168.98,1.0315,1.9784,148.51,0.3752,0.9419,-54.83,ALIGN
87.8,2,0.6864,1.8496,-174.54,1.0318,1.9782,147.61,0.3686,0.9456,-48.92,ALIGN
87.85,2,0.6864,1.8496,-174.54,1.0322,1.9779,146.25,0.3689,0.9456,-48.92,ALIGN
87.9,2,0.6864,1.8496,-174.54,1.0327,1.9776,144.89,0.3692,0.9456,-48.92,ALIGN
87.95,2,0.6864,1.8496,-174.54,1.0331,1.9773,143.54,0.3695,0.9456,-48.92,ALIGN
88.0,2,0.6864,1.8496,-174.54,1.0334,1.9771,142.63,0.3697,0.9456,-48.92,ALIGN
88.05,2,0.6844,1.8566,179.95,1.0334,1.9771,142.63,0.3692,0.9394,-43.18,ALIGN
88.1,2,0.6844,1.8566,179.95,1.0338,1.9768,141.28,0.3695,0.9394,-43.18,ALIGN
88.15,2,0.6844,1.8566,179.95,1.0342,1.9764,139.92,0.3698,0.9394,-43.18,ALIGN
88.2,2,0.6919,1.8612,174.54,1.0346,1.9761,138.56,0.3615,0.9417,-37.25,ALIGN
88.25,2,0.6919,1.8612,174.54,1.0351,1.9757,137.21,0.3617,0.9417,-37.25,ALIGN
88.3,2,0.6919,1.8612,174.54,1.0353,1.9755,136.3,0.3619,0.9417,-37.25,ALIGN
88.35,2,0.6919,1.8612,174.54,1.0357,1.9751,134.95,0.3621,0.9417,-37.25,ALIGN
88.4,2,0.6919,1.8612,174.54,1.0361,1.9747,133.59,0.3624,0.9417,-37.25,ALIGN
88.45,2,0.6934,1.8606,169.1,1.0364,1.9743,132.24,0.3614,0.9431,-31.78,ALIGN
88.5,2,0.6934,1.8606,169.1,1.0368,1.9739,130.88,0.3616,0.9431,-31.78,ALIGN
88.55,2,0.6934,1.8606,169.1,1.0372,1.9735,129.52,0.3618,0.9431,-31.78,ALIGN
88.6,2,0.693,1.8598,166.42,1.0374,1.9732,128.62,0.3626,0.9435,-29.15,ALIGN
88.65,2,0.693,1.8598,166.42,1.0377,1.9728,127.26,0.3628,0.9435,-29.15,ALIGN
88.7,2,0.693,1.8598,166.42,1.0379,1.9725,126.36,0.3629,0.9435,-29.15,ALIGN
88.75,2,0.693,1.8598,166.42,1.0381,1.9722,125.45,0.363,0.9435,-29.15,ALIGN
88.8,2,0.6881,1.8537,161.07,1.0382,1.9721,125.0,0.3696,0.944,-24.28,ALIGN
88.85,2,0.6881,1.8537,161.07,1.0384,1.9718,123.65,0.3697,0.944,-24.28,DRIVE
88.9,2,0.6881,1.8537,161.07,1.0371,1.9738,122.31,0.3691,0.944,-24.28,DRIVE
88.95,2,0.6881,1.8537,161.07,1.0333,1.98,120.96,0.3677,0.944,-24.28,DRIVE
89.0,2,0.6881,1.8537,161.07,1.0272,1.9906,119.52,0.3658,0.944,-24.28,DRIVE
89.05,2,0.6936,1.8519,155.67,1.019,2.0057,117.94,0.3599,0.9493,-18.72,DRIVE
89.1,2,0.6936,1.8519,155.67,1.0126,2.0183,116.79,0.3598,0.9493,-18.72,DRIVE
89.15,2,0.6936,1.8519,155.67,1.0018,2.0408,114.98,0.3615,0.9493,-18.72,DRIVE
89.2,2,0.6936,1.8519,155.67,0.99,2.0679,113.11,0.3667,0.9493,-18.72,DRIVE
89.25,2,0.6977,1.8493,150.29,0.9774,2.0995,111.13,0.3753,0.954,-13.3,DRIVE
89.3,2,0.6977,1.8493,150.29,0.9774,2.0995,111.13,0.3753,0.954,-13.3,DRIVE
89.35,2,0.6977,1.8493,150.29,0.9732,2.1108,110.47,0.3798,0.954,-13.3,DRIVE
89.4,2,0.6977,1.8493,150.29,0.9691,2.1223,109.83,0.3849,0.954,-13.3,DRIVE
89.45,2,0.7021,1.848,144.87,0.965,2.1339,109.21,0.3884,0.9581,-7.75,DRIVE
89.5,2,0.7021,1.848,144.87,0.9611,2.1456,108.62,0.3945,0.9581,-7.75,DRIVE
89.55,2,0.7021,1.848,144.87,0.9572,2.1574,108.07,0.401,0.9581,-7.75,DRIVE
89.6,2,0.7092,1.8467,142.18,0.9463,2.1933,106.59,0.4199,0.9643,-4.83,DRIVE
89.65,2,0.7092,1.8467,142.18,0.936,2.2297,105.42,0.4451,0.9643,-4.83,DRIVE
89.7,2,0.7092,1.8467,142.18,0.936,2.2297,105.42,0.4451,0.9643,-4.83,DRIVE
89.75,2,0.7092,1.8467,142.18,0.9294,2.2543,104.79,0.4632,0.9643,-4.83,DRIVE
89.8,2,0.7092,1.8467,142.18,0.92,2.2915,103.97,0.4921,0.9643,-4.83,DRIVE
89.85,2,0.7092,1.8467,142.18,0.911,2.3289,103.23,0.5226,0.9643,-4.83,DRIVE
89.9,2,0.7092,1.8467,142.18,0.9026,2.3664,102.51,0.5544,0.9643,-4.83,DRIVE
89.95,2,0.7092,1.8467,142.18,0.8998,2.3789,102.27,0.5653,0.9643,-4.83,DRIVE
90.0,2,0.708,1.8459,136.77,0.8945,2.404,101.8,0.5885,0.9639,0.49,DRIVE
90.05,2,0.708,1.8459,136.77,0.887,2.4418,101.12,0.6222,0.9639,0.49,DRIVE
90.1,2,0.708,1.8459,136.77,0.8798,2.4796,100.58,0.6566,0.9639,0.49,DRIVE
90.15,2,0.708,1.8459,136.77,0.8729,2.5175,100.15,0.6916,0.9639,0.49,DRIVE
90.201,2,0.708,1.8459,136.77,0.8663,2.5555,99.77,0.727,0.9639,0.49,DRIVE
90.25,2,0.7094,1.8432,134.09,0.8599,2.5935,99.44,0.7653,0.9668,3.11,DRIVE
90.3,2,0.7094,1.8432,134.09,0.8578,2.6062,99.34,0.7773,0.9668,3.11,DRIVE
90.35,2,0.7094,1.8432,134.09,0.8537,2.6316,99.16,0.8015,0.9668,3.11,DRIVE
90.4,2,0.7094,1.8432,134.09,0.8477,2.6698,98.97,0.8381,0.9668,3.11,DRIVE
90.45,2,0.715,1.8446,128.68,0.8417,2.708,98.83,0.8727,0.97,8.8,DRIVE
90.5,2,0.715,1.8446,128.68,0.8378,2.7335,98.77,0.8974,0.97,8.8,DRIVE
90.55,2,0.715,1.8446,128.68,0.8319,2.7719,98.77,0.9347,0.97,8.8,DRIVE
90.6,2,0.715,1.8446,128.68,0.8259,2.8103,98.89,0.9721,0.97,8.8,DRIVE
90.65,2,0.7116,1.8609,123.31,0.8239,2.8231,98.95,0.9687,0.9565,14.76,DRIVE
90.7,2,0.7116,1.8609,123.31,0.8198,2.8487,99.09,0.9937,0.9565,14.76,DRIVE
90.75,2,0.7116,1.8609,123.31,0.8136,2.8866,99.42,1.0308,0.9565,14.76,DRIVE
90.8,2,0.7116,1.8609,123.31,0.8072,2.9244,99.89,1.0678,0.9565,14.76,DRIVE
90.85,2,0.6657,1.9301,116.83,0.8003,2.9622,100.45,1.0408,0.8763,22.61,DRIVE
90.9,2,0.6657,1.9301,116.83,0.7931,2.9996,101.1,1.077,0.8763,22.61,DRIVE
90.95,2,0.6657,1.9301,116.83,0.7859,3.0347,101.91,1.1111,0.8763,22.61,DRIVE
91.0,2,0.6657,1.9301,116.83,0.7783,3.069,102.87,1.1445,0.8763,22.61,DRIVE
91.05,2,0.6394,1.9897,113.01,0.7729,3.0918,103.56,1.1102,0.8181,28.4,DRIVE
91.1,2,0.6394,1.9897,113.01,0.7642,3.1257,104.69,1.1428,0.8181,28.4,ALIGN
91.15,2,0.6394,1.9897,113.01,0.7557,3.1563,105.89,1.1724,0.8181,28.4,ALIGN
91.2,2,0.6394,1.9897,113.01,0.7505,3.1741,106.69,1.1896,0.8181,28.4,ALIGN
91.25,2,0.6057,2.1269,107.1,0.7434,3.1967,107.87,1.0786,0.7114,41.27,ALIGN
91.3,2,0.6057,2.1269,107.1,0.7374,3.2144,109.02,1.0954,0.7114,41.27,ALIGN
91.35,2,0.6057,2.1269,107.1,0.7327,3.2273,110.16,1.1077,0.7114,41.27,ALIGN
91.4,2,0.6057,2.1269,107.1,0.7327,3.2273,110.16,1.1077,0.7114,41.27,ALIGN
91.45,2,0.567,2.2663,104.05,0.7304,3.2333,110.92,0.9807,0.6133,53.56,ALIGN
91.5,2,0.567,2.2663,104.05,0.7284,3.2384,112.06,0.9854,0.6133,53.56,ALIGN
91.55,2,0.567,2.2663,104.05,0.7279,3.2396,113.21,0.9865,0.6133,53.56,ALIGN
91.6,2,0.567,2.2663,104.05,0.7276,3.2401,114.34,0.987,0.6133,53.56,ALIGN
91.65,2,0.5504,2.3385,102.79,0.7274,3.2406,115.5,0.9193,0.5736,60.86,ALIGN
91.7,2,0.5504,2.3385,102.79,0.7271,3.2412,116.7,0.9198,0.5736,60.86,ALIGN
91.75,2,0.5504,2.3385,102.79,0.7268,3.2417,117.94,0.9203,0.5736,60.86,ALIGN
91.8,2,0.5504,2.3385,102.79,0.7265,3.2423,119.21,0.9208,0.5736,60.86,ALIGN
91.85,2,0.517,2.4907,101.3,0.7263,3.2426,120.08,0.7805,0.5171,77.68,ALIGN
91.9,2,0.517,2.4907,101.3,0.7261,3.243,121.4,0.7808,0.5171,77.68,ALIGN
91.95,2,0.517,2.4907,101.3,0.7258,3.2434,122.76,0.7811,0.5171,77.68,ALIGN
92.0,2,0.517,2.4907,101.3,0.7257,3.2436,124.13,0.7813,0.5171,77.68,ALIGN
92.05,2,0.517,2.4907,101.3,0.7256,3.2437,125.05,0.7814,0.5171,77.68,ALIGN
92.1,2,0.4946,2.6369,100.88,0.7255,3.2438,125.97,0.6493,0.5132,94.6,ALIGN
92.15,2,0.4946,2.6369,100.88,0.7255,3.2438,126.44,0.6493,0.5132,94.6,ALIGN
92.2,2,0.4946,2.6369,100.88,0.7256,3.2438,127.83,0.6493,0.5132,94.6,ALIGN
92.25,2,0.4669,2.7905,102.04,0.7257,3.2436,129.23,0.5218,0.5499,109.86,ALIGN
92.3,2,0.4669,2.7905,102.04,0.7258,3.2435,130.62,0.5217,0.5499,109.86,ALIGN
92.35,2,0.4669,2.7905,102.04,0.726,3.2432,132.01,0.5216,0.5499,109.86,ALIGN
92.4,2,0.4669,2.7905,102.04,0.7262,3.243,133.39,0.5215,0.5499,109.86,ALIGN
92.45,2,0.4669,2.7905,102.04,0.7264,3.2428,134.31,0.5215,0.5499,109.86,ALIGN
92.5,2,0.4669,2.7905,102.04,0.7267,3.2425,135.68,0.5214,0.5499,109.86,ALIGN
92.55,2,0.4669,2.7905,102.04,0.727,3.2422,137.05,0.5212,0.5499,109.86,ALIGN
92.602,2,0.4669,2.7905,102.04,0.7273,3.2419,138.42,0.5211,0.5499,109.86,ALIGN
92.65,2,0.4669,2.7905,102.04,0.7276,3.2417,139.33,0.5211,0.5499,109.86,ALIGN
92.7,2,0.3975,3.0423,109.74,0.7279,3.2414,140.69,0.3858,0.6723,124.02,ALIGN
92.75,2,0.3975,3.0423,109.74,0.7283,3.2411,142.05,0.386,0.6723,124.02,ALIGN
92.8,2,0.3975,3.0423,109.74,0.7287,3.2408,143.41,0.3862,0.6723,124.02,ALIGN
92.85,2,0.3975,3.0423,109.74,0.729,3.2406,144.31,0.3863,0.6723,124.02,ALIGN
92.9,2,0.3855,3.0743,112.07,0.729,3.2406,144.31,0.3816,0.6917,124.07,ALIGN
92.95,2,0.3855,3.0743,112.07,0.7294,3.2403,145.66,0.3819,0.6917,124.07,ALIGN
93.0,2,0.3855,3.0743,112.07,0.7298,3.24,147.02,0.3821,0.6917,124.07,ALIGN
93.05,2,0.3855,3.0743,112.07,0.7303,3.2397,148.37,0.3824,0.6917,124.07,ALIGN
93.1,2,0.3793,3.0919,116.63,0.7307,3.2395,149.72,0.3811,0.703,120.72,ALIGN
93.15,2,0.3793,3.0919,116.63,0.7312,3.2392,151.07,0.3814,0.703,120.72,ALIGN
93.2,2,0.3793,3.0919,116.63,0.7316,3.2389,152.42,0.3817,0.703,120.72,ALIGN
93.25,2,0.3793,3.0919,116.63,0.7319,3.2388,153.32,0.382,0.703,120.72,ALIGN
93.3,2,0.3828,3.0973,121.55,0.7324,3.2386,154.67,0.3771,0.7094,115.79,ALIGN
93.35,2,0.3828,3.0973,121.55,0.7326,3.2385,155.12,0.3772,0.7094,115.79,ALIGN
93.4,2,0.3828,3.0973,121.55,0.7327,3.2384,155.57,0.3773,0.7094,115.79,ALIGN
93.45,2,0.3828,3.0973,121.55,0.7332,3.2382,156.92,0.3777,0.7094,115.79,ALIGN
93.5,2,0.3817,3.099,126.94,0.7337,3.238,158.26,0.3785,0.7103,110.56,ALIGN
93.55,2,0.3817,3.099,126.94,0.7342,3.2378,159.61,0.3789,0.7103,110.56,ALIGN
93.6,2,0.3817,3.099,126.94,0.7347,3.2376,160.96,0.3793,0.7103,110.56,ALIGN
93.65,2,0.3817,3.099,126.94,0.7352,3.2374,162.31,0.3797,0.7103,110.56,ALIGN
93.7,2,0.3819,3.1074,129.76,0.7357,3.2373,163.66,0.3769,0.7175,108.08,ALIGN
93.75,2,0.3819,3.1074,129.76,0.7357,3.2373,163.66,0.3769,0.7175,108.08,ALIGN
93.8,2,0.3819,3.1074,129.76,0.7362,3.2371,165.0,0.3773,0.7175,108.08,ALIGN
93.85,2,0.3819,3.1074,129.76,0.7367,3.237,166.35,0.3777,0.7175,108.08,ALIGN
93.9,2,0.3819,3.1074,129.76,0.7369,3.237,166.8,0.3779,0.7175,108.08,ALIGN
93.95,2,0.3819,3.1074,129.76,0.7372,3.2369,167.7,0.3782,0.7175,108.08,ALIGN
94.0,2,0.3819,3.1074,129.76,0.7377,3.2368,169.05,0.3786,0.7175,108.08,ALIGN
94.05,2,0.3819,3.1074,129.76,0.7383,3.2367,170.39,0.3791,0.7175,108.08,ALIGN
94.1,2,0.3839,3.1141,140.89,0.7388,3.2366,171.74,0.3755,0.7242,97.1,ALIGN
94.15,2,0.3839,3.1141,140.89,0.7388,3.2366,171.74,0.3755,0.7242,97.1,ALIGN
94.2,2,0.3839,3.1141,140.89,0.7391,3.2366,172.64,0.3758,0.7242,97.1,ALIGN
94.25,2,0.3839,3.1141,140.89,0.7393,3.2365,173.09,0.376,0.7242,97.1,ALIGN
94.3,2,0.3855,3.1075,143.65,0.7395,3.2365,173.54,0.3767,0.7196,93.95,ALIGN
94.35,2,0.3855,3.1075,143.65,0.7397,3.2365,173.99,0.3769,0.7196,93.95,ALIGN
94.4,2,0.3855,3.1075,143.65,0.7398,3.2365,174.44,0.377,0.7196,93.95,ALIGN
94.45,2,0.3885,3.1113,146.34,0.74,3.2365,174.89,0.3732,0.7243,91.22,ALIGN
94.5,2,0.3885,3.1113,146.34,0.7406,3.2364,176.23,0.3736,0.7243,91.22,ALIGN
94.55,2,0.3885,3.1113,146.34,0.7409,3.2364,177.13,0.374,0.7243,91.22,ALIGN
94.6,2,0.3885,3.1113,146.34,0.7411,3.2364,177.58,0.3741,0.7243,91.22,ALIGN
94.65,2,0.3899,3.1061,149.1,0.7416,3.2364,178.93,0.375,0.7207,88.15,ALIGN
94.7,2,0.3899,3.1061,149.1,0.7418,3.2364,179.38,0.3752,0.7207,88.15,ALIGN
94.75,2,0.3899,3.1061,149.1,0.7421,3.2364,-179.72,0.3755,0.7207,88.15,ALIGN
94.8,2,0.3899,3.1061,149.1,0.7423,3.2364,-179.27,0.3757,0.7207,88.15,ALIGN
94.85,2,0.3966,3.1014,151.83,0.7425,3.2364,-178.82,0.3713,0.7203,84.77,ALIGN
94.9,2,0.3966,3.1014,151.83,0.743,3.2364,-177.48,0.3718,0.7203,84.77,ALIGN
94.95,2,0.3966,3.1014,151.83,0.7435,3.2364,-176.13,0.3723,0.7203,84.77,ALIGN
95.0,2,0.3966,3.1014,151.83,0.7441,3.2364,-174.78,0.3728,0.7203,84.77,ALIGN
95.05,2,0.3966,3.1014,151.83,0.7446,3.2365,-173.43,0.3734,0.7203,84.77,ALIGN
95.1,2,0.3924,3.1043,154.54,0.7449,3.2365,-172.54,0.3765,0.7205,82.46,ALIGN
95.15,2,0.3924,3.1043,154.54,0.7455,3.2366,-171.19,0.377,0.7205,82.46,ALIGN
95.2,2,0.3924,3.1043,154.54,0.746,3.2367,-169.84,0.3776,0.7205,82.46,ALIGN
95.25,2,0.3885,3.0985,159.98,0.7463,3.2368,-168.94,0.3836,0.7136,77.03,ALIGN
95.3,2,0.3885,3.0985,159.98,0.7469,3.2369,-167.59,0.3841,0.7136,77.03,ALIGN
95.35,2,0.3885,3.0985,159.98,0.747,3.2369,-167.14,0.3843,0.7136,77.03,ALIGN
95.4,2,0.3885,3.0985,159.98,0.7472,3.2369,-166.7,0.3845,0.7136,77.03,ALIGN
95.45,2,0.3877,3.0941,162.7,0.7474,3.237,-166.25,0.387,0.7094,74.17,ALIGN
95.5,2,0.3877,3.0941,162.7,0.7477,3.2371,-165.35,0.3874,0.7094,74.17,ALIGN
95.55,2,0.3877,3.0941,162.7,0.7482,3.2372,-164.0,0.3879,0.7094,74.17,ALIGN
95.6,2,0.3877,3.0941,162.7,0.7487,3.2374,-162.65,0.3884,0.7094,74.17,ALIGN
95.65,2,0.3892,3.0877,168.14,0.7491,3.2375,-161.75,0.3898,0.7049,68.34,ALIGN
95.7,2,0.3892,3.0877,168.14,0.7496,3.2376,-160.41,0.3903,0.7049,68.34,ALIGN
95.75,2,0.3892,3.0877,168.14,0.7501,3.2378,-159.06,0.3908,0.7049,68.34,ALIGN
95.8,2,0.3892,3.0877,168.14,0.7502,3.2379,-158.61,0.391,0.7049,68.34,ALIGN
95.85,2,0.3893,3.0905,170.84,0.7504,3.2379,-158.16,0.39,0.7073,65.76,ALIGN
95.9,2,0.3893,3.0905,170.84,0.7509,3.2381,-156.81,0.3905,0.7073,65.76,ALIGN
95.95,2,0.3893,3.0905,170.84,0.7514,3.2384,-155.46,0.391,0.7073,65.76,ALIGN
96.0,2,0.3893,3.0905,170.84,0.7518,3.2386,-154.12,0.3916,0.7073,65.76,ALIGN
96.05,2,0.3903,3.0839,176.3,0.7522,3.2387,-153.22,0.3936,0.7023,59.94,ALIGN
96.1,2,0.3903,3.0839,176.3,0.7526,3.239,-151.87,0.3941,0.7023,59.94,ALIGN
96.15,2,0.3903,3.0839,176.3,0.7529,3.2391,-150.97,0.3945,0.7023,59.94,ALIGN
96.2,2,0.3903,3.0839,176.3,0.7534,3.2394,-149.62,0.395,0.7023,59.94,ALIGN
96.25,2,0.3903,3.0839,176.3,0.7537,3.2396,-148.72,0.3954,0.7023,59.94,ALIGN
96.3,2,0.3903,3.0839,176.3,0.7537,3.2396,-148.72,0.3954,0.7023,59.94,ALIGN
96.35,2,0.3903,3.0839,176.3,0.7541,3.2399,-147.38,0.3959,0.7023,59.94,ALIGN
96.4,2,0.3903,3.0839,176.3,0.7546,3.2401,-146.03,0.3964,0.7023,59.94,ALIGN
96.45,2,0.3903,3.0839,176.3,0.755,3.2404,-144.68,0.3969,0.7023,59.94,ALIGN
96.5,2,0.3903,3.0839,176.3,0.7552,3.2405,-144.23,0.3971,0.7023,59.94,ALIGN
96.55,2,0.3903,3.0839,176.3,0.7553,3.2407,-143.78,0.3973,0.7023,59.94,ALIGN
96.6,2,0.3903,3.0839,176.3,0.7557,3.241,-142.44,0.3978,0.7023,59.94,ALIGN
96.65,2,0.3903,3.0839,176.3,0.7561,3.2413,-141.09,0.3983,0.7023,59.94,ALIGN
96.7,2,0.4019,3.0958,-170.13,0.7566,3.2416,-139.74,0.3834,0.7187,46.13,ALIGN
96.75,2,0.4019,3.0958,-170.13,0.757,3.242,-138.39,0.3839,0.7187,46.13,ALIGN
96.8,2,0.4019,3.0958,-170.13,0.7572,3.2422,-137.49,0.3843,0.7187,46.13,ALIGN
96.85,2,0.4019,3.0958,-170.13,0.7576,3.2426,-136.15,0.3848,0.7187,46.13,ALIGN
96.9,2,0.4019,3.0958,-170.13,0.758,3.2429,-134.8,0.3853,0.7187,46.13,ALIGN
96.95,2,0.4019,3.0958,-170.13,0.7582,3.2432,-133.9,0.3856,0.7187,46.13,ALIGN
97.0,2,0.4019,3.0958,-170.13,0.7585,3.2434,-133.0,0.3859,0.7187,46.13,ALIGN
97.053,2,0.4019,3.0958,-170.13,0.7585,3.2434,-133.0,0.3859,0.7187,46.13,ALIGN
97.1,2,0.4008,3.1005,-162.03,0.7586,3.2436,-132.55,0.3853,0.722,38.31,ALIGN
97.15,2,0.4008,3.1005,-162.03,0.7588,3.2438,-131.65,0.3856,0.722,38.31,ALIGN
97.2,2,0.4008,3.1005,-162.03,0.7592,3.2442,-130.31,0.3861,0.722,38.31,ALIGN
97.25,2,0.4008,3.1005,-162.03,0.7594,3.2445,-129.41,0.3864,0.722,38.31,ALIGN
97.3,2,0.4033,3.0951,-159.3,0.7597,3.2449,-128.06,0.3867,0.7189,35.18,ALIGN
97.35,2,0.4033,3.0951,-159.3,0.7601,3.2453,-126.71,0.3871,0.7189,35.18,ALIGN
97.4,2,0.4033,3.0951,-159.3,0.7604,3.2458,-125.36,0.3876,0.7189,35.18,ALIGN
97.45,2,0.4033,3.0951,-159.3,0.7606,3.246,-124.47,0.3879,0.7189,35.18,ALIGN
97.5,2,0.4033,3.0951,-159.3,0.7609,3.2465,-123.12,0.3883,0.7189,35.18,ALIGN
97.55,2,0.4033,3.0951,-159.3,0.7612,3.2469,-121.77,0.3888,0.7189,35.18,ALIGN
97.6,2,0.4033,3.0951,-159.3,0.7613,3.2472,-120.87,0.389,0.7189,35.18,ALIGN
97.65,2,0.4033,3.0951,-159.3,0.7616,3.2477,-119.52,0.3895,0.7189,35.18,ALIGN
97.7,2,0.4033,3.0951,-159.3,0.7618,3.248,-118.63,0.3897,0.7189,35.18,ALIGN
97.75,2,0.4033,3.0951,-159.3,0.7619,3.2482,-118.18,0.3899,0.7189,35.18,ALIGN
97.8,2,0.4033,3.0951,-159.3,0.7619,3.2483,-117.73,0.39,0.7189,35.18,ALIGN
97.85,2,0.4033,3.0951,-159.3,0.7622,3.2488,-116.38,0.3904,0.7189,35.18,ALIGN
97.9,2,0.4107,3.0903,-145.72,0.7624,3.2493,-115.03,0.386,0.7191,20.9,ALIGN
97.95,2,0.4107,3.0903,-145.72,0.7626,3.2496,-114.13,0.3863,0.7191,20.9,DRIVE
98.0,2,0.4107,3.0903,-145.72,0.7626,3.2496,-113.69,0.3863,0.7191,20.9,DRIVE
98.05,2,0.409,3.0895,-143.02,0.7626,3.2496,-113.69,0.3881,0.7175,18.26,DRIVE
98.1,2,0.409,3.0895,-143.02,0.7624,3.2492,-113.27,0.3878,0.7175,18.26,DRIVE
98.15,2,0.409,3.0895,-143.02,0.7621,3.2485,-112.85,0.3872,0.7175,18.26,DRIVE
98.2,2,0.409,3.0895,-143.02,0.76,3.2433,-111.66,0.3833,0.7175,18.26,DRIVE
98.25,2,0.4082,3.0857,-137.58,0.7589,3.2406,-111.28,0.3834,0.7139,12.7,DRIVE
98.3,2,0.4082,3.0857,-137.58,0.7562,3.2334,-110.51,0.3781,0.7139,12.7,DRIVE
98.35,2,0.4082,3.0857,-137.58,0.7562,3.2334,-110.51,0.3781,0.7139,12.7,DRIVE
98.4,2,0.4082,3.0857,-137.58,0.7529,3.2241,-109.74,0.3714,0.7139,12.7,DRIVE
98.45,2,0.4082,3.0857,-137.58,0.7467,3.2063,-108.64,0.3594,0.7139,12.7,DRIVE
98.5,2,0.4082,3.0857,-137.58,0.7394,3.1836,-107.48,0.3454,0.7139,12.7,DRIVE
98.55,2,0.4082,3.0857,-137.58,0.7316,3.1574,-106.29,0.3312,0.7139,12.7,DRIVE
98.601,2,0.4082,3.0857,-137.58,0.724,3.1304,-105.11,0.319,0.7139,12.7,DRIVE
98.65,2,0.4023,3.0872,-132.17,0.7193,3.1122,-104.33,0.318,0.7118,7.76,DRIVE
98.7,2,0.4023,3.0872,-132.17,0.7193,3.1122,-104.33,0.318,0.7118,7.76,DRIVE
98.75,2,0.4023,3.0872,-132.17,0.7127,3.0847,-103.16,0.3104,0.7118,7.76,DRIVE
98.8,2,0.4023,3.0872,-132.17,0.7067,3.0572,-102.11,0.3058,0.7118,7.76,DRIVE
98.85,2,0.4079,3.0872,-129.46,0.701,3.0296,-101.17,0.2987,0.7149,4.68,DRIVE
98.9,2,0.4079,3.0872,-129.46,0.6959,3.0018,-100.27,0.3003,0.7149,4.68,DRIVE
98.95,2,0.4079,3.0872,-129.46,0.6926,2.9832,-99.74,0.3031,0.7149,4.68,DRIVE
99.0,2,0.4079,3.0872,-129.46,0.6881,2.9551,-99.01,0.3097,0.7149,4.68,DRIVE
99.05,2,0.4036,3.0848,-126.73,0.6866,2.9457,-98.77,0.3154,0.7105,2.12,DRIVE
99.1,2,0.4036,3.0848,-126.73,0.6838,2.927,-98.31,0.3216,0.7105,2.12,DRIVE
99.15,2,0.4036,3.0848,-126.73,0.68,2.8989,-97.69,0.3331,0.7105,2.12,DRIVE
99.2,2,0.4036,3.0848,-126.73,0.6764,2.8709,-97.14,0.3467,0.7105,2.12,DRIVE
99.25,2,0.406,3.0883,-121.28,0.673,2.8428,-96.62,0.3627,0.7148,-3.33,DRIVE
99.3,2,0.406,3.0883,-121.28,0.6709,2.824,-96.28,0.3742,0.7148,-3.33,DRIVE
99.35,2,0.406,3.0883,-121.28,0.668,2.7957,-95.86,0.3927,0.7148,-3.33,DRIVE
99.4,2,0.406,3.0883,-121.28,0.6652,2.7674,-95.59,0.4125,0.7148,-3.33,DRIVE
99.45,2,0.406,3.0883,-121.28,0.6633,2.7484,-95.45,0.4263,0.7148,-3.33,DRIVE
99.5,2,0.4085,3.0956,-115.89,0.6633,2.7484,-95.45,0.4307,0.7223,-8.55,DRIVE
99.55,2,0.4085,3.0956,-115.89,0.6607,2.72,-95.27,0.4525,0.7223,-8.55,DRIVE
99.6,2,0.4085,3.0956,-115.89,0.659,2.7009,-95.19,0.4675,0.7223,-8.55,DRIVE
99.65,2,0.409,3.0999,-113.19,0.6563,2.6721,-95.21,0.4942,0.7261,-11.09,DRIVE
99.7,2,0.409,3.0999,-113.19,0.6563,2.6721,-95.21,0.4942,0.7261,-11.09,DRIVE
99.75,2,0.409,3.0999,-113.19,0.6537,2.6433,-95.33,0.5181,0.7261,-11.09,DRIVE
99.8,2,0.409,3.0999,-113.19,0.6509,2.6143,-95.55,0.5425,0.7261,-11.09,DRIVE
99.85,2,0.4016,3.0836,-108.19,0.648,2.5854,-95.83,0.5558,0.7084,-16.35,DRIVE
99.9,2,0.4016,3.0836,-108.19,0.645,2.5565,-96.17,0.5805,0.7084,-16.35,DRIVE
99.95,2,0.4016,3.0836,-108.19,0.6428,2.5376,-96.48,0.5969,0.7084,-16.35,DRIVE
100.0,2,0.4016,3.0836,-108.19,0.6395,2.5093,-97.04,0.6215,0.7084,-16.35,DRIVE
100.05,2,0.4016,3.0836,-108.19,0.6358,2.4811,-97.67,0.6464,0.7084,-16.35,DRIVE
100.1,2,0.4016,3.0836,-108.19,0.6331,2.4623,-98.13,0.663,0.7084,-16.35,DRIVE
100.15,2,0.4016,3.0836,-108.19,0.6331,2.4623,-98.13,0.663,0.7084,-16.35,DRIVE
100.2,2,0.4016,3.0836,-108.19,0.6288,2.4341,-98.87,0.6881,0.7084,-16.35,DRIVE
100.25,2,0.4016,3.0836,-108.19,0.6242,2.406,-99.67,0.7132,0.7084,-16.35,DRIVE
100.3,2,0.3692,2.9392,-101.22,0.6191,2.378,-100.53,0.6143,0.5737,-28.83,DRIVE
100.35,2,0.3692,2.9392,-101.22,0.6137,2.3504,-101.45,0.6376,0.5737,-28.83,ALIGN
100.4,2,0.3692,2.9392,-101.22,0.6084,2.3258,-102.44,0.6584,0.5737,-28.83,ALIGN
100.45,2,0.3493,2.823,-97.45,0.6084,2.3258,-102.44,0.5607,0.4757,-39.78,ALIGN
100.5,2,0.3493,2.823,-97.45,0.6052,2.3121,-103.16,0.5715,0.4757,-39.78,ALIGN
100.55,2,0.3493,2.823,-97.45,0.6012,2.2956,-104.28,0.5845,0.4757,-39.78,ALIGN
100.6,2,0.3493,2.823,-97.45,0.5989,2.2873,-105.04,0.591,0.4757,-39.78,ALIGN
100.65,2,0.3353,2.7672,-96.04,0.5989,2.2873,-105.04,0.5475,0.4287,-45.41,ALIGN
100.7,2,0.3353,2.7672,-96.04,0.596,2.2772,-106.56,0.555,0.4287,-45.41,ALIGN
100.75,2,0.3353,2.7672,-96.04,0.5953,2.275,-107.72,0.5566,0.4287,-45.41,ALIGN
100.8,2,0.3353,2.7672,-96.04,0.5951,2.2744,-108.87,0.557,0.4287,-45.41,ALIGN
100.85,2,0.3261,2.6489,-93.9,0.595,2.2741,-109.64,0.4613,0.3585,-61.55,ALIGN
100.9,2,0.3261,2.6489,-93.9,0.5948,2.2736,-110.82,0.4616,0.3585,-61.55,ALIGN
100.95,2,0.3261,2.6489,-93.9,0.5947,2.2734,-111.22,0.4617,0.3585,-61.55,ALIGN
101.0,2,0.3261,2.6489,-93.9,0.5947,2.2732,-111.62,0.4618,0.3585,-61.55,ALIGN
101.05,2,0.3207,2.5906,-93.35,0.5944,2.2726,-112.87,0.4195,0.3332,-70.88,ALIGN
101.1,2,0.3207,2.5906,-93.35,0.5941,2.272,-114.15,0.4198,0.3332,-70.88,ALIGN
101.15,2,0.3207,2.5906,-93.35,0.5941,2.2719,-114.58,0.4199,0.3332,-70.88,ALIGN
101.2,2,0.3207,2.5906,-93.35,0.5939,2.2715,-115.46,0.42,0.3332,-70.88,ALIGN
101.25,2,0.3207,2.5906,-93.35,0.5937,2.2712,-116.35,0.4201,0.3332,-70.88,ALIGN
101.3,2,0.3207,2.5906,-93.35,0.5935,2.2708,-118.17,0.4203,0.3332,-70.88,ALIGN
101.35,2,0.3207,2.5906,-93.35,0.5933,2.2705,-119.56,0.4204,0.3332,-70.88,ALIGN
101.4,2,0.3207,2.5906,-93.35,0.5933,2.2704,-120.95,0.4205,0.3332,-70.88,ALIGN
101.45,2,0.3207,2.5906,-93.35,0.5933,2.2704,-121.89,0.4205,0.3332,-70.88,ALIGN
101.5,2,0.305,2.4088,-93.76,0.5933,2.2705,-122.83,0.3198,0.3183,-102.88,ALIGN
101.55,2,0.305,2.4088,-93.76,0.5934,2.2706,-124.23,0.3198,0.3183,-102.88,ALIGN
101.6,2,0.305,2.4088,-93.76,0.5935,2.2708,-125.63,0.3199,0.3183,-102.88,ALIGN
101.65,2,0.305,2.4088,-93.76,0.5936,2.2708,-126.1,0.3199,0.3183,-102.88,ALIGN
101.7,2,0.2889,2.288,-95.88,0.5936,2.2709,-126.57,0.3052,0.3583,-120.4,ALIGN
101.75,2,0.2889,2.288,-95.88,0.5938,2.2712,-127.96,0.3054,0.3583,-120.4,ALIGN
101.8,2,0.2889,2.288,-95.88,0.594,2.2715,-129.35,0.3056,0.3583,-120.4,ALIGN
101.85,2,0.2889,2.288,-95.88,0.5943,2.2718,-130.74,0.3059,0.3583,-120.4,ALIGN
101.9,2,0.2736,2.1739,-99.13,0.5945,2.2721,-132.12,0.3356,0.4257,-130.87,ALIGN
101.95,2,0.2736,2.1739,-99.13,0.5946,2.2722,-132.58,0.3357,0.4257,-130.87,ALIGN
102.0,2,0.2736,2.1739,-99.13,0.5947,2.2723,-133.03,0.3358,0.4257,-130.87,ALIGN
102.05,2,0.2736,2.1739,-99.13,0.5951,2.2726,-134.41,0.3362,0.4257,-130.87,ALIGN
102.1,2,0.263,2.1246,-101.18,0.5954,2.273,-135.78,0.364,0.4584,-133.8,ALIGN
102.15,2,0.263,2.1246,-101.18,0.5956,2.2732,-136.69,0.3643,0.4584,-133.8,ALIGN
102.2,2,0.263,2.1246,-101.18,0.5959,2.2734,-137.6,0.3646,0.4584,-133.8,ALIGN
102.25,2,0.263,2.1246,-101.18,0.5962,2.2737,-138.97,0.3651,0.4584,-133.8,ALIGN
102.3,2,0.2568,2.0979,-103.44,0.5966,2.2741,-140.33,0.3827,0.4771,-133.99,ALIGN
102.35,2,0.2568,2.0979,-103.44,0.597,2.2744,-141.7,0.3832,0.4771,-133.99,ALIGN
102.4,2,0.2568,2.0979,-103.44,0.597,2.2744,-141.7,0.3832,0.4771,-133.99,ALIGN
102.45,2,0.2568,2.0979,-103.44,0.5974,2.2747,-143.06,0.3838,0.4771,-133.99,ALIGN
102.5,2,0.2513,2.0932,-108.03,0.5977,2.2749,-143.96,0.3911,0.4782,-130.26,ALIGN
102.55,2,0.2513,2.0932,-108.03,0.5977,2.2749,-143.96,0.3911,0.4782,-130.26,ALIGN
102.6,2,0.2513,2.0932,-108.03,0.5981,2.2752,-145.32,0.3917,0.4782,-130.26,ALIGN
102.65,2,0.2513,2.0932,-108.03,0.5986,2.2755,-146.68,0.3922,0.4782,-130.26,ALIGN
102.7,2,0.2468,2.0947,-113.04,0.599,2.2758,-148.04,0.3961,0.4745,-125.63,ALIGN
102.75,2,0.2468,2.0947,-113.04,0.5995,2.2761,-149.4,0.3967,0.4745,-125.63,ALIGN
102.8,2,0.2468,2.0947,-113.04,0.5998,2.2763,-150.3,0.397,0.4745,-125.63,ALIGN
102.85,2,0.2468,2.0947,-113.04,0.6003,2.2765,-151.66,0.3975,0.4745,-125.63,ALIGN
102.9,2,0.2498,2.0947,-115.7,0.6006,2.2767,-152.57,0.3952,0.4761,-122.65,ALIGN
102.95,2,0.2498,2.0947,-115.7,0.6011,2.2769,-153.92,0.3957,0.4761,-122.65,ALIGN
103.0,2,0.2498,2.0947,-115.7,0.6014,2.2771,-154.83,0.3961,0.4761,-122.65,ALIGN
103.05,2,0.2498,2.0947,-115.7,0.6019,2.2773,-156.19,0.3966,0.4761,-122.65,ALIGN
103.1,2,0.2454,2.0949,-121.35,0.6024,2.2775,-157.54,0.4009,0.4736,-117.43,ALIGN
103.15,2,0.2454,2.0949,-121.35,0.6027,2.2777,-158.45,0.4013,0.4736,-117.43,ALIGN
103.2,2,0.2454,2.0949,-121.35,0.6032,2.2779,-159.8,0.4018,0.4736,-117.43,ALIGN
103.25,2,0.2454,2.0949,-121.35,0.6037,2.278,-161.16,0.4023,0.4736,-117.43,ALIGN
103.3,2,0.2454,2.0949,-121.35,0.604,2.2782,-162.07,0.4027,0.4736,-117.43,ALIGN
103.35,2,0.2454,2.0949,-121.35,0.6044,2.2783,-162.97,0.403,0.4736,-117.43,ALIGN
103.4,2,0.2454,2.0949,-121.35,0.6049,2.2784,-164.33,0.4036,0.4736,-117.43,ALIGN
103.45,2,0.2454,2.0949,-121.35,0.6054,2.2786,-165.68,0.4041,0.4736,-117.43,ALIGN
103.5,2,0.2475,2.1028,-129.67,0.6058,2.2786,-166.59,0.3991,0.468,-108.41,ALIGN
103.55,2,0.2475,2.1028,-129.67,0.6063,2.2788,-167.94,0.3996,0.468,-108.41,ALIGN
103.6,2,0.2475,2.1028,-129.67,0.6068,2.2789,-169.3,0.4002,0.468,-108.41,ALIGN
103.65,2,0.2475,2.1028,-129.67,0.6072,2.2789,-170.21,0.4005,0.468,-108.41,ALIGN
103.7,2,0.2472,2.1094,-135.07,0.6077,2.279,-171.56,0.3984,0.4623,-102.6,ALIGN
103.75,2,0.2472,2.1094,-135.07,0.608,2.2791,-172.47,0.3988,0.4623,-102.6,ALIGN
103.8,2,0.2472,2.1094,-135.07,0.6086,2.2791,-173.82,0.3993,0.4623,-102.6,ALIGN
103.85,2,0.2472,2.1094,-135.07,0.6089,2.2792,-174.73,0.3996,0.4623,-102.6,ALIGN
103.9,2,0.2457,2.1036,-140.53,0.6095,2.2792,-176.08,0.404,0.4664,-97.69,ALIGN
103.95,2,0.2457,2.1036,-140.53,0.6098,2.2792,-176.99,0.4043,0.4664,-97.69,ALIGN
104.0,2,0.2457,2.1036,-140.53,0.6102,2.2793,-177.89,0.4046,0.4664,-97.69,ALIGN
104.05,2,0.2457,2.1036,-140.53,0.6107,2.2793,-179.25,0.4051,0.4664,-97.69,ALIGN
104.1,2,0.2415,2.1112,-143.16,0.6113,2.2793,179.4,0.4062,0.4577,-95.0,ALIGN
104.15,2,0.2415,2.1112,-143.16,0.6118,2.2793,178.04,0.4067,0.4577,-95.0,ALIGN
104.2,2,0.2415,2.1112,-143.16,0.612,2.2793,177.59,0.4069,0.4577,-95.0,ALIGN
104.25,2,0.2415,2.1112,-143.16,0.6122,2.2792,177.14,0.407,0.4577,-95.0,ALIGN
104.3,2,0.2429,2.1083,-148.49,0.6127,2.2792,175.78,0.4074,0.461,-89.7,ALIGN
104.35,2,0.2429,2.1083,-148.49,0.6132,2.2792,174.42,0.4078,0.461,-89.7,ALIGN
104.4,2,0.2429,2.1083,-148.49,0.6138,2.2791,173.07,0.4083,0.461,-89.7,ALIGN
104.45,2,0.2429,2.1083,-148.49,0.6143,2.279,171.71,0.4088,0.461,-89.7,ALIGN
104.5,2,0.2472,2.1051,-151.22,0.6145,2.279,171.26,0.4063,0.4659,-86.73,ALIGN
104.55,2,0.2472,2.1051,-151.22,0.6146,2.279,170.81,0.4065,0.4659,-86.73,ALIGN
104.6,2,0.2472,2.1051,-151.22,0.6148,2.279,170.35,0.4066,0.4659,-86.73,ALIGN
104.65,2,0.2472,2.1051,-151.22,0.6152,2.2789,169.45,0.4069,0.4659,-86.73,ALIGN
104.7,2,0.246,2.1097,-156.59,0.6155,2.2788,168.55,0.4064,0.4614,-81.19,ALIGN
104.75,2,0.246,2.1097,-156.59,0.6162,2.2787,166.74,0.4069,0.4614,-81.19,ALIGN
104.8,2,0.246,2.1097,-156.59,0.6166,2.2786,165.83,0.4072,0.4614,-81.19,ALIGN
104.85,2,0.246,2.1097,-156.59,0.6166,2.2786,165.83,0.4072,0.4614,-81.19,ALIGN
104.9,2,0.2501,2.1118,-159.28,0.6171,2.2785,164.48,0.403,0.4618,-77.92,ALIGN
104.95,2,0.2501,2.1118,-159.28,0.6176,2.2783,163.12,0.4034,0.4618,-77.92,ALIGN
105.0,2,0.2501,2.1118,-159.28,0.6181,2.2781,161.76,0.4038,0.4618,-77.92,ALIGN
105.05,2,0.2501,2.1118,-159.28,0.6185,2.278,160.86,0.4041,0.4618,-77.92,ALIGN
105.1,2,0.2519,2.1134,-164.69,0.619,2.2778,159.5,0.4022,0.4614,-72.22,ALIGN
105.15,2,0.2519,2.1134,-164.69,0.6191,2.2778,159.05,0.4023,0.4614,-72.22,ALIGN
105.2,2,0.2519,2.1134,-164.69,0.6193,2.2777,158.6,0.4025,0.4614,-72.22,ALIGN
105.25,2,0.2519,2.1134,-164.69,0.6198,2.2775,157.24,0.4028,0.4614,-72.22,ALIGN
105.3,2,0.2512,2.1171,-167.41,0.6203,2.2773,155.89,0.4024,0.4579,-69.33,ALIGN
105.35,2,0.2512,2.1171,-167.41,0.6208,2.2771,154.53,0.4028,0.4579,-69.33,ALIGN
105.4,2,0.2512,2.1171,-167.41,0.6213,2.2768,153.17,0.4031,0.4579,-69.33,ALIGN
105.45,2,0.2512,2.1171,-167.41,0.6214,2.2768,152.72,0.4032,0.4579,-69.33,ALIGN
105.5,2,0.2512,2.1171,-167.41,0.6217,2.2766,151.82,0.4034,0.4579,-69.33,ALIGN
105.55,2,0.2512,2.1171,-167.41,0.6222,2.2763,150.46,0.4038,0.4579,-69.33,ALIGN
105.6,2,0.2512,2.1171,-167.41,0.6227,2.2761,149.1,0.4041,0.4579,-69.33,ALIGN
105.65,2,0.2512,2.1171,-167.41,0.623,2.2759,148.2,0.4043,0.4579,-69.33,ALIGN
105.7,2,0.2561,2.1251,-175.52,0.6233,2.2757,147.29,0.3969,0.454,-60.14,ALIGN
105.75,2,0.2561,2.1251,-175.52,0.6234,2.2756,146.84,0.397,0.454,-60.14,ALIGN
105.8,2,0.2561,2.1251,-175.52,0.6239,2.2753,145.49,0.3973,0.454,-60.14,ALIGN
105.85,2,0.2561,2.1251,-175.52,0.6243,2.275,144.13,0.3976,0.454,-60.14,ALIGN
105.9,2,0.2638,2.1313,179.1,0.6248,2.2747,142.77,0.3884,0.4533,-53.52,ALIGN
105.95,2,0.2638,2.1313,179.1,0.6252,2.2743,141.42,0.3887,0.4533,-53.52,ALIGN
106.0,2,0.2638,2.1313,179.1,0.6252,2.2743,141.42,0.3887,0.4533,-53.52,ALIGN
106.05,2,0.2638,2.1313,179.1,0.6255,2.2741,140.51,0.3888,0.4533,-53.52,ALIGN
106.1,2,0.2707,2.1367,173.72,0.6259,2.2738,139.16,0.3807,0.453,-47.03,ALIGN
106.15,2,0.2707,2.1367,173.72,0.6263,2.2734,137.8,0.3809,0.453,-47.03,ALIGN
106.2,2,0.2707,2.1367,173.72,0.6267,2.273,136.44,0.3812,0.453,-47.03,ALIGN
106.25,2,0.2707,2.1367,173.72,0.6271,2.2727,135.09,0.3814,0.453,-47.03,ALIGN
106.3,2,0.2707,2.1354,171.0,0.6274,2.2723,133.73,0.3821,0.4541,-44.41,ALIGN
106.35,2,0.2707,2.1354,171.0,0.6277,2.272,132.83,0.3822,0.4541,-44.41,ALIGN
106.4,2,0.2707,2.1354,171.0,0.6281,2.2716,131.47,0.3824,0.4541,-44.41,ALIGN
106.45,2,0.2707,2.1354,171.0,0.6284,2.2712,130.11,0.3826,0.4541,-44.41,ALIGN
106.5,2,0.2684,2.134,165.62,0.6288,2.2708,128.76,0.3854,0.4539,-39.37,ALIGN
106.55,2,0.2684,2.134,165.62,0.6288,2.2708,128.76,0.3854,0.4539,-39.37,ALIGN
106.6,2,0.2684,2.134,165.62,0.629,2.2705,127.85,0.3855,0.4539,-39.37,ALIGN
106.65,2,0.2684,2.134,165.62,0.629,2.2705,127.85,0.3855,0.4539,-39.37,ALIGN
106.7,2,0.2702,2.1324,160.28,0.6293,2.2701,126.5,0.3846,0.4562,-33.96,ALIGN
106.75,2,0.2702,2.1324,160.28,0.6294,2.2699,126.04,0.3846,0.4562,-33.96,ALIGN
106.8,2,0.2702,2.1324,160.28,0.6296,2.2696,125.14,0.3847,0.4562,-33.96,ALIGN
106.85,2,0.2702,2.1324,160.28,0.6299,2.2692,123.78,0.3849,0.4562,-33.96,ALIGN
106.9,2,0.2686,2.1271,157.6,0.6302,2.2687,122.43,0.3884,0.4595,-31.83,ALIGN
106.95,2,0.2686,2.1271,157.6,0.6305,2.2683,121.07,0.3885,0.4595,-31.83,ALIGN
107.0,2,0.2686,2.1271,157.6,0.6307,2.268,120.17,0.3886,0.4595,-31.83,ALIGN
107.05,2,0.2686,2.1271,157.6,0.631,2.2675,118.81,0.3886,0.4595,-31.83,ALIGN
107.1,2,0.2732,2.1267,154.9,0.6312,2.267,117.45,0.3845,0.4626,-28.71,ALIGN
107.15,2,0.2732,2.1267,154.9,0.6314,2.2667,116.55,0.3846,0.4626,-28.71,ALIGN
107.2,2,0.2732,2.1267,154.9,0.6316,2.2662,115.19,0.3846,0.4626,-28.71,ALIGN
107.251,2,0.2732,2.1267,154.9,0.6318,2.2659,114.29,0.3846,0.4626,-28.71,ALIGN
107.3,2,0.2732,2.1267,154.9,0.6321,2.2652,112.48,0.3847,0.4626,-28.71,ALIGN
107.35,2,0.2779,2.1246,149.53,0.6322,2.2649,111.58,0.3811,0.4671,-23.03,ALIGN
107.4,2,0.2779,2.1246,149.53,0.6322,2.2649,111.58,0.3811,0.4671,-23.03,DRIVE
107.45,2,0.2779,2.1246,149.53,0.6323,2.2646,110.22,0.3811,0.4671,-23.03,DRIVE
107.501,2,0.2779,2.1246,149.53,0.6315,2.2669,108.92,0.3812,0.4671,-23.03,DRIVE
107.55,2,0.2838,2.1228,144.11,0.6293,2.2737,107.63,0.3769,0.472,-17.14,DRIVE
107.601,2,0.2838,2.1228,144.11,0.6257,2.2854,106.26,0.3786,0.472,-17.14,DRIVE
107.65,2,0.2838,2.1228,144.11,0.6214,2.3014,104.88,0.3818,0.472,-17.14,DRIVE
107.7,2,0.286,2.1183,141.44,0.6214,2.3014,104.88,0.3821,0.477,-14.59,DRIVE
107.75,2,0.286,2.1183,141.44,0.6184,2.313,104.01,0.3852,0.477,-14.59,DRIVE
107.8,2,0.286,2.1183,141.44,0.6142,2.3309,102.72,0.3911,0.477,-14.59,DRIVE
107.85,2,0.286,2.1183,141.44,0.6104,2.349,101.47,0.3981,0.477,-14.59,DRIVE
107.9,2,0.286,2.1183,141.44,0.607,2.3673,100.23,0.4062,0.477,-14.59,DRIVE
107.95,2,0.2875,2.1195,136.02,0.6039,2.3857,98.98,0.4136,0.4769,-8.95,DRIVE
108.0,2,0.2875,2.1195,136.02,0.6021,2.398,98.14,0.4202,0.4769,-8.95,DRIVE
108.05,2,0.2875,2.1195,136.02,0.6021,2.398,98.14,0.4202,0.4769,-8.95,DRIVE
108.1,2,0.2875,2.1195,136.02,0.5998,2.4165,96.96,0.431,0.4769,-8.95,DRIVE
108.15,2,0.2878,2.1187,130.63,0.5998,2.4165,96.96,0.4313,0.4777,-3.58,DRIVE
108.2,2,0.2878,2.1187,130.63,0.5991,2.4227,96.61,0.4351,0.4777,-3.58,DRIVE
108.25,2,0.2878,2.1187,130.63,0.5984,2.4289,96.27,0.4389,0.4777,-3.58,DRIVE
108.3,2,0.2878,2.124,127.94,0.5966,2.4475,95.33,0.4472,0.4735,-0.51,DRIVE
108.35,2,0.2878,2.124,127.94,0.596,2.4537,95.06,0.4513,0.4735,-0.51,DRIVE
108.4,2,0.2878,2.124,127.94,0.5955,2.4599,94.81,0.4555,0.4735,-0.51,DRIVE
108.45,2,0.2878,2.124,127.94,0.5941,2.4786,94.21,0.4685,0.4735,-0.51,DRIVE
108.5,2,0.2914,2.1233,125.23,0.5928,2.4973,93.75,0.4803,0.4763,2.49,DRIVE
108.55,2,0.2914,2.1233,125.23,0.5916,2.516,93.34,0.4944,0.4763,2.49,DRIVE
108.6,2,0.2914,2.1233,125.23,0.5906,2.5349,93.02,0.5089,0.4763,2.49,DRIVE
108.651,2,0.2914,2.1233,125.23,0.5897,2.5538,92.77,0.5238,0.4763,2.49,DRIVE
108.7,2,0.2914,2.1233,125.23,0.5888,2.5728,92.53,0.539,0.4763,2.49,DRIVE
108.75,2,0.2914,2.1233,125.23,0.588,2.5918,92.31,0.5546,0.4763,2.49,DRIVE
108.8,2,0.2914,2.1233,125.23,0.5873,2.6108,92.1,0.5704,0.4763,2.49,DRIVE
108.85,2,0.2914,2.1233,125.23,0.5869,2.6235,91.97,0.581,0.4763,2.49,DRIVE
108.9,2,0.3013,2.1245,117.16,0.5863,2.6426,91.81,0.5913,0.4815,11.58,DRIVE
108.95,2,0.3013,2.1245,117.16,0.5857,2.6617,91.67,0.6078,0.4815,11.58,DRIVE
109.0,2,0.3013,2.1245,117.16,0.5852,2.6809,91.67,0.6246,0.4815,11.58,DRIVE
109.05,2,0.3013,2.1245,117.16,0.5846,2.7002,91.85,0.6416,0.4815,11.58,DRIVE
109.1,2,0.299,2.1313,111.75,0.5839,2.7194,92.12,0.6535,0.4747,17.28,DRIVE
109.15,2,0.299,2.1313,111.75,0.5836,2.7259,92.21,0.6592,0.4747,17.28,DRIVE
109.2,2,0.299,2.1313,111.75,0.5834,2.7323,92.31,0.6649,0.4747,17.28,DRIVE
109.25,2,0.299,2.1313,111.75,0.5825,2.7514,92.69,0.6819,0.4747,17.28,DRIVE
109.3,2,0.299,2.1313,111.75,0.5815,2.7705,93.23,0.6988,0.4747,17.28,DRIVE
109.35,2,0.299,2.1313,111.75,0.5811,2.7768,93.43,0.7045,0.4747,17.28,DRIVE
109.4,2,0.299,2.1313,111.75,0.5803,2.7895,93.84,0.7158,0.4747,17.28,DRIVE
109.45,2,0.299,2.1313,111.75,0.5789,2.8086,94.48,0.7329,0.4747,17.28,DRIVE
109.5,2,0.299,2.1313,111.75,0.5772,2.8277,95.18,0.7499,0.4747,17.28,DRIVE
109.55,2,0.2709,2.202,103.86,0.5753,2.8467,95.92,0.713,0.4028,28.41,DRIVE
109.6,2,0.2709,2.202,103.86,0.5739,2.8593,96.44,0.7239,0.4028,28.41,ALIGN
109.65,2,0.2709,2.202,103.86,0.5712,2.8811,97.63,0.7425,0.4028,28.41,ALIGN
109.7,2,0.2709,2.202,103.86,0.5706,2.8853,97.97,0.7461,0.4028,28.41,ALIGN
109.75,2,0.2554,2.276,98.97,0.5701,2.8889,98.32,0.689,0.3397,39.78,ALIGN
109.8,2,0.2554,2.276,98.97,0.5689,2.8965,99.42,0.6952,0.3397,39.78,ALIGN
109.85,2,0.2554,2.276,98.97,0.5683,2.8993,100.55,0.6974,0.3397,39.78,ALIGN
109.9,2,0.2554,2.276,98.97,0.5682,2.8999,101.67,0.698,0.3397,39.78,ALIGN
109.95,2,0.2597,2.3465,95.96,0.5681,2.9004,102.8,0.634,0.3017,53.45,ALIGN
110.0,2,0.2597,2.3465,95.96,0.568,2.901,103.97,0.6344,0.3017,53.45,ALIGN
110.05,2,0.2597,2.3465,95.96,0.5678,2.9014,104.77,0.6347,0.3017,53.45,ALIGN
110.1,2,0.2597,2.3465,95.96,0.5676,2.9022,106.42,0.6353,0.3017,53.45,ALIGN
110.15,2,0.2552,2.3808,95.22,0.5675,2.9026,107.27,0.6081,0.2817,59.74,ALIGN
110.2,2,0.2552,2.3808,95.22,0.5673,2.9031,108.57,0.6085,0.2817,59.74,ALIGN
110.25,2,0.2552,2.3808,95.22,0.5671,2.9036,109.9,0.6088,0.2817,59.74,ALIGN
110.3,2,0.2552,2.3808,95.22,0.567,2.9039,111.26,0.609,0.2817,59.74,ALIGN
110.35,2,0.2519,2.4563,94.25,0.5669,2.9041,112.17,0.5475,0.2557,75.92,ALIGN
110.4,2,0.2519,2.4563,94.25,0.5669,2.9041,112.17,0.5475,0.2557,75.92,ALIGN
110.45,2,0.2519,2.4563,94.25,0.5668,2.9043,113.56,0.5476,0.2557,75.92,ALIGN
110.5,2,0.2519,2.4563,94.25,0.5668,2.9043,114.95,0.5476,0.2557,75.92,ALIGN
110.55,2,0.2577,2.5266,93.8,0.5668,2.9043,116.34,0.4881,0.259,92.08,ALIGN
110.6,2,0.2577,2.5266,93.8,0.5669,2.9042,117.27,0.4881,0.259,92.08,ALIGN
110.65,2,0.2577,2.5266,93.8,0.5669,2.9042,117.27,0.4881,0.259,92.08,ALIGN
110.7,2,0.2577,2.5266,93.8,0.567,2.904,118.66,0.488,0.259,92.08,ALIGN
110.75,2,0.2577,2.5266,93.8,0.5671,2.9037,120.05,0.4879,0.259,92.08,ALIGN
110.8,2,0.2581,2.6018,95.02,0.5673,2.9034,121.43,0.4319,0.2775,106.5,ALIGN
110.85,2,0.2581,2.6018,95.02,0.5675,2.9031,122.81,0.4319,0.2775,106.5,ALIGN
110.9,2,0.2581,2.6018,95.02,0.5677,2.9027,124.19,0.4318,0.2775,106.5,ALIGN
110.95,2,0.2581,2.6018,95.02,0.5679,2.9025,125.1,0.4317,0.2775,106.5,ALIGN
111.0,2,0.2581,2.6018,95.02,0.5679,2.9025,125.1,0.4317,0.2775,106.5,ALIGN
111.05,2,0.2581,2.6018,95.02,0.5681,2.9021,126.47,0.4317,0.2775,106.5,ALIGN
111.1,2,0.2581,2.6018,95.02,0.5684,2.9018,127.83,0.4316,0.2775,106.5,ALIGN
111.151,2,0.2581,2.6018,95.02,0.5686,2.9015,128.74,0.4316,0.2775,106.5,ALIGN
111.2,2,0.2486,2.708,99.23,0.5687,2.9014,129.19,0.374,0.3241,120.7,ALIGN
111.25,2,0.2486,2.708,99.23,0.569,2.901,130.55,0.3741,0.3241,120.7,ALIGN
111.3,2,0.2486,2.708,99.23,0.5694,2.9006,131.91,0.3742,0.3241,120.7,ALIGN
111.35,2,0.2486,2.708,99.23,0.5696,2.9004,132.81,0.3742,0.3241,120.7,ALIGN
111.4,2,0.2423,2.7406,103.52,0.5699,2.9,134.16,0.3644,0.3414,121.28,ALIGN
111.45,2,0.2423,2.7406,103.52,0.5699,2.9,134.16,0.3644,0.3414,121.28,ALIGN
111.5,2,0.2423,2.7406,103.52,0.5703,2.8997,135.51,0.3645,0.3414,121.28,ALIGN
111.55,2,0.2423,2.7406,103.52,0.5707,2.8993,136.87,0.3647,0.3414,121.28,ALIGN
111.6,2,0.2408,2.743,105.8,0.571,2.8989,138.22,0.3652,0.3421,119.46,ALIGN
111.65,2,0.2408,2.743,105.8,0.5714,2.8986,139.57,0.3654,0.3421,119.46,ALIGN
111.7,2,0.2408,2.743,105.8,0.5718,2.8983,140.92,0.3656,0.3421,119.46,ALIGN
111.75,2,0.2408,2.743,105.8,0.572,2.8982,141.37,0.3657,0.3421,119.46,ALIGN
111.8,2,0.2402,2.7439,110.84,0.5724,2.8978,142.72,0.3661,0.3423,114.59,ALIGN
111.85,2,0.2402,2.7439,110.84,0.5728,2.8975,144.07,0.3664,0.3423,114.59,ALIGN
111.9,2,0.2402,2.7439,110.84,0.5732,2.8972,145.41,0.3666,0.3423,114.59,ALIGN
111.95,2,0.2402,2.7439,110.84,0.5732,2.8972,145.41,0.3666,0.3423,114.59,ALIGN
112.0,2,0.2396,2.746,113.53,0.5735,2.897,146.31,0.3664,0.3434,112.22,ALIGN
112.05,2,0.2396,2.746,113.53,0.574,2.8967,147.66,0.3667,0.3434,112.22,ALIGN
112.1,2,0.2396,2.746,113.53,0.5744,2.8964,149.01,0.367,0.3434,112.22,ALIGN
112.15,2,0.2396,2.746,113.53,0.5749,2.8962,150.36,0.3673,0.3434,112.22,ALIGN
112.2,2,0.2431,2.7496,119.12,0.5753,2.8959,151.71,0.363,0.3484,106.65,ALIGN
112.25,2,0.2431,2.7496,119.12,0.5758,2.8957,153.06,0.3633,0.3484,106.65,ALIGN
112.3,2,0.2431,2.7496,119.12,0.5763,2.8954,154.4,0.3637,0.3484,106.65,ALIGN
112.35,2,0.2431,2.7496,119.12,0.5767,2.8952,155.75,0.364,0.3484,106.65,ALIGN
112.4,2,0.2431,2.7496,119.12,0.5772,2.895,157.1,0.3644,0.3484,106.65,ALIGN
112.45,2,0.2431,2.7496,119.12,0.5772,2.895,157.1,0.3644,0.3484,106.65,ALIGN
112.5,2,0.2431,2.7496,119.12,0.5776,2.8949,158.0,0.3646,0.3484,106.65,ALIGN
112.55,2,0.2431,2.7496,119.12,0.578,2.8947,159.34,0.365,0.3484,106.65,ALIGN
112.6,2,0.2434,2.7533,127.44,0.5785,2.8945,160.69,0.3637,0.3513,98.71,ALIGN
112.65,2,0.2434,2.7533,127.44,0.579,2.8943,162.04,0.3641,0.3513,98.71,ALIGN
112.7,2,0.2434,2.7533,127.44,0.5796,2.8942,163.39,0.3645,0.3513,98.71,ALIGN
112.75,2,0.2434,2.7533,127.44,0.5797,2.8941,163.84,0.3646,0.3513,98.71,ALIGN
112.8,2,0.2476,2.7592,132.92,0.5801,2.894,164.74,0.3587,0.3585,93.39,ALIGN
112.85,2,0.2476,2.7592,132.92,0.5802,2.894,165.18,0.3589,0.3585,93.39,ALIGN
112.9,2,0.2476,2.7592,132.92,0.5804,2.8939,165.63,0.359,0.3585,93.39,ALIGN
112.95,2,0.2476,2.7592,132.92,0.5804,2.8939,165.63,0.359,0.3585,93.39,ALIGN
113.0,2,0.2428,2.7618,138.37,0.5809,2.8938,166.98,0.363,0.357,88.78,ALIGN
113.05,2,0.2428,2.7618,138.37,0.5814,2.8937,168.33,0.3634,0.357,88.78,ALIGN
113.1,2,0.2428,2.7618,138.37,0.582,2.8936,169.68,0.3639,0.357,88.78,ALIGN
113.15,2,0.2428,2.7618,138.37,0.5825,2.8935,171.02,0.3643,0.357,88.78,ALIGN
113.2,2,0.2431,2.7633,141.09,0.583,2.8934,172.37,0.364,0.3583,86.2,ALIGN
113.25,2,0.2431,2.7633,141.09,0.5834,2.8934,173.27,0.3643,0.3583,86.2,ALIGN
113.3,2,0.2431,2.7633,141.09,0.5839,2.8933,174.62,0.3648,0.3583,86.2,ALIGN
113.35,2,0.2431,2.7633,141.09,0.5839,2.8933,174.62,0.3648,0.3583,86.2,ALIGN
113.4,2,0.2512,2.7591,143.82,0.5844,2.8933,175.96,0.3593,0.3608,82.07,ALIGN
113.45,2,0.2512,2.7591,143.82,0.5849,2.8932,177.31,0.3597,0.3608,82.07,ALIGN
113.5,2,0.2512,2.7591,143.82,0.5855,2.8932,178.66,0.3602,0.3608,82.07,ALIGN
113.55,2,0.2512,2.7591,143.82,0.586,2.8932,-179.99,0.3607,0.3608,82.07,ALIGN
113.6,2,0.2551,2.7527,149.25,0.5865,2.8932,-178.65,0.36,0.3591,75.47,ALIGN
113.65,2,0.2551,2.7527,149.25,0.5869,2.8932,-177.75,0.3603,0.3591,75.47,ALIGN
113.7,2,0.2551,2.7527,149.25,0.5874,2.8932,-176.4,0.3608,0.3591,75.47,ALIGN
113.75,2,0.2551,2.7527,149.25,0.5878,2.8933,-175.5,0.3611,0.3591,75.47,ALIGN
113.8,2,0.2581,2.7517,151.96,0.5881,2.8933,-174.6,0.3591,0.3605,72.31,ALIGN
113.85,2,0.2581,2.7517,151.96,0.5881,2.8933,-174.6,0.3591,0.3605,72.31,ALIGN
113.9,2,0.2581,2.7517,151.96,0.5886,2.8933,-173.25,0.3596,0.3605,72.31,ALIGN
113.95,2,0.2581,2.7517,151.96,0.5892,2.8934,-171.91,0.3601,0.3605,72.31,ALIGN
114.0,2,0.2555,2.7455,157.41,0.5897,2.8935,-170.56,0.3655,0.3543,66.45,ALIGN
114.05,2,0.2555,2.7455,157.41,0.59,2.8935,-169.66,0.3658,0.3543,66.45,ALIGN
114.1,2,0.2555,2.7455,157.41,0.5902,2.8936,-169.21,0.366,0.3543,66.45,ALIGN
114.15,2,0.2555,2.7455,157.41,0.5904,2.8936,-168.76,0.3662,0.3543,66.45,ALIGN
114.2,2,0.2472,2.7429,162.85,0.5909,2.8937,-167.42,0.3754,0.3465,61.65,ALIGN
114.25,2,0.2472,2.7429,162.85,0.5912,2.8938,-166.52,0.3757,0.3465,61.65,ALIGN
114.3,2,0.2472,2.7429,162.85,0.5918,2.8939,-165.17,0.3762,0.3465,61.65,ALIGN
114.352,2,0.2472,2.7429,162.85,0.5918,2.8939,-165.17,0.3762,0.3465,61.65,ALIGN
114.4,2,0.245,2.7375,165.58,0.5923,2.8941,-163.82,0.381,0.3412,58.52,ALIGN
114.45,2,0.245,2.7375,165.58,0.5928,2.8942,-162.47,0.3815,0.3412,58.52,ALIGN
114.5,2,0.245,2.7375,165.58,0.5933,2.8944,-161.13,0.382,0.3412,58.52,ALIGN
114.55,2,0.245,2.7375,165.58,0.5938,2.8946,-159.78,0.3825,0.3412,58.52,ALIGN
114.6,2,0.2509,2.7374,168.29,0.5939,2.8946,-159.33,0.3773,0.3454,55.12,ALIGN
114.65,2,0.2509,2.7374,168.29,0.5943,2.8947,-158.43,0.3777,0.3454,55.12,ALIGN
114.7,2,0.2509,2.7374,168.29,0.5948,2.8949,-157.08,0.3782,0.3454,55.12,ALIGN
114.75,2,0.2509,2.7374,168.29,0.5952,2.8951,-155.74,0.3787,0.3454,55.12,ALIGN
114.8,2,0.2535,2.7385,173.72,0.5957,2.8954,-154.39,0.3765,0.348,49.53,ALIGN
114.85,2,0.2535,2.7385,173.72,0.596,2.8955,-153.49,0.3768,0.348,49.53,ALIGN
114.9,2,0.2535,2.7385,173.72,0.5964,2.8957,-152.59,0.3772,0.348,49.53,ALIGN
114.95,2,0.2535,2.7385,173.72,0.5968,2.8959,-151.24,0.3777,0.348,49.53,ALIGN
115.0,2,0.2576,2.7309,179.16,0.5973,2.8962,-149.89,0.3778,0.3459,42.72,ALIGN
115.05,2,0.2576,2.7309,179.16,0.5976,2.8964,-149.0,0.3781,0.3459,42.72,ALIGN
115.1,2,0.2576,2.7309,179.16,0.598,2.8966,-147.65,0.3786,0.3459,42.72,ALIGN
115.15,2,0.2576,2.7309,179.16,0.5983,2.8968,-146.75,0.379,0.3459,42.72,ALIGN
115.2,2,0.2581,2.7383,-178.14,0.5983,2.8968,-146.75,0.3754,0.3513,40.86,ALIGN
115.25,2,0.2581,2.7383,-178.14,0.5988,2.8971,-145.4,0.3759,0.3513,40.86,ALIGN
115.3,2,0.2581,2.7383,-178.14,0.5992,2.8974,-144.05,0.3764,0.3513,40.86,ALIGN
115.35,2,0.2581,2.7383,-178.14,0.5996,2.8977,-142.71,0.3769,0.3513,40.86,ALIGN
115.4,2,0.2581,2.7383,-178.14,0.6,2.8981,-141.36,0.3774,0.3513,40.86,ALIGN
115.45,2,0.2581,2.7383,-178.14,0.6003,2.8983,-140.46,0.3778,0.3513,40.86,ALIGN
115.5,2,0.2581,2.7383,-178.14,0.6006,2.8985,-139.56,0.3781,0.3513,40.86,ALIGN
115.55,2,0.2581,2.7383,-178.14,0.601,2.8989,-138.21,0.3786,0.3513,40.86,ALIGN
115.6,2,0.2581,2.7383,-178.14,0.6013,2.8991,-137.32,0.379,0.3513,40.86,ALIGN
115.65,2,0.2656,2.7457,-167.24,0.6013,2.8991,-137.32,0.3691,0.3618,30.01,ALIGN
115.7,2,0.2656,2.7457,-167.24,0.6016,2.8995,-135.97,0.3696,0.3618,30.01,ALIGN
115.75,2,0.2656,2.7457,-167.24,0.602,2.8998,-134.62,0.37,0.3618,30.01,ALIGN
115.8,2,0.2656,2.7457,-167.24,0.6024,2.9002,-133.27,0.3705,0.3618,30.01,ALIGN
115.85,2,0.2637,2.7479,-164.54,0.6026,2.9005,-132.37,0.3716,0.362,27.77,ALIGN
115.9,2,0.2637,2.7479,-164.54,0.603,2.9009,-131.03,0.3721,0.362,27.77,ALIGN
115.95,2,0.2637,2.7479,-164.54,0.6033,2.9013,-129.68,0.3726,0.362,27.77,ALIGN
116.0,2,0.2637,2.7479,-164.54,0.6035,2.9015,-128.78,0.3729,0.362,27.77,ALIGN
116.05,2,0.2643,2.748,-159.13,0.6039,2.902,-127.43,0.3729,0.3624,22.31,ALIGN
116.1,2,0.2643,2.748,-159.13,0.6041,2.9022,-126.53,0.3732,0.3624,22.31,DRIVE
116.15,2,0.2643,2.748,-159.13,0.6039,2.9019,-125.66,0.3728,0.3624,22.31,DRIVE
116.2,2,0.2643,2.748,-159.13,0.6039,2.9019,-125.66,0.3728,0.3624,22.31,DRIVE
116.25,2,0.2711,2.7455,-156.41,0.6016,2.8987,-124.39,0.3643,0.3657,18.57,DRIVE
116.3,2,0.2711,2.7455,-156.41,0.5967,2.8912,-123.09,0.3567,0.3657,18.57,DRIVE
116.35,2,0.2711,2.7455,-156.41,0.5898,2.8803,-121.83,0.346,0.3657,18.57,DRIVE
116.4,2,0.2711,2.7455,-156.41,0.5826,2.8684,-120.57,0.3349,0.3657,18.57,DRIVE
116.45,2,0.2711,2.7455,-156.41,0.5756,2.8562,-119.27,0.324,0.3657,18.57,DRIVE
116.5,2,0.2711,2.7455,-156.41,0.5712,2.8479,-118.38,0.3171,0.3657,18.57,DRIVE
116.55,2,0.2711,2.7455,-156.41,0.5647,2.8354,-117.01,0.307,0.3657,18.57,DRIVE
116.6,2,0.2711,2.7455,-156.41,0.5605,2.827,-116.08,0.3007,0.3657,18.57,DRIVE
116.65,2,0.2741,2.743,-145.56,0.5565,2.8185,-115.14,0.2923,0.3663,7.12,DRIVE
116.7,2,0.2741,2.743,-145.56,0.5565,2.8185,-115.14,0.2923,0.3663,7.12,DRIVE
116.75,2,0.2741,2.743,-145.56,0.5507,2.8056,-113.73,0.2836,0.3663,7.12,DRIVE
116.8,2,0.2741,2.743,-145.56,0.5452,2.7927,-112.46,0.2756,0.3663,7.12,DRIVE
116.85,2,0.2729,2.7403,-142.85,0.54,2.7796,-111.46,0.27,0.3636,4.22,DRIVE
116.9,2,0.2729,2.7403,-142.85,0.5383,2.7752,-111.18,0.2677,0.3636,4.22,DRIVE
116.95,2,0.2729,2.7403,-142.85,0.5366,2.7708,-110.9,0.2655,0.3636,4.22,DRIVE
117.0,2,0.2729,2.7403,-142.85,0.5317,2.7575,-110.19,0.2593,0.3636,4.22,DRIVE
117.05,2,0.268,2.7381,-137.4,0.5269,2.7441,-109.57,0.259,0.3585,-0.98,DRIVE
117.101,2,0.268,2.7381,-137.4,0.5222,2.7307,-108.99,0.2543,0.3585,-0.98,DRIVE
117.15,2,0.268,2.7381,-137.4,0.5177,2.7173,-108.54,0.2506,0.3585,-0.98,DRIVE
117.2,2,0.268,2.7381,-137.4,0.5147,2.7084,-108.32,0.2485,0.3585,-0.98,DRIVE
117.25,2,0.2719,2.735,-134.7,0.5147,2.7084,-108.32,0.2442,0.3594,-4.47,DRIVE
117.3,2,0.2719,2.735,-134.7,0.5103,2.6949,-108.01,0.2417,0.3594,-4.47,DRIVE
117.35,2,0.2719,2.735,-134.7,0.506,2.6814,-107.79,0.2401,0.3594,-4.47,DRIVE
117.4,2,0.2719,2.735,-134.7,0.5031,2.6724,-107.7,0.2395,0.3594,-4.47,DRIVE
117.45,2,0.2755,2.7361,-129.27,0.4988,2.6588,-107.59,0.2363,0.3628,-10.14,DRIVE
117.5,2,0.2755,2.7361,-129.27,0.4973,2.6542,-107.56,0.2364,0.3628,-10.14,DRIVE
117.55,2,0.2755,2.7361,-129.27,0.4959,2.6497,-107.52,0.2367,0.3628,-10.14,DRIVE
117.6,2,0.2755,2.7361,-129.27,0.4959,2.6497,-107.52,0.2367,0.3628,-10.14,DRIVE
117.65,2,0.2717,2.7371,-126.53,0.4901,2.6313,-107.54,0.2427,0.3606,-12.35,DRIVE
117.7,2,0.2717,2.7371,-126.53,0.4857,2.6175,-107.71,0.2451,0.3606,-12.35,DRIVE
117.75,2,0.2717,2.7371,-126.53,0.4813,2.6038,-108.0,0.2484,0.3606,-12.35,DRIVE
117.8,2,0.2717,2.7371,-126.53,0.4782,2.5946,-108.21,0.2509,0.3606,-12.35,DRIVE
117.85,2,0.2737,2.738,-123.83,0.4736,2.5809,-108.54,0.2543,0.3627,-15.16,DRIVE
117.9,2,0.2737,2.738,-123.83,0.4689,2.5671,-108.89,0.2595,0.3627,-15.16,DRIVE
117.95,2,0.2737,2.738,-123.83,0.4673,2.5625,-109.03,0.2614,0.3627,-15.16,DRIVE
118.0,2,0.2737,2.738,-123.83,0.4641,2.5533,-109.33,0.2653,0.3627,-15.16,DRIVE
118.05,2,0.2549,2.7051,-118.7,0.4641,2.5533,-109.33,0.2585,0.3272,-22.47,DRIVE
118.1,2,0.2549,2.7051,-118.7,0.4592,2.5395,-109.82,0.263,0.3272,-22.47,DRIVE
118.15,2,0.2549,2.7051,-118.7,0.456,2.5308,-110.2,0.2662,0.3272,-22.47,DRIVE
118.2,2,0.2437,2.6846,-116.08,0.4545,2.5267,-110.43,0.2634,0.3058,-26.78,DRIVE
118.25,2,0.2437,2.6846,-116.08,0.4498,2.5145,-111.26,0.2672,0.3058,-26.78,ALIGN
118.3,2,0.2437,2.6846,-116.08,0.4461,2.5053,-112.28,0.2704,0.3058,-26.78,ALIGN
118.35,2,0.2437,2.6846,-116.08,0.4441,2.5006,-113.39,0.272,0.3058,-26.78,ALIGN
118.4,2,0.2437,2.6846,-116.08,0.4441,2.5006,-113.39,0.272,0.3058,-26.78,ALIGN
118.45,2,0.2228,2.6367,-110.55,0.4437,2.4997,-114.15,0.2599,0.2614,-37.92,ALIGN
118.5,2,0.2228,2.6367,-110.55,0.4434,2.4992,-115.27,0.26,0.2614,-37.92,ALIGN
118.55,2,0.2228,2.6367,-110.55,0.4432,2.4988,-116.41,0.26,0.2614,-37.92,ALIGN
118.6,2,0.2024,2.6081,-108.66,0.4432,2.4988,-116.41,0.2645,0.2294,-43.23,ALIGN
119.65,3,0.1322,2.3953,-106.45,0.4418,2.4962,-120.39,0.3257,2.3989,13.29,ALIGN
119.7,3,0.1322,2.3953,-106.45,0.4417,2.4961,-120.38,0.3256,2.3989,13.29,DRIVE
119.75,3,0.1322,2.3953,-106.45,0.441,2.4948,-120.34,0.3245,2.3989,13.29,DRIVE
119.8,3,0.1197,2.3672,-107.26,0.4379,2.4896,-120.09,0.3409,2.3702,14.36,DRIVE
119.85,3,0.1197,2.3672,-107.26,0.4325,2.4801,-119.64,0.3325,2.3702,14.36,DRIVE
119.9,3,0.1197,2.3672,-107.26,0.4247,2.4661,-119.15,0.3206,2.3702,14.36,DRIVE
119.95,3,0.1197,2.3672,-107.26,0.4145,2.4476,-118.75,0.3055,2.3702,14.36,DRIVE
120.0,3,0.094,2.3165,-110.28,0.4105,2.4404,-118.63,0.3399,2.3184,17.95,DRIVE
120.05,3,0.094,2.3165,-110.28,0.4063,2.4327,-118.51,0.3333,2.3184,17.95,DRIVE
120.1,3,0.094,2.3165,-110.28,0.3923,2.4065,-118.16,0.3116,2.3184,17.95,DRIVE
120.15,3,0.094,2.3165,-110.28,0.3761,2.3759,-117.73,0.2884,2.3184,17.95,DRIVE
120.2,3,0.09,2.3151,-114.8,0.3642,2.3531,-117.4,0.2768,2.3168,22.57,DRIVE
120.25,3,0.09,2.3151,-114.8,0.3582,2.3414,-117.21,0.2694,2.3168,22.57,DRIVE
120.3,3,0.09,2.3151,-114.8,0.3461,2.3176,-116.8,0.2561,2.3168,22.57,DRIVE
120.35,3,0.09,2.3151,-114.8,0.3401,2.3057,-116.55,0.2503,2.3168,22.57,DRIVE
120.4,3,0.09,2.3151,-114.8,0.3284,2.2817,-115.99,0.2407,2.3168,22.57,DRIVE
120.45,3,0.09,2.3151,-114.8,0.3112,2.2454,-115.03,0.2319,2.3168,22.57,DRIVE
120.5,3,0.09,2.3151,-114.8,0.2947,2.2089,-113.96,0.2306,2.3168,22.57,DRIVE
120.55,3,0.09,2.3151,-114.8,0.2841,2.1844,-113.18,0.234,2.3168,22.57,DRIVE
120.6,3,0.1067,2.3171,-118.16,0.2688,2.1473,-111.93,0.2348,2.3195,25.52,DRIVE
120.65,3,0.1067,2.3171,-118.16,0.2545,2.1102,-110.58,0.2543,2.3195,25.52,ALIGN
120.7,3,0.1067,2.3171,-118.16,0.246,2.0867,-109.65,0.2693,2.3195,25.52,ALIGN
120.75,3,0.1067,2.3171,-118.16,0.2353,2.0549,-108.28,0.292,2.3195,25.52,ALIGN
120.8,3,0.1117,2.3181,-118.27,0.2267,2.0277,-106.95,0.3124,2.3208,25.51,ALIGN
120.85,3,0.1117,2.3181,-118.27,0.2267,2.0277,-106.95,0.3124,2.3208,25.51,ALIGN
120.9,3,0.1117,2.3181,-118.27,0.2222,2.012,-106.11,0.3254,2.3208,25.51,ALIGN
120.95,3,0.1117,2.3181,-118.27,0.2184,1.9985,-105.29,0.337,2.3208,25.51,ALIGN
121.0,3,0.1122,2.3221,-118.27,0.2168,1.9924,-104.9,0.3458,2.3248,25.5,ALIGN
121.05,3,0.1122,2.3221,-118.27,0.2131,1.9775,-103.73,0.359,2.3248,25.5,ALIGN
121.1,3,0.1122,2.3221,-118.27,0.2108,1.9674,-102.59,0.3681,2.3248,25.5,ALIGN
121.15,3,0.1122,2.3221,-118.27,0.2099,1.9633,-101.82,0.3718,2.3248,25.5,ALIGN
121.2,3,0.1111,2.3195,-118.27,0.2095,1.9611,-100.67,0.3717,2.3222,25.53,ALIGN
121.25,3,0.1111,2.3195,-118.27,0.2094,1.9605,-99.53,0.3723,2.3222,25.53,ALIGN
121.3,3,0.1111,2.3195,-118.27,0.2093,1.9601,-98.77,0.3726,2.3222,25.53,ALIGN
121.35,3,0.1111,2.3195,-118.27,0.2093,1.9595,-97.59,0.3731,2.3222,25.53,ALIGN
121.4,3,0.1127,2.307,-117.77,0.2092,1.9593,-97.19,0.3608,2.3097,24.97,ALIGN
121.45,3,0.1127,2.307,-117.77,0.2092,1.9593,-97.19,0.3608,2.3097,24.97,DRIVE
121.5,3,0.1127,2.307,-117.77,0.2091,1.9585,-95.96,0.3616,2.3097,24.97,DRIVE
121.55,3,0.1127,2.307,-117.77,0.2088,1.9549,-94.66,0.3649,2.3097,24.97,DRIVE
121.6,3,0.1021,2.2813,-116.83,0.2084,1.9475,-93.18,0.3504,2.2836,24.27,DRIVE
121.65,3,0.1021,2.2813,-116.83,0.2079,1.9354,-91.57,0.3618,2.2836,24.27,DRIVE
121.7,3,0.1021,2.2813,-116.83,0.2078,1.9246,-90.43,0.3721,2.2836,24.27,DRIVE
121.75,3,0.1021,2.2813,-116.83,0.2078,1.9246,-90.43,0.3721,2.2836,24.27,DRIVE
121.8,3,0.05,2.174,-115.24,0.2081,1.9044,-88.61,0.3126,2.1746,23.92,DRIVE
121.85,3,0.05,2.174,-115.24,0.2093,1.8794,-86.66,0.3349,2.1746,23.92,DRIVE
121.9,3,0.05,2.174,-115.24,0.2118,1.8499,-84.56,0.3622,2.1746,23.92,DRIVE
121.95,3,0.05,2.174,-115.24,0.216,1.8159,-82.3,0.3947,2.1746,23.92,DRIVE
122.0,3,0.05,2.174,-115.24,0.2221,1.7788,-79.96,0.431,2.1746,23.92,DRIVE
122.05,3,0.0279,2.0981,-113.79,0.2299,1.7408,-77.74,0.4104,2.0983,23.03,DRIVE
122.1,3,0.0279,2.0981,-113.79,0.2328,1.7281,-77.03,0.4229,2.0983,23.03,DRIVE
122.15,3,0.0279,2.0981,-113.79,0.2359,1.7154,-76.32,0.4355,2.0983,23.03,DRIVE
122.2,3,0.0279,2.0981,-113.79,0.2461,1.6775,-74.27,0.4738,2.0983,23.03,DRIVE
122.25,3,-0.0193,1.9546,-109.22,0.2577,1.6399,-72.27,0.4192,1.9547,19.78,DRIVE
122.3,3,-0.0193,1.9546,-109.22,0.2661,1.615,-70.95,0.4436,1.9547,19.78,DRIVE
122.35,3,-0.0193,1.9546,-109.22,0.2846,1.5658,-68.44,0.4935,1.9547,19.78,DRIVE
122.4,3,-0.0421,1.882,-106.45,0.2896,1.5537,-67.84,0.4668,1.8825,17.73,DRIVE
122.45,3,-0.0421,1.882,-106.45,0.2947,1.5415,-67.24,0.4789,1.8825,17.73,DRIVE
122.5,3,-0.0421,1.882,-106.45,0.3052,1.5174,-66.07,0.5036,1.8825,17.73,DRIVE
122.55,3,-0.0421,1.882,-106.45,0.3107,1.5054,-65.5,0.5161,1.8825,17.73,DRIVE
122.6,3,-0.0421,1.882,-106.45,0.3278,1.4698,-63.85,0.5539,1.8825,17.73,DRIVE
122.65,3,-0.0713,1.7953,-101.44,0.3459,1.4345,-62.24,0.5515,1.7967,13.71,DRIVE
122.7,3,-0.0713,1.7953,-101.44,0.365,1.3998,-60.65,0.5888,1.7967,13.71,DRIVE
122.75,3,-0.0713,1.7953,-101.44,0.385,1.3657,-59.18,0.6267,1.7967,13.71,DRIVE
122.8,3,-0.0713,1.7953,-101.44,0.3989,1.3431,-58.26,0.6523,1.7967,13.71,DRIVE
122.85,3,-0.069,1.7822,-99.14,0.3989,1.3431,-58.26,0.6417,1.7835,11.36,DRIVE
122.9,3,-0.069,1.7822,-99.14,0.413,1.3208,-57.36,0.6673,1.7835,11.36,DRIVE
122.95,3,-0.069,1.7822,-99.14,0.4425,1.2768,-55.65,0.7191,1.7835,11.36,DRIVE
123.0,3,-0.069,1.7822,-99.14,0.4576,1.255,-54.85,0.7452,1.7835,11.36,DRIVE
123.05,3,-0.0662,1.7753,-94.45,0.481,1.2228,-53.68,0.7776,1.7766,6.59,DRIVE
123.1,3,-0.0662,1.7753,-94.45,0.505,1.1911,-52.53,0.8171,1.7766,6.59,DRIVE
123.15,3,-0.0662,1.7753,-94.45,0.5295,1.1598,-51.51,0.8566,1.7766,6.59,DRIVE
123.2,3,-0.0662,1.7753,-94.45,0.5462,1.1392,-50.91,0.883,1.7766,6.59,DRIVE
123.25,3,-0.0653,1.7749,-91.83,0.5717,1.1085,-50.04,0.9219,1.7761,3.94,DRIVE
123.3,3,-0.0653,1.7749,-91.83,0.5976,1.0782,-49.22,0.9617,1.7761,3.94,DRIVE
123.35,3,-0.0653,1.7749,-91.83,0.6151,1.0582,-48.72,0.9882,1.7761,3.94,DRIVE
123.4,3,-0.0653,1.7749,-91.83,0.6416,1.0285,-48.02,1.0281,1.7761,3.94,DRIVE
123.45,3,-0.0455,1.7154,-84.86,0.6595,1.0088,-47.58,0.9982,1.716,-3.62,DRIVE
123.5,3,-0.0455,1.7154,-84.86,0.6867,0.9795,-46.95,1.0381,1.716,-3.62,DRIVE
123.55,3,-0.0455,1.7154,-84.86,0.7049,0.9602,-46.61,1.0647,1.716,-3.62,DRIVE
123.6,3,-0.0455,1.7154,-84.86,0.7325,0.9313,-46.28,1.1046,1.716,-3.62,DRIVE
123.65,3,-0.024,1.5463,-75.69,0.7602,0.9025,-46.08,1.0146,1.5465,-13.42,DRIVE
123.7,3,-0.024,1.5463,-75.69,0.7695,0.8929,-46.02,1.0279,1.5465,-13.42,DRIVE
123.75,3,-0.024,1.5463,-75.69,0.7787,0.8833,-45.97,1.0411,1.5465,-13.42,DRIVE
123.8,3,-0.024,1.5463,-75.69,0.8066,0.8546,-45.91,1.0809,1.5465,-13.42,DRIVE
123.85,3,-0.024,1.5463,-75.69,0.8344,0.8258,-46.11,1.1207,1.5465,-13.42,DRIVE
123.9,3,-0.024,1.5463,-75.69,0.862,0.7968,-46.49,1.1605,1.5465,-13.42,DRIVE
123.95,3,-0.024,1.5463,-75.69,0.8895,0.7676,-46.93,1.2004,1.5465,-13.42,DRIVE
124.0,3,-0.024,1.5463,-75.69,0.9167,0.7381,-47.45,1.2402,1.5465,-13.42,DRIVE
124.05,3,-0.024,1.5463,-75.69,0.9347,0.7184,-47.84,1.2667,1.5465,-13.42,DRIVE
124.1,3,0.0564,1.3304,-63.99,0.9614,0.6884,-48.48,1.1095,1.3316,-28.44,DRIVE
124.15,3,0.0564,1.3304,-63.99,0.979,0.6683,-48.94,1.1355,1.3316,-28.44,ALIGN
124.2,3,0.0564,1.3304,-63.99,0.9959,0.6487,-49.45,1.1607,1.3316,-28.44,ALIGN
124.25,3,0.1334,1.2004,-57.62,1.0038,0.6393,-49.72,1.0355,1.2078,-38.72,ALIGN
124.3,3,0.1334,1.2004,-57.62,1.0251,0.6136,-50.68,1.0675,1.2078,-38.72,ALIGN
124.35,3,0.1334,1.2004,-57.62,1.0429,0.5912,-51.77,1.0947,1.2078,-38.72,ALIGN
124.4,3,0.1334,1.2004,-57.62,1.0573,0.5725,-52.91,1.1171,1.2078,-38.72,ALIGN
124.45,3,0.1334,1.2004,-57.62,1.0683,0.5574,-54.05,1.1347,1.2078,-38.72,ALIGN
124.5,3,0.2237,1.0761,-52.44,1.0683,0.5574,-54.05,0.9912,1.0991,-49.3,ALIGN
124.55,3,0.2237,1.0761,-52.44,1.0739,0.5495,-54.82,1.0001,1.0991,-49.3,ALIGN
124.6,3,0.2237,1.0761,-52.44,1.0798,0.541,-55.96,1.0096,1.0991,-49.3,ALIGN
124.65,3,0.2237,1.0761,-52.44,1.0827,0.5364,-57.12,1.0145,1.0991,-49.3,ALIGN
124.7,3,0.3245,0.9591,-48.32,1.0834,0.5354,-58.27,0.8692,1.0125,-60.38,ALIGN
124.75,3,0.3245,0.9591,-48.32,1.0837,0.5349,-59.42,0.8697,1.0125,-60.38,ALIGN
124.8,3,0.3245,0.9591,-48.32,1.084,0.5344,-60.59,0.8702,1.0125,-60.38,ALIGN
124.85,3,0.378,0.9063,-46.73,1.0842,0.534,-61.39,0.7983,0.9819,-65.91,ALIGN
124.9,3,0.378,0.9063,-46.73,1.0844,0.5335,-62.62,0.7988,0.9819,-65.91,ALIGN
124.95,3,0.378,0.9063,-46.73,1.0845,0.5333,-63.04,0.7989,0.9819,-65.91,ALIGN
125.0,3,0.378,0.9063,-46.73,1.0846,0.5331,-63.47,0.7991,0.9819,-65.91,ALIGN
125.05,3,0.378,0.9063,-46.73,1.0849,0.5326,-64.76,0.7996,0.9819,-65.91,ALIGN
125.1,3,0.378,0.9063,-46.73,1.0851,0.5321,-66.09,0.8,0.9819,-65.91,ALIGN
125.15,3,0.378,0.9063,-46.73,1.0853,0.5317,-67.44,0.8004,0.9819,-65.91,ALIGN
125.2,3,0.378,0.9063,-46.73,1.0854,0.5313,-68.82,0.8006,0.9819,-65.91,ALIGN
125.25,3,0.378,0.9063,-46.73,1.0854,0.5311,-70.21,0.8008,0.9819,-65.91,ALIGN
125.3,3,0.5405,0.752,-44.0,1.0855,0.5311,-71.61,0.588,0.9261,-81.71,ALIGN
125.35,3,0.5405,0.752,-44.0,1.0854,0.5311,-73.01,0.588,0.9261,-81.71,ALIGN
125.4,3,0.5405,0.752,-44.0,1.0854,0.5312,-73.95,0.5879,0.9261,-81.71,ALIGN
125.45,3,0.5405,0.752,-44.0,1.0854,0.5313,-74.88,0.5879,0.9261,-81.71,ALIGN
125.5,3,0.6529,0.6466,-45.01,1.0853,0.5315,-76.28,0.4474,0.9189,-90.27,ALIGN
125.55,3,0.6529,0.6466,-45.01,1.0853,0.5318,-77.68,0.4473,0.9189,-90.27,ALIGN
125.6,3,0.6529,0.6466,-45.01,1.0852,0.5322,-79.07,0.4471,0.9189,-90.27,ALIGN
125.65,3,0.6529,0.6466,-45.01,1.0851,0.5324,-80.0,0.447,0.9189,-90.27,ALIGN
125.7,3,0.7664,0.5386,-47.49,1.0851,0.5326,-80.46,0.3187,0.9368,-97.41,ALIGN
125.75,3,0.7664,0.5386,-47.49,1.0851,0.5328,-81.38,0.3187,0.9368,-97.41,ALIGN
125.8,3,0.7664,0.5386,-47.49,1.085,0.5332,-82.76,0.3186,0.9368,-97.41,ALIGN
125.85,3,0.7664,0.5386,-47.49,1.085,0.5332,-82.76,0.3186,0.9368,-97.41,ALIGN
125.9,3,0.8391,0.4487,-51.7,1.085,0.5335,-83.68,0.2601,0.9515,-100.16,ALIGN
125.95,3,0.8391,0.4487,-51.7,1.0849,0.534,-85.05,0.2602,0.9515,-100.16,ALIGN
126.0,3,0.8391,0.4487,-51.7,1.0849,0.5346,-86.88,0.2604,0.9515,-100.16,ALIGN
126.05,3,0.8539,0.4269,-54.02,1.0849,0.535,-87.79,0.255,0.9547,-99.41,ALIGN
126.1,3,0.8539,0.4269,-54.02,1.0848,0.5355,-89.16,0.2552,0.9547,-99.41,ALIGN
126.15,3,0.8539,0.4269,-54.02,1.0848,0.536,-90.52,0.2554,0.9547,-99.41,ALIGN
126.2,3,0.8539,0.4269,-54.02,1.0848,0.5363,-91.43,0.2556,0.9547,-99.41,ALIGN
126.25,3,0.8539,0.4269,-54.02,1.0849,0.5368,-92.79,0.2558,0.9547,-99.41,ALIGN
126.3,3,0.8553,0.4132,-56.3,1.0849,0.537,-93.24,0.2609,0.9498,-97.91,ALIGN
126.35,3,0.8553,0.4132,-56.3,1.0849,0.5372,-93.7,0.261,0.9498,-97.91,ALIGN
126.4,3,0.8553,0.4132,-56.3,1.0849,0.5377,-95.06,0.2612,0.9498,-97.91,ALIGN
126.45,3,0.8553,0.4132,-56.3,1.085,0.5382,-96.42,0.2615,0.9498,-97.91,ALIGN
126.5,3,0.8542,0.4111,-61.07,1.085,0.5388,-97.77,0.2637,0.948,-93.23,ALIGN
126.55,3,0.8542,0.4111,-61.07,1.0851,0.5393,-99.13,0.2641,0.948,-93.23,ALIGN
126.6,3,0.8542,0.4111,-61.07,1.0852,0.5398,-100.49,0.2644,0.948,-93.23,ALIGN
126.65,3,0.8542,0.4111,-61.07,1.0852,0.54,-100.94,0.2645,0.948,-93.23,ALIGN
126.7,3,0.8561,0.4056,-66.39,1.0853,0.5402,-101.39,0.2658,0.9473,-88.26,ALIGN
126.75,3,0.8561,0.4056,-66.39,1.0854,0.5407,-102.75,0.2661,0.9473,-88.26,ALIGN
126.8,3,0.8561,0.4056,-66.39,1.0855,0.5412,-104.11,0.2665,0.9473,-88.26,ALIGN
126.85,3,0.8561,0.4056,-66.39,1.0856,0.5416,-105.01,0.2667,0.9473,-88.26,ALIGN
126.9,3,0.853,0.3987,-71.91,1.0857,0.5421,-106.37,0.2734,0.9416,-83.03,ALIGN
126.95,3,0.853,0.3987,-71.91,1.0858,0.5422,-106.82,0.2735,0.9416,-83.03,ALIGN
127.0,3,0.853,0.3987,-71.91,1.0859,0.5426,-107.73,0.2738,0.9416,-83.03,ALIGN
127.05,3,0.853,0.3987,-71.91,1.086,0.5428,-108.18,0.2739,0.9416,-83.03,ALIGN
127.1,3,0.8527,0.3996,-74.7,1.086,0.5429,-108.63,0.2738,0.9417,-80.18,ALIGN
127.15,3,0.8527,0.3996,-74.7,1.0862,0.5434,-109.99,0.2742,0.9417,-80.18,ALIGN
127.2,3,0.8527,0.3996,-74.7,1.0862,0.5436,-110.44,0.2743,0.9417,-80.18,ALIGN
127.25,3,0.8527,0.3996,-74.7,1.0864,0.5439,-111.34,0.2746,0.9417,-80.18,ALIGN
127.3,3,0.8527,0.3996,-74.7,1.0866,0.5444,-112.7,0.275,0.9417,-80.18,ALIGN
127.35,3,0.8527,0.3996,-74.7,1.0868,0.5449,-114.06,0.2755,0.9417,-80.18,ALIGN
127.4,3,0.8527,0.3996,-74.7,1.087,0.5454,-115.41,0.2759,0.9417,-80.18,ALIGN
127.45,3,0.8435,0.3928,-80.15,1.0872,0.5459,-116.77,0.2878,0.9305,-74.88,ALIGN
127.5,3,0.8435,0.3928,-80.15,1.0875,0.5464,-118.13,0.2883,0.9305,-74.88,ALIGN
127.55,3,0.8435,0.3928,-80.15,1.0877,0.5467,-119.03,0.2886,0.9305,-74.88,ALIGN
127.6,3,0.8435,0.3928,-80.15,1.0879,0.5472,-120.39,0.2891,0.9305,-74.88,ALIGN
127.65,3,0.8435,0.3928,-80.15,1.0881,0.5475,-121.29,0.2894,0.9305,-74.88,ALIGN
127.7,3,0.8465,0.3928,-85.6,1.0884,0.5479,-122.65,0.2874,0.9332,-69.5,ALIGN
127.75,3,0.8465,0.3928,-85.6,1.0885,0.5481,-123.1,0.2876,0.9332,-69.5,ALIGN
127.8,3,0.8465,0.3928,-85.6,1.0886,0.5482,-123.55,0.2877,0.9332,-69.5,ALIGN
127.85,3,0.8465,0.3928,-85.6,1.0889,0.5487,-124.91,0.2882,0.9332,-69.5,ALIGN
127.9,3,0.8412,0.3928,-91.06,1.0892,0.5491,-126.26,0.2931,0.9284,-63.9,ALIGN
127.95,3,0.8412,0.3928,-91.06,1.0895,0.5495,-127.62,0.2936,0.9284,-63.9,ALIGN
128.0,3,0.8412,0.3928,-91.06,1.0899,0.55,-128.98,0.2941,0.9284,-63.9,ALIGN
128.05,3,0.8412,0.3928,-91.06,1.0901,0.5502,-129.88,0.2945,0.9284,-63.9,ALIGN
128.1,3,0.847,0.3953,-93.79,1.0901,0.5502,-129.88,0.2883,0.9347,-61.18,ALIGN
128.15,3,0.847,0.3953,-93.79,1.0904,0.5507,-131.24,0.2888,0.9347,-61.18,ALIGN
128.2,3,0.847,0.3953,-93.79,1.0907,0.5509,-132.14,0.2891,0.9347,-61.18,ALIGN
128.25,3,0.847,0.3953,-93.79,1.0912,0.5515,-133.95,0.2898,0.9347,-61.18,ALIGN
128.3,3,0.8434,0.3986,-99.16,1.0914,0.5517,-134.85,0.2915,0.9328,-55.54,ALIGN
128.35,3,0.8434,0.3986,-99.16,1.0918,0.5521,-136.21,0.292,0.9328,-55.54,ALIGN
128.4,3,0.8434,0.3986,-99.16,1.0922,0.5525,-137.57,0.2926,0.9328,-55.54,ALIGN
128.45,3,0.8434,0.3986,-99.16,1.0925,0.5527,-138.47,0.2929,0.9328,-55.54,ALIGN
128.5,3,0.8396,0.4081,-104.62,1.0927,0.5529,-139.38,0.2917,0.9335,-49.46,ALIGN
128.55,3,0.8396,0.4081,-104.62,1.0931,0.5533,-140.73,0.2922,0.9335,-49.46,ALIGN
128.6,3,0.8396,0.4081,-104.62,1.0936,0.5536,-142.09,0.2927,0.9335,-49.46,ALIGN
128.65,3,0.8396,0.4081,-104.62,1.0938,0.5538,-142.99,0.2931,0.9335,-49.46,ALIGN
128.7,3,0.8374,0.4169,-107.32,1.0943,0.5542,-144.35,0.2913,0.9354,-46.22,ALIGN
128.75,3,0.8374,0.4169,-107.32,1.0946,0.5544,-145.25,0.2916,0.9354,-46.22,ALIGN
128.8,3,0.8374,0.4169,-107.32,1.095,0.5547,-146.61,0.2922,0.9354,-46.22,ALIGN
128.85,3,0.8374,0.4169,-107.32,1.0953,0.5549,-147.51,0.2925,0.9354,-46.22,ALIGN
128.9,3,0.8384,0.4371,-112.75,1.0958,0.5551,-148.87,0.2832,0.9454,-39.72,ALIGN
128.95,3,0.8384,0.4371,-112.75,1.0958,0.5551,-148.87,0.2832,0.9454,-39.72,ALIGN
129.0,3,0.8384,0.4371,-112.75,1.0962,0.5554,-150.23,0.2837,0.9454,-39.72,ALIGN
129.05,3,0.8384,0.4371,-112.75,1.0967,0.5557,-151.58,0.2843,0.9454,-39.72,ALIGN
129.1,3,0.8393,0.4391,-118.16,1.097,0.5559,-152.49,0.283,0.9472,-34.22,ALIGN
129.15,3,0.8393,0.4391,-118.16,1.0975,0.5561,-153.84,0.2835,0.9472,-34.22,ALIGN
129.2,3,0.8393,0.4391,-118.16,1.098,0.5563,-155.2,0.284,0.9472,-34.22,ALIGN
129.25,3,0.8393,0.4391,-118.16,1.0983,0.5565,-156.1,0.2844,0.9472,-34.22,ALIGN
129.3,3,0.8436,0.4398,-120.84,1.0988,0.5567,-157.46,0.2807,0.9514,-31.62,ALIGN
129.35,3,0.8436,0.4398,-120.84,1.0993,0.5569,-158.82,0.2812,0.9514,-31.62,ALIGN
129.4,3,0.8436,0.4398,-120.84,1.0993,0.5569,-158.82,0.2812,0.9514,-31.62,ALIGN
129.45,3,0.8436,0.4398,-120.84,1.0996,0.557,-159.72,0.2816,0.9514,-31.62,ALIGN
129.5,3,0.8417,0.4448,-126.25,1.1001,0.5572,-161.08,0.2818,0.952,-25.89,ALIGN
129.55,3,0.8417,0.4448,-126.25,1.1007,0.5574,-162.43,0.2823,0.952,-25.89,ALIGN
129.6,3,0.8417,0.4448,-126.25,1.1012,0.5575,-163.79,0.2829,0.952,-25.89,ALIGN
129.652,3,0.8417,0.4448,-126.25,1.1015,0.5576,-164.69,0.2832,0.952,-25.89,ALIGN
129.7,3,0.8398,0.4476,-128.97,1.1017,0.5577,-165.15,0.2841,0.9516,-22.98,ALIGN
129.75,3,0.8398,0.4476,-128.97,1.102,0.5578,-166.05,0.2844,0.9516,-22.98,DRIVE
129.8,3,0.8398,0.4476,-128.97,1.1019,0.5577,-167.39,0.2842,0.9516,-22.98,DRIVE
129.85,3,0.8398,0.4476,-128.97,1.098,0.5569,-168.68,0.2804,0.9516,-22.98,DRIVE
129.9,3,0.8373,0.4434,-134.33,1.0928,0.5559,-169.54,0.2792,0.9474,-17.77,DRIVE
129.95,3,0.8373,0.4434,-134.33,1.0807,0.5539,-170.9,0.2674,0.9474,-17.77,DRIVE
130.0,3,0.8373,0.4434,-134.33,1.07,0.5523,-171.84,0.2569,0.9474,-17.77,DRIVE
130.05,3,0.8373,0.4434,-134.33,1.0571,0.5506,-172.78,0.2446,0.9474,-17.77,DRIVE
130.1,3,0.8349,0.4438,-136.95,1.0571,0.5506,-172.78,0.2466,0.9455,-15.05,DRIVE
130.15,3,0.8349,0.4438,-136.95,1.0247,0.5472,-174.79,0.2162,0.9455,-15.05,DRIVE
130.2,3,0.8349,0.4438,-136.95,1.0053,0.5457,-175.84,0.1986,0.9455,-15.05,DRIVE
130.25,3,0.8349,0.4438,-136.95,0.9723,0.544,-177.51,0.1701,0.9455,-15.05,DRIVE
130.3,3,0.8385,0.442,-142.37,0.9361,0.5432,-179.17,0.1405,0.9479,-9.84,DRIVE
130.35,3,0.8385,0.442,-142.37,0.8989,0.5433,179.31,0.1179,0.9479,-9.84,DRIVE
130.4,3,0.8385,0.442,-142.37,0.874,0.5439,178.41,0.1079,0.9479,-9.84,DRIVE
130.45,3,0.8385,0.442,-142.37,0.8364,0.5455,177.22,0.1035,0.9479,-9.84,DRIVE
130.5,3,0.8392,0.4469,-145.06,0.8114,0.547,176.48,0.1039,0.9508,-6.9,DRIVE
130.55,3,0.8392,0.4469,-145.06,0.8114,0.547,176.48,0.1039,0.9508,-6.9,DRIVE
130.6,3,0.8392,0.4469,-145.06,0.7737,0.5497,175.42,0.1219,0.9508,-6.9,DRIVE
130.65,3,0.8392,0.4469,-145.06,0.736,0.5532,174.47,0.1481,0.9508,-6.9,DRIVE
130.7,3,0.8412,0.4417,-150.43,0.6984,0.5572,173.58,0.1837,0.9501,-1.86,DRIVE
130.75,3,0.8412,0.4417,-150.43,0.6607,0.5619,172.72,0.2168,0.9501,-1.86,DRIVE
130.8,3,0.8412,0.4417,-150.43,0.6232,0.567,172.0,0.2514,0.9501,-1.86,DRIVE
130.85,3,0.8412,0.4417,-150.43,0.5857,0.5725,171.4,0.287,0.9501,-1.86,DRIVE
130.9,3,0.8458,0.4396,-155.84,0.5482,0.5785,170.87,0.3283,0.9532,3.31,DRIVE
130.95,3,0.8458,0.4396,-155.84,0.5233,0.5826,170.52,0.3528,0.9532,3.31,DRIVE
131.0,3,0.8458,0.4396,-155.84,0.4858,0.5891,170.1,0.3898,0.9532,3.31,DRIVE
131.05,3,0.8458,0.4396,-155.84,0.4858,0.5891,170.1,0.3898,0.9532,3.31,DRIVE
131.1,3,0.8369,0.4479,-161.27,0.4482,0.5958,169.83,0.4159,0.9492,9.42,DRIVE
131.15,3,0.8369,0.4479,-161.27,0.4107,0.6026,169.63,0.4534,0.9492,9.42,DRIVE
131.2,3,0.8369,0.4479,-161.27,0.3858,0.6072,169.58,0.4784,0.9492,9.42,DRIVE
131.25,3,0.8369,0.4479,-161.27,0.3858,0.6072,169.58,0.4784,0.9492,9.42,DRIVE
131.3,3,0.8424,0.4509,-163.97,0.3609,0.6117,169.63,0.5077,0.9555,12.13,DRIVE
131.35,3,0.8424,0.4509,-163.97,0.3484,0.614,169.67,0.5202,0.9555,12.13,DRIVE
131.4,3,0.8424,0.4509,-163.97,0.3109,0.6208,169.86,0.558,0.9555,12.13,DRIVE
131.45,3,0.8424,0.4509,-163.97,0.2732,0.6274,170.17,0.5959,0.9555,12.13,DRIVE
131.5,3,0.8424,0.4509,-163.97,0.2481,0.6317,170.42,0.6212,0.9555,12.13,DRIVE
131.55,3,0.8424,0.4509,-163.97,0.2355,0.6338,170.55,0.6339,0.9555,12.13,DRIVE
131.6,3,0.8424,0.4509,-163.97,0.1977,0.6399,171.02,0.6718,0.9555,12.13,DRIVE
131.65,3,0.8424,0.4509,-163.97,0.1598,0.6456,171.55,0.7098,0.9555,12.13,DRIVE
131.7,3,0.7784,0.4438,-172.12,0.1346,0.6492,171.94,0.6759,0.8961,21.8,DRIVE
131.75,3,0.7784,0.4438,-172.12,0.1346,0.6492,171.94,0.6759,0.8961,21.8,DRIVE
131.8,3,0.7784,0.4438,-172.12,0.0969,0.6543,172.57,0.7134,0.8961,21.8,DRIVE
131.85,3,0.7784,0.4438,-172.12,0.0608,0.6587,173.32,0.7491,0.8961,21.8,DRIVE
131.9,3,0.7212,0.4403,-175.3,0.025,0.6625,174.24,0.7307,0.8449,26.7,DRIVE
131.95,3,0.7212,0.4403,-175.3,-0.0106,0.6657,175.27,0.7657,0.8449,26.7,ALIGN
132.0,3,0.7212,0.4403,-175.3,-0.0431,0.668,176.4,0.7974,0.8449,26.7,ALIGN
132.05,3,0.7212,0.4403,-175.3,-0.0621,0.669,177.17,0.8159,0.8449,26.7,ALIGN
132.1,3,0.5835,0.4382,178.95,-0.0865,0.6698,178.32,0.709,0.7297,37.95,ALIGN
132.15,3,0.5835,0.4382,178.95,-0.106,0.6701,179.46,0.7275,0.7297,37.95,ALIGN
132.2,3,0.5835,0.4382,178.95,-0.1162,0.6701,-179.79,0.7372,0.7297,37.95,ALIGN
132.25,3,0.5835,0.4382,178.95,-0.1275,0.6699,-178.65,0.7478,0.7297,37.95,ALIGN
132.3,3,0.5835,0.4382,178.95,-0.1337,0.6697,-177.51,0.7537,0.7297,37.95,ALIGN
132.35,3,0.5835,0.4382,178.95,-0.1347,0.6696,-177.13,0.7546,0.7297,37.95,ALIGN
132.4,3,0.5835,0.4382,178.95,-0.1355,0.6696,-176.36,0.7554,0.7297,37.95,ALIGN
132.45,3,0.5835,0.4382,178.95,-0.1361,0.6695,-175.23,0.7559,0.7297,37.95,ALIGN
132.5,3,0.5835,0.4382,178.95,-0.1365,0.6695,-174.46,0.7563,0.7297,37.95,ALIGN
132.55,3,0.5085,0.5752,170.78,-0.1367,0.6695,-174.08,0.652,0.7677,57.75,ALIGN
132.6,3,0.5085,0.5752,170.78,-0.137,0.6694,-173.29,0.6524,0.7677,57.75,ALIGN
132.65,3,0.5085,0.5752,170.78,-0.1375,0.6694,-172.48,0.6527,0.7677,57.75,ALIGN
132.7,3,0.4386,0.5874,169.99,-0.1381,0.6693,-171.24,0.5824,0.733,63.26,ALIGN
132.75,3,0.4386,0.5874,169.99,-0.1387,0.6691,-169.97,0.583,0.733,63.26,ALIGN
132.8,3,0.4386,0.5874,169.99,-0.1387,0.6691,-169.97,0.583,0.733,63.26,ALIGN
132.85,3,0.4386,0.5874,169.99,-0.1392,0.669,-168.65,0.5836,0.733,63.26,ALIGN
132.9,3,0.3668,0.6029,169.67,-0.1397,0.6689,-167.31,0.5107,0.7057,69.02,ALIGN
132.95,3,0.3668,0.6029,169.67,-0.1399,0.6689,-166.41,0.511,0.7057,69.02,ALIGN
133.0,3,0.3668,0.6029,169.67,-0.1402,0.6688,-165.03,0.5113,0.7057,69.02,ALIGN
133.05,3,0.3668,0.6029,169.67,-0.1403,0.6688,-164.57,0.5113,0.7057,69.02,ALIGN
133.1,3,0.2248,0.6268,170.67,-0.1403,0.6687,-164.11,0.3675,0.6659,79.6,ALIGN
133.15,3,0.2248,0.6268,170.67,-0.1404,0.6687,-162.72,0.3675,0.6659,79.6,ALIGN
133.2,3,0.2248,0.6268,170.67,-0.1403,0.6687,-161.33,0.3675,0.6659,79.6,ALIGN
133.25,3,0.2248,0.6268,170.67,-0.1402,0.6688,-159.93,0.3673,0.6659,79.6,ALIGN
133.3,3,0.1513,0.6395,171.67,-0.14,0.6688,-159.0,0.2928,0.6571,85.01,ALIGN
133.35,3,0.1513,0.6395,171.67,-0.1397,0.669,-157.62,0.2926,0.6571,85.01,ALIGN
133.4,3,0.1513,0.6395,171.67,-0.1395,0.669,-156.69,0.2924,0.6571,85.01,ALIGN
133.45,3,0.1513,0.6395,171.67,-0.1395,0.669,-156.69,0.2924,0.6571,85.01,ALIGN
133.5,3,0.012,0.6614,174.71,-0.1392,0.6692,-155.31,0.1514,0.6615,94.25,ALIGN
133.55,3,0.012,0.6614,174.71,-0.1388,0.6693,-153.94,0.151,0.6615,94.25,ALIGN
133.6,3,0.012,0.6614,174.71,-0.1385,0.6695,-152.57,0.1507,0.6615,94.25,ALIGN
133.65,3,0.012,0.6614,174.71,-0.1381,0.6697,-151.2,0.1503,0.6615,94.25,ALIGN
133.7,3,0.012,0.6614,174.71,-0.1379,0.6698,-150.74,0.1502,0.6615,94.25,ALIGN
133.75,3,-0.053,0.6642,176.92,-0.1374,0.6701,-148.93,0.0846,0.6663,97.64,ALIGN
133.8,3,-0.053,0.6642,176.92,-0.1371,0.6703,-148.02,0.0843,0.6663,97.64,ALIGN
133.85,3,-0.053,0.6642,176.92,-0.137,0.6704,-147.57,0.0842,0.6663,97.64,ALIGN
133.901,3,-0.053,0.6642,176.92,-0.1366,0.6707,-146.21,0.0838,0.6663,97.64,ALIGN
133.95,3,-0.1229,0.6673,-178.47,-0.1361,0.6709,-144.86,0.0138,0.6785,98.9,ALIGN
134.0,3,-0.1229,0.6673,-178.47,-0.1357,0.6712,-143.5,0.0135,0.6785,98.9,ALIGN
134.05,3,-0.1229,0.6673,-178.47,-0.1353,0.6715,-142.15,0.0132,0.6785,98.9,ALIGN
134.1,3,-0.1229,0.6673,-178.47,-0.135,0.6718,-141.25,0.013,0.6785,98.9,ALIGN
134.15,3,-0.1307,0.6716,-173.86,-0.1346,0.6721,-139.9,0.004,0.6842,94.87,ALIGN
134.2,3,-0.1307,0.6716,-173.86,-0.1344,0.6723,-139.0,0.0038,0.6842,94.87,ALIGN
134.25,3,-0.1307,0.6716,-173.86,-0.1343,0.6724,-138.55,0.0037,0.6842,94.87,ALIGN
134.3,3,-0.1307,0.6716,-173.86,-0.134,0.6727,-137.65,0.0035,0.6842,94.87,ALIGN
134.35,3,-0.1323,0.6758,-168.87,-0.1339,0.6728,-137.2,0.0034,0.6886,89.95,ALIGN
134.4,3,-0.1323,0.6758,-168.87,-0.1336,0.673,-136.3,0.003,0.6886,89.95,ALIGN
134.45,3,-0.1323,0.6758,-168.87,-0.1332,0.6734,-134.95,0.0026,0.6886,89.95,ALIGN
134.501,3,-0.1323,0.6758,-168.87,-0.133,0.6736,-134.05,0.0022,0.6886,89.95,ALIGN
134.55,3,-0.1367,0.681,-166.19,-0.1326,0.674,-132.7,0.008,0.6945,87.54,ALIGN
134.6,3,-0.1367,0.681,-166.19,-0.1323,0.6744,-131.35,0.0079,0.6945,87.54,ALIGN
134.65,3,-0.1367,0.681,-166.19,-0.132,0.6747,-130.45,0.0078,0.6945,87.54,ALIGN
134.7,3,-0.1367,0.681,-166.19,-0.1317,0.6751,-129.1,0.0077,0.6945,87.54,ALIGN
134.75,3,-0.1317,0.6816,-163.4,-0.1315,0.6753,-128.2,0.0063,0.6942,84.33,ALIGN
134.8,3,-0.1317,0.6816,-163.4,-0.1313,0.6756,-127.31,0.006,0.6942,84.33,ALIGN
134.85,3,-0.1317,0.6816,-163.4,-0.131,0.676,-125.96,0.0056,0.6942,84.33,ALIGN
134.9,3,-0.1317,0.6816,-163.4,-0.1308,0.6763,-125.06,0.0054,0.6942,84.33,ALIGN
134.95,3,-0.1309,0.6799,-157.83,-0.1307,0.6765,-124.61,0.0034,0.6924,78.73,ALIGN
135.0,3,-0.1309,0.6799,-157.83,-0.1306,0.6766,-124.16,0.0033,0.6924,78.73,ALIGN
135.05,3,-0.1309,0.6799,-157.83,-0.1303,0.677,-122.81,0.0029,0.6924,78.73,ALIGN
135.1,3,-0.1309,0.6799,-157.83,-0.13,0.6775,-121.46,0.0025,0.6924,78.73,ALIGN
135.15,3,-0.1281,0.6742,-152.26,-0.1297,0.6779,-120.12,0.0041,0.6862,73.02,ALIGN
135.2,3,-0.1281,0.6742,-152.26,-0.1296,0.6781,-119.67,0.0042,0.6862,73.02,ALIGN
135.25,3,-0.1281,0.6742,-152.26,-0.1296,0.6781,-119.67,0.0042,0.6862,73.02,ALIGN
135.3,3,-0.1281,0.6742,-152.26,-0.1294,0.6786,-118.32,0.0046,0.6862,73.02,ALIGN
135.35,3,-0.1285,0.6769,-149.54,-0.1291,0.679,-116.97,0.0022,0.689,70.29,ALIGN
135.4,3,-0.1285,0.6769,-149.54,-0.1289,0.6795,-115.62,0.0026,0.689,70.29,ALIGN
135.45,3,-0.1285,0.6769,-149.54,-0.1287,0.68,-114.28,0.0031,0.689,70.29,ALIGN
135.5,3,-0.1285,0.6769,-149.54,-0.1284,0.6805,-112.93,0.0035,0.689,70.29,ALIGN
135.55,3,-0.1287,0.6768,-146.81,-0.1283,0.6808,-112.03,0.004,0.6889,67.58,ALIGN
135.6,3,-0.1287,0.6768,-146.81,-0.1281,0.6813,-110.68,0.0045,0.6889,67.58,ALIGN
135.65,3,-0.1287,0.6768,-146.81,-0.128,0.6816,-109.78,0.0049,0.6889,67.58,ALIGN
135.7,3,-0.1287,0.6768,-146.81,-0.1278,0.6821,-108.44,0.0054,0.6889,67.58,ALIGN
135.75,3,-0.1262,0.668,-141.33,-0.1277,0.6825,-107.54,0.0146,0.6798,62.03,ALIGN
135.8,3,-0.1262,0.668,-141.33,-0.1275,0.683,-106.19,0.0151,0.6798,62.03,ALIGN
135.85,3,-0.1262,0.668,-141.33,-0.1274,0.6835,-104.84,0.0156,0.6798,62.03,ALIGN
135.9,3,-0.1262,0.668,-141.33,-0.1273,0.6838,-103.95,0.0159,0.6798,62.03,ALIGN
135.95,3,-0.1238,0.67,-138.59,-0.1272,0.6842,-103.05,0.0146,0.6813,59.06,ALIGN
136.0,3,-0.1238,0.67,-138.59,-0.1271,0.6847,-101.7,0.0151,0.6813,59.06,ALIGN
136.05,3,-0.1238,0.67,-138.59,-0.127,0.685,-100.8,0.0154,0.6813,59.06,ALIGN
136.1,3,-0.1254,0.6642,-133.14,-0.127,0.685,-100.8,0.0209,0.6759,53.84,ALIGN
136.15,3,-0.1254,0.6642,-133.14,-0.1269,0.6855,-99.46,0.0214,0.6759,53.84,ALIGN
136.2,3,-0.1254,0.6642,-133.14,-0.1269,0.6861,-98.11,0.0219,0.6759,53.84,ALIGN
136.25,3,-0.1254,0.6642,-133.14,-0.1268,0.6866,-96.76,0.0224,0.6759,53.84,ALIGN
136.3,3,-0.1294,0.6627,-127.68,-0.1268,0.6868,-96.31,0.0242,0.6752,48.73,ALIGN
136.35,3,-0.1294,0.6627,-127.68,-0.1267,0.6869,-95.86,0.0244,0.6752,48.73,ALIGN
136.4,3,-0.1294,0.6627,-127.68,-0.1267,0.6875,-94.51,0.0249,0.6752,48.73,ALIGN
136.45,3,-0.1294,0.6627,-127.68,-0.1267,0.688,-93.17,0.0255,0.6752,48.73,ALIGN
136.5,3,-0.1294,0.6627,-127.68,-0.1266,0.6885,-91.82,0.026,0.6752,48.73,ALIGN
136.55,3,-0.1294,0.6627,-127.68,-0.1266,0.6891,-90.47,0.0265,0.6752,48.73,ALIGN
136.6,3,-0.1294,0.6627,-127.68,-0.1266,0.6894,-89.57,0.0269,0.6752,48.73,ALIGN
136.65,3,-0.1294,0.6627,-127.68,-0.1266,0.6899,-88.23,0.0274,0.6752,48.73,ALIGN
136.7,3,-0.1246,0.6699,-119.55,-0.1266,0.6905,-86.88,0.0207,0.6813,40.09,ALIGN
136.75,3,-0.1246,0.6699,-119.55,-0.1267,0.6908,-85.98,0.0211,0.6813,40.09,ALIGN
136.8,3,-0.1246,0.6699,-119.55,-0.1267,0.6913,-84.63,0.0216,0.6813,40.09,ALIGN
136.85,3,-0.1246,0.6699,-119.55,-0.1267,0.6917,-83.73,0.0219,0.6813,40.09,ALIGN
136.9,3,-0.1232,0.6756,-116.85,-0.1268,0.6919,-83.28,0.0166,0.6868,37.18,ALIGN
136.95,3,-0.1232,0.6756,-116.85,-0.1268,0.6922,-82.39,0.017,0.6868,37.18,ALIGN
137.0,3,-0.1232,0.6756,-116.85,-0.1269,0.6927,-81.04,0.0175,0.6868,37.18,ALIGN
137.05,3,-0.1232,0.6756,-116.85,-0.1269,0.6931,-80.14,0.0179,0.6868,37.18,ALIGN
137.1,3,-0.1162,0.6762,-111.43,-0.1271,0.6938,-78.34,0.0207,0.6861,31.18,ALIGN
137.15,3,-0.1162,0.6762,-111.43,-0.1271,0.6941,-77.44,0.021,0.6861,31.18,ALIGN
137.2,3,-0.1162,0.6762,-111.43,-0.1273,0.6946,-76.1,0.0215,0.6861,31.18,ALIGN
137.25,3,-0.1162,0.6762,-111.43,-0.1273,0.695,-75.2,0.0218,0.6861,31.18,ALIGN
137.3,3,-0.1211,0.6839,-106.03,-0.1275,0.6955,-73.85,0.0132,0.6945,26.08,ALIGN
137.35,3,-0.1211,0.6839,-106.03,-0.1276,0.696,-72.5,0.0137,0.6945,26.08,ALIGN
137.4,3,-0.1211,0.6839,-106.03,-0.1277,0.6963,-71.6,0.0141,0.6945,26.08,ALIGN
137.45,3,-0.1211,0.6839,-106.03,-0.1279,0.6968,-70.26,0.0146,0.6945,26.08,ALIGN
137.5,3,-0.1217,0.6883,-103.34,-0.128,0.6971,-69.36,0.0109,0.6989,23.37,ALIGN
137.55,3,-0.1217,0.6883,-103.34,-0.1281,0.6973,-68.91,0.0111,0.6989,23.37,DRIVE
137.6,3,-0.1217,0.6883,-103.34,-0.128,0.6971,-67.57,0.0109,0.6989,23.37,DRIVE
137.65,3,-0.1217,0.6883,-103.34,-0.1264,0.6935,-66.26,0.0071,0.6989,23.37,DRIVE
137.7,3,-0.1197,0.695,-97.93,-0.1242,0.6885,-65.37,0.0078,0.7052,17.7,DRIVE
137.75,3,-0.1197,0.695,-97.93,-0.1189,0.6775,-63.97,0.0175,0.7052,17.7,DRIVE
137.8,3,-0.1197,0.695,-97.93,-0.1112,0.6623,-62.56,0.0338,0.7052,17.7,DRIVE
137.85,3,-0.1197,0.695,-97.93,-0.1045,0.6498,-61.61,0.0476,0.7052,17.7,DRIVE
137.9,3,-0.1197,0.695,-97.93,-0.0922,0.628,-60.11,0.0724,0.7052,17.7,DRIVE
137.95,3,-0.1197,0.695,-97.93,-0.0782,0.6045,-58.6,0.0995,0.7052,17.7,DRIVE
138.0,3,-0.1197,0.695,-97.93,-0.0633,0.5811,-57.11,0.1271,0.7052,17.7,DRIVE
138.05,3,-0.1197,0.695,-97.93,-0.0531,0.5657,-56.11,0.1454,0.7052,17.7,DRIVE
138.1,3,-0.1197,0.695,-97.93,-0.0372,0.5429,-54.62,0.173,0.7052,17.7,DRIVE
138.15,3,-0.1201,0.6842,-89.76,-0.0262,0.5279,-53.62,0.1823,0.6947,9.72,DRIVE
138.2,3,-0.1201,0.6842,-89.76,-0.0094,0.5059,-52.12,0.2099,0.6947,9.72,DRIVE
138.25,3,-0.1201,0.6842,-89.76,0.0078,0.4845,-50.78,0.2372,0.6947,9.72,DRIVE
138.3,3,-0.1201,0.6842,-89.76,0.0254,0.4635,-49.64,0.2643,0.6947,9.72,DRIVE
138.35,3,-0.121,0.6844,-84.36,0.0374,0.4497,-48.93,0.2832,0.695,4.38,DRIVE
138.4,3,-0.121,0.6844,-84.36,0.0496,0.436,-48.25,0.3013,0.695,4.38,DRIVE
138.45,3,-0.121,0.6844,-84.36,0.0558,0.4292,-47.91,0.3104,0.695,4.38,DRIVE
138.5,3,-0.121,0.6844,-84.36,0.0744,0.4089,-47.05,0.3377,0.695,4.38,DRIVE
138.55,3,-0.121,0.6844,-84.36,0.0934,0.3889,-46.32,0.3651,0.695,4.38,DRIVE
138.6,3,-0.121,0.6844,-84.36,0.1126,0.3691,-45.64,0.3924,0.695,4.38,DRIVE
138.65,3,-0.121,0.6844,-84.36,0.1321,0.3495,-44.98,0.4198,0.695,4.38,DRIVE
138.7,3,-0.121,0.6844,-84.36,0.1518,0.3301,-44.33,0.4472,0.695,4.38,DRIVE
138.75,3,-0.1109,0.6557,-73.25,0.1651,0.3173,-43.91,0.4366,0.665,-7.16,DRIVE
138.8,3,-0.1109,0.6557,-73.25,0.1851,0.2983,-43.3,0.464,0.665,-7.16,DRIVE
138.85,3,-0.1109,0.6557,-73.25,0.1916,0.2922,-43.12,0.4728,0.665,-7.16,DRIVE
138.9,3,-0.1109,0.6557,-73.25,0.2045,0.2802,-42.84,0.4903,0.665,-7.16,DRIVE
138.95,3,-0.115,0.6509,-67.88,0.2175,0.2682,-42.69,0.507,0.661,-12.1,DRIVE
139.0,3,-0.115,0.6509,-67.88,0.237,0.2502,-42.65,0.5334,0.661,-12.1,DRIVE
139.05,3,-0.115,0.6509,-67.88,0.2435,0.2442,-42.66,0.5422,0.661,-12.1,DRIVE
139.1,3,-0.115,0.6509,-67.88,0.2565,0.2323,-42.76,0.5598,0.661,-12.1,DRIVE
139.15,3,-0.1074,0.6443,-65.17,0.2759,0.2142,-43.04,0.5761,0.6532,-15.36,DRIVE
139.2,3,-0.1074,0.6443,-65.17,0.2952,0.1961,-43.38,0.6025,0.6532,-15.36,DRIVE
139.25,3,-0.1074,0.6443,-65.17,0.3141,0.1779,-43.83,0.6287,0.6532,-15.36,DRIVE
139.3,3,-0.1074,0.6443,-65.17,0.333,0.1597,-44.36,0.6549,0.6532,-15.36,DRIVE
139.35,3,-0.0834,0.6182,-62.32,0.3454,0.1474,-44.74,0.6368,0.6238,-20.0,DRIVE
139.4,3,-0.0834,0.6182,-62.32,0.364,0.1287,-45.36,0.6631,0.6238,-20.0,DRIVE
139.45,3,-0.0834,0.6182,-62.32,0.3817,0.1104,-46.09,0.6886,0.6238,-20.0,DRIVE
139.5,3,-0.0834,0.6182,-62.32,0.399,0.0922,-46.93,0.7137,0.6238,-20.0,DRIVE
139.55,3,-0.0333,0.5369,-56.38,0.4103,0.0799,-47.52,0.6369,0.5379,-30.07,DRIVE
139.6,3,-0.0333,0.5369,-56.38,0.4269,0.0613,-48.48,0.6618,0.5379,-30.07,ALIGN
139.65,3,-0.0333,0.5369,-56.38,0.4411,0.0449,-49.54,0.6835,0.5379,-30.07,ALIGN
139.7,3,-0.0333,0.5369,-56.38,0.4451,0.0401,-49.91,0.6897,0.5379,-30.07,ALIGN
139.75,3,0.0365,0.4547,-50.52,0.4451,0.0401,-49.91,0.5821,0.4562,-44.07,ALIGN
139.8,3,0.0365,0.4547,-50.52,0.4548,0.0283,-51.04,0.5973,0.4562,-44.07,ALIGN
139.85,3,0.0365,0.4547,-50.52,0.4548,0.0283,-51.04,0.5973,0.4562,-44.07,ALIGN
139.9,3,0.0365,0.4547,-50.52,0.4612,0.0201,-52.18,0.6076,0.4562,-44.07,ALIGN
139.95,3,-0.1225,0.2206,-44.77,0.4644,0.0159,-53.33,0.6215,0.2523,-16.19,ALIGN
140.0,3,-0.1225,0.2206,-44.77,0.4652,0.0147,-54.48,0.6227,0.2523,-16.19,DRIVE
140.05,3,-0.1225,0.2206,-44.77,0.4675,0.0114,-55.43,0.626,0.2523,-16.19,DRIVE
140.1,3,-0.1225,0.2206,-44.77,0.472,0.0047,-56.4,0.6325,0.2523,-16.19,DRIVE
140.15,3,-0.0829,0.1978,-43.4,0.472,0.0047,-56.4,0.5875,0.2145,-23.86,DRIVE
