t,wp,est_x,est_y,est_yaw,true_x,true_y,true_yaw,est_true_gap,dist_to_wp,bearing_err_deg,state
2.8,0,0.0086,-0.0,-0.0,0.009,-0.0,-0.0,0.0004,3.9914,0.0,ALIGN
2.85,0,0.0086,-0.0,-0.0,0.009,-0.0,-0.0,0.0005,3.9914,0.0,DRIVE
2.9,0,0.0087,0.0001,-0.0,0.01,-0.0,-0.0,0.0013,3.9913,0.0,DRIVE
2.95,0,0.0087,0.0001,-0.0,0.0151,-0.0,-0.0,0.0065,3.9913,0.0,DRIVE
3.0,0,0.0099,0.0003,-0.01,0.0253,-0.0,-0.01,0.0154,3.9901,0.0,DRIVE
3.05,0,0.0099,0.0003,-0.01,0.0404,-0.0,-0.01,0.0305,3.9901,0.0,DRIVE
3.1,0,0.0214,0.0029,-0.03,0.0466,-0.0,-0.01,0.0253,3.9786,-0.01,DRIVE
3.391,0,0.0214,0.0029,-0.03,0.0466,-0.0,-0.01,0.0253,3.9786,-0.01,DRIVE
3.4,0,0.0539,0.0056,-0.07,0.2569,-0.0002,-0.1,0.2031,3.9461,-0.01,DRIVE
3.45,0,0.0539,0.0056,-0.07,0.297,-0.0003,-0.12,0.2432,3.9461,-0.01,DRIVE
3.5,0,0.0082,-0.0,-0.1,0.3504,-0.0004,-0.14,0.3422,3.9918,0.1,DRIVE
3.55,0,0.0082,-0.0,-0.1,0.3771,-0.0005,-0.15,0.3689,3.9918,0.1,DRIVE
3.6,0,0.0129,-0.0001,-0.13,0.4305,-0.0006,-0.16,0.4175,3.9871,0.13,DRIVE
3.65,0,0.0129,-0.0001,-0.13,0.4572,-0.0007,-0.17,0.4443,3.9871,0.13,DRIVE
3.7,0,-0.0023,-0.0005,-0.15,0.5106,-0.0009,-0.18,0.5129,4.0023,0.16,DRIVE
3.75,0,-0.0023,-0.0005,-0.15,0.5373,-0.001,-0.18,0.5396,4.0023,0.16,DRIVE
3.8,0,-0.0136,-0.0011,-0.17,0.5907,-0.0011,-0.19,0.6043,4.0136,0.19,DRIVE
3.85,0,-0.0136,-0.0011,-0.17,0.6174,-0.0012,-0.19,0.631,4.0136,0.19,DRIVE
3.9,0,-0.0116,-0.0009,-0.19,0.6574,-0.0014,-0.19,0.6691,4.0116,0.2,DRIVE
3.95,0,-0.0116,-0.0009,-0.19,0.6708,-0.0014,-0.19,0.6824,4.0116,0.2,DRIVE
4.0,0,-0.0116,-0.0009,-0.19,0.6975,-0.0015,-0.19,0.7091,4.0116,0.2,DRIVE
4.05,0,-0.0116,-0.0009,-0.19,0.6975,-0.0015,-0.19,0.7091,4.0116,0.2,DRIVE
4.1,0,-0.0168,-0.0017,-0.19,0.7375,-0.0016,-0.18,0.7544,4.0168,0.21,DRIVE
4.15,0,-0.0168,-0.0017,-0.19,0.7776,-0.0018,-0.18,0.7944,4.0168,0.21,DRIVE
4.2,0,-0.01,-0.0017,-0.19,0.8177,-0.0019,-0.18,0.8276,4.01,0.21,DRIVE
4.25,0,-0.01,-0.0017,-0.19,0.8577,-0.002,-0.17,0.8677,4.01,0.21,DRIVE
4.3,0,-0.0089,-0.0022,-0.18,0.8711,-0.0021,-0.17,0.8799,4.0089,0.21,DRIVE
4.35,0,-0.0089,-0.0022,-0.18,0.8844,-0.0021,-0.17,0.8933,4.0089,0.21,DRIVE
4.4,0,-0.0089,-0.0022,-0.18,0.9111,-0.0022,-0.16,0.92,4.0089,0.21,DRIVE
4.45,0,-0.0089,-0.0022,-0.18,0.9245,-0.0022,-0.16,0.9333,4.0089,0.21,DRIVE
4.5,0,-0.0089,-0.0022,-0.18,0.9645,-0.0023,-0.15,0.9734,4.0089,0.21,DRIVE
4.55,0,-0.0089,-0.0022,-0.18,1.0046,-0.0024,-0.14,1.0134,4.0089,0.21,DRIVE
4.6,0,-0.0089,-0.0022,-0.18,1.0446,-0.0025,-0.14,1.0535,4.0089,0.21,DRIVE
4.65,0,-0.0105,-0.0027,-0.15,1.0847,-0.0026,-0.12,1.0952,4.0105,0.19,DRIVE
4.7,0,-0.0105,-0.0027,-0.15,1.1247,-0.0027,-0.1,1.1352,4.0105,0.19,DRIVE
4.75,0,-0.0105,-0.0027,-0.15,1.1648,-0.0028,-0.08,1.1753,4.0105,0.19,DRIVE
4.8,0,0.0007,-0.0029,-0.1,1.2048,-0.0028,-0.08,1.2042,3.9993,0.15,DRIVE
4.85,0,0.0007,-0.0029,-0.1,1.2449,-0.0029,-0.05,1.2442,3.9993,0.15,DRIVE
4.9,0,0.0007,-0.0029,-0.1,1.2849,-0.0029,-0.04,1.2843,3.9993,0.15,DRIVE
4.95,0,0.0001,-0.0027,-0.08,1.325,-0.0029,-0.02,1.3249,3.9999,0.12,DRIVE
5.0,0,0.0001,-0.0027,-0.08,1.365,-0.0029,-0.01,1.365,3.9999,0.12,DRIVE
5.05,0,0.0021,-0.0035,-0.04,1.4051,-0.0029,0.01,1.403,3.9979,0.09,DRIVE
5.1,0,0.0021,-0.0035,-0.04,1.4451,-0.0029,0.03,1.4431,3.9979,0.09,DRIVE
5.15,0,0.0088,-0.003,-0.0,1.4852,-0.0029,0.04,1.4764,3.9912,0.05,DRIVE
5.2,0,0.0088,-0.003,-0.0,1.5252,-0.0029,0.05,1.5165,3.9912,0.05,DRIVE
5.25,0,0.0046,-0.003,0.03,1.5653,-0.0028,0.06,1.5607,3.9954,0.02,DRIVE
5.3,0,0.0046,-0.003,0.03,1.592,-0.0028,0.07,1.5874,3.9954,0.02,DRIVE
5.35,0,0.0359,-0.0029,0.05,1.6454,-0.0027,0.08,1.6096,3.9642,-0.01,DRIVE
5.4,0,0.0359,-0.0029,0.05,1.6855,-0.0026,0.1,1.6496,3.9642,-0.01,DRIVE
5.45,0,0.1013,-0.0028,0.08,1.7255,-0.0026,0.11,1.6243,3.8987,-0.04,DRIVE
5.5,0,0.1013,-0.0028,0.08,1.7656,-0.0025,0.12,1.6643,3.8987,-0.04,DRIVE
5.55,0,0.0049,-0.0022,0.1,1.7923,-0.0024,0.13,1.7873,3.9951,-0.07,DRIVE
5.6,0,0.0049,-0.0022,0.1,1.8457,-0.0023,0.14,1.8407,3.9951,-0.07,DRIVE
5.65,0,0.0083,-0.0026,0.13,1.8724,-0.0022,0.14,1.8641,3.9917,-0.09,DRIVE
5.7,0,0.0083,-0.0026,0.13,1.9124,-0.0021,0.15,1.9041,3.9917,-0.09,DRIVE
5.75,0,0.0084,-0.002,0.14,1.9525,-0.002,0.15,1.9441,3.9916,-0.11,DRIVE
5.8,0,0.0084,-0.002,0.14,1.9925,-0.0019,0.15,1.9842,3.9916,-0.11,DRIVE
5.85,0,0.0067,-0.0016,0.15,2.0326,-0.0018,0.15,2.0259,3.9933,-0.12,DRIVE
5.9,0,0.0067,-0.0016,0.15,2.0593,-0.0017,0.15,2.0526,3.9933,-0.12,DRIVE
5.95,0,0.0067,-0.0016,0.15,2.0726,-0.0017,0.15,2.066,3.9933,-0.12,DRIVE
6.0,0,0.0001,-0.002,0.15,2.1127,-0.0016,0.14,2.1126,3.9999,-0.12,DRIVE
6.05,0,0.0001,-0.002,0.15,2.126,-0.0016,0.14,2.126,3.9999,-0.12,DRIVE
6.1,0,0.0001,-0.002,0.15,2.1527,-0.0015,0.14,2.1527,3.9999,-0.12,DRIVE
6.15,0,0.0001,-0.002,0.15,2.1928,-0.0014,0.14,2.1927,3.9999,-0.12,DRIVE
6.2,0,0.0001,-0.002,0.15,2.2328,-0.0013,0.14,2.2328,3.9999,-0.12,DRIVE
6.25,0,0.0091,-0.001,0.14,2.2729,-0.0012,0.13,2.2638,3.9909,-0.13,DRIVE
6.3,0,0.0091,-0.001,0.14,2.313,-0.0011,0.13,2.3039,3.9909,-0.13,DRIVE
6.35,0,0.0115,-0.0013,0.14,2.353,-0.001,0.12,2.3415,3.9885,-0.12,DRIVE
6.4,0,0.0115,-0.0013,0.14,2.3931,-0.0009,0.11,2.3816,3.9885,-0.12,DRIVE
6.45,0,0.0115,-0.0013,0.14,2.4198,-0.0009,0.11,2.4083,3.9885,-0.12,DRIVE
6.5,0,0.0115,-0.0013,0.14,2.4598,-0.0008,0.1,2.4483,3.9885,-0.12,DRIVE
6.55,0,-0.0113,-0.0007,0.12,2.4865,-0.0007,0.1,2.4978,4.0113,-0.11,DRIVE
6.6,0,-0.0113,-0.0007,0.12,2.5266,-0.0007,0.09,2.5379,4.0113,-0.11,DRIVE
6.65,0,-0.0113,-0.0007,0.12,2.5666,-0.0006,0.08,2.5779,4.0113,-0.11,DRIVE
6.7,0,-0.0113,-0.0007,0.12,2.6067,-0.0006,0.07,2.618,4.0113,-0.11,DRIVE
6.75,0,-0.0144,-0.0005,0.08,2.6468,-0.0005,0.07,2.6611,4.0144,-0.08,DRIVE
6.8,0,-0.0144,-0.0005,0.08,2.6868,-0.0005,0.06,2.7012,4.0144,-0.08,DRIVE
6.85,0,0.0048,0.0001,0.07,2.7269,-0.0004,0.05,2.7221,3.9952,-0.07,DRIVE
6.9,0,0.0048,0.0001,0.07,2.7669,-0.0004,0.04,2.7621,3.9952,-0.07,DRIVE
6.95,0,0.0048,0.0001,0.07,2.807,-0.0004,0.03,2.8022,3.9952,-0.07,DRIVE
7.0,0,0.0007,-0.0006,0.06,2.847,-0.0003,0.03,2.8463,3.9993,-0.05,DRIVE
7.05,0,0.0241,-0.0003,0.04,2.8871,-0.0003,0.02,2.863,3.9759,-0.03,DRIVE
7.1,0,0.0241,-0.0003,0.04,2.9271,-0.0003,0.01,2.903,3.9759,-0.03,DRIVE
7.15,0,0.0241,-0.0003,0.04,2.9672,-0.0003,0.01,2.9431,3.9759,-0.03,DRIVE
7.2,0,0.0304,0.0002,0.02,3.0073,-0.0003,0.0,2.9768,3.9696,-0.02,DRIVE
7.25,0,0.0304,0.0002,0.02,3.0473,-0.0003,-0.0,3.0169,3.9696,-0.02,DRIVE
7.3,0,0.0125,0.0001,0.01,3.0874,-0.0003,-0.01,3.0749,3.9875,-0.01,DRIVE
7.35,0,0.0125,0.0001,0.01,3.1274,-0.0003,-0.01,3.1149,3.9875,-0.01,DRIVE
7.4,0,0.0123,0.0003,-0.01,3.1675,-0.0003,-0.02,3.1551,3.9877,0.0,DRIVE
7.45,0,0.0123,0.0003,-0.01,3.2075,-0.0003,-0.02,3.1952,3.9877,0.0,DRIVE
7.5,0,0.0105,-0.0003,-0.01,3.2476,-0.0003,-0.02,3.2371,3.9895,0.02,DRIVE
7.55,0,0.0105,-0.0003,-0.01,3.2877,-0.0004,-0.03,3.2771,3.9895,0.02,DRIVE
7.6,0,0.0103,-0.0003,-0.02,3.3277,-0.0004,-0.03,3.3174,3.9897,0.03,DRIVE
7.65,0,0.0102,-0.0003,-0.03,3.3678,-0.0004,-0.03,3.3576,3.9898,0.03,DRIVE
7.7,0,0.0102,-0.0003,-0.03,3.4078,-0.0004,-0.04,3.3976,3.9898,0.03,DRIVE
7.75,0,0.0102,-0.0003,-0.03,3.4479,-0.0005,-0.04,3.4377,3.9898,0.03,DRIVE
7.8,0,-0.0007,-0.0003,-0.04,3.4879,-0.0005,-0.04,3.4887,4.0007,0.04,DRIVE
7.85,0,-0.0007,-0.0003,-0.04,3.528,-0.0005,-0.05,3.5287,4.0007,0.04,DRIVE
7.9,0,0.0038,-0.0005,-0.04,3.568,-0.0006,-0.05,3.5643,3.9962,0.05,DRIVE
7.95,0,0.0026,-0.0005,-0.05,3.6081,-0.0006,-0.05,3.6055,3.9974,0.05,DRIVE
8.0,0,0.0026,-0.0005,-0.05,3.6482,-0.0006,-0.05,3.6455,3.9974,0.05,DRIVE
8.05,0,0.002,-0.0007,-0.05,3.6882,-0.0007,-0.05,3.6862,3.998,0.06,DRIVE
8.1,0,0.002,-0.0007,-0.05,3.7283,-0.0007,-0.04,3.7263,3.998,0.06,DRIVE
8.15,0,0.0024,-0.0007,-0.05,3.7683,-0.0007,-0.04,3.7659,3.9976,0.06,DRIVE
8.2,0,0.0024,-0.0007,-0.05,3.8084,-0.0008,-0.04,3.806,3.9976,0.06,DRIVE
8.25,0,0.0024,-0.0007,-0.05,3.8484,-0.0008,-0.04,3.846,3.9976,0.06,DRIVE
8.3,0,0.0012,-0.0006,-0.05,3.8885,-0.0008,-0.04,3.8873,3.9988,0.05,DRIVE
8.35,0,0.0012,-0.0006,-0.05,3.9285,-0.0009,-0.03,3.9274,3.9988,0.05,DRIVE
8.4,0,-0.0011,-0.0011,-0.04,3.9686,-0.0009,-0.03,3.9697,4.0011,0.06,DRIVE
8.45,0,-0.0011,-0.0011,-0.04,4.0087,-0.0009,-0.03,4.0098,4.0011,0.06,DRIVE
8.5,0,-0.0012,-0.0005,-0.04,4.0487,-0.0009,-0.03,4.0499,4.0012,0.05,DRIVE
8.55,0,-0.0009,-0.001,-0.03,4.0888,-0.0009,-0.02,4.0896,4.0009,0.04,DRIVE
8.6,0,-0.0009,-0.001,-0.03,4.1288,-0.001,-0.02,4.1297,4.0009,0.04,DRIVE
8.65,0,0.002,-0.0004,-0.03,4.1689,-0.001,-0.01,4.1669,3.998,0.03,DRIVE
8.7,0,0.002,-0.0004,-0.03,4.2089,-0.001,-0.01,4.207,3.998,0.03,DRIVE
8.75,0,0.0149,-0.0009,-0.01,4.249,-0.001,-0.0,4.2341,3.9851,0.03,DRIVE
8.8,0,0.0149,-0.0009,-0.01,4.289,-0.001,-0.0,4.2741,3.9851,0.03,DRIVE
8.85,0,0.0149,-0.0009,-0.01,4.3291,-0.001,0.0,4.3142,3.9851,0.03,DRIVE
8.9,0,0.0149,-0.0009,-0.01,4.3692,-0.001,0.0,4.3543,3.9851,0.03,DRIVE
8.95,0,0.0149,-0.0009,-0.01,4.3692,-0.001,0.0,4.3543,3.9851,0.03,DRIVE
9.0,0,0.0149,-0.0009,-0.01,4.4092,-0.001,0.01,4.3943,3.9851,0.03,DRIVE
9.05,0,0.0181,-0.0013,0.0,4.4493,-0.001,0.01,4.4311,3.9819,0.01,DRIVE
9.1,0,0.0181,-0.0013,0.0,4.4893,-0.0009,0.02,4.4712,3.9819,0.01,DRIVE
9.15,0,0.0141,-0.0005,0.01,4.5294,-0.0009,0.02,4.5152,3.9859,0.0,DRIVE
9.2,0,0.0141,-0.0005,0.01,4.5694,-0.0009,0.03,4.5553,3.9859,0.0,DRIVE
9.25,0,0.0132,-0.0013,0.02,4.6095,-0.0009,0.03,4.5963,3.9868,-0.0,DRIVE
9.3,0,0.0132,-0.0013,0.02,4.6495,-0.0009,0.03,4.6364,3.9868,-0.0,DRIVE
9.35,0,0.0087,-0.0004,0.02,4.6896,-0.0008,0.04,4.6809,3.9913,-0.02,DRIVE
9.4,0,0.0087,-0.0004,0.02,4.7163,-0.0008,0.05,4.7076,3.9913,-0.02,DRIVE
9.45,0,0.0226,-0.001,0.04,4.7697,-0.0008,0.05,4.7471,3.9774,-0.03,DRIVE
9.5,0,0.0226,-0.001,0.04,4.8098,-0.0007,0.05,4.7872,3.9774,-0.03,DRIVE
9.55,0,0.0241,-0.0007,0.05,4.8498,-0.0007,0.05,4.8257,3.9759,-0.04,DRIVE
9.6,0,0.0241,-0.0007,0.05,4.8899,-0.0007,0.05,4.8657,3.9759,-0.04,DRIVE
9.65,0,0.0248,-0.0005,0.05,4.9299,-0.0006,0.05,4.9051,3.9752,-0.04,DRIVE
9.7,0,0.0248,-0.0005,0.05,4.97,-0.0006,0.06,4.9451,3.9752,-0.04,DRIVE
9.75,0,0.027,-0.0005,0.06,4.9833,-0.0006,0.06,4.9564,3.973,-0.05,DRIVE
9.8,0,0.027,-0.0005,0.06,4.9967,-0.0005,0.06,4.9697,3.973,-0.05,DRIVE
9.85,0,0.027,-0.0005,0.06,5.0367,-0.0005,0.06,5.0098,3.973,-0.05,DRIVE
9.9,0,0.0277,-0.0005,0.06,5.0768,-0.0004,0.07,5.0491,3.9723,-0.06,DRIVE
9.95,0,0.0277,-0.0005,0.06,5.1169,-0.0004,0.07,5.0891,3.9723,-0.06,DRIVE
10.0,0,0.0225,0.0,0.06,5.1569,-0.0004,0.07,5.1345,3.9775,-0.06,DRIVE
10.05,0,0.0225,0.0,0.06,5.197,-0.0003,0.07,5.1745,3.9775,-0.06,DRIVE
10.1,0,0.0225,0.0,0.06,5.237,-0.0002,0.07,5.2146,3.9775,-0.06,DRIVE
10.15,0,0.0225,0.0,0.06,5.2771,-0.0002,0.07,5.2546,3.9775,-0.06,DRIVE
10.2,0,0.0189,-0.0001,0.07,5.3171,-0.0001,0.07,5.2982,3.9811,-0.07,DRIVE
10.25,0,0.0189,-0.0001,0.07,5.3572,-0.0001,0.07,5.3383,3.9811,-0.07,DRIVE
10.3,0,0.0189,-0.0001,0.07,5.3972,-0.0001,0.06,5.3783,3.9811,-0.07,DRIVE
10.35,0,0.0189,-0.0001,0.07,5.4373,-0.0,0.06,5.4184,3.9811,-0.07,DRIVE
10.4,0,0.0146,0.0001,0.07,5.4774,0.0,0.06,5.4628,3.9854,-0.07,DRIVE
10.45,0,0.0146,0.0001,0.07,5.5174,0.0001,0.06,5.5028,3.9854,-0.07,DRIVE
10.5,0,0.0144,-0.0001,0.07,5.5575,0.0001,0.05,5.543,3.9856,-0.07,DRIVE
10.55,0,0.0144,-0.0001,0.07,5.5975,0.0002,0.05,5.5831,3.9856,-0.07,DRIVE
10.6,0,0.0219,0.0001,0.06,5.6376,0.0002,0.05,5.6157,3.9781,-0.06,DRIVE
10.65,0,0.0219,0.0001,0.06,5.6776,0.0002,0.05,5.6558,3.9781,-0.06,DRIVE
10.7,0,0.02,0.0003,0.06,5.7177,0.0003,0.05,5.6977,3.98,-0.06,DRIVE
10.75,0,0.02,0.0003,0.06,5.7577,0.0003,0.04,5.7378,3.98,-0.06,DRIVE
10.8,0,0.0255,0.0001,0.05,5.7978,0.0003,0.04,5.7723,3.9745,-0.05,DRIVE
10.85,0,0.0255,0.0001,0.05,5.8379,0.0004,0.04,5.8123,3.9745,-0.05,DRIVE
10.9,0,0.0343,0.0002,0.04,5.8779,0.0004,0.03,5.8436,3.9657,-0.05,DRIVE
10.95,0,0.0343,0.0002,0.04,5.918,0.0004,0.03,5.8836,3.9657,-0.05,DRIVE
11.0,0,0.0318,0.0004,0.04,5.958,0.0004,0.03,5.9262,3.9682,-0.04,DRIVE
11.05,0,0.0318,0.0004,0.04,5.9981,0.0005,0.02,5.9662,3.9682,-0.04,DRIVE
11.1,0,0.0276,0.0004,0.03,6.0381,0.0005,0.02,6.0105,3.9724,-0.04,DRIVE
11.15,0,0.0276,0.0004,0.03,6.0782,0.0005,0.02,6.0506,3.9724,-0.04,DRIVE
11.2,0,0.0247,0.0001,0.03,6.1182,0.0005,0.01,6.0935,3.9753,-0.03,DRIVE
11.25,0,0.0247,0.0001,0.03,6.1583,0.0005,0.01,6.1336,3.9753,-0.03,DRIVE
11.3,0,0.0284,0.0003,0.02,6.1984,0.0005,0.01,6.17,3.9716,-0.02,DRIVE
11.35,0,0.0284,0.0003,0.02,6.2251,0.0005,0.0,6.1967,3.9716,-0.02,DRIVE
11.4,0,0.0284,0.0003,0.02,6.2518,0.0005,0.0,6.2234,3.9716,-0.02,DRIVE
11.45,0,0.0289,0.0005,0.01,6.2785,0.0005,-0.0,6.2495,3.9711,-0.02,DRIVE
11.5,0,0.0289,0.0005,0.01,6.3185,0.0005,-0.0,6.2896,3.9711,-0.02,DRIVE
11.55,0,0.0288,0.0002,0.01,6.3586,0.0005,-0.01,6.3298,3.9712,-0.01,DRIVE
11.6,0,0.0288,0.0002,0.01,6.3986,0.0005,-0.01,6.3699,3.9712,-0.01,DRIVE
11.65,0,0.0288,0.0002,0.01,6.452,0.0005,-0.01,6.4233,3.9712,-0.01,DRIVE
11.7,0,0.0288,0.0002,0.01,6.4787,0.0005,-0.02,6.45,3.9712,-0.01,DRIVE
11.75,0,0.0288,0.0002,0.01,6.5188,0.0005,-0.02,6.4901,3.9712,-0.01,DRIVE
11.8,0,0.0288,0.0002,0.01,6.5589,0.0005,-0.02,6.5301,3.9712,-0.01,DRIVE
11.85,0,0.0354,0.0003,-0.01,6.5989,0.0004,-0.02,6.5635,3.9646,0.01,DRIVE
11.9,0,0.0354,0.0003,-0.01,6.639,0.0004,-0.02,6.6036,3.9646,0.01,DRIVE
11.95,0,0.0377,0.0004,-0.02,6.679,0.0004,-0.03,6.6413,3.9623,0.01,DRIVE
12.0,0,0.0377,0.0004,-0.02,6.7191,0.0004,-0.03,6.6814,3.9623,0.01,DRIVE
12.05,0,0.039,0.0001,-0.02,6.7591,0.0004,-0.03,6.7201,3.961,0.02,DRIVE
12.1,0,0.039,0.0001,-0.02,6.7992,0.0003,-0.03,6.7602,3.961,0.02,DRIVE
12.15,0,0.0297,-0.0001,-0.03,6.8392,0.0003,-0.03,6.8096,3.9703,0.03,DRIVE
12.2,0,0.0297,-0.0001,-0.03,6.8793,0.0003,-0.03,6.8496,3.9703,0.03,DRIVE
12.25,0,0.0382,0.0001,-0.03,6.9194,0.0003,-0.03,6.8811,3.9618,0.03,DRIVE
12.3,0,0.0382,0.0001,-0.03,6.9594,0.0002,-0.03,6.9212,3.9618,0.03,DRIVE
12.35,0,0.0382,0.0001,-0.03,6.9995,0.0002,-0.03,6.9612,3.9618,0.03,DRIVE
12.4,0,0.0382,0.0001,-0.03,7.0395,0.0002,-0.03,7.0013,3.9618,0.03,DRIVE
12.45,0,0.1294,-0.0,-0.03,7.0529,0.0002,-0.03,6.9235,3.8706,0.03,DRIVE
12.5,0,0.1294,-0.0,-0.03,7.0662,0.0002,-0.03,6.9368,3.8706,0.03,DRIVE
12.55,0,0.1294,-0.0,-0.03,7.1196,0.0001,-0.03,6.9903,3.8706,0.03,DRIVE
12.6,0,0.1294,-0.0,-0.03,7.1597,0.0001,-0.03,7.0303,3.8706,0.03,DRIVE
12.65,0,0.1294,-0.0,-0.03,7.1997,0.0001,-0.03,7.0704,3.8706,0.03,DRIVE
12.7,0,0.1321,0.0001,-0.03,7.2398,0.0001,-0.03,7.1077,3.8679,0.03,DRIVE
12.75,0,0.1321,0.0001,-0.03,7.2665,0.0001,-0.03,7.1344,3.8679,0.03,DRIVE
12.8,0,0.1393,-0.0001,-0.03,7.3199,0.0,-0.02,7.1806,3.8607,0.03,DRIVE
12.853,0,0.1393,-0.0001,-0.03,7.3466,0.0,-0.02,7.2073,3.8607,0.03,DRIVE
12.9,0,0.1393,-0.0001,-0.03,7.3867,0.0,-0.02,7.2473,3.8607,0.03,DRIVE
12.95,0,0.1277,-0.0001,-0.02,7.3867,0.0,-0.02,7.259,3.8723,0.03,DRIVE
13.0,0,0.1277,-0.0001,-0.02,7.4,0.0,-0.02,7.2724,3.8723,0.03,DRIVE
13.051,0,0.1277,-0.0001,-0.02,7.4134,0.0,-0.02,7.2857,3.8723,0.03,DRIVE
13.103,0,0.1277,-0.0001,-0.02,7.4534,0.0,-0.01,7.3258,3.8723,0.03,DRIVE
13.15,0,0.1331,-0.0004,-0.02,7.4935,-0.0,-0.01,7.3603,3.8669,0.02,DRIVE
13.2,0,0.1331,-0.0004,-0.02,7.5335,-0.0,-0.0,7.4004,3.8669,0.02,DRIVE
13.25,0,0.1291,-0.0003,-0.01,7.5602,-0.0,-0.0,7.4312,3.8709,0.01,DRIVE
13.302,0,0.1291,-0.0003,-0.01,7.5736,-0.0,-0.0,7.4445,3.8709,0.01,DRIVE
13.35,0,0.1291,-0.0003,-0.01,7.5736,-0.0,-0.0,7.4445,3.8709,0.01,DRIVE
13.4,0,0.1291,-0.0003,-0.01,7.6003,-0.0,0.0,7.4712,3.8709,0.01,DRIVE
13.45,0,0.1291,-0.0003,-0.01,7.6003,-0.0,0.0,7.4712,3.8709,0.01,DRIVE
13.5,0,0.1349,-0.0002,-0.0,7.6404,-0.0,0.0,7.5055,3.8651,0.01,DRIVE
13.551,0,0.1349,-0.0002,-0.0,7.6404,-0.0,0.0,7.5055,3.8651,0.01,DRIVE
13.6,0,0.1349,-0.0002,-0.0,7.6537,-0.0,0.0,7.5188,3.8651,0.01,DRIVE
13.65,0,0.1349,-0.0002,-0.0,7.6938,-0.0,0.01,7.5589,3.8651,0.01,DRIVE
13.7,0,0.1384,-0.0002,0.0,7.7338,0.0,0.01,7.5954,3.8616,-0.0,DRIVE
13.75,0,0.1384,-0.0002,0.0,7.7472,0.0,0.01,7.6088,3.8616,-0.0,DRIVE
13.8,0,0.1384,-0.0002,0.0,7.7739,0.0,0.01,7.6355,3.8616,-0.0,DRIVE
13.852,0,0.1381,-0.0003,0.01,7.7872,0.0,0.01,7.6491,3.8619,-0.0,DRIVE
13.9,0,0.1381,-0.0003,0.01,7.8139,0.0,0.01,7.6758,3.8619,-0.0,DRIVE
13.95,0,0.1381,-0.0003,0.01,7.8139,0.0,0.01,7.6758,3.8619,-0.0,DRIVE
14.0,0,0.1381,-0.0003,0.01,7.854,0.0,0.02,7.7159,3.8619,-0.0,DRIVE
14.05,0,0.1381,-0.0003,0.01,7.894,0.0001,0.02,7.7559,3.8619,-0.0,DRIVE
14.1,0,0.1381,-0.0003,0.01,7.9207,0.0001,0.02,7.7826,3.8619,-0.0,DRIVE
14.15,0,0.1738,-0.0003,0.02,7.9608,0.0001,0.03,7.7869,3.8262,-0.02,DRIVE
14.2,0,0.1738,-0.0003,0.02,7.9875,0.0001,0.03,7.8137,3.8262,-0.02,DRIVE
14.25,0,0.1676,-0.0003,0.03,7.9875,0.0001,0.03,7.8199,3.8324,-0.03,DRIVE
14.301,0,0.1676,-0.0003,0.03,7.9875,0.0001,0.03,7.8199,3.8324,-0.03,DRIVE
14.35,0,0.1676,-0.0003,0.03,7.9875,0.0001,0.03,7.8199,3.8324,-0.03,DRIVE
14.4,0,0.1676,-0.0003,0.03,7.9875,0.0001,0.03,7.8199,3.8324,-0.03,DRIVE
14.45,0,0.1676,-0.0003,0.03,7.9875,0.0001,0.03,7.8199,3.8324,-0.03,DRIVE
14.5,0,0.1676,-0.0003,0.03,7.9875,0.0001,0.03,7.8199,3.8324,-0.03,DRIVE
14.55,0,0.1676,-0.0003,0.03,8.0276,0.0001,0.03,7.8599,3.8324,-0.03,DRIVE
14.6,0,0.1676,-0.0003,0.03,8.0676,0.0002,0.03,7.9,3.8324,-0.03,DRIVE
14.65,0,0.1718,-0.0004,0.04,8.1077,0.0002,0.04,7.9358,3.8282,-0.03,DRIVE
14.7,0,0.1718,-0.0004,0.04,8.1477,0.0002,0.04,7.9759,3.8282,-0.03,DRIVE
14.75,0,0.1288,-0.0002,0.04,8.1878,0.0002,0.04,8.059,3.8712,-0.04,DRIVE
14.8,0,0.1288,-0.0002,0.04,8.2278,0.0003,0.04,8.099,3.8712,-0.04,DRIVE
14.85,0,0.1271,0.0,0.04,8.2679,0.0003,0.04,8.1408,3.8729,-0.04,DRIVE
14.9,0,0.1271,0.0,0.04,8.3079,0.0003,0.05,8.1808,3.8729,-0.04,DRIVE
14.95,0,0.1613,-0.0005,0.05,8.348,0.0004,0.05,8.1867,3.8387,-0.05,DRIVE
15.0,0,0.1613,-0.0005,0.05,8.3881,0.0004,0.05,8.2267,3.8387,-0.05,DRIVE
15.05,0,0.1913,0.0,0.05,8.4281,0.0004,0.05,8.2368,3.8087,-0.05,DRIVE
15.1,0,0.1913,0.0,0.05,8.4682,0.0005,0.05,8.2768,3.8087,-0.05,DRIVE
15.15,0,0.1976,-0.0001,0.05,8.5082,0.0005,0.05,8.3106,3.8024,-0.05,DRIVE
15.2,0,0.1976,-0.0001,0.05,8.5483,0.0006,0.05,8.3507,3.8024,-0.05,DRIVE
15.25,0,0.1609,0.0003,0.06,8.5883,0.0006,0.05,8.4275,3.8391,-0.06,DRIVE
15.3,0,0.1609,0.0003,0.06,8.6284,0.0006,0.05,8.4675,3.8391,-0.06,DRIVE
15.353,0,0.1645,0.0005,0.05,8.6684,0.0007,0.05,8.5039,3.8355,-0.06,DRIVE
15.4,0,0.1645,0.0005,0.05,8.7085,0.0007,0.04,8.544,3.8355,-0.06,DRIVE
15.45,0,0.169,0.0002,0.05,8.7486,0.0007,0.04,8.5795,3.831,-0.06,DRIVE
15.5,0,0.169,0.0002,0.05,8.7753,0.0008,0.04,8.6062,3.831,-0.06,DRIVE
15.55,0,0.1492,0.0005,0.05,8.8287,0.0008,0.04,8.6795,3.8508,-0.06,DRIVE
15.6,0,0.1492,0.0005,0.05,8.8687,0.0008,0.04,8.7195,3.8508,-0.06,DRIVE
15.65,0,0.1492,0.0005,0.05,8.8954,0.0008,0.04,8.7462,3.8508,-0.06,DRIVE
15.7,0,0.1604,0.0005,0.05,8.9355,0.0009,0.04,8.7751,3.8396,-0.06,DRIVE
15.75,0,0.1631,0.0003,0.05,8.9755,0.0009,0.03,8.8124,3.8369,-0.05,DRIVE
15.8,0,0.1631,0.0003,0.05,9.0156,0.0009,0.03,8.8525,3.8369,-0.05,DRIVE
15.85,0,0.1631,0.0003,0.05,9.0557,0.0009,0.03,8.8925,3.8369,-0.05,DRIVE
15.9,0,0.1631,0.0003,0.05,9.0957,0.001,0.02,8.9326,3.8369,-0.05,DRIVE
15.95,0,0.1631,0.0003,0.05,9.1358,0.001,0.02,8.9726,3.8369,-0.05,DRIVE
16.0,0,0.1631,0.0003,0.05,9.1758,0.001,0.02,9.0127,3.8369,-0.05,DRIVE
16.05,0,0.1631,0.0003,0.05,9.2159,0.001,0.01,9.0528,3.8369,-0.05,DRIVE
16.1,0,0.1631,0.0003,0.05,9.2559,0.001,0.01,9.0928,3.8369,-0.05,DRIVE
16.15,0,0.1631,0.0003,0.05,9.296,0.001,0.01,9.1329,3.8369,-0.05,DRIVE
16.2,0,0.1631,0.0003,0.05,9.336,0.001,0.01,9.1729,3.8369,-0.05,DRIVE
16.25,0,0.1631,0.0003,0.05,9.3761,0.001,0.0,9.213,3.8369,-0.05,DRIVE
16.3,0,0.1631,0.0003,0.05,9.4162,0.001,0.0,9.253,3.8369,-0.05,DRIVE
16.35,0,0.1631,0.0003,0.05,9.4562,0.001,-0.0,9.2931,3.8369,-0.05,DRIVE
16.4,0,0.1631,0.0003,0.05,9.4562,0.001,-0.0,9.2931,3.8369,-0.05,DRIVE
16.45,0,0.1631,0.0003,0.05,9.4963,0.001,-0.01,9.3331,3.8369,-0.05,DRIVE
16.5,0,0.1631,0.0003,0.05,9.5363,0.001,-0.01,9.3732,3.8369,-0.05,DRIVE
16.55,0,0.1631,0.0003,0.05,9.5497,0.001,-0.01,9.3866,3.8369,-0.05,DRIVE
16.6,0,0.1631,0.0003,0.05,9.5764,0.001,-0.02,9.4133,3.8369,-0.05,DRIVE
16.65,0,0.1318,0.0006,-0.02,9.6164,0.001,-0.02,9.4846,3.8682,0.01,DRIVE
16.7,0,0.1318,0.0006,-0.02,9.6434,0.0105,0.14,9.5116,3.8682,0.01,DRIVE
16.75,0,0.1318,0.0006,-0.02,9.6581,0.0188,-0.99,9.5263,3.8682,0.01,DRIVE
16.8,0,0.2403,0.0061,0.21,9.6701,0.0253,-2.57,9.4298,3.7597,-0.3,DRIVE
16.85,0,0.2403,0.0061,0.21,9.6817,0.0313,-4.28,9.4414,3.7597,-0.3,DRIVE
16.9,0,0.2403,0.0061,0.21,9.6936,0.037,-6.06,9.4533,3.7597,-0.3,DRIVE
16.95,0,0.2403,0.0061,0.21,9.7056,0.0424,-8.04,9.4654,3.7597,-0.3,DRIVE
17.0,0,0.0571,0.0343,-5.46,9.7098,0.0442,-8.76,9.6527,3.943,4.96,DRIVE
17.05,0,0.0571,0.0343,-5.46,9.714,0.0459,-9.48,9.6569,3.943,4.96,DRIVE
17.1,0,0.0571,0.0343,-5.46,9.7272,0.0509,-11.85,9.6701,3.943,4.96,DRIVE
17.15,0,0.0571,0.0343,-5.46,9.7405,0.0543,-14.72,9.6834,3.943,4.96,DRIVE
17.2,0,0.0571,0.0343,-5.46,9.7539,0.0569,-17.79,9.6968,3.943,4.96,DRIVE
17.25,0,0.035,0.0534,-14.71,9.7663,0.0569,-21.32,9.7313,3.9653,13.94,DRIVE
17.3,0,0.035,0.0534,-14.71,9.778,0.0571,-24.77,9.743,3.9653,13.94,DRIVE
17.35,0,0.0809,0.0447,-21.12,9.7887,0.0553,-28.43,9.7078,3.9194,20.46,DRIVE
17.4,0,0.0809,0.0447,-21.12,9.7992,0.0527,-32.06,9.7184,3.9194,20.46,DRIVE
17.451,0,0.0809,0.0447,-21.12,9.8061,0.0502,-34.5,9.7252,3.9194,20.46,DRIVE
17.5,0,0.0809,0.0447,-21.12,9.8158,0.0441,-38.38,9.735,3.9194,20.46,DRIVE
17.55,0,0.1278,0.0261,-35.52,9.8254,0.0363,-42.53,9.6976,3.8723,35.13,DRIVE
17.6,0,0.1278,0.0261,-35.52,9.8354,0.0266,-46.93,9.7076,3.8723,35.13,ALIGN
17.65,0,0.1278,0.0261,-35.52,9.8454,0.015,-51.5,9.7176,3.8723,35.13,ALIGN
17.7,0,0.1675,0.0252,-43.44,9.8538,0.0028,-55.82,9.6864,3.8326,43.07,ALIGN
17.75,0,0.1675,0.0252,-43.44,9.8596,-0.0045,-59.09,9.6922,3.8326,43.07,ALIGN
17.8,0,0.2328,0.0271,-52.17,9.8615,-0.0011,-59.6,9.6288,3.7673,51.76,ALIGN
17.85,0,0.2328,0.0271,-52.17,9.8621,-0.0011,-59.53,9.6293,3.7673,51.76,ALIGN
17.9,0,0.1409,0.0159,-59.41,9.8622,-0.0015,-59.42,9.7213,3.8592,59.17,ALIGN
17.95,0,0.1409,0.0159,-59.41,9.8632,-0.0026,-59.02,9.7223,3.8592,59.17,ALIGN
18.0,0,0.1409,0.0159,-59.41,9.8641,-0.0042,-58.54,9.7232,3.8592,59.17,ALIGN
18.05,0,0.0454,0.0193,-60.23,9.8641,-0.0042,-58.54,9.8187,3.9546,59.95,ALIGN
18.1,0,0.0454,0.0193,-60.23,9.8638,-0.0038,-58.54,9.8184,3.9546,59.95,ALIGN
18.151,0,0.0454,0.0193,-60.23,9.8633,-0.0027,-58.22,9.8179,3.9546,59.95,ALIGN
18.2,0,0.0616,0.0111,-59.31,9.8623,-0.0012,-57.74,9.8007,3.9384,59.14,ALIGN
18.25,0,0.0616,0.0111,-59.31,9.8613,0.0004,-57.23,9.7997,3.9384,59.14,ALIGN
18.3,0,0.045,0.0138,-58.78,9.8603,0.002,-56.72,9.8153,3.955,58.58,ALIGN
18.35,0,0.045,0.0138,-58.78,9.8592,0.0036,-56.2,9.8142,3.955,58.58,ALIGN
18.4,0,0.045,0.0138,-58.78,9.8581,0.0051,-55.7,9.8132,3.955,58.58,ALIGN
18.45,0,0.045,0.0138,-58.78,9.857,0.0066,-55.18,9.812,3.955,58.58,ALIGN
18.5,0,0.0382,0.0185,-56.75,9.8559,0.0081,-54.67,9.8177,3.9618,56.48,ALIGN
18.55,0,0.0382,0.0185,-56.75,9.8544,0.0119,-54.34,9.8162,3.9618,56.48,ALIGN
18.6,0,0.0397,0.0237,-55.74,9.8543,0.0122,-53.47,9.8146,3.9604,55.39,ALIGN
18.65,0,0.0397,0.0237,-55.74,9.8529,0.0139,-52.85,9.8133,3.9604,55.39,ALIGN
18.7,0,0.0397,0.0237,-55.74,9.8522,0.0149,-52.49,9.8125,3.9604,55.39,ALIGN
18.75,0,0.0397,0.0237,-55.74,9.8518,0.0154,-52.31,9.8121,3.9604,55.39,ALIGN
18.8,0,0.0397,0.0237,-55.74,9.8507,0.0168,-51.8,9.811,3.9604,55.39,ALIGN
18.85,0,0.0335,0.0306,-53.37,9.8495,0.0182,-51.28,9.816,3.9666,52.93,ALIGN
18.9,0,0.0335,0.0306,-53.37,9.8484,0.0196,-50.77,9.8149,3.9666,52.93,ALIGN
18.95,0,0.0393,0.0343,-52.33,9.8473,0.0209,-50.26,9.808,3.9609,51.83,ALIGN
19.0,0,0.0393,0.0343,-52.33,9.8462,0.0222,-49.76,9.8069,3.9609,51.83,ALIGN
19.05,0,0.0258,0.0343,-51.31,9.8451,0.0235,-49.26,9.8193,3.9743,50.82,ALIGN
19.1,0,0.0258,0.0343,-51.31,9.844,0.0248,-48.77,9.8182,3.9743,50.82,ALIGN
19.15,0,0.0219,0.0385,-50.29,9.8429,0.026,-48.29,9.821,3.9783,49.74,ALIGN
19.2,0,0.0219,0.0385,-50.29,9.8418,0.0271,-47.81,9.82,3.9783,49.74,ALIGN
19.25,0,0.0198,0.0415,-49.3,9.8408,0.0283,-47.34,9.821,3.9804,48.7,ALIGN
19.3,0,0.0198,0.0415,-49.3,9.8398,0.0294,-46.88,9.8199,3.9804,48.7,ALIGN
19.35,0,0.0171,0.0436,-48.35,9.8391,0.0301,-46.58,9.822,3.9831,47.72,ALIGN
19.4,0,0.0171,0.0436,-48.35,9.8381,0.0311,-46.13,9.821,3.9831,47.72,ALIGN
19.45,0,0.0139,0.047,-47.42,9.8371,0.0322,-45.68,9.8232,3.9864,46.74,ALIGN
19.5,0,0.0139,0.047,-47.42,9.8361,0.0332,-45.24,9.8222,3.9864,46.74,ALIGN
19.55,0,0.0176,0.0495,-46.52,9.8351,0.0342,-44.8,9.8174,3.9827,45.81,ALIGN
19.6,0,0.0176,0.0495,-46.52,9.834,0.0352,-44.35,9.8164,3.9827,45.81,ALIGN
19.65,0,0.0135,0.0504,-45.65,9.833,0.0362,-43.91,9.8196,3.9869,44.92,ALIGN
19.7,0,0.0135,0.0504,-45.65,9.832,0.0371,-43.46,9.8186,3.9869,44.92,ALIGN
19.75,0,0.0145,0.0531,-44.75,9.831,0.0381,-43.01,9.8165,3.9859,43.99,ALIGN
19.8,0,0.0145,0.0531,-44.75,9.83,0.039,-42.57,9.8155,3.9859,43.99,ALIGN
19.85,0,0.0145,0.0531,-44.75,9.829,0.0399,-42.14,9.8145,3.9859,43.99,ALIGN
19.9,0,0.0145,0.0531,-44.75,9.828,0.0408,-41.69,9.8135,3.9859,43.99,ALIGN
19.95,0,0.0073,0.0578,-42.97,9.8269,0.0417,-41.24,9.8196,3.9931,42.14,ALIGN
20.0,0,0.0073,0.0578,-42.97,9.8259,0.0426,-40.78,9.8186,3.9931,42.14,ALIGN
20.05,0,0.0024,0.0591,-42.07,9.8249,0.0435,-40.33,9.8224,3.998,41.22,ALIGN
20.1,0,0.0024,0.0591,-42.07,9.8238,0.0443,-39.86,9.8214,3.998,41.22,ALIGN
20.15,0,0.0023,0.0622,-41.17,9.8227,0.0452,-39.39,9.8204,3.9982,40.28,ALIGN
20.2,0,0.0023,0.0622,-41.17,9.8224,0.0455,-39.23,9.8201,3.9982,40.28,ALIGN
20.25,0,0.0023,0.0622,-41.17,9.8224,0.0455,-39.23,9.8201,3.9982,40.28,ALIGN
20.3,0,0.0023,0.0622,-41.17,9.8224,0.0455,-39.23,9.8201,3.9982,40.28,ALIGN
20.35,0,0.0023,0.0622,-41.17,9.8224,0.0455,-39.23,9.8201,3.9982,40.28,ALIGN
20.4,0,0.0023,0.0622,-41.17,9.8224,0.0455,-39.23,9.8201,3.9982,40.28,ALIGN
20.45,0,0.0023,0.0622,-41.17,9.8224,0.0455,-39.23,9.8201,3.9982,40.28,ALIGN
20.5,0,0.0023,0.0622,-41.17,9.8224,0.0455,-39.23,9.8201,3.9982,40.28,ALIGN
20.552,0,0.0023,0.0622,-41.17,9.822,0.0458,-39.06,9.8197,3.9982,40.28,ALIGN
20.6,0,0.0023,0.0622,-41.17,9.8216,0.0461,-38.9,9.8193,3.9982,40.28,ALIGN
20.65,0,0.0023,0.0622,-41.17,9.8205,0.047,-38.4,9.8182,3.9982,40.28,ALIGN
20.7,0,0.0023,0.0622,-41.17,9.8193,0.0479,-37.89,9.817,3.9982,40.28,ALIGN
20.75,0,-0.0028,0.0682,-39.24,9.8189,0.0482,-37.72,9.8217,4.0033,38.27,ALIGN
20.8,0,-0.0028,0.0682,-39.24,9.8181,0.0488,-37.37,9.8209,4.0033,38.27,ALIGN
20.85,0,-0.0028,0.0682,-39.24,9.8169,0.0497,-36.83,9.8197,4.0033,38.27,ALIGN
20.9,0,-0.0034,0.0684,-38.23,9.8156,0.0507,-36.27,9.819,4.0039,37.25,ALIGN
20.95,0,-0.0034,0.0684,-38.23,9.8148,0.0513,-35.88,9.8181,4.0039,37.25,ALIGN
21.0,0,-0.0062,0.0699,-37.14,9.813,0.0526,-35.08,9.8192,4.0068,36.14,ALIGN
21.05,0,-0.0062,0.0699,-37.14,9.8116,0.0535,-34.45,9.8178,4.0068,36.14,ALIGN
21.1,0,-0.0078,0.072,-35.94,9.8101,0.0545,-33.8,9.818,4.0085,34.91,ALIGN
21.15,0,-0.0078,0.072,-35.94,9.8086,0.0554,-33.14,9.8165,4.0085,34.91,ALIGN
21.2,0,-0.0117,0.0764,-34.67,9.8076,0.0561,-32.68,9.8194,4.0124,33.57,ALIGN
21.25,0,-0.0117,0.0764,-34.67,9.8056,0.0574,-31.75,9.8173,4.0124,33.57,ALIGN
21.3,0,-0.0117,0.0764,-34.67,9.804,0.0583,-31.03,9.8158,4.0124,33.57,ALIGN
21.35,0,-0.0117,0.0764,-34.67,9.8025,0.0592,-30.3,9.8142,4.0124,33.57,ALIGN
21.4,0,-0.0221,0.0831,-31.92,9.8008,0.0601,-29.55,9.8229,4.0229,30.73,ALIGN
21.45,0,-0.0221,0.0831,-31.92,9.7998,0.0607,-29.03,9.8218,4.0229,30.73,ALIGN
21.5,0,-0.0221,0.0831,-31.92,9.7976,0.0619,-27.98,9.8196,4.0229,30.73,ALIGN
21.55,0,-0.0221,0.0831,-31.92,9.7959,0.0627,-27.19,9.818,4.0229,30.73,ALIGN
21.6,0,-0.0339,0.0867,-28.91,9.7942,0.0635,-26.37,9.8281,4.0348,27.68,ALIGN
21.65,0,-0.0339,0.0867,-28.91,9.7926,0.0643,-25.54,9.8265,4.0348,27.68,ALIGN
21.7,0,-0.036,0.0858,-27.29,9.7914,0.0649,-24.98,9.8274,4.0369,26.07,ALIGN
21.75,0,-0.036,0.0858,-27.29,9.7892,0.0658,-23.83,9.8252,4.0369,26.07,ALIGN
21.8,0,-0.036,0.0858,-27.29,9.7875,0.0666,-22.96,9.8235,4.0369,26.07,ALIGN
21.85,0,-0.036,0.0858,-27.29,9.7859,0.0672,-22.07,9.8219,4.0369,26.07,ALIGN
21.9,0,-0.0455,0.0898,-23.91,9.784,0.0679,-21.22,9.8296,4.0465,22.64,ALIGN
21.95,0,-0.0455,0.0898,-23.91,9.7828,0.0684,-20.68,9.8283,4.0465,22.64,DRIVE
22.0,0,-0.0431,0.0932,-22.13,9.7806,0.0692,-19.7,9.8237,4.0442,20.81,DRIVE
22.05,0,-0.0431,0.0932,-22.13,9.7802,0.0693,-19.55,9.8234,4.0442,20.81,DRIVE
22.1,0,-0.0387,0.0934,-20.53,9.7812,0.0693,-19.83,9.82,4.0398,19.2,DRIVE
22.15,0,-0.0387,0.0934,-20.53,9.7828,0.0693,-20.26,9.8215,4.0398,19.2,DRIVE
22.2,0,-0.0037,0.0851,-20.43,9.7841,0.0694,-20.6,9.7877,4.0046,19.22,DRIVE
22.25,0,-0.0037,0.0851,-20.43,9.7883,0.0703,-21.32,9.7919,4.0046,19.22,DRIVE
22.3,0,-0.0037,0.0851,-20.43,9.7883,0.0703,-21.32,9.7919,4.0046,19.22,DRIVE
22.35,0,0.0037,0.0856,-21.3,9.7918,0.0715,-21.71,9.7882,3.9972,20.07,DRIVE
22.4,0,0.0037,0.0856,-21.3,9.7985,0.0742,-22.48,9.7948,3.9972,20.07,DRIVE
22.45,0,0.0037,0.0856,-21.3,9.8063,0.077,-23.51,9.8027,3.9972,20.07,DRIVE
22.5,0,0.0037,0.0856,-21.3,9.8149,0.0794,-24.85,9.8113,3.9972,20.07,DRIVE
22.55,0,0.0469,0.087,-24.29,9.8238,0.0818,-26.3,9.777,3.9541,23.03,DRIVE
22.6,0,0.0469,0.087,-24.29,9.8331,0.0842,-27.79,9.7862,3.9541,23.03,DRIVE
22.65,0,0.0469,0.087,-24.29,9.8426,0.086,-29.32,9.7958,3.9541,23.03,DRIVE
22.7,0,0.075,0.0841,-27.15,9.8525,0.0887,-30.78,9.7775,3.9259,25.93,DRIVE
22.75,0,0.075,0.0841,-27.15,9.862,0.0898,-32.52,9.787,3.9259,25.93,ALIGN
22.8,0,0.093,0.0922,-30.14,9.871,0.0902,-34.39,9.778,3.9081,28.78,ALIGN
22.85,0,0.1232,0.0905,-33.38,9.8782,0.0884,-36.46,9.755,3.8778,32.05,ALIGN
22.9,0,0.1232,0.0905,-33.38,9.884,0.0861,-38.34,9.7607,3.8778,32.05,ALIGN
22.95,0,0.1232,0.0905,-33.38,9.8883,0.0838,-39.88,9.7651,3.8778,32.05,ALIGN
23.0,0,0.1485,0.0901,-37.29,9.8907,0.0825,-40.68,9.7422,3.8526,35.95,ALIGN
23.05,0,0.1485,0.0901,-37.29,9.8918,0.0821,-41.01,9.7433,3.8526,35.95,ALIGN
23.1,0,0.1392,0.0969,-40.6,9.8935,0.0812,-41.58,9.7543,3.862,39.16,ALIGN
23.15,0,0.1392,0.0969,-40.6,9.895,0.08,-42.2,9.7558,3.862,39.16,ALIGN
23.2,0,0.1392,0.0969,-40.6,9.8953,0.0797,-42.31,9.7561,3.862,39.16,ALIGN
23.25,0,0.1273,0.0941,-42.52,9.8953,0.0797,-42.31,9.768,3.8739,41.12,ALIGN
23.3,0,0.1273,0.0941,-42.52,9.8953,0.0797,-42.31,9.768,3.8739,41.12,ALIGN
23.35,0,0.1273,0.0941,-42.52,9.8953,0.0797,-42.31,9.768,3.8739,41.12,ALIGN
23.4,0,0.1273,0.0941,-42.52,9.8953,0.0797,-42.31,9.768,3.8739,41.12,ALIGN
23.45,0,0.1273,0.0941,-42.52,9.8953,0.0797,-42.31,9.768,3.8739,41.12,ALIGN
23.5,0,0.1273,0.0941,-42.52,9.8953,0.0797,-42.31,9.768,3.8739,41.12,ALIGN
23.55,0,0.1273,0.0941,-42.52,9.8949,0.08,-42.15,9.7676,3.8739,41.12,ALIGN
23.6,0,0.1273,0.0941,-42.52,9.8939,0.081,-41.69,9.7666,3.8739,41.12,ALIGN
23.65,0,0.1273,0.0941,-42.52,9.8931,0.0816,-41.36,9.7659,3.8739,41.12,ALIGN
23.701,0,0.0823,0.0958,-42.92,9.892,0.0826,-40.87,9.8097,3.9189,41.52,ALIGN
23.75,0,0.0823,0.0958,-42.92,9.8905,0.0839,-40.2,9.8082,3.9189,41.52,ALIGN
23.8,0,0.0753,0.1,-42.04,9.8893,0.0848,-39.7,9.8141,3.926,40.58,ALIGN
23.85,0,0.0753,0.1,-42.04,9.8885,0.0855,-39.36,9.8133,3.926,40.58,ALIGN
23.9,0,0.0674,0.0999,-41.05,9.8874,0.0864,-38.83,9.8199,3.9338,39.6,ALIGN
23.95,0,0.064,0.1029,-40.05,9.8857,0.0877,-38.11,9.8217,3.9373,38.55,ALIGN
24.0,0,0.064,0.1029,-40.05,9.8844,0.0887,-37.55,9.8204,3.9373,38.55,ALIGN
24.05,0,0.064,0.1029,-40.05,9.8836,0.0893,-37.18,9.8196,3.9373,38.55,ALIGN
24.1,0,0.064,0.1029,-40.05,9.8819,0.0906,-36.42,9.8179,3.9373,38.55,ALIGN
24.15,0,0.0653,0.109,-37.84,9.881,0.0912,-36.04,9.8157,3.9362,36.25,ALIGN
24.2,0,0.0653,0.109,-37.84,9.8797,0.0922,-35.45,9.8144,3.9362,36.25,ALIGN
24.25,0,0.0653,0.109,-37.84,9.8783,0.0931,-34.84,9.813,3.9362,36.25,ALIGN
24.3,0,0.0576,0.1138,-36.69,9.8765,0.0944,-34.0,9.8189,3.9441,35.03,ALIGN
24.35,0,0.0555,0.1161,-35.48,9.8755,0.095,-33.58,9.8201,3.9462,33.8,ALIGN
24.4,0,0.0555,0.1161,-35.48,9.8741,0.0959,-32.94,9.8187,3.9462,33.8,ALIGN
24.45,0,0.047,0.1159,-34.25,9.8727,0.0968,-32.29,9.8257,3.9547,32.57,ALIGN
24.5,0,0.047,0.1159,-34.25,9.8713,0.0977,-31.64,9.8243,3.9547,32.57,ALIGN
24.55,0,0.0504,0.1196,-32.93,9.8699,0.0985,-30.99,9.8195,3.9514,31.2,ALIGN
24.6,0,0.0504,0.1196,-32.93,9.8685,0.0993,-30.36,9.8181,3.9514,31.2,ALIGN
24.65,0,0.0504,0.1196,-32.93,9.8672,0.1001,-29.73,9.8168,3.9514,31.2,ALIGN
24.7,0,0.0504,0.1196,-32.93,9.8658,0.1009,-29.1,9.8155,3.9514,31.2,ALIGN
24.75,0,0.0504,0.1196,-32.93,9.8645,0.1016,-28.48,9.8142,3.9514,31.2,ALIGN
24.8,0,0.0416,0.1237,-30.37,9.8632,0.1023,-27.86,9.8217,3.9603,28.58,ALIGN
24.85,0,0.0369,0.1253,-29.12,9.8615,0.1031,-27.03,9.8247,3.9651,27.31,ALIGN
24.9,0,0.0369,0.1253,-29.12,9.8607,0.1036,-26.62,9.8239,3.9651,27.31,ALIGN
24.95,0,0.0338,0.1275,-27.88,9.8594,0.1042,-26.0,9.8257,3.9683,26.04,ALIGN
25.0,0,0.0338,0.1275,-27.88,9.8582,0.1048,-25.37,9.8244,3.9683,26.04,ALIGN
25.05,0,0.0333,0.1273,-26.64,9.8569,0.1053,-24.72,9.8237,3.9688,24.81,ALIGN
25.1,0,0.0333,0.1273,-26.64,9.8556,0.1059,-24.07,9.8224,3.9688,24.81,DRIVE
25.15,0,0.0299,0.1275,-25.39,9.8545,0.1064,-23.5,9.8247,3.9722,23.55,DRIVE
25.2,0,0.0299,0.1275,-25.39,9.8546,0.1064,-23.53,9.8247,3.9722,23.55,DRIVE
25.25,0,0.0299,0.1275,-25.39,9.855,0.1064,-23.66,9.8252,3.9722,23.55,DRIVE
25.3,0,0.0372,0.126,-24.16,9.8552,0.1064,-23.72,9.818,3.9648,22.34,DRIVE
25.35,0,0.0372,0.126,-24.16,9.8555,0.1063,-23.86,9.8183,3.9648,22.34,DRIVE
25.4,0,0.0372,0.126,-24.16,9.8563,0.1062,-24.18,9.8191,3.9648,22.34,DRIVE
25.45,0,0.056,0.1242,-24.34,9.8574,0.1061,-24.53,9.8013,3.9459,22.53,DRIVE
25.5,0,0.056,0.1242,-24.34,9.8591,0.1068,-24.75,9.8031,3.9459,22.53,DRIVE
25.55,0,0.056,0.1242,-24.34,9.8642,0.1103,-24.46,9.8081,3.9459,22.53,DRIVE
25.6,0,0.0512,0.1284,-25.38,9.8705,0.1148,-24.23,9.8193,3.9509,23.51,DRIVE
25.65,0,0.0512,0.1284,-25.38,9.8781,0.1196,-24.16,9.8269,3.9509,23.51,DRIVE
25.7,0,0.0512,0.1284,-25.38,9.8862,0.1241,-24.36,9.835,3.9509,23.51,DRIVE
25.75,0,0.061,0.1329,-24.89,9.8862,0.1241,-24.36,9.8252,3.9412,22.96,DRIVE
25.8,0,0.061,0.1329,-24.89,9.8946,0.1283,-24.82,9.8336,3.9412,22.96,DRIVE
25.85,0,0.061,0.1329,-24.89,9.9032,0.1322,-25.46,9.8422,3.9412,22.96,DRIVE
25.9,0,0.061,0.1329,-24.89,9.9119,0.1359,-26.19,9.8508,3.9412,22.96,DRIVE
25.95,0,0.061,0.1329,-24.89,9.9206,0.1395,-26.97,9.8596,3.9412,22.96,DRIVE
26.0,0,0.1236,0.1448,-26.16,9.9292,0.1429,-27.73,9.8056,3.8791,24.02,DRIVE
26.05,0,0.1236,0.1448,-26.16,9.9376,0.1464,-28.45,9.814,3.8791,24.02,DRIVE
26.1,0,0.1422,0.1507,-27.7,9.946,0.1497,-29.17,9.8038,3.8608,25.46,DRIVE
26.15,0,0.1422,0.1507,-27.7,9.9544,0.1528,-30.0,9.8123,3.8608,25.46,ALIGN
26.2,0,0.1595,0.1572,-29.16,9.963,0.1554,-31.06,9.8036,3.8437,26.81,ALIGN
26.25,0,0.1595,0.1572,-29.16,9.9715,0.1569,-32.43,9.812,3.8437,26.81,ALIGN
26.3,0,0.1815,0.1604,-30.74,9.9792,0.1566,-34.19,9.7977,3.8219,28.34,ALIGN
26.352,0,0.1815,0.1604,-30.74,9.9851,0.154,-36.3,9.8036,3.8219,28.34,ALIGN
26.4,0,0.2248,0.1608,-33.2,9.99,0.1512,-38.18,9.7653,3.7787,30.76,ALIGN
26.45,0,0.2248,0.1608,-33.2,9.9941,0.1487,-39.71,9.7693,3.7787,30.76,ALIGN
26.5,0,0.2565,0.1551,-37.1,9.9962,0.1471,-40.61,9.7397,3.7467,34.73,ALIGN
26.55,0,0.2565,0.1551,-37.1,9.9965,0.1469,-40.73,9.74,3.7467,34.73,ALIGN
26.6,0,0.2404,0.1622,-40.39,9.9962,0.1471,-40.61,9.7559,3.7631,37.92,ALIGN
26.65,0,0.2404,0.1622,-40.39,9.9958,0.1474,-40.45,9.7555,3.7631,37.92,ALIGN
26.7,0,0.2404,0.1622,-40.39,9.9945,0.1485,-39.88,9.7542,3.7631,37.92,ALIGN
26.75,0,0.188,0.1625,-41.38,9.9931,0.1496,-39.26,9.8051,3.8155,38.94,ALIGN
26.8,0,0.188,0.1625,-41.38,9.9917,0.1508,-38.63,9.8037,3.8155,38.94,ALIGN
26.851,0,0.1656,0.1658,-40.36,9.9902,0.1519,-38.0,9.8246,3.8379,37.88,ALIGN
26.9,0,0.1656,0.1658,-40.36,9.9887,0.153,-37.36,9.8231,3.8379,37.88,ALIGN
26.95,0,0.1656,0.1658,-40.36,9.9873,0.154,-36.72,9.8217,3.8379,37.88,ALIGN
27.0,0,0.1656,0.1658,-40.36,9.9863,0.1548,-36.28,9.8207,3.8379,37.88,ALIGN
27.05,0,0.1656,0.1658,-40.36,9.9848,0.1558,-35.62,9.8192,3.8379,37.88,ALIGN
27.1,0,0.1656,0.1658,-40.36,9.9833,0.1568,-34.98,9.8177,3.8379,37.88,ALIGN
27.15,0,0.1656,0.1658,-40.36,9.9833,0.1568,-34.98,9.8177,3.8379,37.88,ALIGN
27.2,0,0.1656,0.1658,-40.36,9.9833,0.1568,-34.98,9.8177,3.8379,37.88,ALIGN
27.25,0,0.1656,0.1658,-40.36,9.9833,0.1568,-34.98,9.8177,3.8379,37.88,ALIGN
27.3,0,0.1656,0.1658,-40.36,9.9824,0.1575,-34.55,9.8167,3.8379,37.88,ALIGN
27.35,0,0.1575,0.1745,-36.52,9.9809,0.1584,-33.9,9.8235,3.8465,33.92,ALIGN
27.4,0,0.1575,0.1745,-36.52,9.9795,0.1593,-33.26,9.822,3.8465,33.92,ALIGN
27.45,0,0.1552,0.1751,-35.23,9.979,0.1596,-33.05,9.8238,3.8488,32.62,ALIGN
27.5,0,0.1552,0.1751,-35.23,9.9781,0.1602,-32.63,9.8229,3.8488,32.62,ALIGN
27.55,0,0.1552,0.1751,-35.23,9.9767,0.1611,-31.99,9.8215,3.8488,32.62,ALIGN
27.6,0,0.152,0.1771,-33.95,9.9762,0.1614,-31.79,9.8243,3.8521,31.32,ALIGN
27.65,0,0.152,0.1771,-33.95,9.9758,0.1616,-31.58,9.8238,3.8521,31.32,ALIGN
27.7,0,0.152,0.1771,-33.95,9.9744,0.1624,-30.95,9.8224,3.8521,31.32,ALIGN
27.75,0,0.1517,0.1807,-32.66,9.9731,0.1632,-30.35,9.8214,3.8525,29.98,ALIGN
27.8,0,0.1517,0.1807,-32.66,9.9718,0.1639,-29.76,9.8201,3.8525,29.98,ALIGN
27.85,0,0.1515,0.1828,-31.42,9.9706,0.1646,-29.18,9.8192,3.8529,28.7,ALIGN
27.9,0,0.1515,0.1828,-31.42,9.9694,0.1652,-28.61,9.818,3.8529,28.7,ALIGN
27.95,0,0.1476,0.1829,-30.24,9.969,0.1655,-28.42,9.8214,3.8567,27.52,ALIGN
28.0,0,0.1476,0.1829,-30.24,9.9682,0.1659,-28.04,9.8206,3.8567,27.52,ALIGN
28.05,0,0.1476,0.1829,-30.24,9.967,0.1665,-27.47,9.8195,3.8567,27.52,ALIGN
28.1,0,0.1462,0.1849,-29.09,9.9667,0.1667,-27.28,9.8205,3.8582,26.34,ALIGN
28.15,0,0.1462,0.1849,-29.09,9.9663,0.1669,-27.1,9.8201,3.8582,26.34,ALIGN
28.2,0,0.1462,0.1849,-29.09,9.9651,0.1675,-26.53,9.819,3.8582,26.34,ALIGN
28.25,0,0.1403,0.1828,-27.96,9.964,0.168,-25.97,9.8237,3.864,25.25,ALIGN
28.3,0,0.1403,0.1828,-27.96,9.9629,0.1686,-25.4,9.8226,3.864,25.25,ALIGN
28.35,0,0.1425,0.1858,-26.83,9.9618,0.1691,-24.83,9.8193,3.862,24.08,ALIGN
28.4,0,0.1425,0.1858,-26.83,9.9607,0.1696,-24.26,9.8182,3.862,24.08,DRIVE
28.45,0,0.1406,0.1874,-25.69,9.9598,0.17,-23.8,9.8191,3.8639,22.91,DRIVE
28.5,0,0.1406,0.1874,-25.69,9.9597,0.17,-23.81,9.8191,3.8639,22.91,DRIVE
28.55,0,0.1421,0.1872,-24.6,9.9596,0.1697,-23.92,9.8174,3.8624,21.82,DRIVE
28.6,0,0.1421,0.1872,-24.6,9.9592,0.1692,-24.03,9.8171,3.8624,21.82,DRIVE
28.65,0,0.158,0.1849,-24.58,9.9588,0.1687,-24.18,9.8009,3.8465,21.82,DRIVE
28.7,0,0.158,0.1849,-24.58,9.9587,0.1685,-24.25,9.8007,3.8465,21.82,DRIVE
28.75,0,0.158,0.1849,-24.58,9.9584,0.1681,-24.38,9.8005,3.8465,21.82,DRIVE
28.8,0,0.1597,0.1823,-24.89,9.9581,0.1675,-24.53,9.7983,3.8446,22.17,DRIVE
28.85,0,0.1597,0.1823,-24.89,9.9576,0.167,-24.68,9.7979,3.8446,22.17,DRIVE
28.9,0,0.1614,0.1802,-25.2,9.9572,0.1665,-24.81,9.7958,3.8429,22.52,DRIVE
28.95,0,0.1614,0.1802,-25.2,9.9566,0.1658,-24.99,9.7953,3.8429,22.52,DRIVE
29.0,0,0.1615,0.1818,-25.48,9.9561,0.165,-25.17,9.7946,3.8428,22.77,DRIVE
29.05,0,0.1615,0.1818,-25.48,9.9557,0.1645,-25.32,9.7942,3.8428,22.77,DRIVE
29.1,0,0.1592,0.1793,-25.82,9.955,0.1636,-25.53,9.7959,3.845,23.14,DRIVE
29.15,0,0.1592,0.1793,-25.82,9.9545,0.1629,-25.7,9.7953,3.845,23.14,DRIVE
29.2,0,0.159,0.1783,-26.16,9.9538,0.1622,-25.86,9.7949,3.8452,23.5,DRIVE
29.25,0,0.159,0.1783,-26.16,9.9531,0.1612,-26.09,9.7941,3.8452,23.5,DRIVE
29.3,0,0.1557,0.1763,-26.52,9.9526,0.1607,-26.21,9.7969,3.8483,23.9,DRIVE
29.35,0,0.1557,0.1763,-26.52,9.9519,0.1597,-26.44,9.7962,3.8483,23.9,DRIVE
29.4,0,0.1549,0.1755,-26.89,9.9515,0.1592,-26.56,9.7967,3.8491,24.28,DRIVE
29.45,0,0.1549,0.1755,-26.89,9.9511,0.1586,-26.7,9.7963,3.8491,24.28,DRIVE
29.5,0,0.1565,0.1717,-27.21,9.9504,0.1578,-26.89,9.7939,3.8473,24.65,DRIVE
29.55,0,0.1565,0.1717,-27.21,9.9499,0.1571,-27.06,9.7934,3.8473,24.65,DRIVE
29.6,0,0.1568,0.1718,-27.53,9.9493,0.1564,-27.21,9.7925,3.847,24.97,DRIVE
29.65,0,0.1568,0.1718,-27.53,9.9487,0.1556,-27.4,9.7919,3.847,24.97,DRIVE
29.7,0,0.1511,0.1702,-27.88,9.9478,0.1545,-27.64,9.7967,3.8527,25.35,DRIVE
29.75,0,0.1511,0.1702,-27.88,9.9454,0.1516,-28.25,9.7943,3.8527,25.35,ALIGN
29.8,0,0.1555,0.1657,-28.27,9.944,0.15,-28.55,9.7885,3.8481,25.8,ALIGN
29.85,0,0.1555,0.1657,-28.27,9.9435,0.1493,-28.69,9.788,3.8481,25.8,ALIGN
29.9,0,0.1555,0.1657,-28.27,9.9431,0.1488,-28.8,9.7877,3.8481,25.8,ALIGN
29.95,0,0.1555,0.1657,-28.27,9.9428,0.1483,-28.92,9.7873,3.8481,25.8,ALIGN
30.0,0,0.1441,0.1635,-29.46,9.9425,0.1479,-29.01,9.7984,3.8594,27.04,ALIGN
30.05,0,0.1441,0.1635,-29.46,9.9425,0.1477,-29.1,9.7984,3.8594,27.04,ALIGN
30.1,0,0.1441,0.1635,-29.46,9.9425,0.1475,-29.15,9.7984,3.8594,27.04,ALIGN
30.15,0,0.1441,0.1635,-29.46,9.9423,0.1476,-29.07,9.7982,3.8594,27.04,ALIGN
30.2,0,0.1434,0.1627,-29.83,9.9415,0.148,-28.69,9.7981,3.86,27.42,ALIGN
30.25,0,0.1434,0.1627,-29.83,9.9404,0.1486,-28.17,9.797,3.86,27.42,ALIGN
30.3,0,0.1259,0.1672,-29.51,9.9393,0.1492,-27.62,9.8134,3.8777,27.04,ALIGN
30.35,0,0.1259,0.1672,-29.51,9.9382,0.1498,-27.07,9.8123,3.8777,27.04,ALIGN
30.4,0,0.1185,0.168,-28.48,9.937,0.1503,-26.51,9.8185,3.8852,26.01,ALIGN
30.45,0,0.1185,0.168,-28.48,9.9359,0.1509,-25.94,9.8174,3.8852,26.01,ALIGN
30.5,0,0.1165,0.1701,-27.38,9.9347,0.1514,-25.37,9.8183,3.8873,24.87,ALIGN
30.55,0,0.1165,0.1701,-27.38,9.9335,0.152,-24.77,9.8171,3.8873,24.87,DRIVE
30.6,0,0.1165,0.1701,-27.38,9.9325,0.1524,-24.28,9.8161,3.8873,24.87,DRIVE
30.65,0,0.1165,0.1701,-27.38,9.9325,0.1524,-24.27,9.8161,3.8873,24.87,DRIVE
30.7,0,0.1169,0.1692,-25.09,9.9329,0.1524,-24.43,9.816,3.8868,22.59,DRIVE
30.75,0,0.1169,0.1692,-25.09,9.9329,0.152,-24.63,9.8161,3.8868,22.59,DRIVE
30.801,0,0.1169,0.1692,-25.09,9.9324,0.1505,-25.2,9.8155,3.8868,22.59,DRIVE
30.85,0,0.1371,0.1679,-25.1,9.9314,0.1481,-26.04,9.7943,3.8665,22.61,DRIVE
30.9,0,0.1371,0.1679,-25.1,9.9305,0.1454,-26.97,9.7934,3.8665,22.61,DRIVE
30.95,0,0.1522,0.1613,-25.71,9.9299,0.1436,-27.6,9.7777,3.8512,23.3,DRIVE
31.0,0,0.1522,0.1613,-25.71,9.9289,0.1407,-28.59,9.7767,3.8512,23.3,DRIVE
31.05,0,0.1522,0.1613,-25.71,9.9277,0.1376,-29.57,9.7756,3.8512,23.3,DRIVE
31.1,0,0.1522,0.1613,-25.71,9.9264,0.1344,-30.54,9.7743,3.8512,23.3,DRIVE
31.15,0,0.1578,0.1456,-29.36,9.9254,0.1321,-31.19,9.7676,3.845,27.19,DRIVE
31.2,0,0.1578,0.1456,-29.36,9.9236,0.1284,-32.13,9.7658,3.845,27.19,ALIGN
31.25,0,0.1528,0.1405,-31.32,9.9215,0.1247,-33.04,9.7687,3.8498,29.23,ALIGN
31.303,0,0.1528,0.1405,-31.32,9.92,0.1222,-33.6,9.7672,3.8498,29.23,ALIGN
31.35,0,0.1517,0.136,-33.19,9.9177,0.1186,-34.38,9.7661,3.8507,31.17,ALIGN
31.4,0,0.1517,0.136,-33.19,9.917,0.1175,-34.61,9.7654,3.8507,31.17,ALIGN
31.45,0,0.1517,0.136,-33.19,9.9152,0.1145,-35.26,9.7636,3.8507,31.17,ALIGN
31.5,0,0.1517,0.136,-33.19,9.9141,0.1122,-35.78,9.7624,3.8507,31.17,ALIGN
31.55,0,0.1517,0.136,-33.19,9.9138,0.1112,-36.06,9.7621,3.8507,31.17,ALIGN
31.6,0,0.1318,0.1249,-36.19,9.914,0.1104,-36.35,9.7822,3.8702,34.34,ALIGN
31.65,0,0.1318,0.1249,-36.19,9.9141,0.1104,-36.39,9.7823,3.8702,34.34,ALIGN
31.7,0,0.1318,0.1249,-36.19,9.914,0.1104,-36.37,9.7822,3.8702,34.34,ALIGN
31.75,0,0.1197,0.1247,-36.99,9.914,0.1104,-36.37,9.7943,3.8823,35.15,ALIGN
31.8,0,0.1197,0.1247,-36.99,9.9137,0.1106,-36.23,9.794,3.8823,35.15,ALIGN
31.85,0,0.1197,0.1247,-36.99,9.9127,0.1113,-35.79,9.793,3.8823,35.15,ALIGN
31.9,0,0.1197,0.1247,-36.99,9.9116,0.1121,-35.28,9.7918,3.8823,35.15,ALIGN
31.95,0,0.1197,0.1247,-36.99,9.9104,0.1129,-34.77,9.7907,3.8823,35.15,ALIGN
32.0,0,0.0627,0.0807,-39.03,9.9093,0.1137,-34.27,9.8467,3.9382,37.85,ALIGN
32.05,0,0.0627,0.0807,-39.03,9.9082,0.1144,-33.77,9.8456,3.9382,37.85,ALIGN
32.1,0,0.0627,0.0807,-39.03,9.9071,0.1151,-33.26,9.8445,3.9382,37.85,ALIGN
32.15,0,0.0651,0.043,-38.14,9.906,0.1159,-32.76,9.8412,3.9352,37.52,ALIGN
32.2,0,0.0651,0.043,-38.14,9.9048,0.1166,-32.24,9.8401,3.9352,37.52,ALIGN
32.25,0,0.0882,-0.0057,-37.38,9.9041,0.1171,-31.89,9.8167,3.9118,37.46,ALIGN
32.3,0,0.0882,-0.0057,-37.38,9.9041,0.1171,-31.89,9.8167,3.9118,37.46,ALIGN
32.35,0,0.0882,-0.0057,-37.38,9.9029,0.1178,-31.36,9.8155,3.9118,37.46,ALIGN
32.4,0,0.0882,-0.0057,-37.38,9.9018,0.1184,-30.82,9.8144,3.9118,37.46,ALIGN
32.45,0,0.0882,-0.0057,-37.38,9.9014,0.1187,-30.64,9.814,3.9118,37.46,ALIGN
32.5,0,0.0882,-0.0057,-37.38,9.9006,0.1191,-30.27,9.8132,3.9118,37.46,ALIGN
32.55,0,0.1038,0.0512,-35.06,9.8994,0.1198,-29.71,9.7959,3.8966,34.31,ALIGN
32.6,0,0.1038,0.0512,-35.06,9.8986,0.1203,-29.32,9.795,3.8966,34.31,ALIGN
32.65,0,0.0764,0.1387,-30.77,9.8973,0.121,-28.73,9.8209,3.9261,28.75,ALIGN
32.7,0,0.0764,0.1387,-30.77,9.8961,0.1217,-28.12,9.8197,3.9261,28.75,ALIGN
32.75,0,0.0738,0.1411,-29.6,9.8948,0.1223,-27.49,9.8209,3.9287,27.54,ALIGN
32.8,0,0.0738,0.1411,-29.6,9.8934,0.123,-26.85,9.8196,3.9287,27.54,ALIGN
32.85,0,0.0738,0.1411,-29.6,9.8921,0.1237,-26.18,9.8182,3.9287,27.54,ALIGN
32.9,0,0.0738,0.1411,-29.6,9.8916,0.1239,-25.95,9.8178,3.9287,27.54,ALIGN
32.95,0,0.0738,0.1411,-29.6,9.8912,0.1241,-25.72,9.8173,3.9287,27.54,ALIGN
33.0,0,0.0644,0.1425,-27.09,9.8893,0.125,-24.78,9.8249,3.9382,25.01,ALIGN
33.05,0,0.0644,0.1425,-27.09,9.8879,0.1256,-24.05,9.8235,3.9382,25.01,ALIGN
33.1,0,0.0644,0.1425,-27.09,9.8869,0.126,-23.55,9.8225,3.9382,25.01,ALIGN
33.15,0,0.0601,0.1461,-25.69,9.8854,0.1266,-22.78,9.8254,3.9426,23.57,ALIGN
33.2,0,0.0601,0.1461,-25.69,9.8839,0.1272,-21.97,9.8239,3.9426,23.57,DRIVE
33.25,0,0.0535,0.1483,-24.22,9.8825,0.1278,-21.3,9.829,3.9493,22.07,DRIVE
33.301,0,0.0535,0.1483,-24.22,9.8821,0.1279,-21.14,9.8286,3.9493,22.07,DRIVE
33.35,0,0.0504,0.1501,-22.64,9.8823,0.1279,-21.24,9.8319,3.9524,20.46,DRIVE
33.4,0,0.0504,0.1501,-22.64,9.8834,0.1277,-21.58,9.833,3.9524,20.46,DRIVE
33.45,0,0.0825,0.1425,-21.86,9.8848,0.1278,-21.99,9.8023,3.9201,19.78,DRIVE
33.5,0,0.0825,0.1425,-21.86,9.8875,0.1289,-22.32,9.805,3.9201,19.78,DRIVE
33.55,0,0.0922,0.1396,-22.6,9.893,0.1318,-22.57,9.8008,3.9103,20.56,DRIVE
33.6,0,0.0922,0.1396,-22.6,9.8999,0.135,-23.1,9.8078,3.9103,20.56,DRIVE
33.65,0,0.0999,0.1464,-23.19,9.9078,0.1383,-23.86,9.8079,3.9029,21.04,DRIVE
33.7,0,0.0999,0.1464,-23.19,9.9106,0.1394,-24.14,9.8107,3.9029,21.04,DRIVE
33.75,0,0.0999,0.1464,-23.19,9.9133,0.1405,-24.44,9.8135,3.9029,21.04,DRIVE
33.8,0,0.0999,0.1464,-23.19,9.9162,0.1416,-24.75,9.8163,3.9029,21.04,DRIVE
33.85,0,0.1273,0.148,-24.32,9.9248,0.1449,-25.67,9.7975,3.8755,22.13,DRIVE
33.9,0,0.1273,0.148,-24.32,9.9334,0.1482,-26.55,9.8061,3.8755,22.13,DRIVE
33.95,0,0.1273,0.148,-24.32,9.9419,0.1516,-27.34,9.8146,3.8755,22.13,DRIVE
34.0,0,0.1505,0.1536,-26.11,9.9502,0.155,-28.02,9.7997,3.8526,23.83,DRIVE
34.05,0,0.1611,0.1586,-27.86,9.9583,0.1586,-28.63,9.7972,3.8422,25.49,DRIVE
34.1,0,0.1611,0.1586,-27.86,9.9665,0.1621,-29.26,9.8054,3.8422,25.49,ALIGN
34.15,0,0.1737,0.1683,-29.19,9.975,0.1653,-30.01,9.8013,3.83,26.67,ALIGN
34.2,0,0.1737,0.1683,-29.19,9.9832,0.1677,-31.06,9.8096,3.83,26.67,ALIGN
34.25,0,0.1737,0.1683,-29.19,9.9912,0.1689,-32.42,9.8175,3.83,26.67,ALIGN
34.3,0,0.1737,0.1683,-29.19,9.9978,0.1681,-34.15,9.8241,3.83,26.67,ALIGN
34.35,0,0.2313,0.1683,-32.75,10.0012,0.1666,-35.37,9.7699,3.7724,30.19,ALIGN
34.4,0,0.2313,0.1683,-32.75,10.0068,0.1641,-37.33,9.7755,3.7724,30.19,ALIGN
34.45,0,0.2313,0.1683,-32.75,10.009,0.1628,-38.19,9.7777,3.7724,30.19,ALIGN
34.5,0,0.2569,0.1694,-36.15,10.0093,0.1625,-38.31,9.7524,3.7469,33.56,ALIGN
34.55,0,0.2313,0.1756,-38.69,10.0083,0.1633,-37.85,9.7769,3.7727,36.02,ALIGN
34.6,0,0.2313,0.1756,-38.69,10.0073,0.164,-37.44,9.776,3.7727,36.02,ALIGN
34.65,0,0.2313,0.1756,-38.69,10.0059,0.1651,-36.8,9.7745,3.7727,36.02,ALIGN
34.7,0,0.3924,0.1159,-41.69,10.0044,0.1662,-36.14,9.6121,3.6094,39.85,ALIGN
34.751,0,0.3924,0.1159,-41.69,10.0029,0.1672,-35.48,9.6106,3.6094,39.85,ALIGN
34.8,0,0.3801,0.1375,-40.49,10.0014,0.1683,-34.83,9.6213,3.6225,38.32,ALIGN
34.85,0,0.3801,0.1375,-40.49,9.9999,0.1692,-34.17,9.6198,3.6225,38.32,ALIGN
34.9,0,0.3733,0.1357,-39.21,9.9984,0.1702,-33.52,9.6252,3.6292,37.07,ALIGN
34.95,0,0.3735,0.1339,-37.87,9.997,0.1711,-32.88,9.6236,3.629,35.76,ALIGN
35.0,0,0.3735,0.1339,-37.87,9.9956,0.172,-32.23,9.6221,3.629,35.76,ALIGN
35.05,0,0.37,0.1382,-36.59,9.9942,0.1728,-31.59,9.6242,3.6326,34.41,ALIGN
35.1,0,0.37,0.1382,-36.59,9.9928,0.1737,-30.96,9.6229,3.6326,34.41,ALIGN
35.15,0,0.37,0.1382,-36.59,9.9919,0.1742,-30.54,9.622,3.6326,34.41,ALIGN
35.2,0,0.3724,0.1455,-35.28,9.9915,0.1744,-30.34,9.6191,3.6305,32.98,ALIGN
35.25,0,0.3724,0.1455,-35.28,9.991,0.1747,-30.13,9.6187,3.6305,32.98,ALIGN
35.3,0,0.3724,0.1455,-35.28,9.9906,0.1749,-29.93,9.6182,3.6305,32.98,ALIGN
35.35,0,0.3724,0.1455,-35.28,9.9906,0.1749,-29.93,9.6182,3.6305,32.98,ALIGN
35.4,0,0.3724,0.1455,-35.28,9.9902,0.1752,-29.73,9.6178,3.6305,32.98,ALIGN
35.45,0,0.3724,0.1455,-35.28,9.9897,0.1754,-29.52,9.6174,3.6305,32.98,ALIGN
35.5,0,0.3724,0.1455,-35.28,9.9893,0.1757,-29.33,9.617,3.6305,32.98,ALIGN
35.55,0,0.3724,0.1455,-35.28,9.9881,0.1763,-28.74,9.6157,3.6305,32.98,ALIGN
35.6,0,0.3724,0.1455,-35.28,9.9877,0.1766,-28.54,9.6153,3.6305,32.98,ALIGN
35.65,0,0.3724,0.1455,-35.28,9.9873,0.1768,-28.35,9.6149,3.6305,32.98,ALIGN
35.7,0,0.3654,0.1369,-32.82,9.9861,0.1774,-27.78,9.6208,3.6372,30.66,ALIGN
35.75,0,0.3654,0.1369,-32.82,9.985,0.178,-27.22,9.6196,3.6372,30.66,ALIGN
35.8,0,0.3689,0.1366,-31.64,9.9838,0.1786,-26.67,9.615,3.6336,29.49,ALIGN
35.85,0,0.3689,0.1366,-31.64,9.9827,0.1791,-26.12,9.6139,3.6336,29.49,ALIGN
35.9,0,0.3709,0.1374,-30.5,9.9816,0.1797,-25.56,9.6108,3.6317,28.34,ALIGN
35.95,0,0.3709,0.1374,-30.5,9.9816,0.1797,-25.56,9.6108,3.6317,28.34,ALIGN
36.0,0,0.3709,0.1374,-30.5,9.9805,0.1802,-25.01,9.6097,3.6317,28.34,ALIGN
36.05,0,0.3691,0.1419,-29.4,9.9798,0.1805,-24.63,9.6107,3.6337,27.16,ALIGN
36.1,0,0.3691,0.1419,-29.4,9.9798,0.1805,-24.63,9.6107,3.6337,27.16,ALIGN
36.15,0,0.3691,0.1419,-29.4,9.9787,0.181,-24.07,9.6097,3.6337,27.16,ALIGN
36.201,0,0.3691,0.1419,-29.4,9.9776,0.1815,-23.5,9.6086,3.6337,27.16,ALIGN
36.25,0,0.3691,0.1419,-29.4,9.9765,0.1819,-22.93,9.6075,3.6337,27.16,ALIGN
36.3,0,0.3691,0.1419,-29.4,9.9754,0.1824,-22.35,9.6064,3.6337,27.16,ALIGN
36.35,0,0.3638,0.1447,-27.16,9.9751,0.1825,-22.15,9.6113,3.639,24.88,ALIGN
36.4,0,0.3638,0.1447,-27.16,9.9743,0.1828,-21.75,9.6106,3.639,24.88,DRIVE
36.45,0,0.3638,0.1447,-27.16,9.9731,0.1833,-21.21,9.6093,3.639,24.88,DRIVE
36.5,0,0.359,0.1447,-26.02,9.9727,0.1834,-21.06,9.6138,3.6439,23.74,DRIVE
36.55,0,0.359,0.1447,-26.02,9.9727,0.1834,-21.06,9.6138,3.6439,23.74,DRIVE
36.6,0,0.3632,0.1428,-24.9,9.973,0.1833,-21.19,9.61,3.6396,22.65,DRIVE
36.65,0,0.3632,0.1428,-24.9,9.9734,0.1832,-21.36,9.6104,3.6396,22.65,DRIVE
36.7,0,0.3632,0.1428,-24.9,9.9741,0.183,-21.62,9.611,3.6396,22.65,DRIVE
36.75,0,0.386,0.1325,-24.87,9.9747,0.1828,-21.93,9.5889,3.6164,22.77,DRIVE
36.8,0,0.386,0.1325,-24.87,9.9752,0.1825,-22.24,9.5893,3.6164,22.77,DRIVE
36.85,0,0.3874,0.1349,-25.36,9.9752,0.1825,-22.24,9.5879,3.6151,23.22,DRIVE
36.9,0,0.3874,0.1349,-25.36,9.9753,0.1822,-22.44,9.588,3.6151,23.22,DRIVE
36.95,0,0.3874,0.1349,-25.36,9.9741,0.1801,-23.12,9.5867,3.6151,23.22,DRIVE
37.0,0,0.3858,0.1286,-25.99,9.9715,0.1769,-23.99,9.5859,3.6165,23.96,DRIVE
37.05,0,0.3858,0.1286,-25.99,9.9705,0.1758,-24.24,9.5849,3.6165,23.96,DRIVE
37.1,0,0.3858,0.1286,-25.99,9.9687,0.1737,-24.7,9.5831,3.6165,23.96,DRIVE
37.15,0,0.354,0.1314,-26.29,9.9663,0.1709,-25.3,9.6123,3.6483,24.23,DRIVE
37.2,0,0.354,0.1314,-26.29,9.9643,0.1686,-25.81,9.6103,3.6483,24.23,DRIVE
37.25,0,0.1843,0.186,-25.6,9.9619,0.1659,-26.4,9.7777,3.8203,22.81,DRIVE
37.3,0,0.1843,0.186,-25.6,9.9599,0.1636,-26.91,9.7757,3.8203,22.81,DRIVE
37.35,0,0.174,0.1742,-26.8,9.9582,0.1615,-27.35,9.7843,3.83,24.19,DRIVE
37.4,0,0.174,0.1742,-26.8,9.9572,0.1602,-27.63,9.7833,3.83,24.19,DRIVE
37.45,0,0.1622,0.173,-27.82,9.9567,0.1596,-27.78,9.7946,3.8417,25.24,DRIVE
37.5,0,0.1622,0.173,-27.82,9.9563,0.159,-27.92,9.7941,3.8417,25.24,ALIGN
37.55,0,0.1573,0.1737,-28.42,9.956,0.1585,-28.05,9.7987,3.8466,25.83,ALIGN
37.6,0,0.1573,0.1737,-28.42,9.9557,0.1582,-28.13,9.7984,3.8466,25.83,ALIGN
37.65,0,0.1502,0.1681,-28.74,9.9554,0.1576,-28.28,9.8051,3.8534,26.24,ALIGN
37.7,0,0.1502,0.1681,-28.74,9.9552,0.1573,-28.37,9.805,3.8534,26.24,ALIGN
37.75,0,0.1502,0.1681,-28.74,9.9549,0.1568,-28.47,9.8047,3.8534,26.24,ALIGN
37.8,0,0.1489,0.1753,-29.05,9.9547,0.1565,-28.54,9.8058,3.8551,26.44,ALIGN
37.85,0,0.1489,0.1753,-29.05,9.9546,0.1563,-28.61,9.8057,3.8551,26.44,ALIGN
37.9,0,0.1489,0.1753,-29.05,9.9546,0.1562,-28.62,9.8057,3.8551,26.44,ALIGN
37.95,0,0.1454,0.1684,-29.38,9.9544,0.1563,-28.49,9.809,3.8583,26.88,ALIGN
38.0,0,0.1454,0.1684,-29.38,9.9534,0.1568,-28.05,9.8081,3.8583,26.88,ALIGN
38.05,0,0.1454,0.1684,-29.38,9.9524,0.1574,-27.53,9.807,3.8583,26.88,ALIGN
38.1,0,0.1355,0.1774,-29.21,9.9512,0.158,-26.99,9.8158,3.8686,26.58,ALIGN
38.15,0,0.1355,0.1774,-29.21,9.9501,0.1585,-26.43,9.8147,3.8686,26.58,ALIGN
38.2,0,0.1355,0.1774,-29.21,9.9489,0.1591,-25.85,9.8135,3.8686,26.58,ALIGN
38.25,0,0.1355,0.1774,-29.21,9.9478,0.1597,-25.26,9.8123,3.8686,26.58,ALIGN
38.3,0,0.1162,0.179,-27.15,9.9466,0.1602,-24.65,9.8304,3.8879,24.51,ALIGN
38.35,0,0.1162,0.179,-27.15,9.9453,0.1607,-24.01,9.8292,3.8879,24.51,DRIVE
38.4,0,0.1183,0.1753,-25.98,9.9442,0.1612,-23.46,9.826,3.8857,23.39,DRIVE
38.45,0,0.1183,0.1753,-25.98,9.9441,0.1613,-23.39,9.8258,3.8857,23.39,DRIVE
38.5,0,0.1183,0.1753,-25.98,9.9442,0.1613,-23.42,9.8259,3.8857,23.39,DRIVE
38.55,0,0.1185,0.1779,-24.7,9.9446,0.1612,-23.59,9.8261,3.8856,22.07,DRIVE
38.6,0,0.1418,0.1755,-24.15,9.9452,0.161,-23.86,9.8034,3.8622,21.54,DRIVE
38.65,0,0.1418,0.1755,-24.15,9.946,0.1609,-24.18,9.8042,3.8622,21.54,DRIVE
38.7,0,0.1418,0.1755,-24.15,9.9469,0.1607,-24.57,9.8051,3.8622,21.54,DRIVE
38.75,0,0.1499,0.175,-24.57,9.9479,0.1601,-25.14,9.7979,3.854,21.97,DRIVE
38.8,0,0.1499,0.175,-24.57,9.9484,0.1589,-25.84,9.7984,3.854,21.97,DRIVE
38.85,0,0.1499,0.175,-24.57,9.9484,0.157,-26.69,9.7984,3.854,21.97,DRIVE
38.9,0,0.1499,0.175,-24.57,9.9481,0.1548,-27.62,9.7982,3.854,21.97,DRIVE
38.95,0,0.1639,0.1673,-26.62,9.9481,0.1548,-27.62,9.7843,3.8398,24.12,DRIVE
39.0,0,0.1639,0.1673,-26.62,9.9479,0.1531,-28.24,9.784,3.8398,24.12,DRIVE
39.05,0,0.1639,0.1673,-26.62,9.9473,0.1505,-29.17,9.7834,3.8398,24.12,DRIVE
39.1,0,0.1702,0.1621,-28.4,9.9464,0.1477,-30.1,9.7762,3.8332,25.97,DRIVE
39.15,0,0.1702,0.1621,-28.4,9.9453,0.1447,-31.02,9.7751,3.8332,25.97,ALIGN
39.2,0,0.1667,0.158,-30.25,9.944,0.1415,-31.93,9.7773,3.8365,27.89,ALIGN
39.25,0,0.1667,0.158,-30.25,9.9429,0.1384,-32.8,9.7763,3.8365,27.89,ALIGN
39.3,0,0.1689,0.1487,-32.14,9.9423,0.1358,-33.58,9.7735,3.834,29.92,ALIGN
39.35,0,0.1689,0.1487,-32.14,9.9423,0.1339,-34.26,9.7734,3.834,29.92,ALIGN
39.4,0,0.1642,0.1388,-33.88,9.943,0.1329,-34.76,9.7788,3.8383,31.8,ALIGN
39.45,0,0.1642,0.1388,-33.88,9.9438,0.1325,-35.05,9.7797,3.8383,31.8,ALIGN
39.5,0,0.1522,0.139,-35.22,9.9441,0.1324,-35.14,9.7918,3.8503,33.15,ALIGN
39.55,0,0.1522,0.139,-35.22,9.9441,0.1323,-35.17,9.7919,3.8503,33.15,ALIGN
39.6,0,0.1522,0.139,-35.22,9.9439,0.1325,-35.08,9.7917,3.8503,33.15,ALIGN
39.65,0,0.1438,0.1423,-35.83,9.9434,0.1328,-34.86,9.7997,3.8589,33.72,ALIGN
39.7,0,0.1438,0.1423,-35.83,9.9431,0.133,-34.72,9.7994,3.8589,33.72,ALIGN
39.75,0,0.1438,0.1423,-35.83,9.9421,0.1337,-34.24,9.7983,3.8589,33.72,ALIGN
39.8,0,0.13,0.1433,-35.65,9.941,0.1345,-33.75,9.811,3.8727,33.53,ALIGN
39.85,0,0.13,0.1433,-35.65,9.9403,0.1349,-33.43,9.8103,3.8727,33.53,ALIGN
39.9,0,0.1246,0.1503,-34.75,9.9392,0.1356,-32.94,9.8146,3.8783,32.53,ALIGN
39.95,0,0.1246,0.1503,-34.75,9.9381,0.1363,-32.45,9.8135,3.8783,32.53,ALIGN
40.0,0,0.121,0.152,-33.78,9.9377,0.1365,-32.28,9.8168,3.882,31.54,ALIGN
40.05,0,0.121,0.152,-33.78,9.937,0.137,-31.94,9.816,3.882,31.54,ALIGN
40.1,0,0.121,0.152,-33.78,9.937,0.137,-31.94,9.816,3.882,31.54,ALIGN
40.15,0,0.121,0.152,-33.78,9.9363,0.1375,-31.6,9.8153,3.882,31.54,ALIGN
40.2,0,0.121,0.152,-33.78,9.9352,0.1381,-31.09,9.8142,3.882,31.54,ALIGN
40.25,0,0.121,0.152,-33.78,9.934,0.1388,-30.57,9.8131,3.882,31.54,ALIGN
40.3,0,0.121,0.152,-33.78,9.9329,0.1394,-30.05,9.812,3.882,31.54,ALIGN
40.35,0,0.1055,0.1559,-31.82,9.9318,0.1401,-29.51,9.8263,3.8976,29.53,ALIGN
40.4,0,0.1055,0.1559,-31.82,9.9306,0.1407,-28.96,9.8251,3.8976,29.53,ALIGN
40.45,0,0.1006,0.1599,-30.79,9.9298,0.1412,-28.58,9.8292,3.9026,28.44,ALIGN
40.5,0,0.1006,0.1599,-30.79,9.9286,0.1418,-27.99,9.828,3.9026,28.44,ALIGN
40.55,0,0.1034,0.1607,-29.66,9.9273,0.1425,-27.38,9.824,3.8999,27.3,ALIGN
40.6,0,0.1034,0.1607,-29.66,9.9261,0.1431,-26.76,9.8227,3.8999,27.3,ALIGN
40.65,0,0.0968,0.1628,-28.52,9.9248,0.1437,-26.12,9.828,3.9066,26.13,ALIGN
40.7,0,0.0968,0.1628,-28.52,9.9234,0.1444,-25.46,9.8267,3.9066,26.13,ALIGN
40.75,0,0.0916,0.1614,-27.28,9.922,0.145,-24.76,9.8304,3.9117,24.91,ALIGN
40.8,0,0.0916,0.1614,-27.28,9.9207,0.1456,-24.06,9.829,3.9117,24.91,DRIVE
40.85,0,0.0916,0.1614,-27.28,9.9198,0.146,-23.59,9.8281,3.9117,24.91,DRIVE
40.9,0,0.0916,0.1614,-27.28,9.9191,0.1462,-23.27,9.8274,3.9117,24.91,DRIVE
40.95,0,0.0916,0.1614,-27.28,9.9193,0.1462,-23.37,9.8277,3.9117,24.91,DRIVE
41.0,0,0.0892,0.1625,-24.51,9.9206,0.1464,-23.69,9.8314,3.9142,22.13,DRIVE
41.05,0,0.1203,0.1616,-24.09,9.9225,0.1471,-23.92,9.8023,3.8831,21.7,DRIVE
41.1,0,0.1203,0.1616,-24.09,9.9255,0.1489,-23.94,9.8052,3.8831,21.7,DRIVE
41.15,0,0.1203,0.1616,-24.09,9.9313,0.1522,-24.07,9.811,3.8831,21.7,DRIVE
41.2,0,0.1199,0.1627,-24.59,9.9358,0.1545,-24.29,9.8159,3.8835,22.18,DRIVE
41.25,0,0.1199,0.1627,-24.59,9.9431,0.1581,-24.73,9.8232,3.8835,22.18,DRIVE
41.3,0,0.1362,0.1682,-24.81,9.9509,0.1618,-25.23,9.8148,3.8675,22.32,DRIVE
41.35,0,0.1362,0.1682,-24.81,9.9588,0.1655,-25.71,9.8226,3.8675,22.32,DRIVE
41.4,0,0.1585,0.1694,-25.66,9.9588,0.1655,-25.71,9.8003,3.8453,23.14,DRIVE
41.45,0,0.1585,0.1694,-25.66,9.9639,0.1681,-26.0,9.8055,3.8453,23.14,DRIVE
41.5,0,0.1585,0.1694,-25.66,9.9717,0.1721,-26.32,9.8133,3.8453,23.14,DRIVE
41.55,0,0.1695,0.1833,-26.58,9.9796,0.1763,-26.57,9.8101,3.8349,23.84,DRIVE
41.6,0,0.1695,0.1833,-26.58,9.9877,0.1807,-26.81,9.8182,3.8349,23.84,DRIVE
41.65,0,0.1736,0.1807,-27.28,9.9961,0.185,-27.16,9.8225,3.8307,24.58,DRIVE
41.7,0,0.1736,0.1807,-27.28,10.0047,0.1889,-27.76,9.8312,3.8307,24.58,DRIVE
41.75,0,0.1919,0.1918,-27.85,10.0135,0.1921,-28.69,9.8216,3.8129,24.96,DRIVE
41.8,0,0.1919,0.1918,-27.85,10.0226,0.1945,-29.99,9.8307,3.8129,24.96,DRIVE
41.85,0,0.2331,0.1968,-29.14,10.0319,0.1958,-31.65,9.7988,3.772,26.15,DRIVE
41.9,0,0.2331,0.1968,-29.14,10.0407,0.1953,-33.75,9.8076,3.772,26.15,ALIGN
41.95,0,0.283,0.1927,-31.9,10.0484,0.193,-36.25,9.7654,3.722,28.93,ALIGN
42.0,0,0.283,0.1927,-31.9,10.0557,0.1888,-38.95,9.7727,3.722,28.93,ALIGN
42.05,0,0.283,0.1927,-31.9,10.0624,0.1835,-41.84,9.7794,3.722,28.93,ALIGN
42.1,0,0.3143,0.1865,-36.33,10.069,0.1777,-44.62,9.7547,3.6904,33.44,ALIGN
42.15,0,0.3143,0.1865,-36.33,10.0742,0.1722,-46.94,9.7599,3.6904,33.44,ALIGN
42.2,0,0.3143,0.1865,-36.33,10.0779,0.1682,-48.57,9.7636,3.6904,33.44,ALIGN
42.25,0,0.3143,0.1865,-36.33,10.0797,0.1661,-49.4,9.7654,3.6904,33.44,ALIGN
42.3,0,0.3449,0.1833,-46.98,10.0798,0.1659,-49.48,9.735,3.6597,44.11,ALIGN
42.35,0,0.3449,0.1833,-46.98,10.0789,0.167,-49.06,9.7341,3.6597,44.11,ALIGN
42.4,0,0.3449,0.1833,-46.98,10.0777,0.1683,-48.52,9.7328,3.6597,44.11,ALIGN
42.45,0,0.3449,0.1833,-46.98,10.0765,0.1697,-47.96,9.7316,3.6597,44.11,ALIGN
42.5,0,0.4613,0.1096,-52.93,10.0752,0.1711,-47.4,9.6141,3.5404,51.15,ALIGN
42.55,0,0.4613,0.1096,-52.93,10.0739,0.1724,-46.84,9.6128,3.5404,51.15,ALIGN
42.6,0,0.4531,0.115,-51.87,10.0727,0.1737,-46.28,9.6197,3.5487,50.01,ALIGN
42.65,0,0.45,0.1182,-50.74,10.0714,0.1751,-45.71,9.6216,3.552,48.84,ALIGN
42.7,0,0.45,0.1182,-50.74,10.0701,0.1764,-45.13,9.6203,3.552,48.84,ALIGN
42.75,0,0.4475,0.1219,-49.61,10.0687,0.1777,-44.55,9.6214,3.5545,47.64,ALIGN
42.8,0,0.4475,0.1219,-49.61,10.0674,0.1789,-43.97,9.62,3.5545,47.64,ALIGN
42.85,0,0.4437,0.1249,-48.47,10.0661,0.1802,-43.38,9.6225,3.5585,46.46,ALIGN
42.9,0,0.4437,0.1249,-48.47,10.0647,0.1814,-42.79,9.6212,3.5585,46.46,ALIGN
42.95,0,0.4437,0.1249,-48.47,10.0634,0.1827,-42.2,9.6198,3.5585,46.46,ALIGN
43.0,0,0.4405,0.127,-47.3,10.062,0.1839,-41.61,9.6217,3.5618,45.25,ALIGN
43.05,0,0.4405,0.127,-47.3,10.0606,0.1851,-41.01,9.6203,3.5618,45.25,ALIGN
43.1,0,0.4405,0.127,-47.3,10.0593,0.1862,-40.4,9.619,3.5618,45.25,ALIGN
43.15,0,0.4363,0.1346,-44.91,10.0579,0.1874,-39.81,9.6217,3.5662,42.75,ALIGN
43.2,0,0.4363,0.1346,-44.91,10.0565,0.1885,-39.2,9.6203,3.5662,42.75,ALIGN
43.25,0,0.4363,0.1346,-44.91,10.0552,0.1896,-38.6,9.619,3.5662,42.75,ALIGN
43.301,0,0.4358,0.1392,-43.7,10.0538,0.1906,-38.0,9.6181,3.5669,41.47,ALIGN
43.35,0,0.4329,0.1411,-42.5,10.0524,0.1917,-37.4,9.6196,3.5698,40.24,ALIGN
43.4,0,0.4329,0.1411,-42.5,10.051,0.1927,-36.8,9.6182,3.5698,40.24,ALIGN
43.45,0,0.4303,0.1436,-41.3,10.0496,0.1937,-36.19,9.6195,3.5726,39.0,ALIGN
43.5,0,0.4303,0.1436,-41.3,10.0483,0.1946,-35.59,9.6181,3.5726,39.0,ALIGN
43.551,0,0.4284,0.1462,-40.09,10.0469,0.1956,-34.97,9.6186,3.5746,37.75,ALIGN
43.6,0,0.4284,0.1462,-40.09,10.0455,0.1965,-34.36,9.6173,3.5746,37.75,ALIGN
43.65,0,0.4265,0.1495,-38.87,10.0441,0.1974,-33.75,9.6178,3.5767,36.48,ALIGN
43.7,0,0.4265,0.1495,-38.87,10.0428,0.1983,-33.14,9.6164,3.5767,36.48,ALIGN
43.75,0,0.4228,0.1519,-37.65,10.0415,0.1991,-32.54,9.6188,3.5805,35.22,ALIGN
43.8,0,0.4228,0.1519,-37.65,10.0401,0.1999,-31.95,9.6175,3.5805,35.22,ALIGN
43.85,0,0.4225,0.1542,-36.43,10.0389,0.2007,-31.36,9.6165,3.5808,33.96,ALIGN
43.9,0,0.4225,0.1542,-36.43,10.0376,0.2014,-30.78,9.6152,3.5808,33.96,ALIGN
43.95,0,0.4225,0.1542,-36.43,10.0372,0.2017,-30.58,9.6148,3.5808,33.96,ALIGN
44.0,0,0.4211,0.1567,-35.24,10.0363,0.2022,-30.2,9.6154,3.5824,32.73,ALIGN
44.05,0,0.4211,0.1567,-35.24,10.0351,0.2029,-29.6,9.6141,3.5824,32.73,ALIGN
44.1,0,0.4211,0.1567,-35.24,10.0351,0.2029,-29.6,9.6141,3.5824,32.73,ALIGN
44.15,0,0.4211,0.1567,-35.24,10.0342,0.2034,-29.2,9.6133,3.5824,32.73,ALIGN
44.2,0,0.4187,0.1577,-34.07,10.033,0.2041,-28.58,9.6143,3.5848,31.55,ALIGN
44.25,0,0.4153,0.161,-32.88,10.0317,0.2048,-27.96,9.6165,3.5883,30.31,ALIGN
44.3,0,0.4153,0.161,-32.88,10.0304,0.2054,-27.34,9.6152,3.5883,30.31,ALIGN
44.35,0,0.4153,0.161,-32.88,10.0291,0.2061,-26.72,9.6139,3.5883,30.31,ALIGN
44.4,0,0.4125,0.1628,-31.64,10.0278,0.2067,-26.09,9.6155,3.5912,29.04,ALIGN
44.45,0,0.4125,0.1628,-31.64,10.027,0.2071,-25.67,9.6146,3.5912,29.04,ALIGN
44.5,0,0.4096,0.1676,-30.4,10.0266,0.2073,-25.46,9.6171,3.5943,27.73,ALIGN
44.55,0,0.4096,0.1676,-30.4,10.0253,0.2079,-24.82,9.6159,3.5943,27.73,ALIGN
44.6,0,0.4096,0.1676,-30.4,10.0241,0.2085,-24.2,9.6146,3.5943,27.73,ALIGN
44.65,0,0.4097,0.1664,-29.12,10.0229,0.209,-23.56,9.6133,3.5941,26.47,ALIGN
44.7,0,0.4097,0.1664,-29.12,10.0217,0.2095,-22.93,9.6121,3.5941,26.47,ALIGN
44.75,0,0.4089,0.1671,-27.85,10.0205,0.21,-22.3,9.6117,3.595,25.19,ALIGN
44.8,0,0.4089,0.1671,-27.85,10.0193,0.2105,-21.67,9.6105,3.595,25.19,ALIGN
44.85,0,0.4064,0.169,-26.59,10.018,0.211,-21.09,9.6117,3.5976,23.9,ALIGN
44.9,0,0.4064,0.169,-26.59,10.0167,0.2115,-20.51,9.6104,3.5976,23.9,DRIVE
44.95,0,0.4035,0.1692,-25.34,10.0156,0.2119,-20.01,9.6122,3.6005,22.65,DRIVE
45.0,0,0.4035,0.1692,-25.34,10.0156,0.2119,-20.02,9.6122,3.6005,22.65,DRIVE
45.05,0,0.4019,0.1675,-24.17,10.016,0.2118,-20.19,9.6142,3.602,21.51,DRIVE
45.1,0,0.427,0.1509,-23.69,10.0164,0.2116,-20.38,9.5896,3.5762,21.27,DRIVE
45.15,0,0.427,0.1509,-23.69,10.0169,0.2115,-20.58,9.5901,3.5762,21.27,DRIVE
45.2,0,0.427,0.1509,-23.69,10.0172,0.2113,-20.69,9.5904,3.5762,21.27,DRIVE
45.25,0,0.427,0.1509,-23.69,10.0181,0.2113,-20.95,9.5913,3.5762,21.27,DRIVE
45.3,0,0.4323,0.1568,-24.06,10.0205,0.213,-20.9,9.5884,3.5712,21.55,DRIVE
45.35,0,0.4323,0.1568,-24.06,10.0252,0.2166,-20.59,9.5931,3.5712,21.55,DRIVE
45.401,0,0.429,0.1571,-24.64,10.0272,0.2181,-20.47,9.5984,3.5745,22.12,DRIVE
45.45,0,0.429,0.1571,-24.64,10.0339,0.2228,-20.18,9.6051,3.5745,22.12,DRIVE
45.5,0,0.4213,0.1657,-24.25,10.0412,0.2275,-20.07,9.6201,3.5825,21.6,DRIVE
45.55,0,0.4213,0.1657,-24.25,10.0489,0.2319,-20.17,9.6279,3.5825,21.6,DRIVE
45.6,0,0.4458,0.1679,-23.76,10.0566,0.236,-20.46,9.6111,3.5582,21.05,DRIVE
45.65,0,0.4458,0.1679,-23.76,10.0618,0.2387,-20.71,9.6162,3.5582,21.05,DRIVE
45.7,0,0.4458,0.1679,-23.76,10.0699,0.2427,-21.05,9.6244,3.5582,21.05,DRIVE
45.75,0,0.472,0.1797,-24.06,10.075,0.2454,-21.32,9.6032,3.5325,21.14,DRIVE
45.8,0,0.472,0.1797,-24.06,10.0829,0.2493,-21.68,9.6111,3.5325,21.14,DRIVE
45.85,0,0.4902,0.1834,-24.78,10.0883,0.2522,-21.87,9.5983,3.5146,21.78,DRIVE
45.9,0,0.4902,0.1834,-24.78,10.0939,0.2551,-22.07,9.604,3.5146,21.78,DRIVE
45.95,0,0.4902,0.1834,-24.78,10.1019,0.2594,-22.53,9.612,3.5146,21.78,DRIVE
46.0,0,0.5055,0.1941,-25.48,10.1106,0.2632,-23.16,9.6054,3.4999,22.3,DRIVE
46.05,0,0.5055,0.1941,-25.48,10.1164,0.2656,-23.73,9.6112,3.4999,22.3,DRIVE
46.1,0,0.5269,0.1968,-26.28,10.1253,0.269,-24.83,9.5987,3.4786,23.03,DRIVE
46.15,0,0.5269,0.1968,-26.28,10.1316,0.2709,-25.74,9.605,3.4786,23.03,DRIVE
46.201,0,0.5269,0.1968,-26.28,10.1414,0.2732,-27.39,9.6148,3.4786,23.03,DRIVE
46.25,0,0.5269,0.1968,-26.28,10.1513,0.2744,-29.44,9.6246,3.4786,23.03,DRIVE
46.3,0,0.5269,0.1968,-26.28,10.1569,0.2731,-31.22,9.6303,3.4786,23.03,DRIVE
46.35,0,0.5269,0.1968,-26.28,10.1654,0.2711,-33.91,9.6388,3.4786,23.03,DRIVE
46.4,0,0.5269,0.1968,-26.28,10.1707,0.2683,-35.92,9.6441,3.4786,23.03,DRIVE
46.45,0,0.4283,0.2574,-32.14,10.179,0.264,-38.95,9.7507,3.581,28.02,DRIVE
46.5,0,0.4283,0.2574,-32.14,10.1847,0.2609,-41.02,9.7564,3.581,28.02,ALIGN
46.55,0,0.4283,0.2574,-32.14,10.1903,0.2568,-43.21,9.762,3.581,28.02,ALIGN
46.6,0,0.4628,0.2623,-37.8,10.1989,0.2496,-46.64,9.7361,3.5469,33.56,ALIGN
46.65,0,0.4628,0.2623,-37.8,10.2072,0.2409,-50.19,9.7444,3.5469,33.56,ALIGN
46.7,0,0.5097,0.2573,-44.07,10.2129,0.2379,-53.67,9.7032,3.4998,39.85,ALIGN
46.75,0,0.5097,0.2573,-44.07,10.218,0.2303,-56.49,9.7084,3.4998,39.85,ALIGN
46.8,0,0.5509,0.2484,-50.92,10.2217,0.2244,-58.62,9.6708,3.458,46.8,ALIGN
46.85,0,0.5127,0.2312,-57.29,10.2238,0.2212,-59.88,9.711,3.4949,53.5,ALIGN
46.9,0,0.5127,0.2312,-57.29,10.2238,0.2214,-59.93,9.7111,3.4949,53.5,ALIGN
46.95,0,0.5127,0.2312,-57.29,10.2241,0.2209,-59.75,9.7114,3.4949,53.5,ALIGN
47.0,0,0.6675,0.164,-63.3,10.2243,0.2206,-59.3,9.557,3.3366,60.48,ALIGN
47.05,0,0.6675,0.164,-63.3,10.2241,0.2209,-58.26,9.5568,3.3366,60.48,ALIGN
47.1,0,0.6675,0.164,-63.3,10.2239,0.2213,-57.5,9.5566,3.3366,60.48,ALIGN
47.15,0,0.612,0.123,-63.99,10.223,0.2225,-56.93,9.6115,3.3903,61.91,ALIGN
47.2,0,0.612,0.123,-63.99,10.2211,0.2286,-56.36,9.6097,3.3903,61.91,ALIGN
47.25,0,0.6235,0.1411,-61.55,10.2208,0.229,-55.33,9.5977,3.3795,59.16,ALIGN
47.3,0,0.6235,0.1411,-61.55,10.2197,0.2305,-54.57,9.5967,3.3795,59.16,ALIGN
47.35,0,0.6235,0.1411,-61.55,10.219,0.2316,-54.22,9.5959,3.3795,59.16,ALIGN
47.4,0,0.5789,0.1593,-59.49,10.2183,0.2326,-53.88,9.6396,3.4248,56.82,ALIGN
47.45,0,0.5789,0.1593,-59.49,10.2172,0.234,-53.4,9.6386,3.4248,56.82,ALIGN
47.5,0,0.6027,0.161,-57.99,10.2162,0.2353,-52.91,9.6138,3.4011,55.27,ALIGN
47.55,0,0.6027,0.161,-57.99,10.2155,0.2362,-52.6,9.6132,3.4011,55.27,ALIGN
47.6,0,0.6018,0.165,-56.98,10.2145,0.2375,-52.13,9.613,3.4022,54.2,ALIGN
47.65,0,0.6018,0.165,-56.98,10.2135,0.2388,-51.68,9.612,3.4022,54.2,ALIGN
47.7,0,0.6018,0.165,-56.98,10.2126,0.24,-51.23,9.611,3.4022,54.2,ALIGN
47.75,0,0.6018,0.165,-56.98,10.2119,0.2407,-50.94,9.6104,3.4022,54.2,ALIGN
47.8,0,0.6018,0.165,-56.98,10.2116,0.2411,-50.8,9.6101,3.4022,54.2,ALIGN
47.85,0,0.6018,0.165,-56.98,10.211,0.2419,-50.51,9.6095,3.4022,54.2,ALIGN
47.9,0,0.6018,0.165,-56.98,10.2104,0.2426,-50.22,9.6089,3.4022,54.2,ALIGN
47.95,0,0.6018,0.165,-56.98,10.2098,0.2434,-49.94,9.6082,3.4022,54.2,ALIGN
48.0,0,0.5973,0.1734,-54.23,10.2088,0.2445,-49.51,9.6118,3.4071,51.31,ALIGN
48.05,0,0.5973,0.1734,-54.23,10.2079,0.2456,-49.1,9.6109,3.4071,51.31,ALIGN
48.1,0,0.5973,0.1734,-54.23,10.207,0.2466,-48.68,9.61,3.4071,51.31,ALIGN
48.15,0,0.5973,0.1734,-54.23,10.2064,0.2473,-48.41,9.6094,3.4071,51.31,ALIGN
48.2,0,0.5967,0.1824,-52.52,10.2057,0.248,-48.13,9.6092,3.4081,49.45,ALIGN
48.25,0,0.5967,0.1824,-52.52,10.2051,0.2486,-47.86,9.6086,3.4081,49.45,ALIGN
48.3,0,0.5967,0.1824,-52.52,10.2042,0.2497,-47.44,9.6077,3.4081,49.45,ALIGN
48.35,0,0.5926,0.182,-51.7,10.2033,0.2507,-47.02,9.6109,3.4122,48.64,ALIGN
48.4,0,0.5926,0.182,-51.7,10.2026,0.2513,-46.74,9.6102,3.4122,48.64,ALIGN
48.45,0,0.5926,0.182,-51.7,10.2017,0.2523,-46.31,9.6093,3.4122,48.64,ALIGN
48.5,0,0.5908,0.1848,-50.87,10.2007,0.2533,-45.88,9.6101,3.4142,47.77,ALIGN
48.55,0,0.5908,0.1848,-50.87,10.1997,0.2544,-45.44,9.6092,3.4142,47.77,ALIGN
48.6,0,0.5908,0.1848,-50.87,10.1987,0.2554,-44.99,9.6081,3.4142,47.77,ALIGN
48.65,0,0.5856,0.1907,-49.15,10.1976,0.2564,-44.53,9.6123,3.4198,45.95,ALIGN
48.7,0,0.5856,0.1907,-49.15,10.1965,0.2574,-44.05,9.6112,3.4198,45.95,ALIGN
48.75,0,0.5856,0.1907,-49.15,10.1954,0.2585,-43.56,9.6101,3.4198,45.95,ALIGN
48.8,0,0.5807,0.1918,-48.24,10.195,0.2589,-43.39,9.6146,3.4247,45.03,ALIGN
48.85,0,0.5807,0.1918,-48.24,10.1939,0.2599,-42.89,9.6134,3.4247,45.03,ALIGN
48.9,0,0.5803,0.1978,-47.26,10.1927,0.261,-42.36,9.6126,3.4254,43.95,ALIGN
48.95,0,0.5803,0.1978,-47.26,10.1914,0.2621,-41.82,9.6114,3.4254,43.95,ALIGN
49.0,0,0.5803,0.1978,-47.26,10.1906,0.2629,-41.45,9.6105,3.4254,43.95,ALIGN
49.05,0,0.5776,0.1998,-46.24,10.1893,0.264,-40.88,9.6119,3.4282,42.9,ALIGN
49.1,0,0.5744,0.2034,-45.15,10.1875,0.2655,-40.09,9.6133,3.4316,41.75,ALIGN
49.15,0,0.5744,0.2034,-45.15,10.187,0.2659,-39.89,9.6128,3.4316,41.75,ALIGN
49.2,0,0.5744,0.2034,-45.15,10.1857,0.267,-39.28,9.6114,3.4316,41.75,ALIGN
49.25,0,0.5711,0.2056,-43.99,10.1847,0.2678,-38.86,9.6138,3.4351,40.56,ALIGN
49.3,0,0.5711,0.2056,-43.99,10.1832,0.2689,-38.22,9.6124,3.4351,40.56,ALIGN
49.35,0,0.5654,0.2088,-42.78,10.1817,0.2701,-37.56,9.6166,3.441,39.3,ALIGN
49.4,0,0.5654,0.2088,-42.78,10.1817,0.2701,-37.56,9.6166,3.441,39.3,ALIGN
49.45,0,0.5654,0.2088,-42.78,10.1802,0.2712,-36.88,9.615,3.441,39.3,ALIGN
49.5,0,0.5654,0.2088,-42.78,10.1791,0.272,-36.42,9.614,3.441,39.3,ALIGN
49.55,0,0.5624,0.2141,-41.49,10.1786,0.2724,-36.19,9.6163,3.4442,37.93,ALIGN
49.6,0,0.5624,0.2141,-41.49,10.1775,0.2731,-35.72,9.6153,3.4442,37.93,ALIGN
49.65,0,0.5624,0.2141,-41.49,10.1764,0.2739,-35.24,9.6142,3.4442,37.93,ALIGN
49.7,0,0.5579,0.2173,-40.13,10.1748,0.275,-34.5,9.617,3.4489,36.52,ALIGN
49.75,0,0.5579,0.2173,-40.13,10.1737,0.2758,-34.0,9.6159,3.4489,36.52,ALIGN
49.8,0,0.5544,0.2202,-38.69,10.1719,0.2769,-33.23,9.6177,3.4526,35.03,ALIGN
49.85,0,0.5544,0.2202,-38.69,10.1708,0.2776,-32.72,9.6166,3.4526,35.03,ALIGN
49.9,0,0.5507,0.2252,-37.19,10.1697,0.2783,-32.2,9.6191,3.4566,33.45,ALIGN
49.95,0,0.5507,0.2252,-37.19,10.1679,0.2793,-31.41,9.6174,3.4566,33.45,ALIGN
50.0,0,0.5507,0.2252,-37.19,10.1662,0.2804,-30.61,9.6157,3.4566,33.45,ALIGN
50.05,0,0.5453,0.2282,-35.64,10.1645,0.2813,-29.81,9.6193,3.4622,31.86,ALIGN
50.1,0,0.5453,0.2282,-35.64,10.1633,0.282,-29.27,9.6182,3.4622,31.86,ALIGN
50.15,0,0.5441,0.2316,-34.03,10.1622,0.2826,-28.73,9.6182,3.4637,30.2,ALIGN
50.2,0,0.5441,0.2316,-34.03,10.1605,0.2835,-27.91,9.6165,3.4637,30.2,ALIGN
50.25,0,0.5441,0.2316,-34.03,10.1588,0.2844,-27.08,9.6148,3.4637,30.2,ALIGN
50.3,0,0.5441,0.2316,-34.03,10.1576,0.2849,-26.53,9.6137,3.4637,30.2,ALIGN
50.35,0,0.5441,0.2316,-34.03,10.1559,0.2857,-25.69,9.612,3.4637,30.2,ALIGN
50.4,0,0.5375,0.2359,-30.76,10.1548,0.2863,-25.12,9.6174,3.4705,26.86,ALIGN
50.45,0,0.5375,0.2359,-30.76,10.1531,0.287,-24.26,9.6157,3.4705,26.86,ALIGN
50.5,0,0.5333,0.2365,-29.09,10.152,0.2875,-23.68,9.6188,3.4748,25.19,ALIGN
50.55,0,0.5333,0.2365,-29.09,10.1503,0.2882,-22.8,9.6172,3.4748,25.19,ALIGN
50.6,0,0.5333,0.2365,-29.09,10.1492,0.2887,-22.21,9.616,3.4748,25.19,ALIGN
50.65,0,0.5333,0.2365,-29.09,10.1474,0.2894,-21.34,9.6143,3.4748,25.19,ALIGN
50.7,0,0.5333,0.2365,-29.09,10.1455,0.2901,-20.53,9.6124,3.4748,25.19,ALIGN
50.75,0,0.528,0.2406,-25.58,10.1443,0.2905,-19.99,9.6164,3.4803,21.61,ALIGN
50.8,0,0.528,0.2406,-25.58,10.1425,0.2911,-19.18,9.6146,3.4803,21.61,DRIVE
50.85,0,0.5279,0.2393,-23.92,10.1409,0.2916,-18.47,9.6132,3.4804,19.97,DRIVE
50.9,0,0.5279,0.2393,-23.92,10.1405,0.2917,-18.32,9.6128,3.4804,19.97,DRIVE
50.95,0,0.5279,0.2393,-23.92,10.1412,0.2917,-18.52,9.6134,3.4804,19.97,DRIVE
51.0,0,0.5308,0.2378,-22.33,10.1421,0.2918,-18.76,9.6115,3.4774,18.41,DRIVE
51.05,0,0.5308,0.2378,-22.33,10.1439,0.2918,-19.27,9.6132,3.4774,18.41,DRIVE
51.1,0,0.5626,0.2333,-22.22,10.1464,0.2921,-19.88,9.584,3.4453,18.33,DRIVE
51.15,0,0.5626,0.2333,-22.22,10.1505,0.293,-20.52,9.5881,3.4453,18.33,DRIVE
51.2,0,0.5759,0.2288,-23.19,10.1564,0.2949,-21.32,9.5808,3.4317,19.37,DRIVE
51.25,0,0.5759,0.2288,-23.19,10.1638,0.2974,-22.39,9.5882,3.4317,19.37,DRIVE
51.3,0,0.5876,0.2299,-24.49,10.1722,0.2999,-23.73,9.5849,3.4201,20.64,DRIVE
51.35,0,0.5876,0.2299,-24.49,10.1809,0.302,-25.32,9.5936,3.4201,20.64,DRIVE
51.4,0,0.6217,0.2294,-26.57,10.1864,0.3027,-26.52,9.565,3.3861,22.69,DRIVE
51.45,0,0.6217,0.2294,-26.57,10.1934,0.3023,-28.51,9.572,3.3861,22.69,DRIVE
51.5,0,0.6507,0.2254,-29.69,10.1978,0.3019,-29.75,9.5474,3.3569,25.84,DRIVE
51.55,0,0.6507,0.2254,-29.69,10.1999,0.3019,-30.31,9.5495,3.3569,25.84,ALIGN
51.6,0,0.6507,0.2254,-29.69,10.2058,0.3007,-32.03,9.5554,3.3569,25.84,ALIGN
51.65,0,0.6507,0.2254,-29.69,10.2094,0.3002,-33.04,9.559,3.3569,25.84,ALIGN
51.7,0,0.5469,0.2405,-32.01,10.2142,0.2995,-34.38,9.6674,3.4615,28.03,ALIGN
51.75,0,0.5469,0.2405,-32.01,10.2181,0.2987,-35.5,9.6714,3.4615,28.03,ALIGN
51.8,0,0.6613,0.2351,-36.71,10.2205,0.2984,-36.06,9.5594,3.3469,32.68,ALIGN
51.85,0,0.6613,0.2351,-36.71,10.2251,0.2996,-36.56,9.5639,3.3469,32.68,ALIGN
51.9,0,0.6548,0.2195,-39.33,10.2292,0.3005,-37.12,9.5748,3.3524,35.57,ALIGN
51.95,0,0.6548,0.2195,-39.33,10.2322,0.3009,-37.59,9.5778,3.3524,35.57,ALIGN
52.0,0,0.6566,0.232,-40.45,10.2332,0.3011,-37.71,9.5768,3.3514,36.48,ALIGN
52.05,0,0.6566,0.232,-40.45,10.233,0.3015,-37.53,9.5766,3.3514,36.48,ALIGN
52.1,0,0.6501,0.2385,-41.34,10.2318,0.3024,-37.0,9.5819,3.3584,37.27,ALIGN
52.15,0,0.6501,0.2385,-41.34,10.2304,0.3034,-36.39,9.5805,3.3584,37.27,ALIGN
52.2,0,0.6209,0.2417,-40.87,10.229,0.3044,-35.78,9.6083,3.3877,36.78,ALIGN
52.25,0,0.6209,0.2417,-40.87,10.2281,0.305,-35.37,9.6074,3.3877,36.78,ALIGN
52.3,0,0.6209,0.2417,-40.87,10.2276,0.3054,-35.16,9.607,3.3877,36.78,ALIGN
52.35,0,0.6209,0.2417,-40.87,10.2272,0.3057,-34.97,9.6065,3.3877,36.78,ALIGN
52.4,0,0.6154,0.2442,-39.67,10.2259,0.3066,-34.37,9.6107,3.3934,35.55,ALIGN
52.45,0,0.6154,0.2442,-39.67,10.2246,0.3074,-33.79,9.6094,3.3934,35.55,ALIGN
52.5,0,0.6138,0.2476,-38.46,10.2233,0.3083,-33.2,9.6096,3.3952,34.28,ALIGN
52.55,0,0.6138,0.2476,-38.46,10.2224,0.3088,-32.82,9.6088,3.3952,34.28,ALIGN
52.6,0,0.612,0.2489,-37.28,10.2224,0.3088,-32.82,9.6106,3.3972,33.08,ALIGN
52.65,0,0.612,0.2489,-37.28,10.2216,0.3094,-32.43,9.6098,3.3972,33.08,ALIGN
52.7,0,0.612,0.2489,-37.28,10.2207,0.3099,-32.05,9.6089,3.3972,33.08,ALIGN
52.75,0,0.612,0.2489,-37.28,10.2194,0.3107,-31.47,9.6077,3.3972,33.08,ALIGN
52.8,0,0.6112,0.2523,-36.11,10.2182,0.3114,-30.88,9.6072,3.3982,31.85,ALIGN
52.85,0,0.6112,0.2523,-36.11,10.2173,0.3119,-30.5,9.6064,3.3982,31.85,ALIGN
52.9,0,0.6089,0.2532,-34.95,10.2165,0.3124,-30.11,9.6078,3.4006,30.68,ALIGN
52.95,0,0.6089,0.2532,-34.95,10.2153,0.3131,-29.53,9.6066,3.4006,30.68,ALIGN
53.0,0,0.6089,0.2532,-34.95,10.214,0.3137,-28.94,9.6053,3.4006,30.68,ALIGN
53.05,0,0.6067,0.256,-33.78,10.2132,0.3142,-28.55,9.6066,3.4029,29.47,ALIGN
53.1,0,0.6067,0.256,-33.78,10.212,0.3148,-27.98,9.6054,3.4029,29.47,ALIGN
53.15,0,0.6035,0.2554,-32.63,10.2112,0.3152,-27.59,9.6079,3.4061,28.33,ALIGN
53.2,0,0.6035,0.2554,-32.63,10.21,0.3158,-27.0,9.6067,3.4061,28.33,ALIGN
53.25,0,0.6035,0.2554,-32.63,10.2088,0.3164,-26.4,9.6055,3.4061,28.33,ALIGN
53.3,0,0.6022,0.257,-31.46,10.2075,0.317,-25.8,9.6056,3.4076,27.13,ALIGN
53.35,0,0.6022,0.257,-31.46,10.2063,0.3176,-25.19,9.6044,3.4076,27.13,ALIGN
53.4,0,0.6022,0.257,-31.46,10.2055,0.318,-24.78,9.6036,3.4076,27.13,ALIGN
53.45,0,0.596,0.2594,-29.07,10.2043,0.3185,-24.14,9.6084,3.4139,24.72,ALIGN
53.5,0,0.596,0.2594,-29.07,10.203,0.3191,-23.49,9.6072,3.4139,24.72,DRIVE
53.55,0,0.596,0.2594,-29.07,10.2019,0.3195,-22.92,9.6061,3.4139,24.72,DRIVE
53.6,0,0.596,0.2594,-29.07,10.2018,0.3196,-22.86,9.606,3.4139,24.72,DRIVE
53.65,0,0.596,0.2594,-29.07,10.2024,0.3194,-23.11,9.6066,3.4139,24.72,DRIVE
53.7,0,0.6004,0.2577,-26.62,10.203,0.3194,-23.32,9.6028,3.4093,22.29,DRIVE
53.75,0,0.6004,0.2577,-26.62,10.2041,0.3195,-23.63,9.6038,3.4093,22.29,DRIVE
53.8,0,0.6225,0.2563,-26.82,10.2051,0.3195,-23.95,9.5828,3.3872,22.48,DRIVE
53.85,0,0.6225,0.2563,-26.82,10.2063,0.3195,-24.32,9.584,3.3872,22.48,DRIVE
53.9,0,0.6263,0.257,-27.44,10.2076,0.3196,-24.68,9.5816,3.3835,23.09,DRIVE
53.95,0,0.6263,0.257,-27.44,10.2081,0.3197,-24.8,9.5821,3.3835,23.09,DRIVE
54.0,0,0.6263,0.257,-27.44,10.2089,0.3195,-24.93,9.5828,3.3835,23.09,DRIVE
54.05,0,0.6279,0.2556,-28.16,10.2146,0.3238,-24.74,9.587,3.3818,23.82,DRIVE
54.1,0,0.6279,0.2556,-28.16,10.2218,0.3283,-24.54,9.5942,3.3818,23.82,DRIVE
54.15,0,0.6143,0.2628,-28.6,10.227,0.3315,-24.54,9.613,3.3959,24.17,DRIVE
54.2,0,0.6143,0.2628,-28.6,10.2352,0.3361,-24.81,9.6212,3.3959,24.17,DRIVE
54.25,0,0.6143,0.2628,-28.6,10.2435,0.3401,-25.42,9.6295,3.3959,24.17,DRIVE
54.3,0,0.6143,0.2628,-28.6,10.2523,0.3434,-26.2,9.6384,3.3959,24.17,DRIVE
54.35,0,0.6762,0.2679,-28.93,10.255,0.3445,-26.52,9.5792,3.3346,24.32,DRIVE
54.4,0,0.6762,0.2679,-28.93,10.2607,0.3466,-27.13,9.5848,3.3346,24.32,DRIVE
54.45,0,0.6762,0.2679,-28.93,10.2692,0.3496,-28.08,9.5934,3.3346,24.32,DRIVE
54.5,0,0.7023,0.2726,-30.55,10.2777,0.3526,-29.04,9.5758,3.309,25.82,DRIVE
54.55,0,0.7023,0.2726,-30.55,10.2836,0.3544,-29.71,9.5817,3.309,25.82,ALIGN
54.6,0,0.7023,0.2726,-30.55,10.2925,0.3568,-30.9,9.5906,3.309,25.82,ALIGN
54.65,0,0.7193,0.2774,-32.45,10.2985,0.358,-31.83,9.5795,3.2924,27.61,ALIGN
54.7,0,0.7193,0.2774,-32.45,10.307,0.3586,-33.51,9.588,3.2924,27.61,ALIGN
54.75,0,0.7453,0.2706,-34.73,10.3121,0.3578,-34.84,9.5672,3.2659,29.98,ALIGN
54.8,0,0.7453,0.2706,-34.73,10.3121,0.3578,-34.84,9.5672,3.2659,29.98,ALIGN
54.85,0,0.7453,0.2706,-34.73,10.3184,0.3547,-37.15,9.5735,3.2659,29.98,ALIGN
54.9,0,0.786,0.2627,-38.06,10.3222,0.3527,-38.53,9.5366,3.2247,33.39,ALIGN
54.95,0,0.786,0.2627,-38.06,10.3254,0.3508,-39.75,9.5397,3.2247,33.39,ALIGN
55.0,0,0.786,0.2627,-38.06,10.3275,0.3488,-40.76,9.5419,3.2247,33.39,ALIGN
55.05,0,0.7537,0.2736,-40.72,10.3296,0.3472,-41.6,9.5762,3.2578,35.9,ALIGN
55.1,0,0.7537,0.2736,-40.72,10.3299,0.3469,-41.74,9.5765,3.2578,35.9,ALIGN
55.15,0,0.7537,0.2736,-40.72,10.3293,0.3475,-41.47,9.5759,3.2578,35.9,ALIGN
55.2,0,0.7741,0.2771,-45.06,10.328,0.3486,-40.89,9.5541,3.2378,40.15,ALIGN
55.25,0,0.7741,0.2771,-45.06,10.3265,0.3498,-40.25,9.5527,3.2378,40.15,ALIGN
55.3,0,0.7252,0.2786,-45.14,10.325,0.3511,-39.6,9.6001,3.2867,40.28,ALIGN
55.351,0,0.7252,0.2786,-45.14,10.324,0.3519,-39.16,9.5991,3.2867,40.28,ALIGN
55.4,0,0.7125,0.281,-43.95,10.3225,0.3531,-38.49,9.6103,3.2995,39.07,ALIGN
55.45,0,0.7125,0.281,-43.95,10.3209,0.3543,-37.8,9.6087,3.2995,39.07,ALIGN
55.5,0,0.7098,0.2845,-42.64,10.3193,0.3555,-37.1,9.6098,3.3025,37.7,ALIGN
55.55,0,0.7098,0.2845,-42.64,10.3176,0.3567,-36.38,9.6081,3.3025,37.7,ALIGN
55.6,0,0.7073,0.2882,-41.26,10.316,0.3578,-35.64,9.609,3.3053,36.26,ALIGN
55.65,0,0.7073,0.2882,-41.26,10.3143,0.359,-34.9,9.6073,3.3053,36.26,ALIGN
55.7,0,0.7022,0.2927,-39.83,10.3126,0.3602,-34.14,9.6107,3.3108,34.76,ALIGN
55.75,0,0.7022,0.2927,-39.83,10.3109,0.3613,-33.38,9.609,3.3108,34.76,ALIGN
55.8,0,0.6989,0.296,-38.34,10.3092,0.3623,-32.62,9.6106,3.3144,33.22,ALIGN
55.85,0,0.6989,0.296,-38.34,10.3076,0.3634,-31.87,9.6089,3.3144,33.22,ALIGN
55.9,0,0.6961,0.2986,-36.82,10.307,0.3637,-31.62,9.6112,3.3174,31.65,ALIGN
55.95,0,0.6961,0.2986,-36.82,10.3065,0.364,-31.37,9.6106,3.3174,31.65,ALIGN
56.0,0,0.6961,0.2986,-36.82,10.3048,0.365,-30.6,9.609,3.3174,31.65,ALIGN
56.05,0,0.6944,0.3005,-35.31,10.3043,0.3653,-30.37,9.6102,3.3192,30.11,ALIGN
56.1,0,0.6944,0.3005,-35.31,10.3033,0.3659,-29.89,9.6091,3.3192,30.11,ALIGN
56.15,0,0.6944,0.3005,-35.31,10.3018,0.3667,-29.19,9.6077,3.3192,30.11,ALIGN
56.2,0,0.6922,0.3028,-33.82,10.3004,0.3675,-28.51,9.6085,3.3217,28.59,ALIGN
56.25,0,0.6922,0.3028,-33.82,10.2995,0.368,-28.07,9.6075,3.3217,28.59,ALIGN
56.3,0,0.6916,0.3051,-32.42,10.2977,0.3689,-27.21,9.6063,3.3224,27.15,ALIGN
56.35,0,0.6916,0.3051,-32.42,10.2964,0.3695,-26.58,9.605,3.3224,27.15,ALIGN
56.4,0,0.6914,0.3064,-31.09,10.2952,0.3701,-25.98,9.6041,3.3228,25.8,ALIGN
56.45,0,0.6914,0.3064,-31.09,10.2944,0.3705,-25.58,9.6033,3.3228,25.8,ALIGN
56.5,0,0.6918,0.308,-29.84,10.2933,0.3711,-24.99,9.6016,3.3225,24.52,ALIGN
56.55,0,0.6918,0.308,-29.84,10.2918,0.3717,-24.22,9.6001,3.3225,24.52,DRIVE
56.6,0,0.688,0.3089,-28.67,10.2912,0.372,-23.92,9.6034,3.3264,23.34,DRIVE
56.65,0,0.688,0.3089,-28.67,10.2913,0.3719,-23.95,9.6035,3.3264,23.34,DRIVE
56.7,0,0.688,0.3089,-28.67,10.2913,0.3719,-23.98,9.6035,3.3264,23.34,DRIVE
56.75,0,0.7,0.3033,-27.66,10.2912,0.3718,-24.02,9.5915,3.3139,22.41,DRIVE
56.8,0,0.7,0.3033,-27.66,10.291,0.3714,-24.13,9.5912,3.3139,22.41,DRIVE
56.85,0,0.7,0.3033,-27.66,10.2904,0.3707,-24.29,9.5906,3.3139,22.41,DRIVE
56.9,0,0.712,0.3026,-27.73,10.2904,0.3707,-24.29,9.5787,3.3019,22.47,DRIVE
56.95,0,0.712,0.3026,-27.73,10.2898,0.3698,-24.5,9.5781,3.3019,22.47,DRIVE
57.0,0,0.712,0.3026,-27.73,10.2892,0.3689,-24.74,9.5774,3.3019,22.47,DRIVE
57.05,0,0.7177,0.3012,-28.0,10.2897,0.3692,-24.76,9.5722,3.2961,22.76,DRIVE
57.1,0,0.7177,0.3012,-28.0,10.2922,0.3719,-24.37,9.5748,3.2961,22.76,DRIVE
57.15,0,0.7082,0.3019,-28.45,10.2953,0.3747,-23.9,9.5874,3.3057,23.21,DRIVE
57.2,0,0.7082,0.3019,-28.45,10.2987,0.3775,-23.42,9.5908,3.3057,23.21,DRIVE
57.25,0,0.6945,0.3081,-27.89,10.2987,0.3775,-23.42,9.6044,3.3198,22.56,DRIVE
57.3,0,0.6945,0.3081,-27.89,10.3009,0.3793,-23.1,9.6067,3.3198,22.56,DRIVE
57.35,0,0.6945,0.3081,-27.89,10.3009,0.3793,-23.1,9.6067,3.3198,22.56,DRIVE
57.4,0,0.6945,0.3081,-27.89,10.3042,0.3824,-22.61,9.61,3.3198,22.56,DRIVE
57.45,0,0.7024,0.3123,-26.93,10.306,0.3842,-22.3,9.6039,3.3124,21.52,DRIVE
57.5,0,0.7024,0.3123,-26.93,10.3069,0.3852,-22.15,9.6048,3.3124,21.52,DRIVE
57.55,0,0.7024,0.3123,-26.93,10.3099,0.3877,-21.7,9.6079,3.3124,21.52,DRIVE
57.6,0,0.7094,0.3181,-25.98,10.3123,0.3903,-21.28,9.6032,3.3059,20.46,DRIVE
57.65,0,0.7094,0.3181,-25.98,10.3149,0.3929,-20.86,9.6057,3.3059,20.46,DRIVE
57.7,0,0.716,0.3223,-25.11,10.3178,0.3954,-20.41,9.6021,3.2998,19.5,DRIVE
57.75,0,0.716,0.3223,-25.11,10.3204,0.3982,-19.96,9.6047,3.2998,19.5,DRIVE
57.8,0,0.7203,0.3276,-24.24,10.3213,0.3991,-19.81,9.6012,3.296,18.53,DRIVE
57.85,0,0.7203,0.3276,-24.24,10.3223,0.4,-19.66,9.6022,3.296,18.53,DRIVE
57.9,0,0.7203,0.3276,-24.24,10.325,0.4023,-19.24,9.6049,3.296,18.53,DRIVE
57.95,0,0.729,0.3345,-23.33,10.3275,0.4046,-18.87,9.5988,3.2881,17.49,DRIVE
58.0,0,0.729,0.3345,-23.33,10.3297,0.4068,-18.55,9.601,3.2881,17.49,DRIVE
58.05,0,0.729,0.3345,-23.33,10.3325,0.4092,-18.11,9.6038,3.2881,17.49,DRIVE
58.1,0,0.729,0.3345,-23.33,10.3348,0.4114,-17.79,9.6062,3.2881,17.49,DRIVE
58.15,0,0.7388,0.3399,-21.8,10.3373,0.4134,-17.47,9.5988,3.2789,15.85,DRIVE
58.201,0,0.7388,0.3399,-21.8,10.3409,0.4168,-16.96,9.6024,3.2789,15.85,DRIVE
58.25,0,0.7409,0.3473,-21.13,10.3448,0.4199,-16.41,9.6041,3.2775,15.05,DRIVE
58.3,0,0.7409,0.3473,-21.13,10.3481,0.4225,-16.18,9.6075,3.2775,15.05,DRIVE
58.353,0,0.7409,0.3473,-21.13,10.3531,0.4267,-15.65,9.6124,3.2775,15.05,DRIVE
58.4,0,0.7562,0.3491,-20.12,10.3566,0.4295,-15.31,9.6008,3.2625,13.98,DRIVE
58.45,0,0.7562,0.3491,-20.12,10.3625,0.434,-14.8,9.6067,3.2625,13.98,DRIVE
58.5,0,0.7567,0.3571,-19.33,10.3693,0.439,-14.26,9.613,3.2629,13.04,DRIVE
58.55,0,0.7567,0.3571,-19.33,10.3766,0.4443,-13.75,9.6204,3.2629,13.04,DRIVE
58.6,0,0.7664,0.3652,-18.3,10.3842,0.4496,-13.37,9.6182,3.2541,11.85,DRIVE
58.65,0,0.7873,0.3748,-17.29,10.3922,0.4547,-13.17,9.6052,3.2345,10.64,DRIVE
58.7,0,0.7873,0.3748,-17.29,10.3999,0.4594,-13.28,9.6129,3.2345,10.64,DRIVE
58.75,0,0.7873,0.3748,-17.29,10.4079,0.4637,-13.58,9.621,3.2345,10.64,DRIVE
58.8,0,0.8203,0.3814,-16.89,10.4164,0.468,-14.08,9.5964,3.2025,10.05,DRIVE
58.85,0,0.8203,0.3814,-16.89,10.4249,0.4719,-14.81,9.605,3.2025,10.05,DRIVE
58.9,0,0.8495,0.3884,-17.44,10.4332,0.4746,-16.01,9.5841,3.1744,10.41,DRIVE
58.95,0,0.8495,0.3884,-17.44,10.4412,0.4762,-17.71,9.5922,3.1744,10.41,DRIVE
59.0,0,0.8922,0.3951,-18.89,10.4508,0.4791,-19.3,9.5589,3.1328,11.64,DRIVE
59.05,0,0.8922,0.3951,-18.89,10.4613,0.4813,-21.24,9.5695,3.1328,11.64,DRIVE
59.1,0,0.8922,0.3951,-18.89,10.4725,0.4837,-23.41,9.5807,3.1328,11.64,DRIVE
59.15,0,0.8922,0.3951,-18.89,10.483,0.4848,-26.03,9.5912,3.1328,11.64,DRIVE
59.2,0,0.9597,0.3844,-25.79,10.4927,0.4837,-29.09,9.5336,3.0645,18.58,DRIVE
59.25,0,0.9597,0.3844,-25.79,10.502,0.4809,-32.36,9.5428,3.0645,18.58,DRIVE
59.3,0,0.9597,0.3844,-25.79,10.5111,0.477,-35.71,9.5518,3.0645,18.58,DRIVE
59.35,0,1.0102,0.376,-30.94,10.52,0.4716,-39.18,9.5102,3.0133,23.77,DRIVE
59.4,0,1.0102,0.376,-30.94,10.5289,0.465,-42.77,9.5191,3.0133,23.77,DRIVE
59.45,0,1.0329,0.3625,-37.4,10.5348,0.4597,-45.29,9.5024,2.9891,30.43,DRIVE
59.5,0,1.0395,0.3845,-42.96,10.5443,0.4501,-49.24,9.505,2.9853,35.56,ALIGN
59.55,0,1.0395,0.3845,-42.96,10.5535,0.4392,-53.43,9.5141,2.9853,35.56,ALIGN
59.6,0,1.0419,0.3968,-49.93,10.5602,0.4348,-57.84,9.5184,2.9845,42.29,ALIGN
59.65,0,1.0419,0.3968,-49.93,10.5664,0.4239,-61.56,9.5244,2.9845,42.29,ALIGN
59.7,0,1.0696,0.3826,-58.25,10.5695,0.4177,-63.73,9.4999,2.9553,50.81,ALIGN
59.75,0,1.0696,0.3826,-58.25,10.5708,0.4149,-64.71,9.5012,2.9553,50.81,ALIGN
59.8,0,1.0696,0.3826,-58.25,10.5738,0.408,-67.18,9.5042,2.9553,50.81,ALIGN
59.85,0,1.0654,0.3711,-66.17,10.5757,0.4031,-68.88,9.5104,2.958,58.96,ALIGN
59.9,0,1.0654,0.3711,-66.17,10.5769,0.4001,-69.76,9.5116,2.958,58.96,ALIGN
59.95,0,1.0654,0.3711,-66.17,10.5774,0.399,-69.91,9.5121,2.958,58.96,ALIGN
60.0,0,1.0451,0.3219,-71.52,10.5775,0.399,-69.13,9.5327,2.9724,65.3,ALIGN
60.05,0,1.0451,0.3219,-71.52,10.5773,0.3994,-68.42,9.5325,2.9724,65.3,ALIGN
60.1,0,0.9989,0.3079,-73.62,10.5771,0.4,-67.27,9.5786,3.0168,67.76,ALIGN
60.15,0,0.9989,0.3079,-73.62,10.5769,0.4005,-66.12,9.5784,3.0168,67.76,ALIGN
60.2,0,0.9975,0.2643,-73.0,10.576,0.4024,-65.33,9.5795,3.0141,67.97,ALIGN
60.25,0,0.9975,0.2643,-73.0,10.5751,0.4043,-64.76,9.5787,3.0141,67.97,ALIGN
60.3,0,0.9975,0.2643,-73.0,10.5745,0.4055,-64.4,9.5781,3.0141,67.97,ALIGN
60.35,0,0.9975,0.2643,-73.0,10.5737,0.4073,-63.87,9.5773,3.0141,67.97,ALIGN
60.4,0,0.977,0.3087,-68.67,10.5728,0.409,-63.35,9.5964,3.0388,62.84,ALIGN
60.45,0,0.977,0.3087,-68.67,10.572,0.4106,-62.84,9.5956,3.0388,62.84,ALIGN
60.5,0,0.9782,0.3164,-67.58,10.5714,0.4117,-62.5,9.5937,3.0383,61.6,ALIGN
60.55,0,0.9782,0.3164,-67.58,10.5709,0.4128,-62.18,9.5931,3.0383,61.6,ALIGN
60.6,0,0.9782,0.3164,-67.58,10.5706,0.4133,-62.01,9.5929,3.0383,61.6,ALIGN
60.65,0,0.9714,0.3181,-66.55,10.5704,0.4138,-61.85,9.5994,3.0452,60.55,ALIGN
60.7,0,0.9714,0.3181,-66.55,10.5701,0.4143,-61.69,9.5992,3.0452,60.55,ALIGN
60.75,0,0.9714,0.3181,-66.55,10.5698,0.4148,-61.53,9.5989,3.0452,60.55,ALIGN
60.8,0,0.9714,0.3181,-66.55,10.5693,0.4158,-61.21,9.5984,3.0452,60.55,ALIGN
60.85,0,0.9714,0.3181,-66.55,10.5685,0.4172,-60.75,9.5976,3.0452,60.55,ALIGN
60.9,0,0.9737,0.3209,-65.55,10.5677,0.4186,-60.3,9.5945,3.0433,59.5,ALIGN
60.95,0,0.9664,0.3217,-64.64,10.567,0.4199,-59.87,9.601,3.0506,58.59,ALIGN
61.0,0,0.9664,0.3217,-64.64,10.5662,0.4212,-59.44,9.6003,3.0506,58.59,ALIGN
61.05,0,0.9707,0.3255,-63.73,10.5654,0.4225,-59.01,9.5952,3.0467,57.59,ALIGN
61.1,0,0.9707,0.3255,-63.73,10.5622,0.4293,-59.06,9.592,3.0467,57.59,ALIGN
61.15,0,0.9675,0.3301,-62.85,10.562,0.4296,-58.33,9.5951,3.0505,56.64,ALIGN
61.2,0,0.9675,0.3301,-62.85,10.5622,0.4293,-57.38,9.5952,3.0505,56.64,ALIGN
61.25,0,0.9675,0.3301,-62.85,10.5617,0.4301,-56.71,9.5947,3.0505,56.64,ALIGN
61.3,0,0.9432,0.3319,-62.29,10.5608,0.4313,-56.31,9.6181,3.0747,56.09,ALIGN
61.35,0,0.9641,0.3333,-60.55,10.56,0.4325,-55.91,9.5964,3.0541,54.29,ALIGN
61.4,0,0.9641,0.3333,-60.55,10.5592,0.4337,-55.52,9.5956,3.0541,54.29,ALIGN
61.45,0,0.9641,0.3333,-60.55,10.5584,0.4349,-55.11,9.5948,3.0541,54.29,ALIGN
61.5,0,0.963,0.3415,-59.75,10.5575,0.4361,-54.7,9.5949,3.0561,53.33,ALIGN
61.55,0,0.963,0.3415,-59.75,10.5569,0.4369,-54.42,9.5944,3.0561,53.33,ALIGN
61.6,0,0.9672,0.3392,-58.93,10.556,0.4382,-54.0,9.5893,3.0517,52.55,ALIGN
61.65,0,0.9672,0.3392,-58.93,10.5554,0.439,-53.71,9.5887,3.0517,52.55,ALIGN
61.7,0,0.9596,0.344,-58.12,10.5545,0.4402,-53.28,9.5954,3.0598,51.67,ALIGN
61.75,0,0.9596,0.344,-58.12,10.5539,0.4411,-52.98,9.5948,3.0598,51.67,ALIGN
61.8,0,0.9485,0.3482,-57.22,10.5529,0.4423,-52.53,9.6048,3.0713,50.71,ALIGN
61.85,0,0.9485,0.3482,-57.22,10.5519,0.4436,-52.06,9.6038,3.0713,50.71,ALIGN
61.9,0,0.9562,0.3465,-56.34,10.5512,0.4445,-51.74,9.5954,3.0634,49.84,ALIGN
61.95,0,0.9562,0.3465,-56.34,10.5508,0.4449,-51.58,9.5951,3.0634,49.84,ALIGN
62.0,0,0.9562,0.3465,-56.34,10.5498,0.4462,-51.1,9.5941,3.0634,49.84,ALIGN
62.05,0,0.9562,0.3465,-56.34,10.5498,0.4462,-51.1,9.5941,3.0634,49.84,ALIGN
62.1,0,0.9574,0.3493,-55.39,10.5487,0.4476,-50.6,9.5918,3.0626,48.84,ALIGN
62.15,0,0.9574,0.3493,-55.39,10.5476,0.4489,-50.08,9.5906,3.0626,48.84,ALIGN
62.2,0,0.9513,0.3536,-54.4,10.5464,0.4503,-49.56,9.5956,3.0691,47.79,ALIGN
62.25,0,0.9513,0.3536,-54.4,10.5456,0.4512,-49.2,9.5948,3.0691,47.79,ALIGN
62.3,0,0.9513,0.3536,-54.4,10.5456,0.4512,-49.2,9.5948,3.0691,47.79,ALIGN
62.35,0,0.9513,0.3536,-54.4,10.5444,0.4525,-48.67,9.5936,3.0691,47.79,ALIGN
62.4,0,0.9399,0.3581,-53.35,10.5431,0.4539,-48.12,9.6037,3.081,46.67,ALIGN
62.45,0,0.9399,0.3581,-53.35,10.5419,0.4552,-47.56,9.6025,3.081,46.67,ALIGN
62.5,0,0.9399,0.3581,-53.35,10.5406,0.4566,-46.99,9.6012,3.081,46.67,ALIGN
62.55,0,0.9399,0.3581,-53.35,10.5392,0.458,-46.39,9.5999,3.081,46.67,ALIGN
62.6,0,0.9248,0.3656,-51.15,10.5379,0.4594,-45.76,9.6135,3.0968,44.37,ALIGN
62.65,0,0.9248,0.3656,-51.15,10.5365,0.4608,-45.15,9.6121,3.0968,44.37,ALIGN
62.7,0,0.9261,0.3693,-49.94,10.5355,0.4618,-44.74,9.6099,3.096,43.09,ALIGN
62.75,0,0.9261,0.3693,-49.94,10.5351,0.4622,-44.52,9.6094,3.096,43.09,ALIGN
62.8,0,0.9261,0.3693,-49.94,10.5336,0.4636,-43.9,9.608,3.096,43.09,ALIGN
62.85,0,0.9261,0.3693,-49.94,10.5321,0.465,-43.26,9.6065,3.096,43.09,ALIGN
62.9,0,0.9261,0.3693,-49.94,10.5306,0.4664,-42.6,9.605,3.096,43.09,ALIGN
62.95,0,0.9224,0.3794,-47.41,10.5291,0.4678,-41.94,9.6071,3.1009,40.38,ALIGN
63.0,0,0.9224,0.3794,-47.41,10.5276,0.4691,-41.27,9.6056,3.1009,40.38,ALIGN
63.05,0,0.9204,0.383,-46.11,10.526,0.4704,-40.6,9.606,3.1033,39.02,ALIGN
63.1,0,0.9204,0.383,-46.11,10.5245,0.4717,-39.92,9.6045,3.1033,39.02,ALIGN
63.15,0,0.9138,0.3897,-44.75,10.5229,0.473,-39.23,9.6095,3.1107,37.56,ALIGN
63.2,0,0.9138,0.3897,-44.75,10.5213,0.4742,-38.54,9.6079,3.1107,37.56,ALIGN
63.25,0,0.915,0.3918,-43.4,10.5197,0.4755,-37.82,9.605,3.1098,36.16,ALIGN
63.3,0,0.915,0.3918,-43.4,10.518,0.4767,-37.11,9.6034,3.1098,36.16,ALIGN
63.35,0,0.915,0.3918,-43.4,10.5164,0.4779,-36.38,9.6018,3.1098,36.16,ALIGN
63.4,0,0.915,0.3918,-43.4,10.5147,0.4791,-35.64,9.6001,3.1098,36.16,ALIGN
63.45,0,0.9063,0.3996,-40.56,10.5131,0.4803,-34.9,9.6071,3.1194,33.2,ALIGN
63.5,0,0.9063,0.3996,-40.56,10.5114,0.4814,-34.15,9.6054,3.1194,33.2,ALIGN
63.55,0,0.9062,0.4022,-39.06,10.5097,0.4825,-33.4,9.6038,3.1198,31.66,ALIGN
63.6,0,0.9062,0.4022,-39.06,10.508,0.4836,-32.62,9.6021,3.1198,31.66,ALIGN
63.65,0,0.9042,0.4057,-37.57,10.5063,0.4846,-31.85,9.6024,3.1222,30.1,ALIGN
63.7,0,0.9042,0.4057,-37.57,10.5046,0.4856,-31.05,9.6007,3.1222,30.1,ALIGN
63.75,0,0.8995,0.408,-36.03,10.5028,0.4867,-30.26,9.6036,3.1272,28.54,ALIGN
63.8,0,0.8995,0.408,-36.03,10.5011,0.4876,-29.46,9.6019,3.1272,28.54,ALIGN
63.85,0,0.9004,0.41,-34.48,10.4994,0.4886,-28.65,9.5993,3.1266,26.94,ALIGN
63.9,0,0.9004,0.41,-34.48,10.4988,0.4889,-28.38,9.5987,3.1266,26.94,ALIGN
63.95,0,0.9004,0.41,-34.48,10.4971,0.4897,-27.56,9.597,3.1266,26.94,ALIGN
64.0,0,0.8942,0.4097,-32.9,10.4955,0.4906,-26.72,9.6017,3.1327,25.38,ALIGN
64.05,0,0.8942,0.4097,-32.9,10.4937,0.4914,-25.9,9.5999,3.1327,25.38,ALIGN
64.1,0,0.8928,0.4139,-31.26,10.4926,0.4919,-25.34,9.6001,3.1347,23.67,ALIGN
64.15,0,0.8928,0.4139,-31.26,10.4915,0.4924,-24.78,9.599,3.1347,23.67,DRIVE
64.2,0,0.8915,0.4135,-29.61,10.4899,0.4931,-23.93,9.5987,3.1358,22.04,DRIVE
64.25,0,0.8915,0.4135,-29.61,10.4891,0.4934,-23.56,9.598,3.1358,22.04,DRIVE
64.3,0,0.8869,0.4145,-27.92,10.489,0.4933,-23.65,9.6025,3.1406,20.34,DRIVE
64.35,0,0.8869,0.4145,-27.92,10.489,0.4933,-23.65,9.6025,3.1406,20.34,DRIVE
64.4,0,0.8869,0.4145,-27.92,10.4899,0.4933,-23.89,9.6033,3.1406,20.34,DRIVE
64.45,0,0.8869,0.4145,-27.92,10.4922,0.4941,-24.27,9.6056,3.1406,20.34,DRIVE
64.5,0,0.9185,0.4091,-27.26,10.4971,0.4963,-24.65,9.579,3.1085,19.69,DRIVE
64.55,0,0.9265,0.4095,-28.0,10.5037,0.4988,-25.4,9.5777,3.1007,20.41,DRIVE
64.6,0,0.9265,0.4095,-28.0,10.5114,0.5011,-26.54,9.5854,3.1007,20.41,DRIVE
64.65,0,0.9265,0.4095,-28.0,10.5196,0.5029,-27.94,9.5936,3.1007,20.41,DRIVE
64.7,0,0.9568,0.4109,-29.13,10.5271,0.5031,-29.69,9.5707,3.0708,21.44,DRIVE
64.75,0,0.9568,0.4109,-29.13,10.5337,0.5027,-31.45,9.5773,3.0708,21.44,DRIVE
64.8,0,0.9935,0.4096,-31.67,10.5337,0.5027,-31.45,9.5407,3.0343,23.91,DRIVE
64.85,0,0.9935,0.4096,-31.67,10.5404,0.5024,-32.87,9.5473,3.0343,23.91,DRIVE
64.9,0,0.9935,0.4096,-31.67,10.5452,0.5041,-33.5,9.5522,3.0343,23.91,DRIVE
64.95,0,1.0113,0.3955,-35.32,10.5478,0.5049,-33.78,9.5371,3.0148,27.78,DRIVE
65.0,0,1.0113,0.3955,-35.32,10.5529,0.5065,-34.33,9.5423,3.0148,27.78,ALIGN
65.05,0,1.0113,0.3955,-35.32,10.5606,0.5089,-35.1,9.5499,3.0148,27.78,ALIGN
65.1,0,1.0005,0.4111,-37.55,10.5678,0.5111,-35.85,9.5679,3.0276,29.74,ALIGN
65.15,0,1.0005,0.4111,-37.55,10.5747,0.5126,-36.68,9.5748,3.0276,29.74,ALIGN
65.2,0,1.0005,0.4111,-37.55,10.5806,0.5134,-37.64,9.5807,3.0276,29.74,ALIGN
65.25,0,1.0005,0.4111,-37.55,10.5846,0.5117,-38.94,9.5847,3.0276,29.74,ALIGN
65.3,0,1.0341,0.4213,-40.71,10.5877,0.5099,-40.04,9.554,2.9957,32.63,ALIGN
65.35,0,1.0341,0.4213,-40.71,10.5897,0.5087,-40.77,9.556,2.9957,32.63,ALIGN
65.4,0,1.0563,0.4211,-43.0,10.5901,0.5083,-40.96,9.5342,2.9737,34.85,ALIGN
65.45,0,1.0563,0.4211,-43.0,10.5895,0.5089,-40.64,9.5336,2.9737,34.85,ALIGN
65.5,0,1.0236,0.4238,-44.59,10.5883,0.5099,-40.12,9.5651,3.0064,36.48,ALIGN
65.55,0,1.0236,0.4238,-44.59,10.587,0.511,-39.57,9.5638,3.0064,36.48,ALIGN
65.6,0,0.9816,0.4224,-44.21,10.5857,0.512,-39.02,9.6046,3.0478,36.24,ALIGN
65.65,0,0.9816,0.4224,-44.21,10.5845,0.513,-38.49,9.6033,3.0478,36.24,ALIGN
65.7,0,0.9816,0.4224,-44.21,10.5833,0.5139,-37.95,9.6021,3.0478,36.24,ALIGN
65.75,0,0.9816,0.4224,-44.21,10.582,0.5148,-37.41,9.6009,3.0478,36.24,ALIGN
65.8,0,0.9816,0.4224,-44.21,10.5808,0.5157,-36.89,9.5997,3.0478,36.24,ALIGN
65.85,0,0.9816,0.4224,-44.21,10.5797,0.5165,-36.37,9.5986,3.0478,36.24,ALIGN
65.9,0,0.9829,0.4308,-40.94,10.5785,0.5174,-35.85,9.596,3.0477,32.81,ALIGN
65.95,0,0.9829,0.4308,-40.94,10.5773,0.5182,-35.32,9.5948,3.0477,32.81,ALIGN
66.0,0,0.9766,0.4339,-39.9,10.5761,0.5191,-34.8,9.5999,3.0544,31.73,ALIGN
66.05,0,0.9766,0.4339,-39.9,10.5749,0.5199,-34.26,9.5987,3.0544,31.73,ALIGN
66.1,0,0.9741,0.4341,-38.83,10.5738,0.5206,-33.72,9.6001,3.0569,30.66,ALIGN
66.15,0,0.9741,0.4341,-38.83,10.5734,0.5209,-33.55,9.5997,3.0569,30.66,ALIGN
66.2,0,0.9741,0.4341,-38.83,10.5726,0.5214,-33.2,9.599,3.0569,30.66,ALIGN
66.25,0,0.9773,0.4372,-37.77,10.5714,0.5222,-32.67,9.5945,3.0541,29.54,ALIGN
66.3,0,0.9773,0.4372,-37.77,10.5703,0.5229,-32.13,9.5933,3.0541,29.54,ALIGN
66.35,0,0.9773,0.4372,-37.77,10.5691,0.5236,-31.6,9.5921,3.0541,29.54,ALIGN
66.4,0,0.9773,0.4372,-37.77,10.5679,0.5243,-31.06,9.591,3.0541,29.54,ALIGN
66.45,0,0.9723,0.4418,-35.63,10.5668,0.525,-30.52,9.5948,3.0597,27.33,ALIGN
66.5,0,0.9723,0.4418,-35.63,10.5656,0.5257,-29.97,9.5936,3.0597,27.33,ALIGN
66.55,0,0.9692,0.4406,-34.59,10.5644,0.5263,-29.42,9.5956,3.0627,26.32,ALIGN
66.6,0,0.9692,0.4406,-34.59,10.5633,0.527,-28.86,9.5944,3.0627,26.32,ALIGN
66.65,0,0.9676,0.4442,-33.48,10.5629,0.5272,-28.67,9.5956,3.0647,25.15,ALIGN
66.7,0,0.9676,0.4442,-33.48,10.5625,0.5274,-28.48,9.5952,3.0647,25.15,ALIGN
66.75,0,0.9676,0.4442,-33.48,10.5613,0.528,-27.9,9.594,3.0647,25.15,ALIGN
66.8,0,0.9717,0.4441,-32.37,10.5609,0.5282,-27.7,9.5896,3.0607,24.03,ALIGN
66.85,0,0.9717,0.4441,-32.37,10.5601,0.5287,-27.3,9.5888,3.0607,24.03,DRIVE
66.9,0,0.9717,0.4441,-32.37,10.5589,0.5292,-26.7,9.5876,3.0607,24.03,DRIVE
66.95,0,0.9645,0.4471,-31.2,10.5585,0.5294,-26.5,9.5943,3.0682,22.83,DRIVE
67.0,0,0.9645,0.4471,-31.2,10.5587,0.5294,-26.58,9.5945,3.0682,22.83,DRIVE
67.05,0,0.9826,0.4402,-30.23,10.5591,0.5294,-26.67,9.5769,3.0493,21.93,DRIVE
67.1,0,0.9826,0.4402,-30.23,10.5601,0.5299,-26.71,9.5779,3.0493,21.93,DRIVE
67.15,0,0.9882,0.4426,-30.36,10.5631,0.5322,-26.48,9.5753,3.0442,22.0,DRIVE
67.2,0,0.9882,0.4426,-30.36,10.5674,0.5334,-26.27,9.5797,3.0442,22.0,DRIVE
67.25,0,0.9796,0.4454,-30.28,10.5732,0.5371,-26.15,9.594,3.053,21.89,DRIVE
67.3,0,0.9796,0.4454,-30.28,10.5798,0.5414,-26.16,9.6007,3.053,21.89,DRIVE
67.35,0,0.9944,0.449,-29.91,10.5898,0.5461,-25.88,9.5959,3.039,21.42,DRIVE
67.4,0,0.9944,0.449,-29.91,10.604,0.5423,-26.05,9.61,3.039,21.42,DRIVE
67.45,0,1.0089,0.4577,-29.69,10.6094,0.5402,-26.24,9.6008,3.0259,20.99,DRIVE
67.5,0,1.0089,0.4577,-29.69,10.6146,0.5409,-27.11,9.6061,3.0259,20.99,DRIVE
67.55,0,1.0089,0.4577,-29.69,10.6233,0.541,-28.32,9.6148,3.0259,20.99,DRIVE
67.6,0,1.0781,0.4433,-30.38,10.6345,0.5409,-28.99,9.5569,2.9553,21.75,DRIVE
67.65,0,1.0781,0.4433,-30.38,10.6425,0.5378,-29.48,9.5648,2.9553,21.75,DRIVE
67.7,0,1.0781,0.4433,-30.38,10.6425,0.5378,-29.48,9.5648,2.9553,21.75,DRIVE
67.75,0,1.0734,0.4446,-32.57,10.6525,0.5361,-30.11,9.5795,2.9601,23.93,DRIVE
67.8,0,1.0734,0.4446,-32.57,10.662,0.5345,-30.66,9.5889,2.9601,23.93,DRIVE
67.85,0,1.0934,0.435,-33.89,10.6713,0.5323,-31.26,9.5783,2.9389,25.38,DRIVE
67.9,0,1.0934,0.435,-33.89,10.6803,0.5305,-31.87,9.5874,2.9389,25.38,ALIGN
67.95,0,1.1127,0.4333,-35.01,10.6896,0.5284,-32.57,9.5774,2.9196,26.48,ALIGN
68.0,0,1.1127,0.4333,-35.01,10.699,0.5261,-33.38,9.5868,2.9196,26.48,ALIGN
68.05,0,1.1127,0.4333,-35.01,10.699,0.5261,-33.38,9.5868,2.9196,26.48,ALIGN
68.1,0,1.1386,0.4273,-36.32,10.7083,0.5238,-34.27,9.5702,2.8931,27.83,ALIGN
68.15,0,1.1386,0.4273,-36.32,10.7172,0.5212,-35.35,9.579,2.8931,27.83,ALIGN
68.2,0,1.1663,0.4196,-38.04,10.7246,0.5195,-36.58,9.5588,2.8646,29.62,ALIGN
68.25,0,1.1663,0.4196,-38.04,10.731,0.5177,-37.69,9.5652,2.8646,29.62,ALIGN
68.3,0,1.1938,0.4196,-40.27,10.7353,0.5165,-38.55,9.542,2.8374,31.77,ALIGN
68.35,0,1.1938,0.4196,-40.27,10.7367,0.5164,-38.92,9.5433,2.8374,31.77,ALIGN
68.4,0,1.184,0.4193,-42.22,10.7367,0.5164,-38.38,9.5532,2.847,33.75,ALIGN
68.45,0,1.184,0.4193,-42.22,10.7363,0.5168,-37.38,9.5527,2.847,33.75,ALIGN
68.5,0,1.1255,0.4222,-42.06,10.7358,0.5171,-36.3,9.6108,2.9053,33.71,ALIGN
68.55,0,1.1255,0.4222,-42.06,10.7354,0.5174,-35.23,9.6104,2.9053,33.71,ALIGN
68.6,0,1.1255,0.4222,-42.06,10.7351,0.5176,-34.19,9.6101,2.9053,33.71,ALIGN
68.65,0,1.1255,0.4222,-42.06,10.7349,0.5177,-33.19,9.6099,2.9053,33.71,ALIGN
68.7,0,1.1255,0.4222,-42.06,10.7349,0.5177,-33.19,9.6099,2.9053,33.71,ALIGN
68.75,0,1.1255,0.4222,-42.06,10.7349,0.5178,-32.53,9.6098,2.9053,33.71,ALIGN
68.8,0,1.1738,0.3792,-38.39,10.7349,0.5178,-32.2,9.5621,2.8516,30.74,ALIGN
68.85,0,1.1738,0.3792,-38.39,10.7349,0.5178,-31.21,9.5622,2.8516,30.74,ALIGN
68.9,0,1.1738,0.3792,-38.39,10.735,0.5177,-30.55,9.5623,2.8516,30.74,ALIGN
68.95,0,1.1199,0.4285,-35.86,10.7351,0.5177,-30.21,9.6156,2.9118,27.4,ALIGN
69.0,0,1.1199,0.4285,-35.86,10.7353,0.5176,-29.53,9.6158,2.9118,27.4,ALIGN
69.05,0,1.1199,0.4285,-35.86,10.7356,0.5174,-28.48,9.6161,2.9118,27.4,ALIGN
69.1,0,1.1199,0.4285,-35.86,10.736,0.5172,-27.39,9.6165,2.9118,27.4,ALIGN
69.15,0,1.1199,0.4285,-35.86,10.7364,0.517,-26.26,9.6169,2.9118,27.4,ALIGN
69.2,0,1.1189,0.4211,-31.85,10.7369,0.5168,-25.09,9.6185,2.9117,23.54,ALIGN
69.25,0,1.1189,0.4211,-31.85,10.7375,0.5165,-23.88,9.6191,2.9117,23.54,DRIVE
69.3,0,1.1213,0.4202,-29.61,10.7388,0.516,-22.63,9.618,2.9092,21.31,DRIVE
69.35,0,1.1213,0.4202,-29.61,10.7432,0.5142,-21.29,9.6224,2.9092,21.31,DRIVE
69.4,0,1.1238,0.4205,-27.19,10.7516,0.5111,-19.81,9.6283,2.9068,18.87,DRIVE
69.45,0,1.1252,0.4153,-24.54,10.7647,0.5067,-18.27,9.6399,2.9046,16.32,DRIVE
69.5,0,1.1252,0.4153,-24.54,10.7824,0.5012,-16.67,9.6576,2.9046,16.32,DRIVE
69.55,0,1.1252,0.4153,-24.54,10.8049,0.495,-15.04,9.68,2.9046,16.32,DRIVE
69.6,0,1.1252,0.4153,-24.54,10.8321,0.4883,-13.35,9.7072,2.9046,16.32,DRIVE
69.65,0,1.1252,0.4153,-24.54,10.8642,0.4814,-11.55,9.7392,2.9046,16.32,DRIVE
69.7,0,1.1252,0.4153,-24.54,10.9005,0.4748,-9.65,9.7755,2.9046,16.32,DRIVE
69.75,0,1.1252,0.4153,-24.54,10.9388,0.4692,-7.87,9.8138,2.9046,16.32,DRIVE
69.8,0,1.2313,0.3558,-14.71,10.9779,0.4645,-6.25,9.7473,2.7915,7.39,DRIVE
69.85,0,1.2313,0.3558,-14.71,11.0174,0.4609,-4.71,9.7866,2.7915,7.39,DRIVE
69.9,0,1.3137,0.3291,-11.15,11.0569,0.4584,-3.25,9.744,2.7063,4.16,DRIVE
69.95,0,1.3137,0.3291,-11.15,11.0965,0.4567,-2.01,9.7835,2.7063,4.16,DRIVE
70.0,0,1.3137,0.3291,-11.15,11.1361,0.4558,-1.02,9.8232,2.7063,4.16,DRIVE
70.05,0,1.4936,0.3216,-5.39,11.1759,0.4555,-0.23,9.6832,2.5269,-1.92,DRIVE
70.1,0,1.4936,0.3216,-5.39,11.2291,0.4558,0.68,9.7364,2.5269,-1.92,DRIVE
70.15,0,1.4936,0.3216,-5.39,11.2557,0.4563,1.07,9.763,2.5269,-1.92,DRIVE
70.2,0,1.5906,0.3225,-3.7,11.2956,0.4572,1.48,9.7059,2.4309,-3.92,DRIVE
70.25,0,1.5906,0.3225,-3.7,11.3355,0.4584,1.79,9.7459,2.4309,-3.92,DRIVE
70.3,0,1.6781,0.3187,-2.48,11.3755,0.4598,2.03,9.6984,2.3437,-5.33,DRIVE
70.35,0,1.6781,0.3187,-2.48,11.4154,0.4613,2.19,9.7384,2.3437,-5.33,DRIVE
70.4,0,1.7724,0.3192,-1.81,11.4554,0.4629,2.29,9.6841,2.2504,-6.35,DRIVE
70.45,0,1.7724,0.3192,-1.81,11.4954,0.4645,2.3,9.7241,2.2504,-6.35,DRIVE
70.5,0,1.7724,0.3192,-1.81,11.5354,0.4661,2.26,9.7641,2.2504,-6.35,DRIVE
70.55,0,1.7724,0.3192,-1.81,11.5754,0.4676,2.14,9.8042,2.2504,-6.35,DRIVE
70.6,0,1.7724,0.3192,-1.81,11.6155,0.469,1.98,9.8442,2.2504,-6.35,DRIVE
70.65,0,1.7724,0.3192,-1.81,11.6555,0.4703,1.77,9.8843,2.2504,-6.35,DRIVE
70.7,0,2.0437,0.3229,-1.55,11.6956,0.4714,1.53,9.6531,1.9828,-7.82,DRIVE
70.75,0,2.0437,0.3229,-1.55,11.7357,0.4724,1.26,9.6931,1.9828,-7.82,DRIVE
70.8,0,2.1301,0.3221,-1.94,11.7757,0.4731,0.94,9.6468,1.8975,-7.83,DRIVE
70.85,0,2.2122,0.3199,-2.47,11.8158,0.4736,0.58,9.6048,1.8161,-7.68,DRIVE
70.9,0,2.2122,0.3199,-2.47,11.8291,0.4737,0.45,9.6181,1.8161,-7.68,DRIVE
70.95,0,2.2122,0.3199,-2.47,11.8558,0.4738,0.17,9.6448,1.8161,-7.68,DRIVE
71.0,0,2.2122,0.3199,-2.47,11.8959,0.4738,-0.25,9.6849,1.8161,-7.68,DRIVE
71.05,0,2.299,0.3171,-3.17,11.936,0.4734,-0.71,9.6382,1.7303,-7.39,DRIVE
71.1,0,2.299,0.3171,-3.17,11.976,0.4727,-1.21,9.6783,1.7303,-7.39,DRIVE
71.15,0,2.3825,0.312,-4.02,12.0161,0.4716,-1.72,9.6349,1.6473,-6.9,DRIVE
71.2,0,2.3825,0.312,-4.02,12.0561,0.4701,-2.26,9.6749,1.6473,-6.9,DRIVE
71.25,0,2.4648,0.3063,-4.98,12.0561,0.4701,-2.26,9.5927,1.5654,-6.3,DRIVE
71.3,0,2.4648,0.3063,-4.98,12.0828,0.4689,-2.62,9.6194,1.5654,-6.3,DRIVE
71.35,0,2.4648,0.3063,-4.98,12.0961,0.4683,-2.8,9.6327,1.5654,-6.3,DRIVE
71.4,0,2.4648,0.3063,-4.98,12.1094,0.4676,-2.99,9.646,1.5654,-6.3,DRIVE
71.45,0,2.4648,0.3063,-4.98,12.1094,0.4676,-2.99,9.646,1.5654,-6.3,DRIVE
71.5,0,2.5474,0.2991,-6.03,12.1494,0.4652,-3.53,9.6035,1.4831,-5.61,DRIVE
71.55,0,2.5474,0.2991,-6.03,12.1894,0.4625,-4.08,9.6433,1.4831,-5.61,DRIVE
71.6,0,2.6279,0.2899,-7.12,12.2027,0.4615,-4.26,9.5763,1.4024,-4.81,DRIVE
71.65,0,2.6279,0.2899,-7.12,12.2559,0.4572,-4.97,9.6295,1.4024,-4.81,DRIVE
71.7,0,2.6279,0.2899,-7.12,12.2957,0.4534,-5.48,9.6693,1.4024,-4.81,DRIVE
71.75,0,2.7059,0.2781,-8.21,12.3223,0.4508,-5.82,9.618,1.3237,-3.92,DRIVE
71.8,0,2.7059,0.2781,-8.21,12.3621,0.4465,-6.31,9.6577,1.3237,-3.92,DRIVE
71.85,0,2.7841,0.2651,-9.24,12.3754,0.445,-6.47,9.593,1.2445,-3.06,DRIVE
71.9,0,2.7841,0.2651,-9.24,12.4019,0.4419,-6.78,9.6194,1.2445,-3.06,DRIVE
71.95,0,2.7841,0.2651,-9.24,12.4284,0.4386,-7.09,9.6458,1.2445,-3.06,DRIVE
72.0,0,2.7841,0.2651,-9.24,12.4416,0.4369,-7.23,9.659,1.2445,-3.06,DRIVE
72.05,0,2.8613,0.2522,-10.23,12.4813,0.4317,-7.65,9.6217,1.1663,-2.26,DRIVE
72.1,0,2.8613,0.2522,-10.23,12.5209,0.4262,-8.05,9.6612,1.1663,-2.26,DRIVE
72.15,0,2.9368,0.2369,-11.11,12.5606,0.4204,-8.43,9.6255,1.0893,-1.45,DRIVE
72.2,0,2.9368,0.2369,-11.11,12.6001,0.4143,-8.78,9.6649,1.0893,-1.45,DRIVE
72.25,0,3.0129,0.2202,-11.91,12.6397,0.4081,-9.1,9.6286,1.0114,-0.66,DRIVE
72.3,0,3.0129,0.2202,-11.91,12.6792,0.4016,-9.4,9.668,1.0114,-0.66,DRIVE
72.35,0,3.0129,0.2202,-11.91,12.7187,0.3949,-9.67,9.7074,1.0114,-0.66,DRIVE
72.4,0,3.0878,0.2036,-12.61,12.7581,0.3881,-9.91,9.672,0.9346,0.03,DRIVE
72.45,0,3.1628,0.1858,-13.2,12.7976,0.3811,-10.13,9.6367,0.8576,0.69,DRIVE
72.5,0,3.1628,0.1858,-13.2,12.8362,0.3741,-10.32,9.6752,0.8576,0.69,DRIVE
72.55,0,3.1628,0.1858,-13.2,12.8607,0.3696,-10.43,9.6996,0.8576,0.69,DRIVE
72.6,0,3.1628,0.1858,-13.2,12.9064,0.3611,-10.59,9.7451,0.8576,0.69,DRIVE
72.65,0,3.1628,0.1858,-13.2,12.9401,0.3547,-10.69,9.7788,0.8576,0.69,DRIVE
72.7,0,3.1628,0.1858,-13.2,12.9739,0.3483,-10.77,9.8124,0.8576,0.69,DRIVE
72.75,0,3.375,0.1331,-14.3,13.0077,0.3419,-10.85,9.6349,0.639,2.28,DRIVE
72.8,0,3.375,0.1331,-14.3,13.0301,0.3376,-10.89,9.6573,0.639,2.28,DRIVE
72.85,0,3.4397,0.1169,-14.47,13.0743,0.329,-10.94,9.6369,0.5723,2.68,DRIVE
72.9,0,3.4397,0.1169,-14.47,13.103,0.3235,-10.94,9.6655,0.5723,2.68,DRIVE
72.95,0,3.5048,0.0995,-14.59,13.1278,0.3187,-10.92,9.6255,0.5051,3.22,DRIVE
73.0,0,3.5048,0.0995,-14.59,13.1505,0.3143,-10.88,9.6481,0.5051,3.22,DRIVE
73.05,0,3.5574,0.0852,-14.57,13.1653,0.3115,-10.85,9.6106,0.4508,3.67,DRIVE
73.1,0,3.5574,0.0852,-14.57,13.1924,0.3063,-10.75,9.6375,0.4508,3.67,DRIVE
73.15,0,3.6032,0.0754,-14.5,13.211,0.3028,-10.67,9.6104,0.4039,3.74,DRIVE
73.2,0,3.6032,0.0754,-14.5,13.2288,0.2995,-10.57,9.6282,0.4039,3.74,DRIVE
73.25,0,3.6032,0.0754,-14.5,13.2459,0.2963,-10.47,9.6452,0.4039,3.74,DRIVE
73.3,0,3.6424,0.0654,-14.35,13.2566,0.2943,-10.39,9.6169,0.3636,3.99,DRIVE
73.35,0,3.6755,0.0567,-14.16,13.2779,0.2905,-10.23,9.6052,0.3294,4.24,DRIVE
73.4,0,3.6755,0.0567,-14.16,13.2927,0.2878,-10.1,9.62,0.3294,4.24,DRIVE
73.45,0,3.707,0.0491,-13.93,13.3066,0.2854,-9.96,9.6025,0.2971,4.41,DRIVE
73.5,0,3.707,0.0491,-13.93,13.3197,0.2831,-9.82,9.6156,0.2971,4.41,DRIVE
73.55,0,3.7345,0.0429,-13.66,13.3282,0.2817,-9.73,9.5967,0.2689,4.49,DRIVE
73.6,0,3.7345,0.0429,-13.66,13.3282,0.2817,-9.73,9.5967,0.2689,4.49,DRIVE
73.65,0,3.7345,0.0429,-13.66,13.3401,0.2796,-9.58,9.6086,0.2689,4.49,DRIVE
73.7,0,3.7606,0.0365,-13.38,13.3515,0.2778,-9.42,9.5939,0.2421,4.69,DRIVE
74.75,1,3.8252,0.0245,-12.65,13.3798,0.2732,-9.04,9.5578,2.4817,98.61,ALIGN
74.8,1,3.8243,0.0241,-12.65,13.3799,0.2732,-9.04,9.5589,2.4822,98.59,ALIGN
74.85,1,3.8243,0.0241,-12.65,13.3799,0.2732,-9.02,9.5589,2.4822,98.59,ALIGN
74.9,1,3.824,0.0242,-12.64,13.38,0.2731,-8.95,9.5593,2.4821,98.58,ALIGN
74.95,1,3.824,0.0242,-12.64,13.3802,0.2731,-8.66,9.5594,2.4821,98.58,ALIGN
75.0,1,3.822,0.025,-12.62,13.3803,0.2731,-8.05,9.5615,2.4814,98.51,ALIGN
75.05,1,3.822,0.025,-12.62,13.3805,0.2731,-7.17,9.5617,2.4814,98.51,ALIGN
75.1,1,3.801,0.0282,-12.18,13.3809,0.273,-6.18,9.583,2.4798,97.58,ALIGN
75.15,1,3.801,0.0282,-12.18,13.3813,0.273,-5.13,9.5834,2.4798,97.58,ALIGN
75.2,1,3.7812,0.0307,-10.67,13.3818,0.273,-4.03,9.6036,2.4789,95.6,ALIGN
75.25,1,3.7812,0.0307,-10.67,13.3823,0.273,-2.88,9.6042,2.4789,95.6,ALIGN
75.3,1,3.776,0.0367,-8.61,13.3829,0.2729,-1.69,9.6098,2.4735,93.42,ALIGN
75.35,1,3.776,0.0367,-8.61,13.3835,0.2729,-0.46,9.6104,2.4735,93.42,ALIGN
75.4,1,3.7684,0.0384,-6.36,13.3842,0.2729,0.81,9.6186,2.4725,90.99,ALIGN
75.45,1,3.7684,0.0384,-6.36,13.3847,0.273,2.11,9.6192,2.4725,90.99,ALIGN
75.5,1,3.7722,0.0403,-3.97,13.3852,0.273,3.45,9.6158,2.4703,88.68,ALIGN
75.55,1,3.7722,0.0403,-3.97,13.3856,0.273,4.81,9.6162,2.4703,88.68,ALIGN
75.6,1,3.7667,0.0433,-1.39,13.3859,0.2731,6.18,9.622,2.4678,85.97,ALIGN
75.65,1,3.7667,0.0433,-1.39,13.386,0.2731,7.57,9.6221,2.4678,85.97,ALIGN
75.7,1,3.7656,0.0428,1.31,13.386,0.2731,8.96,9.6231,2.4684,83.25,ALIGN
75.75,1,3.7656,0.0428,1.31,13.3859,0.2731,10.35,9.623,2.4684,83.25,ALIGN
75.8,1,3.7575,0.0453,4.09,13.3858,0.2731,11.28,9.631,2.4666,80.27,ALIGN
75.85,1,3.7575,0.0453,4.09,13.3858,0.2731,11.28,9.631,2.4666,80.27,ALIGN
75.9,1,3.7575,0.0453,4.09,13.3855,0.273,12.67,9.6308,2.4666,80.27,ALIGN
75.95,1,3.7655,0.0432,6.86,13.3855,0.273,12.67,9.6228,2.468,77.68,ALIGN
76.0,1,3.7655,0.0432,6.86,13.3852,0.2729,14.06,9.6225,2.468,77.68,ALIGN
76.052,1,3.7655,0.0432,6.86,13.3849,0.2729,15.44,9.6222,2.468,77.68,ALIGN
76.1,1,3.7688,0.0387,9.62,13.3845,0.2728,16.82,9.6186,2.4721,75.01,ALIGN
76.15,1,3.7688,0.0387,9.62,13.3841,0.2726,18.19,9.6182,2.4721,75.01,ALIGN
76.2,1,3.7688,0.0387,9.62,13.3837,0.2725,19.56,9.6178,2.4721,75.01,ALIGN
76.25,1,3.7688,0.0387,9.62,13.3833,0.2723,20.92,9.6173,2.4721,75.01,ALIGN
76.3,1,3.7684,0.0359,15.12,13.383,0.2722,21.83,9.6175,2.475,69.51,ALIGN
76.35,1,3.7684,0.0359,15.12,13.383,0.2722,21.83,9.6175,2.475,69.51,ALIGN
76.4,1,3.7684,0.0359,15.12,13.3825,0.272,23.19,9.617,2.475,69.51,ALIGN
76.45,1,3.7727,0.0332,17.84,13.3821,0.2718,24.55,9.6123,2.4772,66.9,ALIGN
76.5,1,3.7727,0.0332,17.84,13.3821,0.2718,24.55,9.6123,2.4772,66.9,ALIGN
76.55,1,3.7727,0.0332,17.84,13.3816,0.2716,25.9,9.6119,2.4772,66.9,ALIGN
76.6,1,3.7713,0.032,20.55,13.3811,0.2714,27.26,9.6128,2.4785,64.16,ALIGN
76.65,1,3.7713,0.032,20.55,13.3807,0.2712,28.61,9.6124,2.4785,64.16,ALIGN
76.7,1,3.7713,0.032,20.55,13.3807,0.2712,28.61,9.6124,2.4785,64.16,ALIGN
76.75,1,3.7713,0.032,20.55,13.3802,0.2709,29.96,9.6119,2.4785,64.16,ALIGN
76.8,1,3.7715,0.0328,23.26,13.3798,0.2706,31.31,9.6112,2.4778,61.44,ALIGN
76.85,1,3.7705,0.0324,25.97,13.3794,0.2704,32.66,9.6118,2.4782,58.72,ALIGN
76.9,1,3.7705,0.0324,25.97,13.3789,0.2701,34.01,9.6113,2.4782,58.72,ALIGN
76.95,1,3.7722,0.0321,28.67,13.3785,0.2698,35.36,9.6092,2.4784,56.05,ALIGN
77.0,1,3.7722,0.0321,28.67,13.3781,0.2695,36.71,9.6088,2.4784,56.05,ALIGN
77.05,1,3.7722,0.0321,28.67,13.3776,0.2692,38.06,9.6083,2.4784,56.05,ALIGN
77.1,1,3.7752,0.031,31.37,13.3772,0.2688,39.41,9.605,2.4792,53.42,ALIGN
77.15,1,3.7685,0.0298,34.07,13.3768,0.2685,40.76,9.6113,2.4811,50.57,ALIGN
77.2,1,3.7685,0.0298,34.07,13.3764,0.2682,42.11,9.6109,2.4811,50.57,ALIGN
77.25,1,3.7694,0.0281,36.77,13.376,0.2678,43.46,9.6097,2.4827,47.9,ALIGN
77.3,1,3.7694,0.0281,36.77,13.3758,0.2676,44.35,9.6094,2.4827,47.9,ALIGN
77.35,1,3.7694,0.0281,36.77,13.3758,0.2676,44.35,9.6094,2.4827,47.9,ALIGN
77.4,1,3.7694,0.0281,36.77,13.3754,0.2672,45.7,9.609,2.4827,47.9,ALIGN
77.45,1,3.7718,0.0302,39.52,13.3754,0.2672,45.7,9.6066,2.4803,45.21,ALIGN
77.5,1,3.7718,0.0302,39.52,13.3751,0.2668,47.05,9.6062,2.4803,45.21,ALIGN
77.55,1,3.7718,0.0302,39.52,13.3747,0.2664,48.4,9.6058,2.4803,45.21,ALIGN
77.6,1,3.7747,0.0277,42.22,13.3743,0.266,49.75,9.6026,2.4825,42.57,ALIGN
77.65,1,3.7747,0.0277,42.22,13.374,0.2656,51.09,9.6023,2.4825,42.57,ALIGN
77.7,1,3.7747,0.0277,42.22,13.3737,0.2652,52.44,9.602,2.4825,42.57,ALIGN
77.75,1,3.7747,0.0277,42.22,13.3734,0.2648,53.79,9.6016,2.4825,42.57,ALIGN
77.8,1,3.7799,0.0229,47.67,13.3731,0.2644,55.14,9.5962,2.4868,37.25,ALIGN
77.85,1,3.7799,0.0229,47.67,13.3728,0.2639,56.48,9.5959,2.4868,37.25,ALIGN
77.9,1,3.7651,0.0346,50.66,13.3725,0.2635,57.83,9.6101,2.4766,33.9,ALIGN
77.95,1,3.7651,0.0346,50.66,13.3722,0.263,59.18,9.6098,2.4766,33.9,ALIGN
78.0,1,3.7658,0.0312,53.38,13.3719,0.2626,60.53,9.6089,2.4799,31.2,ALIGN
78.05,1,3.7658,0.0312,53.38,13.3717,0.2621,61.88,9.6086,2.4799,31.2,ALIGN
78.1,1,3.7678,0.0287,56.08,13.3714,0.2616,63.22,9.6065,2.4822,28.56,ALIGN
78.15,1,3.7678,0.0287,56.08,13.3712,0.2612,64.57,9.6062,2.4822,28.56,ALIGN
78.2,1,3.7715,0.0262,58.77,13.371,0.2607,65.92,9.6023,2.4843,25.95,ALIGN
78.25,1,3.7715,0.0262,58.77,13.3708,0.2602,67.27,9.6021,2.4843,25.95,ALIGN
78.3,1,3.7684,0.0255,61.47,13.3705,0.2597,68.61,9.605,2.4853,23.18,ALIGN
78.35,1,3.7684,0.0255,61.47,13.3704,0.2592,69.96,9.6048,2.4853,23.18,DRIVE
78.4,1,3.7706,0.0237,64.16,13.3704,0.2594,71.3,9.6027,2.4869,20.54,DRIVE
78.45,1,3.7706,0.0237,64.16,13.3716,0.2631,72.59,9.604,2.4869,20.54,DRIVE
78.5,1,3.7698,0.0225,66.86,13.3741,0.2716,73.9,9.6075,2.4882,17.84,DRIVE
78.55,1,3.7698,0.0225,66.86,13.3778,0.285,75.24,9.6115,2.4882,17.84,DRIVE
78.6,1,3.7698,0.0225,66.86,13.3823,0.3033,76.65,9.6166,2.4882,17.84,DRIVE
78.65,1,3.7763,0.0566,72.17,13.3874,0.3264,78.13,9.6148,2.4536,12.6,DRIVE
78.7,1,3.7763,0.0566,72.17,13.3927,0.3545,79.73,9.621,2.4536,12.6,DRIVE
78.75,1,3.7763,0.0566,72.17,13.398,0.3873,81.44,9.6273,2.4536,12.6,DRIVE
78.8,1,3.7809,0.1011,75.14,13.4027,0.424,83.16,9.6272,2.4088,9.64,DRIVE
78.85,1,3.7809,0.1011,75.14,13.4066,0.4627,84.71,9.6325,2.4088,9.64,DRIVE
78.9,1,3.7889,0.1651,78.53,13.4096,0.502,86.05,9.6266,2.3444,6.31,DRIVE
78.95,1,3.7889,0.1651,78.53,13.4118,0.5416,87.2,9.6302,2.3444,6.31,DRIVE
79.0,1,3.8175,0.2409,81.63,13.4132,0.5813,88.24,9.6018,2.2664,3.75,DRIVE
79.05,1,3.8175,0.2409,81.63,13.414,0.6211,89.14,9.6041,2.2664,3.75,DRIVE
79.1,1,3.8313,0.3252,84.05,13.4142,0.661,89.94,9.5889,2.1813,1.51,DRIVE
79.15,1,3.8313,0.3252,84.05,13.4139,0.7009,90.64,9.59,2.1813,1.51,DRIVE
79.2,1,3.8464,0.3966,85.87,13.4132,0.7408,91.26,9.573,2.109,-0.04,DRIVE
79.25,1,3.8464,0.3966,85.87,13.4121,0.7806,91.79,9.5734,2.109,-0.04,DRIVE
79.3,1,3.8567,0.4707,87.26,13.4121,0.7806,91.79,9.5604,2.0343,-1.3,DRIVE
79.35,1,3.8567,0.4707,87.26,13.4111,0.8072,92.12,9.5604,2.0343,-1.3,DRIVE
79.4,1,3.8567,0.4707,87.26,13.4094,0.8471,92.54,9.5602,2.0343,-1.3,DRIVE
79.45,1,3.8698,0.5515,88.37,13.4088,0.8604,92.67,9.544,1.9529,-2.19,DRIVE
79.5,1,3.8698,0.5515,88.37,13.4075,0.887,92.89,9.5436,1.9529,-2.19,DRIVE
79.55,1,3.8698,0.5515,88.37,13.4053,0.927,93.18,9.5429,1.9529,-2.19,DRIVE
79.6,1,3.8801,0.6267,89.17,13.403,0.9669,93.41,9.529,1.8771,-2.83,DRIVE
79.65,1,3.8801,0.6267,89.17,13.4005,1.0068,93.59,9.528,1.8771,-2.83,DRIVE
79.7,1,3.8859,0.7061,89.72,13.3979,1.0468,93.72,9.5182,1.7976,-3.36,DRIVE
79.75,1,3.8859,0.7061,89.72,13.3953,1.0867,93.8,9.517,1.7976,-3.36,DRIVE
79.8,1,3.8915,0.7815,90.05,13.3926,1.1267,93.84,9.5074,1.7219,-3.66,DRIVE
79.85,1,3.8915,0.7815,90.05,13.3899,1.1666,93.84,9.5063,1.7219,-3.66,DRIVE
79.9,1,3.8917,0.8625,90.19,13.3873,1.2066,93.8,9.5018,1.641,-3.97,DRIVE
79.95,1,3.8917,0.8625,90.19,13.3846,1.2466,93.74,9.5007,1.641,-3.97,DRIVE
80.0,1,3.8948,0.943,90.18,13.3821,1.2866,93.64,9.4934,1.5605,-4.05,DRIVE
80.05,1,3.8948,0.943,90.18,13.3796,1.3265,93.52,9.4925,1.5605,-4.05,DRIVE
80.1,1,3.8948,0.943,90.18,13.3772,1.3665,93.38,9.4918,1.5605,-4.05,DRIVE
80.15,1,3.8948,0.943,90.18,13.3749,1.4065,93.21,9.4914,1.5605,-4.05,DRIVE
80.2,1,3.898,1.1075,89.8,13.3734,1.4332,93.09,9.481,1.3963,-3.98,DRIVE
80.25,1,3.898,1.1075,89.8,13.3734,1.4332,93.09,9.481,1.3963,-3.98,DRIVE
80.3,1,3.898,1.1075,89.8,13.3707,1.4865,92.81,9.4803,1.3963,-3.98,DRIVE
80.35,1,3.8999,1.1873,89.45,13.3694,1.5132,92.66,9.4752,1.3165,-3.81,DRIVE
80.4,1,3.8999,1.1873,89.45,13.3694,1.5132,92.66,9.4752,1.3165,-3.81,DRIVE
80.45,1,3.8999,1.1873,89.45,13.3677,1.5532,92.43,9.4749,1.3165,-3.81,DRIVE
80.5,1,3.8999,1.1873,89.45,13.3677,1.5532,92.43,9.4749,1.3165,-3.81,DRIVE
80.55,1,3.9037,1.2695,89.02,13.3671,1.5666,92.35,9.4681,1.2342,-3.5,DRIVE
80.6,1,3.9037,1.2695,89.02,13.3666,1.5799,92.26,9.468,1.2342,-3.5,DRIVE
80.65,1,3.9037,1.2695,89.02,13.3666,1.5799,92.26,9.468,1.2342,-3.5,DRIVE
80.7,1,3.9037,1.2695,89.02,13.3651,1.62,92.01,9.468,1.2342,-3.5,DRIVE
80.75,1,3.9037,1.2695,89.02,13.3639,1.66,91.74,9.4683,1.2342,-3.5,DRIVE
80.8,1,3.9031,1.35,88.53,13.3628,1.7,91.47,9.4662,1.154,-3.34,DRIVE
80.85,1,3.9031,1.35,88.53,13.3619,1.7401,91.19,9.4668,1.154,-3.34,DRIVE
80.9,1,3.9031,1.35,88.53,13.3612,1.7801,90.91,9.4679,1.154,-3.34,DRIVE
80.95,1,3.9031,1.35,88.53,13.3607,1.8202,90.63,9.4693,1.154,-3.34,DRIVE
81.0,1,3.9031,1.35,88.53,13.3604,1.8602,90.34,9.4711,1.154,-3.34,DRIVE
81.05,1,3.9031,1.35,88.53,13.3603,1.9003,90.05,9.4732,1.154,-3.34,DRIVE
81.1,1,3.9037,1.3831,86.83,13.3604,1.9403,89.75,9.4731,1.121,-1.76,DRIVE
81.15,1,3.9037,1.3831,86.83,13.3607,1.9804,89.46,9.4759,1.121,-1.76,DRIVE
81.2,1,3.9076,1.5292,86.31,13.3612,2.0204,89.17,9.4664,0.9752,-1.75,DRIVE
81.25,1,3.9076,1.5292,86.31,13.3619,2.0605,88.91,9.4692,0.9752,-1.75,DRIVE
81.3,1,3.9128,1.551,85.7,13.3628,2.1001,88.67,9.4659,0.953,-0.95,DRIVE
81.35,1,3.9128,1.551,85.7,13.3638,2.1392,88.43,9.4693,0.953,-0.95,DRIVE
81.4,1,3.9168,1.6366,85.19,13.365,2.1779,88.22,9.4637,0.8674,-0.69,DRIVE
81.45,1,3.9168,1.6366,85.19,13.3662,2.2161,88.02,9.4672,0.8674,-0.69,DRIVE
81.5,1,3.9224,1.7191,84.72,13.3662,2.2161,88.02,9.4569,0.7848,-0.4,DRIVE
81.55,1,3.9224,1.7191,84.72,13.3676,2.2534,87.84,9.4603,0.7848,-0.4,DRIVE
81.6,1,3.9224,1.7191,84.72,13.369,2.2882,87.68,9.4637,0.7848,-0.4,DRIVE
81.65,1,3.9294,1.7909,84.32,13.3704,2.3203,87.54,9.4558,0.7126,-0.01,DRIVE
81.7,1,3.9294,1.7909,84.32,13.3718,2.3517,87.42,9.459,0.7126,-0.01,DRIVE
81.75,1,3.9294,1.7909,84.32,13.3732,2.3823,87.31,9.4622,0.7126,-0.01,DRIVE
81.8,1,3.9294,1.7909,84.32,13.3746,2.411,87.21,9.4655,0.7126,-0.01,DRIVE
81.85,1,3.9294,1.7909,84.32,13.376,2.4396,87.12,9.4688,0.7126,-0.01,DRIVE
81.9,1,3.9294,1.7909,84.32,13.3774,2.4681,87.04,9.4723,0.7126,-0.01,DRIVE
81.95,1,3.9476,1.9744,83.56,13.379,2.4966,86.96,9.4458,0.5282,0.75,DRIVE
82.0,1,3.9476,1.9744,83.56,13.3805,2.5251,86.89,9.4489,0.5282,0.75,DRIVE
82.05,1,3.9541,2.0292,83.39,13.382,2.5528,86.83,9.4424,0.473,1.04,DRIVE
82.1,1,3.9541,2.0292,83.39,13.382,2.5528,86.83,9.4424,0.473,1.04,DRIVE
82.15,1,3.9541,2.0292,83.39,13.3833,2.5763,86.78,9.4451,0.473,1.04,DRIVE
82.2,1,3.9627,2.0834,83.25,13.3845,2.5969,86.76,9.4358,0.4183,1.63,DRIVE
82.25,1,3.9627,2.0834,83.25,13.3856,2.616,86.74,9.438,0.4183,1.63,DRIVE
82.3,1,3.9678,2.1274,83.17,13.3866,2.6342,86.73,9.4325,0.374,1.89,DRIVE
82.35,1,3.9678,2.1274,83.17,13.3873,2.6455,86.73,9.4338,0.374,1.89,DRIVE
82.401,1,3.9715,2.1663,83.13,13.3882,2.6621,86.74,9.4298,0.3349,1.98,DRIVE
82.45,1,3.9715,2.1663,83.13,13.3894,2.6823,86.77,9.432,0.3349,1.98,DRIVE
82.501,1,3.9746,2.1994,83.15,13.3899,2.6921,86.79,9.4282,0.3017,2.02,DRIVE
82.55,1,3.9746,2.1994,83.15,13.3907,2.7057,86.82,9.4297,0.3017,2.02,DRIVE
82.6,1,3.9821,2.2315,83.15,13.3914,2.7186,86.85,9.4219,0.2691,3.04,DRIVE
82.65,1,3.9821,2.2315,83.15,13.3918,2.7267,86.88,9.4227,0.2691,3.04,DRIVE
82.7,1,3.9821,2.2315,83.15,13.3925,2.7386,86.93,9.424,0.2691,3.04,DRIVE
82.75,1,3.9848,2.2583,83.23,13.3931,2.7496,86.99,9.4211,0.2421,3.16,DRIVE
83.8,2,3.9915,2.3154,83.53,13.3945,2.7783,87.14,9.4144,3.9958,93.83,ALIGN
83.85,2,3.9915,2.3154,83.53,13.3945,2.7784,87.14,9.4144,3.9958,93.83,ALIGN
83.9,2,3.9918,2.3153,83.52,13.3945,2.7785,87.16,9.4141,3.9961,93.83,ALIGN
83.95,2,3.9918,2.3153,83.52,13.3945,2.7785,87.23,9.4141,3.9961,93.83,ALIGN
84.0,2,3.991,2.3131,83.55,13.3945,2.7786,87.51,9.415,3.9954,93.77,ALIGN
84.05,2,3.991,2.3131,83.55,13.3945,2.7787,88.1,9.415,3.9954,93.77,ALIGN
84.1,2,4.0014,2.303,83.79,13.3945,2.7789,88.98,9.4052,4.0063,93.39,ALIGN
84.15,2,4.0014,2.303,83.79,13.3945,2.7792,89.96,9.4052,4.0063,93.39,ALIGN
84.2,2,4.0014,2.303,83.79,13.3945,2.7796,91.0,9.4052,4.0063,93.39,ALIGN
84.25,2,4.0188,2.2834,84.8,13.3945,2.78,92.08,9.3888,4.0247,92.12,ALIGN
84.3,2,4.0219,2.2757,86.7,13.3945,2.7805,93.21,9.3861,4.0282,90.11,ALIGN
84.35,2,4.0219,2.2757,86.7,13.3944,2.7811,94.38,9.3861,4.0282,90.11,ALIGN
84.4,2,4.0277,2.275,88.84,13.3944,2.7817,95.59,9.3803,4.034,87.97,ALIGN
84.45,2,4.0277,2.275,88.84,13.3943,2.7824,96.85,9.3803,4.034,87.97,ALIGN
84.5,2,4.0277,2.275,88.84,13.3942,2.783,98.14,9.3802,4.034,87.97,ALIGN
84.55,2,4.0277,2.275,88.84,13.3941,2.7835,99.47,9.3802,4.034,87.97,ALIGN
84.6,2,4.0375,2.2937,93.62,13.394,2.7839,100.82,9.3694,4.0427,83.45,ALIGN
84.65,2,4.0375,2.2937,93.62,13.394,2.7842,102.18,9.3693,4.0427,83.45,ALIGN
84.7,2,4.0375,2.2937,93.62,13.3939,2.7844,103.57,9.3693,4.0427,83.45,ALIGN
84.75,2,4.0375,2.2937,93.62,13.3939,2.7844,104.96,9.3693,4.0427,83.45,ALIGN
84.8,2,4.0375,2.2937,93.62,13.3939,2.7843,106.35,9.3693,4.0427,83.45,ALIGN
84.85,2,4.0382,2.3012,98.99,13.394,2.7842,107.75,9.3682,4.0431,78.2,ALIGN
84.9,2,4.0339,2.3092,101.79,13.394,2.7839,109.14,9.3722,4.0384,75.5,ALIGN
84.95,2,4.0339,2.3092,101.79,13.3941,2.7836,110.52,9.3722,4.0384,75.5,ALIGN
85.0,2,4.0339,2.3092,101.79,13.3943,2.7833,111.91,9.3723,4.0384,75.5,ALIGN
85.05,2,4.0339,2.3092,101.79,13.3944,2.783,113.28,9.3725,4.0384,75.5,ALIGN
85.1,2,4.0645,2.3102,107.54,13.3946,2.7826,114.65,9.342,4.0689,69.79,ALIGN
85.15,2,4.0645,2.3102,107.54,13.3948,2.7822,116.02,9.3422,4.0689,69.79,ALIGN
85.2,2,4.0645,2.3102,107.54,13.395,2.7818,117.39,9.3424,4.0689,69.79,ALIGN
85.25,2,4.0646,2.3109,110.31,13.3952,2.7813,118.75,9.3425,4.0689,67.03,ALIGN
85.3,2,4.0632,2.3127,113.04,13.3954,2.7809,120.11,9.3439,4.0676,64.32,ALIGN
85.35,2,4.0632,2.3127,113.04,13.3957,2.7805,121.46,9.3441,4.0676,64.32,ALIGN
85.4,2,4.0623,2.3111,115.79,13.3959,2.7801,122.82,9.3454,4.0667,61.54,ALIGN
85.45,2,4.0623,2.3111,115.79,13.3962,2.7796,124.17,9.3457,4.0667,61.54,ALIGN
85.5,2,4.065,2.304,118.51,13.3965,2.7792,125.53,9.3436,4.0697,58.73,ALIGN
85.55,2,4.065,2.304,118.51,13.3967,2.7789,126.43,9.3438,4.0697,58.73,ALIGN
85.6,2,4.065,2.304,118.51,13.3967,2.7789,126.43,9.3438,4.0697,58.73,ALIGN
85.65,2,4.065,2.304,118.51,13.397,2.7785,127.78,9.3441,4.0697,58.73,ALIGN
85.7,2,4.0655,2.3031,121.19,13.3973,2.7781,129.13,9.3439,4.0703,56.03,ALIGN
85.75,2,4.0655,2.3031,121.19,13.3977,2.7777,130.48,9.3442,4.0703,56.03,ALIGN
85.8,2,4.0664,2.2997,123.89,13.398,2.7773,131.83,9.3439,4.0713,53.29,ALIGN
85.85,2,4.0631,2.2983,126.62,13.3984,2.7769,133.18,9.3475,4.0681,50.53,ALIGN
85.9,2,4.0631,2.2983,126.62,13.3987,2.7766,134.53,9.3479,4.0681,50.53,ALIGN
85.95,2,4.0631,2.2983,126.62,13.3991,2.7762,135.88,9.3482,4.0681,50.53,ALIGN
86.0,2,4.0631,2.2983,126.62,13.3995,2.7758,137.22,9.3486,4.0681,50.53,ALIGN
86.05,2,4.0535,2.2927,132.09,13.3999,2.7755,138.57,9.3588,4.0588,44.98,ALIGN
86.1,2,4.0535,2.2927,132.09,13.4003,2.7751,139.92,9.3592,4.0588,44.98,ALIGN
86.15,2,4.0535,2.2927,132.09,13.4007,2.7748,141.27,9.3596,4.0588,44.98,ALIGN
86.2,2,4.0578,2.2919,134.77,13.4011,2.7745,142.62,9.3558,4.0631,42.3,ALIGN
86.25,2,4.0534,2.293,137.54,13.4015,2.7741,143.96,9.3605,4.0587,39.54,ALIGN
86.3,2,4.0534,2.293,137.54,13.402,2.7738,145.31,9.3609,4.0587,39.54,ALIGN
86.35,2,4.0502,2.2942,140.27,13.4024,2.7735,146.66,9.3644,4.0555,36.82,ALIGN
86.4,2,4.0502,2.2942,140.27,13.4028,2.7732,148.01,9.3649,4.0555,36.82,ALIGN
86.45,2,4.0502,2.2942,140.27,13.4033,2.773,149.36,9.3653,4.0555,36.82,ALIGN
86.5,2,4.0519,2.2949,142.98,13.4037,2.7727,150.7,9.3641,4.057,34.13,ALIGN
86.55,2,4.0519,2.2949,142.98,13.4042,2.7725,152.05,9.3645,4.057,34.13,ALIGN
86.6,2,4.0537,2.2961,145.69,13.4047,2.7722,153.4,9.3631,4.0588,31.43,ALIGN
86.65,2,4.0537,2.2971,148.39,13.4052,2.772,154.75,9.3635,4.0588,28.74,ALIGN
86.7,2,4.0537,2.2971,148.39,13.4056,2.7718,156.09,9.3639,4.0588,28.74,ALIGN
86.75,2,4.0548,2.2957,151.08,13.4061,2.7715,157.44,9.3635,4.0599,26.04,ALIGN
86.8,2,4.0548,2.2957,151.08,13.4066,2.7713,158.79,9.3639,4.0599,26.04,ALIGN
86.85,2,4.0548,2.2957,151.08,13.4071,2.7712,160.14,9.3644,4.0599,26.04,ALIGN
86.9,2,4.0572,2.2956,153.8,13.4076,2.771,161.48,9.3625,4.0623,23.32,ALIGN
86.95,2,4.0572,2.2956,153.8,13.4081,2.7708,162.83,9.363,4.0623,23.32,DRIVE
87.0,2,4.0602,2.2966,156.5,13.4079,2.7709,164.17,9.3597,4.0653,20.63,DRIVE
87.05,2,4.0602,2.2966,156.5,13.4041,2.7719,165.47,9.356,4.0653,20.63,DRIVE
87.1,2,4.0728,2.2979,159.25,13.3955,2.774,166.79,9.3349,4.0778,17.91,DRIVE
87.15,2,4.0728,2.2979,159.25,13.382,2.7769,168.13,9.3215,4.0778,17.91,DRIVE
87.2,2,4.0686,2.2995,161.9,13.382,2.7769,168.13,9.3256,4.0735,15.28,DRIVE
87.25,2,4.0686,2.2995,161.9,13.3635,2.7805,169.55,9.3073,4.0735,15.28,DRIVE
87.3,2,4.0686,2.2995,161.9,13.3401,2.7844,171.03,9.2842,4.0735,15.28,DRIVE
87.35,2,4.0527,2.3038,164.56,13.3313,2.7857,171.53,9.2911,4.0575,12.67,DRIVE
87.4,2,4.0527,2.3038,164.56,13.3219,2.787,172.05,9.2818,4.0575,12.67,DRIVE
87.45,2,4.0527,2.3038,164.56,13.2906,2.7908,173.65,9.2507,4.0575,12.67,DRIVE
87.5,2,4.0527,2.3038,164.56,13.2547,2.794,175.33,9.2151,4.0575,12.67,DRIVE
87.55,2,4.0527,2.3038,164.56,13.2163,2.7964,176.92,9.1768,4.0575,12.67,DRIVE
87.6,2,4.0527,2.3038,164.56,13.1769,2.7979,178.32,9.1376,4.0575,12.67,DRIVE
87.65,2,4.0527,2.3038,164.56,13.1372,2.7984,179.61,9.098,4.0575,12.67,DRIVE
87.7,2,3.8699,2.3273,173.72,13.0975,2.7981,-179.13,9.2396,3.8738,3.73,DRIVE
87.75,2,3.8699,2.3273,173.72,13.0578,2.797,-177.9,9.1998,3.8738,3.73,DRIVE
87.8,2,3.7835,2.3314,176.41,13.0181,2.7949,-176.69,9.2462,3.7873,1.04,DRIVE
87.85,2,3.7835,2.3314,176.41,12.9785,2.7921,-175.7,9.2065,3.7873,1.04,DRIVE
87.9,2,3.6976,2.3343,178.9,12.9388,2.7888,-174.97,9.2524,3.7013,-1.46,DRIVE
87.95,2,3.6976,2.3343,178.9,12.9124,2.7863,-174.59,9.2258,3.7013,-1.46,DRIVE
88.0,2,3.6976,2.3343,178.9,12.8991,2.785,-174.42,9.2125,3.7013,-1.46,DRIVE
88.05,2,3.5927,2.3406,-179.09,12.8594,2.7809,-173.97,9.2772,3.5962,-3.45,DRIVE
88.1,2,3.5927,2.3406,-179.09,12.8197,2.7766,-173.62,9.2374,3.5962,-3.45,DRIVE
88.15,2,3.5648,2.333,-177.38,12.78,2.772,-173.35,9.2257,3.5687,-5.3,DRIVE
88.2,2,3.5648,2.333,-177.38,12.7403,2.7673,-173.15,9.1858,3.5687,-5.3,DRIVE
88.25,2,3.4857,2.3311,-176.54,12.7006,2.7624,-173.03,9.2249,3.4898,-6.24,DRIVE
88.3,2,3.4857,2.3311,-176.54,12.6608,2.7575,-172.98,9.185,3.4898,-6.24,DRIVE
88.35,2,3.4074,2.3248,-176.01,12.6211,2.7526,-173.01,9.2237,3.4119,-6.93,DRIVE
88.4,2,3.4074,2.3248,-176.01,12.5813,2.7478,-173.1,9.1837,3.4119,-6.93,DRIVE
88.45,2,3.334,2.3211,-175.81,12.5416,2.7431,-173.26,9.2172,3.3388,-7.26,DRIVE
88.5,2,3.334,2.3211,-175.81,12.5018,2.7384,-173.46,9.1773,3.3388,-7.26,DRIVE
88.55,2,3.2559,2.3121,-175.9,12.4619,2.734,-173.71,9.2157,3.2614,-7.4,DRIVE
88.6,2,3.2559,2.3121,-175.9,12.4221,2.7297,-174.01,9.1757,3.2614,-7.4,DRIVE
88.65,2,3.1845,2.3123,-176.19,12.3822,2.7257,-174.34,9.207,3.19,-7.18,DRIVE
88.7,2,3.1845,2.3123,-176.19,12.3423,2.7219,-174.7,9.167,3.19,-7.18,DRIVE
88.75,2,3.1075,2.3099,-176.7,12.3024,2.7184,-175.1,9.204,3.1133,-6.8,DRIVE
88.8,2,3.1075,2.3099,-176.7,12.2625,2.7152,-175.53,9.1639,3.1133,-6.8,DRIVE
88.85,2,3.0261,2.3062,-177.4,12.2225,2.7122,-175.98,9.2054,3.0323,-6.27,DRIVE
88.9,2,3.0261,2.3062,-177.4,12.1826,2.7097,-176.45,9.1653,3.0323,-6.27,DRIVE
88.95,2,2.9496,2.303,-178.2,12.1426,2.7074,-176.93,9.2019,2.9562,-5.62,DRIVE
89.0,2,2.9496,2.303,-178.2,12.1026,2.7055,-177.42,9.1618,2.9562,-5.62,DRIVE
89.05,2,2.8694,2.3042,-179.11,12.0626,2.7039,-177.91,9.2018,2.8761,-4.8,DRIVE
89.1,2,2.8694,2.3042,-179.11,12.0225,2.7027,-178.4,9.1618,2.8761,-4.8,DRIVE
89.15,2,2.7888,2.3024,179.9,11.9825,2.7018,-178.88,9.2024,2.7957,-3.96,DRIVE
89.2,2,2.7888,2.3024,179.9,11.9425,2.7012,-179.35,9.1624,2.7957,-3.96,DRIVE
89.25,2,2.7888,2.3024,179.9,11.9024,2.701,-179.8,9.1224,2.7957,-3.96,DRIVE
89.3,2,2.7888,2.3024,179.9,11.8624,2.7011,179.76,9.0824,2.7957,-3.96,DRIVE
89.35,2,2.631,2.3032,177.98,11.8224,2.7014,179.34,9.2,2.6384,-2.26,DRIVE
89.4,2,2.631,2.3032,177.98,11.7823,2.7021,178.92,9.16,2.6384,-2.26,DRIVE
89.45,2,2.5494,2.3066,177.09,11.7423,2.703,178.53,9.2015,2.5567,-1.43,DRIVE
89.5,2,2.5494,2.3066,177.09,11.7023,2.7042,178.17,9.1615,2.5567,-1.43,DRIVE
89.55,2,2.4701,2.3114,176.25,11.6623,2.7057,177.84,9.2006,2.4773,-0.62,DRIVE
89.6,2,2.4701,2.3114,176.25,11.6223,2.7073,177.54,9.1607,2.4773,-0.62,DRIVE
89.65,2,2.3948,2.3197,175.52,11.5823,2.7092,177.26,9.1957,2.4016,0.17,DRIVE
89.7,2,2.3948,2.3197,175.52,11.5423,2.7112,177.02,9.1558,2.4016,0.17,DRIVE
89.75,2,2.3205,2.3277,174.91,11.5023,2.7134,176.81,9.1899,2.3269,0.84,DRIVE
89.8,2,2.3205,2.3277,174.91,11.4623,2.7157,176.63,9.1501,2.3269,0.84,DRIVE
89.85,2,2.2454,2.3384,174.41,11.4223,2.7181,176.47,9.1848,2.2512,1.47,DRIVE
89.9,2,2.2454,2.3384,174.41,11.3824,2.7207,176.35,9.145,2.2512,1.47,DRIVE
89.95,2,2.1698,2.3482,174.04,11.3424,2.7233,176.25,9.1802,2.1751,1.96,DRIVE
90.0,2,2.1698,2.3482,174.04,11.3024,2.7259,176.19,9.1404,2.1751,1.96,DRIVE
90.05,2,2.0967,2.3595,173.81,11.2625,2.7286,176.15,9.1732,2.1014,2.36,DRIVE
90.1,2,2.0967,2.3595,173.81,11.2225,2.7313,176.13,9.1334,2.1014,2.36,DRIVE
90.15,2,2.0212,2.3721,173.65,11.2092,2.7322,176.13,9.195,2.0253,2.73,DRIVE
90.2,2,2.0212,2.3721,173.65,11.1825,2.734,176.14,9.1684,2.0253,2.73,DRIVE
90.25,2,2.0212,2.3721,173.65,11.1426,2.7367,176.17,9.1286,2.0253,2.73,DRIVE
90.3,2,1.9435,2.3821,173.61,11.1026,2.7393,176.23,9.1661,1.9471,2.92,DRIVE
90.35,2,1.9435,2.3821,173.61,11.0626,2.742,176.3,9.1262,1.9471,2.92,DRIVE
90.4,2,1.8698,2.3928,173.67,11.036,2.7437,176.36,9.1729,1.8729,3.05,DRIVE
90.45,2,1.8698,2.3928,173.67,10.9827,2.747,176.5,9.1197,1.8729,3.05,DRIVE
90.5,2,1.7912,2.4026,173.82,10.9427,2.7494,176.63,9.158,1.7939,3.07,DRIVE
90.55,2,1.7912,2.4026,173.82,10.9027,2.7516,176.77,9.1182,1.7939,3.07,DRIVE
90.6,2,1.7912,2.4026,173.82,10.8627,2.7538,176.93,9.0783,1.7939,3.07,DRIVE
90.65,2,1.7912,2.4026,173.82,10.8361,2.7552,177.04,9.0517,1.7939,3.07,DRIVE
90.7,2,1.637,2.4212,174.32,10.7827,2.7578,177.28,9.1519,1.6389,2.92,DRIVE
90.75,2,1.637,2.4212,174.32,10.7427,2.7597,177.48,9.112,1.6389,2.92,DRIVE
90.8,2,1.637,2.4212,174.32,10.7027,2.7613,177.68,9.072,1.6389,2.92,DRIVE
90.85,2,1.637,2.4212,174.32,10.6627,2.7628,177.9,9.0321,1.6389,2.92,DRIVE
90.9,2,1.4791,2.4346,175.04,10.636,2.7638,178.04,9.1628,1.4805,2.42,DRIVE
90.95,2,1.4791,2.4346,175.04,10.5826,2.7654,178.35,9.1095,1.4805,2.42,DRIVE
91.0,2,1.3995,2.4419,175.47,10.5426,2.7665,178.57,9.1489,1.4007,2.15,DRIVE
91.05,2,1.3995,2.4419,175.47,10.5026,2.7674,178.8,9.1089,1.4007,2.15,DRIVE
91.1,2,1.3995,2.4419,175.47,10.4625,2.7681,179.02,9.0689,1.4007,2.15,DRIVE
91.15,2,1.3995,2.4419,175.47,10.4359,2.7685,179.17,9.0423,1.4007,2.15,DRIVE
91.2,2,1.2424,2.4523,176.38,10.3825,2.7691,179.47,9.1456,1.2433,1.42,DRIVE
91.25,2,1.2424,2.4523,176.38,10.3424,2.7693,179.69,9.1056,1.2433,1.42,DRIVE
91.3,2,1.1612,2.4572,176.83,10.3024,2.7695,179.9,9.1466,1.1619,1.06,DRIVE
91.35,2,1.1612,2.4572,176.83,10.2623,2.7694,-179.89,9.1065,1.1619,1.06,DRIVE
91.4,2,1.0797,2.4626,177.26,10.2356,2.7693,-179.76,9.1611,1.0804,0.76,DRIVE
91.45,2,1.0797,2.4626,177.26,10.1823,2.769,-179.52,9.1077,1.0804,0.76,DRIVE
91.5,2,0.9984,2.4653,177.68,10.1556,2.7687,-179.4,9.1622,0.999,0.34,DRIVE
91.55,2,0.9984,2.4653,177.68,10.1556,2.7687,-179.4,9.1622,0.999,0.34,DRIVE
91.6,2,0.9984,2.4653,177.68,10.1155,2.7682,-179.24,9.1222,0.999,0.34,DRIVE
91.65,2,0.9158,2.4688,178.04,10.0755,2.7676,-179.09,9.1646,0.9163,0.01,DRIVE
91.7,2,0.9158,2.4688,178.04,10.0355,2.7669,-178.94,9.1246,0.9163,0.01,DRIVE
91.75,2,0.9158,2.4688,178.04,9.9964,2.7661,-178.82,9.0855,0.9163,0.01,DRIVE
91.8,2,0.8346,2.4724,178.36,9.9594,2.7653,-178.71,9.1296,0.835,-0.26,DRIVE
91.85,2,0.7538,2.4742,178.64,9.9227,2.7644,-178.61,9.1735,0.7543,-0.6,DRIVE
91.9,2,0.7538,2.4742,178.64,9.8869,2.7635,-178.52,9.1376,0.7543,-0.6,DRIVE
91.95,2,0.6768,2.4759,178.86,9.8541,2.7627,-178.45,9.1817,0.6773,-0.9,DRIVE
92.0,2,0.6768,2.4759,178.86,9.8236,2.7618,-178.4,9.1513,0.6773,-0.9,DRIVE
92.05,2,0.6056,2.48,179.03,9.7942,2.761,-178.36,9.193,0.6059,-0.93,DRIVE
92.1,2,0.6056,2.48,179.03,9.7669,2.7602,-178.33,9.1656,0.6059,-0.93,DRIVE
92.15,2,0.5438,2.4814,179.15,9.7405,2.7594,-178.31,9.2009,0.5441,-1.1,DRIVE
92.2,2,0.5438,2.4814,179.15,9.7161,2.7587,-178.3,9.1765,0.5441,-1.1,DRIVE
92.25,2,0.489,2.4836,179.21,9.6925,2.758,-178.3,9.2077,0.4892,-1.13,DRIVE
92.3,2,0.489,2.4836,179.21,9.6706,2.7573,-178.3,9.1857,0.4892,-1.13,DRIVE
92.35,2,0.4397,2.4859,179.23,9.6495,2.7567,-178.31,9.2138,0.4399,-1.07,DRIVE
92.4,2,0.4397,2.4859,179.23,9.6297,2.7561,-178.33,9.194,0.4399,-1.07,DRIVE
92.45,2,0.3957,2.4851,179.23,9.6108,2.7556,-178.35,9.2191,0.396,-1.39,DRIVE
92.5,2,0.3957,2.4851,179.23,9.5931,2.7551,-178.37,9.2013,0.396,-1.39,DRIVE
92.55,2,0.3557,2.4856,179.2,9.5761,2.7546,-178.4,9.2243,0.356,-1.52,DRIVE
92.6,2,0.3557,2.4856,179.2,9.5601,2.7541,-178.43,9.2084,0.356,-1.52,DRIVE
92.65,2,0.319,2.4877,179.16,9.5449,2.7537,-178.46,9.2297,0.3192,-1.37,DRIVE
92.7,2,0.319,2.4877,179.16,9.5305,2.7534,-178.5,9.2153,0.3192,-1.37,DRIVE
92.75,2,0.2894,2.4874,179.09,9.5168,2.753,-178.54,9.2312,0.2896,-1.58,DRIVE
92.8,2,0.2894,2.4874,179.09,9.5039,2.7527,-178.59,9.2184,0.2896,-1.58,DRIVE
92.85,2,0.2589,2.4915,179.02,9.4915,2.7524,-178.63,9.2363,0.2591,-0.9,DRIVE
92.9,2,0.2589,2.4915,179.02,9.4799,2.7521,-178.68,9.2246,0.2591,-0.9,DRIVE
92.95,2,0.2589,2.4915,179.02,9.4687,2.7519,-178.72,9.2134,0.2591,-0.9,DRIVE
93.0,2,0.2348,2.4913,178.93,9.4582,2.7516,-178.76,9.2271,0.235,-1.06,DRIVE
94.05,3,0.175,2.4946,178.71,9.4309,2.7511,-178.86,9.2594,2.5007,87.27,ALIGN
94.1,3,0.175,2.4946,178.71,9.4309,2.7511,-178.86,9.2594,2.5007,87.27,ALIGN
94.15,3,0.1758,2.4939,178.72,9.4308,2.7511,-178.85,9.2586,2.5001,87.25,ALIGN
94.2,3,0.1758,2.4939,178.72,9.4308,2.7511,-178.75,9.2586,2.5001,87.25,ALIGN
94.25,3,0.1786,2.4937,178.74,9.4307,2.7511,-178.49,9.2557,2.5001,87.17,ALIGN
94.3,3,0.1786,2.4937,178.74,9.4307,2.7511,-177.9,9.2557,2.5001,87.17,ALIGN
94.35,3,0.1915,2.4835,179.03,9.4305,2.751,-177.04,9.2429,2.4909,86.56,ALIGN
94.4,3,0.1915,2.4835,179.03,9.4303,2.751,-176.06,9.2427,2.4909,86.56,ALIGN
94.45,3,0.1915,2.4835,179.03,9.4299,2.751,-175.04,9.2423,2.4909,86.56,ALIGN
94.5,3,0.1944,2.4832,-179.86,9.4295,2.7509,-173.97,9.239,2.4908,85.39,ALIGN
94.55,3,0.1944,2.4832,-179.86,9.4295,2.7509,-173.97,9.239,2.4908,85.39,ALIGN
94.6,3,0.1944,2.4832,-179.86,9.4292,2.7509,-173.23,9.2387,2.4908,85.39,ALIGN
94.65,3,0.1864,2.4909,-177.86,9.4284,2.7508,-171.7,9.2457,2.4979,83.58,ALIGN
94.7,3,0.1823,2.4921,-175.74,9.4278,2.7507,-170.49,9.2491,2.4988,81.55,ALIGN
94.75,3,0.1823,2.4921,-175.74,9.4272,2.7506,-169.25,9.2485,2.4988,81.55,ALIGN
94.8,3,0.1778,2.5026,-173.39,9.4266,2.7504,-167.97,9.2522,2.5089,79.33,ALIGN
94.85,3,0.1778,2.5026,-173.39,9.4261,2.7503,-166.65,9.2517,2.5089,79.33,ALIGN
94.9,3,0.1688,2.4957,-170.96,9.4257,2.7502,-165.31,9.2603,2.5014,77.09,ALIGN
94.95,3,0.1688,2.4957,-170.96,9.4253,2.7501,-163.95,9.26,2.5014,77.09,ALIGN
95.0,3,0.1688,2.4957,-170.96,9.4253,2.7501,-163.95,9.26,2.5014,77.09,ALIGN
95.05,3,0.1688,2.4957,-170.96,9.4252,2.75,-163.03,9.2598,2.5014,77.09,ALIGN
95.1,3,0.1688,2.4957,-170.96,9.425,2.75,-161.64,9.2597,2.5014,77.09,ALIGN
95.15,3,0.1661,2.5034,-165.6,9.425,2.75,-160.72,9.2622,2.5089,71.8,ALIGN
95.2,3,0.1661,2.5034,-165.6,9.425,2.75,-160.25,9.2623,2.5089,71.8,ALIGN
95.25,3,0.1661,2.5034,-165.6,9.4251,2.75,-158.86,9.2624,2.5089,71.8,ALIGN
95.3,3,0.1661,2.5034,-165.6,9.4252,2.75,-158.39,9.2624,2.5089,71.8,ALIGN
95.35,3,0.1661,2.5034,-165.6,9.4253,2.7501,-157.46,9.2626,2.5089,71.8,ALIGN
95.4,3,0.1591,2.5056,-162.85,9.4256,2.7502,-156.07,9.2697,2.5107,69.22,ALIGN
95.45,3,0.1591,2.5056,-162.85,9.4259,2.7503,-154.69,9.27,2.5107,69.22,ALIGN
95.5,3,0.1678,2.5072,-159.99,9.4262,2.7505,-153.31,9.2616,2.5128,66.16,ALIGN
95.55,3,0.1678,2.5072,-159.99,9.4266,2.7507,-151.94,9.2619,2.5128,66.16,ALIGN
95.6,3,0.1669,2.5049,-157.24,9.4269,2.7509,-150.56,9.2633,2.5104,63.43,ALIGN
95.65,3,0.1669,2.5049,-157.24,9.4273,2.7511,-149.2,9.2637,2.5104,63.43,ALIGN
95.7,3,0.1681,2.5063,-154.46,9.4277,2.7513,-147.83,9.2628,2.512,60.63,ALIGN
95.75,3,0.1681,2.5063,-154.46,9.4281,2.7516,-146.47,9.2633,2.512,60.63,ALIGN
95.8,3,0.1663,2.5074,-151.75,9.4285,2.7519,-145.12,9.2655,2.5129,57.96,ALIGN
95.85,3,0.1663,2.5074,-151.75,9.4289,2.7522,-143.76,9.2659,2.5129,57.96,ALIGN
95.9,3,0.1688,2.5059,-149.0,9.4293,2.7525,-142.4,9.2638,2.5116,55.15,ALIGN
95.95,3,0.1688,2.5059,-149.0,9.4297,2.7528,-141.05,9.2643,2.5116,55.15,ALIGN
96.0,3,0.168,2.5067,-146.29,9.4297,2.7528,-141.05,9.2651,2.5124,52.45,ALIGN
96.05,3,0.168,2.5067,-146.29,9.43,2.753,-140.15,9.2653,2.5124,52.45,ALIGN
96.1,3,0.168,2.5067,-146.29,9.4304,2.7533,-138.8,9.2657,2.5124,52.45,ALIGN
96.15,3,0.1678,2.5065,-143.56,9.4308,2.7537,-137.45,9.2663,2.5121,49.73,ALIGN
96.2,3,0.1678,2.5065,-143.56,9.4312,2.754,-136.1,9.2666,2.5121,49.73,ALIGN
96.25,3,0.1671,2.5084,-140.87,9.4315,2.7544,-134.75,9.2677,2.514,47.06,ALIGN
96.3,3,0.1671,2.5084,-140.87,9.4319,2.7548,-133.4,9.2681,2.514,47.06,ALIGN
96.35,3,0.1653,2.506,-138.17,9.4323,2.7552,-132.05,9.2703,2.5114,44.4,ALIGN
96.4,3,0.1653,2.506,-138.17,9.4326,2.7555,-130.7,9.2707,2.5114,44.4,ALIGN
96.45,3,0.167,2.5054,-135.46,9.433,2.7559,-129.35,9.2693,2.511,41.65,ALIGN
96.5,3,0.167,2.5054,-135.46,9.4333,2.7564,-128.0,9.2696,2.511,41.65,ALIGN
96.55,3,0.1653,2.5028,-132.76,9.4336,2.7568,-126.65,9.2718,2.5082,38.98,ALIGN
96.6,3,0.1653,2.5028,-132.76,9.4339,2.7572,-125.3,9.2721,2.5082,38.98,ALIGN
96.65,3,0.1654,2.5032,-130.05,9.4342,2.7576,-123.96,9.2723,2.5086,36.27,ALIGN
96.7,3,0.1654,2.5032,-130.05,9.4345,2.7581,-122.61,9.2726,2.5086,36.27,ALIGN
96.75,3,0.167,2.5023,-127.35,9.4348,2.7585,-121.26,9.2714,2.5078,33.53,ALIGN
96.8,3,0.167,2.5023,-127.35,9.4351,2.759,-119.91,9.2716,2.5078,33.53,ALIGN
96.851,3,0.167,2.5023,-127.35,9.4353,2.7594,-118.56,9.2719,2.5078,33.53,ALIGN
96.9,3,0.167,2.5023,-127.35,9.4356,2.7599,-117.22,9.2722,2.5078,33.53,ALIGN
96.95,3,0.167,2.5023,-127.35,9.4358,2.7604,-115.87,9.2724,2.5078,33.53,ALIGN
97.0,3,0.167,2.5023,-127.35,9.436,2.7609,-114.52,9.2727,2.5078,33.53,ALIGN
97.05,3,0.1655,2.5029,-119.14,9.4363,2.7613,-113.17,9.2744,2.5083,25.36,ALIGN
97.1,3,0.1655,2.5029,-119.14,9.4365,2.7618,-111.83,9.2746,2.5083,25.36,ALIGN
97.15,3,0.1692,2.5066,-116.3,9.4367,2.7623,-110.48,9.271,2.5123,22.44,ALIGN
97.2,3,0.1692,2.5066,-116.3,9.4368,2.7628,-109.13,9.2712,2.5123,22.44,DRIVE
97.25,3,0.1663,2.5073,-113.59,9.4368,2.7626,-107.8,9.274,2.5129,19.79,DRIVE
97.3,3,0.1663,2.5073,-113.59,9.4356,2.7589,-106.53,9.2727,2.5129,19.79,DRIVE
97.35,3,0.1684,2.5063,-110.87,9.4332,2.7504,-105.26,9.268,2.512,17.02,DRIVE
97.4,3,0.1684,2.5063,-110.87,9.4298,2.7369,-103.96,9.2642,2.512,17.02,DRIVE
97.45,3,0.1662,2.5017,-108.31,9.4255,2.7185,-102.6,9.2618,2.5072,14.51,DRIVE
97.5,3,0.1662,2.5017,-108.31,9.4207,2.6953,-101.16,9.2565,2.5072,14.51,DRIVE
97.55,3,0.1606,2.4798,-105.66,9.4157,2.6672,-99.64,9.257,2.485,11.95,DRIVE
97.6,3,0.1606,2.4798,-105.66,9.4108,2.6344,-98.03,9.2515,2.485,11.95,DRIVE
97.65,3,0.1498,2.4368,-102.77,9.4064,2.5974,-96.35,9.2579,2.4414,9.25,DRIVE
97.7,3,0.1498,2.4368,-102.77,9.4028,2.5586,-94.86,9.2537,2.4414,9.25,DRIVE
97.75,3,0.1372,2.3783,-99.52,9.4,2.5192,-93.57,9.2638,2.3823,6.22,DRIVE
97.8,3,0.1372,2.3783,-99.52,9.3986,2.4928,-92.82,9.2621,2.3823,6.22,DRIVE
97.85,3,0.1372,2.3783,-99.52,9.3981,2.4796,-92.46,9.2614,2.3823,6.22,DRIVE
97.9,3,0.1227,2.2924,-96.58,9.3976,2.4663,-92.11,9.2765,2.2956,3.51,DRIVE
97.95,3,0.1227,2.2924,-96.58,9.3968,2.4398,-91.46,9.2753,2.2956,3.51,DRIVE
98.0,3,0.1227,2.2924,-96.58,9.3962,2.4,-90.58,9.2742,2.2956,3.51,DRIVE
98.05,3,0.1145,2.2093,-94.32,9.3962,2.3602,-89.85,9.2829,2.2123,1.35,DRIVE
98.1,3,0.1145,2.2093,-94.32,9.3966,2.3203,-89.21,9.2827,2.2123,1.35,DRIVE
98.15,3,0.1172,2.1272,-92.53,9.3968,2.307,-89.0,9.2814,2.1304,-0.62,DRIVE
98.2,3,0.1172,2.1272,-92.53,9.3974,2.2804,-88.61,9.2815,2.1304,-0.62,DRIVE
98.25,3,0.1172,2.1272,-92.53,9.3986,2.2405,-88.11,9.2822,2.1304,-0.62,DRIVE
98.3,3,0.1172,2.1272,-92.53,9.4002,2.2006,-87.69,9.2833,2.1304,-0.62,DRIVE
98.35,3,0.1172,2.1272,-92.53,9.4019,2.1607,-87.33,9.2849,2.1304,-0.62,DRIVE
98.4,3,0.1321,1.9655,-90.12,9.4033,2.1341,-87.12,9.2727,1.9699,-3.73,DRIVE
98.45,3,0.1321,1.9655,-90.12,9.4062,2.0808,-86.74,9.2748,1.9699,-3.73,DRIVE
98.5,3,0.1321,1.9655,-90.12,9.4086,2.0409,-86.55,9.2768,1.9699,-3.73,DRIVE
98.55,3,0.132,1.8816,-89.44,9.411,2.0009,-86.43,9.2798,1.8862,-4.58,DRIVE
98.6,3,0.1325,1.7996,-88.89,9.4136,1.961,-86.37,9.2825,1.8045,-5.32,DRIVE
98.65,3,0.1325,1.7996,-88.89,9.4153,1.9343,-86.36,9.2838,1.8045,-5.32,DRIVE
98.7,3,0.1403,1.7173,-88.61,9.4178,1.8944,-86.38,9.2792,1.723,-6.06,DRIVE
98.75,3,0.1403,1.7173,-88.61,9.4203,1.8544,-86.47,9.281,1.723,-6.06,DRIVE
98.8,3,0.14,1.6331,-88.61,9.4227,1.8144,-86.6,9.2845,1.639,-6.28,DRIVE
98.85,3,0.14,1.6331,-88.61,9.4227,1.8144,-86.6,9.2845,1.639,-6.28,DRIVE
98.9,3,0.14,1.6331,-88.61,9.425,1.7744,-86.78,9.2861,1.639,-6.28,DRIVE
98.95,3,0.1471,1.5544,-88.78,9.4257,1.7611,-86.85,9.2809,1.5613,-6.63,DRIVE
99.0,3,0.1471,1.5544,-88.78,9.4272,1.7344,-87.0,9.2818,1.5613,-6.63,DRIVE
99.05,3,0.1471,1.5544,-88.78,9.4291,1.6944,-87.25,9.2831,1.5613,-6.63,DRIVE
99.1,3,0.1471,1.5544,-88.78,9.4291,1.6944,-87.25,9.2831,1.5613,-6.63,DRIVE
99.15,3,0.1496,1.4745,-89.17,9.4304,1.6677,-87.44,9.2827,1.482,-6.63,DRIVE
99.2,3,0.1496,1.4745,-89.17,9.432,1.6277,-87.76,9.2836,1.482,-6.63,DRIVE
99.25,3,0.1496,1.4745,-89.17,9.4334,1.5876,-88.1,9.2845,1.482,-6.63,DRIVE
99.3,3,0.1498,1.3912,-89.69,9.4346,1.5476,-88.47,9.2861,1.3992,-6.46,DRIVE
99.35,3,0.1498,1.3912,-89.69,9.4355,1.5075,-88.87,9.2864,1.3992,-6.46,DRIVE
99.4,3,0.1512,1.309,-90.35,9.4361,1.4675,-89.29,9.2862,1.3177,-6.24,DRIVE
99.45,3,0.1512,1.309,-90.35,9.4363,1.4274,-89.73,9.2859,1.3177,-6.24,DRIVE
99.5,3,0.1543,1.2314,-91.11,9.4363,1.3874,-90.19,9.2833,1.241,-6.03,DRIVE
99.55,3,0.1543,1.2314,-91.11,9.436,1.3473,-90.66,9.2824,1.241,-6.03,DRIVE
99.6,3,0.1537,1.1503,-91.96,9.4353,1.3073,-91.13,9.2829,1.1605,-5.65,DRIVE
99.65,3,0.148,1.0688,-92.91,9.4343,1.2672,-91.62,9.2884,1.079,-4.97,DRIVE
99.7,3,0.148,1.0688,-92.91,9.4329,1.2272,-92.1,9.2863,1.079,-4.97,DRIVE
99.751,3,0.148,1.0688,-92.91,9.4312,1.1872,-92.58,9.284,1.079,-4.97,DRIVE
99.8,3,0.148,1.0688,-92.91,9.4292,1.1472,-93.05,9.2815,1.079,-4.97,DRIVE
99.85,3,0.148,1.0688,-92.91,9.4269,1.1072,-93.51,9.2789,1.079,-4.97,DRIVE
99.9,3,0.137,0.9087,-94.82,9.4242,1.0673,-93.97,9.2885,0.9189,-3.75,DRIVE
99.95,3,0.137,0.9087,-94.82,9.4212,1.0274,-94.43,9.2849,0.9189,-3.75,DRIVE
100.0,3,0.1316,0.8286,-95.74,9.4201,1.0141,-94.58,9.2904,0.8389,-3.28,DRIVE
100.05,3,0.1316,0.8286,-95.74,9.418,0.9883,-94.87,9.2877,0.8389,-3.28,DRIVE
100.1,3,0.1316,0.8286,-95.74,9.4147,0.9516,-95.27,9.2839,0.8389,-3.28,DRIVE
100.15,3,0.1232,0.749,-96.66,9.4114,0.9175,-95.64,9.2897,0.7591,-2.68,DRIVE
100.2,3,0.1232,0.749,-96.66,9.4079,0.8841,-95.99,9.2857,0.7591,-2.68,DRIVE
100.25,3,0.1123,0.676,-97.5,9.4067,0.8729,-96.1,9.2965,0.6852,-1.93,DRIVE
100.3,3,0.1123,0.676,-97.5,9.4055,0.862,-96.21,9.2951,0.6852,-1.93,DRIVE
100.352,3,0.1123,0.676,-97.5,9.4021,0.8311,-96.52,9.2911,0.6852,-1.93,DRIVE
100.4,3,0.1012,0.6096,-98.21,9.3987,0.8026,-96.8,9.2995,0.618,-1.21,DRIVE
100.45,3,0.1012,0.6096,-98.21,9.3953,0.7752,-97.05,9.2956,0.618,-1.21,DRIVE
100.5,3,0.0907,0.5488,-98.84,9.392,0.7488,-97.29,9.3035,0.5562,-0.54,DRIVE
100.55,3,0.0907,0.5488,-98.84,9.3888,0.724,-97.5,9.2998,0.5562,-0.54,DRIVE
100.6,3,0.0794,0.4945,-99.37,9.3856,0.7002,-97.69,9.3084,0.5009,0.24,DRIVE
100.65,3,0.0794,0.4945,-99.37,9.3825,0.678,-97.86,9.3049,0.5009,0.24,DRIVE
100.7,3,0.0713,0.4461,-99.79,9.3795,0.6566,-98.01,9.3106,0.4518,0.71,DRIVE
100.75,3,0.0713,0.4461,-99.79,9.3767,0.6366,-98.13,9.3073,0.4518,0.71,DRIVE
100.8,3,0.0613,0.4017,-100.14,9.3739,0.6174,-98.24,9.3151,0.4064,1.47,DRIVE
100.85,3,0.0613,0.4017,-100.14,9.3713,0.5994,-98.33,9.3121,0.4064,1.47,DRIVE
100.9,3,0.0515,0.3636,-100.41,9.3687,0.5821,-98.4,9.3198,0.3672,2.35,DRIVE
100.95,3,0.0515,0.3636,-100.41,9.3663,0.5659,-98.45,9.3171,0.3672,2.35,DRIVE
101.0,3,0.0434,0.3276,-100.59,9.364,0.5504,-98.48,9.3233,0.3305,3.04,DRIVE
101.05,3,0.0434,0.3276,-100.59,9.3618,0.5358,-98.49,9.3207,0.3305,3.04,DRIVE
101.1,3,0.0366,0.2957,-100.69,9.3611,0.5309,-98.49,9.3275,0.2979,3.64,DRIVE
101.15,3,0.0366,0.2957,-100.69,9.3597,0.5217,-98.48,9.3259,0.2979,3.64,DRIVE
101.2,3,0.0366,0.2957,-100.69,9.3578,0.5087,-98.46,9.3236,0.2979,3.64,DRIVE
101.25,3,0.0276,0.2685,-100.73,9.356,0.4968,-98.42,9.3313,0.2699,4.87,DRIVE
101.3,3,0.0276,0.2685,-100.73,9.3543,0.4849,-98.37,9.3292,0.2699,4.87,DRIVE
101.35,3,0.0215,0.2425,-100.7,9.3526,0.4735,-98.3,9.3339,0.2435,5.62,DRIVE
