t,est_x,est_y,est_yaw_deg,est_wx,est_wy,true_x,true_y,true_yaw_deg,wp_x,wp_y,cmd_v,cmd_w,travelled,est_true_gap,pose_quality,chamfer_cm
0.0,0.0041,0.1421,-1.37,4.0767,0.0915,4.1763,-0.0099,46.15,0.585,-0.595,0.0,-0.5,0.0,0.1422,0.5536,nan
0.051,0.0041,0.1421,-1.37,4.0767,0.0915,4.1763,-0.0099,46.15,0.585,-0.595,0.0,-0.5,0.0,0.1422,0.5536,nan
0.102,0.0041,0.1421,-1.37,4.0767,0.0915,4.1763,-0.0099,46.12,0.585,-0.595,0.0,-0.5,0.0,0.1422,0.5536,nan
0.153,-0.017,0.1637,-1.35,4.0465,0.0912,4.1761,-0.0101,45.94,0.585,-0.595,0.0,-0.5,0.0003,0.1646,0.5412,0.0
0.204,-0.017,0.1637,-1.35,4.0465,0.0912,4.1758,-0.0105,45.52,0.585,-0.595,0.0,-0.5,0.0008,0.1645,0.5412,0.0
0.255,-0.0226,0.1965,-1.37,4.019,0.1099,4.1754,-0.0108,44.79,0.585,-0.595,0.0,-0.5,0.0013,0.1976,0.3496,0.0
0.305,-0.0226,0.1965,-1.37,4.019,0.1099,4.1752,-0.0111,44.14,0.585,-0.595,0.0,-0.5,0.0016,0.1976,0.3496,0.0
0.356,-0.0366,0.2377,-1.62,3.9795,0.1284,4.1751,-0.0112,43.8,0.585,-0.595,0.0,-0.5,0.0018,0.2402,0.6584,31.016
0.407,-0.0366,0.2377,-1.62,3.9795,0.1284,4.1747,-0.0115,42.77,0.585,-0.595,0.0,-0.5,0.0022,0.2401,0.6584,31.016
0.458,-0.0366,0.2377,-1.62,3.9795,0.1284,4.1745,-0.0117,41.75,0.585,-0.595,0.0,-0.5,0.0026,0.2401,0.6584,31.016
0.509,-0.0366,0.2377,-1.62,3.9795,0.1284,4.1743,-0.0119,40.75,0.585,-0.595,0.0,-0.5,0.0028,0.24,0.6584,31.016
0.56,-0.0553,0.2781,-2.82,3.9374,0.1428,4.1743,-0.0119,39.77,0.585,-0.595,0.0,-0.5,0.0029,0.2829,0.3448,31.016
0.611,-0.0575,0.3096,-4.86,3.9131,0.1631,4.1743,-0.0119,38.78,0.585,-0.595,0.0,-0.5,0.0028,0.3144,0.336,31.016
0.662,-0.0575,0.3096,-4.86,3.9131,0.1631,4.1745,-0.0118,37.79,0.585,-0.595,0.0,-0.5,0.0026,0.3144,0.336,31.016
0.713,-0.0552,0.3346,-6.81,3.8967,0.1821,4.1747,-0.0116,36.76,0.585,-0.595,0.0,-0.5,0.0023,0.3388,0.3648,31.016
0.764,-0.0552,0.3346,-6.81,3.8967,0.1821,4.1751,-0.0114,35.69,0.585,-0.595,0.0,-0.5,0.0019,0.3389,0.3648,31.016
0.815,-0.0552,0.3346,-6.81,3.8967,0.1821,4.1755,-0.0111,34.58,0.585,-0.595,0.0,-0.5,0.0014,0.3391,0.3648,31.016
0.866,-0.0547,0.3571,-8.77,3.8809,0.198,4.1759,-0.0108,33.42,0.585,-0.595,0.0,-0.5,0.0009,0.3615,0.608,31.016
0.917,-0.0509,0.3931,-10.84,3.8576,0.2257,4.1763,-0.0106,32.63,0.585,-0.595,0.0,-0.5,0.0007,0.3967,0.6088,45.413
0.967,-0.0509,0.3931,-10.84,3.8576,0.2257,4.1764,-0.0105,32.22,0.585,-0.595,0.0,-0.5,0.0006,0.3968,0.6088,45.413
1.018,-0.0509,0.3931,-10.84,3.8576,0.2257,4.177,-0.0101,30.98,0.585,-0.595,0.0,-0.5,0.0007,0.397,0.6088,45.413
1.069,-0.0509,0.3931,-10.84,3.8576,0.2257,4.1775,-0.0098,29.7,0.585,-0.595,0.0,-0.5,0.0012,0.3973,0.6088,45.413
1.12,-0.0484,0.4208,-13.06,3.8393,0.2467,4.1781,-0.0096,28.38,0.585,-0.595,0.0,-0.5,0.0018,0.4247,0.5576,45.413
1.171,-0.0484,0.4208,-13.06,3.8393,0.2467,4.1785,-0.0093,27.04,0.585,-0.595,0.0,-0.5,0.0023,0.425,0.5576,45.413
1.222,-0.0484,0.4208,-13.06,3.8393,0.2467,4.1786,-0.0093,26.58,0.585,-0.595,0.0,-0.5,0.0024,0.425,0.5576,45.413
1.273,-0.0484,0.4208,-13.06,3.8393,0.2467,4.1789,-0.0092,25.67,0.585,-0.595,0.0,-0.5,0.0027,0.4252,0.5576,45.413
1.323,-0.0484,0.4208,-13.06,3.8393,0.2467,4.1791,-0.0091,24.28,0.585,-0.595,0.0,-0.5,0.0029,0.4253,0.5576,45.413
1.374,-0.0484,0.4208,-13.06,3.8393,0.2467,4.1792,-0.009,22.88,0.585,-0.595,0.0,-0.5,0.0031,0.4253,0.5576,45.413
1.425,-0.0484,0.4208,-13.06,3.8393,0.2467,4.1792,-0.009,21.48,0.585,-0.595,0.0,-0.5,0.003,0.4253,0.5576,45.413
1.476,-0.0484,0.4208,-13.06,3.8393,0.2467,4.1791,-0.0091,20.07,0.585,-0.595,0.0,-0.5,0.0029,0.4253,0.5576,45.413
1.526,-0.0484,0.4208,-13.06,3.8393,0.2467,4.1789,-0.0091,18.67,0.585,-0.595,0.0,-0.5,0.0027,0.4252,0.5576,45.413
1.577,-0.0484,0.4208,-13.06,3.8393,0.2467,4.1786,-0.0092,17.27,0.585,-0.595,0.0,-0.5,0.0024,0.425,0.5576,45.413
1.628,-0.0484,0.4208,-13.06,3.8393,0.2467,4.1783,-0.0093,15.87,0.585,-0.595,0.0,-0.5,0.0021,0.4248,0.5576,45.413
1.679,-0.0484,0.4208,-13.06,3.8393,0.2467,4.1782,-0.0094,15.41,0.585,-0.595,0.0,-0.5,0.002,0.4247,0.5576,45.413
1.729,-0.0484,0.4208,-13.06,3.8393,0.2467,4.178,-0.0094,14.48,0.585,-0.595,0.0,-0.5,0.0017,0.4246,0.5576,45.413
1.78,-0.0484,0.4208,-13.06,3.8393,0.2467,4.1776,-0.0095,13.1,0.585,-0.595,0.0,-0.5,0.0014,0.4244,0.5576,45.413
1.831,-0.0484,0.4208,-13.06,3.8393,0.2467,4.1772,-0.0096,11.72,0.585,-0.595,0.0,-0.5,0.0009,0.4241,0.5576,45.413
1.882,-0.0484,0.4208,-13.06,3.8393,0.2467,4.1767,-0.0097,10.34,0.585,-0.595,0.0,-0.5,0.0005,0.4238,0.5576,45.413
1.933,-0.0484,0.4208,-13.06,3.8393,0.2467,4.1766,-0.0097,9.88,0.585,-0.595,0.0,-0.5,0.0004,0.4237,0.5576,45.413
1.983,-0.0484,0.4208,-13.06,3.8393,0.2467,4.1763,-0.0098,8.97,0.585,-0.595,0.0,-0.5,0.0001,0.4235,0.5576,45.413
2.034,-0.0484,0.4208,-13.06,3.8393,0.2467,4.1758,-0.0098,7.6,0.585,-0.595,0.0,-0.5,0.0005,0.4231,0.5576,45.413
2.085,-0.0484,0.4208,-13.06,3.8393,0.2467,4.1753,-0.0099,6.23,0.585,-0.595,0.0,-0.5,0.001,0.4228,0.5576,45.413
2.136,-0.0484,0.4208,-13.06,3.8393,0.2467,4.1748,-0.01,4.86,0.585,-0.595,0.0,-0.5,0.0015,0.4224,0.5576,45.413
2.187,-0.0296,0.4511,-15.39,3.8305,0.2813,4.1743,-0.01,3.5,0.585,-0.595,0.0,-0.5,0.002,0.4506,0.538,45.413
2.238,-0.0237,0.4817,-18.03,3.8125,0.3067,4.174,-0.01,2.59,0.585,-0.595,0.0,-0.5,0.0023,0.4806,0.3292,45.413
2.289,-0.0237,0.4817,-18.03,3.8125,0.3067,4.1738,-0.01,2.14,0.585,-0.595,0.0,-0.5,0.0025,0.4805,0.3292,45.413
2.34,-0.001,0.5072,-20.7,3.8098,0.3407,4.1733,-0.01,0.78,0.585,-0.595,0.0,-0.5,0.003,0.5051,0.5968,45.413
2.391,-0.001,0.5072,-20.7,3.8098,0.3407,4.1728,-0.01,-0.58,0.585,-0.595,0.0,-0.5,0.0035,0.5048,0.5968,45.413
2.442,0.0197,0.5312,-23.5,3.8069,0.3722,4.1722,-0.01,-1.94,0.585,-0.595,0.0,-0.5,0.0041,0.5288,0.5524,45.413
2.493,0.0315,0.5529,-26.27,3.7994,0.3958,4.1717,-0.01,-3.3,0.585,-0.595,0.0,-0.5,0.0046,0.5507,0.492,45.413
2.544,0.0315,0.5529,-26.27,3.7994,0.3958,4.1712,-0.01,-4.66,0.585,-0.595,0.0,-0.5,0.0051,0.5503,0.492,45.413
2.596,0.0479,0.5731,-29.01,3.7962,0.4216,4.1706,-0.0099,-6.02,0.585,-0.595,0.0,-0.5,0.0057,0.5714,0.3988,59.9
2.646,0.0479,0.5731,-29.01,3.7962,0.4216,4.1701,-0.0099,-7.37,0.585,-0.595,0.0,-0.5,0.0062,0.571,0.3988,59.9
2.698,0.0694,0.5875,-31.76,3.8007,0.4471,4.1696,-0.0098,-8.73,0.585,-0.595,0.0,-0.5,0.0067,0.5872,0.5792,59.9
2.749,0.0982,0.5955,-34.58,3.8149,0.4734,4.169,-0.0097,-10.09,0.585,-0.595,0.0,-0.5,0.0072,0.599,0.446,59.9
2.8,0.0982,0.5955,-34.58,3.8149,0.4734,4.1685,-0.0096,-11.45,0.585,-0.595,0.0,-0.5,0.0078,0.5987,0.446,59.9
2.851,0.1283,0.6261,-37.25,3.8137,0.5164,4.168,-0.0095,-12.8,0.585,-0.595,0.0,-0.5,0.0083,0.6341,0.4992,59.9
2.902,0.1283,0.6261,-37.25,3.8137,0.5164,4.1675,-0.0094,-14.16,0.585,-0.595,0.0,-0.5,0.0088,0.6337,0.4992,59.9
2.953,0.1614,0.6296,-39.97,3.8341,0.5427,4.167,-0.0092,-15.52,0.585,-0.595,0.0,-0.5,0.0094,0.6446,0.4852,73.249
3.004,0.1614,0.6296,-39.97,3.8341,0.5427,4.1664,-0.0091,-16.87,0.585,-0.595,0.0,-0.5,0.0099,0.6442,0.4852,73.249
3.055,0.191,0.6412,-42.71,3.8461,0.572,4.1659,-0.0089,-18.23,0.585,-0.595,0.0,-0.5,0.0104,0.6632,0.6196,73.249
3.106,0.191,0.6412,-42.71,3.8461,0.572,4.1654,-0.0088,-19.59,0.585,-0.595,0.0,-0.5,0.0109,0.6628,0.6196,73.249
3.157,0.191,0.6412,-42.71,3.8461,0.572,4.1649,-0.0086,-20.94,0.585,-0.595,0.0,-0.5,0.0115,0.6624,0.6196,73.249
3.207,0.191,0.6412,-42.71,3.8461,0.572,4.1649,-0.0086,-20.94,0.585,-0.595,0.0,-0.5,0.0115,0.6624,0.6196,73.249
3.259,0.2249,0.6505,-45.4,3.863,0.6029,4.1644,-0.0084,-22.3,0.585,-0.595,0.0,-0.5,0.012,0.6816,0.596,73.249
3.31,0.2249,0.6505,-45.4,3.863,0.6029,4.1639,-0.0082,-23.66,0.585,-0.595,0.0,-0.5,0.0125,0.6812,0.596,73.249
3.361,0.2249,0.6505,-45.4,3.863,0.6029,4.1634,-0.0079,-25.01,0.585,-0.595,0.0,-0.5,0.013,0.6808,0.596,73.249
3.412,0.2813,0.6725,-50.77,3.8862,0.6589,4.1633,-0.0079,-25.46,0.585,-0.595,0.0,-0.5,0.0132,0.722,0.5264,85.182
3.463,0.2813,0.6725,-50.77,3.8862,0.6589,4.1629,-0.0077,-26.37,0.585,-0.595,0.0,-0.5,0.0135,0.7218,0.5264,85.182
3.514,0.3265,0.6643,-53.46,3.9234,0.6857,4.1625,-0.0075,-27.72,0.585,-0.595,0.8,-0.5,0.014,0.7332,0.4532,85.182
3.566,0.3265,0.6643,-53.46,3.9234,0.6857,4.1622,-0.0073,-29.08,0.585,-0.595,0.8,-0.5,0.0144,0.733,0.4532,85.182
3.617,0.3909,0.681,-56.19,3.956,0.7438,4.1632,-0.0079,-29.97,0.585,-0.595,0.0,-0.5,0.0133,0.7797,0.306,85.182
3.668,0.4062,0.6729,-58.78,3.9724,0.7492,4.168,-0.0107,-31.31,0.585,-0.595,0.8,-0.485,0.0084,0.7847,0.338,85.182
3.719,0.4062,0.6729,-58.78,3.9724,0.7492,4.1764,-0.0161,-33.18,0.585,-0.595,0.8,-0.485,0.0062,0.792,0.338,85.182
3.77,0.4343,0.6723,-61.43,3.9924,0.769,4.1819,-0.0198,-34.16,0.585,-0.595,0.8,-0.456,0.0114,0.8113,0.6964,85.182
3.821,0.4343,0.6723,-61.43,3.9924,0.769,4.1819,-0.0198,-34.16,0.585,-0.595,0.8,-0.456,0.0114,0.8113,0.6964,85.182
3.872,0.4802,0.6706,-64.17,4.0254,0.801,4.1933,-0.0278,-35.7,0.585,-0.595,0.8,-0.442,0.0247,0.8456,0.7604,85.182
3.926,0.5283,0.6629,-66.85,4.0642,0.8304,4.2082,-0.039,-37.35,0.585,-0.595,0.8,-0.431,0.0431,0.8812,0.72,85.182
3.977,0.5283,0.6629,-66.85,4.0642,0.8304,4.2265,-0.0536,-39.1,0.585,-0.595,0.8,-0.431,0.0665,0.8987,0.72,85.182
4.029,0.5283,0.6629,-66.85,4.0642,0.8304,4.2479,-0.0718,-40.97,0.585,-0.595,0.8,-0.431,0.0947,0.9207,0.72,96.105
4.079,0.5283,0.6629,-66.85,4.0642,0.8304,4.2722,-0.094,-42.99,0.585,-0.595,0.8,-0.431,0.1275,0.9475,0.72,96.105
4.13,0.6024,0.6161,-72.22,4.1493,0.8513,4.2985,-0.1199,-45.12,0.585,-0.595,0.8,-0.389,0.1644,0.9826,0.4412,96.105
4.185,0.6531,0.597,-74.92,4.1982,0.8746,4.3251,-0.148,-47.16,0.585,-0.595,0.8,-0.384,0.203,1.0304,0.4216,96.105
4.236,0.6531,0.597,-74.92,4.1982,0.8746,4.3511,-0.1773,-49.01,0.585,-0.595,0.8,-0.384,0.2421,1.063,0.4216,96.105
4.288,0.6951,0.5728,-77.62,4.2447,0.8882,4.3846,-0.2179,-51.3,0.585,-0.595,0.8,-0.372,0.2944,1.1149,0.5628,96.105
4.339,0.6951,0.5728,-77.62,4.2447,0.8882,4.4008,-0.2387,-52.41,0.585,-0.595,0.8,-0.372,0.3206,1.1377,0.5628,106.057
4.39,0.7461,0.5278,-80.45,4.3126,0.8938,4.4321,-0.2813,-54.58,0.585,-0.595,0.8,-0.371,0.373,1.1812,0.5336,106.057
4.441,0.7801,0.4744,-83.55,4.3746,0.8813,4.4396,-0.2922,-55.12,0.585,-0.595,0.8,-0.351,0.386,1.1753,0.2644,106.057
4.492,0.7801,0.4744,-83.55,4.3746,0.8813,4.4544,-0.3141,-56.19,0.585,-0.595,0.8,-0.351,0.4122,1.198,0.2644,106.057
4.544,0.8501,0.3824,-86.98,4.4894,0.8681,4.4759,-0.3474,-57.77,0.585,-0.595,0.8,-0.381,0.4513,1.2156,0.4236,106.057
4.595,0.8501,0.3824,-86.98,4.4894,0.8681,4.4964,-0.3814,-59.32,0.585,-0.595,0.8,-0.381,0.4904,1.2495,0.4236,106.057
4.647,0.8305,0.3446,-90.54,4.5031,0.8278,4.516,-0.4159,-60.91,0.585,-0.595,0.777,-0.295,0.5294,1.2437,0.2908,106.057
4.698,0.8305,0.3446,-90.54,4.5031,0.8278,4.5346,-0.4508,-62.51,0.585,-0.595,0.777,-0.295,0.5681,1.279,0.2908,106.057
4.749,0.9414,0.1231,-95.04,4.7396,0.7543,4.5519,-0.4855,-63.99,0.585,-0.595,0.641,-0.447,0.606,1.2538,0.4092,106.057
4.801,0.9414,0.1231,-95.04,4.7396,0.7543,4.5681,-0.5202,-65.4,0.585,-0.595,0.641,-0.447,0.6434,1.2859,0.4092,115.241
4.852,0.9468,-0.001,-98.55,4.833,0.6722,4.5823,-0.5526,-66.83,0.585,-0.595,0.556,-0.477,0.6777,1.2502,0.4808,115.241
4.904,0.9737,-0.1043,-101.79,4.926,0.62,4.5945,-0.5824,-68.26,0.585,-0.595,0.0,-0.5,0.709,1.2473,0.3732,115.241
4.955,0.9737,-0.1043,-101.79,4.926,0.62,4.6048,-0.6096,-69.68,0.585,-0.595,0.0,-0.5,0.737,1.2709,0.3732,115.241
5.006,0.9804,-0.2326,-105.0,5.0232,0.536,4.6078,-0.6178,-70.14,0.585,-0.595,0.0,-0.5,0.7455,1.2263,0.5476,115.241
5.057,0.9804,-0.2326,-105.0,5.0232,0.536,4.613,-0.6329,-71.04,0.585,-0.595,0.0,-0.5,0.7608,1.2387,0.5476,115.241
5.108,0.9803,-0.372,-108.16,5.1237,0.4394,4.6191,-0.6517,-72.3,0.585,-0.595,0.0,-0.5,0.7797,1.2021,0.4628,115.241
5.159,0.9803,-0.372,-108.16,5.1237,0.4394,4.6234,-0.6659,-73.5,0.585,-0.595,0.0,-0.5,0.7939,1.2132,0.4628,124.115
5.21,0.9941,-0.4969,-111.1,5.2233,0.3628,4.6254,-0.6728,-74.28,0.585,-0.595,0.0,-0.5,0.8007,1.1958,0.4064,124.115
5.261,0.962,-0.6216,-113.99,5.291,0.2533,4.6261,-0.6754,-74.66,0.585,-0.595,0.0,-0.5,0.8033,1.1422,0.3712,124.115
5.314,0.962,-0.6216,-113.99,5.291,0.2533,4.6273,-0.6802,-75.83,0.585,-0.595,0.0,-0.5,0.8079,1.1453,0.3712,124.115
5.365,0.9503,-0.7292,-116.77,5.3605,0.1703,4.6276,-0.6813,-76.99,0.585,-0.595,0.0,-0.5,0.809,1.1236,0.5268,124.115
5.416,0.9503,-0.7292,-116.77,5.3605,0.1703,4.6277,-0.6819,-78.15,0.585,-0.595,0.0,-0.5,0.8095,1.124,0.5268,124.115
5.467,0.9503,-0.7292,-116.77,5.3605,0.1703,4.6278,-0.6824,-79.33,0.585,-0.595,0.0,-0.5,0.81,1.1243,0.5268,124.115
5.519,0.9432,-0.8767,-121.66,5.462,0.063,4.6279,-0.683,-80.55,0.585,-0.595,0.0,-0.5,0.8106,1.119,0.426,124.115
5.571,0.9432,-0.8767,-121.66,5.462,0.063,4.6279,-0.683,-80.55,0.585,-0.595,0.0,-0.5,0.8106,1.119,0.426,124.115
5.622,0.9416,-0.9268,-123.99,5.4969,0.0271,4.628,-0.6837,-81.81,0.585,-0.595,0.0,-0.5,0.8112,1.1227,0.5944,131.441
5.673,0.9416,-0.9268,-123.99,5.4969,0.0271,4.628,-0.6843,-83.1,0.585,-0.595,0.0,-0.5,0.8117,1.123,0.5944,131.441
5.725,0.9416,-0.9268,-123.99,5.4969,0.0271,4.6281,-0.6848,-84.43,0.585,-0.595,0.0,-0.5,0.8122,1.1233,0.5944,131.441
5.776,0.9542,-0.976,-126.36,5.5412,0.0021,4.6281,-0.6851,-85.33,0.585,-0.595,0.0,-0.5,0.8124,1.1428,0.5816,131.441
5.828,0.9542,-0.976,-126.36,5.5412,0.0021,4.6281,-0.6853,-85.78,0.585,-0.595,0.0,-0.5,0.8126,1.1429,0.5816,131.441
5.879,0.95,-1.0336,-128.92,5.5798,-0.0408,4.6281,-0.6856,-87.16,0.585,-0.595,0.0,-0.5,0.8129,1.1496,0.552,131.441
5.93,0.95,-1.0336,-128.92,5.5798,-0.0408,4.6281,-0.6858,-88.55,0.585,-0.595,0.0,-0.5,0.813,1.1497,0.552,131.441
5.982,0.95,-1.0336,-128.92,5.5798,-0.0408,4.6281,-0.6859,-89.95,0.585,-0.595,0.0,-0.5,0.8131,1.1497,0.552,131.441
6.033,0.9462,-1.0929,-131.51,5.62,-0.0846,4.6281,-0.6859,-91.35,0.585,-0.595,0.0,-0.5,0.813,1.1598,0.556,131.441
6.085,0.9462,-1.0929,-131.51,5.62,-0.0846,4.6281,-0.6857,-92.76,0.585,-0.595,0.0,-0.5,0.8129,1.1598,0.556,131.441
6.136,0.9459,-1.154,-134.23,5.6638,-0.1272,4.6281,-0.6855,-94.16,0.585,-0.595,0.0,-0.5,0.8127,1.1765,0.6412,131.441
6.187,0.9459,-1.154,-134.23,5.6638,-0.1272,4.6282,-0.6852,-95.56,0.585,-0.595,0.0,-0.5,0.8125,1.1764,0.6412,131.441
6.237,0.9459,-1.154,-134.23,5.6638,-0.1272,4.6282,-0.6849,-96.95,0.585,-0.595,0.0,-0.5,0.8123,1.1762,0.6412,131.441
6.288,0.9459,-1.154,-134.23,5.6638,-0.1272,4.6282,-0.6845,-98.34,0.585,-0.595,0.0,-0.5,0.812,1.176,0.6412,131.441
6.339,0.9459,-1.154,-134.23,5.6638,-0.1272,4.6283,-0.6841,-99.72,0.585,-0.595,0.0,-0.5,0.8117,1.1757,0.6412,131.441
6.39,0.9459,-1.154,-134.23,5.6638,-0.1272,4.6284,-0.6837,-101.1,0.585,-0.595,0.0,-0.5,0.8114,1.1755,0.6412,131.441
6.441,0.9459,-1.154,-134.23,5.6638,-0.1272,4.6285,-0.6832,-102.48,0.585,-0.595,0.0,-0.5,0.8111,1.1752,0.6412,131.441
6.492,0.9459,-1.154,-134.23,5.6638,-0.1272,4.6285,-0.6831,-102.94,0.585,-0.595,0.0,-0.5,0.811,1.1751,0.6412,131.441
6.542,0.9459,-1.154,-134.23,5.6638,-0.1272,4.6286,-0.6828,-103.85,0.585,-0.595,0.0,-0.5,0.8107,1.1749,0.6412,131.441
6.593,0.9459,-1.154,-134.23,5.6638,-0.1272,4.6287,-0.6823,-105.22,0.585,-0.595,0.0,-0.5,0.8104,1.1745,0.6412,131.441
6.644,0.9459,-1.154,-134.23,5.6638,-0.1272,4.6288,-0.6818,-106.59,0.585,-0.595,0.0,-0.5,0.8101,1.1742,0.6412,131.441
6.695,0.9459,-1.154,-134.23,5.6638,-0.1272,4.629,-0.6814,-107.95,0.585,-0.595,0.0,-0.5,0.8098,1.1738,0.6412,131.441
6.746,0.9459,-1.154,-134.23,5.6638,-0.1272,4.6291,-0.6809,-109.32,0.585,-0.595,0.0,-0.5,0.8095,1.1735,0.6412,131.441
6.797,0.9459,-1.154,-134.23,5.6638,-0.1272,4.6293,-0.6804,-110.68,0.585,-0.595,0.0,-0.5,0.8092,1.1731,0.6412,131.441
6.848,0.9459,-1.154,-134.23,5.6638,-0.1272,4.6295,-0.6799,-112.04,0.585,-0.595,0.0,-0.5,0.8089,1.1727,0.6412,131.441
6.9,0.9459,-1.154,-134.23,5.6638,-0.1272,4.6297,-0.6794,-113.4,0.585,-0.595,0.0,-0.5,0.8086,1.1723,0.6412,131.441
6.95,0.9459,-1.154,-134.23,5.6638,-0.1272,4.6299,-0.6789,-114.76,0.585,-0.595,0.0,-0.5,0.8083,1.1719,0.6412,131.441
7.002,0.9369,-1.207,-137.03,5.6958,-0.1704,4.6301,-0.6784,-116.12,0.585,-0.595,0.0,-0.5,0.808,1.1806,0.6252,138.434
7.053,0.9369,-1.207,-137.03,5.6958,-0.1704,4.6304,-0.678,-117.47,0.585,-0.595,0.0,-0.5,0.8078,1.1801,0.6252,138.434
7.104,0.9226,-1.2666,-139.81,5.7289,-0.222,4.6306,-0.6775,-118.83,0.585,-0.595,0.0,-0.5,0.8075,1.1889,0.5944,138.434
7.155,0.9226,-1.2666,-139.81,5.7289,-0.222,4.6309,-0.677,-120.19,0.585,-0.595,0.0,-0.5,0.8073,1.1885,0.5944,138.434
7.206,0.919,-1.3083,-142.5,5.7565,-0.2535,4.6312,-0.6766,-121.55,0.585,-0.595,0.0,-0.5,0.8071,1.2022,0.3476,138.434
7.257,0.919,-1.3083,-142.5,5.7565,-0.2535,4.6315,-0.6761,-122.9,0.585,-0.595,0.0,-0.5,0.8068,1.2018,0.3476,138.434
7.308,0.919,-1.3083,-142.5,5.7565,-0.2535,4.6318,-0.6757,-124.26,0.585,-0.595,0.0,-0.5,0.8066,1.2013,0.3476,138.434
7.359,0.8755,-1.4289,-148.15,5.8133,-0.3684,4.6321,-0.6752,-125.62,0.585,-0.595,0.0,-0.5,0.8065,1.2205,0.6356,138.434
7.41,0.8462,-1.4863,-150.88,5.8344,-0.4293,4.6321,-0.6752,-125.62,0.585,-0.595,0.0,-0.5,0.8065,1.2272,0.5696,144.932
7.461,0.8462,-1.4863,-150.88,5.8344,-0.4293,4.6323,-0.6749,-126.52,0.585,-0.595,0.0,-0.5,0.8063,1.227,0.5696,144.932
7.512,0.8343,-1.5327,-153.6,5.8596,-0.47,4.6326,-0.6745,-127.88,0.585,-0.595,0.0,-0.5,0.8062,1.2439,0.3136,144.932
7.563,0.8343,-1.5327,-153.6,5.8596,-0.47,4.6329,-0.6741,-129.24,0.585,-0.595,0.0,-0.5,0.806,1.2435,0.3136,144.932
7.614,0.8343,-1.5327,-153.6,5.8596,-0.47,4.6333,-0.6737,-130.59,0.585,-0.595,0.0,-0.5,0.8059,1.2431,0.3136,144.932
7.665,0.8343,-1.5327,-153.6,5.8596,-0.47,4.6335,-0.6734,-131.5,0.585,-0.595,0.0,-0.5,0.8058,1.2428,0.3136,144.932
7.716,0.758,-1.6467,-159.0,5.8889,-0.604,4.6336,-0.6733,-131.95,0.585,-0.595,0.0,-0.5,0.8057,1.2572,0.7276,144.932
7.767,0.7443,-1.6864,-161.71,5.9081,-0.6414,4.634,-0.6729,-133.31,0.585,-0.595,0.0,-0.5,0.8056,1.2745,0.346,144.932
7.819,0.7443,-1.6864,-161.71,5.9081,-0.6414,4.6344,-0.6725,-134.66,0.585,-0.595,0.0,-0.5,0.8055,1.2742,0.346,144.932
7.87,0.695,-1.7332,-164.4,5.9076,-0.7094,4.6347,-0.6721,-136.02,0.585,-0.595,0.0,-0.5,0.8054,1.2734,0.756,144.932
7.921,0.695,-1.7332,-164.4,5.9076,-0.7094,4.6351,-0.6717,-137.38,0.585,-0.595,0.0,-0.5,0.8053,1.2731,0.756,150.887
7.972,0.6531,-1.7791,-167.11,5.9117,-0.7714,4.6355,-0.6714,-138.73,0.585,-0.595,0.0,-0.5,0.8053,1.2801,0.6972,150.887
8.023,0.6103,-1.8238,-169.84,5.9144,-0.8332,4.6359,-0.671,-140.09,0.585,-0.595,0.0,-0.5,0.8052,1.2887,0.4012,150.887
8.074,0.6103,-1.8238,-169.84,5.9144,-0.8332,4.6364,-0.6707,-141.45,0.585,-0.595,0.0,-0.5,0.8052,1.2883,0.4012,150.887
8.126,0.562,-1.8625,-172.58,5.9088,-0.8949,4.6368,-0.6704,-142.8,0.585,-0.595,0.0,-0.5,0.8051,1.2917,0.5276,150.887
8.177,0.562,-1.8625,-172.58,5.9088,-0.8949,4.6372,-0.67,-144.16,0.585,-0.595,0.0,-0.5,0.8051,1.2913,0.5276,150.887
8.228,0.5125,-1.9037,-175.25,5.9042,-0.9592,4.6372,-0.67,-144.16,0.585,-0.595,0.0,-0.5,0.8051,1.2996,0.5268,150.887
8.279,0.4646,-1.9379,-177.92,5.8957,-1.0174,4.6377,-0.6697,-145.51,0.585,-0.595,0.0,-0.5,0.8051,1.3052,0.4864,150.887
8.33,0.4646,-1.9379,-177.92,5.8957,-1.0174,4.6381,-0.6694,-146.87,0.585,-0.595,0.0,-0.5,0.8051,1.3049,0.4864,150.887
8.383,0.4116,-1.9786,179.38,5.8884,-1.0837,4.6386,-0.6691,-148.23,0.585,-0.595,0.0,-0.5,0.8051,1.3168,0.6288,157.421
8.434,0.4116,-1.9786,179.38,5.8884,-1.0837,4.639,-0.6689,-149.58,0.585,-0.595,0.0,-0.5,0.8052,1.3164,0.6288,157.421
8.485,0.4116,-1.9786,179.38,5.8884,-1.0837,4.6396,-0.6685,-151.39,0.585,-0.595,0.0,-0.5,0.8052,1.3159,0.6288,157.421
8.537,0.4116,-1.9786,179.38,5.8884,-1.0837,4.6401,-0.6682,-152.75,0.585,-0.595,0.0,-0.5,0.8053,1.3156,0.6288,157.421
8.588,0.4116,-1.9786,179.38,5.8884,-1.0837,4.6406,-0.668,-154.1,0.585,-0.595,0.0,-0.5,0.8054,1.3152,0.6288,157.421
8.64,0.2441,-2.0648,171.33,5.8344,-1.2643,4.6409,-0.6678,-155.01,0.585,-0.595,0.0,-0.5,0.8055,1.3343,0.588,157.421
8.691,0.2441,-2.0648,171.33,5.8344,-1.2643,4.6414,-0.6676,-156.37,0.585,-0.595,0.0,-0.5,0.8056,1.3339,0.588,157.421
8.742,0.1832,-2.091,168.59,5.8112,-1.3263,4.6419,-0.6674,-157.72,0.585,-0.595,0.0,-0.5,0.8057,1.3421,0.6872,162.618
8.793,0.1832,-2.091,168.59,5.8112,-1.3263,4.6424,-0.6672,-159.08,0.585,-0.595,0.0,-0.5,0.8058,1.3418,0.6872,162.618
8.845,0.1172,-2.1121,165.89,5.7807,-1.3885,4.6429,-0.667,-160.43,0.585,-0.595,0.0,-0.5,0.8059,1.3472,0.6496,162.618
8.896,0.0629,-2.1349,163.2,5.7595,-1.4435,4.6436,-0.6668,-162.24,0.585,-0.595,0.0,-0.5,0.8061,1.3596,0.6388,162.618
8.947,0.0629,-2.1349,163.2,5.7595,-1.4435,4.6441,-0.6666,-163.6,0.585,-0.595,0.0,-0.5,0.8063,1.3593,0.6388,162.618
8.999,0.0629,-2.1349,163.2,5.7595,-1.4435,4.6446,-0.6665,-164.96,0.585,-0.595,0.0,-0.5,0.8065,1.3589,0.6388,162.618
9.05,0.0629,-2.1349,163.2,5.7595,-1.4435,4.6451,-0.6664,-166.31,0.585,-0.595,0.0,-0.5,0.8067,1.3586,0.6388,162.618
9.101,0.0629,-2.1349,163.2,5.7595,-1.4435,4.6457,-0.6662,-167.67,0.585,-0.595,0.0,-0.5,0.8069,1.3582,0.6388,162.618
9.152,0.0629,-2.1349,163.2,5.7595,-1.4435,4.6462,-0.6661,-169.03,0.585,-0.595,0.0,-0.5,0.8071,1.3578,0.6388,167.845
9.203,-0.1366,-2.1672,155.09,5.6446,-1.6097,4.6464,-0.6661,-169.48,0.585,-0.595,0.0,-0.5,0.8072,1.3736,0.7144,167.845
9.254,-0.1972,-2.1728,152.4,5.6066,-1.6574,4.6465,-0.6661,-169.93,0.585,-0.595,0.0,-0.5,0.8073,1.38,0.7724,167.845
9.304,-0.1972,-2.1728,152.4,5.6066,-1.6574,4.6465,-0.6661,-169.93,0.585,-0.595,0.0,-0.5,0.8073,1.38,0.7724,167.845
9.355,-0.2879,-2.1771,149.66,5.547,-1.7257,4.6471,-0.666,-171.29,0.585,-0.595,0.0,-0.5,0.8075,1.3903,0.592,167.845
9.406,-0.2879,-2.1771,149.66,5.547,-1.7257,4.6476,-0.6659,-172.64,0.585,-0.595,0.0,-0.5,0.8077,1.39,0.592,167.845
9.457,-0.3387,-2.1791,146.99,5.5132,-1.7637,4.6481,-0.6658,-174.0,0.585,-0.595,0.0,-0.5,0.808,1.3978,0.6952,167.845
9.508,-0.3387,-2.1791,146.99,5.5132,-1.7637,4.6487,-0.6658,-175.36,0.585,-0.595,0.0,-0.5,0.8083,1.3975,0.6952,167.845
9.56,-0.3987,-2.1629,144.29,5.4599,-1.7958,4.6492,-0.6657,-176.71,0.585,-0.595,0.0,-0.5,0.8086,1.3908,0.766,167.845
9.611,-0.3987,-2.1629,144.29,5.4599,-1.7958,4.6497,-0.6657,-178.07,0.585,-0.595,0.0,-0.5,0.8088,1.3905,0.766,172.036
9.662,-0.4839,-2.1669,141.58,5.4038,-1.86,4.6503,-0.6657,-179.43,0.585,-0.595,0.0,-0.5,0.8092,1.4121,0.694,172.036
9.714,-0.5443,-2.1586,138.95,5.356,-1.8979,4.6508,-0.6657,179.22,0.585,-0.595,0.0,-0.5,0.8095,1.4197,0.3444,172.036
9.764,-0.5443,-2.1586,138.95,5.356,-1.8979,4.6513,-0.6657,177.86,0.585,-0.595,0.0,-0.5,0.8098,1.4194,0.3444,172.036
9.818,-0.6235,-2.1475,136.21,5.2931,-1.9472,4.6519,-0.6657,176.5,0.585,-0.595,0.0,-0.5,0.8101,1.433,0.554,172.036
9.87,-0.6235,-2.1475,136.21,5.2931,-1.9472,4.6524,-0.6658,175.15,0.585,-0.595,0.0,-0.5,0.8105,1.4327,0.554,172.036
9.921,-0.6899,-2.1373,133.52,5.2398,-1.9881,4.653,-0.6658,173.79,0.585,-0.595,0.0,-0.5,0.8108,1.4466,0.5088,172.036
9.972,-0.6899,-2.1373,133.52,5.2398,-1.9881,4.6537,-0.6659,171.98,0.585,-0.595,0.0,-0.5,0.8113,1.4463,0.5088,172.036
10.024,-0.7564,-2.1202,130.86,5.1813,-2.0242,4.6542,-0.666,170.63,0.585,-0.595,0.0,-0.5,0.8117,1.4569,0.4964,172.036
10.075,-0.7564,-2.1202,130.86,5.1813,-2.0242,4.6547,-0.6661,169.27,0.585,-0.595,0.0,-0.5,0.8121,1.4566,0.4964,172.036
10.125,-0.7564,-2.1202,130.86,5.1813,-2.0242,4.6553,-0.6662,167.91,0.585,-0.595,0.0,-0.5,0.8125,1.4563,0.4964,172.036
10.176,-0.7564,-2.1202,130.86,5.1813,-2.0242,4.6554,-0.6662,167.46,0.585,-0.595,0.0,-0.5,0.8126,1.4562,0.4964,172.036
10.227,-0.7564,-2.1202,130.86,5.1813,-2.0242,4.6558,-0.6663,166.56,0.585,-0.595,0.0,-0.5,0.8129,1.456,0.4964,172.036
10.278,-0.7564,-2.1202,130.86,5.1813,-2.0242,4.6563,-0.6664,165.2,0.585,-0.595,0.0,-0.5,0.8133,1.4557,0.4964,172.036
10.329,-0.7564,-2.1202,130.86,5.1813,-2.0242,4.6567,-0.6665,164.3,0.585,-0.595,0.0,-0.5,0.8136,1.4555,0.4964,172.036
10.38,-0.7564,-2.1202,130.86,5.1813,-2.0242,4.6573,-0.6667,162.49,0.585,-0.595,0.0,-0.5,0.8141,1.455,0.4964,172.036
10.431,-0.7564,-2.1202,130.86,5.1813,-2.0242,4.6579,-0.6669,161.13,0.585,-0.595,0.0,-0.5,0.8146,1.4547,0.4964,172.036
10.482,-0.7564,-2.1202,130.86,5.1813,-2.0242,4.6579,-0.6669,161.13,0.585,-0.595,0.0,-0.5,0.8146,1.4547,0.4964,172.036
10.533,-0.7564,-2.1202,130.86,5.1813,-2.0242,4.6582,-0.667,160.23,0.585,-0.595,0.0,-0.5,0.8149,1.4545,0.4964,172.036
10.584,-0.7564,-2.1202,130.86,5.1813,-2.0242,4.6587,-0.6672,158.87,0.585,-0.595,0.0,-0.5,0.8153,1.4541,0.4964,172.036
10.635,-0.7564,-2.1202,130.86,5.1813,-2.0242,4.6592,-0.6674,157.51,0.585,-0.595,0.0,-0.5,0.8158,1.4537,0.4964,172.036
10.686,-0.7564,-2.1202,130.86,5.1813,-2.0242,4.6597,-0.6676,156.16,0.585,-0.595,0.0,-0.5,0.8163,1.4534,0.4964,172.036
10.736,-0.7564,-2.1202,130.86,5.1813,-2.0242,4.6602,-0.6679,154.8,0.585,-0.595,0.0,-0.5,0.8167,1.453,0.4964,172.036
10.788,-0.7564,-2.1202,130.86,5.1813,-2.0242,4.6607,-0.6681,153.44,0.585,-0.595,0.0,-0.5,0.8172,1.4526,0.4964,172.036
10.839,-0.7564,-2.1202,130.86,5.1813,-2.0242,4.6611,-0.6683,152.09,0.585,-0.595,0.0,-0.5,0.8177,1.4522,0.4964,172.036
10.89,-0.7564,-2.1202,130.86,5.1813,-2.0242,4.6616,-0.6686,150.73,0.585,-0.595,0.0,-0.5,0.8182,1.4518,0.4964,172.036
10.941,-0.7564,-2.1202,130.86,5.1813,-2.0242,4.6621,-0.6689,149.38,0.585,-0.595,0.0,-0.5,0.8187,1.4514,0.4964,172.036
10.992,-0.7564,-2.1202,130.86,5.1813,-2.0242,4.6625,-0.6691,148.02,0.585,-0.595,0.0,-0.5,0.8192,1.4509,0.4964,172.036
11.043,-0.8208,-2.0976,128.11,5.1204,-2.055,4.663,-0.6694,146.66,0.585,-0.595,0.0,-0.5,0.8197,1.4591,0.6184,172.036
11.094,-0.8208,-2.0976,128.11,5.1204,-2.055,4.6635,-0.6697,145.31,0.585,-0.595,0.0,-0.5,0.8202,1.4586,0.6184,172.036
11.146,-0.8827,-2.0726,125.43,5.0595,-2.0823,4.6639,-0.67,143.95,0.585,-0.595,0.0,-0.5,0.8207,1.4667,0.584,172.036
11.197,-0.8827,-2.0726,125.43,5.0595,-2.0823,4.6643,-0.6704,142.59,0.585,-0.595,0.0,-0.5,0.8212,1.4662,0.584,176.374
11.248,-0.957,-2.037,122.77,4.9824,-2.1112,4.6649,-0.6708,140.79,0.585,-0.595,0.0,-0.5,0.8219,1.4749,0.5664,176.374
11.299,-1.014,-2.009,120.05,4.9227,-2.1329,4.6652,-0.671,139.88,0.585,-0.595,0.0,-0.5,0.8222,1.4844,0.666,176.374
11.351,-1.014,-2.009,120.05,4.9227,-2.1329,4.6657,-0.6715,138.07,0.585,-0.595,0.0,-0.5,0.8229,1.4838,0.666,176.374
11.402,-1.014,-2.009,120.05,4.9227,-2.1329,4.6661,-0.6719,136.72,0.585,-0.595,0.0,-0.5,0.8235,1.4834,0.666,176.374
11.453,-1.014,-2.009,120.05,4.9227,-2.1329,4.6665,-0.6722,135.36,0.585,-0.595,0.0,-0.5,0.824,1.483,0.666,176.374
11.504,-1.1315,-1.9351,114.68,4.788,-2.1664,4.6667,-0.6725,134.46,0.585,-0.595,0.0,-0.5,0.8243,1.4989,0.6704,176.374
11.555,-1.1315,-1.9351,114.68,4.788,-2.1664,4.6669,-0.6726,134.01,0.585,-0.595,0.0,-0.5,0.8245,1.4987,0.6704,179.58
11.606,-1.1814,-1.8905,111.99,4.7213,-2.1716,4.6671,-0.6729,133.1,0.585,-0.595,0.0,-0.5,0.8249,1.4997,0.752,179.58
11.659,-1.2373,-1.8465,109.29,4.6508,-2.1814,4.6675,-0.6733,131.74,0.585,-0.595,0.0,-0.5,0.8254,1.5082,0.7148,179.58
11.709,-1.2373,-1.8465,109.29,4.6508,-2.1814,4.6678,-0.6737,130.39,0.585,-0.595,0.0,-0.5,0.826,1.5078,0.7148,179.58
11.76,-1.2961,-1.7982,106.63,4.5753,-2.1904,4.6682,-0.6741,129.03,0.585,-0.595,0.0,-0.5,0.8265,1.5191,0.7036,179.58
11.813,-1.2961,-1.7982,106.63,4.5753,-2.1904,4.6685,-0.6745,127.68,0.585,-0.595,0.0,-0.5,0.827,1.5187,0.7036,179.58
11.864,-1.3449,-1.748,103.92,4.5052,-2.1908,4.6688,-0.6749,126.32,0.585,-0.595,0.0,-0.5,0.8276,1.5246,0.7764,179.58
11.915,-1.3449,-1.748,103.92,4.5052,-2.1908,4.6692,-0.6754,124.96,0.585,-0.595,0.0,-0.5,0.8281,1.5242,0.7764,179.58
11.966,-1.3449,-1.748,103.92,4.5052,-2.1908,4.6695,-0.6758,123.61,0.585,-0.595,0.0,-0.5,0.8286,1.5238,0.7764,179.58
12.017,-1.4267,-1.6533,98.51,4.3803,-2.1841,4.6698,-0.6763,122.25,0.585,-0.595,0.0,-0.5,0.8292,1.5354,0.7612,182.804
12.068,-1.4267,-1.6533,98.51,4.3803,-2.1841,4.67,-0.6767,120.89,0.585,-0.595,0.0,-0.5,0.8297,1.535,0.7612,182.804
12.12,-1.4694,-1.5996,95.83,4.3119,-2.1778,4.6703,-0.6772,119.54,0.585,-0.595,0.0,-0.5,0.8302,1.5428,0.7756,182.804
12.17,-1.4694,-1.5996,95.83,4.3119,-2.1778,4.6706,-0.6777,118.18,0.585,-0.595,0.0,-0.5,0.8308,1.5424,0.7756,182.804
12.221,-1.4694,-1.5996,95.83,4.3119,-2.1778,4.6708,-0.6781,116.82,0.585,-0.595,0.0,-0.5,0.8313,1.542,0.7756,182.804
12.273,-1.5517,-1.4634,90.41,4.1567,-2.1427,4.6711,-0.6786,115.47,0.585,-0.595,0.0,-0.5,0.8318,1.5518,0.7424,182.804
12.326,-1.5517,-1.4634,90.41,4.1567,-2.1427,4.6713,-0.6791,114.11,0.585,-0.595,0.0,-0.5,0.8324,1.5514,0.7424,182.804
12.377,-1.5903,-1.3945,87.7,4.0803,-2.1228,4.6715,-0.6796,112.75,0.585,-0.595,0.0,-0.5,0.8329,1.5596,0.7648,185.298
12.428,-1.5903,-1.3945,87.7,4.0803,-2.1228,4.6717,-0.6801,111.4,0.585,-0.595,0.0,-0.5,0.8334,1.5592,0.7648,185.298
12.48,-1.6204,-1.3306,84.98,4.0134,-2.1003,4.6719,-0.6806,110.04,0.585,-0.595,0.0,-0.5,0.8339,1.565,0.7468,185.298
12.531,-1.6204,-1.3306,84.98,4.0134,-2.1003,4.6721,-0.6811,108.68,0.585,-0.595,0.0,-0.5,0.8344,1.5646,0.7468,185.298
12.582,-1.6204,-1.3306,84.98,4.0134,-2.1003,4.6722,-0.6816,107.33,0.585,-0.595,0.0,-0.5,0.835,1.5642,0.7468,185.298
12.633,-1.6669,-1.1966,79.68,3.8845,-2.041,4.6724,-0.6821,105.97,0.585,-0.595,0.0,-0.5,0.8355,1.5708,0.6992,185.298
12.684,-1.6669,-1.1966,79.68,3.8845,-2.041,4.6725,-0.6827,104.62,0.585,-0.595,0.0,-0.5,0.836,1.5704,0.6992,185.298
12.735,-1.6669,-1.1966,79.68,3.8845,-2.041,4.6727,-0.6832,103.26,0.585,-0.595,0.0,-0.5,0.8365,1.57,0.6992,185.298
12.787,-1.6669,-1.1966,79.68,3.8845,-2.041,4.6728,-0.6837,101.9,0.585,-0.595,0.0,-0.5,0.837,1.5696,0.6992,187.098
12.838,-1.7026,-1.0548,74.29,3.7575,-1.9685,4.6729,-0.6844,100.09,0.585,-0.595,0.0,-0.5,0.8376,1.577,0.704,187.098
12.889,-1.7026,-1.0548,74.29,3.7575,-1.9685,4.673,-0.6849,98.74,0.585,-0.595,0.0,-0.5,0.8381,1.5766,0.704,187.098
12.941,-1.7026,-1.0548,74.29,3.7575,-1.9685,4.6731,-0.6855,97.38,0.585,-0.595,0.0,-0.5,0.8386,1.5763,0.704,187.098
12.992,-1.7188,-0.912,68.98,3.6433,-1.8813,4.6732,-0.686,96.02,0.585,-0.595,0.0,-0.5,0.839,1.5777,0.6212,187.098
13.043,-1.7188,-0.912,68.98,3.6433,-1.8813,4.6732,-0.686,96.02,0.585,-0.595,0.0,-0.5,0.839,1.5777,0.6212,187.098
13.094,-1.7349,-0.8416,66.25,3.5814,-1.8441,4.6732,-0.6864,95.12,0.585,-0.595,0.0,-0.5,0.8393,1.5914,0.7316,187.098
13.145,-1.7349,-0.8416,66.25,3.5814,-1.8441,4.6732,-0.6869,93.76,0.585,-0.595,0.0,-0.5,0.8398,1.591,0.7316,187.098
13.196,-1.7349,-0.8416,66.25,3.5814,-1.8441,4.6733,-0.6874,92.41,0.585,-0.595,0.0,-0.5,0.8402,1.5906,0.7316,187.098
13.246,-1.7349,-0.8416,66.25,3.5814,-1.8441,4.6733,-0.688,91.05,0.585,-0.595,0.0,-0.5,0.8407,1.5902,0.7316,187.098
13.297,-1.7349,-0.8416,66.25,3.5814,-1.8441,4.6733,-0.6885,89.7,0.585,-0.595,0.0,-0.5,0.8411,1.5899,0.7316,187.098
13.348,-1.7349,-0.8416,66.25,3.5814,-1.8441,4.6733,-0.689,88.34,0.585,-0.595,0.0,-0.5,0.8416,1.5895,0.7316,187.098
13.399,-1.7349,-0.8416,66.25,3.5814,-1.8441,4.6733,-0.6896,86.98,0.585,-0.595,0.0,-0.5,0.842,1.5891,0.7316,187.098
13.45,-1.7349,-0.8416,66.25,3.5814,-1.8441,4.6732,-0.6901,85.63,0.585,-0.595,0.0,-0.5,0.8424,1.5886,0.7316,187.098
13.501,-1.7308,-0.7637,63.55,3.528,-1.7872,4.6732,-0.6901,85.63,0.585,-0.595,0.0,-0.5,0.8424,1.5859,0.7004,187.098
13.552,-1.7308,-0.7637,63.55,3.528,-1.7872,4.6732,-0.6907,84.27,0.585,-0.595,0.0,-0.5,0.8428,1.5855,0.7004,187.098
13.604,-1.7271,-0.6864,60.85,3.4749,-1.7309,4.6731,-0.6912,82.91,0.585,-0.595,0.0,-0.5,0.8432,1.5864,0.6368,188.993
13.654,-1.7271,-0.6864,60.85,3.4749,-1.7309,4.673,-0.6917,81.56,0.585,-0.595,0.0,-0.5,0.8436,1.586,0.6368,188.993
13.705,-1.7223,-0.616,58.14,3.4274,-1.6788,4.673,-0.6923,80.2,0.585,-0.595,0.0,-0.5,0.844,1.5889,0.7212,188.993
13.757,-1.702,-0.5431,55.47,3.3889,-1.6136,4.6729,-0.6928,78.84,0.585,-0.595,0.0,-0.5,0.8443,1.58,0.6736,188.993
13.807,-1.702,-0.5431,55.47,3.3889,-1.6136,4.6728,-0.6933,77.49,0.585,-0.595,0.0,-0.5,0.8447,1.5796,0.6736,188.993
13.861,-1.6947,-0.4618,52.72,3.3353,-1.552,4.6726,-0.6938,76.13,0.585,-0.595,0.0,-0.5,0.845,1.589,0.6908,188.993
13.912,-1.6947,-0.4618,52.72,3.3353,-1.552,4.6725,-0.6944,74.77,0.585,-0.595,0.0,-0.5,0.8454,1.5886,0.6908,188.993
13.963,-1.6947,-0.4618,52.72,3.3353,-1.552,4.6724,-0.6949,73.42,0.585,-0.595,0.0,-0.5,0.8457,1.5882,0.6908,188.993
14.014,-1.6947,-0.4618,52.72,3.3353,-1.552,4.6722,-0.6954,72.06,0.585,-0.595,0.0,-0.5,0.846,1.5878,0.6908,188.993
14.066,-1.6557,-0.3185,47.35,3.259,-1.4246,4.672,-0.6959,70.7,0.585,-0.595,0.0,-0.5,0.8464,1.5899,0.7212,188.993
14.116,-1.628,-0.2417,44.65,3.2228,-1.3514,4.672,-0.6959,70.7,0.585,-0.595,0.0,-0.5,0.8464,1.5906,0.656,188.993
14.167,-1.628,-0.2417,44.65,3.2228,-1.3514,4.6718,-0.6964,69.35,0.585,-0.595,0.0,-0.5,0.8467,1.5902,0.656,188.993
14.218,-1.6047,-0.1751,41.94,3.1909,-1.2884,4.6716,-0.6969,67.99,0.585,-0.595,0.0,-0.5,0.847,1.5945,0.7568,190.003
14.269,-1.6047,-0.1751,41.94,3.1909,-1.2884,4.6714,-0.6974,66.64,0.585,-0.595,0.0,-0.5,0.8472,1.5942,0.7568,190.003
14.32,-1.5857,-0.1071,39.24,3.155,-1.2277,4.6712,-0.6979,65.28,0.585,-0.595,0.0,-0.5,0.8475,1.6061,0.7556,190.003
14.371,-1.5449,-0.037,36.54,3.1327,-1.1497,4.6711,-0.6981,64.83,0.585,-0.595,0.0,-0.5,0.8476,1.6034,0.7432,190.003
14.421,-1.5449,-0.037,36.54,3.1327,-1.1497,4.671,-0.6984,63.92,0.585,-0.595,0.0,-0.5,0.8478,1.6031,0.7432,190.003
14.472,-1.5449,-0.037,36.54,3.1327,-1.1497,4.6708,-0.6989,62.57,0.585,-0.595,0.0,-0.5,0.848,1.6028,0.7432,190.003
14.523,-1.5237,0.0164,33.87,3.1089,-1.0974,4.6705,-0.6993,61.21,0.585,-0.595,0.0,-0.5,0.8483,1.6116,0.7756,190.003
14.574,-1.4644,0.086,31.18,3.0998,-1.0064,4.6702,-0.6998,59.85,0.585,-0.595,0.0,-0.5,0.8485,1.6001,0.744,191.753
14.625,-1.4644,0.086,31.18,3.0998,-1.0064,4.67,-0.7003,58.5,0.585,-0.595,0.0,-0.5,0.8487,1.5997,0.744,191.753
14.676,-1.4359,0.1529,28.44,3.0713,-0.9396,4.6697,-0.7007,57.14,0.585,-0.595,0.0,-0.5,0.8489,1.6162,0.7084,191.753
14.727,-1.4359,0.1529,28.44,3.0713,-0.9396,4.6694,-0.7012,55.78,0.585,-0.595,0.0,-0.5,0.8491,1.6158,0.7084,191.753
14.779,-1.4359,0.1529,28.44,3.0713,-0.9396,4.6691,-0.7016,54.43,0.585,-0.595,0.0,-0.5,0.8493,1.6154,0.7084,191.753
14.831,-1.3448,0.2722,23.06,3.0484,-0.7912,4.6688,-0.7021,53.07,0.585,-0.595,0.0,-0.5,0.8495,1.6228,0.714,191.753
14.883,-1.3448,0.2722,23.06,3.0484,-0.7912,4.6684,-0.7025,51.71,0.585,-0.595,0.0,-0.5,0.8496,1.6224,0.714,191.753
14.935,-1.2897,0.3404,20.33,3.0373,-0.7042,4.6681,-0.7029,50.36,0.585,-0.595,0.0,-0.5,0.8498,1.6307,0.6876,192.717
14.986,-1.2897,0.3404,20.33,3.0373,-0.7042,4.6677,-0.7033,49.0,0.585,-0.595,0.0,-0.5,0.8499,1.6304,0.6876,192.717
15.041,-1.2897,0.3404,20.33,3.0373,-0.7042,4.6673,-0.7038,47.19,0.585,-0.595,0.0,-0.5,0.8501,1.6299,0.6876,192.717
15.092,-1.2897,0.3404,20.33,3.0373,-0.7042,4.6669,-0.7042,45.84,0.585,-0.595,0.0,-0.5,0.8502,1.6296,0.6876,192.717
15.145,-1.1849,0.4424,14.96,3.0364,-0.558,4.6665,-0.7046,44.48,0.585,-0.595,0.0,-0.5,0.8503,1.6367,0.6452,192.717
15.197,-1.1849,0.4424,14.96,3.0364,-0.558,4.6661,-0.705,43.12,0.585,-0.595,0.0,-0.5,0.8503,1.6363,0.6452,192.717
15.248,-1.1849,0.4424,14.96,3.0364,-0.558,4.6657,-0.7054,41.77,0.585,-0.595,0.0,-0.5,0.8504,1.636,0.6452,192.717
15.299,-1.0729,0.5362,9.52,3.0463,-0.4122,4.6653,-0.7057,40.41,0.585,-0.595,0.0,-0.5,0.8505,1.6454,0.5136,192.717
15.35,-1.0729,0.5362,9.52,3.0463,-0.4122,4.6649,-0.7061,39.06,0.585,-0.595,0.0,-0.5,0.8505,1.645,0.5136,192.717
15.401,-1.0729,0.5362,9.52,3.0463,-0.4122,4.6645,-0.7064,37.7,0.585,-0.595,0.0,-0.5,0.8505,1.6447,0.5136,193.783
15.452,-1.0729,0.5362,9.52,3.0463,-0.4122,4.6643,-0.7065,37.25,0.585,-0.595,0.0,-0.5,0.8506,1.6446,0.5136,193.783
15.503,-0.9514,0.611,4.23,3.0766,-0.2727,4.6642,-0.7066,36.8,0.585,-0.595,0.0,-0.5,0.8506,1.6458,0.2884,193.783
15.556,-0.8987,0.6406,1.58,3.0917,-0.2143,4.6638,-0.7069,35.44,0.585,-0.595,0.0,-0.5,0.8506,1.6474,0.4924,193.783
15.607,-0.8987,0.6406,1.58,3.0917,-0.2143,4.6633,-0.7072,34.08,0.585,-0.595,0.0,-0.5,0.8506,1.6471,0.4924,193.783
15.659,-0.8284,0.6873,-1.13,3.1068,-0.1312,4.6629,-0.7075,32.73,0.585,-0.595,0.0,-0.5,0.8506,1.6594,0.4452,193.783
15.71,-0.8284,0.6873,-1.13,3.1068,-0.1312,4.6624,-0.7078,31.37,0.585,-0.595,0.0,-0.5,0.8505,1.6591,0.4452,193.783
15.76,-0.7498,0.7005,-3.83,3.1517,-0.0654,4.6624,-0.7078,31.37,0.585,-0.595,0.0,-0.5,0.8505,1.6417,0.424,193.783
15.811,-0.7498,0.7005,-3.83,3.1517,-0.0654,4.662,-0.7081,30.01,0.585,-0.595,0.0,-0.5,0.8505,1.6414,0.424,194.364
15.862,-0.6797,0.7412,-6.56,3.1709,0.0134,4.6615,-0.7084,28.66,0.585,-0.595,0.0,-0.5,0.8504,1.6561,0.6048,194.364
15.913,-0.604,0.7649,-9.27,3.2063,0.0844,4.6615,-0.7084,28.66,0.585,-0.595,0.0,-0.5,0.8504,1.6571,0.5268,194.364
15.963,-0.604,0.7649,-9.27,3.2063,0.0844,4.661,-0.7086,27.3,0.585,-0.595,0.0,-0.5,0.8504,1.6568,0.5268,194.364
16.014,-0.5354,0.7801,-11.98,3.2429,0.1444,4.6605,-0.7089,25.94,0.585,-0.595,0.0,-0.5,0.8503,1.6546,0.5104,194.364
16.065,-0.5354,0.7801,-11.98,3.2429,0.1444,4.6601,-0.7091,24.59,0.585,-0.595,0.0,-0.5,0.8502,1.6544,0.5104,194.364
16.116,-0.4511,0.7985,-14.65,3.2879,0.2179,4.6596,-0.7093,23.23,0.585,-0.595,0.0,-0.5,0.8501,1.6556,0.5472,194.364
16.168,-0.3819,0.8108,-17.35,3.3269,0.2764,4.6591,-0.7095,21.88,0.585,-0.595,0.0,-0.5,0.85,1.6573,0.5332,194.364
16.22,-0.3819,0.8108,-17.35,3.3269,0.2764,4.6586,-0.7097,20.52,0.585,-0.595,0.0,-0.5,0.8499,1.657,0.5332,194.364
16.271,-0.3034,0.8157,-20.02,3.3779,0.3363,4.6581,-0.7099,19.16,0.585,-0.595,0.0,-0.5,0.8497,1.6533,0.514,194.364
16.322,-0.3034,0.8157,-20.02,3.3779,0.3363,4.6576,-0.7101,17.81,0.585,-0.595,0.0,-0.5,0.8496,1.653,0.514,194.364
16.373,-0.2233,0.8257,-22.76,3.4261,0.4011,4.6576,-0.7101,17.81,0.585,-0.595,0.0,-0.5,0.8496,1.6586,0.5284,194.483
16.424,-0.2233,0.8257,-22.76,3.4261,0.4011,4.657,-0.7102,16.45,0.585,-0.595,0.0,-0.5,0.8494,1.6583,0.5284,194.483
16.475,-0.2233,0.8257,-22.76,3.4261,0.4011,4.6565,-0.7104,15.09,0.585,-0.595,0.0,-0.5,0.8493,1.6581,0.5284,194.483
16.526,-0.1391,0.8286,-25.47,3.4824,0.4638,4.656,-0.7105,13.74,0.585,-0.595,0.0,-0.5,0.8491,1.6602,0.504,194.483
16.577,-0.1391,0.8286,-25.47,3.4824,0.4638,4.6555,-0.7106,12.38,0.585,-0.595,0.0,-0.5,0.8489,1.6599,0.504,194.483
16.628,-0.0622,0.8316,-28.13,3.5334,0.5213,4.655,-0.7107,11.02,0.585,-0.595,0.0,-0.5,0.8487,1.6661,0.522,194.483
16.679,-0.0622,0.8316,-28.13,3.5334,0.5213,4.6544,-0.7108,9.67,0.585,-0.595,0.0,-0.5,0.8485,1.6658,0.522,194.483
16.73,0.0142,0.8306,-30.84,3.5871,0.5758,4.6539,-0.7109,8.31,0.585,-0.595,0.0,-0.5,0.8482,1.6714,0.526,194.483
16.78,0.0142,0.8306,-30.84,3.5871,0.5758,4.6534,-0.711,6.95,0.585,-0.595,0.0,-0.5,0.848,1.6711,0.526,194.483
16.832,0.0142,0.8306,-30.84,3.5871,0.5758,4.6528,-0.7111,5.6,0.585,-0.595,0.0,-0.5,0.8478,1.6708,0.526,194.483
16.882,0.0807,0.8283,-33.58,3.6348,0.6221,4.6523,-0.7111,4.24,0.585,-0.595,0.0,-0.5,0.8475,1.6771,0.5028,194.483
16.936,0.1685,0.8175,-36.29,3.7035,0.6779,4.6518,-0.7111,2.88,0.585,-0.595,0.0,-0.5,0.8472,1.6819,0.322,194.483
16.988,0.1685,0.8175,-36.29,3.7035,0.6779,4.6512,-0.7112,1.53,0.585,-0.595,0.0,-0.5,0.8469,1.6816,0.322,194.933
17.04,0.2525,0.8,-39.0,3.7743,0.7263,4.6505,-0.7112,-0.28,0.585,-0.595,0.0,-0.5,0.8465,1.6835,0.5376,194.933
17.091,0.2525,0.8,-39.0,3.7743,0.7263,4.6501,-0.7112,-1.18,0.585,-0.595,0.0,-0.5,0.8463,1.6833,0.5376,194.933
17.142,0.3246,0.772,-41.7,3.8444,0.7589,4.6494,-0.7111,-2.99,0.585,-0.595,0.0,-0.5,0.8459,1.6761,0.5156,194.933
17.194,0.3246,0.772,-41.7,3.8444,0.7589,4.6489,-0.7111,-4.35,0.585,-0.595,0.0,-0.5,0.8456,1.6758,0.5156,194.933
17.244,0.3246,0.772,-41.7,3.8444,0.7589,4.6485,-0.7111,-5.25,0.585,-0.595,0.0,-0.5,0.8454,1.6756,0.5156,194.933
17.295,0.3246,0.772,-41.7,3.8444,0.7589,4.6482,-0.711,-6.16,0.585,-0.595,0.0,-0.5,0.8451,1.6754,0.5156,194.933
17.346,0.4785,0.7232,-47.32,3.9862,0.8361,4.648,-0.711,-6.61,0.585,-0.595,0.0,-0.5,0.845,1.6828,0.29,194.791
17.397,0.4785,0.7232,-47.32,3.9862,0.8361,4.6475,-0.711,-7.97,0.585,-0.595,0.0,-0.5,0.8447,1.6825,0.29,194.791
17.449,0.4785,0.7232,-47.32,3.9862,0.8361,4.6469,-0.7109,-9.32,0.585,-0.595,0.0,-0.5,0.8443,1.6822,0.29,194.791
17.503,0.5495,0.7053,-50.02,4.0483,0.875,4.6462,-0.7107,-11.13,0.585,-0.595,0.0,-0.5,0.8438,1.6947,0.5308,194.791
17.553,0.5495,0.7053,-50.02,4.0483,0.875,4.6459,-0.7107,-12.04,0.585,-0.595,0.0,-0.5,0.8435,1.6945,0.5308,194.791
17.604,0.6194,0.6597,-52.82,4.1296,0.8938,4.6457,-0.7106,-12.49,0.585,-0.595,0.0,-0.5,0.8434,1.6854,0.3452,194.791
17.656,0.6194,0.6597,-52.82,4.1296,0.8938,4.6452,-0.7105,-13.84,0.585,-0.595,0.0,-0.5,0.843,1.6851,0.3452,194.791
17.709,0.6194,0.6597,-52.82,4.1296,0.8938,4.6447,-0.7104,-15.2,0.585,-0.595,0.0,-0.5,0.8426,1.6848,0.3452,194.791
17.759,0.7023,0.6306,-55.57,4.2081,0.9334,4.6445,-0.7103,-15.65,0.585,-0.595,0.0,-0.5,0.8425,1.7007,0.3564,194.791
17.81,0.7023,0.6306,-55.57,4.2081,0.9334,4.6441,-0.7102,-16.56,0.585,-0.595,0.0,-0.5,0.8422,1.7005,0.3564,194.791
17.861,0.7703,0.5912,-58.26,4.2836,0.9552,4.6436,-0.7101,-17.91,0.585,-0.595,0.0,-0.5,0.8418,1.7037,0.5692,194.791
17.912,0.7703,0.5912,-58.26,4.2836,0.9552,4.6433,-0.71,-18.82,0.585,-0.595,0.0,-0.5,0.8415,1.7036,0.5692,194.791
17.964,0.7703,0.5912,-58.26,4.2836,0.9552,4.6426,-0.7097,-20.63,0.585,-0.595,0.0,-0.5,0.8409,1.7032,0.5692,194.791
18.017,0.8362,0.5428,-60.91,4.3641,0.9691,4.6421,-0.7095,-21.98,0.585,-0.595,0.0,-0.5,0.8405,1.7015,0.5416,195.595
18.068,0.8362,0.5428,-60.91,4.3641,0.9691,4.6416,-0.7093,-23.34,0.585,-0.595,0.0,-0.5,0.8401,1.7012,0.5416,195.595
18.119,0.8955,0.4671,-65.14,4.4598,0.9595,4.6411,-0.7091,-24.7,0.585,-0.595,0.0,-0.5,0.8396,1.6784,0.2732,195.595
18.17,0.8955,0.4671,-65.14,4.4598,0.9595,4.6406,-0.7089,-26.05,0.585,-0.595,0.0,-0.5,0.8391,1.6781,0.2732,195.595
18.221,0.9607,0.4342,-67.93,4.5287,0.9837,4.6401,-0.7086,-27.41,0.585,-0.595,0.0,-0.5,0.8387,1.696,0.374,195.595
18.272,1.0211,0.3785,-70.61,4.6107,0.9886,4.6401,-0.7086,-27.41,0.585,-0.595,0.0,-0.5,0.8387,1.6975,0.416,195.595
18.323,1.0211,0.3785,-70.61,4.6107,0.9886,4.6397,-0.7084,-28.76,0.585,-0.595,0.0,-0.5,0.8382,1.6973,0.416,195.595
18.374,1.0211,0.3785,-70.61,4.6107,0.9886,4.6395,-0.7083,-29.22,0.585,-0.595,0.0,-0.5,0.838,1.6972,0.416,195.595
18.424,1.0211,0.3785,-70.61,4.6107,0.9886,4.6392,-0.7081,-30.12,0.585,-0.595,0.0,-0.5,0.8377,1.697,0.416,195.595
18.475,1.0765,0.3199,-73.27,4.6914,0.9881,4.6387,-0.7078,-31.48,0.585,-0.595,0.0,-0.5,0.8372,1.6967,0.5488,195.595
18.526,1.0765,0.3199,-73.27,4.6914,0.9881,4.6383,-0.7076,-32.83,0.585,-0.595,0.0,-0.5,0.8367,1.6964,0.5488,195.595
18.577,1.0765,0.3199,-73.27,4.6914,0.9881,4.6378,-0.7073,-34.19,0.585,-0.595,0.0,-0.5,0.8362,1.6962,0.5488,195.595
18.628,1.0765,0.3199,-73.27,4.6914,0.9881,4.6374,-0.707,-35.55,0.585,-0.595,0.0,-0.5,0.8357,1.6959,0.5488,195.595
18.679,1.0765,0.3199,-73.27,4.6914,0.9881,4.6371,-0.7067,-36.45,0.585,-0.595,0.0,-0.5,0.8354,1.6957,0.5488,195.595
18.731,1.1248,0.2665,-75.97,4.7633,0.9859,4.6365,-0.7063,-38.26,0.585,-0.595,0.0,-0.5,0.8347,1.697,0.5188,195.595
18.782,1.1248,0.2665,-75.97,4.7633,0.9859,4.6361,-0.706,-39.61,0.585,-0.595,0.0,-0.5,0.8342,1.6967,0.5188,196.226
18.833,1.1745,0.1943,-78.68,4.8498,0.9717,4.6357,-0.7056,-40.97,0.585,-0.595,0.0,-0.5,0.8337,1.691,0.4576,196.226
18.885,1.1745,0.1943,-78.68,4.8498,0.9717,4.6353,-0.7053,-42.33,0.585,-0.595,0.0,-0.5,0.8332,1.6907,0.4576,196.226
18.936,1.2213,0.1415,-81.39,4.9203,0.9689,4.6349,-0.7049,-43.68,0.585,-0.595,0.0,-0.5,0.8327,1.6979,0.6164,196.226
18.988,1.2647,0.0784,-84.13,4.9959,0.9565,4.6345,-0.7045,-45.04,0.585,-0.595,0.0,-0.5,0.8321,1.6998,0.5624,196.226
19.039,1.2647,0.0784,-84.13,4.9959,0.9565,4.6343,-0.7043,-45.94,0.585,-0.595,0.0,-0.5,0.8318,1.6997,0.5624,196.226
19.09,1.3097,-0.0029,-86.78,5.0857,0.9326,4.6343,-0.7043,-45.94,0.585,-0.595,0.0,-0.5,0.8318,1.698,0.5564,196.226
19.141,1.3097,-0.0029,-86.78,5.0857,0.9326,4.6339,-0.7039,-47.3,0.585,-0.595,0.0,-0.5,0.8313,1.6977,0.5564,197.177
19.192,1.3464,-0.0671,-89.49,5.1574,0.9146,4.6334,-0.7033,-49.11,0.585,-0.595,0.0,-0.5,0.8305,1.7006,0.6028,197.177
19.243,1.3464,-0.0671,-89.49,5.1574,0.9146,4.6332,-0.7031,-50.01,0.585,-0.595,0.0,-0.5,0.8302,1.7005,0.6028,197.177
19.294,1.3728,-0.1443,-92.24,5.2314,0.8802,4.6331,-0.7029,-50.47,0.585,-0.595,0.0,-0.5,0.83,1.6924,0.578,197.177
19.345,1.3728,-0.1443,-92.24,5.2314,0.8802,4.6329,-0.7028,-50.92,0.585,-0.595,0.0,-0.5,0.8298,1.6923,0.578,197.177
19.396,1.3728,-0.1443,-92.24,5.2314,0.8802,4.6328,-0.7027,-51.37,0.585,-0.595,0.0,-0.5,0.8297,1.6922,0.578,197.177
19.447,1.3913,-0.2122,-94.95,5.2931,0.8465,4.6325,-0.7022,-52.73,0.585,-0.595,0.0,-0.5,0.8291,1.6837,0.5704,197.177
19.498,1.3913,-0.2122,-94.95,5.2931,0.8465,4.6322,-0.7018,-54.08,0.585,-0.595,0.0,-0.5,0.8286,1.6835,0.5704,197.177
19.549,1.3913,-0.2122,-94.95,5.2931,0.8465,4.6319,-0.7014,-55.44,0.585,-0.595,0.0,-0.5,0.828,1.6832,0.5704,197.177
19.6,1.4256,-0.2906,-97.62,5.3734,0.8169,4.6315,-0.7008,-57.25,0.585,-0.595,0.0,-0.5,0.8273,1.6893,0.584,197.177
19.651,1.4256,-0.2906,-97.62,5.3734,0.8169,4.6313,-0.7005,-58.15,0.585,-0.595,0.0,-0.5,0.827,1.6891,0.584,197.177
19.702,1.4502,-0.36,-100.32,5.4405,0.7865,4.6313,-0.7005,-58.15,0.585,-0.595,0.0,-0.5,0.827,1.6929,0.588,197.177
19.753,1.4502,-0.36,-100.32,5.4405,0.7865,4.6309,-0.6998,-59.96,0.585,-0.595,0.0,-0.5,0.8262,1.6926,0.588,197.177
19.804,1.4502,-0.36,-100.32,5.4405,0.7865,4.6307,-0.6995,-60.87,0.585,-0.595,0.0,-0.5,0.8259,1.6924,0.588,197.177
19.855,1.4744,-0.4417,-103.02,5.5162,0.7474,4.6304,-0.6989,-62.67,0.585,-0.595,0.0,-0.5,0.8252,1.696,0.5808,197.177
19.908,1.4744,-0.4417,-103.02,5.5162,0.7474,4.6301,-0.6984,-64.03,0.585,-0.595,0.0,-0.5,0.8246,1.6957,0.5808,197.696
19.959,1.4902,-0.5236,-105.73,5.5863,0.7021,4.6299,-0.6979,-65.39,0.585,-0.595,0.0,-0.5,0.8241,1.6955,0.5976,197.696
20.01,1.4902,-0.5236,-105.73,5.5863,0.7021,4.6297,-0.6974,-66.74,0.585,-0.595,0.0,-0.5,0.8236,1.6952,0.5976,197.696
20.062,1.4992,-0.6019,-108.43,5.6489,0.6544,4.6295,-0.697,-68.1,0.585,-0.595,0.0,-0.5,0.823,1.6927,0.608,197.696
20.113,1.4992,-0.6019,-108.43,5.6489,0.6544,4.6293,-0.6965,-69.46,0.585,-0.595,0.0,-0.5,0.8225,1.6924,0.608,197.696
20.164,1.5134,-0.6758,-111.17,5.7121,0.6133,4.6291,-0.6959,-70.81,0.585,-0.595,0.0,-0.5,0.822,1.6991,0.5792,197.696
20.216,1.5134,-0.6758,-111.17,5.7121,0.6133,4.6289,-0.6954,-72.17,0.585,-0.595,0.0,-0.5,0.8215,1.6988,0.5792,197.696
20.267,1.5212,-0.7518,-113.86,5.7723,0.5663,4.6288,-0.6949,-73.52,0.585,-0.595,0.0,-0.5,0.821,1.7024,0.6076,197.696
20.318,1.5212,-0.7518,-113.86,5.7723,0.5663,4.6286,-0.6944,-74.88,0.585,-0.595,0.0,-0.5,0.8204,1.7022,0.6076,197.696
20.369,1.5212,-0.7518,-113.86,5.7723,0.5663,4.6285,-0.6939,-76.24,0.585,-0.595,0.0,-0.5,0.8199,1.7019,0.6076,197.696
20.42,1.5212,-0.7518,-113.86,5.7723,0.5663,4.6284,-0.6934,-77.59,0.585,-0.595,0.0,-0.5,0.8194,1.7016,0.6076,197.919
20.471,1.5212,-0.7518,-113.86,5.7723,0.5663,4.6283,-0.6928,-78.95,0.585,-0.595,0.0,-0.5,0.8189,1.7012,0.6076,197.919
20.522,1.5215,-0.918,-119.28,5.8924,0.4514,4.6282,-0.6923,-80.31,0.585,-0.595,0.0,-0.5,0.8184,1.7048,0.586,197.919
20.572,1.5215,-0.918,-119.28,5.8924,0.4514,4.6281,-0.6918,-81.66,0.585,-0.595,0.0,-0.5,0.818,1.7045,0.586,197.919
20.623,1.5215,-0.918,-119.28,5.8924,0.4514,4.628,-0.6912,-83.02,0.585,-0.595,0.0,-0.5,0.8175,1.7042,0.586,197.919
20.674,1.5215,-0.918,-119.28,5.8924,0.4514,4.6279,-0.6907,-84.38,0.585,-0.595,0.0,-0.5,0.817,1.7039,0.586,197.919
20.725,1.5215,-0.918,-119.28,5.8924,0.4514,4.6279,-0.6902,-85.73,0.585,-0.595,0.0,-0.5,0.8165,1.7035,0.586,197.919
20.776,1.5215,-0.918,-119.28,5.8924,0.4514,4.6279,-0.6896,-87.09,0.585,-0.595,0.0,-0.5,0.8161,1.7032,0.586,197.919
20.826,1.5215,-0.918,-119.28,5.8924,0.4514,4.6278,-0.6891,-88.44,0.585,-0.595,0.0,-0.5,0.8156,1.7029,0.586,197.919
20.877,1.5215,-0.918,-119.28,5.8924,0.4514,4.6278,-0.6886,-89.8,0.585,-0.595,0.0,-0.5,0.8151,1.7025,0.586,197.919
20.928,1.5215,-0.918,-119.28,5.8924,0.4514,4.6278,-0.688,-91.16,0.585,-0.595,0.0,-0.5,0.8147,1.7022,0.586,197.919
20.978,1.5215,-0.918,-119.28,5.8924,0.4514,4.6278,-0.688,-91.16,0.585,-0.595,0.0,-0.5,0.8147,1.7022,0.586,197.919
21.031,1.5215,-0.918,-119.28,5.8924,0.4514,4.6278,-0.6875,-92.51,0.585,-0.595,0.0,-0.5,0.8143,1.7018,0.586,197.919
21.082,1.5215,-0.918,-119.28,5.8924,0.4514,4.6279,-0.687,-93.87,0.585,-0.595,0.0,-0.5,0.8138,1.7014,0.586,197.919
21.133,1.5215,-0.918,-119.28,5.8924,0.4514,4.6279,-0.6864,-95.23,0.585,-0.595,0.0,-0.5,0.8134,1.701,0.586,197.919
21.184,1.5215,-0.918,-119.28,5.8924,0.4514,4.628,-0.6859,-96.58,0.585,-0.595,0.0,-0.5,0.813,1.7006,0.586,197.919
21.235,1.5215,-0.918,-119.28,5.8924,0.4514,4.628,-0.6854,-97.94,0.585,-0.595,0.0,-0.5,0.8126,1.7002,0.586,197.919
21.286,1.5215,-0.918,-119.28,5.8924,0.4514,4.6281,-0.6848,-99.3,0.585,-0.595,0.0,-0.5,0.8122,1.6998,0.586,197.919
21.337,1.5148,-0.9919,-121.99,5.941,0.3954,4.6281,-0.6848,-99.3,0.585,-0.595,0.0,-0.5,0.8122,1.7001,0.5952,197.919
21.388,1.5148,-0.9919,-121.99,5.941,0.3954,4.6282,-0.6845,-100.2,0.585,-0.595,0.0,-0.5,0.8119,1.6998,0.5952,197.919
21.439,1.5148,-0.9919,-121.99,5.941,0.3954,4.6283,-0.6839,-101.56,0.585,-0.595,0.0,-0.5,0.8115,1.6994,0.5952,197.919
21.49,1.4915,-1.1538,-127.42,6.0417,0.2664,4.6284,-0.6834,-102.91,0.585,-0.595,0.0,-0.5,0.8112,1.7028,0.6036,197.919
21.541,1.4915,-1.1538,-127.42,6.0417,0.2664,4.6284,-0.6832,-103.37,0.585,-0.595,0.0,-0.5,0.811,1.7027,0.6036,197.919
21.592,1.4748,-1.2294,-130.11,6.0846,0.202,4.6285,-0.6829,-104.27,0.585,-0.595,0.0,-0.5,0.8108,1.7039,0.6108,198.794
21.643,1.4748,-1.2294,-130.11,6.0846,0.202,4.6287,-0.6824,-105.63,0.585,-0.595,0.0,-0.5,0.8105,1.7035,0.6108,198.794
21.694,1.4547,-1.3033,-132.82,6.1239,0.1363,4.6288,-0.6819,-106.98,0.585,-0.595,0.0,-0.5,0.8101,1.7043,0.5856,198.794
21.745,1.4547,-1.3033,-132.82,6.1239,0.1363,4.629,-0.6813,-108.34,0.585,-0.595,0.0,-0.5,0.8098,1.704,0.5856,198.794
21.796,1.4487,-1.3665,-135.49,6.1653,0.0882,4.6291,-0.6808,-109.7,0.585,-0.595,0.0,-0.5,0.8094,1.7179,0.5048,198.794
21.847,1.4084,-1.4527,-138.21,6.1996,-0.0006,4.6293,-0.6803,-111.05,0.585,-0.595,0.0,-0.5,0.8091,1.7111,0.5668,198.794
21.898,1.4084,-1.4527,-138.21,6.1996,-0.0006,4.6295,-0.6798,-112.41,0.585,-0.595,0.0,-0.5,0.8088,1.7107,0.5668,198.794
21.949,1.3781,-1.5274,-140.92,6.2325,-0.0742,4.6297,-0.6793,-113.77,0.585,-0.595,0.0,-0.5,0.8085,1.7132,0.5568,198.794
22.0,1.3781,-1.5274,-140.92,6.2325,-0.0742,4.63,-0.6788,-115.12,0.585,-0.595,0.0,-0.5,0.8083,1.7128,0.5568,198.794
22.051,1.3448,-1.5779,-143.59,6.2458,-0.1332,4.6302,-0.6784,-116.48,0.585,-0.595,0.0,-0.5,0.808,1.7051,0.4408,199.592
22.102,1.3448,-1.5779,-143.59,6.2458,-0.1332,4.6304,-0.6779,-117.84,0.585,-0.595,0.0,-0.5,0.8077,1.7047,0.4408,199.592
22.153,1.313,-1.6657,-146.35,6.2872,-0.2169,4.6307,-0.6774,-119.19,0.585,-0.595,0.0,-0.5,0.8075,1.7193,0.5272,199.592
22.204,1.2728,-1.7185,-149.0,6.2974,-0.2825,4.631,-0.6769,-120.55,0.585,-0.595,0.0,-0.5,0.8072,1.7125,0.5788,199.592
22.255,1.2728,-1.7185,-149.0,6.2974,-0.2825,4.6312,-0.6765,-121.9,0.585,-0.595,0.0,-0.5,0.807,1.7121,0.5788,199.592
22.306,1.2243,-1.8036,-151.74,6.3252,-0.3764,4.6315,-0.676,-123.26,0.585,-0.595,0.0,-0.5,0.8068,1.7199,0.5544,199.592
22.357,1.2243,-1.8036,-151.74,6.3252,-0.3764,4.6316,-0.6759,-123.71,0.585,-0.595,0.0,-0.5,0.8067,1.7198,0.5544,199.592
22.408,1.1749,-1.8537,-154.44,6.3271,-0.4468,4.6318,-0.6756,-124.62,0.585,-0.595,0.0,-0.5,0.8066,1.7106,0.606,199.592
22.459,1.1749,-1.8537,-154.44,6.3271,-0.4468,4.6319,-0.6754,-125.07,0.585,-0.595,0.0,-0.5,0.8065,1.7105,0.606,199.592
22.51,1.1199,-1.9219,-157.12,6.3381,-0.5337,4.6321,-0.6751,-125.97,0.585,-0.595,0.0,-0.5,0.8064,1.7118,0.5788,199.592
22.56,1.1199,-1.9219,-157.12,6.3381,-0.5337,4.6321,-0.6751,-125.97,0.585,-0.595,0.0,-0.5,0.8064,1.7118,0.5788,201.155
22.611,1.0772,-1.977,-159.82,6.3483,-0.6027,4.6325,-0.6747,-127.33,0.585,-0.595,0.0,-0.5,0.8062,1.7173,0.5972,201.155
22.662,1.0772,-1.977,-159.82,6.3483,-0.6027,4.6328,-0.6743,-128.69,0.585,-0.595,0.0,-0.5,0.8061,1.717,0.5972,201.155
22.713,1.0772,-1.977,-159.82,6.3483,-0.6027,4.6331,-0.6739,-130.04,0.585,-0.595,0.0,-0.5,0.8059,1.7166,0.5972,201.155
22.763,1.0772,-1.977,-159.82,6.3483,-0.6027,4.6335,-0.6734,-131.4,0.585,-0.595,0.0,-0.5,0.8058,1.7163,0.5972,201.155
22.814,1.0772,-1.977,-159.82,6.3483,-0.6027,4.6338,-0.673,-132.75,0.585,-0.595,0.0,-0.5,0.8057,1.7159,0.5972,201.155
22.865,1.0772,-1.977,-159.82,6.3483,-0.6027,4.6342,-0.6727,-134.11,0.585,-0.595,0.0,-0.5,0.8056,1.7155,0.5972,201.155
22.916,1.0772,-1.977,-159.82,6.3483,-0.6027,4.6346,-0.6723,-135.47,0.585,-0.595,0.0,-0.5,0.8055,1.7151,0.5972,201.155
22.967,1.0186,-2.0415,-162.53,6.3542,-0.6895,4.635,-0.6719,-136.82,0.585,-0.595,0.0,-0.5,0.8054,1.7193,0.6024,201.155
23.019,0.9601,-2.088,-165.25,6.3472,-0.764,4.6354,-0.6715,-138.18,0.585,-0.595,0.0,-0.5,0.8053,1.7144,0.6084,201.155
23.07,0.9601,-2.088,-165.25,6.3472,-0.764,4.6358,-0.6712,-139.54,0.585,-0.595,0.0,-0.5,0.8052,1.714,0.6084,201.155
23.121,0.9601,-2.088,-165.25,6.3472,-0.764,4.6362,-0.6708,-140.89,0.585,-0.595,0.0,-0.5,0.8052,1.7136,0.6084,201.155
23.172,0.9601,-2.088,-165.25,6.3472,-0.764,4.6366,-0.6705,-142.25,0.585,-0.595,0.0,-0.5,0.8051,1.7132,0.6084,201.938
23.224,0.8354,-2.1831,-170.64,6.3295,-0.9198,4.637,-0.6702,-143.6,0.585,-0.595,0.0,-0.5,0.8051,1.7107,0.5752,201.938
23.275,0.8354,-2.1831,-170.64,6.3295,-0.9198,4.6375,-0.6698,-144.96,0.585,-0.595,0.0,-0.5,0.8051,1.7103,0.5752,201.938
23.326,0.7732,-2.2274,-173.35,6.3183,-0.9954,4.6379,-0.6695,-146.32,0.585,-0.595,0.0,-0.5,0.8051,1.7116,0.6196,201.938
23.377,0.7732,-2.2274,-173.35,6.3183,-0.9954,4.6384,-0.6692,-147.67,0.585,-0.595,0.0,-0.5,0.8051,1.7112,0.6196,201.938
23.428,0.7732,-2.2274,-173.35,6.3183,-0.9954,4.6388,-0.669,-149.03,0.585,-0.595,0.0,-0.5,0.8052,1.7108,0.6196,201.938
23.479,0.6327,-2.2992,-178.7,6.2727,-1.1464,4.6393,-0.6687,-150.39,0.585,-0.595,0.0,-0.5,0.8052,1.7018,0.6304,201.938
23.532,0.6327,-2.2992,-178.7,6.2727,-1.1464,4.6398,-0.6684,-151.74,0.585,-0.595,0.0,-0.5,0.8053,1.7015,0.6304,201.938
23.583,0.5554,-2.3375,178.6,6.2468,-1.2287,4.6402,-0.6682,-153.1,0.585,-0.595,0.0,-0.5,0.8053,1.7015,0.6444,201.938
23.639,0.5554,-2.3375,178.6,6.2468,-1.2287,4.6402,-0.6682,-153.1,0.585,-0.595,0.0,-0.5,0.8053,1.7015,0.6444,201.938
23.69,0.4828,-2.3761,175.91,6.2244,-1.3078,4.6407,-0.6679,-154.46,0.585,-0.595,0.0,-0.5,0.8054,1.708,0.6028,201.938
23.741,0.4053,-2.3957,173.21,6.1848,-1.3772,4.6412,-0.6677,-155.81,0.585,-0.595,0.0,-0.5,0.8055,1.6988,0.6496,201.938
23.796,0.4053,-2.3957,173.21,6.1848,-1.3772,4.6417,-0.6675,-157.17,0.585,-0.595,0.0,-0.5,0.8056,1.6985,0.6496,203.834
23.847,0.3271,-2.4234,170.5,6.1505,-1.4529,4.6422,-0.6673,-158.52,0.585,-0.595,0.0,-0.5,0.8057,1.7006,0.6708,203.834
23.898,0.3271,-2.4234,170.5,6.1505,-1.4529,4.6427,-0.6671,-159.88,0.585,-0.595,0.0,-0.5,0.8059,1.7003,0.6708,203.834
23.949,0.2512,-2.4456,167.83,6.114,-1.5229,4.6432,-0.6669,-161.24,0.585,-0.595,0.0,-0.5,0.806,1.7017,0.652,203.834
24.0,0.164,-2.452,165.12,6.0582,-1.5902,4.6437,-0.6668,-162.59,0.585,-0.595,0.0,-0.5,0.8062,1.6893,0.6464,203.834
24.054,0.164,-2.452,165.12,6.0582,-1.5902,4.6442,-0.6666,-163.95,0.585,-0.595,0.0,-0.5,0.8064,1.6889,0.6464,203.834
24.105,0.164,-2.452,165.12,6.0582,-1.5902,4.6448,-0.6665,-165.31,0.585,-0.595,0.0,-0.5,0.8065,1.6886,0.6464,203.834
24.157,0.164,-2.452,165.12,6.0582,-1.5902,4.6453,-0.6663,-166.66,0.585,-0.595,0.0,-0.5,0.8067,1.6882,0.6464,204.431
24.209,0.0022,-2.4824,159.73,5.9681,-1.7281,4.6458,-0.6662,-168.02,0.585,-0.595,0.0,-0.5,0.8069,1.6958,0.6308,204.431
24.26,0.0022,-2.4824,159.73,5.9681,-1.7281,4.6463,-0.6661,-169.38,0.585,-0.595,0.0,-0.5,0.8072,1.6955,0.6308,204.431
24.311,0.0022,-2.4824,159.73,5.9681,-1.7281,4.6469,-0.666,-170.73,0.585,-0.595,0.0,-0.5,0.8074,1.6951,0.6308,204.431
24.362,0.0022,-2.4824,159.73,5.9681,-1.7281,4.6474,-0.6659,-172.09,0.585,-0.595,0.0,-0.5,0.8076,1.6948,0.6308,204.431
24.413,0.0022,-2.4824,159.73,5.9681,-1.7281,4.6479,-0.6659,-173.45,0.585,-0.595,0.0,-0.5,0.8079,1.6944,0.6308,204.431
24.465,0.0022,-2.4824,159.73,5.9681,-1.7281,4.6486,-0.6658,-175.26,0.585,-0.595,0.0,-0.5,0.8083,1.6939,0.6308,204.431
24.516,0.0022,-2.4824,159.73,5.9681,-1.7281,4.649,-0.6658,-176.16,0.585,-0.595,0.0,-0.5,0.8084,1.6936,0.6308,204.431
24.567,0.0022,-2.4824,159.73,5.9681,-1.7281,4.6495,-0.6657,-177.52,0.585,-0.595,0.0,-0.5,0.8087,1.6932,0.6308,204.431
24.618,0.0022,-2.4824,159.73,5.9681,-1.7281,4.6501,-0.6657,-178.87,0.585,-0.595,0.0,-0.5,0.809,1.6928,0.6308,204.431
24.671,0.0022,-2.4824,159.73,5.9681,-1.7281,4.6506,-0.6657,179.77,0.585,-0.595,0.0,-0.5,0.8093,1.6924,0.6308,204.431
24.722,-0.1608,-2.4945,154.29,5.8639,-1.8539,4.6511,-0.6657,178.41,0.585,-0.595,0.0,-0.5,0.8097,1.6978,0.5984,204.431
24.773,-0.1608,-2.4945,154.29,5.8639,-1.8539,4.6517,-0.6657,177.06,0.585,-0.595,0.0,-0.5,0.81,1.6974,0.5984,204.431
24.826,-0.2418,-2.4905,151.59,5.8049,-1.9096,4.6522,-0.6658,175.7,0.585,-0.595,0.0,-0.5,0.8103,1.6958,0.596,204.431
24.878,-0.2418,-2.4905,151.59,5.8049,-1.9096,4.6528,-0.6658,174.35,0.585,-0.595,0.0,-0.5,0.8107,1.6954,0.596,204.431
24.929,-0.3196,-2.49,148.91,5.7506,-1.9654,4.6528,-0.6658,174.35,0.585,-0.595,0.0,-0.5,0.8107,1.7013,0.6516,204.431
24.98,-0.3196,-2.49,148.91,5.7506,-1.9654,4.6533,-0.6659,172.99,0.585,-0.595,0.0,-0.5,0.811,1.7009,0.6516,205.887
25.031,-0.3196,-2.49,148.91,5.7506,-1.9654,4.6538,-0.6659,171.63,0.585,-0.595,0.0,-0.5,0.8114,1.7005,0.6516,205.887
25.081,-0.3196,-2.49,148.91,5.7506,-1.9654,4.6544,-0.666,170.28,0.585,-0.595,0.0,-0.5,0.8118,1.7001,0.6516,205.887
25.133,-0.3196,-2.49,148.91,5.7506,-1.9654,4.6549,-0.6661,168.92,0.585,-0.595,0.0,-0.5,0.8122,1.6996,0.6516,205.887
25.184,-0.5712,-2.455,140.82,5.5511,-2.1225,4.6554,-0.6662,167.56,0.585,-0.595,0.0,-0.5,0.8126,1.7097,0.7044,205.887
25.234,-0.6419,-2.4253,138.15,5.4807,-2.1529,4.6554,-0.6662,167.56,0.585,-0.595,0.0,-0.5,0.8126,1.7004,0.7832,205.887
25.285,-0.6419,-2.4253,138.15,5.4807,-2.1529,4.6559,-0.6663,166.21,0.585,-0.595,0.0,-0.5,0.813,1.7001,0.7832,205.887
25.336,-0.7394,-2.4094,135.42,5.4016,-2.2123,4.6559,-0.6663,166.21,0.585,-0.595,0.0,-0.5,0.813,1.7164,0.778,205.887
25.387,-0.7394,-2.4094,135.42,5.4016,-2.2123,4.6565,-0.6665,164.85,0.585,-0.595,0.0,-0.5,0.8134,1.7161,0.778,207.973
25.438,-0.7394,-2.4094,135.42,5.4016,-2.2123,4.657,-0.6666,163.49,0.585,-0.595,0.0,-0.5,0.8138,1.7157,0.778,207.973
25.49,-0.7394,-2.4094,135.42,5.4016,-2.2123,4.6575,-0.6668,162.14,0.585,-0.595,0.0,-0.5,0.8143,1.7154,0.778,207.973
25.541,-0.8922,-2.3526,130.03,5.2549,-2.2831,4.658,-0.6669,160.78,0.585,-0.595,0.0,-0.5,0.8147,1.7229,0.8276,207.973
25.592,-0.8922,-2.3526,130.03,5.2549,-2.2831,4.6585,-0.6671,159.43,0.585,-0.595,0.0,-0.5,0.8151,1.7225,0.8276,207.973
25.643,-0.8922,-2.3526,130.03,5.2549,-2.2831,4.659,-0.6673,158.07,0.585,-0.595,0.0,-0.5,0.8156,1.7222,0.8276,207.973
25.694,-1.0433,-2.2814,124.66,5.0988,-2.3427,4.6595,-0.6675,156.71,0.585,-0.595,0.0,-0.5,0.8161,1.7319,0.8004,207.973
25.745,-1.0433,-2.2814,124.66,5.0988,-2.3427,4.66,-0.6677,155.36,0.585,-0.595,0.0,-0.5,0.8165,1.7315,0.8004,207.973
25.796,-1.0433,-2.2814,124.66,5.0988,-2.3427,4.6605,-0.668,154.0,0.585,-0.595,0.0,-0.5,0.817,1.7312,0.8004,208.334
25.848,-1.0433,-2.2814,124.66,5.0988,-2.3427,4.661,-0.6682,152.64,0.585,-0.595,0.0,-0.5,0.8175,1.7308,0.8004,208.334
25.899,-1.176,-2.199,119.3,4.9476,-2.3814,4.6614,-0.6685,151.29,0.585,-0.595,0.0,-0.5,0.818,1.7366,0.8244,208.334
25.95,-1.2402,-2.1535,116.56,4.8703,-2.3962,4.6619,-0.6687,149.93,0.585,-0.595,0.0,-0.5,0.8185,1.74,0.392,208.334
26.0,-1.2402,-2.1535,116.56,4.8703,-2.3962,4.6619,-0.6687,149.93,0.585,-0.595,0.0,-0.5,0.8185,1.74,0.392,208.334
26.052,-1.2997,-2.1053,113.89,4.7942,-2.4057,4.6624,-0.669,148.57,0.585,-0.595,0.0,-0.5,0.8189,1.7417,0.5484,208.334
26.103,-1.2997,-2.1053,113.89,4.7942,-2.4057,4.6628,-0.6693,147.22,0.585,-0.595,0.0,-0.5,0.8195,1.7413,0.5484,208.334
26.154,-1.3567,-2.0553,111.18,4.7187,-2.4121,4.6633,-0.6696,145.86,0.585,-0.595,0.0,-0.5,0.82,1.7434,0.5488,208.334
26.204,-1.3567,-2.0553,111.18,4.7187,-2.4121,4.6633,-0.6696,145.86,0.585,-0.595,0.0,-0.5,0.82,1.7434,0.5488,208.494
26.255,-1.4157,-1.9953,108.5,4.6345,-2.4131,4.6637,-0.6699,144.51,0.585,-0.595,0.0,-0.5,0.8205,1.7435,0.518,208.494
26.307,-1.4157,-1.9953,108.5,4.6345,-2.4131,4.6642,-0.6702,143.15,0.585,-0.595,0.0,-0.5,0.821,1.7432,0.518,208.494
26.358,-1.4767,-1.9282,105.78,4.5439,-2.4106,4.6646,-0.6705,141.79,0.585,-0.595,0.0,-0.5,0.8215,1.7443,0.6244,208.494
26.409,-1.4767,-1.9282,105.78,4.5439,-2.4106,4.665,-0.6709,140.44,0.585,-0.595,0.0,-0.5,0.822,1.744,0.6244,208.494
26.46,-1.4767,-1.9282,105.78,4.5439,-2.4106,4.6654,-0.6712,139.08,0.585,-0.595,0.0,-0.5,0.8225,1.7437,0.6244,208.494
26.511,-1.5805,-1.8126,100.39,4.3886,-2.4054,4.6657,-0.6715,138.18,0.585,-0.595,0.0,-0.5,0.8229,1.756,0.518,208.494
26.562,-1.5805,-1.8126,100.39,4.3886,-2.4054,4.6657,-0.6715,138.18,0.585,-0.595,0.0,-0.5,0.8229,1.756,0.518,208.494
26.613,-1.6246,-1.7429,97.68,4.3078,-2.389,4.6661,-0.6718,136.82,0.585,-0.595,0.0,-0.5,0.8234,1.7541,0.6356,208.494
26.664,-1.6246,-1.7429,97.68,4.3078,-2.389,4.6665,-0.6722,135.46,0.585,-0.595,0.0,-0.5,0.824,1.7538,0.6356,208.494
26.715,-1.6623,-1.6775,94.98,4.2345,-2.3709,4.6669,-0.6726,134.11,0.585,-0.595,0.0,-0.5,0.8245,1.7524,0.636,208.174
26.766,-1.6623,-1.6775,94.98,4.2345,-2.3709,4.6672,-0.673,132.75,0.585,-0.595,0.0,-0.5,0.825,1.7522,0.636,208.174
26.817,-1.6623,-1.6775,94.98,4.2345,-2.3709,4.6676,-0.6734,131.39,0.585,-0.595,0.0,-0.5,0.8256,1.7519,0.636,208.174
26.868,-1.6623,-1.6775,94.98,4.2345,-2.3709,4.6679,-0.6738,130.04,0.585,-0.595,0.0,-0.5,0.8261,1.7516,0.636,208.174
26.919,-1.6623,-1.6775,94.98,4.2345,-2.3709,4.6683,-0.6742,128.68,0.585,-0.595,0.0,-0.5,0.8266,1.7512,0.636,208.174
26.97,-1.6623,-1.6775,94.98,4.2345,-2.3709,4.6686,-0.6746,127.32,0.585,-0.595,0.0,-0.5,0.8272,1.7509,0.636,208.174
27.021,-1.6623,-1.6775,94.98,4.2345,-2.3709,4.669,-0.6752,125.52,0.585,-0.595,0.0,-0.5,0.8279,1.7505,0.636,208.174
27.072,-1.6623,-1.6775,94.98,4.2345,-2.3709,4.6692,-0.6755,124.61,0.585,-0.595,0.0,-0.5,0.8282,1.7502,0.636,208.174
27.123,-1.6623,-1.6775,94.98,4.2345,-2.3709,4.6695,-0.6759,123.26,0.585,-0.595,0.0,-0.5,0.8288,1.7499,0.636,208.174
27.174,-1.6623,-1.6775,94.98,4.2345,-2.3709,4.6698,-0.6764,121.9,0.585,-0.595,0.0,-0.5,0.8293,1.7495,0.636,208.174
27.226,-1.6623,-1.6775,94.98,4.2345,-2.3709,4.6702,-0.677,120.09,0.585,-0.595,0.0,-0.5,0.83,1.749,0.636,208.174
27.277,-1.6623,-1.6775,94.98,4.2345,-2.3709,4.6705,-0.6775,118.73,0.585,-0.595,0.0,-0.5,0.8306,1.7486,0.636,208.174
27.328,-1.6623,-1.6775,94.98,4.2345,-2.3709,4.6707,-0.6779,117.38,0.585,-0.595,0.0,-0.5,0.8311,1.7482,0.636,208.174
27.379,-1.6623,-1.6775,94.98,4.2345,-2.3709,4.671,-0.6784,116.02,0.585,-0.595,0.0,-0.5,0.8316,1.7478,0.636,208.174
27.43,-1.6623,-1.6775,94.98,4.2345,-2.3709,4.6712,-0.6789,114.66,0.585,-0.595,0.0,-0.5,0.8322,1.7474,0.636,208.174
27.482,-1.6623,-1.6775,94.98,4.2345,-2.3709,4.6714,-0.6794,113.31,0.585,-0.595,0.0,-0.5,0.8327,1.747,0.636,208.174
27.533,-1.6623,-1.6775,94.98,4.2345,-2.3709,4.6716,-0.6799,111.95,0.585,-0.595,0.0,-0.5,0.8332,1.7465,0.636,208.174
27.584,-1.7101,-1.6077,92.3,4.1511,-2.357,4.6718,-0.6802,111.05,0.585,-0.595,0.0,-0.5,0.8336,1.7558,0.5264,208.174
27.636,-1.7101,-1.6077,92.3,4.1511,-2.357,4.672,-0.6809,109.24,0.585,-0.595,0.0,-0.5,0.8342,1.7552,0.5264,208.174
27.687,-1.7448,-1.5333,89.59,4.0734,-2.3304,4.6721,-0.6812,108.34,0.585,-0.595,0.0,-0.5,0.8346,1.7545,0.6432,208.174
27.738,-1.7448,-1.5333,89.59,4.0734,-2.3304,4.6723,-0.6818,106.98,0.585,-0.595,0.0,-0.5,0.8351,1.7541,0.6432,208.174
27.789,-1.7734,-1.4532,86.88,3.9958,-2.2956,4.6724,-0.6823,105.62,0.585,-0.595,0.0,-0.5,0.8356,1.7495,0.6096,208.174
27.84,-1.7734,-1.4532,86.88,3.9958,-2.2956,4.6726,-0.683,103.81,0.585,-0.595,0.0,-0.5,0.8363,1.7489,0.6096,208.174
27.891,-1.7734,-1.4532,86.88,3.9958,-2.2956,4.6727,-0.6833,102.91,0.585,-0.595,0.0,-0.5,0.8366,1.7486,0.6096,208.174
27.942,-1.8249,-1.2932,81.5,3.8447,-2.2219,4.6728,-0.6838,101.55,0.585,-0.595,0.0,-0.5,0.8371,1.7468,0.4152,208.727
27.994,-1.8249,-1.2932,81.5,3.8447,-2.2219,4.6729,-0.6844,100.2,0.585,-0.595,0.0,-0.5,0.8376,1.7464,0.4152,208.727
28.045,-1.8517,-1.2364,78.81,3.7851,-2.2018,4.673,-0.6849,98.84,0.585,-0.595,0.0,-0.5,0.8381,1.7577,0.6024,208.727
28.096,-1.8517,-1.2364,78.81,3.7851,-2.2018,4.6731,-0.6852,97.94,0.585,-0.595,0.0,-0.5,0.8384,1.7574,0.6024,208.727
28.147,-1.8678,-1.1369,76.18,3.7023,-2.1445,4.6731,-0.6854,97.48,0.585,-0.595,0.0,-0.5,0.8385,1.7525,0.7704,208.727
28.197,-1.8732,-1.0616,73.53,3.6442,-2.0963,4.6731,-0.6854,97.48,0.585,-0.595,0.0,-0.5,0.8385,1.7461,0.8168,208.727
28.248,-1.8732,-1.0616,73.53,3.6442,-2.0963,4.6732,-0.686,96.13,0.585,-0.595,0.0,-0.5,0.839,1.7457,0.8168,208.727
28.299,-1.8872,-0.982,70.86,3.5771,-2.0512,4.6732,-0.6865,94.77,0.585,-0.595,0.0,-0.5,0.8395,1.7504,0.818,208.727
28.35,-1.8872,-0.982,70.86,3.5771,-2.0512,4.6733,-0.687,93.41,0.585,-0.595,0.0,-0.5,0.8399,1.75,0.818,208.727
28.401,-1.8925,-0.8989,68.12,3.5136,-1.9974,4.6733,-0.6876,92.06,0.585,-0.595,0.0,-0.5,0.8404,1.7495,0.8188,208.616
28.453,-1.8925,-0.8989,68.12,3.5136,-1.9974,4.6733,-0.6881,90.7,0.585,-0.595,0.0,-0.5,0.8408,1.7491,0.8188,208.616
28.503,-1.8827,-0.8274,65.46,3.4688,-1.9408,4.6733,-0.6885,89.8,0.585,-0.595,0.0,-0.5,0.8411,1.7376,0.4424,208.616
28.554,-1.8844,-0.7395,62.79,3.4042,-1.8812,4.6733,-0.6886,89.34,0.585,-0.595,0.0,-0.5,0.8412,1.7415,0.426,208.616
28.605,-1.8844,-0.7395,62.79,3.4042,-1.8812,4.6733,-0.6892,87.99,0.585,-0.595,0.0,-0.5,0.8417,1.7411,0.426,208.616
28.657,-1.8806,-0.6494,60.04,3.3419,-1.816,4.6733,-0.6897,86.63,0.585,-0.595,0.0,-0.5,0.8421,1.7439,0.8268,208.616
28.708,-1.8806,-0.6494,60.04,3.3419,-1.816,4.6732,-0.6902,85.28,0.585,-0.595,0.0,-0.5,0.8425,1.7435,0.8268,208.616
28.759,-1.872,-0.5779,57.36,3.2962,-1.7603,4.6732,-0.6908,83.92,0.585,-0.595,0.0,-0.5,0.8429,1.7435,0.8256,208.616
28.81,-1.872,-0.5779,57.36,3.2962,-1.7603,4.6731,-0.6913,82.56,0.585,-0.595,0.0,-0.5,0.8433,1.7431,0.8256,207.612
28.861,-1.8556,-0.4907,54.64,3.2447,-1.6881,4.673,-0.6919,81.21,0.585,-0.595,0.0,-0.5,0.8437,1.7414,0.8472,207.612
28.913,-1.8556,-0.4907,54.64,3.2447,-1.6881,4.6729,-0.6924,79.85,0.585,-0.595,0.0,-0.5,0.8441,1.741,0.8472,207.612
28.964,-1.8422,-0.4178,51.98,3.2014,-1.6279,4.6728,-0.6929,78.49,0.585,-0.595,0.0,-0.5,0.8444,1.7434,0.3828,207.612
29.015,-1.8422,-0.4178,51.98,3.2014,-1.6279,4.6728,-0.6933,77.59,0.585,-0.595,0.0,-0.5,0.8447,1.7431,0.3828,207.612
29.066,-1.8132,-0.3303,49.24,3.1585,-1.5464,4.6726,-0.694,75.78,0.585,-0.595,0.0,-0.5,0.8451,1.7376,0.8508,207.612
29.117,-1.8132,-0.3303,49.24,3.1585,-1.5464,4.6725,-0.6945,74.42,0.585,-0.595,0.0,-0.5,0.8455,1.7372,0.8508,207.612
29.169,-1.8132,-0.3303,49.24,3.1585,-1.5464,4.6723,-0.695,73.07,0.585,-0.595,0.0,-0.5,0.8458,1.7368,0.8508,207.612
29.22,-1.7586,-0.1673,43.86,3.0787,-1.3941,4.6722,-0.6955,71.71,0.585,-0.595,0.0,-0.5,0.8461,1.7399,0.8324,207.612
29.272,-1.7586,-0.1673,43.86,3.0787,-1.3941,4.672,-0.696,70.35,0.585,-0.595,0.0,-0.5,0.8464,1.7395,0.8324,207.612
29.323,-1.7586,-0.1673,43.86,3.0787,-1.3941,4.6718,-0.6965,69.0,0.585,-0.595,0.0,-0.5,0.8467,1.7392,0.8324,207.612
29.374,-1.6986,-0.0362,38.47,3.0257,-1.26,4.6716,-0.697,67.64,0.585,-0.595,0.0,-0.5,0.847,1.7396,0.4588,207.363
29.426,-1.6986,-0.0362,38.47,3.0257,-1.26,4.6714,-0.6975,66.28,0.585,-0.595,0.0,-0.5,0.8473,1.7392,0.4588,207.363
29.477,-1.6986,-0.0362,38.47,3.0257,-1.26,4.6712,-0.698,64.93,0.585,-0.595,0.0,-0.5,0.8476,1.7388,0.4588,207.363
29.528,-1.6986,-0.0362,38.47,3.0257,-1.26,4.6709,-0.6985,63.57,0.585,-0.595,0.0,-0.5,0.8478,1.7385,0.4588,207.363
29.579,-1.6986,-0.0362,38.47,3.0257,-1.26,4.6707,-0.699,62.22,0.585,-0.595,0.0,-0.5,0.8481,1.7381,0.4588,207.363
29.63,-1.5595,0.179,30.35,2.9668,-1.0106,4.6704,-0.6994,60.86,0.585,-0.595,0.0,-0.5,0.8483,1.7318,0.3692,207.363
29.683,-1.5595,0.179,30.35,2.9668,-1.0106,4.6702,-0.6999,59.5,0.585,-0.595,0.0,-0.5,0.8485,1.7314,0.3692,207.363
29.734,-1.5144,0.2426,27.6,2.9522,-0.9341,4.6699,-0.7004,58.15,0.585,-0.595,0.0,-0.5,0.8488,1.7335,0.3832,207.08
29.785,-1.5144,0.2426,27.6,2.9522,-0.9341,4.6696,-0.7008,56.79,0.585,-0.595,0.0,-0.5,0.849,1.7331,0.3832,207.08
29.836,-1.4628,0.3059,24.95,2.9423,-0.853,4.6695,-0.701,56.34,0.585,-0.595,0.0,-0.5,0.849,1.7339,0.408,207.08
29.889,-1.4628,0.3059,24.95,2.9423,-0.853,4.6693,-0.7013,55.43,0.585,-0.595,0.0,-0.5,0.8491,1.7336,0.408,207.08
29.94,-1.4189,0.3708,22.27,2.9259,-0.7763,4.669,-0.7017,54.08,0.585,-0.595,0.0,-0.5,0.8493,1.7447,0.5316,207.08
29.992,-1.3623,0.4327,19.59,2.9205,-0.6926,4.6687,-0.7022,52.72,0.585,-0.595,0.0,-0.5,0.8495,1.7482,0.518,207.08
30.043,-1.3623,0.4327,19.59,2.9205,-0.6926,4.6683,-0.7026,51.37,0.585,-0.595,0.0,-0.5,0.8497,1.7479,0.518,207.08
30.094,-1.2954,0.4847,16.9,2.9294,-0.6083,4.668,-0.703,50.01,0.585,-0.595,0.0,-0.5,0.8498,1.7412,0.4816,207.08
30.145,-1.2954,0.4847,16.9,2.9294,-0.6083,4.6677,-0.7034,48.65,0.585,-0.595,0.0,-0.5,0.8499,1.7409,0.4816,207.08
30.196,-1.2586,0.525,14.22,2.9258,-0.5539,4.6673,-0.7038,47.3,0.585,-0.595,0.0,-0.5,0.85,1.748,0.6452,206.855
30.247,-1.2586,0.525,14.22,2.9258,-0.5539,4.6669,-0.7042,45.94,0.585,-0.595,0.0,-0.5,0.8501,1.7476,0.6452,206.855
30.298,-1.1755,0.5802,11.48,2.9435,-0.4557,4.6665,-0.7046,44.58,0.585,-0.595,0.0,-0.5,0.8502,1.7409,0.6356,206.855
30.349,-1.1755,0.5802,11.48,2.9435,-0.4557,4.6662,-0.705,43.23,0.585,-0.595,0.0,-0.5,0.8503,1.7406,0.6356,206.855
30.4,-1.1755,0.5802,11.48,2.9435,-0.4557,4.6658,-0.7053,41.87,0.585,-0.595,0.0,-0.5,0.8504,1.7403,0.6356,206.855
30.451,-1.1755,0.5802,11.48,2.9435,-0.4557,4.6655,-0.7056,40.97,0.585,-0.595,0.0,-0.5,0.8504,1.74,0.6356,206.855
30.502,-1.1153,0.6232,8.82,2.9542,-0.3825,4.6655,-0.7056,40.97,0.585,-0.595,0.0,-0.5,0.8504,1.7416,0.6416,206.855
30.552,-1.0555,0.6684,6.12,2.9631,-0.3081,4.6652,-0.7058,40.06,0.585,-0.595,0.0,-0.5,0.8505,1.748,0.74,206.855
30.603,-1.0555,0.6684,6.12,2.9631,-0.3081,4.6651,-0.7059,39.61,0.585,-0.595,0.0,-0.5,0.8505,1.7478,0.74,206.855
30.654,-0.9832,0.71,3.43,2.9832,-0.2271,4.6647,-0.7062,38.25,0.585,-0.595,0.0,-0.5,0.8505,1.7484,0.7256,206.855
30.705,-0.9832,0.71,3.43,2.9832,-0.2271,4.6642,-0.7066,36.9,0.585,-0.595,0.0,-0.5,0.8505,1.7481,0.7256,206.855
30.756,-0.9832,0.71,3.43,2.9832,-0.2271,4.6638,-0.7069,35.54,0.585,-0.595,0.0,-0.5,0.8506,1.7478,0.7256,206.655
30.809,-0.9832,0.71,3.43,2.9832,-0.2271,4.6634,-0.7072,34.19,0.585,-0.595,0.0,-0.5,0.8506,1.7474,0.7256,206.655
30.86,-0.8362,0.7802,-1.96,3.0344,-0.0725,4.6629,-0.7075,32.83,0.585,-0.595,0.0,-0.5,0.8505,1.748,0.726,206.655
30.915,-0.758,0.8063,-4.64,3.0697,0.0021,4.6625,-0.7078,31.47,0.585,-0.595,0.0,-0.5,0.8505,1.7438,0.7076,206.655
30.966,-0.758,0.8063,-4.64,3.0697,0.0021,4.6619,-0.7082,29.66,0.585,-0.595,0.0,-0.5,0.8505,1.7434,0.7076,206.655
31.019,-0.758,0.8063,-4.64,3.0697,0.0021,4.6614,-0.7084,28.31,0.585,-0.595,0.0,-0.5,0.8504,1.743,0.7076,206.655
31.069,-0.758,0.8063,-4.64,3.0697,0.0021,4.6614,-0.7084,28.31,0.585,-0.595,0.0,-0.5,0.8504,1.743,0.7076,206.655
31.12,-0.6072,0.859,-10.04,3.1362,0.1473,4.6611,-0.7086,27.4,0.585,-0.595,0.0,-0.5,0.8504,1.7487,0.7528,206.655
31.171,-0.6072,0.859,-10.04,3.1362,0.1473,4.6606,-0.7088,26.05,0.585,-0.595,0.0,-0.5,0.8503,1.7484,0.7528,206.012
31.223,-0.5215,0.8716,-12.75,3.1865,0.2178,4.6601,-0.7091,24.69,0.585,-0.595,0.0,-0.5,0.8502,1.7409,0.6712,206.012
31.276,-0.443,0.89,-15.44,3.2276,0.2871,4.6596,-0.7093,23.33,0.585,-0.595,0.0,-0.5,0.8501,1.7446,0.7528,206.012
31.327,-0.443,0.89,-15.44,3.2276,0.2871,4.6591,-0.7095,21.98,0.585,-0.595,0.0,-0.5,0.85,1.7443,0.7528,206.012
31.379,-0.3648,0.9045,-18.15,3.2713,0.3536,4.6586,-0.7097,20.62,0.585,-0.595,0.0,-0.5,0.8499,1.7479,0.66,206.012
31.43,-0.3648,0.9045,-18.15,3.2713,0.3536,4.6581,-0.7099,19.26,0.585,-0.595,0.0,-0.5,0.8498,1.7476,0.66,206.012
31.481,-0.2866,0.9163,-20.86,3.3169,0.4181,4.6576,-0.71,17.91,0.585,-0.595,0.0,-0.5,0.8496,1.7522,0.6688,206.012
31.532,-0.1993,0.9122,-23.55,3.3804,0.4783,4.6571,-0.7102,16.55,0.585,-0.595,0.0,-0.5,0.8494,1.7442,0.6716,206.012
31.583,-0.1993,0.9122,-23.55,3.3804,0.4783,4.6566,-0.7103,15.19,0.585,-0.595,0.0,-0.5,0.8493,1.744,0.6716,206.012
31.637,-0.1993,0.9122,-23.55,3.3804,0.4783,4.6559,-0.7105,13.39,0.585,-0.595,0.0,-0.5,0.849,1.7436,0.6716,206.012
31.688,-0.1175,0.9187,-26.24,3.4323,0.5418,4.6553,-0.7106,12.03,0.585,-0.595,0.0,-0.5,0.8488,1.7505,0.6636,206.012
31.739,-0.1175,0.9187,-26.24,3.4323,0.5418,4.655,-0.7107,11.12,0.585,-0.595,0.0,-0.5,0.8487,1.7503,0.6636,204.785
31.79,-0.0408,0.9128,-28.96,3.4898,0.593,4.655,-0.7107,11.12,0.585,-0.595,0.0,-0.5,0.8487,1.7485,0.6668,204.785
31.84,-0.0408,0.9128,-28.96,3.4898,0.593,4.6545,-0.7108,9.77,0.585,-0.595,0.0,-0.5,0.8485,1.7483,0.6668,204.785
31.891,-0.0408,0.9128,-28.96,3.4898,0.593,4.6539,-0.7109,8.41,0.585,-0.595,0.0,-0.5,0.8483,1.748,0.6668,204.785
31.942,-0.0408,0.9128,-28.96,3.4898,0.593,4.6534,-0.711,7.06,0.585,-0.595,0.0,-0.5,0.848,1.7477,0.6668,204.785
31.993,-0.0408,0.9128,-28.96,3.4898,0.593,4.6529,-0.711,5.7,0.585,-0.595,0.0,-0.5,0.8478,1.7474,0.6668,204.785
32.044,-0.0408,0.9128,-28.96,3.4898,0.593,4.6527,-0.7111,5.25,0.585,-0.595,0.0,-0.5,0.8477,1.7473,0.6668,204.785
32.095,-0.0408,0.9128,-28.96,3.4898,0.593,4.6523,-0.7111,4.34,0.585,-0.595,0.0,-0.5,0.8475,1.747,0.6668,204.785
32.146,-0.0408,0.9128,-28.96,3.4898,0.593,4.6516,-0.7111,2.53,0.585,-0.595,0.0,-0.5,0.8471,1.7466,0.6668,204.785
32.197,-0.0408,0.9128,-28.96,3.4898,0.593,4.6513,-0.7111,1.63,0.585,-0.595,0.0,-0.5,0.8469,1.7464,0.6668,204.785
32.248,0.046,0.9121,-31.68,3.5504,0.6551,4.6507,-0.7112,0.27,0.585,-0.595,0.0,-0.5,0.8467,1.7542,0.6572,204.785
32.3,0.046,0.9121,-31.68,3.5504,0.6551,4.6502,-0.7111,-1.08,0.585,-0.595,0.0,-0.5,0.8464,1.7539,0.6572,204.785
32.353,0.1334,0.8963,-34.42,3.6223,0.7073,4.6497,-0.7111,-2.44,0.585,-0.595,0.0,-0.5,0.846,1.7514,0.6412,204.785
32.404,0.1334,0.8963,-34.42,3.6223,0.7073,4.6491,-0.7111,-3.79,0.585,-0.595,0.0,-0.5,0.8457,1.751,0.6412,204.785
32.455,0.2162,0.8856,-37.1,3.6874,0.7596,4.6486,-0.7111,-5.15,0.585,-0.595,0.0,-0.5,0.8454,1.7569,0.6424,204.785
32.506,0.2162,0.8856,-37.1,3.6874,0.7596,4.648,-0.711,-6.51,0.585,-0.595,0.0,-0.5,0.845,1.7565,0.6424,204.785
32.558,0.296,0.8678,-39.89,3.7555,0.8047,4.6475,-0.7109,-7.86,0.585,-0.595,0.0,-0.5,0.8447,1.7587,0.504,203.623
32.609,0.296,0.8678,-39.89,3.7555,0.8047,4.647,-0.7109,-9.22,0.585,-0.595,0.0,-0.5,0.8443,1.7583,0.504,203.623
32.66,0.3769,0.8296,-42.72,3.8391,0.8366,4.6464,-0.7108,-10.58,0.585,-0.595,0.0,-0.5,0.844,1.7453,0.5972,203.623
32.712,0.4485,0.8111,-45.42,3.902,0.8754,4.6459,-0.7107,-11.93,0.585,-0.595,0.0,-0.5,0.8436,1.7518,0.6236,203.623
32.763,0.4485,0.8111,-45.42,3.902,0.8754,4.6454,-0.7106,-13.29,0.585,-0.595,0.0,-0.5,0.8432,1.7515,0.6236,203.623
32.814,0.4485,0.8111,-45.42,3.902,0.8754,4.6449,-0.7104,-14.65,0.585,-0.595,0.0,-0.5,0.8428,1.7512,0.6236,203.623
32.865,0.4485,0.8111,-45.42,3.902,0.8754,4.6442,-0.7102,-16.46,0.585,-0.595,0.0,-0.5,0.8422,1.7507,0.6236,203.623
32.916,0.4485,0.8111,-45.42,3.902,0.8754,4.6437,-0.7101,-17.81,0.585,-0.595,0.0,-0.5,0.8418,1.7503,0.6236,203.623
32.967,0.4485,0.8111,-45.42,3.902,0.8754,4.6432,-0.7099,-19.17,0.585,-0.595,0.0,-0.5,0.8414,1.75,0.6236,203.623
33.018,0.4485,0.8111,-45.42,3.902,0.8754,4.6427,-0.7097,-20.52,0.585,-0.595,0.0,-0.5,0.841,1.7496,0.6236,203.623
33.069,0.4485,0.8111,-45.42,3.902,0.8754,4.6423,-0.7096,-21.43,0.585,-0.595,0.0,-0.5,0.8407,1.7493,0.6236,203.623
33.119,0.4485,0.8111,-45.42,3.902,0.8754,4.6423,-0.7096,-21.43,0.585,-0.595,0.0,-0.5,0.8407,1.7493,0.6236,203.623
33.17,0.4485,0.8111,-45.42,3.902,0.8754,4.6418,-0.7094,-22.79,0.585,-0.595,0.0,-0.5,0.8402,1.7489,0.6236,203.623
33.22,0.4485,0.8111,-45.42,3.902,0.8754,4.6413,-0.7092,-24.14,0.585,-0.595,0.0,-0.5,0.8398,1.7485,0.6236,203.623
33.271,0.4485,0.8111,-45.42,3.902,0.8754,4.6408,-0.709,-25.5,0.585,-0.595,0.0,-0.5,0.8393,1.7481,0.6236,203.623
33.322,0.4485,0.8111,-45.42,3.902,0.8754,4.6403,-0.7087,-26.85,0.585,-0.595,0.0,-0.5,0.8389,1.7477,0.6236,203.623
33.373,0.6035,0.7514,-50.86,4.0524,0.9458,4.6402,-0.7086,-27.31,0.585,-0.595,0.0,-0.5,0.8387,1.7558,0.5252,203.623
33.424,0.6035,0.7514,-50.86,4.0524,0.9458,4.6399,-0.7085,-28.21,0.585,-0.595,0.0,-0.5,0.8384,1.7555,0.5252,203.623
33.475,0.6837,0.7142,-53.7,4.1348,0.9779,4.6394,-0.7082,-29.57,0.585,-0.595,0.0,-0.5,0.8379,1.76,0.528,203.623
33.526,0.6837,0.7142,-53.7,4.1348,0.9779,4.6389,-0.7079,-30.92,0.585,-0.595,0.0,-0.5,0.8374,1.7596,0.528,203.623
33.577,0.6837,0.7142,-53.7,4.1348,0.9779,4.6385,-0.7077,-32.28,0.585,-0.595,0.0,-0.5,0.8369,1.7592,0.528,203.051
33.628,0.8327,0.6162,-60.63,4.3088,1.0175,4.638,-0.7074,-33.64,0.585,-0.595,0.0,-0.5,0.8364,1.756,0.498,203.051
33.679,0.8327,0.6162,-60.63,4.3088,1.0175,4.6376,-0.7071,-34.99,0.585,-0.595,0.0,-0.5,0.8359,1.7557,0.498,203.051
33.73,0.8989,0.5732,-63.3,4.3856,1.0355,4.6376,-0.7071,-34.99,0.585,-0.595,0.0,-0.5,0.8359,1.7607,0.5,203.051
33.781,0.963,0.5119,-65.97,4.4742,1.0392,4.6373,-0.7069,-35.9,0.585,-0.595,0.0,-0.5,0.8356,1.7537,0.5048,203.051
33.832,0.963,0.5119,-65.97,4.4742,1.0392,4.6368,-0.7065,-37.25,0.585,-0.595,0.0,-0.5,0.8351,1.7533,0.5048,203.051
33.884,1.0153,0.4544,-68.67,4.5519,1.037,4.6364,-0.7062,-38.61,0.585,-0.595,0.0,-0.5,0.8346,1.7453,0.6156,203.051
33.935,1.0153,0.4544,-68.67,4.5519,1.037,4.636,-0.7059,-39.97,0.585,-0.595,0.0,-0.5,0.8341,1.7449,0.6156,202.702
33.986,1.0778,0.3999,-71.38,4.6345,1.0444,4.6356,-0.7055,-41.32,0.585,-0.595,0.0,-0.5,0.8336,1.7499,0.6192,202.702
34.037,1.0778,0.3999,-71.38,4.6345,1.0444,4.6352,-0.7052,-42.68,0.585,-0.595,0.0,-0.5,0.833,1.7495,0.6192,202.702
34.088,1.1377,0.3358,-74.08,4.7223,1.0432,4.6351,-0.705,-43.13,0.585,-0.595,0.0,-0.5,0.8329,1.7504,0.6264,202.702
34.139,1.1817,0.2787,-76.8,4.7939,1.0354,4.6348,-0.7048,-44.04,0.585,-0.595,0.0,-0.5,0.8325,1.7475,0.696,202.702
34.19,1.1817,0.2787,-76.8,4.7939,1.0354,4.6344,-0.7044,-45.39,0.585,-0.595,0.0,-0.5,0.832,1.7471,0.696,202.702
34.241,1.2364,0.2085,-79.49,4.8825,1.0262,4.634,-0.704,-46.75,0.585,-0.595,0.0,-0.5,0.8315,1.7479,0.6884,202.702
34.292,1.2364,0.2085,-79.49,4.8825,1.0262,4.6337,-0.7036,-48.1,0.585,-0.595,0.0,-0.5,0.8309,1.7476,0.6884,202.702
34.343,1.2755,0.1511,-82.2,4.9509,1.0146,4.6333,-0.7032,-49.46,0.585,-0.595,0.0,-0.5,0.8304,1.747,0.6728,202.702
34.395,1.2755,0.1511,-82.2,4.9509,1.0146,4.633,-0.7028,-50.82,0.585,-0.595,0.0,-0.5,0.8299,1.7466,0.6728,202.461
34.446,1.3259,0.0699,-84.87,5.0444,0.9947,4.6326,-0.7024,-52.17,0.585,-0.595,0.0,-0.5,0.8293,1.7463,0.6952,202.461
34.497,1.3725,0.008,-87.59,5.1214,0.9854,4.6324,-0.7021,-53.08,0.585,-0.595,0.0,-0.5,0.829,1.7569,0.6968,202.461
34.547,1.3725,0.008,-87.59,5.1214,0.9854,4.6323,-0.702,-53.53,0.585,-0.595,0.0,-0.5,0.8288,1.7568,0.6968,202.461
34.598,1.3725,0.008,-87.59,5.1214,0.9854,4.6322,-0.7018,-53.98,0.585,-0.595,0.0,-0.5,0.8286,1.7567,0.6968,202.461
34.65,1.3725,0.008,-87.59,5.1214,0.9854,4.632,-0.7015,-54.89,0.585,-0.595,0.0,-0.5,0.8283,1.7565,0.6968,202.461
34.701,1.4273,-0.1489,-93.0,5.2724,0.9163,4.6317,-0.7011,-56.24,0.585,-0.595,0.0,-0.5,0.8277,1.7397,0.6744,202.461
34.752,1.4273,-0.1489,-93.0,5.2724,0.9163,4.6314,-0.7006,-57.6,0.585,-0.595,0.0,-0.5,0.8272,1.7393,0.6744,203.016
34.803,1.4582,-0.2251,-95.7,5.3488,0.8857,4.6311,-0.7002,-58.95,0.585,-0.595,0.0,-0.5,0.8266,1.7407,0.7092,203.016
34.854,1.4582,-0.2251,-95.7,5.3488,0.8857,4.6308,-0.6997,-60.31,0.585,-0.595,0.0,-0.5,0.8261,1.7404,0.7092,203.016
34.905,1.4582,-0.2251,-95.7,5.3488,0.8857,4.6306,-0.6992,-61.67,0.585,-0.595,0.0,-0.5,0.8256,1.7401,0.7092,203.016
34.956,1.5007,-0.3792,-101.13,5.4894,0.8097,4.6303,-0.6988,-63.02,0.585,-0.595,0.0,-0.5,0.825,1.7359,0.6876,203.016
35.007,1.5007,-0.3792,-101.13,5.4894,0.8097,4.6301,-0.6983,-64.38,0.585,-0.595,0.0,-0.5,0.8245,1.7356,0.6876,203.016
35.058,1.527,-0.4579,-103.83,5.5644,0.7741,4.6299,-0.6978,-65.74,0.585,-0.595,0.0,-0.5,0.824,1.7435,0.6884,203.016
35.108,1.527,-0.4579,-103.83,5.5644,0.7741,4.6296,-0.6973,-67.09,0.585,-0.595,0.0,-0.5,0.8234,1.7432,0.6884,203.016
35.159,1.527,-0.4579,-103.83,5.5644,0.7741,4.6296,-0.6973,-67.09,0.585,-0.595,0.0,-0.5,0.8234,1.7432,0.6884,203.016
35.21,1.527,-0.4579,-103.83,5.5644,0.7741,4.6294,-0.6968,-68.45,0.585,-0.595,0.0,-0.5,0.8229,1.7429,0.6884,203.016
35.261,1.527,-0.4579,-103.83,5.5644,0.7741,4.6292,-0.6963,-69.8,0.585,-0.595,0.0,-0.5,0.8224,1.7426,0.6884,203.016
35.311,1.527,-0.4579,-103.83,5.5644,0.7741,4.6291,-0.6958,-71.16,0.585,-0.595,0.0,-0.5,0.8219,1.7423,0.6884,203.016
35.362,1.527,-0.4579,-103.83,5.5644,0.7741,4.6289,-0.6953,-72.52,0.585,-0.595,0.0,-0.5,0.8213,1.7419,0.6884,203.016
35.413,1.527,-0.4579,-103.83,5.5644,0.7741,4.6287,-0.6948,-73.87,0.585,-0.595,0.0,-0.5,0.8208,1.7416,0.6884,203.016
35.464,1.5432,-0.5382,-106.55,5.6335,0.7302,4.6286,-0.6943,-75.23,0.585,-0.595,0.0,-0.5,0.8203,1.7433,0.7296,203.016
35.515,1.5432,-0.5382,-106.55,5.6335,0.7302,4.6285,-0.6937,-76.59,0.585,-0.595,0.0,-0.5,0.8198,1.7429,0.7296,202.754
35.566,1.55,-0.6166,-109.25,5.6948,0.6807,4.6283,-0.6932,-77.94,0.585,-0.595,0.0,-0.5,0.8193,1.7392,0.69,202.754
35.617,1.5644,-0.684,-111.96,5.7533,0.6444,4.6282,-0.6927,-79.3,0.585,-0.595,0.0,-0.5,0.8188,1.7475,0.6724,202.754
35.668,1.5644,-0.684,-111.96,5.7533,0.6444,4.6281,-0.6922,-80.66,0.585,-0.595,0.0,-0.5,0.8183,1.7471,0.6724,202.754
35.719,1.5644,-0.684,-111.96,5.7533,0.6444,4.6281,-0.6916,-82.01,0.585,-0.595,0.0,-0.5,0.8178,1.7468,0.6724,202.754
35.77,1.5644,-0.684,-111.96,5.7533,0.6444,4.628,-0.6915,-82.47,0.585,-0.595,0.0,-0.5,0.8177,1.7467,0.6724,202.754
35.821,1.5587,-0.8547,-117.38,5.8725,0.5221,4.628,-0.6911,-83.37,0.585,-0.595,0.0,-0.5,0.8173,1.7379,0.7128,202.754
35.872,1.5634,-0.9454,-120.07,5.9412,0.4627,4.6279,-0.6906,-84.73,0.585,-0.595,0.0,-0.5,0.8169,1.7477,0.7044,202.754
35.923,1.5634,-0.9454,-120.07,5.9412,0.4627,4.6279,-0.69,-86.08,0.585,-0.595,0.0,-0.5,0.8164,1.7474,0.7044,202.754
35.974,1.5634,-0.9454,-120.07,5.9412,0.4627,4.6279,-0.6895,-87.44,0.585,-0.595,0.0,-0.5,0.8159,1.7471,0.7044,202.754
36.025,1.5634,-0.9454,-120.07,5.9412,0.4627,4.6278,-0.689,-88.8,0.585,-0.595,0.0,-0.5,0.8155,1.7467,0.7044,202.754
36.076,1.5634,-0.9454,-120.07,5.9412,0.4627,4.6278,-0.6884,-90.15,0.585,-0.595,0.0,-0.5,0.815,1.7464,0.7044,202.754
36.127,1.5634,-0.9454,-120.07,5.9412,0.4627,4.6278,-0.6879,-91.51,0.585,-0.595,0.0,-0.5,0.8146,1.746,0.7044,202.754
36.178,1.5634,-0.9454,-120.07,5.9412,0.4627,4.6279,-0.6873,-92.87,0.585,-0.595,0.0,-0.5,0.8141,1.7456,0.7044,202.754
36.228,1.5634,-0.9454,-120.07,5.9412,0.4627,4.6279,-0.6868,-94.22,0.585,-0.595,0.0,-0.5,0.8137,1.7453,0.7044,202.754
36.279,1.5634,-0.9454,-120.07,5.9412,0.4627,4.6279,-0.6863,-95.58,0.585,-0.595,0.0,-0.5,0.8133,1.7449,0.7044,202.754
36.33,1.5634,-0.9454,-120.07,5.9412,0.4627,4.628,-0.6857,-96.94,0.585,-0.595,0.0,-0.5,0.8129,1.7445,0.7044,202.754
36.381,1.5634,-0.9454,-120.07,5.9412,0.4627,4.6281,-0.6852,-98.29,0.585,-0.595,0.0,-0.5,0.8125,1.7441,0.7044,202.754
36.432,1.5634,-0.9454,-120.07,5.9412,0.4627,4.6281,-0.685,-98.74,0.585,-0.595,0.0,-0.5,0.8123,1.7439,0.7044,202.754
36.482,1.5634,-0.9454,-120.07,5.9412,0.4627,4.6281,-0.6847,-99.65,0.585,-0.595,0.0,-0.5,0.8121,1.7437,0.7044,202.754
36.533,1.5634,-0.9454,-120.07,5.9412,0.4627,4.6282,-0.6841,-101.0,0.585,-0.595,0.0,-0.5,0.8117,1.7432,0.7044,202.754
36.584,1.5634,-0.9454,-120.07,5.9412,0.4627,4.6284,-0.6836,-102.36,0.585,-0.595,0.0,-0.5,0.8113,1.7428,0.7044,202.754
36.635,1.5634,-0.9454,-120.07,5.9412,0.4627,4.6285,-0.6831,-103.72,0.585,-0.595,0.0,-0.5,0.8109,1.7424,0.7044,202.754
36.686,1.5584,-1.0236,-122.78,5.9941,0.4048,4.6286,-0.6826,-105.07,0.585,-0.595,0.0,-0.5,0.8106,1.7456,0.7132,202.754
36.738,1.5584,-1.0236,-122.78,5.9941,0.4048,4.6288,-0.682,-106.43,0.585,-0.595,0.0,-0.5,0.8102,1.7451,0.7132,202.754
36.789,1.5584,-1.0236,-122.78,5.9941,0.4048,4.6289,-0.6815,-107.79,0.585,-0.595,0.0,-0.5,0.8099,1.7447,0.7132,202.952
36.841,1.5584,-1.0236,-122.78,5.9941,0.4048,4.6291,-0.681,-109.14,0.585,-0.595,0.0,-0.5,0.8096,1.7442,0.7132,202.952
36.892,1.5584,-1.0236,-122.78,5.9941,0.4048,4.6293,-0.6805,-110.5,0.585,-0.595,0.0,-0.5,0.8092,1.7438,0.7132,202.952
36.943,1.5046,-1.2644,-130.9,6.1305,0.1993,4.6295,-0.68,-111.86,0.585,-0.595,0.0,-0.5,0.8089,1.7396,0.6612,202.952
36.995,1.4865,-1.3363,-133.59,6.1698,0.1364,4.6297,-0.6795,-113.21,0.585,-0.595,0.0,-0.5,0.8086,1.7429,0.6184,202.952
37.047,1.4865,-1.3363,-133.59,6.1698,0.1364,4.6299,-0.679,-114.57,0.585,-0.595,0.0,-0.5,0.8084,1.7425,0.6184,202.952
37.098,1.4634,-1.4106,-136.29,6.2074,0.0683,4.6301,-0.6785,-115.93,0.585,-0.595,0.0,-0.5,0.8081,1.7451,0.6116,202.952
37.15,1.4634,-1.4106,-136.29,6.2074,0.0683,4.6303,-0.6781,-117.28,0.585,-0.595,0.0,-0.5,0.8078,1.7447,0.6116,203.076
37.201,1.4634,-1.4106,-136.29,6.2074,0.0683,4.6306,-0.6776,-118.64,0.585,-0.595,0.0,-0.5,0.8076,1.7443,0.6116,203.076
37.253,1.4634,-1.4106,-136.29,6.2074,0.0683,4.6309,-0.6771,-119.99,0.585,-0.595,0.0,-0.5,0.8073,1.7439,0.6116,203.076
37.303,1.4634,-1.4106,-136.29,6.2074,0.0683,4.6311,-0.6766,-121.35,0.585,-0.595,0.0,-0.5,0.8071,1.7434,0.6116,203.076
37.355,1.4634,-1.4106,-136.29,6.2074,0.0683,4.6314,-0.6762,-122.71,0.585,-0.595,0.0,-0.5,0.8069,1.743,0.6116,203.076
37.406,1.3655,-1.6222,-144.42,6.2921,-0.1489,4.6317,-0.6757,-124.06,0.585,-0.595,0.0,-0.5,0.8067,1.7419,0.658,203.076
37.456,1.3326,-1.6896,-147.09,6.318,-0.2193,4.6317,-0.6757,-124.06,0.585,-0.595,0.0,-0.5,0.8067,1.7469,0.6988,203.076
37.507,1.3326,-1.6896,-147.09,6.318,-0.2193,4.632,-0.6753,-125.42,0.585,-0.595,0.0,-0.5,0.8065,1.7465,0.6988,203.076
37.558,1.2831,-1.7692,-149.81,6.341,-0.3102,4.6321,-0.6751,-125.87,0.585,-0.595,0.0,-0.5,0.8064,1.7474,0.714,203.076
37.609,1.2831,-1.7692,-149.81,6.341,-0.3102,4.6323,-0.6749,-126.78,0.585,-0.595,0.0,-0.5,0.8063,1.7472,0.714,204.112
37.664,1.2415,-1.8283,-152.53,6.3549,-0.3812,4.6327,-0.6744,-128.13,0.585,-0.595,0.0,-0.5,0.8061,1.747,0.6928,204.112
37.715,1.2415,-1.8283,-152.53,6.3549,-0.3812,4.633,-0.674,-129.49,0.585,-0.595,0.0,-0.5,0.806,1.7466,0.6928,204.112
37.765,1.2415,-1.8283,-152.53,6.3549,-0.3812,4.6333,-0.6736,-130.84,0.585,-0.595,0.0,-0.5,0.8058,1.7462,0.6928,204.112
37.816,1.2415,-1.8283,-152.53,6.3549,-0.3812,4.6337,-0.6732,-132.2,0.585,-0.595,0.0,-0.5,0.8057,1.7458,0.6928,204.112
37.868,1.195,-1.8893,-155.22,6.3666,-0.4569,4.6339,-0.6729,-133.1,0.585,-0.595,0.0,-0.5,0.8056,1.7461,0.6792,204.112
37.919,1.195,-1.8893,-155.22,6.3666,-0.4569,4.6341,-0.6728,-133.56,0.585,-0.595,0.0,-0.5,0.8056,1.746,0.6792,204.112
37.97,1.195,-1.8893,-155.22,6.3666,-0.4569,4.6344,-0.6724,-134.91,0.585,-0.595,0.0,-0.5,0.8055,1.7455,0.6792,204.112
38.021,1.1418,-1.9562,-157.95,6.3781,-0.5416,4.6348,-0.672,-136.27,0.585,-0.595,0.0,-0.5,0.8054,1.7481,0.6972,204.112
38.072,1.0881,-2.0066,-160.62,6.3772,-0.6153,4.6352,-0.6717,-137.63,0.585,-0.595,0.0,-0.5,0.8053,1.7429,0.6848,204.112
38.123,1.0881,-2.0066,-160.62,6.3772,-0.6153,4.6353,-0.6715,-138.08,0.585,-0.595,0.0,-0.5,0.8053,1.7428,0.6848,204.793
38.174,1.0256,-2.0715,-163.32,6.3807,-0.7053,4.6356,-0.6713,-138.98,0.585,-0.595,0.0,-0.5,0.8052,1.7454,0.6824,204.793
38.225,1.0256,-2.0715,-163.32,6.3807,-0.7053,4.636,-0.671,-140.34,0.585,-0.595,0.0,-0.5,0.8052,1.745,0.6824,204.793
38.276,0.9625,-2.1205,-166.0,6.3723,-0.7847,4.6364,-0.6706,-141.7,0.585,-0.595,0.0,-0.5,0.8051,1.7397,0.6868,204.793
38.327,0.8961,-2.1771,-168.72,6.3672,-0.8718,4.6369,-0.6703,-143.05,0.585,-0.595,0.0,-0.5,0.8051,1.742,0.6864,204.793
38.379,0.8961,-2.1771,-168.72,6.3672,-0.8718,4.6373,-0.67,-144.41,0.585,-0.595,0.0,-0.5,0.8051,1.7416,0.6864,204.793
38.43,0.8385,-2.2114,-171.44,6.352,-0.9372,4.6377,-0.6697,-145.76,0.585,-0.595,0.0,-0.5,0.8051,1.735,0.7136,204.793
38.482,0.8385,-2.2114,-171.44,6.352,-0.9372,4.6382,-0.6694,-147.12,0.585,-0.595,0.0,-0.5,0.8051,1.7346,0.7136,204.793
38.533,0.7604,-2.2603,-174.11,6.3331,-1.0274,4.6386,-0.6691,-148.48,0.585,-0.595,0.0,-0.5,0.8051,1.732,0.7272,204.793
38.584,0.7604,-2.2603,-174.11,6.3331,-1.0274,4.6391,-0.6688,-149.83,0.585,-0.595,0.0,-0.5,0.8052,1.7316,0.7272,206.348
38.635,0.7604,-2.2603,-174.11,6.3331,-1.0274,4.6396,-0.6685,-151.19,0.585,-0.595,0.0,-0.5,0.8052,1.7312,0.7272,206.348
38.686,0.6202,-2.339,-179.5,6.2928,-1.1829,4.6399,-0.6684,-152.1,0.585,-0.595,0.0,-0.5,0.8053,1.7311,0.7452,206.348
38.737,0.6202,-2.339,-179.5,6.2928,-1.1829,4.6405,-0.668,-153.9,0.585,-0.595,0.0,-0.5,0.8054,1.7306,0.7452,206.348
38.789,0.553,-2.3678,177.8,6.267,-1.2514,4.641,-0.6678,-155.26,0.585,-0.595,0.0,-0.5,0.8055,1.7276,0.3152,206.348
38.84,0.553,-2.3678,177.8,6.267,-1.2514,4.6415,-0.6676,-156.62,0.585,-0.595,0.0,-0.5,0.8056,1.7272,0.3152,206.348
38.891,0.467,-2.4048,175.12,6.2341,-1.3391,4.642,-0.6674,-157.97,0.585,-0.595,0.0,-0.5,0.8057,1.728,0.7584,206.348
38.942,0.3913,-2.4348,172.43,6.2032,-1.4144,4.6423,-0.6672,-158.88,0.585,-0.595,0.0,-0.5,0.8058,1.7305,0.3672,206.348
38.994,0.3913,-2.4348,172.43,6.2032,-1.4144,4.6428,-0.667,-160.23,0.585,-0.595,0.0,-0.5,0.8059,1.7302,0.3672,206.348
39.044,0.306,-2.4488,169.73,6.1543,-1.4857,4.6428,-0.667,-160.23,0.585,-0.595,0.0,-0.5,0.8059,1.7189,0.7616,206.348
39.096,0.306,-2.4488,169.73,6.1543,-1.4857,4.6433,-0.6669,-161.59,0.585,-0.595,0.0,-0.5,0.8061,1.7186,0.7616,206.348
39.147,0.2273,-2.4658,167.03,6.1121,-1.5542,4.6439,-0.6667,-162.95,0.585,-0.595,0.0,-0.5,0.8062,1.7156,0.7056,206.348
39.197,0.1421,-2.492,164.32,6.0719,-1.6338,4.6439,-0.6667,-162.95,0.585,-0.595,0.0,-0.5,0.8062,1.7247,0.6576,207.362
39.248,0.1421,-2.492,164.32,6.0719,-1.6338,4.6444,-0.6666,-164.3,0.585,-0.595,0.0,-0.5,0.8064,1.7244,0.6576,207.362
39.299,0.0642,-2.4932,161.6,6.0188,-1.6907,4.6445,-0.6665,-164.76,0.585,-0.595,0.0,-0.5,0.8065,1.7139,0.6764,207.362
39.35,0.0642,-2.4932,161.6,6.0188,-1.6907,4.6449,-0.6664,-165.66,0.585,-0.595,0.0,-0.5,0.8066,1.7137,0.6764,207.362
39.401,-0.0183,-2.5083,158.87,5.9726,-1.7607,4.6454,-0.6663,-167.02,0.585,-0.595,0.0,-0.5,0.8068,1.7202,0.5812,207.362
39.452,-0.0183,-2.5083,158.87,5.9726,-1.7607,4.6459,-0.6662,-168.37,0.585,-0.595,0.0,-0.5,0.807,1.7199,0.5812,207.362
39.503,-0.1041,-2.5154,156.18,5.9182,-1.8275,4.6459,-0.6662,-168.37,0.585,-0.595,0.0,-0.5,0.807,1.7226,0.5652,207.362
39.554,-0.1041,-2.5154,156.18,5.9182,-1.8275,4.6465,-0.6661,-169.73,0.585,-0.595,0.0,-0.5,0.8072,1.7223,0.5652,208.049
39.605,-0.176,-2.5042,153.49,5.8603,-1.8716,4.647,-0.666,-171.09,0.585,-0.595,0.0,-0.5,0.8075,1.7105,0.604,208.049
39.656,-0.2674,-2.5258,150.8,5.8126,-1.9525,4.6475,-0.6659,-172.44,0.585,-0.595,0.0,-0.5,0.8077,1.7357,0.4204,208.049
39.707,-0.2674,-2.5258,150.8,5.8126,-1.9525,4.6481,-0.6658,-173.8,0.585,-0.595,0.0,-0.5,0.808,1.7354,0.4204,208.049
39.758,-0.3564,-2.5052,148.08,5.7361,-2.0025,4.6486,-0.6658,-175.16,0.585,-0.595,0.0,-0.5,0.8082,1.7232,0.4052,208.049
39.809,-0.3564,-2.5052,148.08,5.7361,-2.0025,4.6491,-0.6657,-176.51,0.585,-0.595,0.0,-0.5,0.8085,1.7229,0.4052,208.049
39.86,-0.3564,-2.5052,148.08,5.7361,-2.0025,4.6497,-0.6657,-177.87,0.585,-0.595,0.0,-0.5,0.8088,1.7226,0.4052,208.049
39.911,-0.3564,-2.5052,148.08,5.7361,-2.0025,4.6502,-0.6657,-179.22,0.585,-0.595,0.0,-0.5,0.8091,1.7223,0.4052,208.049
39.961,-0.3564,-2.5052,148.08,5.7361,-2.0025,4.6507,-0.6657,179.42,0.585,-0.595,0.0,-0.5,0.8094,1.7219,0.4052,208.049
40.012,-0.3564,-2.5052,148.08,5.7361,-2.0025,4.6513,-0.6657,178.06,0.585,-0.595,0.0,-0.5,0.8097,1.7216,0.4052,208.049
40.063,-0.3564,-2.5052,148.08,5.7361,-2.0025,4.6518,-0.6657,176.71,0.585,-0.595,0.0,-0.5,0.8101,1.7212,0.4052,208.049
40.114,-0.3564,-2.5052,148.08,5.7361,-2.0025,4.6523,-0.6658,175.35,0.585,-0.595,0.0,-0.5,0.8104,1.7208,0.4052,208.049
40.164,-0.3564,-2.5052,148.08,5.7361,-2.0025,4.6529,-0.6658,173.99,0.585,-0.595,0.0,-0.5,0.8108,1.7205,0.4052,208.049
40.215,-0.3564,-2.5052,148.08,5.7361,-2.0025,4.6534,-0.6659,172.64,0.585,-0.595,0.0,-0.5,0.8111,1.7201,0.4052,208.049
40.266,-0.3564,-2.5052,148.08,5.7361,-2.0025,4.6539,-0.6659,171.28,0.585,-0.595,0.0,-0.5,0.8115,1.7197,0.4052,208.049
40.317,-0.3564,-2.5052,148.08,5.7361,-2.0025,4.6545,-0.666,169.92,0.585,-0.595,0.0,-0.5,0.8119,1.7193,0.4052,208.049
40.368,-0.3564,-2.5052,148.08,5.7361,-2.0025,4.655,-0.6661,168.57,0.585,-0.595,0.0,-0.5,0.8123,1.7189,0.4052,208.049
40.419,-0.3564,-2.5052,148.08,5.7361,-2.0025,4.6555,-0.6662,167.21,0.585,-0.595,0.0,-0.5,0.8127,1.7185,0.4052,208.049
40.469,-0.3564,-2.5052,148.08,5.7361,-2.0025,4.6561,-0.6664,165.85,0.585,-0.595,0.0,-0.5,0.8131,1.718,0.4052,208.049
40.52,-0.3564,-2.5052,148.08,5.7361,-2.0025,4.6566,-0.6665,164.5,0.585,-0.595,0.0,-0.5,0.8135,1.7176,0.4052,208.049
40.571,-0.3564,-2.5052,148.08,5.7361,-2.0025,4.6571,-0.6667,163.14,0.585,-0.595,0.0,-0.5,0.8139,1.7172,0.4052,208.049
40.623,-0.3564,-2.5052,148.08,5.7361,-2.0025,4.6576,-0.6668,161.79,0.585,-0.595,0.0,-0.5,0.8144,1.7167,0.4052,208.049
40.675,-0.4386,-2.4961,145.37,5.6726,-2.0554,4.6581,-0.667,160.43,0.585,-0.595,0.0,-0.5,0.8148,1.7196,0.5616,208.049
40.725,-0.4386,-2.4961,145.37,5.6726,-2.0554,4.6583,-0.667,159.98,0.585,-0.595,0.0,-0.5,0.8149,1.7194,0.5616,209.126
40.776,-0.5249,-2.4893,142.67,5.6079,-2.1129,4.6584,-0.6671,159.52,0.585,-0.595,0.0,-0.5,0.8151,1.7297,0.5588,209.126
40.83,-0.5249,-2.4893,142.67,5.6079,-2.1129,4.6589,-0.6673,158.17,0.585,-0.595,0.0,-0.5,0.8155,1.7293,0.5588,209.126
40.881,-0.5249,-2.4893,142.67,5.6079,-2.1129,4.6594,-0.6675,156.81,0.585,-0.595,0.0,-0.5,0.816,1.7288,0.5588,209.126
40.932,-0.5249,-2.4893,142.67,5.6079,-2.1129,4.6599,-0.6677,155.45,0.585,-0.595,0.0,-0.5,0.8165,1.7284,0.5588,209.126
40.983,-0.5249,-2.4893,142.67,5.6079,-2.1129,4.6601,-0.6678,155.0,0.585,-0.595,0.0,-0.5,0.8166,1.7282,0.5588,209.126
41.034,-0.7673,-2.4258,134.65,5.3942,-2.2437,4.6604,-0.668,154.1,0.585,-0.595,0.0,-0.5,0.8169,1.7382,0.8112,209.126
41.085,-0.8491,-2.4041,131.94,5.3219,-2.2876,4.6609,-0.6682,152.74,0.585,-0.595,0.0,-0.5,0.8174,1.7491,0.4048,209.126
41.137,-0.8491,-2.4041,131.94,5.3219,-2.2876,4.6612,-0.6684,151.84,0.585,-0.595,0.0,-0.5,0.8177,1.7489,0.4048,209.126
41.188,-0.9176,-2.3639,129.23,5.2454,-2.3093,4.6614,-0.6684,151.39,0.585,-0.595,0.0,-0.5,0.8179,1.7416,0.3948,209.993
41.239,-0.9176,-2.3639,129.23,5.2454,-2.3093,4.6619,-0.6687,150.03,0.585,-0.595,0.0,-0.5,0.8184,1.7412,0.3948,209.993
41.29,-0.9878,-2.3335,126.56,5.1749,-2.3388,4.6623,-0.669,148.67,0.585,-0.595,0.0,-0.5,0.8189,1.7467,0.5436,209.993
41.341,-0.9878,-2.3335,126.56,5.1749,-2.3388,4.6628,-0.6693,147.32,0.585,-0.595,0.0,-0.5,0.8194,1.7463,0.5436,209.993
41.392,-1.0657,-2.2899,123.87,5.0895,-2.3648,4.6632,-0.6696,145.96,0.585,-0.595,0.0,-0.5,0.8199,1.748,0.5356,209.993
41.444,-1.1311,-2.2522,121.22,5.017,-2.3859,4.6637,-0.6699,144.6,0.585,-0.595,0.0,-0.5,0.8204,1.752,0.6604,209.993
41.495,-1.1311,-2.2522,121.22,5.017,-2.3859,4.6641,-0.6702,143.25,0.585,-0.595,0.0,-0.5,0.8209,1.7516,0.6604,209.993
41.546,-1.1974,-2.1973,118.48,4.9314,-2.3956,4.6645,-0.6705,141.89,0.585,-0.595,0.0,-0.5,0.8214,1.7456,0.688,209.993
41.598,-1.1974,-2.1973,118.48,4.9314,-2.3956,4.665,-0.6708,140.54,0.585,-0.595,0.0,-0.5,0.822,1.7452,0.688,209.993
41.65,-1.2719,-2.1531,115.8,4.8479,-2.4187,4.6654,-0.6712,139.18,0.585,-0.595,0.0,-0.5,0.8225,1.7571,0.784,210.477
41.7,-1.2719,-2.1531,115.8,4.8479,-2.4187,4.6658,-0.6715,137.82,0.585,-0.595,0.0,-0.5,0.823,1.7567,0.784,210.477
41.751,-1.3243,-2.103,113.09,4.7755,-2.4218,4.6662,-0.6719,136.47,0.585,-0.595,0.0,-0.5,0.8235,1.7533,0.658,210.477
41.802,-1.3931,-2.0419,110.38,4.6838,-2.4291,4.6666,-0.6723,135.11,0.585,-0.595,0.0,-0.5,0.8241,1.7569,0.7212,210.477
41.853,-1.3931,-2.0419,110.38,4.6838,-2.4291,4.6669,-0.6727,133.75,0.585,-0.595,0.0,-0.5,0.8246,1.7565,0.7212,210.477
41.904,-1.4457,-1.9934,107.72,4.6124,-2.4334,4.6673,-0.6731,132.4,0.585,-0.595,0.0,-0.5,0.8251,1.7612,0.7228,210.477
41.955,-1.4457,-1.9934,107.72,4.6124,-2.4334,4.6677,-0.6735,131.04,0.585,-0.595,0.0,-0.5,0.8257,1.7608,0.7228,210.477
42.006,-1.5022,-1.9288,104.99,4.5266,-2.4294,4.668,-0.6739,129.68,0.585,-0.595,0.0,-0.5,0.8262,1.7612,0.6516,210.477
42.057,-1.5022,-1.9288,104.99,4.5266,-2.4294,4.6684,-0.6743,128.33,0.585,-0.595,0.0,-0.5,0.8268,1.7608,0.6516,210.477
42.109,-1.5022,-1.9288,104.99,4.5266,-2.4294,4.6687,-0.6747,126.97,0.585,-0.595,0.0,-0.5,0.8273,1.7604,0.6516,210.477
42.159,-1.5022,-1.9288,104.99,4.5266,-2.4294,4.669,-0.6752,125.62,0.585,-0.595,0.0,-0.5,0.8278,1.76,0.6516,210.376
42.21,-1.5022,-1.9288,104.99,4.5266,-2.4294,4.6693,-0.6756,124.26,0.585,-0.595,0.0,-0.5,0.8284,1.7596,0.6516,210.376
42.262,-1.6546,-1.7324,96.89,4.2794,-2.4033,4.6696,-0.676,122.9,0.585,-0.595,0.0,-0.5,0.8289,1.7708,0.662,210.376
42.313,-1.6546,-1.7324,96.89,4.2794,-2.4033,4.6699,-0.6765,121.55,0.585,-0.595,0.0,-0.5,0.8294,1.7704,0.662,210.376
42.364,-1.6955,-1.6646,94.19,4.2022,-2.3858,4.6702,-0.677,120.19,0.585,-0.595,0.0,-0.5,0.83,1.7717,0.664,210.376
42.415,-1.6955,-1.6646,94.19,4.2022,-2.3858,4.6704,-0.6774,118.83,0.585,-0.595,0.0,-0.5,0.8305,1.7714,0.664,210.376
42.466,-1.6955,-1.6646,94.19,4.2022,-2.3858,4.6707,-0.6779,117.48,0.585,-0.595,0.0,-0.5,0.831,1.771,0.664,210.376
42.518,-1.6955,-1.6646,94.19,4.2022,-2.3858,4.6709,-0.6784,116.12,0.585,-0.595,0.0,-0.5,0.8316,1.7706,0.664,210.376
42.569,-1.7526,-1.5278,88.78,4.0639,-2.3322,4.6712,-0.6789,114.77,0.585,-0.595,0.0,-0.5,0.8321,1.7614,0.6516,210.376
42.62,-1.8005,-1.4325,86.08,3.9621,-2.3008,4.6714,-0.6794,113.41,0.585,-0.595,0.0,-0.5,0.8326,1.7698,0.4956,210.236
42.671,-1.8005,-1.4325,86.08,3.9621,-2.3008,4.6715,-0.6795,112.96,0.585,-0.595,0.0,-0.5,0.8328,1.7696,0.4956,210.236
42.722,-1.8235,-1.3582,83.37,3.8925,-2.2659,4.6716,-0.6798,112.05,0.585,-0.595,0.0,-0.5,0.8332,1.7671,0.6612,210.236
42.773,-1.8235,-1.3582,83.37,3.8925,-2.2659,4.6717,-0.6802,111.15,0.585,-0.595,0.0,-0.5,0.8335,1.7668,0.6612,210.236
42.824,-1.8235,-1.3582,83.37,3.8925,-2.2659,4.6719,-0.6805,110.24,0.585,-0.595,0.0,-0.5,0.8338,1.7666,0.6612,210.236
42.875,-1.8675,-1.1979,78.03,3.7464,-2.1866,4.6719,-0.6807,109.79,0.585,-0.595,0.0,-0.5,0.834,1.7675,0.5304,210.236
42.926,-1.8675,-1.1979,78.03,3.7464,-2.1866,4.6721,-0.6812,108.43,0.585,-0.595,0.0,-0.5,0.8345,1.7672,0.5304,210.236
42.977,-1.8675,-1.1979,78.03,3.7464,-2.1866,4.6723,-0.6817,107.08,0.585,-0.595,0.0,-0.5,0.835,1.7669,0.5304,210.037
43.028,-1.8675,-1.1979,78.03,3.7464,-2.1866,4.6724,-0.6822,105.72,0.585,-0.595,0.0,-0.5,0.8355,1.7665,0.5304,210.037
43.079,-1.8675,-1.1979,78.03,3.7464,-2.1866,4.6726,-0.6827,104.37,0.585,-0.595,0.0,-0.5,0.836,1.7661,0.5304,210.037
43.13,-1.8675,-1.1979,78.03,3.7464,-2.1866,4.6727,-0.6833,103.01,0.585,-0.595,0.0,-0.5,0.8365,1.7658,0.5304,210.037
43.181,-1.8675,-1.1979,78.03,3.7464,-2.1866,4.6728,-0.6838,101.65,0.585,-0.595,0.0,-0.5,0.837,1.7654,0.5304,210.037
43.232,-1.8675,-1.1979,78.03,3.7464,-2.1866,4.6729,-0.6843,100.3,0.585,-0.595,0.0,-0.5,0.8375,1.765,0.5304,210.037
43.283,-1.8675,-1.1979,78.03,3.7464,-2.1866,4.673,-0.6848,98.94,0.585,-0.595,0.0,-0.5,0.838,1.7646,0.5304,210.037
43.334,-1.8675,-1.1979,78.03,3.7464,-2.1866,4.6731,-0.6854,97.58,0.585,-0.595,0.0,-0.5,0.8385,1.7642,0.5304,210.037
43.386,-1.8894,-1.0559,72.74,3.6289,-2.104,4.6731,-0.6859,96.23,0.585,-0.595,0.0,-0.5,0.8389,1.7611,0.3432,210.037
43.437,-1.8894,-1.0559,72.74,3.6289,-2.104,4.6732,-0.6864,94.87,0.585,-0.595,0.0,-0.5,0.8394,1.7607,0.3432,210.037
43.488,-1.9027,-0.959,70.05,3.5498,-2.0465,4.6732,-0.687,93.51,0.585,-0.595,0.0,-0.5,0.8399,1.7636,0.8536,210.037
43.539,-1.9027,-0.959,70.05,3.5498,-2.0465,4.6733,-0.6875,92.16,0.585,-0.595,0.0,-0.5,0.8403,1.7632,0.8536,210.037
43.591,-1.8991,-0.88,67.37,3.4953,-1.9891,4.6733,-0.6881,90.8,0.585,-0.595,0.0,-0.5,0.8408,1.7551,0.4172,210.037
43.642,-1.8991,-0.88,67.37,3.4953,-1.9891,4.6733,-0.6886,89.44,0.585,-0.595,0.0,-0.5,0.8412,1.7547,0.4172,210.037
43.694,-1.9045,-0.7915,64.65,3.4278,-1.9317,4.6733,-0.6893,87.64,0.585,-0.595,0.0,-0.5,0.8418,1.7592,0.8488,210.037
43.745,-1.9045,-0.7915,64.65,3.4278,-1.9317,4.6732,-0.6898,86.28,0.585,-0.595,0.0,-0.5,0.8422,1.7588,0.8488,209.346
43.795,-1.9,-0.7143,61.97,3.3752,-1.875,4.6732,-0.6898,86.28,0.585,-0.595,0.0,-0.5,0.8422,1.7577,0.3776,209.346
43.846,-1.8898,-0.6257,59.24,3.3183,-1.8062,4.6732,-0.6902,85.37,0.585,-0.595,0.0,-0.5,0.8424,1.7554,0.4312,209.346
43.897,-1.8898,-0.6257,59.24,3.3183,-1.8062,4.6732,-0.6907,84.02,0.585,-0.595,0.0,-0.5,0.8429,1.755,0.4312,209.346
43.948,-1.8767,-0.5409,56.52,3.2663,-1.7381,4.6731,-0.6913,82.66,0.585,-0.595,0.0,-0.5,0.8432,1.7535,0.8528,209.346
43.999,-1.8767,-0.5409,56.52,3.2663,-1.7381,4.673,-0.6918,81.31,0.585,-0.595,0.0,-0.5,0.8436,1.7531,0.8528,209.346
44.05,-1.852,-0.4584,53.85,3.2239,-1.6631,4.6729,-0.6923,79.95,0.585,-0.595,0.0,-0.5,0.844,1.7442,0.8568,209.346
44.101,-1.852,-0.4584,53.85,3.2239,-1.6631,4.6728,-0.6929,78.59,0.585,-0.595,0.0,-0.5,0.8444,1.7438,0.8568,209.346
44.153,-1.852,-0.4584,53.85,3.2239,-1.6631,4.6727,-0.6934,77.24,0.585,-0.595,0.0,-0.5,0.8447,1.7434,0.8568,209.346
44.204,-1.852,-0.4584,53.85,3.2239,-1.6631,4.6727,-0.6936,76.78,0.585,-0.595,0.0,-0.5,0.8449,1.7433,0.8568,208.044
44.255,-1.8145,-0.301,48.45,3.1364,-1.5271,4.6726,-0.6939,75.88,0.585,-0.595,0.0,-0.5,0.8451,1.7476,0.8452,208.044
44.306,-1.789,-0.2234,45.73,3.0981,-1.4548,4.6725,-0.6944,74.52,0.585,-0.595,0.0,-0.5,0.8454,1.7484,0.8388,208.044
44.357,-1.789,-0.2234,45.73,3.0981,-1.4548,4.6723,-0.695,73.17,0.585,-0.595,0.0,-0.5,0.8458,1.748,0.8388,208.044
44.408,-1.7617,-0.1498,43.03,3.0639,-1.3842,4.6722,-0.6955,71.81,0.585,-0.595,0.0,-0.5,0.8461,1.7495,0.8376,208.044
44.459,-1.7238,-0.0855,40.35,3.0437,-1.3123,4.672,-0.696,70.45,0.585,-0.595,0.0,-0.5,0.8464,1.741,0.3932,208.044
44.509,-1.7238,-0.0855,40.35,3.0437,-1.3123,4.672,-0.696,70.45,0.585,-0.595,0.0,-0.5,0.8464,1.741,0.3932,208.044
44.56,-1.7238,-0.0855,40.35,3.0437,-1.3123,4.6718,-0.6965,69.1,0.585,-0.595,0.0,-0.5,0.8467,1.7406,0.3932,208.044
44.613,-1.7238,-0.0855,40.35,3.0437,-1.3123,4.6716,-0.697,67.74,0.585,-0.595,0.0,-0.5,0.847,1.7403,0.3932,208.044
44.664,-1.6464,0.0543,34.92,2.9966,-1.1596,4.6714,-0.6975,66.39,0.585,-0.595,0.0,-0.5,0.8473,1.7374,0.47,208.044
44.718,-1.6464,0.0543,34.92,2.9966,-1.1596,4.6712,-0.698,65.03,0.585,-0.595,0.0,-0.5,0.8475,1.7371,0.47,208.235
44.769,-1.5987,0.1367,32.22,2.9702,-1.0682,4.6709,-0.6985,63.67,0.585,-0.595,0.0,-0.5,0.8478,1.7405,0.8668,208.235
44.822,-1.5524,0.1998,29.51,2.9568,-0.9911,4.6707,-0.6989,62.32,0.585,-0.595,0.0,-0.5,0.8481,1.7386,0.3288,208.235
44.873,-1.5524,0.1998,29.51,2.9568,-0.9911,4.6704,-0.6994,60.96,0.585,-0.595,0.0,-0.5,0.8483,1.7383,0.3288,208.235
44.924,-1.5129,0.2624,26.92,2.9391,-0.9192,4.6702,-0.6999,59.6,0.585,-0.595,0.0,-0.5,0.8485,1.745,0.3528,208.235
44.977,-1.5129,0.2624,26.92,2.9391,-0.9192,4.6699,-0.7003,58.25,0.585,-0.595,0.0,-0.5,0.8487,1.7446,0.3528,208.235
45.777,-1.5129,0.2624,26.92,2.9391,-0.9192,4.6695,-0.7009,56.44,0.585,-0.595,0.0,0.0,0.8487,1.7446,0.3528,208.235
