t,est_x,est_y,est_yaw_deg,est_wx,est_wy,true_x,true_y,true_yaw_deg,wp_x,wp_y,cmd_v,cmd_w,travelled,est_true_gap,pose_quality,chamfer_cm
0.0,0.0286,-0.0231,-1.79,4.2128,-0.0053,4.1763,-0.0099,46.15,0.585,-0.595,0.0,-0.5,0.0,0.0368,0.8212,nan
0.051,0.0286,-0.0231,-1.79,4.2128,-0.0053,4.1763,-0.0099,46.14,0.585,-0.595,0.0,-0.5,0.0,0.0368,0.8212,0.0
0.102,0.0286,-0.0231,-1.79,4.2128,-0.0053,4.1762,-0.0101,46.03,0.585,-0.595,0.0,-0.5,0.0002,0.037,0.8212,0.0
0.153,0.0286,-0.0231,-1.79,4.2128,-0.0053,4.1759,-0.0104,45.7,0.585,-0.595,0.0,-0.5,0.0006,0.0373,0.8212,0.0
0.204,0.0286,-0.0231,-1.79,4.2128,-0.0053,4.1755,-0.0107,45.07,0.585,-0.595,0.0,-0.5,0.0011,0.0377,0.8212,0.0
0.255,0.0286,-0.0231,-1.79,4.2128,-0.0053,4.1752,-0.0111,44.15,0.585,-0.595,0.0,-0.5,0.0016,0.0381,0.8212,0.0
0.306,0.0464,-0.0732,-1.82,4.2612,-0.0272,4.1748,-0.0114,43.12,0.585,-0.595,0.0,-0.5,0.0021,0.0878,0.8032,0.0
0.357,0.0517,-0.1063,-1.94,4.2887,-0.0463,4.1746,-0.0117,42.09,0.585,-0.595,0.0,-0.5,0.0025,0.1193,0.8024,0.0
0.408,0.0517,-0.1063,-1.94,4.2887,-0.0463,4.1744,-0.0118,41.09,0.585,-0.595,0.0,-0.5,0.0027,0.1194,0.8024,0.0
0.458,0.0517,-0.1063,-1.94,4.2887,-0.0463,4.1743,-0.0119,40.1,0.585,-0.595,0.0,-0.5,0.0029,0.1195,0.8024,0.0
0.509,0.0517,-0.1063,-1.94,4.2887,-0.0463,4.1743,-0.0119,39.11,0.585,-0.595,0.0,-0.5,0.0029,0.1195,0.8024,0.0
0.56,0.0517,-0.1063,-1.94,4.2887,-0.0463,4.1744,-0.0118,38.13,0.585,-0.595,0.0,-0.5,0.0027,0.1194,0.8024,0.0
0.611,0.0517,-0.1063,-1.94,4.2887,-0.0463,4.1746,-0.0117,37.11,0.585,-0.595,0.0,-0.5,0.0024,0.1192,0.8024,0.0
0.661,0.0517,-0.1063,-1.94,4.2887,-0.0463,4.1749,-0.0115,36.06,0.585,-0.595,0.0,-0.5,0.0021,0.119,0.8024,0.0
0.712,0.0517,-0.1063,-1.94,4.2887,-0.0463,4.1753,-0.0112,34.96,0.585,-0.595,0.0,-0.5,0.0016,0.1187,0.8024,0.0
0.763,0.0517,-0.1063,-1.94,4.2887,-0.0463,4.1758,-0.0109,33.82,0.585,-0.595,0.0,-0.5,0.0011,0.1184,0.8024,0.0
0.814,0.0517,-0.1063,-1.94,4.2887,-0.0463,4.1762,-0.0106,32.63,0.585,-0.595,0.0,-0.5,0.0007,0.118,0.8024,0.0
0.864,0.0517,-0.1063,-1.94,4.2887,-0.0463,4.1768,-0.0103,31.4,0.585,-0.595,0.0,-0.5,0.0006,0.1176,0.8024,0.0
0.915,0.0517,-0.1063,-1.94,4.2887,-0.0463,4.1773,-0.01,30.13,0.585,-0.595,0.0,-0.5,0.001,0.1172,0.8024,0.0
0.966,0.0517,-0.1063,-1.94,4.2887,-0.0463,4.1779,-0.0097,28.83,0.585,-0.595,0.0,-0.5,0.0016,0.1167,0.8024,0.0
1.017,0.0517,-0.1063,-1.94,4.2887,-0.0463,4.1784,-0.0094,27.49,0.585,-0.595,0.0,-0.5,0.0021,0.1164,0.8024,0.0
1.069,0.0517,-0.1063,-1.94,4.2887,-0.0463,4.1787,-0.0092,26.13,0.585,-0.595,0.0,-0.5,0.0026,0.1161,0.8024,28.536
1.12,0.0842,-0.0999,-4.08,4.3067,-0.0184,4.179,-0.0091,24.75,0.585,-0.595,0.0,-0.5,0.0029,0.128,0.6344,28.536
1.171,0.0842,-0.0999,-4.08,4.3067,-0.0184,4.1792,-0.009,23.35,0.585,-0.595,0.0,-0.5,0.003,0.1279,0.6344,28.536
1.222,0.0842,-0.0999,-4.08,4.3067,-0.0184,4.1792,-0.009,21.95,0.585,-0.595,0.0,-0.5,0.003,0.1278,0.6344,28.536
1.274,0.1083,-0.1472,-8.15,4.3575,-0.0338,4.1791,-0.0091,20.54,0.585,-0.595,0.0,-0.5,0.0029,0.1801,0.6204,28.536
1.325,0.1083,-0.1472,-8.15,4.3575,-0.0338,4.1789,-0.0091,19.14,0.585,-0.595,0.0,-0.5,0.0028,0.1802,0.6204,28.536
1.376,0.0936,-0.1714,-10.06,4.3648,-0.0612,4.1787,-0.0092,17.74,0.585,-0.595,0.0,-0.5,0.0025,0.1932,0.5792,28.536
1.427,0.1086,-0.1895,-12.22,4.3882,-0.0629,4.1784,-0.0093,16.34,0.585,-0.595,0.0,-0.5,0.0022,0.2165,0.7656,28.536
1.478,0.1086,-0.1895,-12.22,4.3882,-0.0629,4.1781,-0.0094,14.95,0.585,-0.595,0.0,-0.5,0.0019,0.2168,0.7656,28.536
1.53,0.1111,-0.2206,-14.51,4.4124,-0.0826,4.1778,-0.0095,14.02,0.585,-0.595,0.483,-0.498,0.0016,0.2457,0.7852,35.923
1.581,0.1111,-0.2206,-14.51,4.4124,-0.0826,4.1775,-0.0096,12.18,0.585,-0.595,0.483,-0.498,0.0012,0.246,0.7852,35.923
1.632,0.0972,-0.2512,-16.95,4.4248,-0.1138,4.1799,-0.0091,10.82,0.585,-0.595,0.478,-0.382,0.0037,0.2663,0.7384,35.923
1.683,0.1098,-0.2779,-19.61,4.4527,-0.1233,4.187,-0.0078,9.48,0.585,-0.595,0.457,-0.295,0.0109,0.2898,0.7248,35.923
1.734,0.1098,-0.2779,-19.61,4.4527,-0.1233,4.199,-0.006,8.16,0.585,-0.595,0.457,-0.295,0.023,0.2795,0.7248,35.923
1.785,0.098,-0.2962,-22.28,4.4578,-0.1444,4.2097,-0.0046,7.34,0.585,-0.595,0.457,-0.193,0.0338,0.2848,0.6748,35.923
1.837,0.098,-0.2962,-22.28,4.4578,-0.1444,4.2368,-0.0016,5.72,0.585,-0.595,0.457,-0.193,0.0611,0.2632,0.6748,35.923
1.888,0.0811,-0.3282,-25.17,4.4691,-0.1788,4.2589,0.0003,4.67,0.585,-0.595,0.456,-0.057,0.0833,0.2761,0.8072,42.99
1.939,0.0811,-0.3282,-25.17,4.4691,-0.1788,4.2813,0.0019,3.71,0.585,-0.595,0.456,-0.057,0.1057,0.2606,0.8072,42.99
1.99,0.0811,-0.3282,-25.17,4.4691,-0.1788,4.3038,0.0032,2.93,0.585,-0.595,0.456,-0.057,0.1281,0.2458,0.8072,42.99
2.041,0.0811,-0.3282,-25.17,4.4691,-0.1788,4.3263,0.0041,2.31,0.585,-0.595,0.456,-0.057,0.1507,0.2321,0.8072,42.99
2.092,0.061,-0.3491,-27.93,4.4704,-0.2078,4.3489,0.0049,1.74,0.585,-0.595,0.463,0.059,0.1733,0.2449,0.7668,42.99
2.143,0.061,-0.3491,-27.93,4.4704,-0.2078,4.3717,0.0055,1.19,0.585,-0.595,0.463,0.059,0.196,0.235,0.7668,42.99
2.195,0.0367,-0.37,-30.75,4.4686,-0.2397,4.3947,0.0058,0.78,0.585,-0.595,0.474,0.177,0.2189,0.2564,0.7268,42.99
2.245,0.0367,-0.37,-30.75,4.4686,-0.2397,4.3947,0.0058,0.78,0.585,-0.595,0.474,0.177,0.2189,0.2564,0.7268,42.99
2.297,0.0269,-0.3907,-33.45,4.4767,-0.2612,4.4178,0.0061,0.52,0.585,-0.595,0.476,0.28,0.242,0.2736,0.3904,42.99
2.348,0.0269,-0.3907,-33.45,4.4767,-0.2612,4.4414,0.0062,0.44,0.585,-0.595,0.476,0.28,0.2656,0.2697,0.3904,42.99
2.4,0.017,-0.41,-36.22,4.4838,-0.2817,4.4652,0.0065,0.66,0.585,-0.595,0.478,0.381,0.2894,0.2887,0.6016,42.99
2.451,-0.0018,-0.4375,-38.88,4.4905,-0.3143,4.481,0.0067,0.89,0.585,-0.595,0.486,0.5,0.3052,0.3211,0.6096,42.99
2.502,-0.0018,-0.4375,-38.88,4.4905,-0.3143,4.513,0.0074,1.57,0.585,-0.595,0.486,0.5,0.3371,0.3225,0.6096,42.99
2.553,-0.0062,-0.4618,-41.29,4.505,-0.3344,4.5373,0.0083,2.37,0.585,-0.595,0.0,0.5,0.3615,0.3442,0.5812,49.538
2.605,0.0096,-0.51,-43.51,4.5507,-0.3563,4.5616,0.0096,3.34,0.585,-0.595,0.0,0.5,0.3858,0.3661,0.5096,49.538
2.656,0.0096,-0.51,-43.51,4.5507,-0.3563,4.5826,0.0111,4.4,0.585,-0.595,0.0,0.5,0.4068,0.3688,0.5096,49.538
2.707,0.031,-0.5676,-45.21,4.6071,-0.3807,4.5885,0.0116,4.76,0.585,-0.595,0.0,0.5,0.4128,0.3927,0.5844,49.538
2.758,0.031,-0.5676,-45.21,4.6071,-0.3807,4.5987,0.0125,5.51,0.585,-0.595,0.0,0.5,0.423,0.3933,0.5844,49.538
2.809,0.033,-0.6,-46.25,4.6319,-0.4017,4.61,0.0138,6.64,0.585,-0.595,0.0,0.5,0.4343,0.4161,0.5576,49.538
2.86,0.033,-0.6,-46.25,4.6319,-0.4017,4.6163,0.0146,7.77,0.585,-0.595,0.0,0.5,0.4407,0.4166,0.5576,56.435
2.911,0.033,-0.6,-46.25,4.6319,-0.4017,4.6182,0.0149,8.9,0.585,-0.595,0.0,0.5,0.4426,0.4169,0.5576,56.435
2.962,0.0658,-0.6952,-47.43,4.7232,-0.4441,4.6186,0.015,9.65,0.585,-0.595,0.0,0.5,0.443,0.4708,0.4116,56.435
3.013,0.0658,-0.6952,-47.43,4.7232,-0.4441,4.6186,0.015,9.65,0.585,-0.595,0.0,0.5,0.443,0.4708,0.4116,56.435
3.064,0.0907,-0.7433,-46.77,4.7751,-0.4594,4.619,0.015,10.41,0.585,-0.595,0.0,0.5,0.4434,0.4995,0.3652,56.435
3.115,0.0907,-0.7433,-46.77,4.7751,-0.4594,4.6192,0.0151,10.79,0.585,-0.595,0.0,0.5,0.4436,0.4995,0.3652,56.435
3.166,0.0907,-0.7433,-46.77,4.7751,-0.4594,4.6197,0.0152,11.96,0.585,-0.595,0.0,0.5,0.4441,0.4994,0.3652,56.435
3.217,0.0907,-0.7433,-46.77,4.7751,-0.4594,4.6203,0.0153,13.17,0.585,-0.595,0.0,0.5,0.4447,0.4994,0.3652,56.435
3.269,0.166,-0.8212,-43.19,4.8835,-0.4591,4.6209,0.0155,14.41,0.585,-0.595,0.0,0.5,0.4454,0.5424,0.4484,56.435
3.32,0.166,-0.8212,-43.19,4.8835,-0.4591,4.6215,0.0157,15.69,0.585,-0.595,0.0,0.5,0.446,0.5423,0.4484,56.435
3.37,0.166,-0.8212,-43.19,4.8835,-0.4591,4.622,0.0158,17.01,0.585,-0.595,0.0,0.5,0.4465,0.5422,0.4484,56.435
3.421,0.166,-0.8212,-43.19,4.8835,-0.4591,4.6224,0.016,18.36,0.585,-0.595,0.0,0.5,0.4469,0.5421,0.4484,56.435
3.473,0.166,-0.8212,-43.19,4.8835,-0.4591,4.6228,0.0161,19.72,0.585,-0.595,0.0,0.5,0.4472,0.5421,0.4484,56.435
3.524,0.166,-0.8212,-43.19,4.8835,-0.4591,4.623,0.0162,21.1,0.585,-0.595,0.0,0.5,0.4474,0.542,0.4484,56.435
3.576,0.2127,-0.8634,-40.77,4.9463,-0.4547,4.6231,0.0162,22.49,0.585,-0.595,0.0,0.5,0.4475,0.5712,0.4544,56.435
3.627,0.2127,-0.8634,-40.77,4.9463,-0.4547,4.623,0.0162,23.88,0.585,-0.595,0.0,0.5,0.4475,0.5712,0.4544,56.435
3.678,0.2321,-0.8766,-38.5,4.9693,-0.4498,4.6229,0.0161,25.28,0.585,-0.595,0.0,0.5,0.4473,0.5806,0.3924,62.528
3.729,0.2565,-0.8946,-36.22,4.9992,-0.4447,4.6227,0.016,26.67,0.585,-0.595,0.0,0.5,0.4471,0.595,0.4012,62.528
3.78,0.2565,-0.8946,-36.22,4.9992,-0.4447,4.6224,0.0159,28.06,0.585,-0.595,0.0,0.5,0.4468,0.5951,0.4012,62.528
3.832,0.2565,-0.8946,-36.22,4.9992,-0.4447,4.6221,0.0157,29.44,0.585,-0.595,0.0,0.5,0.4465,0.5951,0.4012,62.528
3.882,0.2565,-0.8946,-36.22,4.9992,-0.4447,4.622,0.0157,29.9,0.585,-0.595,0.0,0.5,0.4464,0.5952,0.4012,62.528
3.933,0.3188,-0.9149,-31.13,5.057,-0.4138,4.6218,0.0155,30.82,0.585,-0.595,0.0,0.5,0.4462,0.6113,0.5176,62.528
3.984,0.3188,-0.9149,-31.13,5.057,-0.4138,4.6214,0.0153,32.19,0.585,-0.595,0.0,0.5,0.4458,0.6114,0.5176,62.528
4.035,0.3416,-0.9354,-28.42,5.0875,-0.4116,4.621,0.0151,33.56,0.585,-0.595,0.0,0.5,0.4455,0.6322,0.5076,62.528
4.086,0.3928,-0.9455,-25.66,5.1303,-0.3817,4.6207,0.0148,34.93,0.585,-0.595,0.0,0.5,0.4451,0.6457,0.4808,68.227
4.137,0.3928,-0.9455,-25.66,5.1303,-0.3817,4.6203,0.0146,36.29,0.585,-0.595,0.0,0.5,0.4447,0.6458,0.4808,68.227
4.187,0.4233,-0.9595,-22.85,5.1615,-0.3693,4.6203,0.0146,36.29,0.585,-0.595,0.0,0.5,0.4447,0.6635,0.6188,68.227
4.238,0.4233,-0.9595,-22.85,5.1615,-0.3693,4.6199,0.0143,37.65,0.585,-0.595,0.0,0.5,0.4443,0.6637,0.6188,68.227
4.289,0.4558,-0.9738,-20.08,5.1943,-0.3558,4.6195,0.014,39.0,0.585,-0.595,0.0,0.5,0.4439,0.6835,0.5864,68.227
4.34,0.4924,-0.9839,-17.28,5.2269,-0.3364,4.6191,0.0137,40.36,0.585,-0.595,0.0,0.5,0.4435,0.7014,0.584,68.227
4.391,0.4924,-0.9839,-17.28,5.2269,-0.3364,4.6187,0.0133,41.71,0.585,-0.595,0.0,0.5,0.443,0.7016,0.584,68.227
4.442,0.5439,-0.9765,-14.56,5.2573,-0.2942,4.6184,0.013,43.07,0.585,-0.595,0.0,0.5,0.4426,0.7089,0.554,68.227
4.493,0.5439,-0.9765,-14.56,5.2573,-0.2942,4.618,0.0126,44.42,0.585,-0.595,0.0,0.5,0.4423,0.7091,0.554,68.227
4.544,0.5885,-0.982,-11.85,5.2922,-0.2658,4.6176,0.0123,45.77,0.585,-0.595,0.0,0.5,0.4419,0.7296,0.6468,73.062
4.596,0.5885,-0.982,-11.85,5.2922,-0.2658,4.6172,0.0119,47.12,0.585,-0.595,0.0,0.5,0.4415,0.7298,0.6468,73.062
4.647,0.621,-0.9831,-9.14,5.3155,-0.2431,4.6169,0.0115,48.47,0.585,-0.595,0.0,0.5,0.4411,0.7435,0.6312,73.062
4.698,0.621,-0.9831,-9.14,5.3155,-0.2431,4.6166,0.0111,49.82,0.585,-0.595,0.0,0.5,0.4408,0.7437,0.6312,73.062
4.748,0.621,-0.9831,-9.14,5.3155,-0.2431,4.6162,0.0107,51.17,0.585,-0.595,0.0,0.5,0.4404,0.7439,0.6312,73.062
4.8,0.703,-0.9686,-3.7,5.3618,-0.1739,4.6159,0.0103,52.52,0.585,-0.595,0.0,0.5,0.4401,0.7683,0.3216,73.062
4.85,0.703,-0.9686,-3.7,5.3618,-0.1739,4.6156,0.0099,53.87,0.585,-0.595,0.0,0.5,0.4397,0.7685,0.3216,73.062
4.901,0.738,-0.9509,-1.05,5.3733,-0.1364,4.6155,0.0097,54.32,0.585,-0.595,0.0,0.5,0.4396,0.7718,0.4684,77.467
4.952,0.738,-0.9509,-1.05,5.3733,-0.1364,4.6153,0.0094,55.22,0.585,-0.595,0.0,0.5,0.4394,0.7719,0.4684,77.467
5.003,0.7813,-0.9461,1.74,5.3999,-0.1019,4.615,0.009,56.56,0.585,-0.595,0.0,0.5,0.4391,0.7927,0.4564,77.467
5.054,0.7813,-0.9461,1.74,5.3999,-0.1019,4.6147,0.0086,57.91,0.585,-0.595,0.0,0.5,0.4388,0.7929,0.4564,77.467
5.104,0.7813,-0.9461,1.74,5.3999,-0.1019,4.6144,0.0081,59.26,0.585,-0.595,0.0,0.5,0.4385,0.7931,0.4564,77.467
5.155,0.8614,-0.9108,7.2,5.4299,-0.0197,4.6141,0.0077,60.61,0.585,-0.595,0.0,0.5,0.4382,0.8162,0.4192,77.467
5.206,0.8614,-0.9108,7.2,5.4299,-0.0197,4.6139,0.0072,61.96,0.585,-0.595,0.0,0.5,0.4379,0.8164,0.4192,77.467
5.257,0.8614,-0.9108,7.2,5.4299,-0.0197,4.6136,0.0067,63.3,0.585,-0.595,0.0,0.5,0.4377,0.8167,0.4192,77.467
5.308,0.8961,-0.8988,9.89,5.4452,0.0137,4.6134,0.0062,64.65,0.585,-0.595,0.0,0.5,0.4374,0.8319,0.5704,77.467
5.359,0.9317,-0.88,12.64,5.4563,0.0524,4.6132,0.0058,66.0,0.585,-0.595,0.0,0.5,0.4372,0.8444,0.5472,77.467
5.41,0.9317,-0.88,12.64,5.4563,0.0524,4.613,0.0053,67.35,0.585,-0.595,0.0,0.5,0.4369,0.8447,0.5472,77.467
5.461,0.9571,-0.8587,15.4,5.4586,0.0855,4.6128,0.0048,68.69,0.585,-0.595,0.0,0.5,0.4367,0.8497,0.5344,81.999
5.512,0.9571,-0.8587,15.4,5.4586,0.0855,4.6126,0.0043,70.04,0.585,-0.595,0.0,0.5,0.4365,0.8499,0.5344,81.999
5.563,0.991,-0.824,18.26,5.4571,0.1339,4.6124,0.0038,71.39,0.585,-0.595,0.0,0.5,0.4363,0.8547,0.4596,81.999
5.614,0.991,-0.824,18.26,5.4571,0.1339,4.6122,0.0033,72.74,0.585,-0.595,0.0,0.5,0.4361,0.8549,0.4596,81.999
5.665,1.0211,-0.797,20.93,5.4584,0.1743,4.6121,0.0028,74.08,0.585,-0.595,0.0,0.5,0.436,0.8636,0.5972,81.999
5.716,1.0211,-0.797,20.93,5.4584,0.1743,4.6119,0.0023,75.43,0.585,-0.595,0.0,0.5,0.4358,0.8638,0.5972,81.999
5.767,1.0528,-0.7678,23.61,5.4594,0.2174,4.6118,0.0017,76.78,0.585,-0.595,0.0,0.5,0.4357,0.8746,0.572,81.999
5.818,1.0528,-0.7678,23.61,5.4594,0.2174,4.6117,0.0012,78.13,0.585,-0.595,0.0,0.5,0.4355,0.8748,0.572,81.999
5.869,1.0917,-0.7408,26.33,5.4668,0.2642,4.6116,0.0007,79.47,0.585,-0.595,0.0,0.5,0.4354,0.8949,0.5728,85.532
5.919,1.0917,-0.7408,26.33,5.4668,0.2642,4.6115,0.0002,80.82,0.585,-0.595,0.0,0.5,0.4353,0.8952,0.5728,85.532
5.97,1.0917,-0.7408,26.33,5.4668,0.2642,4.6114,-0.0003,82.17,0.585,-0.595,0.0,0.5,0.4352,0.8954,0.5728,85.532
6.021,1.0917,-0.7408,26.33,5.4668,0.2642,4.6113,-0.0009,83.52,0.585,-0.595,0.0,0.5,0.4351,0.8956,0.5728,85.532
6.072,1.1352,-0.6738,31.75,5.4487,0.342,4.6113,-0.0014,84.86,0.585,-0.595,0.0,0.5,0.4351,0.9051,0.55,85.532
6.123,1.1352,-0.6738,31.75,5.4487,0.342,4.6113,-0.0019,86.21,0.585,-0.595,0.0,0.5,0.435,0.9053,0.55,85.532
6.174,1.1672,-0.6401,34.46,5.4466,0.3884,4.6112,-0.0025,87.56,0.585,-0.595,0.0,0.5,0.435,0.9223,0.6608,85.532
6.225,1.1672,-0.6401,34.46,5.4466,0.3884,4.6112,-0.003,88.91,0.585,-0.595,0.0,0.5,0.435,0.9225,0.6608,85.532
6.277,1.1878,-0.6083,37.15,5.4379,0.4253,4.6112,-0.0035,90.25,0.585,-0.595,0.0,0.5,0.4349,0.9313,0.628,85.532
6.327,1.1878,-0.6083,37.15,5.4379,0.4253,4.6112,-0.004,91.6,0.585,-0.595,0.0,0.5,0.4349,0.9315,0.628,85.532
6.379,1.2009,-0.5596,39.85,5.4118,0.4684,4.6112,-0.0046,92.95,0.585,-0.595,0.0,0.5,0.435,0.9299,0.6284,85.532
6.429,1.2009,-0.5596,39.85,5.4118,0.4684,4.6113,-0.0051,94.3,0.585,-0.595,0.0,0.5,0.435,0.9301,0.6284,85.532
6.48,1.2185,-0.5237,42.57,5.3981,0.5061,4.6113,-0.0051,94.3,0.585,-0.595,0.0,0.5,0.435,0.9383,0.6232,88.441
6.531,1.2185,-0.5237,42.57,5.3981,0.5061,4.6113,-0.0056,95.64,0.585,-0.595,0.0,0.5,0.435,0.9385,0.6232,88.441
6.582,1.2185,-0.5237,42.57,5.3981,0.5061,4.6114,-0.0062,96.99,0.585,-0.595,0.0,0.5,0.4351,0.9388,0.6232,88.441
6.634,1.2185,-0.5237,42.57,5.3981,0.5061,4.6114,-0.0067,98.34,0.585,-0.595,0.0,0.5,0.4351,0.939,0.6232,88.441
6.684,1.2347,-0.4828,45.26,5.3799,0.5461,4.6114,-0.0067,98.34,0.585,-0.595,0.0,0.5,0.4351,0.9466,0.698,88.441
6.735,1.2552,-0.4367,47.99,5.3607,0.5928,4.6115,-0.0072,99.69,0.585,-0.595,0.0,0.5,0.4352,0.9599,0.6852,88.441
6.786,1.2552,-0.4367,47.99,5.3607,0.5928,4.6116,-0.0077,101.04,0.585,-0.595,0.0,0.5,0.4353,0.9601,0.6852,88.441
6.837,1.2552,-0.4367,47.99,5.3607,0.5928,4.6117,-0.0082,102.38,0.585,-0.595,0.0,0.5,0.4354,0.9604,0.6852,88.441
6.889,1.2552,-0.4367,47.99,5.3607,0.5928,4.6118,-0.0088,103.73,0.585,-0.595,0.0,0.5,0.4355,0.9606,0.6852,88.441
6.94,1.2721,-0.3914,50.68,5.3398,0.6364,4.6119,-0.0093,105.08,0.585,-0.595,0.0,0.5,0.4357,0.973,0.6644,88.441
6.991,1.2811,-0.3467,53.43,5.3138,0.6738,4.6121,-0.0098,106.43,0.585,-0.595,0.0,0.5,0.4358,0.9797,0.6624,88.441
7.042,1.2811,-0.3467,53.43,5.3138,0.6738,4.6122,-0.0103,107.77,0.585,-0.595,0.0,0.5,0.436,0.9799,0.6624,90.865
7.093,1.2811,-0.3467,53.43,5.3138,0.6738,4.6124,-0.0108,109.12,0.585,-0.595,0.0,0.5,0.4361,0.9801,0.6624,90.865
7.144,1.2811,-0.3467,53.43,5.3138,0.6738,4.6126,-0.0113,110.47,0.585,-0.595,0.0,0.5,0.4363,0.9803,0.6624,90.865
7.194,1.2811,-0.3467,53.43,5.3138,0.6738,4.6128,-0.0118,111.82,0.585,-0.595,0.0,0.5,0.4365,0.9806,0.6624,90.865
7.245,1.2811,-0.3467,53.43,5.3138,0.6738,4.613,-0.0123,113.16,0.585,-0.595,0.0,0.5,0.4367,0.9808,0.6624,90.865
7.296,1.2811,-0.3467,53.43,5.3138,0.6738,4.6132,-0.0128,114.51,0.585,-0.595,0.0,0.5,0.4369,0.9809,0.6624,90.865
7.347,1.2811,-0.3467,53.43,5.3138,0.6738,4.6134,-0.0132,115.86,0.585,-0.595,0.0,0.5,0.4371,0.9811,0.6624,90.865
7.398,1.2811,-0.3467,53.43,5.3138,0.6738,4.6136,-0.0137,117.21,0.585,-0.595,0.0,0.5,0.4374,0.9813,0.6624,90.865
7.449,1.2811,-0.3467,53.43,5.3138,0.6738,4.6139,-0.0142,118.56,0.585,-0.595,0.0,0.5,0.4376,0.9814,0.6624,90.865
7.5,1.2811,-0.3467,53.43,5.3138,0.6738,4.6141,-0.0146,119.9,0.585,-0.595,0.0,0.5,0.4379,0.9816,0.6624,90.865
7.551,1.2811,-0.3467,53.43,5.3138,0.6738,4.6144,-0.0151,121.25,0.585,-0.595,0.0,0.5,0.4382,0.9817,0.6624,90.865
7.601,1.2811,-0.3467,53.43,5.3138,0.6738,4.6147,-0.0155,122.6,0.585,-0.595,0.0,0.5,0.4384,0.9818,0.6624,90.865
7.652,1.2811,-0.3467,53.43,5.3138,0.6738,4.615,-0.016,123.95,0.585,-0.595,0.0,0.5,0.4387,0.9819,0.6624,90.865
7.703,1.2811,-0.3467,53.43,5.3138,0.6738,4.6153,-0.0164,125.29,0.585,-0.595,0.0,0.5,0.439,0.982,0.6624,90.865
7.754,1.2811,-0.3467,53.43,5.3138,0.6738,4.6156,-0.0169,126.64,0.585,-0.595,0.0,0.5,0.4394,0.9821,0.6624,90.865
7.805,1.2811,-0.3467,53.43,5.3138,0.6738,4.6159,-0.0173,127.99,0.585,-0.595,0.0,0.5,0.4397,0.9822,0.6624,90.865
7.856,1.2938,-0.3029,56.15,5.291,0.7133,4.6162,-0.0177,129.34,0.585,-0.595,0.0,0.5,0.44,0.9949,0.6804,90.865
7.908,1.3012,-0.2573,58.84,5.2632,0.7503,4.6166,-0.0181,130.69,0.585,-0.595,0.0,0.5,0.4404,1.0043,0.676,90.865
7.959,1.3012,-0.2573,58.84,5.2632,0.7503,4.6169,-0.0185,132.03,0.585,-0.595,0.0,0.5,0.4407,1.0044,0.676,90.865
8.01,1.3048,-0.2181,61.6,5.2375,0.78,4.6169,-0.0185,132.03,0.585,-0.595,0.0,0.5,0.4407,1.0113,0.6536,90.865
8.061,1.3048,-0.2181,61.6,5.2375,0.78,4.6172,-0.0188,132.93,0.585,-0.595,0.0,0.5,0.441,1.0113,0.6536,90.865
8.112,1.3048,-0.2181,61.6,5.2375,0.78,4.6175,-0.0191,134.28,0.585,-0.595,0.0,0.5,0.4413,1.0114,0.6536,90.865
8.163,1.3032,-0.1079,67.03,5.1569,0.8551,4.6179,-0.0195,135.63,0.585,-0.595,0.0,0.5,0.4417,1.0274,0.6392,90.865
8.214,1.3032,-0.1079,67.03,5.1569,0.8551,4.6183,-0.0199,136.97,0.585,-0.595,0.0,0.5,0.4421,1.0275,0.6392,90.865
8.265,1.3009,-0.0551,69.74,5.1172,0.8901,4.6185,-0.0201,137.87,0.585,-0.595,0.0,0.5,0.4424,1.0379,0.6796,92.539
8.316,1.3009,-0.0551,69.74,5.1172,0.8901,4.6187,-0.0202,138.32,0.585,-0.595,0.0,0.5,0.4425,1.0379,0.6796,92.539
8.367,1.2906,-0.0071,72.42,5.0755,0.9159,4.6191,-0.0206,139.67,0.585,-0.595,0.0,0.5,0.4429,1.0418,0.5772,92.539
8.419,1.2985,0.039,75.16,5.0477,0.9535,4.6196,-0.021,141.47,0.585,-0.595,0.0,0.5,0.4435,1.0644,0.6248,92.539
8.47,1.2985,0.039,75.16,5.0477,0.9535,4.6199,-0.0213,142.36,0.585,-0.595,0.0,0.5,0.4437,1.0645,0.6248,92.539
8.521,1.2862,0.0944,77.87,4.9992,0.9831,4.6203,-0.0216,143.71,0.585,-0.595,0.0,0.5,0.4442,1.0737,0.5764,92.539
8.572,1.2862,0.0944,77.87,4.9992,0.9831,4.6209,-0.022,145.51,0.585,-0.595,0.0,0.5,0.4448,1.0739,0.5764,92.539
8.624,1.2768,0.1345,80.58,4.9638,1.004,4.6213,-0.0223,146.86,0.585,-0.595,0.0,0.5,0.4452,1.082,0.6844,92.539
8.676,1.2768,0.1345,80.58,4.9638,1.004,4.6218,-0.0226,148.2,0.585,-0.595,0.0,0.5,0.4457,1.0821,0.6844,95.168
8.729,1.2544,0.1988,83.33,4.9019,1.0324,4.6222,-0.0228,149.55,0.585,-0.595,0.0,0.5,0.4461,1.0917,0.638,95.168
8.78,1.2311,0.2412,86.05,4.8552,1.045,4.6227,-0.0231,150.9,0.585,-0.595,0.0,0.5,0.4466,1.0931,0.6664,95.168
8.831,1.2311,0.2412,86.05,4.8552,1.045,4.6232,-0.0234,152.25,0.585,-0.595,0.0,0.5,0.4471,1.0933,0.6664,95.168
8.882,1.2129,0.2939,88.75,4.8045,1.0684,4.6236,-0.0236,153.59,0.585,-0.595,0.0,0.5,0.4475,1.1069,0.6604,95.168
8.933,1.2129,0.2939,88.75,4.8045,1.0684,4.6241,-0.0238,154.94,0.585,-0.595,0.0,0.5,0.448,1.1071,0.6604,95.168
8.984,1.1971,0.3355,91.42,4.7636,1.0858,4.6246,-0.0241,156.29,0.585,-0.595,0.0,0.5,0.4485,1.1186,0.6996,95.168
9.035,1.1971,0.3355,91.42,4.7636,1.0858,4.6251,-0.0243,157.64,0.585,-0.595,0.0,0.5,0.449,1.1187,0.6996,95.168
9.086,1.1693,0.3825,94.13,4.7105,1.0984,4.6256,-0.0245,158.98,0.585,-0.595,0.0,0.5,0.4495,1.126,0.6596,96.94
9.137,1.1404,0.4244,96.89,4.6602,1.1066,4.6261,-0.0247,160.33,0.585,-0.595,0.0,0.5,0.45,1.1317,0.6576,96.94
9.188,1.1404,0.4244,96.89,4.6602,1.1066,4.6266,-0.0248,161.68,0.585,-0.595,0.0,0.5,0.4505,1.1319,0.6576,96.94
9.239,1.1224,0.4678,99.5,4.6164,1.1236,4.6271,-0.025,163.03,0.585,-0.595,0.0,0.5,0.451,1.1486,0.6256,96.94
9.29,1.1224,0.4678,99.5,4.6164,1.1236,4.6276,-0.0251,164.37,0.585,-0.595,0.0,0.5,0.4515,1.1488,0.6256,96.94
9.342,1.0818,0.5059,102.23,4.5609,1.1207,4.6281,-0.0253,165.72,0.585,-0.595,0.0,0.5,0.4521,1.148,0.6768,96.94
9.393,1.0818,0.5059,102.23,4.5609,1.1207,4.6286,-0.0254,167.07,0.585,-0.595,0.0,0.5,0.4526,1.1481,0.6768,96.94
9.444,1.0597,0.5454,104.96,4.517,1.1322,4.6291,-0.0255,168.42,0.585,-0.595,0.0,0.5,0.4531,1.1631,0.6964,96.94
9.495,1.0127,0.5823,107.62,4.4579,1.1238,4.6297,-0.0256,169.76,0.585,-0.595,0.0,0.5,0.4536,1.1622,0.6584,98.744
9.546,1.0127,0.5823,107.62,4.4579,1.1238,4.6302,-0.0257,171.11,0.585,-0.595,0.0,0.5,0.4542,1.1624,0.6584,98.744
9.598,0.9883,0.618,110.31,4.4152,1.131,4.6307,-0.0258,172.46,0.585,-0.595,0.0,0.5,0.4547,1.1767,0.6432,98.744
9.648,0.9883,0.618,110.31,4.4152,1.131,4.6312,-0.0259,173.81,0.585,-0.595,0.0,0.5,0.4552,1.1768,0.6432,98.744
9.701,0.9467,0.6514,113.04,4.3623,1.1241,4.6318,-0.0259,175.15,0.585,-0.595,0.0,0.5,0.4557,1.1812,0.69,98.744
9.752,0.9022,0.6845,115.76,4.3077,1.1149,4.6323,-0.026,176.5,0.585,-0.595,0.0,0.5,0.4563,1.1861,0.6824,98.744
9.802,0.9022,0.6845,115.76,4.3077,1.1149,4.6325,-0.026,176.95,0.585,-0.595,0.0,0.5,0.4564,1.1862,0.6824,98.744
9.854,0.8619,0.7195,118.47,4.2545,1.1101,4.6328,-0.026,177.85,0.585,-0.595,0.0,0.5,0.4568,1.1974,0.6284,98.744
9.904,0.8619,0.7195,118.47,4.2545,1.1101,4.6333,-0.026,179.2,0.585,-0.595,0.0,0.5,0.4573,1.1976,0.6284,98.744
9.956,0.819,0.7395,121.17,4.2103,1.093,4.6339,-0.026,-179.45,0.585,-0.595,0.0,0.5,0.4579,1.1965,0.6592,98.744
10.007,0.819,0.7395,121.17,4.2103,1.093,4.6344,-0.026,-178.11,0.585,-0.595,0.0,0.5,0.4584,1.1966,0.6592,98.744
10.058,0.7645,0.7743,123.86,4.1475,1.0779,4.6349,-0.026,-176.76,0.585,-0.595,0.0,0.5,0.4589,1.2067,0.6884,98.744
10.109,0.7645,0.7743,123.86,4.1475,1.0779,4.6355,-0.0259,-175.41,0.585,-0.595,0.0,0.5,0.4594,1.2068,0.6884,100.134
10.16,0.7159,0.8036,126.6,4.0927,1.063,4.636,-0.0259,-174.06,0.585,-0.595,0.0,0.5,0.46,1.2169,0.676,100.134
10.211,0.7159,0.8036,126.6,4.0927,1.063,4.6365,-0.0258,-172.72,0.585,-0.595,0.0,0.5,0.4605,1.2171,0.676,100.134
10.262,0.7159,0.8036,126.6,4.0927,1.063,4.637,-0.0258,-171.37,0.585,-0.595,0.0,0.5,0.461,1.2173,0.676,100.134
10.313,0.6397,0.8492,131.99,4.007,1.0397,4.6376,-0.0257,-170.02,0.585,-0.595,0.0,0.5,0.4615,1.238,0.4996,100.134
10.365,0.6397,0.8492,131.99,4.007,1.0397,4.6381,-0.0256,-168.67,0.585,-0.595,0.0,0.5,0.4621,1.2382,0.4996,100.134
10.416,0.5801,0.8722,134.75,3.9492,1.0126,4.6386,-0.0255,-167.33,0.585,-0.595,0.0,0.5,0.4626,1.2462,0.6048,100.134
10.468,0.5801,0.8722,134.75,3.9492,1.0126,4.6386,-0.0255,-167.33,0.585,-0.595,0.0,0.5,0.4626,1.2462,0.6048,101.323
10.519,0.5062,0.8732,137.53,3.8972,0.9601,4.6391,-0.0253,-165.98,0.585,-0.595,0.0,0.5,0.4631,1.2334,0.6592,101.323
10.57,0.4759,0.9081,140.15,3.8511,0.9623,4.6396,-0.0252,-164.63,0.585,-0.595,0.0,0.5,0.4636,1.2637,0.5548,101.323
10.621,0.4759,0.9081,140.15,3.8511,0.9623,4.64,-0.0251,-163.73,0.585,-0.595,0.0,0.5,0.4639,1.2639,0.5548,101.323
10.672,0.4184,0.9253,142.86,3.7988,0.9329,4.6401,-0.0251,-163.28,0.585,-0.595,0.0,0.5,0.4641,1.2749,0.5004,101.323
10.723,0.4184,0.9253,142.86,3.7988,0.9329,4.6406,-0.0249,-161.94,0.585,-0.595,0.0,0.5,0.4646,1.2751,0.5004,101.323
10.774,0.3654,0.9168,145.57,3.7683,0.8887,4.6411,-0.0247,-160.59,0.585,-0.595,0.0,0.5,0.4651,1.2635,0.5896,101.323
10.825,0.3654,0.9168,145.57,3.7683,0.8887,4.6416,-0.0246,-159.24,0.585,-0.595,0.0,0.5,0.4656,1.2637,0.5896,101.323
10.875,0.3654,0.9168,145.57,3.7683,0.8887,4.6421,-0.0244,-157.89,0.585,-0.595,0.0,0.5,0.4661,1.2639,0.5896,101.323
10.926,0.3654,0.9168,145.57,3.7683,0.8887,4.6426,-0.0242,-156.54,0.585,-0.595,0.0,0.5,0.4665,1.2641,0.5896,101.323
10.977,0.3654,0.9168,145.57,3.7683,0.8887,4.6431,-0.024,-155.2,0.585,-0.595,0.0,0.5,0.467,1.2642,0.5896,101.323
11.028,0.3654,0.9168,145.57,3.7683,0.8887,4.6436,-0.0237,-153.85,0.585,-0.595,0.0,0.5,0.4675,1.2644,0.5896,101.323
11.078,0.3654,0.9168,145.57,3.7683,0.8887,4.6437,-0.0237,-153.4,0.585,-0.595,0.0,0.5,0.4676,1.2645,0.5896,101.323
11.129,0.3099,0.9354,148.29,3.7164,0.8616,4.6441,-0.0235,-152.5,0.585,-0.595,0.0,0.5,0.468,1.2822,0.5844,102.424
11.18,0.3099,0.9354,148.29,3.7164,0.8616,4.6442,-0.0234,-152.05,0.585,-0.595,0.0,0.5,0.4681,1.2822,0.5844,102.424
11.231,0.2402,0.9245,150.99,3.6759,0.8038,4.6444,-0.0233,-151.6,0.585,-0.595,0.0,0.5,0.4683,1.2736,0.6228,102.424
11.282,0.1938,0.9321,153.71,3.6383,0.7756,4.6444,-0.0233,-151.6,0.585,-0.595,0.0,0.5,0.4683,1.2847,0.5796,102.424
11.332,0.1938,0.9321,153.71,3.6383,0.7756,4.6448,-0.0231,-150.25,0.585,-0.595,0.0,0.5,0.4687,1.2849,0.5796,102.424
11.383,0.1453,0.9306,156.4,3.6059,0.7395,4.6453,-0.0228,-148.91,0.585,-0.595,0.0,0.5,0.4692,1.289,0.6472,102.424
11.434,0.1453,0.9306,156.4,3.6059,0.7395,4.6457,-0.0225,-147.56,0.585,-0.595,0.0,0.5,0.4696,1.2892,0.6472,102.424
11.485,0.1453,0.9306,156.4,3.6059,0.7395,4.6462,-0.0222,-146.21,0.585,-0.595,0.0,0.5,0.4701,1.2894,0.6472,102.424
11.536,0.1453,0.9306,156.4,3.6059,0.7395,4.6465,-0.022,-145.31,0.585,-0.595,0.0,0.5,0.4703,1.2895,0.6472,102.424
11.586,0.1453,0.9306,156.4,3.6059,0.7395,4.6466,-0.0219,-144.86,0.585,-0.595,0.0,0.5,0.4705,1.2896,0.6472,102.424
11.637,0.1453,0.9306,156.4,3.6059,0.7395,4.6471,-0.0216,-143.52,0.585,-0.595,0.0,0.5,0.4709,1.2898,0.6472,102.424
11.688,0.1453,0.9306,156.4,3.6059,0.7395,4.6475,-0.0213,-142.17,0.585,-0.595,0.0,0.5,0.4713,1.2899,0.6472,102.424
11.738,0.1453,0.9306,156.4,3.6059,0.7395,4.6479,-0.021,-140.82,0.585,-0.595,0.0,0.5,0.4717,1.29,0.6472,102.424
11.789,0.1453,0.9306,156.4,3.6059,0.7395,4.6483,-0.0207,-139.47,0.585,-0.595,0.0,0.5,0.4721,1.2902,0.6472,102.424
11.84,0.1453,0.9306,156.4,3.6059,0.7395,4.6487,-0.0203,-138.13,0.585,-0.595,0.0,0.5,0.4725,1.2903,0.6472,102.424
11.891,0.1453,0.9306,156.4,3.6059,0.7395,4.6491,-0.0199,-136.78,0.585,-0.595,0.0,0.5,0.4729,1.2904,0.6472,102.424
11.943,0.1453,0.9306,156.4,3.6059,0.7395,4.6495,-0.0196,-135.43,0.585,-0.595,0.0,0.5,0.4733,1.2905,0.6472,102.424
11.994,0.0809,0.9177,159.08,3.5705,0.6841,4.6498,-0.0192,-134.08,0.585,-0.595,0.0,0.5,0.4736,1.2883,0.6104,102.424
12.046,0.0809,0.9177,159.08,3.5705,0.6841,4.6502,-0.0188,-132.73,0.585,-0.595,0.0,0.5,0.474,1.2884,0.6104,102.128
12.097,0.0245,0.9067,161.78,3.5394,0.6359,4.6506,-0.0184,-131.39,0.585,-0.595,0.0,0.5,0.4743,1.2895,0.61,102.128
12.15,-0.027,0.896,164.52,3.5114,0.5913,4.6509,-0.018,-130.04,0.585,-0.595,0.0,0.5,0.4747,1.2922,0.5936,102.128
12.201,-0.027,0.896,164.52,3.5114,0.5913,4.6512,-0.0176,-128.69,0.585,-0.595,0.0,0.5,0.475,1.2923,0.5936,102.128
12.252,-0.0786,0.8832,167.17,3.4849,0.5452,4.6516,-0.0172,-127.34,0.585,-0.595,0.0,0.5,0.4753,1.2952,0.6832,102.128
12.303,-0.0786,0.8832,167.17,3.4849,0.5452,4.6517,-0.0171,-126.89,0.585,-0.595,0.0,0.5,0.4754,1.2952,0.6832,102.128
12.354,-0.1389,0.8652,169.87,3.4561,0.4892,4.6519,-0.0168,-126.0,0.585,-0.595,0.0,0.5,0.4756,1.2985,0.6692,102.128
12.405,-0.1953,0.8441,172.6,3.4323,0.434,4.6522,-0.0164,-124.65,0.585,-0.595,0.0,0.5,0.476,1.3004,0.6696,102.128
12.456,-0.1953,0.8441,172.6,3.4323,0.434,4.6525,-0.0159,-123.3,0.585,-0.595,0.0,0.5,0.4762,1.3005,0.6696,102.128
12.507,-0.2522,0.8191,175.3,3.4109,0.3757,4.6528,-0.0155,-121.95,0.585,-0.595,0.0,0.5,0.4765,1.3021,0.6128,102.413
12.558,-0.2522,0.8191,175.3,3.4109,0.3757,4.6531,-0.015,-120.61,0.585,-0.595,0.0,0.5,0.4768,1.3022,0.6128,102.413
12.609,-0.3024,0.7953,178.0,3.3932,0.323,4.6533,-0.0146,-119.26,0.585,-0.595,0.0,0.5,0.4771,1.3045,0.6872,102.413
12.661,-0.3024,0.7953,178.0,3.3932,0.323,4.6536,-0.0141,-117.91,0.585,-0.595,0.0,0.5,0.4773,1.3047,0.6872,102.413
12.711,-0.3586,0.762,-179.28,3.3783,0.2594,4.6538,-0.0136,-116.56,0.585,-0.595,0.0,0.5,0.4775,1.3044,0.6228,102.413
12.763,-0.4069,0.7391,-176.57,3.3614,0.2086,4.6541,-0.0131,-115.22,0.585,-0.595,0.0,0.5,0.4778,1.3116,0.6596,102.413
12.814,-0.4069,0.7391,-176.57,3.3614,0.2086,4.6543,-0.0127,-113.87,0.585,-0.595,0.0,0.5,0.478,1.3117,0.6596,102.413
12.865,-0.4654,0.7155,-173.78,3.3378,0.1501,4.6545,-0.0122,-112.52,0.585,-0.595,0.0,0.5,0.4782,1.3266,0.614,102.413
12.916,-0.4654,0.7155,-173.78,3.3378,0.1501,4.6547,-0.0117,-111.17,0.585,-0.595,0.0,0.5,0.4784,1.3267,0.614,102.413
12.967,-0.5183,0.6858,-171.01,3.3227,0.0914,4.6549,-0.0112,-109.83,0.585,-0.595,0.0,0.5,0.4786,1.3361,0.662,104.337
13.017,-0.5183,0.6858,-171.01,3.3227,0.0914,4.6551,-0.0107,-108.48,0.585,-0.595,0.0,0.5,0.4788,1.3363,0.662,104.337
13.068,-0.5183,0.6858,-171.01,3.3227,0.0914,4.6552,-0.0102,-107.13,0.585,-0.595,0.0,0.5,0.4789,1.3364,0.662,104.337
13.119,-0.5183,0.6858,-171.01,3.3227,0.0914,4.6554,-0.0097,-105.78,0.585,-0.595,0.0,0.5,0.4791,1.3365,0.662,104.337
13.17,-0.5183,0.6858,-171.01,3.3227,0.0914,4.6555,-0.0092,-104.44,0.585,-0.595,0.0,0.5,0.4792,1.3366,0.662,104.337
13.22,-0.5183,0.6858,-171.01,3.3227,0.0914,4.6556,-0.0086,-103.09,0.585,-0.595,0.0,0.5,0.4793,1.3367,0.662,104.337
13.271,-0.5183,0.6858,-171.01,3.3227,0.0914,4.6558,-0.0081,-101.74,0.585,-0.595,0.0,0.5,0.4795,1.3368,0.662,104.337
13.322,-0.5183,0.6858,-171.01,3.3227,0.0914,4.6559,-0.0076,-100.39,0.585,-0.595,0.0,0.5,0.4796,1.3368,0.662,104.337
13.373,-0.5183,0.6858,-171.01,3.3227,0.0914,4.656,-0.0071,-99.05,0.585,-0.595,0.0,0.5,0.4797,1.3369,0.662,104.337
13.423,-0.5183,0.6858,-171.01,3.3227,0.0914,4.656,-0.0066,-97.7,0.585,-0.595,0.0,0.5,0.4797,1.3369,0.662,104.337
13.475,-0.5183,0.6858,-171.01,3.3227,0.0914,4.6561,-0.006,-96.35,0.585,-0.595,0.0,0.5,0.4798,1.337,0.662,104.337
13.525,-0.5183,0.6858,-171.01,3.3227,0.0914,4.6562,-0.0055,-95.0,0.585,-0.595,0.0,0.5,0.4799,1.337,0.662,104.337
13.576,-0.556,0.6406,-168.31,3.3292,0.0329,4.6562,-0.005,-93.66,0.585,-0.595,0.0,0.5,0.4799,1.3275,0.6716,104.337
13.627,-0.556,0.6406,-168.31,3.3292,0.0329,4.6562,-0.0044,-92.31,0.585,-0.595,0.0,0.5,0.48,1.3275,0.6716,104.337
13.678,-0.556,0.6406,-168.31,3.3292,0.0329,4.6562,-0.0039,-90.96,0.585,-0.595,0.0,0.5,0.48,1.3275,0.6716,104.337
13.729,-0.6351,0.5692,-162.92,3.3259,-0.0736,4.6562,-0.0034,-89.61,0.585,-0.595,0.0,0.5,0.48,1.3322,0.6276,104.337
13.78,-0.6351,0.5692,-162.92,3.3259,-0.0736,4.6562,-0.0028,-88.27,0.585,-0.595,0.0,0.5,0.48,1.3322,0.6276,104.337
13.831,-0.6718,0.5214,-160.16,3.3349,-0.1332,4.6562,-0.0028,-88.27,0.585,-0.595,0.0,0.5,0.48,1.3278,0.6892,104.337
13.882,-0.7082,0.4749,-157.43,3.3432,-0.1916,4.6562,-0.0023,-86.92,0.585,-0.595,0.0,0.5,0.48,1.3266,0.6632,105.72
13.933,-0.7082,0.4749,-157.43,3.3432,-0.1916,4.6562,-0.0018,-85.57,0.585,-0.595,0.0,0.5,0.48,1.3266,0.6632,105.72
13.984,-0.753,0.4332,-154.75,3.3422,-0.2529,4.6561,-0.0013,-84.22,0.585,-0.595,0.0,0.5,0.4799,1.3378,0.6512,105.72
14.035,-0.753,0.4332,-154.75,3.3422,-0.2529,4.6561,-0.0007,-82.88,0.585,-0.595,0.0,0.5,0.4799,1.3378,0.6512,105.72
14.086,-0.78,0.3833,-152.05,3.3596,-0.3069,4.656,-0.0002,-81.53,0.585,-0.595,0.0,0.5,0.4798,1.3322,0.626,105.72
14.137,-0.78,0.3833,-152.05,3.3596,-0.3069,4.6559,0.0003,-80.18,0.585,-0.595,0.0,0.5,0.4797,1.3323,0.626,105.72
14.188,-0.8073,0.3387,-149.33,3.3727,-0.3575,4.6559,0.0007,-79.28,0.585,-0.595,0.0,0.5,0.4797,1.3322,0.6684,105.72
14.24,-0.8331,0.283,-146.61,3.395,-0.4147,4.6558,0.0008,-78.83,0.585,-0.595,0.0,0.5,0.4797,1.3275,0.654,105.72
14.291,-0.8331,0.283,-146.61,3.395,-0.4147,4.6557,0.0014,-77.48,0.585,-0.595,0.0,0.5,0.4796,1.3275,0.654,105.72
14.343,-0.8595,0.2285,-143.92,3.416,-0.4714,4.6556,0.0019,-76.14,0.585,-0.595,0.0,0.5,0.4795,1.3268,0.6556,107.108
14.393,-0.8595,0.2285,-143.92,3.416,-0.4714,4.6555,0.0024,-74.79,0.585,-0.595,0.0,0.5,0.4793,1.3269,0.6556,107.108
14.444,-0.8792,0.1753,-141.18,3.4408,-0.5225,4.6555,0.0024,-74.79,0.585,-0.595,0.0,0.5,0.4793,1.3232,0.6612,107.108
14.495,-0.8792,0.1753,-141.18,3.4408,-0.5225,4.6553,0.0029,-73.44,0.585,-0.595,0.0,0.5,0.4792,1.3233,0.6612,107.108
14.546,-0.905,0.1237,-138.56,3.4601,-0.5769,4.6553,0.0031,-72.99,0.585,-0.595,0.0,0.5,0.4792,1.3285,0.7084,107.108
14.597,-0.9166,0.0569,-135.82,3.5003,-0.6316,4.6552,0.0032,-72.54,0.585,-0.595,0.0,0.5,0.4791,1.3179,0.7036,107.108
14.648,-0.9166,0.0569,-135.82,3.5003,-0.6316,4.6552,0.0034,-72.09,0.585,-0.595,0.0,0.5,0.4791,1.3179,0.7036,107.108
14.699,-0.9341,0.0184,-133.11,3.5159,-0.6708,4.6551,0.0037,-71.2,0.585,-0.595,0.0,0.5,0.479,1.3239,0.6804,107.108
14.754,-0.9341,0.0184,-133.11,3.5159,-0.6708,4.6548,0.0044,-69.4,0.585,-0.595,0.0,0.5,0.4788,1.3241,0.6804,107.108
14.805,-0.9447,-0.0541,-130.38,3.5609,-0.7287,4.6546,0.0049,-68.05,0.585,-0.595,0.0,0.5,0.4786,1.317,0.6588,107.108
14.857,-0.9447,-0.0541,-130.38,3.5609,-0.7287,4.6544,0.0054,-66.7,0.585,-0.595,0.0,0.5,0.4784,1.3171,0.6588,109.028
14.908,-0.9537,-0.114,-127.63,3.5978,-0.7767,4.6542,0.0059,-65.36,0.585,-0.595,0.0,0.5,0.4782,1.3147,0.7308,109.028
14.959,-0.9537,-0.114,-127.63,3.5978,-0.7767,4.654,0.0063,-64.01,0.585,-0.595,0.0,0.5,0.478,1.3148,0.7308,109.028
15.01,-0.9537,-0.114,-127.63,3.5978,-0.7767,4.6538,0.0068,-62.66,0.585,-0.595,0.0,0.5,0.4778,1.3149,0.7308,109.028
15.061,-0.9648,-0.2437,-122.23,3.6837,-0.8745,4.6535,0.0073,-61.31,0.585,-0.595,0.0,0.5,0.4775,1.3108,0.7168,109.028
15.112,-0.9648,-0.2437,-122.23,3.6837,-0.8745,4.6534,0.0074,-60.86,0.585,-0.595,0.0,0.5,0.4775,1.3108,0.7168,109.028
15.163,-0.9672,-0.3007,-119.55,3.7231,-0.9158,4.6533,0.0077,-59.96,0.585,-0.595,0.0,0.5,0.4773,1.3107,0.6748,109.028
15.214,-0.9612,-0.3648,-116.82,3.7735,-0.9559,4.6532,0.0079,-59.52,0.585,-0.595,0.0,0.5,0.4772,1.3048,0.7072,109.028
15.265,-0.9612,-0.3648,-116.82,3.7735,-0.9559,4.6531,0.008,-59.07,0.585,-0.595,0.0,0.5,0.4771,1.3049,0.7072,109.467
15.315,-0.9612,-0.3648,-116.82,3.7735,-0.9559,4.6528,0.0085,-57.72,0.585,-0.595,0.0,0.5,0.4769,1.305,0.7072,109.467
15.366,-0.9612,-0.3648,-116.82,3.7735,-0.9559,4.6525,0.0089,-56.37,0.585,-0.595,0.0,0.5,0.4766,1.3051,0.7072,109.467
15.417,-0.9612,-0.3648,-116.82,3.7735,-0.9559,4.6525,0.0089,-56.37,0.585,-0.595,0.0,0.5,0.4766,1.3051,0.7072,109.467
15.468,-0.9612,-0.3648,-116.82,3.7735,-0.9559,4.6522,0.0094,-55.02,0.585,-0.595,0.0,0.5,0.4763,1.3053,0.7072,109.467
15.518,-0.9612,-0.3648,-116.82,3.7735,-0.9559,4.6519,0.0098,-53.68,0.585,-0.595,0.0,0.5,0.476,1.3054,0.7072,109.467
15.569,-0.9612,-0.3648,-116.82,3.7735,-0.9559,4.6516,0.0102,-52.33,0.585,-0.595,0.0,0.5,0.4757,1.3055,0.7072,109.467
15.621,-0.9612,-0.3648,-116.82,3.7735,-0.9559,4.6515,0.0104,-51.88,0.585,-0.595,0.0,0.5,0.4756,1.3055,0.7072,109.467
15.671,-0.9612,-0.3648,-116.82,3.7735,-0.9559,4.6513,0.0106,-50.98,0.585,-0.595,0.0,0.5,0.4754,1.3056,0.7072,109.467
15.722,-0.9612,-0.3648,-116.82,3.7735,-0.9559,4.6509,0.0111,-49.63,0.585,-0.595,0.0,0.5,0.4751,1.3057,0.7072,109.467
15.774,-0.9612,-0.3648,-116.82,3.7735,-0.9559,4.6506,0.0115,-48.29,0.585,-0.595,0.0,0.5,0.4748,1.3057,0.7072,109.467
15.825,-0.9612,-0.3648,-116.82,3.7735,-0.9559,4.6502,0.0118,-46.94,0.585,-0.595,0.0,0.5,0.4744,1.3058,0.7072,109.467
15.876,-0.9612,-0.3648,-116.82,3.7735,-0.9559,4.6499,0.0122,-45.59,0.585,-0.595,0.0,0.5,0.4741,1.3058,0.7072,109.467
15.927,-0.9612,-0.3648,-116.82,3.7735,-0.9559,4.6495,0.0126,-44.24,0.585,-0.595,0.0,0.5,0.4737,1.3058,0.7072,109.467
15.978,-0.9291,-0.6105,-106.03,3.9729,-1.1029,4.6491,0.013,-42.89,0.585,-0.595,0.0,0.5,0.4734,1.3048,0.6064,109.467
16.029,-0.9291,-0.6105,-106.03,3.9729,-1.1029,4.6487,0.0133,-41.55,0.585,-0.595,0.0,0.5,0.473,1.3049,0.6064,109.467
16.08,-0.9108,-0.6702,-103.22,4.0286,-1.131,4.6487,0.0133,-41.55,0.585,-0.595,0.0,0.5,0.473,1.3015,0.6772,110.255
16.131,-0.9108,-0.6702,-103.22,4.0286,-1.131,4.6483,0.0137,-40.2,0.585,-0.595,0.0,0.5,0.4726,1.3017,0.6772,110.255
16.182,-0.891,-0.723,-100.57,4.0804,-1.1534,4.6479,0.014,-38.85,0.585,-0.595,0.0,0.5,0.4722,1.298,0.6132,110.255
16.234,-0.8594,-0.7836,-97.84,4.146,-1.1726,4.6475,0.0143,-37.5,0.585,-0.595,0.0,0.5,0.4718,1.2885,0.604,110.255
16.285,-0.8594,-0.7836,-97.84,4.146,-1.1726,4.6471,0.0147,-36.16,0.585,-0.595,0.0,0.5,0.4714,1.2886,0.604,110.255
16.336,-0.8441,-0.8414,-95.01,4.1984,-1.2016,4.6466,0.015,-34.81,0.585,-0.595,0.0,0.5,0.471,1.2965,0.606,110.255
16.387,-0.8441,-0.8414,-95.01,4.1984,-1.2016,4.6462,0.0153,-33.46,0.585,-0.595,0.0,0.5,0.4706,1.2966,0.606,110.255
16.438,-0.81,-0.8969,-92.36,4.262,-1.2154,4.6458,0.0156,-32.11,0.585,-0.595,0.0,0.5,0.4702,1.2894,0.6052,110.255
16.489,-0.81,-0.8969,-92.36,4.262,-1.2154,4.6453,0.0158,-30.77,0.585,-0.595,0.0,0.5,0.4697,1.2895,0.6052,110.586
16.54,-0.7784,-0.9523,-89.64,4.3238,-1.2309,4.6449,0.0161,-29.42,0.585,-0.595,0.0,0.5,0.4693,1.2877,0.634,110.586
16.591,-0.7438,-0.9972,-86.97,4.3802,-1.2371,4.6444,0.0164,-28.07,0.585,-0.595,0.0,0.5,0.4688,1.281,0.546,110.586
16.642,-0.7438,-0.9972,-86.97,4.3802,-1.2371,4.6441,0.0165,-27.17,0.585,-0.595,0.0,0.5,0.4685,1.2811,0.546,110.586
16.693,-0.7076,-1.0471,-84.32,4.4413,-1.2456,4.6439,0.0166,-26.72,0.585,-0.595,0.0,0.5,0.4684,1.2783,0.3904,110.586
16.744,-0.7076,-1.0471,-84.32,4.4413,-1.2456,4.6434,0.0168,-25.38,0.585,-0.595,0.0,0.5,0.4679,1.2785,0.3904,110.586
16.795,-0.6756,-1.1015,-81.64,4.5026,-1.2602,4.643,0.0171,-24.03,0.585,-0.595,0.0,0.5,0.4674,1.285,0.6056,110.586
16.846,-0.6756,-1.1015,-81.64,4.5026,-1.2602,4.6428,0.0171,-23.58,0.585,-0.595,0.0,0.5,0.4673,1.285,0.6056,110.586
16.897,-0.6756,-1.1015,-81.64,4.5026,-1.2602,4.6425,0.0173,-22.68,0.585,-0.595,0.0,0.5,0.467,1.2851,0.6056,110.586
16.947,-0.6756,-1.1015,-81.64,4.5026,-1.2602,4.642,0.0175,-21.33,0.585,-0.595,0.0,0.5,0.4665,1.2853,0.6056,110.586
16.998,-0.6756,-1.1015,-81.64,4.5026,-1.2602,4.6415,0.0177,-19.99,0.585,-0.595,0.0,0.5,0.466,1.2854,0.6056,110.586
17.049,-0.6756,-1.1015,-81.64,4.5026,-1.2602,4.641,0.0178,-18.64,0.585,-0.595,0.0,0.5,0.4655,1.2855,0.6056,110.586
17.1,-0.6356,-1.1432,-78.97,4.5604,-1.2603,4.6405,0.018,-17.29,0.585,-0.595,0.0,0.5,0.465,1.2808,0.4948,110.586
17.151,-0.6356,-1.1432,-78.97,4.5604,-1.2603,4.64,0.0182,-15.94,0.585,-0.595,0.0,0.5,0.4645,1.2809,0.4948,110.586
17.203,-0.5982,-1.1952,-76.19,4.6239,-1.2693,4.6395,0.0183,-14.6,0.585,-0.595,0.0,0.5,0.464,1.2877,0.4612,110.586
17.254,-0.5982,-1.1952,-76.19,4.6239,-1.2693,4.6389,0.0184,-13.25,0.585,-0.595,0.0,0.5,0.4635,1.2878,0.4612,110.586
17.305,-0.5492,-1.2319,-73.53,4.6843,-1.2594,4.6384,0.0186,-11.9,0.585,-0.595,0.0,0.5,0.463,1.2788,0.5248,110.878
17.357,-0.5492,-1.2319,-73.53,4.6843,-1.2594,4.6379,0.0187,-10.55,0.585,-0.595,0.0,0.5,0.4625,1.2789,0.5248,110.878
17.408,-0.5152,-1.2901,-70.75,4.7498,-1.2752,4.6379,0.0187,-10.55,0.585,-0.595,0.0,0.5,0.4625,1.2987,0.4924,110.878
17.461,-0.4546,-1.3229,-67.98,4.8154,-1.2542,4.6376,0.0187,-9.66,0.585,-0.595,0.0,0.5,0.4622,1.2853,0.4184,110.878
17.511,-0.4546,-1.3229,-67.98,4.8154,-1.2542,4.6374,0.0188,-9.21,0.585,-0.595,0.0,0.5,0.462,1.2853,0.4184,110.878
17.562,-0.3984,-1.3526,-65.36,4.8757,-1.2343,4.637,0.0188,-8.31,0.585,-0.595,0.0,0.5,0.4616,1.2756,0.528,110.878
17.613,-0.3984,-1.3526,-65.36,4.8757,-1.2343,4.6365,0.0189,-6.96,0.585,-0.595,0.0,0.5,0.4611,1.2758,0.528,110.878
17.664,-0.3984,-1.3526,-65.36,4.8757,-1.2343,4.636,0.0189,-5.61,0.585,-0.595,0.0,0.5,0.4606,1.2759,0.528,110.878
17.716,-0.3984,-1.3526,-65.36,4.8757,-1.2343,4.6353,0.019,-3.82,0.585,-0.595,0.0,0.5,0.4599,1.2761,0.528,110.878
17.767,-0.3984,-1.3526,-65.36,4.8757,-1.2343,4.6349,0.019,-2.92,0.585,-0.595,0.0,0.5,0.4595,1.2762,0.528,110.878
17.818,-0.3571,-1.3881,-62.66,4.9299,-1.2291,4.6344,0.019,-1.57,0.585,-0.595,0.0,0.5,0.459,1.2826,0.5304,110.878
17.872,-0.3063,-1.424,-59.96,4.9911,-1.2172,4.6344,0.019,-1.57,0.585,-0.595,0.0,0.5,0.459,1.2867,0.4576,112.499
17.923,-0.3063,-1.424,-59.96,4.9911,-1.2172,4.6339,0.0191,-0.22,0.585,-0.595,0.0,0.5,0.4585,1.2869,0.4576,112.499
17.976,-0.2508,-1.4566,-57.29,5.0531,-1.1998,4.6332,0.019,1.57,0.585,-0.595,0.0,0.5,0.4578,1.2892,0.4148,112.499
18.027,-0.2508,-1.4566,-57.29,5.0531,-1.1998,4.6326,0.019,2.92,0.585,-0.595,0.0,0.5,0.4573,1.2893,0.4148,112.499
18.078,-0.1885,-1.4799,-54.53,5.113,-1.171,4.6321,0.019,4.27,0.585,-0.595,0.0,0.5,0.4567,1.2835,0.5632,112.499
18.129,-0.1361,-1.5079,-51.82,5.1695,-1.1527,4.6316,0.019,5.62,0.585,-0.595,0.0,0.5,0.4562,1.2892,0.4844,112.499
18.18,-0.1361,-1.5079,-51.82,5.1695,-1.1527,4.631,0.0189,6.96,0.585,-0.595,0.0,0.5,0.4557,1.2894,0.4844,112.499
18.231,-0.1361,-1.5079,-51.82,5.1695,-1.1527,4.6307,0.0189,7.86,0.585,-0.595,0.0,0.5,0.4553,1.2895,0.4844,112.499
18.282,-0.1361,-1.5079,-51.82,5.1695,-1.1527,4.6305,0.0188,8.31,0.585,-0.595,0.0,0.5,0.4551,1.2895,0.4844,112.499
18.333,-0.1361,-1.5079,-51.82,5.1695,-1.1527,4.63,0.0188,9.66,0.585,-0.595,0.0,0.5,0.4546,1.2897,0.4844,112.499
18.383,-0.1361,-1.5079,-51.82,5.1695,-1.1527,4.6297,0.0187,10.56,0.585,-0.595,0.0,0.5,0.4543,1.2898,0.4844,112.499
18.435,-0.1361,-1.5079,-51.82,5.1695,-1.1527,4.629,0.0186,12.35,0.585,-0.595,0.0,0.5,0.4536,1.2899,0.4844,112.499
18.486,-0.1361,-1.5079,-51.82,5.1695,-1.1527,4.6284,0.0184,13.7,0.585,-0.595,0.0,0.5,0.453,1.29,0.4844,112.499
18.537,-0.1361,-1.5079,-51.82,5.1695,-1.1527,4.6279,0.0183,15.05,0.585,-0.595,0.0,0.5,0.4525,1.2901,0.4844,112.499
18.588,-0.1361,-1.5079,-51.82,5.1695,-1.1527,4.6278,0.0183,15.5,0.585,-0.595,0.0,0.5,0.4523,1.2902,0.4844,112.499
18.638,-0.1361,-1.5079,-51.82,5.1695,-1.1527,4.6276,0.0182,15.95,0.585,-0.595,0.0,0.5,0.4522,1.2902,0.4844,112.499
18.689,-0.1361,-1.5079,-51.82,5.1695,-1.1527,4.6272,0.0181,16.85,0.585,-0.595,0.0,0.5,0.4518,1.2903,0.4844,112.499
18.74,-0.1361,-1.5079,-51.82,5.1695,-1.1527,4.6271,0.0181,17.3,0.585,-0.595,0.0,0.5,0.4517,1.2903,0.4844,112.499
18.791,-0.1361,-1.5079,-51.82,5.1695,-1.1527,4.6266,0.0179,18.64,0.585,-0.595,0.0,0.5,0.4511,1.2903,0.4844,112.499
18.842,-0.1361,-1.5079,-51.82,5.1695,-1.1527,4.6261,0.0177,19.99,0.585,-0.595,0.0,0.5,0.4506,1.2904,0.4844,112.499
18.893,-0.1361,-1.5079,-51.82,5.1695,-1.1527,4.6256,0.0175,21.34,0.585,-0.595,0.0,0.5,0.4501,1.2904,0.4844,112.499
18.944,-0.1361,-1.5079,-51.82,5.1695,-1.1527,4.6251,0.0173,22.69,0.585,-0.595,0.0,0.5,0.4496,1.2905,0.4844,112.499
18.996,-0.0723,-1.5203,-49.21,5.2226,-1.1152,4.6246,0.0171,24.03,0.585,-0.595,0.0,0.5,0.4491,1.2805,0.4428,112.499
19.046,-0.0723,-1.5203,-49.21,5.2226,-1.1152,4.6243,0.017,24.93,0.585,-0.595,0.0,0.5,0.4488,1.2806,0.4428,112.499
19.097,-0.0133,-1.5378,-46.46,5.2761,-1.0849,4.6241,0.0169,25.38,0.585,-0.595,0.0,0.5,0.4486,1.2802,0.4584,114.375
19.148,-0.0133,-1.5378,-46.46,5.2761,-1.0849,4.6236,0.0167,26.73,0.585,-0.595,0.0,0.5,0.4481,1.2803,0.4584,114.375
19.199,0.0583,-1.5604,-43.71,5.342,-1.0488,4.6232,0.0164,28.08,0.585,-0.595,0.0,0.5,0.4477,1.2851,0.4972,114.375
19.251,0.1101,-1.5572,-41.1,5.3756,-1.0093,4.6227,0.0162,29.43,0.585,-0.595,0.0,0.5,0.4472,1.2722,0.4592,114.375
19.301,0.1101,-1.5572,-41.1,5.3756,-1.0093,4.6224,0.016,30.32,0.585,-0.595,0.0,0.5,0.4469,1.2722,0.4592,114.375
19.352,0.1758,-1.5683,-38.46,5.4291,-0.9696,4.6223,0.0159,30.77,0.585,-0.595,0.0,0.5,0.4467,1.2736,0.4612,114.375
19.403,0.1758,-1.5683,-38.46,5.4291,-0.9696,4.6218,0.0157,32.12,0.585,-0.595,0.0,0.5,0.4462,1.2737,0.4612,114.375
19.454,0.237,-1.5846,-35.74,5.4832,-0.9367,4.6214,0.0154,33.47,0.585,-0.595,0.0,0.5,0.4458,1.2842,0.4412,114.375
19.508,0.237,-1.5846,-35.74,5.4832,-0.9367,4.6209,0.0151,34.82,0.585,-0.595,0.0,0.5,0.4453,1.2843,0.4412,115.397
19.559,0.2913,-1.5728,-33.15,5.5124,-0.8894,4.6205,0.0148,36.16,0.585,-0.595,0.0,0.5,0.4449,1.27,0.4836,115.397
19.613,0.3539,-1.5824,-30.43,5.5627,-0.8509,4.6201,0.0145,37.51,0.585,-0.595,0.0,0.5,0.4444,1.2796,0.456,115.397
19.663,0.3539,-1.5824,-30.43,5.5627,-0.8509,4.6199,0.0143,37.96,0.585,-0.595,0.0,0.5,0.4443,1.2796,0.456,115.397
19.714,0.4149,-1.5896,-27.72,5.6101,-0.8119,4.6196,0.0141,38.86,0.585,-0.595,0.0,0.5,0.444,1.2897,0.4528,115.397
19.765,0.4149,-1.5896,-27.72,5.6101,-0.8119,4.6192,0.0138,40.21,0.585,-0.595,0.0,0.5,0.4436,1.2898,0.4528,115.397
19.816,0.49,-1.5795,-25.17,5.6549,-0.7508,4.6188,0.0134,41.55,0.585,-0.595,0.0,0.5,0.4432,1.2874,0.428,115.397
19.867,0.49,-1.5795,-25.17,5.6549,-0.7508,4.6187,0.0133,42.0,0.585,-0.595,0.0,0.5,0.443,1.2874,0.428,115.669
19.917,0.5508,-1.5744,-22.57,5.6933,-0.7033,4.6184,0.0131,42.9,0.585,-0.595,0.0,0.5,0.4427,1.2917,0.4712,115.669
19.969,0.6155,-1.5734,-19.71,5.7374,-0.656,4.6181,0.0127,44.25,0.585,-0.595,0.0,0.5,0.4423,1.3039,0.4604,115.669
20.02,0.6155,-1.5734,-19.71,5.7374,-0.656,4.6178,0.0125,45.15,0.585,-0.595,0.0,0.5,0.4421,1.304,0.4604,115.669
20.072,0.6665,-1.5397,-17.31,5.7484,-0.5959,4.6177,0.0124,45.6,0.585,-0.595,0.0,0.5,0.4419,1.2839,0.4212,115.669
20.123,0.7192,-1.5299,-14.39,5.7778,-0.5511,4.6173,0.012,46.95,0.585,-0.595,0.0,0.5,0.4416,1.2899,0.4604,115.669
20.174,0.7192,-1.5299,-14.39,5.7778,-0.5511,4.617,0.0116,48.29,0.585,-0.595,0.0,0.5,0.4412,1.29,0.4604,115.669
20.227,0.796,-1.518,-11.75,5.8225,-0.4875,4.6166,0.0112,49.64,0.585,-0.595,0.0,0.5,0.4408,1.3049,0.4788,115.669
20.28,0.796,-1.518,-11.75,5.8225,-0.4875,4.6163,0.0108,50.99,0.585,-0.595,0.0,0.5,0.4405,1.3051,0.4788,115.669
20.331,0.8691,-1.4858,-9.13,5.8498,-0.4124,4.6159,0.0104,52.34,0.585,-0.595,0.0,0.5,0.4401,1.3043,0.5076,115.253
20.382,0.8691,-1.4858,-9.13,5.8498,-0.4124,4.6156,0.0099,53.68,0.585,-0.595,0.0,0.5,0.4398,1.3045,0.5076,115.253
20.433,0.9127,-1.4673,-6.28,5.8667,-0.3682,4.6153,0.0095,55.03,0.585,-0.595,0.0,0.5,0.4394,1.3072,0.4632,115.253
20.484,0.9687,-1.45,-3.62,5.8931,-0.3157,4.615,0.0091,56.38,0.585,-0.595,0.0,0.5,0.4391,1.3187,0.4712,115.253
20.535,0.9687,-1.45,-3.62,5.8931,-0.3157,4.6147,0.0086,57.73,0.585,-0.595,0.0,0.5,0.4388,1.3189,0.4712,115.253
20.586,1.0205,-1.4178,-0.96,5.9057,-0.2561,4.6144,0.0082,59.07,0.585,-0.595,0.0,0.5,0.4385,1.318,0.4976,115.253
20.637,1.0205,-1.4178,-0.96,5.9057,-0.2561,4.6142,0.0077,60.42,0.585,-0.595,0.0,0.5,0.4382,1.3182,0.4976,115.253
20.688,1.0846,-1.3884,1.74,5.9289,-0.1896,4.6139,0.0073,61.77,0.585,-0.595,0.0,0.5,0.438,1.3297,0.488,115.253
20.739,1.0846,-1.3884,1.74,5.9289,-0.1896,4.6137,0.0068,63.12,0.585,-0.595,0.0,0.5,0.4377,1.3299,0.488,115.253
20.79,1.124,-1.3342,4.51,5.9172,-0.1236,4.6134,0.0063,64.46,0.585,-0.595,0.0,0.5,0.4374,1.3102,0.4644,115.253
20.841,1.1807,-1.3141,7.18,5.9419,-0.0688,4.6132,0.0058,65.81,0.585,-0.595,0.0,0.5,0.4372,1.3308,0.4644,115.715
20.892,1.1807,-1.3141,7.18,5.9419,-0.0688,4.613,0.0054,67.16,0.585,-0.595,0.0,0.5,0.437,1.331,0.4644,115.715
20.943,1.1807,-1.3141,7.18,5.9419,-0.0688,4.6128,0.0049,68.51,0.585,-0.595,0.0,0.5,0.4367,1.3312,0.4644,115.715
20.993,1.1807,-1.3141,7.18,5.9419,-0.0688,4.6127,0.0047,68.95,0.585,-0.595,0.0,0.5,0.4367,1.3312,0.4644,115.715
21.044,1.1807,-1.3141,7.18,5.9419,-0.0688,4.6126,0.0044,69.85,0.585,-0.595,0.0,0.5,0.4365,1.3313,0.4644,115.715
21.095,1.1807,-1.3141,7.18,5.9419,-0.0688,4.6124,0.0039,71.2,0.585,-0.595,0.0,0.5,0.4363,1.3315,0.4644,115.715
21.146,1.1807,-1.3141,7.18,5.9419,-0.0688,4.6123,0.0034,72.55,0.585,-0.595,0.0,0.5,0.4362,1.3316,0.4644,115.715
21.196,1.1807,-1.3141,7.18,5.9419,-0.0688,4.6123,0.0034,72.55,0.585,-0.595,0.0,0.5,0.4362,1.3316,0.4644,115.715
21.247,1.1807,-1.3141,7.18,5.9419,-0.0688,4.6121,0.0029,73.9,0.585,-0.595,0.0,0.5,0.436,1.3318,0.4644,115.715
21.298,1.1807,-1.3141,7.18,5.9419,-0.0688,4.612,0.0023,75.24,0.585,-0.595,0.0,0.5,0.4358,1.3319,0.4644,115.715
21.349,1.1807,-1.3141,7.18,5.9419,-0.0688,4.6118,0.0018,76.59,0.585,-0.595,0.0,0.5,0.4357,1.332,0.4644,115.715
21.4,1.1807,-1.3141,7.18,5.9419,-0.0688,4.6117,0.0013,77.94,0.585,-0.595,0.0,0.5,0.4356,1.3321,0.4644,115.715
21.451,1.1868,-1.2955,8.67,5.9327,-0.0515,4.6116,0.0008,79.29,0.585,-0.595,0.0,0.5,0.4354,1.3221,0.3716,115.715
21.503,1.2278,-1.2352,11.41,5.9176,0.0199,4.6115,0.0003,80.63,0.585,-0.595,0.0,0.5,0.4353,1.3063,0.4112,115.715
21.553,1.2278,-1.2352,11.41,5.9176,0.0199,4.6115,0.0001,81.08,0.585,-0.595,0.0,0.5,0.4353,1.3063,0.4112,115.715
21.604,1.2844,-1.1792,14.04,5.9165,0.0994,4.6114,-0.0001,81.53,0.585,-0.595,0.0,0.5,0.4353,1.3088,0.4912,115.715
21.655,1.2844,-1.1792,14.04,5.9165,0.0994,4.6114,-0.0006,82.88,0.585,-0.595,0.0,0.5,0.4352,1.3089,0.4912,117.023
21.706,1.3191,-1.1535,16.72,5.922,0.1423,4.6113,-0.0011,84.23,0.585,-0.595,0.0,0.5,0.4351,1.3185,0.4348,117.023
21.758,1.3191,-1.1535,16.72,5.922,0.1423,4.6113,-0.0017,85.57,0.585,-0.595,0.0,0.5,0.435,1.3187,0.4348,117.023
21.808,1.3645,-1.0855,19.38,5.9044,0.2222,4.6112,-0.002,86.47,0.585,-0.595,0.0,0.5,0.435,1.3125,0.4584,117.023
21.859,1.4027,-1.0357,22.08,5.8949,0.2842,4.6112,-0.0022,86.92,0.585,-0.595,0.0,0.5,0.435,1.3153,0.5724,117.023
21.91,1.4027,-1.0357,22.08,5.8949,0.2842,4.6112,-0.0027,88.27,0.585,-0.595,0.0,0.5,0.435,1.3154,0.5724,117.023
21.961,1.4257,-0.9993,24.8,5.8846,0.326,4.6112,-0.0033,89.62,0.585,-0.595,0.0,0.5,0.435,1.3153,0.5912,117.023
22.012,1.4257,-0.9993,24.8,5.8846,0.326,4.6112,-0.0038,90.96,0.585,-0.595,0.0,0.5,0.4349,1.3154,0.5912,117.023
22.064,1.4608,-0.9235,27.49,5.8543,0.4038,4.6112,-0.0043,92.31,0.585,-0.595,0.0,0.5,0.4349,1.3083,0.5308,117.023
22.115,1.4608,-0.9235,27.49,5.8543,0.4038,4.6112,-0.0048,93.66,0.585,-0.595,0.0,0.5,0.435,1.3085,0.5308,117.698
22.166,1.4843,-0.8786,30.2,5.8381,0.4519,4.6113,-0.0054,95.01,0.585,-0.595,0.0,0.5,0.435,1.3093,0.5764,117.698
22.217,1.5147,-0.8225,32.93,5.8188,0.5126,4.6113,-0.0059,96.35,0.585,-0.595,0.0,0.5,0.435,1.3141,0.6108,117.698
22.267,1.5147,-0.8225,32.93,5.8188,0.5126,4.6114,-0.0064,97.7,0.585,-0.595,0.0,0.5,0.4351,1.3143,0.6108,117.698
22.318,1.5407,-0.7696,35.62,5.7986,0.568,4.6115,-0.0069,99.05,0.585,-0.595,0.0,0.5,0.4352,1.319,0.6208,117.698
22.369,1.5407,-0.7696,35.62,5.7986,0.568,4.6115,-0.0075,100.4,0.585,-0.595,0.0,0.5,0.4353,1.3192,0.6208,117.698
22.42,1.552,-0.7108,38.31,5.7641,0.6169,4.6116,-0.008,101.74,0.585,-0.595,0.0,0.5,0.4354,1.311,0.7048,117.698
22.472,1.552,-0.7108,38.31,5.7641,0.6169,4.6117,-0.0083,102.64,0.585,-0.595,0.0,0.5,0.4354,1.3111,0.7048,117.698
22.522,1.566,-0.6519,41.03,5.7313,0.6679,4.6118,-0.0085,103.09,0.585,-0.595,0.0,0.5,0.4355,1.308,0.7492,117.698
22.574,1.5857,-0.597,43.72,5.7053,0.7201,4.6119,-0.009,104.44,0.585,-0.595,0.0,0.5,0.4356,1.3143,0.7528,117.698
22.625,1.5857,-0.597,43.72,5.7053,0.7201,4.612,-0.0095,105.79,0.585,-0.595,0.0,0.5,0.4357,1.3144,0.7528,117.698
22.676,1.598,-0.5272,46.43,5.6635,0.7773,4.6122,-0.01,107.14,0.585,-0.595,0.0,0.5,0.4359,1.3135,0.7524,117.698
22.727,1.598,-0.5272,46.43,5.6635,0.7773,4.6123,-0.0105,108.48,0.585,-0.595,0.0,0.5,0.436,1.3137,0.7524,117.62
22.778,1.6058,-0.4714,49.15,5.6287,0.8217,4.6125,-0.011,109.83,0.585,-0.595,0.0,0.5,0.4362,1.3138,0.7352,117.62
22.829,1.6196,-0.4147,51.88,5.5973,0.8708,4.6127,-0.0115,111.18,0.585,-0.595,0.0,0.5,0.4364,1.3222,0.3272,117.62
22.88,1.6196,-0.4147,51.88,5.5973,0.8708,4.6129,-0.012,112.53,0.585,-0.595,0.0,0.5,0.4366,1.3224,0.3272,117.62
22.931,1.6274,-0.3484,54.62,5.5549,0.9224,4.6131,-0.0125,113.87,0.585,-0.595,0.0,0.5,0.4368,1.3271,0.792,117.62
22.982,1.6274,-0.3484,54.62,5.5549,0.9224,4.6133,-0.013,115.22,0.585,-0.595,0.0,0.5,0.437,1.3273,0.792,117.62
23.033,1.6314,-0.2887,57.27,5.5146,0.9666,4.6135,-0.0135,116.57,0.585,-0.595,0.0,0.5,0.4373,1.3314,0.3676,117.62
23.085,1.6314,-0.2887,57.27,5.5146,0.9666,4.6138,-0.0139,117.92,0.585,-0.595,0.0,0.5,0.4375,1.3316,0.3676,116.893
23.136,1.6314,-0.2887,57.27,5.5146,0.9666,4.614,-0.0144,119.26,0.585,-0.595,0.0,0.5,0.4378,1.3318,0.3676,116.893
23.187,1.6203,-0.1576,62.69,5.4124,1.0495,4.6143,-0.0149,120.61,0.585,-0.595,0.0,0.5,0.438,1.3303,0.5168,116.893
23.238,1.6203,-0.1576,62.69,5.4124,1.0495,4.6146,-0.0153,121.96,0.585,-0.595,0.0,0.5,0.4383,1.3305,0.5168,116.893
23.289,1.6077,-0.0908,65.44,5.3555,1.0867,4.6148,-0.0158,123.31,0.585,-0.595,0.0,0.5,0.4386,1.3281,0.4772,116.893
23.34,1.6016,-0.0293,68.12,5.3069,1.1248,4.6151,-0.0162,124.65,0.585,-0.595,0.0,0.5,0.4389,1.3343,0.4748,116.893
23.39,1.6016,-0.0293,68.12,5.3069,1.1248,4.6154,-0.0166,126.0,0.585,-0.595,0.0,0.5,0.4392,1.3345,0.4748,116.893
23.442,1.5969,0.0231,70.83,5.2659,1.1577,4.6158,-0.0171,127.35,0.585,-0.595,0.0,0.5,0.4395,1.3427,0.6012,116.893
23.493,1.5969,0.0231,70.83,5.2659,1.1577,4.6161,-0.0175,128.7,0.585,-0.595,0.0,0.5,0.4399,1.3429,0.6012,116.893
23.544,1.5745,0.0954,73.61,5.1982,1.1917,4.6164,-0.0179,130.05,0.585,-0.595,0.0,0.5,0.4402,1.3422,0.566,116.778
23.595,1.5745,0.0954,73.61,5.1982,1.1917,4.6168,-0.0183,131.39,0.585,-0.595,0.0,0.5,0.4405,1.3425,0.566,116.778
23.646,1.5504,0.1592,76.32,5.1355,1.2185,4.6171,-0.0187,132.74,0.585,-0.595,0.0,0.5,0.4409,1.3414,0.5808,116.778
23.701,1.5504,0.1592,76.32,5.1355,1.2185,4.6175,-0.0191,134.09,0.585,-0.595,0.0,0.5,0.4413,1.3416,0.5808,116.778
23.751,1.5504,0.1592,76.32,5.1355,1.2185,4.6178,-0.0195,135.44,0.585,-0.595,0.0,0.5,0.4417,1.3418,0.5808,116.778
23.802,1.5136,0.2753,81.77,5.0263,1.2724,4.6182,-0.0198,136.78,0.585,-0.595,0.0,0.5,0.442,1.3551,0.4496,116.778
23.853,1.5136,0.2753,81.77,5.0263,1.2724,4.6186,-0.0202,138.13,0.585,-0.595,0.0,0.5,0.4424,1.3554,0.4496,116.778
23.905,1.4852,0.3349,84.49,4.9637,1.2932,4.619,-0.0205,139.48,0.585,-0.595,0.0,0.5,0.4428,1.3582,0.5672,116.525
23.957,1.4852,0.3349,84.49,4.9637,1.2932,4.6194,-0.0209,140.83,0.585,-0.595,0.0,0.5,0.4433,1.3584,0.5672,116.525
24.008,1.4578,0.3909,87.17,4.9043,1.3122,4.6197,-0.0211,141.72,0.585,-0.595,0.0,0.5,0.4435,1.3633,0.5556,116.525
24.059,1.43,0.4471,89.88,4.8445,1.3311,4.6198,-0.0212,142.17,0.585,-0.595,0.0,0.5,0.4437,1.3709,0.4808,116.525
24.11,1.43,0.4471,89.88,4.8445,1.3311,4.6203,-0.0215,143.52,0.585,-0.595,0.0,0.5,0.4441,1.3711,0.4808,116.525
24.163,1.43,0.4471,89.88,4.8445,1.3311,4.6207,-0.0218,144.87,0.585,-0.595,0.0,0.5,0.4446,1.3714,0.4808,116.525
24.214,1.3962,0.4982,92.56,4.7842,1.3421,4.6211,-0.0221,146.22,0.585,-0.595,0.0,0.5,0.445,1.374,0.4796,116.525
24.265,1.3962,0.4982,92.56,4.7842,1.3421,4.6216,-0.0224,147.57,0.585,-0.595,0.0,0.5,0.4454,1.3742,0.4796,116.525
24.315,1.3962,0.4982,92.56,4.7842,1.3421,4.622,-0.0227,148.91,0.585,-0.595,0.0,0.5,0.4459,1.3745,0.4796,116.525
24.366,1.3962,0.4982,92.56,4.7842,1.3421,4.6225,-0.023,150.26,0.585,-0.595,0.0,0.5,0.4464,1.3747,0.4796,116.525
24.417,1.3241,0.6052,97.98,4.6571,1.3643,4.6229,-0.0232,151.61,0.585,-0.595,0.0,0.5,0.4468,1.388,0.548,116.525
24.469,1.3241,0.6052,97.98,4.6571,1.3643,4.6234,-0.0235,152.96,0.585,-0.595,0.0,0.5,0.4473,1.3882,0.548,116.025
24.519,1.2728,0.6509,100.66,4.5886,1.3589,4.6239,-0.0237,154.3,0.585,-0.595,0.0,0.5,0.4478,1.3831,0.5616,116.025
24.57,1.2728,0.6509,100.66,4.5886,1.3589,4.6244,-0.024,155.65,0.585,-0.595,0.0,0.5,0.4483,1.3833,0.5616,116.025
24.622,1.2403,0.6893,103.38,4.5384,1.362,4.6248,-0.0242,157.0,0.585,-0.595,0.0,0.5,0.4488,1.3889,0.7204,116.025
24.673,1.2403,0.6893,103.38,4.5384,1.362,4.6253,-0.0244,158.35,0.585,-0.595,0.0,0.5,0.4493,1.3891,0.7204,116.025
24.724,1.1954,0.7345,106.08,4.4747,1.361,4.6258,-0.0246,159.69,0.585,-0.595,0.0,0.5,0.4498,1.3938,0.7408,116.025
24.775,1.1954,0.7345,106.08,4.4747,1.361,4.6263,-0.0247,161.04,0.585,-0.595,0.0,0.5,0.4503,1.394,0.7408,116.025
24.825,1.1558,0.7818,108.79,4.4132,1.3652,4.6268,-0.0249,162.39,0.585,-0.595,0.0,0.5,0.4508,1.4064,0.4648,116.025
24.876,1.1558,0.7818,108.79,4.4132,1.3652,4.6273,-0.0251,163.73,0.585,-0.595,0.0,0.5,0.4513,1.4067,0.4648,115.623
24.927,1.1017,0.8192,111.54,4.3487,1.3521,4.6279,-0.0252,165.08,0.585,-0.595,0.0,0.5,0.4518,1.4053,0.4848,115.623
24.978,1.1017,0.8192,111.54,4.3487,1.3521,4.6284,-0.0253,166.43,0.585,-0.595,0.0,0.5,0.4523,1.4055,0.4848,115.623
25.029,1.0594,0.8544,114.21,4.294,1.346,4.6289,-0.0255,167.78,0.585,-0.595,0.0,0.5,0.4529,1.4117,0.482,115.623
25.08,1.0594,0.8544,114.21,4.294,1.346,4.6294,-0.0256,169.12,0.585,-0.595,0.0,0.5,0.4534,1.4119,0.482,115.623
25.131,1.0076,0.8944,116.92,4.2293,1.3364,4.6294,-0.0256,169.12,0.585,-0.595,0.0,0.5,0.4534,1.4195,0.4736,115.623
25.182,1.0076,0.8944,116.92,4.2293,1.3364,4.6299,-0.0257,170.47,0.585,-0.595,0.0,0.5,0.4539,1.4197,0.4736,115.623
25.233,1.0076,0.8944,116.92,4.2293,1.3364,4.6303,-0.0257,171.37,0.585,-0.595,0.0,0.5,0.4543,1.4199,0.4736,115.623
25.283,1.0076,0.8944,116.92,4.2293,1.3364,4.6305,-0.0258,171.82,0.585,-0.595,0.0,0.5,0.4544,1.42,0.4736,115.623
25.335,1.0076,0.8944,116.92,4.2293,1.3364,4.631,-0.0258,173.17,0.585,-0.595,0.0,0.5,0.455,1.4202,0.4736,115.623
25.385,1.0076,0.8944,116.92,4.2293,1.3364,4.6315,-0.0259,174.51,0.585,-0.595,0.0,0.5,0.4555,1.4204,0.4736,115.623
25.436,1.0076,0.8944,116.92,4.2293,1.3364,4.632,-0.0259,175.86,0.585,-0.595,0.0,0.5,0.456,1.4206,0.4736,115.623
25.486,1.0076,0.8944,116.92,4.2293,1.3364,4.6322,-0.0259,176.31,0.585,-0.595,0.0,0.5,0.4562,1.4206,0.4736,115.623
25.537,1.0076,0.8944,116.92,4.2293,1.3364,4.6327,-0.026,177.66,0.585,-0.595,0.0,0.5,0.4567,1.4208,0.4736,115.623
25.588,1.0076,0.8944,116.92,4.2293,1.3364,4.6331,-0.026,178.56,0.585,-0.595,0.0,0.5,0.4571,1.4209,0.4736,115.623
25.639,1.0076,0.8944,116.92,4.2293,1.3364,4.6336,-0.026,179.9,0.585,-0.595,0.0,0.5,0.4576,1.4211,0.4736,115.623
25.69,0.9503,0.9169,119.64,4.1733,1.3106,4.6342,-0.026,-178.75,0.585,-0.595,0.0,0.5,0.4581,1.4138,0.4376,115.623
25.741,0.9503,0.9169,119.64,4.1733,1.3106,4.6347,-0.026,-177.4,0.585,-0.595,0.0,0.5,0.4587,1.414,0.4376,115.623
25.792,0.8962,0.9519,122.34,4.1106,1.2959,4.6352,-0.0259,-176.05,0.585,-0.595,0.0,0.5,0.4592,1.4221,0.5856,115.623
25.843,0.8962,0.9519,122.34,4.1106,1.2959,4.6357,-0.0259,-174.71,0.585,-0.595,0.0,0.5,0.4597,1.4223,0.5856,115.413
25.894,0.8327,0.9769,125.03,4.0486,1.2673,4.6363,-0.0259,-173.36,0.585,-0.595,0.0,0.5,0.4603,1.4204,0.5724,115.413
25.946,0.8327,0.9769,125.03,4.0486,1.2673,4.6368,-0.0258,-172.01,0.585,-0.595,0.0,0.5,0.4608,1.4206,0.5724,115.413
25.996,0.8327,0.9769,125.03,4.0486,1.2673,4.6371,-0.0257,-171.11,0.585,-0.595,0.0,0.5,0.4611,1.4207,0.5724,115.413
26.047,0.7204,1.021,130.44,3.939,1.2169,4.6373,-0.0257,-170.66,0.585,-0.595,0.0,0.5,0.4613,1.4254,0.44,115.413
26.099,0.7204,1.021,130.44,3.939,1.2169,4.6377,-0.0256,-169.76,0.585,-0.595,0.0,0.5,0.4616,1.4255,0.44,115.413
26.15,0.6635,1.0558,133.21,3.8745,1.2001,4.6384,-0.0255,-167.97,0.585,-0.595,0.0,0.5,0.4623,1.4441,0.4892,115.413
26.201,0.6635,1.0558,133.21,3.8745,1.2001,4.6389,-0.0254,-166.62,0.585,-0.595,0.0,0.5,0.4628,1.4443,0.4892,115.413
26.253,0.6045,1.0659,135.88,3.8263,1.1644,4.6394,-0.0253,-165.27,0.585,-0.595,0.0,0.5,0.4634,1.441,0.5756,115.413
26.304,0.5337,1.0801,138.62,3.7671,1.1232,4.6399,-0.0251,-163.92,0.585,-0.595,0.0,0.5,0.4639,1.4424,0.4776,114.936
26.355,0.5337,1.0801,138.62,3.7671,1.1232,4.6404,-0.025,-162.58,0.585,-0.595,0.0,0.5,0.4644,1.4426,0.4776,114.936
26.406,0.5337,1.0801,138.62,3.7671,1.1232,4.6409,-0.0248,-161.23,0.585,-0.595,0.0,0.5,0.4649,1.4428,0.4776,114.936
26.457,0.5337,1.0801,138.62,3.7671,1.1232,4.6414,-0.0246,-159.88,0.585,-0.595,0.0,0.5,0.4653,1.4429,0.4776,114.936
26.508,0.5337,1.0801,138.62,3.7671,1.1232,4.6419,-0.0245,-158.53,0.585,-0.595,0.0,0.5,0.4658,1.4431,0.4776,114.936
26.559,0.5337,1.0801,138.62,3.7671,1.1232,4.6424,-0.0243,-157.18,0.585,-0.595,0.0,0.5,0.4663,1.4432,0.4776,114.936
26.61,0.5337,1.0801,138.62,3.7671,1.1232,4.6424,-0.0243,-157.18,0.585,-0.595,0.0,0.5,0.4663,1.4432,0.4776,114.936
26.661,0.5337,1.0801,138.62,3.7671,1.1232,4.6429,-0.0241,-155.84,0.585,-0.595,0.0,0.5,0.4668,1.4433,0.4776,114.936
26.712,0.5337,1.0801,138.62,3.7671,1.1232,4.6432,-0.0239,-154.94,0.585,-0.595,0.0,0.5,0.4671,1.4434,0.4776,114.936
26.762,0.5337,1.0801,138.62,3.7671,1.1232,4.6434,-0.0238,-154.49,0.585,-0.595,0.0,0.5,0.4673,1.4435,0.4776,114.936
26.813,0.5337,1.0801,138.62,3.7671,1.1232,4.6438,-0.0236,-153.14,0.585,-0.595,0.0,0.5,0.4677,1.4436,0.4776,114.936
26.864,0.5337,1.0801,138.62,3.7671,1.1232,4.6443,-0.0234,-151.79,0.585,-0.595,0.0,0.5,0.4682,1.4436,0.4776,114.936
26.915,0.5337,1.0801,138.62,3.7671,1.1232,4.6448,-0.0231,-150.45,0.585,-0.595,0.0,0.5,0.4687,1.4437,0.4776,114.936
26.967,0.5337,1.0801,138.62,3.7671,1.1232,4.6452,-0.0228,-149.1,0.585,-0.595,0.0,0.5,0.4691,1.4438,0.4776,114.936
27.017,0.5337,1.0801,138.62,3.7671,1.1232,4.6452,-0.0228,-149.1,0.585,-0.595,0.0,0.5,0.4691,1.4438,0.4776,114.936
27.068,0.5337,1.0801,138.62,3.7671,1.1232,4.6457,-0.0226,-147.75,0.585,-0.595,0.0,0.5,0.4696,1.4439,0.4776,114.936
27.119,0.5337,1.0801,138.62,3.7671,1.1232,4.6461,-0.0223,-146.4,0.585,-0.595,0.0,0.5,0.47,1.4439,0.4776,114.936
27.17,0.5337,1.0801,138.62,3.7671,1.1232,4.6461,-0.0223,-146.4,0.585,-0.595,0.0,0.5,0.47,1.4439,0.4776,114.936
27.221,0.5337,1.0801,138.62,3.7671,1.1232,4.6466,-0.022,-145.06,0.585,-0.595,0.0,0.5,0.4704,1.4439,0.4776,114.936
27.272,0.5337,1.0801,138.62,3.7671,1.1232,4.6468,-0.0218,-144.16,0.585,-0.595,0.0,0.5,0.4707,1.4439,0.4776,114.936
27.323,0.5337,1.0801,138.62,3.7671,1.1232,4.6474,-0.0214,-142.36,0.585,-0.595,0.0,0.5,0.4713,1.444,0.4776,114.936
27.374,0.4748,1.0984,141.33,3.713,1.0934,4.6478,-0.021,-141.01,0.585,-0.595,0.0,0.5,0.4717,1.4546,0.5184,114.936
27.425,0.4748,1.0984,141.33,3.713,1.0934,4.6478,-0.021,-141.01,0.585,-0.595,0.0,0.5,0.4717,1.4546,0.5184,114.936
27.476,0.4027,1.0949,144.03,3.6657,1.039,4.6481,-0.0208,-140.11,0.585,-0.595,0.0,0.5,0.4719,1.4451,0.7116,114.936
27.527,0.3445,1.1024,146.77,3.6199,1.0022,4.6485,-0.0205,-138.77,0.585,-0.595,0.0,0.5,0.4723,1.4505,0.5448,114.936
27.578,0.3445,1.1024,146.77,3.6199,1.0022,4.6485,-0.0205,-138.77,0.585,-0.595,0.0,0.5,0.4723,1.4505,0.5448,114.936
27.629,0.2873,1.1015,149.45,3.581,0.9604,4.6489,-0.0201,-137.42,0.585,-0.595,0.0,0.5,0.4727,1.4498,0.6112,114.936
27.68,0.2873,1.1015,149.45,3.581,0.9604,4.6493,-0.0198,-136.07,0.585,-0.595,0.0,0.5,0.4731,1.4498,0.6112,114.936
27.731,0.2245,1.0994,152.14,3.5389,0.9136,4.6497,-0.0194,-134.72,0.585,-0.595,0.0,0.5,0.4735,1.4506,0.6176,114.4
27.783,0.2245,1.0994,152.14,3.5389,0.9136,4.65,-0.019,-133.38,0.585,-0.595,0.0,0.5,0.4738,1.4507,0.6176,114.4
27.834,0.1567,1.0918,154.85,3.4975,0.8594,4.6504,-0.0186,-132.03,0.585,-0.595,0.0,0.5,0.4742,1.4492,0.5452,114.4
27.886,0.1567,1.0918,154.85,3.4975,0.8594,4.6507,-0.0182,-130.68,0.585,-0.595,0.0,0.5,0.4745,1.4492,0.5452,114.4
27.937,0.0914,1.0764,157.56,3.4634,0.8017,4.6511,-0.0178,-129.33,0.585,-0.595,0.0,0.5,0.4749,1.443,0.7104,114.4
27.988,0.0242,1.0664,160.27,3.4239,0.7463,4.6514,-0.0174,-127.99,0.585,-0.595,0.0,0.5,0.4752,1.4457,0.3448,114.4
28.039,0.0242,1.0664,160.27,3.4239,0.7463,4.6517,-0.017,-126.64,0.585,-0.595,0.0,0.5,0.4755,1.4457,0.3448,114.4
28.09,-0.0416,1.0444,162.96,3.3943,0.6836,4.6521,-0.0166,-125.29,0.585,-0.595,0.0,0.5,0.4758,1.4395,0.7464,114.4
28.141,-0.0416,1.0444,162.96,3.3943,0.6836,4.6524,-0.0161,-123.94,0.585,-0.595,0.0,0.5,0.4761,1.4396,0.7464,114.4
28.192,-0.0416,1.0444,162.96,3.3943,0.6836,4.6527,-0.0157,-122.6,0.585,-0.595,0.0,0.5,0.4764,1.4396,0.7464,114.4
28.245,-0.1491,1.0119,168.39,3.3433,0.5835,4.6529,-0.0152,-121.25,0.585,-0.595,0.0,0.5,0.4767,1.44,0.4616,114.4
28.296,-0.1491,1.0119,168.39,3.3433,0.5835,4.6532,-0.0148,-119.9,0.585,-0.595,0.0,0.5,0.4769,1.4401,0.4616,114.4
28.347,-0.2172,0.9812,171.06,3.3182,0.5132,4.6533,-0.0146,-119.45,0.585,-0.595,0.0,0.5,0.477,1.4357,0.7036,113.051
28.399,-0.2172,0.9812,171.06,3.3182,0.5132,4.6535,-0.0143,-118.55,0.585,-0.595,0.0,0.5,0.4772,1.4357,0.7036,113.051
28.45,-0.2764,0.9589,173.77,3.2933,0.455,4.6537,-0.0138,-117.21,0.585,-0.595,0.0,0.5,0.4774,1.4389,0.7496,113.051
28.501,-0.2764,0.9589,173.77,3.2933,0.455,4.654,-0.0134,-115.86,0.585,-0.595,0.0,0.5,0.4777,1.439,0.7496,113.051
28.552,-0.2764,0.9589,173.77,3.2933,0.455,4.6542,-0.0129,-114.51,0.585,-0.595,0.0,0.5,0.4779,1.4391,0.7496,113.051
28.604,-0.3947,0.8997,179.2,3.254,0.3287,4.6544,-0.0124,-113.16,0.585,-0.595,0.0,0.5,0.4781,1.4413,0.7136,113.051
28.655,-0.3947,0.8997,179.2,3.254,0.3287,4.6546,-0.0119,-111.81,0.585,-0.595,0.0,0.5,0.4783,1.4414,0.7136,111.9
28.706,-0.4528,0.8624,-178.08,3.2407,0.261,4.6548,-0.0114,-110.47,0.585,-0.595,0.0,0.5,0.4785,1.4401,0.7316,111.9
28.757,-0.502,0.8322,-175.36,3.2284,0.2046,4.655,-0.0109,-109.12,0.585,-0.595,0.0,0.5,0.4787,1.4427,0.7364,111.9
28.808,-0.502,0.8322,-175.36,3.2284,0.2046,4.655,-0.0108,-108.67,0.585,-0.595,0.0,0.5,0.4787,1.4428,0.7364,111.9
28.859,-0.5619,0.7984,-172.61,3.2113,0.138,4.6552,-0.0104,-107.77,0.585,-0.595,0.0,0.5,0.4789,1.4515,0.7324,111.9
28.91,-0.5619,0.7984,-172.61,3.2113,0.138,4.6553,-0.0099,-106.42,0.585,-0.595,0.0,0.5,0.479,1.4516,0.7324,111.9
28.962,-0.6018,0.7522,-169.93,3.217,0.0772,4.6555,-0.0094,-105.08,0.585,-0.595,0.0,0.5,0.4792,1.4411,0.3204,111.9
29.013,-0.6018,0.7522,-169.93,3.217,0.0772,4.6556,-0.0087,-103.28,0.585,-0.595,0.0,0.5,0.4793,1.4412,0.3204,111.9
29.064,-0.6597,0.7094,-167.25,3.2077,0.0058,4.6557,-0.0084,-102.38,0.585,-0.595,0.0,0.5,0.4794,1.4481,0.4772,111.9
29.116,-0.6978,0.6691,-164.5,3.2104,-0.0496,4.6559,-0.0077,-100.59,0.585,-0.595,0.0,0.5,0.4796,1.4461,0.4504,113.081
29.167,-0.6978,0.6691,-164.5,3.2104,-0.0496,4.6559,-0.0073,-99.69,0.585,-0.595,0.0,0.5,0.4796,1.4461,0.4504,113.081
29.218,-0.734,0.6268,-161.82,3.2158,-0.105,4.6559,-0.0073,-99.69,0.585,-0.595,0.0,0.5,0.4796,1.4434,0.4404,113.081
29.269,-0.734,0.6268,-161.82,3.2158,-0.105,4.656,-0.0068,-98.34,0.585,-0.595,0.0,0.5,0.4797,1.4435,0.4404,113.081
29.321,-0.7724,0.5716,-159.07,3.229,-0.171,4.6561,-0.0063,-96.99,0.585,-0.595,0.0,0.5,0.4798,1.4365,0.4404,113.081
29.372,-0.7724,0.5716,-159.07,3.229,-0.171,4.6561,-0.0056,-95.2,0.585,-0.595,0.0,0.5,0.4799,1.4367,0.4404,113.081
29.424,-0.813,0.5254,-156.33,3.2342,-0.2322,4.6562,-0.005,-93.85,0.585,-0.595,0.0,0.5,0.4799,1.44,0.57,113.081
29.475,-0.8427,0.4672,-153.65,3.2556,-0.294,4.6562,-0.0045,-92.5,0.585,-0.595,0.0,0.5,0.48,1.4303,0.5456,113.682
29.526,-0.8427,0.4672,-153.65,3.2556,-0.294,4.6562,-0.004,-91.15,0.585,-0.595,0.0,0.5,0.48,1.4304,0.5456,113.682
29.577,-0.8745,0.4139,-150.95,3.272,-0.3539,4.6562,-0.0035,-89.81,0.585,-0.595,0.0,0.5,0.48,1.428,0.528,113.682
29.629,-0.8745,0.4139,-150.95,3.272,-0.3539,4.6562,-0.0029,-88.46,0.585,-0.595,0.0,0.5,0.48,1.4281,0.528,113.682
29.681,-0.8981,0.3598,-148.25,3.2946,-0.4084,4.6562,-0.0024,-87.11,0.585,-0.595,0.0,0.5,0.48,1.4208,0.4416,113.682
29.732,-0.9363,0.3,-145.55,3.3113,-0.4773,4.6562,-0.0019,-85.76,0.585,-0.595,0.0,0.5,0.48,1.4264,0.4328,113.682
29.783,-0.9363,0.3,-145.55,3.3113,-0.4773,4.6561,-0.0013,-84.42,0.585,-0.595,0.0,0.5,0.4799,1.4266,0.4328,113.682
29.834,-0.9363,0.3,-145.55,3.3113,-0.4773,4.6561,-0.0008,-83.07,0.585,-0.595,0.0,0.5,0.4799,1.4267,0.4328,113.682
29.885,-0.9363,0.3,-145.55,3.3113,-0.4773,4.656,-0.0003,-81.72,0.585,-0.595,0.0,0.5,0.4798,1.4268,0.4328,113.682
29.936,-0.9363,0.3,-145.55,3.3113,-0.4773,4.6559,0.0002,-80.37,0.585,-0.595,0.0,0.5,0.4798,1.4269,0.4328,113.682
29.986,-0.9363,0.3,-145.55,3.3113,-0.4773,4.6559,0.0008,-79.03,0.585,-0.595,0.0,0.5,0.4797,1.427,0.4328,113.682
30.037,-0.9363,0.3,-145.55,3.3113,-0.4773,4.6557,0.0013,-77.68,0.585,-0.595,0.0,0.5,0.4796,1.4271,0.4328,113.682
30.088,-0.9363,0.3,-145.55,3.3113,-0.4773,4.6556,0.0018,-76.33,0.585,-0.595,0.0,0.5,0.4795,1.4271,0.4328,113.682
30.139,-0.9363,0.3,-145.55,3.3113,-0.4773,4.6555,0.0023,-74.98,0.585,-0.595,0.0,0.5,0.4794,1.4272,0.4328,113.682
30.19,-0.9363,0.3,-145.55,3.3113,-0.4773,4.6554,0.0028,-73.63,0.585,-0.595,0.0,0.5,0.4792,1.4272,0.4328,113.682
30.241,-0.9363,0.3,-145.55,3.3113,-0.4773,4.6552,0.0033,-72.29,0.585,-0.595,0.0,0.5,0.4791,1.4272,0.4328,113.682
30.292,-0.9565,0.2477,-142.81,3.3351,-0.5281,4.655,0.0038,-70.94,0.585,-0.595,0.0,0.5,0.4789,1.4231,0.464,113.682
30.344,-0.9565,0.2477,-142.81,3.3351,-0.5281,4.6549,0.0043,-69.59,0.585,-0.595,0.0,0.5,0.4788,1.4231,0.464,113.682
30.395,-0.9695,0.1801,-140.14,3.3748,-0.5844,4.6547,0.0048,-68.24,0.585,-0.595,0.0,0.5,0.4786,1.409,0.4336,113.682
30.446,-0.9695,0.1801,-140.14,3.3748,-0.5844,4.6545,0.0053,-66.9,0.585,-0.595,0.0,0.5,0.4784,1.409,0.4336,114.473
30.497,-0.9695,0.1801,-140.14,3.3748,-0.5844,4.6543,0.0058,-65.55,0.585,-0.595,0.0,0.5,0.4782,1.409,0.4336,114.473
30.55,-0.9695,0.1801,-140.14,3.3748,-0.5844,4.654,0.0063,-64.2,0.585,-0.595,0.0,0.5,0.478,1.409,0.4336,114.473
30.601,-0.9695,0.1801,-140.14,3.3748,-0.5844,4.6538,0.0067,-62.85,0.585,-0.595,0.0,0.5,0.4778,1.409,0.4336,114.473
30.651,-1.0287,-0.0082,-131.91,3.4696,-0.7575,4.6537,0.0069,-62.4,0.585,-0.595,0.0,0.5,0.4777,1.4094,0.7608,114.473
30.703,-1.0391,-0.0712,-129.23,3.5078,-0.8086,4.6536,0.0072,-61.51,0.585,-0.595,0.0,0.5,0.4776,1.4065,0.7552,114.473
30.754,-1.0391,-0.0712,-129.23,3.5078,-0.8086,4.6533,0.0077,-60.16,0.585,-0.595,0.0,0.5,0.4773,1.4066,0.7552,114.473
30.805,-1.0435,-0.1385,-126.51,3.5533,-0.8584,4.6531,0.008,-59.26,0.585,-0.595,0.0,0.5,0.4772,1.4001,0.7488,114.473
30.856,-1.0435,-0.1385,-126.51,3.5533,-0.8584,4.6529,0.0084,-57.91,0.585,-0.595,0.0,0.5,0.4769,1.4002,0.7488,114.473
30.907,-1.0451,-0.2057,-123.8,3.6006,-0.9061,4.6526,0.0089,-56.56,0.585,-0.595,0.0,0.5,0.4766,1.3942,0.7424,115.123
30.959,-1.0451,-0.2057,-123.8,3.6006,-0.9061,4.6522,0.0095,-54.77,0.585,-0.595,0.0,0.5,0.4763,1.3943,0.7424,115.123
31.01,-1.0486,-0.2753,-121.05,3.6484,-0.9568,4.6519,0.0099,-53.42,0.585,-0.595,0.0,0.5,0.476,1.3934,0.7356,115.123
31.061,-1.0436,-0.3341,-118.41,3.6943,-0.994,4.6518,0.01,-52.97,0.585,-0.595,0.0,0.5,0.4759,1.3874,0.7528,115.123
31.112,-1.0436,-0.3341,-118.41,3.6943,-0.994,4.6517,0.0102,-52.52,0.585,-0.595,0.0,0.5,0.4758,1.3874,0.7528,115.123
31.163,-1.0458,-0.3992,-115.7,3.7397,-1.0407,4.6513,0.0106,-51.17,0.585,-0.595,0.0,0.5,0.4755,1.3915,0.732,115.123
31.214,-1.0458,-0.3992,-115.7,3.7397,-1.0407,4.651,0.011,-49.83,0.585,-0.595,0.0,0.5,0.4752,1.3916,0.732,115.123
31.265,-1.0321,-0.4625,-112.97,3.7948,-1.0747,4.6509,0.0111,-49.38,0.585,-0.595,0.0,0.5,0.4751,1.3827,0.7352,115.313
31.316,-1.0321,-0.4625,-112.97,3.7948,-1.0747,4.6506,0.0114,-48.48,0.585,-0.595,0.0,0.5,0.4748,1.3827,0.7352,115.313
31.367,-1.0282,-0.5349,-110.23,3.8498,-1.1219,4.6503,0.0118,-47.13,0.585,-0.595,0.0,0.5,0.4745,1.3879,0.702,115.313
31.419,-1.0058,-0.5918,-107.48,3.9063,-1.1452,4.6499,0.0122,-45.78,0.585,-0.595,0.0,0.5,0.4742,1.3757,0.7052,115.313
31.47,-1.0058,-0.5918,-107.48,3.9063,-1.1452,4.6496,0.0126,-44.43,0.585,-0.595,0.0,0.5,0.4738,1.3758,0.7052,115.313
31.522,-1.0058,-0.5918,-107.48,3.9063,-1.1452,4.6492,0.0129,-43.09,0.585,-0.595,0.0,0.5,0.4734,1.3759,0.7052,115.313
31.573,-1.0058,-0.5918,-107.48,3.9063,-1.1452,4.6487,0.0134,-41.29,0.585,-0.595,0.0,0.5,0.4729,1.376,0.7052,115.313
31.624,-0.9707,-0.7267,-102.04,4.0279,-1.2134,4.6483,0.0137,-39.94,0.585,-0.595,0.0,0.5,0.4726,1.375,0.6932,115.313
31.676,-0.9707,-0.7267,-102.04,4.0279,-1.2134,4.6479,0.0141,-38.59,0.585,-0.595,0.0,0.5,0.4722,1.3751,0.6932,115.031
31.727,-0.9423,-0.7828,-99.38,4.0881,-1.2317,4.6474,0.0144,-37.25,0.585,-0.595,0.0,0.5,0.4718,1.3659,0.5248,115.031
31.778,-0.9423,-0.7828,-99.38,4.0881,-1.2317,4.647,0.0147,-35.9,0.585,-0.595,0.0,0.5,0.4714,1.3661,0.5248,115.031
31.829,-0.9423,-0.7828,-99.38,4.0881,-1.2317,4.6466,0.015,-34.55,0.585,-0.595,0.0,0.5,0.4709,1.3662,0.5248,115.031
31.88,-0.9423,-0.7828,-99.38,4.0881,-1.2317,4.6461,0.0153,-33.2,0.585,-0.595,0.0,0.5,0.4705,1.3663,0.5248,115.031
31.93,-0.9423,-0.7828,-99.38,4.0881,-1.2317,4.646,0.0154,-32.76,0.585,-0.595,0.0,0.5,0.4704,1.3663,0.5248,115.031
31.981,-0.911,-0.8465,-96.65,4.1557,-1.2533,4.6458,0.0155,-32.31,0.585,-0.595,0.0,0.5,0.4702,1.3602,0.5144,115.031
32.033,-0.911,-0.8465,-96.65,4.1557,-1.2533,4.6452,0.0159,-30.51,0.585,-0.595,0.0,0.5,0.4697,1.3604,0.5144,115.031
32.084,-0.8865,-0.9054,-93.89,4.2152,-1.2764,4.6448,0.0162,-29.16,0.585,-0.595,0.0,0.5,0.4692,1.3621,0.6792,115.031
32.136,-0.8865,-0.9054,-93.89,4.2152,-1.2764,4.6443,0.0164,-27.81,0.585,-0.595,0.0,0.5,0.4688,1.3622,0.6792,115.031
32.187,-0.8865,-0.9054,-93.89,4.2152,-1.2764,4.6438,0.0167,-26.47,0.585,-0.595,0.0,0.5,0.4683,1.3623,0.6792,115.031
32.239,-0.8212,-1.0061,-88.53,4.333,-1.2991,4.6434,0.0169,-25.12,0.585,-0.595,0.0,0.5,0.4678,1.3521,0.5872,115.031
32.289,-0.8212,-1.0061,-88.53,4.333,-1.2991,4.6432,0.017,-24.67,0.585,-0.595,0.0,0.5,0.4677,1.3521,0.5872,115.031
32.34,-0.7836,-1.0626,-85.85,4.3998,-1.3112,4.643,0.017,-24.22,0.585,-0.595,0.0,0.5,0.4675,1.3503,0.6092,115.714
32.392,-0.7836,-1.0626,-85.85,4.3998,-1.3112,4.6426,0.0172,-22.87,0.585,-0.595,0.0,0.5,0.4671,1.3504,0.6092,115.714
32.443,-0.7436,-1.1126,-83.14,4.4635,-1.3169,4.6421,0.0175,-21.53,0.585,-0.595,0.0,0.5,0.4666,1.3462,0.6268,115.714
32.495,-0.7076,-1.1629,-80.43,4.5247,-1.3258,4.6414,0.0177,-19.73,0.585,-0.595,0.0,0.5,0.4659,1.3486,0.6556,115.714
32.546,-0.7076,-1.1629,-80.43,4.5247,-1.3258,4.6409,0.0179,-18.38,0.585,-0.595,0.0,0.5,0.4654,1.3487,0.6556,115.714
32.597,-0.6652,-1.2098,-77.75,4.588,-1.3278,4.6404,0.018,-17.04,0.585,-0.595,0.0,0.5,0.4649,1.3468,0.6344,115.714
32.648,-0.6652,-1.2098,-77.75,4.588,-1.3278,4.6402,0.0181,-16.59,0.585,-0.595,0.0,0.5,0.4648,1.3469,0.6344,115.714
32.699,-0.6141,-1.257,-75.02,4.6574,-1.3236,4.6401,0.0181,-16.14,0.585,-0.595,0.0,0.5,0.4646,1.3419,0.6716,115.714
32.75,-0.6141,-1.257,-75.02,4.6574,-1.3236,4.6395,0.0183,-14.79,0.585,-0.595,0.0,0.5,0.4641,1.342,0.6716,115.714
32.802,-0.5627,-1.2988,-72.32,4.7232,-1.3155,4.639,0.0184,-13.44,0.585,-0.595,0.0,0.5,0.4636,1.3365,0.6532,115.714
32.852,-0.5627,-1.2988,-72.32,4.7232,-1.3155,4.6385,0.0185,-12.09,0.585,-0.595,0.0,0.5,0.4631,1.3367,0.6532,115.905
32.903,-0.5627,-1.2988,-72.32,4.7232,-1.3155,4.638,0.0186,-10.75,0.585,-0.595,0.0,0.5,0.4626,1.3368,0.6532,115.905
32.955,-0.5627,-1.2988,-72.32,4.7232,-1.3155,4.6375,0.0187,-9.4,0.585,-0.595,0.0,0.5,0.4621,1.337,0.6532,115.905
33.006,-0.5627,-1.2988,-72.32,4.7232,-1.3155,4.6369,0.0188,-8.05,0.585,-0.595,0.0,0.5,0.4615,1.3371,0.6532,115.905
33.057,-0.5627,-1.2988,-72.32,4.7232,-1.3155,4.6364,0.0189,-6.7,0.585,-0.595,0.0,0.5,0.461,1.3372,0.6532,115.905
33.108,-0.5627,-1.2988,-72.32,4.7232,-1.3155,4.6359,0.019,-5.36,0.585,-0.595,0.0,0.5,0.4605,1.3373,0.6532,115.905
33.159,-0.5196,-1.3421,-69.65,4.7843,-1.3143,4.6352,0.019,-3.56,0.585,-0.595,0.0,0.5,0.4598,1.3416,0.6956,115.905
33.21,-0.5196,-1.3421,-69.65,4.7843,-1.3143,4.6352,0.019,-3.56,0.585,-0.595,0.0,0.5,0.4598,1.3416,0.6956,115.905
33.261,-0.4647,-1.3824,-66.92,4.8513,-1.3026,4.6348,0.019,-2.66,0.585,-0.595,0.0,0.5,0.4594,1.3393,0.6984,115.905
33.312,-0.42,-1.4218,-64.18,4.9107,-1.2978,4.6343,0.019,-1.31,0.585,-0.595,0.0,0.5,0.4589,1.3455,0.6816,115.905
33.363,-0.42,-1.4218,-64.18,4.9107,-1.2978,4.6338,0.0191,0.03,0.585,-0.595,0.0,0.5,0.4584,1.3456,0.6816,115.905
33.415,-0.3569,-1.4437,-61.54,4.9702,-1.2674,4.6331,0.019,1.83,0.585,-0.595,0.0,0.5,0.4577,1.3299,0.688,115.905
33.466,-0.3569,-1.4437,-61.54,4.9702,-1.2674,4.6331,0.019,1.83,0.585,-0.595,0.0,0.5,0.4577,1.3299,0.688,115.905
33.517,-0.2962,-1.4793,-58.78,5.0379,-1.2483,4.6327,0.019,2.73,0.585,-0.595,0.0,0.5,0.4573,1.3305,0.6768,116.617
33.568,-0.2962,-1.4793,-58.78,5.0379,-1.2483,4.6322,0.019,4.08,0.585,-0.595,0.0,0.5,0.4568,1.3307,0.6768,116.617
33.619,-0.2423,-1.5169,-56.08,5.1024,-1.2355,4.6318,0.019,4.97,0.585,-0.595,0.0,0.5,0.4565,1.3398,0.6796,116.617
33.673,-0.1854,-1.5369,-53.41,5.1562,-1.2083,4.6317,0.019,5.42,0.585,-0.595,0.0,0.5,0.4563,1.3347,0.68,116.617
33.723,-0.1854,-1.5369,-53.41,5.1562,-1.2083,4.6311,0.0189,6.77,0.585,-0.595,0.0,0.5,0.4557,1.3348,0.68,116.617
33.774,-0.121,-1.5585,-50.75,5.2165,-1.1768,4.6306,0.0188,8.12,0.585,-0.595,0.0,0.5,0.4552,1.3315,0.6852,116.617
33.825,-0.121,-1.5585,-50.75,5.2165,-1.1768,4.6301,0.0188,9.47,0.585,-0.595,0.0,0.5,0.4547,1.3316,0.6852,116.617
33.876,-0.121,-1.5585,-50.75,5.2165,-1.1768,4.6296,0.0187,10.81,0.585,-0.595,0.0,0.5,0.4542,1.3318,0.6852,116.617
33.927,-0.0006,-1.5996,-45.34,5.3295,-1.1185,4.6292,0.0186,11.71,0.585,-0.595,0.0,0.5,0.4538,1.3354,0.6248,117.707
33.978,-0.0006,-1.5996,-45.34,5.3295,-1.1185,4.629,0.0186,12.16,0.585,-0.595,0.0,0.5,0.4536,1.3354,0.6248,117.707
34.029,0.0772,-1.6099,-42.62,5.3908,-1.0695,4.6285,0.0185,13.51,0.585,-0.595,0.0,0.5,0.4531,1.3285,0.5888,117.707
34.08,0.0772,-1.6099,-42.62,5.3908,-1.0695,4.628,0.0183,14.86,0.585,-0.595,0.0,0.5,0.4526,1.3287,0.5888,117.707
34.13,0.133,-1.6236,-40.01,5.4393,-1.0387,4.6275,0.0182,16.21,0.585,-0.595,0.0,0.5,0.4521,1.3327,0.6804,117.707
34.181,0.133,-1.6236,-40.01,5.4393,-1.0387,4.6275,0.0182,16.21,0.585,-0.595,0.0,0.5,0.4521,1.3327,0.6804,117.707
34.232,0.1902,-1.6135,-37.39,5.4717,-0.9905,4.627,0.018,17.55,0.585,-0.595,0.0,0.5,0.4516,1.3155,0.6172,117.707
34.283,0.2524,-1.6309,-34.66,5.5273,-0.9577,4.6265,0.0179,18.9,0.585,-0.595,0.0,0.5,0.4511,1.3279,0.6088,117.707
34.334,0.2524,-1.6309,-34.66,5.5273,-0.9577,4.626,0.0177,20.25,0.585,-0.595,0.0,0.5,0.4505,1.3281,0.6088,117.707
34.385,0.2524,-1.6309,-34.66,5.5273,-0.9577,4.6255,0.0175,21.6,0.585,-0.595,0.0,0.5,0.45,1.3283,0.6088,117.707
34.436,0.2524,-1.6309,-34.66,5.5273,-0.9577,4.625,0.0173,22.94,0.585,-0.595,0.0,0.5,0.4495,1.3285,0.6088,118.518
34.487,0.3867,-1.6268,-29.36,5.6174,-0.858,4.6245,0.0171,24.29,0.585,-0.595,0.0,0.5,0.449,1.3235,0.6132,118.518
34.538,0.3867,-1.6268,-29.36,5.6174,-0.858,4.624,0.0169,25.64,0.585,-0.595,0.0,0.5,0.4486,1.3237,0.6132,118.518
34.589,0.4635,-1.6294,-26.62,5.6725,-0.8044,4.6236,0.0166,26.99,0.585,-0.595,0.0,0.5,0.4481,1.332,0.606,118.518
34.64,0.4635,-1.6294,-26.62,5.6725,-0.8044,4.6231,0.0164,28.33,0.585,-0.595,0.0,0.5,0.4476,1.3322,0.606,118.518
34.691,0.4635,-1.6294,-26.62,5.6725,-0.8044,4.6226,0.0161,29.68,0.585,-0.595,0.0,0.5,0.4471,1.3325,0.606,118.518
34.742,0.5177,-1.6237,-23.97,5.7059,-0.7614,4.6222,0.0159,31.03,0.585,-0.595,0.0,0.5,0.4466,1.3336,0.606,118.518
34.793,0.5177,-1.6237,-23.97,5.7059,-0.7614,4.6217,0.0156,32.38,0.585,-0.595,0.0,0.5,0.4462,1.3338,0.606,118.518
34.844,0.5883,-1.5988,-21.26,5.7368,-0.6932,4.6213,0.0153,33.73,0.585,-0.595,0.0,0.5,0.4457,1.3215,0.5952,118.518
34.895,0.5883,-1.5988,-21.26,5.7368,-0.6932,4.6208,0.015,35.07,0.585,-0.595,0.0,0.5,0.4452,1.3218,0.5952,118.167
34.946,0.6421,-1.5939,-18.68,5.7706,-0.651,4.6204,0.0147,36.42,0.585,-0.595,0.0,0.5,0.4448,1.3289,0.6084,118.167
34.997,0.7027,-1.5768,-16.0,5.8003,-0.5954,4.62,0.0144,37.77,0.585,-0.595,0.0,0.5,0.4444,1.3285,0.6348,118.167
35.048,0.7027,-1.5768,-16.0,5.8003,-0.5954,4.6196,0.0141,39.12,0.585,-0.595,0.0,0.5,0.4439,1.3288,0.6348,118.167
35.1,0.7723,-1.5597,-13.29,5.8362,-0.5334,4.6192,0.0137,40.46,0.585,-0.595,0.0,0.5,0.4435,1.3343,0.624,118.167
35.151,0.7723,-1.5597,-13.29,5.8362,-0.5334,4.6188,0.0134,41.81,0.585,-0.595,0.0,0.5,0.4431,1.3346,0.624,118.167
35.202,0.8378,-1.5421,-10.52,5.8688,-0.474,4.6184,0.013,43.16,0.585,-0.595,0.0,0.5,0.4427,1.342,0.6156,118.167
35.253,0.8848,-1.5234,-7.86,5.8878,-0.4272,4.618,0.0127,44.51,0.585,-0.595,0.0,0.5,0.4423,1.3439,0.6232,118.167
35.304,0.8848,-1.5234,-7.86,5.8878,-0.4272,4.6176,0.0123,45.85,0.585,-0.595,0.0,0.5,0.4419,1.3441,0.6232,118.167
35.355,0.9472,-1.4912,-5.15,5.9079,-0.3598,4.6172,0.0119,47.2,0.585,-0.595,0.0,0.5,0.4415,1.3431,0.6148,118.167
35.406,0.9472,-1.4912,-5.15,5.9079,-0.3598,4.6169,0.0115,48.55,0.585,-0.595,0.0,0.5,0.4411,1.3433,0.6148,118.167
35.457,0.9992,-1.4705,-2.5,5.929,-0.308,4.6165,0.0111,49.9,0.585,-0.595,0.0,0.5,0.4408,1.3507,0.6072,118.451
35.508,0.9992,-1.4705,-2.5,5.929,-0.308,4.6163,0.0108,50.8,0.585,-0.595,0.0,0.5,0.4405,1.3509,0.6072,118.451
35.559,1.0594,-1.4244,0.21,5.9374,-0.2326,4.6162,0.0107,51.24,0.585,-0.595,0.0,0.5,0.4404,1.3434,0.6056,118.451
35.61,1.0594,-1.4244,0.21,5.9374,-0.2326,4.6159,0.0103,52.59,0.585,-0.595,0.0,0.5,0.44,1.3437,0.6056,118.451
35.661,1.0594,-1.4244,0.21,5.9374,-0.2326,4.6156,0.0099,53.94,0.585,-0.595,0.0,0.5,0.4397,1.3439,0.6056,118.451
35.713,1.0594,-1.4244,0.21,5.9374,-0.2326,4.6154,0.0096,54.84,0.585,-0.595,0.0,0.5,0.4395,1.3441,0.6056,118.451
35.764,1.1213,-1.4041,2.75,5.9657,-0.174,4.615,0.009,56.64,0.585,-0.595,0.0,0.5,0.4391,1.3631,0.5076,118.451
35.815,1.1687,-1.3619,5.53,5.9681,-0.1105,4.6147,0.0085,57.98,0.585,-0.595,0.0,0.5,0.4388,1.3587,0.5308,118.451
35.866,1.1687,-1.3619,5.53,5.9681,-0.1105,4.6144,0.0081,59.33,0.585,-0.595,0.0,0.5,0.4385,1.3589,0.5308,118.451
35.917,1.2053,-1.3082,8.26,5.9547,-0.047,4.6142,0.0078,60.23,0.585,-0.595,0.0,0.5,0.4383,1.3416,0.4948,118.39
35.968,1.2053,-1.3082,8.26,5.9547,-0.047,4.6142,0.0078,60.23,0.585,-0.595,0.0,0.5,0.4383,1.3416,0.4948,118.39
36.019,1.2692,-1.2821,10.83,5.9801,0.0173,4.6139,0.0073,61.58,0.585,-0.595,0.0,0.5,0.438,1.3662,0.5056,118.39
36.07,1.2692,-1.2821,10.83,5.9801,0.0173,4.6137,0.0069,62.92,0.585,-0.595,0.0,0.5,0.4377,1.3665,0.5056,118.39
36.121,1.2692,-1.2821,10.83,5.9801,0.0173,4.6134,0.0062,64.72,0.585,-0.595,0.0,0.5,0.4374,1.3668,0.5056,118.39
36.173,1.2692,-1.2821,10.83,5.9801,0.0173,4.6132,0.0059,65.62,0.585,-0.595,0.0,0.5,0.4372,1.367,0.5056,118.39
36.223,1.2839,-1.2347,12.48,5.9562,0.0607,4.6131,0.0056,66.52,0.585,-0.595,0.0,0.5,0.4371,1.3442,0.5104,118.39
36.274,1.3181,-1.177,15.12,5.9383,0.1253,4.613,0.0054,66.97,0.585,-0.595,0.0,0.5,0.437,1.3307,0.6288,118.39
36.325,1.3181,-1.177,15.12,5.9383,0.1253,4.6128,0.0049,68.31,0.585,-0.595,0.0,0.5,0.4368,1.3309,0.6288,118.39
36.376,1.3181,-1.177,15.12,5.9383,0.1253,4.6126,0.0044,69.66,0.585,-0.595,0.0,0.5,0.4366,1.3311,0.6288,118.39
36.428,1.3546,-1.1383,17.84,5.9356,0.1785,4.6124,0.0039,71.01,0.585,-0.595,0.0,0.5,0.4364,1.3346,0.626,118.39
36.48,1.3546,-1.1383,17.84,5.9356,0.1785,4.6122,0.0033,72.81,0.585,-0.595,0.0,0.5,0.4361,1.335,0.626,118.39
36.531,1.3546,-1.1383,17.84,5.9356,0.1785,4.6121,0.0028,74.15,0.585,-0.595,0.0,0.5,0.436,1.3352,0.626,119.6
36.582,1.3915,-1.0868,20.53,5.924,0.2408,4.6119,0.0022,75.5,0.585,-0.595,0.0,0.5,0.4358,1.3336,0.6496,119.6
36.633,1.3915,-1.0868,20.53,5.924,0.2408,4.6118,0.0017,76.85,0.585,-0.595,0.0,0.5,0.4357,1.3338,0.6496,119.6
36.685,1.3915,-1.0868,20.53,5.924,0.2408,4.6117,0.0012,78.2,0.585,-0.595,0.0,0.5,0.4355,1.334,0.6496,119.6
36.736,1.3915,-1.0868,20.53,5.924,0.2408,4.6116,0.0007,79.54,0.585,-0.595,0.0,0.5,0.4354,1.3342,0.6496,119.6
36.787,1.3915,-1.0868,20.53,5.924,0.2408,4.6115,0.0002,80.89,0.585,-0.595,0.0,0.5,0.4353,1.3344,0.6496,119.6
36.838,1.3915,-1.0868,20.53,5.924,0.2408,4.6114,-0.0004,82.24,0.585,-0.595,0.0,0.5,0.4352,1.3346,0.6496,119.6
36.889,1.3915,-1.0868,20.53,5.924,0.2408,4.6113,-0.0009,83.59,0.585,-0.595,0.0,0.5,0.4351,1.3348,0.6496,119.6
36.94,1.3915,-1.0868,20.53,5.924,0.2408,4.6113,-0.0014,84.93,0.585,-0.595,0.0,0.5,0.4351,1.3349,0.6496,119.6
36.991,1.3915,-1.0868,20.53,5.924,0.2408,4.6112,-0.0019,86.28,0.585,-0.595,0.0,0.5,0.435,1.335,0.6496,119.6
37.042,1.3915,-1.0868,20.53,5.924,0.2408,4.6112,-0.0025,87.63,0.585,-0.595,0.0,0.5,0.435,1.3352,0.6496,119.6
37.093,1.3915,-1.0868,20.53,5.924,0.2408,4.6112,-0.003,88.97,0.585,-0.595,0.0,0.5,0.435,1.3353,0.6496,119.6
37.143,1.3915,-1.0868,20.53,5.924,0.2408,4.6112,-0.0032,89.42,0.585,-0.595,0.0,0.5,0.435,1.3353,0.6496,119.6
37.194,1.3915,-1.0868,20.53,5.924,0.2408,4.6112,-0.0035,90.32,0.585,-0.595,0.0,0.5,0.4349,1.3354,0.6496,119.6
37.245,1.3915,-1.0868,20.53,5.924,0.2408,4.6112,-0.0041,91.67,0.585,-0.595,0.0,0.5,0.4349,1.3355,0.6496,119.6
37.296,1.3915,-1.0868,20.53,5.924,0.2408,4.6112,-0.0046,93.02,0.585,-0.595,0.0,0.5,0.435,1.3356,0.6496,119.6
37.347,1.3915,-1.0868,20.53,5.924,0.2408,4.6112,-0.0046,93.02,0.585,-0.595,0.0,0.5,0.435,1.3356,0.6496,119.6
37.398,1.4301,-1.0304,23.27,5.9101,0.3077,4.6112,-0.0049,93.92,0.585,-0.595,0.0,0.5,0.435,1.3359,0.6448,119.6
37.449,1.4301,-1.0304,23.27,5.9101,0.3077,4.6113,-0.0055,95.26,0.585,-0.595,0.0,0.5,0.435,1.336,0.6448,119.6
37.5,1.4301,-1.0304,23.27,5.9101,0.3077,4.6113,-0.006,96.61,0.585,-0.595,0.0,0.5,0.4351,1.3361,0.6448,119.6
37.551,1.4987,-0.9238,28.66,5.8807,0.431,4.6114,-0.0065,97.96,0.585,-0.595,0.0,0.5,0.4351,1.3426,0.6348,119.6
37.602,1.4987,-0.9238,28.66,5.8807,0.431,4.6114,-0.0065,97.96,0.585,-0.595,0.0,0.5,0.4351,1.3426,0.6348,119.6
37.653,1.5247,-0.8746,31.33,5.8633,0.4838,4.6115,-0.0071,99.31,0.585,-0.595,0.0,0.5,0.4352,1.3446,0.6312,119.6
37.705,1.5247,-0.8746,31.33,5.8633,0.4838,4.6115,-0.0072,99.76,0.585,-0.595,0.0,0.5,0.4352,1.3446,0.6312,119.6
37.756,1.5451,-0.8172,34.11,5.836,0.5383,4.6116,-0.0076,100.65,0.585,-0.595,0.0,0.5,0.4353,1.3406,0.6268,119.609
37.809,1.5451,-0.8172,34.11,5.836,0.5383,4.6117,-0.0081,102.0,0.585,-0.595,0.0,0.5,0.4354,1.3407,0.6268,119.609
37.86,1.5638,-0.7528,36.76,5.8026,0.5964,4.6118,-0.0086,103.35,0.585,-0.595,0.0,0.5,0.4355,1.3357,0.5512,119.609
37.911,1.5638,-0.7528,36.76,5.8026,0.5964,4.6119,-0.0091,104.7,0.585,-0.595,0.0,0.5,0.4356,1.3358,0.5512,119.609
37.962,1.5638,-0.7528,36.76,5.8026,0.5964,4.6121,-0.0096,106.05,0.585,-0.595,0.0,0.5,0.4358,1.3359,0.5512,119.609
38.013,1.6008,-0.6305,42.19,5.74,0.7078,4.6122,-0.0101,107.39,0.585,-0.595,0.0,0.5,0.4359,1.3369,0.566,119.609
38.064,1.6008,-0.6305,42.19,5.74,0.7078,4.6124,-0.0106,108.74,0.585,-0.595,0.0,0.5,0.4361,1.337,0.566,119.609
38.115,1.6008,-0.6305,42.19,5.74,0.7078,4.6125,-0.0111,110.09,0.585,-0.595,0.0,0.5,0.4362,1.3371,0.566,119.609
38.166,1.6008,-0.6305,42.19,5.74,0.7078,4.6127,-0.0116,111.44,0.585,-0.595,0.0,0.5,0.4364,1.3372,0.566,119.609
38.217,1.6272,-0.509,47.6,5.6706,0.811,4.6129,-0.0121,112.78,0.585,-0.595,0.0,0.5,0.4366,1.3402,0.4748,119.609
38.268,1.6367,-0.4432,50.29,5.6298,0.8634,4.6131,-0.0125,113.68,0.585,-0.595,0.0,0.5,0.4368,1.342,0.5188,119.448
38.318,1.6367,-0.4432,50.29,5.6298,0.8634,4.6131,-0.0126,114.13,0.585,-0.595,0.0,0.5,0.4368,1.342,0.5188,119.448
38.369,1.6407,-0.3885,53.0,5.5931,0.9042,4.6133,-0.0131,115.48,0.585,-0.595,0.0,0.5,0.4371,1.3422,0.5912,119.448
38.421,1.6407,-0.3885,53.0,5.5931,0.9042,4.6136,-0.0136,116.83,0.585,-0.595,0.0,0.5,0.4373,1.3423,0.5912,119.448
38.471,1.6441,-0.3227,55.74,5.548,0.9522,4.6138,-0.014,118.17,0.585,-0.595,0.0,0.5,0.4375,1.344,0.594,119.448
38.523,1.6473,-0.2587,58.44,5.504,0.9988,4.6141,-0.0145,119.52,0.585,-0.595,0.0,0.5,0.4378,1.3486,0.5944,119.448
38.573,1.6473,-0.2587,58.44,5.504,0.9988,4.6143,-0.015,120.87,0.585,-0.595,0.0,0.5,0.4381,1.3488,0.5944,119.448
38.625,1.6483,-0.1936,61.15,5.4578,1.0447,4.6146,-0.0154,122.22,0.585,-0.595,0.0,0.5,0.4384,1.3545,0.6092,119.448
38.675,1.6483,-0.1936,61.15,5.4578,1.0447,4.6149,-0.0159,123.57,0.585,-0.595,0.0,0.5,0.4386,1.3547,0.6092,119.448
38.726,1.6372,-0.1245,63.87,5.4003,1.0845,4.615,-0.016,124.01,0.585,-0.595,0.0,0.5,0.4387,1.352,0.6,118.684
38.778,1.6372,-0.1245,63.87,5.4003,1.0845,4.6152,-0.0163,124.91,0.585,-0.595,0.0,0.5,0.439,1.3521,0.6,118.684
38.829,1.6303,-0.0627,66.65,5.3509,1.1224,4.6155,-0.0167,126.26,0.585,-0.595,0.0,0.5,0.4393,1.3559,0.6432,118.684
38.881,1.618,-0.0077,69.32,5.3027,1.1517,4.6158,-0.0172,127.61,0.585,-0.595,0.0,0.5,0.4396,1.3557,0.6628,118.684
38.932,1.618,-0.0077,69.32,5.3027,1.1517,4.6161,-0.0176,128.96,0.585,-0.595,0.0,0.5,0.4399,1.3559,0.6628,118.684
38.983,1.6035,0.0615,72.03,5.2427,1.1891,4.6163,-0.0177,129.41,0.585,-0.595,0.0,0.5,0.44,1.3597,0.632,118.684
39.034,1.6035,0.0615,72.03,5.2427,1.1891,4.6165,-0.018,130.3,0.585,-0.595,0.0,0.5,0.4403,1.3599,0.632,118.208
39.085,1.5896,0.1349,74.74,5.1803,1.2299,4.6168,-0.0184,131.65,0.585,-0.595,0.0,0.5,0.4406,1.3696,0.5752,118.208
39.136,1.5896,0.1349,74.74,5.1803,1.2299,4.6172,-0.0188,133.0,0.585,-0.595,0.0,0.5,0.441,1.3698,0.5752,118.208
39.187,1.569,0.1828,77.46,5.1313,1.2482,4.6175,-0.0192,134.35,0.585,-0.595,0.0,0.5,0.4413,1.3676,0.5792,118.208
39.237,1.5461,0.2474,80.21,5.0689,1.2764,4.6175,-0.0192,134.35,0.585,-0.595,0.0,0.5,0.4413,1.372,0.6532,118.208
39.288,1.5461,0.2474,80.21,5.0689,1.2764,4.6179,-0.0195,135.69,0.585,-0.595,0.0,0.5,0.4417,1.3722,0.6532,118.208
39.339,1.5461,0.2474,80.21,5.0689,1.2764,4.6183,-0.0199,137.04,0.585,-0.595,0.0,0.5,0.4421,1.3724,0.6532,118.208
39.391,1.5461,0.2474,80.21,5.0689,1.2764,4.6187,-0.0203,138.39,0.585,-0.595,0.0,0.5,0.4425,1.3726,0.6532,118.208
39.442,1.4886,0.3673,85.63,4.9426,1.318,4.6191,-0.0206,139.74,0.585,-0.595,0.0,0.5,0.4429,1.3772,0.6024,118.208
39.493,1.4886,0.3673,85.63,4.9426,1.318,4.6195,-0.0209,141.08,0.585,-0.595,0.0,0.5,0.4433,1.3774,0.6024,117.98
39.544,1.4649,0.4285,88.33,4.8821,1.3434,4.6199,-0.0213,142.43,0.585,-0.595,0.0,0.5,0.4438,1.3896,0.5904,117.98
39.595,1.4649,0.4285,88.33,4.8821,1.3434,4.6203,-0.0216,143.78,0.585,-0.595,0.0,0.5,0.4442,1.3898,0.5904,117.98
39.646,1.4649,0.4285,88.33,4.8821,1.3434,4.6208,-0.0219,145.13,0.585,-0.595,0.0,0.5,0.4446,1.39,0.5904,117.98
39.697,1.4649,0.4285,88.33,4.8821,1.3434,4.6212,-0.0222,146.48,0.585,-0.595,0.0,0.5,0.4451,1.3903,0.5904,117.98
39.748,1.4649,0.4285,88.33,4.8821,1.3434,4.6217,-0.0225,147.82,0.585,-0.595,0.0,0.5,0.4455,1.3905,0.5904,117.98
39.799,1.4649,0.4285,88.33,4.8821,1.3434,4.6221,-0.0228,149.17,0.585,-0.595,0.0,0.5,0.446,1.3906,0.5904,117.98
39.85,1.4649,0.4285,88.33,4.8821,1.3434,4.6226,-0.023,150.52,0.585,-0.595,0.0,0.5,0.4465,1.3908,0.5904,117.98
39.901,1.4649,0.4285,88.33,4.8821,1.3434,4.623,-0.0233,151.87,0.585,-0.595,0.0,0.5,0.4469,1.391,0.5904,117.98
39.952,1.4649,0.4285,88.33,4.8821,1.3434,4.6235,-0.0235,153.21,0.585,-0.595,0.0,0.5,0.4474,1.3911,0.5904,117.98
40.003,1.4649,0.4285,88.33,4.8821,1.3434,4.624,-0.0238,154.56,0.585,-0.595,0.0,0.5,0.4479,1.3913,0.5904,117.98
40.054,1.4649,0.4285,88.33,4.8821,1.3434,4.6245,-0.024,155.91,0.585,-0.595,0.0,0.5,0.4484,1.3914,0.5904,117.98
40.105,1.4649,0.4285,88.33,4.8821,1.3434,4.6249,-0.0242,157.26,0.585,-0.595,0.0,0.5,0.4489,1.3915,0.5904,117.98
40.157,1.4649,0.4285,88.33,4.8821,1.3434,4.6254,-0.0244,158.6,0.585,-0.595,0.0,0.5,0.4494,1.3916,0.5904,117.98
40.208,1.4649,0.4285,88.33,4.8821,1.3434,4.6259,-0.0246,159.95,0.585,-0.595,0.0,0.5,0.4499,1.3917,0.5904,117.98
40.259,1.4262,0.4797,91.05,4.8184,1.3509,4.6264,-0.0248,161.3,0.585,-0.595,0.0,0.5,0.4504,1.389,0.6084,117.98
40.311,1.3914,0.537,93.72,4.7529,1.3655,4.6269,-0.0249,162.65,0.585,-0.595,0.0,0.5,0.4509,1.3962,0.5908,117.98
40.362,1.3914,0.537,93.72,4.7529,1.3655,4.6274,-0.0251,163.99,0.585,-0.595,0.0,0.5,0.4514,1.3963,0.5908,117.98
40.413,1.3914,0.537,93.72,4.7529,1.3655,4.628,-0.0252,165.34,0.585,-0.595,0.0,0.5,0.4519,1.3964,0.5908,117.98
40.464,1.3914,0.537,93.72,4.7529,1.3655,4.6285,-0.0254,166.69,0.585,-0.595,0.0,0.5,0.4524,1.3965,0.5908,117.98
40.515,1.3232,0.6389,99.15,4.6322,1.3869,4.629,-0.0255,168.04,0.585,-0.595,0.0,0.5,0.453,1.4124,0.62,117.98
40.566,1.3232,0.6389,99.15,4.6322,1.3869,4.6293,-0.0256,168.93,0.585,-0.595,0.0,0.5,0.4533,1.4125,0.62,117.98
40.617,1.3232,0.6389,99.15,4.6322,1.3869,4.6295,-0.0256,169.38,0.585,-0.595,0.0,0.5,0.4535,1.4125,0.62,117.98
40.668,1.3232,0.6389,99.15,4.6322,1.3869,4.63,-0.0257,170.73,0.585,-0.595,0.0,0.5,0.454,1.4126,0.62,117.071
40.721,1.3232,0.6389,99.15,4.6322,1.3869,4.6306,-0.0258,172.08,0.585,-0.595,0.0,0.5,0.4545,1.4127,0.62,117.071
40.772,1.3232,0.6389,99.15,4.6322,1.3869,4.6311,-0.0258,173.43,0.585,-0.595,0.0,0.5,0.4551,1.4128,0.62,117.071
40.823,1.3232,0.6389,99.15,4.6322,1.3869,4.6316,-0.0259,174.77,0.585,-0.595,0.0,0.5,0.4556,1.4128,0.62,117.071
40.874,1.1507,0.8166,109.98,4.3846,1.3857,4.6318,-0.0259,175.22,0.585,-0.595,0.0,0.5,0.4558,1.433,0.606,117.071
40.925,1.0931,0.8401,112.68,4.3277,1.3604,4.632,-0.0259,175.67,0.585,-0.595,0.0,0.5,0.4559,1.4193,0.5676,117.071
40.976,1.0931,0.8401,112.68,4.3277,1.3604,4.6325,-0.026,177.02,0.585,-0.595,0.0,0.5,0.4565,1.4194,0.5676,117.071
41.027,1.0418,0.8814,115.37,4.2623,1.352,4.6332,-0.026,178.82,0.585,-0.595,0.0,0.5,0.4572,1.427,0.5792,117.071
41.079,1.0418,0.8814,115.37,4.2623,1.352,4.6337,-0.026,-179.84,0.585,-0.595,0.0,0.5,0.4577,1.4271,0.5792,117.021
41.13,0.9971,0.9129,118.08,4.2087,1.3416,4.6343,-0.026,-178.49,0.585,-0.595,0.0,0.5,0.4582,1.4323,0.5944,117.021
41.181,0.9971,0.9129,118.08,4.2087,1.3416,4.6348,-0.026,-177.14,0.585,-0.595,0.0,0.5,0.4588,1.4324,0.5944,117.021
41.232,0.9971,0.9129,118.08,4.2087,1.3416,4.6353,-0.0259,-175.79,0.585,-0.595,0.0,0.5,0.4593,1.4325,0.5944,117.021
41.283,0.9971,0.9129,118.08,4.2087,1.3416,4.6358,-0.0259,-174.45,0.585,-0.595,0.0,0.5,0.4598,1.4326,0.5944,117.021
41.335,0.9971,0.9129,118.08,4.2087,1.3416,4.6364,-0.0258,-173.1,0.585,-0.595,0.0,0.5,0.4603,1.4328,0.5944,117.021
41.386,0.8167,0.997,126.21,4.023,1.2697,4.6369,-0.0258,-171.75,0.585,-0.595,0.0,0.5,0.4609,1.4336,0.532,117.021
41.437,0.8167,0.997,126.21,4.023,1.2697,4.6374,-0.0257,-170.4,0.585,-0.595,0.0,0.5,0.4614,1.4337,0.532,117.021
41.489,0.7624,1.0306,128.93,3.9612,1.2538,4.6379,-0.0256,-169.06,0.585,-0.595,0.0,0.5,0.4619,1.4474,0.5772,116.496
41.54,0.7624,1.0306,128.93,3.9612,1.2538,4.6385,-0.0255,-167.71,0.585,-0.595,0.0,0.5,0.4624,1.4475,0.5772,116.496
41.592,0.7004,1.0496,131.62,3.9046,1.2223,4.639,-0.0254,-166.36,0.585,-0.595,0.0,0.5,0.4629,1.4478,0.6,116.496
41.643,0.6338,1.0729,134.37,3.8415,1.1904,4.6395,-0.0252,-165.01,0.585,-0.595,0.0,0.5,0.4634,1.4542,0.582,116.496
41.694,0.6338,1.0729,134.37,3.8415,1.1904,4.64,-0.0251,-163.67,0.585,-0.595,0.0,0.5,0.464,1.4543,0.582,116.496
41.744,0.6338,1.0729,134.37,3.8415,1.1904,4.6405,-0.025,-162.32,0.585,-0.595,0.0,0.5,0.4645,1.4545,0.582,116.496
41.795,0.6338,1.0729,134.37,3.8415,1.1904,4.641,-0.0248,-160.97,0.585,-0.595,0.0,0.5,0.4649,1.4546,0.582,116.496
41.846,0.6338,1.0729,134.37,3.8415,1.1904,4.6415,-0.0246,-159.62,0.585,-0.595,0.0,0.5,0.4654,1.4547,0.582,116.496
41.897,0.6338,1.0729,134.37,3.8415,1.1904,4.642,-0.0244,-158.28,0.585,-0.595,0.0,0.5,0.4659,1.4548,0.582,116.496
41.948,0.6338,1.0729,134.37,3.8415,1.1904,4.6425,-0.0242,-156.93,0.585,-0.595,0.0,0.5,0.4664,1.4549,0.582,116.496
41.999,0.6338,1.0729,134.37,3.8415,1.1904,4.643,-0.024,-155.58,0.585,-0.595,0.0,0.5,0.4669,1.455,0.582,116.496
42.051,0.6338,1.0729,134.37,3.8415,1.1904,4.6435,-0.0238,-154.23,0.585,-0.595,0.0,0.5,0.4674,1.4551,0.582,116.496
42.102,0.6338,1.0729,134.37,3.8415,1.1904,4.6439,-0.0236,-152.88,0.585,-0.595,0.0,0.5,0.4678,1.4552,0.582,116.496
42.153,0.6338,1.0729,134.37,3.8415,1.1904,4.6444,-0.0233,-151.54,0.585,-0.595,0.0,0.5,0.4683,1.4552,0.582,116.496
42.204,0.5724,1.0853,137.03,3.7901,1.1547,4.6449,-0.0231,-150.19,0.585,-0.595,0.0,0.5,0.4688,1.4553,0.6108,116.496
42.256,0.5186,1.1012,139.79,3.7414,1.127,4.6453,-0.0228,-148.84,0.585,-0.595,0.0,0.5,0.4692,1.4625,0.632,116.496
42.307,0.5186,1.1012,139.79,3.7414,1.127,4.6458,-0.0225,-147.49,0.585,-0.595,0.0,0.5,0.4696,1.4626,0.632,116.496
42.358,0.5186,1.1012,139.79,3.7414,1.127,4.6462,-0.0222,-146.15,0.585,-0.595,0.0,0.5,0.4701,1.4626,0.632,115.473
42.409,0.5186,1.1012,139.79,3.7414,1.127,4.6466,-0.0219,-144.8,0.585,-0.595,0.0,0.5,0.4705,1.4626,0.632,115.473
42.46,0.5186,1.1012,139.79,3.7414,1.127,4.6471,-0.0216,-143.45,0.585,-0.595,0.0,0.5,0.4709,1.4627,0.632,115.473
42.511,0.5186,1.1012,139.79,3.7414,1.127,4.6475,-0.0213,-142.1,0.585,-0.595,0.0,0.5,0.4713,1.4627,0.632,115.473
42.562,0.3252,1.1194,147.9,3.5943,1.0001,4.6479,-0.021,-140.76,0.585,-0.595,0.0,0.5,0.4718,1.4672,0.6144,115.473
42.614,0.2584,1.1118,150.58,3.5535,0.9467,4.6483,-0.0206,-139.41,0.585,-0.595,0.0,0.5,0.4722,1.4609,0.6052,115.473
42.665,0.2584,1.1118,150.58,3.5535,0.9467,4.6487,-0.0203,-138.06,0.585,-0.595,0.0,0.5,0.4725,1.461,0.6052,115.473
42.717,0.2584,1.1118,150.58,3.5535,0.9467,4.6491,-0.0199,-136.71,0.585,-0.595,0.0,0.5,0.4729,1.461,0.6052,115.473
42.768,0.2584,1.1118,150.58,3.5535,0.9467,4.6495,-0.0196,-135.36,0.585,-0.595,0.0,0.5,0.4733,1.4611,0.6052,115.473
42.82,0.128,1.1063,156.02,3.4672,0.8488,4.6499,-0.0192,-134.02,0.585,-0.595,0.0,0.5,0.4737,1.467,0.5372,115.473
42.871,0.128,1.1063,156.02,3.4672,0.8488,4.6502,-0.0188,-132.67,0.585,-0.595,0.0,0.5,0.474,1.4671,0.5372,114.765
42.921,0.0574,1.0806,158.7,3.4367,0.7801,4.6502,-0.0188,-132.67,0.585,-0.595,0.0,0.5,0.474,1.4529,0.7276,114.765
42.973,0.0009,1.0671,161.4,3.4073,0.73,4.6506,-0.0184,-131.32,0.585,-0.595,0.0,0.5,0.4744,1.4512,0.712,114.765
43.024,0.0009,1.0671,161.4,3.4073,0.73,4.6509,-0.018,-129.97,0.585,-0.595,0.0,0.5,0.4747,1.4512,0.712,114.765
43.074,-0.0637,1.0496,164.15,3.3752,0.6712,4.6509,-0.018,-129.97,0.585,-0.595,0.0,0.5,0.4747,1.45,0.7156,114.765
43.126,-0.0637,1.0496,164.15,3.3752,0.6712,4.6513,-0.0176,-128.63,0.585,-0.595,0.0,0.5,0.475,1.4501,0.7156,114.765
43.177,-0.1255,1.0329,166.82,3.3445,0.6151,4.6516,-0.0172,-127.28,0.585,-0.595,0.0,0.5,0.4754,1.452,0.578,114.765
43.228,-0.1255,1.0329,166.82,3.3445,0.6151,4.6519,-0.0168,-125.93,0.585,-0.595,0.0,0.5,0.4757,1.4521,0.578,114.765
43.28,-0.1255,1.0329,166.82,3.3445,0.6151,4.6522,-0.0163,-124.58,0.585,-0.595,0.0,0.5,0.476,1.4522,0.578,113.314
43.331,-0.1255,1.0329,166.82,3.3445,0.6151,4.6525,-0.0159,-123.24,0.585,-0.595,0.0,0.5,0.4763,1.4523,0.578,113.314
43.382,-0.1255,1.0329,166.82,3.3445,0.6151,4.6528,-0.0154,-121.89,0.585,-0.595,0.0,0.5,0.4765,1.4524,0.578,113.314
43.433,-0.1255,1.0329,166.82,3.3445,0.6151,4.6531,-0.015,-120.54,0.585,-0.595,0.0,0.5,0.4768,1.4524,0.578,113.314
43.487,-0.3124,0.9532,174.97,3.2724,0.4251,4.6533,-0.0145,-119.19,0.585,-0.595,0.0,0.5,0.4771,1.4492,0.3744,113.314
43.538,-0.3124,0.9532,174.97,3.2724,0.4251,4.6536,-0.0141,-117.85,0.585,-0.595,0.0,0.5,0.4773,1.4493,0.3744,113.314
43.589,-0.3124,0.9532,174.97,3.2724,0.4251,4.6537,-0.0139,-117.4,0.585,-0.595,0.0,0.5,0.4774,1.4494,0.3744,113.314
43.64,-0.3124,0.9532,174.97,3.2724,0.4251,4.6538,-0.0136,-116.5,0.585,-0.595,0.0,0.5,0.4776,1.4494,0.3744,113.314
43.691,-0.3124,0.9532,174.97,3.2724,0.4251,4.6541,-0.0131,-115.15,0.585,-0.595,0.0,0.5,0.4778,1.4495,0.3744,113.314
43.742,-0.4807,0.8566,-176.86,3.2255,0.2368,4.6543,-0.0126,-113.8,0.585,-0.595,0.0,0.5,0.478,1.4504,0.5716,113.039
43.793,-0.4807,0.8566,-176.86,3.2255,0.2368,4.6545,-0.0121,-112.46,0.585,-0.595,0.0,0.5,0.4782,1.4505,0.5716,113.039
43.844,-0.5306,0.8228,-174.18,3.2153,0.1774,4.6547,-0.0117,-111.11,0.585,-0.595,0.0,0.5,0.4784,1.4517,0.5768,113.039
43.895,-0.5306,0.8228,-174.18,3.2153,0.1774,4.6549,-0.0112,-109.76,0.585,-0.595,0.0,0.5,0.4786,1.4519,0.5768,113.039
43.946,-0.5306,0.8228,-174.18,3.2153,0.1774,4.6551,-0.0107,-108.41,0.585,-0.595,0.0,0.5,0.4788,1.452,0.5768,113.039
43.997,-0.5306,0.8228,-174.18,3.2153,0.1774,4.6552,-0.0102,-107.07,0.585,-0.595,0.0,0.5,0.4789,1.4521,0.5768,113.039
44.048,-0.5306,0.8228,-174.18,3.2153,0.1774,4.6554,-0.0096,-105.72,0.585,-0.595,0.0,0.5,0.4791,1.4521,0.5768,113.039
44.099,-0.6803,0.6977,-166.03,3.2018,-0.0172,4.6555,-0.0091,-104.37,0.585,-0.595,0.0,0.5,0.4792,1.4537,0.5616,113.039
44.15,-0.6803,0.6977,-166.03,3.2018,-0.0172,4.6555,-0.0091,-104.37,0.585,-0.595,0.0,0.5,0.4792,1.4537,0.5616,113.039
44.2,-0.7182,0.6501,-163.32,3.2099,-0.0775,4.6556,-0.0088,-103.47,0.585,-0.595,0.0,0.5,0.4793,1.4473,0.5848,113.039
44.251,-0.757,0.6052,-160.62,3.2154,-0.1366,4.6556,-0.0088,-103.47,0.585,-0.595,0.0,0.5,0.4793,1.4459,0.5628,113.734
44.302,-0.757,0.6052,-160.62,3.2154,-0.1366,4.6557,-0.0083,-102.13,0.585,-0.595,0.0,0.5,0.4794,1.446,0.5628,113.734
44.354,-0.7969,0.557,-157.91,3.2225,-0.1987,4.6558,-0.0077,-100.78,0.585,-0.595,0.0,0.5,0.4796,1.446,0.5676,113.734
44.405,-0.7969,0.557,-157.91,3.2225,-0.1987,4.6559,-0.0072,-99.43,0.585,-0.595,0.0,0.5,0.4796,1.4462,0.5676,113.734
44.457,-0.8316,0.5095,-155.19,3.2328,-0.2567,4.656,-0.0065,-97.63,0.585,-0.595,0.0,0.5,0.4798,1.4451,0.5588,113.734
44.509,-0.8615,0.4497,-152.47,3.2552,-0.3197,4.6561,-0.006,-96.29,0.585,-0.595,0.0,0.5,0.4798,1.4357,0.5628,113.734
44.559,-0.8615,0.4497,-152.47,3.2552,-0.3197,4.6561,-0.0056,-95.39,0.585,-0.595,0.0,0.5,0.4799,1.4358,0.5628,113.734
44.61,-0.8996,0.3995,-149.75,3.265,-0.3819,4.6561,-0.0056,-95.39,0.585,-0.595,0.0,0.5,0.4799,1.4412,0.4396,113.734
44.661,-0.8996,0.3995,-149.75,3.265,-0.3819,4.6562,-0.0051,-94.04,0.585,-0.595,0.0,0.5,0.4799,1.4414,0.4396,113.734
44.712,-0.8996,0.3995,-149.75,3.265,-0.3819,4.6562,-0.0046,-92.69,0.585,-0.595,0.0,0.5,0.48,1.4415,0.4396,113.785
44.763,-0.8996,0.3995,-149.75,3.265,-0.3819,4.6562,-0.0044,-92.24,0.585,-0.595,0.0,0.5,0.48,1.4416,0.4396,113.785
44.813,-0.946,0.2774,-144.37,3.3209,-0.4999,4.6562,-0.004,-91.35,0.585,-0.595,0.0,0.5,0.48,1.4244,0.4408,113.785
44.864,-0.9705,0.2214,-141.68,3.3443,-0.5565,4.6563,-0.0035,-90.0,0.585,-0.595,0.0,0.5,0.48,1.4238,0.4516,113.785
44.915,-0.9705,0.2214,-141.68,3.3443,-0.5565,4.6562,-0.003,-88.65,0.585,-0.595,0.0,0.5,0.48,1.424,0.4516,113.785
44.966,-0.9705,0.2214,-141.68,3.3443,-0.5565,4.6562,-0.0028,-88.2,0.585,-0.595,0.0,0.5,0.48,1.424,0.4516,113.785
45.766,-0.9705,0.2214,-141.68,3.3443,-0.5565,4.6562,-0.0025,-87.3,0.585,-0.595,0.0,0.0,0.48,1.424,0.4516,113.785
