t,est_x,est_y,est_yaw_deg,est_wx,est_wy,true_x,true_y,true_yaw_deg,wp_x,wp_y,cmd_v,cmd_w,travelled,est_true_gap,pose_quality,chamfer_cm
0.0,-0.0095,0.0512,-0.31,3.6741,0.1709,3.6974,0.1244,16.13,1.228,-0.484,0.8,-0.484,0.0,0.0521,0.7256,0.0
0.052,-0.0095,0.0512,-0.31,3.6741,0.1709,3.6975,0.1244,16.13,1.228,-0.484,0.8,-0.484,0.0001,0.0521,0.7256,0.0
0.103,-0.0221,0.0926,-0.33,3.6504,0.2072,3.6977,0.1245,16.12,1.228,-0.484,0.8,-0.5,0.0003,0.0953,0.7056,0.0
0.153,-0.0221,0.0926,-0.33,3.6504,0.2072,3.6994,0.125,16.11,1.228,-0.484,0.8,-0.5,0.0021,0.0958,0.7056,0.0
0.204,-0.0221,0.0926,-0.33,3.6504,0.2072,3.7058,0.1268,16.04,1.228,-0.484,0.8,-0.5,0.0087,0.0977,0.7056,0.0
0.256,-0.0221,0.0926,-0.33,3.6504,0.2072,3.7164,0.1298,15.84,1.228,-0.484,0.8,-0.5,0.0198,0.1017,0.7056,0.0
0.308,-0.0341,0.1336,-0.34,3.6275,0.2432,3.7311,0.1339,15.51,1.228,-0.484,0.0,-0.5,0.0351,0.1506,0.7104,0.0
0.359,-0.0341,0.1336,-0.34,3.6275,0.2432,3.7504,0.1391,15.09,1.228,-0.484,0.0,-0.5,0.055,0.161,0.7104,0.0
0.411,-0.0324,0.1731,-0.43,3.6182,0.2816,3.7717,0.1447,14.43,1.228,-0.484,0.0,-0.5,0.077,0.2057,0.68,21.68
0.461,-0.0324,0.1731,-0.43,3.6182,0.2816,3.7717,0.1447,14.43,1.228,-0.484,0.0,-0.5,0.077,0.2057,0.68,21.68
0.513,0.0005,0.209,-0.92,3.6398,0.3253,3.7896,0.1491,13.45,1.228,-0.484,0.0,-0.5,0.0955,0.2313,0.7792,21.68
0.564,0.0005,0.209,-0.92,3.6398,0.3253,3.8029,0.1521,12.36,1.228,-0.484,0.0,-0.5,0.1091,0.2379,0.7792,21.68
0.615,0.0005,0.209,-0.92,3.6398,0.3253,3.8114,0.1538,11.23,1.228,-0.484,0.0,-0.5,0.1178,0.2426,0.7792,21.68
0.667,0.0549,0.2369,-1.95,3.6844,0.3672,3.8151,0.1545,10.09,1.228,-0.484,0.0,-0.5,0.1215,0.2497,0.6432,21.68
0.718,0.0549,0.2369,-1.95,3.6844,0.3672,3.8158,0.1546,8.95,1.228,-0.484,0.0,-0.5,0.1222,0.25,0.6432,21.68
0.77,0.0549,0.2369,-1.95,3.6844,0.3672,3.816,0.1546,8.57,1.228,-0.484,0.0,-0.5,0.1224,0.2501,0.6432,21.68
0.821,0.0549,0.2369,-1.95,3.6844,0.3672,3.8163,0.1547,7.81,1.228,-0.484,0.0,-0.5,0.1227,0.2502,0.6432,21.68
0.872,0.0966,0.3271,-5.57,3.6993,0.4654,3.8169,0.1547,6.65,1.228,-0.484,0.0,-0.5,0.1233,0.3322,0.4592,21.68
0.923,0.0966,0.3271,-5.57,3.6993,0.4654,3.8175,0.1548,5.44,1.228,-0.484,0.0,-0.5,0.1239,0.3323,0.4592,21.68
0.974,0.0966,0.3271,-5.57,3.6993,0.4654,3.8181,0.1548,4.2,1.228,-0.484,0.0,-0.5,0.1245,0.3325,0.4592,21.68
1.026,0.1035,0.3617,-7.89,3.6964,0.5006,3.8187,0.1549,2.92,1.228,-0.484,0.0,-0.5,0.1251,0.3667,0.6176,38.326
1.078,0.1035,0.3617,-7.89,3.6964,0.5006,3.8193,0.1549,1.6,1.228,-0.484,0.0,-0.5,0.1257,0.3669,0.6176,38.326
1.129,0.1118,0.4061,-10.18,3.692,0.5455,3.8198,0.1549,0.26,1.228,-0.484,0.0,-0.5,0.1261,0.411,0.5816,38.326
1.181,0.1118,0.4061,-10.18,3.692,0.5455,3.8202,0.1549,-1.11,1.228,-0.484,0.0,-0.5,0.1265,0.4111,0.5816,38.326
1.232,0.1419,0.4357,-12.6,3.7127,0.5823,3.8204,0.1549,-2.49,1.228,-0.484,0.0,-0.5,0.1267,0.4409,0.5376,38.326
1.283,0.1419,0.4357,-12.6,3.7127,0.5823,3.8205,0.1548,-3.89,1.228,-0.484,0.0,-0.5,0.1269,0.4409,0.5376,38.326
1.335,0.169,0.4687,-15.03,3.7296,0.6216,3.8205,0.1548,-5.29,1.228,-0.484,0.0,-0.5,0.1268,0.4756,0.2424,38.326
1.386,0.169,0.4687,-15.03,3.7296,0.6216,3.8204,0.1548,-6.7,1.228,-0.484,0.0,-0.5,0.1267,0.4755,0.2424,38.326
1.437,0.169,0.4687,-15.03,3.7296,0.6216,3.8202,0.1549,-8.1,1.228,-0.484,0.0,-0.5,0.1265,0.4755,0.2424,38.326
1.488,0.169,0.4687,-15.03,3.7296,0.6216,3.82,0.1549,-9.5,1.228,-0.484,0.0,-0.5,0.1263,0.4754,0.2424,38.326
1.539,0.2132,0.5372,-20.46,3.753,0.6996,3.8197,0.155,-10.9,1.228,-0.484,0.8,-0.5,0.126,0.5487,0.4284,38.326
1.591,0.2132,0.5372,-20.46,3.753,0.6996,3.8193,0.155,-12.29,1.228,-0.484,0.8,-0.5,0.1257,0.5486,0.4284,53.131
1.642,0.2588,0.5498,-23.28,3.7933,0.7244,3.8205,0.1547,-13.66,1.228,-0.484,0.8,-0.494,0.1268,0.5704,0.2968,53.131
1.693,0.2744,0.6028,-25.97,3.7936,0.7797,3.826,0.1533,-15.03,1.228,-0.484,0.8,-0.477,0.1318,0.6272,0.436,53.131
1.744,0.2744,0.6028,-25.97,3.7936,0.7797,3.8362,0.1504,-16.47,1.228,-0.484,0.8,-0.477,0.1412,0.6307,0.436,53.131
1.798,0.2744,0.6028,-25.97,3.7936,0.7797,3.8509,0.1457,-18.0,1.228,-0.484,0.8,-0.477,0.155,0.6365,0.436,53.131
1.849,0.3138,0.6272,-28.73,3.8246,0.814,3.8702,0.1391,-19.66,1.228,-0.484,0.8,-0.458,0.1734,0.6765,0.5132,53.131
1.9,0.3597,0.6473,-31.57,3.8631,0.8461,3.8937,0.1301,-21.49,1.228,-0.484,0.8,-0.439,0.1963,0.7167,0.3412,53.131
1.951,0.3597,0.6473,-31.57,3.8631,0.8461,3.9211,0.1185,-23.46,1.228,-0.484,0.8,-0.439,0.2238,0.7299,0.3412,53.131
2.003,0.3597,0.6473,-31.57,3.8631,0.8461,3.9523,0.104,-25.57,1.228,-0.484,0.8,-0.439,0.2557,0.7475,0.3412,66.684
2.054,0.457,0.6316,-34.74,3.961,0.858,3.9859,0.0868,-27.74,1.228,-0.484,0.8,-0.432,0.2909,0.7716,0.3232,66.684
2.105,0.457,0.6316,-34.74,3.961,0.858,4.0199,0.0679,-29.77,1.228,-0.484,0.8,-0.432,0.3274,0.7923,0.3232,66.684
2.156,0.5346,0.6242,-38.04,4.0376,0.8725,4.0535,0.0476,-31.68,1.228,-0.484,0.8,-0.418,0.3643,0.8251,0.4436,66.684
2.208,0.5346,0.6242,-38.04,4.0376,0.8725,4.0867,0.0261,-33.52,1.228,-0.484,0.8,-0.418,0.4015,0.8478,0.4436,66.684
2.258,0.6477,0.5982,-42.0,4.1534,0.8789,4.1192,0.0036,-35.32,1.228,-0.484,0.8,-0.415,0.4387,0.876,0.2568,66.684
2.311,0.6477,0.5982,-42.0,4.1534,0.8789,4.151,-0.0199,-37.09,1.228,-0.484,0.8,-0.415,0.476,0.8989,0.2568,66.684
2.362,0.7741,0.5385,-46.27,4.2915,0.8567,4.1821,-0.0444,-38.84,1.228,-0.484,0.8,-0.415,0.5132,0.9078,0.4972,66.684
2.414,0.8869,0.4606,-50.06,4.4215,0.8132,4.2124,-0.0699,-40.59,1.228,-0.484,0.8,-0.421,0.5504,0.9075,0.3988,66.684
2.465,0.8869,0.4606,-50.06,4.4215,0.8132,4.2419,-0.0963,-42.33,1.228,-0.484,0.8,-0.421,0.5875,0.927,0.3988,66.684
2.517,0.8869,0.4606,-50.06,4.4215,0.8132,4.28,-0.1328,-44.67,1.228,-0.484,0.8,-0.421,0.6369,0.9565,0.3988,66.684
2.568,0.8869,0.4606,-50.06,4.4215,0.8132,4.3076,-0.1612,-46.44,1.228,-0.484,0.8,-0.421,0.6737,0.9811,0.3988,66.684
2.621,0.8869,0.4606,-50.06,4.4215,0.8132,4.3343,-0.1905,-48.21,1.228,-0.484,0.8,-0.421,0.7105,1.0075,0.3988,79.158
2.672,1.0953,0.3183,-57.06,4.6612,0.7344,4.36,-0.2206,-49.98,1.228,-0.484,0.651,-0.494,0.747,1.0013,0.4776,79.158
2.727,1.0953,0.3183,-57.06,4.6612,0.7344,4.3849,-0.2514,-51.75,1.228,-0.484,0.651,-0.494,0.7834,1.0238,0.4776,79.158
2.778,1.1862,0.2356,-60.59,4.7715,0.6802,4.4077,-0.2816,-53.54,1.228,-0.484,0.0,-0.5,0.8181,1.0283,0.5352,79.158
2.829,1.2792,0.1425,-64.06,4.8867,0.6166,4.4272,-0.3092,-55.28,1.228,-0.484,0.0,-0.5,0.8489,1.0336,0.5176,79.158
2.88,1.2792,0.1425,-64.06,4.8867,0.6166,4.4442,-0.3348,-56.97,1.228,-0.484,0.0,-0.5,0.8766,1.0493,0.5176,79.158
2.931,1.3675,0.0423,-67.62,4.9993,0.5448,4.458,-0.3569,-58.53,1.228,-0.484,0.0,-0.5,0.9,1.0517,0.5748,79.158
2.982,1.3675,0.0423,-67.62,4.9993,0.5448,4.4687,-0.3751,-59.95,1.228,-0.484,0.0,-0.5,0.9189,1.062,0.5748,79.158
3.033,1.4421,-0.0516,-71.1,5.0971,0.4754,4.4766,-0.3893,-61.23,1.228,-0.484,0.0,-0.5,0.9332,1.0643,0.5072,90.688
3.084,1.4421,-0.0516,-71.1,5.0971,0.4754,4.4819,-0.3992,-62.43,1.228,-0.484,0.0,-0.5,0.9431,1.0693,0.5072,90.688
3.136,1.5006,-0.1432,-74.29,5.1787,0.4037,4.4847,-0.4049,-63.6,1.228,-0.484,0.0,-0.5,0.9486,1.0655,0.5832,90.688
3.186,1.5006,-0.1432,-74.29,5.1787,0.4037,4.4855,-0.4066,-64.77,1.228,-0.484,0.0,-0.5,0.9502,1.0663,0.5832,90.688
3.238,1.5417,-0.2256,-76.98,5.2411,0.3359,4.4857,-0.4071,-65.94,1.228,-0.484,0.0,-0.5,0.9507,1.0596,0.4184,90.688
3.288,1.5417,-0.2256,-76.98,5.2411,0.3359,4.486,-0.4076,-67.12,1.228,-0.484,0.0,-0.5,0.9512,1.0598,0.4184,90.688
3.34,1.5784,-0.2637,-79.29,5.287,0.3095,4.4862,-0.4082,-68.33,1.228,-0.484,0.0,-0.5,0.9517,1.0753,0.5312,90.688
3.391,1.5784,-0.2637,-79.29,5.287,0.3095,4.4864,-0.4088,-69.59,1.228,-0.484,0.0,-0.5,0.9522,1.0756,0.5312,90.688
3.442,1.5784,-0.2637,-79.29,5.287,0.3095,4.4866,-0.4094,-70.88,1.228,-0.484,0.0,-0.5,0.9527,1.0758,0.5312,90.688
3.493,1.5784,-0.2637,-79.29,5.287,0.3095,4.4868,-0.4099,-72.2,1.228,-0.484,0.0,-0.5,0.9532,1.076,0.5312,90.688
3.544,1.669,-0.3323,-84.0,5.393,0.2688,4.4869,-0.4103,-73.55,1.228,-0.484,0.0,-0.5,0.9535,1.1323,0.5116,90.688
3.595,1.669,-0.3323,-84.0,5.393,0.2688,4.487,-0.4107,-74.92,1.228,-0.484,0.0,-0.5,0.9538,1.1325,0.5116,90.688
3.646,1.6979,-0.3646,-86.51,5.4297,0.2457,4.487,-0.4109,-76.31,1.228,-0.484,0.0,-0.5,0.954,1.1489,0.2844,100.011
3.697,1.6979,-0.3646,-86.51,5.4297,0.2457,4.487,-0.411,-77.71,1.228,-0.484,0.0,-0.5,0.954,1.1489,0.2844,100.011
3.748,1.7344,-0.4083,-89.19,5.477,0.2139,4.487,-0.411,-79.12,1.228,-0.484,0.0,-0.5,0.954,1.1707,0.5136,100.011
3.799,1.7344,-0.4083,-89.19,5.477,0.2139,4.487,-0.4108,-80.52,1.228,-0.484,0.0,-0.5,0.9539,1.1706,0.5136,100.011
3.85,1.7734,-0.4621,-91.96,5.5294,0.1731,4.487,-0.4106,-81.92,1.228,-0.484,0.0,-0.5,0.9537,1.1947,0.4468,100.011
3.901,1.7734,-0.4621,-91.96,5.5294,0.1731,4.4869,-0.4104,-83.32,1.228,-0.484,0.0,-0.5,0.9536,1.1946,0.4468,100.011
3.953,1.8038,-0.508,-94.72,5.5714,0.1374,4.4869,-0.41,-84.72,1.228,-0.484,0.0,-0.5,0.9533,1.2148,0.4404,100.011
4.003,1.8038,-0.508,-94.72,5.5714,0.1374,4.4869,-0.4099,-85.18,1.228,-0.484,0.0,-0.5,0.9533,1.2148,0.4404,100.011
4.055,1.8346,-0.5631,-97.52,5.6162,0.0931,4.4869,-0.4097,-86.1,1.228,-0.484,0.0,-0.5,0.9531,1.2362,0.5732,108.851
4.105,1.8346,-0.5631,-97.52,5.6162,0.0931,4.4868,-0.4093,-87.49,1.228,-0.484,0.0,-0.5,0.9529,1.2361,0.5732,108.851
4.157,1.8346,-0.5631,-97.52,5.6162,0.0931,4.4868,-0.4088,-88.87,1.228,-0.484,0.0,-0.5,0.9526,1.2359,0.5732,108.851
4.208,1.8607,-0.6166,-100.32,5.6561,0.0489,4.4868,-0.4088,-88.87,1.228,-0.484,0.0,-0.5,0.9526,1.2557,0.5692,108.851
4.259,1.8607,-0.6166,-100.32,5.6561,0.0489,4.4868,-0.4086,-89.79,1.228,-0.484,0.0,-0.5,0.9525,1.2556,0.5692,108.851
4.31,1.8607,-0.6166,-100.32,5.6561,0.0489,4.4868,-0.4084,-90.24,1.228,-0.484,0.0,-0.5,0.9524,1.2555,0.5692,108.851
4.361,1.8607,-0.6166,-100.32,5.6561,0.0489,4.4868,-0.4079,-91.62,1.228,-0.484,0.0,-0.5,0.9521,1.2554,0.5692,108.851
4.412,1.8607,-0.6166,-100.32,5.6561,0.0489,4.4868,-0.4075,-92.99,1.228,-0.484,0.0,-0.5,0.9519,1.2552,0.5692,108.851
4.464,1.8607,-0.6166,-100.32,5.6561,0.0489,4.4869,-0.407,-94.35,1.228,-0.484,0.0,-0.5,0.9516,1.255,0.5692,108.851
4.515,1.8607,-0.6166,-100.32,5.6561,0.0489,4.4869,-0.4065,-95.72,1.228,-0.484,0.0,-0.5,0.9514,1.2548,0.5692,108.851
4.566,1.8607,-0.6166,-100.32,5.6561,0.0489,4.487,-0.406,-97.08,1.228,-0.484,0.0,-0.5,0.9511,1.2545,0.5692,108.851
4.618,1.9263,-0.7838,-108.45,5.7656,-0.0935,4.487,-0.4054,-98.45,1.228,-0.484,0.0,-0.5,0.9509,1.3161,0.5496,108.851
4.669,1.9263,-0.7838,-108.45,5.7656,-0.0935,4.4871,-0.4051,-99.35,1.228,-0.484,0.0,-0.5,0.9508,1.316,0.5496,108.851
4.72,1.9263,-0.7838,-108.45,5.7656,-0.0935,4.4871,-0.4051,-99.35,1.228,-0.484,0.0,-0.5,0.9508,1.316,0.5496,108.851
4.771,1.9362,-0.8505,-111.26,5.7936,-0.1548,4.4872,-0.4046,-100.71,1.228,-0.484,0.0,-0.5,0.9505,1.3301,0.6292,116.467
4.822,1.9362,-0.8505,-111.26,5.7936,-0.1548,4.4872,-0.4042,-101.62,1.228,-0.484,0.0,-0.5,0.9504,1.33,0.6292,116.467
4.873,1.9362,-0.8505,-111.26,5.7936,-0.1548,4.4873,-0.4041,-102.07,1.228,-0.484,0.0,-0.5,0.9503,1.3299,0.6292,116.467
4.924,1.9539,-0.9111,-113.91,5.8275,-0.2082,4.4874,-0.4035,-103.43,1.228,-0.484,0.0,-0.5,0.9501,1.3542,0.6168,116.467
4.974,1.9539,-0.9111,-113.91,5.8275,-0.2082,4.4874,-0.4034,-103.88,1.228,-0.484,0.0,-0.5,0.9501,1.3542,0.6168,116.467
5.025,1.9593,-0.9699,-116.64,5.849,-0.2632,4.4875,-0.403,-104.79,1.228,-0.484,0.0,-0.5,0.95,1.3687,0.5932,116.467
5.076,1.9593,-0.9699,-116.64,5.849,-0.2632,4.4877,-0.4025,-106.15,1.228,-0.484,0.0,-0.5,0.9498,1.3685,0.5932,116.467
5.127,1.9593,-0.9699,-116.64,5.849,-0.2632,4.4878,-0.402,-107.51,1.228,-0.484,0.0,-0.5,0.9496,1.3683,0.5932,116.467
5.178,1.9593,-0.9699,-116.64,5.849,-0.2632,4.488,-0.4015,-108.86,1.228,-0.484,0.0,-0.5,0.9495,1.3681,0.5932,116.467
5.229,1.9629,-1.0347,-119.38,5.8705,-0.3244,4.4882,-0.401,-110.22,1.228,-0.484,0.0,-0.5,0.9494,1.3844,0.668,116.467
5.28,1.9667,-1.0956,-122.04,5.891,-0.3819,4.4882,-0.4008,-110.67,1.228,-0.484,0.0,-0.5,0.9493,1.4029,0.6752,116.467
5.331,1.9667,-1.0956,-122.04,5.891,-0.3819,4.4884,-0.4005,-111.58,1.228,-0.484,0.0,-0.5,0.9493,1.4028,0.6752,116.467
5.381,1.9667,-1.0956,-122.04,5.891,-0.3819,4.4886,-0.4,-112.93,1.228,-0.484,0.0,-0.5,0.9491,1.4026,0.6752,116.467
5.433,1.9667,-1.0956,-122.04,5.891,-0.3819,4.4887,-0.3997,-113.84,1.228,-0.484,0.0,-0.5,0.9491,1.4024,0.6752,116.467
5.484,1.9573,-1.1628,-124.76,5.9006,-0.449,4.4888,-0.3995,-114.29,1.228,-0.484,0.0,-0.5,0.9491,1.4127,0.6456,123.83
5.535,1.9573,-1.1628,-124.76,5.9006,-0.449,4.489,-0.399,-115.65,1.228,-0.484,0.0,-0.5,0.949,1.4125,0.6456,123.83
5.586,1.9573,-1.1628,-124.76,5.9006,-0.449,4.4892,-0.3985,-117.0,1.228,-0.484,0.0,-0.5,0.9489,1.4123,0.6456,123.83
5.637,1.9497,-1.2239,-127.48,5.9103,-0.5098,4.4895,-0.3981,-118.36,1.228,-0.484,0.0,-0.5,0.9489,1.4252,0.69,123.83
5.689,1.9497,-1.2239,-127.48,5.9103,-0.5098,4.4897,-0.3976,-119.72,1.228,-0.484,0.0,-0.5,0.9488,1.425,0.69,123.83
5.74,1.9465,-1.2913,-130.14,5.926,-0.5754,4.49,-0.3971,-121.07,1.228,-0.484,0.0,-0.5,0.9488,1.447,0.7072,123.83
5.791,1.9465,-1.2913,-130.14,5.926,-0.5754,4.4903,-0.3967,-122.43,1.228,-0.484,0.0,-0.5,0.9488,1.4467,0.7072,123.83
5.842,1.9295,-1.3487,-132.86,5.9256,-0.6353,4.4906,-0.3962,-123.79,1.228,-0.484,0.0,-0.5,0.9488,1.4548,0.6852,123.83
5.894,1.9295,-1.3487,-132.86,5.9256,-0.6353,4.4909,-0.3958,-125.14,1.228,-0.484,0.0,-0.5,0.9488,1.4545,0.6852,123.83
5.944,1.9295,-1.3487,-132.86,5.9256,-0.6353,4.4912,-0.3953,-126.5,1.228,-0.484,0.0,-0.5,0.9488,1.4543,0.6852,123.83
5.995,1.9295,-1.3487,-132.86,5.9256,-0.6353,4.4912,-0.3953,-126.5,1.228,-0.484,0.0,-0.5,0.9488,1.4543,0.6852,130.032
6.046,1.8946,-1.484,-138.24,5.9297,-0.775,4.4913,-0.3952,-126.95,1.228,-0.484,0.0,-0.5,0.9488,1.4877,0.6824,130.032
6.096,1.8946,-1.484,-138.24,5.9297,-0.775,4.4914,-0.3951,-127.4,1.228,-0.484,0.0,-0.5,0.9488,1.4876,0.6824,130.032
6.147,1.8946,-1.484,-138.24,5.9297,-0.775,4.4915,-0.3949,-127.86,1.228,-0.484,0.0,-0.5,0.9488,1.4876,0.6824,130.032
6.199,1.8946,-1.484,-138.24,5.9297,-0.775,4.4919,-0.3945,-129.21,1.228,-0.484,0.0,-0.5,0.9489,1.4873,0.6824,130.032
6.25,1.8946,-1.484,-138.24,5.9297,-0.775,4.4922,-0.3941,-130.57,1.228,-0.484,0.0,-0.5,0.9489,1.4871,0.6824,130.032
6.301,1.8946,-1.484,-138.24,5.9297,-0.775,4.4926,-0.3937,-131.93,1.228,-0.484,0.0,-0.5,0.949,1.4869,0.6824,130.032
6.353,1.8946,-1.484,-138.24,5.9297,-0.775,4.4929,-0.3933,-133.28,1.228,-0.484,0.0,-0.5,0.9491,1.4866,0.6824,130.032
6.404,1.8344,-1.6137,-143.71,5.9078,-0.9163,4.4933,-0.3929,-134.64,1.228,-0.484,0.0,-0.5,0.9492,1.5082,0.3028,130.032
6.455,1.8344,-1.6137,-143.71,5.9078,-0.9163,4.4937,-0.3925,-135.99,1.228,-0.484,0.0,-0.5,0.9493,1.508,0.3028,130.032
6.507,1.8046,-1.6638,-146.43,5.8932,-0.9726,4.4938,-0.3924,-136.45,1.228,-0.484,0.0,-0.5,0.9494,1.5149,0.454,130.032
6.557,1.8046,-1.6638,-146.43,5.8932,-0.9726,4.4941,-0.3921,-137.35,1.228,-0.484,0.0,-0.5,0.9494,1.5147,0.454,130.032
6.609,1.8046,-1.6638,-146.43,5.8932,-0.9726,4.4945,-0.3918,-138.71,1.228,-0.484,0.0,-0.5,0.9496,1.5145,0.454,130.032
6.66,1.8046,-1.6638,-146.43,5.8932,-0.9726,4.4949,-0.3914,-140.06,1.228,-0.484,0.0,-0.5,0.9497,1.5143,0.454,130.032
6.711,1.8046,-1.6638,-146.43,5.8932,-0.9726,4.4953,-0.3911,-141.42,1.228,-0.484,0.0,-0.5,0.9499,1.514,0.454,130.032
6.763,1.7282,-1.794,-151.73,5.856,-1.119,4.4957,-0.3907,-142.78,1.228,-0.484,0.0,-0.5,0.9501,1.5429,0.438,130.032
6.813,1.7282,-1.794,-151.73,5.856,-1.119,4.4962,-0.3904,-144.13,1.228,-0.484,0.0,-0.5,0.9503,1.5427,0.438,130.032
6.865,1.6853,-1.8499,-154.48,5.8303,-1.1846,4.4966,-0.3901,-145.49,1.228,-0.484,0.0,-0.5,0.9505,1.5524,0.56,135.742
6.916,1.6376,-1.9107,-157.18,5.8013,-1.2563,4.497,-0.3898,-146.85,1.228,-0.484,0.0,-0.5,0.9507,1.5658,0.5508,135.742
6.967,1.6376,-1.9107,-157.18,5.8013,-1.2563,4.4975,-0.3895,-148.2,1.228,-0.484,0.0,-0.5,0.9509,1.5656,0.5508,135.742
7.018,1.6376,-1.9107,-157.18,5.8013,-1.2563,4.4979,-0.3893,-149.56,1.228,-0.484,0.0,-0.5,0.9511,1.5654,0.5508,135.742
7.069,1.5853,-1.9597,-159.87,5.7647,-1.3178,4.4984,-0.389,-150.91,1.228,-0.484,0.0,-0.5,0.9514,1.5704,0.532,135.742
7.121,1.5853,-1.9597,-159.87,5.7647,-1.3178,4.4989,-0.3887,-152.27,1.228,-0.484,0.0,-0.5,0.9516,1.5702,0.532,135.742
7.172,1.5383,-2.0112,-162.57,5.7339,-1.3804,4.4994,-0.3885,-153.63,1.228,-0.484,0.0,-0.5,0.9519,1.5836,0.6052,135.742
7.223,1.5383,-2.0112,-162.57,5.7339,-1.3804,4.5,-0.3882,-155.44,1.228,-0.484,0.0,-0.5,0.9523,1.5833,0.6052,140.578
7.274,1.5383,-2.0112,-162.57,5.7339,-1.3804,4.5003,-0.388,-156.34,1.228,-0.484,0.0,-0.5,0.9525,1.5832,0.6052,140.578
7.325,1.5383,-2.0112,-162.57,5.7339,-1.3804,4.5008,-0.3878,-157.7,1.228,-0.484,0.0,-0.5,0.9528,1.5829,0.6052,140.578
7.376,1.4257,-2.1119,-167.97,5.6537,-1.5084,4.5013,-0.3876,-159.05,1.228,-0.484,0.0,-0.5,0.9531,1.6075,0.6176,140.578
7.427,1.4257,-2.1119,-167.97,5.6537,-1.5084,4.5015,-0.3876,-159.51,1.228,-0.484,0.0,-0.5,0.9532,1.6074,0.6176,140.578
7.478,1.3628,-2.1539,-170.69,5.6049,-1.5662,4.5018,-0.3874,-160.41,1.228,-0.484,0.0,-0.5,0.9534,1.6144,0.6684,140.578
7.529,1.3628,-2.1539,-170.69,5.6049,-1.5662,4.5023,-0.3873,-161.77,1.228,-0.484,0.0,-0.5,0.9538,1.6142,0.6684,140.578
7.58,1.3628,-2.1539,-170.69,5.6049,-1.5662,4.5028,-0.3871,-163.12,1.228,-0.484,0.0,-0.5,0.9541,1.6139,0.6684,140.578
7.631,1.2965,-2.1952,-173.38,5.5526,-1.6243,4.5034,-0.3869,-164.48,1.228,-0.484,0.0,-0.5,0.9545,1.6223,0.6504,140.578
7.682,1.2965,-2.1952,-173.38,5.5526,-1.6243,4.5039,-0.3868,-165.84,1.228,-0.484,0.0,-0.5,0.9548,1.6221,0.6504,140.578
7.737,1.2359,-2.236,-176.08,5.5058,-1.6803,4.5044,-0.3867,-167.19,1.228,-0.484,0.0,-0.5,0.9552,1.6359,0.6492,140.578
7.788,1.2359,-2.236,-176.08,5.5058,-1.6803,4.5049,-0.3866,-168.55,1.228,-0.484,0.0,-0.5,0.9556,1.6357,0.6492,140.578
7.84,1.1698,-2.2711,-178.79,5.452,-1.7324,4.5055,-0.3865,-169.91,1.228,-0.484,0.0,-0.5,0.956,1.6454,0.7008,143.589
7.892,1.1698,-2.2711,-178.79,5.452,-1.7324,4.506,-0.3864,-171.26,1.228,-0.484,0.0,-0.5,0.9564,1.6452,0.7008,143.589
7.943,1.097,-2.3015,178.5,5.3905,-1.7818,4.5065,-0.3863,-172.62,1.228,-0.484,0.0,-0.5,0.9568,1.652,0.6932,143.589
7.995,1.097,-2.3015,178.5,5.3905,-1.7818,4.507,-0.3862,-173.98,1.228,-0.484,0.0,-0.5,0.9572,1.6517,0.6932,143.589
8.046,1.027,-2.3266,175.81,5.3302,-1.8254,4.5076,-0.3862,-175.33,1.228,-0.484,0.0,-0.5,0.9576,1.6577,0.6856,143.589
8.098,1.027,-2.3266,175.81,5.3302,-1.8254,4.5081,-0.3861,-176.69,1.228,-0.484,0.0,-0.5,0.9581,1.6575,0.6856,143.589
8.151,0.9519,-2.351,173.07,5.2649,-1.8697,4.5088,-0.3861,-178.5,1.228,-0.484,0.0,-0.5,0.9586,1.6652,0.698,143.589
8.203,0.9519,-2.351,173.07,5.2649,-1.8697,4.5094,-0.3861,-179.86,1.228,-0.484,0.0,-0.5,0.9591,1.6649,0.698,143.589
8.254,0.8773,-2.3686,170.41,5.1981,-1.9073,4.5099,-0.3861,178.79,1.228,-0.484,0.0,-0.5,0.9596,1.6697,0.7152,143.589
8.306,0.8773,-2.3686,170.41,5.1981,-1.9073,4.5104,-0.3861,177.43,1.228,-0.484,0.0,-0.5,0.96,1.6694,0.7152,143.589
8.357,0.8036,-2.3853,167.73,5.1319,-1.9438,4.511,-0.3862,176.07,1.228,-0.484,0.0,-0.5,0.9605,1.6769,0.7076,143.589
8.408,0.8036,-2.3853,167.73,5.1319,-1.9438,4.5115,-0.3862,174.72,1.228,-0.484,0.0,-0.5,0.961,1.6766,0.7076,146.004
8.459,0.7272,-2.3977,165.03,5.062,-1.977,4.512,-0.3863,173.36,1.228,-0.484,0.0,-0.5,0.9614,1.6831,0.7188,146.004
8.511,0.7272,-2.3977,165.03,5.062,-1.977,4.5126,-0.3863,172.0,1.228,-0.484,0.0,-0.5,0.9619,1.6829,0.7188,146.004
8.563,0.6432,-2.4066,162.38,4.9838,-2.0088,4.5131,-0.3864,170.65,1.228,-0.484,0.0,-0.5,0.9624,1.6893,0.6916,146.004
8.614,0.5669,-2.4147,159.68,4.9128,-2.0378,4.5136,-0.3865,169.29,1.228,-0.484,0.0,-0.5,0.9629,1.6989,0.6896,146.004
8.665,0.5669,-2.4147,159.68,4.9128,-2.0378,4.5142,-0.3866,167.94,1.228,-0.484,0.0,-0.5,0.9634,1.6986,0.6896,146.004
8.717,0.5669,-2.4147,159.68,4.9128,-2.0378,4.5145,-0.3867,167.03,1.228,-0.484,0.0,-0.5,0.9638,1.6985,0.6896,146.004
8.768,0.486,-2.4171,156.97,4.8357,-2.0626,4.5152,-0.3868,165.22,1.228,-0.484,0.0,-0.5,0.9644,1.7061,0.716,146.004
8.82,0.486,-2.4171,156.97,4.8357,-2.0626,4.5157,-0.387,163.87,1.228,-0.484,0.0,-0.5,0.965,1.7059,0.716,148.991
8.871,0.4052,-2.4108,154.35,4.7563,-2.079,4.5162,-0.3871,162.51,1.228,-0.484,0.0,-0.5,0.9655,1.7088,0.7144,148.991
8.923,0.4052,-2.4108,154.35,4.7563,-2.079,4.5168,-0.3873,161.15,1.228,-0.484,0.0,-0.5,0.966,1.7086,0.7144,148.991
8.974,0.4052,-2.4108,154.35,4.7563,-2.079,4.5173,-0.3875,159.8,1.228,-0.484,0.0,-0.5,0.9665,1.7083,0.7144,148.991
9.025,0.4052,-2.4108,154.35,4.7563,-2.079,4.5174,-0.3875,159.34,1.228,-0.484,0.0,-0.5,0.9667,1.7082,0.7144,148.991
9.076,0.2403,-2.4009,149.03,4.5952,-2.1153,4.5178,-0.3877,158.44,1.228,-0.484,0.0,-0.5,0.967,1.7294,0.6908,148.991
9.127,0.2403,-2.4009,149.03,4.5952,-2.1153,4.5183,-0.3879,157.08,1.228,-0.484,0.0,-0.5,0.9676,1.7291,0.6908,148.991
9.178,0.2403,-2.4009,149.03,4.5952,-2.1153,4.5188,-0.3881,155.73,1.228,-0.484,0.0,-0.5,0.9681,1.7289,0.6908,148.991
9.229,0.1602,-2.3782,146.31,4.5119,-2.1158,4.5188,-0.3881,155.73,1.228,-0.484,0.0,-0.5,0.9681,1.7277,0.3028,148.991
9.28,0.0847,-2.3691,143.63,4.4369,-2.128,4.5189,-0.3882,155.27,1.228,-0.484,0.0,-0.5,0.9683,1.7418,0.7168,148.991
9.331,0.0847,-2.3691,143.63,4.4369,-2.128,4.5191,-0.3882,154.82,1.228,-0.484,0.0,-0.5,0.9685,1.7417,0.7168,148.991
9.382,0.0847,-2.3691,143.63,4.4369,-2.128,4.5196,-0.3885,153.47,1.228,-0.484,0.0,-0.5,0.969,1.7415,0.7168,148.991
9.433,0.0847,-2.3691,143.63,4.4369,-2.128,4.52,-0.3887,152.11,1.228,-0.484,0.0,-0.5,0.9695,1.7413,0.7168,148.991
9.485,0.0847,-2.3691,143.63,4.4369,-2.128,4.5205,-0.389,150.75,1.228,-0.484,0.0,-0.5,0.9701,1.741,0.7168,148.991
9.536,0.0847,-2.3691,143.63,4.4369,-2.128,4.521,-0.3892,149.4,1.228,-0.484,0.0,-0.5,0.9706,1.7408,0.7168,148.991
9.587,0.0847,-2.3691,143.63,4.4369,-2.128,4.5216,-0.3896,147.59,1.228,-0.484,0.0,-0.5,0.9713,1.7405,0.7168,152.546
9.64,-0.0777,-2.3201,138.21,4.2673,-2.126,4.5221,-0.3899,146.23,1.228,-0.484,0.0,-0.5,0.9719,1.7547,0.646,152.546
9.691,-0.0777,-2.3201,138.21,4.2673,-2.126,4.5225,-0.3902,144.88,1.228,-0.484,0.0,-0.5,0.9724,1.7545,0.646,152.546
9.742,-0.1486,-2.2909,135.52,4.1911,-2.1177,4.5229,-0.3905,143.52,1.228,-0.484,0.0,-0.5,0.9729,1.7587,0.6808,152.546
9.795,-0.1486,-2.2909,135.52,4.1911,-2.1177,4.5234,-0.3908,142.16,1.228,-0.484,0.0,-0.5,0.9735,1.7585,0.6808,152.546
9.846,-0.2307,-2.2552,132.8,4.1022,-2.1062,4.5238,-0.3912,140.81,1.228,-0.484,0.0,-0.5,0.974,1.7661,0.6824,152.546
9.897,-0.3019,-2.2174,130.13,4.0233,-2.0897,4.5242,-0.3915,139.45,1.228,-0.484,0.0,-0.5,0.9745,1.7705,0.6696,152.546
9.948,-0.3019,-2.2174,130.13,4.0233,-2.0897,4.5245,-0.3918,138.55,1.228,-0.484,0.0,-0.5,0.9749,1.7703,0.6696,152.546
9.999,-0.3019,-2.2174,130.13,4.0233,-2.0897,4.5246,-0.3919,138.09,1.228,-0.484,0.0,-0.5,0.9751,1.7702,0.6696,155.583
10.05,-0.3731,-2.1752,127.42,3.9432,-2.0689,4.525,-0.3922,136.74,1.228,-0.484,0.0,-0.5,0.9756,1.7747,0.3272,155.583
10.101,-0.3731,-2.1752,127.42,3.9432,-2.0689,4.5254,-0.3926,135.38,1.228,-0.484,0.0,-0.5,0.9761,1.7745,0.3272,155.583
10.152,-0.3731,-2.1752,127.42,3.9432,-2.0689,4.5258,-0.393,134.02,1.228,-0.484,0.0,-0.5,0.9767,1.7742,0.3272,155.583
10.203,-0.4485,-2.1269,124.69,3.8574,-2.0434,4.5258,-0.393,134.02,1.228,-0.484,0.0,-0.5,0.9767,1.7806,0.7216,155.583
10.255,-0.5104,-2.0786,122.02,3.7845,-2.0143,4.5261,-0.3934,132.67,1.228,-0.484,0.0,-0.5,0.9772,1.7825,0.6644,155.583
10.306,-0.5104,-2.0786,122.02,3.7845,-2.0143,4.5265,-0.3938,131.31,1.228,-0.484,0.0,-0.5,0.9777,1.7823,0.6644,155.583
10.357,-0.5104,-2.0786,122.02,3.7845,-2.0143,4.5268,-0.3942,129.96,1.228,-0.484,0.0,-0.5,0.9782,1.7821,0.6644,155.583
10.409,-0.5104,-2.0786,122.02,3.7845,-2.0143,4.5272,-0.3946,128.6,1.228,-0.484,0.0,-0.5,0.9787,1.7818,0.6644,155.583
10.46,-0.5776,-2.0226,119.33,3.7043,-1.9791,4.5275,-0.395,127.24,1.228,-0.484,0.0,-0.5,0.9792,1.7852,0.72,155.583
10.511,-0.5776,-2.0226,119.33,3.7043,-1.9791,4.5278,-0.3955,125.89,1.228,-0.484,0.0,-0.5,0.9797,1.7849,0.72,155.583
10.562,-0.5776,-2.0226,119.33,3.7043,-1.9791,4.5281,-0.3959,124.53,1.228,-0.484,0.0,-0.5,0.9802,1.7847,0.72,155.583
10.613,-0.5776,-2.0226,119.33,3.7043,-1.9791,4.5285,-0.3964,123.17,1.228,-0.484,0.0,-0.5,0.9807,1.7844,0.72,155.583
10.665,-0.7105,-1.9123,113.92,3.5461,-1.91,4.5287,-0.3968,121.82,1.228,-0.484,0.0,-0.5,0.9812,1.8043,0.3348,158.5
10.716,-0.7105,-1.9123,113.92,3.5461,-1.91,4.529,-0.3973,120.46,1.228,-0.484,0.0,-0.5,0.9817,1.804,0.3348,158.5
10.767,-0.7679,-1.8474,111.24,3.4729,-1.8637,4.5293,-0.3977,119.1,1.228,-0.484,0.0,-0.5,0.9821,1.8069,0.45,158.5
10.819,-0.8269,-1.7824,108.52,3.3981,-1.8176,4.5295,-0.3982,117.75,1.228,-0.484,0.0,-0.5,0.9826,1.8152,0.4192,158.5
10.87,-0.8269,-1.7824,108.52,3.3981,-1.8176,4.5298,-0.3987,116.39,1.228,-0.484,0.0,-0.5,0.9831,1.8149,0.4192,158.5
10.921,-0.8269,-1.7824,108.52,3.3981,-1.8176,4.53,-0.3992,115.03,1.228,-0.484,0.0,-0.5,0.9835,1.8147,0.4192,158.5
10.972,-0.8779,-1.7125,105.86,3.3297,-1.7646,4.5302,-0.3997,113.68,1.228,-0.484,0.0,-0.5,0.984,1.8178,0.4312,158.5
11.023,-0.9291,-1.6412,103.14,3.2608,-1.7103,4.5305,-0.4001,112.32,1.228,-0.484,0.0,-0.5,0.9844,1.8245,0.554,158.5
11.074,-0.9291,-1.6412,103.14,3.2608,-1.7103,4.5307,-0.4006,110.96,1.228,-0.484,0.0,-0.5,0.9849,1.8243,0.554,158.5
11.125,-0.9291,-1.6412,103.14,3.2608,-1.7103,4.5308,-0.4012,109.61,1.228,-0.484,0.0,-0.5,0.9853,1.824,0.554,158.5
11.176,-0.9291,-1.6412,103.14,3.2608,-1.7103,4.531,-0.4017,108.25,1.228,-0.484,0.0,-0.5,0.9857,1.8238,0.554,158.5
11.227,-0.9291,-1.6412,103.14,3.2608,-1.7103,4.5312,-0.4022,106.89,1.228,-0.484,0.0,-0.5,0.9861,1.8235,0.554,161.438
11.278,-1.0186,-1.4915,97.8,3.1332,-1.5914,4.5313,-0.4027,105.54,1.228,-0.484,0.0,-0.5,0.9865,1.8352,0.5328,161.438
11.33,-1.0568,-1.4111,95.08,3.0742,-1.5247,4.5315,-0.4032,104.18,1.228,-0.484,0.0,-0.5,0.9869,1.8389,0.5972,161.438
11.381,-1.0568,-1.4111,95.08,3.0742,-1.5247,4.5316,-0.4037,102.82,1.228,-0.484,0.0,-0.5,0.9873,1.8387,0.5972,161.438
11.432,-1.098,-1.3335,92.46,3.013,-1.4616,4.5317,-0.4043,101.47,1.228,-0.484,0.0,-0.5,0.9877,1.8505,0.582,161.438
11.483,-1.098,-1.3335,92.46,3.013,-1.4616,4.5318,-0.4048,100.11,1.228,-0.484,0.0,-0.5,0.988,1.8503,0.582,161.438
11.534,-1.1281,-1.2551,89.78,2.9624,-1.3947,4.5319,-0.4053,98.75,1.228,-0.484,0.0,-0.5,0.9884,1.8553,0.592,161.438
11.585,-1.1281,-1.2551,89.78,2.9624,-1.3947,4.532,-0.4058,97.4,1.228,-0.484,0.0,-0.5,0.9888,1.8551,0.592,161.438
11.637,-1.1281,-1.2551,89.78,2.9624,-1.3947,4.532,-0.4064,96.04,1.228,-0.484,0.0,-0.5,0.9891,1.8549,0.592,164.028
11.687,-1.1281,-1.2551,89.78,2.9624,-1.3947,4.5321,-0.4069,94.69,1.228,-0.484,0.0,-0.5,0.9894,1.8547,0.592,164.028
11.739,-1.1281,-1.2551,89.78,2.9624,-1.3947,4.5321,-0.4074,93.33,1.228,-0.484,0.0,-0.5,0.9897,1.8544,0.592,164.028
11.789,-1.1794,-1.0817,84.4,2.8649,-1.2423,4.5321,-0.4074,93.33,1.228,-0.484,0.0,-0.5,0.9897,1.8646,0.6656,164.028
11.841,-1.1957,-0.9955,81.69,2.8253,-1.1641,4.5322,-0.408,91.97,1.228,-0.484,0.0,-0.5,0.9901,1.8669,0.6328,164.028
11.892,-1.1957,-0.9955,81.69,2.8253,-1.1641,4.5322,-0.4085,90.62,1.228,-0.484,0.0,-0.5,0.9904,1.8667,0.6328,164.028
11.943,-1.1957,-0.9955,81.69,2.8253,-1.1641,4.5322,-0.409,89.26,1.228,-0.484,0.0,-0.5,0.9906,1.8664,0.6328,164.028
11.994,-1.1957,-0.9955,81.69,2.8253,-1.1641,4.5322,-0.4096,87.9,1.228,-0.484,0.0,-0.5,0.9909,1.8662,0.6328,164.028
12.045,-1.1957,-0.9955,81.69,2.8253,-1.1641,4.5321,-0.4101,86.55,1.228,-0.484,0.0,-0.5,0.9912,1.866,0.6328,164.028
12.097,-1.1957,-0.9955,81.69,2.8253,-1.1641,4.5321,-0.4107,85.19,1.228,-0.484,0.0,-0.5,0.9914,1.8657,0.6328,164.028
12.148,-1.2229,-0.8151,76.29,2.7491,-0.9983,4.532,-0.4112,83.83,1.228,-0.484,0.0,-0.5,0.9917,1.8772,0.6916,164.028
12.2,-1.2229,-0.8151,76.29,2.7491,-0.9983,4.532,-0.4117,82.48,1.228,-0.484,0.0,-0.5,0.9919,1.877,0.6916,164.028
12.252,-1.2299,-0.7253,73.59,2.7173,-0.914,4.5319,-0.4123,81.12,1.228,-0.484,0.0,-0.5,0.9922,1.8827,0.696,166.171
12.303,-1.2299,-0.7253,73.59,2.7173,-0.914,4.5318,-0.4128,79.76,1.228,-0.484,0.0,-0.5,0.9924,1.8824,0.696,166.171
12.354,-1.2302,-0.645,70.91,2.6948,-0.837,4.5317,-0.4133,78.41,1.228,-0.484,0.0,-0.5,0.9926,1.8852,0.7124,166.171
12.406,-1.2245,-0.5479,68.16,2.6732,-0.7421,4.5316,-0.4138,77.05,1.228,-0.484,0.0,-0.5,0.9928,1.8871,0.6904,166.171
12.457,-1.2245,-0.5479,68.16,2.6732,-0.7421,4.5315,-0.4144,75.69,1.228,-0.484,0.0,-0.5,0.9929,1.8869,0.6904,166.171
12.508,-1.2167,-0.4581,65.48,2.6558,-0.6536,4.5313,-0.4149,74.34,1.228,-0.484,0.0,-0.5,0.9931,1.8907,0.6904,166.171
12.559,-1.2167,-0.4581,65.48,2.6558,-0.6536,4.5312,-0.4154,72.98,1.228,-0.484,0.0,-0.5,0.9933,1.8905,0.6904,166.171
12.61,-1.2167,-0.4581,65.48,2.6558,-0.6536,4.531,-0.4159,71.62,1.228,-0.484,0.0,-0.5,0.9934,1.8903,0.6904,166.171
12.661,-1.2066,-0.3662,62.76,2.64,-0.5625,4.5309,-0.4164,70.27,1.228,-0.484,0.0,-0.5,0.9935,1.8965,0.712,166.171
12.713,-1.2066,-0.3662,62.76,2.64,-0.5625,4.5307,-0.4169,68.91,1.228,-0.484,0.0,-0.5,0.9936,1.8963,0.712,166.171
12.764,-1.1936,-0.2779,60.05,2.628,-0.4741,4.5305,-0.4174,67.55,1.228,-0.484,0.0,-0.5,0.9937,1.9033,0.696,166.171
12.816,-1.1936,-0.2779,60.05,2.628,-0.4741,4.5303,-0.4179,66.2,1.228,-0.484,0.0,-0.5,0.9938,1.9031,0.696,168.434
12.867,-1.1729,-0.1867,57.36,2.6225,-0.3807,4.53,-0.4184,64.84,1.228,-0.484,0.0,-0.5,0.9939,1.9079,0.6776,168.434
12.918,-1.1461,-0.1001,54.65,2.6242,-0.2901,4.5298,-0.4189,63.48,1.228,-0.484,0.0,-0.5,0.994,1.91,0.7324,168.434
12.969,-1.1461,-0.1001,54.65,2.6242,-0.2901,4.5296,-0.4194,62.13,1.228,-0.484,0.0,-0.5,0.9941,1.9098,0.7324,168.434
13.02,-1.1182,-0.0116,51.95,2.6264,-0.1973,4.5293,-0.4198,60.77,1.228,-0.484,0.0,-0.5,0.9941,1.9159,0.6988,168.434
13.071,-1.1182,-0.0116,51.95,2.6264,-0.1973,4.529,-0.4203,59.42,1.228,-0.484,0.0,-0.5,0.9941,1.9156,0.6988,168.434
13.122,-1.1182,-0.0116,51.95,2.6264,-0.1973,4.5288,-0.4208,58.06,1.228,-0.484,0.0,-0.5,0.9941,1.9154,0.6988,168.434
13.173,-1.0858,0.0769,49.26,2.633,-0.1034,4.5285,-0.4212,56.7,1.228,-0.484,0.0,-0.5,0.9942,1.9219,0.7,168.434
13.225,-1.0858,0.0769,49.26,2.633,-0.1034,4.5282,-0.4217,55.35,1.228,-0.484,0.0,-0.5,0.9941,1.9217,0.7,170.32
13.277,-1.0517,0.1618,46.55,2.6422,-0.0123,4.5279,-0.4221,53.99,1.228,-0.484,0.0,-0.5,0.9941,1.9297,0.7184,170.32
13.329,-1.0517,0.1618,46.55,2.6422,-0.0123,4.5275,-0.4225,52.63,1.228,-0.484,0.0,-0.5,0.9941,1.9295,0.7184,170.32
13.38,-1.008,0.2432,43.87,2.6615,0.078,4.5272,-0.423,51.28,1.228,-0.484,0.0,-0.5,0.9941,1.9318,0.6488,170.32
13.432,-0.9644,0.3277,41.17,2.6799,0.1712,4.5269,-0.4234,49.92,1.228,-0.484,0.0,-0.5,0.994,1.9403,0.63,170.32
13.482,-0.9644,0.3277,41.17,2.6799,0.1712,4.5265,-0.4238,48.56,1.228,-0.484,0.0,-0.5,0.9939,1.9401,0.63,170.32
13.534,-0.9644,0.3277,41.17,2.6799,0.1712,4.5262,-0.4242,47.21,1.228,-0.484,0.0,-0.5,0.9939,1.9399,0.63,170.32
13.585,-0.9182,0.4043,38.47,2.703,0.2577,4.5258,-0.4246,45.85,1.228,-0.484,0.0,-0.5,0.9938,1.9463,0.6412,170.32
13.636,-0.8653,0.4807,35.79,2.7326,0.3458,4.5254,-0.425,44.5,1.228,-0.484,0.0,-0.5,0.9937,1.9515,0.6436,170.32
13.687,-0.8653,0.4807,35.79,2.7326,0.3458,4.525,-0.4253,43.14,1.228,-0.484,0.0,-0.5,0.9935,1.9513,0.6436,170.32
13.738,-0.8653,0.4807,35.79,2.7326,0.3458,4.5246,-0.4257,41.78,1.228,-0.484,0.0,-0.5,0.9934,1.9511,0.6436,170.32
13.79,-0.8085,0.5576,33.08,2.7658,0.4355,4.5242,-0.4261,40.43,1.228,-0.484,0.0,-0.5,0.9933,1.9581,0.546,170.32
13.842,-0.8085,0.5576,33.08,2.7658,0.4355,4.5238,-0.4264,39.07,1.228,-0.484,0.0,-0.5,0.9931,1.9579,0.546,172.246
13.893,-0.7486,0.6279,30.36,2.8038,0.5196,4.5234,-0.4267,37.71,1.228,-0.484,0.0,-0.5,0.993,1.9628,0.6584,172.246
13.943,-0.7486,0.6279,30.36,2.8038,0.5196,4.5234,-0.4267,37.71,1.228,-0.484,0.0,-0.5,0.993,1.9628,0.6584,172.246
13.994,-0.6792,0.6951,27.68,2.8518,0.6034,4.523,-0.4271,36.36,1.228,-0.484,0.0,-0.5,0.9928,1.9633,0.5872,172.246
14.045,-0.6792,0.6951,27.68,2.8518,0.6034,4.5225,-0.4274,35.0,1.228,-0.484,0.0,-0.5,0.9926,1.9631,0.5872,172.246
14.096,-0.6792,0.6951,27.68,2.8518,0.6034,4.5221,-0.4277,33.64,1.228,-0.484,0.0,-0.5,0.9924,1.9629,0.5872,172.246
14.148,-0.61,0.7641,24.93,2.8992,0.689,4.5216,-0.428,32.29,1.228,-0.484,0.0,-0.5,0.9922,1.9698,0.58,172.246
14.199,-0.61,0.7641,24.93,2.8992,0.689,4.5212,-0.4283,30.93,1.228,-0.484,0.0,-0.5,0.992,1.9695,0.58,172.246
14.25,-0.5432,0.8269,22.23,2.9459,0.7678,4.521,-0.4284,30.48,1.228,-0.484,0.0,-0.5,0.9919,1.9778,0.5848,172.246
14.301,-0.4651,0.8792,19.55,3.0064,0.8398,4.5207,-0.4285,29.58,1.228,-0.484,0.0,-0.5,0.9917,1.9753,0.5788,172.246
14.352,-0.4651,0.8792,19.55,3.0064,0.8398,4.5202,-0.4288,28.22,1.228,-0.484,0.0,-0.5,0.9915,1.9751,0.5788,172.246
14.404,-0.4651,0.8792,19.55,3.0064,0.8398,4.5198,-0.429,26.86,1.228,-0.484,0.0,-0.5,0.9912,1.9749,0.5788,172.246
14.455,-0.4651,0.8792,19.55,3.0064,0.8398,4.5193,-0.4293,25.51,1.228,-0.484,0.0,-0.5,0.991,1.9747,0.5788,174.184
14.506,-0.3916,0.9421,16.85,3.0596,0.9206,4.5188,-0.4295,24.15,1.228,-0.484,0.0,-0.5,0.9907,1.988,0.4748,174.184
14.558,-0.3097,0.9936,14.14,3.1239,0.9929,4.5183,-0.4297,22.79,1.228,-0.484,0.0,-0.5,0.9904,1.992,0.6056,174.184
14.609,-0.3097,0.9936,14.14,3.1239,0.9929,4.5178,-0.4299,21.44,1.228,-0.484,0.0,-0.5,0.9901,1.9918,0.6056,174.184
14.66,-0.2193,1.0429,11.37,3.197,1.0653,4.5173,-0.4301,20.08,1.228,-0.484,0.0,-0.5,0.9898,1.9948,0.4824,174.184
14.711,-0.2193,1.0429,11.37,3.197,1.0653,4.5168,-0.4303,18.72,1.228,-0.484,0.0,-0.5,0.9895,1.9946,0.4824,174.184
14.763,-0.2193,1.0429,11.37,3.197,1.0653,4.5163,-0.4305,17.37,1.228,-0.484,0.0,-0.5,0.9891,1.9944,0.4824,174.184
14.814,-0.1416,1.0869,8.7,3.2595,1.1292,4.5158,-0.4306,16.01,1.228,-0.484,0.0,-0.5,0.9888,2.0028,0.5916,174.184
14.865,-0.1416,1.0869,8.7,3.2595,1.1292,4.5153,-0.4308,14.65,1.228,-0.484,0.0,-0.5,0.9885,2.0026,0.5916,177.231
14.916,-0.0597,1.1289,5.98,3.3265,1.1923,4.5149,-0.4308,13.75,1.228,-0.484,0.0,-0.5,0.9882,2.0117,0.5844,177.231
14.967,-0.0597,1.1289,5.98,3.3265,1.1923,4.5147,-0.4309,13.3,1.228,-0.484,0.0,-0.5,0.9881,2.0116,0.5844,177.231
15.018,0.034,1.1625,3.31,3.4071,1.2505,4.5142,-0.431,11.94,1.228,-0.484,0.0,-0.5,0.9877,2.0133,0.4908,177.231
15.069,0.034,1.1625,3.31,3.4071,1.2505,4.5137,-0.4311,10.58,1.228,-0.484,0.0,-0.5,0.9874,2.0131,0.4908,177.231
15.12,0.1235,1.1944,0.58,3.4842,1.3061,4.5135,-0.4311,10.13,1.228,-0.484,0.0,-0.5,0.9872,2.0193,0.574,177.231
15.171,0.1235,1.1944,0.58,3.4842,1.3061,4.5132,-0.4312,9.23,1.228,-0.484,0.0,-0.5,0.987,2.0191,0.574,177.231
15.221,0.1235,1.1944,0.58,3.4842,1.3061,4.5126,-0.4313,7.87,1.228,-0.484,0.0,-0.5,0.9866,2.0189,0.574,177.231
15.273,0.1235,1.1944,0.58,3.4842,1.3061,4.5121,-0.4314,6.51,1.228,-0.484,0.0,-0.5,0.9862,2.0187,0.574,177.231
15.324,0.2144,1.2223,-2.11,3.5638,1.3581,4.5116,-0.4314,5.16,1.228,-0.484,0.0,-0.5,0.9858,2.025,0.4596,177.231
15.376,0.2144,1.2223,-2.11,3.5638,1.3581,4.511,-0.4315,3.8,1.228,-0.484,0.0,-0.5,0.9854,2.0248,0.4596,177.231
15.426,0.3084,1.2426,-4.81,3.6485,1.4037,4.5105,-0.4315,2.44,1.228,-0.484,0.0,-0.5,0.9849,2.0275,0.472,177.231
15.478,0.3084,1.2426,-4.81,3.6485,1.4037,4.51,-0.4315,1.09,1.228,-0.484,0.0,-0.5,0.9845,2.0273,0.472,177.231
15.529,0.3084,1.2426,-4.81,3.6485,1.4037,4.5094,-0.4315,-0.27,1.228,-0.484,0.0,-0.5,0.9841,2.0271,0.472,177.231
15.58,0.3084,1.2426,-4.81,3.6485,1.4037,4.5089,-0.4315,-1.63,1.228,-0.484,0.0,-0.5,0.9836,2.0269,0.472,179.421
15.631,0.3084,1.2426,-4.81,3.6485,1.4037,4.5084,-0.4315,-2.98,1.228,-0.484,0.0,-0.5,0.9832,2.0266,0.472,179.421
15.682,0.5892,1.2886,-12.9,3.9054,1.5259,4.5082,-0.4315,-3.43,1.228,-0.484,0.0,-0.5,0.983,2.048,0.4712,179.421
15.732,0.5892,1.2886,-12.9,3.9054,1.5259,4.5078,-0.4314,-4.34,1.228,-0.484,0.0,-0.5,0.9827,2.0479,0.4712,179.421
15.783,0.5892,1.2886,-12.9,3.9054,1.5259,4.5073,-0.4314,-5.69,1.228,-0.484,0.0,-0.5,0.9822,2.0477,0.4712,179.421
15.835,0.5892,1.2886,-12.9,3.9054,1.5259,4.5067,-0.4313,-7.05,1.228,-0.484,0.0,-0.5,0.9818,2.0475,0.4712,179.421
15.887,0.6877,1.2913,-15.6,3.9993,1.5559,4.5062,-0.4313,-8.41,1.228,-0.484,0.0,-0.5,0.9813,2.0508,0.5848,179.421
15.938,0.6877,1.2913,-15.6,3.9993,1.5559,4.5057,-0.4312,-9.76,1.228,-0.484,0.0,-0.5,0.9808,2.0506,0.5848,179.421
15.989,0.7863,1.2947,-18.33,4.0932,1.5865,4.5052,-0.4311,-11.12,1.228,-0.484,0.0,-0.5,0.9803,2.0592,0.4844,179.421
16.041,0.7863,1.2947,-18.33,4.0932,1.5865,4.5046,-0.431,-12.48,1.228,-0.484,0.0,-0.5,0.9798,2.059,0.4844,181.494
16.091,0.8793,1.2946,-21.01,4.1825,1.6123,4.5041,-0.4309,-13.83,1.228,-0.484,0.0,-0.5,0.9793,2.0683,0.5556,181.494
16.142,0.8793,1.2946,-21.01,4.1825,1.6123,4.5041,-0.4309,-13.83,1.228,-0.484,0.0,-0.5,0.9793,2.0683,0.5556,181.494
16.193,0.9752,1.2834,-23.75,4.2777,1.6282,4.5036,-0.4307,-15.19,1.228,-0.484,0.0,-0.5,0.9788,2.0712,0.5376,181.494
16.244,0.9752,1.2834,-23.75,4.2777,1.6282,4.5031,-0.4306,-16.55,1.228,-0.484,0.0,-0.5,0.9783,2.071,0.5376,181.494
16.296,0.9752,1.2834,-23.75,4.2777,1.6282,4.5026,-0.4304,-17.9,1.228,-0.484,0.0,-0.5,0.9778,2.0708,0.5376,181.494
16.347,1.0754,1.2664,-26.47,4.3787,1.6397,4.502,-0.4303,-19.26,1.228,-0.484,0.0,-0.5,0.9773,2.0736,0.486,181.494
16.398,1.0754,1.2664,-26.47,4.3787,1.6397,4.5015,-0.4301,-20.62,1.228,-0.484,0.0,-0.5,0.9768,2.0734,0.486,181.494
16.449,1.1752,1.2496,-29.15,4.4792,1.6512,4.501,-0.4299,-21.97,1.228,-0.484,0.0,-0.5,0.9762,2.0812,0.592,181.494
16.5,1.267,1.2301,-31.83,4.5729,1.658,4.5009,-0.4298,-22.42,1.228,-0.484,0.0,-0.5,0.9761,2.0891,0.5852,181.494
16.551,1.267,1.2301,-31.83,4.5729,1.658,4.5005,-0.4297,-23.33,1.228,-0.484,0.0,-0.5,0.9757,2.0889,0.5852,181.494
16.602,1.267,1.2301,-31.83,4.5729,1.658,4.5001,-0.4295,-24.68,1.228,-0.484,0.0,-0.5,0.9752,2.0887,0.5852,181.494
16.653,1.267,1.2301,-31.83,4.5729,1.658,4.4996,-0.4292,-26.04,1.228,-0.484,0.0,-0.5,0.9746,2.0885,0.5852,182.866
16.704,1.3638,1.199,-34.57,4.6745,1.655,4.4991,-0.429,-27.4,1.228,-0.484,0.0,-0.5,0.9741,2.0913,0.5908,182.866
16.755,1.3638,1.199,-34.57,4.6745,1.655,4.4986,-0.4287,-28.75,1.228,-0.484,0.0,-0.5,0.9736,2.0911,0.5908,182.866
16.806,1.4482,1.1808,-37.22,4.7606,1.661,4.4981,-0.4285,-30.11,1.228,-0.484,0.0,-0.5,0.973,2.1059,0.296,182.866
16.857,1.5484,1.1438,-39.94,4.8672,1.6533,4.498,-0.4284,-30.56,1.228,-0.484,0.0,-0.5,0.9729,2.1142,0.474,182.866
16.908,1.5484,1.1438,-39.94,4.8672,1.6533,4.4977,-0.4282,-31.47,1.228,-0.484,0.0,-0.5,0.9725,2.114,0.474,182.866
16.959,1.5484,1.1438,-39.94,4.8672,1.6533,4.4974,-0.428,-32.37,1.228,-0.484,0.0,-0.5,0.9721,2.1139,0.474,182.866
17.01,1.6384,1.0994,-42.65,4.966,1.6356,4.4972,-0.4279,-32.82,1.228,-0.484,0.0,-0.5,0.972,2.1161,0.4052,182.866
17.061,1.6384,1.0994,-42.65,4.966,1.6356,4.4968,-0.4276,-34.18,1.228,-0.484,0.0,-0.5,0.9714,2.1159,0.4052,182.866
17.111,1.6384,1.0994,-42.65,4.966,1.6356,4.4963,-0.4273,-35.54,1.228,-0.484,0.0,-0.5,0.9709,2.1157,0.4052,182.866
17.163,1.7231,1.0595,-45.33,5.0584,1.6208,4.4959,-0.427,-36.89,1.228,-0.484,0.0,-0.5,0.9704,2.1237,0.54,182.866
17.213,1.7231,1.0595,-45.33,5.0584,1.6208,4.4955,-0.4267,-38.25,1.228,-0.484,0.0,-0.5,0.9698,2.1235,0.54,182.866
17.266,1.7231,1.0595,-45.33,5.0584,1.6208,4.4951,-0.4263,-39.61,1.228,-0.484,0.0,-0.5,0.9693,2.1233,0.54,182.866
17.317,1.8006,1.0148,-48.05,5.1453,1.5994,4.4951,-0.4263,-39.61,1.228,-0.484,0.0,-0.5,0.9693,2.1275,0.5068,182.866
17.369,1.8006,1.0148,-48.05,5.1453,1.5994,4.4946,-0.426,-40.96,1.228,-0.484,0.0,-0.5,0.9687,2.1273,0.5068,184.622
17.42,1.888,0.9582,-50.75,5.245,1.5693,4.4942,-0.4256,-42.32,1.228,-0.484,0.0,-0.5,0.9682,2.1315,0.5008,184.622
17.471,1.888,0.9582,-50.75,5.245,1.5693,4.4938,-0.4253,-43.67,1.228,-0.484,0.0,-0.5,0.9677,2.1313,0.5008,184.622
17.522,1.888,0.9582,-50.75,5.245,1.5693,4.4935,-0.4249,-45.03,1.228,-0.484,0.0,-0.5,0.9671,2.1311,0.5008,184.622
17.573,1.97,0.9038,-53.46,5.3388,1.5398,4.4931,-0.4245,-46.39,1.228,-0.484,0.0,-0.5,0.9666,2.1386,0.5812,184.622
17.624,2.0468,0.8343,-56.17,5.4319,1.4944,4.4927,-0.4241,-47.74,1.228,-0.484,0.0,-0.5,0.9661,2.136,0.5796,184.622
17.675,2.0468,0.8343,-56.17,5.4319,1.4944,4.4924,-0.4237,-49.1,1.228,-0.484,0.0,-0.5,0.9656,2.1358,0.5796,184.622
17.726,2.0468,0.8343,-56.17,5.4319,1.4944,4.492,-0.4233,-50.46,1.228,-0.484,0.0,-0.5,0.9651,2.1356,0.5796,184.622
17.777,2.1186,0.7788,-58.88,5.5163,1.461,4.4917,-0.4229,-51.81,1.228,-0.484,0.0,-0.5,0.9645,2.1445,0.6048,184.622
17.829,2.1186,0.7788,-58.88,5.5163,1.461,4.4913,-0.4224,-53.17,1.228,-0.484,0.0,-0.5,0.964,2.1443,0.6048,184.622
17.881,2.1935,0.7094,-61.56,5.6076,1.4151,4.491,-0.422,-54.53,1.228,-0.484,0.0,-0.5,0.9635,2.1498,0.59,186.096
17.932,2.1935,0.7094,-61.56,5.6076,1.4151,4.4907,-0.4216,-55.88,1.228,-0.484,0.0,-0.5,0.963,2.1496,0.59,186.096
17.984,2.2577,0.6444,-64.29,5.6873,1.3706,4.4904,-0.4211,-57.24,1.228,-0.484,0.0,-0.5,0.9625,2.1547,0.4824,186.096
18.035,2.2577,0.6444,-64.29,5.6873,1.3706,4.4901,-0.4207,-58.6,1.228,-0.484,0.0,-0.5,0.962,2.1545,0.4824,186.096
18.086,2.3189,0.5726,-66.99,5.766,1.3186,4.4899,-0.4202,-59.95,1.228,-0.484,0.0,-0.5,0.9615,2.1568,0.596,186.096
18.138,2.3189,0.5726,-66.99,5.766,1.3186,4.4896,-0.4197,-61.31,1.228,-0.484,0.0,-0.5,0.9611,2.1566,0.596,186.096
18.189,2.3832,0.4882,-69.7,5.8512,1.2553,4.4893,-0.4193,-62.66,1.228,-0.484,0.0,-0.5,0.9606,2.1584,0.5968,186.096
18.24,2.4403,0.4156,-72.43,5.9263,1.2015,4.4891,-0.4188,-64.02,1.228,-0.484,0.0,-0.5,0.9601,2.1658,0.6104,186.096
18.291,2.4403,0.4156,-72.43,5.9263,1.2015,4.4889,-0.4183,-65.38,1.228,-0.484,0.0,-0.5,0.9596,2.1656,0.6104,186.096
18.346,2.4403,0.4156,-72.43,5.9263,1.2015,4.4887,-0.4178,-66.73,1.228,-0.484,0.0,-0.5,0.9592,2.1654,0.6104,186.096
18.397,2.4956,0.3287,-75.13,6.0035,1.1334,4.4884,-0.4173,-68.09,1.228,-0.484,0.0,-0.5,0.9587,2.168,0.5748,186.096
18.448,2.4956,0.3287,-75.13,6.0035,1.1334,4.4883,-0.4168,-69.45,1.228,-0.484,0.0,-0.5,0.9583,2.1677,0.5748,186.016
18.499,2.4956,0.3287,-75.13,6.0035,1.1334,4.4882,-0.4166,-69.9,1.228,-0.484,0.0,-0.5,0.9581,2.1677,0.5748,186.016
18.55,2.589,0.1577,-80.57,6.1407,0.995,4.4881,-0.4165,-70.35,1.228,-0.484,0.0,-0.5,0.958,2.1733,0.58,186.016
18.601,2.589,0.1577,-80.57,6.1407,0.995,4.4881,-0.4163,-70.8,1.228,-0.484,0.0,-0.5,0.9579,2.1733,0.58,186.016
18.652,2.589,0.1577,-80.57,6.1407,0.995,4.4879,-0.4158,-72.16,1.228,-0.484,0.0,-0.5,0.9574,2.1731,0.58,186.016
18.702,2.589,0.1577,-80.57,6.1407,0.995,4.4877,-0.4153,-73.52,1.228,-0.484,0.0,-0.5,0.957,2.1728,0.58,186.016
18.754,2.6314,0.0698,-83.26,6.2059,0.9224,4.4876,-0.4148,-74.87,1.228,-0.484,0.0,-0.5,0.9566,2.1773,0.6596,186.016
18.804,2.6314,0.0698,-83.26,6.2059,0.9224,4.4875,-0.4143,-76.23,1.228,-0.484,0.0,-0.5,0.9562,2.1771,0.6596,186.016
18.856,2.6314,0.0698,-83.26,6.2059,0.9224,4.4873,-0.4137,-77.59,1.228,-0.484,0.0,-0.5,0.9558,2.1768,0.6596,186.016
18.907,2.6314,0.0698,-83.26,6.2059,0.9224,4.4872,-0.4132,-78.94,1.228,-0.484,0.0,-0.5,0.9554,2.1766,0.6596,186.016
18.958,2.6314,0.0698,-83.26,6.2059,0.9224,4.4872,-0.4132,-78.94,1.228,-0.484,0.0,-0.5,0.9554,2.1766,0.6596,186.016
19.009,2.7065,-0.1159,-88.68,6.3296,0.7648,4.4871,-0.4127,-80.3,1.228,-0.484,0.0,-0.5,0.955,2.1866,0.5668,186.07
19.06,2.7065,-0.1159,-88.68,6.3296,0.7648,4.487,-0.4121,-81.66,1.228,-0.484,0.0,-0.5,0.9547,2.1864,0.5668,186.07
19.111,2.7065,-0.1159,-88.68,6.3296,0.7648,4.487,-0.4116,-83.01,1.228,-0.484,0.0,-0.5,0.9543,2.1862,0.5668,186.07
19.162,2.7377,-0.2075,-91.36,6.385,0.6855,4.4869,-0.4111,-84.37,1.228,-0.484,0.0,-0.5,0.954,2.1921,0.5864,186.07
19.213,2.7595,-0.3082,-94.1,6.4339,0.5948,4.4869,-0.4106,-85.73,1.228,-0.484,0.0,-0.5,0.9536,2.1913,0.5696,186.07
19.264,2.7595,-0.3082,-94.1,6.4339,0.5948,4.4868,-0.41,-87.08,1.228,-0.484,0.0,-0.5,0.9533,2.191,0.5696,186.07
19.315,2.7595,-0.3082,-94.1,6.4339,0.5948,4.4868,-0.4095,-88.44,1.228,-0.484,0.0,-0.5,0.953,2.1908,0.5696,186.07
19.366,2.7822,-0.4031,-96.81,6.4821,0.5099,4.4868,-0.4089,-89.79,1.228,-0.484,0.0,-0.5,0.9527,2.1967,0.6004,186.07
19.417,2.7822,-0.4031,-96.81,6.4821,0.5099,4.4868,-0.4084,-91.15,1.228,-0.484,0.0,-0.5,0.9524,2.1965,0.6004,186.07
19.468,2.7961,-0.5042,-99.5,6.5235,0.4167,4.4868,-0.4079,-92.51,1.228,-0.484,0.0,-0.5,0.9521,2.1973,0.5832,186.07
19.52,2.7961,-0.5042,-99.5,6.5235,0.4167,4.4868,-0.4073,-93.86,1.228,-0.484,0.0,-0.5,0.9518,2.197,0.5832,186.07
19.571,2.8069,-0.6062,-102.19,6.5622,0.3217,4.4869,-0.4068,-95.22,1.228,-0.484,0.0,-0.5,0.9515,2.1995,0.61,186.07
19.622,2.8167,-0.7072,-104.91,6.5998,0.2274,4.4869,-0.4063,-96.58,1.228,-0.484,0.0,-0.5,0.9513,2.2058,0.5868,186.125
19.673,2.8167,-0.7072,-104.91,6.5998,0.2274,4.487,-0.4057,-97.93,1.228,-0.484,0.0,-0.5,0.951,2.2056,0.5868,186.125
19.724,2.8187,-0.7989,-107.63,6.6271,0.1398,4.4871,-0.4052,-99.29,1.228,-0.484,0.0,-0.5,0.9508,2.2083,0.5992,186.125
19.775,2.8187,-0.7989,-107.63,6.6271,0.1398,4.4872,-0.4047,-100.65,1.228,-0.484,0.0,-0.5,0.9506,2.2081,0.5992,186.125
19.826,2.8107,-0.8955,-110.35,6.6462,0.0448,4.4873,-0.4041,-102.0,1.228,-0.484,0.0,-0.5,0.9504,2.2051,0.5912,186.125
19.877,2.8107,-0.8955,-110.35,6.6462,0.0448,4.4874,-0.4036,-103.36,1.228,-0.484,0.0,-0.5,0.9502,2.2049,0.5912,186.125
19.928,2.7972,-1.0007,-113.13,6.6625,-0.0599,4.4874,-0.4036,-103.36,1.228,-0.484,0.0,-0.5,0.9502,2.2021,0.4676,186.125
19.979,2.7972,-1.0007,-113.13,6.6625,-0.0599,4.4875,-0.4031,-104.72,1.228,-0.484,0.0,-0.5,0.95,2.2019,0.4676,186.125
20.03,2.7972,-1.0007,-113.13,6.6625,-0.0599,4.4877,-0.4026,-106.07,1.228,-0.484,0.0,-0.5,0.9498,2.2017,0.4676,186.125
20.08,2.7972,-1.0007,-113.13,6.6625,-0.0599,4.4878,-0.4021,-107.43,1.228,-0.484,0.0,-0.5,0.9497,2.2015,0.4676,186.125
20.132,2.7931,-1.0968,-115.79,6.6852,-0.1534,4.488,-0.4016,-108.79,1.228,-0.484,0.0,-0.5,0.9495,2.2112,0.612,186.125
20.184,2.7931,-1.0968,-115.79,6.6852,-0.1534,4.488,-0.4016,-108.79,1.228,-0.484,0.0,-0.5,0.9495,2.2112,0.612,186.572
20.235,2.7704,-1.1974,-118.65,6.6914,-0.2564,4.4882,-0.401,-110.14,1.228,-0.484,0.0,-0.5,0.9494,2.208,0.4564,186.572
20.286,2.7704,-1.1974,-118.65,6.6914,-0.2564,4.4884,-0.4005,-111.5,1.228,-0.484,0.0,-0.5,0.9493,2.2077,0.4564,186.572
20.338,2.7704,-1.1974,-118.65,6.6914,-0.2564,4.4886,-0.4,-112.86,1.228,-0.484,0.0,-0.5,0.9492,2.2075,0.4564,186.572
20.389,2.7509,-1.2932,-121.3,6.6993,-0.3538,4.4888,-0.3996,-114.21,1.228,-0.484,0.0,-0.5,0.9491,2.211,0.612,186.572
20.442,2.7509,-1.2932,-121.3,6.6993,-0.3538,4.489,-0.3991,-115.57,1.228,-0.484,0.0,-0.5,0.949,2.2108,0.612,186.572
20.493,2.7144,-1.389,-124.11,6.6908,-0.456,4.4892,-0.3986,-116.93,1.228,-0.484,0.0,-0.5,0.9489,2.2023,0.4704,186.572
20.544,2.6831,-1.482,-126.82,6.6866,-0.5541,4.4895,-0.3981,-118.28,1.228,-0.484,0.0,-0.5,0.9489,2.2026,0.578,186.572
20.595,2.6831,-1.482,-126.82,6.6866,-0.5541,4.4897,-0.3976,-119.64,1.228,-0.484,0.0,-0.5,0.9488,2.2024,0.578,186.572
20.647,2.6831,-1.482,-126.82,6.6866,-0.5541,4.49,-0.3972,-120.99,1.228,-0.484,0.0,-0.5,0.9488,2.2022,0.578,186.601
20.698,2.6497,-1.5692,-129.48,6.6787,-0.647,4.4903,-0.3967,-122.35,1.228,-0.484,0.0,-0.5,0.9488,2.2027,0.582,186.601
20.749,2.6497,-1.5692,-129.48,6.6787,-0.647,4.4906,-0.3963,-123.71,1.228,-0.484,0.0,-0.5,0.9488,2.2024,0.582,186.601
20.8,2.6077,-1.6684,-132.35,6.6659,-0.754,4.4909,-0.3958,-125.06,1.228,-0.484,0.0,-0.5,0.9488,2.2043,0.4464,186.601
20.852,2.6077,-1.6684,-132.35,6.6659,-0.754,4.4912,-0.3954,-126.42,1.228,-0.484,0.0,-0.5,0.9488,2.2041,0.4464,186.601
20.903,2.5599,-1.7571,-135.02,6.6446,-0.8525,4.4915,-0.395,-127.78,1.228,-0.484,0.0,-0.5,0.9488,2.2012,0.5676,186.601
20.954,2.5599,-1.7571,-135.02,6.6446,-0.8525,4.4919,-0.3945,-129.13,1.228,-0.484,0.0,-0.5,0.9489,2.2009,0.5676,186.601
21.005,2.5102,-1.8424,-137.84,6.6206,-0.9483,4.4922,-0.3941,-130.49,1.228,-0.484,0.0,-0.5,0.949,2.1993,0.4232,186.601
21.056,2.5102,-1.8424,-137.84,6.6206,-0.9483,4.4926,-0.3937,-131.84,1.228,-0.484,0.0,-0.5,0.949,2.1991,0.4232,186.601
21.108,2.4515,-1.9315,-140.61,6.589,-1.0501,4.4929,-0.3933,-133.2,1.228,-0.484,0.0,-0.5,0.9491,2.1965,0.4808,186.601
21.159,2.3982,-2.0072,-143.34,6.5588,-1.1377,4.4933,-0.3929,-134.56,1.228,-0.484,0.0,-0.5,0.9492,2.1957,0.456,186.601
21.21,2.3982,-2.0072,-143.34,6.5588,-1.1377,4.4937,-0.3925,-135.91,1.228,-0.484,0.0,-0.5,0.9493,2.1955,0.456,186.601
21.262,2.3362,-2.0872,-146.05,6.5214,-1.2318,4.4941,-0.3922,-137.27,1.228,-0.484,0.0,-0.5,0.9495,2.1943,0.582,187.148
21.313,2.3362,-2.0872,-146.05,6.5214,-1.2318,4.4946,-0.3917,-139.08,1.228,-0.484,0.0,-0.5,0.9496,2.194,0.582,187.148
21.365,2.2623,-2.1593,-148.88,6.4705,-1.3215,4.4949,-0.3915,-139.98,1.228,-0.484,0.0,-0.5,0.9497,2.1836,0.4336,187.148
21.416,2.2623,-2.1593,-148.88,6.4705,-1.3215,4.4954,-0.391,-141.79,1.228,-0.484,0.0,-0.5,0.95,2.1833,0.4336,187.148
21.468,2.2623,-2.1593,-148.88,6.4705,-1.3215,4.4958,-0.3907,-143.15,1.228,-0.484,0.0,-0.5,0.9501,2.183,0.4336,187.148
21.519,2.2623,-2.1593,-148.88,6.4705,-1.3215,4.4963,-0.3904,-144.5,1.228,-0.484,0.0,-0.5,0.9503,2.1828,0.4336,187.148
21.571,2.1175,-2.3026,-154.4,6.3712,-1.4994,4.4967,-0.3901,-145.86,1.228,-0.484,0.0,-0.5,0.9505,2.1781,0.448,187.148
21.622,2.1175,-2.3026,-154.4,6.3712,-1.4994,4.4972,-0.3898,-147.22,1.228,-0.484,0.0,-0.5,0.9508,2.1779,0.448,187.148
21.675,2.1175,-2.3026,-154.4,6.3712,-1.4994,4.4976,-0.3895,-148.57,1.228,-0.484,0.0,-0.5,0.951,2.1776,0.448,185.971
21.726,2.0459,-2.3689,-157.09,6.3208,-1.583,4.4981,-0.3892,-149.93,1.228,-0.484,0.0,-0.5,0.9512,2.1789,0.5748,185.971
21.778,2.0459,-2.3689,-157.09,6.3208,-1.583,4.4985,-0.3889,-151.29,1.228,-0.484,0.0,-0.5,0.9515,2.1786,0.5748,185.971
21.828,2.0459,-2.3689,-157.09,6.3208,-1.583,4.499,-0.3887,-152.64,1.228,-0.484,0.0,-0.5,0.9517,2.1784,0.5748,185.971
21.88,1.8799,-2.488,-162.55,6.1944,-1.7436,4.4995,-0.3884,-154.0,1.228,-0.484,0.0,-0.5,0.952,2.17,0.4772,185.971
21.931,1.8799,-2.488,-162.55,6.1944,-1.7436,4.4998,-0.3883,-154.91,1.228,-0.484,0.0,-0.5,0.9522,2.1699,0.4772,185.971
21.982,1.7915,-2.5424,-165.36,6.1246,-1.8203,4.5,-0.3882,-155.36,1.228,-0.484,0.0,-0.5,0.9523,2.1657,0.508,185.971
22.034,1.7915,-2.5424,-165.36,6.1246,-1.8203,4.5005,-0.388,-156.71,1.228,-0.484,0.0,-0.5,0.9526,2.1655,0.508,185.971
22.086,1.7915,-2.5424,-165.36,6.1246,-1.8203,4.501,-0.3878,-158.07,1.228,-0.484,0.0,-0.5,0.9529,2.1653,0.508,185.971
22.138,1.7089,-2.592,-168.07,6.0591,-1.8909,4.5015,-0.3876,-159.43,1.228,-0.484,0.0,-0.5,0.9532,2.1647,0.508,185.971
22.189,1.7089,-2.592,-168.07,6.0591,-1.8909,4.502,-0.3874,-160.78,1.228,-0.484,0.0,-0.5,0.9535,2.1645,0.508,185.971
22.24,1.7089,-2.592,-168.07,6.0591,-1.8909,4.5025,-0.3872,-162.14,1.228,-0.484,0.0,-0.5,0.9539,2.1642,0.508,184.484
22.291,1.5671,-2.6455,-171.39,5.9376,-1.9817,4.503,-0.3871,-163.5,1.228,-0.484,0.0,-0.5,0.9542,2.145,0.3668,184.484
22.343,1.5671,-2.6455,-171.39,5.9376,-1.9817,4.5035,-0.3869,-164.85,1.228,-0.484,0.0,-0.5,0.9546,2.1448,0.3668,184.484
22.394,1.5231,-2.6821,-173.67,5.9055,-2.0291,4.504,-0.3868,-166.21,1.228,-0.484,0.0,-0.5,0.9549,2.159,0.482,184.484
22.447,1.407,-2.7333,-176.69,5.8083,-2.1105,4.5045,-0.3867,-167.57,1.228,-0.484,0.0,-0.5,0.9553,2.1613,0.376,184.484
22.498,1.407,-2.7333,-176.69,5.8083,-2.1105,4.5051,-0.3866,-168.92,1.228,-0.484,0.0,-0.5,0.9557,2.1611,0.376,184.484
22.552,1.3194,-2.744,-179.2,5.7271,-2.1452,4.5056,-0.3865,-170.28,1.228,-0.484,0.0,-0.5,0.9561,2.1413,0.474,184.484
22.602,1.3194,-2.744,-179.2,5.7271,-2.1452,4.5058,-0.3864,-170.73,1.228,-0.484,0.0,-0.5,0.9562,2.1412,0.474,184.484
22.654,1.2201,-2.7745,178.06,5.6402,-2.202,4.5061,-0.3864,-171.64,1.228,-0.484,0.0,-0.5,0.9565,2.1407,0.5136,184.484
22.705,1.2201,-2.7745,178.06,5.6402,-2.202,4.5067,-0.3863,-172.99,1.228,-0.484,0.0,-0.5,0.9569,2.1405,0.5136,184.484
22.756,1.2201,-2.7745,178.06,5.6402,-2.202,4.5072,-0.3862,-174.35,1.228,-0.484,0.0,-0.5,0.9573,2.1403,0.5136,184.484
22.809,1.1173,-2.8028,175.29,5.5493,-2.2578,4.5077,-0.3862,-175.71,1.228,-0.484,0.0,-0.5,0.9578,2.1419,0.3736,182.998
22.86,1.1173,-2.8028,175.29,5.5493,-2.2578,4.5083,-0.3862,-177.06,1.228,-0.484,0.0,-0.5,0.9582,2.1417,0.3736,182.998
22.914,1.0173,-2.8145,172.6,5.4565,-2.2968,4.5088,-0.3861,-178.42,1.228,-0.484,0.0,-0.5,0.9586,2.1327,0.568,182.998
22.965,1.0173,-2.8145,172.6,5.4565,-2.2968,4.5093,-0.3861,-179.78,1.228,-0.484,0.0,-0.5,0.9591,2.1325,0.568,182.998
23.017,0.9115,-2.8243,169.83,5.3575,-2.3356,4.5099,-0.3861,178.87,1.228,-0.484,0.0,-0.5,0.9595,2.1257,0.4672,182.998
23.068,0.9115,-2.8243,169.83,5.3575,-2.3356,4.5104,-0.3861,177.51,1.228,-0.484,0.0,-0.5,0.96,2.1255,0.4672,182.998
23.123,0.8122,-2.8363,167.09,5.2655,-2.3747,4.5111,-0.3862,175.7,1.228,-0.484,0.0,-0.5,0.9606,2.1268,0.566,182.998
23.174,0.8122,-2.8363,167.09,5.2655,-2.3747,4.5117,-0.3862,174.35,1.228,-0.484,0.0,-0.5,0.9611,2.1266,0.566,182.998
23.225,0.7116,-2.8347,164.38,5.1684,-2.4011,4.5118,-0.3862,173.89,1.228,-0.484,0.0,-0.5,0.9613,2.1191,0.5772,182.998
23.277,0.7116,-2.8347,164.38,5.1684,-2.4011,4.5122,-0.3863,172.99,1.228,-0.484,0.0,-0.5,0.9616,2.119,0.5772,182.998
23.328,0.6125,-2.8397,161.67,5.0746,-2.4334,4.5124,-0.3863,172.54,1.228,-0.484,0.0,-0.5,0.9618,2.1229,0.3468,182.998
23.379,0.6125,-2.8397,161.67,5.0746,-2.4334,4.5126,-0.3863,172.09,1.228,-0.484,0.0,-0.5,0.9619,2.1228,0.3468,180.943
23.43,0.6125,-2.8397,161.67,5.0746,-2.4334,4.5131,-0.3864,170.73,1.228,-0.484,0.0,-0.5,0.9624,2.1226,0.3468,180.943
23.481,0.6125,-2.8397,161.67,5.0746,-2.4334,4.5136,-0.3865,169.37,1.228,-0.484,0.0,-0.5,0.9629,2.1224,0.3468,180.943
23.535,0.5108,-2.8379,158.95,4.9764,-2.46,4.5141,-0.3866,168.02,1.228,-0.484,0.0,-0.5,0.9634,2.1243,0.5012,180.943
23.587,0.5108,-2.8379,158.95,4.9764,-2.46,4.5148,-0.3868,166.21,1.228,-0.484,0.0,-0.5,0.9641,2.124,0.5012,180.943
23.639,0.4117,-2.825,156.28,4.8776,-2.4751,4.5154,-0.3869,164.85,1.228,-0.484,0.0,-0.5,0.9646,2.1193,0.5772,180.943
23.69,0.4117,-2.825,156.28,4.8776,-2.4751,4.5159,-0.387,163.49,1.228,-0.484,0.0,-0.5,0.9651,2.1191,0.5772,180.943
23.741,0.3075,-2.8135,153.58,4.7743,-2.493,4.5164,-0.3872,162.14,1.228,-0.484,0.0,-0.5,0.9656,2.1215,0.6172,180.943
23.793,0.3075,-2.8135,153.58,4.7743,-2.493,4.5169,-0.3874,160.78,1.228,-0.484,0.0,-0.5,0.9662,2.1213,0.6172,180.943
23.844,0.2149,-2.7906,150.85,4.679,-2.4967,4.5174,-0.3876,159.43,1.228,-0.484,0.0,-0.5,0.9667,2.1153,0.4304,180.943
23.895,0.2149,-2.7906,150.85,4.679,-2.4967,4.5179,-0.3877,158.07,1.228,-0.484,0.0,-0.5,0.9672,2.1151,0.4304,180.943
23.947,0.1173,-2.7659,148.15,4.5784,-2.5001,4.5184,-0.388,156.71,1.228,-0.484,0.0,-0.5,0.9677,2.113,0.5444,180.943
23.997,0.1173,-2.7659,148.15,4.5784,-2.5001,4.5189,-0.3882,155.36,1.228,-0.484,0.0,-0.5,0.9683,2.1128,0.5444,180.943
24.049,0.0213,-2.741,145.46,4.4792,-2.5028,4.5194,-0.3884,154.0,1.228,-0.484,0.0,-0.5,0.9688,2.1148,0.5488,180.539
24.1,0.0213,-2.741,145.46,4.4792,-2.5028,4.5195,-0.3885,153.55,1.228,-0.484,0.0,-0.5,0.969,2.1147,0.5488,180.539
24.151,-0.0709,-2.7098,142.76,4.382,-2.4985,4.5199,-0.3886,152.64,1.228,-0.484,0.0,-0.5,0.9693,2.1143,0.6024,180.539
24.202,-0.0709,-2.7098,142.76,4.382,-2.4985,4.5203,-0.3889,151.29,1.228,-0.484,0.0,-0.5,0.9699,2.1141,0.6024,180.539
24.253,-0.0709,-2.7098,142.76,4.382,-2.4985,4.5208,-0.3892,149.93,1.228,-0.484,0.0,-0.5,0.9704,2.1139,0.6024,180.539
24.305,-0.0709,-2.7098,142.76,4.382,-2.4985,4.5213,-0.3894,148.57,1.228,-0.484,0.0,-0.5,0.9709,2.1136,0.6024,180.539
24.356,-0.0709,-2.7098,142.76,4.382,-2.4985,4.5216,-0.3896,147.67,1.228,-0.484,0.0,-0.5,0.9713,2.1135,0.6024,180.539
24.407,-0.2556,-2.6327,137.39,4.1831,-2.4757,4.522,-0.3899,146.31,1.228,-0.484,0.0,-0.5,0.9718,2.1132,0.5596,180.539
24.46,-0.2556,-2.6327,137.39,4.1831,-2.4757,4.5225,-0.3902,144.96,1.228,-0.484,0.0,-0.5,0.9724,2.1129,0.5596,180.539
24.512,-0.346,-2.5865,134.7,4.0835,-2.4564,4.5231,-0.3906,143.15,1.228,-0.484,0.0,-0.5,0.9731,2.1121,0.3916,180.539
24.565,-0.346,-2.5865,134.7,4.0835,-2.4564,4.5233,-0.3909,142.24,1.228,-0.484,0.0,-0.5,0.9735,2.1119,0.3916,180.539
24.617,-0.43,-2.539,132.02,3.9896,-2.4341,4.5238,-0.3912,140.89,1.228,-0.484,0.0,-0.5,0.974,2.1116,0.5348,181.326
24.668,-0.43,-2.539,132.02,3.9896,-2.4341,4.5243,-0.3916,139.08,1.228,-0.484,0.0,-0.5,0.9747,2.1113,0.5348,181.326
24.72,-0.5132,-2.4839,129.32,3.8944,-2.4043,4.5246,-0.3919,138.17,1.228,-0.484,0.0,-0.5,0.9751,2.1088,0.5104,181.326
24.771,-0.5132,-2.4839,129.32,3.8944,-2.4043,4.525,-0.3922,136.82,1.228,-0.484,0.0,-0.5,0.9756,2.1086,0.5104,181.326
24.823,-0.5949,-2.4254,126.6,3.7996,-2.3708,4.5254,-0.3926,135.46,1.228,-0.484,0.0,-0.5,0.9761,2.1071,0.6124,181.326
24.875,-0.5949,-2.4254,126.6,3.7996,-2.3708,4.5259,-0.3931,133.65,1.228,-0.484,0.0,-0.5,0.9768,2.1068,0.6124,181.326
24.927,-0.669,-2.3641,123.89,3.7114,-2.3325,4.5261,-0.3934,132.75,1.228,-0.484,0.0,-0.5,0.9772,2.1033,0.6136,181.326
24.978,-0.669,-2.3641,123.89,3.7114,-2.3325,4.5266,-0.3939,130.94,1.228,-0.484,0.0,-0.5,0.9778,2.103,0.6136,181.326
25.032,-0.7457,-2.301,121.21,3.6203,-2.2932,4.5269,-0.3943,129.58,1.228,-0.484,0.0,-0.5,0.9784,2.1043,0.6448,181.502
25.082,-0.7457,-2.301,121.21,3.6203,-2.2932,4.5271,-0.3945,129.13,1.228,-0.484,0.0,-0.5,0.9785,2.1042,0.6448,181.502
25.134,-0.82,-2.2267,118.49,3.5282,-2.2425,4.5273,-0.3947,128.23,1.228,-0.484,0.0,-0.5,0.9789,2.1005,0.5676,181.502
25.185,-0.82,-2.2267,118.49,3.5282,-2.2425,4.5276,-0.3952,126.87,1.228,-0.484,0.0,-0.5,0.9794,2.1003,0.5676,181.502
25.236,-0.82,-2.2267,118.49,3.5282,-2.2425,4.5279,-0.3956,125.51,1.228,-0.484,0.0,-0.5,0.9799,2.1001,0.5676,181.502
25.287,-0.8863,-2.1503,115.79,3.4432,-2.1875,4.528,-0.3958,125.06,1.228,-0.484,0.0,-0.5,0.98,2.0946,0.56,181.502
25.338,-0.8863,-2.1503,115.79,3.4432,-2.1875,4.5281,-0.3959,124.61,1.228,-0.484,0.0,-0.5,0.9802,2.0945,0.56,181.502
25.39,-0.8863,-2.1503,115.79,3.4432,-2.1875,4.5285,-0.3965,122.8,1.228,-0.484,0.0,-0.5,0.9809,2.0942,0.56,181.502
25.441,-0.8863,-2.1503,115.79,3.4432,-2.1875,4.5288,-0.3969,121.45,1.228,-0.484,0.0,-0.5,0.9813,2.0939,0.56,181.502
25.492,-0.8863,-2.1503,115.79,3.4432,-2.1875,4.5291,-0.3974,120.09,1.228,-0.484,0.0,-0.5,0.9818,2.0937,0.56,181.502
25.544,-1.0225,-2.0023,110.44,3.2714,-2.0832,4.5294,-0.3979,118.73,1.228,-0.484,0.0,-0.5,0.9823,2.103,0.6412,181.502
25.595,-1.0225,-2.0023,110.44,3.2714,-2.0832,4.5296,-0.3983,117.38,1.228,-0.484,0.0,-0.5,0.9828,2.1028,0.6412,181.502
25.647,-1.0225,-2.0023,110.44,3.2714,-2.0832,4.5299,-0.3988,116.02,1.228,-0.484,0.0,-0.5,0.9832,2.1026,0.6412,183.144
25.698,-1.0819,-1.9226,107.73,3.1921,-2.0231,4.5301,-0.3993,114.66,1.228,-0.484,0.0,-0.5,0.9837,2.104,0.738,183.144
25.749,-1.0819,-1.9226,107.73,3.1921,-2.0231,4.5303,-0.3998,113.31,1.228,-0.484,0.0,-0.5,0.9841,2.1037,0.738,183.144
25.801,-1.0819,-1.9226,107.73,3.1921,-2.0231,4.5305,-0.4003,111.95,1.228,-0.484,0.0,-0.5,0.9846,2.1035,0.738,183.144
25.853,-1.1931,-1.7504,102.4,3.0375,-1.8886,4.5307,-0.4008,110.59,1.228,-0.484,0.0,-0.5,0.985,2.1079,0.3408,183.144
25.904,-1.1931,-1.7504,102.4,3.0375,-1.8886,4.5309,-0.4013,109.24,1.228,-0.484,0.0,-0.5,0.9854,2.1076,0.3408,183.144
25.955,-1.2363,-1.6571,99.67,2.9701,-1.8109,4.5311,-0.4018,107.88,1.228,-0.484,0.0,-0.5,0.9858,2.1029,0.4888,183.144
26.006,-1.2363,-1.6571,99.67,2.9701,-1.8109,4.5312,-0.4023,106.53,1.228,-0.484,0.0,-0.5,0.9862,2.1027,0.4888,183.144
26.058,-1.2787,-1.5693,96.98,2.9049,-1.7384,4.5314,-0.4028,105.17,1.228,-0.484,0.0,-0.5,0.9866,2.1045,0.5112,183.144
26.111,-1.2787,-1.5693,96.98,2.9049,-1.7384,4.5315,-0.4034,103.81,1.228,-0.484,0.0,-0.5,0.987,2.1043,0.5112,183.144
26.163,-1.3156,-1.477,94.28,2.8439,-1.6599,4.5316,-0.4039,102.46,1.228,-0.484,0.0,-0.5,0.9874,2.1038,0.6216,183.144
26.214,-1.3156,-1.477,94.28,2.8439,-1.6599,4.5317,-0.4044,101.1,1.228,-0.484,0.0,-0.5,0.9878,2.1036,0.6216,183.77
26.265,-1.3501,-1.3793,91.58,2.7836,-1.5756,4.5318,-0.4049,99.74,1.228,-0.484,0.0,-0.5,0.9882,2.104,0.5924,183.77
26.316,-1.3501,-1.3793,91.58,2.7836,-1.5756,4.5319,-0.4055,98.39,1.228,-0.484,0.0,-0.5,0.9885,2.1038,0.5924,183.77
26.367,-1.3749,-1.2865,88.9,2.734,-1.4934,4.532,-0.406,97.03,1.228,-0.484,0.0,-0.5,0.9889,2.1012,0.594,183.77
26.419,-1.3749,-1.2865,88.9,2.734,-1.4934,4.5321,-0.4065,95.67,1.228,-0.484,0.0,-0.5,0.9892,2.101,0.594,183.77
26.47,-1.3749,-1.2865,88.9,2.734,-1.4934,4.5321,-0.4071,94.32,1.228,-0.484,0.0,-0.5,0.9895,2.1008,0.594,183.77
26.521,-1.3749,-1.2865,88.9,2.734,-1.4934,4.5321,-0.4076,92.96,1.228,-0.484,0.0,-0.5,0.9898,2.1005,0.594,183.77
26.572,-1.4183,-1.0952,83.5,2.6392,-1.3217,4.5321,-0.4076,92.96,1.228,-0.484,0.0,-0.5,0.9898,2.1021,0.6244,183.77
26.623,-1.4183,-1.0952,83.5,2.6392,-1.3217,4.5322,-0.4081,91.6,1.228,-0.484,0.0,-0.5,0.9901,2.1019,0.6244,184.543
26.674,-1.4332,-0.9912,80.8,2.596,-1.2259,4.5322,-0.4087,90.25,1.228,-0.484,0.0,-0.5,0.9904,2.1016,0.6196,184.543
26.725,-1.4332,-0.9912,80.8,2.596,-1.2259,4.5322,-0.4092,88.89,1.228,-0.484,0.0,-0.5,0.9907,2.1014,0.6196,184.543
26.776,-1.4332,-0.9912,80.8,2.596,-1.2259,4.5322,-0.4097,87.53,1.228,-0.484,0.0,-0.5,0.991,2.1012,0.6196,184.543
26.827,-1.4428,-0.8965,78.12,2.5604,-1.1376,4.5321,-0.4103,86.18,1.228,-0.484,0.0,-0.5,0.9913,2.1016,0.396,184.543
26.879,-1.4428,-0.8965,78.12,2.5604,-1.1376,4.5321,-0.4108,84.82,1.228,-0.484,0.0,-0.5,0.9915,2.1013,0.396,184.543
26.93,-1.4468,-0.797,75.46,2.5289,-1.0432,4.532,-0.4113,83.46,1.228,-0.484,0.0,-0.5,0.9918,2.1004,0.7012,184.543
26.981,-1.4468,-0.797,75.46,2.5289,-1.0432,4.532,-0.4119,82.11,1.228,-0.484,0.0,-0.5,0.992,2.1002,0.7012,184.543
27.033,-1.4416,-0.6945,72.71,2.5055,-0.9432,4.5319,-0.4124,80.75,1.228,-0.484,0.0,-0.5,0.9922,2.0948,0.5168,184.543
27.085,-1.4416,-0.6945,72.71,2.5055,-0.9432,4.5318,-0.4128,79.85,1.228,-0.484,0.0,-0.5,0.9924,2.0946,0.5168,184.543
27.135,-1.4382,-0.5985,70.02,2.4821,-0.85,4.5318,-0.4129,79.39,1.228,-0.484,0.0,-0.5,0.9924,2.0958,0.5356,184.543
27.186,-1.4382,-0.5985,70.02,2.4821,-0.85,4.5317,-0.4135,78.04,1.228,-0.484,0.0,-0.5,0.9926,2.0956,0.5356,184.543
27.237,-1.4382,-0.5985,70.02,2.4821,-0.85,4.5316,-0.414,76.68,1.228,-0.484,0.0,-0.5,0.9928,2.0954,0.5356,184.543
27.289,-1.4303,-0.4993,67.32,2.4621,-0.7526,4.5314,-0.4145,75.32,1.228,-0.484,0.0,-0.5,0.993,2.0968,0.5028,185.17
27.34,-1.4303,-0.4993,67.32,2.4621,-0.7526,4.5313,-0.415,73.97,1.228,-0.484,0.0,-0.5,0.9932,2.0966,0.5028,185.17
27.392,-1.4141,-0.3943,64.59,2.4485,-0.6472,4.5312,-0.4156,72.61,1.228,-0.484,0.0,-0.5,0.9933,2.0955,0.5424,185.17
27.445,-1.4141,-0.3943,64.59,2.4485,-0.6472,4.531,-0.4161,71.25,1.228,-0.484,0.0,-0.5,0.9934,2.0953,0.5424,185.17
27.495,-1.3979,-0.2967,61.88,2.4369,-0.549,4.5308,-0.4166,69.9,1.228,-0.484,0.0,-0.5,0.9936,2.0981,0.5348,185.17
27.547,-1.3979,-0.2967,61.88,2.4369,-0.549,4.5306,-0.4171,68.54,1.228,-0.484,0.0,-0.5,0.9937,2.0978,0.5348,185.17
27.597,-1.3745,-0.1998,59.18,2.4325,-0.4494,4.5306,-0.4171,68.54,1.228,-0.484,0.0,-0.5,0.9937,2.0984,0.524,185.17
27.648,-1.3745,-0.1998,59.18,2.4325,-0.4494,4.5304,-0.4176,67.19,1.228,-0.484,0.0,-0.5,0.9938,2.0982,0.524,185.17
27.699,-1.346,-0.1029,56.47,2.433,-0.3484,4.5302,-0.4181,65.83,1.228,-0.484,0.0,-0.5,0.9939,2.0984,0.5124,185.17
27.75,-1.346,-0.1029,56.47,2.433,-0.3484,4.5301,-0.4184,64.92,1.228,-0.484,0.0,-0.5,0.9939,2.0982,0.5124,185.17
27.801,-1.346,-0.1029,56.47,2.433,-0.3484,4.53,-0.4186,64.47,1.228,-0.484,0.0,-0.5,0.994,2.0982,0.5124,185.17
27.853,-1.3166,-0.0032,53.79,2.4335,-0.2445,4.5297,-0.419,63.12,1.228,-0.484,0.0,-0.5,0.994,2.1035,0.54,186.042
27.905,-1.3166,-0.0032,53.79,2.4335,-0.2445,4.5295,-0.4195,61.76,1.228,-0.484,0.0,-0.5,0.9941,2.1032,0.54,186.042
27.956,-1.3166,-0.0032,53.79,2.4335,-0.2445,4.5292,-0.42,60.4,1.228,-0.484,0.0,-0.5,0.9941,2.103,0.54,186.042
28.01,-1.276,0.088,51.07,2.4472,-0.1455,4.529,-0.4205,59.05,1.228,-0.484,0.0,-0.5,0.9941,2.0999,0.5108,186.042
28.061,-1.276,0.088,51.07,2.4472,-0.1455,4.5287,-0.4209,57.69,1.228,-0.484,0.0,-0.5,0.9942,2.0997,0.5108,186.042
28.112,-1.2403,0.1774,48.37,2.4566,-0.0497,4.5284,-0.4214,56.33,1.228,-0.484,0.0,-0.5,0.9942,2.1048,0.4764,186.042
28.164,-1.2403,0.1774,48.37,2.4566,-0.0497,4.5281,-0.4218,54.98,1.228,-0.484,0.0,-0.5,0.9942,2.1046,0.4764,186.042
28.215,-1.1967,0.272,45.76,2.4723,0.0533,4.5278,-0.4222,53.62,1.228,-0.484,0.0,-0.5,0.9941,2.1098,0.6812,186.042
28.267,-1.1967,0.272,45.76,2.4723,0.0533,4.5275,-0.4227,52.27,1.228,-0.484,0.0,-0.5,0.9941,2.1096,0.6812,186.042
28.318,-1.1492,0.3628,43.05,2.4927,0.1537,4.5271,-0.4231,50.91,1.228,-0.484,0.0,-0.5,0.9941,2.1146,0.7044,186.042
28.369,-1.1492,0.3628,43.05,2.4927,0.1537,4.5268,-0.4235,49.55,1.228,-0.484,0.0,-0.5,0.994,2.1144,0.7044,186.042
28.421,-1.0969,0.4503,40.35,2.5186,0.2523,4.5264,-0.4239,48.2,1.228,-0.484,0.0,-0.5,0.9939,2.1186,0.3348,186.228
28.471,-1.0969,0.4503,40.35,2.5186,0.2523,4.5261,-0.4243,46.84,1.228,-0.484,0.0,-0.5,0.9938,2.1184,0.3348,186.228
28.523,-1.0418,0.5338,37.64,2.5483,0.3478,4.5257,-0.4247,45.48,1.228,-0.484,0.0,-0.5,0.9937,2.1229,0.49,186.228
28.574,-1.0418,0.5338,37.64,2.5483,0.3478,4.5253,-0.4251,44.13,1.228,-0.484,0.0,-0.5,0.9936,2.1227,0.49,186.228
28.625,-1.0418,0.5338,37.64,2.5483,0.3478,4.5249,-0.4255,42.77,1.228,-0.484,0.0,-0.5,0.9935,2.1225,0.49,186.228
28.675,-1.0418,0.5338,37.64,2.5483,0.3478,4.5245,-0.4258,41.41,1.228,-0.484,0.0,-0.5,0.9934,2.1222,0.49,186.228
28.727,-0.9104,0.6892,32.23,2.6314,0.5335,4.5241,-0.4262,40.06,1.228,-0.484,0.0,-0.5,0.9932,2.1222,0.4476,186.228
28.78,-0.9104,0.6892,32.23,2.6314,0.5335,4.5237,-0.4265,38.7,1.228,-0.484,0.0,-0.5,0.9931,2.1219,0.4476,186.228
28.831,-0.8483,0.7652,29.56,2.6699,0.6238,4.5233,-0.4268,37.34,1.228,-0.484,0.0,-0.5,0.9929,2.1305,0.4596,186.228
28.882,-0.8483,0.7652,29.56,2.6699,0.6238,4.5228,-0.4272,35.99,1.228,-0.484,0.0,-0.5,0.9927,2.1302,0.4596,186.228
28.933,-0.7699,0.8364,26.83,2.7255,0.714,4.5228,-0.4272,35.99,1.228,-0.484,0.0,-0.5,0.9927,2.129,0.5588,186.228
28.984,-0.7699,0.8364,26.83,2.7255,0.714,4.5224,-0.4275,34.63,1.228,-0.484,0.0,-0.5,0.9926,2.1288,0.5588,185.881
29.035,-0.6893,0.8988,24.12,2.7856,0.7963,4.522,-0.4278,33.28,1.228,-0.484,0.0,-0.5,0.9923,2.1245,0.7128,185.881
29.086,-0.6893,0.8988,24.12,2.7856,0.7963,4.5215,-0.4281,31.92,1.228,-0.484,0.0,-0.5,0.9921,2.1243,0.7128,185.881
29.14,-0.6893,0.8988,24.12,2.7856,0.7963,4.5211,-0.4283,30.56,1.228,-0.484,0.0,-0.5,0.9919,2.1241,0.7128,185.881
29.191,-0.6125,0.9657,21.43,2.8407,0.8819,4.5206,-0.4286,29.21,1.228,-0.484,0.0,-0.5,0.9917,2.1306,0.4548,185.881
29.243,-0.6125,0.9657,21.43,2.8407,0.8819,4.5201,-0.4289,27.85,1.228,-0.484,0.0,-0.5,0.9914,2.1304,0.4548,185.881
29.294,-0.5301,1.0275,18.72,2.9027,0.9642,4.5196,-0.4291,26.49,1.228,-0.484,0.0,-0.5,0.9912,2.1344,0.6228,185.881
29.348,-0.5301,1.0275,18.72,2.9027,0.9642,4.5192,-0.4294,25.14,1.228,-0.484,0.0,-0.5,0.9909,2.1342,0.6228,185.881
29.399,-0.4438,1.0824,16.02,2.9704,1.0409,4.5187,-0.4296,23.78,1.228,-0.484,0.0,-0.5,0.9906,2.1353,0.48,185.881
29.45,-0.4438,1.0824,16.02,2.9704,1.0409,4.5182,-0.4298,22.42,1.228,-0.484,0.0,-0.5,0.9903,2.1351,0.48,185.881
29.504,-0.4438,1.0824,16.02,2.9704,1.0409,4.5177,-0.43,21.07,1.228,-0.484,0.0,-0.5,0.99,2.1349,0.48,187.171
29.555,-0.4438,1.0824,16.02,2.9704,1.0409,4.5172,-0.4302,19.71,1.228,-0.484,0.0,-0.5,0.9897,2.1347,0.48,187.171
29.606,-0.2654,1.1812,10.61,3.1143,1.1854,4.5167,-0.4304,18.35,1.228,-0.484,0.0,-0.5,0.9894,2.1394,0.4664,187.171
29.658,-0.2654,1.1812,10.61,3.1143,1.1854,4.5162,-0.4305,17.0,1.228,-0.484,0.0,-0.5,0.9891,2.1392,0.4664,187.171
29.709,-0.1719,1.2267,7.9,3.1915,1.2551,4.5156,-0.4307,15.64,1.228,-0.484,0.0,-0.5,0.9887,2.1436,0.5088,187.171
29.76,-0.1719,1.2267,7.9,3.1915,1.2551,4.5151,-0.4308,14.28,1.228,-0.484,0.0,-0.5,0.9884,2.1434,0.5088,187.171
29.812,-0.0796,1.2633,5.2,3.27,1.3158,4.5146,-0.4309,12.93,1.228,-0.484,0.0,-0.5,0.988,2.1448,0.536,187.171
29.863,-0.0796,1.2633,5.2,3.27,1.3158,4.5141,-0.431,11.57,1.228,-0.484,0.0,-0.5,0.9876,2.1446,0.536,187.171
29.914,0.0193,1.2986,2.5,3.3552,1.3772,4.5135,-0.4311,10.22,1.228,-0.484,0.0,-0.5,0.9873,2.1475,0.5528,187.171
29.966,0.0193,1.2986,2.5,3.3552,1.3772,4.513,-0.4312,8.86,1.228,-0.484,0.0,-0.5,0.9869,2.1473,0.5528,187.171
30.017,0.1211,1.3303,-0.22,3.4442,1.4359,4.5125,-0.4313,7.5,1.228,-0.484,0.0,-0.5,0.9865,2.1512,0.548,188.811
30.068,0.1211,1.3303,-0.22,3.4442,1.4359,4.512,-0.4314,6.15,1.228,-0.484,0.0,-0.5,0.9861,2.151,0.548,188.811
30.122,0.2133,1.3566,-2.92,3.5255,1.4868,4.5114,-0.4314,4.79,1.228,-0.484,0.0,-0.5,0.9857,2.1568,0.6088,188.811
30.173,0.2133,1.3566,-2.92,3.5255,1.4868,4.5109,-0.4315,3.43,1.228,-0.484,0.0,-0.5,0.9852,2.1566,0.6088,188.811
30.224,0.3163,1.3721,-5.61,3.6201,1.5304,4.5104,-0.4315,2.08,1.228,-0.484,0.0,-0.5,0.9848,2.1544,0.7028,188.811
30.275,0.3163,1.3721,-5.61,3.6201,1.5304,4.5098,-0.4315,0.72,1.228,-0.484,0.0,-0.5,0.9844,2.1542,0.7028,188.811
30.327,0.4156,1.3872,-8.32,3.7113,1.5724,4.5093,-0.4315,-0.64,1.228,-0.484,0.0,-0.5,0.9839,2.157,0.7236,188.811
30.378,0.4156,1.3872,-8.32,3.7113,1.5724,4.5087,-0.4315,-1.99,1.228,-0.484,0.0,-0.5,0.9835,2.1568,0.7236,188.811
30.429,0.4156,1.3872,-8.32,3.7113,1.5724,4.5082,-0.4315,-3.35,1.228,-0.484,0.0,-0.5,0.983,2.1565,0.7236,188.811
30.48,0.4156,1.3872,-8.32,3.7113,1.5724,4.5079,-0.4315,-4.25,1.228,-0.484,0.0,-0.5,0.9827,2.1564,0.7236,188.811
30.531,0.6236,1.4052,-13.76,3.9061,1.6475,4.5077,-0.4314,-4.71,1.228,-0.484,0.0,-0.5,0.9826,2.1642,0.7384,188.811
30.582,0.6236,1.4052,-13.76,3.9061,1.6475,4.5071,-0.4314,-6.06,1.228,-0.484,0.0,-0.5,0.9821,2.164,0.7384,188.811
30.635,0.6236,1.4052,-13.76,3.9061,1.6475,4.5066,-0.4313,-7.42,1.228,-0.484,0.0,-0.5,0.9816,2.1638,0.7384,190.057
30.686,0.7159,1.4013,-16.42,3.9959,1.6694,4.5061,-0.4313,-8.77,1.228,-0.484,0.0,-0.5,0.9812,2.1617,0.3532,190.057
30.737,0.7159,1.4013,-16.42,3.9959,1.6694,4.5055,-0.4312,-10.13,1.228,-0.484,0.0,-0.5,0.9807,2.1615,0.3532,190.057
30.788,0.8226,1.4023,-19.14,4.0981,1.7,4.5054,-0.4311,-10.58,1.228,-0.484,0.0,-0.5,0.9805,2.1697,0.7852,190.057
30.84,0.8226,1.4023,-19.14,4.0981,1.7,4.505,-0.4311,-11.49,1.228,-0.484,0.0,-0.5,0.9802,2.1695,0.7852,190.057
30.891,0.9182,1.3933,-21.82,4.1924,1.7179,4.5045,-0.431,-12.84,1.228,-0.484,0.0,-0.5,0.9797,2.1714,0.3524,190.057
30.942,0.9182,1.3933,-21.82,4.1924,1.7179,4.504,-0.4308,-14.2,1.228,-0.484,0.0,-0.5,0.9792,2.1712,0.3524,190.057
30.993,0.9182,1.3933,-21.82,4.1924,1.7179,4.5035,-0.4307,-15.56,1.228,-0.484,0.0,-0.5,0.9787,2.171,0.3524,190.057
31.044,1.0241,1.3818,-24.56,4.2974,1.7363,4.5029,-0.4306,-16.91,1.228,-0.484,0.0,-0.5,0.9782,2.1766,0.508,190.057
31.095,1.0241,1.3818,-24.56,4.2974,1.7363,4.5024,-0.4304,-18.27,1.228,-0.484,0.0,-0.5,0.9777,2.1764,0.508,190.057
31.146,1.1191,1.3683,-27.23,4.3924,1.7497,4.5019,-0.4302,-19.63,1.228,-0.484,0.0,-0.5,0.9771,2.1827,0.59,190.057
31.197,1.1191,1.3683,-27.23,4.3924,1.7497,4.5014,-0.43,-20.98,1.228,-0.484,0.0,-0.5,0.9766,2.1825,0.59,191.31
31.248,1.2238,1.346,-29.92,4.4992,1.7574,4.5009,-0.4298,-22.34,1.228,-0.484,0.0,-0.5,0.9761,2.1872,0.654,191.31
31.3,1.2238,1.346,-29.92,4.4992,1.7574,4.5004,-0.4296,-23.7,1.228,-0.484,0.0,-0.5,0.9756,2.187,0.654,191.31
31.351,1.2238,1.346,-29.92,4.4992,1.7574,4.4999,-0.4294,-25.05,1.228,-0.484,0.0,-0.5,0.975,2.1868,0.654,191.31
31.403,1.2238,1.346,-29.92,4.4992,1.7574,4.4994,-0.4292,-26.41,1.228,-0.484,0.0,-0.5,0.9745,2.1865,0.654,191.31
31.454,1.4177,1.2906,-35.34,4.7008,1.758,4.499,-0.4289,-27.77,1.228,-0.484,0.0,-0.5,0.974,2.1962,0.6648,191.31
31.507,1.4177,1.2906,-35.34,4.7008,1.758,4.4985,-0.4287,-29.12,1.228,-0.484,0.0,-0.5,0.9734,2.196,0.6648,191.31
31.558,1.5109,1.2551,-38.06,4.8002,1.7497,4.498,-0.4284,-30.48,1.228,-0.484,0.0,-0.5,0.9729,2.199,0.6848,191.31
31.61,1.5109,1.2551,-38.06,4.8002,1.7497,4.4974,-0.428,-32.29,1.228,-0.484,0.0,-0.5,0.9722,2.1987,0.6848,191.31
31.662,1.6112,1.2147,-40.76,4.9078,1.7388,4.4971,-0.4278,-33.19,1.228,-0.484,0.0,-0.5,0.9718,2.2053,0.6484,191.112
31.713,1.6112,1.2147,-40.76,4.9078,1.7388,4.4968,-0.4276,-34.1,1.228,-0.484,0.0,-0.5,0.9715,2.2051,0.6484,191.112
31.765,1.7006,1.1694,-43.44,5.0063,1.7201,4.4965,-0.4274,-35.0,1.228,-0.484,0.0,-0.5,0.9711,2.2072,0.728,191.112
31.816,1.7006,1.1694,-43.44,5.0063,1.7201,4.4962,-0.4272,-35.91,1.228,-0.484,0.0,-0.5,0.9708,2.2071,0.728,191.112
31.867,1.7006,1.1694,-43.44,5.0063,1.7201,4.4958,-0.4269,-37.26,1.228,-0.484,0.0,-0.5,0.9702,2.2069,0.728,191.112
31.918,1.7919,1.1201,-46.16,5.1077,1.6981,4.4952,-0.4265,-39.07,1.228,-0.484,0.0,-0.5,0.9695,2.2111,0.714,191.112
31.975,1.7919,1.1201,-46.16,5.1077,1.6981,4.4948,-0.4261,-40.43,1.228,-0.484,0.0,-0.5,0.969,2.2109,0.714,191.112
32.026,1.8819,1.0674,-48.85,5.2087,1.6725,4.4944,-0.4258,-41.78,1.228,-0.484,0.0,-0.5,0.9684,2.2166,0.754,191.112
32.077,1.9624,1.0119,-51.55,5.3015,1.6416,4.494,-0.4254,-43.14,1.228,-0.484,0.0,-0.5,0.9679,2.2191,0.768,191.112
32.128,1.9624,1.0119,-51.55,5.3015,1.6416,4.4936,-0.425,-44.5,1.228,-0.484,0.0,-0.5,0.9674,2.2189,0.768,191.112
32.18,1.9624,1.0119,-51.55,5.3015,1.6416,4.4932,-0.4247,-45.85,1.228,-0.484,0.0,-0.5,0.9668,2.2187,0.768,192.802
32.231,2.0452,0.9501,-54.27,5.3983,1.6052,4.4929,-0.4243,-47.21,1.228,-0.484,0.0,-0.5,0.9663,2.2222,0.7636,192.802
32.282,2.0452,0.9501,-54.27,5.3983,1.6052,4.4925,-0.4239,-48.56,1.228,-0.484,0.0,-0.5,0.9658,2.222,0.7636,192.802
32.333,2.1234,0.8868,-56.98,5.491,1.5661,4.4922,-0.4235,-49.92,1.228,-0.484,0.0,-0.5,0.9653,2.2262,0.7436,192.802
32.385,2.1992,0.8139,-59.69,5.584,1.5171,4.4918,-0.4231,-51.28,1.228,-0.484,0.0,-0.5,0.9648,2.2264,0.7404,192.802
32.436,2.1992,0.8139,-59.69,5.584,1.5171,4.4915,-0.4226,-52.63,1.228,-0.484,0.0,-0.5,0.9642,2.2262,0.7404,192.802
32.487,2.2713,0.7483,-62.42,5.6715,1.4741,4.4912,-0.4222,-53.99,1.228,-0.484,0.0,-0.5,0.9637,2.2336,0.7712,192.802
32.538,2.2713,0.7483,-62.42,5.6715,1.4741,4.4908,-0.4218,-55.35,1.228,-0.484,0.0,-0.5,0.9632,2.2334,0.7712,192.802
32.589,2.2713,0.7483,-62.42,5.6715,1.4741,4.4905,-0.4213,-56.7,1.228,-0.484,0.0,-0.5,0.9627,2.2332,0.7712,192.802
32.64,2.2713,0.7483,-62.42,5.6715,1.4741,4.4904,-0.4212,-57.15,1.228,-0.484,0.0,-0.5,0.9626,2.2331,0.7712,192.802
32.691,2.2713,0.7483,-62.42,5.6715,1.4741,4.4903,-0.4209,-58.06,1.228,-0.484,0.0,-0.5,0.9622,2.233,0.7712,192.802
32.742,2.4046,0.5911,-67.85,5.8431,1.3602,4.49,-0.4204,-59.42,1.228,-0.484,0.0,-0.5,0.9617,2.2364,0.7816,192.802
32.793,2.4046,0.5911,-67.85,5.8431,1.3602,4.4897,-0.4199,-60.77,1.228,-0.484,0.0,-0.5,0.9613,2.2362,0.7816,192.802
32.844,2.4641,0.511,-70.52,5.9226,1.2997,4.4895,-0.4195,-62.13,1.228,-0.484,0.0,-0.5,0.9608,2.2382,0.7452,193.061
32.895,2.4641,0.511,-70.52,5.9226,1.2997,4.4892,-0.419,-63.48,1.228,-0.484,0.0,-0.5,0.9603,2.238,0.7452,193.061
32.946,2.5216,0.4279,-73.24,6.001,1.2359,4.489,-0.4185,-64.84,1.228,-0.484,0.0,-0.5,0.9598,2.2412,0.746,193.061
32.997,2.5216,0.4279,-73.24,6.001,1.2359,4.4887,-0.418,-66.2,1.228,-0.484,0.0,-0.5,0.9594,2.241,0.746,193.061
33.048,2.5216,0.4279,-73.24,6.001,1.2359,4.4885,-0.4175,-67.55,1.228,-0.484,0.0,-0.5,0.9589,2.2408,0.746,193.061
33.099,2.5216,0.4279,-73.24,6.001,1.2359,4.4885,-0.4174,-68.01,1.228,-0.484,0.0,-0.5,0.9588,2.2407,0.746,193.061
33.15,2.6233,0.2556,-78.65,6.1465,1.0986,4.4883,-0.417,-68.91,1.228,-0.484,0.0,-0.5,0.9585,2.2465,0.7336,193.061
33.201,2.6233,0.2556,-78.65,6.1465,1.0986,4.4881,-0.4165,-70.27,1.228,-0.484,0.0,-0.5,0.958,2.2463,0.7336,193.061
33.252,2.6233,0.2556,-78.65,6.1465,1.0986,4.488,-0.416,-71.62,1.228,-0.484,0.0,-0.5,0.9576,2.2461,0.7336,193.061
33.303,2.6233,0.2556,-78.65,6.1465,1.0986,4.4878,-0.4155,-72.98,1.228,-0.484,0.0,-0.5,0.9572,2.2459,0.7336,193.061
33.353,2.6233,0.2556,-78.65,6.1465,1.0986,4.4878,-0.4155,-72.98,1.228,-0.484,0.0,-0.5,0.9572,2.2459,0.7336,193.061
33.405,2.6233,0.2556,-78.65,6.1465,1.0986,4.4877,-0.415,-74.34,1.228,-0.484,0.0,-0.5,0.9568,2.2456,0.7336,192.316
33.456,2.7077,0.0681,-84.07,6.2796,0.9419,4.4875,-0.4145,-75.69,1.228,-0.484,0.0,-0.5,0.9564,2.2475,0.7644,192.316
33.507,2.7077,0.0681,-84.07,6.2796,0.9419,4.4874,-0.414,-77.05,1.228,-0.484,0.0,-0.5,0.956,2.2473,0.7644,192.316
33.558,2.7077,0.0681,-84.07,6.2796,0.9419,4.4873,-0.4136,-77.95,1.228,-0.484,0.0,-0.5,0.9557,2.2472,0.7644,192.316
33.609,2.7466,-0.0264,-86.79,6.3432,0.8619,4.4873,-0.4136,-77.95,1.228,-0.484,0.0,-0.5,0.9557,2.252,0.7696,192.316
33.66,2.779,-0.1285,-89.47,6.4028,0.7729,4.4872,-0.4129,-79.76,1.228,-0.484,0.0,-0.5,0.9552,2.2529,0.7412,192.316
33.711,2.779,-0.1285,-89.47,6.4028,0.7729,4.4871,-0.4124,-81.12,1.228,-0.484,0.0,-0.5,0.9548,2.2527,0.7412,192.316
33.762,2.779,-0.1285,-89.47,6.4028,0.7729,4.487,-0.4119,-82.48,1.228,-0.484,0.0,-0.5,0.9545,2.2525,0.7412,192.316
33.814,2.779,-0.1285,-89.47,6.4028,0.7729,4.4869,-0.4113,-83.83,1.228,-0.484,0.0,-0.5,0.9541,2.2523,0.7412,192.316
33.865,2.8097,-0.2218,-92.2,6.4581,0.6917,4.4869,-0.4108,-85.19,1.228,-0.484,0.0,-0.5,0.9538,2.2586,0.766,192.316
33.916,2.8097,-0.2218,-92.2,6.4581,0.6917,4.4868,-0.4102,-86.55,1.228,-0.484,0.0,-0.5,0.9534,2.2584,0.766,192.316
33.968,2.8292,-0.3254,-94.92,6.5057,0.5976,4.4868,-0.4101,-87.0,1.228,-0.484,0.0,-0.5,0.9533,2.2564,0.7884,192.316
34.018,2.8292,-0.3254,-94.92,6.5057,0.5976,4.4868,-0.4099,-87.45,1.228,-0.484,0.0,-0.5,0.9532,2.2563,0.7884,191.544
34.07,2.844,-0.4255,-97.62,6.5476,0.5056,4.4868,-0.4094,-88.81,1.228,-0.484,0.0,-0.5,0.9529,2.2548,0.7968,191.544
34.12,2.844,-0.4255,-97.62,6.5476,0.5056,4.4868,-0.4088,-90.16,1.228,-0.484,0.0,-0.5,0.9526,2.2546,0.7968,191.544
34.172,2.844,-0.4255,-97.62,6.5476,0.5056,4.4868,-0.4083,-91.52,1.228,-0.484,0.0,-0.5,0.9523,2.2544,0.7968,191.544
34.223,2.8649,-0.5298,-100.36,6.5967,0.4113,4.4868,-0.4077,-92.88,1.228,-0.484,0.0,-0.5,0.952,2.2633,0.768,191.544
34.274,2.8649,-0.5298,-100.36,6.5967,0.4113,4.4868,-0.4074,-93.78,1.228,-0.484,0.0,-0.5,0.9518,2.2631,0.768,191.544
34.324,2.871,-0.6339,-103.03,6.6315,0.3129,4.4869,-0.4072,-94.23,1.228,-0.484,0.0,-0.5,0.9517,2.2623,0.7532,191.544
34.375,2.871,-0.6339,-103.03,6.6315,0.3129,4.4869,-0.4067,-95.59,1.228,-0.484,0.0,-0.5,0.9515,2.2621,0.7532,191.544
34.427,2.871,-0.6339,-103.03,6.6315,0.3129,4.487,-0.4061,-96.95,1.228,-0.484,0.0,-0.5,0.9512,2.2619,0.7532,191.544
34.478,2.8747,-0.7375,-105.78,6.6638,0.2144,4.487,-0.4056,-98.3,1.228,-0.484,0.0,-0.5,0.951,2.2633,0.752,191.544
34.529,2.8747,-0.7375,-105.78,6.6638,0.2144,4.4871,-0.4051,-99.66,1.228,-0.484,0.0,-0.5,0.9508,2.2631,0.752,191.544
34.58,2.8691,-0.8355,-108.5,6.6857,0.1187,4.4872,-0.4045,-101.02,1.228,-0.484,0.0,-0.5,0.9505,2.2599,0.6688,191.544
34.632,2.8691,-0.8355,-108.5,6.6857,0.1187,4.4873,-0.404,-102.37,1.228,-0.484,0.0,-0.5,0.9503,2.2597,0.6688,190.468
34.683,2.8619,-0.9396,-111.23,6.7076,0.0167,4.4874,-0.4035,-103.73,1.228,-0.484,0.0,-0.5,0.9502,2.2596,0.7424,190.468
34.734,2.8619,-0.9396,-111.23,6.7076,0.0167,4.4876,-0.403,-105.09,1.228,-0.484,0.0,-0.5,0.95,2.2594,0.7424,190.468
34.785,2.8475,-1.0414,-114.0,6.7221,-0.0851,4.4877,-0.4025,-106.44,1.228,-0.484,0.0,-0.5,0.9498,2.2569,0.6752,190.468
34.836,2.8405,-1.1366,-116.68,6.7418,-0.1785,4.4879,-0.4019,-107.8,1.228,-0.484,0.0,-0.5,0.9497,2.265,0.6888,190.468
34.887,2.8405,-1.1366,-116.68,6.7418,-0.1785,4.488,-0.4014,-109.16,1.228,-0.484,0.0,-0.5,0.9495,2.2648,0.6888,190.468
34.939,2.8405,-1.1366,-116.68,6.7418,-0.1785,4.4882,-0.4009,-110.51,1.228,-0.484,0.0,-0.5,0.9494,2.2645,0.6888,190.468
34.99,2.814,-1.2373,-119.49,6.7443,-0.2826,4.4882,-0.4009,-110.51,1.228,-0.484,0.0,-0.5,0.9494,2.2592,0.6816,190.468
35.041,2.814,-1.2373,-119.49,6.7443,-0.2826,4.4884,-0.4004,-111.87,1.228,-0.484,0.0,-0.5,0.9493,2.259,0.6816,190.85
35.092,2.814,-1.2373,-119.49,6.7443,-0.2826,4.4886,-0.3999,-113.22,1.228,-0.484,0.0,-0.5,0.9492,2.2588,0.6816,190.85
35.143,2.814,-1.2373,-119.49,6.7443,-0.2826,4.4888,-0.3994,-114.58,1.228,-0.484,0.0,-0.5,0.9491,2.2585,0.6816,190.85
35.194,2.814,-1.2373,-119.49,6.7443,-0.2826,4.4891,-0.3989,-115.94,1.228,-0.484,0.0,-0.5,0.949,2.2583,0.6816,190.85
35.245,2.7551,-1.4348,-124.94,6.7426,-0.4887,4.4893,-0.3985,-117.29,1.228,-0.484,0.0,-0.5,0.9489,2.2551,0.68,190.85
35.296,2.7551,-1.4348,-124.94,6.7426,-0.4887,4.4896,-0.398,-118.65,1.228,-0.484,0.0,-0.5,0.9489,2.2549,0.68,190.85
35.347,2.7196,-1.532,-127.7,6.7355,-0.5919,4.4898,-0.3975,-120.01,1.228,-0.484,0.0,-0.5,0.9488,2.254,0.6812,190.85
35.399,2.7196,-1.532,-127.7,6.7355,-0.5919,4.4901,-0.3971,-121.36,1.228,-0.484,0.0,-0.5,0.9488,2.2538,0.6812,190.85
35.45,2.6804,-1.6246,-130.42,6.7236,-0.6918,4.4904,-0.3966,-122.72,1.228,-0.484,0.0,-0.5,0.9488,2.2527,0.6664,190.85
35.501,2.6804,-1.6246,-130.42,6.7236,-0.6918,4.4907,-0.3962,-124.08,1.228,-0.484,0.0,-0.5,0.9488,2.2524,0.6664,190.85
35.552,2.6359,-1.7182,-133.21,6.7069,-0.7941,4.491,-0.3957,-125.43,1.228,-0.484,0.0,-0.5,0.9488,2.2514,0.6436,190.85
35.603,2.6359,-1.7182,-133.21,6.7069,-0.7941,4.4913,-0.3953,-126.79,1.228,-0.484,0.0,-0.5,0.9488,2.2512,0.6436,190.85
35.655,2.5869,-1.8075,-135.93,6.6846,-0.8934,4.4916,-0.3949,-128.15,1.228,-0.484,0.0,-0.5,0.9489,2.2489,0.662,190.842
35.706,2.5869,-1.8075,-135.93,6.6846,-0.8934,4.492,-0.3944,-129.5,1.228,-0.484,0.0,-0.5,0.9489,2.2487,0.662,190.842
35.757,2.5281,-1.8961,-138.74,6.6527,-0.9949,4.4923,-0.394,-130.86,1.228,-0.484,0.0,-0.5,0.949,2.2424,0.6528,190.842
35.808,2.5281,-1.8961,-138.74,6.6527,-0.9949,4.4927,-0.3936,-132.22,1.228,-0.484,0.0,-0.5,0.9491,2.2421,0.6528,190.842
35.86,2.4746,-1.9807,-141.48,6.6248,-1.0909,4.493,-0.3932,-133.57,1.228,-0.484,0.0,-0.5,0.9492,2.2431,0.6348,190.842
35.911,2.4746,-1.9807,-141.48,6.6248,-1.0909,4.4934,-0.3928,-134.93,1.228,-0.484,0.0,-0.5,0.9493,2.2428,0.6348,190.842
35.962,2.4088,-2.0573,-144.26,6.5828,-1.1829,4.4938,-0.3925,-136.28,1.228,-0.484,0.0,-0.5,0.9494,2.2336,0.6656,190.842
36.013,2.3407,-2.1367,-146.98,6.5395,-1.2781,4.4942,-0.3921,-137.64,1.228,-0.484,0.0,-0.5,0.9495,2.229,0.6748,190.842
36.064,2.3407,-2.1367,-146.98,6.5395,-1.2781,4.4946,-0.3917,-139.0,1.228,-0.484,0.0,-0.5,0.9497,2.2288,0.6748,190.842
36.115,2.3407,-2.1367,-146.98,6.5395,-1.2781,4.495,-0.3914,-140.35,1.228,-0.484,0.0,-0.5,0.9498,2.2285,0.6748,190.842
36.166,2.2719,-2.2104,-149.67,6.4939,-1.3679,4.4954,-0.391,-141.71,1.228,-0.484,0.0,-0.5,0.95,2.2245,0.6736,190.842
36.217,2.2719,-2.2104,-149.67,6.4939,-1.3679,4.4958,-0.3907,-143.07,1.228,-0.484,0.0,-0.5,0.9502,2.2242,0.6736,190.725
36.268,2.2719,-2.2104,-149.67,6.4939,-1.3679,4.4963,-0.3904,-144.42,1.228,-0.484,0.0,-0.5,0.9503,2.224,0.6736,190.725
36.319,2.2719,-2.2104,-149.67,6.4939,-1.3679,4.4964,-0.3903,-144.88,1.228,-0.484,0.0,-0.5,0.9504,2.2239,0.6736,190.725
36.37,2.1168,-2.3517,-155.23,6.3842,-1.5468,4.4967,-0.3901,-145.78,1.228,-0.484,0.0,-0.5,0.9505,2.2137,0.626,190.725
36.42,2.1168,-2.3517,-155.23,6.3842,-1.5468,4.4968,-0.39,-146.23,1.228,-0.484,0.0,-0.5,0.9506,2.2136,0.626,190.725
36.471,2.1168,-2.3517,-155.23,6.3842,-1.5468,4.4971,-0.3898,-147.14,1.228,-0.484,0.0,-0.5,0.9508,2.2135,0.626,190.725
36.522,2.0443,-2.4204,-157.97,6.3335,-1.6329,4.4976,-0.3895,-148.49,1.228,-0.484,0.0,-0.5,0.951,2.2174,0.6768,190.725
36.573,2.0443,-2.4204,-157.97,6.3335,-1.6329,4.4981,-0.3892,-149.85,1.228,-0.484,0.0,-0.5,0.9512,2.2171,0.6768,190.725
36.625,2.0443,-2.4204,-157.97,6.3335,-1.6329,4.4985,-0.389,-151.21,1.228,-0.484,0.0,-0.5,0.9515,2.2169,0.6768,190.725
36.676,1.9608,-2.4814,-160.68,6.2703,-1.7147,4.499,-0.3887,-152.56,1.228,-0.484,0.0,-0.5,0.9517,2.2127,0.6936,190.725
36.728,1.9608,-2.4814,-160.68,6.2703,-1.7147,4.4995,-0.3885,-153.92,1.228,-0.484,0.0,-0.5,0.952,2.2124,0.6936,190.725
36.78,1.8738,-2.5404,-163.46,6.2031,-1.7955,4.5,-0.3882,-155.28,1.228,-0.484,0.0,-0.5,0.9523,2.2094,0.6716,190.725
36.831,1.8738,-2.5404,-163.46,6.2031,-1.7955,4.5005,-0.388,-156.63,1.228,-0.484,0.0,-0.5,0.9526,2.2091,0.6716,189.146
36.882,1.7908,-2.5906,-166.18,6.1374,-1.8668,4.501,-0.3878,-157.99,1.228,-0.484,0.0,-0.5,0.9529,2.2058,0.6628,189.146
36.934,1.7908,-2.5906,-166.18,6.1374,-1.8668,4.5015,-0.3876,-159.34,1.228,-0.484,0.0,-0.5,0.9532,2.2055,0.6628,189.146
36.985,1.6894,-2.644,-169.01,6.0548,-1.9463,4.502,-0.3874,-160.7,1.228,-0.484,0.0,-0.5,0.9535,2.2003,0.6332,189.146
37.036,1.6894,-2.644,-169.01,6.0548,-1.9463,4.5025,-0.3873,-162.06,1.228,-0.484,0.0,-0.5,0.9539,2.2001,0.6332,189.146
37.087,1.5994,-2.6862,-171.72,5.98,-2.0119,4.503,-0.3871,-163.41,1.228,-0.484,0.0,-0.5,0.9542,2.1958,0.638,189.146
37.138,1.5994,-2.6862,-171.72,5.98,-2.0119,4.5035,-0.3869,-164.77,1.228,-0.484,0.0,-0.5,0.9546,2.1956,0.638,189.146
37.189,1.4959,-2.7254,-174.58,5.8915,-2.0783,4.504,-0.3868,-166.13,1.228,-0.484,0.0,-0.5,0.9549,2.1877,0.5888,189.146
37.24,1.4959,-2.7254,-174.58,5.8915,-2.0783,4.5045,-0.3867,-167.48,1.228,-0.484,0.0,-0.5,0.9553,2.1875,0.5888,186.596
37.292,1.4018,-2.7565,-177.25,5.8097,-2.1342,4.5051,-0.3866,-168.84,1.228,-0.484,0.0,-0.5,0.9557,2.1809,0.5972,186.596
37.342,1.4018,-2.7565,-177.25,5.8097,-2.1342,4.5056,-0.3865,-170.2,1.228,-0.484,0.0,-0.5,0.9561,2.1807,0.5972,186.596
37.394,1.2909,-2.7839,179.89,5.7108,-2.1914,4.5061,-0.3864,-171.55,1.228,-0.484,0.0,-0.5,0.9565,2.1701,0.5572,186.596
37.445,1.2909,-2.7839,179.89,5.7108,-2.1914,4.5066,-0.3863,-172.91,1.228,-0.484,0.0,-0.5,0.9569,2.1699,0.5572,186.596
37.497,1.1895,-2.8104,177.18,5.6207,-2.245,4.5072,-0.3863,-174.27,1.228,-0.484,0.0,-0.5,0.9573,2.1668,0.6108,186.596
37.548,1.1895,-2.8104,177.18,5.6207,-2.245,4.5077,-0.3862,-175.62,1.228,-0.484,0.0,-0.5,0.9578,2.1666,0.6108,186.596
37.6,1.0874,-2.8396,174.41,5.5308,-2.3014,4.5082,-0.3862,-176.98,1.228,-0.484,0.0,-0.5,0.9582,2.1711,0.6756,186.596
37.651,1.0874,-2.8396,174.41,5.5308,-2.3014,4.5088,-0.3861,-178.34,1.228,-0.484,0.0,-0.5,0.9586,2.1709,0.6756,186.596
37.702,0.9859,-2.8546,171.7,5.4374,-2.3441,4.5093,-0.3861,-179.69,1.228,-0.484,0.0,-0.5,0.9591,2.1668,0.6308,186.596
37.753,0.9859,-2.8546,171.7,5.4374,-2.3441,4.5099,-0.3861,178.95,1.228,-0.484,0.0,-0.5,0.9595,2.1665,0.6308,186.596
37.805,0.8806,-2.8671,168.9,5.3398,-2.3853,4.5104,-0.3862,177.6,1.228,-0.484,0.0,-0.5,0.96,2.1643,0.4956,186.596
37.858,0.8806,-2.8671,168.9,5.3398,-2.3853,4.5111,-0.3862,175.79,1.228,-0.484,0.0,-0.5,0.9606,2.164,0.4956,184.364
37.91,0.7862,-2.8708,166.27,5.2501,-2.415,4.5116,-0.3862,174.43,1.228,-0.484,0.0,-0.5,0.9611,2.159,0.4404,184.364
37.961,0.6825,-2.8703,163.53,5.1503,-2.4434,4.5122,-0.3863,173.07,1.228,-0.484,0.0,-0.5,0.9616,2.1538,0.4804,184.364
38.013,0.6825,-2.8703,163.53,5.1503,-2.4434,4.5127,-0.3864,171.72,1.228,-0.484,0.0,-0.5,0.9621,2.1535,0.4804,184.364
38.064,0.6825,-2.8703,163.53,5.1503,-2.4434,4.5132,-0.3864,170.36,1.228,-0.484,0.0,-0.5,0.9626,2.1533,0.4804,184.364
38.115,0.5828,-2.8691,160.86,5.0543,-2.4699,4.5138,-0.3865,169.0,1.228,-0.484,0.0,-0.5,0.9631,2.1523,0.4892,184.364
38.166,0.4779,-2.8635,158.14,4.9519,-2.4937,4.5139,-0.3866,168.55,1.228,-0.484,0.0,-0.5,0.9632,2.1521,0.5736,184.364
38.217,0.4779,-2.8635,158.14,4.9519,-2.4937,4.5143,-0.3867,167.65,1.228,-0.484,0.0,-0.5,0.9636,2.152,0.5736,184.364
38.268,0.4779,-2.8635,158.14,4.9519,-2.4937,4.5148,-0.3868,166.29,1.228,-0.484,0.0,-0.5,0.9641,2.1518,0.5736,184.364
38.32,0.4779,-2.8635,158.14,4.9519,-2.4937,4.5153,-0.3869,164.93,1.228,-0.484,0.0,-0.5,0.9646,2.1515,0.5736,184.364
38.371,0.3762,-2.8507,155.44,4.8506,-2.5096,4.5159,-0.387,163.58,1.228,-0.484,0.0,-0.5,0.9651,2.1488,0.5568,184.364
38.424,0.3762,-2.8507,155.44,4.8506,-2.5096,4.5164,-0.3872,162.22,1.228,-0.484,0.0,-0.5,0.9656,2.1486,0.5568,182.545
38.475,0.2773,-2.8329,152.76,4.7507,-2.52,4.5169,-0.3874,160.86,1.228,-0.484,0.0,-0.5,0.9661,2.1454,0.5496,182.545
38.527,0.2773,-2.8329,152.76,4.7507,-2.52,4.5174,-0.3876,159.51,1.228,-0.484,0.0,-0.5,0.9667,2.1452,0.5496,182.545
38.578,0.1787,-2.813,150.03,4.6505,-2.5283,4.5179,-0.3877,158.15,1.228,-0.484,0.0,-0.5,0.9672,2.1447,0.5448,182.545
38.63,0.1787,-2.813,150.03,4.6505,-2.5283,4.5184,-0.388,156.79,1.228,-0.484,0.0,-0.5,0.9677,2.1444,0.5448,182.545
38.681,0.0806,-2.7828,147.38,4.5478,-2.5265,4.5189,-0.3882,155.44,1.228,-0.484,0.0,-0.5,0.9682,2.1386,0.5672,182.545
38.732,0.0806,-2.7828,147.38,4.5478,-2.5265,4.5194,-0.3884,154.08,1.228,-0.484,0.0,-0.5,0.9688,2.1383,0.5672,182.545
38.783,0.0806,-2.7828,147.38,4.5478,-2.5265,4.5198,-0.3886,152.73,1.228,-0.484,0.0,-0.5,0.9693,2.1381,0.5672,182.545
38.834,0.0806,-2.7828,147.38,4.5478,-2.5265,4.5203,-0.3889,151.37,1.228,-0.484,0.0,-0.5,0.9699,2.1378,0.5672,182.283
38.885,-0.1158,-2.7199,141.96,4.3417,-2.5207,4.5208,-0.3892,150.01,1.228,-0.484,0.0,-0.5,0.9704,2.139,0.5108,182.283
38.936,-0.1158,-2.7199,141.96,4.3417,-2.5207,4.5209,-0.3892,149.56,1.228,-0.484,0.0,-0.5,0.9706,2.139,0.5108,182.283
38.987,-0.2047,-2.6841,139.28,4.2464,-2.511,4.5213,-0.3894,148.66,1.228,-0.484,0.0,-0.5,0.9709,2.1393,0.5956,182.283
39.038,-0.2047,-2.6841,139.28,4.2464,-2.511,4.5217,-0.3897,147.3,1.228,-0.484,0.0,-0.5,0.9715,2.1391,0.5956,182.283
39.089,-0.2047,-2.6841,139.28,4.2464,-2.511,4.5222,-0.39,145.94,1.228,-0.484,0.0,-0.5,0.972,2.1388,0.5956,182.283
39.14,-0.2985,-2.6407,136.58,4.1442,-2.4953,4.5226,-0.3903,144.59,1.228,-0.484,0.0,-0.5,0.9725,2.1388,0.6984,182.283
39.192,-0.2985,-2.6407,136.58,4.1442,-2.4953,4.523,-0.3906,143.23,1.228,-0.484,0.0,-0.5,0.9731,2.1385,0.6984,182.283
39.243,-0.3851,-2.5905,133.88,4.047,-2.4711,4.5235,-0.391,141.87,1.228,-0.484,0.0,-0.5,0.9736,2.134,0.6716,182.283
39.294,-0.3851,-2.5905,133.88,4.047,-2.4711,4.5239,-0.3913,140.52,1.228,-0.484,0.0,-0.5,0.9742,2.1338,0.6716,182.283
39.345,-0.4713,-2.5398,131.18,3.9502,-2.4464,4.5243,-0.3916,139.16,1.228,-0.484,0.0,-0.5,0.9747,2.1335,0.6836,182.283
39.397,-0.4713,-2.5398,131.18,3.9502,-2.4464,4.5247,-0.392,137.81,1.228,-0.484,0.0,-0.5,0.9752,2.1332,0.6836,183.574
39.447,-0.5509,-2.4868,128.5,3.859,-2.4175,4.5251,-0.3924,136.45,1.228,-0.484,0.0,-0.5,0.9757,2.1319,0.6552,183.574
39.499,-0.5509,-2.4868,128.5,3.859,-2.4175,4.5255,-0.3927,135.09,1.228,-0.484,0.0,-0.5,0.9763,2.1317,0.6552,183.574
39.55,-0.6319,-2.4232,125.79,3.7635,-2.379,4.5259,-0.3931,133.74,1.228,-0.484,0.0,-0.5,0.9768,2.1272,0.6476,183.574
39.601,-0.7077,-2.3624,123.07,3.6738,-2.3417,4.5262,-0.3935,132.38,1.228,-0.484,0.0,-0.5,0.9773,2.1265,0.6892,183.574
39.652,-0.7077,-2.3624,123.07,3.6738,-2.3417,4.5265,-0.3938,131.48,1.228,-0.484,0.0,-0.5,0.9777,2.1264,0.6892,183.574
39.703,-0.7848,-2.2924,120.37,3.5802,-2.2958,4.5266,-0.3939,131.02,1.228,-0.484,0.0,-0.5,0.9778,2.1243,0.648,183.574
39.753,-0.7848,-2.2924,120.37,3.5802,-2.2958,4.5269,-0.3943,129.67,1.228,-0.484,0.0,-0.5,0.9783,2.1241,0.648,183.574
39.804,-0.7848,-2.2924,120.37,3.5802,-2.2958,4.5273,-0.3947,128.31,1.228,-0.484,0.0,-0.5,0.9789,2.1239,0.648,183.574
39.856,-0.8598,-2.2179,117.67,3.4875,-2.2451,4.5276,-0.3952,126.96,1.228,-0.484,0.0,-0.5,0.9794,2.1223,0.5352,183.574
39.906,-0.8598,-2.2179,117.67,3.4875,-2.2451,4.5279,-0.3956,125.6,1.228,-0.484,0.0,-0.5,0.9799,2.1221,0.5352,183.574
39.958,-0.8598,-2.2179,117.67,3.4875,-2.2451,4.5282,-0.396,124.24,1.228,-0.484,0.0,-0.5,0.9804,2.1218,0.5352,183.574
40.009,-0.9285,-2.1439,114.95,3.401,-2.1931,4.5285,-0.3965,122.89,1.228,-0.484,0.0,-0.5,0.9808,2.1211,0.622,183.574
40.061,-0.9972,-2.0703,112.31,3.3146,-2.1415,4.5288,-0.3969,121.53,1.228,-0.484,0.0,-0.5,0.9813,2.1255,0.5104,183.749
40.111,-0.9972,-2.0703,112.31,3.3146,-2.1415,4.5291,-0.3974,120.17,1.228,-0.484,0.0,-0.5,0.9818,2.1253,0.5104,183.749
40.163,-0.9972,-2.0703,112.31,3.3146,-2.1415,4.5294,-0.3979,118.82,1.228,-0.484,0.0,-0.5,0.9823,2.1251,0.5104,183.749
40.214,-1.0576,-1.9913,109.66,3.2346,-2.0823,4.5296,-0.3983,117.46,1.228,-0.484,0.0,-0.5,0.9827,2.1244,0.4772,183.749
40.265,-1.0576,-1.9913,109.66,3.2346,-2.0823,4.5299,-0.3988,116.1,1.228,-0.484,0.0,-0.5,0.9832,2.1241,0.4772,183.749
40.316,-1.0576,-1.9913,109.66,3.2346,-2.0823,4.5301,-0.3993,114.75,1.228,-0.484,0.0,-0.5,0.9837,2.1239,0.4772,183.749
40.367,-1.1716,-1.8238,104.28,3.0785,-1.9531,4.5303,-0.3998,113.39,1.228,-0.484,0.0,-0.5,0.9841,2.1261,0.6032,183.749
40.418,-1.1716,-1.8238,104.28,3.0785,-1.9531,4.5305,-0.4003,112.03,1.228,-0.484,0.0,-0.5,0.9845,2.1259,0.6032,183.749
40.47,-1.1716,-1.8238,104.28,3.0785,-1.9531,4.5307,-0.4008,110.68,1.228,-0.484,0.0,-0.5,0.985,2.1257,0.6032,185.214
40.521,-1.2199,-1.7324,101.57,3.0067,-1.8787,4.5309,-0.4013,109.32,1.228,-0.484,0.0,-0.5,0.9854,2.1227,0.6608,185.214
40.572,-1.2199,-1.7324,101.57,3.0067,-1.8787,4.5311,-0.4018,107.96,1.228,-0.484,0.0,-0.5,0.9858,2.1225,0.6608,185.214
40.623,-1.2687,-1.6413,98.88,2.9345,-1.8047,4.5312,-0.4023,106.61,1.228,-0.484,0.0,-0.5,0.9862,2.1251,0.6668,185.214
40.674,-1.306,-1.5487,96.18,2.8731,-1.7262,4.5313,-0.4027,105.7,1.228,-0.484,0.0,-0.5,0.9865,2.1217,0.6856,185.214
40.725,-1.306,-1.5487,96.18,2.8731,-1.7262,4.5314,-0.4028,105.25,1.228,-0.484,0.0,-0.5,0.9866,2.1216,0.6856,185.214
40.776,-1.3433,-1.4545,93.48,2.811,-1.6461,4.5315,-0.4033,103.89,1.228,-0.484,0.0,-0.5,0.987,2.1224,0.69,185.214
40.827,-1.3433,-1.4545,93.48,2.811,-1.6461,4.5316,-0.4039,102.54,1.228,-0.484,0.0,-0.5,0.9874,2.1222,0.69,185.214
40.878,-1.3433,-1.4545,93.48,2.811,-1.6461,4.5318,-0.4044,101.18,1.228,-0.484,0.0,-0.5,0.9878,2.122,0.69,185.214
40.929,-1.3433,-1.4545,93.48,2.811,-1.6461,4.5318,-0.4049,99.82,1.228,-0.484,0.0,-0.5,0.9882,2.1218,0.69,185.214
40.98,-1.3746,-1.3576,90.77,2.754,-1.5616,4.5319,-0.4051,99.37,1.228,-0.484,0.0,-0.5,0.9883,2.121,0.6748,185.214
41.031,-1.3746,-1.3576,90.77,2.754,-1.5616,4.5319,-0.4055,98.47,1.228,-0.484,0.0,-0.5,0.9885,2.1208,0.6748,185.587
41.082,-1.3998,-1.2613,88.08,2.703,-1.4761,4.532,-0.406,97.11,1.228,-0.484,0.0,-0.5,0.9889,2.1191,0.6904,185.587
41.133,-1.3998,-1.2613,88.08,2.703,-1.4761,4.5321,-0.4065,95.75,1.228,-0.484,0.0,-0.5,0.9892,2.1189,0.6904,185.587
41.184,-1.4202,-1.1618,85.38,2.6558,-1.3863,4.5321,-0.4071,94.4,1.228,-0.484,0.0,-0.5,0.9895,2.1165,0.6556,185.587
41.235,-1.4202,-1.1618,85.38,2.6558,-1.3863,4.5322,-0.4076,93.04,1.228,-0.484,0.0,-0.5,0.9898,2.1163,0.6556,185.587
41.286,-1.4395,-1.0615,82.67,2.6094,-1.2952,4.5322,-0.4081,91.69,1.228,-0.484,0.0,-0.5,0.9901,2.1176,0.6832,185.587
41.338,-1.4395,-1.0615,82.67,2.6094,-1.2952,4.5322,-0.4087,90.33,1.228,-0.484,0.0,-0.5,0.9904,2.1173,0.6832,185.587
41.389,-1.4494,-0.9642,80.0,2.5728,-1.2045,4.5322,-0.4092,88.97,1.228,-0.484,0.0,-0.5,0.9907,2.1146,0.6008,185.587
41.44,-1.4494,-0.9642,80.0,2.5728,-1.2045,4.5322,-0.4097,87.62,1.228,-0.484,0.0,-0.5,0.991,2.1144,0.6008,185.587
41.491,-1.4613,-0.8652,77.31,2.5339,-1.1127,4.5321,-0.4103,86.26,1.228,-0.484,0.0,-0.5,0.9913,2.1181,0.6876,185.587
41.542,-1.4613,-0.8652,77.31,2.5339,-1.1127,4.5321,-0.4108,84.9,1.228,-0.484,0.0,-0.5,0.9915,2.1179,0.6876,185.587
41.594,-1.4613,-0.8652,77.31,2.5339,-1.1127,4.532,-0.4113,83.55,1.228,-0.484,0.0,-0.5,0.9918,2.1176,0.6876,185.527
41.645,-1.4595,-0.7658,74.59,2.5081,-1.0167,4.532,-0.4119,82.19,1.228,-0.484,0.0,-0.5,0.992,2.1123,0.646,185.527
41.696,-1.4595,-0.7658,74.59,2.5081,-1.0167,4.5319,-0.4124,80.83,1.228,-0.484,0.0,-0.5,0.9922,2.1121,0.646,185.527
41.747,-1.4598,-0.6662,71.91,2.4801,-0.9211,4.5318,-0.4129,79.48,1.228,-0.484,0.0,-0.5,0.9924,2.1137,0.6532,185.527
41.798,-1.4537,-0.5611,69.19,2.4568,-0.8185,4.5318,-0.4131,79.03,1.228,-0.484,0.0,-0.5,0.9925,2.1142,0.6196,185.527
41.849,-1.4537,-0.5611,69.19,2.4568,-0.8185,4.5317,-0.4135,78.12,1.228,-0.484,0.0,-0.5,0.9926,2.1141,0.6196,185.527
41.9,-1.4537,-0.5611,69.19,2.4568,-0.8185,4.5316,-0.414,76.76,1.228,-0.484,0.0,-0.5,0.9928,2.1139,0.6196,185.527
41.951,-1.4416,-0.461,66.48,2.4406,-0.719,4.5315,-0.4145,75.41,1.228,-0.484,0.0,-0.5,0.993,2.1129,0.6688,185.527
42.002,-1.4416,-0.461,66.48,2.4406,-0.719,4.5313,-0.415,74.05,1.228,-0.484,0.0,-0.5,0.9932,2.1127,0.6688,185.527
42.053,-1.4247,-0.3618,63.79,2.4292,-0.619,4.5312,-0.4155,72.7,1.228,-0.484,0.0,-0.5,0.9933,2.1118,0.6104,185.527
42.104,-1.4247,-0.3618,63.79,2.4292,-0.619,4.531,-0.416,71.34,1.228,-0.484,0.0,-0.5,0.9935,2.1115,0.6104,185.527
42.155,-1.4247,-0.3618,63.79,2.4292,-0.619,4.5308,-0.4166,69.98,1.228,-0.484,0.0,-0.5,0.9936,2.1113,0.6104,185.527
42.206,-1.4029,-0.2676,61.06,2.424,-0.5224,4.5306,-0.4171,68.63,1.228,-0.484,0.0,-0.5,0.9937,2.1092,0.6472,185.527
42.258,-1.4029,-0.2676,61.06,2.424,-0.5224,4.5304,-0.4176,67.27,1.228,-0.484,0.0,-0.5,0.9938,2.109,0.6472,186.501
42.309,-1.3777,-0.1674,58.36,2.4204,-0.4191,4.5302,-0.418,65.91,1.228,-0.484,0.0,-0.5,0.9939,2.1098,0.6284,186.501
42.36,-1.3488,-0.0658,55.64,2.42,-0.3135,4.53,-0.4185,64.56,1.228,-0.484,0.0,-0.5,0.994,2.1126,0.5668,186.501
42.411,-1.3488,-0.0658,55.64,2.42,-0.3135,4.5298,-0.419,63.2,1.228,-0.484,0.0,-0.5,0.994,2.1124,0.5668,186.501
42.463,-1.3488,-0.0658,55.64,2.42,-0.3135,4.5295,-0.4195,61.84,1.228,-0.484,0.0,-0.5,0.9941,2.1122,0.5668,186.501
42.514,-1.3188,0.0295,52.94,2.4223,-0.2136,4.5293,-0.42,60.49,1.228,-0.484,0.0,-0.5,0.9941,2.1171,0.5016,186.501
42.565,-1.2796,0.1213,50.32,2.4345,-0.1146,4.529,-0.4204,59.13,1.228,-0.484,0.0,-0.5,0.9942,2.1167,0.7388,186.501
42.616,-1.2796,0.1213,50.32,2.4345,-0.1146,4.5287,-0.4209,57.77,1.228,-0.484,0.0,-0.5,0.9942,2.1165,0.7388,186.501
42.667,-1.2796,0.1213,50.32,2.4345,-0.1146,4.5284,-0.4213,56.42,1.228,-0.484,0.0,-0.5,0.9942,2.1163,0.7388,186.501
42.718,-1.2359,0.2162,47.57,2.4501,-0.0113,4.5281,-0.4218,55.06,1.228,-0.484,0.0,-0.5,0.9942,2.1182,0.544,186.501
42.77,-1.2359,0.2162,47.57,2.4501,-0.0113,4.5278,-0.4222,53.71,1.228,-0.484,0.0,-0.5,0.9942,2.1179,0.544,186.501
42.821,-1.1902,0.3025,44.9,2.47,0.0844,4.5275,-0.4227,52.35,1.228,-0.484,0.0,-0.5,0.9941,2.119,0.4708,186.501
42.872,-1.1402,0.3975,42.22,2.4917,0.1895,4.5274,-0.4228,51.9,1.228,-0.484,0.0,-0.5,0.9941,2.1258,0.4804,186.36
42.923,-1.1402,0.3975,42.22,2.4917,0.1895,4.5272,-0.4231,50.99,1.228,-0.484,0.0,-0.5,0.9941,2.1256,0.4804,186.36
42.974,-1.1402,0.3975,42.22,2.4917,0.1895,4.5268,-0.4235,49.64,1.228,-0.484,0.0,-0.5,0.994,2.1254,0.4804,186.36
43.025,-1.1402,0.3975,42.22,2.4917,0.1895,4.5265,-0.4239,48.28,1.228,-0.484,0.0,-0.5,0.9939,2.1252,0.4804,186.36
43.075,-1.1402,0.3975,42.22,2.4917,0.1895,4.5265,-0.4239,48.28,1.228,-0.484,0.0,-0.5,0.9939,2.1252,0.4804,186.36
43.127,-1.1402,0.3975,42.22,2.4917,0.1895,4.5261,-0.4243,46.92,1.228,-0.484,0.0,-0.5,0.9939,2.125,0.4804,186.36
43.177,-1.1402,0.3975,42.22,2.4917,0.1895,4.5257,-0.4247,45.57,1.228,-0.484,0.0,-0.5,0.9938,2.1247,0.4804,186.36
43.228,-1.1402,0.3975,42.22,2.4917,0.1895,4.5253,-0.4251,44.21,1.228,-0.484,0.0,-0.5,0.9937,2.1245,0.4804,186.36
43.28,-1.1402,0.3975,42.22,2.4917,0.1895,4.525,-0.4254,42.85,1.228,-0.484,0.0,-0.5,0.9935,2.1242,0.4804,187.104
43.33,-0.9687,0.6445,34.13,2.5878,0.4744,4.5248,-0.4256,42.4,1.228,-0.484,0.0,-0.5,0.9935,2.1359,0.5688,187.104
43.381,-0.9687,0.6445,34.13,2.5878,0.4744,4.5246,-0.4258,41.5,1.228,-0.484,0.0,-0.5,0.9934,2.1358,0.5688,187.104
43.432,-0.9687,0.6445,34.13,2.5878,0.4744,4.5241,-0.4262,40.14,1.228,-0.484,0.0,-0.5,0.9933,2.1355,0.5688,187.104
43.483,-0.9687,0.6445,34.13,2.5878,0.4744,4.5237,-0.4265,38.78,1.228,-0.484,0.0,-0.5,0.9931,2.1353,0.5688,187.104
43.535,-0.9687,0.6445,34.13,2.5878,0.4744,4.5233,-0.4268,37.43,1.228,-0.484,0.0,-0.5,0.9929,2.1351,0.5688,187.104
43.586,-0.8301,0.792,28.72,2.68,0.6546,4.5229,-0.4272,36.07,1.228,-0.484,0.0,-0.5,0.9928,2.1369,0.6472,187.104
43.638,-0.7514,0.8658,26.01,2.7351,0.7473,4.5224,-0.4275,34.72,1.228,-0.484,0.0,-0.5,0.9926,2.1389,0.606,187.104
43.689,-0.7514,0.8658,26.01,2.7351,0.7473,4.522,-0.4278,33.36,1.228,-0.484,0.0,-0.5,0.9924,2.1387,0.606,187.104
43.741,-0.6764,0.9312,23.31,2.789,0.831,4.522,-0.4278,33.36,1.228,-0.484,0.0,-0.5,0.9924,2.1419,0.6104,187.104
43.792,-0.6764,0.9312,23.31,2.789,0.831,4.5215,-0.4281,32.0,1.228,-0.484,0.0,-0.5,0.9922,2.1418,0.6104,187.104
43.843,-0.6764,0.9312,23.31,2.789,0.831,4.5211,-0.4283,30.65,1.228,-0.484,0.0,-0.5,0.9919,2.1415,0.6104,187.104
43.894,-0.6764,0.9312,23.31,2.789,0.831,4.5206,-0.4286,29.29,1.228,-0.484,0.0,-0.5,0.9917,2.1413,0.6104,187.104
43.946,-0.6764,0.9312,23.31,2.789,0.831,4.5202,-0.4289,27.93,1.228,-0.484,0.0,-0.5,0.9915,2.1411,0.6104,187.104
43.997,-0.6764,0.9312,23.31,2.789,0.831,4.5197,-0.4291,26.58,1.228,-0.484,0.0,-0.5,0.9912,2.1409,0.6104,187.212
44.048,-0.5054,1.0524,17.9,2.9196,0.995,4.5192,-0.4293,25.22,1.228,-0.484,0.0,-0.5,0.9909,2.1418,0.5744,187.212
44.1,-0.5054,1.0524,17.9,2.9196,0.995,4.5187,-0.4296,23.86,1.228,-0.484,0.0,-0.5,0.9906,2.1416,0.5744,187.212
44.151,-0.4216,1.1057,15.23,2.9853,1.0694,4.5182,-0.4298,22.51,1.228,-0.484,0.0,-0.5,0.9904,2.1442,0.5596,187.212
44.203,-0.4216,1.1057,15.23,2.9853,1.0694,4.5177,-0.43,21.15,1.228,-0.484,0.0,-0.5,0.9901,2.1439,0.5596,187.212
44.254,-0.3273,1.1576,12.49,3.0614,1.1455,4.5172,-0.4302,19.79,1.228,-0.484,0.0,-0.5,0.9897,2.1453,0.5856,187.212
44.305,-0.3273,1.1576,12.49,3.0614,1.1455,4.5167,-0.4304,18.44,1.228,-0.484,0.0,-0.5,0.9894,2.1451,0.5856,187.212
44.356,-0.2375,1.2074,9.77,3.1338,1.2183,4.5162,-0.4305,17.08,1.228,-0.484,0.0,-0.5,0.9891,2.1516,0.6456,187.212
44.408,-0.2375,1.2074,9.77,3.1338,1.2183,4.5157,-0.4307,15.73,1.228,-0.484,0.0,-0.5,0.9888,2.1514,0.6456,187.212
44.459,-0.1441,1.2477,7.07,3.2124,1.283,4.5152,-0.4308,14.37,1.228,-0.484,0.0,-0.5,0.9884,2.1527,0.622,188.861
44.511,-0.1441,1.2477,7.07,3.2124,1.283,4.5146,-0.4309,13.01,1.228,-0.484,0.0,-0.5,0.988,2.1525,0.622,188.861
44.562,-0.0483,1.2833,4.34,3.2945,1.3437,4.5141,-0.4311,11.66,1.228,-0.484,0.0,-0.5,0.9877,2.1534,0.6088,188.861
44.613,-0.0483,1.2833,4.34,3.2945,1.3437,4.5136,-0.4312,10.3,1.228,-0.484,0.0,-0.5,0.9873,2.1532,0.6088,188.861
44.664,0.0448,1.3168,1.7,3.3747,1.4018,4.5131,-0.4312,8.94,1.228,-0.484,0.0,-0.5,0.9869,2.1578,0.6092,188.861
44.716,0.143,1.3437,-1.01,3.4616,1.4549,4.5125,-0.4313,7.59,1.228,-0.484,0.0,-0.5,0.9865,2.1593,0.5916,188.861
44.767,0.143,1.3437,-1.01,3.4616,1.4549,4.512,-0.4314,6.23,1.228,-0.484,0.0,-0.5,0.9861,2.1591,0.5916,188.861
44.818,0.2453,1.3681,-3.77,3.553,1.5067,4.5115,-0.4314,4.87,1.228,-0.484,0.0,-0.5,0.9857,2.1622,0.5352,188.861
44.869,0.2453,1.3681,-3.77,3.553,1.5067,4.5109,-0.4315,3.52,1.228,-0.484,0.0,-0.5,0.9853,2.162,0.5352,188.861
44.921,0.2453,1.3681,-3.77,3.553,1.5067,4.5104,-0.4315,2.16,1.228,-0.484,0.0,-0.5,0.9849,2.1618,0.5352,188.861
44.971,0.3451,1.386,-6.45,3.6439,1.5517,4.5099,-0.4315,0.8,1.228,-0.484,0.0,-0.5,0.9844,2.164,0.7104,188.861
45.771,0.3451,1.386,-6.45,3.6439,1.5517,4.5093,-0.4315,-0.55,1.228,-0.484,0.0,0.0,0.9844,2.164,0.7104,188.861
