t,est_x,est_y,est_yaw_deg,est_wx,est_wy,true_x,true_y,true_yaw_deg,wp_x,wp_y,cmd_v,cmd_w,travelled,est_true_gap,pose_quality,chamfer_cm
0.0,-0.0445,0.1386,-0.3,3.6165,0.2453,3.6978,0.1245,16.13,1.227,-0.484,0.0,-0.5,0.0,0.1456,0.4556,nan
0.052,-0.0445,0.1386,-0.3,3.6165,0.2453,3.6979,0.1245,16.13,1.227,-0.484,0.0,-0.5,0.0001,0.1456,0.4556,nan
0.103,-0.0445,0.1386,-0.3,3.6165,0.2453,3.6979,0.1245,16.11,1.227,-0.484,0.0,-0.5,0.0001,0.1456,0.4556,13.206
0.154,-0.0445,0.1386,-0.3,3.6165,0.2453,3.6979,0.1245,15.98,1.227,-0.484,0.0,-0.5,0.0001,0.1456,0.4556,13.206
0.206,-0.0699,0.2178,-0.32,3.5702,0.3143,3.6979,0.1245,15.59,1.227,-0.484,0.0,-0.5,0.0001,0.2287,0.4136,13.206
0.257,-0.0699,0.2178,-0.32,3.5702,0.3143,3.698,0.1245,14.59,1.227,-0.484,0.0,-0.5,0.0002,0.2288,0.4136,13.206
0.309,-0.0691,0.2695,-0.41,3.5565,0.3642,3.6982,0.1246,13.63,1.227,-0.484,0.0,-0.5,0.0004,0.2783,0.2388,13.206
0.36,-0.0691,0.2695,-0.41,3.5565,0.3642,3.6984,0.1246,12.62,1.227,-0.484,0.0,-0.5,0.0006,0.2784,0.2388,13.206
0.412,-0.0691,0.2695,-0.41,3.5565,0.3642,3.6988,0.1247,11.56,1.227,-0.484,0.0,-0.5,0.001,0.2786,0.2388,13.206
0.463,-0.0691,0.2695,-0.41,3.5565,0.3642,3.6993,0.1248,10.46,1.227,-0.484,0.0,-0.5,0.0015,0.2787,0.2388,13.206
0.515,-0.0097,0.3096,-3.25,3.6025,0.4192,3.6998,0.1249,9.31,1.227,-0.484,0.0,-0.5,0.002,0.31,0.4436,32.289
0.566,-0.0097,0.3096,-3.25,3.6025,0.4192,3.7004,0.1249,8.12,1.227,-0.484,0.0,-0.5,0.0026,0.3101,0.4436,32.289
0.617,0.0125,0.339,-5.46,3.6156,0.4536,3.701,0.125,6.89,1.227,-0.484,0.0,-0.5,0.0032,0.3395,0.3784,32.289
0.668,0.0125,0.339,-5.46,3.6156,0.4536,3.7016,0.1251,5.62,1.227,-0.484,0.0,-0.5,0.0039,0.3396,0.3784,32.289
0.721,0.0125,0.339,-5.46,3.6156,0.4536,3.7022,0.1251,4.32,1.227,-0.484,0.0,-0.5,0.0045,0.3397,0.3784,32.289
0.772,0.0125,0.339,-5.46,3.6156,0.4536,3.7022,0.1251,4.32,1.227,-0.484,0.0,-0.5,0.0045,0.3397,0.3784,32.289
0.823,0.0438,0.4076,-10.14,3.6266,0.5282,3.7027,0.1251,2.98,1.227,-0.484,0.0,-0.5,0.005,0.4102,0.3708,32.289
0.874,0.0438,0.4076,-10.14,3.6266,0.5282,3.7032,0.1251,1.62,1.227,-0.484,0.0,-0.5,0.0054,0.4103,0.3708,32.289
0.925,0.0438,0.4076,-10.14,3.6266,0.5282,3.7035,0.1251,0.23,1.227,-0.484,0.0,-0.5,0.0057,0.4103,0.3708,32.289
0.977,0.0438,0.4076,-10.14,3.6266,0.5282,3.7036,0.1251,-1.16,1.227,-0.484,0.0,-0.5,0.0059,0.4104,0.3708,32.289
1.028,0.0714,0.4375,-12.75,3.6448,0.5646,3.7037,0.1251,-2.56,1.227,-0.484,0.0,-0.5,0.0059,0.4434,0.3336,32.289
1.08,0.1023,0.4686,-15.44,3.6658,0.6031,3.7036,0.1251,-3.96,1.227,-0.484,0.8,-0.5,0.0058,0.4794,0.5844,32.289
1.131,0.1023,0.4686,-15.44,3.6658,0.6031,3.7034,0.1251,-5.37,1.227,-0.484,0.8,-0.5,0.0056,0.4794,0.5844,32.289
1.182,0.1023,0.4686,-15.44,3.6658,0.6031,3.7048,0.125,-6.76,1.227,-0.484,0.8,-0.5,0.007,0.4797,0.5844,47.425
1.233,0.1023,0.4686,-15.44,3.6658,0.6031,3.7103,0.1242,-8.16,1.227,-0.484,0.8,-0.5,0.0125,0.4809,0.5844,47.425
1.284,0.1577,0.5337,-21.01,3.701,0.681,3.7103,0.1242,-8.16,1.227,-0.484,0.8,-0.473,0.0125,0.5569,0.5268,47.425
1.335,0.1577,0.5337,-21.01,3.701,0.681,3.7208,0.1225,-9.62,1.227,-0.484,0.8,-0.473,0.0231,0.5588,0.5268,47.425
1.386,0.1577,0.5337,-21.01,3.701,0.681,3.736,0.1197,-11.19,1.227,-0.484,0.8,-0.473,0.0385,0.5624,0.5268,47.425
1.438,0.1577,0.5337,-21.01,3.701,0.681,3.7558,0.1153,-12.87,1.227,-0.484,0.8,-0.473,0.0587,0.5683,0.5268,47.425
1.489,0.1821,0.5635,-23.87,3.7162,0.7164,3.7802,0.1092,-14.7,1.227,-0.484,0.8,-0.444,0.0838,0.6106,0.4712,47.425
1.541,0.1821,0.5635,-23.87,3.7162,0.7164,3.8088,0.1009,-16.69,1.227,-0.484,0.8,-0.444,0.1135,0.6224,0.4712,61.78
1.592,0.2532,0.58,-26.83,3.7799,0.752,3.8415,0.0902,-18.83,1.227,-0.484,0.8,-0.434,0.1477,0.6647,0.5832,61.78
1.644,0.2532,0.58,-26.83,3.7799,0.752,3.8768,0.0771,-21.01,1.227,-0.484,0.8,-0.434,0.1852,0.6818,0.5832,61.78
1.694,0.3374,0.5762,-30.18,3.8618,0.7717,3.9127,0.0623,-23.06,1.227,-0.484,0.8,-0.415,0.2238,0.7113,0.4992,61.78
1.746,0.437,0.5536,-33.98,3.9638,0.7777,3.9485,0.0461,-24.98,1.227,-0.484,0.8,-0.392,0.2627,0.7318,0.4104,61.78
1.797,0.437,0.5536,-33.98,3.9638,0.7777,3.9839,0.0286,-26.81,1.227,-0.484,0.8,-0.392,0.3017,0.7493,0.4104,61.78
1.848,0.437,0.5536,-33.98,3.9638,0.7777,3.9839,0.0286,-26.81,1.227,-0.484,0.8,-0.392,0.3017,0.7493,0.4104,61.78
1.899,0.5677,0.5154,-38.19,4.1,0.7774,4.0188,0.0101,-28.56,1.227,-0.484,0.8,-0.386,0.3408,0.7716,0.5192,61.78
1.95,0.5677,0.5154,-38.19,4.1,0.7774,4.0532,-0.0095,-30.25,1.227,-0.484,0.8,-0.386,0.3798,0.7883,0.5192,61.78
2.001,0.5677,0.5154,-38.19,4.1,0.7774,4.087,-0.0302,-31.92,1.227,-0.484,0.8,-0.386,0.4188,0.8076,0.5192,61.78
2.052,0.5677,0.5154,-38.19,4.1,0.7774,4.1202,-0.0518,-33.57,1.227,-0.484,0.8,-0.386,0.4577,0.8294,0.5192,61.78
2.104,0.5677,0.5154,-38.19,4.1,0.7774,4.1528,-0.0743,-35.22,1.227,-0.484,0.8,-0.386,0.4966,0.8533,0.5192,74.978
2.155,0.7585,0.4317,-45.68,4.3065,0.7499,4.1848,-0.0978,-36.87,1.227,-0.484,0.8,-0.361,0.5353,0.8564,0.332,74.978
2.206,0.7585,0.4317,-45.68,4.3065,0.7499,4.216,-0.1222,-38.52,1.227,-0.484,0.8,-0.361,0.5739,0.8768,0.332,74.978
2.258,0.8811,0.3758,-48.93,4.4398,0.7303,4.2466,-0.1475,-40.14,1.227,-0.484,0.742,-0.401,0.6124,0.8988,0.504,74.978
2.309,0.9873,0.3256,-52.13,4.5557,0.7116,4.2764,-0.1736,-41.74,1.227,-0.484,0.676,-0.448,0.6508,0.9283,0.318,74.978
2.36,0.9873,0.3256,-52.13,4.5557,0.7116,4.3044,-0.1995,-43.33,1.227,-0.484,0.676,-0.448,0.6877,0.9452,0.318,74.978
2.411,0.9873,0.3256,-52.13,4.5557,0.7116,4.3297,-0.2243,-44.91,1.227,-0.484,0.676,-0.448,0.7217,0.9628,0.318,74.978
2.462,1.0798,0.2453,-55.48,4.667,0.6601,4.3531,-0.2486,-46.5,1.227,-0.484,0.596,-0.484,0.7541,0.9614,0.4496,74.978
2.514,1.1826,0.1722,-58.7,4.786,0.6185,4.3758,-0.2734,-48.11,1.227,-0.484,0.0,-0.5,0.7861,0.9817,0.4604,74.978
2.565,1.1826,0.1722,-58.7,4.786,0.6185,4.3966,-0.2975,-49.74,1.227,-0.484,0.0,-0.5,0.8163,0.9953,0.4604,74.978
2.616,1.2702,0.09,-61.87,4.893,0.5638,4.4144,-0.3193,-51.32,1.227,-0.484,0.0,-0.5,0.8428,1.0045,0.5388,74.978
2.667,1.2702,0.09,-61.87,4.893,0.5638,4.4286,-0.3377,-52.77,1.227,-0.484,0.0,-0.5,0.8647,1.0141,0.5388,74.978
2.719,1.3499,-0.0013,-65.04,4.9949,0.4983,4.4395,-0.3526,-54.08,1.227,-0.484,0.0,-0.5,0.8819,1.0161,0.4564,86.681
2.769,1.3499,-0.0013,-65.04,4.9949,0.4983,4.4473,-0.3636,-55.3,1.227,-0.484,0.0,-0.5,0.8944,1.0212,0.4564,86.681
2.821,1.3499,-0.0013,-65.04,4.9949,0.4983,4.452,-0.3707,-56.47,1.227,-0.484,0.0,-0.5,0.9023,1.0247,0.4564,86.681
2.872,1.4222,-0.0856,-68.26,5.0878,0.4374,4.454,-0.3737,-57.64,1.227,-0.484,0.0,-0.5,0.9055,1.0294,0.5196,86.681
2.923,1.4737,-0.1295,-70.94,5.1495,0.4095,4.4543,-0.3742,-58.42,1.227,-0.484,0.0,-0.5,0.9061,1.0477,0.538,86.681
2.974,1.4737,-0.1295,-70.94,5.1495,0.4095,4.4544,-0.3744,-58.81,1.227,-0.484,0.0,-0.5,0.9062,1.0477,0.538,86.681
3.025,1.5213,-0.1811,-73.39,5.2095,0.3733,4.4546,-0.3749,-59.98,1.227,-0.484,0.0,-0.5,0.9067,1.0628,0.2824,86.681
3.076,1.5213,-0.1811,-73.39,5.2095,0.3733,4.4549,-0.3754,-61.18,1.227,-0.484,0.0,-0.5,0.9073,1.063,0.2824,86.681
3.127,1.5213,-0.1811,-73.39,5.2095,0.3733,4.4551,-0.3758,-62.0,1.227,-0.484,0.0,-0.5,0.9076,1.0631,0.2824,86.681
3.178,1.5518,-0.2147,-75.65,5.2482,0.3494,4.4551,-0.3758,-62.0,1.227,-0.484,0.0,-0.5,0.9076,1.0746,0.438,97.047
3.229,1.5518,-0.2147,-75.65,5.2482,0.3494,4.4554,-0.3763,-63.26,1.227,-0.484,0.0,-0.5,0.9082,1.0748,0.438,97.047
3.28,1.5518,-0.2147,-75.65,5.2482,0.3494,4.4557,-0.3769,-64.55,1.227,-0.484,0.0,-0.5,0.9087,1.0749,0.438,97.047
3.331,1.6009,-0.2403,-78.07,5.3025,0.3385,4.4557,-0.3771,-64.99,1.227,-0.484,0.0,-0.5,0.9089,1.1086,0.4508,97.047
3.382,1.6009,-0.2403,-78.07,5.3025,0.3385,4.4559,-0.3774,-65.88,1.227,-0.484,0.0,-0.5,0.9092,1.1087,0.4508,97.047
3.433,1.6009,-0.2403,-78.07,5.3025,0.3385,4.456,-0.3778,-67.24,1.227,-0.484,0.0,-0.5,0.9095,1.1088,0.4508,97.047
3.483,1.6009,-0.2403,-78.07,5.3025,0.3385,4.456,-0.3778,-67.24,1.227,-0.484,0.0,-0.5,0.9095,1.1088,0.4508,97.047
3.535,1.645,-0.2746,-80.59,5.3543,0.3178,4.4561,-0.378,-68.15,1.227,-0.484,0.0,-0.5,0.9097,1.1362,0.4436,97.047
3.586,1.645,-0.2746,-80.59,5.3543,0.3178,4.4562,-0.3781,-68.62,1.227,-0.484,0.0,-0.5,0.9098,1.1362,0.4436,97.047
3.637,1.645,-0.2746,-80.59,5.3543,0.3178,4.4562,-0.3783,-70.01,1.227,-0.484,0.0,-0.5,0.91,1.1363,0.4436,97.047
3.689,1.645,-0.2746,-80.59,5.3543,0.3178,4.4563,-0.3784,-71.41,1.227,-0.484,0.0,-0.5,0.91,1.1363,0.4436,97.047
3.74,1.645,-0.2746,-80.59,5.3543,0.3178,4.4562,-0.3783,-72.81,1.227,-0.484,0.0,-0.5,0.91,1.1363,0.4436,97.047
3.791,1.7261,-0.3556,-85.98,5.4547,0.2625,4.4562,-0.3782,-74.22,1.227,-0.484,0.0,-0.5,0.9098,1.1864,0.3736,97.047
3.842,1.7261,-0.3556,-85.98,5.4547,0.2625,4.4561,-0.378,-75.62,1.227,-0.484,0.0,-0.5,0.9097,1.1863,0.3736,97.047
3.893,1.7261,-0.3556,-85.98,5.4547,0.2625,4.4561,-0.3777,-77.02,1.227,-0.484,0.0,-0.5,0.9094,1.1862,0.3736,106.382
3.944,1.7641,-0.4001,-88.7,5.5036,0.2303,4.456,-0.3773,-78.41,1.227,-0.484,0.0,-0.5,0.9092,1.2111,0.5812,106.382
3.996,1.8022,-0.4528,-91.53,5.5549,0.1903,4.4559,-0.3771,-79.33,1.227,-0.484,0.0,-0.5,0.909,1.2367,0.506,106.382
4.046,1.8022,-0.4528,-91.53,5.5549,0.1903,4.4559,-0.377,-79.8,1.227,-0.484,0.0,-0.5,0.9089,1.2367,0.506,106.382
4.097,1.8022,-0.4528,-91.53,5.5549,0.1903,4.4558,-0.3766,-81.18,1.227,-0.484,0.0,-0.5,0.9087,1.2366,0.506,106.382
4.148,1.8022,-0.4528,-91.53,5.5549,0.1903,4.4558,-0.3762,-82.56,1.227,-0.484,0.0,-0.5,0.9084,1.2364,0.506,106.382
4.199,1.8022,-0.4528,-91.53,5.5549,0.1903,4.4557,-0.3757,-83.93,1.227,-0.484,0.0,-0.5,0.9081,1.2363,0.506,106.382
4.251,1.8632,-0.5509,-96.99,5.6407,0.113,4.4557,-0.3752,-85.31,1.227,-0.484,0.0,-0.5,0.9078,1.2816,0.4964,106.382
4.302,1.8632,-0.5509,-96.99,5.6407,0.113,4.4556,-0.3748,-86.68,1.227,-0.484,0.0,-0.5,0.9075,1.2815,0.4964,106.382
4.353,1.8632,-0.5509,-96.99,5.6407,0.113,4.4556,-0.3743,-88.04,1.227,-0.484,0.0,-0.5,0.9072,1.2813,0.4964,106.382
4.404,1.8632,-0.5509,-96.99,5.6407,0.113,4.4556,-0.3738,-89.41,1.227,-0.484,0.0,-0.5,0.9069,1.2811,0.4964,106.382
4.455,1.8632,-0.5509,-96.99,5.6407,0.113,4.4556,-0.3733,-90.77,1.227,-0.484,0.0,-0.5,0.9066,1.2809,0.4964,106.382
4.506,1.8632,-0.5509,-96.99,5.6407,0.113,4.4556,-0.3727,-92.13,1.227,-0.484,0.0,-0.5,0.9064,1.2807,0.4964,106.382
4.557,1.8632,-0.5509,-96.99,5.6407,0.113,4.4556,-0.3724,-93.04,1.227,-0.484,0.0,-0.5,0.9062,1.2806,0.4964,114.588
4.608,1.9358,-0.716,-105.12,5.7563,-0.0254,4.4556,-0.3722,-93.49,1.227,-0.484,0.0,-0.5,0.9061,1.3461,0.5912,114.588
4.659,1.9358,-0.716,-105.12,5.7563,-0.0254,4.4557,-0.3717,-94.85,1.227,-0.484,0.0,-0.5,0.9058,1.346,0.5912,114.588
4.71,1.9358,-0.716,-105.12,5.7563,-0.0254,4.4557,-0.3712,-96.21,1.227,-0.484,0.0,-0.5,0.9056,1.3458,0.5912,114.588
4.761,1.9543,-0.7831,-107.86,5.7927,-0.0848,4.4557,-0.371,-96.67,1.227,-0.484,0.0,-0.5,0.9055,1.3673,0.6824,114.588
4.812,1.9543,-0.7831,-107.86,5.7927,-0.0848,4.4558,-0.3706,-97.57,1.227,-0.484,0.0,-0.5,0.9054,1.3671,0.6824,114.588
4.863,1.9715,-0.8428,-110.55,5.8258,-0.1373,4.4559,-0.3701,-98.93,1.227,-0.484,0.0,-0.5,0.9051,1.3896,0.6572,114.588
4.914,1.9715,-0.8428,-110.55,5.8258,-0.1373,4.456,-0.3696,-100.29,1.227,-0.484,0.0,-0.5,0.9049,1.3894,0.6572,114.588
4.965,1.9832,-0.9069,-113.29,5.8549,-0.1956,4.4561,-0.3691,-101.64,1.227,-0.484,0.0,-0.5,0.9047,1.4095,0.6608,114.588
5.016,1.9832,-0.9069,-113.29,5.8549,-0.1956,4.4562,-0.3685,-103.0,1.227,-0.484,0.0,-0.5,0.9045,1.4093,0.6608,114.588
5.067,1.9832,-0.9069,-113.29,5.8549,-0.1956,4.4563,-0.368,-104.36,1.227,-0.484,0.0,-0.5,0.9044,1.4091,0.6608,114.588
5.118,1.9832,-0.9069,-113.29,5.8549,-0.1956,4.4564,-0.3675,-105.72,1.227,-0.484,0.0,-0.5,0.9042,1.4089,0.6608,114.588
5.17,1.9832,-0.9069,-113.29,5.8549,-0.1956,4.4566,-0.367,-107.07,1.227,-0.484,0.0,-0.5,0.904,1.4087,0.6608,122.089
5.221,1.9832,-0.9069,-113.29,5.8549,-0.1956,4.4567,-0.3665,-108.43,1.227,-0.484,0.0,-0.5,0.9039,1.4085,0.6608,122.089
5.272,1.9832,-0.9069,-113.29,5.8549,-0.1956,4.4569,-0.366,-109.79,1.227,-0.484,0.0,-0.5,0.9038,1.4083,0.6608,122.089
5.324,1.9955,-1.1019,-121.38,5.9209,-0.3796,4.4571,-0.3655,-111.14,1.227,-0.484,0.0,-0.5,0.9037,1.4638,0.6932,122.089
5.375,1.9955,-1.1019,-121.38,5.9209,-0.3796,4.4573,-0.365,-112.5,1.227,-0.484,0.0,-0.5,0.9036,1.4636,0.6932,122.089
5.427,1.9955,-1.162,-124.11,5.9376,-0.4373,4.4575,-0.3645,-113.86,1.227,-0.484,0.0,-0.5,0.9035,1.4818,0.7188,122.089
5.478,1.9839,-1.2225,-126.76,5.9432,-0.4986,4.4577,-0.364,-115.21,1.227,-0.484,0.0,-0.5,0.9034,1.4916,0.7188,122.089
5.529,1.9839,-1.2225,-126.76,5.9432,-0.4986,4.458,-0.3635,-116.57,1.227,-0.484,0.0,-0.5,0.9033,1.4914,0.7188,122.089
5.581,1.9839,-1.2225,-126.76,5.9432,-0.4986,4.4582,-0.363,-117.93,1.227,-0.484,0.0,-0.5,0.9033,1.4912,0.7188,122.089
5.632,1.982,-1.2929,-129.49,5.961,-0.5667,4.4584,-0.3627,-118.83,1.227,-0.484,0.0,-0.5,0.9032,1.5164,0.6832,122.089
5.683,1.982,-1.2929,-129.49,5.961,-0.5667,4.4585,-0.3626,-119.28,1.227,-0.484,0.0,-0.5,0.9032,1.5163,0.6832,128.55
5.735,1.962,-1.3498,-132.19,5.9576,-0.627,4.4587,-0.3621,-120.64,1.227,-0.484,0.0,-0.5,0.9032,1.5221,0.7136,128.55
5.785,1.962,-1.3498,-132.19,5.9576,-0.627,4.459,-0.3616,-122.0,1.227,-0.484,0.0,-0.5,0.9032,1.5219,0.7136,128.55
5.837,1.9466,-1.4172,-134.84,5.9615,-0.6961,4.4593,-0.3612,-123.35,1.227,-0.484,0.0,-0.5,0.9032,1.5391,0.3132,128.55
5.888,1.9466,-1.4172,-134.84,5.9615,-0.6961,4.4596,-0.3607,-124.71,1.227,-0.484,0.0,-0.5,0.9032,1.5389,0.3132,128.55
5.94,1.9466,-1.4172,-134.84,5.9615,-0.6961,4.4599,-0.3603,-126.06,1.227,-0.484,0.0,-0.5,0.9032,1.5387,0.3132,128.55
5.99,1.9236,-1.4775,-137.55,5.9562,-0.7603,4.4599,-0.3603,-126.06,1.227,-0.484,0.0,-0.5,0.9032,1.5488,0.544,128.55
6.042,1.9236,-1.4775,-137.55,5.9562,-0.7603,4.4602,-0.3599,-127.42,1.227,-0.484,0.0,-0.5,0.9033,1.5486,0.544,128.55
6.092,1.8992,-1.5558,-140.29,5.9545,-0.8423,4.4606,-0.3594,-128.78,1.227,-0.484,0.0,-0.5,0.9033,1.57,0.48,128.55
6.143,1.8992,-1.5558,-140.29,5.9545,-0.8423,4.4609,-0.359,-130.13,1.227,-0.484,0.0,-0.5,0.9034,1.5698,0.48,128.55
6.194,1.8992,-1.5558,-140.29,5.9545,-0.8423,4.461,-0.3589,-130.59,1.227,-0.484,0.0,-0.5,0.9034,1.5698,0.48,128.55
6.245,1.8718,-1.6079,-142.97,5.9427,-0.9,4.4613,-0.3586,-131.49,1.227,-0.484,0.0,-0.5,0.9035,1.5773,0.4552,128.55
6.295,1.8718,-1.6079,-142.97,5.9427,-0.9,4.4613,-0.3586,-131.49,1.227,-0.484,0.0,-0.5,0.9035,1.5773,0.4552,134.69
6.347,1.8718,-1.6079,-142.97,5.9427,-0.9,4.4616,-0.3582,-132.85,1.227,-0.484,0.0,-0.5,0.9036,1.577,0.4552,134.69
6.398,1.8718,-1.6079,-142.97,5.9427,-0.9,4.462,-0.3578,-134.2,1.227,-0.484,0.0,-0.5,0.9037,1.5768,0.4552,134.69
6.45,1.838,-1.6695,-145.69,5.9274,-0.9686,4.4624,-0.3574,-135.56,1.227,-0.484,0.0,-0.5,0.9038,1.5874,0.5916,134.69
6.5,1.838,-1.6695,-145.69,5.9274,-0.9686,4.4624,-0.3574,-135.56,1.227,-0.484,0.0,-0.5,0.9038,1.5874,0.5916,134.69
6.552,1.838,-1.6695,-145.69,5.9274,-0.9686,4.4628,-0.3571,-136.92,1.227,-0.484,0.0,-0.5,0.9039,1.5871,0.5916,134.69
6.603,1.838,-1.6695,-145.69,5.9274,-0.9686,4.4632,-0.3567,-138.27,1.227,-0.484,0.0,-0.5,0.904,1.5869,0.5916,134.69
6.654,1.838,-1.6695,-145.69,5.9274,-0.9686,4.4636,-0.3564,-139.63,1.227,-0.484,0.0,-0.5,0.9042,1.5867,0.5916,134.69
6.705,1.7576,-1.7921,-151.1,5.8841,-1.1086,4.464,-0.356,-140.99,1.227,-0.484,0.0,-0.5,0.9044,1.6073,0.5664,134.69
6.756,1.7576,-1.7921,-151.1,5.8841,-1.1086,4.4644,-0.3557,-142.34,1.227,-0.484,0.0,-0.5,0.9046,1.6071,0.5664,134.69
6.807,1.7143,-1.8515,-153.81,5.859,-1.1777,4.4648,-0.3553,-143.7,1.227,-0.484,0.0,-0.5,0.9047,1.6187,0.6432,134.69
6.858,1.7143,-1.8515,-153.81,5.859,-1.1777,4.4653,-0.355,-145.06,1.227,-0.484,0.0,-0.5,0.9049,1.6185,0.6432,134.69
6.91,1.672,-1.9123,-156.47,5.8353,-1.2479,4.4657,-0.3547,-146.41,1.227,-0.484,0.0,-0.5,0.9052,1.6351,0.6388,139.231
6.961,1.672,-1.9123,-156.47,5.8353,-1.2479,4.4662,-0.3544,-147.77,1.227,-0.484,0.0,-0.5,0.9054,1.6349,0.6388,139.231
7.012,1.6159,-1.965,-159.13,5.7961,-1.3142,4.4666,-0.3542,-149.12,1.227,-0.484,0.0,-0.5,0.9056,1.6398,0.62,139.231
7.063,1.6159,-1.965,-159.13,5.7961,-1.3142,4.4671,-0.3539,-150.48,1.227,-0.484,0.0,-0.5,0.9059,1.6396,0.62,139.231
7.114,1.5657,-2.0218,-161.85,5.7636,-1.3826,4.4675,-0.3536,-151.84,1.227,-0.484,0.0,-0.5,0.9061,1.6549,0.704,139.231
7.166,1.5657,-2.0218,-161.85,5.7636,-1.3826,4.468,-0.3534,-153.19,1.227,-0.484,0.0,-0.5,0.9064,1.6546,0.704,139.231
7.217,1.5657,-2.0218,-161.85,5.7636,-1.3826,4.4685,-0.3531,-154.55,1.227,-0.484,0.0,-0.5,0.9067,1.6544,0.704,139.231
7.268,1.5657,-2.0218,-161.85,5.7636,-1.3826,4.469,-0.3529,-155.91,1.227,-0.484,0.0,-0.5,0.907,1.6542,0.704,139.231
7.319,1.4495,-2.1162,-167.26,5.6783,-1.5056,4.4695,-0.3527,-157.26,1.227,-0.484,0.0,-0.5,0.9073,1.6705,0.6652,139.231
7.371,1.4495,-2.1162,-167.26,5.6783,-1.5056,4.47,-0.3525,-158.62,1.227,-0.484,0.0,-0.5,0.9076,1.6702,0.6652,143.374
7.422,1.387,-2.1674,-169.98,5.6324,-1.5722,4.4705,-0.3523,-159.98,1.227,-0.484,0.0,-0.5,0.9079,1.6847,0.726,143.374
7.473,1.387,-2.1674,-169.98,5.6324,-1.5722,4.471,-0.3521,-161.33,1.227,-0.484,0.0,-0.5,0.9083,1.6845,0.726,143.374
7.524,1.3232,-2.1964,-172.69,5.5792,-1.6178,4.4715,-0.352,-162.69,1.227,-0.484,0.0,-0.5,0.9086,1.6821,0.7184,143.374
7.575,1.2622,-2.2424,-175.36,5.5334,-1.6789,4.472,-0.3518,-164.04,1.227,-0.484,0.0,-0.5,0.909,1.6993,0.7184,143.374
7.626,1.2622,-2.2424,-175.36,5.5334,-1.6789,4.4725,-0.3517,-165.4,1.227,-0.484,0.0,-0.5,0.9093,1.6991,0.7184,143.374
7.678,1.2622,-2.2424,-175.36,5.5334,-1.6789,4.473,-0.3515,-166.76,1.227,-0.484,0.0,-0.5,0.9097,1.6989,0.7184,143.374
7.729,1.1862,-2.2769,-178.11,5.4699,-1.7331,4.4736,-0.3514,-168.11,1.227,-0.484,0.0,-0.5,0.9101,1.7035,0.7368,143.374
7.78,1.1862,-2.2769,-178.11,5.4699,-1.7331,4.4741,-0.3513,-169.47,1.227,-0.484,0.0,-0.5,0.9105,1.7033,0.7368,143.374
7.831,1.13,-2.3076,179.24,5.4245,-1.7783,4.4746,-0.3512,-170.83,1.227,-0.484,0.0,-0.5,0.9109,1.7143,0.7168,143.374
7.882,1.13,-2.3076,179.24,5.4245,-1.7783,4.4752,-0.3511,-172.18,1.227,-0.484,0.0,-0.5,0.9113,1.7141,0.7168,143.374
7.933,1.0598,-2.3387,176.52,5.3657,-1.8276,4.4757,-0.3511,-173.54,1.227,-0.484,0.0,-0.5,0.9117,1.7241,0.6952,146.248
7.984,1.0598,-2.3387,176.52,5.3657,-1.8276,4.4762,-0.351,-174.9,1.227,-0.484,0.0,-0.5,0.9122,1.7238,0.6952,146.248
8.035,0.984,-2.3564,173.82,5.2977,-1.8657,4.4768,-0.351,-176.25,1.227,-0.484,0.0,-0.5,0.9126,1.7229,0.7432,146.248
8.087,0.984,-2.3564,173.82,5.2977,-1.8657,4.4773,-0.3509,-177.61,1.227,-0.484,0.0,-0.5,0.913,1.7227,0.7432,146.248
8.138,0.9043,-2.3725,171.11,5.2257,-1.9033,4.4778,-0.3509,-178.97,1.227,-0.484,0.0,-0.5,0.9135,1.7231,0.7184,146.248
8.189,0.9043,-2.3725,171.11,5.2257,-1.9033,4.4784,-0.3509,179.68,1.227,-0.484,0.0,-0.5,0.9139,1.7229,0.7184,146.248
8.24,0.8235,-2.3929,168.45,5.1538,-1.9454,4.4789,-0.3509,178.32,1.227,-0.484,0.0,-0.5,0.9144,1.7314,0.6932,146.248
8.292,0.8235,-2.3929,168.45,5.1538,-1.9454,4.4794,-0.351,176.96,1.227,-0.484,0.0,-0.5,0.9149,1.7311,0.6932,146.248
8.343,0.7494,-2.4136,165.72,5.0883,-1.9858,4.48,-0.351,175.61,1.227,-0.484,0.0,-0.5,0.9153,1.7444,0.726,146.248
8.395,0.7494,-2.4136,165.72,5.0883,-1.9858,4.4805,-0.351,174.25,1.227,-0.484,0.0,-0.5,0.9158,1.7441,0.726,146.248
8.446,0.6656,-2.4189,163.02,5.0093,-2.0142,4.481,-0.3511,172.89,1.227,-0.484,0.0,-0.5,0.9163,1.745,0.7344,146.248
8.498,0.6656,-2.4189,163.02,5.0093,-2.0142,4.4816,-0.3512,171.54,1.227,-0.484,0.0,-0.5,0.9168,1.7448,0.7344,148.63
8.549,0.5902,-2.4232,160.34,4.9381,-2.0393,4.4821,-0.3512,170.18,1.227,-0.484,0.0,-0.5,0.9173,1.7486,0.7256,148.63
8.601,0.5902,-2.4232,160.34,4.9381,-2.0393,4.4826,-0.3513,168.82,1.227,-0.484,0.0,-0.5,0.9178,1.7483,0.7256,148.63
8.652,0.5021,-2.4366,157.66,4.8572,-2.0766,4.4833,-0.3515,167.01,1.227,-0.484,0.0,-0.5,0.9185,1.7652,0.3264,148.63
8.704,0.4286,-2.4198,154.98,4.7819,-2.0809,4.4839,-0.3516,165.66,1.227,-0.484,0.0,-0.5,0.919,1.7548,0.5068,148.63
8.755,0.4286,-2.4198,154.98,4.7819,-2.0809,4.4844,-0.3518,164.3,1.227,-0.484,0.0,-0.5,0.9195,1.7546,0.5068,148.63
8.807,0.4286,-2.4198,154.98,4.7819,-2.0809,4.4849,-0.3519,162.94,1.227,-0.484,0.0,-0.5,0.92,1.7543,0.5068,148.63
8.858,0.4286,-2.4198,154.98,4.7819,-2.0809,4.4854,-0.3521,161.59,1.227,-0.484,0.0,-0.5,0.9206,1.7541,0.5068,148.63
8.914,0.4286,-2.4198,154.98,4.7819,-2.0809,4.4859,-0.3522,160.23,1.227,-0.484,0.0,-0.5,0.9211,1.7538,0.5068,151.324
8.965,0.2611,-2.4114,149.55,4.6187,-2.1194,4.4864,-0.3524,158.88,1.227,-0.484,0.0,-0.5,0.9216,1.7719,0.4336,151.324
9.016,0.2611,-2.4114,149.55,4.6187,-2.1194,4.4869,-0.3526,157.52,1.227,-0.484,0.0,-0.5,0.9221,1.7717,0.4336,151.324
9.067,0.1726,-2.3984,146.88,4.53,-2.1315,4.4874,-0.3528,156.16,1.227,-0.484,0.0,-0.5,0.9227,1.7791,0.5684,151.324
9.119,0.1726,-2.3984,146.88,4.53,-2.1315,4.4879,-0.3531,154.81,1.227,-0.484,0.0,-0.5,0.9232,1.7789,0.5684,151.324
9.169,0.1726,-2.3984,146.88,4.53,-2.1315,4.4879,-0.3531,154.81,1.227,-0.484,0.0,-0.5,0.9232,1.7789,0.5684,151.324
9.22,0.0221,-2.3558,141.47,4.3736,-2.1324,4.4884,-0.3533,153.45,1.227,-0.484,0.0,-0.5,0.9237,1.7828,0.544,151.324
9.271,0.0221,-2.3558,141.47,4.3736,-2.1324,4.4889,-0.3535,152.09,1.227,-0.484,0.0,-0.5,0.9243,1.7826,0.544,151.324
9.322,0.0221,-2.3558,141.47,4.3736,-2.1324,4.4893,-0.3538,150.74,1.227,-0.484,0.0,-0.5,0.9248,1.7824,0.544,151.324
9.373,-0.054,-2.3288,138.79,4.293,-2.1277,4.4898,-0.3541,149.38,1.227,-0.484,0.0,-0.5,0.9254,1.7845,0.642,151.324
9.424,-0.054,-2.3288,138.79,4.293,-2.1277,4.4903,-0.3543,148.02,1.227,-0.484,0.0,-0.5,0.9259,1.7843,0.642,151.324
9.478,-0.054,-2.3288,138.79,4.293,-2.1277,4.4907,-0.3546,146.67,1.227,-0.484,0.0,-0.5,0.9264,1.784,0.642,154.262
9.529,-0.1293,-2.291,136.12,4.2102,-2.1122,4.4912,-0.3549,145.31,1.227,-0.484,0.0,-0.5,0.927,1.7796,0.5912,154.262
9.58,-0.1293,-2.291,136.12,4.2102,-2.1122,4.4916,-0.3552,143.96,1.227,-0.484,0.0,-0.5,0.9275,1.7794,0.5912,154.262
9.631,-0.2079,-2.2631,133.39,4.1269,-2.1073,4.492,-0.3556,142.6,1.227,-0.484,0.0,-0.5,0.928,1.7894,0.5592,154.262
9.683,-0.2912,-2.2236,130.66,4.036,-2.0924,4.4925,-0.3559,141.24,1.227,-0.484,0.0,-0.5,0.9286,1.7955,0.684,154.262
9.733,-0.2912,-2.2236,130.66,4.036,-2.0924,4.4929,-0.3562,139.89,1.227,-0.484,0.0,-0.5,0.9291,1.7953,0.684,154.262
9.785,-0.3568,-2.1913,127.97,3.9639,-2.0797,4.4933,-0.3566,138.53,1.227,-0.484,0.0,-0.5,0.9296,1.8026,0.6828,154.262
9.836,-0.3568,-2.1913,127.97,3.9639,-2.0797,4.4937,-0.3569,137.17,1.227,-0.484,0.0,-0.5,0.9302,1.8024,0.6828,154.262
9.887,-0.43,-2.1442,125.27,3.8805,-2.0548,4.4938,-0.3571,136.72,1.227,-0.484,0.0,-0.5,0.9303,1.8051,0.6564,154.262
9.938,-0.43,-2.1442,125.27,3.8805,-2.0548,4.4941,-0.3573,135.82,1.227,-0.484,0.0,-0.5,0.9307,1.805,0.6564,154.262
9.989,-0.43,-2.1442,125.27,3.8805,-2.0548,4.4942,-0.3574,135.37,1.227,-0.484,0.0,-0.5,0.9309,1.8049,0.6564,154.262
10.039,-0.4948,-2.0928,122.56,3.804,-2.0234,4.4945,-0.3577,134.46,1.227,-0.484,0.0,-0.5,0.9312,1.8031,0.7276,154.262
10.09,-0.4948,-2.0928,122.56,3.804,-2.0234,4.4946,-0.3578,134.01,1.227,-0.484,0.0,-0.5,0.9314,1.803,0.7276,158.24
10.141,-0.4948,-2.0928,122.56,3.804,-2.0234,4.4948,-0.3581,133.11,1.227,-0.484,0.0,-0.5,0.9317,1.8029,0.7276,158.24
10.191,-0.4948,-2.0928,122.56,3.804,-2.0234,4.4952,-0.3585,131.75,1.227,-0.484,0.0,-0.5,0.9322,1.8027,0.7276,158.24
10.243,-0.5596,-2.0406,119.87,3.7272,-1.9912,4.4955,-0.3589,130.39,1.227,-0.484,0.0,-0.5,0.9328,1.8041,0.7252,158.24
10.294,-0.5596,-2.0406,119.87,3.7272,-1.9912,4.4959,-0.3593,129.04,1.227,-0.484,0.0,-0.5,0.9333,1.8039,0.7252,158.24
10.345,-0.6242,-1.9876,117.17,3.6505,-1.9583,4.4962,-0.3597,127.68,1.227,-0.484,0.0,-0.5,0.9338,1.8085,0.7096,158.24
10.396,-0.6242,-1.9876,117.17,3.6505,-1.9583,4.4965,-0.3601,126.32,1.227,-0.484,0.0,-0.5,0.9343,1.8083,0.7096,158.24
10.447,-0.6242,-1.9876,117.17,3.6505,-1.9583,4.4969,-0.3606,124.97,1.227,-0.484,0.0,-0.5,0.9348,1.808,0.7096,158.24
10.498,-0.6242,-1.9876,117.17,3.6505,-1.9583,4.4972,-0.361,123.61,1.227,-0.484,0.0,-0.5,0.9352,1.8078,0.7096,158.24
10.55,-0.6242,-1.9876,117.17,3.6505,-1.9583,4.4975,-0.3615,122.25,1.227,-0.484,0.0,-0.5,0.9357,1.8075,0.7096,158.24
10.601,-0.7463,-1.8578,111.78,3.4971,-1.8675,4.4977,-0.3619,120.9,1.227,-0.484,0.0,-0.5,0.9362,1.8078,0.7108,158.24
10.651,-0.7463,-1.8578,111.78,3.4971,-1.8675,4.498,-0.3624,119.54,1.227,-0.484,0.0,-0.5,0.9367,1.8076,0.7108,158.24
10.703,-0.8025,-1.7942,109.08,3.4255,-1.822,4.4981,-0.3626,119.09,1.227,-0.484,0.0,-0.5,0.9368,1.8112,0.7072,158.24
10.754,-0.8025,-1.7942,109.08,3.4255,-1.822,4.4983,-0.3629,118.18,1.227,-0.484,0.0,-0.5,0.9372,1.8111,0.7072,161.563
10.805,-0.8543,-1.7177,106.35,3.3544,-1.7629,4.4985,-0.3633,116.83,1.227,-0.484,0.0,-0.5,0.9376,1.8077,0.7452,161.563
10.856,-0.8543,-1.7177,106.35,3.3544,-1.7629,4.4988,-0.3638,115.47,1.227,-0.484,0.0,-0.5,0.9381,1.8074,0.7452,161.563
10.907,-0.9071,-1.652,103.67,3.2854,-1.7145,4.4988,-0.3638,115.47,1.227,-0.484,0.0,-0.5,0.9381,1.8156,0.7072,161.563
10.958,-0.9071,-1.652,103.67,3.2854,-1.7145,4.499,-0.3643,114.11,1.227,-0.484,0.0,-0.5,0.9385,1.8154,0.7072,161.563
11.009,-0.9071,-1.652,103.67,3.2854,-1.7145,4.4992,-0.3648,112.76,1.227,-0.484,0.0,-0.5,0.939,1.8152,0.7072,161.563
11.06,-0.9071,-1.652,103.67,3.2854,-1.7145,4.4994,-0.3653,111.4,1.227,-0.484,0.0,-0.5,0.9394,1.815,0.7072,161.563
11.112,-0.9499,-1.5768,101.01,3.2235,-1.6541,4.4996,-0.3658,110.04,1.227,-0.484,0.0,-0.5,0.9398,1.8134,0.6824,161.563
11.164,-0.9499,-1.5768,101.01,3.2235,-1.6541,4.4998,-0.3663,108.69,1.227,-0.484,0.0,-0.5,0.9402,1.8131,0.6824,161.563
11.215,-0.9888,-1.5055,98.29,3.1663,-1.5964,4.4999,-0.3668,107.33,1.227,-0.484,0.0,-0.5,0.9406,1.814,0.6984,161.563
11.266,-0.9888,-1.5055,98.29,3.1663,-1.5964,4.5001,-0.3673,105.97,1.227,-0.484,0.0,-0.5,0.941,1.8138,0.6984,161.563
11.318,-1.0328,-1.4268,95.67,3.1022,-1.5331,4.5002,-0.3679,104.62,1.227,-0.484,0.0,-0.5,0.9414,1.82,0.6848,164.353
11.369,-1.0328,-1.4268,95.67,3.1022,-1.5331,4.5004,-0.3684,103.26,1.227,-0.484,0.0,-0.5,0.9418,1.8198,0.6848,164.353
11.42,-1.0788,-1.3437,92.99,3.0348,-1.4661,4.5005,-0.3689,101.9,1.227,-0.484,0.0,-0.5,0.9422,1.8309,0.6744,164.353
11.471,-1.0788,-1.3437,92.99,3.0348,-1.4661,4.5006,-0.3694,100.55,1.227,-0.484,0.0,-0.5,0.9426,1.8306,0.6744,164.353
11.522,-1.1048,-1.2632,90.3,2.9875,-1.3959,4.5007,-0.37,99.19,1.227,-0.484,0.0,-0.5,0.9429,1.8282,0.7028,164.353
11.574,-1.1301,-1.1712,87.59,2.9376,-1.3146,4.5008,-0.3705,97.83,1.227,-0.484,0.0,-0.5,0.9433,1.8261,0.688,164.353
11.625,-1.1301,-1.1712,87.59,2.9376,-1.3146,4.5008,-0.371,96.48,1.227,-0.484,0.0,-0.5,0.9436,1.8259,0.688,164.353
11.676,-1.1575,-1.0888,84.89,2.8884,-1.2431,4.5009,-0.3715,95.12,1.227,-0.484,0.0,-0.5,0.9439,1.8329,0.6436,164.353
11.727,-1.1575,-1.0888,84.89,2.8884,-1.2431,4.5009,-0.3721,93.76,1.227,-0.484,0.0,-0.5,0.9442,1.8327,0.6436,164.353
11.779,-1.1575,-1.0888,84.89,2.8884,-1.2431,4.501,-0.3726,92.41,1.227,-0.484,0.0,-0.5,0.9445,1.8325,0.6436,166.329
11.83,-1.1767,-0.9933,82.17,2.8434,-1.1567,4.501,-0.3732,91.05,1.227,-0.484,0.0,-0.5,0.9448,1.8334,0.7072,166.329
11.881,-1.1767,-0.9933,82.17,2.8434,-1.1567,4.501,-0.3737,89.7,1.227,-0.484,0.0,-0.5,0.9451,1.8332,0.7072,166.329
11.932,-1.1836,-0.9088,79.46,2.8134,-1.0774,4.501,-0.3742,88.34,1.227,-0.484,0.0,-0.5,0.9454,1.8283,0.684,166.329
11.984,-1.1836,-0.9088,79.46,2.8134,-1.0774,4.501,-0.3748,86.98,1.227,-0.484,0.0,-0.5,0.9457,1.828,0.684,166.329
12.035,-1.1981,-0.8219,76.78,2.7753,-0.998,4.5009,-0.3753,85.63,1.227,-0.484,0.0,-0.5,0.9459,1.8346,0.6956,166.329
12.086,-1.1981,-0.8219,76.78,2.7753,-0.998,4.5009,-0.3758,84.27,1.227,-0.484,0.0,-0.5,0.9462,1.8343,0.6956,166.329
12.137,-1.1981,-0.7387,74.06,2.7521,-0.918,4.5008,-0.3764,82.91,1.227,-0.484,0.0,-0.5,0.9464,1.8307,0.7308,166.329
12.188,-1.2094,-0.6488,71.4,2.7163,-0.8348,4.5008,-0.3767,82.01,1.227,-0.484,0.0,-0.5,0.9466,1.8423,0.7188,166.329
12.239,-1.2094,-0.6488,71.4,2.7163,-0.8348,4.5007,-0.3769,81.56,1.227,-0.484,0.0,-0.5,0.9466,1.8422,0.7188,166.329
12.29,-1.2094,-0.6488,71.4,2.7163,-0.8348,4.5007,-0.3773,80.65,1.227,-0.484,0.0,-0.5,0.9468,1.8421,0.7188,168.538
12.341,-1.2043,-0.5522,68.7,2.6944,-0.7406,4.5007,-0.3774,80.2,1.227,-0.484,0.0,-0.5,0.9468,1.8424,0.7168,168.538
12.392,-1.2043,-0.5522,68.7,2.6944,-0.7406,4.5006,-0.378,78.84,1.227,-0.484,0.0,-0.5,0.947,1.8422,0.7168,168.538
12.443,-1.2043,-0.5522,68.7,2.6944,-0.7406,4.5005,-0.3785,77.49,1.227,-0.484,0.0,-0.5,0.9472,1.842,0.7168,168.538
12.495,-1.1976,-0.4648,65.94,2.6765,-0.6548,4.5003,-0.379,76.13,1.227,-0.484,0.0,-0.5,0.9474,1.8446,0.746,168.538
12.546,-1.1976,-0.4648,65.94,2.6765,-0.6548,4.5002,-0.3795,74.77,1.227,-0.484,0.0,-0.5,0.9476,1.8444,0.746,168.538
12.598,-1.1827,-0.3759,63.28,2.6661,-0.5653,4.5001,-0.38,73.42,1.227,-0.484,0.0,-0.5,0.9477,1.8433,0.7396,168.538
12.649,-1.1827,-0.3759,63.28,2.6661,-0.5653,4.4999,-0.3806,72.06,1.227,-0.484,0.0,-0.5,0.9478,1.8431,0.7396,168.538
12.7,-1.1738,-0.2843,60.56,2.6492,-0.4747,4.4997,-0.3811,70.7,1.227,-0.484,0.0,-0.5,0.948,1.8529,0.7236,168.538
12.751,-1.1738,-0.2843,60.56,2.6492,-0.4747,4.4995,-0.3816,69.35,1.227,-0.484,0.0,-0.5,0.9481,1.8527,0.7236,168.538
12.803,-1.1738,-0.2843,60.56,2.6492,-0.4747,4.4993,-0.3821,67.99,1.227,-0.484,0.0,-0.5,0.9482,1.8524,0.7236,168.538
12.854,-1.1506,-0.1955,57.86,2.6468,-0.383,4.4992,-0.3824,67.09,1.227,-0.484,0.0,-0.5,0.9483,1.8524,0.7572,168.538
12.905,-1.1506,-0.1955,57.86,2.6468,-0.383,4.4991,-0.3826,66.64,1.227,-0.484,0.0,-0.5,0.9483,1.8523,0.7572,170.471
12.955,-1.1506,-0.1955,57.86,2.6468,-0.383,4.4989,-0.3831,65.28,1.227,-0.484,0.0,-0.5,0.9484,1.8521,0.7572,170.471
13.006,-1.1506,-0.1955,57.86,2.6468,-0.383,4.4987,-0.3835,63.92,1.227,-0.484,0.0,-0.5,0.9484,1.8518,0.7572,170.471
13.058,-1.1029,-0.0177,52.49,2.6433,-0.199,4.4984,-0.384,62.57,1.227,-0.484,0.0,-0.5,0.9485,1.8644,0.732,170.471
13.109,-1.1029,-0.0177,52.49,2.6433,-0.199,4.4982,-0.3845,61.21,1.227,-0.484,0.0,-0.5,0.9485,1.8642,0.732,170.471
13.16,-1.0656,0.0656,49.81,2.656,-0.1086,4.4979,-0.385,59.85,1.227,-0.484,0.0,-0.5,0.9485,1.8626,0.742,170.471
13.211,-1.0656,0.0656,49.81,2.656,-0.1086,4.4977,-0.3854,58.5,1.227,-0.484,0.0,-0.5,0.9486,1.8624,0.742,170.471
13.263,-1.0656,0.0656,49.81,2.656,-0.1086,4.4974,-0.3859,57.14,1.227,-0.484,0.0,-0.5,0.9486,1.8622,0.742,170.471
13.314,-1.0346,0.1559,47.07,2.6606,-0.0132,4.4971,-0.3863,55.78,1.227,-0.484,0.0,-0.5,0.9486,1.874,0.74,170.471
13.365,-1.0346,0.1559,47.07,2.6606,-0.0132,4.4971,-0.3863,55.78,1.227,-0.484,0.0,-0.5,0.9486,1.874,0.74,170.471
13.416,-0.9894,0.2426,44.4,2.6799,0.0826,4.4968,-0.3868,54.43,1.227,-0.484,0.0,-0.5,0.9485,1.8765,0.6716,170.471
13.467,-0.9894,0.2426,44.4,2.6799,0.0826,4.4964,-0.3872,53.07,1.227,-0.484,0.0,-0.5,0.9485,1.8763,0.6716,170.471
13.518,-0.9894,0.2426,44.4,2.6799,0.0826,4.4961,-0.3876,51.71,1.227,-0.484,0.0,-0.5,0.9485,1.8761,0.6716,170.471
13.57,-0.9518,0.3201,41.7,2.6945,0.1675,4.4958,-0.3881,50.36,1.227,-0.484,0.0,-0.5,0.9484,1.885,0.676,171.901
13.621,-0.9518,0.3201,41.7,2.6945,0.1675,4.4954,-0.3885,49.0,1.227,-0.484,0.0,-0.5,0.9483,1.8848,0.676,171.901
13.672,-0.9039,0.4047,38.97,2.7171,0.2621,4.4951,-0.3889,47.64,1.227,-0.484,0.0,-0.5,0.9483,1.8934,0.672,171.901
13.723,-0.8467,0.4739,36.29,2.7527,0.3445,4.4951,-0.3889,47.64,1.227,-0.484,0.0,-0.5,0.9483,1.8904,0.6384,171.901
13.774,-0.8467,0.4739,36.29,2.7527,0.3445,4.4947,-0.3893,46.29,1.227,-0.484,0.0,-0.5,0.9482,1.8902,0.6384,171.901
13.825,-0.8467,0.4739,36.29,2.7527,0.3445,4.4943,-0.3897,44.93,1.227,-0.484,0.0,-0.5,0.9481,1.89,0.6384,171.901
13.876,-0.8467,0.4739,36.29,2.7527,0.3445,4.494,-0.39,43.58,1.227,-0.484,0.0,-0.5,0.9479,1.8898,0.6384,171.901
13.928,-0.8467,0.4739,36.29,2.7527,0.3445,4.4936,-0.3904,42.22,1.227,-0.484,0.0,-0.5,0.9478,1.8896,0.6384,171.901
13.979,-0.8467,0.4739,36.29,2.7527,0.3445,4.4932,-0.3908,40.86,1.227,-0.484,0.0,-0.5,0.9477,1.8894,0.6384,171.901
14.031,-0.7315,0.6186,30.98,2.8232,0.5155,4.4927,-0.3911,39.51,1.227,-0.484,0.0,-0.5,0.9475,1.8998,0.6724,171.901
14.082,-0.7315,0.6186,30.98,2.8232,0.5155,4.4923,-0.3914,38.15,1.227,-0.484,0.0,-0.5,0.9473,1.8996,0.6724,171.901
14.134,-0.6691,0.6932,28.18,2.8625,0.6045,4.4919,-0.3918,36.79,1.227,-0.484,0.0,-0.5,0.9472,1.9099,0.5776,173.418
14.185,-0.6691,0.6932,28.18,2.8625,0.6045,4.4915,-0.3921,35.44,1.227,-0.484,0.0,-0.5,0.947,1.9097,0.5776,173.418
14.236,-0.6026,0.7641,25.52,2.9067,0.691,4.491,-0.3924,34.08,1.227,-0.484,0.0,-0.5,0.9468,1.9194,0.616,173.418
14.288,-0.6026,0.7641,25.52,2.9067,0.691,4.4906,-0.3927,32.72,1.227,-0.484,0.0,-0.5,0.9466,1.9192,0.616,173.418
14.338,-0.5357,0.8291,22.81,2.9528,0.7721,4.4901,-0.393,31.37,1.227,-0.484,0.0,-0.5,0.9463,1.9289,0.6052,173.418
14.39,-0.4491,0.8782,20.03,3.0224,0.8433,4.4897,-0.3932,30.01,1.227,-0.484,0.0,-0.5,0.9461,1.9188,0.5952,173.418
14.441,-0.4491,0.8782,20.03,3.0224,0.8433,4.4892,-0.3935,28.66,1.227,-0.484,0.0,-0.5,0.9458,1.9186,0.5952,173.418
14.492,-0.4491,0.8782,20.03,3.0224,0.8433,4.4887,-0.3938,27.3,1.227,-0.484,0.0,-0.5,0.9456,1.9184,0.5952,173.418
14.543,-0.3795,0.9373,17.31,3.0728,0.9194,4.4882,-0.394,25.94,1.227,-0.484,0.0,-0.5,0.9453,1.931,0.6312,173.418
14.595,-0.3795,0.9373,17.31,3.0728,0.9194,4.4878,-0.3942,24.59,1.227,-0.484,0.0,-0.5,0.945,1.9308,0.6312,173.418
14.646,-0.3795,0.9373,17.31,3.0728,0.9194,4.4873,-0.3945,23.23,1.227,-0.484,0.0,-0.5,0.9448,1.9305,0.6312,173.418
14.698,-0.3795,0.9373,17.31,3.0728,0.9194,4.4868,-0.3947,21.87,1.227,-0.484,0.0,-0.5,0.9444,1.9303,0.6312,176.232
14.749,-0.2174,1.0368,11.86,3.2009,1.06,4.4863,-0.3949,20.52,1.227,-0.484,0.0,-0.5,0.9441,1.9414,0.4816,176.232
14.801,-0.139,1.0871,9.19,3.2623,1.1302,4.4858,-0.395,19.16,1.227,-0.484,0.0,-0.5,0.9438,1.9553,0.5984,176.232
14.852,-0.139,1.0871,9.19,3.2623,1.1302,4.4853,-0.3952,17.8,1.227,-0.484,0.0,-0.5,0.9435,1.9551,0.5984,176.232
14.903,-0.139,1.0871,9.19,3.2623,1.1302,4.4847,-0.3954,16.45,1.227,-0.484,0.0,-0.5,0.9431,1.9549,0.5984,176.232
14.954,-0.0538,1.1254,6.5,3.3334,1.1907,4.4842,-0.3955,15.09,1.227,-0.484,0.0,-0.5,0.9428,1.9597,0.4912,176.232
15.005,-0.0538,1.1254,6.5,3.3334,1.1907,4.4841,-0.3956,14.64,1.227,-0.484,0.0,-0.5,0.9427,1.9596,0.4912,176.232
15.056,0.0364,1.1535,3.8,3.4123,1.2427,4.4837,-0.3957,13.73,1.227,-0.484,0.0,-0.5,0.9424,1.9576,0.4848,176.232
15.106,0.0364,1.1535,3.8,3.4123,1.2427,4.4837,-0.3957,13.73,1.227,-0.484,0.0,-0.5,0.9424,1.9576,0.4848,176.232
15.158,0.1244,1.1842,1.12,3.4883,1.2966,4.4832,-0.3958,12.38,1.227,-0.484,0.0,-0.5,0.9421,1.9631,0.526,178.908
15.209,0.1244,1.1842,1.12,3.4883,1.2966,4.4827,-0.3959,11.02,1.227,-0.484,0.0,-0.5,0.9417,1.963,0.526,178.908
15.259,0.1244,1.1842,1.12,3.4883,1.2966,4.4823,-0.396,10.12,1.227,-0.484,0.0,-0.5,0.9414,1.9629,0.526,178.908
15.31,0.2222,1.2174,-1.72,3.573,1.3557,4.4821,-0.396,9.66,1.227,-0.484,0.0,-0.5,0.9413,1.9735,0.4976,178.908
15.361,0.2222,1.2174,-1.72,3.573,1.3557,4.4816,-0.3961,8.31,1.227,-0.484,0.0,-0.5,0.9409,1.9734,0.4976,178.908
15.412,0.2222,1.2174,-1.72,3.573,1.3557,4.4811,-0.3961,6.95,1.227,-0.484,0.0,-0.5,0.9405,1.9732,0.4976,178.908
15.463,0.3156,1.2429,-4.35,3.6557,1.4062,4.4805,-0.3962,5.59,1.227,-0.484,0.0,-0.5,0.9401,1.9822,0.6204,178.908
15.514,0.3156,1.2429,-4.35,3.6557,1.4062,4.48,-0.3962,4.24,1.227,-0.484,0.0,-0.5,0.9397,1.982,0.6204,178.908
15.566,0.3156,1.2429,-4.35,3.6557,1.4062,4.4795,-0.3963,2.88,1.227,-0.484,0.0,-0.5,0.9393,1.9818,0.6204,178.908
15.617,0.4144,1.2612,-7.07,3.7454,1.4512,4.4789,-0.3963,1.52,1.227,-0.484,0.0,-0.5,0.9388,1.9877,0.4948,178.908
15.668,0.4144,1.2612,-7.07,3.7454,1.4512,4.4784,-0.3963,0.17,1.227,-0.484,0.0,-0.5,0.9384,1.9876,0.4948,178.908
15.719,0.5029,1.2792,-9.77,3.8255,1.4931,4.4779,-0.3963,-1.19,1.227,-0.484,0.0,-0.5,0.9379,1.9989,0.606,178.908
15.771,0.5029,1.2792,-9.77,3.8255,1.4931,4.4773,-0.3963,-2.55,1.227,-0.484,0.0,-0.5,0.9375,1.9987,0.606,178.908
15.823,0.5997,1.2856,-12.39,3.9166,1.5261,4.477,-0.3963,-3.45,1.227,-0.484,0.0,-0.5,0.9372,2.0023,0.6088,181.203
15.874,0.5997,1.2856,-12.39,3.9166,1.5261,4.4768,-0.3963,-3.9,1.227,-0.484,0.0,-0.5,0.937,2.0023,0.6088,181.203
15.925,0.7047,1.2917,-15.18,4.0159,1.5611,4.4763,-0.3962,-5.26,1.227,-0.484,0.0,-0.5,0.9365,2.0108,0.4792,181.203
15.975,0.7047,1.2917,-15.18,4.0159,1.5611,4.4761,-0.3962,-5.71,1.227,-0.484,0.0,-0.5,0.9364,2.0107,0.4792,181.203
16.026,0.7047,1.2917,-15.18,4.0159,1.5611,4.4757,-0.3962,-6.62,1.227,-0.484,0.0,-0.5,0.9361,2.0106,0.4792,181.203
16.077,0.7047,1.2917,-15.18,4.0159,1.5611,4.4752,-0.3961,-7.97,1.227,-0.484,0.0,-0.5,0.9356,2.0104,0.4792,181.203
16.128,0.7047,1.2917,-15.18,4.0159,1.5611,4.4747,-0.396,-9.33,1.227,-0.484,0.0,-0.5,0.9351,2.0102,0.4792,181.203
16.179,0.7047,1.2917,-15.18,4.0159,1.5611,4.4741,-0.3959,-10.69,1.227,-0.484,0.0,-0.5,0.9346,2.01,0.4792,181.203
16.23,0.8874,1.2879,-20.55,4.1924,1.6083,4.4741,-0.3959,-10.69,1.227,-0.484,0.0,-0.5,0.9346,2.0239,0.5972,181.203
16.281,0.8874,1.2879,-20.55,4.1924,1.6083,4.4736,-0.3958,-12.04,1.227,-0.484,0.0,-0.5,0.9341,2.0237,0.5972,181.203
16.333,0.983,1.283,-23.23,4.2856,1.6301,4.4731,-0.3957,-13.4,1.227,-0.484,0.0,-0.5,0.9336,2.0345,0.5684,181.203
16.383,0.983,1.283,-23.23,4.2856,1.6301,4.4726,-0.3956,-14.75,1.227,-0.484,0.0,-0.5,0.9331,2.0343,0.5684,181.203
16.436,0.983,1.283,-23.23,4.2856,1.6301,4.472,-0.3954,-16.11,1.227,-0.484,0.0,-0.5,0.9326,2.0341,0.5684,181.203
16.487,1.0767,1.2744,-25.96,4.378,1.6479,4.4715,-0.3953,-17.47,1.227,-0.484,0.0,-0.5,0.9321,2.0453,0.6104,181.203
16.538,1.1695,1.2533,-28.67,4.473,1.6534,4.4715,-0.3953,-17.47,1.227,-0.484,0.0,-0.5,0.9321,2.0487,0.5912,182.92
16.59,1.1695,1.2533,-28.67,4.473,1.6534,4.471,-0.3951,-18.82,1.227,-0.484,0.0,-0.5,0.9316,2.0485,0.5912,182.92
16.641,1.1695,1.2533,-28.67,4.473,1.6534,4.4705,-0.3949,-20.18,1.227,-0.484,0.0,-0.5,0.9311,2.0483,0.5912,182.92
16.692,1.1695,1.2533,-28.67,4.473,1.6534,4.47,-0.3947,-21.54,1.227,-0.484,0.0,-0.5,0.9305,2.0481,0.5912,182.92
16.744,1.271,1.2292,-31.31,4.5772,1.6585,4.4695,-0.3945,-22.89,1.227,-0.484,0.0,-0.5,0.93,2.0558,0.4992,182.92
16.795,1.271,1.2292,-31.31,4.5772,1.6585,4.469,-0.3943,-24.25,1.227,-0.484,0.0,-0.5,0.9295,2.0557,0.4992,182.92
16.846,1.3636,1.2076,-34.01,4.6721,1.6635,4.4685,-0.3941,-25.6,1.227,-0.484,0.0,-0.5,0.9289,2.0676,0.6316,182.92
16.898,1.3636,1.2076,-34.01,4.6721,1.6635,4.468,-0.3939,-26.96,1.227,-0.484,0.0,-0.5,0.9284,2.0674,0.6316,182.92
16.949,1.3636,1.2076,-34.01,4.6721,1.6635,4.4676,-0.3936,-28.32,1.227,-0.484,0.0,-0.5,0.9279,2.0672,0.6316,182.92
17.0,1.3636,1.2076,-34.01,4.6721,1.6635,4.4671,-0.3934,-29.67,1.227,-0.484,0.0,-0.5,0.9273,2.067,0.6316,182.92
17.051,1.5438,1.1337,-39.33,4.8658,1.6425,4.4666,-0.3931,-31.03,1.227,-0.484,0.0,-0.5,0.9268,2.0744,0.528,182.92
17.103,1.5438,1.1337,-39.33,4.8658,1.6425,4.4662,-0.3928,-32.39,1.227,-0.484,0.0,-0.5,0.9263,2.0742,0.528,184.105
17.155,1.6331,1.0998,-42.09,4.961,1.6348,4.4657,-0.3925,-33.74,1.227,-0.484,0.0,-0.5,0.9257,2.0869,0.6076,184.105
17.206,1.6331,1.0998,-42.09,4.961,1.6348,4.4653,-0.3922,-35.1,1.227,-0.484,0.0,-0.5,0.9252,2.0867,0.6076,184.105
17.257,1.7347,1.0562,-44.86,5.0707,1.6211,4.4648,-0.3919,-36.46,1.227,-0.484,0.0,-0.5,0.9247,2.1022,0.506,184.105
17.309,1.7347,1.0562,-44.86,5.0707,1.6211,4.4644,-0.3916,-37.81,1.227,-0.484,0.0,-0.5,0.9241,2.102,0.506,184.105
17.359,1.8108,1.0114,-47.51,5.1563,1.5992,4.464,-0.3912,-39.17,1.227,-0.484,0.0,-0.5,0.9236,2.1074,0.6232,184.105
17.41,1.8911,0.9612,-50.23,5.2474,1.5733,4.464,-0.3912,-39.17,1.227,-0.484,0.0,-0.5,0.9236,2.115,0.61,184.105
17.461,1.8911,0.9612,-50.23,5.2474,1.5733,4.4636,-0.3909,-40.53,1.227,-0.484,0.0,-0.5,0.923,2.1148,0.61,184.105
17.512,1.8911,0.9612,-50.23,5.2474,1.5733,4.4632,-0.3905,-41.88,1.227,-0.484,0.0,-0.5,0.9225,2.1147,0.61,184.105
17.565,1.8911,0.9612,-50.23,5.2474,1.5733,4.4628,-0.3902,-43.24,1.227,-0.484,0.0,-0.5,0.922,2.1145,0.61,184.105
17.617,1.9723,0.901,-52.95,5.3421,1.5381,4.4624,-0.3898,-44.59,1.227,-0.484,0.0,-0.5,0.9215,2.1191,0.488,184.105
17.668,1.9723,0.901,-52.95,5.3421,1.5381,4.462,-0.3894,-45.95,1.227,-0.484,0.0,-0.5,0.9209,2.1189,0.488,184.105
17.719,2.0445,0.8414,-55.66,5.428,1.5008,4.4616,-0.389,-47.31,1.227,-0.484,0.0,-0.5,0.9204,2.1226,0.634,184.105
17.77,2.0445,0.8414,-55.66,5.428,1.5008,4.4616,-0.389,-47.31,1.227,-0.484,0.0,-0.5,0.9204,2.1226,0.634,185.906
17.821,2.123,0.7861,-58.36,5.5187,1.4695,4.4613,-0.3886,-48.66,1.227,-0.484,0.0,-0.5,0.9199,2.138,0.6144,185.906
17.872,2.123,0.7861,-58.36,5.5187,1.4695,4.4612,-0.3885,-49.12,1.227,-0.484,0.0,-0.5,0.9197,2.1379,0.6144,185.906
17.924,2.123,0.7861,-58.36,5.5187,1.4695,4.4609,-0.3882,-50.02,1.227,-0.484,0.0,-0.5,0.9194,2.1378,0.6144,185.906
17.975,2.1935,0.7162,-61.08,5.6059,1.4219,4.4606,-0.3878,-51.38,1.227,-0.484,0.0,-0.5,0.9188,2.1417,0.6048,185.906
18.026,2.1935,0.7162,-61.08,5.6059,1.4219,4.4603,-0.3874,-52.73,1.227,-0.484,0.0,-0.5,0.9183,2.1416,0.6048,185.906
18.077,2.2645,0.6485,-63.81,5.693,1.3767,4.4599,-0.387,-54.09,1.227,-0.484,0.0,-0.5,0.9178,2.152,0.634,185.906
18.128,2.2645,0.6485,-63.81,5.693,1.3767,4.4596,-0.3865,-55.45,1.227,-0.484,0.0,-0.5,0.9173,2.1518,0.634,185.906
18.179,2.2645,0.6485,-63.81,5.693,1.3767,4.4596,-0.3865,-55.45,1.227,-0.484,0.0,-0.5,0.9173,2.1518,0.634,185.906
18.231,2.3276,0.5766,-66.51,5.7735,1.3251,4.4593,-0.3861,-56.8,1.227,-0.484,0.0,-0.5,0.9168,2.1576,0.5304,185.906
18.282,2.3276,0.5766,-66.51,5.7735,1.3251,4.459,-0.3856,-58.16,1.227,-0.484,0.0,-0.5,0.9163,2.1574,0.5304,185.906
18.333,2.3276,0.5766,-66.51,5.7735,1.3251,4.4588,-0.3852,-59.52,1.227,-0.484,0.0,-0.5,0.9159,2.1572,0.5304,187.321
18.385,2.389,0.4971,-69.23,5.8546,1.2658,4.4585,-0.3847,-60.87,1.227,-0.484,0.0,-0.5,0.9154,2.1618,0.6316,187.321
18.436,2.389,0.4971,-69.23,5.8546,1.2658,4.4582,-0.3842,-62.23,1.227,-0.484,0.0,-0.5,0.9149,2.1616,0.6316,187.321
18.487,2.4484,0.4165,-71.98,5.9341,1.2049,4.458,-0.3838,-63.59,1.227,-0.484,0.0,-0.5,0.9144,2.1686,0.3204,187.321
18.539,2.5004,0.3458,-74.63,6.0037,1.1514,4.4577,-0.3833,-64.94,1.227,-0.484,0.0,-0.5,0.914,2.1783,0.4724,187.321
18.59,2.5004,0.3458,-74.63,6.0037,1.1514,4.4575,-0.3828,-66.3,1.227,-0.484,0.0,-0.5,0.9135,2.1781,0.4724,187.321
18.642,2.5004,0.3458,-74.63,6.0037,1.1514,4.4573,-0.3823,-67.66,1.227,-0.484,0.0,-0.5,0.9131,2.1779,0.4724,187.321
18.693,2.5556,0.256,-77.37,6.0816,1.0805,4.4571,-0.3818,-69.01,1.227,-0.484,0.0,-0.5,0.9126,2.1857,0.4652,187.321
18.744,2.5556,0.256,-77.37,6.0816,1.0805,4.4569,-0.3813,-70.37,1.227,-0.484,0.0,-0.5,0.9122,2.1855,0.4652,187.321
18.795,2.5994,0.169,-80.06,6.1479,1.0091,4.4568,-0.3808,-71.73,1.227,-0.484,0.0,-0.5,0.9117,2.189,0.6,187.377
18.847,2.5994,0.169,-80.06,6.1479,1.0091,4.4566,-0.3803,-73.08,1.227,-0.484,0.0,-0.5,0.9113,2.1888,0.6,187.377
18.897,2.6429,0.0807,-82.78,6.2142,0.9364,4.4565,-0.3801,-73.53,1.227,-0.484,0.0,-0.5,0.9112,2.196,0.5088,187.377
18.949,2.6429,0.0807,-82.78,6.2142,0.9364,4.4564,-0.3797,-74.44,1.227,-0.484,0.0,-0.5,0.9109,2.1959,0.5088,187.377
18.999,2.6429,0.0807,-82.78,6.2142,0.9364,4.4563,-0.3792,-75.79,1.227,-0.484,0.0,-0.5,0.9105,2.1957,0.5088,187.377
19.05,2.6429,0.0807,-82.78,6.2142,0.9364,4.4562,-0.3787,-77.15,1.227,-0.484,0.0,-0.5,0.9101,2.1955,0.5088,187.377
19.102,2.6429,0.0807,-82.78,6.2142,0.9364,4.4561,-0.3782,-78.51,1.227,-0.484,0.0,-0.5,0.9097,2.1953,0.5088,187.377
19.153,2.7162,-0.1029,-88.25,6.3356,0.7804,4.456,-0.3777,-79.86,1.227,-0.484,0.0,-0.5,0.9094,2.2078,0.5912,187.377
19.204,2.7427,-0.2108,-90.96,6.3911,0.6841,4.4559,-0.3771,-81.22,1.227,-0.484,0.0,-0.5,0.909,2.2071,0.6188,187.377
19.255,2.7427,-0.2108,-90.96,6.3911,0.6841,4.4558,-0.3766,-82.58,1.227,-0.484,0.0,-0.5,0.9086,2.2069,0.6188,187.377
19.306,2.7427,-0.2108,-90.96,6.3911,0.6841,4.4557,-0.3761,-83.93,1.227,-0.484,0.0,-0.5,0.9083,2.2067,0.6188,187.377
19.358,2.7427,-0.2108,-90.96,6.3911,0.6841,4.4557,-0.3755,-85.29,1.227,-0.484,0.0,-0.5,0.908,2.2065,0.6188,187.446
19.409,2.7427,-0.2108,-90.96,6.3911,0.6841,4.4556,-0.375,-86.65,1.227,-0.484,0.0,-0.5,0.9076,2.2063,0.6188,187.446
19.46,2.7896,-0.3983,-96.33,6.4882,0.517,4.4556,-0.3745,-88.0,1.227,-0.484,0.0,-0.5,0.9073,2.2195,0.5756,187.446
19.512,2.7896,-0.3983,-96.33,6.4882,0.517,4.4556,-0.3739,-89.36,1.227,-0.484,0.0,-0.5,0.907,2.2193,0.5756,187.446
19.563,2.8065,-0.4982,-99.02,6.5322,0.4257,4.4556,-0.3734,-90.72,1.227,-0.484,0.0,-0.5,0.9067,2.225,0.614,187.446
19.614,2.8065,-0.4982,-99.02,6.5322,0.4257,4.4556,-0.3728,-92.07,1.227,-0.484,0.0,-0.5,0.9064,2.2248,0.614,187.446
19.665,2.812,-0.5955,-101.86,6.5646,0.3338,4.4556,-0.3723,-93.43,1.227,-0.484,0.0,-0.5,0.9061,2.224,0.5096,187.446
19.717,2.8311,-0.6971,-104.56,6.6111,0.2414,4.4557,-0.3718,-94.78,1.227,-0.484,0.0,-0.5,0.9059,2.241,0.6156,187.446
19.768,2.8311,-0.6971,-104.56,6.6111,0.2414,4.4557,-0.3712,-96.14,1.227,-0.484,0.0,-0.5,0.9056,2.2408,0.6156,187.446
19.819,2.8311,-0.6971,-104.56,6.6111,0.2414,4.4557,-0.3711,-96.59,1.227,-0.484,0.0,-0.5,0.9056,2.2407,0.6156,187.446
19.869,2.823,-0.801,-107.3,6.6322,0.1394,4.4558,-0.3707,-97.5,1.227,-0.484,0.0,-0.5,0.9054,2.2354,0.5152,187.446
19.92,2.823,-0.801,-107.3,6.6322,0.1394,4.4559,-0.3702,-98.85,1.227,-0.484,0.0,-0.5,0.9052,2.2352,0.5152,187.446
19.972,2.8221,-0.8938,-109.97,6.6572,0.05,4.4559,-0.3696,-100.21,1.227,-0.484,0.0,-0.5,0.905,2.2409,0.6364,187.073
20.022,2.8221,-0.8938,-109.97,6.6572,0.05,4.456,-0.3691,-101.57,1.227,-0.484,0.0,-0.5,0.9047,2.2407,0.6364,187.073
20.073,2.8183,-0.9979,-112.73,6.6824,-0.051,4.4561,-0.3689,-102.02,1.227,-0.484,0.0,-0.5,0.9047,2.2489,0.6208,187.073
20.124,2.8183,-0.9979,-112.73,6.6824,-0.051,4.4562,-0.3686,-102.92,1.227,-0.484,0.0,-0.5,0.9046,2.2488,0.6208,187.073
20.175,2.8183,-0.9979,-112.73,6.6824,-0.051,4.4563,-0.3681,-104.28,1.227,-0.484,0.0,-0.5,0.9044,2.2486,0.6208,187.073
20.226,2.8015,-1.0892,-115.48,6.6916,-0.1434,4.4564,-0.3675,-105.64,1.227,-0.484,0.0,-0.5,0.9042,2.2464,0.6148,187.073
20.277,2.8015,-1.0892,-115.48,6.6916,-0.1434,4.4566,-0.367,-106.99,1.227,-0.484,0.0,-0.5,0.9041,2.2462,0.6148,187.073
20.329,2.7926,-1.1848,-118.14,6.7096,-0.2377,4.4567,-0.3665,-108.35,1.227,-0.484,0.0,-0.5,0.9039,2.2566,0.6288,187.073
20.38,2.7926,-1.1848,-118.14,6.7096,-0.2377,4.4569,-0.366,-109.71,1.227,-0.484,0.0,-0.5,0.9038,2.2564,0.6288,187.073
20.431,2.7926,-1.1848,-118.14,6.7096,-0.2377,4.4571,-0.3655,-111.06,1.227,-0.484,0.0,-0.5,0.9037,2.2561,0.6288,187.073
20.482,2.7636,-1.2852,-121.0,6.7097,-0.3422,4.4573,-0.365,-112.42,1.227,-0.484,0.0,-0.5,0.9036,2.2526,0.4844,187.073
20.533,2.7636,-1.2852,-121.0,6.7097,-0.3422,4.4575,-0.3645,-113.78,1.227,-0.484,0.0,-0.5,0.9035,2.2523,0.4844,187.095
20.584,2.7347,-1.3769,-123.62,6.7074,-0.4383,4.4576,-0.3642,-114.68,1.227,-0.484,0.0,-0.5,0.9034,2.251,0.6316,187.095
20.635,2.6937,-1.4832,-126.52,6.6976,-0.5518,4.4577,-0.364,-115.13,1.227,-0.484,0.0,-0.5,0.9034,2.2477,0.4632,187.095
20.686,2.6937,-1.4832,-126.52,6.6976,-0.5518,4.458,-0.3635,-116.49,1.227,-0.484,0.0,-0.5,0.9033,2.2475,0.4632,187.095
20.737,2.6937,-1.4832,-126.52,6.6976,-0.5518,4.4582,-0.3631,-117.85,1.227,-0.484,0.0,-0.5,0.9033,2.2473,0.4632,187.095
20.788,2.6937,-1.4832,-126.52,6.6976,-0.5518,4.4585,-0.3626,-119.2,1.227,-0.484,0.0,-0.5,0.9032,2.2471,0.4632,187.095
20.839,2.6547,-1.5729,-129.33,6.685,-0.6488,4.4587,-0.3621,-120.56,1.227,-0.484,0.0,-0.5,0.9032,2.2447,0.502,187.095
20.891,2.6131,-1.6629,-132.09,6.6701,-0.7469,4.459,-0.3617,-121.92,1.227,-0.484,0.0,-0.5,0.9032,2.2444,0.4964,187.095
20.941,2.6131,-1.6629,-132.09,6.6701,-0.7469,4.4593,-0.3612,-123.27,1.227,-0.484,0.0,-0.5,0.9032,2.2442,0.4964,187.095
20.992,2.6131,-1.6629,-132.09,6.6701,-0.7469,4.4596,-0.3608,-124.63,1.227,-0.484,0.0,-0.5,0.9032,2.244,0.4964,187.095
21.043,2.574,-1.7522,-134.69,6.6573,-0.8435,4.4596,-0.3608,-124.63,1.227,-0.484,0.0,-0.5,0.9032,2.2501,0.5972,187.095
21.095,2.574,-1.7522,-134.69,6.6573,-0.8435,4.4599,-0.3603,-125.98,1.227,-0.484,0.0,-0.5,0.9032,2.2499,0.5972,187.95
21.146,2.5105,-1.8386,-137.55,6.6204,-0.9441,4.4602,-0.3599,-127.34,1.227,-0.484,0.0,-0.5,0.9033,2.2377,0.4812,187.95
21.198,2.5105,-1.8386,-137.55,6.6204,-0.9441,4.4606,-0.3595,-128.7,1.227,-0.484,0.0,-0.5,0.9033,2.2375,0.4812,187.95
21.249,2.4618,-1.9207,-140.23,6.5963,-1.0365,4.4609,-0.359,-130.05,1.227,-0.484,0.0,-0.5,0.9034,2.2403,0.628,187.95
21.3,2.4618,-1.9207,-140.23,6.5963,-1.0365,4.4611,-0.3588,-130.96,1.227,-0.484,0.0,-0.5,0.9034,2.2402,0.628,187.95
21.351,2.4008,-2.0049,-143.1,6.5611,-1.1344,4.4612,-0.3586,-131.41,1.227,-0.484,0.0,-0.5,0.9035,2.2386,0.5252,187.95
21.402,2.4008,-2.0049,-143.1,6.5611,-1.1344,4.4616,-0.3582,-132.77,1.227,-0.484,0.0,-0.5,0.9035,2.2384,0.5252,187.95
21.453,2.4008,-2.0049,-143.1,6.5611,-1.1344,4.462,-0.3578,-134.12,1.227,-0.484,0.0,-0.5,0.9037,2.2382,0.5252,187.95
21.504,2.4008,-2.0049,-143.1,6.5611,-1.1344,4.4623,-0.3575,-135.48,1.227,-0.484,0.0,-0.5,0.9038,2.238,0.5252,187.95
21.555,2.3358,-2.0805,-145.82,6.5197,-1.2251,4.4627,-0.3571,-136.83,1.227,-0.484,0.0,-0.5,0.9039,2.2326,0.6304,187.95
21.607,2.3358,-2.0805,-145.82,6.5197,-1.2251,4.4631,-0.3567,-138.19,1.227,-0.484,0.0,-0.5,0.904,2.2324,0.6304,187.95
21.659,2.3358,-2.0805,-145.82,6.5197,-1.2251,4.4635,-0.3564,-139.55,1.227,-0.484,0.0,-0.5,0.9042,2.2322,0.6304,187.95
21.712,2.3358,-2.0805,-145.82,6.5197,-1.2251,4.4639,-0.356,-140.9,1.227,-0.484,0.0,-0.5,0.9044,2.2319,0.6304,188.24
21.763,2.1711,-2.2282,-151.5,6.4025,-1.4127,4.4644,-0.3557,-142.26,1.227,-0.484,0.0,-0.5,0.9045,2.2077,0.5376,188.24
21.815,2.1051,-2.2953,-154.47,6.3578,-1.4955,4.4648,-0.3554,-143.62,1.227,-0.484,0.0,-0.5,0.9047,2.2099,0.3728,188.24
21.865,2.1051,-2.2953,-154.47,6.3578,-1.4955,4.4652,-0.3551,-144.97,1.227,-0.484,0.0,-0.5,0.9049,2.2096,0.3728,188.24
21.917,2.0263,-2.3674,-157.04,6.3021,-1.5867,4.4657,-0.3547,-146.33,1.227,-0.484,0.0,-0.5,0.9051,2.2114,0.5924,188.24
21.968,2.0263,-2.3674,-157.04,6.3021,-1.5867,4.4661,-0.3545,-147.69,1.227,-0.484,0.0,-0.5,0.9054,2.2112,0.5924,188.24
22.019,1.9471,-2.4304,-159.76,6.2435,-1.6693,4.4666,-0.3542,-149.04,1.227,-0.484,0.0,-0.5,0.9056,2.2106,0.6116,188.24
22.07,1.9471,-2.4304,-159.76,6.2435,-1.6693,4.467,-0.3539,-150.4,1.227,-0.484,0.0,-0.5,0.9059,2.2104,0.6116,188.24
22.121,1.8693,-2.4879,-162.49,6.1848,-1.746,4.4675,-0.3536,-151.75,1.227,-0.484,0.0,-0.5,0.9061,2.2108,0.6008,187.159
22.172,1.8693,-2.4879,-162.49,6.1848,-1.746,4.468,-0.3534,-153.11,1.227,-0.484,0.0,-0.5,0.9064,2.2106,0.6008,187.159
22.223,1.8693,-2.4879,-162.49,6.1848,-1.746,4.4685,-0.3532,-154.47,1.227,-0.484,0.0,-0.5,0.9067,2.2104,0.6008,187.159
22.274,1.7747,-2.543,-165.21,6.1092,-1.8252,4.469,-0.3529,-155.82,1.227,-0.484,0.0,-0.5,0.907,2.2041,0.6256,187.159
22.326,1.6915,-2.596,-167.95,6.044,-1.8993,4.4694,-0.3527,-157.18,1.227,-0.484,0.0,-0.5,0.9073,2.2071,0.6144,187.159
22.377,1.6915,-2.596,-167.95,6.044,-1.8993,4.4699,-0.3525,-158.54,1.227,-0.484,0.0,-0.5,0.9076,2.2069,0.6144,187.159
22.428,1.6915,-2.596,-167.95,6.044,-1.8993,4.4704,-0.3523,-159.89,1.227,-0.484,0.0,-0.5,0.9079,2.2067,0.6144,187.159
22.479,1.6915,-2.596,-167.95,6.044,-1.8993,4.4709,-0.3521,-161.25,1.227,-0.484,0.0,-0.5,0.9083,2.2064,0.6144,187.159
22.53,1.51,-2.6823,-173.39,5.8937,-2.0327,4.4715,-0.352,-162.61,1.227,-0.484,0.0,-0.5,0.9086,2.2017,0.6172,187.159
22.581,1.51,-2.6823,-173.39,5.8937,-2.0327,4.472,-0.3518,-163.96,1.227,-0.484,0.0,-0.5,0.909,2.2015,0.6172,187.159
22.632,1.51,-2.6823,-173.39,5.8937,-2.0327,4.4725,-0.3517,-165.32,1.227,-0.484,0.0,-0.5,0.9093,2.2013,0.6172,187.159
22.683,1.4178,-2.716,-176.12,5.8145,-2.0906,4.473,-0.3515,-166.68,1.227,-0.484,0.0,-0.5,0.9097,2.1963,0.6248,187.159
22.735,1.3169,-2.7494,-178.79,5.7268,-2.1508,4.4735,-0.3514,-168.03,1.227,-0.484,0.0,-0.5,0.9101,2.1928,0.5956,185.151
22.785,1.3169,-2.7494,-178.79,5.7268,-2.1508,4.4735,-0.3514,-168.03,1.227,-0.484,0.0,-0.5,0.9101,2.1928,0.5956,185.151
22.837,1.228,-2.7809,178.46,5.6501,-2.2057,4.4741,-0.3513,-169.39,1.227,-0.484,0.0,-0.5,0.9105,2.1959,0.5976,185.151
22.888,1.228,-2.7809,178.46,5.6501,-2.2057,4.4746,-0.3512,-170.75,1.227,-0.484,0.0,-0.5,0.9109,2.1957,0.5976,185.151
22.938,1.228,-2.7809,178.46,5.6501,-2.2057,4.4751,-0.3511,-172.1,1.227,-0.484,0.0,-0.5,0.9113,2.1954,0.5976,185.151
22.99,1.1277,-2.7989,175.71,5.5588,-2.2508,4.4757,-0.3511,-173.46,1.227,-0.484,0.0,-0.5,0.9117,2.1868,0.5972,185.151
23.041,1.1277,-2.7989,175.71,5.5588,-2.2508,4.476,-0.351,-174.36,1.227,-0.484,0.0,-0.5,0.912,2.1867,0.5972,185.151
23.092,1.0287,-2.8204,173.03,5.4697,-2.299,4.4762,-0.351,-174.82,1.227,-0.484,0.0,-0.5,0.9121,2.1867,0.6652,185.151
23.142,1.0287,-2.8204,173.03,5.4697,-2.299,4.4767,-0.351,-176.17,1.227,-0.484,0.0,-0.5,0.9126,2.1865,0.6652,185.151
23.193,1.0287,-2.8204,173.03,5.4697,-2.299,4.4773,-0.3509,-177.53,1.227,-0.484,0.0,-0.5,0.913,2.1863,0.6652,185.151
23.244,1.0287,-2.8204,173.03,5.4697,-2.299,4.4778,-0.3509,-178.89,1.227,-0.484,0.0,-0.5,0.9135,2.1861,0.6652,185.151
23.295,1.0287,-2.8204,173.03,5.4697,-2.299,4.4783,-0.3509,179.76,1.227,-0.484,0.0,-0.5,0.9139,2.1858,0.6652,185.151
23.346,0.8327,-2.8398,167.62,5.2868,-2.3721,4.4789,-0.3509,178.4,1.227,-0.484,0.0,-0.5,0.9144,2.1767,0.4808,183.165
23.397,0.8327,-2.8398,167.62,5.2868,-2.3721,4.4794,-0.3509,177.04,1.227,-0.484,0.0,-0.5,0.9148,2.1765,0.4808,183.165
23.448,0.7331,-2.842,164.9,5.1917,-2.4019,4.4799,-0.351,175.69,1.227,-0.484,0.0,-0.5,0.9153,2.1709,0.586,183.165
23.499,0.7331,-2.842,164.9,5.1917,-2.4019,4.4805,-0.351,174.33,1.227,-0.484,0.0,-0.5,0.9158,2.1707,0.586,183.165
23.551,0.7331,-2.842,164.9,5.1917,-2.4019,4.481,-0.3511,172.97,1.227,-0.484,0.0,-0.5,0.9163,2.1704,0.586,183.165
23.601,0.6294,-2.8461,162.2,5.0932,-2.4346,4.4815,-0.3512,171.62,1.227,-0.484,0.0,-0.5,0.9168,2.1714,0.6372,183.165
23.653,0.527,-2.8378,159.52,4.9926,-2.4551,4.4821,-0.3512,170.26,1.227,-0.484,0.0,-0.5,0.9173,2.165,0.5756,183.165
23.704,0.527,-2.8378,159.52,4.9926,-2.4551,4.4826,-0.3513,168.91,1.227,-0.484,0.0,-0.5,0.9178,2.1647,0.5756,183.165
23.755,0.431,-2.8275,156.82,4.8975,-2.4719,4.4831,-0.3514,167.55,1.227,-0.484,0.0,-0.5,0.9183,2.1606,0.5564,181.425
23.806,0.431,-2.8275,156.82,4.8975,-2.4719,4.4836,-0.3516,166.19,1.227,-0.484,0.0,-0.5,0.9188,2.1604,0.5564,181.425
23.858,0.431,-2.8275,156.82,4.8975,-2.4719,4.4842,-0.3517,164.84,1.227,-0.484,0.0,-0.5,0.9193,2.1601,0.5564,181.425
23.909,0.3357,-2.8131,154.11,4.802,-2.4846,4.4847,-0.3518,163.48,1.227,-0.484,0.0,-0.5,0.9198,2.1562,0.5992,181.425
23.961,0.237,-2.7914,151.37,4.7011,-2.4912,4.4852,-0.352,162.12,1.227,-0.484,0.0,-0.5,0.9203,2.15,0.5388,181.425
24.011,0.237,-2.7914,151.37,4.7011,-2.4912,4.4857,-0.3522,160.77,1.227,-0.484,0.0,-0.5,0.9209,2.1498,0.5388,181.425
24.063,0.1394,-2.7695,148.74,4.6012,-2.4973,4.4862,-0.3524,159.41,1.227,-0.484,0.0,-0.5,0.9214,2.148,0.608,181.425
24.114,0.1394,-2.7695,148.74,4.6012,-2.4973,4.4867,-0.3525,158.05,1.227,-0.484,0.0,-0.5,0.9219,2.1478,0.608,181.425
24.166,0.0351,-2.7453,146.04,4.4944,-2.503,4.4872,-0.3528,156.7,1.227,-0.484,0.0,-0.5,0.9225,2.1502,0.5692,181.425
24.217,0.0351,-2.7453,146.04,4.4944,-2.503,4.4877,-0.353,155.34,1.227,-0.484,0.0,-0.5,0.923,2.15,0.5692,181.425
24.268,0.0351,-2.7453,146.04,4.4944,-2.503,4.4882,-0.3532,153.98,1.227,-0.484,0.0,-0.5,0.9235,2.1498,0.5692,181.425
24.319,-0.0535,-2.7156,143.35,4.401,-2.4991,4.4887,-0.3534,152.63,1.227,-0.484,0.0,-0.5,0.9241,2.1474,0.606,181.425
24.371,-0.1426,-2.6719,140.62,4.3033,-2.4818,4.4891,-0.3537,151.27,1.227,-0.484,0.0,-0.5,0.9246,2.1362,0.5836,181.285
24.421,-0.1426,-2.6719,140.62,4.3033,-2.4818,4.4896,-0.354,149.92,1.227,-0.484,0.0,-0.5,0.9251,2.136,0.5836,181.285
24.473,-0.2478,-2.6317,137.91,4.191,-2.4725,4.4901,-0.3542,148.56,1.227,-0.484,0.0,-0.5,0.9257,2.1392,0.5812,181.285
24.524,-0.2478,-2.6317,137.91,4.191,-2.4725,4.4905,-0.3545,147.2,1.227,-0.484,0.0,-0.5,0.9262,2.139,0.5812,181.285
24.575,-0.3216,-2.5905,135.26,4.1087,-2.4533,4.4905,-0.3545,147.2,1.227,-0.484,0.0,-0.5,0.9262,2.1333,0.592,181.285
24.626,-0.3216,-2.5905,135.26,4.1087,-2.4533,4.491,-0.3548,145.85,1.227,-0.484,0.0,-0.5,0.9267,2.1331,0.592,181.285
24.677,-0.3216,-2.5905,135.26,4.1087,-2.4533,4.4914,-0.3551,144.49,1.227,-0.484,0.0,-0.5,0.9273,2.1328,0.592,181.285
24.729,-0.3216,-2.5905,135.26,4.1087,-2.4533,4.4919,-0.3554,143.13,1.227,-0.484,0.0,-0.5,0.9278,2.1326,0.592,181.285
24.78,-0.3216,-2.5905,135.26,4.1087,-2.4533,4.4923,-0.3558,141.78,1.227,-0.484,0.0,-0.5,0.9284,2.1324,0.592,181.285
24.831,-0.3216,-2.5905,135.26,4.1087,-2.4533,4.4927,-0.3561,140.42,1.227,-0.484,0.0,-0.5,0.9289,2.1321,0.592,181.285
24.882,-0.4958,-2.4907,129.88,3.9136,-2.4059,4.4928,-0.3562,139.97,1.227,-0.484,0.0,-0.5,0.9291,2.13,0.4816,181.285
24.933,-0.4958,-2.4907,129.88,3.9136,-2.4059,4.4931,-0.3564,139.06,1.227,-0.484,0.0,-0.5,0.9294,2.1299,0.4816,182.455
24.984,-0.5821,-2.4299,127.14,3.8138,-2.3714,4.4935,-0.3568,137.71,1.227,-0.484,0.0,-0.5,0.9299,2.1262,0.5988,182.455
25.035,-0.5821,-2.4299,127.14,3.8138,-2.3714,4.4939,-0.3572,136.35,1.227,-0.484,0.0,-0.5,0.9305,2.126,0.5988,182.455
25.086,-0.5821,-2.4299,127.14,3.8138,-2.3714,4.4943,-0.3575,134.99,1.227,-0.484,0.0,-0.5,0.931,2.1258,0.5988,182.455
25.137,-0.6478,-2.3612,124.49,3.7316,-2.3237,4.4947,-0.3579,133.64,1.227,-0.484,0.0,-0.5,0.9315,2.1087,0.5824,182.455
25.188,-0.6478,-2.3612,124.49,3.7316,-2.3237,4.495,-0.3583,132.28,1.227,-0.484,0.0,-0.5,0.932,2.1085,0.5824,182.455
25.239,-0.7256,-2.3056,121.79,3.6414,-2.2919,4.4954,-0.3587,130.93,1.227,-0.484,0.0,-0.5,0.9326,2.1134,0.656,182.455
25.29,-0.7974,-2.2349,119.05,3.5528,-2.2439,4.4958,-0.3591,129.57,1.227,-0.484,0.0,-0.5,0.9331,2.1075,0.6472,182.455
25.341,-0.7974,-2.2349,119.05,3.5528,-2.2439,4.4958,-0.3591,129.57,1.227,-0.484,0.0,-0.5,0.9331,2.1075,0.6472,182.455
25.393,-0.7974,-2.2349,119.05,3.5528,-2.2439,4.4961,-0.3595,128.21,1.227,-0.484,0.0,-0.5,0.9336,2.1073,0.6472,182.455
25.443,-0.8717,-2.1644,116.34,3.4619,-2.1969,4.4964,-0.36,126.86,1.227,-0.484,0.0,-0.5,0.9341,2.1082,0.6416,182.455
25.494,-0.8717,-2.1644,116.34,3.4619,-2.1969,4.4967,-0.3604,125.5,1.227,-0.484,0.0,-0.5,0.9346,2.108,0.6416,182.455
25.546,-0.8717,-2.1644,116.34,3.4619,-2.1969,4.497,-0.3608,124.14,1.227,-0.484,0.0,-0.5,0.9351,2.1078,0.6416,183.238
25.597,-0.9382,-2.0903,113.61,3.3773,-2.1442,4.4973,-0.3613,122.79,1.227,-0.484,0.0,-0.5,0.9355,2.1055,0.628,183.238
25.648,-0.9942,-2.0152,110.95,3.3027,-2.0876,4.4976,-0.3618,121.43,1.227,-0.484,0.0,-0.5,0.936,2.0992,0.7536,183.238
25.699,-0.9942,-2.0152,110.95,3.3027,-2.0876,4.4979,-0.3622,120.07,1.227,-0.484,0.0,-0.5,0.9365,2.0989,0.7536,183.238
25.751,-1.0544,-1.919,108.26,3.2181,-2.0119,4.4982,-0.3627,118.72,1.227,-0.484,0.0,-0.5,0.937,2.0877,0.6228,183.238
25.801,-1.0544,-1.919,108.26,3.2181,-2.0119,4.4984,-0.3632,117.36,1.227,-0.484,0.0,-0.5,0.9374,2.0875,0.6228,183.238
25.853,-1.1094,-1.8487,105.58,3.1458,-1.9597,4.4987,-0.3636,116.0,1.227,-0.484,0.0,-0.5,0.9379,2.0923,0.644,183.238
25.903,-1.1094,-1.8487,105.58,3.1458,-1.9597,4.4989,-0.3641,114.65,1.227,-0.484,0.0,-0.5,0.9383,2.092,0.644,183.238
25.955,-1.1094,-1.8487,105.58,3.1458,-1.9597,4.499,-0.3644,113.74,1.227,-0.484,0.0,-0.5,0.9386,2.0919,0.644,184.026
26.005,-1.1619,-1.7564,102.88,3.0697,-1.8856,4.4991,-0.3646,113.29,1.227,-0.484,0.0,-0.5,0.9388,2.0873,0.6268,184.026
26.057,-1.1619,-1.7564,102.88,3.0697,-1.8856,4.4993,-0.3651,111.93,1.227,-0.484,0.0,-0.5,0.9392,2.0871,0.6268,184.026
26.108,-1.1998,-1.6659,100.18,3.0081,-1.8092,4.4995,-0.3656,110.58,1.227,-0.484,0.0,-0.5,0.9396,2.0756,0.7404,184.026
26.159,-1.1998,-1.6659,100.18,3.0081,-1.8092,4.4997,-0.3661,109.22,1.227,-0.484,0.0,-0.5,0.9401,2.0754,0.7404,184.026
26.211,-1.1998,-1.6659,100.18,3.0081,-1.8092,4.4999,-0.3666,107.87,1.227,-0.484,0.0,-0.5,0.9405,2.0751,0.7404,184.026
26.262,-1.2522,-1.5794,97.46,2.9337,-1.7407,4.5,-0.3671,106.51,1.227,-0.484,0.0,-0.5,0.9409,2.0832,0.64,184.026
26.313,-1.2522,-1.5794,97.46,2.9337,-1.7407,4.5002,-0.3676,105.15,1.227,-0.484,0.0,-0.5,0.9413,2.083,0.64,184.026
26.364,-1.2863,-1.4891,94.86,2.8759,-1.6634,4.5003,-0.368,104.25,1.227,-0.484,0.0,-0.5,0.9415,2.0777,0.7356,184.026
26.415,-1.2863,-1.4891,94.86,2.8759,-1.6634,4.5003,-0.368,104.25,1.227,-0.484,0.0,-0.5,0.9415,2.0777,0.7356,184.026
26.467,-1.3225,-1.3856,92.11,2.8124,-1.574,4.5004,-0.3685,102.89,1.227,-0.484,0.0,-0.5,0.9419,2.0743,0.728,184.026
26.518,-1.3225,-1.3856,92.11,2.8124,-1.574,4.5004,-0.3687,102.44,1.227,-0.484,0.0,-0.5,0.942,2.0742,0.728,184.026
26.569,-1.3225,-1.3856,92.11,2.8124,-1.574,4.5005,-0.369,101.54,1.227,-0.484,0.0,-0.5,0.9423,2.0741,0.728,184.914
26.62,-1.354,-1.2998,89.45,2.7583,-1.5003,4.5006,-0.3696,100.18,1.227,-0.484,0.0,-0.5,0.9427,2.0771,0.77,184.914
26.671,-1.354,-1.2998,89.45,2.7583,-1.5003,4.5006,-0.3696,100.18,1.227,-0.484,0.0,-0.5,0.9427,2.0771,0.77,184.914
26.722,-1.354,-1.2998,89.45,2.7583,-1.5003,4.5007,-0.3699,99.27,1.227,-0.484,0.0,-0.5,0.9429,2.077,0.77,184.914
26.772,-1.3742,-1.1927,86.75,2.7091,-1.403,4.5007,-0.3701,98.82,1.227,-0.484,0.0,-0.5,0.943,2.068,0.7836,184.914
26.823,-1.3742,-1.1927,86.75,2.7091,-1.403,4.5008,-0.3706,97.47,1.227,-0.484,0.0,-0.5,0.9434,2.0678,0.7836,184.914
26.874,-1.3742,-1.1927,86.75,2.7091,-1.403,4.5008,-0.3708,97.01,1.227,-0.484,0.0,-0.5,0.9435,2.0678,0.7836,184.914
26.926,-1.3742,-1.1927,86.75,2.7091,-1.403,4.5008,-0.3712,96.11,1.227,-0.484,0.0,-0.5,0.9437,2.0676,0.7836,184.914
26.977,-1.3931,-1.1012,84.09,2.6656,-1.3204,4.5009,-0.3717,94.75,1.227,-0.484,0.0,-0.5,0.944,2.066,0.374,184.914
27.028,-1.3931,-1.1012,84.09,2.6656,-1.3204,4.5009,-0.3722,93.4,1.227,-0.484,0.0,-0.5,0.9443,2.0658,0.374,184.914
27.079,-1.3931,-1.1012,84.09,2.6656,-1.3204,4.501,-0.3728,92.04,1.227,-0.484,0.0,-0.5,0.9446,2.0656,0.374,184.914
27.13,-1.3931,-1.1012,84.09,2.6656,-1.3204,4.501,-0.3733,90.68,1.227,-0.484,0.0,-0.5,0.9449,2.0654,0.374,184.914
27.181,-1.3931,-1.1012,84.09,2.6656,-1.3204,4.501,-0.3738,89.33,1.227,-0.484,0.0,-0.5,0.9452,2.0651,0.374,184.914
27.232,-1.3931,-1.1012,84.09,2.6656,-1.3204,4.501,-0.3744,87.97,1.227,-0.484,0.0,-0.5,0.9455,2.0649,0.374,184.914
27.283,-1.3931,-1.1012,84.09,2.6656,-1.3204,4.5009,-0.3749,86.61,1.227,-0.484,0.0,-0.5,0.9457,2.0646,0.374,184.914
27.335,-1.4216,-0.8003,75.97,2.5546,-1.0393,4.5009,-0.3754,85.26,1.227,-0.484,0.0,-0.5,0.946,2.0564,0.5548,185.08
27.386,-1.4216,-0.8003,75.97,2.5546,-1.0393,4.5009,-0.3754,85.26,1.227,-0.484,0.0,-0.5,0.946,2.0564,0.5548,185.08
27.437,-1.4237,-0.702,73.25,2.5252,-0.9455,4.5009,-0.376,83.9,1.227,-0.484,0.0,-0.5,0.9462,2.0561,0.614,185.08
27.488,-1.4237,-0.702,73.25,2.5252,-0.9455,4.5008,-0.3765,82.54,1.227,-0.484,0.0,-0.5,0.9465,2.0559,0.614,185.08
27.539,-1.4237,-0.702,73.25,2.5252,-0.9455,4.5007,-0.377,81.19,1.227,-0.484,0.0,-0.5,0.9467,2.0557,0.614,185.08
27.591,-1.418,-0.5938,70.55,2.5006,-0.84,4.5006,-0.3776,79.83,1.227,-0.484,0.0,-0.5,0.9469,2.0528,0.6384,185.08
27.643,-1.418,-0.5938,70.55,2.5006,-0.84,4.5005,-0.3781,78.47,1.227,-0.484,0.0,-0.5,0.9471,2.0526,0.6384,185.08
27.694,-1.4093,-0.4851,67.84,2.4788,-0.7331,4.5004,-0.3786,77.12,1.227,-0.484,0.0,-0.5,0.9473,2.0525,0.64,185.08
27.747,-1.4093,-0.4851,67.84,2.4788,-0.7331,4.5003,-0.3791,75.76,1.227,-0.484,0.0,-0.5,0.9474,2.0523,0.64,185.08
27.797,-1.3947,-0.3936,65.17,2.4674,-0.6412,4.5002,-0.3797,74.4,1.227,-0.484,0.0,-0.5,0.9476,2.0495,0.5776,185.08
27.848,-1.3947,-0.3936,65.17,2.4674,-0.6412,4.5,-0.3802,73.05,1.227,-0.484,0.0,-0.5,0.9477,2.0493,0.5776,185.08
27.899,-1.3785,-0.3026,62.44,2.4576,-0.5492,4.4998,-0.3807,71.69,1.227,-0.484,0.0,-0.5,0.9479,2.0492,0.5968,185.08
27.951,-1.3785,-0.3026,62.44,2.4576,-0.5492,4.4997,-0.3812,70.33,1.227,-0.484,0.0,-0.5,0.948,2.0489,0.5968,186.034
28.001,-1.3579,-0.2058,59.76,2.4506,-0.4505,4.4995,-0.3817,68.98,1.227,-0.484,0.0,-0.5,0.9481,2.0501,0.6024,186.034
28.053,-1.3579,-0.2058,59.76,2.4506,-0.4505,4.4993,-0.3822,67.62,1.227,-0.484,0.0,-0.5,0.9482,2.0499,0.6024,186.034
28.104,-1.3263,-0.0957,57.02,2.4503,-0.336,4.4991,-0.3827,66.27,1.227,-0.484,0.0,-0.5,0.9483,2.0493,0.6072,186.034
28.155,-1.3263,-0.0957,57.02,2.4503,-0.336,4.4989,-0.3832,64.91,1.227,-0.484,0.0,-0.5,0.9484,2.0491,0.6072,186.034
28.205,-1.2929,-0.0162,54.39,2.4603,-0.2503,4.4988,-0.3834,64.46,1.227,-0.484,0.0,-0.5,0.9484,2.0428,0.5964,186.034
28.257,-1.2929,-0.0162,54.39,2.4603,-0.2503,4.4986,-0.3837,63.55,1.227,-0.484,0.0,-0.5,0.9484,2.0427,0.5964,186.034
28.308,-1.2625,0.0786,51.65,2.4632,-0.1508,4.4986,-0.3837,63.55,1.227,-0.484,0.0,-0.5,0.9484,2.0487,0.6164,186.034
28.359,-1.2625,0.0786,51.65,2.4632,-0.1508,4.4984,-0.3842,62.2,1.227,-0.484,0.0,-0.5,0.9485,2.0485,0.6164,186.034
28.409,-1.2625,0.0786,51.65,2.4632,-0.1508,4.4981,-0.3846,60.84,1.227,-0.484,0.0,-0.5,0.9485,2.0483,0.6164,186.034
28.46,-1.2625,0.0786,51.65,2.4632,-0.1508,4.4979,-0.3851,59.48,1.227,-0.484,0.0,-0.5,0.9486,2.0481,0.6164,186.034
28.511,-1.2625,0.0786,51.65,2.4632,-0.1508,4.4976,-0.3856,58.13,1.227,-0.484,0.0,-0.5,0.9486,2.0479,0.6164,186.454
28.562,-1.2625,0.0786,51.65,2.4632,-0.1508,4.4976,-0.3856,58.13,1.227,-0.484,0.0,-0.5,0.9486,2.0479,0.6164,186.454
28.613,-1.1757,0.2807,46.3,2.4904,0.0675,4.4973,-0.386,56.77,1.227,-0.484,0.0,-0.5,0.9486,2.0575,0.5748,186.454
28.664,-1.1757,0.2807,46.3,2.4904,0.0675,4.497,-0.3865,55.41,1.227,-0.484,0.0,-0.5,0.9486,2.0573,0.5748,186.454
28.715,-1.1757,0.2807,46.3,2.4904,0.0675,4.4967,-0.3869,54.06,1.227,-0.484,0.0,-0.5,0.9485,2.0571,0.5748,186.454
28.766,-1.1757,0.2807,46.3,2.4904,0.0675,4.4964,-0.3873,52.7,1.227,-0.484,0.0,-0.5,0.9485,2.0569,0.5748,186.454
28.817,-1.1757,0.2807,46.3,2.4904,0.0675,4.496,-0.3878,51.35,1.227,-0.484,0.0,-0.5,0.9485,2.0566,0.5748,186.454
28.868,-1.078,0.4375,40.9,2.5407,0.2452,4.4957,-0.3882,49.99,1.227,-0.484,0.0,-0.5,0.9484,2.055,0.4648,186.454
28.92,-1.078,0.4375,40.9,2.5407,0.2452,4.4953,-0.3886,48.63,1.227,-0.484,0.0,-0.5,0.9483,2.0548,0.4648,186.454
28.971,-1.0258,0.5335,38.18,2.5642,0.352,4.495,-0.389,47.28,1.227,-0.484,0.0,-0.5,0.9482,2.0681,0.48,186.454
29.022,-1.0258,0.5335,38.18,2.5642,0.352,4.4946,-0.3894,45.92,1.227,-0.484,0.0,-0.5,0.9481,2.0679,0.48,186.454
29.073,-0.9602,0.6053,35.51,2.6072,0.4391,4.4942,-0.3898,44.56,1.227,-0.484,0.0,-0.5,0.948,2.061,0.588,186.454
29.125,-0.9602,0.6053,35.51,2.6072,0.4391,4.4938,-0.3901,43.21,1.227,-0.484,0.0,-0.5,0.9479,2.0608,0.588,186.754
29.176,-0.8948,0.6806,32.79,2.6492,0.5296,4.4935,-0.3905,41.85,1.227,-0.484,0.0,-0.5,0.9478,2.0611,0.4896,186.754
29.228,-0.8294,0.7572,30.07,2.6906,0.6214,4.493,-0.3909,40.49,1.227,-0.484,0.0,-0.5,0.9476,2.0672,0.592,186.754
29.278,-0.8294,0.7572,30.07,2.6906,0.6214,4.493,-0.3909,40.49,1.227,-0.484,0.0,-0.5,0.9476,2.0672,0.592,186.754
29.33,-0.7502,0.8283,27.38,2.7469,0.7117,4.4926,-0.3912,39.14,1.227,-0.484,0.0,-0.5,0.9475,2.0649,0.5816,186.754
29.38,-0.7502,0.8283,27.38,2.7469,0.7117,4.4922,-0.3915,37.78,1.227,-0.484,0.0,-0.5,0.9473,2.0647,0.5816,186.754
29.431,-0.7502,0.8283,27.38,2.7469,0.7117,4.4918,-0.3919,36.43,1.227,-0.484,0.0,-0.5,0.9471,2.0646,0.5816,186.754
29.483,-0.7502,0.8283,27.38,2.7469,0.7117,4.4914,-0.3922,35.07,1.227,-0.484,0.0,-0.5,0.9469,2.0644,0.5816,186.754
29.534,-0.6819,0.8903,24.66,2.7953,0.7903,4.4909,-0.3925,33.71,1.227,-0.484,0.0,-0.5,0.9467,2.0674,0.4816,186.754
29.585,-0.6819,0.8903,24.66,2.7953,0.7903,4.4905,-0.3928,32.36,1.227,-0.484,0.0,-0.5,0.9465,2.0672,0.4816,186.754
29.636,-0.6819,0.8903,24.66,2.7953,0.7903,4.49,-0.3931,31.0,1.227,-0.484,0.0,-0.5,0.9463,2.0669,0.4816,186.754
29.688,-0.6819,0.8903,24.66,2.7953,0.7903,4.4895,-0.3933,29.64,1.227,-0.484,0.0,-0.5,0.946,2.0667,0.4816,187.329
29.739,-0.5228,1.0157,19.26,2.9134,0.9549,4.4891,-0.3936,28.29,1.227,-0.484,0.0,-0.5,0.9458,2.0739,0.594,187.329
29.79,-0.5228,1.0157,19.26,2.9134,0.9549,4.4886,-0.3938,26.93,1.227,-0.484,0.0,-0.5,0.9455,2.0737,0.594,187.329
29.841,-0.4289,1.0703,16.55,2.9884,1.0334,4.4881,-0.3941,25.57,1.227,-0.484,0.0,-0.5,0.9453,2.0705,0.4972,187.329
29.892,-0.4289,1.0703,16.55,2.9884,1.0334,4.4876,-0.3943,24.22,1.227,-0.484,0.0,-0.5,0.945,2.0703,0.4972,187.329
29.943,-0.4289,1.0703,16.55,2.9884,1.0334,4.4871,-0.3945,22.86,1.227,-0.484,0.0,-0.5,0.9447,2.0701,0.4972,187.329
29.994,-0.4289,1.0703,16.55,2.9884,1.0334,4.4866,-0.3947,21.5,1.227,-0.484,0.0,-0.5,0.9444,2.0699,0.4972,187.329
30.045,-0.2585,1.1767,11.1,3.1225,1.183,4.4861,-0.3949,20.15,1.227,-0.484,0.0,-0.5,0.9441,2.0855,0.5132,187.329
30.096,-0.2585,1.1767,11.1,3.1225,1.183,4.4856,-0.3951,18.79,1.227,-0.484,0.0,-0.5,0.9437,2.0853,0.5132,187.329
30.147,-0.1643,1.2169,8.36,3.2019,1.2478,4.4851,-0.3953,17.43,1.227,-0.484,0.0,-0.5,0.9434,2.0848,0.4816,188.381
30.199,-0.1643,1.2169,8.36,3.2019,1.2478,4.4846,-0.3954,16.08,1.227,-0.484,0.0,-0.5,0.9431,2.0846,0.4816,188.381
30.25,-0.0703,1.257,5.68,3.281,1.3125,4.4841,-0.3956,14.72,1.227,-0.484,0.0,-0.5,0.9427,2.0892,0.6228,188.381
30.301,-0.0703,1.257,5.68,3.281,1.3125,4.4841,-0.3956,14.72,1.227,-0.484,0.0,-0.5,0.9427,2.0892,0.6228,188.381
30.352,0.0301,1.2919,2.99,3.3678,1.3739,4.4836,-0.3957,13.36,1.227,-0.484,0.0,-0.5,0.9423,2.0919,0.518,188.381
30.403,0.0301,1.2919,2.99,3.3678,1.3739,4.4831,-0.3958,12.01,1.227,-0.484,0.0,-0.5,0.942,2.0918,0.518,188.381
30.454,0.0301,1.2919,2.99,3.3678,1.3739,4.4825,-0.3959,10.65,1.227,-0.484,0.0,-0.5,0.9416,2.0916,0.518,188.381
30.505,0.1222,1.3305,0.22,3.4455,1.4365,4.482,-0.396,9.29,1.227,-0.484,0.0,-0.5,0.9412,2.1054,0.4832,188.381
30.557,0.1222,1.3305,0.22,3.4455,1.4365,4.4815,-0.3961,7.94,1.227,-0.484,0.0,-0.5,0.9408,2.1052,0.4832,188.381
30.608,0.2172,1.35,-2.46,3.5313,1.4817,4.4809,-0.3962,6.58,1.227,-0.484,0.0,-0.5,0.9404,2.1043,0.494,188.381
30.659,0.2172,1.35,-2.46,3.5313,1.4817,4.4804,-0.3962,5.23,1.227,-0.484,0.0,-0.5,0.94,2.1041,0.494,188.381
30.711,0.2172,1.35,-2.46,3.5313,1.4817,4.4799,-0.3963,3.87,1.227,-0.484,0.0,-0.5,0.9396,2.1039,0.494,188.381
30.763,0.2172,1.35,-2.46,3.5313,1.4817,4.4793,-0.3963,2.51,1.227,-0.484,0.0,-0.5,0.9391,2.1037,0.494,190.304
30.814,0.4231,1.3852,-7.91,3.7194,1.5727,4.4788,-0.3963,1.15,1.227,-0.484,0.0,-0.5,0.9387,2.1103,0.768,190.304
30.866,0.4231,1.3852,-7.91,3.7194,1.5727,4.4781,-0.3963,-0.65,1.227,-0.484,0.0,-0.5,0.9381,2.1101,0.768,190.304
30.917,0.5162,1.3944,-10.55,3.8063,1.6074,4.4775,-0.3963,-2.01,1.227,-0.484,0.0,-0.5,0.9377,2.1132,0.3312,190.304
30.971,0.5162,1.3944,-10.55,3.8063,1.6074,4.477,-0.3963,-3.37,1.227,-0.484,0.0,-0.5,0.9372,2.113,0.3312,190.304
31.022,0.6271,1.4014,-13.28,3.9108,1.6449,4.4763,-0.3962,-5.17,1.227,-0.484,0.0,-0.5,0.9366,2.118,0.5412,190.304
31.074,0.7229,1.4074,-15.97,4.0012,1.6774,4.4759,-0.3962,-6.08,1.227,-0.484,0.0,-0.5,0.9363,2.1272,0.4976,190.304
31.125,0.7229,1.4074,-15.97,4.0012,1.6774,4.4754,-0.3961,-7.43,1.227,-0.484,0.0,-0.5,0.9358,2.127,0.4976,190.304
31.176,0.7229,1.4074,-15.97,4.0012,1.6774,4.4749,-0.3961,-8.79,1.227,-0.484,0.0,-0.5,0.9353,2.1268,0.4976,190.639
31.228,0.8213,1.3901,-18.63,4.1005,1.688,4.4743,-0.396,-10.15,1.227,-0.484,0.0,-0.5,0.9348,2.1172,0.4916,190.639
31.28,0.8213,1.3901,-18.63,4.1005,1.688,4.4738,-0.3959,-11.5,1.227,-0.484,0.0,-0.5,0.9343,2.1171,0.4916,190.639
31.331,0.9214,1.3983,-21.37,4.1944,1.7238,4.4733,-0.3958,-12.86,1.227,-0.484,0.0,-0.5,0.9338,2.1378,0.6176,190.639
31.382,1.0192,1.3785,-24.07,4.2939,1.7319,4.4728,-0.3956,-14.22,1.227,-0.484,0.0,-0.5,0.9333,2.135,0.5996,190.639
31.433,1.0192,1.3785,-24.07,4.2939,1.7319,4.4722,-0.3955,-15.57,1.227,-0.484,0.0,-0.5,0.9328,2.1348,0.5996,190.639
31.484,1.1296,1.3679,-26.81,4.4029,1.7524,4.4717,-0.3953,-16.93,1.227,-0.484,0.0,-0.5,0.9323,2.1488,0.4888,190.639
31.535,1.1296,1.3679,-26.81,4.4029,1.7524,4.4712,-0.3952,-18.29,1.227,-0.484,0.0,-0.5,0.9318,2.1487,0.4888,190.639
31.586,1.2222,1.3413,-29.51,4.4992,1.7526,4.4707,-0.395,-19.64,1.227,-0.484,0.0,-0.5,0.9313,2.1478,0.594,190.639
31.637,1.2222,1.3413,-29.51,4.4992,1.7526,4.4702,-0.3948,-21.0,1.227,-0.484,0.0,-0.5,0.9307,2.1476,0.594,190.639
31.688,1.2222,1.3413,-29.51,4.4992,1.7526,4.4697,-0.3946,-22.36,1.227,-0.484,0.0,-0.5,0.9302,2.1474,0.594,191.742
31.739,1.3272,1.3226,-32.18,4.6052,1.7638,4.4692,-0.3944,-23.71,1.227,-0.484,0.0,-0.5,0.9297,2.1625,0.4936,191.742
31.79,1.3272,1.3226,-32.18,4.6052,1.7638,4.4687,-0.3942,-25.07,1.227,-0.484,0.0,-0.5,0.9292,2.1623,0.4936,191.742
31.841,1.4281,1.287,-34.81,4.7121,1.7576,4.4682,-0.394,-26.43,1.227,-0.484,0.0,-0.5,0.9286,2.1653,0.5512,191.742
31.892,1.518,1.2567,-37.59,4.8068,1.7535,4.4678,-0.3937,-27.78,1.227,-0.484,0.0,-0.5,0.9281,2.1738,0.6028,191.742
31.943,1.518,1.2567,-37.59,4.8068,1.7535,4.4673,-0.3935,-29.14,1.227,-0.484,0.0,-0.5,0.9276,2.1736,0.6028,191.742
31.994,1.518,1.2567,-37.59,4.8068,1.7535,4.4673,-0.3935,-29.14,1.227,-0.484,0.0,-0.5,0.9276,2.1736,0.6028,191.742
32.045,1.612,1.2154,-40.22,4.9086,1.7399,4.4668,-0.3932,-30.49,1.227,-0.484,0.0,-0.5,0.927,2.1784,0.4932,191.742
32.096,1.612,1.2154,-40.22,4.9086,1.7399,4.4668,-0.3932,-30.49,1.227,-0.484,0.0,-0.5,0.927,2.1784,0.4932,191.742
32.147,1.612,1.2154,-40.22,4.9086,1.7399,4.4664,-0.3929,-31.85,1.227,-0.484,0.0,-0.5,0.9265,2.1782,0.4932,191.742
32.198,1.7018,1.1676,-42.94,5.0082,1.719,4.4659,-0.3926,-33.21,1.227,-0.484,0.0,-0.5,0.926,2.1801,0.5436,191.742
32.249,1.7018,1.1676,-42.94,5.0082,1.719,4.4658,-0.3925,-33.66,1.227,-0.484,0.0,-0.5,0.9258,2.1801,0.5436,191.742
32.3,1.7018,1.1676,-42.94,5.0082,1.719,4.4655,-0.3923,-34.56,1.227,-0.484,0.0,-0.5,0.9254,2.18,0.5436,191.742
32.353,1.788,1.1209,-45.64,5.1039,1.698,4.465,-0.392,-35.92,1.227,-0.484,0.0,-0.5,0.9249,2.1855,0.4972,192.593
32.404,1.788,1.1209,-45.64,5.1039,1.698,4.4646,-0.3917,-37.28,1.227,-0.484,0.0,-0.5,0.9243,2.1853,0.4972,192.593
32.456,1.8804,1.0734,-48.31,5.2059,1.6781,4.4642,-0.3914,-38.63,1.227,-0.484,0.0,-0.5,0.9238,2.1983,0.4892,192.593
32.506,1.8804,1.0734,-48.31,5.2059,1.6781,4.464,-0.3913,-39.09,1.227,-0.484,0.0,-0.5,0.9236,2.1983,0.4892,192.593
32.558,1.8804,1.0734,-48.31,5.2059,1.6781,4.4637,-0.391,-39.99,1.227,-0.484,0.0,-0.5,0.9233,2.1982,0.4892,192.593
32.61,1.9645,1.0152,-51.05,5.3029,1.6456,4.4633,-0.3907,-41.35,1.227,-0.484,0.0,-0.5,0.9227,2.2025,0.592,192.593
32.661,1.9645,1.0152,-51.05,5.3029,1.6456,4.4629,-0.3903,-42.7,1.227,-0.484,0.0,-0.5,0.9222,2.2024,0.592,192.593
32.713,2.0447,0.95,-53.78,5.398,1.6052,4.4625,-0.39,-44.06,1.227,-0.484,0.0,-0.5,0.9217,2.2036,0.4972,192.593
32.763,2.0447,0.95,-53.78,5.398,1.6052,4.4622,-0.3896,-45.42,1.227,-0.484,0.0,-0.5,0.9211,2.2034,0.4972,192.593
32.815,2.1194,0.8932,-56.49,5.4855,1.5714,4.4618,-0.3892,-46.77,1.227,-0.484,0.0,-0.5,0.9206,2.2117,0.5296,192.593
32.866,2.1194,0.8932,-56.49,5.4855,1.5714,4.4614,-0.3888,-48.13,1.227,-0.484,0.0,-0.5,0.9201,2.2116,0.5296,192.593
32.917,2.1194,0.8932,-56.49,5.4855,1.5714,4.4611,-0.3884,-49.48,1.227,-0.484,0.0,-0.5,0.9196,2.2114,0.5296,192.593
32.968,2.2025,0.8228,-59.2,5.5849,1.5269,4.4607,-0.388,-50.84,1.227,-0.484,0.0,-0.5,0.919,2.2205,0.6852,194.154
33.02,2.2025,0.8228,-59.2,5.5849,1.5269,4.4605,-0.3877,-51.74,1.227,-0.484,0.0,-0.5,0.9187,2.2204,0.6852,194.154
33.071,2.2668,0.7434,-61.9,5.6687,1.4685,4.4604,-0.3876,-52.2,1.227,-0.484,0.0,-0.5,0.9185,2.2147,0.6028,194.154
33.122,2.3417,0.6813,-64.69,5.758,1.4296,4.4601,-0.3871,-53.55,1.227,-0.484,0.0,-0.5,0.918,2.2327,0.6384,194.154
33.174,2.3417,0.6813,-64.69,5.758,1.4296,4.4597,-0.3867,-54.91,1.227,-0.484,0.0,-0.5,0.9175,2.2326,0.6384,194.154
33.225,2.3417,0.6813,-64.69,5.758,1.4296,4.4594,-0.3863,-56.27,1.227,-0.484,0.0,-0.5,0.917,2.2324,0.6384,194.154
33.276,2.4074,0.6013,-67.35,5.8434,1.371,4.4591,-0.3858,-57.62,1.227,-0.484,0.0,-0.5,0.9165,2.2366,0.728,194.154
33.328,2.4074,0.6013,-67.35,5.8434,1.371,4.4589,-0.3853,-58.98,1.227,-0.484,0.0,-0.5,0.916,2.2364,0.728,194.154
33.379,2.4074,0.6013,-67.35,5.8434,1.371,4.4587,-0.385,-59.88,1.227,-0.484,0.0,-0.5,0.9157,2.2363,0.728,194.154
33.43,2.4694,0.5208,-70.06,5.9252,1.3109,4.4587,-0.385,-59.88,1.227,-0.484,0.0,-0.5,0.9157,2.2421,0.6988,194.154
33.481,2.4694,0.5208,-70.06,5.9252,1.3109,4.4583,-0.3844,-61.69,1.227,-0.484,0.0,-0.5,0.9151,2.2418,0.6988,194.069
33.532,2.5253,0.4401,-72.76,6.0014,1.2489,4.4581,-0.3839,-63.05,1.227,-0.484,0.0,-0.5,0.9146,2.2468,0.7364,194.069
33.583,2.5253,0.4401,-72.76,6.0014,1.2489,4.4578,-0.3835,-64.4,1.227,-0.484,0.0,-0.5,0.9141,2.2466,0.7364,194.069
33.636,2.5796,0.3542,-75.48,6.0774,1.1815,4.4576,-0.383,-65.76,1.227,-0.484,0.0,-0.5,0.9137,2.2519,0.746,194.069
33.687,2.5796,0.3542,-75.48,6.0774,1.1815,4.4574,-0.3825,-67.12,1.227,-0.484,0.0,-0.5,0.9132,2.2517,0.746,194.069
33.739,2.6325,0.2637,-78.18,6.1534,1.1093,4.4572,-0.382,-68.47,1.227,-0.484,0.0,-0.5,0.9128,2.2585,0.7432,194.069
33.79,2.6325,0.2637,-78.18,6.1534,1.1093,4.457,-0.3815,-69.83,1.227,-0.484,0.0,-0.5,0.9123,2.2583,0.7432,194.069
33.841,2.674,0.1717,-80.95,6.2188,1.0324,4.4568,-0.381,-71.19,1.227,-0.484,0.0,-0.5,0.9119,2.2588,0.7508,194.069
33.892,2.674,0.1717,-80.95,6.2188,1.0324,4.4567,-0.3806,-72.09,1.227,-0.484,0.0,-0.5,0.9116,2.2587,0.7508,194.069
33.943,2.674,0.1717,-80.95,6.2188,1.0324,4.4567,-0.3805,-72.54,1.227,-0.484,0.0,-0.5,0.9115,2.2586,0.7508,194.069
33.994,2.674,0.1717,-80.95,6.2188,1.0324,4.4565,-0.3799,-73.9,1.227,-0.484,0.0,-0.5,0.9111,2.2584,0.7508,194.069
34.045,2.674,0.1717,-80.95,6.2188,1.0324,4.4564,-0.3794,-75.26,1.227,-0.484,0.0,-0.5,0.9107,2.2582,0.7508,194.069
34.096,2.674,0.1717,-80.95,6.2188,1.0324,4.4563,-0.3791,-76.16,1.227,-0.484,0.0,-0.5,0.9104,2.2581,0.7508,193.878
34.147,2.7546,-0.0182,-86.31,6.349,0.8724,4.4563,-0.3791,-76.16,1.227,-0.484,0.0,-0.5,0.9104,2.269,0.7728,193.878
34.199,2.7546,-0.0182,-86.31,6.349,0.8724,4.4561,-0.3784,-77.97,1.227,-0.484,0.0,-0.5,0.9099,2.2688,0.7728,193.878
34.25,2.7875,-0.1186,-89.08,6.4085,0.7851,4.456,-0.3779,-79.33,1.227,-0.484,0.0,-0.5,0.9095,2.2726,0.7684,193.878
34.301,2.7875,-0.1186,-89.08,6.4085,0.7851,4.4559,-0.3773,-80.68,1.227,-0.484,0.0,-0.5,0.9091,2.2724,0.7684,193.878
34.353,2.7875,-0.1186,-89.08,6.4085,0.7851,4.4558,-0.3768,-82.04,1.227,-0.484,0.0,-0.5,0.9088,2.2722,0.7684,193.878
34.404,2.8141,-0.2203,-91.73,6.4623,0.6948,4.4558,-0.3763,-83.4,1.227,-0.484,0.0,-0.5,0.9084,2.2745,0.8044,193.878
34.456,2.8371,-0.3139,-94.5,6.5104,0.6112,4.4557,-0.3757,-84.75,1.227,-0.484,0.0,-0.5,0.9081,2.2794,0.7788,193.878
34.507,2.8371,-0.3139,-94.5,6.5104,0.6112,4.4557,-0.3752,-86.11,1.227,-0.484,0.0,-0.5,0.9078,2.2792,0.7788,193.878
34.558,2.8371,-0.3139,-94.5,6.5104,0.6112,4.4557,-0.3752,-86.11,1.227,-0.484,0.0,-0.5,0.9078,2.2792,0.7788,193.878
34.609,2.8561,-0.4155,-97.24,6.5569,0.5189,4.4556,-0.3748,-87.01,1.227,-0.484,0.0,-0.5,0.9075,2.2835,0.7188,193.878
34.66,2.8561,-0.4155,-97.24,6.5569,0.5189,4.4556,-0.3743,-88.37,1.227,-0.484,0.0,-0.5,0.9072,2.2833,0.7188,193.878
34.711,2.8561,-0.4155,-97.24,6.5569,0.5189,4.4556,-0.3736,-90.18,1.227,-0.484,0.0,-0.5,0.9068,2.283,0.7188,193.878
34.762,2.8561,-0.4155,-97.24,6.5569,0.5189,4.4556,-0.3734,-90.63,1.227,-0.484,0.0,-0.5,0.9067,2.2829,0.7188,192.446
34.813,2.8561,-0.4155,-97.24,6.5569,0.5189,4.4556,-0.3732,-91.08,1.227,-0.484,0.0,-0.5,0.9066,2.2828,0.7188,192.446
34.865,2.8561,-0.4155,-97.24,6.5569,0.5189,4.4556,-0.3727,-92.44,1.227,-0.484,0.0,-0.5,0.9064,2.2826,0.7188,192.446
34.917,2.8561,-0.4155,-97.24,6.5569,0.5189,4.4556,-0.3722,-93.8,1.227,-0.484,0.0,-0.5,0.9061,2.2824,0.7188,192.446
34.969,2.8561,-0.4155,-97.24,6.5569,0.5189,4.4557,-0.3716,-95.15,1.227,-0.484,0.0,-0.5,0.9058,2.2821,0.7188,192.446
35.02,2.8784,-0.7258,-105.4,6.6645,0.2271,4.4558,-0.3709,-96.96,1.227,-0.484,0.0,-0.5,0.9055,2.2883,0.7164,192.446
35.072,2.8805,-0.8269,-108.12,6.6947,0.1306,4.4558,-0.3704,-98.32,1.227,-0.484,0.0,-0.5,0.9053,2.2942,0.8124,192.446
35.123,2.8805,-0.8269,-108.12,6.6947,0.1306,4.4559,-0.3699,-99.68,1.227,-0.484,0.0,-0.5,0.905,2.294,0.8124,192.446
35.175,2.8805,-0.8269,-108.12,6.6947,0.1306,4.456,-0.3693,-101.03,1.227,-0.484,0.0,-0.5,0.9048,2.2938,0.8124,192.446
35.226,2.8767,-0.9273,-110.88,6.7189,0.0331,4.4561,-0.3688,-102.39,1.227,-0.484,0.0,-0.5,0.9046,2.2982,0.7164,192.446
35.278,2.8767,-0.9273,-110.88,6.7189,0.0331,4.4562,-0.3685,-103.29,1.227,-0.484,0.0,-0.5,0.9045,2.298,0.7164,192.446
35.329,2.8704,-1.0388,-113.56,6.7438,-0.0759,4.4564,-0.3678,-105.1,1.227,-0.484,0.0,-0.5,0.9043,2.306,0.742,191.926
35.38,2.8704,-1.0388,-113.56,6.7438,-0.0759,4.4565,-0.3672,-106.46,1.227,-0.484,0.0,-0.5,0.9041,2.3058,0.742,191.926
35.431,2.8704,-1.0388,-113.56,6.7438,-0.0759,4.4566,-0.3671,-106.91,1.227,-0.484,0.0,-0.5,0.9041,2.3057,0.742,191.926
35.482,2.8704,-1.0388,-113.56,6.7438,-0.0759,4.4567,-0.3667,-107.81,1.227,-0.484,0.0,-0.5,0.904,2.3056,0.742,191.926
35.534,2.823,-1.2334,-119.09,6.7523,-0.276,4.4568,-0.3662,-109.17,1.227,-0.484,0.0,-0.5,0.9038,2.2973,0.7668,191.926
35.585,2.823,-1.2334,-119.09,6.7523,-0.276,4.457,-0.3657,-110.53,1.227,-0.484,0.0,-0.5,0.9037,2.2971,0.7668,191.926
35.636,2.7972,-1.3336,-121.87,6.7554,-0.3793,4.457,-0.3657,-110.53,1.227,-0.484,0.0,-0.5,0.9037,2.2985,0.686,191.926
35.687,2.7972,-1.3336,-121.87,6.7554,-0.3793,4.4572,-0.3652,-111.88,1.227,-0.484,0.0,-0.5,0.9036,2.2983,0.686,191.926
35.739,2.7972,-1.3336,-121.87,6.7554,-0.3793,4.4574,-0.3647,-113.24,1.227,-0.484,0.0,-0.5,0.9035,2.2981,0.686,191.926
35.79,2.7972,-1.3336,-121.87,6.7554,-0.3793,4.4576,-0.3642,-114.6,1.227,-0.484,0.0,-0.5,0.9034,2.2978,0.686,191.926
35.842,2.7689,-1.4285,-124.65,6.7546,-0.4785,4.4579,-0.3637,-115.95,1.227,-0.484,0.0,-0.5,0.9034,2.2996,0.7608,191.926
35.893,2.7689,-1.4285,-124.65,6.7546,-0.4785,4.4581,-0.3632,-117.31,1.227,-0.484,0.0,-0.5,0.9033,2.2993,0.7608,191.926
35.946,2.7163,-1.528,-127.46,6.7317,-0.5886,4.4584,-0.3628,-118.66,1.227,-0.484,0.0,-0.5,0.9033,2.2846,0.7008,191.444
35.997,2.7163,-1.528,-127.46,6.7317,-0.5886,4.4586,-0.3623,-120.02,1.227,-0.484,0.0,-0.5,0.9032,2.2843,0.7008,191.444
36.048,2.6829,-1.6255,-130.14,6.7267,-0.6915,4.4589,-0.3618,-121.38,1.227,-0.484,0.0,-0.5,0.9032,2.2916,0.692,191.444
36.1,2.6381,-1.7122,-132.96,6.7078,-0.7873,4.4592,-0.3614,-122.73,1.227,-0.484,0.0,-0.5,0.9032,2.2886,0.7156,191.444
36.151,2.6381,-1.7122,-132.96,6.7078,-0.7873,4.4595,-0.3609,-124.09,1.227,-0.484,0.0,-0.5,0.9032,2.2884,0.7156,191.444
36.202,2.6381,-1.7122,-132.96,6.7078,-0.7873,4.4598,-0.3605,-125.45,1.227,-0.484,0.0,-0.5,0.9032,2.2882,0.7156,191.444
36.253,2.6381,-1.7122,-132.96,6.7078,-0.7873,4.4601,-0.3601,-126.8,1.227,-0.484,0.0,-0.5,0.9033,2.288,0.7156,191.444
36.305,2.6381,-1.7122,-132.96,6.7078,-0.7873,4.4604,-0.3596,-128.16,1.227,-0.484,0.0,-0.5,0.9033,2.2877,0.7156,191.444
36.356,2.538,-1.8854,-138.36,6.6598,-0.9815,4.4608,-0.3592,-129.52,1.227,-0.484,0.0,-0.5,0.9034,2.2854,0.7032,191.444
36.407,2.538,-1.8854,-138.36,6.6598,-0.9815,4.4611,-0.3588,-130.87,1.227,-0.484,0.0,-0.5,0.9034,2.2851,0.7032,191.444
36.458,2.4686,-1.9721,-141.23,6.6171,-1.084,4.4615,-0.3584,-132.23,1.227,-0.484,0.0,-0.5,0.9035,2.2745,0.6944,191.444
36.509,2.4137,-2.0597,-143.96,6.5887,-1.1834,4.4618,-0.358,-133.58,1.227,-0.484,0.0,-0.5,0.9036,2.2815,0.6884,191.602
36.56,2.4137,-2.0597,-143.96,6.5887,-1.1834,4.4622,-0.3576,-134.94,1.227,-0.484,0.0,-0.5,0.9037,2.2813,0.6884,191.602
36.611,2.3257,-2.1365,-146.87,6.5256,-1.2817,4.4626,-0.3572,-136.3,1.227,-0.484,0.0,-0.5,0.9039,2.2607,0.71,191.602
36.662,2.3257,-2.1365,-146.87,6.5256,-1.2817,4.463,-0.3569,-137.65,1.227,-0.484,0.0,-0.5,0.904,2.2605,0.71,191.602
36.713,2.2611,-2.2094,-149.59,6.4837,-1.3696,4.4634,-0.3565,-139.01,1.227,-0.484,0.0,-0.5,0.9041,2.2601,0.6936,191.602
36.764,2.2611,-2.2094,-149.59,6.4837,-1.3696,4.4638,-0.3562,-140.37,1.227,-0.484,0.0,-0.5,0.9043,2.2599,0.6936,191.602
36.816,2.1839,-2.2826,-152.4,6.4299,-1.4614,4.4642,-0.3558,-141.72,1.227,-0.484,0.0,-0.5,0.9045,2.2553,0.7268,191.602
36.866,2.1839,-2.2826,-152.4,6.4299,-1.4614,4.4646,-0.3555,-143.08,1.227,-0.484,0.0,-0.5,0.9047,2.2551,0.7268,191.602
36.918,2.1839,-2.2826,-152.4,6.4299,-1.4614,4.4651,-0.3552,-144.44,1.227,-0.484,0.0,-0.5,0.9049,2.2549,0.7268,190.644
36.969,2.1043,-2.3523,-155.18,6.3729,-1.5505,4.4655,-0.3549,-145.79,1.227,-0.484,0.0,-0.5,0.9051,2.2511,0.6904,190.644
37.02,2.1043,-2.3523,-155.18,6.3729,-1.5505,4.466,-0.3546,-147.15,1.227,-0.484,0.0,-0.5,0.9053,2.2509,0.6904,190.644
37.071,2.1043,-2.3523,-155.18,6.3729,-1.5505,4.4664,-0.3543,-148.51,1.227,-0.484,0.0,-0.5,0.9055,2.2507,0.6904,190.644
37.122,1.9483,-2.4822,-160.59,6.2591,-1.7186,4.4669,-0.354,-149.86,1.227,-0.484,0.0,-0.5,0.9058,2.2526,0.7532,190.644
37.173,1.9483,-2.4822,-160.59,6.2591,-1.7186,4.4673,-0.3537,-151.22,1.227,-0.484,0.0,-0.5,0.906,2.2524,0.7532,190.644
37.224,1.8565,-2.539,-163.32,6.1867,-1.7986,4.4677,-0.3536,-152.12,1.227,-0.484,0.0,-0.5,0.9062,2.2457,0.762,190.644
37.275,1.8565,-2.539,-163.32,6.1867,-1.7986,4.4678,-0.3535,-152.58,1.227,-0.484,0.0,-0.5,0.9063,2.2457,0.762,190.644
37.327,1.7726,-2.5951,-166.04,6.1217,-1.8758,4.4683,-0.3532,-153.93,1.227,-0.484,0.0,-0.5,0.9066,2.2477,0.7484,190.644
37.378,1.7726,-2.5951,-166.04,6.1217,-1.8758,4.4688,-0.353,-155.29,1.227,-0.484,0.0,-0.5,0.9069,2.2475,0.7484,190.644
37.429,1.7726,-2.5951,-166.04,6.1217,-1.8758,4.4693,-0.3528,-156.65,1.227,-0.484,0.0,-0.5,0.9072,2.2473,0.7484,190.644
37.48,1.7726,-2.5951,-166.04,6.1217,-1.8758,4.4696,-0.3527,-157.55,1.227,-0.484,0.0,-0.5,0.9074,2.2471,0.7484,189.2
37.531,1.68,-2.6402,-168.8,6.0452,-1.9449,4.4701,-0.3525,-158.91,1.227,-0.484,0.0,-0.5,0.9077,2.2399,0.744,189.2
37.583,1.68,-2.6402,-168.8,6.0452,-1.9449,4.4706,-0.3523,-160.26,1.227,-0.484,0.0,-0.5,0.908,2.2397,0.744,189.2
37.634,1.59,-2.686,-171.5,5.9715,-2.014,4.4713,-0.352,-162.07,1.227,-0.484,0.0,-0.5,0.9085,2.2389,0.7664,189.2
37.686,1.4961,-2.7257,-174.22,5.8923,-2.0781,4.4718,-0.3519,-163.43,1.227,-0.484,0.0,-0.5,0.9088,2.2356,0.7508,189.2
37.737,1.4961,-2.7257,-174.22,5.8923,-2.0781,4.4723,-0.3517,-164.78,1.227,-0.484,0.0,-0.5,0.9092,2.2354,0.7508,189.2
37.789,1.3941,-2.7604,-176.93,5.804,-2.1399,4.4728,-0.3516,-166.14,1.227,-0.484,0.0,-0.5,0.9096,2.2294,0.764,189.2
37.84,1.3941,-2.7604,-176.93,5.804,-2.1399,4.4733,-0.3515,-167.5,1.227,-0.484,0.0,-0.5,0.9099,2.2291,0.764,189.2
37.892,1.3028,-2.7917,-179.67,5.725,-2.1953,4.4739,-0.3514,-168.85,1.227,-0.484,0.0,-0.5,0.9103,2.2283,0.6796,189.2
37.943,1.3028,-2.7917,-179.67,5.725,-2.1953,4.4744,-0.3513,-170.21,1.227,-0.484,0.0,-0.5,0.9107,2.2281,0.6796,189.2
37.994,1.3028,-2.7917,-179.67,5.725,-2.1953,4.4749,-0.3512,-171.57,1.227,-0.484,0.0,-0.5,0.9111,2.2279,0.6796,189.2
38.045,1.2029,-2.8182,177.62,5.6364,-2.2485,4.4755,-0.3511,-172.92,1.227,-0.484,0.0,-0.5,0.9115,2.2244,0.7572,189.2
38.097,1.2029,-2.8182,177.62,5.6364,-2.2485,4.476,-0.351,-174.28,1.227,-0.484,0.0,-0.5,0.912,2.2242,0.7572,187.015
38.148,1.1087,-2.8394,174.91,5.5518,-2.295,4.4765,-0.351,-175.64,1.227,-0.484,0.0,-0.5,0.9124,2.2216,0.688,187.015
38.199,1.0061,-2.8543,172.2,5.4574,-2.3378,4.4771,-0.351,-176.99,1.227,-0.484,0.0,-0.5,0.9128,2.2155,0.6912,187.015
38.25,1.0061,-2.8543,172.2,5.4574,-2.3378,4.4776,-0.3509,-178.35,1.227,-0.484,0.0,-0.5,0.9133,2.2153,0.6912,187.015
38.301,1.0061,-2.8543,172.2,5.4574,-2.3378,4.4781,-0.3509,-179.71,1.227,-0.484,0.0,-0.5,0.9137,2.2151,0.6912,187.015
38.352,0.9057,-2.8668,169.49,5.3644,-2.3777,4.4787,-0.3509,178.94,1.227,-0.484,0.0,-0.5,0.9142,2.2119,0.696,187.015
38.403,0.9057,-2.8668,169.49,5.3644,-2.3777,4.4792,-0.3509,177.58,1.227,-0.484,0.0,-0.5,0.9147,2.2117,0.696,187.015
38.454,0.8059,-2.8652,166.79,5.2681,-2.4039,4.4796,-0.351,176.68,1.227,-0.484,0.0,-0.5,0.915,2.1992,0.742,187.015
38.508,0.8059,-2.8652,166.79,5.2681,-2.4039,4.4797,-0.351,176.22,1.227,-0.484,0.0,-0.5,0.9151,2.1992,0.742,184.755
38.559,0.7005,-2.8687,164.09,5.1678,-2.4366,4.4803,-0.351,174.87,1.227,-0.484,0.0,-0.5,0.9156,2.196,0.698,184.755
38.611,0.7005,-2.8687,164.09,5.1678,-2.4366,4.4808,-0.3511,173.51,1.227,-0.484,0.0,-0.5,0.9161,2.1958,0.698,184.755
38.662,0.7005,-2.8687,164.09,5.1678,-2.4366,4.481,-0.3511,173.06,1.227,-0.484,0.0,-0.5,0.9163,2.1957,0.698,184.755
38.713,0.5989,-2.8723,161.39,5.0712,-2.4683,4.4813,-0.3511,172.15,1.227,-0.484,0.0,-0.5,0.9166,2.1978,0.6796,184.755
38.764,0.5989,-2.8723,161.39,5.0712,-2.4683,4.4819,-0.3512,170.8,1.227,-0.484,0.0,-0.5,0.9171,2.1976,0.6796,184.755
38.815,0.5989,-2.8723,161.39,5.0712,-2.4683,4.4824,-0.3513,169.44,1.227,-0.484,0.0,-0.5,0.9176,2.1973,0.6796,184.755
38.867,0.5033,-2.8635,158.71,4.9769,-2.4864,4.4829,-0.3514,168.09,1.227,-0.484,0.0,-0.5,0.9181,2.1914,0.6924,184.755
38.919,0.5033,-2.8635,158.71,4.9769,-2.4864,4.4834,-0.3515,166.73,1.227,-0.484,0.0,-0.5,0.9186,2.1912,0.6924,184.755
38.97,0.5033,-2.8635,158.71,4.9769,-2.4864,4.484,-0.3516,165.37,1.227,-0.484,0.0,-0.5,0.9191,2.1909,0.6924,184.755
39.022,0.5033,-2.8635,158.71,4.9769,-2.4864,4.4845,-0.3518,164.02,1.227,-0.484,0.0,-0.5,0.9196,2.1907,0.6924,184.755
39.073,0.2979,-2.8353,153.3,4.7718,-2.5164,4.485,-0.3519,162.66,1.227,-0.484,0.0,-0.5,0.9201,2.1834,0.66,184.755
39.124,0.2979,-2.8353,153.3,4.7718,-2.5164,4.4855,-0.3521,161.3,1.227,-0.484,0.0,-0.5,0.9207,2.1832,0.66,183.378
39.175,0.1976,-2.8173,150.63,4.6704,-2.527,4.486,-0.3523,159.95,1.227,-0.484,0.0,-0.5,0.9212,2.1825,0.686,183.378
39.227,0.1976,-2.8173,150.63,4.6704,-2.527,4.4865,-0.3525,158.59,1.227,-0.484,0.0,-0.5,0.9217,2.1823,0.686,183.378
39.278,0.1022,-2.7828,147.9,4.5692,-2.5203,4.487,-0.3527,157.23,1.227,-0.484,0.0,-0.5,0.9222,2.1692,0.664,183.378
39.329,0.0029,-2.7568,145.17,4.4665,-2.523,4.4875,-0.3529,155.88,1.227,-0.484,0.0,-0.5,0.9228,2.1702,0.6912,183.378
39.38,0.0029,-2.7568,145.17,4.4665,-2.523,4.488,-0.3531,154.52,1.227,-0.484,0.0,-0.5,0.9233,2.17,0.6912,183.378
39.432,-0.0912,-2.7265,142.49,4.3677,-2.52,4.4885,-0.3533,153.16,1.227,-0.484,0.0,-0.5,0.9238,2.17,0.6892,183.378
39.482,-0.0912,-2.7265,142.49,4.3677,-2.52,4.489,-0.3536,151.81,1.227,-0.484,0.0,-0.5,0.9244,2.1698,0.6892,183.378
39.534,-0.1844,-2.6858,139.82,4.267,-2.5068,4.4894,-0.3538,150.45,1.227,-0.484,0.0,-0.5,0.9249,2.1644,0.6808,183.378
39.585,-0.1844,-2.6858,139.82,4.267,-2.5068,4.4899,-0.3541,149.09,1.227,-0.484,0.0,-0.5,0.9255,2.1642,0.6808,183.378
39.635,-0.1844,-2.6858,139.82,4.267,-2.5068,4.4904,-0.3544,147.74,1.227,-0.484,0.0,-0.5,0.926,2.164,0.6808,183.378
39.686,-0.1844,-2.6858,139.82,4.267,-2.5068,4.4908,-0.3547,146.38,1.227,-0.484,0.0,-0.5,0.9265,2.1637,0.6808,183.378
39.738,-0.1844,-2.6858,139.82,4.267,-2.5068,4.4913,-0.355,145.02,1.227,-0.484,0.0,-0.5,0.9271,2.1635,0.6808,183.602
39.789,-0.3594,-2.5962,134.47,4.0739,-2.4693,4.4917,-0.3553,143.67,1.227,-0.484,0.0,-0.5,0.9276,2.1549,0.704,183.602
39.84,-0.4448,-2.546,131.77,3.9779,-2.4449,4.4921,-0.3556,142.31,1.227,-0.484,0.0,-0.5,0.9281,2.1516,0.656,183.602
39.891,-0.4448,-2.546,131.77,3.9779,-2.4449,4.4921,-0.3556,142.31,1.227,-0.484,0.0,-0.5,0.9281,2.1516,0.656,183.602
39.942,-0.5267,-2.4805,129.02,3.881,-2.4047,4.4926,-0.356,140.96,1.227,-0.484,0.0,-0.5,0.9287,2.138,0.7124,183.602
39.993,-0.5267,-2.4805,129.02,3.881,-2.4047,4.493,-0.3563,139.6,1.227,-0.484,0.0,-0.5,0.9292,2.1378,0.7124,183.602
40.044,-0.5267,-2.4805,129.02,3.881,-2.4047,4.493,-0.3563,139.6,1.227,-0.484,0.0,-0.5,0.9292,2.1378,0.7124,183.602
40.095,-0.5267,-2.4805,129.02,3.881,-2.4047,4.4934,-0.3567,138.24,1.227,-0.484,0.0,-0.5,0.9297,2.1376,0.7124,183.602
40.146,-0.6124,-2.4336,126.36,3.7857,-2.3834,4.4938,-0.357,136.89,1.227,-0.484,0.0,-0.5,0.9303,2.1465,0.7028,183.602
40.197,-0.6124,-2.4336,126.36,3.7857,-2.3834,4.4942,-0.3574,135.53,1.227,-0.484,0.0,-0.5,0.9308,2.1463,0.7028,183.602
40.248,-0.6124,-2.4336,126.36,3.7857,-2.3834,4.4944,-0.3576,134.63,1.227,-0.484,0.0,-0.5,0.9311,2.1461,0.7028,183.602
40.3,-0.6853,-2.3712,123.66,3.6984,-2.3438,4.4949,-0.3582,132.82,1.227,-0.484,0.0,-0.5,0.9318,2.1394,0.6988,183.602
40.351,-0.6853,-2.3712,123.66,3.6984,-2.3438,4.4953,-0.3586,131.46,1.227,-0.484,0.0,-0.5,0.9324,2.1392,0.6988,184.39
40.402,-0.7615,-2.3022,120.94,3.606,-2.2986,4.4956,-0.359,130.11,1.227,-0.484,0.0,-0.5,0.9329,2.134,0.7216,184.39
40.454,-0.7615,-2.3022,120.94,3.606,-2.2986,4.496,-0.3594,128.75,1.227,-0.484,0.0,-0.5,0.9334,2.1337,0.7216,184.39
40.504,-0.8384,-2.2276,118.24,3.5114,-2.2484,4.4962,-0.3597,127.84,1.227,-0.484,0.0,-0.5,0.9337,2.13,0.7076,184.39
40.555,-0.9038,-2.1611,115.56,3.4301,-2.2026,4.4963,-0.3598,127.39,1.227,-0.484,0.0,-0.5,0.9339,2.1291,0.706,184.39
40.606,-0.9038,-2.1611,115.56,3.4301,-2.2026,4.4966,-0.3602,126.04,1.227,-0.484,0.0,-0.5,0.9344,2.1289,0.706,184.39
40.657,-0.9038,-2.1611,115.56,3.4301,-2.2026,4.4969,-0.3607,124.68,1.227,-0.484,0.0,-0.5,0.9349,2.1286,0.706,184.39
40.709,-0.9038,-2.1611,115.56,3.4301,-2.2026,4.4972,-0.3611,123.32,1.227,-0.484,0.0,-0.5,0.9354,2.1284,0.706,184.39
40.759,-0.964,-2.0612,112.84,3.3445,-2.1234,4.4975,-0.3616,121.97,1.227,-0.484,0.0,-0.5,0.9358,2.1056,0.7084,184.39
40.811,-0.964,-2.0612,112.84,3.3445,-2.1234,4.4978,-0.362,120.61,1.227,-0.484,0.0,-0.5,0.9363,2.1054,0.7084,184.39
40.862,-1.0348,-2.0004,110.16,3.2595,-2.0846,4.4981,-0.3625,119.25,1.227,-0.484,0.0,-0.5,0.9368,2.1213,0.68,184.39
40.913,-1.0348,-2.0004,110.16,3.2595,-2.0846,4.4983,-0.363,117.9,1.227,-0.484,0.0,-0.5,0.9373,2.121,0.68,185.224
40.964,-1.0348,-2.0004,110.16,3.2595,-2.0846,4.4986,-0.3634,116.54,1.227,-0.484,0.0,-0.5,0.9377,2.1208,0.68,185.224
41.016,-1.0348,-2.0004,110.16,3.2595,-2.0846,4.4988,-0.3639,115.18,1.227,-0.484,0.0,-0.5,0.9382,2.1205,0.68,185.224
41.066,-1.1408,-1.826,104.75,3.1093,-1.9466,4.499,-0.3644,113.83,1.227,-0.484,0.0,-0.5,0.9386,2.1059,0.718,185.224
41.118,-1.1898,-1.7368,102.03,3.0375,-1.8745,4.4992,-0.3649,112.47,1.227,-0.484,0.0,-0.5,0.939,2.1014,0.7288,185.224
41.169,-1.1898,-1.7368,102.03,3.0375,-1.8745,4.4994,-0.3654,111.11,1.227,-0.484,0.0,-0.5,0.9395,2.1011,0.7288,185.224
41.22,-1.1898,-1.7368,102.03,3.0375,-1.8745,4.4996,-0.3659,109.76,1.227,-0.484,0.0,-0.5,0.9399,2.1009,0.7288,185.224
41.271,-1.2334,-1.6573,99.38,2.9735,-1.8103,4.4998,-0.3664,108.4,1.227,-0.484,0.0,-0.5,0.9403,2.1011,0.7308,185.224
41.322,-1.2334,-1.6573,99.38,2.9735,-1.8103,4.5,-0.3669,107.04,1.227,-0.484,0.0,-0.5,0.9407,2.1008,0.7308,186.483
41.373,-1.279,-1.5567,96.67,2.9017,-1.7263,4.5001,-0.3674,105.69,1.227,-0.484,0.0,-0.5,0.9411,2.0979,0.64,186.483
41.425,-1.279,-1.5567,96.67,2.9017,-1.7263,4.5003,-0.368,104.33,1.227,-0.484,0.0,-0.5,0.9415,2.0977,0.64,186.483
41.476,-1.321,-1.4659,94.02,2.8361,-1.6507,4.5004,-0.3685,102.97,1.227,-0.484,0.0,-0.5,0.9419,2.101,0.7532,186.483
41.527,-1.3575,-1.3573,91.26,2.7709,-1.5565,4.5005,-0.369,101.62,1.227,-0.484,0.0,-0.5,0.9423,2.0981,0.5956,186.483
41.578,-1.3575,-1.3573,91.26,2.7709,-1.5565,4.5006,-0.3695,100.26,1.227,-0.484,0.0,-0.5,0.9426,2.0979,0.5956,186.483
41.63,-1.3732,-1.2748,88.64,2.7329,-1.4816,4.5007,-0.3701,98.9,1.227,-0.484,0.0,-0.5,0.943,2.0882,0.7296,186.483
41.68,-1.3732,-1.2748,88.64,2.7329,-1.4816,4.5008,-0.3706,97.55,1.227,-0.484,0.0,-0.5,0.9433,2.088,0.7296,186.483
41.732,-1.3968,-1.1774,85.95,2.6832,-1.3946,4.5008,-0.3711,96.19,1.227,-0.484,0.0,-0.5,0.9437,2.086,0.7628,186.483
41.782,-1.3968,-1.1774,85.95,2.6832,-1.3946,4.5009,-0.3717,94.84,1.227,-0.484,0.0,-0.5,0.944,2.0858,0.7628,186.483
41.834,-1.3968,-1.1774,85.95,2.6832,-1.3946,4.5009,-0.3722,93.48,1.227,-0.484,0.0,-0.5,0.9443,2.0856,0.7628,186.483
41.885,-1.4159,-1.0701,83.25,2.635,-1.2969,4.501,-0.3727,92.12,1.227,-0.484,0.0,-0.5,0.9446,2.0823,0.6484,186.483
41.936,-1.4159,-1.0701,83.25,2.635,-1.2969,4.501,-0.3733,90.77,1.227,-0.484,0.0,-0.5,0.9449,2.0821,0.6484,186.966
41.987,-1.4271,-0.9701,80.55,2.5964,-1.204,4.501,-0.3738,89.41,1.227,-0.484,0.0,-0.5,0.9452,2.0776,0.6736,186.966
42.038,-1.4297,-0.8633,77.87,2.5643,-1.1021,4.501,-0.3742,88.5,1.227,-0.484,0.0,-0.5,0.9454,2.069,0.6112,186.966
42.088,-1.4297,-0.8633,77.87,2.5643,-1.1021,4.501,-0.3743,88.05,1.227,-0.484,0.0,-0.5,0.9455,2.0689,0.6112,186.966
42.14,-1.437,-0.7584,75.16,2.5281,-1.0033,4.5009,-0.3749,86.7,1.227,-0.484,0.0,-0.5,0.9457,2.0705,0.6772,186.966
42.191,-1.437,-0.7584,75.16,2.5281,-1.0033,4.5009,-0.3754,85.34,1.227,-0.484,0.0,-0.5,0.946,2.0703,0.6772,186.966
42.241,-1.437,-0.7584,75.16,2.5281,-1.0033,4.5009,-0.3759,83.98,1.227,-0.484,0.0,-0.5,0.9462,2.0701,0.6772,186.966
42.293,-1.4319,-0.6649,72.47,2.507,-0.9121,4.5008,-0.3763,83.08,1.227,-0.484,0.0,-0.5,0.9464,2.0646,0.7384,186.966
42.345,-1.4319,-0.6649,72.47,2.507,-0.9121,4.5008,-0.3765,82.63,1.227,-0.484,0.0,-0.5,0.9464,2.0645,0.7384,186.966
42.396,-1.4319,-0.6649,72.47,2.507,-0.9121,4.5007,-0.377,81.27,1.227,-0.484,0.0,-0.5,0.9467,2.0643,0.7384,186.966
42.447,-1.4256,-0.5619,69.81,2.4845,-0.8114,4.5006,-0.3775,79.91,1.227,-0.484,0.0,-0.5,0.9469,2.0623,0.7112,186.966
42.498,-1.4256,-0.5619,69.81,2.4845,-0.8114,4.5005,-0.3781,78.56,1.227,-0.484,0.0,-0.5,0.9471,2.0621,0.7112,186.966
42.549,-1.4256,-0.5619,69.81,2.4845,-0.8114,4.5005,-0.3781,78.56,1.227,-0.484,0.0,-0.5,0.9471,2.0621,0.7112,187.016
42.6,-1.4203,-0.4701,67.05,2.4641,-0.7217,4.5005,-0.3782,78.1,1.227,-0.484,0.0,-0.5,0.9471,2.0652,0.6856,187.016
42.65,-1.4203,-0.4701,67.05,2.4641,-0.7217,4.5004,-0.3786,77.2,1.227,-0.484,0.0,-0.5,0.9473,2.0651,0.6856,187.016
42.702,-1.4203,-0.4701,67.05,2.4641,-0.7217,4.5003,-0.3791,75.84,1.227,-0.484,0.0,-0.5,0.9474,2.0649,0.6856,187.016
42.753,-1.4203,-0.4701,67.05,2.4641,-0.7217,4.5002,-0.3795,74.94,1.227,-0.484,0.0,-0.5,0.9475,2.0647,0.6856,187.016
42.804,-1.4047,-0.3611,64.36,2.4488,-0.6127,4.5001,-0.38,73.58,1.227,-0.484,0.0,-0.5,0.9477,2.0644,0.7584,187.016
42.855,-1.3812,-0.267,61.65,2.4452,-0.5158,4.5,-0.3801,73.13,1.227,-0.484,0.0,-0.5,0.9477,2.0593,0.7384,187.016
42.906,-1.3812,-0.267,61.65,2.4452,-0.5158,4.4999,-0.3805,72.23,1.227,-0.484,0.0,-0.5,0.9478,2.0592,0.7384,187.016
42.957,-1.3812,-0.267,61.65,2.4452,-0.5158,4.4997,-0.381,70.87,1.227,-0.484,0.0,-0.5,0.948,2.059,0.7384,187.016
43.007,-1.3812,-0.267,61.65,2.4452,-0.5158,4.4996,-0.3815,69.51,1.227,-0.484,0.0,-0.5,0.9481,2.0587,0.7384,187.016
43.059,-1.3613,-0.1696,58.92,2.4373,-0.4167,4.4994,-0.382,68.16,1.227,-0.484,0.0,-0.5,0.9482,2.0624,0.7312,187.016
43.11,-1.3613,-0.1696,58.92,2.4373,-0.4167,4.4992,-0.3825,66.8,1.227,-0.484,0.0,-0.5,0.9483,2.0622,0.7312,187.016
43.161,-1.3339,-0.0661,56.25,2.4348,-0.3096,4.4989,-0.383,65.44,1.227,-0.484,0.0,-0.5,0.9483,2.0654,0.7312,187.352
43.212,-1.3339,-0.0661,56.25,2.4348,-0.3096,4.4987,-0.3835,64.09,1.227,-0.484,0.0,-0.5,0.9484,2.0652,0.7312,187.352
43.264,-1.3009,0.0224,53.55,2.4419,-0.2154,4.4985,-0.384,62.73,1.227,-0.484,0.0,-0.5,0.9485,2.0635,0.6776,187.352
43.315,-1.3009,0.0224,53.55,2.4419,-0.2154,4.4982,-0.3844,61.38,1.227,-0.484,0.0,-0.5,0.9485,2.0633,0.6776,187.352
43.366,-1.2568,0.1128,50.83,2.4591,-0.1164,4.498,-0.3849,60.02,1.227,-0.484,0.0,-0.5,0.9485,2.0565,0.722,187.352
43.417,-1.2568,0.1128,50.83,2.4591,-0.1164,4.4977,-0.3854,58.66,1.227,-0.484,0.0,-0.5,0.9486,2.0562,0.722,187.352
43.468,-1.2207,0.2096,48.15,2.467,-0.0133,4.4974,-0.3858,57.31,1.227,-0.484,0.0,-0.5,0.9486,2.0643,0.71,187.352
43.519,-1.2207,0.2096,48.15,2.467,-0.0133,4.4971,-0.3863,55.95,1.227,-0.484,0.0,-0.5,0.9486,2.0641,0.71,187.352
43.57,-1.2207,0.2096,48.15,2.467,-0.0133,4.4968,-0.3867,54.59,1.227,-0.484,0.0,-0.5,0.9485,2.0639,0.71,187.352
43.621,-1.2207,0.2096,48.15,2.467,-0.0133,4.4965,-0.3871,53.24,1.227,-0.484,0.0,-0.5,0.9485,2.0637,0.71,187.352
43.672,-1.1263,0.3979,42.8,2.5053,0.1937,4.4965,-0.3871,53.24,1.227,-0.484,0.0,-0.5,0.9485,2.0742,0.6912,187.352
43.723,-1.1263,0.3979,42.8,2.5053,0.1937,4.4962,-0.3876,51.88,1.227,-0.484,0.0,-0.5,0.9485,2.074,0.6912,187.409
43.774,-1.074,0.4791,40.07,2.5329,0.2863,4.4958,-0.388,50.52,1.227,-0.484,0.0,-0.5,0.9484,2.0755,0.7524,187.409
43.825,-1.074,0.4791,40.07,2.5329,0.2863,4.4955,-0.3884,49.17,1.227,-0.484,0.0,-0.5,0.9483,2.0753,0.7524,187.409
43.877,-1.074,0.4791,40.07,2.5329,0.2863,4.4951,-0.3888,47.81,1.227,-0.484,0.0,-0.5,0.9483,2.0751,0.7524,187.409
43.928,-1.0182,0.5605,37.38,2.5639,0.38,4.4948,-0.3892,46.46,1.227,-0.484,0.0,-0.5,0.9482,2.0784,0.692,187.409
43.979,-1.0182,0.5605,37.38,2.5639,0.38,4.4944,-0.3896,45.1,1.227,-0.484,0.0,-0.5,0.9481,2.0782,0.692,187.409
44.03,-0.9496,0.6375,34.7,2.6085,0.473,4.494,-0.39,43.74,1.227,-0.484,0.0,-0.5,0.9479,2.0736,0.6996,187.409
44.081,-0.9496,0.6375,34.7,2.6085,0.473,4.4936,-0.3903,42.39,1.227,-0.484,0.0,-0.5,0.9478,2.0734,0.6996,187.409
44.133,-0.887,0.7164,31.95,2.6467,0.5663,4.4932,-0.3907,41.03,1.227,-0.484,0.0,-0.5,0.9477,2.0797,0.6808,187.409
44.184,-0.887,0.7164,31.95,2.6467,0.5663,4.4928,-0.391,39.67,1.227,-0.484,0.0,-0.5,0.9475,2.0795,0.6808,187.409
44.236,-0.8154,0.7865,29.24,2.6959,0.6534,4.4924,-0.3914,38.32,1.227,-0.484,0.0,-0.5,0.9474,2.0782,0.6572,187.409
44.286,-0.8154,0.7865,29.24,2.6959,0.6534,4.4924,-0.3914,38.32,1.227,-0.484,0.0,-0.5,0.9474,2.0782,0.6572,187.409
44.338,-0.7405,0.8554,26.56,2.7488,0.7404,4.492,-0.3917,36.96,1.227,-0.484,0.0,-0.5,0.9472,2.0786,0.67,187.558
44.388,-0.7405,0.8554,26.56,2.7488,0.7404,4.4915,-0.392,35.6,1.227,-0.484,0.0,-0.5,0.947,2.0784,0.67,187.558
44.44,-0.7405,0.8554,26.56,2.7488,0.7404,4.4911,-0.3923,34.25,1.227,-0.484,0.0,-0.5,0.9468,2.0782,0.67,187.558
44.491,-0.7405,0.8554,26.56,2.7488,0.7404,4.4906,-0.3926,32.89,1.227,-0.484,0.0,-0.5,0.9466,2.078,0.67,187.558
44.542,-0.7405,0.8554,26.56,2.7488,0.7404,4.4902,-0.3929,31.53,1.227,-0.484,0.0,-0.5,0.9464,2.0778,0.67,187.558
44.593,-0.5736,0.9796,21.14,2.8746,0.9061,4.4897,-0.3932,30.18,1.227,-0.484,0.0,-0.5,0.9461,2.0729,0.5928,187.558
44.644,-0.5736,0.9796,21.14,2.8746,0.9061,4.4893,-0.3935,28.82,1.227,-0.484,0.0,-0.5,0.9459,2.0727,0.5928,187.558
44.696,-0.4959,1.042,18.42,2.9319,0.9877,4.4888,-0.3937,27.46,1.227,-0.484,0.0,-0.5,0.9456,2.0814,0.6776,187.558
44.748,-0.4959,1.042,18.42,2.9319,0.9877,4.4883,-0.394,26.11,1.227,-0.484,0.0,-0.5,0.9453,2.0812,0.6776,187.558
44.799,-0.4959,1.042,18.42,2.9319,0.9877,4.4878,-0.3942,24.75,1.227,-0.484,0.0,-0.5,0.9451,2.081,0.6776,188.779
44.851,-0.4959,1.042,18.42,2.9319,0.9877,4.4873,-0.3944,23.4,1.227,-0.484,0.0,-0.5,0.9448,2.0808,0.6776,188.779
44.902,-0.3226,1.1533,12.99,3.0675,1.1428,4.4868,-0.3946,22.04,1.227,-0.484,0.0,-0.5,0.9445,2.0924,0.6196,188.779
44.953,-0.3226,1.1533,12.99,3.0675,1.1428,4.4863,-0.3948,20.68,1.227,-0.484,0.0,-0.5,0.9442,2.0922,0.6196,188.779
45.753,-0.3226,1.1533,12.99,3.0675,1.1428,4.4858,-0.395,19.33,1.227,-0.484,0.0,0.0,0.9442,2.0922,0.6196,188.779
