Starting kit application with the following args:  ['/home/missroot/.local/lib/python3.12/site-packages/isaacsim/exts/isaacsim.simulation_app/isaacsim/simulation_app/simulation_app.py', '/home/missroot/.local/lib/python3.12/site-packages/isaacsim/apps/isaacsim.exp.base.python.kit', '--/app/tokens/exe-path=/home/missroot/.local/lib/python3.12/site-packages/isaacsim/kit', '--/persistent/app/viewport/displayOptions=3094', '--/rtx/materialDb/syncLoads=True', '--/rtx/hydra/materialSyncLoads=True', '--/omni/kit/plugin/syncUsdLoads=True', '--/app/renderer/resolution/width=1280', '--/app/renderer/resolution/height=720', '--/app/window/width=1440', '--/app/window/height=900', '--/renderer/multiGpu/enabled=True', '--/app/fastShutdown=True', '--/app/installSignalHandlers=0', '--ext-folder', '/home/missroot/.local/lib/python3.12/site-packages/isaacsim/exts', '--ext-folder', '/home/missroot/.local/lib/python3.12/site-packages/isaacsim/apps', '--/physics/cudaDevice=0', '--/plugins/carb.tasking.plugin/threadCount=16', '--/plugins/omni.tbb.globalcontrol/maxThreadCount=16', '--portable', '--no-window', '--/app/window/hideUi=1']
Passing the following args to the base kit application:  ['--headless']
2026-09-30T16:06:09Z [Info] [carb] Logging to file: /home/missroot/.local/lib/python3.12/site-packages/isaacsim/kit/logs/Kit/Isaac-Sim Python/6.1/kit_20260930_180609.log
[0.041s] [ext: omni.assets.plugins-0.0.0] startup
[0.042s] [ext: omni.blobkey-1.1.2] startup
[0.042s] [ext: omni.kit.async_engine-0.0.3] startup
[0.105s] [ext: omni.client.lib-1.1.1] startup
[0.111s] [ext: omni.client-1.3.0] startup
[0.114s] [ext: omni.protobuf.lib-1.0.1] startup
[0.114s] [ext: omni.grpc.lib-1.0.0] startup
[0.117s] [ext: omni.metrics.core-0.0.3] startup
[0.118s] [ext: omni.datastore-0.0.0] startup
WARNING: All log messages before absl::InitializeLog() is called are written to STDERR
E0000 00:00:1790784369.566880  259491 descriptor_database.cc:633] File already exists in database: grpc/health/v1/health.proto
W0000 00:00:1790784369.566900  259491 message.cc:301] Protobuf GeneratedMessageFactory: File is already registered: grpc/health/v1/health.proto
[0.118s] [ext: omni.gpu_foundation.shadercache.vulkan-1.0.0] startup
[0.119s] [ext: omni.hsscclient-1.1.4] startup
[0.120s] [ext: omni.stats-1.0.1] startup
[0.120s] [ext: omni.ujitso.default-1.0.0] startup
[0.122s] [ext: omni.gpu_foundation-0.0.0] startup
[0.251s] [ext: carb.windowing.plugins-1.0.1] startup
[0.251s] [ext: omni.kit.renderer.init-1.0.1] startup
2026-09-30T16:06:09Z [429ms] [Warning] [omni.rtx] Skipping unsupported non-NVIDIA GPU: AMD Ryzen 7 9800X3D 8-Core Processor (RADV RAPHAEL_MENDOCINO)
2026-09-30T16:06:09Z [429ms] [Warning] [omni.rtx] Skipping unsupported non-NVIDIA GPU: AMD Ryzen 7 9800X3D 8-Core Processor (RADV RAPHAEL_MENDOCINO)

|---------------------------------------------------------------------------------------------|
| Driver Version: 595.91.07     | Graphics API: Vulkan
|=============================================================================================|
| GPU | Name                             | Active | LDA | GPU Memory | Vendor-ID | LUID       |
|     |                                  |        |     |            | Device-ID | UUID       |
|     |                                  |        |     |            | Bus-ID    |            |
|---------------------------------------------------------------------------------------------|
| 0   | NVIDIA GeForce RTX 5070 Ti       | Yes: 0 |     | 16303   MB | 10de      | 0          |
|     |                                  |        |     |            | 2c05      | a3a938e6.. |
|     |                                  |        |     |            | 1         |            |
|---------------------------------------------------------------------------------------------|
| 1   | AMD Ryzen 7 9800X3D 8-Core Pro.. |        |     | 22004   MB | 1002      | 0          |
|     |                                  |        |     |            | 13c0      | 00000000.. |
|     |                                  |        |     |            | 11        |            |
|=============================================================================================|
| OS: 24.04.5 LTS (Noble Numbat) ubuntu, Version: 24.04.5, Kernel: 7.0.0-34-generic
| XServer Vendor: The X.Org Foundation, XServer Version: 12101011 (1.21.1.11)
| Processor: AMD Ryzen 7 9800X3D 8-Core Processor
| Cores: 8 | Logical Cores: 16
|---------------------------------------------------------------------------------------------|
| Total Memory (MB): 61918 | Free Memory: 53929
| Total Page/Swap (MB): 8191 | Free Page/Swap: 8191
|---------------------------------------------------------------------------------------------|
2026-09-30T16:06:10Z [587ms] [Warning] [omni.rtx] CPU performance profile is set to powersave. This profile sets the CPU to the lowest frequency reducing performance.
2026-09-30T16:06:10Z [595ms] [Warning] [omni.rtx] IOMMU is enabled.
[0.671s] [ext: omni.kit.pipapi-0.0.0] startup
[0.672s] [ext: omni.kit.telemetry-0.5.2] startup
[0.692s] [ext: omni.kit.loop-isaac-1.6.2] startup
[0.693s] [ext: omni.kit.test-2.1.1] startup
[0.723s] [ext: omni.materialx.libs-1.0.9] startup
[0.728s] [ext: omni.gpucompute.plugins-0.0.0] startup
[0.728s] [ext: omni.usd.config-1.0.8] startup
[0.730s] [ext: omni.usd.libs-1.0.3] startup
[0.785s] [ext: omni.iray.libs-0.0.1] startup
[0.787s] [ext: omni.mdl-57.0.6] startup
[0.826s] [ext: omni.mdl.neuraylib-0.2.22] startup
[0.828s] [ext: omni.kit.usd.mdl-1.1.11] startup
[0.897s] [ext: omni.appwindow-1.2.2] startup
[0.898s] [ext: omni.kit.renderer.core-1.3.1] startup
[1.147s] [ext: omni.kit.renderer.capture-2.0.1] startup
[1.149s] [ext: omni.kit.renderer.imgui-2.1.0] startup
[1.182s] [ext: omni.ui-3.3.1] startup
[1.189s] [ext: omni.kit.mainwindow-1.0.4] startup
[1.190s] [ext: carb.audio-0.1.0] startup
[1.192s] [ext: omni.uiaudio-1.0.0] startup
[1.192s] [ext: omni.kit.uiapp-0.0.0] startup
[1.192s] [ext: omni.usd.schema.metrics.assembler-110.1.0] startup
[1.194s] [ext: omni.usd.schema.audio-0.0.1] startup
[1.196s] [ext: omni.usd_resolver-1.0.0] startup
[1.198s] [ext: omni.usd.core-1.10.10] startup
[1.200s] [ext: omni.metropolis.schema-0.0.3] startup
[1.201s] [ext: isaacsim.anim.robot.schema-0.1.1] startup
[1.201s] [ext: isaacsim.common-6.2.0] startup
[1.202s] [ext: omni.usd.schema.anim-0.0.1] startup
[1.212s] [ext: omni.usd.schema.geospatial-0.0.1] startup
[1.214s] [ext: omni.usd.schema.omnigraph-1.0.1] startup
[1.217s] [ext: omni.usd.schema.semantics-0.0.0] startup
[1.219s] [ext: omni.activity.core-1.0.4] startup
[1.220s] [ext: omni.cubric-0.1.0] startup
[1.220s] [ext: omni.graph.exec-0.9.6] startup
[1.220s] [ext: omni.hydra.scene_delegate-0.3.5] startup
[1.222s] [ext: usdrt.scenegraph-7.6.3] startup
[1.237s] [ext: omni.hydra.usdrt_delegate-7.5.2] startup
[1.241s] [ext: omni.inspect-1.0.2] startup
[1.242s] [ext: omni.kit.actions.core-1.2.0] startup
[1.243s] [ext: omni.kit.audiodeviceenum-1.0.2] startup
[1.243s] [ext: omni.kit.commands-1.5.0] startup
[1.245s] [ext: omni.kit.exec.core-0.13.6] startup
[1.246s] [ext: omni.kit.usd_undo-0.1.8] startup
[1.246s] [ext: omni.kit.window.popup_dialog-2.0.26] startup
[1.248s] [ext: omni.kit.widget.connection_manager-1.0.3] startup
[1.252s] [ext: omni.timeline-1.1.0] startup
[1.253s] [ext: omni.usd-1.18.0] startup
[1.273s] [ext: omni.graph.core-3.1.5] startup
[1.275s] [ext: omni.kit.notification_manager-1.0.16] startup
[1.276s] [ext: isaacsim.core.deprecation_manager-0.4.4] startup
[1.277s] [ext: isaacsim.replicator.agent.schema-0.1.1] startup
[1.277s] [ext: isaacsim.robot.schema-7.0.2] startup
[1.280s] [ext: isaacsim.robot_motion.schema-0.2.2] startup
[1.280s] [ext: omni.anim.behavior.schema-110.3.0] startup
[1.282s] [ext: omni.anim.graph.schema-110.3.0] startup
[1.286s] [ext: omni.anim.navigation.schema-110.3.0] startup
[1.288s] [ext: omni.behavior.tree.schema-110.3.0] startup
[1.289s] [ext: omni.kit.asset_converter-6.0.5] startup
2026-09-30T16:06:10Z [1,271ms] [Warning] [asset_converter_native_bindings._bootstrap] A different OpenUSD (pxr) build was already imported from /home/missroot/.local/lib/python3.12/site-packages/isaacsim/extscache/omni.anim.behavior.schema-110.3.0+110.3.0.lx64.r.cp312.u7f4/pxr before usd-convert-asset loaded. The host pxr bindings will remain in use rather than reloading the bundled OpenUSD at /home/missroot/.local/lib/python3.12/site-packages/isaacsim/extscache/omni.kit.asset_converter-6.0.5+110.1.1.lx64.r.cp312.u7f4/asset_converter_native_bindings/libs/lib/python/pxr, /home/missroot/.local/lib/python3.12/site-packages/isaacsim/extscache/omni.kit.asset_converter-6.0.5+110.1.1.lx64.r.cp312.u7f4/asset_converter_native_bindings/libs/python/pxr. Mixing USD builds in one process can cause ABI and singleton conflicts; prefer importing usd_convert_asset first, or run the converter in a separate process/venv when mixing unrelated USD builds.
[1.297s] [ext: omni.usd.schema.flow-110.0.0] startup
[1.298s] [ext: omni.usd.schema.newton-1.4.0] startup
[1.298s] [ext: omni.usd.schema.mujoco-1.1.4] startup
[1.299s] [ext: omni.usd.schema.omni_dome_light-1.0.0] startup
[1.299s] [ext: omni.usd.schema.omni_lens_distortion-1.0.0] startup
[1.299s] [ext: omni.usd.schema.omni_projectors-1.0.0] startup
[1.299s] [ext: omni.usd.schema.omni_sensors-0.0.0] startup
[1.304s] [ext: omni.usd.schema.omniscripting-1.0.1] startup
[1.306s] [ext: omni.usd.schema.physical_lighting-0.1.0] startup
[1.308s] [ext: omni.usd.schema.physx-110.3.2] startup
[1.326s] [ext: omni.usd.schema.render_settings.rtx-1.0.3] startup
[1.328s] [ext: omni.usd.schema.usd_particle_field-1.0.0] startup
[1.328s] [ext: isaacsim.core.version-2.2.1] startup
[1.330s] [ext: omni.kit.menu.core-1.3.0] startup
[1.330s] [ext: omni.kit.menu.utils-2.2.8] startup
[1.334s] [ext: isaacsim.app.about-2.3.2] startup
[1.337s] [ext: isaacsim.asset.transformer-6.1.0] startup
[1.339s] [ext: omni.scene.optimizer.core-110.2.1] startup
[1.369s] [ext: isaacsim.asset.importer.utils-1.9.1] startup
[1.370s] [ext: omni.convexdecomposition-110.3.2] startup
[1.371s] [ext: omni.physics-110.3.2] startup
[1.373s] [ext: omni.physx.gpu-110.3.2] startup
[1.373s] [ext: omni.physx.foundation-110.3.2] startup
[1.374s] [ext: omni.usdphysics-110.3.2] startup
[1.375s] [ext: omni.physx.cooking-110.3.2] startup
[1.377s] [ext: omni.physx-110.3.2] startup
[1.382s] [ext: omni.physics.physx-110.3.2] startup
[1.383s] [ext: isaacsim.asset.exporter.urdf-2.2.6] startup
[1.388s] [ext: omni.kit.clipboard-1.1.1] startup
[1.389s] [ext: omni.kit.usd.layers-2.7.2] startup
[1.393s] [ext: omni.kit.widget.context_menu-1.5.0] startup
[1.394s] [ext: omni.kit.context_menu-1.10.0] startup
[1.394s] [ext: omni.kit.helper.file_utils-0.1.10] startup
[1.395s] [ext: omni.kit.widget.nucleus_info-2.0.2] startup
[1.396s] [ext: omni.kit.search_core-1.0.8] startup
[1.396s] [ext: omni.kit.widget.path_field-2.0.13] startup
[1.397s] [ext: omni.kit.widget.browser_bar-2.0.11] startup
[1.397s] [ext: omni.kit.widget.filebrowser-2.14.0] startup
[1.399s] [ext: omni.kit.widget.nucleus_connector-2.4.0] startup
[1.400s] [ext: omni.kit.widget.options_menu-1.1.7] startup
[1.401s] [ext: omni.kit.widget.options_button-1.0.3] startup
[1.401s] [ext: omni.kit.widget.search_delegate-1.0.10] startup
[1.402s] [ext: omni.ui.scene-2.0.4] startup
[1.405s] [ext: omni.kit.window.filepicker-3.0.14] startup
[1.413s] [ext: omni.kit.window.file_importer-1.1.22] startup
[1.414s] [ext: omni.kit.material.library-3.1.7] startup
[1.417s] [ext: isaacsim.asset.transformer.rules-1.7.18] startup
[1.423s] [ext: omni.usdex.libs-2.3.0] startup
[1.427s] [ext: isaacsim.asset.importer.mjcf-3.12.1] startup
[1.429s] [ext: omni.kit.primitive.mesh-1.1.1] startup
[1.430s] [ext: omni.kit.stage_template.core-1.1.23] startup
[1.430s] [ext: omni.kit.stage_templates-2.0.3] startup
[1.431s] [ext: omni.usd.metrics.assembler-110.1.2] startup
[1.433s] [ext: omni.warp.core-1.16.0] startup
[1.533s] [ext: isaacsim.core.experimental.utils-0.23.0] startup
[1.534s] [ext: isaacsim.asset.importer.urdf-3.11.10] startup
[1.536s] [ext: omni.physics.stageupdate-110.3.2] startup
[1.537s] [ext: omni.physics.tensors-110.3.2] startup
[1.540s] [ext: omni.physx.tensors-110.3.2] startup
[1.543s] [ext: isaacsim.core.simulation_manager-1.17.1] startup
[1.550s] [ext: isaacsim.storage.native-1.11.0] startup
[1.551s] [ext: omni.usd.metrics.assembler.physics-110.3.2] startup
[1.552s] [ext: isaacsim.core.utils-4.1.9] startup
[1.553s] [ext: isaacsim.core.prims-0.11.7] startup
[2.257s] [ext: isaacsim.core.api-5.3.2] startup
[2.261s] [ext: isaacsim.core.cloner-1.7.5] startup
[2.262s] [ext: isaacsim.test.docstring-1.3.2] startup
[2.264s] [ext: isaacsim.core.experimental.prims-1.10.8] startup
[2.274s] [ext: isaacsim.core.experimental.primdata-0.3.6] startup
[2.275s] [ext: omni.graph.tools-1.81.0] startup
[2.287s] [ext: omni.graph-1.142.5] startup
[2.309s] [ext: isaacsim.core.experimental.actuators-0.1.6] startup
[2.318s] [ext: isaacsim.core.experimental.materials-0.10.0] startup
[2.320s] [ext: isaacsim.core.experimental.objects-0.9.0] startup
[2.363s] [ext: omni.hydra.engine.stats-1.0.5] startup
[2.364s] [ext: omni.hydra.rtx.shadercache.vulkan-1.0.0] startup
[2.365s] [ext: omni.index.libs-392300.961.0] startup
[2.365s] [ext: omni.index-1.0.1] startup
[2.366s] [ext: omni.ujitso.client-0.0.0] startup
[2.366s] [ext: omni.usd.schema.playback-1.1.0] startup
[2.366s] [ext: omni.volume-0.5.2] startup
[2.370s] [ext: omni.hydra.rtx-1.0.4] startup
2026-09-30T16:06:11Z [2,361ms] [Warning] [omni.log] Source: omni.hydra was already registered.
[2.390s] [ext: omni.kit.hydra_texture-1.6.2] startup
[2.392s] [ext: omni.kit.raycast.query-1.2.0] startup
[2.395s] [ext: omni.kit.viewport.legacy_gizmos-1.0.24] startup
[2.397s] [ext: omni.kit.viewport.registry-104.0.6] startup
[2.397s] [ext: omni.kit.viewport.scene_camera_model-1.0.7] startup
[2.399s] [ext: omni.kit.widget.viewport-110.0.0] startup
[2.402s] [ext: omni.kit.window.drop_support-1.0.8] startup
[2.402s] [ext: omni.kit.viewport.window-110.0.1] startup
[2.413s] [ext: omni.kit.viewport.utility-2.1.0] startup
[2.414s] [ext: isaacsim.core.rendering_manager-0.5.1] startup
[2.420s] [ext: omni.graph.action_core-1.1.9] startup
[2.421s] [ext: omni.graph.action_nodes_core-2.11.0] startup
[2.423s] [ext: omni.graph.action_nodes-2.11.0] startup
[2.435s] [ext: omni.graph.action-2.10.2] startup
[2.436s] [ext: omni.graph.image.core-0.6.1] startup
[2.437s] [ext: omni.graph.image.nodes-1.3.2] startup
[2.437s] [ext: omni.graph.nodes_core-2.11.0] startup
[2.441s] [ext: omni.graph.nodes-2.12.0] startup
[2.445s] [ext: omni.kit.hotkeys.core-1.4.0] startup
[2.446s] [ext: omni.kit.property.adapter.core-1.1.1] startup
[2.447s] [ext: omni.kit.property.adapter.usd-1.0.6] startup
[2.448s] [ext: omni.kit.widget.filter-1.1.8] startup
[2.449s] [ext: omni.kit.widget.highlight_label-1.0.3] startup
[2.449s] [ext: omni.kit.widget.searchfield-1.1.8] startup
[2.450s] [ext: omni.kit.window.file_exporter-1.0.38] startup
[2.451s] [ext: omni.kit.widget.stage-4.6.5] startup
[2.457s] [ext: omni.kit.window.content_browser_registry-0.0.6] startup
[2.457s] [ext: omni.kit.window.file-2.0.15] startup
[2.459s] [ext: omni.kit.window.content_browser-3.1.12] startup
[2.466s] [ext: omni.kit.window.property-1.15.2] startup
[2.475s] [ext: omni.kit.property.usd-4.9.14] startup
[2.481s] [ext: omni.graph.scriptnode-2.10.2] startup
[2.486s] [ext: omni.kit.widget.searchable_combobox-1.0.7] startup
[2.487s] [ext: omni.kit.widget.settings-2.0.1] startup
[2.488s] [ext: omni.kit.window.preferences-1.8.5] startup
[2.491s] [ext: omni.kit.viewport.menubar.core-110.0.3] startup
[2.498s] [ext: omni.syntheticdata-0.6.17] startup
[2.514s] [ext: omni.replicator.nv-1.1.6] startup
[2.518s] [ext: omni.videoencoding-0.2.1] startup
[2.519s] [ext: omni.replicator.core-1.13.36] startup
2026-09-30T16:06:11Z [2,506ms] [Warning] [pxr.Semantics] pxr.Semantics is deprecated - please use Semantics instead
Warp 1.16.0 initialized:
   CUDA Toolkit 12.9, Driver 13.2
   Devices:
     "cpu"      : "x86_64"
     "cuda:0"   : "NVIDIA GeForce RTX 5070 Ti" (15 GiB, sm_120, mempool enabled)
   Kernel cache:
     /home/missroot/.cache/warp/1.16.0
2026-09-30T16:06:12Z [2,546ms] [Warning] [omni.replicator.core.scripts.extension] No material configuration file, adding configuration to material settings directly.
[2.632s] [ext: isaacsim.core.nodes-5.10.13] startup
[2.650s] [ext: isaacsim.core.throttling-2.3.7] startup
[2.651s] [ext: omni.kit.manipulator.viewport-107.0.1] startup
[2.652s] [ext: omni.graph.visualization.nodes-2.1.4] startup
[2.660s] [ext: omni.kit.window.extensions-1.5.16] startup
[2.664s] [ext: isaacsim.gui.components-1.8.9] startup
[2.667s] [ext: isaacsim.robot.surface_gripper-3.6.3] startup
[2.673s] [ext: isaacsim.robot.manipulators-3.4.5] startup
[2.680s] [ext: isaacsim.robot_motion.lula-4.1.4] startup
[2.684s] [ext: isaacsim.robot_motion.motion_generation-8.2.9] startup
[2.690s] [ext: isaacsim.cortex.framework-1.0.20] startup
[2.692s] [ext: isaacsim.cortex.behaviors-2.0.18] startup
[2.693s] [ext: isaacsim.examples.base-1.3.4] startup
[2.695s] [ext: omni.kit.widget.zoombar-1.0.7] startup
[2.695s] [ext: omni.kit.browser.core-2.3.18] startup
[2.698s] [ext: omni.kit.browser.folder.core-2.0.3] startup
[2.700s] [ext: omni.kit.widget.stage_icons-1.0.8] startup
[2.701s] [ext: omni.kit.window.stage-2.6.1] startup
[2.704s] [ext: omni.kit.menu.stage-1.2.7] startup
[2.705s] [ext: omni.kit.usd.collect-3.0.6] startup
[2.707s] [ext: omni.kit.widget.prompt-1.0.7] startup
[2.708s] [ext: omni.kit.tool.collect-2.2.19] startup
[2.709s] [ext: isaacsim.examples.browser-0.3.4] startup
[2.711s] [ext: omni.kit.search.files-1.0.4] startup
[2.711s] [ext: omni.kit.widget.calendar-1.0.9] startup
[2.712s] [ext: omni.kit.widget.extended_searchfield-1.0.31] startup
[2.718s] [ext: omni.simready.content.browser-0.3.8] startup
[2.777s] [ext: isaacsim.gui.content_browser-0.5.1] startup
[2.779s] [ext: omni.kit.selection-0.1.6] startup
[2.780s] [ext: isaacsim.gui.menu-2.10.12] startup
[2.785s] [ext: isaacsim.gui.property-1.6.4] startup
[2.789s] [ext: omni.kit.viewport.actions-110.1.0] startup
[2.792s] [ext: omni.kit.viewport.menubar.display-110.0.0] startup
[2.793s] [ext: isaacsim.gui.sensors.icon-2.2.4] startup
[2.795s] [ext: omni.behavior.scripting.core-110.3.0] startup
[2.796s] [ext: isaacsim.replicator.behavior-1.6.2] startup
[2.799s] [ext: isaacsim.replicator.experimental.domain_randomization-1.2.10] startup
[2.809s] [ext: isaacsim.replicator.domain_randomization-1.2.3] startup
[2.859s] [ext: isaacsim.replicator.writers-1.5.6] startup
[2.873s] [ext: isaacsim.robot.experimental.wheeled_robots-0.2.14] startup
[2.887s] [ext: isaacsim.robot_motion.experimental.motion_generation-7.1.2] startup
[2.892s] [ext: isaacsim.robot.policy.examples-7.2.0] startup
[3.835s] [ext: isaacsim.robot.wheeled_robots-5.2.5] startup
[3.838s] [ext: isaacsim.robot.wheeled_robots.nodes-0.1.12] startup
[3.858s] [ext: isaacsim.robot_motion.controllers-0.3.2] startup
[3.864s] [ext: isaacsim.robot_motion.cumotion-1.4.0] startup
[3.871s] [ext: omni.kit.numpy.common-0.1.3] startup
[3.872s] [ext: omni.rtx.spg-0.4.0] startup
[3.876s] [ext: omni.sensors.nv.camera-1.0.0] startup
[3.879s] [ext: isaacsim.sensors.camera-1.7.13] startup
[3.893s] [ext: isaacsim.sensors.experimental.physics-3.3.0] startup
[3.898s] [ext: omni.sensors.net-1.0.1] startup
[3.900s] [ext: omni.sensors.nv.common-3.0.0] startup
[3.907s] [ext: omni.sensors.nv.materials-2.0.0] startup
[3.909s] [ext: omni.sensors.nv.acoustic-3.0.0] startup
[3.911s] [ext: omni.sensors.nv.ids-2.0.1] startup
[3.912s] [ext: omni.sensors.nv.lidar-3.0.0] startup
[3.915s] [ext: omni.sensors.nv.radar-3.0.0] startup
[3.917s] [ext: isaacsim.sensors.experimental.rtx-1.9.0] startup
2026-09-30T16:06:13Z [4,002ms] [Error] [omni.kit.app._impl] [py stderr]: /home/missroot/.local/lib/python3.12/site-packages/matplotlib/projections/__init__.py:63: UserWarning: Unable to import Axes3D. This may be due to multiple versions of Matplotlib being installed (e.g. as a system package and as a pip package). As a result, the 3D projection is not available.
  warnings.warn("Unable to import Axes3D. This may be due to multiple versions of "
[4.037s] [ext: isaacsim.sensors.physics.nodes-1.6.2] startup
[4.041s] [ext: isaacsim.util.debug_draw-3.2.6] startup
[4.045s] [ext: isaacsim.sensors.physx-2.5.7] startup
[4.050s] [ext: isaacsim.sensors.rtx-15.17.5] startup
[4.057s] [ext: isaacsim.simulation_app-2.19.0] startup
[4.057s] [ext: omni.anim.curve.core-1.6.1] startup
[4.064s] [ext: omni.graph.ui_nodes-2.11.1] startup
[4.079s] [ext: omni.kit.manipulator.camera-110.1.0] startup
[4.082s] [ext: omni.kit.manipulator.selector-1.1.4] startup
[4.083s] [ext: omni.kit.manipulator.transform-107.0.1] startup
[4.085s] [ext: omni.kit.widget.toolbar-2.1.0] startup
[4.089s] [ext: omni.kit.manipulator.tool.snap-1.5.15] startup
[4.091s] [ext: omni.kit.viewport.manipulator.transform-107.0.4] startup
[4.092s] [ext: omni.kit.manipulator.prim.core-108.0.2] startup
[4.096s] [ext: omni.kit.manipulator.prim.usd-107.0.3] startup
[4.097s] [ext: omni.kit.manipulator.prim-108.0.0] startup
[4.097s] [ext: omni.kit.manipulator.selection-110.0.0] startup
[4.097s] [ext: omni.kit.menu.create-2.0.2] startup
[4.099s] [ext: omni.kit.property.audio-1.0.18] startup
[4.101s] [ext: omni.kit.property.camera-1.0.14] startup
[4.102s] [ext: omni.kit.property.geometry-2.1.2] startup
[4.104s] [ext: omni.kit.property.light-1.0.16] startup
[4.126s] [ext: omni.kit.property.material-1.14.10] startup
[4.129s] [ext: omni.kit.property.render-1.2.2] startup
[4.130s] [ext: omni.kit.property.transform-1.6.12] startup
[4.132s] [ext: omni.kit.property.bundle-1.5.2] startup
[4.133s] [ext: omni.kit.usdz_export-1.1.1] startup
[4.135s] [ext: omni.kit.tool.asset_importer-6.0.2] startup
[4.138s] [ext: omni.kit.ui.actions-1.0.5] startup
[4.139s] [ext: omni.kit.viewport.menubar.camera-107.0.14] startup
[4.142s] [ext: omni.kit.viewport.menubar.lighting-107.3.2] startup
[4.143s] [ext: omni.kit.viewport.menubar.render-110.1.1] startup
[4.145s] [ext: omni.kit.viewport.menubar.settings-110.0.1] startup
[4.147s] [ext: omni.kit.window.console-1.1.10] startup
[4.150s] [ext: omni.kit.window.status_bar-0.1.11] startup
[4.151s] [ext: omni.kit.window.toolbar-3.0.3] startup
[4.153s] [ext: omni.ocio-0.1.1] startup
[4.154s] [ext: omni.physx.commands-110.3.2] startup
[4.156s] [ext: omni.replicator.replicator_yaml-2.0.12] startup
[4.162s] [ext: omni.rtx.window.settings-0.8.2] startup
[4.165s] [ext: omni.rtx.settings.core-0.7.1] startup
[4.167s] [ext: omni.usd.metrics.assembler.ui-110.1.1] startup
[4.171s] [ext: semantics.schema.editor-2.0.2] startup
[4.173s] [ext: semantics.schema.property-2.0.2] startup
[4.174s] [ext: omni.kit.menu.common-2.0.2] startup
[4.175s] [ext: isaacsim.exp.base-6.1.0] startup
[4.175s] [ext: isaacsim.exp.base.python-6.1.0] startup
[4.176s] Simulation App Starting
[4.815s] Simulation App Startup Complete
[4.821s] app ready
[5.146s] [ext: isaacsim.core.includes-2.9.4] startup
[5.146s] [ext: isaacsim.sensors.rtx.nodes-0.1.7] startup
[5.153s] [ext: isaacsim.ros2.core-1.11.0] startup
[5.198s] Attempting to load system rclpy
[5.222s] rclpy loaded
[5.224s] [ext: isaacsim.ros2.control-0.1.6] startup
[5.228s] [ext: isaacsim.ros2.nodes-1.22.7] startup
[5.257s] [ext: isaacsim.ros2.examples-1.2.9] startup
[5.261s] [ext: isaacsim.ros2.ui-1.9.2] startup
[5.418s] [ext: isaacsim.ros2.bridge-5.1.4] startup
[standalone] apro /home/missroot/mola-adversarial-nsga3/isaac/carter_warehouse.usd
2026-09-30T16:06:20Z [10,773ms] [Warning] [omni.usd] Encountered USD Warnings but USD Diagnostics are currently muted. To view USD Warnings, please set the '/persistent/app/usd/muteUsdDiagnostics' setting to false in Preferences page.
2026-09-30T16:06:21Z [11,815ms] [Warning] [rtx.hydra] Camera '/World/Nova_Carter_ROS/chassis_link/sensors/left_hawk/left/camera_left': Projection type 'fisheyePolynomial' is deprecated. Please use 'opencvFisheye', 'opencvPinhole', 'lut', or 'omniDirectionalStereo' instead.
2026-09-30T16:06:21Z [11,815ms] [Warning] [rtx.hydra] Camera '/World/Nova_Carter_ROS/chassis_link/sensors/right_hawk/right/camera_right': Projection type 'fisheyePolynomial' is deprecated. Please use 'opencvFisheye', 'opencvPinhole', 'lut', or 'omniDirectionalStereo' instead.
2026-09-30T16:06:21Z [11,816ms] [Warning] [rtx.hydra] Camera '/World/Nova_Carter_ROS/chassis_link/sensors/front_hawk/left/camera_left': Projection type 'fisheyePolynomial' is deprecated. Please use 'opencvFisheye', 'opencvPinhole', 'lut', or 'omniDirectionalStereo' instead.
2026-09-30T16:06:21Z [11,816ms] [Warning] [rtx.hydra] Camera '/World/Nova_Carter_ROS/chassis_link/sensors/left_owl/camera': Projection type 'fisheyePolynomial' is deprecated. Please use 'opencvFisheye', 'opencvPinhole', 'lut', or 'omniDirectionalStereo' instead.
2026-09-30T16:06:21Z [11,816ms] [Warning] [rtx.hydra] Camera '/World/Nova_Carter_ROS/chassis_link/sensors/front_hawk/right/camera_right': Projection type 'fisheyePolynomial' is deprecated. Please use 'opencvFisheye', 'opencvPinhole', 'lut', or 'omniDirectionalStereo' instead.
2026-09-30T16:06:21Z [11,816ms] [Warning] [rtx.hydra] Camera '/World/Nova_Carter_ROS/chassis_link/sensors/right_hawk/left/camera_left': Projection type 'fisheyePolynomial' is deprecated. Please use 'opencvFisheye', 'opencvPinhole', 'lut', or 'omniDirectionalStereo' instead.
2026-09-30T16:06:21Z [11,816ms] [Warning] [rtx.hydra] Camera '/World/Nova_Carter_ROS/chassis_link/sensors/back_hawk/left/camera_left': Projection type 'fisheyePolynomial' is deprecated. Please use 'opencvFisheye', 'opencvPinhole', 'lut', or 'omniDirectionalStereo' instead.
2026-09-30T16:06:21Z [11,816ms] [Warning] [rtx.hydra] Camera '/World/Nova_Carter_ROS/chassis_link/sensors/back_hawk/right/camera_right': Projection type 'fisheyePolynomial' is deprecated. Please use 'opencvFisheye', 'opencvPinhole', 'lut', or 'omniDirectionalStereo' instead.
2026-09-30T16:06:21Z [11,816ms] [Warning] [rtx.hydra] Camera '/World/Nova_Carter_ROS/chassis_link/sensors/left_hawk/right/camera_right': Projection type 'fisheyePolynomial' is deprecated. Please use 'opencvFisheye', 'opencvPinhole', 'lut', or 'omniDirectionalStereo' instead.
2026-09-30T16:06:21Z [11,816ms] [Warning] [rtx.hydra] Camera '/World/Nova_Carter_ROS/chassis_link/sensors/front_owl/camera': Projection type 'fisheyePolynomial' is deprecated. Please use 'opencvFisheye', 'opencvPinhole', 'lut', or 'omniDirectionalStereo' instead.
2026-09-30T16:06:21Z [11,816ms] [Warning] [rtx.hydra] Camera '/World/Nova_Carter_ROS/chassis_link/sensors/right_owl/camera': Projection type 'fisheyePolynomial' is deprecated. Please use 'opencvFisheye', 'opencvPinhole', 'lut', or 'omniDirectionalStereo' instead.
2026-09-30T16:06:21Z [11,816ms] [Warning] [rtx.hydra] Camera '/World/Nova_Carter_ROS/chassis_link/sensors/back_owl/camera': Projection type 'fisheyePolynomial' is deprecated. Please use 'opencvFisheye', 'opencvPinhole', 'lut', or 'omniDirectionalStereo' instead.
[standalone] pronto: comandi su /tmp/isaac_cmd.json
2026-09-30T16:06:23Z [13,610ms] [Warning] [isaacsim.ros2.core.impl.camera_info_utils] Forcing fy to fx (957.8116193827423 != 957.8115559493878) when computing CameraInfo, as renderer assumes square pixels.
2026-09-30T16:06:23Z [13,610ms] [Warning] [isaacsim.ros2.core.impl.camera_info_utils] Forcing fy to fx (959.3266105473468 != 959.3265470136585) when computing CameraInfo, as renderer assumes square pixels.
2026-09-30T16:06:23Z [13,638ms] [Warning] [isaacsim.ros2.nodes.ogn.python.nodes.OgnROS2RtxLidarHelper] fullScan is deprecated. RTX Lidar now always produces full scans via accumulateOutputs. This setting is ignored.
2026-09-30T16:06:23Z [13,670ms] [Warning] [isaacsim.core.experimental.primdata.plugin] PrimDataReader: DOF effort readings are not available on the Newton backend. The dof_efforts field will be unavailable.
2026-09-30T16:06:23Z [13,860ms] [Warning] [rtx.hydra] Camera '/World/Nova_Carter_ROS/chassis_link/sensors/front_hawk/left/camera_left': Projection type 'fisheyePolynomial' is deprecated. Please use 'opencvFisheye', 'opencvPinhole', 'lut', or 'omniDirectionalStereo' instead.
2026-09-30T16:06:23Z [13,860ms] [Warning] [rtx.hydra] Camera '/World/Nova_Carter_ROS/chassis_link/sensors/front_hawk/right/camera_right': Projection type 'fisheyePolynomial' is deprecated. Please use 'opencvFisheye', 'opencvPinhole', 'lut', or 'omniDirectionalStereo' instead.
2026-09-30T16:06:23Z [13,943ms] [Warning] [rtx.rtxsensor.plugin] Multi-tick is enabled but motion BVH is not active. This is not supported.
2026-09-30T16:06:23Z [13,943ms] [Warning] [rtx.sensors.lidar.core.plugin] MotionBVH for lidar model not enabled. This will result in an incorrect point cloud without motion effects!
2026-09-30T16:06:24Z [14,597ms] [Warning] [omni.timeline.plugin] Deprecated: direct use of ITimeline callbacks is deprecated. Use ITimeline::getTimeline (Python: omni.timeline.get_timeline_interface) instead.
2026-09-30T16:06:33Z [23,739ms] [Warning] [isaacsim.ros2.nodes] ROS2 TF aggregation contributor '/World/Nova_Carter_ROS/chassis_link/sensors/back_owl/ROS_TF/PublisherTF' did not submit transforms for topic '/tf' on flush cycle 493
2026-09-30T16:06:33Z [23,739ms] [Warning] [isaacsim.ros2.nodes] ROS2 TF aggregation contributor '/World/Nova_Carter_ROS/chassis_link/sensors/right_hawk/ROS_TF/PublisherTF' did not submit transforms for topic '/tf' on flush cycle 493
2026-09-30T16:06:33Z [23,739ms] [Warning] [isaacsim.ros2.nodes] ROS2 TF aggregation contributor '/World/Nova_Carter_ROS/chassis_link/sensors/left_owl/ROS_TF/PublisherTF' did not submit transforms for topic '/tf' on flush cycle 493
2026-09-30T16:06:33Z [23,739ms] [Warning] [isaacsim.ros2.nodes] ROS2 TF aggregation contributor '/World/Nova_Carter_ROS/chassis_link/sensors/front_RPLidar/ROS_TF/PublisherTF' did not submit transforms for topic '/tf' on flush cycle 493
2026-09-30T16:06:33Z [23,739ms] [Warning] [isaacsim.ros2.nodes] ROS2 TF aggregation contributor '/World/Nova_Carter_ROS/chassis_link/sensors/front_hawk/ROS_TF/PublisherTF' did not submit transforms for topic '/tf' on flush cycle 493
2026-09-30T16:06:33Z [23,739ms] [Warning] [isaacsim.ros2.nodes] ROS2 TF aggregation contributor '/World/Nova_Carter_ROS/chassis_link/sensors/left_hawk/ROS_TF/PublisherTF' did not submit transforms for topic '/tf' on flush cycle 493
2026-09-30T16:06:33Z [23,739ms] [Warning] [isaacsim.ros2.nodes] ROS2 TF aggregation contributor '/World/Nova_Carter_ROS/chassis_link/sensors/front_owl/ROS_TF/PublisherTF' did not submit transforms for topic '/tf' on flush cycle 493
2026-09-30T16:06:33Z [23,739ms] [Warning] [isaacsim.ros2.nodes] ROS2 TF aggregation contributor '/World/Nova_Carter_ROS/chassis_link/sensors/XT_32/ROS_TF/PublisherTF' did not submit transforms for topic '/tf' on flush cycle 493
2026-09-30T16:06:33Z [23,739ms] [Warning] [isaacsim.ros2.nodes] ROS2 TF aggregation contributor '/World/Nova_Carter_ROS/chassis_link/sensors/back_hawk/ROS_TF/PublisherTF' did not submit transforms for topic '/tf' on flush cycle 493
2026-09-30T16:06:33Z [23,739ms] [Warning] [isaacsim.ros2.nodes] ROS2 TF aggregation contributor '/World/Nova_Carter_ROS/chassis_link/sensors/rear_RPLidar/ROS_TF/PublisherTF' did not submit transforms for topic '/tf' on flush cycle 493
2026-09-30T16:06:33Z [23,739ms] [Warning] [isaacsim.ros2.nodes] ROS2 TF aggregation contributor '/World/Nova_Carter_ROS/transform_tree_odometry/ros2_publish_raw_transform_tree' did not submit transforms for topic '/tf' on flush cycle 493
2026-09-30T16:06:33Z [23,739ms] [Warning] [isaacsim.ros2.nodes] ROS2 TF aggregation contributor '/World/Nova_Carter_ROS/chassis_link/sensors/right_owl/ROS_TF/PublisherTF' did not submit transforms for topic '/tf' on flush cycle 493
2026-09-30T16:06:33Z [23,739ms] [Warning] [isaacsim.ros2.nodes] ROS2 TF aggregation contributor '/World/Nova_Carter_ROS/transform_tree_odometry/tf_tree_base_link_to_chassis' did not submit transforms for topic '/tf' on flush cycle 493
2026-09-30T16:06:33Z [23,739ms] [Warning] [isaacsim.ros2.nodes] ROS2 TF aggregation contributor '/World/Nova_Carter_ROS/transform_tree_odometry/tf_tree_base_link_to_sensors' did not submit transforms for topic '/tf' on flush cycle 493
2026-09-30T16:06:33Z [23,739ms] [Warning] [isaacsim.ros2.nodes] ROS2 TF aggregation contributor '/World/Nova_Carter_ROS/transform_tree_odometry/tf_tree_base_link_to_wheel_base' did not submit transforms for topic '/tf' on flush cycle 493
2026-09-30T16:06:43Z [34,023ms] [Warning] [omni.graph.core.plugin] /World/Nova_Carter_ROS/differential_drive/differential_controller_01: [/World/Nova_Carter_ROS/differential_drive] Invalid deltaTime 0.000000, cannot check for acceleration limits, skipping current step
2026-09-30T16:06:44Z [35,131ms] [Warning] [isaacsim.ros2.nodes] ROS2 TF aggregation contributor '/World/Nova_Carter_ROS/chassis_link/sensors/back_owl/ROS_TF/PublisherTF' did not submit transforms for topic '/tf' on flush cycle 1087
2026-09-30T16:06:44Z [35,131ms] [Warning] [isaacsim.ros2.nodes] ROS2 TF aggregation contributor '/World/Nova_Carter_ROS/chassis_link/sensors/right_hawk/ROS_TF/PublisherTF' did not submit transforms for topic '/tf' on flush cycle 1087
2026-09-30T16:06:44Z [35,131ms] [Warning] [isaacsim.ros2.nodes] ROS2 TF aggregation contributor '/World/Nova_Carter_ROS/chassis_link/sensors/left_owl/ROS_TF/PublisherTF' did not submit transforms for topic '/tf' on flush cycle 1087
2026-09-30T16:06:44Z [35,131ms] [Warning] [isaacsim.ros2.nodes] ROS2 TF aggregation contributor '/World/Nova_Carter_ROS/chassis_link/sensors/front_RPLidar/ROS_TF/PublisherTF' did not submit transforms for topic '/tf' on flush cycle 1087
2026-09-30T16:06:44Z [35,131ms] [Warning] [isaacsim.ros2.nodes] ROS2 TF aggregation contributor '/World/Nova_Carter_ROS/chassis_link/sensors/front_hawk/ROS_TF/PublisherTF' did not submit transforms for topic '/tf' on flush cycle 1087
2026-09-30T16:06:44Z [35,131ms] [Warning] [isaacsim.ros2.nodes] ROS2 TF aggregation contributor '/World/Nova_Carter_ROS/chassis_link/sensors/left_hawk/ROS_TF/PublisherTF' did not submit transforms for topic '/tf' on flush cycle 1087
2026-09-30T16:06:44Z [35,131ms] [Warning] [isaacsim.ros2.nodes] ROS2 TF aggregation contributor '/World/Nova_Carter_ROS/chassis_link/sensors/front_owl/ROS_TF/PublisherTF' did not submit transforms for topic '/tf' on flush cycle 1087
2026-09-30T16:06:44Z [35,131ms] [Warning] [isaacsim.ros2.nodes] ROS2 TF aggregation contributor '/World/Nova_Carter_ROS/chassis_link/sensors/XT_32/ROS_TF/PublisherTF' did not submit transforms for topic '/tf' on flush cycle 1087
2026-09-30T16:06:44Z [35,131ms] [Warning] [isaacsim.ros2.nodes] ROS2 TF aggregation contributor '/World/Nova_Carter_ROS/chassis_link/sensors/back_hawk/ROS_TF/PublisherTF' did not submit transforms for topic '/tf' on flush cycle 1087
2026-09-30T16:06:44Z [35,131ms] [Warning] [isaacsim.ros2.nodes] ROS2 TF aggregation contributor '/World/Nova_Carter_ROS/chassis_link/sensors/rear_RPLidar/ROS_TF/PublisherTF' did not submit transforms for topic '/tf' on flush cycle 1087
2026-09-30T16:06:44Z [35,131ms] [Warning] [isaacsim.ros2.nodes] ROS2 TF aggregation contributor '/World/Nova_Carter_ROS/transform_tree_odometry/ros2_publish_raw_transform_tree' did not submit transforms for topic '/tf' on flush cycle 1087
2026-09-30T16:06:44Z [35,131ms] [Warning] [isaacsim.ros2.nodes] ROS2 TF aggregation contributor '/World/Nova_Carter_ROS/chassis_link/sensors/right_owl/ROS_TF/PublisherTF' did not submit transforms for topic '/tf' on flush cycle 1087
2026-09-30T16:06:44Z [35,131ms] [Warning] [isaacsim.ros2.nodes] ROS2 TF aggregation contributor '/World/Nova_Carter_ROS/transform_tree_odometry/tf_tree_base_link_to_chassis' did not submit transforms for topic '/tf' on flush cycle 1087
2026-09-30T16:06:44Z [35,131ms] [Warning] [isaacsim.ros2.nodes] ROS2 TF aggregation contributor '/World/Nova_Carter_ROS/transform_tree_odometry/tf_tree_base_link_to_sensors' did not submit transforms for topic '/tf' on flush cycle 1087
2026-09-30T16:06:44Z [35,131ms] [Warning] [isaacsim.ros2.nodes] ROS2 TF aggregation contributor '/World/Nova_Carter_ROS/transform_tree_odometry/tf_tree_base_link_to_wheel_base' did not submit transforms for topic '/tf' on flush cycle 1087
2026-09-30T16:06:46Z [37,211ms] [Warning] [isaacsim.ros2.nodes] ROS2 TF aggregation contributor '/World/Nova_Carter_ROS/chassis_link/sensors/back_owl/ROS_TF/PublisherTF' did not submit transforms for topic '/tf' on flush cycle 1207
2026-09-30T16:06:46Z [37,211ms] [Warning] [isaacsim.ros2.nodes] ROS2 TF aggregation contributor '/World/Nova_Carter_ROS/chassis_link/sensors/right_hawk/ROS_TF/PublisherTF' did not submit transforms for topic '/tf' on flush cycle 1207
2026-09-30T16:06:46Z [37,211ms] [Warning] [isaacsim.ros2.nodes] ROS2 TF aggregation contributor '/World/Nova_Carter_ROS/chassis_link/sensors/left_owl/ROS_TF/PublisherTF' did not submit transforms for topic '/tf' on flush cycle 1207
2026-09-30T16:06:46Z [37,211ms] [Warning] [isaacsim.ros2.nodes] ROS2 TF aggregation contributor '/World/Nova_Carter_ROS/chassis_link/sensors/front_RPLidar/ROS_TF/PublisherTF' did not submit transforms for topic '/tf' on flush cycle 1207
2026-09-30T16:06:46Z [37,211ms] [Warning] [isaacsim.ros2.nodes] ROS2 TF aggregation contributor '/World/Nova_Carter_ROS/chassis_link/sensors/front_hawk/ROS_TF/PublisherTF' did not submit transforms for topic '/tf' on flush cycle 1207
2026-09-30T16:06:46Z [37,211ms] [Warning] [isaacsim.ros2.nodes] ROS2 TF aggregation contributor '/World/Nova_Carter_ROS/chassis_link/sensors/left_hawk/ROS_TF/PublisherTF' did not submit transforms for topic '/tf' on flush cycle 1207
2026-09-30T16:06:46Z [37,211ms] [Warning] [isaacsim.ros2.nodes] ROS2 TF aggregation contributor '/World/Nova_Carter_ROS/chassis_link/sensors/front_owl/ROS_TF/PublisherTF' did not submit transforms for topic '/tf' on flush cycle 1207
2026-09-30T16:06:46Z [37,211ms] [Warning] [isaacsim.ros2.nodes] ROS2 TF aggregation contributor '/World/Nova_Carter_ROS/chassis_link/sensors/XT_32/ROS_TF/PublisherTF' did not submit transforms for topic '/tf' on flush cycle 1207
2026-09-30T16:06:46Z [37,211ms] [Warning] [isaacsim.ros2.nodes] ROS2 TF aggregation contributor '/World/Nova_Carter_ROS/chassis_link/sensors/back_hawk/ROS_TF/PublisherTF' did not submit transforms for topic '/tf' on flush cycle 1207
2026-09-30T16:06:46Z [37,211ms] [Warning] [isaacsim.ros2.nodes] ROS2 TF aggregation contributor '/World/Nova_Carter_ROS/chassis_link/sensors/rear_RPLidar/ROS_TF/PublisherTF' did not submit transforms for topic '/tf' on flush cycle 1207
2026-09-30T16:06:46Z [37,211ms] [Warning] [isaacsim.ros2.nodes] ROS2 TF aggregation contributor '/World/Nova_Carter_ROS/transform_tree_odometry/ros2_publish_raw_transform_tree' did not submit transforms for topic '/tf' on flush cycle 1207
2026-09-30T16:06:46Z [37,211ms] [Warning] [isaacsim.ros2.nodes] ROS2 TF aggregation contributor '/World/Nova_Carter_ROS/chassis_link/sensors/right_owl/ROS_TF/PublisherTF' did not submit transforms for topic '/tf' on flush cycle 1207
2026-09-30T16:06:46Z [37,211ms] [Warning] [isaacsim.ros2.nodes] ROS2 TF aggregation contributor '/World/Nova_Carter_ROS/transform_tree_odometry/tf_tree_base_link_to_chassis' did not submit transforms for topic '/tf' on flush cycle 1207
2026-09-30T16:06:46Z [37,211ms] [Warning] [isaacsim.ros2.nodes] ROS2 TF aggregation contributor '/World/Nova_Carter_ROS/transform_tree_odometry/tf_tree_base_link_to_sensors' did not submit transforms for topic '/tf' on flush cycle 1207
2026-09-30T16:06:46Z [37,211ms] [Warning] [isaacsim.ros2.nodes] ROS2 TF aggregation contributor '/World/Nova_Carter_ROS/transform_tree_odometry/tf_tree_base_link_to_wheel_base' did not submit transforms for topic '/tf' on flush cycle 1207
2026-09-30T16:06:48Z [39,253ms] [Warning] [isaacsim.ros2.nodes] ROS2 TF aggregation contributor '/World/Nova_Carter_ROS/chassis_link/sensors/back_owl/ROS_TF/PublisherTF' did not submit transforms for topic '/tf' on flush cycle 1327
2026-09-30T16:06:48Z [39,254ms] [Warning] [isaacsim.ros2.nodes] ROS2 TF aggregation contributor '/World/Nova_Carter_ROS/chassis_link/sensors/right_hawk/ROS_TF/PublisherTF' did not submit transforms for topic '/tf' on flush cycle 1327
2026-09-30T16:06:48Z [39,254ms] [Warning] [isaacsim.ros2.nodes] ROS2 TF aggregation contributor '/World/Nova_Carter_ROS/chassis_link/sensors/left_owl/ROS_TF/PublisherTF' did not submit transforms for topic '/tf' on flush cycle 1327
2026-09-30T16:06:48Z [39,254ms] [Warning] [isaacsim.ros2.nodes] ROS2 TF aggregation contributor '/World/Nova_Carter_ROS/chassis_link/sensors/front_RPLidar/ROS_TF/PublisherTF' did not submit transforms for topic '/tf' on flush cycle 1327
2026-09-30T16:06:48Z [39,254ms] [Warning] [isaacsim.ros2.nodes] ROS2 TF aggregation contributor '/World/Nova_Carter_ROS/chassis_link/sensors/front_hawk/ROS_TF/PublisherTF' did not submit transforms for topic '/tf' on flush cycle 1327
2026-09-30T16:06:48Z [39,254ms] [Warning] [isaacsim.ros2.nodes] ROS2 TF aggregation contributor '/World/Nova_Carter_ROS/chassis_link/sensors/left_hawk/ROS_TF/PublisherTF' did not submit transforms for topic '/tf' on flush cycle 1327
2026-09-30T16:06:48Z [39,254ms] [Warning] [isaacsim.ros2.nodes] ROS2 TF aggregation contributor '/World/Nova_Carter_ROS/chassis_link/sensors/front_owl/ROS_TF/PublisherTF' did not submit transforms for topic '/tf' on flush cycle 1327
2026-09-30T16:06:48Z [39,254ms] [Warning] [isaacsim.ros2.nodes] ROS2 TF aggregation contributor '/World/Nova_Carter_ROS/chassis_link/sensors/XT_32/ROS_TF/PublisherTF' did not submit transforms for topic '/tf' on flush cycle 1327
2026-09-30T16:06:48Z [39,254ms] [Warning] [isaacsim.ros2.nodes] ROS2 TF aggregation contributor '/World/Nova_Carter_ROS/chassis_link/sensors/back_hawk/ROS_TF/PublisherTF' did not submit transforms for topic '/tf' on flush cycle 1327
2026-09-30T16:06:48Z [39,254ms] [Warning] [isaacsim.ros2.nodes] ROS2 TF aggregation contributor '/World/Nova_Carter_ROS/chassis_link/sensors/rear_RPLidar/ROS_TF/PublisherTF' did not submit transforms for topic '/tf' on flush cycle 1327
2026-09-30T16:06:48Z [39,254ms] [Warning] [isaacsim.ros2.nodes] ROS2 TF aggregation contributor '/World/Nova_Carter_ROS/transform_tree_odometry/ros2_publish_raw_transform_tree' did not submit transforms for topic '/tf' on flush cycle 1327
2026-09-30T16:06:48Z [39,254ms] [Warning] [isaacsim.ros2.nodes] ROS2 TF aggregation contributor '/World/Nova_Carter_ROS/chassis_link/sensors/right_owl/ROS_TF/PublisherTF' did not submit transforms for topic '/tf' on flush cycle 1327
2026-09-30T16:06:48Z [39,254ms] [Warning] [isaacsim.ros2.nodes] ROS2 TF aggregation contributor '/World/Nova_Carter_ROS/transform_tree_odometry/tf_tree_base_link_to_chassis' did not submit transforms for topic '/tf' on flush cycle 1327
2026-09-30T16:06:48Z [39,254ms] [Warning] [isaacsim.ros2.nodes] ROS2 TF aggregation contributor '/World/Nova_Carter_ROS/transform_tree_odometry/tf_tree_base_link_to_sensors' did not submit transforms for topic '/tf' on flush cycle 1327
2026-09-30T16:06:48Z [39,254ms] [Warning] [isaacsim.ros2.nodes] ROS2 TF aggregation contributor '/World/Nova_Carter_ROS/transform_tree_odometry/tf_tree_base_link_to_wheel_base' did not submit transforms for topic '/tf' on flush cycle 1327
2026-09-30T16:06:50Z [41,298ms] [Warning] [isaacsim.ros2.nodes] ROS2 TF aggregation contributor '/World/Nova_Carter_ROS/chassis_link/sensors/back_owl/ROS_TF/PublisherTF' did not submit transforms for topic '/tf' on flush cycle 1447
2026-09-30T16:06:50Z [41,298ms] [Warning] [isaacsim.ros2.nodes] ROS2 TF aggregation contributor '/World/Nova_Carter_ROS/chassis_link/sensors/right_hawk/ROS_TF/PublisherTF' did not submit transforms for topic '/tf' on flush cycle 1447
2026-09-30T16:06:50Z [41,298ms] [Warning] [isaacsim.ros2.nodes] ROS2 TF aggregation contributor '/World/Nova_Carter_ROS/chassis_link/sensors/left_owl/ROS_TF/PublisherTF' did not submit transforms for topic '/tf' on flush cycle 1447
2026-09-30T16:06:50Z [41,298ms] [Warning] [isaacsim.ros2.nodes] ROS2 TF aggregation contributor '/World/Nova_Carter_ROS/chassis_link/sensors/front_RPLidar/ROS_TF/PublisherTF' did not submit transforms for topic '/tf' on flush cycle 1447
2026-09-30T16:06:50Z [41,298ms] [Warning] [isaacsim.ros2.nodes] ROS2 TF aggregation contributor '/World/Nova_Carter_ROS/chassis_link/sensors/front_hawk/ROS_TF/PublisherTF' did not submit transforms for topic '/tf' on flush cycle 1447
2026-09-30T16:06:50Z [41,298ms] [Warning] [isaacsim.ros2.nodes] ROS2 TF aggregation contributor '/World/Nova_Carter_ROS/chassis_link/sensors/left_hawk/ROS_TF/PublisherTF' did not submit transforms for topic '/tf' on flush cycle 1447
2026-09-30T16:06:50Z [41,298ms] [Warning] [isaacsim.ros2.nodes] ROS2 TF aggregation contributor '/World/Nova_Carter_ROS/chassis_link/sensors/front_owl/ROS_TF/PublisherTF' did not submit transforms for topic '/tf' on flush cycle 1447
2026-09-30T16:06:50Z [41,298ms] [Warning] [isaacsim.ros2.nodes] ROS2 TF aggregation contributor '/World/Nova_Carter_ROS/chassis_link/sensors/XT_32/ROS_TF/PublisherTF' did not submit transforms for topic '/tf' on flush cycle 1447
2026-09-30T16:06:50Z [41,299ms] [Warning] [isaacsim.ros2.nodes] ROS2 TF aggregation contributor '/World/Nova_Carter_ROS/chassis_link/sensors/back_hawk/ROS_TF/PublisherTF' did not submit transforms for topic '/tf' on flush cycle 1447
2026-09-30T16:06:50Z [41,299ms] [Warning] [isaacsim.ros2.nodes] ROS2 TF aggregation contributor '/World/Nova_Carter_ROS/chassis_link/sensors/rear_RPLidar/ROS_TF/PublisherTF' did not submit transforms for topic '/tf' on flush cycle 1447
2026-09-30T16:06:50Z [41,299ms] [Warning] [isaacsim.ros2.nodes] ROS2 TF aggregation contributor '/World/Nova_Carter_ROS/transform_tree_odometry/ros2_publish_raw_transform_tree' did not submit transforms for topic '/tf' on flush cycle 1447
2026-09-30T16:06:50Z [41,299ms] [Warning] [isaacsim.ros2.nodes] ROS2 TF aggregation contributor '/World/Nova_Carter_ROS/chassis_link/sensors/right_owl/ROS_TF/PublisherTF' did not submit transforms for topic '/tf' on flush cycle 1447
2026-09-30T16:06:50Z [41,299ms] [Warning] [isaacsim.ros2.nodes] ROS2 TF aggregation contributor '/World/Nova_Carter_ROS/transform_tree_odometry/tf_tree_base_link_to_chassis' did not submit transforms for topic '/tf' on flush cycle 1447
2026-09-30T16:06:50Z [41,299ms] [Warning] [isaacsim.ros2.nodes] ROS2 TF aggregation contributor '/World/Nova_Carter_ROS/transform_tree_odometry/tf_tree_base_link_to_sensors' did not submit transforms for topic '/tf' on flush cycle 1447
2026-09-30T16:06:50Z [41,299ms] [Warning] [isaacsim.ros2.nodes] ROS2 TF aggregation contributor '/World/Nova_Carter_ROS/transform_tree_odometry/tf_tree_base_link_to_wheel_base' did not submit transforms for topic '/tf' on flush cycle 1447
2026-09-30T16:06:52Z [43,348ms] [Warning] [isaacsim.ros2.nodes] ROS2 TF aggregation contributor '/World/Nova_Carter_ROS/chassis_link/sensors/back_owl/ROS_TF/PublisherTF' did not submit transforms for topic '/tf' on flush cycle 1567
2026-09-30T16:06:52Z [43,349ms] [Warning] [isaacsim.ros2.nodes] ROS2 TF aggregation contributor '/World/Nova_Carter_ROS/chassis_link/sensors/right_hawk/ROS_TF/PublisherTF' did not submit transforms for topic '/tf' on flush cycle 1567
2026-09-30T16:06:52Z [43,349ms] [Warning] [isaacsim.ros2.nodes] ROS2 TF aggregation contributor '/World/Nova_Carter_ROS/chassis_link/sensors/left_owl/ROS_TF/PublisherTF' did not submit transforms for topic '/tf' on flush cycle 1567
2026-09-30T16:06:52Z [43,349ms] [Warning] [isaacsim.ros2.nodes] ROS2 TF aggregation contributor '/World/Nova_Carter_ROS/chassis_link/sensors/front_RPLidar/ROS_TF/PublisherTF' did not submit transforms for topic '/tf' on flush cycle 1567
2026-09-30T16:06:52Z [43,349ms] [Warning] [isaacsim.ros2.nodes] ROS2 TF aggregation contributor '/World/Nova_Carter_ROS/chassis_link/sensors/front_hawk/ROS_TF/PublisherTF' did not submit transforms for topic '/tf' on flush cycle 1567
2026-09-30T16:06:52Z [43,349ms] [Warning] [isaacsim.ros2.nodes] ROS2 TF aggregation contributor '/World/Nova_Carter_ROS/chassis_link/sensors/left_hawk/ROS_TF/PublisherTF' did not submit transforms for topic '/tf' on flush cycle 1567
2026-09-30T16:06:52Z [43,349ms] [Warning] [isaacsim.ros2.nodes] ROS2 TF aggregation contributor '/World/Nova_Carter_ROS/chassis_link/sensors/front_owl/ROS_TF/PublisherTF' did not submit transforms for topic '/tf' on flush cycle 1567
2026-09-30T16:06:52Z [43,349ms] [Warning] [isaacsim.ros2.nodes] ROS2 TF aggregation contributor '/World/Nova_Carter_ROS/chassis_link/sensors/XT_32/ROS_TF/PublisherTF' did not submit transforms for topic '/tf' on flush cycle 1567
2026-09-30T16:06:52Z [43,349ms] [Warning] [isaacsim.ros2.nodes] ROS2 TF aggregation contributor '/World/Nova_Carter_ROS/chassis_link/sensors/back_hawk/ROS_TF/PublisherTF' did not submit transforms for topic '/tf' on flush cycle 1567
2026-09-30T16:06:52Z [43,349ms] [Warning] [isaacsim.ros2.nodes] ROS2 TF aggregation contributor '/World/Nova_Carter_ROS/chassis_link/sensors/rear_RPLidar/ROS_TF/PublisherTF' did not submit transforms for topic '/tf' on flush cycle 1567
2026-09-30T16:06:52Z [43,349ms] [Warning] [isaacsim.ros2.nodes] ROS2 TF aggregation contributor '/World/Nova_Carter_ROS/transform_tree_odometry/ros2_publish_raw_transform_tree' did not submit transforms for topic '/tf' on flush cycle 1567
2026-09-30T16:06:52Z [43,349ms] [Warning] [isaacsim.ros2.nodes] ROS2 TF aggregation contributor '/World/Nova_Carter_ROS/chassis_link/sensors/right_owl/ROS_TF/PublisherTF' did not submit transforms for topic '/tf' on flush cycle 1567
2026-09-30T16:06:52Z [43,349ms] [Warning] [isaacsim.ros2.nodes] ROS2 TF aggregation contributor '/World/Nova_Carter_ROS/transform_tree_odometry/tf_tree_base_link_to_chassis' did not submit transforms for topic '/tf' on flush cycle 1567
2026-09-30T16:06:52Z [43,349ms] [Warning] [isaacsim.ros2.nodes] ROS2 TF aggregation contributor '/World/Nova_Carter_ROS/transform_tree_odometry/tf_tree_base_link_to_sensors' did not submit transforms for topic '/tf' on flush cycle 1567
2026-09-30T16:06:52Z [43,349ms] [Warning] [isaacsim.ros2.nodes] ROS2 TF aggregation contributor '/World/Nova_Carter_ROS/transform_tree_odometry/tf_tree_base_link_to_wheel_base' did not submit transforms for topic '/tf' on flush cycle 1567
2026-09-30T16:06:54Z [45,397ms] [Warning] [isaacsim.ros2.nodes] ROS2 TF aggregation contributor '/World/Nova_Carter_ROS/chassis_link/sensors/back_owl/ROS_TF/PublisherTF' did not submit transforms for topic '/tf' on flush cycle 1687
2026-09-30T16:06:54Z [45,397ms] [Warning] [isaacsim.ros2.nodes] ROS2 TF aggregation contributor '/World/Nova_Carter_ROS/chassis_link/sensors/right_hawk/ROS_TF/PublisherTF' did not submit transforms for topic '/tf' on flush cycle 1687
2026-09-30T16:06:54Z [45,397ms] [Warning] [isaacsim.ros2.nodes] ROS2 TF aggregation contributor '/World/Nova_Carter_ROS/chassis_link/sensors/left_owl/ROS_TF/PublisherTF' did not submit transforms for topic '/tf' on flush cycle 1687
2026-09-30T16:06:54Z [45,397ms] [Warning] [isaacsim.ros2.nodes] ROS2 TF aggregation contributor '/World/Nova_Carter_ROS/chassis_link/sensors/front_RPLidar/ROS_TF/PublisherTF' did not submit transforms for topic '/tf' on flush cycle 1687
2026-09-30T16:06:54Z [45,397ms] [Warning] [isaacsim.ros2.nodes] ROS2 TF aggregation contributor '/World/Nova_Carter_ROS/chassis_link/sensors/front_hawk/ROS_TF/PublisherTF' did not submit transforms for topic '/tf' on flush cycle 1687
2026-09-30T16:06:54Z [45,398ms] [Warning] [isaacsim.ros2.nodes] ROS2 TF aggregation contributor '/World/Nova_Carter_ROS/chassis_link/sensors/left_hawk/ROS_TF/PublisherTF' did not submit transforms for topic '/tf' on flush cycle 1687
2026-09-30T16:06:54Z [45,398ms] [Warning] [isaacsim.ros2.nodes] ROS2 TF aggregation contributor '/World/Nova_Carter_ROS/chassis_link/sensors/front_owl/ROS_TF/PublisherTF' did not submit transforms for topic '/tf' on flush cycle 1687
2026-09-30T16:06:54Z [45,398ms] [Warning] [isaacsim.ros2.nodes] ROS2 TF aggregation contributor '/World/Nova_Carter_ROS/chassis_link/sensors/XT_32/ROS_TF/PublisherTF' did not submit transforms for topic '/tf' on flush cycle 1687
2026-09-30T16:06:54Z [45,398ms] [Warning] [isaacsim.ros2.nodes] ROS2 TF aggregation contributor '/World/Nova_Carter_ROS/chassis_link/sensors/back_hawk/ROS_TF/PublisherTF' did not submit transforms for topic '/tf' on flush cycle 1687
2026-09-30T16:06:54Z [45,398ms] [Warning] [isaacsim.ros2.nodes] ROS2 TF aggregation contributor '/World/Nova_Carter_ROS/chassis_link/sensors/rear_RPLidar/ROS_TF/PublisherTF' did not submit transforms for topic '/tf' on flush cycle 1687
2026-09-30T16:06:54Z [45,398ms] [Warning] [isaacsim.ros2.nodes] ROS2 TF aggregation contributor '/World/Nova_Carter_ROS/transform_tree_odometry/ros2_publish_raw_transform_tree' did not submit transforms for topic '/tf' on flush cycle 1687
2026-09-30T16:06:54Z [45,398ms] [Warning] [isaacsim.ros2.nodes] ROS2 TF aggregation contributor '/World/Nova_Carter_ROS/chassis_link/sensors/right_owl/ROS_TF/PublisherTF' did not submit transforms for topic '/tf' on flush cycle 1687
2026-09-30T16:06:54Z [45,398ms] [Warning] [isaacsim.ros2.nodes] ROS2 TF aggregation contributor '/World/Nova_Carter_ROS/transform_tree_odometry/tf_tree_base_link_to_chassis' did not submit transforms for topic '/tf' on flush cycle 1687
2026-09-30T16:06:54Z [45,398ms] [Warning] [isaacsim.ros2.nodes] ROS2 TF aggregation contributor '/World/Nova_Carter_ROS/transform_tree_odometry/tf_tree_base_link_to_sensors' did not submit transforms for topic '/tf' on flush cycle 1687
2026-09-30T16:06:54Z [45,398ms] [Warning] [isaacsim.ros2.nodes] ROS2 TF aggregation contributor '/World/Nova_Carter_ROS/transform_tree_odometry/tf_tree_base_link_to_wheel_base' did not submit transforms for topic '/tf' on flush cycle 1687
2026-09-30T16:06:56Z [47,492ms] [Warning] [isaacsim.ros2.nodes] ROS2 TF aggregation contributor '/World/Nova_Carter_ROS/chassis_link/sensors/back_owl/ROS_TF/PublisherTF' did not submit transforms for topic '/tf' on flush cycle 1807
2026-09-30T16:06:56Z [47,492ms] [Warning] [isaacsim.ros2.nodes] ROS2 TF aggregation contributor '/World/Nova_Carter_ROS/chassis_link/sensors/right_hawk/ROS_TF/PublisherTF' did not submit transforms for topic '/tf' on flush cycle 1807
2026-09-30T16:06:56Z [47,492ms] [Warning] [isaacsim.ros2.nodes] ROS2 TF aggregation contributor '/World/Nova_Carter_ROS/chassis_link/sensors/left_owl/ROS_TF/PublisherTF' did not submit transforms for topic '/tf' on flush cycle 1807
2026-09-30T16:06:56Z [47,492ms] [Warning] [isaacsim.ros2.nodes] ROS2 TF aggregation contributor '/World/Nova_Carter_ROS/chassis_link/sensors/front_RPLidar/ROS_TF/PublisherTF' did not submit transforms for topic '/tf' on flush cycle 1807
2026-09-30T16:06:56Z [47,492ms] [Warning] [isaacsim.ros2.nodes] ROS2 TF aggregation contributor '/World/Nova_Carter_ROS/chassis_link/sensors/front_hawk/ROS_TF/PublisherTF' did not submit transforms for topic '/tf' on flush cycle 1807
2026-09-30T16:06:56Z [47,492ms] [Warning] [isaacsim.ros2.nodes] ROS2 TF aggregation contributor '/World/Nova_Carter_ROS/chassis_link/sensors/left_hawk/ROS_TF/PublisherTF' did not submit transforms for topic '/tf' on flush cycle 1807
2026-09-30T16:06:56Z [47,492ms] [Warning] [isaacsim.ros2.nodes] ROS2 TF aggregation contributor '/World/Nova_Carter_ROS/chassis_link/sensors/front_owl/ROS_TF/PublisherTF' did not submit transforms for topic '/tf' on flush cycle 1807
2026-09-30T16:06:56Z [47,492ms] [Warning] [isaacsim.ros2.nodes] ROS2 TF aggregation contributor '/World/Nova_Carter_ROS/chassis_link/sensors/XT_32/ROS_TF/PublisherTF' did not submit transforms for topic '/tf' on flush cycle 1807
2026-09-30T16:06:56Z [47,492ms] [Warning] [isaacsim.ros2.nodes] ROS2 TF aggregation contributor '/World/Nova_Carter_ROS/chassis_link/sensors/back_hawk/ROS_TF/PublisherTF' did not submit transforms for topic '/tf' on flush cycle 1807
2026-09-30T16:06:56Z [47,492ms] [Warning] [isaacsim.ros2.nodes] ROS2 TF aggregation contributor '/World/Nova_Carter_ROS/chassis_link/sensors/rear_RPLidar/ROS_TF/PublisherTF' did not submit transforms for topic '/tf' on flush cycle 1807
2026-09-30T16:06:56Z [47,492ms] [Warning] [isaacsim.ros2.nodes] ROS2 TF aggregation contributor '/World/Nova_Carter_ROS/transform_tree_odometry/ros2_publish_raw_transform_tree' did not submit transforms for topic '/tf' on flush cycle 1807
2026-09-30T16:06:56Z [47,492ms] [Warning] [isaacsim.ros2.nodes] ROS2 TF aggregation contributor '/World/Nova_Carter_ROS/chassis_link/sensors/right_owl/ROS_TF/PublisherTF' did not submit transforms for topic '/tf' on flush cycle 1807
2026-09-30T16:06:56Z [47,492ms] [Warning] [isaacsim.ros2.nodes] ROS2 TF aggregation contributor '/World/Nova_Carter_ROS/transform_tree_odometry/tf_tree_base_link_to_chassis' did not submit transforms for topic '/tf' on flush cycle 1807
2026-09-30T16:06:56Z [47,492ms] [Warning] [isaacsim.ros2.nodes] ROS2 TF aggregation contributor '/World/Nova_Carter_ROS/transform_tree_odometry/tf_tree_base_link_to_sensors' did not submit transforms for topic '/tf' on flush cycle 1807
2026-09-30T16:06:56Z [47,492ms] [Warning] [isaacsim.ros2.nodes] ROS2 TF aggregation contributor '/World/Nova_Carter_ROS/transform_tree_odometry/tf_tree_base_link_to_wheel_base' did not submit transforms for topic '/tf' on flush cycle 1807
2026-09-30T16:07:06Z [57,214ms] [Warning] [isaacsim.ros2.nodes] ROS2 TF aggregation contributor '/World/Nova_Carter_ROS/chassis_link/sensors/back_owl/ROS_TF/PublisherTF' did not submit transforms for topic '/tf' on flush cycle 2326
2026-09-30T16:07:06Z [57,214ms] [Warning] [isaacsim.ros2.nodes] ROS2 TF aggregation contributor '/World/Nova_Carter_ROS/chassis_link/sensors/right_hawk/ROS_TF/PublisherTF' did not submit transforms for topic '/tf' on flush cycle 2326
2026-09-30T16:07:06Z [57,214ms] [Warning] [isaacsim.ros2.nodes] ROS2 TF aggregation contributor '/World/Nova_Carter_ROS/chassis_link/sensors/left_owl/ROS_TF/PublisherTF' did not submit transforms for topic '/tf' on flush cycle 2326
2026-09-30T16:07:06Z [57,214ms] [Warning] [isaacsim.ros2.nodes] ROS2 TF aggregation contributor '/World/Nova_Carter_ROS/chassis_link/sensors/front_RPLidar/ROS_TF/PublisherTF' did not submit transforms for topic '/tf' on flush cycle 2326
2026-09-30T16:07:06Z [57,214ms] [Warning] [isaacsim.ros2.nodes] ROS2 TF aggregation contributor '/World/Nova_Carter_ROS/chassis_link/sensors/front_hawk/ROS_TF/PublisherTF' did not submit transforms for topic '/tf' on flush cycle 2326
2026-09-30T16:07:06Z [57,214ms] [Warning] [isaacsim.ros2.nodes] ROS2 TF aggregation contributor '/World/Nova_Carter_ROS/chassis_link/sensors/left_hawk/ROS_TF/PublisherTF' did not submit transforms for topic '/tf' on flush cycle 2326
2026-09-30T16:07:06Z [57,214ms] [Warning] [isaacsim.ros2.nodes] ROS2 TF aggregation contributor '/World/Nova_Carter_ROS/chassis_link/sensors/front_owl/ROS_TF/PublisherTF' did not submit transforms for topic '/tf' on flush cycle 2326
2026-09-30T16:07:06Z [57,214ms] [Warning] [isaacsim.ros2.nodes] ROS2 TF aggregation contributor '/World/Nova_Carter_ROS/chassis_link/sensors/XT_32/ROS_TF/PublisherTF' did not submit transforms for topic '/tf' on flush cycle 2326
2026-09-30T16:07:06Z [57,214ms] [Warning] [isaacsim.ros2.nodes] ROS2 TF aggregation contributor '/World/Nova_Carter_ROS/chassis_link/sensors/back_hawk/ROS_TF/PublisherTF' did not submit transforms for topic '/tf' on flush cycle 2326
2026-09-30T16:07:06Z [57,214ms] [Warning] [isaacsim.ros2.nodes] ROS2 TF aggregation contributor '/World/Nova_Carter_ROS/chassis_link/sensors/rear_RPLidar/ROS_TF/PublisherTF' did not submit transforms for topic '/tf' on flush cycle 2326
2026-09-30T16:07:06Z [57,214ms] [Warning] [isaacsim.ros2.nodes] ROS2 TF aggregation contributor '/World/Nova_Carter_ROS/transform_tree_odometry/ros2_publish_raw_transform_tree' did not submit transforms for topic '/tf' on flush cycle 2326
2026-09-30T16:07:06Z [57,214ms] [Warning] [isaacsim.ros2.nodes] ROS2 TF aggregation contributor '/World/Nova_Carter_ROS/chassis_link/sensors/right_owl/ROS_TF/PublisherTF' did not submit transforms for topic '/tf' on flush cycle 2326
2026-09-30T16:07:06Z [57,214ms] [Warning] [isaacsim.ros2.nodes] ROS2 TF aggregation contributor '/World/Nova_Carter_ROS/transform_tree_odometry/tf_tree_base_link_to_chassis' did not submit transforms for topic '/tf' on flush cycle 2326
2026-09-30T16:07:06Z [57,214ms] [Warning] [isaacsim.ros2.nodes] ROS2 TF aggregation contributor '/World/Nova_Carter_ROS/transform_tree_odometry/tf_tree_base_link_to_sensors' did not submit transforms for topic '/tf' on flush cycle 2326
2026-09-30T16:07:06Z [57,214ms] [Warning] [isaacsim.ros2.nodes] ROS2 TF aggregation contributor '/World/Nova_Carter_ROS/transform_tree_odometry/tf_tree_base_link_to_wheel_base' did not submit transforms for topic '/tf' on flush cycle 2326
2026-09-30T16:07:08Z [59,247ms] [Warning] [isaacsim.ros2.nodes] ROS2 TF aggregation contributor '/World/Nova_Carter_ROS/chassis_link/sensors/back_owl/ROS_TF/PublisherTF' did not submit transforms for topic '/tf' on flush cycle 2446
2026-09-30T16:07:08Z [59,247ms] [Warning] [isaacsim.ros2.nodes] ROS2 TF aggregation contributor '/World/Nova_Carter_ROS/chassis_link/sensors/right_hawk/ROS_TF/PublisherTF' did not submit transforms for topic '/tf' on flush cycle 2446
2026-09-30T16:07:08Z [59,247ms] [Warning] [isaacsim.ros2.nodes] ROS2 TF aggregation contributor '/World/Nova_Carter_ROS/chassis_link/sensors/left_owl/ROS_TF/PublisherTF' did not submit transforms for topic '/tf' on flush cycle 2446
2026-09-30T16:07:08Z [59,247ms] [Warning] [isaacsim.ros2.nodes] ROS2 TF aggregation contributor '/World/Nova_Carter_ROS/chassis_link/sensors/front_RPLidar/ROS_TF/PublisherTF' did not submit transforms for topic '/tf' on flush cycle 2446
2026-09-30T16:07:08Z [59,247ms] [Warning] [isaacsim.ros2.nodes] ROS2 TF aggregation contributor '/World/Nova_Carter_ROS/chassis_link/sensors/front_hawk/ROS_TF/PublisherTF' did not submit transforms for topic '/tf' on flush cycle 2446
2026-09-30T16:07:08Z [59,247ms] [Warning] [isaacsim.ros2.nodes] ROS2 TF aggregation contributor '/World/Nova_Carter_ROS/chassis_link/sensors/left_hawk/ROS_TF/PublisherTF' did not submit transforms for topic '/tf' on flush cycle 2446
2026-09-30T16:07:08Z [59,247ms] [Warning] [isaacsim.ros2.nodes] ROS2 TF aggregation contributor '/World/Nova_Carter_ROS/chassis_link/sensors/front_owl/ROS_TF/PublisherTF' did not submit transforms for topic '/tf' on flush cycle 2446
2026-09-30T16:07:08Z [59,247ms] [Warning] [isaacsim.ros2.nodes] ROS2 TF aggregation contributor '/World/Nova_Carter_ROS/chassis_link/sensors/XT_32/ROS_TF/PublisherTF' did not submit transforms for topic '/tf' on flush cycle 2446
2026-09-30T16:07:08Z [59,247ms] [Warning] [isaacsim.ros2.nodes] ROS2 TF aggregation contributor '/World/Nova_Carter_ROS/chassis_link/sensors/back_hawk/ROS_TF/PublisherTF' did not submit transforms for topic '/tf' on flush cycle 2446
2026-09-30T16:07:08Z [59,247ms] [Warning] [isaacsim.ros2.nodes] ROS2 TF aggregation contributor '/World/Nova_Carter_ROS/chassis_link/sensors/rear_RPLidar/ROS_TF/PublisherTF' did not submit transforms for topic '/tf' on flush cycle 2446
2026-09-30T16:07:08Z [59,247ms] [Warning] [isaacsim.ros2.nodes] ROS2 TF aggregation contributor '/World/Nova_Carter_ROS/transform_tree_odometry/ros2_publish_raw_transform_tree' did not submit transforms for topic '/tf' on flush cycle 2446
2026-09-30T16:07:08Z [59,247ms] [Warning] [isaacsim.ros2.nodes] ROS2 TF aggregation contributor '/World/Nova_Carter_ROS/chassis_link/sensors/right_owl/ROS_TF/PublisherTF' did not submit transforms for topic '/tf' on flush cycle 2446
2026-09-30T16:07:08Z [59,247ms] [Warning] [isaacsim.ros2.nodes] ROS2 TF aggregation contributor '/World/Nova_Carter_ROS/transform_tree_odometry/tf_tree_base_link_to_chassis' did not submit transforms for topic '/tf' on flush cycle 2446
2026-09-30T16:07:08Z [59,247ms] [Warning] [isaacsim.ros2.nodes] ROS2 TF aggregation contributor '/World/Nova_Carter_ROS/transform_tree_odometry/tf_tree_base_link_to_sensors' did not submit transforms for topic '/tf' on flush cycle 2446
2026-09-30T16:07:08Z [59,247ms] [Warning] [isaacsim.ros2.nodes] ROS2 TF aggregation contributor '/World/Nova_Carter_ROS/transform_tree_odometry/tf_tree_base_link_to_wheel_base' did not submit transforms for topic '/tf' on flush cycle 2446
2026-09-30T16:07:10Z [61,290ms] [Warning] [isaacsim.ros2.nodes] ROS2 TF aggregation contributor '/World/Nova_Carter_ROS/chassis_link/sensors/back_owl/ROS_TF/PublisherTF' did not submit transforms for topic '/tf' on flush cycle 2566
2026-09-30T16:07:10Z [61,290ms] [Warning] [isaacsim.ros2.nodes] ROS2 TF aggregation contributor '/World/Nova_Carter_ROS/chassis_link/sensors/right_hawk/ROS_TF/PublisherTF' did not submit transforms for topic '/tf' on flush cycle 2566
2026-09-30T16:07:10Z [61,290ms] [Warning] [isaacsim.ros2.nodes] ROS2 TF aggregation contributor '/World/Nova_Carter_ROS/chassis_link/sensors/left_owl/ROS_TF/PublisherTF' did not submit transforms for topic '/tf' on flush cycle 2566
2026-09-30T16:07:10Z [61,290ms] [Warning] [isaacsim.ros2.nodes] ROS2 TF aggregation contributor '/World/Nova_Carter_ROS/chassis_link/sensors/front_RPLidar/ROS_TF/PublisherTF' did not submit transforms for topic '/tf' on flush cycle 2566
2026-09-30T16:07:10Z [61,290ms] [Warning] [isaacsim.ros2.nodes] ROS2 TF aggregation contributor '/World/Nova_Carter_ROS/chassis_link/sensors/front_hawk/ROS_TF/PublisherTF' did not submit transforms for topic '/tf' on flush cycle 2566
2026-09-30T16:07:10Z [61,290ms] [Warning] [isaacsim.ros2.nodes] ROS2 TF aggregation contributor '/World/Nova_Carter_ROS/chassis_link/sensors/left_hawk/ROS_TF/PublisherTF' did not submit transforms for topic '/tf' on flush cycle 2566
2026-09-30T16:07:10Z [61,290ms] [Warning] [isaacsim.ros2.nodes] ROS2 TF aggregation contributor '/World/Nova_Carter_ROS/chassis_link/sensors/front_owl/ROS_TF/PublisherTF' did not submit transforms for topic '/tf' on flush cycle 2566
2026-09-30T16:07:10Z [61,290ms] [Warning] [isaacsim.ros2.nodes] ROS2 TF aggregation contributor '/World/Nova_Carter_ROS/chassis_link/sensors/XT_32/ROS_TF/PublisherTF' did not submit transforms for topic '/tf' on flush cycle 2566
2026-09-30T16:07:10Z [61,290ms] [Warning] [isaacsim.ros2.nodes] ROS2 TF aggregation contributor '/World/Nova_Carter_ROS/chassis_link/sensors/back_hawk/ROS_TF/PublisherTF' did not submit transforms for topic '/tf' on flush cycle 2566
2026-09-30T16:07:10Z [61,290ms] [Warning] [isaacsim.ros2.nodes] ROS2 TF aggregation contributor '/World/Nova_Carter_ROS/chassis_link/sensors/rear_RPLidar/ROS_TF/PublisherTF' did not submit transforms for topic '/tf' on flush cycle 2566
2026-09-30T16:07:10Z [61,290ms] [Warning] [isaacsim.ros2.nodes] ROS2 TF aggregation contributor '/World/Nova_Carter_ROS/transform_tree_odometry/ros2_publish_raw_transform_tree' did not submit transforms for topic '/tf' on flush cycle 2566
2026-09-30T16:07:10Z [61,290ms] [Warning] [isaacsim.ros2.nodes] ROS2 TF aggregation contributor '/World/Nova_Carter_ROS/chassis_link/sensors/right_owl/ROS_TF/PublisherTF' did not submit transforms for topic '/tf' on flush cycle 2566
2026-09-30T16:07:10Z [61,290ms] [Warning] [isaacsim.ros2.nodes] ROS2 TF aggregation contributor '/World/Nova_Carter_ROS/transform_tree_odometry/tf_tree_base_link_to_chassis' did not submit transforms for topic '/tf' on flush cycle 2566
2026-09-30T16:07:10Z [61,290ms] [Warning] [isaacsim.ros2.nodes] ROS2 TF aggregation contributor '/World/Nova_Carter_ROS/transform_tree_odometry/tf_tree_base_link_to_sensors' did not submit transforms for topic '/tf' on flush cycle 2566
2026-09-30T16:07:10Z [61,290ms] [Warning] [isaacsim.ros2.nodes] ROS2 TF aggregation contributor '/World/Nova_Carter_ROS/transform_tree_odometry/tf_tree_base_link_to_wheel_base' did not submit transforms for topic '/tf' on flush cycle 2566
2026-09-30T16:07:12Z [63,338ms] [Warning] [isaacsim.ros2.nodes] ROS2 TF aggregation contributor '/World/Nova_Carter_ROS/chassis_link/sensors/back_owl/ROS_TF/PublisherTF' did not submit transforms for topic '/tf' on flush cycle 2686
2026-09-30T16:07:12Z [63,338ms] [Warning] [isaacsim.ros2.nodes] ROS2 TF aggregation contributor '/World/Nova_Carter_ROS/chassis_link/sensors/right_hawk/ROS_TF/PublisherTF' did not submit transforms for topic '/tf' on flush cycle 2686
2026-09-30T16:07:12Z [63,338ms] [Warning] [isaacsim.ros2.nodes] ROS2 TF aggregation contributor '/World/Nova_Carter_ROS/chassis_link/sensors/left_owl/ROS_TF/PublisherTF' did not submit transforms for topic '/tf' on flush cycle 2686
2026-09-30T16:07:12Z [63,338ms] [Warning] [isaacsim.ros2.nodes] ROS2 TF aggregation contributor '/World/Nova_Carter_ROS/chassis_link/sensors/front_RPLidar/ROS_TF/PublisherTF' did not submit transforms for topic '/tf' on flush cycle 2686
2026-09-30T16:07:12Z [63,338ms] [Warning] [isaacsim.ros2.nodes] ROS2 TF aggregation contributor '/World/Nova_Carter_ROS/chassis_link/sensors/front_hawk/ROS_TF/PublisherTF' did not submit transforms for topic '/tf' on flush cycle 2686
2026-09-30T16:07:12Z [63,338ms] [Warning] [isaacsim.ros2.nodes] ROS2 TF aggregation contributor '/World/Nova_Carter_ROS/chassis_link/sensors/left_hawk/ROS_TF/PublisherTF' did not submit transforms for topic '/tf' on flush cycle 2686
2026-09-30T16:07:12Z [63,338ms] [Warning] [isaacsim.ros2.nodes] ROS2 TF aggregation contributor '/World/Nova_Carter_ROS/chassis_link/sensors/front_owl/ROS_TF/PublisherTF' did not submit transforms for topic '/tf' on flush cycle 2686
2026-09-30T16:07:12Z [63,338ms] [Warning] [isaacsim.ros2.nodes] ROS2 TF aggregation contributor '/World/Nova_Carter_ROS/chassis_link/sensors/XT_32/ROS_TF/PublisherTF' did not submit transforms for topic '/tf' on flush cycle 2686
2026-09-30T16:07:12Z [63,338ms] [Warning] [isaacsim.ros2.nodes] ROS2 TF aggregation contributor '/World/Nova_Carter_ROS/chassis_link/sensors/back_hawk/ROS_TF/PublisherTF' did not submit transforms for topic '/tf' on flush cycle 2686
2026-09-30T16:07:12Z [63,338ms] [Warning] [isaacsim.ros2.nodes] ROS2 TF aggregation contributor '/World/Nova_Carter_ROS/chassis_link/sensors/rear_RPLidar/ROS_TF/PublisherTF' did not submit transforms for topic '/tf' on flush cycle 2686
2026-09-30T16:07:12Z [63,338ms] [Warning] [isaacsim.ros2.nodes] ROS2 TF aggregation contributor '/World/Nova_Carter_ROS/transform_tree_odometry/ros2_publish_raw_transform_tree' did not submit transforms for topic '/tf' on flush cycle 2686
2026-09-30T16:07:12Z [63,338ms] [Warning] [isaacsim.ros2.nodes] ROS2 TF aggregation contributor '/World/Nova_Carter_ROS/chassis_link/sensors/right_owl/ROS_TF/PublisherTF' did not submit transforms for topic '/tf' on flush cycle 2686
2026-09-30T16:07:12Z [63,338ms] [Warning] [isaacsim.ros2.nodes] ROS2 TF aggregation contributor '/World/Nova_Carter_ROS/transform_tree_odometry/tf_tree_base_link_to_chassis' did not submit transforms for topic '/tf' on flush cycle 2686
2026-09-30T16:07:12Z [63,338ms] [Warning] [isaacsim.ros2.nodes] ROS2 TF aggregation contributor '/World/Nova_Carter_ROS/transform_tree_odometry/tf_tree_base_link_to_sensors' did not submit transforms for topic '/tf' on flush cycle 2686
2026-09-30T16:07:12Z [63,338ms] [Warning] [isaacsim.ros2.nodes] ROS2 TF aggregation contributor '/World/Nova_Carter_ROS/transform_tree_odometry/tf_tree_base_link_to_wheel_base' did not submit transforms for topic '/tf' on flush cycle 2686
2026-09-30T16:07:14Z [65,386ms] [Warning] [isaacsim.ros2.nodes] ROS2 TF aggregation contributor '/World/Nova_Carter_ROS/chassis_link/sensors/back_owl/ROS_TF/PublisherTF' did not submit transforms for topic '/tf' on flush cycle 2806
2026-09-30T16:07:14Z [65,386ms] [Warning] [isaacsim.ros2.nodes] ROS2 TF aggregation contributor '/World/Nova_Carter_ROS/chassis_link/sensors/right_hawk/ROS_TF/PublisherTF' did not submit transforms for topic '/tf' on flush cycle 2806
2026-09-30T16:07:14Z [65,386ms] [Warning] [isaacsim.ros2.nodes] ROS2 TF aggregation contributor '/World/Nova_Carter_ROS/chassis_link/sensors/left_owl/ROS_TF/PublisherTF' did not submit transforms for topic '/tf' on flush cycle 2806
2026-09-30T16:07:14Z [65,386ms] [Warning] [isaacsim.ros2.nodes] ROS2 TF aggregation contributor '/World/Nova_Carter_ROS/chassis_link/sensors/front_RPLidar/ROS_TF/PublisherTF' did not submit transforms for topic '/tf' on flush cycle 2806
2026-09-30T16:07:14Z [65,386ms] [Warning] [isaacsim.ros2.nodes] ROS2 TF aggregation contributor '/World/Nova_Carter_ROS/chassis_link/sensors/front_hawk/ROS_TF/PublisherTF' did not submit transforms for topic '/tf' on flush cycle 2806
2026-09-30T16:07:14Z [65,386ms] [Warning] [isaacsim.ros2.nodes] ROS2 TF aggregation contributor '/World/Nova_Carter_ROS/chassis_link/sensors/left_hawk/ROS_TF/PublisherTF' did not submit transforms for topic '/tf' on flush cycle 2806
2026-09-30T16:07:14Z [65,386ms] [Warning] [isaacsim.ros2.nodes] ROS2 TF aggregation contributor '/World/Nova_Carter_ROS/chassis_link/sensors/front_owl/ROS_TF/PublisherTF' did not submit transforms for topic '/tf' on flush cycle 2806
2026-09-30T16:07:14Z [65,386ms] [Warning] [isaacsim.ros2.nodes] ROS2 TF aggregation contributor '/World/Nova_Carter_ROS/chassis_link/sensors/XT_32/ROS_TF/PublisherTF' did not submit transforms for topic '/tf' on flush cycle 2806
2026-09-30T16:07:14Z [65,386ms] [Warning] [isaacsim.ros2.nodes] ROS2 TF aggregation contributor '/World/Nova_Carter_ROS/chassis_link/sensors/back_hawk/ROS_TF/PublisherTF' did not submit transforms for topic '/tf' on flush cycle 2806
2026-09-30T16:07:14Z [65,386ms] [Warning] [isaacsim.ros2.nodes] ROS2 TF aggregation contributor '/World/Nova_Carter_ROS/chassis_link/sensors/rear_RPLidar/ROS_TF/PublisherTF' did not submit transforms for topic '/tf' on flush cycle 2806
2026-09-30T16:07:14Z [65,386ms] [Warning] [isaacsim.ros2.nodes] ROS2 TF aggregation contributor '/World/Nova_Carter_ROS/transform_tree_odometry/ros2_publish_raw_transform_tree' did not submit transforms for topic '/tf' on flush cycle 2806
2026-09-30T16:07:14Z [65,386ms] [Warning] [isaacsim.ros2.nodes] ROS2 TF aggregation contributor '/World/Nova_Carter_ROS/chassis_link/sensors/right_owl/ROS_TF/PublisherTF' did not submit transforms for topic '/tf' on flush cycle 2806
2026-09-30T16:07:14Z [65,386ms] [Warning] [isaacsim.ros2.nodes] ROS2 TF aggregation contributor '/World/Nova_Carter_ROS/transform_tree_odometry/tf_tree_base_link_to_chassis' did not submit transforms for topic '/tf' on flush cycle 2806
2026-09-30T16:07:14Z [65,386ms] [Warning] [isaacsim.ros2.nodes] ROS2 TF aggregation contributor '/World/Nova_Carter_ROS/transform_tree_odometry/tf_tree_base_link_to_sensors' did not submit transforms for topic '/tf' on flush cycle 2806
2026-09-30T16:07:14Z [65,386ms] [Warning] [isaacsim.ros2.nodes] ROS2 TF aggregation contributor '/World/Nova_Carter_ROS/transform_tree_odometry/tf_tree_base_link_to_wheel_base' did not submit transforms for topic '/tf' on flush cycle 2806
2026-09-30T16:07:16Z [67,484ms] [Warning] [isaacsim.ros2.nodes] ROS2 TF aggregation contributor '/World/Nova_Carter_ROS/chassis_link/sensors/back_owl/ROS_TF/PublisherTF' did not submit transforms for topic '/tf' on flush cycle 2926
2026-09-30T16:07:16Z [67,484ms] [Warning] [isaacsim.ros2.nodes] ROS2 TF aggregation contributor '/World/Nova_Carter_ROS/chassis_link/sensors/right_hawk/ROS_TF/PublisherTF' did not submit transforms for topic '/tf' on flush cycle 2926
2026-09-30T16:07:16Z [67,484ms] [Warning] [isaacsim.ros2.nodes] ROS2 TF aggregation contributor '/World/Nova_Carter_ROS/chassis_link/sensors/left_owl/ROS_TF/PublisherTF' did not submit transforms for topic '/tf' on flush cycle 2926
2026-09-30T16:07:16Z [67,484ms] [Warning] [isaacsim.ros2.nodes] ROS2 TF aggregation contributor '/World/Nova_Carter_ROS/chassis_link/sensors/front_RPLidar/ROS_TF/PublisherTF' did not submit transforms for topic '/tf' on flush cycle 2926
2026-09-30T16:07:16Z [67,484ms] [Warning] [isaacsim.ros2.nodes] ROS2 TF aggregation contributor '/World/Nova_Carter_ROS/chassis_link/sensors/front_hawk/ROS_TF/PublisherTF' did not submit transforms for topic '/tf' on flush cycle 2926
2026-09-30T16:07:16Z [67,484ms] [Warning] [isaacsim.ros2.nodes] ROS2 TF aggregation contributor '/World/Nova_Carter_ROS/chassis_link/sensors/left_hawk/ROS_TF/PublisherTF' did not submit transforms for topic '/tf' on flush cycle 2926
2026-09-30T16:07:16Z [67,484ms] [Warning] [isaacsim.ros2.nodes] ROS2 TF aggregation contributor '/World/Nova_Carter_ROS/chassis_link/sensors/front_owl/ROS_TF/PublisherTF' did not submit transforms for topic '/tf' on flush cycle 2926
2026-09-30T16:07:16Z [67,484ms] [Warning] [isaacsim.ros2.nodes] ROS2 TF aggregation contributor '/World/Nova_Carter_ROS/chassis_link/sensors/XT_32/ROS_TF/PublisherTF' did not submit transforms for topic '/tf' on flush cycle 2926
2026-09-30T16:07:16Z [67,484ms] [Warning] [isaacsim.ros2.nodes] ROS2 TF aggregation contributor '/World/Nova_Carter_ROS/chassis_link/sensors/back_hawk/ROS_TF/PublisherTF' did not submit transforms for topic '/tf' on flush cycle 2926
2026-09-30T16:07:16Z [67,484ms] [Warning] [isaacsim.ros2.nodes] ROS2 TF aggregation contributor '/World/Nova_Carter_ROS/chassis_link/sensors/rear_RPLidar/ROS_TF/PublisherTF' did not submit transforms for topic '/tf' on flush cycle 2926
2026-09-30T16:07:16Z [67,484ms] [Warning] [isaacsim.ros2.nodes] ROS2 TF aggregation contributor '/World/Nova_Carter_ROS/transform_tree_odometry/ros2_publish_raw_transform_tree' did not submit transforms for topic '/tf' on flush cycle 2926
2026-09-30T16:07:16Z [67,484ms] [Warning] [isaacsim.ros2.nodes] ROS2 TF aggregation contributor '/World/Nova_Carter_ROS/chassis_link/sensors/right_owl/ROS_TF/PublisherTF' did not submit transforms for topic '/tf' on flush cycle 2926
2026-09-30T16:07:16Z [67,484ms] [Warning] [isaacsim.ros2.nodes] ROS2 TF aggregation contributor '/World/Nova_Carter_ROS/transform_tree_odometry/tf_tree_base_link_to_chassis' did not submit transforms for topic '/tf' on flush cycle 2926
2026-09-30T16:07:16Z [67,484ms] [Warning] [isaacsim.ros2.nodes] ROS2 TF aggregation contributor '/World/Nova_Carter_ROS/transform_tree_odometry/tf_tree_base_link_to_sensors' did not submit transforms for topic '/tf' on flush cycle 2926
2026-09-30T16:07:16Z [67,484ms] [Warning] [isaacsim.ros2.nodes] ROS2 TF aggregation contributor '/World/Nova_Carter_ROS/transform_tree_odometry/tf_tree_base_link_to_wheel_base' did not submit transforms for topic '/tf' on flush cycle 2926
2026-09-30T16:07:19Z [69,579ms] [Warning] [isaacsim.ros2.nodes] ROS2 TF aggregation contributor '/World/Nova_Carter_ROS/chassis_link/sensors/back_owl/ROS_TF/PublisherTF' did not submit transforms for topic '/tf' on flush cycle 3046
2026-09-30T16:07:19Z [69,579ms] [Warning] [isaacsim.ros2.nodes] ROS2 TF aggregation contributor '/World/Nova_Carter_ROS/chassis_link/sensors/right_hawk/ROS_TF/PublisherTF' did not submit transforms for topic '/tf' on flush cycle 3046
2026-09-30T16:07:19Z [69,579ms] [Warning] [isaacsim.ros2.nodes] ROS2 TF aggregation contributor '/World/Nova_Carter_ROS/chassis_link/sensors/left_owl/ROS_TF/PublisherTF' did not submit transforms for topic '/tf' on flush cycle 3046
2026-09-30T16:07:19Z [69,579ms] [Warning] [isaacsim.ros2.nodes] ROS2 TF aggregation contributor '/World/Nova_Carter_ROS/chassis_link/sensors/front_RPLidar/ROS_TF/PublisherTF' did not submit transforms for topic '/tf' on flush cycle 3046
2026-09-30T16:07:19Z [69,579ms] [Warning] [isaacsim.ros2.nodes] ROS2 TF aggregation contributor '/World/Nova_Carter_ROS/chassis_link/sensors/front_hawk/ROS_TF/PublisherTF' did not submit transforms for topic '/tf' on flush cycle 3046
2026-09-30T16:07:19Z [69,579ms] [Warning] [isaacsim.ros2.nodes] ROS2 TF aggregation contributor '/World/Nova_Carter_ROS/chassis_link/sensors/left_hawk/ROS_TF/PublisherTF' did not submit transforms for topic '/tf' on flush cycle 3046
2026-09-30T16:07:19Z [69,579ms] [Warning] [isaacsim.ros2.nodes] ROS2 TF aggregation contributor '/World/Nova_Carter_ROS/chassis_link/sensors/front_owl/ROS_TF/PublisherTF' did not submit transforms for topic '/tf' on flush cycle 3046
2026-09-30T16:07:19Z [69,579ms] [Warning] [isaacsim.ros2.nodes] ROS2 TF aggregation contributor '/World/Nova_Carter_ROS/chassis_link/sensors/XT_32/ROS_TF/PublisherTF' did not submit transforms for topic '/tf' on flush cycle 3046
2026-09-30T16:07:19Z [69,579ms] [Warning] [isaacsim.ros2.nodes] ROS2 TF aggregation contributor '/World/Nova_Carter_ROS/chassis_link/sensors/back_hawk/ROS_TF/PublisherTF' did not submit transforms for topic '/tf' on flush cycle 3046
2026-09-30T16:07:19Z [69,579ms] [Warning] [isaacsim.ros2.nodes] ROS2 TF aggregation contributor '/World/Nova_Carter_ROS/chassis_link/sensors/rear_RPLidar/ROS_TF/PublisherTF' did not submit transforms for topic '/tf' on flush cycle 3046
2026-09-30T16:07:19Z [69,579ms] [Warning] [isaacsim.ros2.nodes] ROS2 TF aggregation contributor '/World/Nova_Carter_ROS/transform_tree_odometry/ros2_publish_raw_transform_tree' did not submit transforms for topic '/tf' on flush cycle 3046
2026-09-30T16:07:19Z [69,579ms] [Warning] [isaacsim.ros2.nodes] ROS2 TF aggregation contributor '/World/Nova_Carter_ROS/chassis_link/sensors/right_owl/ROS_TF/PublisherTF' did not submit transforms for topic '/tf' on flush cycle 3046
2026-09-30T16:07:19Z [69,579ms] [Warning] [isaacsim.ros2.nodes] ROS2 TF aggregation contributor '/World/Nova_Carter_ROS/transform_tree_odometry/tf_tree_base_link_to_chassis' did not submit transforms for topic '/tf' on flush cycle 3046
2026-09-30T16:07:19Z [69,579ms] [Warning] [isaacsim.ros2.nodes] ROS2 TF aggregation contributor '/World/Nova_Carter_ROS/transform_tree_odometry/tf_tree_base_link_to_sensors' did not submit transforms for topic '/tf' on flush cycle 3046
2026-09-30T16:07:19Z [69,579ms] [Warning] [isaacsim.ros2.nodes] ROS2 TF aggregation contributor '/World/Nova_Carter_ROS/transform_tree_odometry/tf_tree_base_link_to_wheel_base' did not submit transforms for topic '/tf' on flush cycle 3046
2026-09-30T16:07:27Z [77,677ms] [Warning] [omni.graph.core.plugin] /World/Nova_Carter_ROS/differential_drive/differential_controller_01: [/World/Nova_Carter_ROS/differential_drive] Invalid deltaTime 0.000000, cannot check for acceleration limits, skipping current step
2026-09-30T16:07:28Z [79,441ms] [Warning] [isaacsim.ros2.nodes] ROS2 TF aggregation contributor '/World/Nova_Carter_ROS/chassis_link/sensors/back_owl/ROS_TF/PublisherTF' did not submit transforms for topic '/tf' on flush cycle 3575
2026-09-30T16:07:28Z [79,441ms] [Warning] [isaacsim.ros2.nodes] ROS2 TF aggregation contributor '/World/Nova_Carter_ROS/chassis_link/sensors/right_hawk/ROS_TF/PublisherTF' did not submit transforms for topic '/tf' on flush cycle 3575
2026-09-30T16:07:28Z [79,441ms] [Warning] [isaacsim.ros2.nodes] ROS2 TF aggregation contributor '/World/Nova_Carter_ROS/chassis_link/sensors/left_owl/ROS_TF/PublisherTF' did not submit transforms for topic '/tf' on flush cycle 3575
2026-09-30T16:07:28Z [79,441ms] [Warning] [isaacsim.ros2.nodes] ROS2 TF aggregation contributor '/World/Nova_Carter_ROS/chassis_link/sensors/front_RPLidar/ROS_TF/PublisherTF' did not submit transforms for topic '/tf' on flush cycle 3575
2026-09-30T16:07:28Z [79,441ms] [Warning] [isaacsim.ros2.nodes] ROS2 TF aggregation contributor '/World/Nova_Carter_ROS/chassis_link/sensors/front_hawk/ROS_TF/PublisherTF' did not submit transforms for topic '/tf' on flush cycle 3575
2026-09-30T16:07:28Z [79,441ms] [Warning] [isaacsim.ros2.nodes] ROS2 TF aggregation contributor '/World/Nova_Carter_ROS/chassis_link/sensors/left_hawk/ROS_TF/PublisherTF' did not submit transforms for topic '/tf' on flush cycle 3575
2026-09-30T16:07:28Z [79,441ms] [Warning] [isaacsim.ros2.nodes] ROS2 TF aggregation contributor '/World/Nova_Carter_ROS/chassis_link/sensors/front_owl/ROS_TF/PublisherTF' did not submit transforms for topic '/tf' on flush cycle 3575
2026-09-30T16:07:28Z [79,441ms] [Warning] [isaacsim.ros2.nodes] ROS2 TF aggregation contributor '/World/Nova_Carter_ROS/chassis_link/sensors/XT_32/ROS_TF/PublisherTF' did not submit transforms for topic '/tf' on flush cycle 3575
2026-09-30T16:07:28Z [79,441ms] [Warning] [isaacsim.ros2.nodes] ROS2 TF aggregation contributor '/World/Nova_Carter_ROS/chassis_link/sensors/back_hawk/ROS_TF/PublisherTF' did not submit transforms for topic '/tf' on flush cycle 3575
2026-09-30T16:07:28Z [79,441ms] [Warning] [isaacsim.ros2.nodes] ROS2 TF aggregation contributor '/World/Nova_Carter_ROS/chassis_link/sensors/rear_RPLidar/ROS_TF/PublisherTF' did not submit transforms for topic '/tf' on flush cycle 3575
2026-09-30T16:07:28Z [79,441ms] [Warning] [isaacsim.ros2.nodes] ROS2 TF aggregation contributor '/World/Nova_Carter_ROS/transform_tree_odometry/ros2_publish_raw_transform_tree' did not submit transforms for topic '/tf' on flush cycle 3575
2026-09-30T16:07:28Z [79,441ms] [Warning] [isaacsim.ros2.nodes] ROS2 TF aggregation contributor '/World/Nova_Carter_ROS/chassis_link/sensors/right_owl/ROS_TF/PublisherTF' did not submit transforms for topic '/tf' on flush cycle 3575
2026-09-30T16:07:28Z [79,441ms] [Warning] [isaacsim.ros2.nodes] ROS2 TF aggregation contributor '/World/Nova_Carter_ROS/transform_tree_odometry/tf_tree_base_link_to_chassis' did not submit transforms for topic '/tf' on flush cycle 3575
2026-09-30T16:07:28Z [79,441ms] [Warning] [isaacsim.ros2.nodes] ROS2 TF aggregation contributor '/World/Nova_Carter_ROS/transform_tree_odometry/tf_tree_base_link_to_sensors' did not submit transforms for topic '/tf' on flush cycle 3575
2026-09-30T16:07:28Z [79,441ms] [Warning] [isaacsim.ros2.nodes] ROS2 TF aggregation contributor '/World/Nova_Carter_ROS/transform_tree_odometry/tf_tree_base_link_to_wheel_base' did not submit transforms for topic '/tf' on flush cycle 3575
2026-09-30T16:07:30Z [81,476ms] [Warning] [isaacsim.ros2.nodes] ROS2 TF aggregation contributor '/World/Nova_Carter_ROS/chassis_link/sensors/back_owl/ROS_TF/PublisherTF' did not submit transforms for topic '/tf' on flush cycle 3695
2026-09-30T16:07:30Z [81,476ms] [Warning] [isaacsim.ros2.nodes] ROS2 TF aggregation contributor '/World/Nova_Carter_ROS/chassis_link/sensors/right_hawk/ROS_TF/PublisherTF' did not submit transforms for topic '/tf' on flush cycle 3695
2026-09-30T16:07:30Z [81,476ms] [Warning] [isaacsim.ros2.nodes] ROS2 TF aggregation contributor '/World/Nova_Carter_ROS/chassis_link/sensors/left_owl/ROS_TF/PublisherTF' did not submit transforms for topic '/tf' on flush cycle 3695
2026-09-30T16:07:30Z [81,476ms] [Warning] [isaacsim.ros2.nodes] ROS2 TF aggregation contributor '/World/Nova_Carter_ROS/chassis_link/sensors/front_RPLidar/ROS_TF/PublisherTF' did not submit transforms for topic '/tf' on flush cycle 3695
2026-09-30T16:07:30Z [81,476ms] [Warning] [isaacsim.ros2.nodes] ROS2 TF aggregation contributor '/World/Nova_Carter_ROS/chassis_link/sensors/front_hawk/ROS_TF/PublisherTF' did not submit transforms for topic '/tf' on flush cycle 3695
2026-09-30T16:07:30Z [81,476ms] [Warning] [isaacsim.ros2.nodes] ROS2 TF aggregation contributor '/World/Nova_Carter_ROS/chassis_link/sensors/left_hawk/ROS_TF/PublisherTF' did not submit transforms for topic '/tf' on flush cycle 3695
2026-09-30T16:07:30Z [81,476ms] [Warning] [isaacsim.ros2.nodes] ROS2 TF aggregation contributor '/World/Nova_Carter_ROS/chassis_link/sensors/front_owl/ROS_TF/PublisherTF' did not submit transforms for topic '/tf' on flush cycle 3695
2026-09-30T16:07:30Z [81,476ms] [Warning] [isaacsim.ros2.nodes] ROS2 TF aggregation contributor '/World/Nova_Carter_ROS/chassis_link/sensors/XT_32/ROS_TF/PublisherTF' did not submit transforms for topic '/tf' on flush cycle 3695
2026-09-30T16:07:30Z [81,476ms] [Warning] [isaacsim.ros2.nodes] ROS2 TF aggregation contributor '/World/Nova_Carter_ROS/chassis_link/sensors/back_hawk/ROS_TF/PublisherTF' did not submit transforms for topic '/tf' on flush cycle 3695
2026-09-30T16:07:30Z [81,476ms] [Warning] [isaacsim.ros2.nodes] ROS2 TF aggregation contributor '/World/Nova_Carter_ROS/chassis_link/sensors/rear_RPLidar/ROS_TF/PublisherTF' did not submit transforms for topic '/tf' on flush cycle 3695
2026-09-30T16:07:30Z [81,476ms] [Warning] [isaacsim.ros2.nodes] ROS2 TF aggregation contributor '/World/Nova_Carter_ROS/transform_tree_odometry/ros2_publish_raw_transform_tree' did not submit transforms for topic '/tf' on flush cycle 3695
2026-09-30T16:07:30Z [81,476ms] [Warning] [isaacsim.ros2.nodes] ROS2 TF aggregation contributor '/World/Nova_Carter_ROS/chassis_link/sensors/right_owl/ROS_TF/PublisherTF' did not submit transforms for topic '/tf' on flush cycle 3695
2026-09-30T16:07:30Z [81,476ms] [Warning] [isaacsim.ros2.nodes] ROS2 TF aggregation contributor '/World/Nova_Carter_ROS/transform_tree_odometry/tf_tree_base_link_to_chassis' did not submit transforms for topic '/tf' on flush cycle 3695
2026-09-30T16:07:30Z [81,476ms] [Warning] [isaacsim.ros2.nodes] ROS2 TF aggregation contributor '/World/Nova_Carter_ROS/transform_tree_odometry/tf_tree_base_link_to_sensors' did not submit transforms for topic '/tf' on flush cycle 3695
2026-09-30T16:07:30Z [81,476ms] [Warning] [isaacsim.ros2.nodes] ROS2 TF aggregation contributor '/World/Nova_Carter_ROS/transform_tree_odometry/tf_tree_base_link_to_wheel_base' did not submit transforms for topic '/tf' on flush cycle 3695
2026-09-30T16:07:32Z [83,518ms] [Warning] [isaacsim.ros2.nodes] ROS2 TF aggregation contributor '/World/Nova_Carter_ROS/chassis_link/sensors/back_owl/ROS_TF/PublisherTF' did not submit transforms for topic '/tf' on flush cycle 3815
2026-09-30T16:07:32Z [83,518ms] [Warning] [isaacsim.ros2.nodes] ROS2 TF aggregation contributor '/World/Nova_Carter_ROS/chassis_link/sensors/right_hawk/ROS_TF/PublisherTF' did not submit transforms for topic '/tf' on flush cycle 3815
2026-09-30T16:07:32Z [83,518ms] [Warning] [isaacsim.ros2.nodes] ROS2 TF aggregation contributor '/World/Nova_Carter_ROS/chassis_link/sensors/left_owl/ROS_TF/PublisherTF' did not submit transforms for topic '/tf' on flush cycle 3815
2026-09-30T16:07:32Z [83,518ms] [Warning] [isaacsim.ros2.nodes] ROS2 TF aggregation contributor '/World/Nova_Carter_ROS/chassis_link/sensors/front_RPLidar/ROS_TF/PublisherTF' did not submit transforms for topic '/tf' on flush cycle 3815
2026-09-30T16:07:32Z [83,518ms] [Warning] [isaacsim.ros2.nodes] ROS2 TF aggregation contributor '/World/Nova_Carter_ROS/chassis_link/sensors/front_hawk/ROS_TF/PublisherTF' did not submit transforms for topic '/tf' on flush cycle 3815
2026-09-30T16:07:32Z [83,518ms] [Warning] [isaacsim.ros2.nodes] ROS2 TF aggregation contributor '/World/Nova_Carter_ROS/chassis_link/sensors/left_hawk/ROS_TF/PublisherTF' did not submit transforms for topic '/tf' on flush cycle 3815
2026-09-30T16:07:32Z [83,518ms] [Warning] [isaacsim.ros2.nodes] ROS2 TF aggregation contributor '/World/Nova_Carter_ROS/chassis_link/sensors/front_owl/ROS_TF/PublisherTF' did not submit transforms for topic '/tf' on flush cycle 3815
2026-09-30T16:07:32Z [83,518ms] [Warning] [isaacsim.ros2.nodes] ROS2 TF aggregation contributor '/World/Nova_Carter_ROS/chassis_link/sensors/XT_32/ROS_TF/PublisherTF' did not submit transforms for topic '/tf' on flush cycle 3815
2026-09-30T16:07:32Z [83,518ms] [Warning] [isaacsim.ros2.nodes] ROS2 TF aggregation contributor '/World/Nova_Carter_ROS/chassis_link/sensors/back_hawk/ROS_TF/PublisherTF' did not submit transforms for topic '/tf' on flush cycle 3815
2026-09-30T16:07:32Z [83,518ms] [Warning] [isaacsim.ros2.nodes] ROS2 TF aggregation contributor '/World/Nova_Carter_ROS/chassis_link/sensors/rear_RPLidar/ROS_TF/PublisherTF' did not submit transforms for topic '/tf' on flush cycle 3815
2026-09-30T16:07:32Z [83,518ms] [Warning] [isaacsim.ros2.nodes] ROS2 TF aggregation contributor '/World/Nova_Carter_ROS/transform_tree_odometry/ros2_publish_raw_transform_tree' did not submit transforms for topic '/tf' on flush cycle 3815
2026-09-30T16:07:32Z [83,518ms] [Warning] [isaacsim.ros2.nodes] ROS2 TF aggregation contributor '/World/Nova_Carter_ROS/chassis_link/sensors/right_owl/ROS_TF/PublisherTF' did not submit transforms for topic '/tf' on flush cycle 3815
2026-09-30T16:07:32Z [83,518ms] [Warning] [isaacsim.ros2.nodes] ROS2 TF aggregation contributor '/World/Nova_Carter_ROS/transform_tree_odometry/tf_tree_base_link_to_chassis' did not submit transforms for topic '/tf' on flush cycle 3815
2026-09-30T16:07:32Z [83,518ms] [Warning] [isaacsim.ros2.nodes] ROS2 TF aggregation contributor '/World/Nova_Carter_ROS/transform_tree_odometry/tf_tree_base_link_to_sensors' did not submit transforms for topic '/tf' on flush cycle 3815
2026-09-30T16:07:32Z [83,518ms] [Warning] [isaacsim.ros2.nodes] ROS2 TF aggregation contributor '/World/Nova_Carter_ROS/transform_tree_odometry/tf_tree_base_link_to_wheel_base' did not submit transforms for topic '/tf' on flush cycle 3815
2026-09-30T16:07:35Z [85,561ms] [Warning] [isaacsim.ros2.nodes] ROS2 TF aggregation contributor '/World/Nova_Carter_ROS/chassis_link/sensors/back_owl/ROS_TF/PublisherTF' did not submit transforms for topic '/tf' on flush cycle 3935
2026-09-30T16:07:35Z [85,562ms] [Warning] [isaacsim.ros2.nodes] ROS2 TF aggregation contributor '/World/Nova_Carter_ROS/chassis_link/sensors/right_hawk/ROS_TF/PublisherTF' did not submit transforms for topic '/tf' on flush cycle 3935
2026-09-30T16:07:35Z [85,562ms] [Warning] [isaacsim.ros2.nodes] ROS2 TF aggregation contributor '/World/Nova_Carter_ROS/chassis_link/sensors/left_owl/ROS_TF/PublisherTF' did not submit transforms for topic '/tf' on flush cycle 3935
2026-09-30T16:07:35Z [85,562ms] [Warning] [isaacsim.ros2.nodes] ROS2 TF aggregation contributor '/World/Nova_Carter_ROS/chassis_link/sensors/front_RPLidar/ROS_TF/PublisherTF' did not submit transforms for topic '/tf' on flush cycle 3935
2026-09-30T16:07:35Z [85,562ms] [Warning] [isaacsim.ros2.nodes] ROS2 TF aggregation contributor '/World/Nova_Carter_ROS/chassis_link/sensors/front_hawk/ROS_TF/PublisherTF' did not submit transforms for topic '/tf' on flush cycle 3935
2026-09-30T16:07:35Z [85,562ms] [Warning] [isaacsim.ros2.nodes] ROS2 TF aggregation contributor '/World/Nova_Carter_ROS/chassis_link/sensors/left_hawk/ROS_TF/PublisherTF' did not submit transforms for topic '/tf' on flush cycle 3935
2026-09-30T16:07:35Z [85,562ms] [Warning] [isaacsim.ros2.nodes] ROS2 TF aggregation contributor '/World/Nova_Carter_ROS/chassis_link/sensors/front_owl/ROS_TF/PublisherTF' did not submit transforms for topic '/tf' on flush cycle 3935
2026-09-30T16:07:35Z [85,562ms] [Warning] [isaacsim.ros2.nodes] ROS2 TF aggregation contributor '/World/Nova_Carter_ROS/chassis_link/sensors/XT_32/ROS_TF/PublisherTF' did not submit transforms for topic '/tf' on flush cycle 3935
2026-09-30T16:07:35Z [85,562ms] [Warning] [isaacsim.ros2.nodes] ROS2 TF aggregation contributor '/World/Nova_Carter_ROS/chassis_link/sensors/back_hawk/ROS_TF/PublisherTF' did not submit transforms for topic '/tf' on flush cycle 3935
2026-09-30T16:07:35Z [85,562ms] [Warning] [isaacsim.ros2.nodes] ROS2 TF aggregation contributor '/World/Nova_Carter_ROS/chassis_link/sensors/rear_RPLidar/ROS_TF/PublisherTF' did not submit transforms for topic '/tf' on flush cycle 3935
2026-09-30T16:07:35Z [85,562ms] [Warning] [isaacsim.ros2.nodes] ROS2 TF aggregation contributor '/World/Nova_Carter_ROS/transform_tree_odometry/ros2_publish_raw_transform_tree' did not submit transforms for topic '/tf' on flush cycle 3935
2026-09-30T16:07:35Z [85,562ms] [Warning] [isaacsim.ros2.nodes] ROS2 TF aggregation contributor '/World/Nova_Carter_ROS/chassis_link/sensors/right_owl/ROS_TF/PublisherTF' did not submit transforms for topic '/tf' on flush cycle 3935
2026-09-30T16:07:35Z [85,562ms] [Warning] [isaacsim.ros2.nodes] ROS2 TF aggregation contributor '/World/Nova_Carter_ROS/transform_tree_odometry/tf_tree_base_link_to_chassis' did not submit transforms for topic '/tf' on flush cycle 3935
2026-09-30T16:07:35Z [85,562ms] [Warning] [isaacsim.ros2.nodes] ROS2 TF aggregation contributor '/World/Nova_Carter_ROS/transform_tree_odometry/tf_tree_base_link_to_sensors' did not submit transforms for topic '/tf' on flush cycle 3935
2026-09-30T16:07:35Z [85,562ms] [Warning] [isaacsim.ros2.nodes] ROS2 TF aggregation contributor '/World/Nova_Carter_ROS/transform_tree_odometry/tf_tree_base_link_to_wheel_base' did not submit transforms for topic '/tf' on flush cycle 3935
2026-09-30T16:07:37Z [87,659ms] [Warning] [isaacsim.ros2.nodes] ROS2 TF aggregation contributor '/World/Nova_Carter_ROS/chassis_link/sensors/back_owl/ROS_TF/PublisherTF' did not submit transforms for topic '/tf' on flush cycle 4055
2026-09-30T16:07:37Z [87,659ms] [Warning] [isaacsim.ros2.nodes] ROS2 TF aggregation contributor '/World/Nova_Carter_ROS/chassis_link/sensors/right_hawk/ROS_TF/PublisherTF' did not submit transforms for topic '/tf' on flush cycle 4055
2026-09-30T16:07:37Z [87,659ms] [Warning] [isaacsim.ros2.nodes] ROS2 TF aggregation contributor '/World/Nova_Carter_ROS/chassis_link/sensors/left_owl/ROS_TF/PublisherTF' did not submit transforms for topic '/tf' on flush cycle 4055
2026-09-30T16:07:37Z [87,659ms] [Warning] [isaacsim.ros2.nodes] ROS2 TF aggregation contributor '/World/Nova_Carter_ROS/chassis_link/sensors/front_RPLidar/ROS_TF/PublisherTF' did not submit transforms for topic '/tf' on flush cycle 4055
2026-09-30T16:07:37Z [87,659ms] [Warning] [isaacsim.ros2.nodes] ROS2 TF aggregation contributor '/World/Nova_Carter_ROS/chassis_link/sensors/front_hawk/ROS_TF/PublisherTF' did not submit transforms for topic '/tf' on flush cycle 4055
2026-09-30T16:07:37Z [87,659ms] [Warning] [isaacsim.ros2.nodes] ROS2 TF aggregation contributor '/World/Nova_Carter_ROS/chassis_link/sensors/left_hawk/ROS_TF/PublisherTF' did not submit transforms for topic '/tf' on flush cycle 4055
2026-09-30T16:07:37Z [87,659ms] [Warning] [isaacsim.ros2.nodes] ROS2 TF aggregation contributor '/World/Nova_Carter_ROS/chassis_link/sensors/front_owl/ROS_TF/PublisherTF' did not submit transforms for topic '/tf' on flush cycle 4055
2026-09-30T16:07:37Z [87,659ms] [Warning] [isaacsim.ros2.nodes] ROS2 TF aggregation contributor '/World/Nova_Carter_ROS/chassis_link/sensors/XT_32/ROS_TF/PublisherTF' did not submit transforms for topic '/tf' on flush cycle 4055
2026-09-30T16:07:37Z [87,659ms] [Warning] [isaacsim.ros2.nodes] ROS2 TF aggregation contributor '/World/Nova_Carter_ROS/chassis_link/sensors/back_hawk/ROS_TF/PublisherTF' did not submit transforms for topic '/tf' on flush cycle 4055
2026-09-30T16:07:37Z [87,659ms] [Warning] [isaacsim.ros2.nodes] ROS2 TF aggregation contributor '/World/Nova_Carter_ROS/chassis_link/sensors/rear_RPLidar/ROS_TF/PublisherTF' did not submit transforms for topic '/tf' on flush cycle 4055
2026-09-30T16:07:37Z [87,659ms] [Warning] [isaacsim.ros2.nodes] ROS2 TF aggregation contributor '/World/Nova_Carter_ROS/transform_tree_odometry/ros2_publish_raw_transform_tree' did not submit transforms for topic '/tf' on flush cycle 4055
2026-09-30T16:07:37Z [87,659ms] [Warning] [isaacsim.ros2.nodes] ROS2 TF aggregation contributor '/World/Nova_Carter_ROS/chassis_link/sensors/right_owl/ROS_TF/PublisherTF' did not submit transforms for topic '/tf' on flush cycle 4055
2026-09-30T16:07:37Z [87,659ms] [Warning] [isaacsim.ros2.nodes] ROS2 TF aggregation contributor '/World/Nova_Carter_ROS/transform_tree_odometry/tf_tree_base_link_to_chassis' did not submit transforms for topic '/tf' on flush cycle 4055
2026-09-30T16:07:37Z [87,659ms] [Warning] [isaacsim.ros2.nodes] ROS2 TF aggregation contributor '/World/Nova_Carter_ROS/transform_tree_odometry/tf_tree_base_link_to_sensors' did not submit transforms for topic '/tf' on flush cycle 4055
2026-09-30T16:07:37Z [87,659ms] [Warning] [isaacsim.ros2.nodes] ROS2 TF aggregation contributor '/World/Nova_Carter_ROS/transform_tree_odometry/tf_tree_base_link_to_wheel_base' did not submit transforms for topic '/tf' on flush cycle 4055
2026-09-30T16:07:39Z [89,754ms] [Warning] [isaacsim.ros2.nodes] ROS2 TF aggregation contributor '/World/Nova_Carter_ROS/chassis_link/sensors/back_owl/ROS_TF/PublisherTF' did not submit transforms for topic '/tf' on flush cycle 4175
2026-09-30T16:07:39Z [89,754ms] [Warning] [isaacsim.ros2.nodes] ROS2 TF aggregation contributor '/World/Nova_Carter_ROS/chassis_link/sensors/right_hawk/ROS_TF/PublisherTF' did not submit transforms for topic '/tf' on flush cycle 4175
2026-09-30T16:07:39Z [89,754ms] [Warning] [isaacsim.ros2.nodes] ROS2 TF aggregation contributor '/World/Nova_Carter_ROS/chassis_link/sensors/left_owl/ROS_TF/PublisherTF' did not submit transforms for topic '/tf' on flush cycle 4175
2026-09-30T16:07:39Z [89,754ms] [Warning] [isaacsim.ros2.nodes] ROS2 TF aggregation contributor '/World/Nova_Carter_ROS/chassis_link/sensors/front_RPLidar/ROS_TF/PublisherTF' did not submit transforms for topic '/tf' on flush cycle 4175
2026-09-30T16:07:39Z [89,754ms] [Warning] [isaacsim.ros2.nodes] ROS2 TF aggregation contributor '/World/Nova_Carter_ROS/chassis_link/sensors/front_hawk/ROS_TF/PublisherTF' did not submit transforms for topic '/tf' on flush cycle 4175
2026-09-30T16:07:39Z [89,754ms] [Warning] [isaacsim.ros2.nodes] ROS2 TF aggregation contributor '/World/Nova_Carter_ROS/chassis_link/sensors/left_hawk/ROS_TF/PublisherTF' did not submit transforms for topic '/tf' on flush cycle 4175
2026-09-30T16:07:39Z [89,754ms] [Warning] [isaacsim.ros2.nodes] ROS2 TF aggregation contributor '/World/Nova_Carter_ROS/chassis_link/sensors/front_owl/ROS_TF/PublisherTF' did not submit transforms for topic '/tf' on flush cycle 4175
2026-09-30T16:07:39Z [89,754ms] [Warning] [isaacsim.ros2.nodes] ROS2 TF aggregation contributor '/World/Nova_Carter_ROS/chassis_link/sensors/XT_32/ROS_TF/PublisherTF' did not submit transforms for topic '/tf' on flush cycle 4175
2026-09-30T16:07:39Z [89,754ms] [Warning] [isaacsim.ros2.nodes] ROS2 TF aggregation contributor '/World/Nova_Carter_ROS/chassis_link/sensors/back_hawk/ROS_TF/PublisherTF' did not submit transforms for topic '/tf' on flush cycle 4175
2026-09-30T16:07:39Z [89,754ms] [Warning] [isaacsim.ros2.nodes] ROS2 TF aggregation contributor '/World/Nova_Carter_ROS/chassis_link/sensors/rear_RPLidar/ROS_TF/PublisherTF' did not submit transforms for topic '/tf' on flush cycle 4175
2026-09-30T16:07:39Z [89,754ms] [Warning] [isaacsim.ros2.nodes] ROS2 TF aggregation contributor '/World/Nova_Carter_ROS/transform_tree_odometry/ros2_publish_raw_transform_tree' did not submit transforms for topic '/tf' on flush cycle 4175
2026-09-30T16:07:39Z [89,754ms] [Warning] [isaacsim.ros2.nodes] ROS2 TF aggregation contributor '/World/Nova_Carter_ROS/chassis_link/sensors/right_owl/ROS_TF/PublisherTF' did not submit transforms for topic '/tf' on flush cycle 4175
2026-09-30T16:07:39Z [89,754ms] [Warning] [isaacsim.ros2.nodes] ROS2 TF aggregation contributor '/World/Nova_Carter_ROS/transform_tree_odometry/tf_tree_base_link_to_chassis' did not submit transforms for topic '/tf' on flush cycle 4175
2026-09-30T16:07:39Z [89,754ms] [Warning] [isaacsim.ros2.nodes] ROS2 TF aggregation contributor '/World/Nova_Carter_ROS/transform_tree_odometry/tf_tree_base_link_to_sensors' did not submit transforms for topic '/tf' on flush cycle 4175
2026-09-30T16:07:39Z [89,754ms] [Warning] [isaacsim.ros2.nodes] ROS2 TF aggregation contributor '/World/Nova_Carter_ROS/transform_tree_odometry/tf_tree_base_link_to_wheel_base' did not submit transforms for topic '/tf' on flush cycle 4175
2026-09-30T16:07:41Z [91,801ms] [Warning] [isaacsim.ros2.nodes] ROS2 TF aggregation contributor '/World/Nova_Carter_ROS/chassis_link/sensors/back_owl/ROS_TF/PublisherTF' did not submit transforms for topic '/tf' on flush cycle 4295
2026-09-30T16:07:41Z [91,802ms] [Warning] [isaacsim.ros2.nodes] ROS2 TF aggregation contributor '/World/Nova_Carter_ROS/chassis_link/sensors/right_hawk/ROS_TF/PublisherTF' did not submit transforms for topic '/tf' on flush cycle 4295
2026-09-30T16:07:41Z [91,802ms] [Warning] [isaacsim.ros2.nodes] ROS2 TF aggregation contributor '/World/Nova_Carter_ROS/chassis_link/sensors/left_owl/ROS_TF/PublisherTF' did not submit transforms for topic '/tf' on flush cycle 4295
2026-09-30T16:07:41Z [91,802ms] [Warning] [isaacsim.ros2.nodes] ROS2 TF aggregation contributor '/World/Nova_Carter_ROS/chassis_link/sensors/front_RPLidar/ROS_TF/PublisherTF' did not submit transforms for topic '/tf' on flush cycle 4295
2026-09-30T16:07:41Z [91,802ms] [Warning] [isaacsim.ros2.nodes] ROS2 TF aggregation contributor '/World/Nova_Carter_ROS/chassis_link/sensors/front_hawk/ROS_TF/PublisherTF' did not submit transforms for topic '/tf' on flush cycle 4295
2026-09-30T16:07:41Z [91,802ms] [Warning] [isaacsim.ros2.nodes] ROS2 TF aggregation contributor '/World/Nova_Carter_ROS/chassis_link/sensors/left_hawk/ROS_TF/PublisherTF' did not submit transforms for topic '/tf' on flush cycle 4295
2026-09-30T16:07:41Z [91,802ms] [Warning] [isaacsim.ros2.nodes] ROS2 TF aggregation contributor '/World/Nova_Carter_ROS/chassis_link/sensors/front_owl/ROS_TF/PublisherTF' did not submit transforms for topic '/tf' on flush cycle 4295
2026-09-30T16:07:41Z [91,802ms] [Warning] [isaacsim.ros2.nodes] ROS2 TF aggregation contributor '/World/Nova_Carter_ROS/chassis_link/sensors/XT_32/ROS_TF/PublisherTF' did not submit transforms for topic '/tf' on flush cycle 4295
2026-09-30T16:07:41Z [91,802ms] [Warning] [isaacsim.ros2.nodes] ROS2 TF aggregation contributor '/World/Nova_Carter_ROS/chassis_link/sensors/back_hawk/ROS_TF/PublisherTF' did not submit transforms for topic '/tf' on flush cycle 4295
2026-09-30T16:07:41Z [91,802ms] [Warning] [isaacsim.ros2.nodes] ROS2 TF aggregation contributor '/World/Nova_Carter_ROS/chassis_link/sensors/rear_RPLidar/ROS_TF/PublisherTF' did not submit transforms for topic '/tf' on flush cycle 4295
2026-09-30T16:07:41Z [91,802ms] [Warning] [isaacsim.ros2.nodes] ROS2 TF aggregation contributor '/World/Nova_Carter_ROS/transform_tree_odometry/ros2_publish_raw_transform_tree' did not submit transforms for topic '/tf' on flush cycle 4295
2026-09-30T16:07:41Z [91,802ms] [Warning] [isaacsim.ros2.nodes] ROS2 TF aggregation contributor '/World/Nova_Carter_ROS/chassis_link/sensors/right_owl/ROS_TF/PublisherTF' did not submit transforms for topic '/tf' on flush cycle 4295
2026-09-30T16:07:41Z [91,802ms] [Warning] [isaacsim.ros2.nodes] ROS2 TF aggregation contributor '/World/Nova_Carter_ROS/transform_tree_odometry/tf_tree_base_link_to_chassis' did not submit transforms for topic '/tf' on flush cycle 4295
2026-09-30T16:07:41Z [91,802ms] [Warning] [isaacsim.ros2.nodes] ROS2 TF aggregation contributor '/World/Nova_Carter_ROS/transform_tree_odometry/tf_tree_base_link_to_sensors' did not submit transforms for topic '/tf' on flush cycle 4295
2026-09-30T16:07:41Z [91,802ms] [Warning] [isaacsim.ros2.nodes] ROS2 TF aggregation contributor '/World/Nova_Carter_ROS/transform_tree_odometry/tf_tree_base_link_to_wheel_base' did not submit transforms for topic '/tf' on flush cycle 4295
2026-09-30T16:07:51Z [101,984ms] [Warning] [isaacsim.ros2.nodes] ROS2 TF aggregation contributor '/World/Nova_Carter_ROS/chassis_link/sensors/back_owl/ROS_TF/PublisherTF' did not submit transforms for topic '/tf' on flush cycle 4848
2026-09-30T16:07:51Z [101,984ms] [Warning] [isaacsim.ros2.nodes] ROS2 TF aggregation contributor '/World/Nova_Carter_ROS/chassis_link/sensors/right_hawk/ROS_TF/PublisherTF' did not submit transforms for topic '/tf' on flush cycle 4848
2026-09-30T16:07:51Z [101,984ms] [Warning] [isaacsim.ros2.nodes] ROS2 TF aggregation contributor '/World/Nova_Carter_ROS/chassis_link/sensors/left_owl/ROS_TF/PublisherTF' did not submit transforms for topic '/tf' on flush cycle 4848
2026-09-30T16:07:51Z [101,984ms] [Warning] [isaacsim.ros2.nodes] ROS2 TF aggregation contributor '/World/Nova_Carter_ROS/chassis_link/sensors/front_RPLidar/ROS_TF/PublisherTF' did not submit transforms for topic '/tf' on flush cycle 4848
2026-09-30T16:07:51Z [101,984ms] [Warning] [isaacsim.ros2.nodes] ROS2 TF aggregation contributor '/World/Nova_Carter_ROS/chassis_link/sensors/front_hawk/ROS_TF/PublisherTF' did not submit transforms for topic '/tf' on flush cycle 4848
2026-09-30T16:07:51Z [101,984ms] [Warning] [isaacsim.ros2.nodes] ROS2 TF aggregation contributor '/World/Nova_Carter_ROS/chassis_link/sensors/left_hawk/ROS_TF/PublisherTF' did not submit transforms for topic '/tf' on flush cycle 4848
2026-09-30T16:07:51Z [101,984ms] [Warning] [isaacsim.ros2.nodes] ROS2 TF aggregation contributor '/World/Nova_Carter_ROS/chassis_link/sensors/front_owl/ROS_TF/PublisherTF' did not submit transforms for topic '/tf' on flush cycle 4848
2026-09-30T16:07:51Z [101,984ms] [Warning] [isaacsim.ros2.nodes] ROS2 TF aggregation contributor '/World/Nova_Carter_ROS/chassis_link/sensors/XT_32/ROS_TF/PublisherTF' did not submit transforms for topic '/tf' on flush cycle 4848
2026-09-30T16:07:51Z [101,984ms] [Warning] [isaacsim.ros2.nodes] ROS2 TF aggregation contributor '/World/Nova_Carter_ROS/chassis_link/sensors/back_hawk/ROS_TF/PublisherTF' did not submit transforms for topic '/tf' on flush cycle 4848
2026-09-30T16:07:51Z [101,984ms] [Warning] [isaacsim.ros2.nodes] ROS2 TF aggregation contributor '/World/Nova_Carter_ROS/chassis_link/sensors/rear_RPLidar/ROS_TF/PublisherTF' did not submit transforms for topic '/tf' on flush cycle 4848
2026-09-30T16:07:51Z [101,984ms] [Warning] [isaacsim.ros2.nodes] ROS2 TF aggregation contributor '/World/Nova_Carter_ROS/transform_tree_odometry/ros2_publish_raw_transform_tree' did not submit transforms for topic '/tf' on flush cycle 4848
2026-09-30T16:07:51Z [101,984ms] [Warning] [isaacsim.ros2.nodes] ROS2 TF aggregation contributor '/World/Nova_Carter_ROS/chassis_link/sensors/right_owl/ROS_TF/PublisherTF' did not submit transforms for topic '/tf' on flush cycle 4848
2026-09-30T16:07:51Z [101,984ms] [Warning] [isaacsim.ros2.nodes] ROS2 TF aggregation contributor '/World/Nova_Carter_ROS/transform_tree_odometry/tf_tree_base_link_to_chassis' did not submit transforms for topic '/tf' on flush cycle 4848
2026-09-30T16:07:51Z [101,984ms] [Warning] [isaacsim.ros2.nodes] ROS2 TF aggregation contributor '/World/Nova_Carter_ROS/transform_tree_odometry/tf_tree_base_link_to_sensors' did not submit transforms for topic '/tf' on flush cycle 4848
2026-09-30T16:07:51Z [101,984ms] [Warning] [isaacsim.ros2.nodes] ROS2 TF aggregation contributor '/World/Nova_Carter_ROS/transform_tree_odometry/tf_tree_base_link_to_wheel_base' did not submit transforms for topic '/tf' on flush cycle 4848
2026-09-30T16:07:53Z [104,066ms] [Warning] [isaacsim.ros2.nodes] ROS2 TF aggregation contributor '/World/Nova_Carter_ROS/chassis_link/sensors/back_owl/ROS_TF/PublisherTF' did not submit transforms for topic '/tf' on flush cycle 4968
2026-09-30T16:07:53Z [104,066ms] [Warning] [isaacsim.ros2.nodes] ROS2 TF aggregation contributor '/World/Nova_Carter_ROS/chassis_link/sensors/right_hawk/ROS_TF/PublisherTF' did not submit transforms for topic '/tf' on flush cycle 4968
2026-09-30T16:07:53Z [104,066ms] [Warning] [isaacsim.ros2.nodes] ROS2 TF aggregation contributor '/World/Nova_Carter_ROS/chassis_link/sensors/left_owl/ROS_TF/PublisherTF' did not submit transforms for topic '/tf' on flush cycle 4968
2026-09-30T16:07:53Z [104,066ms] [Warning] [isaacsim.ros2.nodes] ROS2 TF aggregation contributor '/World/Nova_Carter_ROS/chassis_link/sensors/front_RPLidar/ROS_TF/PublisherTF' did not submit transforms for topic '/tf' on flush cycle 4968
2026-09-30T16:07:53Z [104,066ms] [Warning] [isaacsim.ros2.nodes] ROS2 TF aggregation contributor '/World/Nova_Carter_ROS/chassis_link/sensors/front_hawk/ROS_TF/PublisherTF' did not submit transforms for topic '/tf' on flush cycle 4968
2026-09-30T16:07:53Z [104,066ms] [Warning] [isaacsim.ros2.nodes] ROS2 TF aggregation contributor '/World/Nova_Carter_ROS/chassis_link/sensors/left_hawk/ROS_TF/PublisherTF' did not submit transforms for topic '/tf' on flush cycle 4968
2026-09-30T16:07:53Z [104,066ms] [Warning] [isaacsim.ros2.nodes] ROS2 TF aggregation contributor '/World/Nova_Carter_ROS/chassis_link/sensors/front_owl/ROS_TF/PublisherTF' did not submit transforms for topic '/tf' on flush cycle 4968
2026-09-30T16:07:53Z [104,066ms] [Warning] [isaacsim.ros2.nodes] ROS2 TF aggregation contributor '/World/Nova_Carter_ROS/chassis_link/sensors/XT_32/ROS_TF/PublisherTF' did not submit transforms for topic '/tf' on flush cycle 4968
2026-09-30T16:07:53Z [104,066ms] [Warning] [isaacsim.ros2.nodes] ROS2 TF aggregation contributor '/World/Nova_Carter_ROS/chassis_link/sensors/back_hawk/ROS_TF/PublisherTF' did not submit transforms for topic '/tf' on flush cycle 4968
2026-09-30T16:07:53Z [104,066ms] [Warning] [isaacsim.ros2.nodes] ROS2 TF aggregation contributor '/World/Nova_Carter_ROS/chassis_link/sensors/rear_RPLidar/ROS_TF/PublisherTF' did not submit transforms for topic '/tf' on flush cycle 4968
2026-09-30T16:07:53Z [104,066ms] [Warning] [isaacsim.ros2.nodes] ROS2 TF aggregation contributor '/World/Nova_Carter_ROS/transform_tree_odometry/ros2_publish_raw_transform_tree' did not submit transforms for topic '/tf' on flush cycle 4968
2026-09-30T16:07:53Z [104,066ms] [Warning] [isaacsim.ros2.nodes] ROS2 TF aggregation contributor '/World/Nova_Carter_ROS/chassis_link/sensors/right_owl/ROS_TF/PublisherTF' did not submit transforms for topic '/tf' on flush cycle 4968
2026-09-30T16:07:53Z [104,066ms] [Warning] [isaacsim.ros2.nodes] ROS2 TF aggregation contributor '/World/Nova_Carter_ROS/transform_tree_odometry/tf_tree_base_link_to_chassis' did not submit transforms for topic '/tf' on flush cycle 4968
2026-09-30T16:07:53Z [104,066ms] [Warning] [isaacsim.ros2.nodes] ROS2 TF aggregation contributor '/World/Nova_Carter_ROS/transform_tree_odometry/tf_tree_base_link_to_sensors' did not submit transforms for topic '/tf' on flush cycle 4968
2026-09-30T16:07:53Z [104,066ms] [Warning] [isaacsim.ros2.nodes] ROS2 TF aggregation contributor '/World/Nova_Carter_ROS/transform_tree_odometry/tf_tree_base_link_to_wheel_base' did not submit transforms for topic '/tf' on flush cycle 4968
2026-09-30T16:07:55Z [106,157ms] [Warning] [isaacsim.ros2.nodes] ROS2 TF aggregation contributor '/World/Nova_Carter_ROS/chassis_link/sensors/back_owl/ROS_TF/PublisherTF' did not submit transforms for topic '/tf' on flush cycle 5088
2026-09-30T16:07:55Z [106,157ms] [Warning] [isaacsim.ros2.nodes] ROS2 TF aggregation contributor '/World/Nova_Carter_ROS/chassis_link/sensors/right_hawk/ROS_TF/PublisherTF' did not submit transforms for topic '/tf' on flush cycle 5088
2026-09-30T16:07:55Z [106,157ms] [Warning] [isaacsim.ros2.nodes] ROS2 TF aggregation contributor '/World/Nova_Carter_ROS/chassis_link/sensors/left_owl/ROS_TF/PublisherTF' did not submit transforms for topic '/tf' on flush cycle 5088
2026-09-30T16:07:55Z [106,157ms] [Warning] [isaacsim.ros2.nodes] ROS2 TF aggregation contributor '/World/Nova_Carter_ROS/chassis_link/sensors/front_RPLidar/ROS_TF/PublisherTF' did not submit transforms for topic '/tf' on flush cycle 5088
2026-09-30T16:07:55Z [106,157ms] [Warning] [isaacsim.ros2.nodes] ROS2 TF aggregation contributor '/World/Nova_Carter_ROS/chassis_link/sensors/front_hawk/ROS_TF/PublisherTF' did not submit transforms for topic '/tf' on flush cycle 5088
2026-09-30T16:07:55Z [106,157ms] [Warning] [isaacsim.ros2.nodes] ROS2 TF aggregation contributor '/World/Nova_Carter_ROS/chassis_link/sensors/left_hawk/ROS_TF/PublisherTF' did not submit transforms for topic '/tf' on flush cycle 5088
2026-09-30T16:07:55Z [106,157ms] [Warning] [isaacsim.ros2.nodes] ROS2 TF aggregation contributor '/World/Nova_Carter_ROS/chassis_link/sensors/front_owl/ROS_TF/PublisherTF' did not submit transforms for topic '/tf' on flush cycle 5088
2026-09-30T16:07:55Z [106,157ms] [Warning] [isaacsim.ros2.nodes] ROS2 TF aggregation contributor '/World/Nova_Carter_ROS/chassis_link/sensors/XT_32/ROS_TF/PublisherTF' did not submit transforms for topic '/tf' on flush cycle 5088
2026-09-30T16:07:55Z [106,157ms] [Warning] [isaacsim.ros2.nodes] ROS2 TF aggregation contributor '/World/Nova_Carter_ROS/chassis_link/sensors/back_hawk/ROS_TF/PublisherTF' did not submit transforms for topic '/tf' on flush cycle 5088
2026-09-30T16:07:55Z [106,158ms] [Warning] [isaacsim.ros2.nodes] ROS2 TF aggregation contributor '/World/Nova_Carter_ROS/chassis_link/sensors/rear_RPLidar/ROS_TF/PublisherTF' did not submit transforms for topic '/tf' on flush cycle 5088
2026-09-30T16:07:55Z [106,158ms] [Warning] [isaacsim.ros2.nodes] ROS2 TF aggregation contributor '/World/Nova_Carter_ROS/transform_tree_odometry/ros2_publish_raw_transform_tree' did not submit transforms for topic '/tf' on flush cycle 5088
2026-09-30T16:07:55Z [106,158ms] [Warning] [isaacsim.ros2.nodes] ROS2 TF aggregation contributor '/World/Nova_Carter_ROS/chassis_link/sensors/right_owl/ROS_TF/PublisherTF' did not submit transforms for topic '/tf' on flush cycle 5088
2026-09-30T16:07:55Z [106,158ms] [Warning] [isaacsim.ros2.nodes] ROS2 TF aggregation contributor '/World/Nova_Carter_ROS/transform_tree_odometry/tf_tree_base_link_to_chassis' did not submit transforms for topic '/tf' on flush cycle 5088
2026-09-30T16:07:55Z [106,158ms] [Warning] [isaacsim.ros2.nodes] ROS2 TF aggregation contributor '/World/Nova_Carter_ROS/transform_tree_odometry/tf_tree_base_link_to_sensors' did not submit transforms for topic '/tf' on flush cycle 5088
2026-09-30T16:07:55Z [106,158ms] [Warning] [isaacsim.ros2.nodes] ROS2 TF aggregation contributor '/World/Nova_Carter_ROS/transform_tree_odometry/tf_tree_base_link_to_wheel_base' did not submit transforms for topic '/tf' on flush cycle 5088
2026-09-30T16:07:57Z [108,295ms] [Warning] [isaacsim.ros2.nodes] ROS2 TF aggregation contributor '/World/Nova_Carter_ROS/chassis_link/sensors/back_owl/ROS_TF/PublisherTF' did not submit transforms for topic '/tf' on flush cycle 5208
2026-09-30T16:07:57Z [108,296ms] [Warning] [isaacsim.ros2.nodes] ROS2 TF aggregation contributor '/World/Nova_Carter_ROS/chassis_link/sensors/right_hawk/ROS_TF/PublisherTF' did not submit transforms for topic '/tf' on flush cycle 5208
2026-09-30T16:07:57Z [108,296ms] [Warning] [isaacsim.ros2.nodes] ROS2 TF aggregation contributor '/World/Nova_Carter_ROS/chassis_link/sensors/left_owl/ROS_TF/PublisherTF' did not submit transforms for topic '/tf' on flush cycle 5208
2026-09-30T16:07:57Z [108,296ms] [Warning] [isaacsim.ros2.nodes] ROS2 TF aggregation contributor '/World/Nova_Carter_ROS/chassis_link/sensors/front_RPLidar/ROS_TF/PublisherTF' did not submit transforms for topic '/tf' on flush cycle 5208
2026-09-30T16:07:57Z [108,296ms] [Warning] [isaacsim.ros2.nodes] ROS2 TF aggregation contributor '/World/Nova_Carter_ROS/chassis_link/sensors/front_hawk/ROS_TF/PublisherTF' did not submit transforms for topic '/tf' on flush cycle 5208
2026-09-30T16:07:57Z [108,296ms] [Warning] [isaacsim.ros2.nodes] ROS2 TF aggregation contributor '/World/Nova_Carter_ROS/chassis_link/sensors/left_hawk/ROS_TF/PublisherTF' did not submit transforms for topic '/tf' on flush cycle 5208
2026-09-30T16:07:57Z [108,296ms] [Warning] [isaacsim.ros2.nodes] ROS2 TF aggregation contributor '/World/Nova_Carter_ROS/chassis_link/sensors/front_owl/ROS_TF/PublisherTF' did not submit transforms for topic '/tf' on flush cycle 5208
2026-09-30T16:07:57Z [108,296ms] [Warning] [isaacsim.ros2.nodes] ROS2 TF aggregation contributor '/World/Nova_Carter_ROS/chassis_link/sensors/XT_32/ROS_TF/PublisherTF' did not submit transforms for topic '/tf' on flush cycle 5208
2026-09-30T16:07:57Z [108,296ms] [Warning] [isaacsim.ros2.nodes] ROS2 TF aggregation contributor '/World/Nova_Carter_ROS/chassis_link/sensors/back_hawk/ROS_TF/PublisherTF' did not submit transforms for topic '/tf' on flush cycle 5208
2026-09-30T16:07:57Z [108,296ms] [Warning] [isaacsim.ros2.nodes] ROS2 TF aggregation contributor '/World/Nova_Carter_ROS/chassis_link/sensors/rear_RPLidar/ROS_TF/PublisherTF' did not submit transforms for topic '/tf' on flush cycle 5208
2026-09-30T16:07:57Z [108,296ms] [Warning] [isaacsim.ros2.nodes] ROS2 TF aggregation contributor '/World/Nova_Carter_ROS/transform_tree_odometry/ros2_publish_raw_transform_tree' did not submit transforms for topic '/tf' on flush cycle 5208
2026-09-30T16:07:57Z [108,296ms] [Warning] [isaacsim.ros2.nodes] ROS2 TF aggregation contributor '/World/Nova_Carter_ROS/chassis_link/sensors/right_owl/ROS_TF/PublisherTF' did not submit transforms for topic '/tf' on flush cycle 5208
2026-09-30T16:07:57Z [108,296ms] [Warning] [isaacsim.ros2.nodes] ROS2 TF aggregation contributor '/World/Nova_Carter_ROS/transform_tree_odometry/tf_tree_base_link_to_chassis' did not submit transforms for topic '/tf' on flush cycle 5208
2026-09-30T16:07:57Z [108,296ms] [Warning] [isaacsim.ros2.nodes] ROS2 TF aggregation contributor '/World/Nova_Carter_ROS/transform_tree_odometry/tf_tree_base_link_to_sensors' did not submit transforms for topic '/tf' on flush cycle 5208
2026-09-30T16:07:57Z [108,296ms] [Warning] [isaacsim.ros2.nodes] ROS2 TF aggregation contributor '/World/Nova_Carter_ROS/transform_tree_odometry/tf_tree_base_link_to_wheel_base' did not submit transforms for topic '/tf' on flush cycle 5208
2026-09-30T16:07:59Z [110,347ms] [Warning] [isaacsim.ros2.nodes] ROS2 TF aggregation contributor '/World/Nova_Carter_ROS/chassis_link/sensors/back_owl/ROS_TF/PublisherTF' did not submit transforms for topic '/tf' on flush cycle 5328
2026-09-30T16:07:59Z [110,347ms] [Warning] [isaacsim.ros2.nodes] ROS2 TF aggregation contributor '/World/Nova_Carter_ROS/chassis_link/sensors/right_hawk/ROS_TF/PublisherTF' did not submit transforms for topic '/tf' on flush cycle 5328
2026-09-30T16:07:59Z [110,347ms] [Warning] [isaacsim.ros2.nodes] ROS2 TF aggregation contributor '/World/Nova_Carter_ROS/chassis_link/sensors/left_owl/ROS_TF/PublisherTF' did not submit transforms for topic '/tf' on flush cycle 5328
2026-09-30T16:07:59Z [110,347ms] [Warning] [isaacsim.ros2.nodes] ROS2 TF aggregation contributor '/World/Nova_Carter_ROS/chassis_link/sensors/front_RPLidar/ROS_TF/PublisherTF' did not submit transforms for topic '/tf' on flush cycle 5328
2026-09-30T16:07:59Z [110,347ms] [Warning] [isaacsim.ros2.nodes] ROS2 TF aggregation contributor '/World/Nova_Carter_ROS/chassis_link/sensors/front_hawk/ROS_TF/PublisherTF' did not submit transforms for topic '/tf' on flush cycle 5328
2026-09-30T16:07:59Z [110,347ms] [Warning] [isaacsim.ros2.nodes] ROS2 TF aggregation contributor '/World/Nova_Carter_ROS/chassis_link/sensors/left_hawk/ROS_TF/PublisherTF' did not submit transforms for topic '/tf' on flush cycle 5328
2026-09-30T16:07:59Z [110,347ms] [Warning] [isaacsim.ros2.nodes] ROS2 TF aggregation contributor '/World/Nova_Carter_ROS/chassis_link/sensors/front_owl/ROS_TF/PublisherTF' did not submit transforms for topic '/tf' on flush cycle 5328
2026-09-30T16:07:59Z [110,347ms] [Warning] [isaacsim.ros2.nodes] ROS2 TF aggregation contributor '/World/Nova_Carter_ROS/chassis_link/sensors/XT_32/ROS_TF/PublisherTF' did not submit transforms for topic '/tf' on flush cycle 5328
2026-09-30T16:07:59Z [110,347ms] [Warning] [isaacsim.ros2.nodes] ROS2 TF aggregation contributor '/World/Nova_Carter_ROS/chassis_link/sensors/back_hawk/ROS_TF/PublisherTF' did not submit transforms for topic '/tf' on flush cycle 5328
2026-09-30T16:07:59Z [110,347ms] [Warning] [isaacsim.ros2.nodes] ROS2 TF aggregation contributor '/World/Nova_Carter_ROS/chassis_link/sensors/rear_RPLidar/ROS_TF/PublisherTF' did not submit transforms for topic '/tf' on flush cycle 5328
2026-09-30T16:07:59Z [110,347ms] [Warning] [isaacsim.ros2.nodes] ROS2 TF aggregation contributor '/World/Nova_Carter_ROS/transform_tree_odometry/ros2_publish_raw_transform_tree' did not submit transforms for topic '/tf' on flush cycle 5328
2026-09-30T16:07:59Z [110,347ms] [Warning] [isaacsim.ros2.nodes] ROS2 TF aggregation contributor '/World/Nova_Carter_ROS/chassis_link/sensors/right_owl/ROS_TF/PublisherTF' did not submit transforms for topic '/tf' on flush cycle 5328
2026-09-30T16:07:59Z [110,347ms] [Warning] [isaacsim.ros2.nodes] ROS2 TF aggregation contributor '/World/Nova_Carter_ROS/transform_tree_odometry/tf_tree_base_link_to_chassis' did not submit transforms for topic '/tf' on flush cycle 5328
2026-09-30T16:07:59Z [110,347ms] [Warning] [isaacsim.ros2.nodes] ROS2 TF aggregation contributor '/World/Nova_Carter_ROS/transform_tree_odometry/tf_tree_base_link_to_sensors' did not submit transforms for topic '/tf' on flush cycle 5328
2026-09-30T16:07:59Z [110,347ms] [Warning] [isaacsim.ros2.nodes] ROS2 TF aggregation contributor '/World/Nova_Carter_ROS/transform_tree_odometry/tf_tree_base_link_to_wheel_base' did not submit transforms for topic '/tf' on flush cycle 5328
2026-09-30T16:08:01Z [112,400ms] [Warning] [isaacsim.ros2.nodes] ROS2 TF aggregation contributor '/World/Nova_Carter_ROS/chassis_link/sensors/back_owl/ROS_TF/PublisherTF' did not submit transforms for topic '/tf' on flush cycle 5448
2026-09-30T16:08:01Z [112,400ms] [Warning] [isaacsim.ros2.nodes] ROS2 TF aggregation contributor '/World/Nova_Carter_ROS/chassis_link/sensors/right_hawk/ROS_TF/PublisherTF' did not submit transforms for topic '/tf' on flush cycle 5448
2026-09-30T16:08:01Z [112,400ms] [Warning] [isaacsim.ros2.nodes] ROS2 TF aggregation contributor '/World/Nova_Carter_ROS/chassis_link/sensors/left_owl/ROS_TF/PublisherTF' did not submit transforms for topic '/tf' on flush cycle 5448
2026-09-30T16:08:01Z [112,400ms] [Warning] [isaacsim.ros2.nodes] ROS2 TF aggregation contributor '/World/Nova_Carter_ROS/chassis_link/sensors/front_RPLidar/ROS_TF/PublisherTF' did not submit transforms for topic '/tf' on flush cycle 5448
2026-09-30T16:08:01Z [112,400ms] [Warning] [isaacsim.ros2.nodes] ROS2 TF aggregation contributor '/World/Nova_Carter_ROS/chassis_link/sensors/front_hawk/ROS_TF/PublisherTF' did not submit transforms for topic '/tf' on flush cycle 5448
2026-09-30T16:08:01Z [112,400ms] [Warning] [isaacsim.ros2.nodes] ROS2 TF aggregation contributor '/World/Nova_Carter_ROS/chassis_link/sensors/left_hawk/ROS_TF/PublisherTF' did not submit transforms for topic '/tf' on flush cycle 5448
2026-09-30T16:08:01Z [112,400ms] [Warning] [isaacsim.ros2.nodes] ROS2 TF aggregation contributor '/World/Nova_Carter_ROS/chassis_link/sensors/front_owl/ROS_TF/PublisherTF' did not submit transforms for topic '/tf' on flush cycle 5448
2026-09-30T16:08:01Z [112,400ms] [Warning] [isaacsim.ros2.nodes] ROS2 TF aggregation contributor '/World/Nova_Carter_ROS/chassis_link/sensors/XT_32/ROS_TF/PublisherTF' did not submit transforms for topic '/tf' on flush cycle 5448
2026-09-30T16:08:01Z [112,400ms] [Warning] [isaacsim.ros2.nodes] ROS2 TF aggregation contributor '/World/Nova_Carter_ROS/chassis_link/sensors/back_hawk/ROS_TF/PublisherTF' did not submit transforms for topic '/tf' on flush cycle 5448
2026-09-30T16:08:01Z [112,400ms] [Warning] [isaacsim.ros2.nodes] ROS2 TF aggregation contributor '/World/Nova_Carter_ROS/chassis_link/sensors/rear_RPLidar/ROS_TF/PublisherTF' did not submit transforms for topic '/tf' on flush cycle 5448
2026-09-30T16:08:01Z [112,400ms] [Warning] [isaacsim.ros2.nodes] ROS2 TF aggregation contributor '/World/Nova_Carter_ROS/transform_tree_odometry/ros2_publish_raw_transform_tree' did not submit transforms for topic '/tf' on flush cycle 5448
2026-09-30T16:08:01Z [112,400ms] [Warning] [isaacsim.ros2.nodes] ROS2 TF aggregation contributor '/World/Nova_Carter_ROS/chassis_link/sensors/right_owl/ROS_TF/PublisherTF' did not submit transforms for topic '/tf' on flush cycle 5448
2026-09-30T16:08:01Z [112,400ms] [Warning] [isaacsim.ros2.nodes] ROS2 TF aggregation contributor '/World/Nova_Carter_ROS/transform_tree_odometry/tf_tree_base_link_to_chassis' did not submit transforms for topic '/tf' on flush cycle 5448
2026-09-30T16:08:01Z [112,400ms] [Warning] [isaacsim.ros2.nodes] ROS2 TF aggregation contributor '/World/Nova_Carter_ROS/transform_tree_odometry/tf_tree_base_link_to_sensors' did not submit transforms for topic '/tf' on flush cycle 5448
2026-09-30T16:08:01Z [112,400ms] [Warning] [isaacsim.ros2.nodes] ROS2 TF aggregation contributor '/World/Nova_Carter_ROS/transform_tree_odometry/tf_tree_base_link_to_wheel_base' did not submit transforms for topic '/tf' on flush cycle 5448
2026-09-30T16:08:04Z [114,544ms] [Warning] [isaacsim.ros2.nodes] ROS2 TF aggregation contributor '/World/Nova_Carter_ROS/chassis_link/sensors/back_owl/ROS_TF/PublisherTF' did not submit transforms for topic '/tf' on flush cycle 5568
2026-09-30T16:08:04Z [114,544ms] [Warning] [isaacsim.ros2.nodes] ROS2 TF aggregation contributor '/World/Nova_Carter_ROS/chassis_link/sensors/right_hawk/ROS_TF/PublisherTF' did not submit transforms for topic '/tf' on flush cycle 5568
2026-09-30T16:08:04Z [114,544ms] [Warning] [isaacsim.ros2.nodes] ROS2 TF aggregation contributor '/World/Nova_Carter_ROS/chassis_link/sensors/left_owl/ROS_TF/PublisherTF' did not submit transforms for topic '/tf' on flush cycle 5568
2026-09-30T16:08:04Z [114,544ms] [Warning] [isaacsim.ros2.nodes] ROS2 TF aggregation contributor '/World/Nova_Carter_ROS/chassis_link/sensors/front_RPLidar/ROS_TF/PublisherTF' did not submit transforms for topic '/tf' on flush cycle 5568
2026-09-30T16:08:04Z [114,544ms] [Warning] [isaacsim.ros2.nodes] ROS2 TF aggregation contributor '/World/Nova_Carter_ROS/chassis_link/sensors/front_hawk/ROS_TF/PublisherTF' did not submit transforms for topic '/tf' on flush cycle 5568
2026-09-30T16:08:04Z [114,544ms] [Warning] [isaacsim.ros2.nodes] ROS2 TF aggregation contributor '/World/Nova_Carter_ROS/chassis_link/sensors/left_hawk/ROS_TF/PublisherTF' did not submit transforms for topic '/tf' on flush cycle 5568
2026-09-30T16:08:04Z [114,544ms] [Warning] [isaacsim.ros2.nodes] ROS2 TF aggregation contributor '/World/Nova_Carter_ROS/chassis_link/sensors/front_owl/ROS_TF/PublisherTF' did not submit transforms for topic '/tf' on flush cycle 5568
2026-09-30T16:08:04Z [114,544ms] [Warning] [isaacsim.ros2.nodes] ROS2 TF aggregation contributor '/World/Nova_Carter_ROS/chassis_link/sensors/XT_32/ROS_TF/PublisherTF' did not submit transforms for topic '/tf' on flush cycle 5568
2026-09-30T16:08:04Z [114,544ms] [Warning] [isaacsim.ros2.nodes] ROS2 TF aggregation contributor '/World/Nova_Carter_ROS/chassis_link/sensors/back_hawk/ROS_TF/PublisherTF' did not submit transforms for topic '/tf' on flush cycle 5568
2026-09-30T16:08:04Z [114,544ms] [Warning] [isaacsim.ros2.nodes] ROS2 TF aggregation contributor '/World/Nova_Carter_ROS/chassis_link/sensors/rear_RPLidar/ROS_TF/PublisherTF' did not submit transforms for topic '/tf' on flush cycle 5568
2026-09-30T16:08:04Z [114,544ms] [Warning] [isaacsim.ros2.nodes] ROS2 TF aggregation contributor '/World/Nova_Carter_ROS/transform_tree_odometry/ros2_publish_raw_transform_tree' did not submit transforms for topic '/tf' on flush cycle 5568
2026-09-30T16:08:04Z [114,544ms] [Warning] [isaacsim.ros2.nodes] ROS2 TF aggregation contributor '/World/Nova_Carter_ROS/chassis_link/sensors/right_owl/ROS_TF/PublisherTF' did not submit transforms for topic '/tf' on flush cycle 5568
2026-09-30T16:08:04Z [114,544ms] [Warning] [isaacsim.ros2.nodes] ROS2 TF aggregation contributor '/World/Nova_Carter_ROS/transform_tree_odometry/tf_tree_base_link_to_chassis' did not submit transforms for topic '/tf' on flush cycle 5568
2026-09-30T16:08:04Z [114,544ms] [Warning] [isaacsim.ros2.nodes] ROS2 TF aggregation contributor '/World/Nova_Carter_ROS/transform_tree_odometry/tf_tree_base_link_to_sensors' did not submit transforms for topic '/tf' on flush cycle 5568
2026-09-30T16:08:04Z [114,544ms] [Warning] [isaacsim.ros2.nodes] ROS2 TF aggregation contributor '/World/Nova_Carter_ROS/transform_tree_odometry/tf_tree_base_link_to_wheel_base' did not submit transforms for topic '/tf' on flush cycle 5568
