t,est_x,est_y,est_yaw_deg,est_wx,est_wy,true_x,true_y,true_yaw_deg,wp_x,wp_y,cmd_v,cmd_w,travelled,est_true_gap,pose_quality,chamfer_cm
0.001,0.0158,0.0542,-1.02,3.6669,0.2069,3.6545,0.1518,3.58,1.345,-0.236,0.8,-0.237,0.0,0.0564,0.6172,0.0
0.052,0.0158,0.0542,-1.02,3.6669,0.2069,3.6548,0.1518,3.57,1.345,-0.236,0.8,-0.237,0.0003,0.0563,0.6172,0.0
0.104,0.0317,0.0827,-1.03,3.6809,0.2364,3.6566,0.1519,3.56,1.345,-0.236,0.8,-0.264,0.0021,0.0878,0.6124,0.0
0.155,0.0317,0.0827,-1.03,3.6809,0.2364,3.6665,0.1525,3.43,1.345,-0.236,0.8,-0.264,0.012,0.085,0.6124,0.0
0.207,0.0317,0.0827,-1.03,3.6809,0.2364,3.6795,0.1533,3.26,1.345,-0.236,0.8,-0.264,0.025,0.0831,0.6124,0.0
0.258,0.0667,0.1411,-1.05,3.7122,0.2968,3.6974,0.1543,3.08,1.345,-0.236,0.8,-0.322,0.043,0.1433,0.5992,0.0
0.308,0.0667,0.1411,-1.05,3.7122,0.2968,3.6974,0.1543,3.08,1.345,-0.236,0.8,-0.322,0.043,0.1433,0.5992,0.0
0.359,0.0667,0.1411,-1.05,3.7122,0.2968,3.7205,0.1555,2.82,1.345,-0.236,0.8,-0.322,0.0661,0.1416,0.5992,0.0
0.41,0.0667,0.1411,-1.05,3.7122,0.2968,3.7487,0.1567,2.42,1.345,-0.236,0.8,-0.322,0.0943,0.1448,0.5992,0.0
0.461,0.0667,0.1411,-1.05,3.7122,0.2968,3.782,0.1579,1.88,1.345,-0.236,0.8,-0.322,0.1277,0.1554,0.5992,0.0
0.512,0.0667,0.1411,-1.05,3.7122,0.2968,3.8202,0.1589,1.21,1.345,-0.236,0.8,-0.322,0.1659,0.1752,0.5992,0.0
0.563,0.0667,0.1411,-1.05,3.7122,0.2968,3.8602,0.1594,0.44,1.345,-0.236,0.8,-0.322,0.2059,0.2019,0.5992,0.0
0.614,0.0667,0.1411,-1.05,3.7122,0.2968,3.9003,0.1593,-0.4,1.345,-0.236,0.8,-0.322,0.2459,0.233,0.5992,0.0
0.666,0.0667,0.1411,-1.05,3.7122,0.2968,3.9403,0.1586,-1.32,1.345,-0.236,0.8,-0.322,0.2859,0.2667,0.5992,0.0
0.717,0.0667,0.1411,-1.05,3.7122,0.2968,3.9803,0.1572,-2.29,1.345,-0.236,0.8,-0.322,0.3259,0.3023,0.5992,0.0
0.768,0.0667,0.1411,-1.05,3.7122,0.2968,4.0203,0.1552,-3.32,1.345,-0.236,0.8,-0.322,0.3658,0.3391,0.5992,0.0
0.819,0.1126,0.1668,-1.26,3.7565,0.3254,4.0602,0.1523,-4.4,1.345,-0.236,0.8,-0.353,0.4057,0.3495,0.5792,27.016
0.87,0.1126,0.1668,-1.26,3.7565,0.3254,4.1,0.1488,-5.53,1.345,-0.236,0.8,-0.353,0.4455,0.3863,0.5792,27.016
0.921,0.1698,0.1931,-1.69,3.8119,0.3551,4.1397,0.1443,-6.73,1.345,-0.236,0.8,-0.385,0.4853,0.3897,0.6944,27.016
0.972,0.1698,0.1931,-1.69,3.8119,0.3551,4.1793,0.1391,-7.99,1.345,-0.236,0.8,-0.385,0.525,0.4262,0.6944,27.016
1.024,0.1698,0.1931,-1.69,3.8119,0.3551,4.2187,0.1329,-9.32,1.345,-0.236,0.8,-0.385,0.5646,0.4635,0.6944,27.016
1.075,0.1698,0.1931,-1.69,3.8119,0.3551,4.258,0.1258,-10.7,1.345,-0.236,0.8,-0.385,0.6041,0.5015,0.6944,27.016
1.126,0.3529,0.2429,-3.41,3.9915,0.4163,4.297,0.1178,-12.12,1.345,-0.236,0.8,-0.469,0.6435,0.4271,0.4424,27.016
1.178,0.4601,0.254,-5.08,4.0978,0.434,4.3229,0.1119,-13.08,1.345,-0.236,0.8,-0.5,0.6697,0.393,0.5516,27.016
1.229,0.4601,0.254,-5.08,4.0978,0.434,4.3744,0.0987,-15.14,1.345,-0.236,0.8,-0.5,0.7219,0.4347,0.5516,27.016
1.28,0.5592,0.2696,-6.69,4.1957,0.4558,4.4127,0.0875,-16.81,1.345,-0.236,0.0,-0.5,0.761,0.4275,0.2464,27.016
1.331,0.5592,0.2696,-6.69,4.1957,0.4558,4.4504,0.0753,-18.55,1.345,-0.236,0.0,-0.5,0.7996,0.4579,0.2464,27.016
1.383,0.6692,0.2729,-8.78,4.3054,0.4659,4.4849,0.063,-20.28,1.345,-0.236,0.0,-0.5,0.8351,0.4411,0.464,27.016
1.434,0.6692,0.2729,-8.78,4.3054,0.4659,4.5145,0.0514,-21.91,1.345,-0.236,0.0,-0.5,0.8659,0.4643,0.464,38.862
1.485,0.6692,0.2729,-8.78,4.3054,0.4659,4.5392,0.0409,-23.42,1.345,-0.236,0.0,-0.5,0.8917,0.4851,0.464,38.862
1.537,0.8843,0.274,-13.62,4.5199,0.4804,4.5592,0.0318,-24.81,1.345,-0.236,0.0,-0.5,0.9126,0.4503,0.3508,38.862
1.588,0.8843,0.274,-13.62,4.5199,0.4804,4.5745,0.0245,-26.07,1.345,-0.236,0.0,-0.5,0.9288,0.4592,0.3508,38.862
1.639,1.0009,0.2338,-16.34,4.6388,0.4476,4.5822,0.0206,-26.87,1.345,-0.236,0.0,-0.5,0.937,0.4308,0.3672,38.862
1.69,1.0009,0.2338,-16.34,4.6388,0.4476,4.59,0.0165,-28.04,1.345,-0.236,0.0,-0.5,0.9452,0.4339,0.3672,38.862
1.741,1.0009,0.2338,-16.34,4.6388,0.4476,4.5933,0.0147,-29.21,1.345,-0.236,0.0,-0.5,0.9488,0.4354,0.3672,38.862
1.792,1.0009,0.2338,-16.34,4.6388,0.4476,4.594,0.0143,-30.38,1.345,-0.236,0.0,-0.5,0.9495,0.4357,0.3672,38.862
1.842,1.0009,0.2338,-16.34,4.6388,0.4476,4.5944,0.014,-31.54,1.345,-0.236,0.0,-0.5,0.95,0.4359,0.3672,38.862
1.893,1.0009,0.2338,-16.34,4.6388,0.4476,4.5944,0.014,-31.54,1.345,-0.236,0.0,-0.5,0.95,0.4359,0.3672,38.862
1.944,1.0009,0.2338,-16.34,4.6388,0.4476,4.5949,0.0136,-32.74,1.345,-0.236,0.0,-0.5,0.9506,0.4362,0.3672,38.862
1.995,1.0009,0.2338,-16.34,4.6388,0.4476,4.5954,0.0133,-33.97,1.345,-0.236,0.0,-0.5,0.9511,0.4365,0.3672,52.383
2.046,1.0009,0.2338,-16.34,4.6388,0.4476,4.596,0.0129,-35.24,1.345,-0.236,0.0,-0.5,0.9517,0.4368,0.3672,52.383
2.097,1.2215,0.1994,-22.57,4.8612,0.4271,4.596,0.0129,-35.24,1.345,-0.236,0.0,-0.5,0.9517,0.4918,0.454,52.383
2.148,1.2215,0.1994,-22.57,4.8612,0.4271,4.5964,0.0126,-36.54,1.345,-0.236,0.0,-0.5,0.9522,0.4918,0.454,52.383
2.199,1.3254,0.1586,-26.04,4.9674,0.3929,4.5968,0.0123,-37.88,1.345,-0.236,0.0,-0.5,0.9526,0.5312,0.5876,52.383
2.25,1.3254,0.1586,-26.04,4.9674,0.3929,4.5972,0.012,-39.24,1.345,-0.236,0.0,-0.5,0.953,0.5312,0.5876,52.383
2.301,1.3996,0.1141,-28.99,5.0442,0.3531,4.5974,0.0118,-40.62,1.345,-0.236,0.0,-0.5,0.9533,0.5623,0.5272,52.383
2.352,1.3996,0.1141,-28.99,5.0442,0.3531,4.5975,0.0117,-42.01,1.345,-0.236,0.0,-0.5,0.9534,0.5623,0.5272,52.383
2.403,1.4416,0.0923,-31.44,5.0875,0.3339,4.5975,0.0116,-43.42,1.345,-0.236,0.0,-0.5,0.9534,0.5865,0.6596,52.383
2.454,1.4852,0.0851,-33.72,5.1314,0.3295,4.5975,0.0117,-44.82,1.345,-0.236,0.0,-0.5,0.9534,0.6214,0.6156,64.476
2.506,1.4852,0.0851,-33.72,5.1314,0.3295,4.5973,0.0118,-46.23,1.345,-0.236,0.0,-0.5,0.9532,0.6214,0.6156,64.476
2.557,1.5168,0.0622,-36.11,5.1644,0.3086,4.5972,0.012,-47.63,1.345,-0.236,0.0,-0.5,0.953,0.6401,0.6132,64.476
2.608,1.5552,0.038,-38.59,5.2043,0.2868,4.597,0.0122,-49.02,1.345,-0.236,0.0,-0.5,0.9528,0.6665,0.334,64.476
2.659,1.5552,0.038,-38.59,5.2043,0.2868,4.5967,0.0125,-50.41,1.345,-0.236,0.0,-0.5,0.9525,0.6666,0.334,64.476
2.71,1.5859,0.0107,-41.14,5.2366,0.2615,4.5965,0.0128,-51.8,1.345,-0.236,0.0,-0.5,0.9522,0.6867,0.5532,64.476
2.76,1.5859,0.0107,-41.14,5.2366,0.2615,4.5963,0.013,-52.72,1.345,-0.236,0.0,-0.5,0.952,0.6868,0.5532,64.476
2.811,1.5859,0.0107,-41.14,5.2366,0.2615,4.5963,0.0131,-53.18,1.345,-0.236,0.0,-0.5,0.9519,0.6868,0.5532,64.476
2.862,1.5859,0.0107,-41.14,5.2366,0.2615,4.596,0.0135,-54.56,1.345,-0.236,0.0,-0.5,0.9516,0.6869,0.5532,64.476
2.912,1.5859,0.0107,-41.14,5.2366,0.2615,4.5957,0.0138,-55.94,1.345,-0.236,0.0,-0.5,0.9513,0.687,0.5532,64.476
2.963,1.5859,0.0107,-41.14,5.2366,0.2615,4.5955,0.0142,-57.31,1.345,-0.236,0.0,-0.5,0.951,0.6871,0.5532,64.476
3.014,1.5859,0.0107,-41.14,5.2366,0.2615,4.5952,0.0146,-58.68,1.345,-0.236,0.0,-0.5,0.9507,0.6872,0.5532,64.476
3.065,1.5859,0.0107,-41.14,5.2366,0.2615,4.595,0.0151,-60.04,1.345,-0.236,0.0,-0.5,0.9504,0.6873,0.5532,64.476
3.115,1.5859,0.0107,-41.14,5.2366,0.2615,4.5947,0.0155,-61.41,1.345,-0.236,0.0,-0.5,0.9501,0.6874,0.5532,64.476
3.166,1.5859,0.0107,-41.14,5.2366,0.2615,4.5945,0.016,-62.77,1.345,-0.236,0.0,-0.5,0.9498,0.6874,0.5532,64.476
3.217,1.5859,0.0107,-41.14,5.2366,0.2615,4.5942,0.0164,-64.13,1.345,-0.236,0.0,-0.5,0.9495,0.6875,0.5532,64.476
3.268,1.6333,-0.0096,-43.85,5.2852,0.2442,4.594,0.0169,-65.49,1.345,-0.236,0.0,-0.5,0.9492,0.7276,0.5268,64.476
3.319,1.6333,-0.0096,-43.85,5.2852,0.2442,4.5938,0.0174,-66.85,1.345,-0.236,0.0,-0.5,0.9489,0.7277,0.5268,64.476
3.37,1.6333,-0.0096,-43.85,5.2852,0.2442,4.5936,0.0179,-68.21,1.345,-0.236,0.0,-0.5,0.9486,0.7277,0.5268,64.476
3.422,1.6784,-0.0678,-49.42,5.3338,0.189,4.5934,0.0184,-69.57,1.345,-0.236,0.0,-0.5,0.9484,0.7598,0.4728,75.086
3.472,1.6784,-0.0678,-49.42,5.3338,0.189,4.5932,0.0189,-70.93,1.345,-0.236,0.0,-0.5,0.9481,0.7599,0.4728,75.086
3.523,1.6983,-0.0977,-52.18,5.3556,0.1603,4.593,0.0194,-72.29,1.345,-0.236,0.0,-0.5,0.9479,0.7755,0.5848,75.086
3.575,1.6983,-0.0977,-52.18,5.3556,0.1603,4.5929,0.0199,-73.64,1.345,-0.236,0.0,-0.5,0.9477,0.7755,0.5848,75.086
3.626,1.7215,-0.1238,-55.02,5.3804,0.1357,4.5927,0.0204,-75.0,1.345,-0.236,0.0,-0.5,0.9474,0.796,0.5468,75.086
3.677,1.7469,-0.1643,-57.76,5.4082,0.0969,4.5926,0.0209,-76.36,1.345,-0.236,0.0,-0.5,0.9472,0.8191,0.5324,75.086
3.728,1.7469,-0.1643,-57.76,5.4082,0.0969,4.5925,0.0214,-77.71,1.345,-0.236,0.0,-0.5,0.947,0.8192,0.5324,75.086
3.78,1.7642,-0.2089,-60.47,5.4282,0.0534,4.5924,0.022,-79.07,1.345,-0.236,0.0,-0.5,0.9469,0.8365,0.5084,84.417
3.831,1.7642,-0.2089,-60.47,5.4282,0.0534,4.5923,0.0225,-80.43,1.345,-0.236,0.0,-0.5,0.9467,0.8365,0.5084,84.417
3.881,1.7642,-0.2089,-60.47,5.4282,0.0534,4.5922,0.023,-81.78,1.345,-0.236,0.0,-0.5,0.9465,0.8366,0.5084,84.417
3.932,1.7642,-0.2089,-60.47,5.4282,0.0534,4.5921,0.0236,-83.14,1.345,-0.236,0.0,-0.5,0.9464,0.8366,0.5084,84.417
3.983,1.7642,-0.2089,-60.47,5.4282,0.0534,4.5921,0.0241,-84.5,1.345,-0.236,0.0,-0.5,0.9463,0.8367,0.5084,84.417
4.035,1.7642,-0.2089,-60.47,5.4282,0.0534,4.592,0.0246,-85.85,1.345,-0.236,0.0,-0.5,0.9461,0.8367,0.5084,84.417
4.086,1.7642,-0.2089,-60.47,5.4282,0.0534,4.592,0.0252,-87.21,1.345,-0.236,0.0,-0.5,0.946,0.8367,0.5084,84.417
4.137,1.8071,-0.3764,-71.28,5.4816,-0.1111,4.592,0.0257,-88.57,1.345,-0.236,0.0,-0.5,0.9459,0.9001,0.5608,84.417
4.188,1.8071,-0.3764,-71.28,5.4816,-0.1111,4.592,0.0262,-89.92,1.345,-0.236,0.0,-0.5,0.9459,0.9002,0.5608,84.417
4.239,1.8245,-0.4115,-73.99,5.5011,-0.145,4.592,0.0268,-91.28,1.345,-0.236,0.0,-0.5,0.9458,0.9253,0.6788,93.306
4.29,1.8245,-0.4115,-73.99,5.5011,-0.145,4.592,0.0271,-92.19,1.345,-0.236,0.0,-0.5,0.9458,0.9253,0.6788,93.306
4.341,1.8294,-0.457,-76.6,5.5089,-0.1901,4.592,0.0273,-92.64,1.345,-0.236,0.0,-0.5,0.9457,0.9423,0.2936,93.306
4.392,1.8387,-0.4929,-79.33,5.5204,-0.2254,4.592,0.0279,-93.99,1.345,-0.236,0.0,-0.5,0.9457,0.9623,0.3824,93.306
4.443,1.8387,-0.4929,-79.33,5.5204,-0.2254,4.592,0.0284,-95.35,1.345,-0.236,0.0,-0.5,0.9457,0.9624,0.3824,93.306
4.494,1.8387,-0.4929,-79.33,5.5204,-0.2254,4.5921,0.0289,-96.71,1.345,-0.236,0.0,-0.5,0.9457,0.9625,0.3824,93.306
4.544,1.8387,-0.4929,-79.33,5.5204,-0.2254,4.5922,0.0295,-98.06,1.345,-0.236,0.0,-0.5,0.9457,0.9626,0.3824,93.306
4.596,1.8387,-0.4929,-79.33,5.5204,-0.2254,4.5922,0.03,-99.42,1.345,-0.236,0.0,-0.5,0.9457,0.9626,0.3824,93.306
4.647,1.8318,-0.541,-82.02,5.5165,-0.2738,4.5923,0.0305,-100.78,1.345,-0.236,0.0,-0.5,0.9457,0.973,0.4088,93.306
4.697,1.8318,-0.541,-82.02,5.5165,-0.2738,4.5924,0.0307,-101.23,1.345,-0.236,0.0,-0.5,0.9457,0.973,0.4088,93.306
4.748,1.8194,-0.5878,-84.76,5.507,-0.3212,4.5924,0.0311,-102.13,1.345,-0.236,0.0,-0.5,0.9457,0.98,0.5904,93.306
4.8,1.8165,-0.6343,-87.46,5.507,-0.3679,4.5926,0.0316,-103.49,1.345,-0.236,0.0,-0.5,0.9458,0.9979,0.4848,101.521
4.85,1.8165,-0.6343,-87.46,5.507,-0.3679,4.5927,0.0321,-104.84,1.345,-0.236,0.0,-0.5,0.9458,0.9979,0.4848,101.521
4.902,1.8078,-0.6871,-90.2,5.5017,-0.4211,4.5928,0.0326,-106.2,1.345,-0.236,0.0,-0.5,0.9459,1.0158,0.4768,101.521
4.953,1.8078,-0.6871,-90.2,5.5017,-0.4211,4.593,0.0331,-107.56,1.345,-0.236,0.0,-0.5,0.946,1.0159,0.4768,101.521
5.004,1.8098,-0.7301,-92.86,5.5063,-0.4639,4.5932,0.0336,-108.91,1.345,-0.236,0.0,-0.5,0.9461,1.0399,0.3396,101.521
5.056,1.7714,-0.7885,-95.58,5.4717,-0.5246,4.5933,0.0342,-110.27,1.345,-0.236,0.0,-0.5,0.9462,1.041,0.528,101.521
5.107,1.7714,-0.7885,-95.58,5.4717,-0.5246,4.5935,0.0347,-111.63,1.345,-0.236,0.0,-0.5,0.9463,1.0411,0.528,101.521
5.158,1.7805,-0.8234,-98.26,5.4829,-0.5588,4.5937,0.0352,-112.98,1.345,-0.236,0.0,-0.5,0.9465,1.0693,0.478,101.521
5.209,1.7805,-0.8234,-98.26,5.4829,-0.5588,4.594,0.0357,-114.34,1.345,-0.236,0.0,-0.5,0.9466,1.0694,0.478,101.521
5.26,1.7645,-0.8652,-101.0,5.4695,-0.6015,4.5942,0.0361,-115.69,1.345,-0.236,0.0,-0.5,0.9468,1.083,0.4388,109.676
5.311,1.7052,-0.9047,-103.7,5.4128,-0.6446,4.5944,0.0366,-117.05,1.345,-0.236,0.0,-0.5,0.947,1.0649,0.3136,109.676
5.362,1.7052,-0.9047,-103.7,5.4128,-0.6446,4.5947,0.0371,-118.41,1.345,-0.236,0.0,-0.5,0.9472,1.065,0.3136,109.676
5.413,1.6882,-0.9435,-106.39,5.3983,-0.6844,4.5949,0.0376,-119.76,1.345,-0.236,0.0,-0.5,0.9474,1.0801,0.5472,109.676
5.464,1.6882,-0.9435,-106.39,5.3983,-0.6844,4.5952,0.038,-121.12,1.345,-0.236,0.0,-0.5,0.9476,1.0802,0.5472,109.676
5.515,1.661,-0.9847,-109.1,5.3737,-0.7273,4.5955,0.0385,-122.48,1.345,-0.236,0.0,-0.5,0.9478,1.0918,0.492,109.676
5.567,1.6309,-1.0233,-111.82,5.3461,-0.7677,4.5958,0.039,-123.83,1.345,-0.236,0.0,-0.5,0.9481,1.1016,0.4504,109.676
5.618,1.6309,-1.0233,-111.82,5.3461,-0.7677,4.5961,0.0394,-125.19,1.345,-0.236,0.0,-0.5,0.9483,1.1018,0.4504,109.676
5.668,1.5932,-1.0605,-114.52,5.3107,-0.8071,4.5963,0.0397,-126.09,1.345,-0.236,0.0,-0.5,0.9485,1.1079,0.4644,109.676
5.719,1.5932,-1.0605,-114.52,5.3107,-0.8071,4.5964,0.0398,-126.54,1.345,-0.236,0.0,-0.5,0.9486,1.108,0.4644,109.676
5.77,1.5597,-1.1005,-117.22,5.2798,-0.8491,4.5967,0.0403,-127.9,1.345,-0.236,0.0,-0.5,0.9488,1.1215,0.5884,116.939
5.821,1.5597,-1.1005,-117.22,5.2798,-0.8491,4.5971,0.0407,-129.26,1.345,-0.236,0.0,-0.5,0.9491,1.1216,0.5884,116.939
5.872,1.5227,-1.1362,-119.93,5.2451,-0.8872,4.5971,0.0407,-129.26,1.345,-0.236,0.0,-0.5,0.9491,1.1318,0.5504,116.939
5.923,1.4771,-1.1728,-122.64,5.2019,-0.9265,4.5974,0.0411,-130.61,1.345,-0.236,0.0,-0.5,0.9494,1.1409,0.558,116.939
5.974,1.4771,-1.1728,-122.64,5.2019,-0.9265,4.5978,0.0415,-131.97,1.345,-0.236,0.0,-0.5,0.9497,1.141,0.558,116.939
6.025,1.436,-1.1948,-125.32,5.1622,-0.951,4.5981,0.0419,-133.33,1.345,-0.236,0.0,-0.5,0.95,1.1419,0.5236,116.939
6.076,1.436,-1.1948,-125.32,5.1622,-0.951,4.5984,0.0422,-134.23,1.345,-0.236,0.0,-0.5,0.9503,1.142,0.5236,116.939
6.128,1.3919,-1.2303,-128.03,5.1205,-0.9892,4.5989,0.0427,-136.04,1.345,-0.236,0.0,-0.5,0.9507,1.1562,0.6428,116.939
6.179,1.3919,-1.2303,-128.03,5.1205,-0.9892,4.5993,0.043,-137.4,1.345,-0.236,0.0,-0.5,0.951,1.1563,0.6428,123.629
6.23,1.327,-1.2784,-130.66,5.0587,-1.0413,4.5997,0.0434,-138.75,1.345,-0.236,0.0,-0.5,0.9514,1.1778,0.3328,123.629
6.281,1.327,-1.2784,-130.66,5.0587,-1.0413,4.6001,0.0438,-140.11,1.345,-0.236,0.0,-0.5,0.9518,1.178,0.3328,123.629
6.332,1.2874,-1.2923,-133.41,5.02,-1.0576,4.6005,0.0441,-141.46,1.345,-0.236,0.0,-0.5,0.9521,1.1788,0.5012,123.629
6.383,1.2874,-1.2923,-133.41,5.02,-1.0576,4.6005,0.0441,-141.46,1.345,-0.236,0.0,-0.5,0.9521,1.1788,0.5012,123.629
6.434,1.2874,-1.2923,-133.41,5.02,-1.0576,4.6009,0.0444,-142.82,1.345,-0.236,0.0,-0.5,0.9525,1.179,0.5012,123.629
6.485,1.2874,-1.2923,-133.41,5.02,-1.0576,4.6014,0.0448,-144.18,1.345,-0.236,0.0,-0.5,0.9529,1.1791,0.5012,123.629
6.536,1.2874,-1.2923,-133.41,5.02,-1.0576,4.6018,0.0451,-145.53,1.345,-0.236,0.0,-0.5,0.9533,1.1793,0.5012,123.629
6.587,1.2874,-1.2923,-133.41,5.02,-1.0576,4.6022,0.0454,-146.89,1.345,-0.236,0.0,-0.5,0.9537,1.1794,0.5012,123.629
6.638,1.2874,-1.2923,-133.41,5.02,-1.0576,4.6027,0.0457,-148.25,1.345,-0.236,0.0,-0.5,0.9542,1.1795,0.5012,123.629
6.689,1.2874,-1.2923,-133.41,5.02,-1.0576,4.6029,0.0458,-148.7,1.345,-0.236,0.0,-0.5,0.9543,1.1795,0.5012,123.629
6.74,1.2874,-1.2923,-133.41,5.02,-1.0576,4.6032,0.0459,-149.6,1.345,-0.236,0.0,-0.5,0.9546,1.1796,0.5012,123.629
6.79,1.2874,-1.2923,-133.41,5.02,-1.0576,4.6036,0.0462,-150.96,1.345,-0.236,0.0,-0.5,0.955,1.1797,0.5012,123.629
6.841,1.2874,-1.2923,-133.41,5.02,-1.0576,4.6039,0.0464,-151.86,1.345,-0.236,0.0,-0.5,0.9553,1.1797,0.5012,123.629
6.892,1.2874,-1.2923,-133.41,5.02,-1.0576,4.6041,0.0465,-152.31,1.345,-0.236,0.0,-0.5,0.9555,1.1798,0.5012,123.629
6.943,1.2453,-1.3229,-136.1,4.9799,-1.0908,4.6044,0.0466,-153.22,1.345,-0.236,0.0,-0.5,0.9558,1.1978,0.4624,123.629
6.994,1.1919,-1.3361,-138.79,4.9274,-1.1072,4.6044,0.0466,-153.22,1.345,-0.236,0.0,-0.5,0.9558,1.1982,0.4564,123.629
7.045,1.1919,-1.3361,-138.79,4.9274,-1.1072,4.6051,0.0469,-155.03,1.345,-0.236,0.0,-0.5,0.9564,1.1984,0.4564,123.629
7.096,1.1351,-1.3661,-141.43,4.8727,-1.1408,4.6054,0.0471,-155.93,1.345,-0.236,0.0,-0.5,0.9567,1.2176,0.4656,123.629
7.147,1.1351,-1.3661,-141.43,4.8727,-1.1408,4.6061,0.0474,-157.74,1.345,-0.236,0.0,-0.5,0.9573,1.2177,0.4656,123.629
7.199,1.1351,-1.3661,-141.43,4.8727,-1.1408,4.6066,0.0476,-159.1,1.345,-0.236,0.0,-0.5,0.9578,1.2178,0.4656,129.259
7.25,1.1351,-1.3661,-141.43,4.8727,-1.1408,4.6071,0.0478,-160.45,1.345,-0.236,0.0,-0.5,0.9583,1.2179,0.4656,129.259
7.303,1.0239,-1.3946,-146.87,4.7634,-1.1761,4.6076,0.0479,-161.81,1.345,-0.236,0.0,-0.5,0.9587,1.2339,0.5836,129.259
7.354,0.9619,-1.4123,-149.54,4.7027,-1.1977,4.6081,0.0481,-163.16,1.345,-0.236,0.0,-0.5,0.9592,1.2494,0.5756,129.259
7.406,0.9619,-1.4123,-149.54,4.7027,-1.1977,4.6086,0.0483,-164.52,1.345,-0.236,0.0,-0.5,0.9597,1.2495,0.5756,129.259
7.457,0.9619,-1.4123,-149.54,4.7027,-1.1977,4.6091,0.0484,-165.88,1.345,-0.236,0.0,-0.5,0.9602,1.2496,0.5756,129.259
7.508,0.9619,-1.4123,-149.54,4.7027,-1.1977,4.6096,0.0485,-167.23,1.345,-0.236,0.0,-0.5,0.9607,1.2497,0.5756,129.259
7.559,0.855,-1.4111,-154.95,4.5958,-1.2032,4.6102,0.0486,-168.59,1.345,-0.236,0.0,-0.5,0.9613,1.2519,0.5472,129.259
7.611,0.855,-1.4111,-154.95,4.5958,-1.2032,4.6107,0.0487,-169.95,1.345,-0.236,0.0,-0.5,0.9618,1.252,0.5472,134.116
7.661,0.855,-1.4111,-154.95,4.5958,-1.2032,4.6107,0.0487,-169.95,1.345,-0.236,0.0,-0.5,0.9618,1.252,0.5472,134.116
7.712,0.855,-1.4111,-154.95,4.5958,-1.2032,4.6112,0.0488,-171.3,1.345,-0.236,0.0,-0.5,0.9623,1.2521,0.5472,134.116
7.764,0.7302,-1.42,-160.37,4.4718,-1.2198,4.6118,0.0489,-172.66,1.345,-0.236,0.0,-0.5,0.9628,1.2764,0.622,134.116
7.815,0.6703,-1.4102,-163.07,4.4115,-1.2138,4.6123,0.049,-174.02,1.345,-0.236,0.0,-0.5,0.9633,1.2786,0.6124,134.116
7.866,0.6703,-1.4102,-163.07,4.4115,-1.2138,4.6128,0.049,-175.37,1.345,-0.236,0.0,-0.5,0.9639,1.2788,0.6124,134.116
7.917,0.6168,-1.4026,-165.78,4.3576,-1.2095,4.6134,0.0491,-176.73,1.345,-0.236,0.0,-0.5,0.9644,1.2843,0.5824,134.116
7.969,0.6168,-1.4026,-165.78,4.3576,-1.2095,4.6139,0.0491,-178.08,1.345,-0.236,0.0,-0.5,0.9649,1.2845,0.5824,138.831
8.02,0.5535,-1.3979,-168.49,4.2942,-1.2088,4.6144,0.0491,-179.44,1.345,-0.236,0.0,-0.5,0.9655,1.2981,0.7124,138.831
8.071,0.4912,-1.378,-171.18,4.2307,-1.1928,4.615,0.0491,179.2,1.345,-0.236,0.0,-0.5,0.966,1.3,0.704,138.831
8.122,0.4912,-1.378,-171.18,4.2307,-1.1928,4.6153,0.0491,178.3,1.345,-0.236,0.0,-0.5,0.9664,1.3001,0.704,138.831
8.173,0.4373,-1.3635,-173.86,4.1761,-1.1817,4.6153,0.0491,178.3,1.345,-0.236,0.0,-0.5,0.9664,1.3069,0.686,138.831
8.224,0.4373,-1.3635,-173.86,4.1761,-1.1817,4.6159,0.0491,176.94,1.345,-0.236,0.0,-0.5,0.9669,1.307,0.686,138.831
8.276,0.3773,-1.3463,-176.57,4.1151,-1.1683,4.6164,0.049,175.58,1.345,-0.236,0.0,-0.5,0.9674,1.3165,0.666,138.831
8.327,0.3773,-1.3463,-176.57,4.1151,-1.1683,4.6171,0.049,173.78,1.345,-0.236,0.0,-0.5,0.9682,1.3168,0.666,138.831
8.379,0.3155,-1.312,-179.25,4.0513,-1.1379,4.6177,0.0489,172.42,1.345,-0.236,0.0,-0.5,0.9687,1.3151,0.692,138.831
8.431,0.2573,-1.2817,178.02,3.9913,-1.1113,4.618,0.0489,171.52,1.345,-0.236,0.0,-0.5,0.969,1.3186,0.7172,142.213
8.482,0.2573,-1.2817,178.02,3.9913,-1.1113,4.6182,0.0488,171.06,1.345,-0.236,0.0,-0.5,0.9692,1.3187,0.7172,142.213
8.533,0.2024,-1.2598,175.35,3.9351,-1.0929,4.6186,0.0488,170.16,1.345,-0.236,0.0,-0.5,0.9696,1.3306,0.7224,142.213
8.585,0.2024,-1.2598,175.35,3.9351,-1.0929,4.6186,0.0488,170.16,1.345,-0.236,0.0,-0.5,0.9696,1.3306,0.7224,142.213
8.636,0.1488,-1.2309,172.73,3.8798,-1.0674,4.6191,0.0487,168.8,1.345,-0.236,0.0,-0.5,0.9701,1.3387,0.7164,142.213
8.687,0.1488,-1.2309,172.73,3.8798,-1.0674,4.6196,0.0486,167.45,1.345,-0.236,0.0,-0.5,0.9707,1.3389,0.7164,142.213
8.737,0.1488,-1.2309,172.73,3.8798,-1.0674,4.6201,0.0484,166.09,1.345,-0.236,0.0,-0.5,0.9712,1.3391,0.7164,142.213
8.789,0.0349,-1.1635,167.42,3.7619,-1.0072,4.6207,0.0483,164.73,1.345,-0.236,0.0,-0.5,0.9717,1.3607,0.7316,142.213
8.839,0.0349,-1.1635,167.42,3.7619,-1.0072,4.6212,0.0482,163.38,1.345,-0.236,0.0,-0.5,0.9723,1.3609,0.7316,142.213
8.89,0.0349,-1.1635,167.42,3.7619,-1.0072,4.6217,0.048,162.02,1.345,-0.236,0.0,-0.5,0.9728,1.3611,0.7316,142.213
8.941,0.0349,-1.1635,167.42,3.7619,-1.0072,4.6222,0.0478,160.66,1.345,-0.236,0.0,-0.5,0.9733,1.3613,0.7316,142.213
8.992,-0.0532,-1.083,162.06,3.669,-0.9324,4.6227,0.0476,159.31,1.345,-0.236,0.0,-0.5,0.9738,1.3675,0.7276,146.049
9.043,-0.0532,-1.083,162.06,3.669,-0.9324,4.6232,0.0474,157.95,1.345,-0.236,0.0,-0.5,0.9744,1.3677,0.7276,146.049
9.094,-0.1056,-1.0391,159.35,3.6139,-0.8918,4.6237,0.0472,156.6,1.345,-0.236,0.0,-0.5,0.9749,1.3789,0.7572,146.049
9.145,-0.1056,-1.0391,159.35,3.6139,-0.8918,4.6242,0.047,155.24,1.345,-0.236,0.0,-0.5,0.9754,1.3791,0.7572,146.049
9.199,-0.1423,-0.9848,156.62,3.5739,-0.8399,4.6247,0.0468,153.88,1.345,-0.236,0.0,-0.5,0.9759,1.3749,0.7456,146.049
9.25,-0.1423,-0.9848,156.62,3.5739,-0.8399,4.6252,0.0465,152.53,1.345,-0.236,0.0,-0.5,0.9764,1.3751,0.7456,146.049
9.301,-0.1919,-0.9409,153.93,3.5217,-0.7992,4.6257,0.0463,151.17,1.345,-0.236,0.0,-0.5,0.9769,1.3905,0.7356,146.049
9.352,-0.1919,-0.9409,153.93,3.5217,-0.7992,4.6261,0.046,149.81,1.345,-0.236,0.0,-0.5,0.9774,1.3907,0.7356,146.049
9.403,-0.2256,-0.8908,151.24,3.4849,-0.7513,4.6266,0.0457,148.46,1.345,-0.236,0.0,-0.5,0.9779,1.3924,0.7196,148.84
9.453,-0.2256,-0.8908,151.24,3.4849,-0.7513,4.6266,0.0457,148.46,1.345,-0.236,0.0,-0.5,0.9779,1.3924,0.7196,148.84
9.504,-0.2595,-0.8298,148.53,3.4473,-0.6926,4.6267,0.0457,148.01,1.345,-0.236,0.0,-0.5,0.9781,1.3915,0.7532,148.84
9.555,-0.2595,-0.8298,148.53,3.4473,-0.6926,4.6271,0.0455,147.1,1.345,-0.236,0.0,-0.5,0.9784,1.3916,0.7532,148.84
9.606,-0.2595,-0.8298,148.53,3.4473,-0.6926,4.6275,0.0452,145.75,1.345,-0.236,0.0,-0.5,0.9789,1.3919,0.7532,148.84
9.656,-0.2595,-0.8298,148.53,3.4473,-0.6926,4.6275,0.0452,145.75,1.345,-0.236,0.0,-0.5,0.9789,1.3919,0.7532,148.84
9.708,-0.2595,-0.8298,148.53,3.4473,-0.6926,4.6279,0.0449,144.39,1.345,-0.236,0.0,-0.5,0.9793,1.3921,0.7532,148.84
9.759,-0.2595,-0.8298,148.53,3.4473,-0.6926,4.6284,0.0445,143.03,1.345,-0.236,0.0,-0.5,0.9798,1.3923,0.7532,148.84
9.81,-0.2595,-0.8298,148.53,3.4473,-0.6926,4.6288,0.0442,141.68,1.345,-0.236,0.0,-0.5,0.9803,1.3925,0.7532,148.84
9.863,-0.3269,-0.7105,143.14,3.3725,-0.5777,4.6292,0.0439,140.32,1.345,-0.236,0.0,-0.5,0.9807,1.402,0.7072,148.84
9.914,-0.3269,-0.7105,143.14,3.3725,-0.5777,4.6296,0.0435,138.97,1.345,-0.236,0.0,-0.5,0.9812,1.4022,0.7072,148.84
9.965,-0.3576,-0.6565,140.45,3.3385,-0.5257,4.63,0.0432,137.61,1.345,-0.236,0.0,-0.5,0.9816,1.4113,0.7152,148.84
10.016,-0.3576,-0.6565,140.45,3.3385,-0.5257,4.6304,0.0428,136.25,1.345,-0.236,0.0,-0.5,0.982,1.4115,0.7152,148.84
10.067,-0.3576,-0.6565,140.45,3.3385,-0.5257,4.6307,0.0425,135.35,1.345,-0.236,0.0,-0.5,0.9823,1.4116,0.7152,148.84
10.118,-0.3733,-0.5887,137.71,3.3187,-0.459,4.6312,0.042,133.54,1.345,-0.236,0.0,-0.5,0.9829,1.4049,0.7108,148.84
10.169,-0.3733,-0.5887,137.71,3.3187,-0.459,4.6316,0.0416,132.18,1.345,-0.236,0.0,-0.5,0.9833,1.4051,0.7108,151.684
10.221,-0.4047,-0.5161,135.09,3.2828,-0.3885,4.6319,0.0412,130.83,1.345,-0.236,0.0,-0.5,0.9837,1.4159,0.2196,151.684
10.272,-0.4235,-0.4567,132.43,3.2603,-0.3305,4.6323,0.0408,129.47,1.345,-0.236,0.0,-0.5,0.9841,1.4214,0.4428,151.684
10.323,-0.4235,-0.4567,132.43,3.2603,-0.3305,4.6326,0.0404,128.12,1.345,-0.236,0.0,-0.5,0.9845,1.4216,0.4428,151.684
10.374,-0.4439,-0.3888,129.72,3.2357,-0.2639,4.6329,0.04,126.76,1.345,-0.236,0.0,-0.5,0.9848,1.4299,0.3952,151.684
10.426,-0.4439,-0.3888,129.72,3.2357,-0.2639,4.6333,0.0395,125.4,1.345,-0.236,0.0,-0.5,0.9852,1.4302,0.3952,151.684
10.477,-0.4439,-0.3888,129.72,3.2357,-0.2639,4.6336,0.0391,124.05,1.345,-0.236,0.0,-0.5,0.9856,1.4304,0.3952,151.684
10.528,-0.4439,-0.3888,129.72,3.2357,-0.2639,4.6339,0.0387,122.69,1.345,-0.236,0.0,-0.5,0.9859,1.4306,0.3952,151.684
10.579,-0.4439,-0.3888,129.72,3.2357,-0.2639,4.6342,0.0382,121.33,1.345,-0.236,0.0,-0.5,0.9863,1.4307,0.3952,151.684
10.63,-0.4439,-0.3888,129.72,3.2357,-0.2639,4.6344,0.0377,119.98,1.345,-0.236,0.0,-0.5,0.9866,1.4309,0.3952,151.684
10.681,-0.4439,-0.3888,129.72,3.2357,-0.2639,4.6347,0.0373,118.62,1.345,-0.236,0.0,-0.5,0.9869,1.4311,0.3952,151.684
10.732,-0.4439,-0.3888,129.72,3.2357,-0.2639,4.6349,0.0368,117.26,1.345,-0.236,0.0,-0.5,0.9872,1.4312,0.3952,151.684
10.783,-0.4439,-0.3888,129.72,3.2357,-0.2639,4.6352,0.0363,115.91,1.345,-0.236,0.0,-0.5,0.9875,1.4314,0.3952,151.684
10.834,-0.4439,-0.3888,129.72,3.2357,-0.2639,4.6354,0.0358,114.55,1.345,-0.236,0.0,-0.5,0.9878,1.4315,0.3952,151.684
10.885,-0.4439,-0.3888,129.72,3.2357,-0.2639,4.6356,0.0355,113.65,1.345,-0.236,0.0,-0.5,0.988,1.4316,0.3952,151.684
10.937,-0.4439,-0.3888,129.72,3.2357,-0.2639,4.6356,0.0353,113.19,1.345,-0.236,0.0,-0.5,0.9881,1.4316,0.3952,151.684
10.988,-0.4439,-0.3888,129.72,3.2357,-0.2639,4.6358,0.0348,111.84,1.345,-0.236,0.0,-0.5,0.9883,1.4317,0.3952,151.684
11.039,-0.4439,-0.3888,129.72,3.2357,-0.2639,4.636,0.0343,110.48,1.345,-0.236,0.0,-0.5,0.9886,1.4318,0.3952,151.684
11.09,-0.4605,-0.3248,127.01,3.2151,-0.2011,4.6362,0.0338,109.13,1.345,-0.236,0.0,-0.5,0.9888,1.4404,0.3732,151.684
11.141,-0.4605,-0.3248,127.01,3.2151,-0.2011,4.6363,0.0335,108.22,1.345,-0.236,0.0,-0.5,0.989,1.4405,0.3732,151.684
11.192,-0.4605,-0.3248,127.01,3.2151,-0.2011,4.6366,0.0328,106.41,1.345,-0.236,0.0,-0.5,0.9893,1.4406,0.3732,154.773
11.244,-0.4605,-0.3248,127.01,3.2151,-0.2011,4.6367,0.0323,105.06,1.345,-0.236,0.0,-0.5,0.9895,1.4406,0.3732,154.773
11.295,-0.4881,-0.1879,121.6,3.1791,-0.0662,4.6368,0.0318,103.7,1.345,-0.236,0.0,-0.5,0.9897,1.461,0.4332,154.773
11.346,-0.4881,-0.1879,121.6,3.1791,-0.0662,4.637,0.0312,102.34,1.345,-0.236,0.0,-0.5,0.9899,1.4611,0.4332,154.773
11.397,-0.4881,-0.1879,121.6,3.1791,-0.0662,4.6371,0.0307,100.99,1.345,-0.236,0.0,-0.5,0.99,1.4612,0.4332,154.773
11.448,-0.4881,-0.1879,121.6,3.1791,-0.0662,4.6372,0.0302,99.63,1.345,-0.236,0.0,-0.5,0.9902,1.4613,0.4332,154.773
11.499,-0.4881,-0.1879,121.6,3.1791,-0.0662,4.6373,0.0296,98.28,1.345,-0.236,0.0,-0.5,0.9904,1.4613,0.4332,154.773
11.55,-0.4898,0.014,113.52,3.1647,0.1352,4.6373,0.0291,96.92,1.345,-0.236,0.0,-0.5,0.9905,1.4764,0.4856,154.773
11.601,-0.4898,0.014,113.52,3.1647,0.1352,4.6374,0.0288,96.01,1.345,-0.236,0.0,-0.5,0.9906,1.4765,0.4856,155.977
11.652,-0.4771,0.0832,110.84,3.1731,0.205,4.6374,0.0282,94.66,1.345,-0.236,0.0,-0.5,0.9907,1.475,0.4856,155.977
11.703,-0.4771,0.0832,110.84,3.1731,0.205,4.6375,0.0275,92.85,1.345,-0.236,0.0,-0.5,0.9908,1.4751,0.4856,155.977
11.755,-0.4771,0.0832,110.84,3.1731,0.205,4.6375,0.027,91.49,1.345,-0.236,0.0,-0.5,0.9909,1.4752,0.4856,155.977
11.806,-0.4709,0.2311,105.5,3.1701,0.3531,4.6375,0.0264,90.14,1.345,-0.236,0.0,-0.5,0.991,1.5033,0.5972,155.977
11.857,-0.4709,0.2311,105.5,3.1701,0.3531,4.6375,0.0259,88.78,1.345,-0.236,0.0,-0.5,0.9911,1.5035,0.5972,155.977
11.908,-0.4653,0.2977,102.86,3.1715,0.4199,4.6375,0.0254,87.43,1.345,-0.236,0.0,-0.5,0.9911,1.5182,0.5192,155.977
11.96,-0.4653,0.2977,102.86,3.1715,0.4199,4.6375,0.0248,86.07,1.345,-0.236,0.0,-0.5,0.9912,1.5183,0.5192,155.977
12.01,-0.4252,0.3658,100.12,3.2072,0.4904,4.6375,0.0248,86.07,1.345,-0.236,0.0,-0.5,0.9912,1.5041,0.6588,155.977
12.061,-0.4252,0.3658,100.12,3.2072,0.4904,4.6374,0.0245,85.16,1.345,-0.236,0.0,-0.5,0.9912,1.5042,0.6588,155.977
12.112,-0.4252,0.3658,100.12,3.2072,0.4904,4.6374,0.0245,85.16,1.345,-0.236,0.0,-0.5,0.9912,1.5042,0.6588,155.977
12.162,-0.4252,0.3658,100.12,3.2072,0.4904,4.6374,0.0239,83.81,1.345,-0.236,0.0,-0.5,0.9912,1.5043,0.6588,155.977
12.213,-0.4252,0.3658,100.12,3.2072,0.4904,4.6373,0.0234,82.45,1.345,-0.236,0.0,-0.5,0.9912,1.5044,0.6588,155.977
12.264,-0.4252,0.3658,100.12,3.2072,0.4904,4.6372,0.0228,81.1,1.345,-0.236,0.0,-0.5,0.9912,1.5045,0.6588,155.977
12.315,-0.4252,0.3658,100.12,3.2072,0.4904,4.6371,0.0223,79.74,1.345,-0.236,0.0,-0.5,0.9912,1.5046,0.6588,155.977
12.366,-0.4252,0.3658,100.12,3.2072,0.4904,4.637,0.0218,78.38,1.345,-0.236,0.0,-0.5,0.9911,1.5046,0.6588,155.977
12.416,-0.4252,0.3658,100.12,3.2072,0.4904,4.6369,0.0213,77.03,1.345,-0.236,0.0,-0.5,0.9911,1.5047,0.6588,155.977
12.467,-0.4079,0.4281,97.45,3.2206,0.5537,4.6368,0.0207,75.67,1.345,-0.236,0.0,-0.5,0.991,1.5131,0.666,155.977
12.518,-0.4079,0.4281,97.45,3.2206,0.5537,4.6367,0.0202,74.31,1.345,-0.236,0.0,-0.5,0.991,1.5132,0.666,155.977
12.571,-0.3869,0.492,94.75,3.2376,0.6187,4.6365,0.0197,72.96,1.345,-0.236,0.0,-0.5,0.9909,1.5218,0.6372,158.442
12.622,-0.3869,0.492,94.75,3.2376,0.6187,4.6364,0.0192,71.6,1.345,-0.236,0.0,-0.5,0.9908,1.5218,0.6372,158.442
12.673,-0.3439,0.569,92.02,3.2758,0.6983,4.6364,0.0192,71.6,1.345,-0.236,0.0,-0.5,0.9908,1.5207,0.59,158.442
12.726,-0.3439,0.569,92.02,3.2758,0.6983,4.6362,0.0187,70.25,1.345,-0.236,0.0,-0.5,0.9907,1.5207,0.59,158.442
12.777,-0.315,0.6385,89.33,3.3002,0.7694,4.636,0.0182,68.89,1.345,-0.236,0.0,-0.5,0.9906,1.5325,0.6676,158.442
12.828,-0.315,0.6385,89.33,3.3002,0.7694,4.6358,0.0177,67.53,1.345,-0.236,0.0,-0.5,0.9905,1.5326,0.6676,158.442
12.879,-0.315,0.6385,89.33,3.3002,0.7694,4.6356,0.0172,66.18,1.345,-0.236,0.0,-0.5,0.9903,1.5327,0.6676,158.442
12.931,-0.24,0.7521,83.94,3.368,0.8875,4.6354,0.0167,64.82,1.345,-0.236,0.0,-0.5,0.9902,1.5377,0.6868,158.442
12.982,-0.24,0.7521,83.94,3.368,0.8875,4.6351,0.0162,63.46,1.345,-0.236,0.0,-0.5,0.99,1.5378,0.6868,160.116
13.033,-0.1948,0.8034,81.22,3.4099,0.9415,4.6349,0.0157,62.11,1.345,-0.236,0.0,-0.5,0.9898,1.5355,0.6796,160.116
13.084,-0.1948,0.8034,81.22,3.4099,0.9415,4.6346,0.0152,60.75,1.345,-0.236,0.0,-0.5,0.9896,1.5355,0.6796,160.116
13.135,-0.1511,0.8664,78.52,3.4495,1.0071,4.6344,0.0148,59.4,1.345,-0.236,0.0,-0.5,0.9894,1.5455,0.744,160.116
13.186,-0.1111,0.9189,75.8,3.4862,1.062,4.6341,0.0143,58.04,1.345,-0.236,0.0,-0.5,0.9892,1.5541,0.7308,160.116
13.236,-0.1111,0.9189,75.8,3.4862,1.062,4.6338,0.0139,56.68,1.345,-0.236,0.0,-0.5,0.989,1.5542,0.7308,160.116
13.288,-0.0673,0.9727,73.13,3.5265,1.1184,4.6335,0.0134,55.33,1.345,-0.236,0.0,-0.5,0.9888,1.5641,0.7028,160.116
13.338,-0.0673,0.9727,73.13,3.5265,1.1184,4.6332,0.013,53.97,1.345,-0.236,0.0,-0.5,0.9885,1.5642,0.7028,160.594
13.389,-0.0071,1.0211,70.41,3.5836,1.1705,4.6329,0.0125,52.61,1.345,-0.236,0.0,-0.5,0.9883,1.5626,0.7332,160.594
13.441,0.047,1.0745,67.69,3.6343,1.2272,4.6325,0.0121,51.26,1.345,-0.236,0.0,-0.5,0.988,1.5725,0.7284,160.594
13.492,0.047,1.0745,67.69,3.6343,1.2272,4.6322,0.0117,49.9,1.345,-0.236,0.0,-0.5,0.9877,1.5726,0.7284,160.594
13.544,0.0986,1.1178,65.0,3.6831,1.2736,4.6318,0.0113,48.55,1.345,-0.236,0.0,-0.5,0.9874,1.5791,0.6736,160.594
13.595,0.0986,1.1178,65.0,3.6831,1.2736,4.6315,0.0109,47.19,1.345,-0.236,0.0,-0.5,0.9871,1.5792,0.6736,160.594
13.646,0.1598,1.158,62.32,3.7417,1.3175,4.6311,0.0105,45.83,1.345,-0.236,0.0,-0.5,0.9868,1.5809,0.7364,160.594
13.697,0.1598,1.158,62.32,3.7417,1.3175,4.631,0.0104,45.38,1.345,-0.236,0.0,-0.5,0.9867,1.581,0.7364,160.594
13.747,0.218,1.202,59.59,3.797,1.3651,4.6307,0.0101,44.48,1.345,-0.236,0.0,-0.5,0.9865,1.5909,0.7036,160.594
13.8,0.2907,1.2347,56.92,3.8675,1.4023,4.6306,0.01,44.02,1.345,-0.236,0.0,-0.5,0.9864,1.5877,0.7104,161.191
13.851,0.2907,1.2347,56.92,3.8675,1.4023,4.6303,0.0097,43.12,1.345,-0.236,0.0,-0.5,0.9862,1.5878,0.7104,161.191
13.902,0.3627,1.2628,54.25,3.9376,1.4348,4.6299,0.0094,41.76,1.345,-0.236,0.0,-0.5,0.9858,1.5846,0.336,161.191
13.953,0.3627,1.2628,54.25,3.9376,1.4348,4.6295,0.009,40.41,1.345,-0.236,0.0,-0.5,0.9855,1.5848,0.336,161.191
14.003,0.412,1.282,51.53,3.9856,1.457,4.6291,0.0087,39.05,1.345,-0.236,0.0,-0.5,0.9851,1.5849,0.3516,161.191
14.055,0.4923,1.3287,48.99,4.0629,1.5087,4.6287,0.0083,37.7,1.345,-0.236,0.0,-0.5,0.9847,1.6035,0.6912,161.191
14.106,0.4923,1.3287,48.99,4.0629,1.5087,4.6283,0.008,36.34,1.345,-0.236,0.0,-0.5,0.9844,1.6036,0.6912,161.191
14.157,0.5555,1.3443,46.17,4.125,1.5282,4.6278,0.0077,34.98,1.345,-0.236,0.0,-0.5,0.984,1.6015,0.738,161.191
14.207,0.5555,1.3443,46.17,4.125,1.5282,4.6278,0.0077,34.98,1.345,-0.236,0.0,-0.5,0.984,1.6015,0.738,161.191
14.259,0.629,1.3686,43.5,4.1968,1.557,4.6274,0.0074,33.63,1.345,-0.236,0.0,-0.5,0.9836,1.6084,0.718,161.575
14.31,0.629,1.3686,43.5,4.1968,1.557,4.6269,0.0071,32.27,1.345,-0.236,0.0,-0.5,0.9832,1.6085,0.718,161.575
14.361,0.6995,1.3888,40.8,4.2659,1.5816,4.6265,0.0068,30.91,1.345,-0.236,0.0,-0.5,0.9828,1.6155,0.7096,161.575
14.412,0.783,1.3981,38.05,4.3487,1.596,4.6262,0.0066,30.01,1.345,-0.236,0.0,-0.5,0.9825,1.6134,0.3568,161.575
14.463,0.783,1.3981,38.05,4.3487,1.596,4.626,0.0065,29.56,1.345,-0.236,0.0,-0.5,0.9823,1.6135,0.3568,161.575
14.514,0.8448,1.4039,35.39,4.41,1.6057,4.6255,0.0063,28.2,1.345,-0.236,0.0,-0.5,0.9819,1.6139,0.3852,161.575
14.566,0.8448,1.4039,35.39,4.41,1.6057,4.6251,0.006,26.85,1.345,-0.236,0.0,-0.5,0.9815,1.6141,0.3852,161.575
14.617,0.9172,1.4141,32.7,4.4816,1.6204,4.6246,0.0058,25.49,1.345,-0.236,0.0,-0.5,0.981,1.621,0.7588,161.575
14.669,0.9172,1.4141,32.7,4.4816,1.6204,4.6241,0.0056,24.13,1.345,-0.236,0.0,-0.5,0.9806,1.6211,0.7588,161.575
14.72,0.9914,1.4166,30.0,4.5555,1.6275,4.6236,0.0053,22.78,1.345,-0.236,0.0,-0.5,0.9801,1.6236,0.7608,161.575
14.771,0.9914,1.4166,30.0,4.5555,1.6275,4.6231,0.0051,21.42,1.345,-0.236,0.0,-0.5,0.9797,1.6238,0.7608,161.866
14.821,0.9914,1.4166,30.0,4.5555,1.6275,4.6229,0.0051,20.97,1.345,-0.236,0.0,-0.5,0.9795,1.6238,0.7608,161.866
14.873,1.1463,1.4115,24.59,4.7104,1.6321,4.6226,0.005,20.06,1.345,-0.236,0.0,-0.5,0.9792,1.6295,0.688,161.866
14.924,1.1463,1.4115,24.59,4.7104,1.6321,4.6221,0.0048,18.71,1.345,-0.236,0.0,-0.5,0.9787,1.6297,0.688,161.866
14.976,1.2373,1.3997,21.88,4.802,1.626,4.6216,0.0046,17.35,1.345,-0.236,0.0,-0.5,0.9782,1.6314,0.3212,161.866
15.027,1.2373,1.3997,21.88,4.802,1.626,4.6211,0.0044,16.0,1.345,-0.236,0.0,-0.5,0.9778,1.6316,0.3212,161.866
15.078,1.2984,1.394,19.19,4.8633,1.6242,4.6205,0.0043,14.64,1.345,-0.236,0.0,-0.5,0.9773,1.638,0.7356,161.866
15.13,1.2984,1.394,19.19,4.8633,1.6242,4.62,0.0042,13.28,1.345,-0.236,0.0,-0.5,0.9768,1.6382,0.7356,161.866
15.181,1.3761,1.3794,16.5,4.9418,1.6144,4.6195,0.0041,11.93,1.345,-0.236,0.0,-0.5,0.9763,1.6423,0.2768,161.866
15.232,1.3761,1.3794,16.5,4.9418,1.6144,4.619,0.0039,10.57,1.345,-0.236,0.0,-0.5,0.9758,1.6425,0.2768,163.287
15.283,1.3761,1.3794,16.5,4.9418,1.6144,4.6184,0.0039,9.21,1.345,-0.236,0.0,-0.5,0.9753,1.6427,0.2768,163.287
15.336,1.3761,1.3794,16.5,4.9418,1.6144,4.6179,0.0038,7.86,1.345,-0.236,0.0,-0.5,0.9747,1.6429,0.2768,163.287
15.387,1.5215,1.329,11.04,5.09,1.5732,4.6174,0.0037,6.5,1.345,-0.236,0.0,-0.5,0.9742,1.6391,0.474,163.287
15.438,1.5215,1.329,11.04,5.09,1.5732,4.6168,0.0036,5.14,1.345,-0.236,0.0,-0.5,0.9737,1.6393,0.474,163.287
15.488,1.5215,1.329,11.04,5.09,1.5732,4.6163,0.0036,3.79,1.345,-0.236,0.0,-0.5,0.9732,1.6395,0.474,163.287
15.539,1.5215,1.329,11.04,5.09,1.5732,4.6158,0.0036,2.43,1.345,-0.236,0.0,-0.5,0.9727,1.6397,0.474,163.287
15.59,1.5215,1.329,11.04,5.09,1.5732,4.6152,0.0036,1.07,1.345,-0.236,0.0,-0.5,0.9721,1.6399,0.474,163.287
15.64,1.5215,1.329,11.04,5.09,1.5732,4.6147,0.0036,-0.28,1.345,-0.236,0.0,-0.5,0.9716,1.6401,0.474,163.287
15.691,1.5215,1.329,11.04,5.09,1.5732,4.6141,0.0036,-1.64,1.345,-0.236,0.0,-0.5,0.9711,1.6402,0.474,163.287
15.742,1.5215,1.329,11.04,5.09,1.5732,4.6136,0.0036,-2.99,1.345,-0.236,0.0,-0.5,0.9705,1.6403,0.474,163.287
15.793,1.5215,1.329,11.04,5.09,1.5732,4.6131,0.0036,-4.35,1.345,-0.236,0.0,-0.5,0.97,1.6405,0.474,163.287
15.844,1.5215,1.329,11.04,5.09,1.5732,4.6125,0.0037,-5.71,1.345,-0.236,0.0,-0.5,0.9694,1.6406,0.474,163.287
15.895,1.5971,1.3124,8.37,5.1665,1.5613,4.612,0.0037,-7.06,1.345,-0.236,0.0,-0.5,0.9689,1.6534,0.4444,163.287
15.947,1.5971,1.3124,8.37,5.1665,1.5613,4.6115,0.0038,-8.42,1.345,-0.236,0.0,-0.5,0.9684,1.6535,0.4444,163.287
15.998,1.5971,1.3124,8.37,5.1665,1.5613,4.6109,0.0039,-9.78,1.345,-0.236,0.0,-0.5,0.9678,1.6536,0.4444,163.287
16.049,1.7348,1.2423,2.94,5.3084,1.5,4.6104,0.004,-11.13,1.345,-0.236,0.0,-0.5,0.9673,1.6508,0.5768,164.628
16.1,1.7348,1.2423,2.94,5.3084,1.5,4.6099,0.0041,-12.49,1.345,-0.236,0.0,-0.5,0.9668,1.651,0.5768,164.628
16.152,1.8048,1.209,0.25,5.3803,1.4711,4.6093,0.0042,-13.85,1.345,-0.236,0.0,-0.5,0.9662,1.6572,0.5332,164.628
16.203,1.872,1.1772,-2.45,5.4493,1.4436,4.6088,0.0043,-15.2,1.345,-0.236,0.0,-0.5,0.9657,1.6667,0.6556,164.628
16.254,1.872,1.1772,-2.45,5.4493,1.4436,4.6083,0.0045,-16.56,1.345,-0.236,0.0,-0.5,0.9651,1.6669,0.6556,164.628
16.305,1.9269,1.1387,-5.18,5.5065,1.4086,4.6078,0.0046,-17.91,1.345,-0.236,0.0,-0.5,0.9646,1.667,0.6032,164.628
16.356,1.9269,1.1387,-5.18,5.5065,1.4086,4.6073,0.0048,-19.27,1.345,-0.236,0.0,-0.5,0.9641,1.6671,0.6032,164.628
16.407,1.9902,1.0857,-7.85,5.573,1.3596,4.6068,0.005,-20.63,1.345,-0.236,0.0,-0.5,0.9636,1.6639,0.594,164.628
16.459,1.9902,1.0857,-7.85,5.573,1.3596,4.6068,0.005,-20.63,1.345,-0.236,0.0,-0.5,0.9636,1.6639,0.594,164.628
16.51,2.0523,1.0376,-10.57,5.638,1.3156,4.6063,0.0052,-21.98,1.345,-0.236,0.0,-0.5,0.963,1.6678,0.63,164.628
16.561,2.1028,0.9873,-13.22,5.6915,1.2684,4.6058,0.0054,-23.34,1.345,-0.236,0.0,-0.5,0.9625,1.6656,0.6136,164.628
16.612,2.1028,0.9873,-13.22,5.6915,1.2684,4.6053,0.0056,-24.7,1.345,-0.236,0.0,-0.5,0.962,1.6657,0.6136,164.628
16.664,2.1577,0.9341,-16.01,5.7496,1.2188,4.6048,0.0058,-26.05,1.345,-0.236,0.0,-0.5,0.9615,1.6679,0.5832,165.615
16.715,2.1577,0.9341,-16.01,5.7496,1.2188,4.6043,0.0061,-27.41,1.345,-0.236,0.0,-0.5,0.9609,1.6681,0.5832,165.615
16.765,2.2102,0.8831,-18.69,5.8052,1.1711,4.604,0.0063,-28.31,1.345,-0.236,0.0,-0.5,0.9606,1.6733,0.6236,165.615
16.819,2.2673,0.8242,-21.34,5.8659,1.1159,4.6038,0.0063,-28.76,1.345,-0.236,0.0,-0.5,0.9604,1.6805,0.6044,165.615
16.87,2.2673,0.8242,-21.34,5.8659,1.1159,4.6034,0.0066,-30.12,1.345,-0.236,0.0,-0.5,0.9599,1.6806,0.6044,165.615
16.921,2.3049,0.766,-24.04,5.907,1.0602,4.6029,0.0069,-31.48,1.345,-0.236,0.0,-0.5,0.9594,1.6764,0.6012,165.615
16.972,2.3049,0.766,-24.04,5.907,1.0602,4.6024,0.0072,-32.83,1.345,-0.236,0.0,-0.5,0.9589,1.6765,0.6012,165.615
17.023,2.3497,0.6991,-26.76,5.9559,0.9962,4.6023,0.0073,-33.28,1.345,-0.236,0.0,-0.5,0.9588,1.6764,0.6272,166.405
17.074,2.3497,0.6991,-26.76,5.9559,0.9962,4.602,0.0075,-34.19,1.345,-0.236,0.0,-0.5,0.9584,1.6766,0.6272,166.405
17.125,2.3928,0.6373,-29.49,6.0028,0.9372,4.6015,0.0078,-35.54,1.345,-0.236,0.0,-0.5,0.958,1.6815,0.6012,166.405
17.176,2.4341,0.5664,-32.21,6.0484,0.8691,4.6011,0.0081,-36.9,1.345,-0.236,0.0,-0.5,0.9575,1.6841,0.606,166.405
17.227,2.4341,0.5664,-32.21,6.0484,0.8691,4.6007,0.0084,-38.26,1.345,-0.236,0.0,-0.5,0.957,1.6843,0.606,166.405
17.279,2.4341,0.5664,-32.21,6.0484,0.8691,4.6003,0.0088,-39.61,1.345,-0.236,0.0,-0.5,0.9565,1.6845,0.606,166.405
17.33,2.4341,0.5664,-32.21,6.0484,0.8691,4.5998,0.0091,-40.97,1.345,-0.236,0.0,-0.5,0.9561,1.6847,0.606,166.405
17.381,2.4341,0.5664,-32.21,6.0484,0.8691,4.5994,0.0095,-42.33,1.345,-0.236,0.0,-0.5,0.9556,1.6848,0.606,167.441
17.432,2.4341,0.5664,-32.21,6.0484,0.8691,4.599,0.0098,-43.68,1.345,-0.236,0.0,-0.5,0.9552,1.685,0.606,167.441
17.483,2.4341,0.5664,-32.21,6.0484,0.8691,4.5987,0.0102,-45.04,1.345,-0.236,0.0,-0.5,0.9547,1.6851,0.606,167.441
17.533,2.4341,0.5664,-32.21,6.0484,0.8691,4.5983,0.0106,-46.39,1.345,-0.236,0.0,-0.5,0.9543,1.6852,0.606,167.441
17.584,2.4341,0.5664,-32.21,6.0484,0.8691,4.5979,0.011,-47.75,1.345,-0.236,0.0,-0.5,0.9539,1.6854,0.606,167.441
17.635,2.4341,0.5664,-32.21,6.0484,0.8691,4.5975,0.0114,-49.11,1.345,-0.236,0.0,-0.5,0.9535,1.6855,0.606,167.441
17.686,2.4341,0.5664,-32.21,6.0484,0.8691,4.5972,0.0118,-50.46,1.345,-0.236,0.0,-0.5,0.9531,1.6855,0.606,167.441
17.736,2.4341,0.5664,-32.21,6.0484,0.8691,4.5969,0.0122,-51.82,1.345,-0.236,0.0,-0.5,0.9527,1.6856,0.606,167.441
17.787,2.4341,0.5664,-32.21,6.0484,0.8691,4.5968,0.0124,-52.27,1.345,-0.236,0.0,-0.5,0.9525,1.6856,0.606,167.441
17.838,2.4341,0.5664,-32.21,6.0484,0.8691,4.5965,0.0126,-53.18,1.345,-0.236,0.0,-0.5,0.9523,1.6857,0.606,167.441
17.888,2.4341,0.5664,-32.21,6.0484,0.8691,4.5965,0.0126,-53.18,1.345,-0.236,0.0,-0.5,0.9523,1.6857,0.606,167.441
17.939,2.4341,0.5664,-32.21,6.0484,0.8691,4.5962,0.0131,-54.53,1.345,-0.236,0.0,-0.5,0.9519,1.6857,0.606,167.441
17.991,2.4341,0.5664,-32.21,6.0484,0.8691,4.5959,0.0135,-55.89,1.345,-0.236,0.0,-0.5,0.9515,1.6858,0.606,167.441
18.041,2.4341,0.5664,-32.21,6.0484,0.8691,4.5956,0.014,-57.25,1.345,-0.236,0.0,-0.5,0.9512,1.6858,0.606,167.441
18.092,2.4341,0.5664,-32.21,6.0484,0.8691,4.5955,0.0141,-57.7,1.345,-0.236,0.0,-0.5,0.9511,1.6858,0.606,167.441
18.143,2.4341,0.5664,-32.21,6.0484,0.8691,4.5954,0.0143,-58.15,1.345,-0.236,0.0,-0.5,0.9509,1.6858,0.606,167.441
18.194,2.5315,0.3564,-40.35,6.1588,0.6656,4.5951,0.0147,-59.51,1.345,-0.236,0.0,-0.5,0.9506,1.6937,0.614,167.441
18.245,2.5519,0.293,-43.04,6.1831,0.6035,4.5949,0.0152,-60.86,1.345,-0.236,0.0,-0.5,0.9503,1.6937,0.6336,167.441
18.296,2.5519,0.293,-43.04,6.1831,0.6035,4.5949,0.0152,-60.86,1.345,-0.236,0.0,-0.5,0.9503,1.6937,0.6336,167.441
18.347,2.5681,0.2101,-45.74,6.2045,0.5218,4.5946,0.0157,-62.22,1.345,-0.236,0.0,-0.5,0.9499,1.6875,0.6288,167.441
18.398,2.5681,0.2101,-45.74,6.2045,0.5218,4.5944,0.0161,-63.58,1.345,-0.236,0.0,-0.5,0.9496,1.6876,0.6288,167.441
18.448,2.5681,0.2101,-45.74,6.2045,0.5218,4.5941,0.0166,-64.93,1.345,-0.236,0.0,-0.5,0.9493,1.6877,0.6288,167.441
18.501,2.5681,0.2101,-45.74,6.2045,0.5218,4.5939,0.0171,-66.29,1.345,-0.236,0.0,-0.5,0.949,1.6878,0.6288,167.441
18.552,2.605,0.0557,-51.22,6.2509,0.3701,4.5937,0.0176,-67.65,1.345,-0.236,0.0,-0.5,0.9488,1.6943,0.494,167.441
18.603,2.605,0.0557,-51.22,6.2509,0.3701,4.5935,0.0181,-69.0,1.345,-0.236,0.0,-0.5,0.9485,1.6944,0.494,168.512
18.654,2.605,0.0557,-51.22,6.2509,0.3701,4.5933,0.0186,-70.36,1.345,-0.236,0.0,-0.5,0.9482,1.6945,0.494,168.512
18.705,2.6251,-0.0983,-56.63,6.2806,0.2175,4.5931,0.0191,-71.71,1.345,-0.236,0.0,-0.5,0.948,1.6991,0.4988,168.512
18.757,2.6246,-0.1759,-59.37,6.2849,0.1401,4.593,0.0197,-73.07,1.345,-0.236,0.0,-0.5,0.9478,1.6962,0.4948,168.512
18.808,2.6246,-0.1759,-59.37,6.2849,0.1401,4.5928,0.0202,-74.43,1.345,-0.236,0.0,-0.5,0.9475,1.6963,0.4948,168.512
18.859,2.6306,-0.2545,-62.09,6.2958,0.062,4.5928,0.0203,-74.88,1.345,-0.236,0.0,-0.5,0.9475,1.7036,0.62,168.512
18.912,2.6306,-0.2545,-62.09,6.2958,0.062,4.5927,0.0207,-75.78,1.345,-0.236,0.0,-0.5,0.9473,1.7037,0.62,168.512
18.965,2.6203,-0.3309,-64.85,6.2903,-0.0148,4.5925,0.0212,-77.14,1.345,-0.236,0.0,-0.5,0.9471,1.6982,0.5152,168.512
19.016,2.6203,-0.3309,-64.85,6.2903,-0.0148,4.5924,0.0217,-78.5,1.345,-0.236,0.0,-0.5,0.9469,1.6983,0.5152,168.512
19.068,2.6093,-0.4081,-67.62,6.2841,-0.0926,4.5923,0.0223,-79.85,1.345,-0.236,0.0,-0.5,0.9468,1.6957,0.4764,169.104
19.12,2.6093,-0.4081,-67.62,6.2841,-0.0926,4.5922,0.0228,-81.21,1.345,-0.236,0.0,-0.5,0.9466,1.6958,0.4764,169.104
19.17,2.6017,-0.4918,-70.27,6.2818,-0.1766,4.5922,0.0228,-81.21,1.345,-0.236,0.0,-0.5,0.9466,1.7013,0.634,169.104
19.222,2.5873,-0.5675,-73.11,6.2721,-0.2531,4.5922,0.0233,-82.56,1.345,-0.236,0.0,-0.5,0.9464,1.7025,0.4836,169.104
19.273,2.5873,-0.5675,-73.11,6.2721,-0.2531,4.5921,0.0239,-83.92,1.345,-0.236,0.0,-0.5,0.9463,1.7027,0.4836,169.104
19.324,2.5641,-0.6425,-75.74,6.2537,-0.3294,4.592,0.0244,-85.28,1.345,-0.236,0.0,-0.5,0.9462,1.6989,0.492,169.104
19.375,2.5641,-0.6425,-75.74,6.2537,-0.3294,4.592,0.0249,-86.63,1.345,-0.236,0.0,-0.5,0.9461,1.6991,0.492,169.104
19.426,2.5441,-0.7115,-78.45,6.238,-0.3995,4.592,0.0255,-87.99,1.345,-0.236,0.0,-0.5,0.946,1.7,0.6248,170.499
19.48,2.5441,-0.7115,-78.45,6.238,-0.3995,4.592,0.026,-89.35,1.345,-0.236,0.0,-0.5,0.9459,1.7002,0.6248,170.499
19.531,2.5166,-0.7834,-81.26,6.2151,-0.473,4.592,0.0266,-90.7,1.345,-0.236,0.0,-0.5,0.9458,1.6982,0.4976,170.499
19.582,2.5166,-0.7834,-81.26,6.2151,-0.473,4.592,0.0271,-92.06,1.345,-0.236,0.0,-0.5,0.9458,1.6984,0.4976,170.499
19.633,2.5166,-0.7834,-81.26,6.2151,-0.473,4.592,0.0271,-92.06,1.345,-0.236,0.0,-0.5,0.9458,1.6984,0.4976,170.499
19.684,2.4523,-0.9496,-86.71,6.1612,-0.6429,4.592,0.0276,-93.42,1.345,-0.236,0.0,-0.5,0.9457,1.7065,0.4624,170.499
19.735,2.4523,-0.9496,-86.71,6.1612,-0.6429,4.592,0.0282,-94.77,1.345,-0.236,0.0,-0.5,0.9457,1.7066,0.4624,170.499
19.785,2.4523,-0.9496,-86.71,6.1612,-0.6429,4.5921,0.0287,-96.13,1.345,-0.236,0.0,-0.5,0.9457,1.7068,0.4624,170.499
19.836,2.4523,-0.9496,-86.71,6.1612,-0.6429,4.5921,0.0292,-97.48,1.345,-0.236,0.0,-0.5,0.9457,1.707,0.4624,172.056
19.887,2.3622,-1.0824,-92.19,6.0796,-0.781,4.5922,0.0298,-98.84,1.345,-0.236,0.0,-0.5,0.9457,1.694,0.508,172.056
19.938,2.3327,-1.1538,-94.88,6.0546,-0.8541,4.5923,0.0303,-100.2,1.345,-0.236,0.0,-0.5,0.9457,1.709,0.5084,172.056
19.989,2.3327,-1.1538,-94.88,6.0546,-0.8541,4.5924,0.0308,-101.55,1.345,-0.236,0.0,-0.5,0.9457,1.7091,0.5084,172.056
20.04,2.3327,-1.1538,-94.88,6.0546,-0.8541,4.5925,0.0314,-102.91,1.345,-0.236,0.0,-0.5,0.9458,1.7093,0.5084,172.056
20.092,2.3327,-1.1538,-94.88,6.0546,-0.8541,4.5926,0.0319,-104.27,1.345,-0.236,0.0,-0.5,0.9458,1.7095,0.5084,172.056
20.143,2.3327,-1.1538,-94.88,6.0546,-0.8541,4.5928,0.0324,-105.62,1.345,-0.236,0.0,-0.5,0.9459,1.7096,0.5084,172.056
20.194,2.2364,-1.278,-100.36,5.9663,-0.9841,4.5929,0.0329,-106.98,1.345,-0.236,0.0,-0.5,0.946,1.709,0.5092,172.056
20.245,2.2364,-1.278,-100.36,5.9663,-0.9841,4.5931,0.0334,-108.34,1.345,-0.236,0.0,-0.5,0.9461,1.7091,0.5092,172.056
20.296,2.1829,-1.3338,-103.05,5.9163,-1.0431,4.5933,0.0339,-109.69,1.345,-0.236,0.0,-0.5,0.9462,1.7061,0.5124,172.056
20.35,2.1829,-1.3338,-103.05,5.9163,-1.0431,4.5935,0.0345,-111.05,1.345,-0.236,0.0,-0.5,0.9463,1.7062,0.5124,174.494
20.401,2.1355,-1.3962,-105.77,5.8729,-1.1083,4.5937,0.035,-112.4,1.345,-0.236,0.0,-0.5,0.9464,1.7157,0.5056,174.494
20.452,2.073,-1.4392,-108.53,5.8132,-1.1552,4.5939,0.0355,-113.76,1.345,-0.236,0.0,-0.5,0.9466,1.7043,0.4812,174.494
20.503,2.073,-1.4392,-108.53,5.8132,-1.1552,4.5941,0.0359,-115.12,1.345,-0.236,0.0,-0.5,0.9467,1.7044,0.4812,174.494
20.554,2.0093,-1.4973,-111.22,5.7534,-1.2171,4.5943,0.0364,-116.47,1.345,-0.236,0.0,-0.5,0.9469,1.7073,0.4692,174.494
20.605,2.0093,-1.4973,-111.22,5.7534,-1.2171,4.5946,0.0369,-117.83,1.345,-0.236,0.0,-0.5,0.9471,1.7075,0.4692,174.494
20.656,2.0093,-1.4973,-111.22,5.7534,-1.2171,4.5948,0.0374,-119.19,1.345,-0.236,0.0,-0.5,0.9473,1.7076,0.4692,174.494
20.709,1.8816,-1.5918,-116.66,5.6317,-1.3194,4.5951,0.0379,-120.54,1.345,-0.236,0.0,-0.5,0.9475,1.7079,0.4892,174.494
20.761,1.8816,-1.5918,-116.66,5.6317,-1.3194,4.5954,0.0383,-121.9,1.345,-0.236,0.0,-0.5,0.9477,1.7081,0.4892,174.494
20.812,1.8117,-1.6271,-119.41,5.5641,-1.359,4.5957,0.0388,-123.26,1.345,-0.236,0.0,-0.5,0.948,1.7005,0.494,176.259
20.863,1.8117,-1.6271,-119.41,5.5641,-1.359,4.5958,0.0389,-123.71,1.345,-0.236,0.0,-0.5,0.948,1.7006,0.494,176.259
20.914,1.8117,-1.6271,-119.41,5.5641,-1.359,4.596,0.0392,-124.61,1.345,-0.236,0.0,-0.5,0.9482,1.7007,0.494,176.259
20.965,1.8117,-1.6271,-119.41,5.5641,-1.359,4.5963,0.0397,-125.97,1.345,-0.236,0.0,-0.5,0.9485,1.7009,0.494,176.259
21.016,1.8117,-1.6271,-119.41,5.5641,-1.359,4.5966,0.0401,-127.32,1.345,-0.236,0.0,-0.5,0.9487,1.7011,0.494,176.259
21.066,1.8117,-1.6271,-119.41,5.5641,-1.359,4.5969,0.0405,-128.68,1.345,-0.236,0.0,-0.5,0.949,1.7012,0.494,176.259
21.117,1.8117,-1.6271,-119.41,5.5641,-1.359,4.5973,0.0409,-130.04,1.345,-0.236,0.0,-0.5,0.9493,1.7014,0.494,176.259
21.168,1.8117,-1.6271,-119.41,5.5641,-1.359,4.5976,0.0414,-131.39,1.345,-0.236,0.0,-0.5,0.9496,1.7015,0.494,176.259
21.219,1.6715,-1.7021,-124.86,5.4289,-1.4426,4.598,0.0418,-132.75,1.345,-0.236,0.0,-0.5,0.9499,1.7011,0.4868,176.259
21.27,1.6715,-1.7021,-124.86,5.4289,-1.4426,4.5983,0.0421,-134.11,1.345,-0.236,0.0,-0.5,0.9502,1.7013,0.4868,176.259
21.321,1.591,-1.7341,-127.64,5.3506,-1.4795,4.5987,0.0425,-135.46,1.345,-0.236,0.0,-0.5,0.9506,1.6977,0.4704,176.259
21.373,1.591,-1.7341,-127.64,5.3506,-1.4795,4.5991,0.0429,-136.82,1.345,-0.236,0.0,-0.5,0.9509,1.6978,0.4704,176.259
21.424,1.5269,-1.7686,-130.4,5.2888,-1.518,4.5995,0.0433,-138.17,1.345,-0.236,0.0,-0.5,0.9513,1.7066,0.516,176.259
21.475,1.5269,-1.7686,-130.4,5.2888,-1.518,4.5999,0.0436,-139.53,1.345,-0.236,0.0,-0.5,0.9516,1.7068,0.516,176.259
21.526,1.4466,-1.7869,-133.08,5.2098,-1.5413,4.6003,0.044,-140.89,1.345,-0.236,0.0,-0.5,0.952,1.6984,0.512,176.259
21.578,1.3748,-1.8082,-135.86,5.1395,-1.5671,4.6007,0.0443,-142.24,1.345,-0.236,0.0,-0.5,0.9524,1.6991,0.494,177.091
21.629,1.3748,-1.8082,-135.86,5.1395,-1.5671,4.6012,0.0446,-143.6,1.345,-0.236,0.0,-0.5,0.9528,1.6992,0.494,177.091
21.68,1.2932,-1.8202,-138.65,5.0588,-1.5841,4.6016,0.045,-144.96,1.345,-0.236,0.0,-0.5,0.9532,1.692,0.5256,177.091
21.731,1.2932,-1.8202,-138.65,5.0588,-1.5841,4.6021,0.0453,-146.31,1.345,-0.236,0.0,-0.5,0.9536,1.6922,0.5256,177.091
21.782,1.2127,-1.84,-141.38,4.9796,-1.6089,4.6024,0.0455,-147.22,1.345,-0.236,0.0,-0.5,0.9538,1.6968,0.5312,177.091
21.833,1.1524,-1.8503,-144.09,4.9201,-1.6229,4.6025,0.0456,-147.67,1.345,-0.236,0.0,-0.5,0.954,1.6985,0.4708,177.091
21.885,1.1524,-1.8503,-144.09,4.9201,-1.6229,4.603,0.0458,-149.02,1.345,-0.236,0.0,-0.5,0.9544,1.6986,0.4708,177.091
21.936,1.1524,-1.8503,-144.09,4.9201,-1.6229,4.6034,0.0461,-150.38,1.345,-0.236,0.0,-0.5,0.9548,1.6988,0.4708,177.091
21.988,1.0585,-1.8541,-146.89,4.8267,-1.6325,4.6039,0.0464,-151.74,1.345,-0.236,0.0,-0.5,0.9553,1.6936,0.5456,177.091
22.039,0.9879,-1.8633,-149.54,4.7568,-1.6462,4.6044,0.0466,-153.09,1.345,-0.236,0.0,-0.5,0.9557,1.6996,0.5328,177.828
22.09,0.9879,-1.8633,-149.54,4.7568,-1.6462,4.6044,0.0466,-153.09,1.345,-0.236,0.0,-0.5,0.9557,1.6996,0.5328,177.828
22.141,0.8999,-1.8644,-152.38,4.669,-1.6528,4.6049,0.0469,-154.45,1.345,-0.236,0.0,-0.5,0.9562,1.7009,0.5032,177.828
22.192,0.8999,-1.8644,-152.38,4.669,-1.6528,4.6054,0.0471,-155.81,1.345,-0.236,0.0,-0.5,0.9566,1.7011,0.5032,177.828
22.243,0.8999,-1.8644,-152.38,4.669,-1.6528,4.6058,0.0473,-157.16,1.345,-0.236,0.0,-0.5,0.9571,1.7013,0.5032,177.828
22.294,0.7805,-1.8483,-155.41,4.5488,-1.6442,4.6063,0.0475,-158.52,1.345,-0.236,0.0,-0.5,0.9576,1.6927,0.3748,177.828
22.345,0.7805,-1.8483,-155.41,4.5488,-1.6442,4.6068,0.0477,-159.87,1.345,-0.236,0.0,-0.5,0.9581,1.6929,0.3748,177.828
22.397,0.7241,-1.8329,-158.26,4.4916,-1.6323,4.6074,0.0479,-161.23,1.345,-0.236,0.0,-0.5,0.9585,1.6842,0.5308,177.828
22.448,0.7241,-1.8329,-158.26,4.4916,-1.6323,4.6079,0.048,-162.59,1.345,-0.236,0.0,-0.5,0.959,1.6844,0.5308,177.828
22.499,0.6544,-1.8292,-160.78,4.4218,-1.633,4.6084,0.0482,-163.94,1.345,-0.236,0.0,-0.5,0.9595,1.6915,0.5144,177.828
22.55,0.6544,-1.8292,-160.78,4.4218,-1.633,4.6089,0.0483,-165.3,1.345,-0.236,0.0,-0.5,0.96,1.6917,0.5144,178.006
22.601,0.5721,-1.8136,-163.71,4.3387,-1.6225,4.6094,0.0485,-166.66,1.345,-0.236,0.0,-0.5,0.9605,1.6928,0.4776,178.006
22.652,0.5721,-1.8136,-163.71,4.3387,-1.6225,4.6099,0.0486,-168.01,1.345,-0.236,0.0,-0.5,0.961,1.693,0.4776,178.006
22.703,0.5721,-1.8136,-163.71,4.3387,-1.6225,4.6105,0.0487,-169.37,1.345,-0.236,0.0,-0.5,0.9616,1.6932,0.4776,178.006
22.753,0.5721,-1.8136,-163.71,4.3387,-1.6225,4.6105,0.0487,-169.37,1.345,-0.236,0.0,-0.5,0.9616,1.6932,0.4776,178.006
22.804,0.5721,-1.8136,-163.71,4.3387,-1.6225,4.611,0.0488,-170.73,1.345,-0.236,0.0,-0.5,0.9621,1.6933,0.4776,178.006
22.855,0.5721,-1.8136,-163.71,4.3387,-1.6225,4.6115,0.0489,-172.08,1.345,-0.236,0.0,-0.5,0.9626,1.6935,0.4776,178.006
22.906,0.5721,-1.8136,-163.71,4.3387,-1.6225,4.6121,0.049,-173.44,1.345,-0.236,0.0,-0.5,0.9631,1.6937,0.4776,178.006
22.957,0.5721,-1.8136,-163.71,4.3387,-1.6225,4.6126,0.049,-174.8,1.345,-0.236,0.0,-0.5,0.9636,1.6938,0.4776,178.006
23.009,0.4288,-1.7731,-169.1,4.1931,-1.5911,4.6131,0.0491,-176.15,1.345,-0.236,0.0,-0.5,0.9642,1.693,0.4212,178.006
23.06,0.4288,-1.7731,-169.1,4.1931,-1.5911,4.6137,0.0491,-177.51,1.345,-0.236,0.0,-0.5,0.9647,1.6932,0.4212,178.006
23.112,0.3401,-1.7441,-171.85,4.1028,-1.5676,4.6142,0.0491,-178.87,1.345,-0.236,0.0,-0.5,0.9652,1.6957,0.5248,178.006
23.164,0.3401,-1.7441,-171.85,4.1028,-1.5676,4.6148,0.0491,179.78,1.345,-0.236,0.0,-0.5,0.9658,1.6959,0.5248,178.006
23.215,0.2835,-1.7024,-174.53,4.0437,-1.5295,4.6153,0.0491,178.42,1.345,-0.236,0.0,-0.5,0.9663,1.6789,0.5348,178.247
23.266,0.2835,-1.7024,-174.53,4.0437,-1.5295,4.6158,0.0491,177.07,1.345,-0.236,0.0,-0.5,0.9668,1.6791,0.5348,178.247
23.317,0.2035,-1.6717,-177.22,3.962,-1.5039,4.6164,0.049,175.71,1.345,-0.236,0.0,-0.5,0.9674,1.6852,0.504,178.247
23.37,0.2035,-1.6717,-177.22,3.962,-1.5039,4.6169,0.049,174.35,1.345,-0.236,0.0,-0.5,0.9679,1.6854,0.504,178.247
23.421,0.1283,-1.6376,-179.94,3.8847,-1.4746,4.6175,0.0489,173.0,1.345,-0.236,0.0,-0.5,0.9685,1.6906,0.5716,178.247
23.472,0.1283,-1.6376,-179.94,3.8847,-1.4746,4.618,0.0489,171.64,1.345,-0.236,0.0,-0.5,0.969,1.6907,0.5716,178.247
23.523,0.1283,-1.6376,-179.94,3.8847,-1.4746,4.6185,0.0488,170.28,1.345,-0.236,0.0,-0.5,0.9695,1.6909,0.5716,178.247
23.574,0.1283,-1.6376,-179.94,3.8847,-1.4746,4.6187,0.0488,169.83,1.345,-0.236,0.0,-0.5,0.9697,1.6909,0.5716,178.247
23.625,0.1283,-1.6376,-179.94,3.8847,-1.4746,4.619,0.0487,168.93,1.345,-0.236,0.0,-0.5,0.9701,1.691,0.5716,178.568
23.676,-0.07,-1.508,171.99,3.6787,-1.3576,4.6196,0.0486,167.57,1.345,-0.236,0.0,-0.5,0.9706,1.6919,0.5328,178.568
23.728,-0.13,-1.4593,169.27,3.6158,-1.3128,4.6201,0.0485,166.21,1.345,-0.236,0.0,-0.5,0.9711,1.6916,0.548,178.568
23.779,-0.13,-1.4593,169.27,3.6158,-1.3128,4.6206,0.0483,164.86,1.345,-0.236,0.0,-0.5,0.9717,1.6918,0.548,178.568
23.831,-0.1898,-1.4053,166.58,3.5527,-1.2626,4.6211,0.0482,163.5,1.345,-0.236,0.0,-0.5,0.9722,1.6911,0.5592,178.568
23.882,-0.1898,-1.4053,166.58,3.5527,-1.2626,4.6217,0.048,162.15,1.345,-0.236,0.0,-0.5,0.9727,1.6913,0.5592,178.568
23.933,-0.246,-1.3486,163.88,3.4931,-1.2095,4.6222,0.0479,160.79,1.345,-0.236,0.0,-0.5,0.9733,1.6899,0.5516,178.568
23.984,-0.246,-1.3486,163.88,3.4931,-1.2095,4.6227,0.0477,159.43,1.345,-0.236,0.0,-0.5,0.9738,1.6901,0.5516,178.568
24.035,-0.2967,-1.2726,161.2,3.4378,-1.1369,4.6232,0.0475,158.08,1.345,-0.236,0.0,-0.5,0.9743,1.6756,0.5344,178.568
24.086,-0.2967,-1.2726,161.2,3.4378,-1.1369,4.6237,0.0473,156.72,1.345,-0.236,0.0,-0.5,0.9748,1.6759,0.5344,178.568
24.137,-0.3487,-1.2223,158.47,3.3828,-1.0898,4.6242,0.0471,155.36,1.345,-0.236,0.0,-0.5,0.9753,1.6833,0.552,178.568
24.188,-0.3487,-1.2223,158.47,3.3828,-1.0898,4.6247,0.0468,154.01,1.345,-0.236,0.0,-0.5,0.9759,1.6836,0.552,178.568
24.239,-0.4001,-1.164,155.79,3.3279,-1.0349,4.6251,0.0466,152.65,1.345,-0.236,0.0,-0.5,0.9764,1.6889,0.5692,178.263
24.29,-0.4001,-1.164,155.79,3.3279,-1.0349,4.6256,0.0463,151.3,1.345,-0.236,0.0,-0.5,0.9769,1.6891,0.5692,178.263
24.341,-0.4538,-1.0997,153.1,3.2702,-0.974,4.6261,0.0461,149.94,1.345,-0.236,0.0,-0.5,0.9774,1.6968,0.5964,178.263
24.392,-0.4538,-1.0997,153.1,3.2702,-0.974,4.6262,0.046,149.49,1.345,-0.236,0.0,-0.5,0.9775,1.6968,0.5964,178.263
24.443,-0.4825,-1.0294,150.38,3.2372,-0.9057,4.6265,0.0458,148.58,1.345,-0.236,0.0,-0.5,0.9778,1.684,0.5636,178.263
24.494,-0.4825,-1.0294,150.38,3.2372,-0.9057,4.627,0.0455,147.23,1.345,-0.236,0.0,-0.5,0.9783,1.6842,0.5636,178.263
24.545,-0.4825,-1.0294,150.38,3.2372,-0.9057,4.6275,0.0452,145.87,1.345,-0.236,0.0,-0.5,0.9788,1.6844,0.5636,178.263
24.596,-0.5111,-0.9512,147.73,3.2037,-0.8294,4.6279,0.0449,144.51,1.345,-0.236,0.0,-0.5,0.9793,1.6712,0.4324,178.263
24.647,-0.5111,-0.9512,147.73,3.2037,-0.8294,4.6283,0.0446,143.16,1.345,-0.236,0.0,-0.5,0.9798,1.6714,0.4324,178.263
24.699,-0.5111,-0.9512,147.73,3.2037,-0.8294,4.6288,0.0443,141.8,1.345,-0.236,0.0,-0.5,0.9802,1.6716,0.4324,178.263
24.75,-0.5399,-0.8771,145.07,3.1704,-0.7573,4.6292,0.0439,140.45,1.345,-0.236,0.0,-0.5,0.9807,1.6644,0.6052,178.263
24.801,-0.5779,-0.8055,142.31,3.1279,-0.6882,4.6295,0.0437,139.54,1.345,-0.236,0.0,-0.5,0.981,1.6704,0.5852,178.52
24.853,-0.5779,-0.8055,142.31,3.1279,-0.6882,4.63,0.0432,137.73,1.345,-0.236,0.0,-0.5,0.9816,1.6707,0.5852,178.52
24.904,-0.5779,-0.8055,142.31,3.1279,-0.6882,4.6301,0.0431,137.28,1.345,-0.236,0.0,-0.5,0.9817,1.6708,0.5852,178.52
24.954,-0.5779,-0.8055,142.31,3.1279,-0.6882,4.6304,0.0429,136.38,1.345,-0.236,0.0,-0.5,0.982,1.6709,0.5852,178.52
25.005,-0.5779,-0.8055,142.31,3.1279,-0.6882,4.6308,0.0425,135.02,1.345,-0.236,0.0,-0.5,0.9824,1.6711,0.5852,178.52
25.056,-0.5779,-0.8055,142.31,3.1279,-0.6882,4.6312,0.0421,133.66,1.345,-0.236,0.0,-0.5,0.9828,1.6712,0.5852,178.52
25.107,-0.5779,-0.8055,142.31,3.1279,-0.6882,4.6315,0.0417,132.31,1.345,-0.236,0.0,-0.5,0.9833,1.6714,0.5852,178.52
25.158,-0.5779,-0.8055,142.31,3.1279,-0.6882,4.6319,0.0413,130.95,1.345,-0.236,0.0,-0.5,0.9837,1.6716,0.5852,178.52
25.209,-0.5779,-0.8055,142.31,3.1279,-0.6882,4.6322,0.0409,129.59,1.345,-0.236,0.0,-0.5,0.9841,1.6717,0.5852,178.52
25.26,-0.5779,-0.8055,142.31,3.1279,-0.6882,4.6326,0.0405,128.24,1.345,-0.236,0.0,-0.5,0.9844,1.6718,0.5852,178.52
25.311,-0.5779,-0.8055,142.31,3.1279,-0.6882,4.6329,0.04,126.88,1.345,-0.236,0.0,-0.5,0.9848,1.6719,0.5852,178.52
25.362,-0.5779,-0.8055,142.31,3.1279,-0.6882,4.6332,0.0396,125.53,1.345,-0.236,0.0,-0.5,0.9852,1.672,0.5852,178.52
25.413,-0.5779,-0.8055,142.31,3.1279,-0.6882,4.6335,0.0392,124.17,1.345,-0.236,0.0,-0.5,0.9855,1.6721,0.5852,178.52
25.465,-0.6214,-0.6515,136.95,3.075,-0.5372,4.6338,0.0387,122.81,1.345,-0.236,0.0,-0.5,0.9859,1.6619,0.5424,178.52
25.516,-0.6214,-0.6515,136.95,3.075,-0.5372,4.6341,0.0383,121.46,1.345,-0.236,0.0,-0.5,0.9862,1.662,0.5424,178.52
25.567,-0.6366,-0.5693,134.25,3.0546,-0.4561,4.6344,0.0378,120.1,1.345,-0.236,0.0,-0.5,0.9866,1.6552,0.656,178.52
25.618,-0.6366,-0.5693,134.25,3.0546,-0.4561,4.6347,0.0373,118.74,1.345,-0.236,0.0,-0.5,0.9869,1.6553,0.656,178.491
25.669,-0.665,-0.4973,131.54,3.0218,-0.386,4.6349,0.0369,117.39,1.345,-0.236,0.0,-0.5,0.9872,1.6676,0.6524,178.491
25.721,-0.665,-0.4973,131.54,3.0218,-0.386,4.6352,0.0364,116.03,1.345,-0.236,0.0,-0.5,0.9875,1.6678,0.6524,178.491
25.772,-0.6928,-0.4023,128.92,2.9882,-0.293,4.6354,0.0359,114.68,1.345,-0.236,0.0,-0.5,0.9878,1.6797,0.6468,178.491
25.822,-0.709,-0.3315,126.23,2.9676,-0.2233,4.6355,0.0357,114.22,1.345,-0.236,0.0,-0.5,0.9879,1.6879,0.6912,178.491
25.873,-0.709,-0.3315,126.23,2.9676,-0.2233,4.6356,0.0354,113.32,1.345,-0.236,0.0,-0.5,0.988,1.688,0.6912,178.491
25.925,-0.7165,-0.2491,123.5,2.9549,-0.1416,4.6358,0.0349,111.96,1.345,-0.236,0.0,-0.5,0.9883,1.6902,0.7324,178.491
25.976,-0.7165,-0.2491,123.5,2.9549,-0.1416,4.636,0.0344,110.61,1.345,-0.236,0.0,-0.5,0.9886,1.6903,0.7324,178.491
26.027,-0.7165,-0.2491,123.5,2.9549,-0.1416,4.6362,0.0339,109.25,1.345,-0.236,0.0,-0.5,0.9888,1.6904,0.7324,178.491
26.078,-0.7165,-0.2491,123.5,2.9549,-0.1416,4.6364,0.0334,107.89,1.345,-0.236,0.0,-0.5,0.989,1.6906,0.7324,178.491
26.129,-0.7095,-0.0802,118.14,2.9514,0.0275,4.6365,0.0329,106.54,1.345,-0.236,0.0,-0.5,0.9893,1.6852,0.7816,178.491
26.181,-0.7095,-0.0802,118.14,2.9514,0.0275,4.6367,0.0323,105.18,1.345,-0.236,0.0,-0.5,0.9895,1.6853,0.7816,178.018
26.232,-0.7027,0.0011,115.42,2.953,0.109,4.6368,0.0318,103.83,1.345,-0.236,0.0,-0.5,0.9897,1.6856,0.7576,178.018
26.283,-0.6946,0.0739,112.76,2.9566,0.1823,4.637,0.0313,102.47,1.345,-0.236,0.0,-0.5,0.9899,1.6872,0.3528,178.018
26.335,-0.6946,0.0739,112.76,2.9566,0.1823,4.6371,0.0308,101.11,1.345,-0.236,0.0,-0.5,0.99,1.6873,0.3528,178.018
26.386,-0.6845,0.1422,110.07,2.9625,0.251,4.6372,0.0302,99.76,1.345,-0.236,0.0,-0.5,0.9902,1.6892,0.5284,178.018
26.438,-0.6713,0.2372,107.37,2.9697,0.3467,4.6373,0.0297,98.4,1.345,-0.236,0.0,-0.5,0.9903,1.6974,0.4884,178.018
26.489,-0.6713,0.2372,107.37,2.9697,0.3467,4.6373,0.0292,97.04,1.345,-0.236,0.0,-0.5,0.9905,1.6976,0.4884,178.018
26.54,-0.6531,0.2997,104.67,2.9839,0.4101,4.6373,0.0292,97.04,1.345,-0.236,0.0,-0.5,0.9905,1.6967,0.4692,178.018
26.59,-0.6531,0.2997,104.67,2.9839,0.4101,4.6374,0.0288,96.14,1.345,-0.236,0.0,-0.5,0.9906,1.6969,0.4692,177.996
26.641,-0.6316,0.3818,101.99,3.0003,0.4935,4.6374,0.0283,94.78,1.345,-0.236,0.0,-0.5,0.9907,1.702,0.4764,177.996
26.693,-0.6316,0.3818,101.99,3.0003,0.4935,4.6375,0.0278,93.43,1.345,-0.236,0.0,-0.5,0.9908,1.7021,0.4764,177.996
26.743,-0.6021,0.4578,99.29,3.025,0.5711,4.6375,0.0272,92.07,1.345,-0.236,0.0,-0.5,0.9909,1.7017,0.4732,177.996
26.794,-0.5712,0.5345,96.61,3.0511,0.6496,4.6375,0.0267,90.71,1.345,-0.236,0.0,-0.5,0.991,1.7043,0.4872,177.996
26.845,-0.5712,0.5345,96.61,3.0511,0.6496,4.6375,0.0261,89.36,1.345,-0.236,0.0,-0.5,0.991,1.7045,0.4872,177.996
26.896,-0.5712,0.5345,96.61,3.0511,0.6496,4.6375,0.0256,88.0,1.345,-0.236,0.0,-0.5,0.9911,1.7047,0.4872,177.996
26.947,-0.5712,0.5345,96.61,3.0511,0.6496,4.6375,0.0251,86.64,1.345,-0.236,0.0,-0.5,0.9911,1.7049,0.4872,177.996
26.998,-0.5712,0.5345,96.61,3.0511,0.6496,4.6374,0.0245,85.29,1.345,-0.236,0.0,-0.5,0.9912,1.7051,0.4872,177.996
27.049,-0.5712,0.5345,96.61,3.0511,0.6496,4.6374,0.024,83.93,1.345,-0.236,0.0,-0.5,0.9912,1.7052,0.4872,177.996
27.1,-0.533,0.6039,93.9,3.0848,0.7212,4.6373,0.0235,82.58,1.345,-0.236,0.0,-0.5,0.9912,1.7021,0.4744,177.996
27.151,-0.533,0.6039,93.9,3.0848,0.7212,4.6372,0.0229,81.22,1.345,-0.236,0.0,-0.5,0.9912,1.7022,0.4744,177.996
27.202,-0.533,0.6039,93.9,3.0848,0.7212,4.6372,0.0224,79.86,1.345,-0.236,0.0,-0.5,0.9912,1.7024,0.4744,177.418
27.255,-0.533,0.6039,93.9,3.0848,0.7212,4.6371,0.0219,78.51,1.345,-0.236,0.0,-0.5,0.9912,1.7025,0.4744,177.418
27.306,-0.4745,0.7439,88.54,3.1344,0.8647,4.6369,0.0213,77.15,1.345,-0.236,0.0,-0.5,0.9911,1.723,0.4556,177.418
27.357,-0.4745,0.7439,88.54,3.1344,0.8647,4.6368,0.0208,75.79,1.345,-0.236,0.0,-0.5,0.9911,1.7232,0.4556,177.418
27.408,-0.4745,0.7439,88.54,3.1344,0.8647,4.6367,0.0203,74.44,1.345,-0.236,0.0,-0.5,0.991,1.7233,0.4556,177.418
27.459,-0.4745,0.7439,88.54,3.1344,0.8647,4.6365,0.0198,73.08,1.345,-0.236,0.0,-0.5,0.9909,1.7234,0.4556,177.418
27.512,-0.4745,0.7439,88.54,3.1344,0.8647,4.6364,0.0193,71.72,1.345,-0.236,0.0,-0.5,0.9908,1.7235,0.4556,177.418
27.563,-0.3258,0.9296,80.42,3.2713,1.0593,4.6362,0.0187,70.37,1.345,-0.236,0.0,-0.5,0.9907,1.7163,0.4672,177.418
27.615,-0.3258,0.9296,80.42,3.2713,1.0593,4.6359,0.0181,68.56,1.345,-0.236,0.0,-0.5,0.9906,1.7165,0.4672,176.839
27.666,-0.2766,0.9969,77.71,3.3162,1.1295,4.6358,0.0177,67.65,1.345,-0.236,0.0,-0.5,0.9905,1.7256,0.4608,176.839
27.717,-0.2192,1.0445,74.98,3.3705,1.1806,4.6358,0.0177,67.65,1.345,-0.236,0.0,-0.5,0.9905,1.7186,0.458,176.839
27.767,-0.2192,1.0445,74.98,3.3705,1.1806,4.6357,0.0176,67.2,1.345,-0.236,0.0,-0.5,0.9904,1.7186,0.458,176.839
27.818,-0.1535,1.0975,72.32,3.4328,1.2376,4.6356,0.0172,66.3,1.345,-0.236,0.0,-0.5,0.9903,1.7135,0.4536,176.839
27.869,-0.1535,1.0975,72.32,3.4328,1.2376,4.6354,0.0167,64.94,1.345,-0.236,0.0,-0.5,0.9902,1.7137,0.4536,176.839
27.92,-0.1027,1.1547,69.6,3.4799,1.2978,4.6352,0.0163,63.59,1.345,-0.236,0.0,-0.5,0.99,1.7254,0.416,176.839
27.971,-0.1027,1.1547,69.6,3.4799,1.2978,4.6349,0.0158,62.23,1.345,-0.236,0.0,-0.5,0.9898,1.7256,0.416,176.839
28.022,-0.0285,1.1998,66.93,3.5511,1.3475,4.6347,0.0153,60.87,1.345,-0.236,0.0,-0.5,0.9896,1.7172,0.7572,176.839
28.074,-0.0285,1.1998,66.93,3.5511,1.3475,4.6344,0.0148,59.52,1.345,-0.236,0.0,-0.5,0.9894,1.7174,0.7572,176.839
28.125,0.0374,1.2525,64.21,3.6136,1.4043,4.6341,0.0144,58.16,1.345,-0.236,0.0,-0.5,0.9892,1.7243,0.7696,176.839
28.177,0.1106,1.2966,61.53,3.6839,1.4528,4.6338,0.0139,56.8,1.345,-0.236,0.0,-0.5,0.989,1.7242,0.3676,176.839
28.231,0.1106,1.2966,61.53,3.6839,1.4528,4.6335,0.0135,55.45,1.345,-0.236,0.0,-0.5,0.9888,1.7244,0.3676,175.381
28.281,0.1778,1.3317,58.84,3.7488,1.4921,4.6332,0.013,54.09,1.345,-0.236,0.0,-0.5,0.9885,1.7233,0.784,175.381
28.333,0.2355,1.3612,56.2,3.8046,1.5251,4.6329,0.0126,52.74,1.345,-0.236,0.0,-0.5,0.9883,1.7244,0.37,175.381
28.384,0.2355,1.3612,56.2,3.8046,1.5251,4.6326,0.0122,51.38,1.345,-0.236,0.0,-0.5,0.988,1.7246,0.37,175.381
28.435,0.2355,1.3612,56.2,3.8046,1.5251,4.6322,0.0117,50.02,1.345,-0.236,0.0,-0.5,0.9877,1.7248,0.37,175.381
28.486,0.2355,1.3612,56.2,3.8046,1.5251,4.6319,0.0113,48.67,1.345,-0.236,0.0,-0.5,0.9874,1.725,0.37,175.381
28.537,0.3863,1.4323,50.84,3.9506,1.6055,4.6315,0.0109,47.31,1.345,-0.236,0.0,-0.5,0.9871,1.7339,0.3632,173.86
28.588,0.3863,1.4323,50.84,3.9506,1.6055,4.6311,0.0105,45.96,1.345,-0.236,0.0,-0.5,0.9868,1.7341,0.3632,173.86
28.639,0.3863,1.4323,50.84,3.9506,1.6055,4.6308,0.0102,44.6,1.345,-0.236,0.0,-0.5,0.9865,1.7343,0.3632,173.86
28.689,0.3863,1.4323,50.84,3.9506,1.6055,4.6306,0.01,44.15,1.345,-0.236,0.0,-0.5,0.9864,1.7343,0.3632,173.86
28.74,0.3863,1.4323,50.84,3.9506,1.6055,4.6304,0.0098,43.24,1.345,-0.236,0.0,-0.5,0.9862,1.7345,0.3632,173.86
28.793,0.3863,1.4323,50.84,3.9506,1.6055,4.63,0.0094,41.89,1.345,-0.236,0.0,-0.5,0.9858,1.7346,0.3632,173.86
28.844,0.3863,1.4323,50.84,3.9506,1.6055,4.6296,0.0091,40.53,1.345,-0.236,0.0,-0.5,0.9855,1.7348,0.3632,173.86
28.896,0.4666,1.4586,48.08,4.0291,1.6367,4.6291,0.0087,39.17,1.345,-0.236,0.0,-0.5,0.9851,1.7351,0.3644,173.86
28.949,0.4666,1.4586,48.08,4.0291,1.6367,4.6287,0.0084,37.82,1.345,-0.236,0.0,-0.5,0.9848,1.7353,0.3644,173.86
29.0,0.5462,1.4773,45.42,4.1074,1.6603,4.6283,0.008,36.46,1.345,-0.236,0.0,-0.5,0.9844,1.7324,0.4132,173.86
29.052,0.5462,1.4773,45.42,4.1074,1.6603,4.6279,0.0077,35.11,1.345,-0.236,0.0,-0.5,0.984,1.7326,0.4132,173.86
29.103,0.6213,1.4971,42.74,4.1811,1.6848,4.6273,0.0073,33.3,1.345,-0.236,0.0,-0.5,0.9835,1.7358,0.8268,173.86
29.155,0.7049,1.5122,40.01,4.2636,1.7051,4.6268,0.007,31.94,1.345,-0.236,0.0,-0.5,0.9831,1.7365,0.3944,173.86
29.207,0.7049,1.5122,40.01,4.2636,1.7051,4.6264,0.0068,30.58,1.345,-0.236,0.0,-0.5,0.9827,1.7367,0.3944,173.252
29.258,0.7755,1.5184,37.31,4.3337,1.7157,4.6259,0.0065,29.23,1.345,-0.236,0.0,-0.5,0.9822,1.734,0.8228,173.252
29.309,0.7755,1.5184,37.31,4.3337,1.7157,4.6254,0.0062,27.87,1.345,-0.236,0.0,-0.5,0.9818,1.7342,0.8228,173.252
29.36,0.8622,1.5356,34.64,4.4191,1.7383,4.6249,0.006,26.52,1.345,-0.236,0.0,-0.5,0.9814,1.7445,0.4468,173.252
29.412,0.9444,1.5375,31.94,4.5011,1.7452,4.6246,0.0058,25.61,1.345,-0.236,0.0,-0.5,0.9811,1.7438,0.4884,173.252
29.462,0.9444,1.5375,31.94,4.5011,1.7452,4.6245,0.0057,25.16,1.345,-0.236,0.0,-0.5,0.9809,1.7439,0.4884,173.252
29.513,0.9444,1.5375,31.94,4.5011,1.7452,4.6241,0.0056,24.26,1.345,-0.236,0.0,-0.5,0.9806,1.744,0.4884,173.252
29.564,0.9444,1.5375,31.94,4.5011,1.7452,4.6236,0.0054,22.9,1.345,-0.236,0.0,-0.5,0.9802,1.7442,0.4884,173.252
29.615,0.9444,1.5375,31.94,4.5011,1.7452,4.6231,0.0052,21.54,1.345,-0.236,0.0,-0.5,0.9797,1.7444,0.4884,173.252
29.666,0.9444,1.5375,31.94,4.5011,1.7452,4.6225,0.0049,19.73,1.345,-0.236,0.0,-0.5,0.9791,1.7446,0.4884,173.252
29.717,0.9444,1.5375,31.94,4.5011,1.7452,4.6221,0.0048,18.83,1.345,-0.236,0.0,-0.5,0.9788,1.7447,0.4884,173.252
29.768,0.9444,1.5375,31.94,4.5011,1.7452,4.6214,0.0046,17.02,1.345,-0.236,0.0,-0.5,0.9781,1.7448,0.4884,173.252
29.819,0.9444,1.5375,31.94,4.5011,1.7452,4.6209,0.0044,15.66,1.345,-0.236,0.0,-0.5,0.9776,1.745,0.4884,173.252
29.87,0.9444,1.5375,31.94,4.5011,1.7452,4.6204,0.0043,14.31,1.345,-0.236,0.0,-0.5,0.9771,1.7451,0.4884,173.252
29.921,0.9444,1.5375,31.94,4.5011,1.7452,4.6199,0.0041,12.95,1.345,-0.236,0.0,-0.5,0.9766,1.7451,0.4884,173.252
29.972,0.9444,1.5375,31.94,4.5011,1.7452,4.6199,0.0041,12.95,1.345,-0.236,0.0,-0.5,0.9766,1.7451,0.4884,173.252
30.023,0.9444,1.5375,31.94,4.5011,1.7452,4.6195,0.0041,12.05,1.345,-0.236,0.0,-0.5,0.9763,1.7452,0.4884,173.252
30.074,0.9444,1.5375,31.94,4.5011,1.7452,4.619,0.004,10.69,1.345,-0.236,0.0,-0.5,0.9758,1.7453,0.4884,173.252
30.125,0.9444,1.5375,31.94,4.5011,1.7452,4.6188,0.0039,10.24,1.345,-0.236,0.0,-0.5,0.9756,1.7453,0.4884,173.252
30.176,0.9444,1.5375,31.94,4.5011,1.7452,4.6185,0.0039,9.33,1.345,-0.236,0.0,-0.5,0.9753,1.7453,0.4884,173.252
30.226,0.9444,1.5375,31.94,4.5011,1.7452,4.6179,0.0038,7.98,1.345,-0.236,0.0,-0.5,0.9748,1.7454,0.4884,173.252
30.279,0.9444,1.5375,31.94,4.5011,1.7452,4.6174,0.0037,6.62,1.345,-0.236,0.0,-0.5,0.9743,1.7454,0.4884,173.252
30.33,0.9444,1.5375,31.94,4.5011,1.7452,4.6169,0.0037,5.26,1.345,-0.236,0.0,-0.5,0.9737,1.7454,0.4884,173.252
30.381,1.0212,1.537,29.25,4.5777,1.7496,4.6163,0.0036,3.91,1.345,-0.236,0.0,-0.5,0.9732,1.7464,0.454,173.252
30.432,1.0212,1.537,29.25,4.5777,1.7496,4.6158,0.0036,2.55,1.345,-0.236,0.0,-0.5,0.9727,1.7464,0.454,173.252
30.483,1.1101,1.5298,26.52,4.6669,1.7479,4.6153,0.0036,1.2,1.345,-0.236,0.0,-0.5,0.9722,1.7451,0.598,173.252
30.534,1.1101,1.5298,26.52,4.6669,1.7479,4.6147,0.0036,-0.15,1.345,-0.236,0.0,-0.5,0.9716,1.7452,0.598,173.252
30.585,1.1884,1.5161,23.83,4.7459,1.7391,4.6142,0.0036,-1.52,1.345,-0.236,0.0,-0.5,0.9711,1.7405,0.6068,173.252
30.636,1.2665,1.5143,21.11,4.824,1.7422,4.6136,0.0036,-2.87,1.345,-0.236,0.0,-0.5,0.9706,1.7513,0.608,172.982
30.687,1.2665,1.5143,21.11,4.824,1.7422,4.6131,0.0036,-4.23,1.345,-0.236,0.0,-0.5,0.97,1.7513,0.608,172.982
30.739,1.3506,1.487,18.39,4.9096,1.7202,4.6126,0.0037,-5.58,1.345,-0.236,0.0,-0.5,0.9695,1.7421,0.6924,172.982
30.79,1.3506,1.487,18.39,4.9096,1.7202,4.612,0.0037,-6.94,1.345,-0.236,0.0,-0.5,0.9689,1.7421,0.6924,172.982
30.841,1.426,1.4651,15.69,4.9862,1.703,4.6115,0.0038,-8.3,1.345,-0.236,0.0,-0.5,0.9684,1.7401,0.6944,172.982
30.892,1.5028,1.4442,12.97,5.0641,1.6871,4.6111,0.0038,-9.2,1.345,-0.236,0.0,-0.5,0.9681,1.7431,0.7052,172.982
30.943,1.5028,1.4442,12.97,5.0641,1.6871,4.611,0.0039,-9.65,1.345,-0.236,0.0,-0.5,0.9679,1.7431,0.7052,172.982
30.994,1.5805,1.4201,10.27,5.1432,1.6678,4.6104,0.004,-11.01,1.345,-0.236,0.0,-0.5,0.9673,1.7471,0.7296,173.478
31.045,1.5805,1.4201,10.27,5.1432,1.6678,4.6099,0.0041,-12.37,1.345,-0.236,0.0,-0.5,0.9668,1.7471,0.7296,173.478
31.096,1.6526,1.3883,7.58,5.2171,1.6405,4.6094,0.0042,-13.72,1.345,-0.236,0.0,-0.5,0.9663,1.7456,0.766,173.478
31.147,1.6526,1.3883,7.58,5.2171,1.6405,4.6089,0.0043,-15.08,1.345,-0.236,0.0,-0.5,0.9657,1.7456,0.766,173.478
31.198,1.7311,1.3559,4.88,5.2975,1.6131,4.6085,0.0044,-15.98,1.345,-0.236,0.0,-0.5,0.9654,1.7501,0.7496,173.478
31.249,1.8022,1.3216,2.18,5.3707,1.5834,4.6083,0.0045,-16.44,1.345,-0.236,0.0,-0.5,0.9652,1.7533,0.7672,173.478
31.3,1.8022,1.3216,2.18,5.3707,1.5834,4.6078,0.0046,-17.79,1.345,-0.236,0.0,-0.5,0.9647,1.7534,0.7672,173.478
31.351,1.8632,1.2828,-0.52,5.434,1.5484,4.6073,0.0048,-19.15,1.345,-0.236,0.0,-0.5,0.9641,1.7511,0.7764,173.478
31.402,1.8632,1.2828,-0.52,5.434,1.5484,4.6068,0.005,-20.5,1.345,-0.236,0.0,-0.5,0.9636,1.7511,0.7764,173.478
31.453,1.9369,1.2395,-3.25,5.5102,1.5098,4.6063,0.0052,-21.86,1.345,-0.236,0.0,-0.5,0.9631,1.7553,0.7628,174.014
31.504,1.9369,1.2395,-3.25,5.5102,1.5098,4.6058,0.0054,-23.22,1.345,-0.236,0.0,-0.5,0.9625,1.7554,0.7628,174.014
31.555,1.9369,1.2395,-3.25,5.5102,1.5098,4.6053,0.0056,-24.57,1.345,-0.236,0.0,-0.5,0.962,1.7554,0.7628,174.014
31.606,1.9369,1.2395,-3.25,5.5102,1.5098,4.6048,0.0058,-25.93,1.345,-0.236,0.0,-0.5,0.9615,1.7555,0.7628,174.014
31.657,1.9369,1.2395,-3.25,5.5102,1.5098,4.6043,0.0061,-27.29,1.345,-0.236,0.0,-0.5,0.961,1.7555,0.7628,174.014
31.708,1.9369,1.2395,-3.25,5.5102,1.5098,4.6039,0.0063,-28.64,1.345,-0.236,0.0,-0.5,0.9605,1.7556,0.7628,174.014
31.759,1.9369,1.2395,-3.25,5.5102,1.5098,4.6034,0.0066,-30.0,1.345,-0.236,0.0,-0.5,0.96,1.7556,0.7628,174.014
31.81,2.1811,1.0299,-14.05,5.767,1.3158,4.6029,0.0069,-31.35,1.345,-0.236,0.0,-0.5,0.9595,1.7517,0.7956,174.014
31.861,2.2414,0.9768,-16.73,5.8305,1.2666,4.6025,0.0071,-32.71,1.345,-0.236,0.0,-0.5,0.959,1.7591,0.7828,174.014
31.912,2.2414,0.9768,-16.73,5.8305,1.2666,4.602,0.0074,-34.07,1.345,-0.236,0.0,-0.5,0.9585,1.7592,0.7828,174.014
31.965,2.2902,0.9098,-19.43,5.8834,1.2028,4.6016,0.0077,-35.42,1.345,-0.236,0.0,-0.5,0.958,1.7525,0.7732,173.452
32.016,2.2902,0.9098,-19.43,5.8834,1.2028,4.6011,0.0081,-36.78,1.345,-0.236,0.0,-0.5,0.9575,1.7526,0.7732,173.452
32.067,2.3399,0.8508,-22.16,5.9367,1.1471,4.6007,0.0084,-38.14,1.345,-0.236,0.0,-0.5,0.9571,1.7554,0.7972,173.452
32.118,2.3795,0.7882,-24.87,5.9801,1.087,4.6006,0.0085,-38.59,1.345,-0.236,0.0,-0.5,0.9569,1.7511,0.8036,173.452
32.169,2.3795,0.7882,-24.87,5.9801,1.087,4.6003,0.0087,-39.49,1.345,-0.236,0.0,-0.5,0.9566,1.7512,0.8036,173.452
32.22,2.426,0.7184,-27.56,6.0309,1.0203,4.5999,0.0091,-40.85,1.345,-0.236,0.0,-0.5,0.9561,1.7523,0.8016,173.452
32.271,2.426,0.7184,-27.56,6.0309,1.0203,4.5995,0.0094,-42.2,1.345,-0.236,0.0,-0.5,0.9557,1.7524,0.8016,173.452
32.323,2.426,0.7184,-27.56,6.0309,1.0203,4.5991,0.0098,-43.56,1.345,-0.236,0.0,-0.5,0.9552,1.7525,0.8016,173.452
32.374,2.4696,0.6532,-30.27,6.0784,0.9579,4.5987,0.0102,-44.92,1.345,-0.236,0.0,-0.5,0.9548,1.7572,0.746,173.452
32.425,2.4696,0.6532,-30.27,6.0784,0.9579,4.5983,0.0106,-46.27,1.345,-0.236,0.0,-0.5,0.9544,1.7573,0.746,173.982
32.476,2.4696,0.6532,-30.27,6.0784,0.9579,4.5979,0.0109,-47.63,1.345,-0.236,0.0,-0.5,0.9539,1.7574,0.746,173.982
32.527,2.5463,0.508,-35.7,6.1641,0.8178,4.5976,0.0114,-48.99,1.345,-0.236,0.0,-0.5,0.9535,1.7619,0.7496,173.982
32.578,2.5463,0.508,-35.7,6.1641,0.8178,4.5972,0.0118,-50.34,1.345,-0.236,0.0,-0.5,0.9531,1.7621,0.7496,173.982
32.629,2.5463,0.508,-35.7,6.1641,0.8178,4.5969,0.0122,-51.7,1.345,-0.236,0.0,-0.5,0.9527,1.7622,0.7496,173.982
32.681,2.5981,0.3616,-41.13,6.2249,0.6749,4.5966,0.0126,-53.05,1.345,-0.236,0.0,-0.5,0.9523,1.7579,0.7928,173.982
32.732,2.5981,0.3616,-41.13,6.2249,0.6749,4.5962,0.013,-54.41,1.345,-0.236,0.0,-0.5,0.9519,1.758,0.7928,173.982
32.783,2.5981,0.3616,-41.13,6.2249,0.6749,4.5959,0.0135,-55.77,1.345,-0.236,0.0,-0.5,0.9516,1.7582,0.7928,173.982
32.833,2.5981,0.3616,-41.13,6.2249,0.6749,4.5956,0.0139,-57.12,1.345,-0.236,0.0,-0.5,0.9512,1.7583,0.7928,173.982
32.884,2.5981,0.3616,-41.13,6.2249,0.6749,4.5953,0.0144,-58.48,1.345,-0.236,0.0,-0.5,0.9509,1.7584,0.7928,173.982
32.935,2.5981,0.3616,-41.13,6.2249,0.6749,4.5952,0.0147,-59.38,1.345,-0.236,0.0,-0.5,0.9506,1.7584,0.7928,173.982
32.986,2.5981,0.3616,-41.13,6.2249,0.6749,4.5951,0.0148,-59.84,1.345,-0.236,0.0,-0.5,0.9505,1.7584,0.7928,173.982
33.037,2.5981,0.3616,-41.13,6.2249,0.6749,4.5948,0.0153,-61.19,1.345,-0.236,0.0,-0.5,0.9502,1.7585,0.7928,173.982
33.087,2.5981,0.3616,-41.13,6.2249,0.6749,4.5945,0.0158,-62.55,1.345,-0.236,0.0,-0.5,0.9499,1.7586,0.7928,173.982
33.138,2.5981,0.3616,-41.13,6.2249,0.6749,4.5943,0.0163,-63.9,1.345,-0.236,0.0,-0.5,0.9496,1.7586,0.7928,173.982
33.189,2.5981,0.3616,-41.13,6.2249,0.6749,4.5941,0.0168,-65.26,1.345,-0.236,0.0,-0.5,0.9493,1.7587,0.7928,173.982
33.241,2.5981,0.3616,-41.13,6.2249,0.6749,4.5938,0.0173,-66.62,1.345,-0.236,0.0,-0.5,0.949,1.7587,0.7928,173.982
33.292,2.5981,0.3616,-41.13,6.2249,0.6749,4.5936,0.0177,-67.97,1.345,-0.236,0.0,-0.5,0.9487,1.7587,0.7928,173.982
33.343,2.5981,0.3616,-41.13,6.2249,0.6749,4.5934,0.0182,-69.33,1.345,-0.236,0.0,-0.5,0.9484,1.7587,0.7928,173.982
33.394,2.5981,0.3616,-41.13,6.2249,0.6749,4.5933,0.0186,-70.23,1.345,-0.236,0.0,-0.5,0.9483,1.7587,0.7928,173.982
33.444,2.6418,0.2084,-46.57,6.2781,0.5247,4.5933,0.0186,-70.23,1.345,-0.236,0.0,-0.5,0.9483,1.7592,0.7164,174.751
33.495,2.6418,0.2084,-46.57,6.2781,0.5247,4.5931,0.0191,-71.59,1.345,-0.236,0.0,-0.5,0.948,1.7592,0.7164,174.751
33.546,2.6576,0.1244,-49.3,6.2991,0.4418,4.593,0.0196,-72.95,1.345,-0.236,0.0,-0.5,0.9478,1.7576,0.732,174.751
33.597,2.6576,0.1244,-49.3,6.2991,0.4418,4.5928,0.0201,-74.3,1.345,-0.236,0.0,-0.5,0.9475,1.7576,0.732,174.751
33.648,2.6576,0.1244,-49.3,6.2991,0.4418,4.5927,0.0206,-75.66,1.345,-0.236,0.0,-0.5,0.9473,1.7576,0.732,174.751
33.7,2.6576,0.1244,-49.3,6.2991,0.4418,4.5925,0.0212,-77.02,1.345,-0.236,0.0,-0.5,0.9471,1.7576,0.732,174.751
33.751,2.6576,0.1244,-49.3,6.2991,0.4418,4.5924,0.0217,-78.37,1.345,-0.236,0.0,-0.5,0.947,1.7576,0.732,174.751
33.802,2.6836,-0.1209,-57.44,6.3403,0.1987,4.5923,0.0222,-79.73,1.345,-0.236,0.0,-0.5,0.9468,1.7569,0.7264,174.626
33.853,2.6836,-0.1209,-57.44,6.3403,0.1987,4.5922,0.0227,-81.09,1.345,-0.236,0.0,-0.5,0.9466,1.7569,0.7264,174.626
33.904,2.6836,-0.1209,-57.44,6.3403,0.1987,4.5922,0.0233,-82.44,1.345,-0.236,0.0,-0.5,0.9465,1.757,0.7264,174.626
33.955,2.6836,-0.1209,-57.44,6.3403,0.1987,4.5921,0.0238,-83.8,1.345,-0.236,0.0,-0.5,0.9463,1.757,0.7264,174.626
34.005,2.6836,-0.1209,-57.44,6.3403,0.1987,4.592,0.0244,-85.15,1.345,-0.236,0.0,-0.5,0.9462,1.757,0.7264,174.626
34.058,2.6794,-0.3634,-65.63,6.3513,-0.0436,4.592,0.0249,-86.51,1.345,-0.236,0.0,-0.5,0.9461,1.7607,0.7324,174.626
34.109,2.6794,-0.3634,-65.63,6.3513,-0.0436,4.592,0.0254,-87.87,1.345,-0.236,0.0,-0.5,0.946,1.7607,0.7324,174.626
34.16,2.6601,-0.4385,-68.35,6.3367,-0.1198,4.592,0.026,-89.22,1.345,-0.236,0.0,-0.5,0.9459,1.7509,0.732,174.626
34.211,2.6601,-0.4385,-68.35,6.3367,-0.1198,4.592,0.0265,-90.58,1.345,-0.236,0.0,-0.5,0.9458,1.7509,0.732,174.626
34.261,2.6601,-0.4385,-68.35,6.3367,-0.1198,4.592,0.027,-91.94,1.345,-0.236,0.0,-0.5,0.9458,1.7509,0.732,174.626
34.312,2.6601,-0.4385,-68.35,6.3367,-0.1198,4.592,0.0276,-93.29,1.345,-0.236,0.0,-0.5,0.9457,1.751,0.732,174.626
34.363,2.6601,-0.4385,-68.35,6.3367,-0.1198,4.592,0.0281,-94.65,1.345,-0.236,0.0,-0.5,0.9457,1.751,0.732,174.626
34.414,2.6601,-0.4385,-68.35,6.3367,-0.1198,4.5921,0.0287,-96.01,1.345,-0.236,0.0,-0.5,0.9457,1.751,0.732,175.443
34.464,2.6601,-0.4385,-68.35,6.3367,-0.1198,4.5921,0.0292,-97.36,1.345,-0.236,0.0,-0.5,0.9457,1.751,0.732,175.443
34.516,2.6329,-0.6052,-73.82,6.32,-0.2879,4.5922,0.0297,-98.72,1.345,-0.236,0.0,-0.5,0.9457,1.7567,0.71,175.443
34.567,2.6329,-0.6052,-73.82,6.32,-0.2879,4.5923,0.0303,-100.08,1.345,-0.236,0.0,-0.5,0.9457,1.7567,0.71,175.443
34.618,2.6027,-0.6819,-76.61,6.2946,-0.3663,4.5924,0.0308,-101.43,1.345,-0.236,0.0,-0.5,0.9457,1.7479,0.6228,175.443
34.669,2.6027,-0.6819,-76.61,6.2946,-0.3663,4.5925,0.0313,-102.79,1.345,-0.236,0.0,-0.5,0.9458,1.7479,0.6228,175.443
34.72,2.5802,-0.761,-79.32,6.2771,-0.4466,4.5926,0.0318,-104.14,1.345,-0.236,0.0,-0.5,0.9458,1.7511,0.7264,175.443
34.771,2.5802,-0.761,-79.32,6.2771,-0.4466,4.5928,0.0324,-105.5,1.345,-0.236,0.0,-0.5,0.9459,1.7511,0.7264,175.443
34.822,2.5802,-0.761,-79.32,6.2771,-0.4466,4.5929,0.0329,-106.86,1.345,-0.236,0.0,-0.5,0.946,1.7511,0.7264,175.443
34.873,2.5264,-0.9194,-84.77,6.2333,-0.608,4.5931,0.0334,-108.21,1.345,-0.236,0.0,-0.5,0.9461,1.7612,0.6452,175.443
34.924,2.5264,-0.9194,-84.77,6.2333,-0.608,4.5933,0.0339,-109.57,1.345,-0.236,0.0,-0.5,0.9462,1.7612,0.6452,175.443
34.975,2.5264,-0.9194,-84.77,6.2333,-0.608,4.5934,0.0344,-110.93,1.345,-0.236,0.0,-0.5,0.9463,1.7612,0.6452,175.443
35.025,2.5264,-0.9194,-84.77,6.2333,-0.608,4.5936,0.0349,-112.28,1.345,-0.236,0.0,-0.5,0.9464,1.7612,0.6452,176.766
35.076,2.5264,-0.9194,-84.77,6.2333,-0.608,4.5938,0.0354,-113.64,1.345,-0.236,0.0,-0.5,0.9466,1.7612,0.6452,176.766
35.127,2.5264,-0.9194,-84.77,6.2333,-0.608,4.5941,0.0359,-115.0,1.345,-0.236,0.0,-0.5,0.9467,1.7612,0.6452,176.766
35.178,2.5264,-0.9194,-84.77,6.2333,-0.608,4.5941,0.0359,-115.0,1.345,-0.236,0.0,-0.5,0.9467,1.7612,0.6452,176.766
35.229,2.3601,-1.1937,-95.67,6.0845,-0.8922,4.5943,0.0364,-116.35,1.345,-0.236,0.0,-0.5,0.9469,1.7558,0.7236,176.766
35.28,2.3601,-1.1937,-95.67,6.0845,-0.8922,4.5945,0.0369,-117.71,1.345,-0.236,0.0,-0.5,0.9471,1.7559,0.7236,176.766
35.331,2.3601,-1.1937,-95.67,6.0845,-0.8922,4.5948,0.0373,-119.06,1.345,-0.236,0.0,-0.5,0.9473,1.7559,0.7236,176.766
35.382,2.3601,-1.1937,-95.67,6.0845,-0.8922,4.5951,0.0378,-120.42,1.345,-0.236,0.0,-0.5,0.9475,1.7559,0.7236,178.065
35.433,2.2589,-1.3187,-101.12,5.9913,-1.0233,4.5953,0.0383,-121.78,1.345,-0.236,0.0,-0.5,0.9477,1.7537,0.7408,178.065
35.484,2.2589,-1.3187,-101.12,5.9913,-1.0233,4.5956,0.0387,-123.13,1.345,-0.236,0.0,-0.5,0.9479,1.7538,0.7408,178.065
35.535,2.2029,-1.3827,-103.85,5.9394,-1.0906,4.5959,0.0392,-124.49,1.345,-0.236,0.0,-0.5,0.9482,1.7554,0.7268,178.065
35.587,2.1351,-1.4317,-106.56,5.8747,-1.1438,4.5962,0.0396,-125.85,1.345,-0.236,0.0,-0.5,0.9484,1.7421,0.7268,178.065
35.638,2.1351,-1.4317,-106.56,5.8747,-1.1438,4.5966,0.0401,-127.2,1.345,-0.236,0.0,-0.5,0.9487,1.7422,0.7268,178.065
35.689,2.0794,-1.4834,-109.34,5.8224,-1.1989,4.5969,0.0405,-128.56,1.345,-0.236,0.0,-0.5,0.949,1.743,0.6328,178.065
35.741,2.0794,-1.4834,-109.34,5.8224,-1.1989,4.5972,0.0409,-129.91,1.345,-0.236,0.0,-0.5,0.9493,1.743,0.6328,179.166
35.792,2.0082,-1.5395,-112.04,5.7549,-1.2593,4.5976,0.0413,-131.27,1.345,-0.236,0.0,-0.5,0.9496,1.741,0.6472,179.166
35.843,2.0082,-1.5395,-112.04,5.7549,-1.2593,4.5979,0.0417,-132.63,1.345,-0.236,0.0,-0.5,0.9499,1.7411,0.6472,179.166
35.894,2.0082,-1.5395,-112.04,5.7549,-1.2593,4.5983,0.0421,-133.98,1.345,-0.236,0.0,-0.5,0.9502,1.7411,0.6472,179.166
35.945,2.0082,-1.5395,-112.04,5.7549,-1.2593,4.5987,0.0425,-135.34,1.345,-0.236,0.0,-0.5,0.9505,1.7411,0.6472,179.166
35.996,2.0082,-1.5395,-112.04,5.7549,-1.2593,4.5991,0.0429,-136.7,1.345,-0.236,0.0,-0.5,0.9509,1.7412,0.6472,179.166
36.046,2.0082,-1.5395,-112.04,5.7549,-1.2593,4.5993,0.0431,-137.6,1.345,-0.236,0.0,-0.5,0.9511,1.7412,0.6472,179.166
36.097,2.0082,-1.5395,-112.04,5.7549,-1.2593,4.5995,0.0432,-138.05,1.345,-0.236,0.0,-0.5,0.9512,1.7412,0.6472,179.166
36.148,1.8754,-1.6325,-117.52,5.6281,-1.3605,4.5999,0.0436,-139.41,1.345,-0.236,0.0,-0.5,0.9516,1.7403,0.6312,179.166
36.199,1.8754,-1.6325,-117.52,5.6281,-1.3605,4.6003,0.0439,-140.76,1.345,-0.236,0.0,-0.5,0.952,1.7404,0.6312,179.166
36.251,1.8754,-1.6325,-117.52,5.6281,-1.3605,4.6007,0.0443,-142.12,1.345,-0.236,0.0,-0.5,0.9523,1.7404,0.6312,179.166
36.302,1.8754,-1.6325,-117.52,5.6281,-1.3605,4.6011,0.0446,-143.48,1.345,-0.236,0.0,-0.5,0.9527,1.7404,0.6312,179.166
36.354,1.8754,-1.6325,-117.52,5.6281,-1.3605,4.6016,0.0449,-144.83,1.345,-0.236,0.0,-0.5,0.9531,1.7404,0.6312,180.704
36.405,1.8754,-1.6325,-117.52,5.6281,-1.3605,4.602,0.0452,-146.19,1.345,-0.236,0.0,-0.5,0.9535,1.7404,0.6312,180.704
36.456,1.8754,-1.6325,-117.52,5.6281,-1.3605,4.6025,0.0455,-147.55,1.345,-0.236,0.0,-0.5,0.9539,1.7403,0.6312,180.704
36.507,1.5855,-1.7751,-128.47,5.3477,-1.5208,4.6029,0.0458,-148.9,1.345,-0.236,0.0,-0.5,0.9544,1.7346,0.6424,180.704
36.559,1.5132,-1.8069,-131.2,5.2775,-1.5571,4.6034,0.0461,-150.26,1.345,-0.236,0.0,-0.5,0.9548,1.7391,0.7024,180.704
36.61,1.5132,-1.8069,-131.2,5.2775,-1.5571,4.6039,0.0463,-151.62,1.345,-0.236,0.0,-0.5,0.9552,1.7392,0.7024,180.704
36.661,1.4407,-1.8274,-133.97,5.2065,-1.5821,4.6043,0.0466,-152.97,1.345,-0.236,0.0,-0.5,0.9557,1.7364,0.6424,180.704
36.712,1.3719,-1.8458,-136.69,5.1389,-1.6048,4.6048,0.0468,-154.33,1.345,-0.236,0.0,-0.5,0.9561,1.7358,0.642,180.704
36.763,1.3719,-1.8458,-136.69,5.1389,-1.6048,4.6053,0.0471,-155.68,1.345,-0.236,0.0,-0.5,0.9566,1.7359,0.642,180.704
36.814,1.3719,-1.8458,-136.69,5.1389,-1.6048,4.6056,0.0472,-156.59,1.345,-0.236,0.0,-0.5,0.9569,1.7359,0.642,180.924
36.866,1.2904,-1.8699,-139.43,5.0591,-1.6339,4.6063,0.0475,-158.4,1.345,-0.236,0.0,-0.5,0.9575,1.7413,0.7168,180.924
36.917,1.2904,-1.8699,-139.43,5.0591,-1.6339,4.6065,0.0476,-158.85,1.345,-0.236,0.0,-0.5,0.9577,1.7413,0.7168,180.924
36.967,1.2904,-1.8699,-139.43,5.0591,-1.6339,4.6066,0.0476,-159.3,1.345,-0.236,0.0,-0.5,0.9579,1.7413,0.7168,180.924
37.019,1.1298,-1.8883,-144.94,4.8999,-1.6623,4.6071,0.0478,-160.66,1.345,-0.236,0.0,-0.5,0.9583,1.735,0.6596,180.924
37.07,1.0543,-1.8897,-147.67,4.8246,-1.6683,4.6077,0.048,-162.01,1.345,-0.236,0.0,-0.5,0.9588,1.73,0.6452,180.924
37.12,1.0543,-1.8897,-147.67,4.8246,-1.6683,4.6082,0.0481,-163.37,1.345,-0.236,0.0,-0.5,0.9593,1.7301,0.6452,180.924
37.171,1.0543,-1.8897,-147.67,4.8246,-1.6683,4.6087,0.0483,-164.73,1.345,-0.236,0.0,-0.5,0.9598,1.7302,0.6452,180.924
37.222,1.0543,-1.8897,-147.67,4.8246,-1.6683,4.6092,0.0484,-166.08,1.345,-0.236,0.0,-0.5,0.9603,1.7302,0.6452,180.924
37.273,0.9566,-1.891,-150.57,4.7273,-1.6758,4.6094,0.0485,-166.53,1.345,-0.236,0.0,-0.5,0.9605,1.7283,0.6504,180.924
37.326,0.9566,-1.891,-150.57,4.7273,-1.6758,4.6097,0.0485,-167.44,1.345,-0.236,0.0,-0.5,0.9608,1.7283,0.6504,180.924
37.376,0.8898,-1.8826,-153.39,4.66,-1.6715,4.6099,0.0486,-167.89,1.345,-0.236,0.0,-0.5,0.961,1.7209,0.5976,180.924
37.428,0.8898,-1.8826,-153.39,4.66,-1.6715,4.6103,0.0487,-168.8,1.345,-0.236,0.0,-0.5,0.9613,1.7209,0.5976,180.923
37.479,0.8898,-1.8826,-153.39,4.66,-1.6715,4.6108,0.0488,-170.15,1.345,-0.236,0.0,-0.5,0.9619,1.721,0.5976,180.923
37.53,0.7058,-1.8609,-158.97,4.475,-1.6614,4.6108,0.0488,-170.15,1.345,-0.236,0.0,-0.5,0.9619,1.7155,0.6196,180.923
37.58,0.7058,-1.8609,-158.97,4.475,-1.6614,4.611,0.0488,-170.6,1.345,-0.236,0.0,-0.5,0.962,1.7155,0.6196,180.923
37.631,0.6264,-1.8493,-161.63,4.395,-1.6548,4.6113,0.0488,-171.51,1.345,-0.236,0.0,-0.5,0.9624,1.7173,0.6172,180.923
37.682,0.5464,-1.8348,-164.44,4.3143,-1.6453,4.6119,0.0489,-172.86,1.345,-0.236,0.0,-0.5,0.9629,1.7202,0.6668,180.923
37.733,0.5464,-1.8348,-164.44,4.3143,-1.6453,4.6124,0.049,-174.22,1.345,-0.236,0.0,-0.5,0.9634,1.7203,0.6668,180.923
37.784,0.4738,-1.8035,-167.22,4.2399,-1.6186,4.6129,0.049,-175.58,1.345,-0.236,0.0,-0.5,0.964,1.7088,0.6372,181.372
37.835,0.4738,-1.8035,-167.22,4.2399,-1.6186,4.6129,0.049,-175.58,1.345,-0.236,0.0,-0.5,0.964,1.7088,0.6372,181.372
37.886,0.3879,-1.7859,-169.9,4.153,-1.6064,4.6135,0.0491,-176.93,1.345,-0.236,0.0,-0.5,0.9645,1.7183,0.6412,181.372
37.937,0.3879,-1.7859,-169.9,4.153,-1.6064,4.614,0.0491,-178.29,1.345,-0.236,0.0,-0.5,0.965,1.7185,0.6412,181.372
37.988,0.3171,-1.7604,-172.61,4.0808,-1.5854,4.6145,0.0491,-179.65,1.345,-0.236,0.0,-0.5,0.9656,1.7194,0.6372,181.372
38.039,0.3171,-1.7604,-172.61,4.0808,-1.5854,4.6151,0.0491,179.0,1.345,-0.236,0.0,-0.5,0.9661,1.7196,0.6372,181.372
38.091,0.3171,-1.7604,-172.61,4.0808,-1.5854,4.6156,0.0491,177.64,1.345,-0.236,0.0,-0.5,0.9666,1.7197,0.6372,181.372
38.141,0.2332,-1.724,-175.31,3.9948,-1.5542,4.6162,0.0491,176.29,1.345,-0.236,0.0,-0.5,0.9672,1.7195,0.7,181.372
38.193,0.1679,-1.6896,-178.01,3.9275,-1.524,4.6167,0.049,174.93,1.345,-0.236,0.0,-0.5,0.9677,1.7174,0.6836,181.372
38.244,0.1679,-1.6896,-178.01,3.9275,-1.524,4.6172,0.049,173.57,1.345,-0.236,0.0,-0.5,0.9682,1.7176,0.6836,181.372
38.295,0.1679,-1.6896,-178.01,3.9275,-1.524,4.6178,0.0489,172.22,1.345,-0.236,0.0,-0.5,0.9688,1.7177,0.6836,181.372
38.346,0.1,-1.6464,179.29,3.857,-1.4852,4.6183,0.0488,170.86,1.345,-0.236,0.0,-0.5,0.9693,1.7125,0.6996,181.372
38.397,0.0272,-1.5842,176.55,3.7805,-1.4276,4.6188,0.0487,169.5,1.345,-0.236,0.0,-0.5,0.9699,1.6977,0.66,181.103
38.448,0.0272,-1.5842,176.55,3.7805,-1.4276,4.6194,0.0486,168.15,1.345,-0.236,0.0,-0.5,0.9704,1.6979,0.66,181.103
38.499,-0.0333,-1.5629,173.91,3.7187,-1.4101,4.6199,0.0485,166.79,1.345,-0.236,0.0,-0.5,0.9709,1.7145,0.6348,181.103
38.55,-0.0333,-1.5629,173.91,3.7187,-1.4101,4.6204,0.0484,165.43,1.345,-0.236,0.0,-0.5,0.9715,1.7147,0.6348,181.103
38.601,-0.1126,-1.5086,171.21,3.6363,-1.3609,4.6209,0.0482,164.08,1.345,-0.236,0.0,-0.5,0.972,1.7191,0.6736,181.103
38.652,-0.1638,-1.4541,168.53,3.5817,-1.3097,4.6211,0.0482,163.63,1.345,-0.236,0.0,-0.5,0.9722,1.71,0.7116,181.103
38.703,-0.1638,-1.4541,168.53,3.5817,-1.3097,4.6214,0.0481,162.72,1.345,-0.236,0.0,-0.5,0.9725,1.7102,0.7116,181.103
38.754,-0.2258,-1.4066,165.79,3.5169,-1.2662,4.622,0.0479,161.36,1.345,-0.236,0.0,-0.5,0.9731,1.717,0.7052,181.103
38.805,-0.2258,-1.4066,165.79,3.5169,-1.2662,4.6225,0.0478,160.01,1.345,-0.236,0.0,-0.5,0.9736,1.7172,0.7052,180.478
38.856,-0.2258,-1.4066,165.79,3.5169,-1.2662,4.623,0.0476,158.65,1.345,-0.236,0.0,-0.5,0.9741,1.7173,0.7052,180.478
38.907,-0.3315,-1.2827,160.44,3.4037,-1.1491,4.6235,0.0474,157.3,1.345,-0.236,0.0,-0.5,0.9746,1.7086,0.6872,180.478
38.958,-0.3315,-1.2827,160.44,3.4037,-1.1491,4.624,0.0471,155.94,1.345,-0.236,0.0,-0.5,0.9751,1.7089,0.6872,180.478
39.009,-0.3836,-1.2244,157.73,3.348,-1.0941,4.6245,0.0469,154.58,1.345,-0.236,0.0,-0.5,0.9756,1.7121,0.6432,180.478
39.06,-0.3836,-1.2244,157.73,3.348,-1.0941,4.6249,0.0467,153.23,1.345,-0.236,0.0,-0.5,0.9762,1.7123,0.6432,180.478
39.112,-0.4188,-1.1594,155.07,3.3089,-1.0315,4.6254,0.0464,151.87,1.345,-0.236,0.0,-0.5,0.9767,1.7015,0.6212,180.478
39.162,-0.4188,-1.1594,155.07,3.3089,-1.0315,4.6257,0.0463,150.97,1.345,-0.236,0.0,-0.5,0.977,1.7017,0.6212,180.478
39.213,-0.466,-1.0943,152.35,3.2577,-0.9695,4.6259,0.0462,150.51,1.345,-0.236,0.0,-0.5,0.9772,1.704,0.628,180.507
39.264,-0.466,-1.0943,152.35,3.2577,-0.9695,4.6264,0.0459,149.16,1.345,-0.236,0.0,-0.5,0.9776,1.7042,0.628,180.507
39.315,-0.466,-1.0943,152.35,3.2577,-0.9695,4.6268,0.0456,147.8,1.345,-0.236,0.0,-0.5,0.9781,1.7044,0.628,180.507
39.366,-0.466,-1.0943,152.35,3.2577,-0.9695,4.6273,0.0453,146.44,1.345,-0.236,0.0,-0.5,0.9786,1.7046,0.628,180.507
39.417,-0.466,-1.0943,152.35,3.2577,-0.9695,4.6277,0.045,145.09,1.345,-0.236,0.0,-0.5,0.9791,1.7048,0.628,180.507
39.468,-0.466,-1.0943,152.35,3.2577,-0.9695,4.6282,0.0447,143.73,1.345,-0.236,0.0,-0.5,0.9796,1.7049,0.628,180.507
39.519,-0.466,-1.0943,152.35,3.2577,-0.9695,4.6286,0.0444,142.38,1.345,-0.236,0.0,-0.5,0.98,1.7051,0.628,180.507
39.57,-0.5662,-0.8645,144.28,3.1433,-0.7463,4.629,0.0441,141.02,1.345,-0.236,0.0,-0.5,0.9805,1.6829,0.6248,180.507
39.624,-0.5662,-0.8645,144.28,3.1433,-0.7463,4.6292,0.044,140.57,1.345,-0.236,0.0,-0.5,0.9806,1.6829,0.6248,180.507
39.674,-0.5897,-0.7841,141.57,3.1148,-0.6676,4.6294,0.0437,139.66,1.345,-0.236,0.0,-0.5,0.9809,1.6733,0.6508,180.507
39.726,-0.5897,-0.7841,141.57,3.1148,-0.6676,4.6298,0.0434,138.31,1.345,-0.236,0.0,-0.5,0.9814,1.6735,0.6508,180.507
39.777,-0.5897,-0.7841,141.57,3.1148,-0.6676,4.6302,0.043,136.95,1.345,-0.236,0.0,-0.5,0.9818,1.6737,0.6508,180.507
39.828,-0.6231,-0.7139,138.87,3.0772,-0.5995,4.6306,0.0426,135.6,1.345,-0.236,0.0,-0.5,0.9823,1.681,0.648,180.489
39.879,-0.6231,-0.7139,138.87,3.0772,-0.5995,4.631,0.0423,134.24,1.345,-0.236,0.0,-0.5,0.9827,1.6812,0.648,180.489
39.929,-0.6231,-0.7139,138.87,3.0772,-0.5995,4.6314,0.0419,132.88,1.345,-0.236,0.0,-0.5,0.9831,1.6814,0.648,180.489
39.98,-0.6231,-0.7139,138.87,3.0772,-0.5995,4.6318,0.0415,131.53,1.345,-0.236,0.0,-0.5,0.9835,1.6816,0.648,180.489
40.031,-0.6231,-0.7139,138.87,3.0772,-0.5995,4.6321,0.0411,130.17,1.345,-0.236,0.0,-0.5,0.9839,1.6817,0.648,180.489
40.081,-0.6231,-0.7139,138.87,3.0772,-0.5995,4.6325,0.0406,128.81,1.345,-0.236,0.0,-0.5,0.9843,1.6819,0.648,180.489
40.132,-0.6231,-0.7139,138.87,3.0772,-0.5995,4.6328,0.0402,127.46,1.345,-0.236,0.0,-0.5,0.9847,1.682,0.648,180.489
40.183,-0.6231,-0.7139,138.87,3.0772,-0.5995,4.6331,0.0398,126.1,1.345,-0.236,0.0,-0.5,0.985,1.6822,0.648,180.489
40.234,-0.6231,-0.7139,138.87,3.0772,-0.5995,4.6334,0.0393,124.75,1.345,-0.236,0.0,-0.5,0.9854,1.6823,0.648,180.489
40.285,-0.6231,-0.7139,138.87,3.0772,-0.5995,4.6337,0.0389,123.39,1.345,-0.236,0.0,-0.5,0.9857,1.6824,0.648,180.489
40.336,-0.6437,-0.6279,136.17,3.0512,-0.5151,4.634,0.0384,122.03,1.345,-0.236,0.0,-0.5,0.9861,1.6768,0.6564,180.489
40.387,-0.6437,-0.6279,136.17,3.0512,-0.5151,4.6343,0.038,120.68,1.345,-0.236,0.0,-0.5,0.9864,1.6769,0.6564,180.489
40.438,-0.6437,-0.6279,136.17,3.0512,-0.5151,4.6346,0.0375,119.32,1.345,-0.236,0.0,-0.5,0.9867,1.677,0.6564,180.489
40.489,-0.7046,-0.468,130.84,2.9804,-0.3593,4.6348,0.0371,117.96,1.345,-0.236,0.0,-0.5,0.9871,1.7012,0.6904,180.489
40.54,-0.7046,-0.468,130.84,2.9804,-0.3593,4.6351,0.0366,116.61,1.345,-0.236,0.0,-0.5,0.9874,1.7013,0.6904,180.489
40.592,-0.7112,-0.3873,128.14,2.9688,-0.2791,4.6353,0.0361,115.25,1.345,-0.236,0.0,-0.5,0.9877,1.696,0.7604,180.489
40.643,-0.7112,-0.3873,128.14,2.9688,-0.2791,4.6355,0.0356,113.89,1.345,-0.236,0.0,-0.5,0.9879,1.6962,0.7604,180.489
40.695,-0.7274,-0.3041,125.44,2.9475,-0.1971,4.6358,0.0351,112.54,1.345,-0.236,0.0,-0.5,0.9882,1.7042,0.7632,180.489
40.746,-0.7274,-0.3041,125.44,2.9475,-0.1971,4.636,0.0346,111.18,1.345,-0.236,0.0,-0.5,0.9885,1.7043,0.7632,180.489
40.797,-0.7165,-0.2332,122.8,2.9539,-0.1256,4.6361,0.0341,109.83,1.345,-0.236,0.0,-0.5,0.9887,1.6898,0.4528,180.489
40.849,-0.7178,-0.1446,120.08,2.9471,-0.0373,4.6363,0.0336,108.47,1.345,-0.236,0.0,-0.5,0.9889,1.6907,0.6044,180.044
40.9,-0.7178,-0.1446,120.08,2.9471,-0.0373,4.6365,0.0331,107.11,1.345,-0.236,0.0,-0.5,0.9892,1.6909,0.6044,180.044
40.952,-0.7178,-0.1446,120.08,2.9471,-0.0373,4.6366,0.0326,105.76,1.345,-0.236,0.0,-0.5,0.9894,1.691,0.6044,180.044
41.005,-0.7178,-0.1446,120.08,2.9471,-0.0373,4.6368,0.032,104.4,1.345,-0.236,0.0,-0.5,0.9896,1.6911,0.6044,180.044
41.056,-0.7199,0.0127,114.67,2.9352,0.1196,4.6369,0.0315,103.04,1.345,-0.236,0.0,-0.5,0.9898,1.704,0.6028,180.044
41.108,-0.7199,0.0127,114.67,2.9352,0.1196,4.637,0.031,101.69,1.345,-0.236,0.0,-0.5,0.99,1.7041,0.6028,180.044
41.159,-0.7068,0.0952,112.0,2.9431,0.2027,4.6371,0.0305,100.33,1.345,-0.236,0.0,-0.5,0.9901,1.7027,0.5212,180.044
41.21,-0.7068,0.0952,112.0,2.9431,0.2027,4.6372,0.0299,98.97,1.345,-0.236,0.0,-0.5,0.9903,1.7029,0.5212,179.465
41.261,-0.7068,0.0952,112.0,2.9431,0.2027,4.6373,0.0294,97.62,1.345,-0.236,0.0,-0.5,0.9904,1.703,0.5212,179.465
41.312,-0.7068,0.0952,112.0,2.9431,0.2027,4.6374,0.0289,96.26,1.345,-0.236,0.0,-0.5,0.9906,1.7031,0.5212,179.465
41.363,-0.7068,0.0952,112.0,2.9431,0.2027,4.6374,0.0283,94.91,1.345,-0.236,0.0,-0.5,0.9907,1.7032,0.5212,179.465
41.414,-0.6649,0.328,103.92,2.9704,0.4377,4.6375,0.0278,93.55,1.345,-0.236,0.0,-0.5,0.9908,1.7167,0.5852,179.465
41.466,-0.6313,0.4105,101.22,2.9988,0.5221,4.6375,0.0273,92.19,1.345,-0.236,0.0,-0.5,0.9909,1.7118,0.5948,179.465
41.516,-0.6313,0.4105,101.22,2.9988,0.5221,4.6375,0.0269,91.29,1.345,-0.236,0.0,-0.5,0.9909,1.7119,0.5948,179.465
41.568,-0.6095,0.4751,98.59,3.0165,0.588,4.6375,0.0262,89.48,1.345,-0.236,0.0,-0.5,0.991,1.7156,0.5876,179.118
41.619,-0.6095,0.4751,98.59,3.0165,0.588,4.6375,0.026,89.03,1.345,-0.236,0.0,-0.5,0.9911,1.7156,0.5876,179.118
41.669,-0.6095,0.4751,98.59,3.0165,0.588,4.6375,0.0258,88.58,1.345,-0.236,0.0,-0.5,0.9911,1.7157,0.5876,179.118
41.723,-0.6095,0.4751,98.59,3.0165,0.588,4.6375,0.0256,88.12,1.345,-0.236,0.0,-0.5,0.9911,1.7157,0.5876,179.118
41.773,-0.6095,0.4751,98.59,3.0165,0.588,4.6375,0.0253,87.22,1.345,-0.236,0.0,-0.5,0.9911,1.7158,0.5876,179.118
41.824,-0.6095,0.4751,98.59,3.0165,0.588,4.6375,0.0251,86.77,1.345,-0.236,0.0,-0.5,0.9911,1.7159,0.5876,179.118
41.875,-0.6095,0.4751,98.59,3.0165,0.588,4.6374,0.0246,85.41,1.345,-0.236,0.0,-0.5,0.9912,1.716,0.5876,179.118
41.926,-0.6095,0.4751,98.59,3.0165,0.588,4.6374,0.024,84.05,1.345,-0.236,0.0,-0.5,0.9912,1.7162,0.5876,179.118
41.977,-0.6095,0.4751,98.59,3.0165,0.588,4.6373,0.0235,82.7,1.345,-0.236,0.0,-0.5,0.9912,1.7163,0.5876,179.118
42.028,-0.6095,0.4751,98.59,3.0165,0.588,4.6373,0.023,81.34,1.345,-0.236,0.0,-0.5,0.9912,1.7164,0.5876,179.118
42.08,-0.6095,0.4751,98.59,3.0165,0.588,4.6372,0.0224,79.98,1.345,-0.236,0.0,-0.5,0.9912,1.7165,0.5876,179.118
42.131,-0.6095,0.4751,98.59,3.0165,0.588,4.6371,0.0219,78.63,1.345,-0.236,0.0,-0.5,0.9912,1.7166,0.5876,179.118
42.182,-0.6095,0.4751,98.59,3.0165,0.588,4.637,0.0214,77.27,1.345,-0.236,0.0,-0.5,0.9911,1.7166,0.5876,179.118
42.233,-0.6095,0.4751,98.59,3.0165,0.588,4.6368,0.0208,75.92,1.345,-0.236,0.0,-0.5,0.9911,1.7167,0.5876,179.118
42.284,-0.6095,0.4751,98.59,3.0165,0.588,4.6367,0.0203,74.56,1.345,-0.236,0.0,-0.5,0.991,1.7167,0.5876,179.118
42.335,-0.5802,0.5548,95.85,3.0408,0.6693,4.6366,0.0198,73.2,1.345,-0.236,0.0,-0.5,0.9909,1.7229,0.616,179.118
42.387,-0.5802,0.5548,95.85,3.0408,0.6693,4.6364,0.0193,71.85,1.345,-0.236,0.0,-0.5,0.9908,1.7229,0.616,179.118
42.438,-0.5802,0.5548,95.85,3.0408,0.6693,4.6362,0.0188,70.49,1.345,-0.236,0.0,-0.5,0.9907,1.7229,0.616,179.118
42.489,-0.5043,0.6939,90.48,3.1078,0.8129,4.636,0.0183,69.14,1.345,-0.236,0.0,-0.5,0.9906,1.7225,0.6028,179.118
42.54,-0.5043,0.6939,90.48,3.1078,0.8129,4.6358,0.0178,67.78,1.345,-0.236,0.0,-0.5,0.9905,1.7225,0.6028,179.118
42.592,-0.4586,0.7664,87.76,3.1489,0.8881,4.6357,0.0174,66.88,1.345,-0.236,0.0,-0.5,0.9904,1.723,0.6076,179.118
42.643,-0.4586,0.7664,87.76,3.1489,0.8881,4.6354,0.0168,65.07,1.345,-0.236,0.0,-0.5,0.9902,1.7231,0.6076,179.118
42.694,-0.4188,0.8248,85.05,3.185,0.9488,4.6353,0.0165,64.16,1.345,-0.236,0.0,-0.5,0.9901,1.7242,0.6052,179.118
42.746,-0.4188,0.8248,85.05,3.185,0.9488,4.6349,0.0158,62.35,1.345,-0.236,0.0,-0.5,0.9899,1.7242,0.6052,179.118
42.797,-0.37,0.8906,82.35,3.2296,1.0176,4.6347,0.0153,61.0,1.345,-0.236,0.0,-0.5,0.9897,1.726,0.5956,179.118
42.848,-0.37,0.8906,82.35,3.2296,1.0176,4.6344,0.0149,59.64,1.345,-0.236,0.0,-0.5,0.9895,1.726,0.5956,178.389
42.9,-0.37,0.8906,82.35,3.2296,1.0176,4.6341,0.0144,58.29,1.345,-0.236,0.0,-0.5,0.9893,1.7261,0.5956,178.389
42.951,-0.2612,1.0217,76.96,3.33,1.1552,4.6339,0.0141,57.38,1.345,-0.236,0.0,-0.5,0.9891,1.7327,0.436,178.389
43.001,-0.2612,1.0217,76.96,3.33,1.1552,4.6339,0.0141,57.38,1.345,-0.236,0.0,-0.5,0.9891,1.7327,0.436,178.389
43.052,-0.2129,1.0721,74.26,3.3751,1.2086,4.6337,0.0137,56.03,1.345,-0.236,0.0,-0.5,0.9889,1.7355,0.464,178.389
43.103,-0.2129,1.0721,74.26,3.3751,1.2086,4.6333,0.0132,54.67,1.345,-0.236,0.0,-0.5,0.9886,1.7356,0.464,178.389
43.154,-0.1484,1.1288,71.53,3.4359,1.2691,4.633,0.0128,53.31,1.345,-0.236,0.0,-0.5,0.9884,1.7353,0.456,178.389
43.207,-0.0794,1.1729,68.83,3.502,1.3175,4.6327,0.0123,51.96,1.345,-0.236,0.0,-0.5,0.9881,1.7268,0.436,177.22
43.258,-0.0794,1.1729,68.83,3.502,1.3175,4.6324,0.0119,50.6,1.345,-0.236,0.0,-0.5,0.9879,1.7269,0.436,177.22
43.309,-0.0182,1.2304,66.14,3.5595,1.3787,4.632,0.0115,49.24,1.345,-0.236,0.0,-0.5,0.9876,1.7377,0.3804,177.22
43.361,-0.0182,1.2304,66.14,3.5595,1.3787,4.6317,0.0111,47.89,1.345,-0.236,0.0,-0.5,0.9873,1.7378,0.3804,177.22
43.411,0.0396,1.2731,63.45,3.6145,1.4249,4.6313,0.0107,46.53,1.345,-0.236,0.0,-0.5,0.987,1.7418,0.38,177.22
43.462,0.0396,1.2731,63.45,3.6145,1.4249,4.6309,0.0103,45.18,1.345,-0.236,0.0,-0.5,0.9867,1.7419,0.38,177.22
43.513,0.0396,1.2731,63.45,3.6145,1.4249,4.6305,0.0099,43.82,1.345,-0.236,0.0,-0.5,0.9863,1.742,0.38,177.22
43.564,0.0396,1.2731,63.45,3.6145,1.4249,4.6301,0.0096,42.46,1.345,-0.236,0.0,-0.5,0.986,1.7421,0.38,177.22
43.616,0.0396,1.2731,63.45,3.6145,1.4249,4.6297,0.0092,41.11,1.345,-0.236,0.0,-0.5,0.9857,1.7421,0.38,177.22
43.667,0.0396,1.2731,63.45,3.6145,1.4249,4.6293,0.0089,39.75,1.345,-0.236,0.0,-0.5,0.9853,1.7422,0.38,177.22
43.719,0.1177,1.3187,60.78,3.6896,1.4753,4.6289,0.0085,38.39,1.345,-0.236,0.0,-0.5,0.9849,1.7418,0.8116,177.22
43.77,0.1177,1.3187,60.78,3.6896,1.4753,4.6285,0.0082,37.04,1.345,-0.236,0.0,-0.5,0.9846,1.7419,0.8116,177.22
43.821,0.1177,1.3187,60.78,3.6896,1.4753,4.6281,0.0079,35.68,1.345,-0.236,0.0,-0.5,0.9842,1.7419,0.8116,176.018
43.872,0.1177,1.3187,60.78,3.6896,1.4753,4.6276,0.0076,34.32,1.345,-0.236,0.0,-0.5,0.9838,1.7419,0.8116,176.018
43.923,0.2752,1.3904,55.4,3.8423,1.5567,4.6272,0.0073,32.97,1.345,-0.236,0.0,-0.5,0.9834,1.7369,0.3788,176.018
43.976,0.2752,1.3904,55.4,3.8423,1.5567,4.6267,0.007,31.61,1.345,-0.236,0.0,-0.5,0.983,1.7369,0.3788,176.018
44.027,0.3374,1.4198,52.68,3.9025,1.5899,4.6263,0.0067,30.26,1.345,-0.236,0.0,-0.5,0.9826,1.7408,0.83,176.018
44.078,0.3374,1.4198,52.68,3.9025,1.5899,4.6258,0.0064,28.9,1.345,-0.236,0.0,-0.5,0.9821,1.7408,0.83,176.018
44.129,0.3374,1.4198,52.68,3.9025,1.5899,4.6253,0.0062,27.54,1.345,-0.236,0.0,-0.5,0.9817,1.7409,0.83,176.018
44.18,0.3374,1.4198,52.68,3.9025,1.5899,4.6248,0.0059,26.19,1.345,-0.236,0.0,-0.5,0.9813,1.7409,0.83,176.018
44.231,0.3374,1.4198,52.68,3.9025,1.5899,4.6243,0.0057,24.83,1.345,-0.236,0.0,-0.5,0.9808,1.7409,0.83,174.784
44.282,0.5696,1.5027,44.65,4.1292,1.6872,4.6239,0.0055,23.47,1.345,-0.236,0.0,-0.5,0.9804,1.753,0.4024,174.784
44.333,0.6496,1.5124,41.93,4.2083,1.7018,4.6234,0.0053,22.12,1.345,-0.236,0.0,-0.5,0.9799,1.7466,0.342,174.784
44.384,0.6496,1.5124,41.93,4.2083,1.7018,4.6229,0.0051,20.76,1.345,-0.236,0.0,-0.5,0.9795,1.7466,0.342,174.784
44.435,0.6496,1.5124,41.93,4.2083,1.7018,4.6224,0.0049,19.41,1.345,-0.236,0.0,-0.5,0.979,1.7467,0.342,174.784
44.488,0.6496,1.5124,41.93,4.2083,1.7018,4.6218,0.0047,18.05,1.345,-0.236,0.0,-0.5,0.9785,1.7467,0.342,174.784
44.539,0.8172,1.5283,36.48,4.3747,1.7282,4.6213,0.0045,16.69,1.345,-0.236,0.0,-0.5,0.978,1.7412,0.3608,174.784
44.59,0.8883,1.5418,33.83,4.4448,1.7461,4.6208,0.0044,15.34,1.345,-0.236,0.0,-0.5,0.9775,1.7506,0.554,174.784
44.642,0.8883,1.5418,33.83,4.4448,1.7461,4.6203,0.0042,13.98,1.345,-0.236,0.0,-0.5,0.977,1.7507,0.554,174.784
44.693,0.9733,1.5438,31.13,4.5295,1.7534,4.6203,0.0042,13.98,1.345,-0.236,0.0,-0.5,0.977,1.7515,0.5384,174.784
44.744,0.9733,1.5438,31.13,4.5295,1.7534,4.6198,0.0041,12.62,1.345,-0.236,0.0,-0.5,0.9765,1.7516,0.5384,174.784
44.795,1.0508,1.538,28.42,4.6072,1.7524,4.6192,0.004,11.27,1.345,-0.236,0.0,-0.5,0.976,1.7484,0.6264,173.583
44.845,1.0508,1.538,28.42,4.6072,1.7524,4.6187,0.0039,9.91,1.345,-0.236,0.0,-0.5,0.9755,1.7485,0.6264,173.583
44.896,1.0508,1.538,28.42,4.6072,1.7524,4.6182,0.0038,8.55,1.345,-0.236,0.0,-0.5,0.975,1.7486,0.6264,173.583
44.947,1.0508,1.538,28.42,4.6072,1.7524,4.6177,0.0037,7.2,1.345,-0.236,0.0,-0.5,0.9745,1.7487,0.6264,173.583
44.998,1.0508,1.538,28.42,4.6072,1.7524,4.6171,0.0037,5.84,1.345,-0.236,0.0,-0.5,0.974,1.7487,0.6264,173.583
45.798,1.0508,1.538,28.42,4.6072,1.7524,4.6166,0.0036,4.48,1.345,-0.236,0.0,0.0,0.974,1.7487,0.6264,173.583
