t,est_x,est_y,est_yaw_deg,est_wx,est_wy,true_x,true_y,true_yaw_deg,wp_x,wp_y,cmd_v,cmd_w,travelled,est_true_gap,pose_quality,chamfer_cm
0.0,-0.0002,0.0902,-2.63,3.6485,0.2419,3.6543,0.1518,3.58,1.345,-0.236,0.8,-0.231,0.0,0.0902,0.7304,nan
0.051,-0.0002,0.0902,-2.63,3.6485,0.2419,3.6546,0.1518,3.57,1.345,-0.236,0.8,-0.231,0.0003,0.0902,0.7304,nan
0.104,0.0204,0.1195,-2.62,3.6672,0.2723,3.6581,0.152,3.55,1.345,-0.236,0.8,-0.26,0.0038,0.1206,0.7052,0.0
0.155,0.0204,0.1195,-2.62,3.6672,0.2723,3.6663,0.1525,3.44,1.345,-0.236,0.8,-0.26,0.012,0.1198,0.7052,0.0
0.206,0.036,0.1477,-2.61,3.681,0.3014,3.6794,0.1533,3.28,1.345,-0.236,0.8,-0.287,0.0251,0.1481,0.6908,0.0
0.257,0.036,0.1477,-2.61,3.681,0.3014,3.6974,0.1543,3.1,1.345,-0.236,0.8,-0.287,0.0431,0.148,0.6908,38.555
0.308,0.0528,0.1758,-2.59,3.6961,0.3305,3.7204,0.1555,2.83,1.345,-0.236,0.8,-0.316,0.0662,0.1767,0.662,38.555
0.36,0.0714,0.1987,-2.61,3.7132,0.3546,3.7486,0.1568,2.45,1.345,-0.236,0.8,-0.34,0.0944,0.2009,0.7912,38.555
0.411,0.0714,0.1987,-2.61,3.7132,0.3546,3.782,0.158,1.93,1.345,-0.236,0.8,-0.34,0.1278,0.2082,0.7912,38.555
0.462,0.0913,0.2274,-2.6,3.7313,0.3845,3.8202,0.159,1.25,1.345,-0.236,0.8,-0.37,0.166,0.2424,0.7856,38.555
0.514,0.0913,0.2274,-2.6,3.7313,0.3845,3.8602,0.1595,0.46,1.345,-0.236,0.8,-0.37,0.206,0.2593,0.7856,38.555
0.565,0.1033,0.2533,-2.59,3.7416,0.4111,3.9136,0.1592,-0.75,1.345,-0.236,0.8,-0.396,0.2594,0.305,0.786,38.555
0.618,0.1221,0.2835,-2.58,3.7585,0.4423,3.9537,0.1583,-1.75,1.345,-0.236,0.8,-0.428,0.2994,0.3447,0.7532,38.555
0.669,0.1221,0.2835,-2.58,3.7585,0.4423,3.9937,0.1565,-2.85,1.345,-0.236,0.8,-0.428,0.3394,0.3701,0.7532,38.555
0.721,0.1539,0.3147,-2.6,3.7883,0.4755,4.0336,0.154,-4.04,1.345,-0.236,0.8,-0.465,0.3793,0.4044,0.384,47.77
0.772,0.1539,0.3147,-2.6,3.7883,0.4755,4.0735,0.1506,-5.33,1.345,-0.236,0.8,-0.465,0.4192,0.4324,0.384,47.77
0.823,0.1534,0.3318,-2.6,3.7867,0.4925,4.1133,0.1462,-6.72,1.345,-0.236,0.8,-0.479,0.459,0.476,0.7328,47.77
0.874,0.1534,0.3318,-2.6,3.7867,0.4925,4.1529,0.1409,-8.2,1.345,-0.236,0.8,-0.479,0.4987,0.5077,0.7328,47.77
0.925,0.1534,0.3318,-2.6,3.7867,0.4925,4.1923,0.1345,-9.77,1.345,-0.236,0.8,-0.479,0.5382,0.541,0.7328,47.77
0.976,0.1534,0.3318,-2.6,3.7867,0.4925,4.2314,0.1269,-11.42,1.345,-0.236,0.8,-0.479,0.5776,0.5757,0.7328,47.77
1.027,0.1534,0.3318,-2.6,3.7867,0.4925,4.2703,0.1183,-13.12,1.345,-0.236,0.8,-0.479,0.6169,0.6115,0.7328,47.77
1.078,0.1534,0.3318,-2.6,3.7867,0.4925,4.3088,0.1085,-14.88,1.345,-0.236,0.8,-0.479,0.6559,0.6481,0.7328,47.77
1.129,0.1672,0.3524,-2.59,3.7993,0.5139,4.347,0.0975,-16.68,1.345,-0.236,0.8,-0.5,0.6948,0.6881,0.8264,47.77
1.18,0.1672,0.3524,-2.59,3.7993,0.5139,4.3847,0.0853,-18.52,1.345,-0.236,0.8,-0.5,0.7334,0.7256,0.8264,47.77
1.231,0.197,0.3788,-2.69,3.8273,0.5422,4.3847,0.0853,-18.52,1.345,-0.236,0.0,-0.5,0.7334,0.7208,0.8072,47.77
1.282,0.2459,0.4028,-2.98,3.8746,0.5692,4.422,0.0718,-20.42,1.345,-0.236,0.0,-0.5,0.7719,0.7396,0.7612,47.77
1.333,0.2459,0.4028,-2.98,3.8746,0.5692,4.4572,0.0578,-22.31,1.345,-0.236,0.0,-0.5,0.8084,0.7751,0.7612,47.77
1.385,0.3225,0.4306,-3.53,3.9493,0.6017,4.4878,0.0445,-24.12,1.345,-0.236,0.0,-0.5,0.8404,0.7749,0.6696,47.77
1.436,0.3225,0.4306,-3.53,3.9493,0.6017,4.5136,0.0324,-25.78,1.345,-0.236,0.0,-0.5,0.8675,0.8016,0.6696,47.77
1.487,0.4281,0.4373,-4.61,4.0543,0.615,4.5346,0.0217,-27.3,1.345,-0.236,0.0,-0.5,0.8898,0.7633,0.6644,58.875
1.54,0.4281,0.4373,-4.61,4.0543,0.615,4.551,0.0129,-28.66,1.345,-0.236,0.0,-0.5,0.9074,0.7806,0.6644,58.875
1.591,0.5588,0.4527,-6.27,4.1838,0.6385,4.563,0.0061,-29.9,1.345,-0.236,0.0,-0.5,0.9202,0.7373,0.3696,58.875
1.642,0.6789,0.4555,-8.23,4.3034,0.6488,4.5705,0.0016,-31.08,1.345,-0.236,0.0,-0.5,0.9284,0.7001,0.5272,58.875
1.693,0.6789,0.4555,-8.23,4.3034,0.6488,4.5737,-0.0004,-32.26,1.345,-0.236,0.0,-0.5,0.9319,0.7032,0.5272,58.875
1.744,0.8059,0.4193,-10.41,4.4325,0.6206,4.5744,-0.0008,-33.43,1.345,-0.236,0.0,-0.5,0.9326,0.6374,0.3648,58.875
1.795,0.8059,0.4193,-10.41,4.4325,0.6206,4.5749,-0.0011,-34.6,1.345,-0.236,0.0,-0.5,0.9332,0.6378,0.3648,58.875
1.846,0.9222,0.4003,-13.07,4.5498,0.6089,4.5749,-0.0011,-34.6,1.345,-0.236,0.0,-0.5,0.9332,0.6105,0.514,58.875
1.897,1.0091,0.3948,-16.09,4.6368,0.6088,4.5753,-0.0015,-35.8,1.345,-0.236,0.0,-0.5,0.9337,0.6134,0.2944,69.285
1.948,1.0091,0.3948,-16.09,4.6368,0.6088,4.5758,-0.0019,-37.03,1.345,-0.236,0.0,-0.5,0.9342,0.6137,0.2944,69.285
2.001,1.0091,0.3948,-16.09,4.6368,0.6088,4.5763,-0.0023,-38.3,1.345,-0.236,0.0,-0.5,0.9348,0.614,0.2944,69.285
2.053,1.1442,0.3551,-19.41,4.7742,0.5776,4.5768,-0.0026,-39.61,1.345,-0.236,0.0,-0.5,0.9353,0.6129,0.4664,69.285
2.104,1.2856,0.2904,-22.98,4.9193,0.5218,4.5772,-0.003,-40.95,1.345,-0.236,0.0,-0.5,0.9357,0.6265,0.356,69.285
2.155,1.2856,0.2904,-22.98,4.9193,0.5218,4.5774,-0.0032,-41.86,1.345,-0.236,0.0,-0.5,0.936,0.6265,0.356,69.285
2.206,1.2856,0.2904,-22.98,4.9193,0.5218,4.5775,-0.0033,-42.31,1.345,-0.236,0.0,-0.5,0.9361,0.6265,0.356,69.285
2.257,1.4984,0.179,-30.32,5.1387,0.424,4.5777,-0.0035,-43.7,1.345,-0.236,0.0,-0.5,0.9363,0.7053,0.506,69.285
2.308,1.4984,0.179,-30.32,5.1387,0.424,4.5778,-0.0036,-45.09,1.345,-0.236,0.0,-0.5,0.9364,0.7052,0.506,80.002
2.36,1.5685,0.1274,-33.57,5.2118,0.3768,4.5778,-0.0036,-46.49,1.345,-0.236,0.0,-0.5,0.9365,0.7394,0.3728,80.002
2.411,1.618,0.0918,-36.13,5.2634,0.3444,4.5777,-0.0035,-47.9,1.345,-0.236,0.0,-0.5,0.9364,0.7689,0.4152,80.002
2.462,1.618,0.0918,-36.13,5.2634,0.3444,4.5776,-0.0034,-49.3,1.345,-0.236,0.0,-0.5,0.9362,0.769,0.4152,80.002
2.512,1.6479,0.0615,-38.47,5.2951,0.316,4.5775,-0.0033,-49.77,1.345,-0.236,0.0,-0.5,0.9362,0.7854,0.502,80.002
2.563,1.6479,0.0615,-38.47,5.2951,0.316,4.5774,-0.0032,-50.7,1.345,-0.236,0.0,-0.5,0.936,0.7855,0.502,80.002
2.615,1.6832,0.0302,-40.84,5.3324,0.2869,4.5772,-0.003,-52.1,1.345,-0.236,0.0,-0.5,0.9358,0.8089,0.4928,80.002
2.666,1.6832,0.0302,-40.84,5.3324,0.2869,4.577,-0.0027,-53.49,1.345,-0.236,0.0,-0.5,0.9356,0.809,0.4928,89.384
2.717,1.7191,0.0069,-43.22,5.3697,0.2659,4.5768,-0.0024,-54.88,1.345,-0.236,0.0,-0.5,0.9353,0.837,0.4832,89.384
2.767,1.7191,0.0069,-43.22,5.3697,0.2659,4.5767,-0.0023,-55.34,1.345,-0.236,0.0,-0.5,0.9352,0.8371,0.4832,89.384
2.818,1.7191,0.0069,-43.22,5.3697,0.2659,4.5766,-0.0021,-55.8,1.345,-0.236,0.0,-0.5,0.9351,0.8371,0.4832,89.384
2.869,1.7191,0.0069,-43.22,5.3697,0.2659,4.5764,-0.0018,-57.18,1.345,-0.236,0.0,-0.5,0.9348,0.8372,0.4832,89.384
2.92,1.7191,0.0069,-43.22,5.3697,0.2659,4.5762,-0.0014,-58.55,1.345,-0.236,0.0,-0.5,0.9345,0.8373,0.4832,89.384
2.972,1.7191,0.0069,-43.22,5.3697,0.2659,4.5759,-0.001,-59.92,1.345,-0.236,0.0,-0.5,0.9342,0.8374,0.4832,89.384
3.023,1.7191,0.0069,-43.22,5.3697,0.2659,4.5757,-0.0006,-61.29,1.345,-0.236,0.0,-0.5,0.9339,0.8375,0.4832,89.384
3.074,1.7191,0.0069,-43.22,5.3697,0.2659,4.5755,-0.0003,-62.21,1.345,-0.236,0.0,-0.5,0.9337,0.8376,0.4832,89.384
3.124,1.7552,-0.0215,-45.86,5.4074,0.2399,4.5755,-0.0001,-62.66,1.345,-0.236,0.0,-0.5,0.9336,0.8659,0.4712,89.384
3.175,1.7552,-0.0215,-45.86,5.4074,0.2399,4.5752,0.0003,-64.03,1.345,-0.236,0.0,-0.5,0.9333,0.866,0.4712,89.384
3.226,1.7837,-0.0541,-48.47,5.4379,0.2092,4.575,0.0008,-65.39,1.345,-0.236,0.0,-0.5,0.933,0.8877,0.45,89.384
3.277,1.7837,-0.0541,-48.47,5.4379,0.2092,4.5748,0.0012,-66.75,1.345,-0.236,0.0,-0.5,0.9327,0.8878,0.45,89.384
3.328,1.8134,-0.103,-51.27,5.4706,0.1622,4.5746,0.0017,-68.11,1.345,-0.236,0.0,-0.5,0.9324,0.9103,0.328,89.384
3.382,1.8362,-0.1445,-54.05,5.4959,0.1222,4.5744,0.0022,-69.47,1.345,-0.236,0.0,-0.5,0.9322,0.9293,0.4848,89.384
3.433,1.8362,-0.1445,-54.05,5.4959,0.1222,4.5742,0.0027,-70.83,1.345,-0.236,0.0,-0.5,0.9319,0.9294,0.4848,89.384
3.484,1.8539,-0.1853,-56.9,5.5161,0.0826,4.574,0.0032,-72.19,1.345,-0.236,0.0,-0.5,0.9317,0.9454,0.4604,97.742
3.535,1.8539,-0.1853,-56.9,5.5161,0.0826,4.5739,0.0037,-73.55,1.345,-0.236,0.0,-0.5,0.9314,0.9455,0.4604,97.742
3.586,1.8739,-0.2379,-59.73,5.5395,0.0313,4.5737,0.0042,-74.91,1.345,-0.236,0.0,-0.5,0.9312,0.9661,0.4436,97.742
3.637,1.8898,-0.277,-62.46,5.5577,-0.0067,4.5736,0.0048,-76.26,1.345,-0.236,0.0,-0.5,0.931,0.9842,0.4328,97.742
3.688,1.8898,-0.277,-62.46,5.5577,-0.0067,4.5735,0.0053,-77.62,1.345,-0.236,0.0,-0.5,0.9308,0.9843,0.4328,97.742
3.739,1.9007,-0.3251,-65.21,5.5716,-0.0541,4.5734,0.0058,-78.98,1.345,-0.236,0.0,-0.5,0.9306,1.0,0.5556,97.742
3.79,1.9007,-0.3251,-65.21,5.5716,-0.0541,4.5733,0.0063,-80.33,1.345,-0.236,0.0,-0.5,0.9304,1.0001,0.5556,97.742
3.841,1.9131,-0.3702,-67.93,5.5868,-0.0983,4.5732,0.0069,-81.69,1.345,-0.236,0.0,-0.5,0.9302,1.019,0.5428,97.742
3.892,1.9131,-0.3702,-67.93,5.5868,-0.0983,4.5731,0.0074,-83.05,1.345,-0.236,0.0,-0.5,0.9301,1.0191,0.5428,105.083
3.943,1.922,-0.4181,-70.65,5.5986,-0.1456,4.5731,0.0079,-84.4,1.345,-0.236,0.0,-0.5,0.9299,1.037,0.5364,105.083
3.994,1.922,-0.4181,-70.65,5.5986,-0.1456,4.573,0.0085,-85.76,1.345,-0.236,0.0,-0.5,0.9298,1.0371,0.5364,105.083
4.045,1.922,-0.4181,-70.65,5.5986,-0.1456,4.573,0.009,-87.12,1.345,-0.236,0.0,-0.5,0.9297,1.0372,0.5364,105.083
4.096,1.922,-0.4181,-70.65,5.5986,-0.1456,4.573,0.0095,-88.47,1.345,-0.236,0.0,-0.5,0.9296,1.0373,0.5364,105.083
4.146,1.922,-0.4181,-70.65,5.5986,-0.1456,4.5729,0.0101,-89.83,1.345,-0.236,0.0,-0.5,0.9295,1.0374,0.5364,105.083
4.197,1.922,-0.4181,-70.65,5.5986,-0.1456,4.573,0.0106,-91.19,1.345,-0.236,0.0,-0.5,0.9294,1.0375,0.5364,105.083
4.248,1.922,-0.4181,-70.65,5.5986,-0.1456,4.573,0.0112,-92.54,1.345,-0.236,0.0,-0.5,0.9294,1.0376,0.5364,105.083
4.299,1.9279,-0.4647,-73.42,5.6074,-0.1917,4.573,0.0117,-93.9,1.345,-0.236,0.0,-0.5,0.9293,1.0542,0.5072,105.083
4.35,1.9279,-0.4647,-73.42,5.6074,-0.1917,4.573,0.0122,-95.26,1.345,-0.236,0.0,-0.5,0.9293,1.0543,0.5072,105.083
4.401,1.9314,-0.5142,-76.12,5.614,-0.2409,4.5731,0.0128,-96.61,1.345,-0.236,0.0,-0.5,0.9292,1.0714,0.64,105.083
4.452,1.9314,-0.5142,-76.12,5.614,-0.2409,4.5732,0.0133,-97.97,1.345,-0.236,0.0,-0.5,0.9292,1.0715,0.64,105.083
4.503,1.9298,-0.5635,-78.81,5.6156,-0.2902,4.5732,0.0138,-99.33,1.345,-0.236,0.0,-0.5,0.9292,1.0858,0.6288,105.083
4.555,1.9279,-0.6117,-81.44,5.6167,-0.3384,4.5733,0.014,-99.78,1.345,-0.236,0.0,-0.5,0.9292,1.1013,0.6236,105.083
4.607,1.9279,-0.6117,-81.44,5.6167,-0.3384,4.5733,0.0144,-100.68,1.345,-0.236,0.0,-0.5,0.9292,1.1014,0.6236,105.083
4.658,1.9139,-0.6607,-84.06,5.6057,-0.3881,4.5734,0.0145,-101.13,1.345,-0.236,0.0,-0.5,0.9292,1.1081,0.5936,105.083
4.709,1.9139,-0.6607,-84.06,5.6057,-0.3881,4.5734,0.0149,-102.04,1.345,-0.236,0.0,-0.5,0.9293,1.1082,0.5936,113.057
4.76,1.9077,-0.7191,-86.8,5.6031,-0.4469,4.5736,0.0154,-103.39,1.345,-0.236,0.0,-0.5,0.9293,1.1286,0.7132,113.057
4.811,1.8931,-0.7692,-89.49,5.5918,-0.4977,4.5737,0.0159,-104.75,1.345,-0.236,0.0,-0.5,0.9293,1.1403,0.7008,113.057
4.862,1.8931,-0.7692,-89.49,5.5918,-0.4977,4.5738,0.0165,-106.11,1.345,-0.236,0.0,-0.5,0.9294,1.1404,0.7008,113.057
4.913,1.8816,-0.8276,-92.2,5.5839,-0.5568,4.574,0.017,-107.46,1.345,-0.236,0.0,-0.5,0.9295,1.1615,0.688,113.057
4.963,1.8816,-0.8276,-92.2,5.5839,-0.5568,4.5741,0.0175,-108.82,1.345,-0.236,0.0,-0.5,0.9296,1.1616,0.688,113.057
5.015,1.8782,-0.8786,-94.91,5.5837,-0.6078,4.5743,0.018,-110.18,1.345,-0.236,0.0,-0.5,0.9297,1.1876,0.3252,113.057
5.065,1.8782,-0.8786,-94.91,5.5837,-0.6078,4.5745,0.0185,-111.53,1.345,-0.236,0.0,-0.5,0.9298,1.1877,0.3252,113.057
5.116,1.8587,-0.9297,-97.61,5.5674,-0.6601,4.5747,0.019,-112.89,1.345,-0.236,0.0,-0.5,0.9299,1.2028,0.52,120.33
5.167,1.8377,-0.98,-100.29,5.5496,-0.7116,4.5749,0.0195,-114.24,1.345,-0.236,0.0,-0.5,0.9301,1.2184,0.4768,120.33
5.218,1.8377,-0.98,-100.29,5.5496,-0.7116,4.5752,0.02,-115.6,1.345,-0.236,0.0,-0.5,0.9302,1.2185,0.4768,120.33
5.269,1.8123,-1.0264,-103.0,5.5272,-0.7595,4.5754,0.0205,-116.96,1.345,-0.236,0.0,-0.5,0.9304,1.2306,0.4584,120.33
5.32,1.8123,-1.0264,-103.0,5.5272,-0.7595,4.5756,0.0209,-118.31,1.345,-0.236,0.0,-0.5,0.9306,1.2307,0.4584,120.33
5.371,1.7815,-1.0875,-105.74,5.5003,-0.8224,4.5759,0.0214,-119.67,1.345,-0.236,0.0,-0.5,0.9308,1.2516,0.4616,120.33
5.422,1.7815,-1.0875,-105.74,5.5003,-0.8224,4.5762,0.0219,-121.03,1.345,-0.236,0.0,-0.5,0.931,1.2517,0.4616,120.33
5.473,1.7522,-1.1246,-108.41,5.4733,-0.8613,4.5765,0.0223,-122.38,1.345,-0.236,0.0,-0.5,0.9312,1.259,0.6004,120.33
5.524,1.7167,-1.1746,-111.13,5.441,-0.9133,4.5768,0.0228,-123.74,1.345,-0.236,0.0,-0.5,0.9314,1.2741,0.58,127.26
5.575,1.7167,-1.1746,-111.13,5.441,-0.9133,4.5771,0.0232,-125.09,1.345,-0.236,0.0,-0.5,0.9317,1.2742,0.58,127.26
5.627,1.6814,-1.2182,-113.85,5.4085,-0.9591,4.5774,0.0237,-126.45,1.345,-0.236,0.0,-0.5,0.9319,1.2871,0.568,127.26
5.677,1.6814,-1.2182,-113.85,5.4085,-0.9591,4.5777,0.0241,-127.81,1.345,-0.236,0.0,-0.5,0.9322,1.2872,0.568,127.26
5.729,1.6453,-1.2553,-116.57,5.3747,-0.9984,4.578,0.0245,-129.16,1.345,-0.236,0.0,-0.5,0.9324,1.2965,0.5604,127.26
5.78,1.6453,-1.2553,-116.57,5.3747,-0.9984,4.5784,0.025,-130.52,1.345,-0.236,0.0,-0.5,0.9327,1.2966,0.5604,127.26
5.831,1.6031,-1.2954,-119.24,5.3351,-1.041,4.5787,0.0254,-131.88,1.345,-0.236,0.0,-0.5,0.933,1.3074,0.6716,127.26
5.882,1.6031,-1.2954,-119.24,5.3351,-1.041,4.5791,0.0258,-133.23,1.345,-0.236,0.0,-0.5,0.9333,1.3075,0.6716,127.26
5.933,1.6031,-1.2954,-119.24,5.3351,-1.041,4.5795,0.0262,-134.59,1.345,-0.236,0.0,-0.5,0.9336,1.3076,0.6716,127.26
5.984,1.5113,-1.3696,-124.66,5.2482,-1.1208,4.5799,0.0265,-135.95,1.345,-0.236,0.0,-0.5,0.934,1.3278,0.626,127.26
6.034,1.5113,-1.3696,-124.66,5.2482,-1.1208,4.5802,0.0269,-137.3,1.345,-0.236,0.0,-0.5,0.9343,1.3279,0.626,127.26
6.085,1.4687,-1.3989,-127.34,5.2074,-1.1527,4.5804,0.027,-137.75,1.345,-0.236,0.0,-0.5,0.9344,1.336,0.6188,127.26
6.136,1.4687,-1.3989,-127.34,5.2074,-1.1527,4.5806,0.0273,-138.66,1.345,-0.236,0.0,-0.5,0.9347,1.3361,0.6188,133.082
6.187,1.4156,-1.433,-130.05,5.1566,-1.1901,4.5811,0.0276,-140.01,1.345,-0.236,0.0,-0.5,0.935,1.3469,0.684,133.082
6.238,1.3592,-1.4586,-132.75,5.1019,-1.2191,4.5815,0.028,-141.37,1.345,-0.236,0.0,-0.5,0.9354,1.3513,0.6664,133.082
6.289,1.3592,-1.4586,-132.75,5.1019,-1.2191,4.5819,0.0283,-142.73,1.345,-0.236,0.0,-0.5,0.9358,1.3515,0.6664,133.082
6.34,1.3108,-1.4826,-135.43,5.0551,-1.2461,4.5823,0.0286,-144.08,1.345,-0.236,0.0,-0.5,0.9362,1.3596,0.654,133.082
6.391,1.3108,-1.4826,-135.43,5.0551,-1.2461,4.5828,0.0289,-145.44,1.345,-0.236,0.0,-0.5,0.9365,1.3597,0.654,133.082
6.442,1.2549,-1.5121,-138.03,5.0011,-1.2791,4.5831,0.0291,-146.34,1.345,-0.236,0.0,-0.5,0.9368,1.3734,0.6524,133.082
6.494,1.2549,-1.5121,-138.03,5.0011,-1.2791,4.5832,0.0292,-146.8,1.345,-0.236,0.0,-0.5,0.9369,1.3734,0.6524,138.337
6.545,1.1985,-1.5351,-140.72,4.9463,-1.3055,4.5835,0.0294,-147.7,1.345,-0.236,0.0,-0.5,0.9372,1.3833,0.7392,138.337
6.595,1.1338,-1.5556,-143.4,4.883,-1.33,4.5837,0.0295,-148.15,1.345,-0.236,0.0,-0.5,0.9374,1.3921,0.7124,138.337
6.646,1.1338,-1.5556,-143.4,4.883,-1.33,4.5841,0.0298,-149.51,1.345,-0.236,0.0,-0.5,0.9378,1.3923,0.7124,138.337
6.697,1.0799,-1.5647,-146.12,4.8297,-1.3425,4.5846,0.0301,-150.86,1.345,-0.236,0.0,-0.5,0.9382,1.3943,0.698,138.337
6.748,1.0799,-1.5647,-146.12,4.8297,-1.3425,4.5849,0.0302,-151.77,1.345,-0.236,0.0,-0.5,0.9385,1.3944,0.698,138.337
6.799,1.0123,-1.5809,-148.77,4.7633,-1.3629,4.5851,0.0303,-152.22,1.345,-0.236,0.0,-0.5,0.9386,1.4046,0.6968,138.337
6.85,1.0123,-1.5809,-148.77,4.7633,-1.3629,4.5856,0.0306,-153.58,1.345,-0.236,0.0,-0.5,0.9391,1.4047,0.6968,138.337
6.901,0.9528,-1.5853,-151.5,4.7042,-1.371,4.586,0.0308,-154.93,1.345,-0.236,0.0,-0.5,0.9395,1.4068,0.7384,138.337
6.952,0.8891,-1.5983,-154.15,4.6414,-1.3879,4.5865,0.031,-156.29,1.345,-0.236,0.0,-0.5,0.94,1.42,0.7228,142.878
7.003,0.8891,-1.5983,-154.15,4.6414,-1.3879,4.587,0.0312,-157.65,1.345,-0.236,0.0,-0.5,0.9405,1.4202,0.7228,142.878
7.054,0.8891,-1.5983,-154.15,4.6414,-1.3879,4.5875,0.0314,-159.0,1.345,-0.236,0.0,-0.5,0.9409,1.4203,0.7228,142.878
7.105,0.8891,-1.5983,-154.15,4.6414,-1.3879,4.588,0.0316,-160.36,1.345,-0.236,0.0,-0.5,0.9414,1.4205,0.7228,142.878
7.156,0.8891,-1.5983,-154.15,4.6414,-1.3879,4.5885,0.0318,-161.71,1.345,-0.236,0.0,-0.5,0.9419,1.4207,0.7228,142.878
7.207,0.8891,-1.5983,-154.15,4.6414,-1.3879,4.589,0.032,-163.07,1.345,-0.236,0.0,-0.5,0.9424,1.4208,0.7228,142.878
7.258,0.8891,-1.5983,-154.15,4.6414,-1.3879,4.5896,0.0321,-164.43,1.345,-0.236,0.0,-0.5,0.9429,1.4209,0.7228,142.878
7.309,0.8891,-1.5983,-154.15,4.6414,-1.3879,4.5901,0.0323,-165.78,1.345,-0.236,0.0,-0.5,0.9434,1.4211,0.7228,142.878
7.36,0.8183,-1.6004,-156.86,4.5709,-1.3944,4.5906,0.0324,-167.14,1.345,-0.236,0.0,-0.5,0.9439,1.4269,0.7048,142.878
7.411,0.8183,-1.6004,-156.86,4.5709,-1.3944,4.5911,0.0325,-168.5,1.345,-0.236,0.0,-0.5,0.9444,1.427,0.7048,142.878
7.463,0.7516,-1.5914,-159.6,4.5038,-1.3896,4.5917,0.0326,-169.85,1.345,-0.236,0.0,-0.5,0.9449,1.4249,0.7004,142.878
7.514,0.7516,-1.5914,-159.6,4.5038,-1.3896,4.5922,0.0327,-171.21,1.345,-0.236,0.0,-0.5,0.9454,1.425,0.7004,142.878
7.565,0.6887,-1.5888,-162.33,4.4408,-1.3909,4.5927,0.0328,-172.56,1.345,-0.236,0.0,-0.5,0.9459,1.4318,0.7512,142.878
7.616,0.6887,-1.5888,-162.33,4.4408,-1.3909,4.5933,0.0328,-173.92,1.345,-0.236,0.0,-0.5,0.9464,1.4319,0.7512,142.878
7.667,0.625,-1.5828,-165.03,4.3768,-1.3889,4.5938,0.0329,-175.28,1.345,-0.236,0.0,-0.5,0.947,1.4383,0.7416,142.878
7.718,0.625,-1.5828,-165.03,4.3768,-1.3889,4.5943,0.0329,-176.63,1.345,-0.236,0.0,-0.5,0.9475,1.4384,0.7416,146.416
7.769,0.5649,-1.568,-167.72,4.3159,-1.3779,4.5949,0.033,-177.99,1.345,-0.236,0.0,-0.5,0.948,1.4381,0.7112,146.416
7.82,0.5649,-1.568,-167.72,4.3159,-1.3779,4.5954,0.033,-179.35,1.345,-0.236,0.0,-0.5,0.9486,1.4383,0.7112,146.416
7.87,0.5649,-1.568,-167.72,4.3159,-1.3779,4.5954,0.033,-179.35,1.345,-0.236,0.0,-0.5,0.9486,1.4383,0.7112,146.416
7.922,0.4313,-1.531,-173.12,4.1803,-1.3493,4.596,0.033,179.3,1.345,-0.236,0.0,-0.5,0.9491,1.4434,0.6892,146.416
7.973,0.4313,-1.531,-173.12,4.1803,-1.3493,4.5961,0.033,178.84,1.345,-0.236,0.0,-0.5,0.9493,1.4435,0.6892,146.416
8.024,0.3718,-1.5158,-175.82,4.1199,-1.3378,4.5965,0.033,177.94,1.345,-0.236,0.0,-0.5,0.9496,1.4512,0.7568,146.416
8.075,0.3718,-1.5158,-175.82,4.1199,-1.3378,4.597,0.0329,176.58,1.345,-0.236,0.0,-0.5,0.9502,1.4514,0.7568,149.569
8.127,0.3161,-1.486,-178.48,4.0625,-1.3116,4.5976,0.0329,175.23,1.345,-0.236,0.0,-0.5,0.9507,1.4471,0.724,149.569
8.178,0.3161,-1.486,-178.48,4.0625,-1.3116,4.5981,0.0329,173.87,1.345,-0.236,0.0,-0.5,0.9512,1.4472,0.724,149.569
8.229,0.3161,-1.486,-178.48,4.0625,-1.3116,4.5986,0.0328,172.51,1.345,-0.236,0.0,-0.5,0.9518,1.4474,0.724,149.569
8.28,0.1925,-1.4258,176.18,3.9355,-1.2592,4.5992,0.0327,171.16,1.345,-0.236,0.0,-0.5,0.9523,1.4525,0.6956,149.569
8.332,0.1925,-1.4258,176.18,3.9355,-1.2592,4.5997,0.0326,169.8,1.345,-0.236,0.0,-0.5,0.9529,1.4526,0.6956,149.569
8.383,0.1313,-1.3907,173.45,3.8722,-1.228,4.6002,0.0325,168.45,1.345,-0.236,0.0,-0.5,0.9534,1.4557,0.7356,149.569
8.434,0.1313,-1.3907,173.45,3.8722,-1.228,4.6008,0.0324,167.09,1.345,-0.236,0.0,-0.5,0.9539,1.4559,0.7356,149.569
8.485,0.1313,-1.3907,173.45,3.8722,-1.228,4.6013,0.0323,165.73,1.345,-0.236,0.0,-0.5,0.9545,1.456,0.7356,149.569
8.536,0.1313,-1.3907,173.45,3.8722,-1.228,4.6018,0.0322,164.38,1.345,-0.236,0.0,-0.5,0.955,1.4562,0.7356,152.525
8.587,0.0252,-1.3154,168.1,3.7616,-1.1595,4.6023,0.032,163.02,1.345,-0.236,0.0,-0.5,0.9555,1.4582,0.6972,152.525
8.638,-0.0343,-1.2834,165.57,3.7002,-1.1313,4.6028,0.0318,161.66,1.345,-0.236,0.0,-0.5,0.9561,1.4723,0.6788,152.525
8.69,-0.0343,-1.2834,165.57,3.7002,-1.1313,4.6033,0.0317,160.31,1.345,-0.236,0.0,-0.5,0.9566,1.4724,0.6788,152.525
8.741,-0.117,-1.2774,162.89,3.6173,-1.1304,4.6039,0.0315,158.95,1.345,-0.236,0.0,-0.5,0.9571,1.5242,0.2876,152.525
8.793,-0.117,-1.2774,162.89,3.6173,-1.1304,4.6044,0.0313,157.59,1.345,-0.236,0.0,-0.5,0.9577,1.5244,0.2876,152.525
8.844,-0.143,-1.2091,160.14,3.5871,-1.0638,4.6049,0.0311,156.24,1.345,-0.236,0.0,-0.5,0.9582,1.4949,0.4544,152.525
8.894,-0.143,-1.2091,160.14,3.5871,-1.0638,4.605,0.031,155.79,1.345,-0.236,0.0,-0.5,0.9583,1.495,0.4544,152.525
8.945,-0.143,-1.2091,160.14,3.5871,-1.0638,4.6053,0.0308,154.88,1.345,-0.236,0.0,-0.5,0.9587,1.4951,0.4544,152.525
8.997,-0.2582,-1.1281,154.82,3.467,-0.9902,4.6058,0.0306,153.53,1.345,-0.236,0.0,-0.5,0.9592,1.5293,0.4748,152.525
9.047,-0.2582,-1.1281,154.82,3.467,-0.9902,4.606,0.0305,153.07,1.345,-0.236,0.0,-0.5,0.9594,1.5294,0.4748,154.844
9.098,-0.2987,-1.0792,152.1,3.4235,-0.944,4.6063,0.0304,152.17,1.345,-0.236,0.0,-0.5,0.9597,1.5324,0.4824,154.844
9.149,-0.2987,-1.0792,152.1,3.4235,-0.944,4.6068,0.0301,150.81,1.345,-0.236,0.0,-0.5,0.9602,1.5326,0.4824,154.844
9.201,-0.2987,-1.0792,152.1,3.4235,-0.944,4.6073,0.0298,149.46,1.345,-0.236,0.0,-0.5,0.9607,1.5328,0.4824,154.844
9.252,-0.3316,-1.0245,149.4,3.3873,-0.8914,4.6077,0.0296,148.1,1.345,-0.236,0.0,-0.5,0.9612,1.529,0.5964,154.844
9.304,-0.3316,-1.0245,149.4,3.3873,-0.8914,4.6082,0.0293,146.74,1.345,-0.236,0.0,-0.5,0.9617,1.5291,0.5964,154.844
9.355,-0.3716,-0.9571,146.69,3.3432,-0.8266,4.6086,0.029,145.39,1.345,-0.236,0.0,-0.5,0.9622,1.5275,0.6056,154.844
9.406,-0.4069,-0.9035,143.98,3.3046,-0.7753,4.6091,0.0287,144.03,1.345,-0.236,0.0,-0.5,0.9627,1.5323,0.5868,154.844
9.458,-0.4069,-0.9035,143.98,3.3046,-0.7753,4.6095,0.0283,142.68,1.345,-0.236,0.0,-0.5,0.9631,1.5325,0.5868,154.844
9.509,-0.4069,-0.9035,143.98,3.3046,-0.7753,4.6099,0.028,141.32,1.345,-0.236,0.0,-0.5,0.9636,1.5327,0.5868,157.076
9.56,-0.4439,-0.8411,141.31,3.2637,-0.7153,4.6103,0.0277,139.96,1.345,-0.236,0.0,-0.5,0.964,1.538,0.5796,157.076
9.611,-0.4439,-0.8411,141.31,3.2637,-0.7153,4.6108,0.0273,138.61,1.345,-0.236,0.0,-0.5,0.9645,1.5382,0.5796,157.076
9.663,-0.4719,-0.7713,138.57,3.2315,-0.6475,4.6112,0.027,137.25,1.345,-0.236,0.0,-0.5,0.9649,1.5357,0.6828,157.076
9.715,-0.4719,-0.7713,138.57,3.2315,-0.6475,4.6115,0.0266,135.9,1.345,-0.236,0.0,-0.5,0.9654,1.5359,0.6828,157.076
9.766,-0.5015,-0.7104,135.88,3.1981,-0.5885,4.6119,0.0262,134.54,1.345,-0.236,0.0,-0.5,0.9658,1.5417,0.6564,157.076
9.817,-0.5015,-0.7104,135.88,3.1981,-0.5885,4.6123,0.0258,133.18,1.345,-0.236,0.0,-0.5,0.9662,1.5418,0.6564,157.076
9.869,-0.5091,-0.6408,133.18,3.1862,-0.5195,4.6127,0.0254,131.83,1.345,-0.236,0.0,-0.5,0.9666,1.527,0.6332,157.076
9.921,-0.5297,-0.5767,130.47,3.1616,-0.4568,4.613,0.025,130.47,1.345,-0.236,0.0,-0.5,0.9671,1.5293,0.6424,157.076
9.972,-0.5297,-0.5767,130.47,3.1616,-0.4568,4.6134,0.0246,129.11,1.345,-0.236,0.0,-0.5,0.9674,1.5295,0.6424,157.076
10.023,-0.5297,-0.5767,130.47,3.1616,-0.4568,4.6137,0.0242,127.76,1.345,-0.236,0.0,-0.5,0.9678,1.5297,0.6424,157.076
10.073,-0.5529,-0.5059,127.75,3.1341,-0.3876,4.614,0.0238,126.4,1.345,-0.236,0.0,-0.5,0.9682,1.5361,0.7232,157.076
10.124,-0.5577,-0.4342,125.05,3.1248,-0.3164,4.614,0.0238,126.4,1.345,-0.236,0.0,-0.5,0.9682,1.5275,0.6868,159.073
10.175,-0.5577,-0.4342,125.05,3.1248,-0.3164,4.6144,0.0233,125.04,1.345,-0.236,0.0,-0.5,0.9686,1.5278,0.6868,159.073
10.226,-0.5577,-0.4342,125.05,3.1248,-0.3164,4.6147,0.0229,123.69,1.345,-0.236,0.0,-0.5,0.969,1.528,0.6868,159.073
10.277,-0.5577,-0.4342,125.05,3.1248,-0.3164,4.6149,0.0224,122.33,1.345,-0.236,0.0,-0.5,0.9693,1.5281,0.6868,159.073
10.328,-0.5577,-0.4342,125.05,3.1248,-0.3164,4.6152,0.022,120.98,1.345,-0.236,0.0,-0.5,0.9696,1.5283,0.6868,159.073
10.379,-0.5577,-0.4342,125.05,3.1248,-0.3164,4.6155,0.0215,119.62,1.345,-0.236,0.0,-0.5,0.97,1.5285,0.6868,159.073
10.43,-0.5577,-0.4342,125.05,3.1248,-0.3164,4.6158,0.021,118.26,1.345,-0.236,0.0,-0.5,0.9703,1.5286,0.6868,159.073
10.481,-0.5577,-0.4342,125.05,3.1248,-0.3164,4.6159,0.0209,117.81,1.345,-0.236,0.0,-0.5,0.9704,1.5287,0.6868,159.073
10.532,-0.5577,-0.4342,125.05,3.1248,-0.3164,4.616,0.0206,116.91,1.345,-0.236,0.0,-0.5,0.9706,1.5288,0.6868,159.073
10.583,-0.5577,-0.4342,125.05,3.1248,-0.3164,4.6163,0.0201,115.55,1.345,-0.236,0.0,-0.5,0.9709,1.5289,0.6868,159.073
10.634,-0.5577,-0.4342,125.05,3.1248,-0.3164,4.6165,0.0196,114.19,1.345,-0.236,0.0,-0.5,0.9712,1.529,0.6868,159.073
10.686,-0.5577,-0.4342,125.05,3.1248,-0.3164,4.6167,0.0191,112.84,1.345,-0.236,0.0,-0.5,0.9715,1.5291,0.6868,159.073
10.737,-0.5577,-0.4342,125.05,3.1248,-0.3164,4.6169,0.0186,111.48,1.345,-0.236,0.0,-0.5,0.9718,1.5292,0.6868,159.073
10.787,-0.5577,-0.4342,125.05,3.1248,-0.3164,4.6171,0.0181,110.12,1.345,-0.236,0.0,-0.5,0.972,1.5293,0.6868,159.073
10.839,-0.5577,-0.4342,125.05,3.1248,-0.3164,4.6173,0.0176,108.77,1.345,-0.236,0.0,-0.5,0.9723,1.5293,0.6868,159.073
10.89,-0.5667,-0.3578,122.38,3.111,-0.2406,4.6174,0.0171,107.41,1.345,-0.236,0.0,-0.5,0.9725,1.5283,0.6712,159.073
10.941,-0.5766,-0.2907,119.64,3.097,-0.1743,4.6176,0.0166,106.05,1.345,-0.236,0.0,-0.5,0.9727,1.5325,0.7384,159.073
10.992,-0.5766,-0.2907,119.64,3.097,-0.1743,4.6177,0.016,104.7,1.345,-0.236,0.0,-0.5,0.9729,1.5326,0.7384,159.073
11.044,-0.5766,-0.2907,119.64,3.097,-0.1743,4.6179,0.0155,103.34,1.345,-0.236,0.0,-0.5,0.9731,1.5327,0.7384,159.073
11.095,-0.5766,-0.2907,119.64,3.097,-0.1743,4.618,0.015,101.99,1.345,-0.236,0.0,-0.5,0.9733,1.5327,0.7384,160.741
11.146,-0.5766,-0.2907,119.64,3.097,-0.1743,4.6181,0.0145,100.63,1.345,-0.236,0.0,-0.5,0.9735,1.5328,0.7384,160.741
11.197,-0.5766,-0.2907,119.64,3.097,-0.1743,4.6182,0.0139,99.27,1.345,-0.236,0.0,-0.5,0.9737,1.5328,0.7384,160.741
11.249,-0.5748,-0.0691,111.65,3.085,0.047,4.6183,0.0134,97.92,1.345,-0.236,0.0,-0.5,0.9738,1.5336,0.678,160.741
11.3,-0.5748,-0.0691,111.65,3.085,0.047,4.6183,0.0129,96.56,1.345,-0.236,0.0,-0.5,0.974,1.5337,0.678,160.741
11.351,-0.5748,-0.0691,111.65,3.085,0.047,4.6184,0.0123,95.2,1.345,-0.236,0.0,-0.5,0.9741,1.5338,0.678,160.741
11.402,-0.5544,0.0732,106.27,3.0964,0.1903,4.6184,0.0118,93.85,1.345,-0.236,0.0,-0.5,0.9742,1.5324,0.704,160.741
11.454,-0.537,0.1437,103.56,3.1094,0.2618,4.6185,0.0113,92.49,1.345,-0.236,0.0,-0.5,0.9743,1.5298,0.692,160.741
11.505,-0.537,0.1437,103.56,3.1094,0.2618,4.6185,0.0107,91.13,1.345,-0.236,0.0,-0.5,0.9744,1.5299,0.692,160.741
11.555,-0.537,0.1437,103.56,3.1094,0.2618,4.6185,0.0104,90.23,1.345,-0.236,0.0,-0.5,0.9745,1.5299,0.692,162.162
11.606,-0.537,0.1437,103.56,3.1094,0.2618,4.6185,0.0104,90.23,1.345,-0.236,0.0,-0.5,0.9745,1.5299,0.692,162.162
11.658,-0.537,0.1437,103.56,3.1094,0.2618,4.6185,0.0098,88.87,1.345,-0.236,0.0,-0.5,0.9746,1.53,0.692,162.162
11.71,-0.537,0.1437,103.56,3.1094,0.2618,4.6185,0.0091,87.07,1.345,-0.236,0.0,-0.5,0.9747,1.5301,0.692,162.162
11.761,-0.4646,0.3609,95.47,3.1681,0.4831,4.6184,0.0086,85.71,1.345,-0.236,0.0,-0.5,0.9747,1.526,0.7,162.162
11.814,-0.4646,0.3609,95.47,3.1681,0.4831,4.6184,0.008,84.35,1.345,-0.236,0.0,-0.5,0.9747,1.5261,0.7,162.162
11.865,-0.4646,0.3609,95.47,3.1681,0.4831,4.6184,0.0077,83.45,1.345,-0.236,0.0,-0.5,0.9748,1.5262,0.7,162.162
11.916,-0.395,0.4999,90.04,3.2288,0.6261,4.6183,0.0075,83.0,1.345,-0.236,0.0,-0.5,0.9748,1.521,0.7432,162.162
11.967,-0.395,0.4999,90.04,3.2288,0.6261,4.6183,0.007,81.64,1.345,-0.236,0.0,-0.5,0.9748,1.5211,0.7432,162.162
12.02,-0.3569,0.5658,87.32,3.2628,0.6943,4.6182,0.0066,80.74,1.345,-0.236,0.0,-0.5,0.9748,1.5199,0.7116,162.162
12.072,-0.3569,0.5658,87.32,3.2628,0.6943,4.6181,0.0059,78.93,1.345,-0.236,0.0,-0.5,0.9748,1.5201,0.7116,163.621
12.123,-0.323,0.6307,84.62,3.2926,0.7611,4.618,0.0054,77.57,1.345,-0.236,0.0,-0.5,0.9747,1.5257,0.7572,163.621
12.175,-0.2673,0.694,81.93,3.3442,0.8278,4.6179,0.0048,76.22,1.345,-0.236,0.0,-0.5,0.9747,1.5164,0.7472,163.621
12.226,-0.2673,0.694,81.93,3.3442,0.8278,4.6177,0.0043,74.86,1.345,-0.236,0.0,-0.5,0.9746,1.5165,0.7472,163.621
12.277,-0.2673,0.694,81.93,3.3442,0.8278,4.6176,0.0038,73.5,1.345,-0.236,0.0,-0.5,0.9746,1.5167,0.7472,163.621
12.328,-0.2673,0.694,81.93,3.3442,0.8278,4.6174,0.0033,72.15,1.345,-0.236,0.0,-0.5,0.9745,1.5168,0.7472,163.621
12.379,-0.1754,0.8129,76.51,3.4285,0.9522,4.6173,0.0028,70.79,1.345,-0.236,0.0,-0.5,0.9744,1.5214,0.7072,163.621
12.43,-0.1754,0.8129,76.51,3.4285,0.9522,4.6171,0.0023,69.43,1.345,-0.236,0.0,-0.5,0.9743,1.5215,0.7072,163.621
12.481,-0.1239,0.871,73.79,3.4763,1.0134,4.6169,0.0018,68.08,1.345,-0.236,0.0,-0.5,0.9742,1.5246,0.744,164.083
12.532,-0.1239,0.871,73.79,3.4763,1.0134,4.6167,0.0013,66.72,1.345,-0.236,0.0,-0.5,0.9741,1.5248,0.744,164.083
12.583,-0.1239,0.871,73.79,3.4763,1.0134,4.6165,0.0008,65.36,1.345,-0.236,0.0,-0.5,0.9739,1.5249,0.744,164.083
12.633,-0.1239,0.871,73.79,3.4763,1.0134,4.6162,0.0003,64.01,1.345,-0.236,0.0,-0.5,0.9738,1.5251,0.744,164.083
12.684,-0.1239,0.871,73.79,3.4763,1.0134,4.616,-0.0002,62.65,1.345,-0.236,0.0,-0.5,0.9736,1.5252,0.744,164.083
12.735,-0.1239,0.871,73.79,3.4763,1.0134,4.6157,-0.0007,61.3,1.345,-0.236,0.0,-0.5,0.9734,1.5253,0.744,164.083
12.786,-0.1239,0.871,73.79,3.4763,1.0134,4.6155,-0.0011,59.94,1.345,-0.236,0.0,-0.5,0.9732,1.5255,0.744,164.083
12.837,-0.1239,0.871,73.79,3.4763,1.0134,4.6152,-0.0016,58.58,1.345,-0.236,0.0,-0.5,0.973,1.5256,0.744,164.083
12.888,-0.1239,0.871,73.79,3.4763,1.0134,4.6149,-0.0021,57.23,1.345,-0.236,0.0,-0.5,0.9728,1.5257,0.744,164.083
12.939,-0.1239,0.871,73.79,3.4763,1.0134,4.6146,-0.0025,55.87,1.345,-0.236,0.0,-0.5,0.9726,1.5257,0.744,164.083
12.99,-0.1239,0.871,73.79,3.4763,1.0134,4.6143,-0.003,54.51,1.345,-0.236,0.0,-0.5,0.9724,1.5258,0.744,164.083
13.041,-0.1239,0.871,73.79,3.4763,1.0134,4.614,-0.0034,53.16,1.345,-0.236,0.0,-0.5,0.9721,1.5259,0.744,164.083
13.092,-0.0672,0.9207,71.12,3.5298,1.0665,4.6137,-0.0038,51.8,1.345,-0.236,0.0,-0.5,0.9719,1.5233,0.7008,164.083
13.143,-0.0672,0.9207,71.12,3.5298,1.0665,4.6133,-0.0042,50.45,1.345,-0.236,0.0,-0.5,0.9716,1.5233,0.7008,164.083
13.195,-0.0672,0.9207,71.12,3.5298,1.0665,4.613,-0.0047,49.09,1.345,-0.236,0.0,-0.5,0.9713,1.5234,0.7008,164.083
13.245,-0.0672,0.9207,71.12,3.5298,1.0665,4.6126,-0.0051,47.73,1.345,-0.236,0.0,-0.5,0.971,1.5234,0.7008,164.083
13.297,0.0476,1.0237,65.7,3.638,1.1765,4.6122,-0.0055,46.38,1.345,-0.236,0.0,-0.5,0.9708,1.5318,0.6872,164.083
13.348,0.0476,1.0237,65.7,3.638,1.1765,4.6119,-0.0058,45.02,1.345,-0.236,0.0,-0.5,0.9704,1.5318,0.6872,164.083
13.399,0.1065,1.0675,63.01,3.6941,1.2239,4.6115,-0.0062,43.66,1.345,-0.236,0.0,-0.5,0.9701,1.5345,0.712,164.083
13.45,0.1065,1.0675,63.01,3.6941,1.2239,4.6111,-0.0066,42.31,1.345,-0.236,0.0,-0.5,0.9698,1.5346,0.712,164.083
13.501,0.1695,1.1134,60.33,3.7541,1.2736,4.6107,-0.007,40.95,1.345,-0.236,0.0,-0.5,0.9695,1.5407,0.6892,164.083
13.554,0.2334,1.1548,57.62,3.8152,1.3189,4.6103,-0.0073,39.6,1.345,-0.236,0.0,-0.5,0.9691,1.5463,0.6876,164.311
13.605,0.2334,1.1548,57.62,3.8152,1.3189,4.6099,-0.0076,38.24,1.345,-0.236,0.0,-0.5,0.9688,1.5464,0.6876,164.311
13.657,0.3071,1.1877,54.89,3.8867,1.3563,4.6094,-0.008,36.88,1.345,-0.236,0.0,-0.5,0.9684,1.5439,0.7256,164.311
13.708,0.3071,1.1877,54.89,3.8867,1.3563,4.609,-0.0083,35.53,1.345,-0.236,0.0,-0.5,0.968,1.544,0.7256,164.311
13.759,0.3778,1.2199,52.23,3.9552,1.3929,4.6086,-0.0086,34.17,1.345,-0.236,0.0,-0.5,0.9676,1.5463,0.7336,164.311
13.812,0.4435,1.2509,49.52,4.0189,1.4279,4.6081,-0.0089,32.81,1.345,-0.236,0.0,-0.5,0.9672,1.5529,0.6688,164.311
13.863,0.4435,1.2509,49.52,4.0189,1.4279,4.6077,-0.0092,31.46,1.345,-0.236,0.0,-0.5,0.9668,1.553,0.6688,164.311
13.915,0.5145,1.2796,46.83,4.088,1.461,4.6072,-0.0095,30.1,1.345,-0.236,0.0,-0.5,0.9664,1.5595,0.7608,164.462
13.966,0.5145,1.2796,46.83,4.088,1.461,4.6067,-0.0097,28.75,1.345,-0.236,0.0,-0.5,0.966,1.5596,0.7608,164.462
14.017,0.5922,1.3028,44.09,4.164,1.489,4.6062,-0.01,27.39,1.345,-0.236,0.0,-0.5,0.9656,1.5629,0.6852,164.462
14.067,0.5922,1.3028,44.09,4.164,1.489,4.6058,-0.0102,26.03,1.345,-0.236,0.0,-0.5,0.9651,1.563,0.6852,164.462
14.118,0.6681,1.3201,41.46,4.2388,1.5111,4.6056,-0.0103,25.58,1.345,-0.236,0.0,-0.5,0.965,1.565,0.6844,164.462
14.169,0.6681,1.3201,41.46,4.2388,1.5111,4.6053,-0.0105,24.68,1.345,-0.236,0.0,-0.5,0.9647,1.565,0.6844,164.462
14.22,0.6681,1.3201,41.46,4.2388,1.5111,4.6048,-0.0107,23.32,1.345,-0.236,0.0,-0.5,0.9643,1.5651,0.6844,164.462
14.271,0.6681,1.3201,41.46,4.2388,1.5111,4.6043,-0.0109,21.97,1.345,-0.236,0.0,-0.5,0.9638,1.5652,0.6844,164.462
14.322,0.6681,1.3201,41.46,4.2388,1.5111,4.6038,-0.0111,20.61,1.345,-0.236,0.0,-0.5,0.9633,1.5653,0.6844,164.462
14.373,0.6681,1.3201,41.46,4.2388,1.5111,4.6033,-0.0113,19.25,1.345,-0.236,0.0,-0.5,0.9629,1.5654,0.6844,164.987
14.424,0.8984,1.3526,33.34,4.4666,1.5578,4.6028,-0.0114,17.9,1.345,-0.236,0.0,-0.5,0.9624,1.5751,0.6724,164.987
14.475,0.9757,1.3536,30.65,4.5437,1.5636,4.6023,-0.0116,16.54,1.345,-0.236,0.0,-0.5,0.9619,1.5763,0.7744,164.987
14.526,0.9757,1.3536,30.65,4.5437,1.5636,4.6017,-0.0118,15.18,1.345,-0.236,0.0,-0.5,0.9614,1.5765,0.7744,164.987
14.577,1.0547,1.3542,27.95,4.6225,1.5691,4.6012,-0.0119,13.83,1.345,-0.236,0.0,-0.5,0.9609,1.5812,0.6996,164.987
14.628,1.1319,1.3513,25.22,4.6997,1.5711,4.6007,-0.012,12.47,1.345,-0.236,0.0,-0.5,0.9605,1.5862,0.6956,164.987
14.679,1.1319,1.3513,25.22,4.6997,1.5711,4.6002,-0.0121,11.11,1.345,-0.236,0.0,-0.5,0.96,1.5863,0.6956,164.987
14.73,1.1319,1.3513,25.22,4.6997,1.5711,4.5996,-0.0122,9.76,1.345,-0.236,0.0,-0.5,0.9595,1.5864,0.6956,164.987
14.781,1.1319,1.3513,25.22,4.6997,1.5711,4.5991,-0.0123,8.4,1.345,-0.236,0.0,-0.5,0.9589,1.5866,0.6956,164.987
14.832,1.2802,1.3306,19.82,4.849,1.5597,4.5986,-0.0124,7.04,1.345,-0.236,0.0,-0.5,0.9584,1.5919,0.7164,164.987
14.883,1.2802,1.3306,19.82,4.849,1.5597,4.598,-0.0124,5.69,1.345,-0.236,0.0,-0.5,0.9579,1.592,0.7164,165.943
14.935,1.3609,1.3191,17.14,4.9303,1.5533,4.5975,-0.0125,4.33,1.345,-0.236,0.0,-0.5,0.9574,1.6007,0.6164,165.943
14.986,1.3609,1.3191,17.14,4.9303,1.5533,4.597,-0.0125,2.97,1.345,-0.236,0.0,-0.5,0.9569,1.6009,0.6164,165.943
15.037,1.3609,1.3191,17.14,4.9303,1.5533,4.5964,-0.0125,1.62,1.345,-0.236,0.0,-0.5,0.9563,1.601,0.6164,165.943
15.088,1.3609,1.3191,17.14,4.9303,1.5533,4.5959,-0.0126,0.26,1.345,-0.236,0.0,-0.5,0.9558,1.6011,0.6164,165.943
15.139,1.3609,1.3191,17.14,4.9303,1.5533,4.5954,-0.0126,-1.09,1.345,-0.236,0.0,-0.5,0.9553,1.6012,0.6164,165.943
15.19,1.3609,1.3191,17.14,4.9303,1.5533,4.5948,-0.0125,-2.45,1.345,-0.236,0.0,-0.5,0.9548,1.6013,0.6164,165.943
15.241,1.3609,1.3191,17.14,4.9303,1.5533,4.5943,-0.0125,-3.81,1.345,-0.236,0.0,-0.5,0.9542,1.6014,0.6164,165.943
15.291,1.3609,1.3191,17.14,4.9303,1.5533,4.5937,-0.0125,-5.16,1.345,-0.236,0.0,-0.5,0.9537,1.6015,0.6164,165.943
15.343,1.3609,1.3191,17.14,4.9303,1.5533,4.5932,-0.0124,-6.52,1.345,-0.236,0.0,-0.5,0.9531,1.6016,0.6164,165.943
15.393,1.3609,1.3191,17.14,4.9303,1.5533,4.5927,-0.0123,-7.88,1.345,-0.236,0.0,-0.5,0.9526,1.6016,0.6164,165.943
15.444,1.3609,1.3191,17.14,4.9303,1.5533,4.5921,-0.0123,-9.23,1.345,-0.236,0.0,-0.5,0.9521,1.6016,0.6164,165.943
15.496,1.3609,1.3191,17.14,4.9303,1.5533,4.5916,-0.0122,-10.59,1.345,-0.236,0.0,-0.5,0.9515,1.6017,0.6164,165.943
15.547,1.659,1.2209,6.35,5.2339,1.4738,4.5911,-0.0121,-11.95,1.345,-0.236,0.0,-0.5,0.951,1.619,0.58,167.534
15.598,1.659,1.2209,6.35,5.2339,1.4738,4.5906,-0.012,-13.3,1.345,-0.236,0.0,-0.5,0.9504,1.6191,0.58,167.534
15.649,1.7359,1.1885,3.62,5.3126,1.4463,4.59,-0.0118,-14.66,1.345,-0.236,0.0,-0.5,0.9499,1.6273,0.6404,167.534
15.701,1.8017,1.1541,0.92,5.3805,1.4161,4.5895,-0.0117,-16.01,1.345,-0.236,0.0,-0.5,0.9494,1.6322,0.6068,167.534
15.752,1.8017,1.1541,0.92,5.3805,1.4161,4.589,-0.0115,-17.37,1.345,-0.236,0.0,-0.5,0.9488,1.6323,0.6068,167.534
15.803,1.8721,1.1168,-1.84,5.4531,1.3833,4.5885,-0.0114,-18.73,1.345,-0.236,0.0,-0.5,0.9483,1.6409,0.4992,167.534
15.854,1.8721,1.1168,-1.84,5.4531,1.3833,4.588,-0.0112,-20.08,1.345,-0.236,0.0,-0.5,0.9478,1.641,0.4992,167.534
15.905,1.9373,1.0787,-4.5,5.5205,1.3493,4.5875,-0.011,-21.44,1.345,-0.236,0.0,-0.5,0.9472,1.6496,0.6404,167.534
15.956,1.9373,1.0787,-4.5,5.5205,1.3493,4.587,-0.0108,-22.8,1.345,-0.236,0.0,-0.5,0.9467,1.6497,0.6404,167.534
16.007,1.9957,1.028,-7.19,5.582,1.3024,4.5865,-0.0106,-24.15,1.345,-0.236,0.0,-0.5,0.9462,1.6477,0.612,167.534
16.058,2.0719,0.9859,-9.94,5.6607,1.2651,4.586,-0.0104,-25.51,1.345,-0.236,0.0,-0.5,0.9457,1.6679,0.5016,167.534
16.109,2.0719,0.9859,-9.94,5.6607,1.2651,4.5855,-0.0101,-26.86,1.345,-0.236,0.0,-0.5,0.9452,1.668,0.5016,167.534
16.16,2.125,0.9335,-12.62,5.717,1.2161,4.585,-0.0099,-28.22,1.345,-0.236,0.0,-0.5,0.9446,1.6686,0.6236,168.639
16.211,2.125,0.9335,-12.62,5.717,1.2161,4.5845,-0.0096,-29.58,1.345,-0.236,0.0,-0.5,0.9441,1.6688,0.6236,168.639
16.262,2.1812,0.8766,-15.35,5.7766,1.1628,4.5841,-0.0093,-30.93,1.345,-0.236,0.0,-0.5,0.9436,1.6721,0.604,168.639
16.313,2.2334,0.8226,-18.08,5.832,1.1122,4.5836,-0.0091,-32.29,1.345,-0.236,0.0,-0.5,0.9431,1.678,0.534,168.639
16.364,2.2334,0.8226,-18.08,5.832,1.1122,4.5832,-0.0088,-33.64,1.345,-0.236,0.0,-0.5,0.9426,1.6781,0.534,168.639
16.415,2.2334,0.8226,-18.08,5.832,1.1122,4.5827,-0.0085,-35.0,1.345,-0.236,0.0,-0.5,0.9421,1.6783,0.534,168.639
16.465,2.2334,0.8226,-18.08,5.832,1.1122,4.5823,-0.0082,-36.36,1.345,-0.236,0.0,-0.5,0.9416,1.6784,0.534,168.639
16.516,2.2334,0.8226,-18.08,5.832,1.1122,4.5818,-0.0078,-37.71,1.345,-0.236,0.0,-0.5,0.9412,1.6785,0.534,168.639
16.567,2.2334,0.8226,-18.08,5.832,1.1122,4.5814,-0.0075,-39.07,1.345,-0.236,0.0,-0.5,0.9407,1.6786,0.534,168.639
16.618,2.2334,0.8226,-18.08,5.832,1.1122,4.581,-0.0072,-40.43,1.345,-0.236,0.0,-0.5,0.9402,1.6787,0.534,168.639
16.669,2.2857,0.7648,-20.66,5.8878,1.0578,4.5806,-0.0068,-41.78,1.345,-0.236,0.0,-0.5,0.9398,1.6859,0.642,168.639
16.72,2.2857,0.7648,-20.66,5.8878,1.0578,4.5802,-0.0064,-43.14,1.345,-0.236,0.0,-0.5,0.9393,1.6859,0.642,169.834
16.772,2.3383,0.7066,-23.46,5.944,1.0029,4.5798,-0.0061,-44.49,1.345,-0.236,0.0,-0.5,0.9389,1.6968,0.6296,169.834
16.822,2.3383,0.7066,-23.46,5.944,1.0029,4.5797,-0.0059,-44.95,1.345,-0.236,0.0,-0.5,0.9387,1.6968,0.6296,169.834
16.873,2.3383,0.7066,-23.46,5.944,1.0029,4.5794,-0.0057,-45.85,1.345,-0.236,0.0,-0.5,0.9384,1.6968,0.6296,169.834
16.925,2.4379,0.5776,-28.9,6.0514,0.8804,4.5791,-0.0053,-47.21,1.345,-0.236,0.0,-0.5,0.938,1.7182,0.5136,169.834
16.976,2.4379,0.5776,-28.9,6.0514,0.8804,4.5789,-0.0052,-47.66,1.345,-0.236,0.0,-0.5,0.9378,1.7183,0.5136,169.834
17.027,2.4728,0.5136,-31.6,6.0903,0.8187,4.5787,-0.0049,-48.56,1.345,-0.236,0.0,-0.5,0.9376,1.7214,0.642,169.834
17.079,2.4728,0.5136,-31.6,6.0903,0.8187,4.5783,-0.0045,-49.92,1.345,-0.236,0.0,-0.5,0.9371,1.7215,0.642,171.376
17.129,2.4728,0.5136,-31.6,6.0903,0.8187,4.5781,-0.0042,-50.82,1.345,-0.236,0.0,-0.5,0.9369,1.7216,0.642,171.376
17.18,2.4728,0.5136,-31.6,6.0903,0.8187,4.5781,-0.0042,-50.82,1.345,-0.236,0.0,-0.5,0.9369,1.7216,0.642,171.376
17.231,2.5418,0.3693,-36.96,6.1681,0.679,4.5778,-0.0038,-52.18,1.345,-0.236,0.0,-0.5,0.9365,1.7307,0.514,171.376
17.282,2.5896,0.3182,-39.74,6.219,0.631,4.5775,-0.0034,-53.54,1.345,-0.236,0.0,-0.5,0.9361,1.7598,0.3308,171.376
17.333,2.5896,0.3182,-39.74,6.219,0.631,4.5771,-0.0029,-54.89,1.345,-0.236,0.0,-0.5,0.9357,1.76,0.3308,171.376
17.385,2.6108,0.2252,-42.48,6.246,0.5394,4.5768,-0.0025,-56.25,1.345,-0.236,0.0,-0.5,0.9353,1.7549,0.564,171.376
17.436,2.6108,0.2252,-42.48,6.246,0.5394,4.5765,-0.002,-57.61,1.345,-0.236,0.0,-0.5,0.935,1.755,0.564,171.376
17.489,2.6372,0.1483,-45.19,6.2771,0.4644,4.5762,-0.0016,-58.96,1.345,-0.236,0.0,-0.5,0.9346,1.7636,0.5224,171.376
17.542,2.6372,0.1483,-45.19,6.2771,0.4644,4.576,-0.0011,-60.32,1.345,-0.236,0.0,-0.5,0.9343,1.7637,0.5224,172.98
17.592,2.6372,0.1483,-45.19,6.2771,0.4644,4.5757,-0.0006,-61.68,1.345,-0.236,0.0,-0.5,0.9339,1.7638,0.5224,172.98
17.643,2.6701,-0.0102,-50.62,6.3198,0.3083,4.5755,-0.0002,-63.03,1.345,-0.236,0.0,-0.5,0.9336,1.7714,0.5164,172.98
17.695,2.6701,-0.0102,-50.62,6.3198,0.3083,4.5752,0.0003,-64.39,1.345,-0.236,0.0,-0.5,0.9333,1.7716,0.5164,172.98
17.745,2.6789,-0.0775,-53.27,6.3328,0.2416,4.575,0.0008,-65.74,1.345,-0.236,0.0,-0.5,0.933,1.7743,0.5072,172.98
17.797,2.6789,-0.0775,-53.27,6.3328,0.2416,4.5748,0.0013,-67.1,1.345,-0.236,0.0,-0.5,0.9327,1.7744,0.5072,172.98
17.848,2.6789,-0.0775,-53.27,6.3328,0.2416,4.5746,0.0018,-68.46,1.345,-0.236,0.0,-0.5,0.9324,1.7745,0.5072,172.98
17.898,2.6789,-0.0775,-53.27,6.3328,0.2416,4.5744,0.0023,-69.81,1.345,-0.236,0.0,-0.5,0.9321,1.7747,0.5072,172.98
17.949,2.6789,-0.0775,-53.27,6.3328,0.2416,4.5742,0.0028,-71.17,1.345,-0.236,0.0,-0.5,0.9319,1.7748,0.5072,172.98
18.0,2.6789,-0.0775,-53.27,6.3328,0.2416,4.574,0.0033,-72.53,1.345,-0.236,0.0,-0.5,0.9316,1.7749,0.5072,172.98
18.051,2.6789,-0.0775,-53.27,6.3328,0.2416,4.5739,0.0038,-73.88,1.345,-0.236,0.0,-0.5,0.9314,1.775,0.5072,172.98
18.102,2.6789,-0.0775,-53.27,6.3328,0.2416,4.5737,0.0044,-75.24,1.345,-0.236,0.0,-0.5,0.9312,1.775,0.5072,172.98
18.153,2.6789,-0.0775,-53.27,6.3328,0.2416,4.5736,0.0049,-76.6,1.345,-0.236,0.0,-0.5,0.9309,1.7751,0.5072,172.98
18.204,2.6789,-0.0775,-53.27,6.3328,0.2416,4.5735,0.0054,-77.95,1.345,-0.236,0.0,-0.5,0.9307,1.7751,0.5072,172.98
18.255,2.6789,-0.0775,-53.27,6.3328,0.2416,4.5734,0.0059,-79.31,1.345,-0.236,0.0,-0.5,0.9305,1.7752,0.5072,172.98
18.306,2.6789,-0.0775,-53.27,6.3328,0.2416,4.5733,0.0065,-80.66,1.345,-0.236,0.0,-0.5,0.9304,1.7752,0.5072,173.971
18.356,2.6789,-0.0775,-53.27,6.3328,0.2416,4.5732,0.007,-82.02,1.345,-0.236,0.0,-0.5,0.9302,1.7752,0.5072,173.971
18.409,2.6789,-0.0775,-53.27,6.3328,0.2416,4.5731,0.0075,-83.38,1.345,-0.236,0.0,-0.5,0.9301,1.7752,0.5072,173.971
18.46,2.6789,-0.0775,-53.27,6.3328,0.2416,4.5731,0.0081,-84.73,1.345,-0.236,0.0,-0.5,0.9299,1.7752,0.5072,173.971
18.511,2.6835,-0.5369,-69.67,6.3661,-0.2166,4.573,0.0086,-86.09,1.345,-0.236,0.0,-0.5,0.9298,1.8072,0.2868,173.971
18.562,2.6835,-0.5369,-69.67,6.3661,-0.2166,4.573,0.0092,-87.45,1.345,-0.236,0.0,-0.5,0.9297,1.8073,0.2868,173.971
18.614,2.6571,-0.6257,-72.52,6.3453,-0.3069,4.573,0.0097,-88.8,1.345,-0.236,0.0,-0.5,0.9296,1.8004,0.4368,173.971
18.665,2.6571,-0.6257,-72.52,6.3453,-0.3069,4.573,0.0102,-90.16,1.345,-0.236,0.0,-0.5,0.9295,1.8005,0.4368,175.184
18.716,2.655,-0.6882,-75.16,6.3471,-0.3694,4.573,0.0108,-91.51,1.345,-0.236,0.0,-0.5,0.9294,1.8144,0.4296,175.184
18.767,2.655,-0.6882,-75.16,6.3471,-0.3694,4.573,0.0113,-92.87,1.345,-0.236,0.0,-0.5,0.9293,1.8145,0.4296,175.184
18.818,2.655,-0.6882,-75.16,6.3471,-0.3694,4.573,0.012,-94.68,1.345,-0.236,0.0,-0.5,0.9293,1.8146,0.4296,175.184
18.869,2.655,-0.6882,-75.16,6.3471,-0.3694,4.5731,0.0124,-95.58,1.345,-0.236,0.0,-0.5,0.9293,1.8147,0.4296,175.184
18.92,2.655,-0.6882,-75.16,6.3471,-0.3694,4.5731,0.0131,-97.39,1.345,-0.236,0.0,-0.5,0.9292,1.8148,0.4296,175.184
18.971,2.655,-0.6882,-75.16,6.3471,-0.3694,4.5732,0.0136,-98.75,1.345,-0.236,0.0,-0.5,0.9292,1.8148,0.4296,175.184
19.023,2.655,-0.6882,-75.16,6.3471,-0.3694,4.5733,0.0142,-100.1,1.345,-0.236,0.0,-0.5,0.9292,1.8148,0.4296,175.184
19.074,2.655,-0.6882,-75.16,6.3471,-0.3694,4.5734,0.0147,-101.46,1.345,-0.236,0.0,-0.5,0.9293,1.8148,0.4296,175.184
19.125,2.655,-0.6882,-75.16,6.3471,-0.3694,4.5735,0.015,-102.37,1.345,-0.236,0.0,-0.5,0.9293,1.8148,0.4296,175.184
19.176,2.5952,-0.7969,-79.46,6.2942,-0.4816,4.5736,0.0157,-104.17,1.345,-0.236,0.0,-0.5,0.9293,1.791,0.318,175.184
19.227,2.5482,-0.8787,-82.14,6.2524,-0.5662,4.5737,0.0161,-105.08,1.345,-0.236,0.0,-0.5,0.9294,1.7767,0.4788,175.184
19.278,2.5482,-0.8787,-82.14,6.2524,-0.5662,4.5739,0.0166,-106.43,1.345,-0.236,0.0,-0.5,0.9294,1.7768,0.4788,175.184
19.33,2.5482,-0.8787,-82.14,6.2524,-0.5662,4.5741,0.0173,-108.24,1.345,-0.236,0.0,-0.5,0.9296,1.7768,0.4788,175.184
19.382,2.5482,-0.8787,-82.14,6.2524,-0.5662,4.5743,0.0178,-109.6,1.345,-0.236,0.0,-0.5,0.9297,1.7768,0.4788,175.184
19.434,2.4994,-1.0273,-87.55,6.2129,-0.7176,4.5744,0.0183,-110.96,1.345,-0.236,0.0,-0.5,0.9298,1.7961,0.4604,175.184
19.486,2.4994,-1.0273,-87.55,6.2129,-0.7176,4.5746,0.0186,-111.86,1.345,-0.236,0.0,-0.5,0.9298,1.7962,0.4604,177.462
19.537,2.4585,-1.0975,-90.27,6.1766,-0.7901,4.5746,0.0188,-112.31,1.345,-0.236,0.0,-0.5,0.9299,1.7946,0.632,177.462
19.589,2.4203,-1.1747,-92.98,6.1432,-0.8696,4.5749,0.0193,-113.67,1.345,-0.236,0.0,-0.5,0.93,1.8028,0.6464,177.462
19.64,2.4203,-1.1747,-92.98,6.1432,-0.8696,4.5751,0.0198,-115.03,1.345,-0.236,0.0,-0.5,0.9302,1.8028,0.6464,177.462
19.691,2.3769,-1.2447,-95.7,6.1043,-0.9422,4.5753,0.0203,-116.38,1.345,-0.236,0.0,-0.5,0.9303,1.8067,0.63,177.462
19.742,2.3769,-1.2447,-95.7,6.1043,-0.9422,4.5756,0.0208,-117.74,1.345,-0.236,0.0,-0.5,0.9305,1.8067,0.63,177.462
19.793,2.3319,-1.3097,-98.38,6.0634,-1.0098,4.5758,0.0212,-119.09,1.345,-0.236,0.0,-0.5,0.9307,1.81,0.7136,177.462
19.844,2.3319,-1.3097,-98.38,6.0634,-1.0098,4.5761,0.0217,-120.45,1.345,-0.236,0.0,-0.5,0.9309,1.81,0.7136,177.462
19.895,2.2795,-1.3682,-101.11,6.0147,-1.0715,4.5761,0.0217,-120.45,1.345,-0.236,0.0,-0.5,0.9309,1.8069,0.6568,177.462
19.946,2.2795,-1.3682,-101.11,6.0147,-1.0715,4.5763,0.022,-121.36,1.345,-0.236,0.0,-0.5,0.931,1.8069,0.6568,179.077
19.996,2.2279,-1.4313,-103.82,5.9672,-1.1376,4.5763,0.022,-121.36,1.345,-0.236,0.0,-0.5,0.931,1.811,0.6588,179.077
20.047,2.1699,-1.4903,-106.52,5.913,-1.2001,4.5765,0.0225,-122.71,1.345,-0.236,0.0,-0.5,0.9313,1.8113,0.672,179.077
20.099,2.1699,-1.4903,-106.52,5.913,-1.2001,4.5765,0.0225,-122.71,1.345,-0.236,0.0,-0.5,0.9313,1.8113,0.672,179.077
20.15,2.1095,-1.5486,-109.25,5.8563,-1.2622,4.5768,0.0229,-124.07,1.345,-0.236,0.0,-0.5,0.9315,1.8134,0.6484,179.077
20.201,2.1095,-1.5486,-109.25,5.8563,-1.2622,4.5771,0.0234,-125.42,1.345,-0.236,0.0,-0.5,0.9317,1.8135,0.6484,179.077
20.251,2.0532,-1.6051,-111.92,5.8037,-1.322,4.5775,0.0238,-126.78,1.345,-0.236,0.0,-0.5,0.932,1.8207,0.6528,179.077
20.302,1.9826,-1.6506,-114.64,5.7361,-1.3719,4.5776,0.0239,-127.23,1.345,-0.236,0.0,-0.5,0.9321,1.814,0.6568,179.077
20.353,1.9826,-1.6506,-114.64,5.7361,-1.3719,4.5778,0.0242,-128.14,1.345,-0.236,0.0,-0.5,0.9322,1.8141,0.6568,179.077
20.404,1.924,-1.6948,-117.34,5.6804,-1.4196,4.5781,0.0247,-129.49,1.345,-0.236,0.0,-0.5,0.9325,1.8168,0.6588,179.077
20.455,1.924,-1.6948,-117.34,5.6804,-1.4196,4.5785,0.0251,-130.85,1.345,-0.236,0.0,-0.5,0.9328,1.817,0.6588,180.589
20.506,1.8555,-1.7363,-120.04,5.6146,-1.4653,4.5788,0.0255,-132.2,1.345,-0.236,0.0,-0.5,0.9331,1.8153,0.646,180.589
20.557,1.8555,-1.7363,-120.04,5.6146,-1.4653,4.5792,0.0259,-133.56,1.345,-0.236,0.0,-0.5,0.9334,1.8154,0.646,180.589
20.608,1.7846,-1.7826,-122.74,5.5467,-1.5159,4.5796,0.0263,-134.92,1.345,-0.236,0.0,-0.5,0.9337,1.8203,0.64,180.589
20.659,1.7089,-1.8161,-125.43,5.4733,-1.5541,4.58,0.0266,-136.27,1.345,-0.236,0.0,-0.5,0.9341,1.8157,0.6328,180.589
20.71,1.7089,-1.8161,-125.43,5.4733,-1.5541,4.5804,0.027,-137.63,1.345,-0.236,0.0,-0.5,0.9344,1.8158,0.6328,180.589
20.761,1.6408,-1.8429,-128.13,5.4069,-1.5852,4.5808,0.0274,-138.99,1.345,-0.236,0.0,-0.5,0.9348,1.8118,0.6284,180.589
20.812,1.6408,-1.8429,-128.13,5.4069,-1.5852,4.5812,0.0277,-140.34,1.345,-0.236,0.0,-0.5,0.9351,1.812,0.6284,180.589
20.863,1.5753,-1.876,-130.81,5.3436,-1.6223,4.5816,0.0281,-141.7,1.345,-0.236,0.0,-0.5,0.9355,1.8178,0.6468,180.589
20.914,1.5753,-1.876,-130.81,5.3436,-1.6223,4.582,0.0284,-143.05,1.345,-0.236,0.0,-0.5,0.9359,1.8179,0.6468,181.633
20.965,1.5753,-1.876,-130.81,5.3436,-1.6223,4.5824,0.0287,-144.41,1.345,-0.236,0.0,-0.5,0.9363,1.818,0.6468,181.633
21.016,1.5753,-1.876,-130.81,5.3436,-1.6223,4.5829,0.029,-145.77,1.345,-0.236,0.0,-0.5,0.9367,1.8181,0.6468,181.633
21.067,1.4171,-1.9283,-136.21,5.189,-1.6843,4.5833,0.0293,-147.12,1.345,-0.236,0.0,-0.5,0.9371,1.8175,0.61,181.633
21.119,1.3309,-1.9528,-138.89,5.1045,-1.7141,4.5838,0.0296,-148.48,1.345,-0.236,0.0,-0.5,0.9375,1.8198,0.5812,181.633
21.169,1.3309,-1.9528,-138.89,5.1045,-1.7141,4.5843,0.0299,-149.84,1.345,-0.236,0.0,-0.5,0.9379,1.8199,0.5812,181.633
21.22,1.2689,-1.96,-141.57,5.043,-1.7252,4.5847,0.0301,-151.19,1.345,-0.236,0.0,-0.5,0.9383,1.8142,0.3248,181.633
21.271,1.2689,-1.96,-141.57,5.043,-1.7252,4.5852,0.0304,-152.55,1.345,-0.236,0.0,-0.5,0.9388,1.8143,0.3248,181.633
21.323,1.1866,-1.9753,-144.26,4.9619,-1.7456,4.5858,0.0307,-154.36,1.345,-0.236,0.0,-0.5,0.9394,1.8157,0.5444,182.048
21.374,1.1866,-1.9753,-144.26,4.9619,-1.7456,4.5862,0.0309,-155.26,1.345,-0.236,0.0,-0.5,0.9397,1.8157,0.5444,182.048
21.425,1.0905,-1.984,-146.84,4.8665,-1.7603,4.5867,0.0311,-156.62,1.345,-0.236,0.0,-0.5,0.9401,1.8131,0.364,182.048
21.477,1.0127,-1.992,-149.58,4.7893,-1.7731,4.5872,0.0313,-157.97,1.345,-0.236,0.0,-0.5,0.9406,1.8157,0.4904,182.048
21.527,1.0127,-1.992,-149.58,4.7893,-1.7731,4.5877,0.0315,-159.33,1.345,-0.236,0.0,-0.5,0.9411,1.8159,0.4904,182.048
21.578,0.9234,-1.9874,-152.3,4.6999,-1.7741,4.5878,0.0316,-159.78,1.345,-0.236,0.0,-0.5,0.9412,1.8091,0.5792,182.048
21.629,0.9234,-1.9874,-152.3,4.6999,-1.7741,4.588,0.0316,-160.23,1.345,-0.236,0.0,-0.5,0.9414,1.8092,0.5792,182.048
21.68,0.8412,-1.9896,-154.99,4.6181,-1.7815,4.5887,0.0319,-162.04,1.345,-0.236,0.0,-0.5,0.942,1.8136,0.5796,182.048
21.731,0.8412,-1.9896,-154.99,4.6181,-1.7815,4.5892,0.032,-163.4,1.345,-0.236,0.0,-0.5,0.9425,1.8137,0.5796,182.521
21.783,0.7662,-1.9829,-157.67,4.5428,-1.7795,4.5897,0.0322,-164.76,1.345,-0.236,0.0,-0.5,0.943,1.8122,0.5976,182.521
21.834,0.7662,-1.9829,-157.67,4.5428,-1.7795,4.5901,0.0323,-165.66,1.345,-0.236,0.0,-0.5,0.9433,1.8123,0.5976,182.521
21.885,0.6883,-1.9652,-160.36,4.4639,-1.7666,4.5908,0.0324,-167.47,1.345,-0.236,0.0,-0.5,0.944,1.8035,0.6244,182.521
21.937,0.5978,-1.9492,-163.09,4.3726,-1.7563,4.5913,0.0325,-168.83,1.345,-0.236,0.0,-0.5,0.9445,1.8021,0.6364,182.521
21.989,0.5978,-1.9492,-163.09,4.3726,-1.7563,4.5918,0.0326,-170.18,1.345,-0.236,0.0,-0.5,0.945,1.8023,0.6364,182.521
22.04,0.5221,-1.9349,-165.77,4.2961,-1.7468,4.5923,0.0327,-171.54,1.345,-0.236,0.0,-0.5,0.9455,1.804,0.6364,182.521
22.091,0.5221,-1.9349,-165.77,4.2961,-1.7468,4.5929,0.0328,-172.9,1.345,-0.236,0.0,-0.5,0.9461,1.8042,0.6364,182.521
22.142,0.4447,-1.9063,-168.49,4.2171,-1.723,4.5934,0.0329,-174.25,1.345,-0.236,0.0,-0.5,0.9466,1.7958,0.642,182.521
22.193,0.4447,-1.9063,-168.49,4.2171,-1.723,4.5939,0.0329,-175.61,1.345,-0.236,0.0,-0.5,0.9471,1.7959,0.642,182.521
22.244,0.4447,-1.9063,-168.49,4.2171,-1.723,4.5945,0.033,-176.96,1.345,-0.236,0.0,-0.5,0.9476,1.7961,0.642,182.521
22.295,0.2771,-1.8447,-173.88,4.046,-1.672,4.595,0.033,-178.32,1.345,-0.236,0.0,-0.5,0.9482,1.7912,0.5872,182.096
22.346,0.2771,-1.8447,-173.88,4.046,-1.672,4.5956,0.033,-179.68,1.345,-0.236,0.0,-0.5,0.9487,1.7913,0.5872,182.096
22.397,0.2037,-1.7998,-176.58,3.9699,-1.6318,4.5961,0.033,178.97,1.345,-0.236,0.0,-0.5,0.9492,1.7786,0.6068,182.096
22.448,0.2037,-1.7998,-176.58,3.9699,-1.6318,4.5966,0.033,177.61,1.345,-0.236,0.0,-0.5,0.9498,1.7788,0.6068,182.096
22.5,0.1339,-1.7654,-179.26,3.8981,-1.6018,4.5972,0.0329,176.25,1.345,-0.236,0.0,-0.5,0.9503,1.7779,0.6348,182.096
22.551,0.1339,-1.7654,-179.26,3.8981,-1.6018,4.5975,0.0329,175.35,1.345,-0.236,0.0,-0.5,0.9507,1.7781,0.6348,182.096
22.604,0.0588,-1.7318,178.06,3.821,-1.5729,4.5982,0.0328,173.54,1.345,-0.236,0.0,-0.5,0.9514,1.784,0.536,182.096
22.656,0.0588,-1.7318,178.06,3.821,-1.5729,4.5988,0.0328,172.18,1.345,-0.236,0.0,-0.5,0.9519,1.7842,0.536,182.096
22.707,-0.0091,-1.6875,175.37,3.7505,-1.533,4.5993,0.0327,170.83,1.345,-0.236,0.0,-0.5,0.9525,1.781,0.6172,182.096
22.758,-0.0712,-1.6424,172.67,3.6858,-1.4919,4.5998,0.0326,169.47,1.345,-0.236,0.0,-0.5,0.953,1.7775,0.6084,182.143
22.808,-0.0712,-1.6424,172.67,3.6858,-1.4919,4.5998,0.0326,169.47,1.345,-0.236,0.0,-0.5,0.953,1.7775,0.6084,182.143
22.859,-0.0712,-1.6424,172.67,3.6858,-1.4919,4.6004,0.0325,168.12,1.345,-0.236,0.0,-0.5,0.9535,1.7777,0.6084,182.143
22.91,-0.0712,-1.6424,172.67,3.6858,-1.4919,4.6009,0.0324,166.76,1.345,-0.236,0.0,-0.5,0.9541,1.7779,0.6084,182.143
22.961,-0.0712,-1.6424,172.67,3.6858,-1.4919,4.6014,0.0323,165.4,1.345,-0.236,0.0,-0.5,0.9546,1.778,0.6084,182.143
23.012,-0.1405,-1.6001,170.03,3.614,-1.454,4.6019,0.0321,164.05,1.345,-0.236,0.0,-0.5,0.9552,1.7845,0.5924,182.143
23.064,-0.1405,-1.6001,170.03,3.614,-1.454,4.6025,0.032,162.69,1.345,-0.236,0.0,-0.5,0.9557,1.7847,0.5924,182.143
23.115,-0.206,-1.539,167.32,3.5447,-1.397,4.603,0.0318,161.33,1.345,-0.236,0.0,-0.5,0.9562,1.778,0.614,182.143
23.166,-0.206,-1.539,167.32,3.5447,-1.397,4.6035,0.0316,159.98,1.345,-0.236,0.0,-0.5,0.9567,1.7782,0.614,182.143
23.217,-0.2633,-1.4989,164.65,3.4851,-1.3606,4.604,0.0314,158.62,1.345,-0.236,0.0,-0.5,0.9573,1.786,0.606,182.143
23.268,-0.2633,-1.4989,164.65,3.4851,-1.3606,4.6043,0.0313,157.72,1.345,-0.236,0.0,-0.5,0.9576,1.7861,0.606,181.595
23.318,-0.2633,-1.4989,164.65,3.4851,-1.3606,4.6045,0.0312,157.27,1.345,-0.236,0.0,-0.5,0.9578,1.7861,0.606,181.595
23.369,-0.2633,-1.4989,164.65,3.4851,-1.3606,4.605,0.031,155.91,1.345,-0.236,0.0,-0.5,0.9583,1.7863,0.606,181.595
23.42,-0.2633,-1.4989,164.65,3.4851,-1.3606,4.6055,0.0308,154.55,1.345,-0.236,0.0,-0.5,0.9588,1.7864,0.606,181.595
23.471,-0.2633,-1.4989,164.65,3.4851,-1.3606,4.606,0.0306,153.2,1.345,-0.236,0.0,-0.5,0.9593,1.7865,0.606,181.595
23.522,-0.2633,-1.4989,164.65,3.4851,-1.3606,4.6064,0.0303,151.84,1.345,-0.236,0.0,-0.5,0.9598,1.7866,0.606,181.595
23.572,-0.2633,-1.4989,164.65,3.4851,-1.3606,4.6069,0.0301,150.48,1.345,-0.236,0.0,-0.5,0.9603,1.7867,0.606,181.595
23.623,-0.2633,-1.4989,164.65,3.4851,-1.3606,4.6074,0.0298,149.13,1.345,-0.236,0.0,-0.5,0.9608,1.7868,0.606,181.595
23.674,-0.2633,-1.4989,164.65,3.4851,-1.3606,4.6078,0.0295,147.77,1.345,-0.236,0.0,-0.5,0.9613,1.7869,0.606,181.595
23.725,-0.2633,-1.4989,164.65,3.4851,-1.3606,4.6083,0.0292,146.42,1.345,-0.236,0.0,-0.5,0.9618,1.7869,0.606,181.595
23.775,-0.2633,-1.4989,164.65,3.4851,-1.3606,4.6087,0.0289,145.06,1.345,-0.236,0.0,-0.5,0.9623,1.787,0.606,181.595
23.826,-0.2633,-1.4989,164.65,3.4851,-1.3606,4.6092,0.0286,143.7,1.345,-0.236,0.0,-0.5,0.9628,1.787,0.606,181.595
23.877,-0.2633,-1.4989,164.65,3.4851,-1.3606,4.6096,0.0283,142.35,1.345,-0.236,0.0,-0.5,0.9632,1.787,0.606,181.595
23.928,-0.2633,-1.4989,164.65,3.4851,-1.3606,4.61,0.0279,140.99,1.345,-0.236,0.0,-0.5,0.9637,1.787,0.606,181.595
23.979,-0.2633,-1.4989,164.65,3.4851,-1.3606,4.6104,0.0276,139.63,1.345,-0.236,0.0,-0.5,0.9642,1.787,0.606,181.595
24.029,-0.2633,-1.4989,164.65,3.4851,-1.3606,4.6106,0.0275,139.18,1.345,-0.236,0.0,-0.5,0.9643,1.787,0.606,181.595
24.08,-0.2633,-1.4989,164.65,3.4851,-1.3606,4.6109,0.0272,138.28,1.345,-0.236,0.0,-0.5,0.9646,1.787,0.606,181.595
24.131,-0.2633,-1.4989,164.65,3.4851,-1.3606,4.6113,0.0269,136.92,1.345,-0.236,0.0,-0.5,0.9651,1.787,0.606,181.595
24.182,-0.2633,-1.4989,164.65,3.4851,-1.3606,4.6116,0.0265,135.57,1.345,-0.236,0.0,-0.5,0.9655,1.7869,0.606,181.595
24.234,-0.4383,-1.3353,156.73,3.3002,-1.2082,4.612,0.0261,134.21,1.345,-0.236,0.0,-0.5,0.9659,1.8012,0.6908,181.595
24.285,-0.4383,-1.3353,156.73,3.3002,-1.2082,4.6124,0.0257,132.85,1.345,-0.236,0.0,-0.5,0.9663,1.8013,0.6908,181.595
24.336,-0.4867,-1.2662,154.02,3.2475,-1.1423,4.6128,0.0253,131.5,1.345,-0.236,0.0,-0.5,0.9667,1.7964,0.7704,181.595
24.387,-0.4867,-1.2662,154.02,3.2475,-1.1423,4.613,0.0251,130.59,1.345,-0.236,0.0,-0.5,0.967,1.7964,0.7704,181.595
24.439,-0.5333,-1.1975,151.32,3.1968,-1.0767,4.6135,0.0245,128.78,1.345,-0.236,0.0,-0.5,0.9675,1.7943,0.7684,181.595
24.491,-0.5333,-1.1975,151.32,3.1968,-1.0767,4.6138,0.0241,127.43,1.345,-0.236,0.0,-0.5,0.9679,1.7943,0.7684,180.938
24.542,-0.5699,-1.1301,148.62,3.156,-1.0117,4.6141,0.0237,126.07,1.345,-0.236,0.0,-0.5,0.9683,1.7883,0.7572,180.938
24.594,-0.5699,-1.1301,148.62,3.156,-1.0117,4.6144,0.0232,124.71,1.345,-0.236,0.0,-0.5,0.9687,1.7883,0.7572,180.938
24.645,-0.6133,-1.0629,145.91,3.1086,-0.9473,4.6147,0.0228,123.36,1.345,-0.236,0.0,-0.5,0.969,1.7915,0.806,180.938
24.697,-0.6434,-0.987,143.21,3.0738,-0.8734,4.615,0.0223,122.0,1.345,-0.236,0.0,-0.5,0.9694,1.7826,0.8048,180.938
24.748,-0.6434,-0.987,143.21,3.0738,-0.8734,4.6153,0.0219,120.65,1.345,-0.236,0.0,-0.5,0.9697,1.7826,0.8048,180.938
24.799,-0.6434,-0.987,143.21,3.0738,-0.8734,4.6156,0.0214,119.29,1.345,-0.236,0.0,-0.5,0.9701,1.7826,0.8048,180.938
24.85,-0.6434,-0.987,143.21,3.0738,-0.8734,4.6158,0.0209,117.93,1.345,-0.236,0.0,-0.5,0.9704,1.7826,0.8048,180.938
24.901,-0.7028,-0.8349,137.81,3.005,-0.7254,4.6161,0.0204,116.58,1.345,-0.236,0.0,-0.5,0.9707,1.7753,0.7984,180.938
24.953,-0.7028,-0.8349,137.81,3.005,-0.7254,4.6163,0.02,115.22,1.345,-0.236,0.0,-0.5,0.971,1.7753,0.7984,180.97
25.004,-0.7216,-0.7583,135.12,2.9814,-0.65,4.6165,0.0195,113.86,1.345,-0.236,0.0,-0.5,0.9713,1.7669,0.8032,180.97
25.055,-0.7417,-0.6786,132.4,2.9564,-0.5717,4.6168,0.019,112.51,1.345,-0.236,0.0,-0.5,0.9716,1.7623,0.7932,180.97
25.106,-0.7417,-0.6786,132.4,2.9564,-0.5717,4.617,0.0185,111.15,1.345,-0.236,0.0,-0.5,0.9718,1.7623,0.7932,180.97
25.157,-0.7417,-0.6786,132.4,2.9564,-0.5717,4.6171,0.0181,110.25,1.345,-0.236,0.0,-0.5,0.972,1.7623,0.7932,180.97
25.208,-0.7417,-0.6786,132.4,2.9564,-0.5717,4.6172,0.018,109.8,1.345,-0.236,0.0,-0.5,0.9721,1.7623,0.7932,180.97
25.258,-0.7632,-0.5169,127.0,2.9249,-0.4117,4.6173,0.0176,108.89,1.345,-0.236,0.0,-0.5,0.9723,1.746,0.792,180.97
25.31,-0.7632,-0.5169,127.0,2.9249,-0.4117,4.6175,0.0169,107.08,1.345,-0.236,0.0,-0.5,0.9726,1.746,0.792,180.97
25.361,-0.7632,-0.5169,127.0,2.9249,-0.4117,4.6176,0.0166,106.18,1.345,-0.236,0.0,-0.5,0.9727,1.746,0.792,180.97
25.411,-0.7779,-0.3508,121.57,2.8998,-0.2468,4.6176,0.0166,106.18,1.345,-0.236,0.0,-0.5,0.9727,1.7378,0.7848,180.97
25.463,-0.7779,-0.3508,121.57,2.8998,-0.2468,4.6178,0.0159,104.37,1.345,-0.236,0.0,-0.5,0.973,1.7379,0.7848,180.615
25.514,-0.7788,-0.2698,118.89,2.8939,-0.1661,4.6179,0.0154,103.01,1.345,-0.236,0.0,-0.5,0.9732,1.7336,0.8008,180.615
25.565,-0.7788,-0.2698,118.89,2.8939,-0.1661,4.618,0.0149,101.66,1.345,-0.236,0.0,-0.5,0.9734,1.7336,0.8008,180.615
25.616,-0.7746,-0.1792,116.2,2.8924,-0.0754,4.6181,0.0143,100.3,1.345,-0.236,0.0,-0.5,0.9736,1.728,0.8032,180.615
25.668,-0.7746,-0.1792,116.2,2.8924,-0.0754,4.6182,0.0138,98.95,1.345,-0.236,0.0,-0.5,0.9737,1.7281,0.8032,180.615
25.719,-0.7746,-0.1792,116.2,2.8924,-0.0754,4.6183,0.0133,97.59,1.345,-0.236,0.0,-0.5,0.9739,1.7282,0.8032,180.615
25.77,-0.7746,-0.1792,116.2,2.8924,-0.0754,4.6184,0.0127,96.23,1.345,-0.236,0.0,-0.5,0.974,1.7282,0.8032,180.615
25.82,-0.7746,-0.1792,116.2,2.8924,-0.0754,4.6184,0.0127,96.23,1.345,-0.236,0.0,-0.5,0.974,1.7282,0.8032,180.615
25.871,-0.7686,-0.1038,113.5,2.8937,0.0002,4.6184,0.0122,94.88,1.345,-0.236,0.0,-0.5,0.9742,1.7247,0.8004,180.615
25.922,-0.7686,-0.1038,113.5,2.8937,0.0002,4.6184,0.012,94.42,1.345,-0.236,0.0,-0.5,0.9742,1.7247,0.8004,180.615
25.973,-0.7597,-0.0246,110.81,2.8976,0.0798,4.6185,0.0118,93.97,1.345,-0.236,0.0,-0.5,0.9742,1.7222,0.7696,180.615
26.024,-0.7597,-0.0246,110.81,2.8976,0.0798,4.6185,0.0113,92.62,1.345,-0.236,0.0,-0.5,0.9744,1.7222,0.7696,180.615
26.075,-0.7597,-0.0246,110.81,2.8976,0.0798,4.6185,0.0108,91.26,1.345,-0.236,0.0,-0.5,0.9745,1.7223,0.7696,180.615
26.127,-0.7597,-0.0246,110.81,2.8976,0.0798,4.6185,0.0102,89.9,1.345,-0.236,0.0,-0.5,0.9745,1.7223,0.7696,179.609
26.178,-0.7277,0.1369,105.45,2.9195,0.2431,4.6185,0.0095,88.09,1.345,-0.236,0.0,-0.5,0.9746,1.715,0.8044,179.609
26.229,-0.7054,0.2179,102.77,2.9367,0.3253,4.6185,0.0091,87.19,1.345,-0.236,0.0,-0.5,0.9747,1.7113,0.8072,179.609
26.28,-0.7054,0.2179,102.77,2.9367,0.3253,4.6184,0.0084,85.38,1.345,-0.236,0.0,-0.5,0.9747,1.7113,0.8072,179.609
26.331,-0.6775,0.2964,100.06,2.9596,0.4053,4.6184,0.0083,84.93,1.345,-0.236,0.0,-0.5,0.9747,1.7057,0.8148,179.609
26.382,-0.6775,0.2964,100.06,2.9596,0.4053,4.6184,0.0081,84.48,1.345,-0.236,0.0,-0.5,0.9748,1.7057,0.8148,179.609
26.432,-0.6775,0.2964,100.06,2.9596,0.4053,4.6184,0.0081,84.48,1.345,-0.236,0.0,-0.5,0.9748,1.7057,0.8148,179.609
26.484,-0.6775,0.2964,100.06,2.9596,0.4053,4.6184,0.0075,83.12,1.345,-0.236,0.0,-0.5,0.9748,1.7058,0.8148,179.452
26.535,-0.6095,0.4459,94.66,3.0182,0.5588,4.6183,0.007,81.76,1.345,-0.236,0.0,-0.5,0.9748,1.6926,0.7944,179.452
26.585,-0.5685,0.5199,91.96,3.0544,0.6352,4.6183,0.007,81.76,1.345,-0.236,0.0,-0.5,0.9748,1.6853,0.7988,179.452
26.636,-0.5685,0.5199,91.96,3.0544,0.6352,4.6182,0.0065,80.41,1.345,-0.236,0.0,-0.5,0.9748,1.6854,0.7988,179.452
26.687,-0.5264,0.5972,89.27,3.0917,0.715,4.6181,0.0059,79.05,1.345,-0.236,0.0,-0.5,0.9748,1.6831,0.826,179.452
26.738,-0.5264,0.5972,89.27,3.0917,0.715,4.618,0.0054,77.7,1.345,-0.236,0.0,-0.5,0.9747,1.6832,0.826,179.452
26.789,-0.5264,0.5972,89.27,3.0917,0.715,4.6179,0.0049,76.34,1.345,-0.236,0.0,-0.5,0.9747,1.6833,0.826,179.452
26.841,-0.5264,0.5972,89.27,3.0917,0.715,4.6178,0.0044,74.98,1.345,-0.236,0.0,-0.5,0.9747,1.6834,0.826,179.452
26.893,-0.5264,0.5972,89.27,3.0917,0.715,4.6177,0.0042,74.53,1.345,-0.236,0.0,-0.5,0.9746,1.6834,0.826,179.452
26.944,-0.5264,0.5972,89.27,3.0917,0.715,4.6176,0.0038,73.63,1.345,-0.236,0.0,-0.5,0.9746,1.6835,0.826,178.702
26.995,-0.3849,0.8029,81.14,3.2201,0.9292,4.6175,0.0035,72.72,1.345,-0.236,0.0,-0.5,0.9745,1.6762,0.8096,178.702
27.046,-0.3287,0.8677,78.44,3.2721,0.9973,4.6175,0.0033,72.27,1.345,-0.236,0.0,-0.5,0.9745,1.6727,0.8124,178.702
27.097,-0.3287,0.8677,78.44,3.2721,0.9973,4.6173,0.0028,70.91,1.345,-0.236,0.0,-0.5,0.9744,1.6729,0.8124,178.702
27.148,-0.2669,0.9273,75.75,3.3301,1.0606,4.6171,0.0023,69.56,1.345,-0.236,0.0,-0.5,0.9743,1.6663,0.8152,178.702
27.199,-0.2669,0.9273,75.75,3.3301,1.0606,4.6169,0.0018,68.2,1.345,-0.236,0.0,-0.5,0.9742,1.6664,0.8152,178.702
27.249,-0.2669,0.9273,75.75,3.3301,1.0606,4.6168,0.0016,67.75,1.345,-0.236,0.0,-0.5,0.9742,1.6665,0.8152,178.702
27.3,-0.2669,0.9273,75.75,3.3301,1.0606,4.6167,0.0013,66.84,1.345,-0.236,0.0,-0.5,0.9741,1.6666,0.8152,178.702
27.35,-0.2669,0.9273,75.75,3.3301,1.0606,4.6165,0.0008,65.49,1.345,-0.236,0.0,-0.5,0.9739,1.6667,0.8152,178.702
27.401,-0.2669,0.9273,75.75,3.3301,1.0606,4.6163,0.0003,64.13,1.345,-0.236,0.0,-0.5,0.9738,1.6669,0.8152,178.702
27.452,-0.2669,0.9273,75.75,3.3301,1.0606,4.616,-0.0002,62.78,1.345,-0.236,0.0,-0.5,0.9736,1.667,0.8152,178.702
27.503,-0.2669,0.9273,75.75,3.3301,1.0606,4.6158,-0.0006,61.42,1.345,-0.236,0.0,-0.5,0.9735,1.6671,0.8152,178.702
27.554,-0.2669,0.9273,75.75,3.3301,1.0606,4.6155,-0.0011,60.06,1.345,-0.236,0.0,-0.5,0.9733,1.6672,0.8152,178.702
27.605,-0.2123,0.9907,73.02,3.3806,1.1273,4.6152,-0.0016,58.71,1.345,-0.236,0.0,-0.5,0.9731,1.6729,0.7936,178.702
27.656,-0.2123,0.9907,73.02,3.3806,1.1273,4.6149,-0.002,57.35,1.345,-0.236,0.0,-0.5,0.9729,1.673,0.7936,178.702
27.707,-0.2123,0.9907,73.02,3.3806,1.1273,4.6147,-0.0025,55.99,1.345,-0.236,0.0,-0.5,0.9726,1.6731,0.7936,178.702
27.758,-0.2123,0.9907,73.02,3.3806,1.1273,4.6143,-0.0029,54.64,1.345,-0.236,0.0,-0.5,0.9724,1.6732,0.7936,178.702
27.809,-0.2123,0.9907,73.02,3.3806,1.1273,4.614,-0.0034,53.28,1.345,-0.236,0.0,-0.5,0.9722,1.6732,0.7936,178.702
27.86,-0.2123,0.9907,73.02,3.3806,1.1273,4.6137,-0.0038,51.93,1.345,-0.236,0.0,-0.5,0.9719,1.6733,0.7936,177.589
27.911,-0.2123,0.9907,73.02,3.3806,1.1273,4.6134,-0.0042,50.57,1.345,-0.236,0.0,-0.5,0.9717,1.6733,0.7936,177.589
27.962,-0.2123,0.9907,73.02,3.3806,1.1273,4.613,-0.0046,49.21,1.345,-0.236,0.0,-0.5,0.9714,1.6734,0.7936,177.589
28.013,0.052,1.1927,62.23,3.6318,1.3454,4.6127,-0.005,47.86,1.345,-0.236,0.0,-0.5,0.9711,1.6691,0.8004,177.589
28.064,0.1245,1.2359,59.51,3.7015,1.3931,4.6123,-0.0054,46.5,1.345,-0.236,0.0,-0.5,0.9708,1.669,0.8008,177.589
28.115,0.1245,1.2359,59.51,3.7015,1.3931,4.6119,-0.0058,45.14,1.345,-0.236,0.0,-0.5,0.9705,1.6691,0.8008,177.589
28.166,0.196,1.2758,56.84,3.7704,1.4374,4.6115,-0.0062,43.79,1.345,-0.236,0.0,-0.5,0.9702,1.6708,0.8016,177.589
28.218,0.196,1.2758,56.84,3.7704,1.4374,4.6111,-0.0066,42.43,1.345,-0.236,0.0,-0.5,0.9698,1.6709,0.8016,177.589
28.268,0.196,1.2758,56.84,3.7704,1.4374,4.6107,-0.0069,41.08,1.345,-0.236,0.0,-0.5,0.9695,1.671,0.8016,177.589
28.32,0.196,1.2758,56.84,3.7704,1.4374,4.6103,-0.0073,39.72,1.345,-0.236,0.0,-0.5,0.9692,1.6711,0.8016,176.388
28.371,0.3474,1.3473,51.44,3.917,1.5181,4.6099,-0.0076,38.36,1.345,-0.236,0.0,-0.5,0.9688,1.6758,0.7856,176.388
28.421,0.3474,1.3473,51.44,3.917,1.5181,4.6098,-0.0077,37.91,1.345,-0.236,0.0,-0.5,0.9687,1.6758,0.7856,176.388
28.472,0.3474,1.3473,51.44,3.917,1.5181,4.6095,-0.008,37.01,1.345,-0.236,0.0,-0.5,0.9684,1.6759,0.7856,176.388
28.523,0.5057,1.391,46.04,4.0723,1.5716,4.6091,-0.0083,35.65,1.345,-0.236,0.0,-0.5,0.9681,1.6686,0.7912,176.388
28.575,0.5057,1.391,46.04,4.0723,1.5716,4.6086,-0.0086,34.29,1.345,-0.236,0.0,-0.5,0.9677,1.6688,0.7912,176.388
28.626,0.5853,1.4126,43.36,4.1504,1.5982,4.6082,-0.0089,32.94,1.345,-0.236,0.0,-0.5,0.9673,1.671,0.7864,176.388
28.677,0.5853,1.4126,43.36,4.1504,1.5982,4.6079,-0.0091,32.03,1.345,-0.236,0.0,-0.5,0.967,1.6711,0.7864,175.29
28.728,0.5853,1.4126,43.36,4.1504,1.5982,4.6079,-0.0091,32.03,1.345,-0.236,0.0,-0.5,0.967,1.6711,0.7864,175.29
28.779,0.7445,1.4462,37.96,4.3071,1.6416,4.6074,-0.0094,30.68,1.345,-0.236,0.0,-0.5,0.9666,1.6781,0.7944,175.29
28.83,0.7445,1.4462,37.96,4.3071,1.6416,4.6069,-0.0096,29.32,1.345,-0.236,0.0,-0.5,0.9662,1.6783,0.7944,175.29
28.881,0.8298,1.4541,35.26,4.3917,1.6548,4.6063,-0.01,27.51,1.345,-0.236,0.0,-0.5,0.9656,1.6786,0.804,175.29
28.932,0.8298,1.4541,35.26,4.3917,1.6548,4.606,-0.0101,26.61,1.345,-0.236,0.0,-0.5,0.9653,1.6787,0.804,175.29
28.984,0.8298,1.4541,35.26,4.3917,1.6548,4.6055,-0.0104,25.25,1.345,-0.236,0.0,-0.5,0.9649,1.6789,0.804,175.29
29.035,0.8298,1.4541,35.26,4.3917,1.6548,4.605,-0.0106,23.9,1.345,-0.236,0.0,-0.5,0.9645,1.679,0.804,175.29
29.086,0.8298,1.4541,35.26,4.3917,1.6548,4.6044,-0.0109,22.09,1.345,-0.236,0.0,-0.5,0.9639,1.6792,0.804,175.29
29.138,0.8298,1.4541,35.26,4.3917,1.6548,4.6039,-0.0111,20.73,1.345,-0.236,0.0,-0.5,0.9634,1.6794,0.804,175.29
29.189,0.999,1.4618,29.86,4.5602,1.6731,4.6035,-0.0112,19.83,1.345,-0.236,0.0,-0.5,0.9631,1.6849,0.8012,175.29
29.24,0.999,1.4618,29.86,4.5602,1.6731,4.603,-0.0114,18.47,1.345,-0.236,0.0,-0.5,0.9626,1.6851,0.8012,175.29
29.291,0.999,1.4618,29.86,4.5602,1.6731,4.6025,-0.0116,17.11,1.345,-0.236,0.0,-0.5,0.9621,1.6852,0.8012,174.584
29.342,1.0809,1.4588,27.15,4.6421,1.6752,4.6018,-0.0118,15.3,1.345,-0.236,0.0,-0.5,0.9615,1.6874,0.812,174.584
29.394,1.1608,1.4631,24.48,4.7216,1.6845,4.6013,-0.0119,13.95,1.345,-0.236,0.0,-0.5,0.961,1.7006,0.3076,174.584
29.445,1.2453,1.4379,21.77,4.8074,1.6646,4.6008,-0.012,12.59,1.345,-0.236,0.0,-0.5,0.9605,1.6893,0.8308,174.584
29.496,1.2453,1.4379,21.77,4.8074,1.6646,4.6008,-0.012,12.59,1.345,-0.236,0.0,-0.5,0.9605,1.6893,0.8308,174.584
29.548,1.3298,1.4234,19.05,4.8927,1.6554,4.6004,-0.0121,11.69,1.345,-0.236,0.0,-0.5,0.9602,1.6929,0.7956,174.584
29.599,1.3298,1.4234,19.05,4.8927,1.6554,4.5999,-0.0122,10.33,1.345,-0.236,0.0,-0.5,0.9597,1.6931,0.7956,174.584
29.65,1.404,1.4029,16.35,4.9681,1.6396,4.5993,-0.0123,8.98,1.345,-0.236,0.0,-0.5,0.9592,1.6925,0.7932,174.584
29.702,1.404,1.4029,16.35,4.9681,1.6396,4.5986,-0.0124,7.17,1.345,-0.236,0.0,-0.5,0.9585,1.6928,0.7932,174.584
29.753,1.485,1.3831,13.66,5.0501,1.6248,4.5981,-0.0125,5.81,1.345,-0.236,0.0,-0.5,0.958,1.6985,0.7936,175.023
29.804,1.485,1.3831,13.66,5.0501,1.6248,4.5976,-0.0125,4.45,1.345,-0.236,0.0,-0.5,0.9574,1.6987,0.7936,175.023
29.855,1.485,1.3831,13.66,5.0501,1.6248,4.5972,-0.0125,3.55,1.345,-0.236,0.0,-0.5,0.9571,1.6988,0.7936,175.023
29.906,1.485,1.3831,13.66,5.0501,1.6248,4.5965,-0.0126,1.74,1.345,-0.236,0.0,-0.5,0.9564,1.6991,0.7936,175.023
29.957,1.485,1.3831,13.66,5.0501,1.6248,4.5959,-0.0126,0.38,1.345,-0.236,0.0,-0.5,0.9559,1.6992,0.7936,175.023
30.008,1.485,1.3831,13.66,5.0501,1.6248,4.5954,-0.0126,-0.97,1.345,-0.236,0.0,-0.5,0.9553,1.6994,0.7936,175.023
30.059,1.485,1.3831,13.66,5.0501,1.6248,4.5949,-0.0126,-2.33,1.345,-0.236,0.0,-0.5,0.9548,1.6995,0.7936,175.023
30.11,1.5652,1.357,10.93,5.1318,1.6038,4.5945,-0.0125,-3.23,1.345,-0.236,0.0,-0.5,0.9544,1.7033,0.7684,175.023
30.162,1.5652,1.357,10.93,5.1318,1.6038,4.5938,-0.0125,-5.04,1.345,-0.236,0.0,-0.5,0.9537,1.7035,0.7684,175.023
30.213,1.5652,1.357,10.93,5.1318,1.6038,4.5934,-0.0125,-5.94,1.345,-0.236,0.0,-0.5,0.9534,1.7036,0.7684,175.023
30.264,1.5652,1.357,10.93,5.1318,1.6038,4.5929,-0.0124,-7.3,1.345,-0.236,0.0,-0.5,0.9528,1.7037,0.7684,175.023
30.315,1.7218,1.2979,5.54,5.2918,1.5546,4.5924,-0.0123,-8.66,1.345,-0.236,0.0,-0.5,0.9523,1.7159,0.8052,175.023
30.367,1.7218,1.2979,5.54,5.2918,1.5546,4.5918,-0.0122,-10.01,1.345,-0.236,0.0,-0.5,0.9518,1.7161,0.8052,175.023
30.421,1.7919,1.2557,2.82,5.3644,1.5169,4.5913,-0.0121,-11.37,1.345,-0.236,0.0,-0.5,0.9512,1.7134,0.766,175.023
30.471,1.8658,1.2196,0.12,5.4404,1.4854,4.591,-0.0121,-12.27,1.345,-0.236,0.0,-0.5,0.9509,1.7216,0.7936,175.023
30.522,1.8658,1.2196,0.12,5.4404,1.4854,4.5908,-0.012,-12.73,1.345,-0.236,0.0,-0.5,0.9507,1.7217,0.7936,175.974
30.573,1.9353,1.1801,-2.57,5.5122,1.4504,4.5903,-0.0119,-14.08,1.345,-0.236,0.0,-0.5,0.9501,1.7287,0.778,175.974
30.625,1.9353,1.1801,-2.57,5.5122,1.4504,4.5896,-0.0117,-15.89,1.345,-0.236,0.0,-0.5,0.9494,1.7289,0.778,175.974
30.676,2.0025,1.1291,-5.3,5.5824,1.4037,4.5894,-0.0117,-16.34,1.345,-0.236,0.0,-0.5,0.9493,1.729,0.7808,175.974
30.727,2.0025,1.1291,-5.3,5.5824,1.4037,4.5892,-0.0116,-16.79,1.345,-0.236,0.0,-0.5,0.9491,1.729,0.7808,175.974
30.778,2.0025,1.1291,-5.3,5.5824,1.4037,4.5887,-0.0115,-18.15,1.345,-0.236,0.0,-0.5,0.9485,1.7292,0.7808,175.974
30.828,2.0025,1.1291,-5.3,5.5824,1.4037,4.5885,-0.0114,-18.6,1.345,-0.236,0.0,-0.5,0.9484,1.7292,0.7808,175.974
30.88,2.0025,1.1291,-5.3,5.5824,1.4037,4.5882,-0.0113,-19.51,1.345,-0.236,0.0,-0.5,0.948,1.7293,0.7808,175.974
30.931,2.0025,1.1291,-5.3,5.5824,1.4037,4.5877,-0.0111,-20.86,1.345,-0.236,0.0,-0.5,0.9475,1.7295,0.7808,175.974
30.982,2.0025,1.1291,-5.3,5.5824,1.4037,4.5872,-0.0109,-22.22,1.345,-0.236,0.0,-0.5,0.9469,1.7296,0.7808,175.974
31.033,2.0025,1.1291,-5.3,5.5824,1.4037,4.5867,-0.0107,-23.58,1.345,-0.236,0.0,-0.5,0.9464,1.7297,0.7808,175.974
31.084,2.0025,1.1291,-5.3,5.5824,1.4037,4.5862,-0.0105,-24.93,1.345,-0.236,0.0,-0.5,0.9459,1.7298,0.7808,175.974
31.135,2.0025,1.1291,-5.3,5.5824,1.4037,4.5857,-0.0102,-26.29,1.345,-0.236,0.0,-0.5,0.9454,1.7299,0.7808,175.974
31.186,2.0025,1.1291,-5.3,5.5824,1.4037,4.5852,-0.01,-27.65,1.345,-0.236,0.0,-0.5,0.9449,1.73,0.7808,175.974
31.236,2.0025,1.1291,-5.3,5.5824,1.4037,4.5851,-0.0099,-28.1,1.345,-0.236,0.0,-0.5,0.9447,1.73,0.7808,175.974
31.287,2.0025,1.1291,-5.3,5.5824,1.4037,4.5848,-0.0097,-29.0,1.345,-0.236,0.0,-0.5,0.9444,1.7301,0.7808,175.974
31.338,2.073,1.0789,-8.03,5.6559,1.358,4.5843,-0.0095,-30.36,1.345,-0.236,0.0,-0.5,0.9438,1.7374,0.7844,175.974
31.389,2.1333,1.033,-10.71,5.719,1.3159,4.584,-0.0093,-31.26,1.345,-0.236,0.0,-0.5,0.9435,1.7449,0.7928,175.974
31.439,2.1333,1.033,-10.71,5.719,1.3159,4.5838,-0.0092,-31.71,1.345,-0.236,0.0,-0.5,0.9433,1.7449,0.7928,175.974
31.491,2.194,0.9772,-13.44,5.7831,1.264,4.5834,-0.0089,-33.07,1.345,-0.236,0.0,-0.5,0.9428,1.7492,0.7808,176.188
31.541,2.194,0.9772,-13.44,5.7831,1.264,4.5829,-0.0086,-34.43,1.345,-0.236,0.0,-0.5,0.9423,1.7493,0.7808,176.188
31.592,2.2523,0.9177,-16.12,5.845,1.2083,4.5825,-0.0083,-35.78,1.345,-0.236,0.0,-0.5,0.9419,1.7533,0.8008,176.188
31.643,2.2523,0.9177,-16.12,5.845,1.2083,4.5823,-0.0082,-36.24,1.345,-0.236,0.0,-0.5,0.9417,1.7533,0.8008,176.188
31.694,2.3122,0.8575,-18.85,5.9085,1.1519,4.582,-0.008,-37.14,1.345,-0.236,0.0,-0.5,0.9414,1.7621,0.7976,176.188
31.745,2.3608,0.7937,-21.53,5.961,1.0913,4.5816,-0.0077,-38.5,1.345,-0.236,0.0,-0.5,0.9409,1.7636,0.7544,176.188
31.796,2.3608,0.7937,-21.53,5.961,1.0913,4.5812,-0.0073,-39.85,1.345,-0.236,0.0,-0.5,0.9404,1.7637,0.7544,176.188
31.847,2.4127,0.7282,-24.24,6.0169,1.0291,4.5808,-0.007,-41.21,1.345,-0.236,0.0,-0.5,0.94,1.7708,0.76,176.188
31.898,2.4127,0.7282,-24.24,6.0169,1.0291,4.5804,-0.0066,-42.56,1.345,-0.236,0.0,-0.5,0.9395,1.7709,0.76,176.188
31.949,2.4127,0.7282,-24.24,6.0169,1.0291,4.58,-0.0062,-43.92,1.345,-0.236,0.0,-0.5,0.9391,1.771,0.76,177.038
32.0,2.4127,0.7282,-24.24,6.0169,1.0291,4.5796,-0.0059,-45.28,1.345,-0.236,0.0,-0.5,0.9386,1.7711,0.76,177.038
32.051,2.5034,0.5904,-29.65,6.116,0.8973,4.5792,-0.0055,-46.63,1.345,-0.236,0.0,-0.5,0.9382,1.7823,0.7436,177.038
32.102,2.5034,0.5904,-29.65,6.116,0.8973,4.5789,-0.0051,-47.99,1.345,-0.236,0.0,-0.5,0.9377,1.7825,0.7436,177.038
32.153,2.5424,0.5213,-32.37,6.1592,0.8307,4.5785,-0.0047,-49.35,1.345,-0.236,0.0,-0.5,0.9373,1.7879,0.7456,177.038
32.205,2.5857,0.4437,-35.07,6.2073,0.756,4.5781,-0.0043,-50.7,1.345,-0.236,0.0,-0.5,0.9369,1.7978,0.7436,177.038
32.256,2.5857,0.4437,-35.07,6.2073,0.756,4.5778,-0.0038,-52.06,1.345,-0.236,0.0,-0.5,0.9365,1.798,0.7436,177.038
32.307,2.5857,0.4437,-35.07,6.2073,0.756,4.5775,-0.0034,-53.41,1.345,-0.236,0.0,-0.5,0.9361,1.7981,0.7436,177.038
32.358,2.5857,0.4437,-35.07,6.2073,0.756,4.5772,-0.003,-54.77,1.345,-0.236,0.0,-0.5,0.9357,1.7982,0.7436,177.038
32.409,2.6469,0.2973,-40.51,6.2775,0.6137,4.5769,-0.0025,-56.13,1.345,-0.236,0.0,-0.5,0.9354,1.8089,0.7404,177.038
32.46,2.6469,0.2973,-40.51,6.2775,0.6137,4.5766,-0.0021,-57.48,1.345,-0.236,0.0,-0.5,0.935,1.809,0.7404,177.038
32.51,2.6469,0.2973,-40.51,6.2775,0.6137,4.5763,-0.0016,-58.84,1.345,-0.236,0.0,-0.5,0.9346,1.8091,0.7404,177.038
32.561,2.6469,0.2973,-40.51,6.2775,0.6137,4.576,-0.0012,-60.2,1.345,-0.236,0.0,-0.5,0.9343,1.8092,0.7404,178.085
32.612,2.6469,0.2973,-40.51,6.2775,0.6137,4.5757,-0.0007,-61.55,1.345,-0.236,0.0,-0.5,0.9339,1.8093,0.7404,178.085
32.663,2.6469,0.2973,-40.51,6.2775,0.6137,4.5755,-0.0002,-62.91,1.345,-0.236,0.0,-0.5,0.9336,1.8094,0.7404,178.085
32.714,2.6469,0.2973,-40.51,6.2775,0.6137,4.5752,0.0003,-64.26,1.345,-0.236,0.0,-0.5,0.9333,1.8094,0.7404,178.085
32.765,2.6469,0.2973,-40.51,6.2775,0.6137,4.575,0.0008,-65.62,1.345,-0.236,0.0,-0.5,0.933,1.8095,0.7404,178.085
32.816,2.6469,0.2973,-40.51,6.2775,0.6137,4.5748,0.0012,-66.98,1.345,-0.236,0.0,-0.5,0.9327,1.8095,0.7404,178.085
32.868,2.7375,-0.1059,-54.1,6.3931,0.2169,4.5746,0.0017,-68.33,1.345,-0.236,0.0,-0.5,0.9324,1.8312,0.696,178.085
32.919,2.7585,-0.1576,-56.89,6.4173,0.1667,4.5744,0.0022,-69.69,1.345,-0.236,0.0,-0.5,0.9322,1.8502,0.5148,179.117
32.97,2.7585,-0.1576,-56.89,6.4173,0.1667,4.5742,0.0028,-71.04,1.345,-0.236,0.0,-0.5,0.9319,1.8504,0.5148,179.117
33.021,2.7633,-0.2388,-59.57,6.4271,0.0859,4.574,0.0033,-72.4,1.345,-0.236,0.0,-0.5,0.9316,1.8549,0.4944,179.117
33.073,2.7633,-0.2388,-59.57,6.4271,0.0859,4.5739,0.0038,-73.76,1.345,-0.236,0.0,-0.5,0.9314,1.855,0.4944,179.117
33.124,2.7633,-0.2388,-59.57,6.4271,0.0859,4.5737,0.0043,-75.11,1.345,-0.236,0.0,-0.5,0.9312,1.8551,0.4944,179.117
33.175,2.7511,-0.4028,-65.08,6.4252,-0.0785,4.5736,0.0048,-76.47,1.345,-0.236,0.0,-0.5,0.931,1.8534,0.4436,179.117
33.226,2.7511,-0.4028,-65.08,6.4252,-0.0785,4.5735,0.0052,-77.37,1.345,-0.236,0.0,-0.5,0.9308,1.8535,0.4436,179.117
33.277,2.7317,-0.5077,-67.85,6.4124,-0.1844,4.5734,0.0059,-79.18,1.345,-0.236,0.0,-0.5,0.9306,1.8488,0.3768,179.123
33.328,2.7317,-0.5077,-67.85,6.4124,-0.1844,4.5733,0.0064,-80.54,1.345,-0.236,0.0,-0.5,0.9304,1.8489,0.3768,179.123
33.381,2.7317,-0.5077,-67.85,6.4124,-0.1844,4.5732,0.0069,-81.9,1.345,-0.236,0.0,-0.5,0.9302,1.8491,0.3768,179.123
33.432,2.6913,-0.6073,-72.14,6.3783,-0.2864,4.5731,0.0073,-82.8,1.345,-0.236,0.0,-0.5,0.9301,1.8289,0.5696,179.123
33.484,2.6913,-0.6073,-72.14,6.3783,-0.2864,4.5731,0.008,-84.61,1.345,-0.236,0.0,-0.5,0.9299,1.8291,0.5696,179.123
33.535,2.6913,-0.6073,-72.14,6.3783,-0.2864,4.573,0.0085,-85.97,1.345,-0.236,0.0,-0.5,0.9298,1.8292,0.5696,179.123
33.586,2.6913,-0.6073,-72.14,6.3783,-0.2864,4.573,0.0091,-87.32,1.345,-0.236,0.0,-0.5,0.9297,1.8293,0.5696,179.123
33.637,2.6913,-0.6073,-72.14,6.3783,-0.2864,4.573,0.0096,-88.68,1.345,-0.236,0.0,-0.5,0.9296,1.8294,0.5696,179.123
33.688,2.6913,-0.6073,-72.14,6.3783,-0.2864,4.573,0.0098,-89.13,1.345,-0.236,0.0,-0.5,0.9296,1.8294,0.5696,180.615
33.74,2.6913,-0.6073,-72.14,6.3783,-0.2864,4.573,0.01,-89.58,1.345,-0.236,0.0,-0.5,0.9295,1.8295,0.5696,180.615
33.794,2.5847,-0.9249,-82.91,6.2917,-0.61,4.573,0.0107,-91.39,1.345,-0.236,0.0,-0.5,0.9294,1.8274,0.4892,180.615
33.845,2.5561,-0.9969,-85.66,6.2677,-0.6836,4.573,0.0112,-92.75,1.345,-0.236,0.0,-0.5,0.9294,1.8316,0.6936,180.615
33.897,2.5561,-0.9969,-85.66,6.2677,-0.6836,4.573,0.0118,-94.1,1.345,-0.236,0.0,-0.5,0.9293,1.8318,0.6936,180.615
33.947,2.5561,-0.9969,-85.66,6.2677,-0.6836,4.5731,0.0123,-95.46,1.345,-0.236,0.0,-0.5,0.9293,1.8319,0.6936,180.615
33.998,2.4897,-1.1467,-91.05,6.2107,-0.8373,4.5731,0.0125,-95.91,1.345,-0.236,0.0,-0.5,0.9293,1.845,0.7624,180.615
34.049,2.4897,-1.1467,-91.05,6.2107,-0.8373,4.5731,0.0128,-96.82,1.345,-0.236,0.0,-0.5,0.9292,1.8451,0.7624,180.615
34.1,2.4499,-1.2138,-93.75,6.1752,-0.9067,4.5732,0.0134,-98.17,1.345,-0.236,0.0,-0.5,0.9292,1.8474,0.7728,180.615
34.151,2.4499,-1.2138,-93.75,6.1752,-0.9067,4.5732,0.0137,-99.08,1.345,-0.236,0.0,-0.5,0.9292,1.8476,0.7728,181.556
34.205,2.3967,-1.2896,-96.46,6.1268,-0.9857,4.5734,0.0144,-100.89,1.345,-0.236,0.0,-0.5,0.9293,1.8475,0.7372,181.556
34.257,2.3967,-1.2896,-96.46,6.1268,-0.9857,4.5735,0.015,-102.24,1.345,-0.236,0.0,-0.5,0.9293,1.8477,0.7372,181.556
34.308,2.3967,-1.2896,-96.46,6.1268,-0.9857,4.5736,0.0155,-103.6,1.345,-0.236,0.0,-0.5,0.9293,1.8479,0.7372,181.556
34.359,2.2953,-1.4203,-101.88,6.0338,-1.1225,4.5737,0.016,-104.96,1.345,-0.236,0.0,-0.5,0.9294,1.8515,0.774,181.556
34.41,2.2953,-1.4203,-101.88,6.0338,-1.1225,4.5739,0.0165,-106.31,1.345,-0.236,0.0,-0.5,0.9294,1.8517,0.774,181.556
34.461,2.2953,-1.4203,-101.88,6.0338,-1.1225,4.574,0.0171,-107.67,1.345,-0.236,0.0,-0.5,0.9295,1.8519,0.774,181.556
34.513,2.2953,-1.4203,-101.88,6.0338,-1.1225,4.5741,0.0174,-108.57,1.345,-0.236,0.0,-0.5,0.9296,1.852,0.774,181.556
34.565,2.1799,-1.536,-107.3,5.9258,-1.2452,4.5743,0.0179,-109.93,1.345,-0.236,0.0,-0.5,0.9297,1.8499,0.788,181.556
34.616,2.1187,-1.6006,-110.02,5.8688,-1.3135,4.5746,0.0186,-111.74,1.345,-0.236,0.0,-0.5,0.9298,1.8572,0.3416,181.556
34.667,2.1187,-1.6006,-110.02,5.8688,-1.3135,4.5748,0.0191,-113.09,1.345,-0.236,0.0,-0.5,0.93,1.8575,0.3416,182.941
34.718,2.1187,-1.6006,-110.02,5.8688,-1.3135,4.575,0.0196,-114.45,1.345,-0.236,0.0,-0.5,0.9301,1.8577,0.3416,182.941
34.769,2.1187,-1.6006,-110.02,5.8688,-1.3135,4.5752,0.0201,-115.81,1.345,-0.236,0.0,-0.5,0.9303,1.8579,0.3416,182.941
34.82,2.1187,-1.6006,-110.02,5.8688,-1.3135,4.5754,0.0205,-117.16,1.345,-0.236,0.0,-0.5,0.9304,1.858,0.3416,182.941
34.871,2.1187,-1.6006,-110.02,5.8688,-1.3135,4.5757,0.021,-118.52,1.345,-0.236,0.0,-0.5,0.9306,1.8582,0.3416,182.941
34.923,2.1187,-1.6006,-110.02,5.8688,-1.3135,4.576,0.0215,-119.87,1.345,-0.236,0.0,-0.5,0.9308,1.8584,0.3416,182.941
34.974,2.1187,-1.6006,-110.02,5.8688,-1.3135,4.5762,0.022,-121.23,1.345,-0.236,0.0,-0.5,0.931,1.8585,0.3416,182.941
35.025,2.1187,-1.6006,-110.02,5.8688,-1.3135,4.5765,0.0224,-122.59,1.345,-0.236,0.0,-0.5,0.9312,1.8586,0.3416,182.941
35.076,2.1187,-1.6006,-110.02,5.8688,-1.3135,4.5768,0.0229,-123.94,1.345,-0.236,0.0,-0.5,0.9315,1.8588,0.3416,182.941
35.127,2.0584,-1.6506,-112.71,5.8117,-1.3671,4.5771,0.0233,-125.3,1.345,-0.236,0.0,-0.5,0.9317,1.8595,0.7708,182.941
35.178,2.0584,-1.6506,-112.71,5.8117,-1.3671,4.5774,0.0238,-126.65,1.345,-0.236,0.0,-0.5,0.932,1.8596,0.7708,182.941
35.229,1.9906,-1.6943,-115.41,5.7468,-1.415,4.5778,0.0242,-128.01,1.345,-0.236,0.0,-0.5,0.9322,1.8542,0.7772,182.941
35.281,1.9199,-1.7424,-118.1,5.6792,-1.4674,4.5781,0.0246,-129.37,1.345,-0.236,0.0,-0.5,0.9325,1.8544,0.708,182.941
35.332,1.9199,-1.7424,-118.1,5.6792,-1.4674,4.5784,0.025,-130.72,1.345,-0.236,0.0,-0.5,0.9328,1.8545,0.708,182.941
35.383,1.8509,-1.7763,-120.82,5.6124,-1.5055,4.5788,0.0254,-132.08,1.345,-0.236,0.0,-0.5,0.9331,1.8472,0.728,182.941
35.434,1.8509,-1.7763,-120.82,5.6124,-1.5055,4.5792,0.0258,-133.44,1.345,-0.236,0.0,-0.5,0.9334,1.8473,0.728,182.941
35.486,1.8509,-1.7763,-120.82,5.6124,-1.5055,4.5795,0.0262,-134.79,1.345,-0.236,0.0,-0.5,0.9337,1.8474,0.728,184.301
35.537,1.8509,-1.7763,-120.82,5.6124,-1.5055,4.5799,0.0266,-136.15,1.345,-0.236,0.0,-0.5,0.934,1.8475,0.728,184.301
35.588,1.7093,-1.8508,-126.19,5.4758,-1.5887,4.5803,0.027,-137.5,1.345,-0.236,0.0,-0.5,0.9344,1.8472,0.7576,184.301
35.64,1.7093,-1.8508,-126.19,5.4758,-1.5887,4.5807,0.0273,-138.86,1.345,-0.236,0.0,-0.5,0.9347,1.8473,0.7576,184.301
35.691,1.6407,-1.8977,-128.86,5.4102,-1.6399,4.5811,0.0277,-140.22,1.345,-0.236,0.0,-0.5,0.9351,1.8623,0.5036,184.301
35.743,1.5555,-1.9235,-131.55,5.3268,-1.6709,4.5815,0.028,-141.57,1.345,-0.236,0.0,-0.5,0.9355,1.8551,0.4488,184.301
35.794,1.5555,-1.9235,-131.55,5.3268,-1.6709,4.582,0.0283,-142.93,1.345,-0.236,0.0,-0.5,0.9358,1.8553,0.4488,184.301
35.845,1.4794,-1.9495,-134.25,5.2525,-1.7016,4.5824,0.0287,-144.29,1.345,-0.236,0.0,-0.5,0.9362,1.8555,0.4684,184.301
35.896,1.4794,-1.9495,-134.25,5.2525,-1.7016,4.5828,0.029,-145.64,1.345,-0.236,0.0,-0.5,0.9366,1.8556,0.4684,185.016
35.947,1.4002,-1.9741,-136.89,5.1749,-1.731,4.5833,0.0293,-147.0,1.345,-0.236,0.0,-0.5,0.937,1.8571,0.5776,185.016
35.998,1.3212,-1.9908,-139.6,5.0972,-1.7526,4.5837,0.0296,-148.36,1.345,-0.236,0.0,-0.5,0.9374,1.8547,0.58,185.016
36.049,1.3212,-1.9908,-139.6,5.0972,-1.7526,4.5842,0.0298,-149.71,1.345,-0.236,0.0,-0.5,0.9379,1.8548,0.58,185.016
36.101,1.3212,-1.9908,-139.6,5.0972,-1.7526,4.5847,0.0301,-151.07,1.345,-0.236,0.0,-0.5,0.9383,1.855,0.58,185.016
36.152,1.2404,-1.9955,-142.28,5.0169,-1.7624,4.5852,0.0304,-152.42,1.345,-0.236,0.0,-0.5,0.9387,1.844,0.5876,185.016
36.203,1.2404,-1.9955,-142.28,5.0169,-1.7624,4.5856,0.0306,-153.78,1.345,-0.236,0.0,-0.5,0.9392,1.8442,0.5876,185.016
36.254,1.2404,-1.9955,-142.28,5.0169,-1.7624,4.5861,0.0308,-155.14,1.345,-0.236,0.0,-0.5,0.9396,1.8443,0.5876,185.016
36.305,1.0754,-2.0216,-147.67,4.8538,-1.7987,4.5866,0.0311,-156.49,1.345,-0.236,0.0,-0.5,0.9401,1.8492,0.6884,185.016
36.356,1.0754,-2.0216,-147.67,4.8538,-1.7987,4.5871,0.0313,-157.85,1.345,-0.236,0.0,-0.5,0.9405,1.8493,0.6884,185.12
36.407,1.0754,-2.0216,-147.67,4.8538,-1.7987,4.5876,0.0315,-159.21,1.345,-0.236,0.0,-0.5,0.941,1.8495,0.6884,185.12
36.458,1.0754,-2.0216,-147.67,4.8538,-1.7987,4.5881,0.0317,-160.56,1.345,-0.236,0.0,-0.5,0.9415,1.8496,0.6884,185.12
36.509,1.0754,-2.0216,-147.67,4.8538,-1.7987,4.5886,0.0318,-161.92,1.345,-0.236,0.0,-0.5,0.942,1.8497,0.6884,185.12
36.56,0.8184,-2.0128,-155.75,4.5967,-1.806,4.5891,0.032,-163.28,1.345,-0.236,0.0,-0.5,0.9425,1.8381,0.714,185.12
36.611,0.8184,-2.0128,-155.75,4.5967,-1.806,4.5897,0.0321,-164.63,1.345,-0.236,0.0,-0.5,0.943,1.8382,0.714,185.12
36.662,0.8184,-2.0128,-155.75,4.5967,-1.806,4.5902,0.0323,-165.99,1.345,-0.236,0.0,-0.5,0.9435,1.8383,0.714,185.12
36.713,0.8184,-2.0128,-155.75,4.5967,-1.806,4.5907,0.0324,-167.34,1.345,-0.236,0.0,-0.5,0.944,1.8385,0.714,185.12
36.763,0.8184,-2.0128,-155.75,4.5967,-1.806,4.5912,0.0325,-168.7,1.345,-0.236,0.0,-0.5,0.9445,1.8386,0.714,185.12
36.814,0.8184,-2.0128,-155.75,4.5967,-1.806,4.5918,0.0326,-170.06,1.345,-0.236,0.0,-0.5,0.945,1.8387,0.714,185.12
36.865,0.8184,-2.0128,-155.75,4.5967,-1.806,4.5923,0.0327,-171.41,1.345,-0.236,0.0,-0.5,0.9455,1.8388,0.714,185.12
36.916,0.8184,-2.0128,-155.75,4.5967,-1.806,4.5928,0.0328,-172.77,1.345,-0.236,0.0,-0.5,0.946,1.8388,0.714,185.12
36.967,0.6492,-1.9792,-161.15,4.4258,-1.783,4.5934,0.0329,-174.13,1.345,-0.236,0.0,-0.5,0.9465,1.8236,0.7556,185.12
37.019,0.6492,-1.9792,-161.15,4.4258,-1.783,4.5939,0.0329,-175.48,1.345,-0.236,0.0,-0.5,0.9471,1.8237,0.7556,185.12
37.07,0.6492,-1.9792,-161.15,4.4258,-1.783,4.5944,0.0329,-176.84,1.345,-0.236,0.0,-0.5,0.9476,1.8238,0.7556,185.12
37.121,0.5664,-1.9669,-163.85,4.3424,-1.7759,4.595,0.033,-178.19,1.345,-0.236,0.0,-0.5,0.9481,1.8264,0.7452,185.12
37.172,0.4823,-1.9518,-166.57,4.2575,-1.7661,4.5955,0.033,-179.55,1.345,-0.236,0.0,-0.5,0.9487,1.8306,0.7168,184.911
37.223,0.4105,-1.9232,-169.24,4.184,-1.742,4.596,0.033,179.09,1.345,-0.236,0.0,-0.5,0.9492,1.8222,0.714,184.911
37.274,0.4105,-1.9232,-169.24,4.184,-1.742,4.5966,0.033,177.74,1.345,-0.236,0.0,-0.5,0.9497,1.8223,0.714,184.911
37.327,0.3243,-1.8861,-171.95,4.0956,-1.7104,4.5971,0.0329,176.38,1.345,-0.236,0.0,-0.5,0.9503,1.814,0.7672,184.911
37.378,0.3243,-1.8861,-171.95,4.0956,-1.7104,4.5977,0.0329,175.02,1.345,-0.236,0.0,-0.5,0.9508,1.8141,0.7672,184.911
37.429,0.2451,-1.8555,-174.65,4.0148,-1.6847,4.5982,0.0328,173.67,1.345,-0.236,0.0,-0.5,0.9513,1.814,0.724,184.911
37.48,0.2451,-1.8555,-174.65,4.0148,-1.6847,4.5987,0.0328,172.31,1.345,-0.236,0.0,-0.5,0.9519,1.8141,0.724,184.911
37.53,0.2451,-1.8555,-174.65,4.0148,-1.6847,4.5993,0.0327,170.95,1.345,-0.236,0.0,-0.5,0.9524,1.8142,0.724,184.911
37.581,0.2451,-1.8555,-174.65,4.0148,-1.6847,4.5998,0.0326,169.6,1.345,-0.236,0.0,-0.5,0.953,1.8143,0.724,184.911
37.632,0.2451,-1.8555,-174.65,4.0148,-1.6847,4.6003,0.0325,168.24,1.345,-0.236,0.0,-0.5,0.9535,1.8143,0.724,184.911
37.682,0.2451,-1.8555,-174.65,4.0148,-1.6847,4.6008,0.0324,166.89,1.345,-0.236,0.0,-0.5,0.954,1.8144,0.724,184.911
37.733,0.2451,-1.8555,-174.65,4.0148,-1.6847,4.6014,0.0323,165.53,1.345,-0.236,0.0,-0.5,0.9546,1.8145,0.724,184.911
37.784,0.2451,-1.8555,-174.65,4.0148,-1.6847,4.6019,0.0321,164.17,1.345,-0.236,0.0,-0.5,0.9551,1.8145,0.724,184.911
37.835,0.2451,-1.8555,-174.65,4.0148,-1.6847,4.6024,0.032,162.82,1.345,-0.236,0.0,-0.5,0.9556,1.8145,0.724,184.911
37.886,0.2451,-1.8555,-174.65,4.0148,-1.6847,4.6029,0.0318,161.46,1.345,-0.236,0.0,-0.5,0.9562,1.8145,0.724,184.281
37.937,0.1708,-1.8196,-177.35,3.9383,-1.6536,4.6034,0.0316,160.1,1.345,-0.236,0.0,-0.5,0.9567,1.8118,0.7268,184.281
37.989,0.0972,-1.7738,179.97,3.862,-1.6125,4.6039,0.0314,158.75,1.345,-0.236,0.0,-0.5,0.9572,1.8036,0.7104,184.281
38.04,0.0972,-1.7738,179.97,3.862,-1.6125,4.6044,0.0312,157.39,1.345,-0.236,0.0,-0.5,0.9577,1.8036,0.7104,184.281
38.091,0.0311,-1.7447,177.29,3.7942,-1.5875,4.6049,0.031,156.03,1.345,-0.236,0.0,-0.5,0.9583,1.8102,0.7096,184.281
38.142,0.0311,-1.7447,177.29,3.7942,-1.5875,4.6054,0.0308,154.68,1.345,-0.236,0.0,-0.5,0.9588,1.8103,0.7096,184.281
38.193,-0.0349,-1.6854,174.6,3.7247,-1.5325,4.6059,0.0306,153.32,1.345,-0.236,0.0,-0.5,0.9593,1.7944,0.7168,184.281
38.244,-0.0349,-1.6854,174.6,3.7247,-1.5325,4.6064,0.0303,151.97,1.345,-0.236,0.0,-0.5,0.9598,1.7944,0.7168,184.281
38.295,-0.1027,-1.6384,171.93,3.654,-1.4898,4.6066,0.0302,151.51,1.345,-0.236,0.0,-0.5,0.96,1.7938,0.6536,184.281
38.346,-0.1027,-1.6384,171.93,3.654,-1.4898,4.6069,0.0301,150.61,1.345,-0.236,0.0,-0.5,0.9603,1.7938,0.6536,183.999
38.397,-0.1731,-1.5999,169.25,3.5814,-1.4558,4.6073,0.0298,149.25,1.345,-0.236,0.0,-0.5,0.9608,1.8054,0.6212,183.999
38.448,-0.2252,-1.5422,166.56,3.5258,-1.4014,4.6078,0.0295,147.9,1.345,-0.236,0.0,-0.5,0.9613,1.794,0.6308,183.999
38.5,-0.2252,-1.5422,166.56,3.5258,-1.4014,4.6083,0.0292,146.54,1.345,-0.236,0.0,-0.5,0.9618,1.794,0.6308,183.999
38.551,-0.3068,-1.5107,164.07,3.4424,-1.3751,4.6087,0.0289,145.18,1.345,-0.236,0.0,-0.5,0.9623,1.8252,0.7336,183.999
38.602,-0.3068,-1.5107,164.07,3.4424,-1.3751,4.6091,0.0286,143.83,1.345,-0.236,0.0,-0.5,0.9627,1.8253,0.7336,183.999
38.653,-0.3639,-1.4485,161.35,3.3815,-1.3165,4.6096,0.0283,142.47,1.345,-0.236,0.0,-0.5,0.9632,1.8212,0.7232,183.999
38.704,-0.4192,-1.3921,158.67,3.3228,-1.2638,4.61,0.028,141.11,1.345,-0.236,0.0,-0.5,0.9637,1.8235,0.8388,183.999
38.755,-0.4192,-1.3921,158.67,3.3228,-1.2638,4.6104,0.0276,139.76,1.345,-0.236,0.0,-0.5,0.9641,1.8236,0.8388,183.999
38.806,-0.4192,-1.3921,158.67,3.3228,-1.2638,4.6108,0.0273,138.4,1.345,-0.236,0.0,-0.5,0.9646,1.8236,0.8388,183.999
38.857,-0.4192,-1.3921,158.67,3.3228,-1.2638,4.6112,0.0269,137.05,1.345,-0.236,0.0,-0.5,0.965,1.8237,0.8388,183.184
38.909,-0.5158,-1.2633,153.26,3.2183,-1.1413,4.6116,0.0265,135.69,1.345,-0.236,0.0,-0.5,0.9655,1.818,0.822,183.184
38.96,-0.5158,-1.2633,153.26,3.2183,-1.1413,4.612,0.0261,134.33,1.345,-0.236,0.0,-0.5,0.9659,1.818,0.822,183.184
39.011,-0.5601,-1.1887,150.55,3.1695,-1.0695,4.6124,0.0258,132.98,1.345,-0.236,0.0,-0.5,0.9663,1.8115,0.85,183.184
39.062,-0.5967,-1.1213,147.85,3.1288,-1.0045,4.6127,0.0254,131.62,1.345,-0.236,0.0,-0.5,0.9667,1.8063,0.844,183.184
39.113,-0.5967,-1.1213,147.85,3.1288,-1.0045,4.613,0.0251,130.72,1.345,-0.236,0.0,-0.5,0.967,1.8063,0.844,183.184
39.164,-0.5967,-1.1213,147.85,3.1288,-1.0045,4.613,0.0251,130.72,1.345,-0.236,0.0,-0.5,0.967,1.8063,0.844,183.184
39.215,-0.636,-1.0502,145.14,3.0851,-0.9361,4.6133,0.0247,129.36,1.345,-0.236,0.0,-0.5,0.9674,1.8051,0.856,183.184
39.266,-0.636,-1.0502,145.14,3.0851,-0.9361,4.6137,0.0243,128.01,1.345,-0.236,0.0,-0.5,0.9678,1.8052,0.856,182.502
39.317,-0.6619,-0.969,142.45,3.0542,-0.8566,4.614,0.0238,126.65,1.345,-0.236,0.0,-0.5,0.9682,1.7911,0.8084,182.502
39.368,-0.6619,-0.969,142.45,3.0542,-0.8566,4.6143,0.0234,125.29,1.345,-0.236,0.0,-0.5,0.9685,1.7912,0.8084,182.502
39.419,-0.6942,-0.8933,139.75,3.0173,-0.7831,4.6146,0.0229,123.94,1.345,-0.236,0.0,-0.5,0.9689,1.7892,0.808,182.502
39.471,-0.7249,-0.8171,137.03,2.9818,-0.7089,4.6149,0.0225,122.58,1.345,-0.236,0.0,-0.5,0.9693,1.7894,0.8072,182.502
39.522,-0.7249,-0.8171,137.03,2.9818,-0.7089,4.6152,0.022,121.22,1.345,-0.236,0.0,-0.5,0.9696,1.7895,0.8072,182.502
39.573,-0.7426,-0.7385,134.33,2.9592,-0.6316,4.6155,0.0216,119.87,1.345,-0.236,0.0,-0.5,0.9699,1.7804,0.804,182.502
39.624,-0.7426,-0.7385,134.33,2.9592,-0.6316,4.6156,0.0214,119.42,1.345,-0.236,0.0,-0.5,0.97,1.7804,0.804,182.502
39.675,-0.7624,-0.6601,131.63,2.9346,-0.5546,4.6157,0.0211,118.51,1.345,-0.236,0.0,-0.5,0.9703,1.777,0.8152,182.502
39.726,-0.7624,-0.6601,131.63,2.9346,-0.5546,4.616,0.0206,117.16,1.345,-0.236,0.0,-0.5,0.9706,1.7771,0.8152,181.989
39.778,-0.7702,-0.579,128.94,2.9217,-0.4741,4.6162,0.0201,115.8,1.345,-0.236,0.0,-0.5,0.9709,1.7651,0.8036,181.989
39.829,-0.7867,-0.4947,126.21,2.9,-0.391,4.6165,0.0197,114.44,1.345,-0.236,0.0,-0.5,0.9712,1.7649,0.8052,181.989
39.88,-0.7867,-0.4947,126.21,2.9,-0.391,4.6167,0.0192,113.09,1.345,-0.236,0.0,-0.5,0.9715,1.765,0.8052,181.989
39.932,-0.7906,-0.4122,123.51,2.891,-0.3089,4.6169,0.0187,111.73,1.345,-0.236,0.0,-0.5,0.9717,1.7567,0.806,181.989
39.983,-0.7906,-0.4122,123.51,2.891,-0.3089,4.6171,0.0182,110.37,1.345,-0.236,0.0,-0.5,0.972,1.7568,0.806,181.989
40.034,-0.7941,-0.3282,120.85,2.8823,-0.2253,4.6173,0.0177,109.02,1.345,-0.236,0.0,-0.5,0.9722,1.7519,0.802,181.989
40.087,-0.7927,-0.2438,118.12,2.8783,-0.141,4.6174,0.0172,107.66,1.345,-0.236,0.0,-0.5,0.9725,1.7463,0.806,181.989
40.137,-0.7927,-0.2438,118.12,2.8783,-0.141,4.6175,0.0168,106.76,1.345,-0.236,0.0,-0.5,0.9726,1.7463,0.806,181.989
40.19,-0.7927,-0.2438,118.12,2.8783,-0.141,4.6177,0.0161,104.95,1.345,-0.236,0.0,-0.5,0.9729,1.7465,0.806,181.989
40.241,-0.784,-0.1622,115.42,2.8819,-0.059,4.6179,0.0156,103.59,1.345,-0.236,0.0,-0.5,0.9731,1.7376,0.8024,181.3
40.294,-0.7816,-0.0798,112.76,2.8792,0.0234,4.618,0.0151,102.24,1.345,-0.236,0.0,-0.5,0.9733,1.7388,0.8,181.3
40.345,-0.7816,-0.0798,112.76,2.8792,0.0234,4.6181,0.0145,100.88,1.345,-0.236,0.0,-0.5,0.9735,1.7389,0.8,181.3
40.397,-0.7665,0.0035,110.05,2.8891,0.1075,4.6182,0.014,99.52,1.345,-0.236,0.0,-0.5,0.9737,1.7316,0.8176,181.3
40.448,-0.7534,0.0823,107.38,2.8973,0.1869,4.6183,0.0135,98.17,1.345,-0.236,0.0,-0.5,0.9738,1.7297,0.8164,181.3
40.501,-0.7534,0.0823,107.38,2.8973,0.1869,4.6184,0.013,96.81,1.345,-0.236,0.0,-0.5,0.974,1.7299,0.8164,181.3
40.552,-0.7303,0.1624,104.69,2.9153,0.2683,4.6184,0.0124,95.45,1.345,-0.236,0.0,-0.5,0.9741,1.7222,0.8124,181.3
40.603,-0.7303,0.1624,104.69,2.9153,0.2683,4.6184,0.0122,95.0,1.345,-0.236,0.0,-0.5,0.9742,1.7223,0.8124,181.3
40.653,-0.7303,0.1624,104.69,2.9153,0.2683,4.6185,0.0119,94.1,1.345,-0.236,0.0,-0.5,0.9742,1.7223,0.8124,181.3
40.704,-0.7303,0.1624,104.69,2.9153,0.2683,4.6185,0.0113,92.74,1.345,-0.236,0.0,-0.5,0.9743,1.7225,0.8124,181.3
40.756,-0.7303,0.1624,104.69,2.9153,0.2683,4.6185,0.0108,91.38,1.345,-0.236,0.0,-0.5,0.9744,1.7226,0.8124,181.3
40.807,-0.7303,0.1624,104.69,2.9153,0.2683,4.6185,0.0103,90.03,1.345,-0.236,0.0,-0.5,0.9745,1.7226,0.8124,181.3
40.858,-0.7303,0.1624,104.69,2.9153,0.2683,4.6185,0.0097,88.67,1.345,-0.236,0.0,-0.5,0.9746,1.7227,0.8124,181.3
40.91,-0.7068,0.2414,101.98,2.9338,0.3486,4.6185,0.0092,87.31,1.345,-0.236,0.0,-0.5,0.9747,1.7185,0.8088,181.021
40.961,-0.7068,0.2414,101.98,2.9338,0.3486,4.6185,0.0086,85.96,1.345,-0.236,0.0,-0.5,0.9747,1.7186,0.8088,181.021
41.012,-0.6832,0.3225,99.3,2.9523,0.4311,4.6184,0.0081,84.6,1.345,-0.236,0.0,-0.5,0.9748,1.719,0.8176,181.021
41.064,-0.6832,0.3225,99.3,2.9523,0.4311,4.6184,0.0076,83.25,1.345,-0.236,0.0,-0.5,0.9748,1.719,0.8176,181.021
41.115,-0.6832,0.3225,99.3,2.9523,0.4311,4.6183,0.007,81.89,1.345,-0.236,0.0,-0.5,0.9748,1.7191,0.8176,181.021
41.166,-0.6832,0.3225,99.3,2.9523,0.4311,4.6182,0.0065,80.53,1.345,-0.236,0.0,-0.5,0.9748,1.7191,0.8176,181.021
41.217,-0.6832,0.3225,99.3,2.9523,0.4311,4.6181,0.006,79.18,1.345,-0.236,0.0,-0.5,0.9748,1.7192,0.8176,181.021
41.268,-0.5696,0.55,91.19,3.0515,0.6652,4.618,0.0054,77.82,1.345,-0.236,0.0,-0.5,0.9747,1.6998,0.794,181.021
41.319,-0.5696,0.55,91.19,3.0515,0.6652,4.6179,0.0049,76.46,1.345,-0.236,0.0,-0.5,0.9747,1.6999,0.794,180.552
41.37,-0.5696,0.55,91.19,3.0515,0.6652,4.6178,0.0044,75.11,1.345,-0.236,0.0,-0.5,0.9747,1.6999,0.794,180.552
41.421,-0.5696,0.55,91.19,3.0515,0.6652,4.6176,0.0039,73.75,1.345,-0.236,0.0,-0.5,0.9746,1.7,0.794,180.552
41.472,-0.5696,0.55,91.19,3.0515,0.6652,4.6175,0.0034,72.39,1.345,-0.236,0.0,-0.5,0.9745,1.7001,0.794,180.552
41.523,-0.43,0.7696,83.07,3.1771,0.8931,4.6173,0.0028,71.04,1.345,-0.236,0.0,-0.5,0.9744,1.6931,0.8216,180.552
41.575,-0.43,0.7696,83.07,3.1771,0.8931,4.6171,0.0023,69.68,1.345,-0.236,0.0,-0.5,0.9743,1.6932,0.8216,180.552
41.625,-0.3737,0.8331,80.39,3.2294,0.96,4.617,0.002,68.78,1.345,-0.236,0.0,-0.5,0.9743,1.6862,0.804,180.552
41.676,-0.3737,0.8331,80.39,3.2294,0.96,4.617,0.002,68.78,1.345,-0.236,0.0,-0.5,0.9743,1.6862,0.804,180.552
41.727,-0.3185,0.8917,77.68,3.2808,1.0219,4.6168,0.0015,67.42,1.345,-0.236,0.0,-0.5,0.9741,1.681,0.8164,180.552
41.778,-0.3185,0.8917,77.68,3.2808,1.0219,4.6166,0.001,66.07,1.345,-0.236,0.0,-0.5,0.974,1.6812,0.8164,180.552
41.829,-0.3185,0.8917,77.68,3.2808,1.0219,4.6164,0.0005,64.71,1.345,-0.236,0.0,-0.5,0.9739,1.6813,0.8164,180.552
41.88,-0.3185,0.8917,77.68,3.2808,1.0219,4.6161,0.0,63.35,1.345,-0.236,0.0,-0.5,0.9737,1.6814,0.8164,179.209
41.931,-0.1971,1.013,72.25,3.3944,1.1505,4.6159,-0.0004,62.0,1.345,-0.236,0.0,-0.5,0.9735,1.6783,0.8008,179.209
41.982,-0.1971,1.013,72.25,3.3944,1.1505,4.6156,-0.0009,60.64,1.345,-0.236,0.0,-0.5,0.9734,1.6784,0.8008,179.209
42.032,-0.1971,1.013,72.25,3.3944,1.1505,4.6154,-0.0014,59.28,1.345,-0.236,0.0,-0.5,0.9732,1.6785,0.8008,179.209
42.084,-0.1971,1.013,72.25,3.3944,1.1505,4.6151,-0.0018,57.93,1.345,-0.236,0.0,-0.5,0.973,1.6786,0.8008,179.209
42.134,-0.1971,1.013,72.25,3.3944,1.1505,4.6148,-0.0023,56.57,1.345,-0.236,0.0,-0.5,0.9727,1.6787,0.8008,179.209
42.185,-0.1971,1.013,72.25,3.3944,1.1505,4.6145,-0.0028,55.22,1.345,-0.236,0.0,-0.5,0.9725,1.6788,0.8008,179.209
42.236,-0.1971,1.013,72.25,3.3944,1.1505,4.6142,-0.0032,53.86,1.345,-0.236,0.0,-0.5,0.9723,1.6789,0.8008,179.209
42.287,-0.1363,1.0662,69.55,3.4517,1.2074,4.6138,-0.0036,52.5,1.345,-0.236,0.0,-0.5,0.972,1.6784,0.7956,179.209
42.338,-0.1363,1.0662,69.55,3.4517,1.2074,4.6135,-0.004,51.15,1.345,-0.236,0.0,-0.5,0.9718,1.6785,0.7956,179.209
42.389,-0.1363,1.0662,69.55,3.4517,1.2074,4.6132,-0.0045,49.79,1.345,-0.236,0.0,-0.5,0.9715,1.6785,0.7956,179.209
42.44,-0.1363,1.0662,69.55,3.4517,1.2074,4.6128,-0.0049,48.43,1.345,-0.236,0.0,-0.5,0.9712,1.6786,0.7956,179.209
42.491,-0.0028,1.167,64.13,3.5787,1.3164,4.6125,-0.0053,47.08,1.345,-0.236,0.0,-0.5,0.9709,1.678,0.8168,179.209
42.542,0.0686,1.211,61.43,3.6472,1.3647,4.6121,-0.0057,45.72,1.345,-0.236,0.0,-0.5,0.9706,1.676,0.7704,177.389
42.593,0.0686,1.211,61.43,3.6472,1.3647,4.612,-0.0058,45.27,1.345,-0.236,0.0,-0.5,0.9705,1.676,0.7704,177.389
42.644,0.1402,1.2588,58.74,3.7157,1.4169,4.6117,-0.006,44.37,1.345,-0.236,0.0,-0.5,0.9703,1.6815,0.7932,177.389
42.695,0.1402,1.2588,58.74,3.7157,1.4169,4.6113,-0.0064,43.01,1.345,-0.236,0.0,-0.5,0.97,1.6817,0.7932,177.389
42.746,0.2158,1.2973,56.06,3.7887,1.4601,4.6109,-0.0068,41.65,1.345,-0.236,0.0,-0.5,0.9697,1.6816,0.8068,177.389
42.798,0.2158,1.2973,56.06,3.7887,1.4601,4.6105,-0.0071,40.3,1.345,-0.236,0.0,-0.5,0.9693,1.6817,0.8068,177.389
42.849,0.2901,1.3299,53.35,3.8609,1.4972,4.6101,-0.0075,38.94,1.345,-0.236,0.0,-0.5,0.969,1.6809,0.796,177.389
42.899,0.3687,1.3578,50.69,3.9376,1.53,4.6097,-0.0078,37.58,1.345,-0.236,0.0,-0.5,0.9686,1.6783,0.7924,177.389
42.95,0.3687,1.3578,50.69,3.9376,1.53,4.6092,-0.0081,36.23,1.345,-0.236,0.0,-0.5,0.9682,1.6784,0.7924,177.389
43.001,0.3687,1.3578,50.69,3.9376,1.53,4.6088,-0.0085,34.87,1.345,-0.236,0.0,-0.5,0.9678,1.6785,0.7924,177.389
43.052,0.3687,1.3578,50.69,3.9376,1.53,4.6084,-0.0088,33.51,1.345,-0.236,0.0,-0.5,0.9675,1.6786,0.7924,177.389
43.103,0.3687,1.3578,50.69,3.9376,1.53,4.6079,-0.0091,32.16,1.345,-0.236,0.0,-0.5,0.9671,1.6787,0.7924,177.389
43.154,0.3687,1.3578,50.69,3.9376,1.53,4.6074,-0.0093,30.8,1.345,-0.236,0.0,-0.5,0.9667,1.6788,0.7924,177.389
43.204,0.3687,1.3578,50.69,3.9376,1.53,4.607,-0.0096,29.44,1.345,-0.236,0.0,-0.5,0.9662,1.6788,0.7924,177.389
43.255,0.3687,1.3578,50.69,3.9376,1.53,4.6065,-0.0099,28.09,1.345,-0.236,0.0,-0.5,0.9658,1.6789,0.7924,177.389
43.306,0.3687,1.3578,50.69,3.9376,1.53,4.606,-0.0101,26.73,1.345,-0.236,0.0,-0.5,0.9654,1.6789,0.7924,177.389
43.359,0.4452,1.3839,47.98,4.0123,1.5608,4.6057,-0.0103,25.83,1.345,-0.236,0.0,-0.5,0.9651,1.6794,0.8016,176.223
43.41,0.4452,1.3839,47.98,4.0123,1.5608,4.6055,-0.0104,25.38,1.345,-0.236,0.0,-0.5,0.965,1.6794,0.8016,176.223
43.461,0.527,1.4105,45.28,4.0922,1.5925,4.6051,-0.0106,24.02,1.345,-0.236,0.0,-0.5,0.9645,1.6831,0.786,176.223
43.512,0.527,1.4105,45.28,4.0922,1.5925,4.6046,-0.0108,22.66,1.345,-0.236,0.0,-0.5,0.9641,1.6831,0.786,176.223
43.563,0.6058,1.4296,42.58,4.1697,1.6165,4.6046,-0.0108,22.66,1.345,-0.236,0.0,-0.5,0.9641,1.6844,0.8112,176.223
43.614,0.6892,1.4448,39.89,4.2521,1.6368,4.6041,-0.011,21.31,1.345,-0.236,0.0,-0.5,0.9636,1.685,0.7988,176.223
43.665,0.6892,1.4448,39.89,4.2521,1.6368,4.6036,-0.0112,19.95,1.345,-0.236,0.0,-0.5,0.9631,1.6851,0.7988,176.223
43.717,0.7741,1.4553,37.17,4.3361,1.6526,4.6031,-0.0114,18.59,1.345,-0.236,0.0,-0.5,0.9627,1.6852,0.8044,176.223
43.767,0.7741,1.4553,37.17,4.3361,1.6526,4.6027,-0.0115,17.69,1.345,-0.236,0.0,-0.5,0.9623,1.6853,0.8044,176.223
43.819,0.8507,1.4634,34.47,4.412,1.6654,4.602,-0.0117,15.88,1.345,-0.236,0.0,-0.5,0.9617,1.6878,0.7976,176.223
43.87,0.8507,1.4634,34.47,4.412,1.6654,4.6015,-0.0118,14.53,1.345,-0.236,0.0,-0.5,0.9612,1.6879,0.7976,175.66
43.922,0.9394,1.4675,31.79,4.5003,1.6751,4.601,-0.012,13.17,1.345,-0.236,0.0,-0.5,0.9607,1.6901,0.8148,175.66
43.974,0.9394,1.4675,31.79,4.5003,1.6751,4.6005,-0.0121,11.81,1.345,-0.236,0.0,-0.5,0.9602,1.6901,0.8148,175.66
44.025,1.0202,1.4663,29.08,4.581,1.6789,4.6001,-0.0122,10.91,1.345,-0.236,0.0,-0.5,0.9599,1.6912,0.7904,175.66
44.077,1.0202,1.4663,29.08,4.581,1.6789,4.5999,-0.0122,10.46,1.345,-0.236,0.0,-0.5,0.9597,1.6912,0.7904,175.66
44.128,1.0202,1.4663,29.08,4.581,1.6789,4.5994,-0.0123,9.1,1.345,-0.236,0.0,-0.5,0.9592,1.6913,0.7904,175.66
44.179,1.1895,1.4499,23.69,4.751,1.6731,4.5989,-0.0124,7.74,1.345,-0.236,0.0,-0.5,0.9587,1.6923,0.778,175.66
44.23,1.1895,1.4499,23.69,4.751,1.6731,4.5983,-0.0124,6.39,1.345,-0.236,0.0,-0.5,0.9582,1.6924,0.778,175.66
44.281,1.2719,1.4416,20.99,4.8338,1.67,4.5978,-0.0125,5.03,1.345,-0.236,0.0,-0.5,0.9577,1.6989,0.7964,175.66
44.333,1.2719,1.4416,20.99,4.8338,1.67,4.5973,-0.0125,3.68,1.345,-0.236,0.0,-0.5,0.9572,1.699,0.7964,175.485
44.384,1.3544,1.4239,18.27,4.9172,1.6575,4.5967,-0.0126,2.32,1.345,-0.236,0.0,-0.5,0.9566,1.7005,0.8236,175.485
44.436,1.3544,1.4239,18.27,4.9172,1.6575,4.5962,-0.0126,0.96,1.345,-0.236,0.0,-0.5,0.9561,1.7006,0.8236,175.485
44.487,1.3544,1.4239,18.27,4.9172,1.6575,4.5956,-0.0126,-0.39,1.345,-0.236,0.0,-0.5,0.9556,1.7007,0.8236,175.485
44.538,1.5117,1.3799,12.86,5.077,1.6234,4.5951,-0.0126,-1.75,1.345,-0.236,0.0,-0.5,0.955,1.7054,0.782,175.485
44.589,1.5117,1.3799,12.86,5.077,1.6234,4.5946,-0.0125,-3.11,1.345,-0.236,0.0,-0.5,0.9545,1.7056,0.782,175.485
44.641,1.5904,1.3543,10.17,5.1571,1.6027,4.594,-0.0125,-4.46,1.345,-0.236,0.0,-0.5,0.954,1.7105,0.7592,175.485
44.692,1.5904,1.3543,10.17,5.1571,1.6027,4.5935,-0.0125,-5.82,1.345,-0.236,0.0,-0.5,0.9534,1.7107,0.7592,175.907
44.743,1.5904,1.3543,10.17,5.1571,1.6027,4.593,-0.0124,-7.18,1.345,-0.236,0.0,-0.5,0.9529,1.7108,0.7592,175.907
44.794,1.7458,1.2863,4.76,5.3165,1.5445,4.5928,-0.0124,-7.63,1.345,-0.236,0.0,-0.5,0.9527,1.7169,0.7784,175.907
44.845,1.7458,1.2863,4.76,5.3165,1.5445,4.5924,-0.0123,-8.53,1.345,-0.236,0.0,-0.5,0.9524,1.717,0.7784,175.907
44.896,1.8199,1.2537,2.04,5.3925,1.5167,4.5919,-0.0122,-9.89,1.345,-0.236,0.0,-0.5,0.9518,1.7258,0.778,175.907
44.947,1.8199,1.2537,2.04,5.3925,1.5167,4.5914,-0.0121,-11.24,1.345,-0.236,0.0,-0.5,0.9513,1.726,0.778,175.907
44.998,1.8905,1.2166,-0.65,5.4652,1.484,4.5908,-0.012,-12.6,1.345,-0.236,0.0,-0.5,0.9507,1.7328,0.7872,175.907
45.798,1.8905,1.2166,-0.65,5.4652,1.484,4.5903,-0.0119,-13.96,1.345,-0.236,0.0,0.0,0.9507,1.7328,0.7872,175.907
