Starting kit application with the following args:  ['/home/missroot/.local/lib/python3.12/site-packages/isaacsim/exts/isaacsim.simulation_app/isaacsim/simulation_app/simulation_app.py', '/home/missroot/.local/lib/python3.12/site-packages/isaacsim/apps/isaacsim.exp.base.python.kit', '--/app/tokens/exe-path=/home/missroot/.local/lib/python3.12/site-packages/isaacsim/kit', '--/persistent/app/viewport/displayOptions=3094', '--/rtx/materialDb/syncLoads=True', '--/rtx/hydra/materialSyncLoads=True', '--/omni/kit/plugin/syncUsdLoads=True', '--/app/renderer/resolution/width=1280', '--/app/renderer/resolution/height=720', '--/app/window/width=1440', '--/app/window/height=900', '--/renderer/multiGpu/enabled=True', '--/app/fastShutdown=True', '--/app/installSignalHandlers=0', '--ext-folder', '/home/missroot/.local/lib/python3.12/site-packages/isaacsim/exts', '--ext-folder', '/home/missroot/.local/lib/python3.12/site-packages/isaacsim/apps', '--/physics/cudaDevice=0', '--/plugins/carb.tasking.plugin/threadCount=16', '--/plugins/omni.tbb.globalcontrol/maxThreadCount=16', '--portable', '--no-window', '--/app/window/hideUi=1']
Passing the following args to the base kit application:  ['--headless']
2026-09-30T16:40:53Z [Info] [carb] Logging to file: /home/missroot/.local/lib/python3.12/site-packages/isaacsim/kit/logs/Kit/Isaac-Sim Python/6.1/kit_20260930_184053.log
[0.041s] [ext: omni.assets.plugins-0.0.0] startup
[0.042s] [ext: omni.blobkey-1.1.2] startup
[0.042s] [ext: omni.kit.async_engine-0.0.3] startup
[0.107s] [ext: omni.client.lib-1.1.1] startup
[0.114s] [ext: omni.client-1.3.0] startup
[0.116s] [ext: omni.protobuf.lib-1.0.1] startup
[0.117s] [ext: omni.grpc.lib-1.0.0] startup
[0.120s] [ext: omni.metrics.core-0.0.3] startup
[0.120s] [ext: omni.datastore-0.0.0] startup
WARNING: All log messages before absl::InitializeLog() is called are written to STDERR
E0000 00:00:1790786454.037503  279279 descriptor_database.cc:633] File already exists in database: grpc/health/v1/health.proto
W0000 00:00:1790786454.037524  279279 message.cc:301] Protobuf GeneratedMessageFactory: File is already registered: grpc/health/v1/health.proto
[0.120s] [ext: omni.gpu_foundation.shadercache.vulkan-1.0.0] startup
[0.121s] [ext: omni.hsscclient-1.1.4] startup
[0.122s] [ext: omni.stats-1.0.1] startup
[0.122s] [ext: omni.ujitso.default-1.0.0] startup
[0.125s] [ext: omni.gpu_foundation-0.0.0] startup
[0.258s] [ext: carb.windowing.plugins-1.0.1] startup
[0.259s] [ext: omni.kit.renderer.init-1.0.1] startup
2026-09-30T16:40:54Z [438ms] [Warning] [omni.rtx] Skipping unsupported non-NVIDIA GPU: AMD Ryzen 7 9800X3D 8-Core Processor (RADV RAPHAEL_MENDOCINO)
2026-09-30T16:40:54Z [439ms] [Warning] [omni.rtx] Skipping unsupported non-NVIDIA GPU: AMD Ryzen 7 9800X3D 8-Core Processor (RADV RAPHAEL_MENDOCINO)

|---------------------------------------------------------------------------------------------|
| Driver Version: 595.91.07     | Graphics API: Vulkan
|=============================================================================================|
| GPU | Name                             | Active | LDA | GPU Memory | Vendor-ID | LUID       |
|     |                                  |        |     |            | Device-ID | UUID       |
|     |                                  |        |     |            | Bus-ID    |            |
|---------------------------------------------------------------------------------------------|
| 0   | NVIDIA GeForce RTX 5070 Ti       | Yes: 0 |     | 16303   MB | 10de      | 0          |
|     |                                  |        |     |            | 2c05      | a3a938e6.. |
|     |                                  |        |     |            | 1         |            |
|---------------------------------------------------------------------------------------------|
| 1   | AMD Ryzen 7 9800X3D 8-Core Pro.. |        |     | 22004   MB | 1002      | 0          |
|     |                                  |        |     |            | 13c0      | 00000000.. |
|     |                                  |        |     |            | 11        |            |
|=============================================================================================|
| OS: 24.04.5 LTS (Noble Numbat) ubuntu, Version: 24.04.5, Kernel: 7.0.0-34-generic
| XServer Vendor: The X.Org Foundation, XServer Version: 12101011 (1.21.1.11)
| Processor: AMD Ryzen 7 9800X3D 8-Core Processor
| Cores: 8 | Logical Cores: 16
|---------------------------------------------------------------------------------------------|
| Total Memory (MB): 61918 | Free Memory: 53850
| Total Page/Swap (MB): 8191 | Free Page/Swap: 8191
|---------------------------------------------------------------------------------------------|
2026-09-30T16:40:54Z [600ms] [Warning] [omni.rtx] CPU performance profile is set to powersave. This profile sets the CPU to the lowest frequency reducing performance.
2026-09-30T16:40:54Z [608ms] [Warning] [omni.rtx] IOMMU is enabled.
[0.686s] [ext: omni.kit.pipapi-0.0.0] startup
[0.687s] [ext: omni.kit.telemetry-0.5.2] startup
[0.709s] [ext: omni.kit.loop-isaac-1.6.2] startup
[0.710s] [ext: omni.kit.test-2.1.1] startup
[0.741s] [ext: omni.materialx.libs-1.0.9] startup
[0.745s] [ext: omni.gpucompute.plugins-0.0.0] startup
[0.746s] [ext: omni.usd.config-1.0.8] startup
[0.748s] [ext: omni.usd.libs-1.0.3] startup
[0.805s] [ext: omni.iray.libs-0.0.1] startup
[0.808s] [ext: omni.mdl-57.0.6] startup
[0.847s] [ext: omni.mdl.neuraylib-0.2.22] startup
[0.848s] [ext: omni.kit.usd.mdl-1.1.11] startup
[0.919s] [ext: omni.appwindow-1.2.2] startup
[0.921s] [ext: omni.kit.renderer.core-1.3.1] startup
[1.173s] [ext: omni.kit.renderer.capture-2.0.1] startup
[1.174s] [ext: omni.kit.renderer.imgui-2.1.0] startup
[1.209s] [ext: omni.ui-3.3.1] startup
[1.215s] [ext: omni.kit.mainwindow-1.0.4] startup
[1.216s] [ext: carb.audio-0.1.0] startup
[1.218s] [ext: omni.uiaudio-1.0.0] startup
[1.218s] [ext: omni.kit.uiapp-0.0.0] startup
[1.218s] [ext: omni.usd.schema.metrics.assembler-110.1.0] startup
[1.220s] [ext: omni.usd.schema.audio-0.0.1] startup
[1.223s] [ext: omni.usd_resolver-1.0.0] startup
[1.225s] [ext: omni.usd.core-1.10.10] startup
[1.228s] [ext: omni.metropolis.schema-0.0.3] startup
[1.228s] [ext: isaacsim.anim.robot.schema-0.1.1] startup
[1.229s] [ext: isaacsim.common-6.2.0] startup
[1.229s] [ext: omni.usd.schema.anim-0.0.1] startup
[1.243s] [ext: omni.usd.schema.geospatial-0.0.1] startup
[1.245s] [ext: omni.usd.schema.omnigraph-1.0.1] startup
[1.248s] [ext: omni.usd.schema.semantics-0.0.0] startup
[1.250s] [ext: omni.activity.core-1.0.4] startup
[1.250s] [ext: omni.cubric-0.1.0] startup
[1.251s] [ext: omni.graph.exec-0.9.6] startup
[1.251s] [ext: omni.hydra.scene_delegate-0.3.5] startup
[1.253s] [ext: usdrt.scenegraph-7.6.3] startup
[1.269s] [ext: omni.hydra.usdrt_delegate-7.5.2] startup
[1.272s] [ext: omni.inspect-1.0.2] startup
[1.273s] [ext: omni.kit.actions.core-1.2.0] startup
[1.275s] [ext: omni.kit.audiodeviceenum-1.0.2] startup
[1.275s] [ext: omni.kit.commands-1.5.0] startup
[1.277s] [ext: omni.kit.exec.core-0.13.6] startup
[1.278s] [ext: omni.kit.usd_undo-0.1.8] startup
[1.278s] [ext: omni.kit.window.popup_dialog-2.0.26] startup
[1.281s] [ext: omni.kit.widget.connection_manager-1.0.3] startup
[1.284s] [ext: omni.timeline-1.1.0] startup
[1.285s] [ext: omni.usd-1.18.0] startup
[1.306s] [ext: omni.graph.core-3.1.5] startup
[1.308s] [ext: omni.kit.notification_manager-1.0.16] startup
[1.309s] [ext: isaacsim.core.deprecation_manager-0.4.4] startup
[1.310s] [ext: isaacsim.replicator.agent.schema-0.1.1] startup
[1.310s] [ext: isaacsim.robot.schema-7.0.2] startup
[1.313s] [ext: isaacsim.robot_motion.schema-0.2.2] startup
[1.313s] [ext: omni.anim.behavior.schema-110.3.0] startup
[1.316s] [ext: omni.anim.graph.schema-110.3.0] startup
[1.319s] [ext: omni.anim.navigation.schema-110.3.0] startup
[1.321s] [ext: omni.behavior.tree.schema-110.3.0] startup
[1.322s] [ext: omni.kit.asset_converter-6.0.5] startup
2026-09-30T16:40:55Z [1,304ms] [Warning] [asset_converter_native_bindings._bootstrap] A different OpenUSD (pxr) build was already imported from /home/missroot/.local/lib/python3.12/site-packages/isaacsim/extscache/omni.usd.schema.omnigraph-1.0.1+00c488ae.lx64.r.cp312/pxr before usd-convert-asset loaded. The host pxr bindings will remain in use rather than reloading the bundled OpenUSD at /home/missroot/.local/lib/python3.12/site-packages/isaacsim/extscache/omni.kit.asset_converter-6.0.5+110.1.1.lx64.r.cp312.u7f4/asset_converter_native_bindings/libs/lib/python/pxr, /home/missroot/.local/lib/python3.12/site-packages/isaacsim/extscache/omni.kit.asset_converter-6.0.5+110.1.1.lx64.r.cp312.u7f4/asset_converter_native_bindings/libs/python/pxr. Mixing USD builds in one process can cause ABI and singleton conflicts; prefer importing usd_convert_asset first, or run the converter in a separate process/venv when mixing unrelated USD builds.
[1.331s] [ext: omni.usd.schema.flow-110.0.0] startup
[1.331s] [ext: omni.usd.schema.newton-1.4.0] startup
[1.332s] [ext: omni.usd.schema.mujoco-1.1.4] startup
[1.332s] [ext: omni.usd.schema.omni_dome_light-1.0.0] startup
[1.333s] [ext: omni.usd.schema.omni_lens_distortion-1.0.0] startup
[1.333s] [ext: omni.usd.schema.omni_projectors-1.0.0] startup
[1.333s] [ext: omni.usd.schema.omni_sensors-0.0.0] startup
[1.338s] [ext: omni.usd.schema.omniscripting-1.0.1] startup
[1.340s] [ext: omni.usd.schema.physical_lighting-0.1.0] startup
[1.342s] [ext: omni.usd.schema.physx-110.3.2] startup
[1.360s] [ext: omni.usd.schema.render_settings.rtx-1.0.3] startup
[1.362s] [ext: omni.usd.schema.usd_particle_field-1.0.0] startup
[1.363s] [ext: isaacsim.core.version-2.2.1] startup
[1.364s] [ext: omni.kit.menu.core-1.3.0] startup
[1.365s] [ext: omni.kit.menu.utils-2.2.8] startup
[1.369s] [ext: isaacsim.app.about-2.3.2] startup
[1.372s] [ext: isaacsim.asset.transformer-6.1.0] startup
[1.374s] [ext: omni.scene.optimizer.core-110.2.1] startup
[1.404s] [ext: isaacsim.asset.importer.utils-1.9.1] startup
[1.406s] [ext: omni.convexdecomposition-110.3.2] startup
[1.407s] [ext: omni.physics-110.3.2] startup
[1.409s] [ext: omni.physx.gpu-110.3.2] startup
[1.409s] [ext: omni.physx.foundation-110.3.2] startup
[1.411s] [ext: omni.usdphysics-110.3.2] startup
[1.411s] [ext: omni.physx.cooking-110.3.2] startup
[1.413s] [ext: omni.physx-110.3.2] startup
[1.418s] [ext: omni.physics.physx-110.3.2] startup
[1.420s] [ext: isaacsim.asset.exporter.urdf-2.2.6] startup
[1.425s] [ext: omni.kit.clipboard-1.1.1] startup
[1.425s] [ext: omni.kit.usd.layers-2.7.2] startup
[1.430s] [ext: omni.kit.widget.context_menu-1.5.0] startup
[1.431s] [ext: omni.kit.context_menu-1.10.0] startup
[1.431s] [ext: omni.kit.helper.file_utils-0.1.10] startup
[1.432s] [ext: omni.kit.widget.nucleus_info-2.0.2] startup
[1.433s] [ext: omni.kit.search_core-1.0.8] startup
[1.433s] [ext: omni.kit.widget.path_field-2.0.13] startup
[1.433s] [ext: omni.kit.widget.browser_bar-2.0.11] startup
[1.434s] [ext: omni.kit.widget.filebrowser-2.14.0] startup
[1.436s] [ext: omni.kit.widget.nucleus_connector-2.4.0] startup
[1.436s] [ext: omni.kit.widget.options_menu-1.1.7] startup
[1.438s] [ext: omni.kit.widget.options_button-1.0.3] startup
[1.438s] [ext: omni.kit.widget.search_delegate-1.0.10] startup
[1.439s] [ext: omni.ui.scene-2.0.4] startup
[1.441s] [ext: omni.kit.window.filepicker-3.0.14] startup
[1.450s] [ext: omni.kit.window.file_importer-1.1.22] startup
[1.451s] [ext: omni.kit.material.library-3.1.7] startup
[1.454s] [ext: isaacsim.asset.transformer.rules-1.7.18] startup
[1.460s] [ext: omni.usdex.libs-2.3.0] startup
[1.465s] [ext: isaacsim.asset.importer.mjcf-3.12.1] startup
[1.466s] [ext: omni.kit.primitive.mesh-1.1.1] startup
[1.467s] [ext: omni.kit.stage_template.core-1.1.23] startup
[1.468s] [ext: omni.kit.stage_templates-2.0.3] startup
[1.469s] [ext: omni.usd.metrics.assembler-110.1.2] startup
[1.470s] [ext: omni.warp.core-1.16.0] startup
[1.577s] [ext: isaacsim.core.experimental.utils-0.23.0] startup
[1.578s] [ext: isaacsim.asset.importer.urdf-3.11.10] startup
[1.580s] [ext: omni.physics.stageupdate-110.3.2] startup
[1.581s] [ext: omni.physics.tensors-110.3.2] startup
[1.584s] [ext: omni.physx.tensors-110.3.2] startup
[1.587s] [ext: isaacsim.core.simulation_manager-1.17.1] startup
[1.594s] [ext: isaacsim.storage.native-1.11.0] startup
[1.595s] [ext: omni.usd.metrics.assembler.physics-110.3.2] startup
[1.596s] [ext: isaacsim.core.utils-4.1.9] startup
[1.597s] [ext: isaacsim.core.prims-0.11.7] startup
[2.308s] [ext: isaacsim.core.api-5.3.2] startup
[2.312s] [ext: isaacsim.core.cloner-1.7.5] startup
[2.313s] [ext: isaacsim.test.docstring-1.3.2] startup
[2.315s] [ext: isaacsim.core.experimental.prims-1.10.8] startup
[2.325s] [ext: isaacsim.core.experimental.primdata-0.3.6] startup
[2.326s] [ext: omni.graph.tools-1.81.0] startup
[2.339s] [ext: omni.graph-1.142.5] startup
[2.362s] [ext: isaacsim.core.experimental.actuators-0.1.6] startup
[2.371s] [ext: isaacsim.core.experimental.materials-0.10.0] startup
[2.373s] [ext: isaacsim.core.experimental.objects-0.9.0] startup
[2.417s] [ext: omni.hydra.engine.stats-1.0.5] startup
[2.418s] [ext: omni.hydra.rtx.shadercache.vulkan-1.0.0] startup
[2.419s] [ext: omni.index.libs-392300.961.0] startup
[2.419s] [ext: omni.index-1.0.1] startup
[2.419s] [ext: omni.ujitso.client-0.0.0] startup
[2.419s] [ext: omni.usd.schema.playback-1.1.0] startup
[2.420s] [ext: omni.volume-0.5.2] startup
[2.424s] [ext: omni.hydra.rtx-1.0.4] startup
2026-09-30T16:40:56Z [2,415ms] [Warning] [omni.log] Source: omni.hydra was already registered.
[2.446s] [ext: omni.kit.hydra_texture-1.6.2] startup
[2.448s] [ext: omni.kit.raycast.query-1.2.0] startup
[2.451s] [ext: omni.kit.viewport.legacy_gizmos-1.0.24] startup
[2.452s] [ext: omni.kit.viewport.registry-104.0.6] startup
[2.453s] [ext: omni.kit.viewport.scene_camera_model-1.0.7] startup
[2.455s] [ext: omni.kit.widget.viewport-110.0.0] startup
[2.457s] [ext: omni.kit.window.drop_support-1.0.8] startup
[2.458s] [ext: omni.kit.viewport.window-110.0.1] startup
[2.469s] [ext: omni.kit.viewport.utility-2.1.0] startup
[2.469s] [ext: isaacsim.core.rendering_manager-0.5.1] startup
[2.476s] [ext: omni.graph.action_core-1.1.9] startup
[2.477s] [ext: omni.graph.action_nodes_core-2.11.0] startup
[2.479s] [ext: omni.graph.action_nodes-2.11.0] startup
[2.491s] [ext: omni.graph.action-2.10.2] startup
[2.492s] [ext: omni.graph.image.core-0.6.1] startup
[2.492s] [ext: omni.graph.image.nodes-1.3.2] startup
[2.493s] [ext: omni.graph.nodes_core-2.11.0] startup
[2.497s] [ext: omni.graph.nodes-2.12.0] startup
[2.501s] [ext: omni.kit.hotkeys.core-1.4.0] startup
[2.501s] [ext: omni.kit.property.adapter.core-1.1.1] startup
[2.503s] [ext: omni.kit.property.adapter.usd-1.0.6] startup
[2.504s] [ext: omni.kit.widget.filter-1.1.8] startup
[2.504s] [ext: omni.kit.widget.highlight_label-1.0.3] startup
[2.505s] [ext: omni.kit.widget.searchfield-1.1.8] startup
[2.506s] [ext: omni.kit.window.file_exporter-1.0.38] startup
[2.506s] [ext: omni.kit.widget.stage-4.6.5] startup
[2.512s] [ext: omni.kit.window.content_browser_registry-0.0.6] startup
[2.512s] [ext: omni.kit.window.file-2.0.15] startup
[2.514s] [ext: omni.kit.window.content_browser-3.1.12] startup
[2.521s] [ext: omni.kit.window.property-1.15.2] startup
[2.528s] [ext: omni.kit.property.usd-4.9.14] startup
[2.534s] [ext: omni.graph.scriptnode-2.10.2] startup
[2.539s] [ext: omni.kit.widget.searchable_combobox-1.0.7] startup
[2.540s] [ext: omni.kit.widget.settings-2.0.1] startup
[2.541s] [ext: omni.kit.window.preferences-1.8.5] startup
[2.545s] [ext: omni.kit.viewport.menubar.core-110.0.3] startup
[2.551s] [ext: omni.syntheticdata-0.6.17] startup
[2.568s] [ext: omni.replicator.nv-1.1.6] startup
[2.571s] [ext: omni.videoencoding-0.2.1] startup
[2.573s] [ext: omni.replicator.core-1.13.36] startup
2026-09-30T16:40:56Z [2,559ms] [Warning] [pxr.Semantics] pxr.Semantics is deprecated - please use Semantics instead
Warp 1.16.0 initialized:
   CUDA Toolkit 12.9, Driver 13.2
   Devices:
     "cpu"      : "x86_64"
     "cuda:0"   : "NVIDIA GeForce RTX 5070 Ti" (15 GiB, sm_120, mempool enabled)
   Kernel cache:
     /home/missroot/.cache/warp/1.16.0
2026-09-30T16:40:56Z [2,596ms] [Warning] [omni.replicator.core.scripts.extension] No material configuration file, adding configuration to material settings directly.
[2.683s] [ext: isaacsim.core.nodes-5.10.13] startup
[2.702s] [ext: isaacsim.core.throttling-2.3.7] startup
[2.703s] [ext: omni.kit.manipulator.viewport-107.0.1] startup
[2.704s] [ext: omni.graph.visualization.nodes-2.1.4] startup
[2.712s] [ext: omni.kit.window.extensions-1.5.16] startup
[2.715s] [ext: isaacsim.gui.components-1.8.9] startup
[2.718s] [ext: isaacsim.robot.surface_gripper-3.6.3] startup
[2.725s] [ext: isaacsim.robot.manipulators-3.4.5] startup
[2.731s] [ext: isaacsim.robot_motion.lula-4.1.4] startup
[2.736s] [ext: isaacsim.robot_motion.motion_generation-8.2.9] startup
[2.740s] [ext: isaacsim.cortex.framework-1.0.20] startup
[2.741s] [ext: isaacsim.cortex.behaviors-2.0.18] startup
[2.742s] [ext: isaacsim.examples.base-1.3.4] startup
[2.744s] [ext: omni.kit.widget.zoombar-1.0.7] startup
[2.745s] [ext: omni.kit.browser.core-2.3.18] startup
[2.747s] [ext: omni.kit.browser.folder.core-2.0.3] startup
[2.750s] [ext: omni.kit.widget.stage_icons-1.0.8] startup
[2.750s] [ext: omni.kit.window.stage-2.6.1] startup
[2.753s] [ext: omni.kit.menu.stage-1.2.7] startup
[2.753s] [ext: omni.kit.usd.collect-3.0.6] startup
[2.755s] [ext: omni.kit.widget.prompt-1.0.7] startup
[2.756s] [ext: omni.kit.tool.collect-2.2.19] startup
[2.757s] [ext: isaacsim.examples.browser-0.3.4] startup
[2.759s] [ext: omni.kit.search.files-1.0.4] startup
[2.759s] [ext: omni.kit.widget.calendar-1.0.9] startup
[2.760s] [ext: omni.kit.widget.extended_searchfield-1.0.31] startup
[2.765s] [ext: omni.simready.content.browser-0.3.8] startup
[2.826s] [ext: isaacsim.gui.content_browser-0.5.1] startup
[2.827s] [ext: omni.kit.selection-0.1.6] startup
[2.828s] [ext: isaacsim.gui.menu-2.10.12] startup
[2.833s] [ext: isaacsim.gui.property-1.6.4] startup
[2.837s] [ext: omni.kit.viewport.actions-110.1.0] startup
[2.840s] [ext: omni.kit.viewport.menubar.display-110.0.0] startup
[2.841s] [ext: isaacsim.gui.sensors.icon-2.2.4] startup
[2.843s] [ext: omni.behavior.scripting.core-110.3.0] startup
[2.845s] [ext: isaacsim.replicator.behavior-1.6.2] startup
[2.848s] [ext: isaacsim.replicator.experimental.domain_randomization-1.2.10] startup
[2.857s] [ext: isaacsim.replicator.domain_randomization-1.2.3] startup
[2.907s] [ext: isaacsim.replicator.writers-1.5.6] startup
[2.921s] [ext: isaacsim.robot.experimental.wheeled_robots-0.2.14] startup
[2.935s] [ext: isaacsim.robot_motion.experimental.motion_generation-7.1.2] startup
[2.940s] [ext: isaacsim.robot.policy.examples-7.2.0] startup
[4.115s] [ext: isaacsim.robot.wheeled_robots-5.2.5] startup
[4.118s] [ext: isaacsim.robot.wheeled_robots.nodes-0.1.12] startup
[4.138s] [ext: isaacsim.robot_motion.controllers-0.3.2] startup
[4.144s] [ext: isaacsim.robot_motion.cumotion-1.4.0] startup
[4.152s] [ext: omni.kit.numpy.common-0.1.3] startup
[4.153s] [ext: omni.rtx.spg-0.4.0] startup
[4.156s] [ext: omni.sensors.nv.camera-1.0.0] startup
[4.160s] [ext: isaacsim.sensors.camera-1.7.13] startup
[4.174s] [ext: isaacsim.sensors.experimental.physics-3.3.0] startup
[4.179s] [ext: omni.sensors.net-1.0.1] startup
[4.181s] [ext: omni.sensors.nv.common-3.0.0] startup
[4.189s] [ext: omni.sensors.nv.materials-2.0.0] startup
[4.191s] [ext: omni.sensors.nv.acoustic-3.0.0] startup
[4.193s] [ext: omni.sensors.nv.ids-2.0.1] startup
[4.194s] [ext: omni.sensors.nv.lidar-3.0.0] startup
[4.197s] [ext: omni.sensors.nv.radar-3.0.0] startup
[4.199s] [ext: isaacsim.sensors.experimental.rtx-1.9.0] startup
2026-09-30T16:40:58Z [4,287ms] [Error] [omni.kit.app._impl] [py stderr]: /home/missroot/.local/lib/python3.12/site-packages/matplotlib/projections/__init__.py:63: UserWarning: Unable to import Axes3D. This may be due to multiple versions of Matplotlib being installed (e.g. as a system package and as a pip package). As a result, the 3D projection is not available.
  warnings.warn("Unable to import Axes3D. This may be due to multiple versions of "
[4.322s] [ext: isaacsim.sensors.physics.nodes-1.6.2] startup
[4.326s] [ext: isaacsim.util.debug_draw-3.2.6] startup
[4.330s] [ext: isaacsim.sensors.physx-2.5.7] startup
[4.335s] [ext: isaacsim.sensors.rtx-15.17.5] startup
[4.343s] [ext: isaacsim.simulation_app-2.19.0] startup
[4.343s] [ext: omni.anim.curve.core-1.6.1] startup
[4.350s] [ext: omni.graph.ui_nodes-2.11.1] startup
[4.365s] [ext: omni.kit.manipulator.camera-110.1.0] startup
[4.368s] [ext: omni.kit.manipulator.selector-1.1.4] startup
[4.369s] [ext: omni.kit.manipulator.transform-107.0.1] startup
[4.371s] [ext: omni.kit.widget.toolbar-2.1.0] startup
[4.375s] [ext: omni.kit.manipulator.tool.snap-1.5.15] startup
[4.377s] [ext: omni.kit.viewport.manipulator.transform-107.0.4] startup
[4.378s] [ext: omni.kit.manipulator.prim.core-108.0.2] startup
[4.382s] [ext: omni.kit.manipulator.prim.usd-107.0.3] startup
[4.383s] [ext: omni.kit.manipulator.prim-108.0.0] startup
[4.383s] [ext: omni.kit.manipulator.selection-110.0.0] startup
[4.384s] [ext: omni.kit.menu.create-2.0.2] startup
[4.385s] [ext: omni.kit.property.audio-1.0.18] startup
[4.387s] [ext: omni.kit.property.camera-1.0.14] startup
[4.388s] [ext: omni.kit.property.geometry-2.1.2] startup
[4.390s] [ext: omni.kit.property.light-1.0.16] startup
[4.413s] [ext: omni.kit.property.material-1.14.10] startup
[4.417s] [ext: omni.kit.property.render-1.2.2] startup
[4.417s] [ext: omni.kit.property.transform-1.6.12] startup
[4.419s] [ext: omni.kit.property.bundle-1.5.2] startup
[4.420s] [ext: omni.kit.usdz_export-1.1.1] startup
[4.422s] [ext: omni.kit.tool.asset_importer-6.0.2] startup
[4.425s] [ext: omni.kit.ui.actions-1.0.5] startup
[4.426s] [ext: omni.kit.viewport.menubar.camera-107.0.14] startup
[4.429s] [ext: omni.kit.viewport.menubar.lighting-107.3.2] startup
[4.431s] [ext: omni.kit.viewport.menubar.render-110.1.1] startup
[4.432s] [ext: omni.kit.viewport.menubar.settings-110.0.1] startup
[4.434s] [ext: omni.kit.window.console-1.1.10] startup
[4.437s] [ext: omni.kit.window.status_bar-0.1.11] startup
[4.439s] [ext: omni.kit.window.toolbar-3.0.3] startup
[4.440s] [ext: omni.ocio-0.1.1] startup
[4.441s] [ext: omni.physx.commands-110.3.2] startup
[4.443s] [ext: omni.replicator.replicator_yaml-2.0.12] startup
[4.449s] [ext: omni.rtx.window.settings-0.8.2] startup
[4.451s] [ext: omni.rtx.settings.core-0.7.1] startup
[4.453s] [ext: omni.usd.metrics.assembler.ui-110.1.1] startup
[4.457s] [ext: semantics.schema.editor-2.0.2] startup
[4.459s] [ext: semantics.schema.property-2.0.2] startup
[4.460s] [ext: omni.kit.menu.common-2.0.2] startup
[4.461s] [ext: isaacsim.exp.base-6.1.0] startup
[4.461s] [ext: isaacsim.exp.base.python-6.1.0] startup
[4.462s] Simulation App Starting
[5.112s] Simulation App Startup Complete
[5.118s] app ready
[5.452s] [ext: isaacsim.core.includes-2.9.4] startup
[5.452s] [ext: isaacsim.sensors.rtx.nodes-0.1.7] startup
[5.459s] [ext: isaacsim.ros2.core-1.11.0] startup
[5.506s] Attempting to load system rclpy
[5.530s] rclpy loaded
[5.532s] [ext: isaacsim.ros2.control-0.1.6] startup
[5.536s] [ext: isaacsim.ros2.nodes-1.22.7] startup
[5.566s] [ext: isaacsim.ros2.examples-1.2.9] startup
[5.570s] [ext: isaacsim.ros2.ui-1.9.2] startup
[5.732s] [ext: isaacsim.ros2.bridge-5.1.4] startup
[standalone] apro /home/missroot/mola-adversarial-nsga3/isaac/carter_warehouse.usd
2026-09-30T16:41:05Z [11,223ms] [Warning] [omni.usd] Encountered USD Warnings but USD Diagnostics are currently muted. To view USD Warnings, please set the '/persistent/app/usd/muteUsdDiagnostics' setting to false in Preferences page.
2026-09-30T16:41:06Z [12,469ms] [Warning] [rtx.hydra] Camera '/World/Nova_Carter_ROS/chassis_link/sensors/right_hawk/right/camera_right': Projection type 'fisheyePolynomial' is deprecated. Please use 'opencvFisheye', 'opencvPinhole', 'lut', or 'omniDirectionalStereo' instead.
2026-09-30T16:41:06Z [12,469ms] [Warning] [rtx.hydra] Camera '/World/Nova_Carter_ROS/chassis_link/sensors/front_hawk/left/camera_left': Projection type 'fisheyePolynomial' is deprecated. Please use 'opencvFisheye', 'opencvPinhole', 'lut', or 'omniDirectionalStereo' instead.
2026-09-30T16:41:06Z [12,469ms] [Warning] [rtx.hydra] Camera '/World/Nova_Carter_ROS/chassis_link/sensors/left_hawk/left/camera_left': Projection type 'fisheyePolynomial' is deprecated. Please use 'opencvFisheye', 'opencvPinhole', 'lut', or 'omniDirectionalStereo' instead.
2026-09-30T16:41:06Z [12,469ms] [Warning] [rtx.hydra] Camera '/World/Nova_Carter_ROS/chassis_link/sensors/front_hawk/right/camera_right': Projection type 'fisheyePolynomial' is deprecated. Please use 'opencvFisheye', 'opencvPinhole', 'lut', or 'omniDirectionalStereo' instead.
2026-09-30T16:41:06Z [12,469ms] [Warning] [rtx.hydra] Camera '/World/Nova_Carter_ROS/chassis_link/sensors/left_owl/camera': Projection type 'fisheyePolynomial' is deprecated. Please use 'opencvFisheye', 'opencvPinhole', 'lut', or 'omniDirectionalStereo' instead.
2026-09-30T16:41:06Z [12,469ms] [Warning] [rtx.hydra] Camera '/World/Nova_Carter_ROS/chassis_link/sensors/back_hawk/right/camera_right': Projection type 'fisheyePolynomial' is deprecated. Please use 'opencvFisheye', 'opencvPinhole', 'lut', or 'omniDirectionalStereo' instead.
2026-09-30T16:41:06Z [12,469ms] [Warning] [rtx.hydra] Camera '/World/Nova_Carter_ROS/chassis_link/sensors/right_hawk/left/camera_left': Projection type 'fisheyePolynomial' is deprecated. Please use 'opencvFisheye', 'opencvPinhole', 'lut', or 'omniDirectionalStereo' instead.
2026-09-30T16:41:06Z [12,469ms] [Warning] [rtx.hydra] Camera '/World/Nova_Carter_ROS/chassis_link/sensors/left_hawk/right/camera_right': Projection type 'fisheyePolynomial' is deprecated. Please use 'opencvFisheye', 'opencvPinhole', 'lut', or 'omniDirectionalStereo' instead.
2026-09-30T16:41:06Z [12,469ms] [Warning] [rtx.hydra] Camera '/World/Nova_Carter_ROS/chassis_link/sensors/back_hawk/left/camera_left': Projection type 'fisheyePolynomial' is deprecated. Please use 'opencvFisheye', 'opencvPinhole', 'lut', or 'omniDirectionalStereo' instead.
2026-09-30T16:41:06Z [12,469ms] [Warning] [rtx.hydra] Camera '/World/Nova_Carter_ROS/chassis_link/sensors/front_owl/camera': Projection type 'fisheyePolynomial' is deprecated. Please use 'opencvFisheye', 'opencvPinhole', 'lut', or 'omniDirectionalStereo' instead.
2026-09-30T16:41:06Z [12,469ms] [Warning] [rtx.hydra] Camera '/World/Nova_Carter_ROS/chassis_link/sensors/right_owl/camera': Projection type 'fisheyePolynomial' is deprecated. Please use 'opencvFisheye', 'opencvPinhole', 'lut', or 'omniDirectionalStereo' instead.
2026-09-30T16:41:06Z [12,469ms] [Warning] [rtx.hydra] Camera '/World/Nova_Carter_ROS/chassis_link/sensors/back_owl/camera': Projection type 'fisheyePolynomial' is deprecated. Please use 'opencvFisheye', 'opencvPinhole', 'lut', or 'omniDirectionalStereo' instead.
[standalone] pronto: comandi su /tmp/isaac_cmd.json
2026-09-30T16:41:08Z [14,262ms] [Warning] [isaacsim.ros2.core.impl.camera_info_utils] Forcing fy to fx (957.8116193827423 != 957.8115559493878) when computing CameraInfo, as renderer assumes square pixels.
2026-09-30T16:41:08Z [14,262ms] [Warning] [isaacsim.ros2.core.impl.camera_info_utils] Forcing fy to fx (959.3266105473468 != 959.3265470136585) when computing CameraInfo, as renderer assumes square pixels.
2026-09-30T16:41:08Z [14,306ms] [Warning] [isaacsim.ros2.nodes.ogn.python.nodes.OgnROS2RtxLidarHelper] fullScan is deprecated. RTX Lidar now always produces full scans via accumulateOutputs. This setting is ignored.
2026-09-30T16:41:08Z [14,324ms] [Warning] [isaacsim.core.experimental.primdata.plugin] PrimDataReader: DOF effort readings are not available on the Newton backend. The dof_efforts field will be unavailable.
2026-09-30T16:41:08Z [14,509ms] [Warning] [rtx.hydra] Camera '/World/Nova_Carter_ROS/chassis_link/sensors/front_hawk/left/camera_left': Projection type 'fisheyePolynomial' is deprecated. Please use 'opencvFisheye', 'opencvPinhole', 'lut', or 'omniDirectionalStereo' instead.
2026-09-30T16:41:08Z [14,509ms] [Warning] [rtx.hydra] Camera '/World/Nova_Carter_ROS/chassis_link/sensors/front_hawk/right/camera_right': Projection type 'fisheyePolynomial' is deprecated. Please use 'opencvFisheye', 'opencvPinhole', 'lut', or 'omniDirectionalStereo' instead.
2026-09-30T16:41:08Z [14,596ms] [Warning] [rtx.rtxsensor.plugin] Multi-tick is enabled but motion BVH is not active. This is not supported.
2026-09-30T16:41:08Z [14,596ms] [Warning] [rtx.sensors.lidar.core.plugin] MotionBVH for lidar model not enabled. This will result in an incorrect point cloud without motion effects!
2026-09-30T16:41:09Z [15,301ms] [Warning] [omni.timeline.plugin] Deprecated: direct use of ITimeline callbacks is deprecated. Use ITimeline::getTimeline (Python: omni.timeline.get_timeline_interface) instead.
2026-09-30T16:41:15Z [21,998ms] [Warning] [isaacsim.ros2.nodes] ROS2 TF aggregation contributor '/World/Nova_Carter_ROS/chassis_link/sensors/left_owl/ROS_TF/PublisherTF' did not submit transforms for topic '/tf' on flush cycle 340
2026-09-30T16:41:15Z [21,998ms] [Warning] [isaacsim.ros2.nodes] ROS2 TF aggregation contributor '/World/Nova_Carter_ROS/chassis_link/sensors/XT_32/ROS_TF/PublisherTF' did not submit transforms for topic '/tf' on flush cycle 340
2026-09-30T16:41:15Z [21,998ms] [Warning] [isaacsim.ros2.nodes] ROS2 TF aggregation contributor '/World/Nova_Carter_ROS/chassis_link/sensors/front_hawk/ROS_TF/PublisherTF' did not submit transforms for topic '/tf' on flush cycle 340
2026-09-30T16:41:15Z [21,998ms] [Warning] [isaacsim.ros2.nodes] ROS2 TF aggregation contributor '/World/Nova_Carter_ROS/chassis_link/sensors/back_hawk/ROS_TF/PublisherTF' did not submit transforms for topic '/tf' on flush cycle 340
2026-09-30T16:41:15Z [21,998ms] [Warning] [isaacsim.ros2.nodes] ROS2 TF aggregation contributor '/World/Nova_Carter_ROS/chassis_link/sensors/left_hawk/ROS_TF/PublisherTF' did not submit transforms for topic '/tf' on flush cycle 340
2026-09-30T16:41:15Z [21,998ms] [Warning] [isaacsim.ros2.nodes] ROS2 TF aggregation contributor '/World/Nova_Carter_ROS/transform_tree_odometry/ros2_publish_raw_transform_tree' did not submit transforms for topic '/tf' on flush cycle 340
2026-09-30T16:41:15Z [21,998ms] [Warning] [isaacsim.ros2.nodes] ROS2 TF aggregation contributor '/World/Nova_Carter_ROS/chassis_link/sensors/rear_RPLidar/ROS_TF/PublisherTF' did not submit transforms for topic '/tf' on flush cycle 340
2026-09-30T16:41:15Z [21,998ms] [Warning] [isaacsim.ros2.nodes] ROS2 TF aggregation contributor '/World/Nova_Carter_ROS/chassis_link/sensors/right_owl/ROS_TF/PublisherTF' did not submit transforms for topic '/tf' on flush cycle 340
2026-09-30T16:41:15Z [21,998ms] [Warning] [isaacsim.ros2.nodes] ROS2 TF aggregation contributor '/World/Nova_Carter_ROS/chassis_link/sensors/front_RPLidar/ROS_TF/PublisherTF' did not submit transforms for topic '/tf' on flush cycle 340
2026-09-30T16:41:15Z [21,998ms] [Warning] [isaacsim.ros2.nodes] ROS2 TF aggregation contributor '/World/Nova_Carter_ROS/chassis_link/sensors/right_hawk/ROS_TF/PublisherTF' did not submit transforms for topic '/tf' on flush cycle 340
2026-09-30T16:41:15Z [21,998ms] [Warning] [isaacsim.ros2.nodes] ROS2 TF aggregation contributor '/World/Nova_Carter_ROS/chassis_link/sensors/front_owl/ROS_TF/PublisherTF' did not submit transforms for topic '/tf' on flush cycle 340
2026-09-30T16:41:15Z [21,998ms] [Warning] [isaacsim.ros2.nodes] ROS2 TF aggregation contributor '/World/Nova_Carter_ROS/chassis_link/sensors/back_owl/ROS_TF/PublisherTF' did not submit transforms for topic '/tf' on flush cycle 340
2026-09-30T16:41:15Z [21,998ms] [Warning] [isaacsim.ros2.nodes] ROS2 TF aggregation contributor '/World/Nova_Carter_ROS/transform_tree_odometry/tf_tree_base_link_to_wheel_base' did not submit transforms for topic '/tf' on flush cycle 340
2026-09-30T16:41:15Z [21,998ms] [Warning] [isaacsim.ros2.nodes] ROS2 TF aggregation contributor '/World/Nova_Carter_ROS/transform_tree_odometry/tf_tree_base_link_to_sensors' did not submit transforms for topic '/tf' on flush cycle 340
2026-09-30T16:41:15Z [21,998ms] [Warning] [isaacsim.ros2.nodes] ROS2 TF aggregation contributor '/World/Nova_Carter_ROS/transform_tree_odometry/tf_tree_base_link_to_chassis' did not submit transforms for topic '/tf' on flush cycle 340
2026-09-30T16:41:27Z [33,328ms] [Warning] [isaacsim.ros2.nodes] ROS2 TF aggregation contributor '/World/Nova_Carter_ROS/chassis_link/sensors/left_owl/ROS_TF/PublisherTF' did not submit transforms for topic '/tf' on flush cycle 943
2026-09-30T16:41:27Z [33,328ms] [Warning] [isaacsim.ros2.nodes] ROS2 TF aggregation contributor '/World/Nova_Carter_ROS/chassis_link/sensors/XT_32/ROS_TF/PublisherTF' did not submit transforms for topic '/tf' on flush cycle 943
2026-09-30T16:41:27Z [33,328ms] [Warning] [isaacsim.ros2.nodes] ROS2 TF aggregation contributor '/World/Nova_Carter_ROS/chassis_link/sensors/front_hawk/ROS_TF/PublisherTF' did not submit transforms for topic '/tf' on flush cycle 943
2026-09-30T16:41:27Z [33,328ms] [Warning] [isaacsim.ros2.nodes] ROS2 TF aggregation contributor '/World/Nova_Carter_ROS/chassis_link/sensors/back_hawk/ROS_TF/PublisherTF' did not submit transforms for topic '/tf' on flush cycle 943
2026-09-30T16:41:27Z [33,328ms] [Warning] [isaacsim.ros2.nodes] ROS2 TF aggregation contributor '/World/Nova_Carter_ROS/chassis_link/sensors/left_hawk/ROS_TF/PublisherTF' did not submit transforms for topic '/tf' on flush cycle 943
2026-09-30T16:41:27Z [33,328ms] [Warning] [isaacsim.ros2.nodes] ROS2 TF aggregation contributor '/World/Nova_Carter_ROS/transform_tree_odometry/ros2_publish_raw_transform_tree' did not submit transforms for topic '/tf' on flush cycle 943
2026-09-30T16:41:27Z [33,328ms] [Warning] [isaacsim.ros2.nodes] ROS2 TF aggregation contributor '/World/Nova_Carter_ROS/chassis_link/sensors/rear_RPLidar/ROS_TF/PublisherTF' did not submit transforms for topic '/tf' on flush cycle 943
2026-09-30T16:41:27Z [33,328ms] [Warning] [isaacsim.ros2.nodes] ROS2 TF aggregation contributor '/World/Nova_Carter_ROS/chassis_link/sensors/right_owl/ROS_TF/PublisherTF' did not submit transforms for topic '/tf' on flush cycle 943
2026-09-30T16:41:27Z [33,328ms] [Warning] [isaacsim.ros2.nodes] ROS2 TF aggregation contributor '/World/Nova_Carter_ROS/chassis_link/sensors/front_RPLidar/ROS_TF/PublisherTF' did not submit transforms for topic '/tf' on flush cycle 943
2026-09-30T16:41:27Z [33,328ms] [Warning] [isaacsim.ros2.nodes] ROS2 TF aggregation contributor '/World/Nova_Carter_ROS/chassis_link/sensors/right_hawk/ROS_TF/PublisherTF' did not submit transforms for topic '/tf' on flush cycle 943
2026-09-30T16:41:27Z [33,328ms] [Warning] [isaacsim.ros2.nodes] ROS2 TF aggregation contributor '/World/Nova_Carter_ROS/chassis_link/sensors/front_owl/ROS_TF/PublisherTF' did not submit transforms for topic '/tf' on flush cycle 943
2026-09-30T16:41:27Z [33,328ms] [Warning] [isaacsim.ros2.nodes] ROS2 TF aggregation contributor '/World/Nova_Carter_ROS/chassis_link/sensors/back_owl/ROS_TF/PublisherTF' did not submit transforms for topic '/tf' on flush cycle 943
2026-09-30T16:41:27Z [33,328ms] [Warning] [isaacsim.ros2.nodes] ROS2 TF aggregation contributor '/World/Nova_Carter_ROS/transform_tree_odometry/tf_tree_base_link_to_wheel_base' did not submit transforms for topic '/tf' on flush cycle 943
2026-09-30T16:41:27Z [33,328ms] [Warning] [isaacsim.ros2.nodes] ROS2 TF aggregation contributor '/World/Nova_Carter_ROS/transform_tree_odometry/tf_tree_base_link_to_sensors' did not submit transforms for topic '/tf' on flush cycle 943
2026-09-30T16:41:27Z [33,328ms] [Warning] [isaacsim.ros2.nodes] ROS2 TF aggregation contributor '/World/Nova_Carter_ROS/transform_tree_odometry/tf_tree_base_link_to_chassis' did not submit transforms for topic '/tf' on flush cycle 943
2026-09-30T16:41:29Z [35,505ms] [Warning] [isaacsim.ros2.nodes] ROS2 TF aggregation contributor '/World/Nova_Carter_ROS/chassis_link/sensors/left_owl/ROS_TF/PublisherTF' did not submit transforms for topic '/tf' on flush cycle 1063
2026-09-30T16:41:29Z [35,505ms] [Warning] [isaacsim.ros2.nodes] ROS2 TF aggregation contributor '/World/Nova_Carter_ROS/chassis_link/sensors/XT_32/ROS_TF/PublisherTF' did not submit transforms for topic '/tf' on flush cycle 1063
2026-09-30T16:41:29Z [35,505ms] [Warning] [isaacsim.ros2.nodes] ROS2 TF aggregation contributor '/World/Nova_Carter_ROS/chassis_link/sensors/front_hawk/ROS_TF/PublisherTF' did not submit transforms for topic '/tf' on flush cycle 1063
2026-09-30T16:41:29Z [35,505ms] [Warning] [isaacsim.ros2.nodes] ROS2 TF aggregation contributor '/World/Nova_Carter_ROS/chassis_link/sensors/back_hawk/ROS_TF/PublisherTF' did not submit transforms for topic '/tf' on flush cycle 1063
2026-09-30T16:41:29Z [35,505ms] [Warning] [isaacsim.ros2.nodes] ROS2 TF aggregation contributor '/World/Nova_Carter_ROS/chassis_link/sensors/left_hawk/ROS_TF/PublisherTF' did not submit transforms for topic '/tf' on flush cycle 1063
2026-09-30T16:41:29Z [35,505ms] [Warning] [isaacsim.ros2.nodes] ROS2 TF aggregation contributor '/World/Nova_Carter_ROS/transform_tree_odometry/ros2_publish_raw_transform_tree' did not submit transforms for topic '/tf' on flush cycle 1063
2026-09-30T16:41:29Z [35,505ms] [Warning] [isaacsim.ros2.nodes] ROS2 TF aggregation contributor '/World/Nova_Carter_ROS/chassis_link/sensors/rear_RPLidar/ROS_TF/PublisherTF' did not submit transforms for topic '/tf' on flush cycle 1063
2026-09-30T16:41:29Z [35,505ms] [Warning] [isaacsim.ros2.nodes] ROS2 TF aggregation contributor '/World/Nova_Carter_ROS/chassis_link/sensors/right_owl/ROS_TF/PublisherTF' did not submit transforms for topic '/tf' on flush cycle 1063
2026-09-30T16:41:29Z [35,505ms] [Warning] [isaacsim.ros2.nodes] ROS2 TF aggregation contributor '/World/Nova_Carter_ROS/chassis_link/sensors/front_RPLidar/ROS_TF/PublisherTF' did not submit transforms for topic '/tf' on flush cycle 1063
2026-09-30T16:41:29Z [35,505ms] [Warning] [isaacsim.ros2.nodes] ROS2 TF aggregation contributor '/World/Nova_Carter_ROS/chassis_link/sensors/right_hawk/ROS_TF/PublisherTF' did not submit transforms for topic '/tf' on flush cycle 1063
2026-09-30T16:41:29Z [35,505ms] [Warning] [isaacsim.ros2.nodes] ROS2 TF aggregation contributor '/World/Nova_Carter_ROS/chassis_link/sensors/front_owl/ROS_TF/PublisherTF' did not submit transforms for topic '/tf' on flush cycle 1063
2026-09-30T16:41:29Z [35,505ms] [Warning] [isaacsim.ros2.nodes] ROS2 TF aggregation contributor '/World/Nova_Carter_ROS/chassis_link/sensors/back_owl/ROS_TF/PublisherTF' did not submit transforms for topic '/tf' on flush cycle 1063
2026-09-30T16:41:29Z [35,505ms] [Warning] [isaacsim.ros2.nodes] ROS2 TF aggregation contributor '/World/Nova_Carter_ROS/transform_tree_odometry/tf_tree_base_link_to_wheel_base' did not submit transforms for topic '/tf' on flush cycle 1063
2026-09-30T16:41:29Z [35,505ms] [Warning] [isaacsim.ros2.nodes] ROS2 TF aggregation contributor '/World/Nova_Carter_ROS/transform_tree_odometry/tf_tree_base_link_to_sensors' did not submit transforms for topic '/tf' on flush cycle 1063
2026-09-30T16:41:29Z [35,505ms] [Warning] [isaacsim.ros2.nodes] ROS2 TF aggregation contributor '/World/Nova_Carter_ROS/transform_tree_odometry/tf_tree_base_link_to_chassis' did not submit transforms for topic '/tf' on flush cycle 1063
2026-09-30T16:41:31Z [37,596ms] [Warning] [isaacsim.ros2.nodes] ROS2 TF aggregation contributor '/World/Nova_Carter_ROS/chassis_link/sensors/left_owl/ROS_TF/PublisherTF' did not submit transforms for topic '/tf' on flush cycle 1183
2026-09-30T16:41:31Z [37,596ms] [Warning] [isaacsim.ros2.nodes] ROS2 TF aggregation contributor '/World/Nova_Carter_ROS/chassis_link/sensors/XT_32/ROS_TF/PublisherTF' did not submit transforms for topic '/tf' on flush cycle 1183
2026-09-30T16:41:31Z [37,596ms] [Warning] [isaacsim.ros2.nodes] ROS2 TF aggregation contributor '/World/Nova_Carter_ROS/chassis_link/sensors/front_hawk/ROS_TF/PublisherTF' did not submit transforms for topic '/tf' on flush cycle 1183
2026-09-30T16:41:31Z [37,596ms] [Warning] [isaacsim.ros2.nodes] ROS2 TF aggregation contributor '/World/Nova_Carter_ROS/chassis_link/sensors/back_hawk/ROS_TF/PublisherTF' did not submit transforms for topic '/tf' on flush cycle 1183
2026-09-30T16:41:31Z [37,596ms] [Warning] [isaacsim.ros2.nodes] ROS2 TF aggregation contributor '/World/Nova_Carter_ROS/chassis_link/sensors/left_hawk/ROS_TF/PublisherTF' did not submit transforms for topic '/tf' on flush cycle 1183
2026-09-30T16:41:31Z [37,596ms] [Warning] [isaacsim.ros2.nodes] ROS2 TF aggregation contributor '/World/Nova_Carter_ROS/transform_tree_odometry/ros2_publish_raw_transform_tree' did not submit transforms for topic '/tf' on flush cycle 1183
2026-09-30T16:41:31Z [37,596ms] [Warning] [isaacsim.ros2.nodes] ROS2 TF aggregation contributor '/World/Nova_Carter_ROS/chassis_link/sensors/rear_RPLidar/ROS_TF/PublisherTF' did not submit transforms for topic '/tf' on flush cycle 1183
2026-09-30T16:41:31Z [37,596ms] [Warning] [isaacsim.ros2.nodes] ROS2 TF aggregation contributor '/World/Nova_Carter_ROS/chassis_link/sensors/right_owl/ROS_TF/PublisherTF' did not submit transforms for topic '/tf' on flush cycle 1183
2026-09-30T16:41:31Z [37,596ms] [Warning] [isaacsim.ros2.nodes] ROS2 TF aggregation contributor '/World/Nova_Carter_ROS/chassis_link/sensors/front_RPLidar/ROS_TF/PublisherTF' did not submit transforms for topic '/tf' on flush cycle 1183
2026-09-30T16:41:31Z [37,596ms] [Warning] [isaacsim.ros2.nodes] ROS2 TF aggregation contributor '/World/Nova_Carter_ROS/chassis_link/sensors/right_hawk/ROS_TF/PublisherTF' did not submit transforms for topic '/tf' on flush cycle 1183
2026-09-30T16:41:31Z [37,596ms] [Warning] [isaacsim.ros2.nodes] ROS2 TF aggregation contributor '/World/Nova_Carter_ROS/chassis_link/sensors/front_owl/ROS_TF/PublisherTF' did not submit transforms for topic '/tf' on flush cycle 1183
2026-09-30T16:41:31Z [37,596ms] [Warning] [isaacsim.ros2.nodes] ROS2 TF aggregation contributor '/World/Nova_Carter_ROS/chassis_link/sensors/back_owl/ROS_TF/PublisherTF' did not submit transforms for topic '/tf' on flush cycle 1183
2026-09-30T16:41:31Z [37,596ms] [Warning] [isaacsim.ros2.nodes] ROS2 TF aggregation contributor '/World/Nova_Carter_ROS/transform_tree_odometry/tf_tree_base_link_to_wheel_base' did not submit transforms for topic '/tf' on flush cycle 1183
2026-09-30T16:41:31Z [37,596ms] [Warning] [isaacsim.ros2.nodes] ROS2 TF aggregation contributor '/World/Nova_Carter_ROS/transform_tree_odometry/tf_tree_base_link_to_sensors' did not submit transforms for topic '/tf' on flush cycle 1183
2026-09-30T16:41:31Z [37,596ms] [Warning] [isaacsim.ros2.nodes] ROS2 TF aggregation contributor '/World/Nova_Carter_ROS/transform_tree_odometry/tf_tree_base_link_to_chassis' did not submit transforms for topic '/tf' on flush cycle 1183
2026-09-30T16:41:33Z [39,687ms] [Warning] [isaacsim.ros2.nodes] ROS2 TF aggregation contributor '/World/Nova_Carter_ROS/chassis_link/sensors/left_owl/ROS_TF/PublisherTF' did not submit transforms for topic '/tf' on flush cycle 1303
2026-09-30T16:41:33Z [39,687ms] [Warning] [isaacsim.ros2.nodes] ROS2 TF aggregation contributor '/World/Nova_Carter_ROS/chassis_link/sensors/XT_32/ROS_TF/PublisherTF' did not submit transforms for topic '/tf' on flush cycle 1303
2026-09-30T16:41:33Z [39,687ms] [Warning] [isaacsim.ros2.nodes] ROS2 TF aggregation contributor '/World/Nova_Carter_ROS/chassis_link/sensors/front_hawk/ROS_TF/PublisherTF' did not submit transforms for topic '/tf' on flush cycle 1303
2026-09-30T16:41:33Z [39,687ms] [Warning] [isaacsim.ros2.nodes] ROS2 TF aggregation contributor '/World/Nova_Carter_ROS/chassis_link/sensors/back_hawk/ROS_TF/PublisherTF' did not submit transforms for topic '/tf' on flush cycle 1303
2026-09-30T16:41:33Z [39,687ms] [Warning] [isaacsim.ros2.nodes] ROS2 TF aggregation contributor '/World/Nova_Carter_ROS/chassis_link/sensors/left_hawk/ROS_TF/PublisherTF' did not submit transforms for topic '/tf' on flush cycle 1303
2026-09-30T16:41:33Z [39,687ms] [Warning] [isaacsim.ros2.nodes] ROS2 TF aggregation contributor '/World/Nova_Carter_ROS/transform_tree_odometry/ros2_publish_raw_transform_tree' did not submit transforms for topic '/tf' on flush cycle 1303
2026-09-30T16:41:33Z [39,687ms] [Warning] [isaacsim.ros2.nodes] ROS2 TF aggregation contributor '/World/Nova_Carter_ROS/chassis_link/sensors/rear_RPLidar/ROS_TF/PublisherTF' did not submit transforms for topic '/tf' on flush cycle 1303
2026-09-30T16:41:33Z [39,687ms] [Warning] [isaacsim.ros2.nodes] ROS2 TF aggregation contributor '/World/Nova_Carter_ROS/chassis_link/sensors/right_owl/ROS_TF/PublisherTF' did not submit transforms for topic '/tf' on flush cycle 1303
2026-09-30T16:41:33Z [39,687ms] [Warning] [isaacsim.ros2.nodes] ROS2 TF aggregation contributor '/World/Nova_Carter_ROS/chassis_link/sensors/front_RPLidar/ROS_TF/PublisherTF' did not submit transforms for topic '/tf' on flush cycle 1303
2026-09-30T16:41:33Z [39,687ms] [Warning] [isaacsim.ros2.nodes] ROS2 TF aggregation contributor '/World/Nova_Carter_ROS/chassis_link/sensors/right_hawk/ROS_TF/PublisherTF' did not submit transforms for topic '/tf' on flush cycle 1303
2026-09-30T16:41:33Z [39,687ms] [Warning] [isaacsim.ros2.nodes] ROS2 TF aggregation contributor '/World/Nova_Carter_ROS/chassis_link/sensors/front_owl/ROS_TF/PublisherTF' did not submit transforms for topic '/tf' on flush cycle 1303
2026-09-30T16:41:33Z [39,687ms] [Warning] [isaacsim.ros2.nodes] ROS2 TF aggregation contributor '/World/Nova_Carter_ROS/chassis_link/sensors/back_owl/ROS_TF/PublisherTF' did not submit transforms for topic '/tf' on flush cycle 1303
2026-09-30T16:41:33Z [39,687ms] [Warning] [isaacsim.ros2.nodes] ROS2 TF aggregation contributor '/World/Nova_Carter_ROS/transform_tree_odometry/tf_tree_base_link_to_wheel_base' did not submit transforms for topic '/tf' on flush cycle 1303
2026-09-30T16:41:33Z [39,687ms] [Warning] [isaacsim.ros2.nodes] ROS2 TF aggregation contributor '/World/Nova_Carter_ROS/transform_tree_odometry/tf_tree_base_link_to_sensors' did not submit transforms for topic '/tf' on flush cycle 1303
2026-09-30T16:41:33Z [39,687ms] [Warning] [isaacsim.ros2.nodes] ROS2 TF aggregation contributor '/World/Nova_Carter_ROS/transform_tree_odometry/tf_tree_base_link_to_chassis' did not submit transforms for topic '/tf' on flush cycle 1303
2026-09-30T16:41:35Z [41,781ms] [Warning] [isaacsim.ros2.nodes] ROS2 TF aggregation contributor '/World/Nova_Carter_ROS/chassis_link/sensors/left_owl/ROS_TF/PublisherTF' did not submit transforms for topic '/tf' on flush cycle 1423
2026-09-30T16:41:35Z [41,781ms] [Warning] [isaacsim.ros2.nodes] ROS2 TF aggregation contributor '/World/Nova_Carter_ROS/chassis_link/sensors/XT_32/ROS_TF/PublisherTF' did not submit transforms for topic '/tf' on flush cycle 1423
2026-09-30T16:41:35Z [41,781ms] [Warning] [isaacsim.ros2.nodes] ROS2 TF aggregation contributor '/World/Nova_Carter_ROS/chassis_link/sensors/front_hawk/ROS_TF/PublisherTF' did not submit transforms for topic '/tf' on flush cycle 1423
2026-09-30T16:41:35Z [41,781ms] [Warning] [isaacsim.ros2.nodes] ROS2 TF aggregation contributor '/World/Nova_Carter_ROS/chassis_link/sensors/back_hawk/ROS_TF/PublisherTF' did not submit transforms for topic '/tf' on flush cycle 1423
2026-09-30T16:41:35Z [41,781ms] [Warning] [isaacsim.ros2.nodes] ROS2 TF aggregation contributor '/World/Nova_Carter_ROS/chassis_link/sensors/left_hawk/ROS_TF/PublisherTF' did not submit transforms for topic '/tf' on flush cycle 1423
2026-09-30T16:41:35Z [41,781ms] [Warning] [isaacsim.ros2.nodes] ROS2 TF aggregation contributor '/World/Nova_Carter_ROS/transform_tree_odometry/ros2_publish_raw_transform_tree' did not submit transforms for topic '/tf' on flush cycle 1423
2026-09-30T16:41:35Z [41,781ms] [Warning] [isaacsim.ros2.nodes] ROS2 TF aggregation contributor '/World/Nova_Carter_ROS/chassis_link/sensors/rear_RPLidar/ROS_TF/PublisherTF' did not submit transforms for topic '/tf' on flush cycle 1423
2026-09-30T16:41:35Z [41,781ms] [Warning] [isaacsim.ros2.nodes] ROS2 TF aggregation contributor '/World/Nova_Carter_ROS/chassis_link/sensors/right_owl/ROS_TF/PublisherTF' did not submit transforms for topic '/tf' on flush cycle 1423
2026-09-30T16:41:35Z [41,781ms] [Warning] [isaacsim.ros2.nodes] ROS2 TF aggregation contributor '/World/Nova_Carter_ROS/chassis_link/sensors/front_RPLidar/ROS_TF/PublisherTF' did not submit transforms for topic '/tf' on flush cycle 1423
2026-09-30T16:41:35Z [41,781ms] [Warning] [isaacsim.ros2.nodes] ROS2 TF aggregation contributor '/World/Nova_Carter_ROS/chassis_link/sensors/right_hawk/ROS_TF/PublisherTF' did not submit transforms for topic '/tf' on flush cycle 1423
2026-09-30T16:41:35Z [41,781ms] [Warning] [isaacsim.ros2.nodes] ROS2 TF aggregation contributor '/World/Nova_Carter_ROS/chassis_link/sensors/front_owl/ROS_TF/PublisherTF' did not submit transforms for topic '/tf' on flush cycle 1423
2026-09-30T16:41:35Z [41,781ms] [Warning] [isaacsim.ros2.nodes] ROS2 TF aggregation contributor '/World/Nova_Carter_ROS/chassis_link/sensors/back_owl/ROS_TF/PublisherTF' did not submit transforms for topic '/tf' on flush cycle 1423
2026-09-30T16:41:35Z [41,781ms] [Warning] [isaacsim.ros2.nodes] ROS2 TF aggregation contributor '/World/Nova_Carter_ROS/transform_tree_odometry/tf_tree_base_link_to_wheel_base' did not submit transforms for topic '/tf' on flush cycle 1423
2026-09-30T16:41:35Z [41,781ms] [Warning] [isaacsim.ros2.nodes] ROS2 TF aggregation contributor '/World/Nova_Carter_ROS/transform_tree_odometry/tf_tree_base_link_to_sensors' did not submit transforms for topic '/tf' on flush cycle 1423
2026-09-30T16:41:35Z [41,782ms] [Warning] [isaacsim.ros2.nodes] ROS2 TF aggregation contributor '/World/Nova_Carter_ROS/transform_tree_odometry/tf_tree_base_link_to_chassis' did not submit transforms for topic '/tf' on flush cycle 1423
2026-09-30T16:41:37Z [43,925ms] [Warning] [isaacsim.ros2.nodes] ROS2 TF aggregation contributor '/World/Nova_Carter_ROS/chassis_link/sensors/left_owl/ROS_TF/PublisherTF' did not submit transforms for topic '/tf' on flush cycle 1543
2026-09-30T16:41:37Z [43,925ms] [Warning] [isaacsim.ros2.nodes] ROS2 TF aggregation contributor '/World/Nova_Carter_ROS/chassis_link/sensors/XT_32/ROS_TF/PublisherTF' did not submit transforms for topic '/tf' on flush cycle 1543
2026-09-30T16:41:37Z [43,925ms] [Warning] [isaacsim.ros2.nodes] ROS2 TF aggregation contributor '/World/Nova_Carter_ROS/chassis_link/sensors/front_hawk/ROS_TF/PublisherTF' did not submit transforms for topic '/tf' on flush cycle 1543
2026-09-30T16:41:37Z [43,925ms] [Warning] [isaacsim.ros2.nodes] ROS2 TF aggregation contributor '/World/Nova_Carter_ROS/chassis_link/sensors/back_hawk/ROS_TF/PublisherTF' did not submit transforms for topic '/tf' on flush cycle 1543
2026-09-30T16:41:37Z [43,925ms] [Warning] [isaacsim.ros2.nodes] ROS2 TF aggregation contributor '/World/Nova_Carter_ROS/chassis_link/sensors/left_hawk/ROS_TF/PublisherTF' did not submit transforms for topic '/tf' on flush cycle 1543
2026-09-30T16:41:37Z [43,925ms] [Warning] [isaacsim.ros2.nodes] ROS2 TF aggregation contributor '/World/Nova_Carter_ROS/transform_tree_odometry/ros2_publish_raw_transform_tree' did not submit transforms for topic '/tf' on flush cycle 1543
2026-09-30T16:41:37Z [43,925ms] [Warning] [isaacsim.ros2.nodes] ROS2 TF aggregation contributor '/World/Nova_Carter_ROS/chassis_link/sensors/rear_RPLidar/ROS_TF/PublisherTF' did not submit transforms for topic '/tf' on flush cycle 1543
2026-09-30T16:41:37Z [43,925ms] [Warning] [isaacsim.ros2.nodes] ROS2 TF aggregation contributor '/World/Nova_Carter_ROS/chassis_link/sensors/right_owl/ROS_TF/PublisherTF' did not submit transforms for topic '/tf' on flush cycle 1543
2026-09-30T16:41:37Z [43,925ms] [Warning] [isaacsim.ros2.nodes] ROS2 TF aggregation contributor '/World/Nova_Carter_ROS/chassis_link/sensors/front_RPLidar/ROS_TF/PublisherTF' did not submit transforms for topic '/tf' on flush cycle 1543
2026-09-30T16:41:37Z [43,925ms] [Warning] [isaacsim.ros2.nodes] ROS2 TF aggregation contributor '/World/Nova_Carter_ROS/chassis_link/sensors/right_hawk/ROS_TF/PublisherTF' did not submit transforms for topic '/tf' on flush cycle 1543
2026-09-30T16:41:37Z [43,925ms] [Warning] [isaacsim.ros2.nodes] ROS2 TF aggregation contributor '/World/Nova_Carter_ROS/chassis_link/sensors/front_owl/ROS_TF/PublisherTF' did not submit transforms for topic '/tf' on flush cycle 1543
2026-09-30T16:41:37Z [43,925ms] [Warning] [isaacsim.ros2.nodes] ROS2 TF aggregation contributor '/World/Nova_Carter_ROS/chassis_link/sensors/back_owl/ROS_TF/PublisherTF' did not submit transforms for topic '/tf' on flush cycle 1543
2026-09-30T16:41:37Z [43,925ms] [Warning] [isaacsim.ros2.nodes] ROS2 TF aggregation contributor '/World/Nova_Carter_ROS/transform_tree_odometry/tf_tree_base_link_to_wheel_base' did not submit transforms for topic '/tf' on flush cycle 1543
2026-09-30T16:41:37Z [43,926ms] [Warning] [isaacsim.ros2.nodes] ROS2 TF aggregation contributor '/World/Nova_Carter_ROS/transform_tree_odometry/tf_tree_base_link_to_sensors' did not submit transforms for topic '/tf' on flush cycle 1543
2026-09-30T16:41:37Z [43,926ms] [Warning] [isaacsim.ros2.nodes] ROS2 TF aggregation contributor '/World/Nova_Carter_ROS/transform_tree_odometry/tf_tree_base_link_to_chassis' did not submit transforms for topic '/tf' on flush cycle 1543
2026-09-30T16:41:41Z [47,373ms] [Warning] [omni.graph.core.plugin] /World/Nova_Carter_ROS/differential_drive/differential_controller_01: [/World/Nova_Carter_ROS/differential_drive] Invalid deltaTime 0.000000, cannot check for acceleration limits, skipping current step
2026-09-30T16:41:49Z [55,699ms] [Warning] [isaacsim.ros2.nodes] ROS2 TF aggregation contributor '/World/Nova_Carter_ROS/chassis_link/sensors/left_owl/ROS_TF/PublisherTF' did not submit transforms for topic '/tf' on flush cycle 2206
2026-09-30T16:41:49Z [55,699ms] [Warning] [isaacsim.ros2.nodes] ROS2 TF aggregation contributor '/World/Nova_Carter_ROS/chassis_link/sensors/XT_32/ROS_TF/PublisherTF' did not submit transforms for topic '/tf' on flush cycle 2206
2026-09-30T16:41:49Z [55,699ms] [Warning] [isaacsim.ros2.nodes] ROS2 TF aggregation contributor '/World/Nova_Carter_ROS/chassis_link/sensors/front_hawk/ROS_TF/PublisherTF' did not submit transforms for topic '/tf' on flush cycle 2206
2026-09-30T16:41:49Z [55,699ms] [Warning] [isaacsim.ros2.nodes] ROS2 TF aggregation contributor '/World/Nova_Carter_ROS/chassis_link/sensors/back_hawk/ROS_TF/PublisherTF' did not submit transforms for topic '/tf' on flush cycle 2206
2026-09-30T16:41:49Z [55,699ms] [Warning] [isaacsim.ros2.nodes] ROS2 TF aggregation contributor '/World/Nova_Carter_ROS/chassis_link/sensors/left_hawk/ROS_TF/PublisherTF' did not submit transforms for topic '/tf' on flush cycle 2206
2026-09-30T16:41:49Z [55,699ms] [Warning] [isaacsim.ros2.nodes] ROS2 TF aggregation contributor '/World/Nova_Carter_ROS/transform_tree_odometry/ros2_publish_raw_transform_tree' did not submit transforms for topic '/tf' on flush cycle 2206
2026-09-30T16:41:49Z [55,699ms] [Warning] [isaacsim.ros2.nodes] ROS2 TF aggregation contributor '/World/Nova_Carter_ROS/chassis_link/sensors/rear_RPLidar/ROS_TF/PublisherTF' did not submit transforms for topic '/tf' on flush cycle 2206
2026-09-30T16:41:49Z [55,699ms] [Warning] [isaacsim.ros2.nodes] ROS2 TF aggregation contributor '/World/Nova_Carter_ROS/chassis_link/sensors/right_owl/ROS_TF/PublisherTF' did not submit transforms for topic '/tf' on flush cycle 2206
2026-09-30T16:41:49Z [55,699ms] [Warning] [isaacsim.ros2.nodes] ROS2 TF aggregation contributor '/World/Nova_Carter_ROS/chassis_link/sensors/front_RPLidar/ROS_TF/PublisherTF' did not submit transforms for topic '/tf' on flush cycle 2206
2026-09-30T16:41:49Z [55,699ms] [Warning] [isaacsim.ros2.nodes] ROS2 TF aggregation contributor '/World/Nova_Carter_ROS/chassis_link/sensors/right_hawk/ROS_TF/PublisherTF' did not submit transforms for topic '/tf' on flush cycle 2206
2026-09-30T16:41:49Z [55,699ms] [Warning] [isaacsim.ros2.nodes] ROS2 TF aggregation contributor '/World/Nova_Carter_ROS/chassis_link/sensors/front_owl/ROS_TF/PublisherTF' did not submit transforms for topic '/tf' on flush cycle 2206
2026-09-30T16:41:49Z [55,699ms] [Warning] [isaacsim.ros2.nodes] ROS2 TF aggregation contributor '/World/Nova_Carter_ROS/chassis_link/sensors/back_owl/ROS_TF/PublisherTF' did not submit transforms for topic '/tf' on flush cycle 2206
2026-09-30T16:41:49Z [55,699ms] [Warning] [isaacsim.ros2.nodes] ROS2 TF aggregation contributor '/World/Nova_Carter_ROS/transform_tree_odometry/tf_tree_base_link_to_wheel_base' did not submit transforms for topic '/tf' on flush cycle 2206
2026-09-30T16:41:49Z [55,699ms] [Warning] [isaacsim.ros2.nodes] ROS2 TF aggregation contributor '/World/Nova_Carter_ROS/transform_tree_odometry/tf_tree_base_link_to_sensors' did not submit transforms for topic '/tf' on flush cycle 2206
2026-09-30T16:41:49Z [55,699ms] [Warning] [isaacsim.ros2.nodes] ROS2 TF aggregation contributor '/World/Nova_Carter_ROS/transform_tree_odometry/tf_tree_base_link_to_chassis' did not submit transforms for topic '/tf' on flush cycle 2206
2026-09-30T16:41:51Z [57,732ms] [Warning] [isaacsim.ros2.nodes] ROS2 TF aggregation contributor '/World/Nova_Carter_ROS/chassis_link/sensors/left_owl/ROS_TF/PublisherTF' did not submit transforms for topic '/tf' on flush cycle 2326
2026-09-30T16:41:51Z [57,732ms] [Warning] [isaacsim.ros2.nodes] ROS2 TF aggregation contributor '/World/Nova_Carter_ROS/chassis_link/sensors/XT_32/ROS_TF/PublisherTF' did not submit transforms for topic '/tf' on flush cycle 2326
2026-09-30T16:41:51Z [57,732ms] [Warning] [isaacsim.ros2.nodes] ROS2 TF aggregation contributor '/World/Nova_Carter_ROS/chassis_link/sensors/front_hawk/ROS_TF/PublisherTF' did not submit transforms for topic '/tf' on flush cycle 2326
2026-09-30T16:41:51Z [57,732ms] [Warning] [isaacsim.ros2.nodes] ROS2 TF aggregation contributor '/World/Nova_Carter_ROS/chassis_link/sensors/back_hawk/ROS_TF/PublisherTF' did not submit transforms for topic '/tf' on flush cycle 2326
2026-09-30T16:41:51Z [57,732ms] [Warning] [isaacsim.ros2.nodes] ROS2 TF aggregation contributor '/World/Nova_Carter_ROS/chassis_link/sensors/left_hawk/ROS_TF/PublisherTF' did not submit transforms for topic '/tf' on flush cycle 2326
2026-09-30T16:41:51Z [57,732ms] [Warning] [isaacsim.ros2.nodes] ROS2 TF aggregation contributor '/World/Nova_Carter_ROS/transform_tree_odometry/ros2_publish_raw_transform_tree' did not submit transforms for topic '/tf' on flush cycle 2326
2026-09-30T16:41:51Z [57,732ms] [Warning] [isaacsim.ros2.nodes] ROS2 TF aggregation contributor '/World/Nova_Carter_ROS/chassis_link/sensors/rear_RPLidar/ROS_TF/PublisherTF' did not submit transforms for topic '/tf' on flush cycle 2326
2026-09-30T16:41:51Z [57,732ms] [Warning] [isaacsim.ros2.nodes] ROS2 TF aggregation contributor '/World/Nova_Carter_ROS/chassis_link/sensors/right_owl/ROS_TF/PublisherTF' did not submit transforms for topic '/tf' on flush cycle 2326
2026-09-30T16:41:51Z [57,732ms] [Warning] [isaacsim.ros2.nodes] ROS2 TF aggregation contributor '/World/Nova_Carter_ROS/chassis_link/sensors/front_RPLidar/ROS_TF/PublisherTF' did not submit transforms for topic '/tf' on flush cycle 2326
2026-09-30T16:41:51Z [57,732ms] [Warning] [isaacsim.ros2.nodes] ROS2 TF aggregation contributor '/World/Nova_Carter_ROS/chassis_link/sensors/right_hawk/ROS_TF/PublisherTF' did not submit transforms for topic '/tf' on flush cycle 2326
2026-09-30T16:41:51Z [57,732ms] [Warning] [isaacsim.ros2.nodes] ROS2 TF aggregation contributor '/World/Nova_Carter_ROS/chassis_link/sensors/front_owl/ROS_TF/PublisherTF' did not submit transforms for topic '/tf' on flush cycle 2326
2026-09-30T16:41:51Z [57,732ms] [Warning] [isaacsim.ros2.nodes] ROS2 TF aggregation contributor '/World/Nova_Carter_ROS/chassis_link/sensors/back_owl/ROS_TF/PublisherTF' did not submit transforms for topic '/tf' on flush cycle 2326
2026-09-30T16:41:51Z [57,732ms] [Warning] [isaacsim.ros2.nodes] ROS2 TF aggregation contributor '/World/Nova_Carter_ROS/transform_tree_odometry/tf_tree_base_link_to_wheel_base' did not submit transforms for topic '/tf' on flush cycle 2326
2026-09-30T16:41:51Z [57,732ms] [Warning] [isaacsim.ros2.nodes] ROS2 TF aggregation contributor '/World/Nova_Carter_ROS/transform_tree_odometry/tf_tree_base_link_to_sensors' did not submit transforms for topic '/tf' on flush cycle 2326
2026-09-30T16:41:51Z [57,732ms] [Warning] [isaacsim.ros2.nodes] ROS2 TF aggregation contributor '/World/Nova_Carter_ROS/transform_tree_odometry/tf_tree_base_link_to_chassis' did not submit transforms for topic '/tf' on flush cycle 2326
2026-09-30T16:41:53Z [59,773ms] [Warning] [isaacsim.ros2.nodes] ROS2 TF aggregation contributor '/World/Nova_Carter_ROS/chassis_link/sensors/left_owl/ROS_TF/PublisherTF' did not submit transforms for topic '/tf' on flush cycle 2446
2026-09-30T16:41:53Z [59,773ms] [Warning] [isaacsim.ros2.nodes] ROS2 TF aggregation contributor '/World/Nova_Carter_ROS/chassis_link/sensors/XT_32/ROS_TF/PublisherTF' did not submit transforms for topic '/tf' on flush cycle 2446
2026-09-30T16:41:53Z [59,773ms] [Warning] [isaacsim.ros2.nodes] ROS2 TF aggregation contributor '/World/Nova_Carter_ROS/chassis_link/sensors/front_hawk/ROS_TF/PublisherTF' did not submit transforms for topic '/tf' on flush cycle 2446
2026-09-30T16:41:53Z [59,773ms] [Warning] [isaacsim.ros2.nodes] ROS2 TF aggregation contributor '/World/Nova_Carter_ROS/chassis_link/sensors/back_hawk/ROS_TF/PublisherTF' did not submit transforms for topic '/tf' on flush cycle 2446
2026-09-30T16:41:53Z [59,773ms] [Warning] [isaacsim.ros2.nodes] ROS2 TF aggregation contributor '/World/Nova_Carter_ROS/chassis_link/sensors/left_hawk/ROS_TF/PublisherTF' did not submit transforms for topic '/tf' on flush cycle 2446
2026-09-30T16:41:53Z [59,773ms] [Warning] [isaacsim.ros2.nodes] ROS2 TF aggregation contributor '/World/Nova_Carter_ROS/transform_tree_odometry/ros2_publish_raw_transform_tree' did not submit transforms for topic '/tf' on flush cycle 2446
2026-09-30T16:41:53Z [59,773ms] [Warning] [isaacsim.ros2.nodes] ROS2 TF aggregation contributor '/World/Nova_Carter_ROS/chassis_link/sensors/rear_RPLidar/ROS_TF/PublisherTF' did not submit transforms for topic '/tf' on flush cycle 2446
2026-09-30T16:41:53Z [59,773ms] [Warning] [isaacsim.ros2.nodes] ROS2 TF aggregation contributor '/World/Nova_Carter_ROS/chassis_link/sensors/right_owl/ROS_TF/PublisherTF' did not submit transforms for topic '/tf' on flush cycle 2446
2026-09-30T16:41:53Z [59,773ms] [Warning] [isaacsim.ros2.nodes] ROS2 TF aggregation contributor '/World/Nova_Carter_ROS/chassis_link/sensors/front_RPLidar/ROS_TF/PublisherTF' did not submit transforms for topic '/tf' on flush cycle 2446
2026-09-30T16:41:53Z [59,773ms] [Warning] [isaacsim.ros2.nodes] ROS2 TF aggregation contributor '/World/Nova_Carter_ROS/chassis_link/sensors/right_hawk/ROS_TF/PublisherTF' did not submit transforms for topic '/tf' on flush cycle 2446
2026-09-30T16:41:53Z [59,773ms] [Warning] [isaacsim.ros2.nodes] ROS2 TF aggregation contributor '/World/Nova_Carter_ROS/chassis_link/sensors/front_owl/ROS_TF/PublisherTF' did not submit transforms for topic '/tf' on flush cycle 2446
2026-09-30T16:41:53Z [59,773ms] [Warning] [isaacsim.ros2.nodes] ROS2 TF aggregation contributor '/World/Nova_Carter_ROS/chassis_link/sensors/back_owl/ROS_TF/PublisherTF' did not submit transforms for topic '/tf' on flush cycle 2446
2026-09-30T16:41:53Z [59,773ms] [Warning] [isaacsim.ros2.nodes] ROS2 TF aggregation contributor '/World/Nova_Carter_ROS/transform_tree_odometry/tf_tree_base_link_to_wheel_base' did not submit transforms for topic '/tf' on flush cycle 2446
2026-09-30T16:41:53Z [59,773ms] [Warning] [isaacsim.ros2.nodes] ROS2 TF aggregation contributor '/World/Nova_Carter_ROS/transform_tree_odometry/tf_tree_base_link_to_sensors' did not submit transforms for topic '/tf' on flush cycle 2446
2026-09-30T16:41:53Z [59,773ms] [Warning] [isaacsim.ros2.nodes] ROS2 TF aggregation contributor '/World/Nova_Carter_ROS/transform_tree_odometry/tf_tree_base_link_to_chassis' did not submit transforms for topic '/tf' on flush cycle 2446
2026-09-30T16:41:55Z [61,818ms] [Warning] [isaacsim.ros2.nodes] ROS2 TF aggregation contributor '/World/Nova_Carter_ROS/chassis_link/sensors/left_owl/ROS_TF/PublisherTF' did not submit transforms for topic '/tf' on flush cycle 2566
2026-09-30T16:41:55Z [61,818ms] [Warning] [isaacsim.ros2.nodes] ROS2 TF aggregation contributor '/World/Nova_Carter_ROS/chassis_link/sensors/XT_32/ROS_TF/PublisherTF' did not submit transforms for topic '/tf' on flush cycle 2566
2026-09-30T16:41:55Z [61,818ms] [Warning] [isaacsim.ros2.nodes] ROS2 TF aggregation contributor '/World/Nova_Carter_ROS/chassis_link/sensors/front_hawk/ROS_TF/PublisherTF' did not submit transforms for topic '/tf' on flush cycle 2566
2026-09-30T16:41:55Z [61,818ms] [Warning] [isaacsim.ros2.nodes] ROS2 TF aggregation contributor '/World/Nova_Carter_ROS/chassis_link/sensors/back_hawk/ROS_TF/PublisherTF' did not submit transforms for topic '/tf' on flush cycle 2566
2026-09-30T16:41:55Z [61,818ms] [Warning] [isaacsim.ros2.nodes] ROS2 TF aggregation contributor '/World/Nova_Carter_ROS/chassis_link/sensors/left_hawk/ROS_TF/PublisherTF' did not submit transforms for topic '/tf' on flush cycle 2566
2026-09-30T16:41:55Z [61,818ms] [Warning] [isaacsim.ros2.nodes] ROS2 TF aggregation contributor '/World/Nova_Carter_ROS/transform_tree_odometry/ros2_publish_raw_transform_tree' did not submit transforms for topic '/tf' on flush cycle 2566
2026-09-30T16:41:55Z [61,818ms] [Warning] [isaacsim.ros2.nodes] ROS2 TF aggregation contributor '/World/Nova_Carter_ROS/chassis_link/sensors/rear_RPLidar/ROS_TF/PublisherTF' did not submit transforms for topic '/tf' on flush cycle 2566
2026-09-30T16:41:55Z [61,818ms] [Warning] [isaacsim.ros2.nodes] ROS2 TF aggregation contributor '/World/Nova_Carter_ROS/chassis_link/sensors/right_owl/ROS_TF/PublisherTF' did not submit transforms for topic '/tf' on flush cycle 2566
2026-09-30T16:41:55Z [61,818ms] [Warning] [isaacsim.ros2.nodes] ROS2 TF aggregation contributor '/World/Nova_Carter_ROS/chassis_link/sensors/front_RPLidar/ROS_TF/PublisherTF' did not submit transforms for topic '/tf' on flush cycle 2566
2026-09-30T16:41:55Z [61,818ms] [Warning] [isaacsim.ros2.nodes] ROS2 TF aggregation contributor '/World/Nova_Carter_ROS/chassis_link/sensors/right_hawk/ROS_TF/PublisherTF' did not submit transforms for topic '/tf' on flush cycle 2566
2026-09-30T16:41:55Z [61,818ms] [Warning] [isaacsim.ros2.nodes] ROS2 TF aggregation contributor '/World/Nova_Carter_ROS/chassis_link/sensors/front_owl/ROS_TF/PublisherTF' did not submit transforms for topic '/tf' on flush cycle 2566
2026-09-30T16:41:55Z [61,818ms] [Warning] [isaacsim.ros2.nodes] ROS2 TF aggregation contributor '/World/Nova_Carter_ROS/chassis_link/sensors/back_owl/ROS_TF/PublisherTF' did not submit transforms for topic '/tf' on flush cycle 2566
2026-09-30T16:41:55Z [61,818ms] [Warning] [isaacsim.ros2.nodes] ROS2 TF aggregation contributor '/World/Nova_Carter_ROS/transform_tree_odometry/tf_tree_base_link_to_wheel_base' did not submit transforms for topic '/tf' on flush cycle 2566
2026-09-30T16:41:55Z [61,818ms] [Warning] [isaacsim.ros2.nodes] ROS2 TF aggregation contributor '/World/Nova_Carter_ROS/transform_tree_odometry/tf_tree_base_link_to_sensors' did not submit transforms for topic '/tf' on flush cycle 2566
2026-09-30T16:41:55Z [61,818ms] [Warning] [isaacsim.ros2.nodes] ROS2 TF aggregation contributor '/World/Nova_Carter_ROS/transform_tree_odometry/tf_tree_base_link_to_chassis' did not submit transforms for topic '/tf' on flush cycle 2566
2026-09-30T16:41:57Z [63,914ms] [Warning] [isaacsim.ros2.nodes] ROS2 TF aggregation contributor '/World/Nova_Carter_ROS/chassis_link/sensors/left_owl/ROS_TF/PublisherTF' did not submit transforms for topic '/tf' on flush cycle 2686
2026-09-30T16:41:57Z [63,914ms] [Warning] [isaacsim.ros2.nodes] ROS2 TF aggregation contributor '/World/Nova_Carter_ROS/chassis_link/sensors/XT_32/ROS_TF/PublisherTF' did not submit transforms for topic '/tf' on flush cycle 2686
2026-09-30T16:41:57Z [63,914ms] [Warning] [isaacsim.ros2.nodes] ROS2 TF aggregation contributor '/World/Nova_Carter_ROS/chassis_link/sensors/front_hawk/ROS_TF/PublisherTF' did not submit transforms for topic '/tf' on flush cycle 2686
2026-09-30T16:41:57Z [63,914ms] [Warning] [isaacsim.ros2.nodes] ROS2 TF aggregation contributor '/World/Nova_Carter_ROS/chassis_link/sensors/back_hawk/ROS_TF/PublisherTF' did not submit transforms for topic '/tf' on flush cycle 2686
2026-09-30T16:41:57Z [63,914ms] [Warning] [isaacsim.ros2.nodes] ROS2 TF aggregation contributor '/World/Nova_Carter_ROS/chassis_link/sensors/left_hawk/ROS_TF/PublisherTF' did not submit transforms for topic '/tf' on flush cycle 2686
2026-09-30T16:41:57Z [63,914ms] [Warning] [isaacsim.ros2.nodes] ROS2 TF aggregation contributor '/World/Nova_Carter_ROS/transform_tree_odometry/ros2_publish_raw_transform_tree' did not submit transforms for topic '/tf' on flush cycle 2686
2026-09-30T16:41:57Z [63,914ms] [Warning] [isaacsim.ros2.nodes] ROS2 TF aggregation contributor '/World/Nova_Carter_ROS/chassis_link/sensors/rear_RPLidar/ROS_TF/PublisherTF' did not submit transforms for topic '/tf' on flush cycle 2686
2026-09-30T16:41:57Z [63,914ms] [Warning] [isaacsim.ros2.nodes] ROS2 TF aggregation contributor '/World/Nova_Carter_ROS/chassis_link/sensors/right_owl/ROS_TF/PublisherTF' did not submit transforms for topic '/tf' on flush cycle 2686
2026-09-30T16:41:57Z [63,914ms] [Warning] [isaacsim.ros2.nodes] ROS2 TF aggregation contributor '/World/Nova_Carter_ROS/chassis_link/sensors/front_RPLidar/ROS_TF/PublisherTF' did not submit transforms for topic '/tf' on flush cycle 2686
2026-09-30T16:41:57Z [63,914ms] [Warning] [isaacsim.ros2.nodes] ROS2 TF aggregation contributor '/World/Nova_Carter_ROS/chassis_link/sensors/right_hawk/ROS_TF/PublisherTF' did not submit transforms for topic '/tf' on flush cycle 2686
2026-09-30T16:41:57Z [63,914ms] [Warning] [isaacsim.ros2.nodes] ROS2 TF aggregation contributor '/World/Nova_Carter_ROS/chassis_link/sensors/front_owl/ROS_TF/PublisherTF' did not submit transforms for topic '/tf' on flush cycle 2686
2026-09-30T16:41:57Z [63,914ms] [Warning] [isaacsim.ros2.nodes] ROS2 TF aggregation contributor '/World/Nova_Carter_ROS/chassis_link/sensors/back_owl/ROS_TF/PublisherTF' did not submit transforms for topic '/tf' on flush cycle 2686
2026-09-30T16:41:57Z [63,914ms] [Warning] [isaacsim.ros2.nodes] ROS2 TF aggregation contributor '/World/Nova_Carter_ROS/transform_tree_odometry/tf_tree_base_link_to_wheel_base' did not submit transforms for topic '/tf' on flush cycle 2686
2026-09-30T16:41:57Z [63,914ms] [Warning] [isaacsim.ros2.nodes] ROS2 TF aggregation contributor '/World/Nova_Carter_ROS/transform_tree_odometry/tf_tree_base_link_to_sensors' did not submit transforms for topic '/tf' on flush cycle 2686
2026-09-30T16:41:57Z [63,914ms] [Warning] [isaacsim.ros2.nodes] ROS2 TF aggregation contributor '/World/Nova_Carter_ROS/transform_tree_odometry/tf_tree_base_link_to_chassis' did not submit transforms for topic '/tf' on flush cycle 2686
2026-09-30T16:41:59Z [65,963ms] [Warning] [isaacsim.ros2.nodes] ROS2 TF aggregation contributor '/World/Nova_Carter_ROS/chassis_link/sensors/left_owl/ROS_TF/PublisherTF' did not submit transforms for topic '/tf' on flush cycle 2806
2026-09-30T16:41:59Z [65,963ms] [Warning] [isaacsim.ros2.nodes] ROS2 TF aggregation contributor '/World/Nova_Carter_ROS/chassis_link/sensors/XT_32/ROS_TF/PublisherTF' did not submit transforms for topic '/tf' on flush cycle 2806
2026-09-30T16:41:59Z [65,963ms] [Warning] [isaacsim.ros2.nodes] ROS2 TF aggregation contributor '/World/Nova_Carter_ROS/chassis_link/sensors/front_hawk/ROS_TF/PublisherTF' did not submit transforms for topic '/tf' on flush cycle 2806
2026-09-30T16:41:59Z [65,963ms] [Warning] [isaacsim.ros2.nodes] ROS2 TF aggregation contributor '/World/Nova_Carter_ROS/chassis_link/sensors/back_hawk/ROS_TF/PublisherTF' did not submit transforms for topic '/tf' on flush cycle 2806
2026-09-30T16:41:59Z [65,963ms] [Warning] [isaacsim.ros2.nodes] ROS2 TF aggregation contributor '/World/Nova_Carter_ROS/chassis_link/sensors/left_hawk/ROS_TF/PublisherTF' did not submit transforms for topic '/tf' on flush cycle 2806
2026-09-30T16:41:59Z [65,963ms] [Warning] [isaacsim.ros2.nodes] ROS2 TF aggregation contributor '/World/Nova_Carter_ROS/transform_tree_odometry/ros2_publish_raw_transform_tree' did not submit transforms for topic '/tf' on flush cycle 2806
2026-09-30T16:41:59Z [65,963ms] [Warning] [isaacsim.ros2.nodes] ROS2 TF aggregation contributor '/World/Nova_Carter_ROS/chassis_link/sensors/rear_RPLidar/ROS_TF/PublisherTF' did not submit transforms for topic '/tf' on flush cycle 2806
2026-09-30T16:41:59Z [65,963ms] [Warning] [isaacsim.ros2.nodes] ROS2 TF aggregation contributor '/World/Nova_Carter_ROS/chassis_link/sensors/right_owl/ROS_TF/PublisherTF' did not submit transforms for topic '/tf' on flush cycle 2806
2026-09-30T16:41:59Z [65,963ms] [Warning] [isaacsim.ros2.nodes] ROS2 TF aggregation contributor '/World/Nova_Carter_ROS/chassis_link/sensors/front_RPLidar/ROS_TF/PublisherTF' did not submit transforms for topic '/tf' on flush cycle 2806
2026-09-30T16:41:59Z [65,963ms] [Warning] [isaacsim.ros2.nodes] ROS2 TF aggregation contributor '/World/Nova_Carter_ROS/chassis_link/sensors/right_hawk/ROS_TF/PublisherTF' did not submit transforms for topic '/tf' on flush cycle 2806
2026-09-30T16:41:59Z [65,964ms] [Warning] [isaacsim.ros2.nodes] ROS2 TF aggregation contributor '/World/Nova_Carter_ROS/chassis_link/sensors/front_owl/ROS_TF/PublisherTF' did not submit transforms for topic '/tf' on flush cycle 2806
2026-09-30T16:41:59Z [65,964ms] [Warning] [isaacsim.ros2.nodes] ROS2 TF aggregation contributor '/World/Nova_Carter_ROS/chassis_link/sensors/back_owl/ROS_TF/PublisherTF' did not submit transforms for topic '/tf' on flush cycle 2806
2026-09-30T16:41:59Z [65,964ms] [Warning] [isaacsim.ros2.nodes] ROS2 TF aggregation contributor '/World/Nova_Carter_ROS/transform_tree_odometry/tf_tree_base_link_to_wheel_base' did not submit transforms for topic '/tf' on flush cycle 2806
2026-09-30T16:41:59Z [65,964ms] [Warning] [isaacsim.ros2.nodes] ROS2 TF aggregation contributor '/World/Nova_Carter_ROS/transform_tree_odometry/tf_tree_base_link_to_sensors' did not submit transforms for topic '/tf' on flush cycle 2806
2026-09-30T16:41:59Z [65,964ms] [Warning] [isaacsim.ros2.nodes] ROS2 TF aggregation contributor '/World/Nova_Carter_ROS/transform_tree_odometry/tf_tree_base_link_to_chassis' did not submit transforms for topic '/tf' on flush cycle 2806
2026-09-30T16:42:01Z [68,011ms] [Warning] [isaacsim.ros2.nodes] ROS2 TF aggregation contributor '/World/Nova_Carter_ROS/chassis_link/sensors/left_owl/ROS_TF/PublisherTF' did not submit transforms for topic '/tf' on flush cycle 2926
2026-09-30T16:42:01Z [68,011ms] [Warning] [isaacsim.ros2.nodes] ROS2 TF aggregation contributor '/World/Nova_Carter_ROS/chassis_link/sensors/XT_32/ROS_TF/PublisherTF' did not submit transforms for topic '/tf' on flush cycle 2926
2026-09-30T16:42:01Z [68,011ms] [Warning] [isaacsim.ros2.nodes] ROS2 TF aggregation contributor '/World/Nova_Carter_ROS/chassis_link/sensors/front_hawk/ROS_TF/PublisherTF' did not submit transforms for topic '/tf' on flush cycle 2926
2026-09-30T16:42:01Z [68,011ms] [Warning] [isaacsim.ros2.nodes] ROS2 TF aggregation contributor '/World/Nova_Carter_ROS/chassis_link/sensors/back_hawk/ROS_TF/PublisherTF' did not submit transforms for topic '/tf' on flush cycle 2926
2026-09-30T16:42:01Z [68,011ms] [Warning] [isaacsim.ros2.nodes] ROS2 TF aggregation contributor '/World/Nova_Carter_ROS/chassis_link/sensors/left_hawk/ROS_TF/PublisherTF' did not submit transforms for topic '/tf' on flush cycle 2926
2026-09-30T16:42:01Z [68,011ms] [Warning] [isaacsim.ros2.nodes] ROS2 TF aggregation contributor '/World/Nova_Carter_ROS/transform_tree_odometry/ros2_publish_raw_transform_tree' did not submit transforms for topic '/tf' on flush cycle 2926
2026-09-30T16:42:01Z [68,011ms] [Warning] [isaacsim.ros2.nodes] ROS2 TF aggregation contributor '/World/Nova_Carter_ROS/chassis_link/sensors/rear_RPLidar/ROS_TF/PublisherTF' did not submit transforms for topic '/tf' on flush cycle 2926
2026-09-30T16:42:01Z [68,011ms] [Warning] [isaacsim.ros2.nodes] ROS2 TF aggregation contributor '/World/Nova_Carter_ROS/chassis_link/sensors/right_owl/ROS_TF/PublisherTF' did not submit transforms for topic '/tf' on flush cycle 2926
2026-09-30T16:42:01Z [68,011ms] [Warning] [isaacsim.ros2.nodes] ROS2 TF aggregation contributor '/World/Nova_Carter_ROS/chassis_link/sensors/front_RPLidar/ROS_TF/PublisherTF' did not submit transforms for topic '/tf' on flush cycle 2926
2026-09-30T16:42:01Z [68,011ms] [Warning] [isaacsim.ros2.nodes] ROS2 TF aggregation contributor '/World/Nova_Carter_ROS/chassis_link/sensors/right_hawk/ROS_TF/PublisherTF' did not submit transforms for topic '/tf' on flush cycle 2926
2026-09-30T16:42:01Z [68,011ms] [Warning] [isaacsim.ros2.nodes] ROS2 TF aggregation contributor '/World/Nova_Carter_ROS/chassis_link/sensors/front_owl/ROS_TF/PublisherTF' did not submit transforms for topic '/tf' on flush cycle 2926
2026-09-30T16:42:01Z [68,011ms] [Warning] [isaacsim.ros2.nodes] ROS2 TF aggregation contributor '/World/Nova_Carter_ROS/chassis_link/sensors/back_owl/ROS_TF/PublisherTF' did not submit transforms for topic '/tf' on flush cycle 2926
2026-09-30T16:42:01Z [68,011ms] [Warning] [isaacsim.ros2.nodes] ROS2 TF aggregation contributor '/World/Nova_Carter_ROS/transform_tree_odometry/tf_tree_base_link_to_wheel_base' did not submit transforms for topic '/tf' on flush cycle 2926
2026-09-30T16:42:01Z [68,011ms] [Warning] [isaacsim.ros2.nodes] ROS2 TF aggregation contributor '/World/Nova_Carter_ROS/transform_tree_odometry/tf_tree_base_link_to_sensors' did not submit transforms for topic '/tf' on flush cycle 2926
2026-09-30T16:42:01Z [68,011ms] [Warning] [isaacsim.ros2.nodes] ROS2 TF aggregation contributor '/World/Nova_Carter_ROS/transform_tree_odometry/tf_tree_base_link_to_chassis' did not submit transforms for topic '/tf' on flush cycle 2926
2026-09-30T16:42:11Z [77,992ms] [Warning] [isaacsim.ros2.nodes] ROS2 TF aggregation contributor '/World/Nova_Carter_ROS/chassis_link/sensors/left_owl/ROS_TF/PublisherTF' did not submit transforms for topic '/tf' on flush cycle 3464
2026-09-30T16:42:11Z [77,992ms] [Warning] [isaacsim.ros2.nodes] ROS2 TF aggregation contributor '/World/Nova_Carter_ROS/chassis_link/sensors/XT_32/ROS_TF/PublisherTF' did not submit transforms for topic '/tf' on flush cycle 3464
2026-09-30T16:42:11Z [77,992ms] [Warning] [isaacsim.ros2.nodes] ROS2 TF aggregation contributor '/World/Nova_Carter_ROS/chassis_link/sensors/front_hawk/ROS_TF/PublisherTF' did not submit transforms for topic '/tf' on flush cycle 3464
2026-09-30T16:42:11Z [77,992ms] [Warning] [isaacsim.ros2.nodes] ROS2 TF aggregation contributor '/World/Nova_Carter_ROS/chassis_link/sensors/back_hawk/ROS_TF/PublisherTF' did not submit transforms for topic '/tf' on flush cycle 3464
2026-09-30T16:42:11Z [77,992ms] [Warning] [isaacsim.ros2.nodes] ROS2 TF aggregation contributor '/World/Nova_Carter_ROS/chassis_link/sensors/left_hawk/ROS_TF/PublisherTF' did not submit transforms for topic '/tf' on flush cycle 3464
2026-09-30T16:42:11Z [77,992ms] [Warning] [isaacsim.ros2.nodes] ROS2 TF aggregation contributor '/World/Nova_Carter_ROS/transform_tree_odometry/ros2_publish_raw_transform_tree' did not submit transforms for topic '/tf' on flush cycle 3464
2026-09-30T16:42:11Z [77,992ms] [Warning] [isaacsim.ros2.nodes] ROS2 TF aggregation contributor '/World/Nova_Carter_ROS/chassis_link/sensors/rear_RPLidar/ROS_TF/PublisherTF' did not submit transforms for topic '/tf' on flush cycle 3464
2026-09-30T16:42:11Z [77,992ms] [Warning] [isaacsim.ros2.nodes] ROS2 TF aggregation contributor '/World/Nova_Carter_ROS/chassis_link/sensors/right_owl/ROS_TF/PublisherTF' did not submit transforms for topic '/tf' on flush cycle 3464
2026-09-30T16:42:11Z [77,992ms] [Warning] [isaacsim.ros2.nodes] ROS2 TF aggregation contributor '/World/Nova_Carter_ROS/chassis_link/sensors/front_RPLidar/ROS_TF/PublisherTF' did not submit transforms for topic '/tf' on flush cycle 3464
2026-09-30T16:42:11Z [77,992ms] [Warning] [isaacsim.ros2.nodes] ROS2 TF aggregation contributor '/World/Nova_Carter_ROS/chassis_link/sensors/right_hawk/ROS_TF/PublisherTF' did not submit transforms for topic '/tf' on flush cycle 3464
2026-09-30T16:42:11Z [77,992ms] [Warning] [isaacsim.ros2.nodes] ROS2 TF aggregation contributor '/World/Nova_Carter_ROS/chassis_link/sensors/front_owl/ROS_TF/PublisherTF' did not submit transforms for topic '/tf' on flush cycle 3464
2026-09-30T16:42:11Z [77,992ms] [Warning] [isaacsim.ros2.nodes] ROS2 TF aggregation contributor '/World/Nova_Carter_ROS/chassis_link/sensors/back_owl/ROS_TF/PublisherTF' did not submit transforms for topic '/tf' on flush cycle 3464
2026-09-30T16:42:11Z [77,992ms] [Warning] [isaacsim.ros2.nodes] ROS2 TF aggregation contributor '/World/Nova_Carter_ROS/transform_tree_odometry/tf_tree_base_link_to_wheel_base' did not submit transforms for topic '/tf' on flush cycle 3464
2026-09-30T16:42:11Z [77,992ms] [Warning] [isaacsim.ros2.nodes] ROS2 TF aggregation contributor '/World/Nova_Carter_ROS/transform_tree_odometry/tf_tree_base_link_to_sensors' did not submit transforms for topic '/tf' on flush cycle 3464
2026-09-30T16:42:11Z [77,992ms] [Warning] [isaacsim.ros2.nodes] ROS2 TF aggregation contributor '/World/Nova_Carter_ROS/transform_tree_odometry/tf_tree_base_link_to_chassis' did not submit transforms for topic '/tf' on flush cycle 3464
2026-09-30T16:42:13Z [80,033ms] [Warning] [isaacsim.ros2.nodes] ROS2 TF aggregation contributor '/World/Nova_Carter_ROS/chassis_link/sensors/left_owl/ROS_TF/PublisherTF' did not submit transforms for topic '/tf' on flush cycle 3584
2026-09-30T16:42:13Z [80,033ms] [Warning] [isaacsim.ros2.nodes] ROS2 TF aggregation contributor '/World/Nova_Carter_ROS/chassis_link/sensors/XT_32/ROS_TF/PublisherTF' did not submit transforms for topic '/tf' on flush cycle 3584
2026-09-30T16:42:13Z [80,033ms] [Warning] [isaacsim.ros2.nodes] ROS2 TF aggregation contributor '/World/Nova_Carter_ROS/chassis_link/sensors/front_hawk/ROS_TF/PublisherTF' did not submit transforms for topic '/tf' on flush cycle 3584
2026-09-30T16:42:13Z [80,033ms] [Warning] [isaacsim.ros2.nodes] ROS2 TF aggregation contributor '/World/Nova_Carter_ROS/chassis_link/sensors/back_hawk/ROS_TF/PublisherTF' did not submit transforms for topic '/tf' on flush cycle 3584
2026-09-30T16:42:13Z [80,033ms] [Warning] [isaacsim.ros2.nodes] ROS2 TF aggregation contributor '/World/Nova_Carter_ROS/chassis_link/sensors/left_hawk/ROS_TF/PublisherTF' did not submit transforms for topic '/tf' on flush cycle 3584
2026-09-30T16:42:13Z [80,033ms] [Warning] [isaacsim.ros2.nodes] ROS2 TF aggregation contributor '/World/Nova_Carter_ROS/transform_tree_odometry/ros2_publish_raw_transform_tree' did not submit transforms for topic '/tf' on flush cycle 3584
2026-09-30T16:42:13Z [80,033ms] [Warning] [isaacsim.ros2.nodes] ROS2 TF aggregation contributor '/World/Nova_Carter_ROS/chassis_link/sensors/rear_RPLidar/ROS_TF/PublisherTF' did not submit transforms for topic '/tf' on flush cycle 3584
2026-09-30T16:42:13Z [80,033ms] [Warning] [isaacsim.ros2.nodes] ROS2 TF aggregation contributor '/World/Nova_Carter_ROS/chassis_link/sensors/right_owl/ROS_TF/PublisherTF' did not submit transforms for topic '/tf' on flush cycle 3584
2026-09-30T16:42:13Z [80,033ms] [Warning] [isaacsim.ros2.nodes] ROS2 TF aggregation contributor '/World/Nova_Carter_ROS/chassis_link/sensors/front_RPLidar/ROS_TF/PublisherTF' did not submit transforms for topic '/tf' on flush cycle 3584
2026-09-30T16:42:13Z [80,033ms] [Warning] [isaacsim.ros2.nodes] ROS2 TF aggregation contributor '/World/Nova_Carter_ROS/chassis_link/sensors/right_hawk/ROS_TF/PublisherTF' did not submit transforms for topic '/tf' on flush cycle 3584
2026-09-30T16:42:13Z [80,033ms] [Warning] [isaacsim.ros2.nodes] ROS2 TF aggregation contributor '/World/Nova_Carter_ROS/chassis_link/sensors/front_owl/ROS_TF/PublisherTF' did not submit transforms for topic '/tf' on flush cycle 3584
2026-09-30T16:42:13Z [80,033ms] [Warning] [isaacsim.ros2.nodes] ROS2 TF aggregation contributor '/World/Nova_Carter_ROS/chassis_link/sensors/back_owl/ROS_TF/PublisherTF' did not submit transforms for topic '/tf' on flush cycle 3584
2026-09-30T16:42:13Z [80,033ms] [Warning] [isaacsim.ros2.nodes] ROS2 TF aggregation contributor '/World/Nova_Carter_ROS/transform_tree_odometry/tf_tree_base_link_to_wheel_base' did not submit transforms for topic '/tf' on flush cycle 3584
2026-09-30T16:42:13Z [80,033ms] [Warning] [isaacsim.ros2.nodes] ROS2 TF aggregation contributor '/World/Nova_Carter_ROS/transform_tree_odometry/tf_tree_base_link_to_sensors' did not submit transforms for topic '/tf' on flush cycle 3584
2026-09-30T16:42:13Z [80,033ms] [Warning] [isaacsim.ros2.nodes] ROS2 TF aggregation contributor '/World/Nova_Carter_ROS/transform_tree_odometry/tf_tree_base_link_to_chassis' did not submit transforms for topic '/tf' on flush cycle 3584
2026-09-30T16:42:16Z [82,083ms] [Warning] [isaacsim.ros2.nodes] ROS2 TF aggregation contributor '/World/Nova_Carter_ROS/chassis_link/sensors/left_owl/ROS_TF/PublisherTF' did not submit transforms for topic '/tf' on flush cycle 3704
2026-09-30T16:42:16Z [82,083ms] [Warning] [isaacsim.ros2.nodes] ROS2 TF aggregation contributor '/World/Nova_Carter_ROS/chassis_link/sensors/XT_32/ROS_TF/PublisherTF' did not submit transforms for topic '/tf' on flush cycle 3704
2026-09-30T16:42:16Z [82,083ms] [Warning] [isaacsim.ros2.nodes] ROS2 TF aggregation contributor '/World/Nova_Carter_ROS/chassis_link/sensors/front_hawk/ROS_TF/PublisherTF' did not submit transforms for topic '/tf' on flush cycle 3704
2026-09-30T16:42:16Z [82,083ms] [Warning] [isaacsim.ros2.nodes] ROS2 TF aggregation contributor '/World/Nova_Carter_ROS/chassis_link/sensors/back_hawk/ROS_TF/PublisherTF' did not submit transforms for topic '/tf' on flush cycle 3704
2026-09-30T16:42:16Z [82,083ms] [Warning] [isaacsim.ros2.nodes] ROS2 TF aggregation contributor '/World/Nova_Carter_ROS/chassis_link/sensors/left_hawk/ROS_TF/PublisherTF' did not submit transforms for topic '/tf' on flush cycle 3704
2026-09-30T16:42:16Z [82,083ms] [Warning] [isaacsim.ros2.nodes] ROS2 TF aggregation contributor '/World/Nova_Carter_ROS/transform_tree_odometry/ros2_publish_raw_transform_tree' did not submit transforms for topic '/tf' on flush cycle 3704
2026-09-30T16:42:16Z [82,083ms] [Warning] [isaacsim.ros2.nodes] ROS2 TF aggregation contributor '/World/Nova_Carter_ROS/chassis_link/sensors/rear_RPLidar/ROS_TF/PublisherTF' did not submit transforms for topic '/tf' on flush cycle 3704
2026-09-30T16:42:16Z [82,083ms] [Warning] [isaacsim.ros2.nodes] ROS2 TF aggregation contributor '/World/Nova_Carter_ROS/chassis_link/sensors/right_owl/ROS_TF/PublisherTF' did not submit transforms for topic '/tf' on flush cycle 3704
2026-09-30T16:42:16Z [82,083ms] [Warning] [isaacsim.ros2.nodes] ROS2 TF aggregation contributor '/World/Nova_Carter_ROS/chassis_link/sensors/front_RPLidar/ROS_TF/PublisherTF' did not submit transforms for topic '/tf' on flush cycle 3704
2026-09-30T16:42:16Z [82,083ms] [Warning] [isaacsim.ros2.nodes] ROS2 TF aggregation contributor '/World/Nova_Carter_ROS/chassis_link/sensors/right_hawk/ROS_TF/PublisherTF' did not submit transforms for topic '/tf' on flush cycle 3704
2026-09-30T16:42:16Z [82,083ms] [Warning] [isaacsim.ros2.nodes] ROS2 TF aggregation contributor '/World/Nova_Carter_ROS/chassis_link/sensors/front_owl/ROS_TF/PublisherTF' did not submit transforms for topic '/tf' on flush cycle 3704
2026-09-30T16:42:16Z [82,083ms] [Warning] [isaacsim.ros2.nodes] ROS2 TF aggregation contributor '/World/Nova_Carter_ROS/chassis_link/sensors/back_owl/ROS_TF/PublisherTF' did not submit transforms for topic '/tf' on flush cycle 3704
2026-09-30T16:42:16Z [82,083ms] [Warning] [isaacsim.ros2.nodes] ROS2 TF aggregation contributor '/World/Nova_Carter_ROS/transform_tree_odometry/tf_tree_base_link_to_wheel_base' did not submit transforms for topic '/tf' on flush cycle 3704
2026-09-30T16:42:16Z [82,083ms] [Warning] [isaacsim.ros2.nodes] ROS2 TF aggregation contributor '/World/Nova_Carter_ROS/transform_tree_odometry/tf_tree_base_link_to_sensors' did not submit transforms for topic '/tf' on flush cycle 3704
2026-09-30T16:42:16Z [82,083ms] [Warning] [isaacsim.ros2.nodes] ROS2 TF aggregation contributor '/World/Nova_Carter_ROS/transform_tree_odometry/tf_tree_base_link_to_chassis' did not submit transforms for topic '/tf' on flush cycle 3704
2026-09-30T16:42:18Z [84,132ms] [Warning] [isaacsim.ros2.nodes] ROS2 TF aggregation contributor '/World/Nova_Carter_ROS/chassis_link/sensors/left_owl/ROS_TF/PublisherTF' did not submit transforms for topic '/tf' on flush cycle 3824
2026-09-30T16:42:18Z [84,132ms] [Warning] [isaacsim.ros2.nodes] ROS2 TF aggregation contributor '/World/Nova_Carter_ROS/chassis_link/sensors/XT_32/ROS_TF/PublisherTF' did not submit transforms for topic '/tf' on flush cycle 3824
2026-09-30T16:42:18Z [84,132ms] [Warning] [isaacsim.ros2.nodes] ROS2 TF aggregation contributor '/World/Nova_Carter_ROS/chassis_link/sensors/front_hawk/ROS_TF/PublisherTF' did not submit transforms for topic '/tf' on flush cycle 3824
2026-09-30T16:42:18Z [84,132ms] [Warning] [isaacsim.ros2.nodes] ROS2 TF aggregation contributor '/World/Nova_Carter_ROS/chassis_link/sensors/back_hawk/ROS_TF/PublisherTF' did not submit transforms for topic '/tf' on flush cycle 3824
2026-09-30T16:42:18Z [84,132ms] [Warning] [isaacsim.ros2.nodes] ROS2 TF aggregation contributor '/World/Nova_Carter_ROS/chassis_link/sensors/left_hawk/ROS_TF/PublisherTF' did not submit transforms for topic '/tf' on flush cycle 3824
2026-09-30T16:42:18Z [84,132ms] [Warning] [isaacsim.ros2.nodes] ROS2 TF aggregation contributor '/World/Nova_Carter_ROS/transform_tree_odometry/ros2_publish_raw_transform_tree' did not submit transforms for topic '/tf' on flush cycle 3824
2026-09-30T16:42:18Z [84,132ms] [Warning] [isaacsim.ros2.nodes] ROS2 TF aggregation contributor '/World/Nova_Carter_ROS/chassis_link/sensors/rear_RPLidar/ROS_TF/PublisherTF' did not submit transforms for topic '/tf' on flush cycle 3824
2026-09-30T16:42:18Z [84,132ms] [Warning] [isaacsim.ros2.nodes] ROS2 TF aggregation contributor '/World/Nova_Carter_ROS/chassis_link/sensors/right_owl/ROS_TF/PublisherTF' did not submit transforms for topic '/tf' on flush cycle 3824
2026-09-30T16:42:18Z [84,132ms] [Warning] [isaacsim.ros2.nodes] ROS2 TF aggregation contributor '/World/Nova_Carter_ROS/chassis_link/sensors/front_RPLidar/ROS_TF/PublisherTF' did not submit transforms for topic '/tf' on flush cycle 3824
2026-09-30T16:42:18Z [84,132ms] [Warning] [isaacsim.ros2.nodes] ROS2 TF aggregation contributor '/World/Nova_Carter_ROS/chassis_link/sensors/right_hawk/ROS_TF/PublisherTF' did not submit transforms for topic '/tf' on flush cycle 3824
2026-09-30T16:42:18Z [84,132ms] [Warning] [isaacsim.ros2.nodes] ROS2 TF aggregation contributor '/World/Nova_Carter_ROS/chassis_link/sensors/front_owl/ROS_TF/PublisherTF' did not submit transforms for topic '/tf' on flush cycle 3824
2026-09-30T16:42:18Z [84,132ms] [Warning] [isaacsim.ros2.nodes] ROS2 TF aggregation contributor '/World/Nova_Carter_ROS/chassis_link/sensors/back_owl/ROS_TF/PublisherTF' did not submit transforms for topic '/tf' on flush cycle 3824
2026-09-30T16:42:18Z [84,132ms] [Warning] [isaacsim.ros2.nodes] ROS2 TF aggregation contributor '/World/Nova_Carter_ROS/transform_tree_odometry/tf_tree_base_link_to_wheel_base' did not submit transforms for topic '/tf' on flush cycle 3824
2026-09-30T16:42:18Z [84,132ms] [Warning] [isaacsim.ros2.nodes] ROS2 TF aggregation contributor '/World/Nova_Carter_ROS/transform_tree_odometry/tf_tree_base_link_to_sensors' did not submit transforms for topic '/tf' on flush cycle 3824
2026-09-30T16:42:18Z [84,132ms] [Warning] [isaacsim.ros2.nodes] ROS2 TF aggregation contributor '/World/Nova_Carter_ROS/transform_tree_odometry/tf_tree_base_link_to_chassis' did not submit transforms for topic '/tf' on flush cycle 3824
2026-09-30T16:42:20Z [86,181ms] [Warning] [isaacsim.ros2.nodes] ROS2 TF aggregation contributor '/World/Nova_Carter_ROS/chassis_link/sensors/left_owl/ROS_TF/PublisherTF' did not submit transforms for topic '/tf' on flush cycle 3944
2026-09-30T16:42:20Z [86,181ms] [Warning] [isaacsim.ros2.nodes] ROS2 TF aggregation contributor '/World/Nova_Carter_ROS/chassis_link/sensors/XT_32/ROS_TF/PublisherTF' did not submit transforms for topic '/tf' on flush cycle 3944
2026-09-30T16:42:20Z [86,181ms] [Warning] [isaacsim.ros2.nodes] ROS2 TF aggregation contributor '/World/Nova_Carter_ROS/chassis_link/sensors/front_hawk/ROS_TF/PublisherTF' did not submit transforms for topic '/tf' on flush cycle 3944
2026-09-30T16:42:20Z [86,182ms] [Warning] [isaacsim.ros2.nodes] ROS2 TF aggregation contributor '/World/Nova_Carter_ROS/chassis_link/sensors/back_hawk/ROS_TF/PublisherTF' did not submit transforms for topic '/tf' on flush cycle 3944
2026-09-30T16:42:20Z [86,182ms] [Warning] [isaacsim.ros2.nodes] ROS2 TF aggregation contributor '/World/Nova_Carter_ROS/chassis_link/sensors/left_hawk/ROS_TF/PublisherTF' did not submit transforms for topic '/tf' on flush cycle 3944
2026-09-30T16:42:20Z [86,182ms] [Warning] [isaacsim.ros2.nodes] ROS2 TF aggregation contributor '/World/Nova_Carter_ROS/transform_tree_odometry/ros2_publish_raw_transform_tree' did not submit transforms for topic '/tf' on flush cycle 3944
2026-09-30T16:42:20Z [86,182ms] [Warning] [isaacsim.ros2.nodes] ROS2 TF aggregation contributor '/World/Nova_Carter_ROS/chassis_link/sensors/rear_RPLidar/ROS_TF/PublisherTF' did not submit transforms for topic '/tf' on flush cycle 3944
2026-09-30T16:42:20Z [86,182ms] [Warning] [isaacsim.ros2.nodes] ROS2 TF aggregation contributor '/World/Nova_Carter_ROS/chassis_link/sensors/right_owl/ROS_TF/PublisherTF' did not submit transforms for topic '/tf' on flush cycle 3944
2026-09-30T16:42:20Z [86,182ms] [Warning] [isaacsim.ros2.nodes] ROS2 TF aggregation contributor '/World/Nova_Carter_ROS/chassis_link/sensors/front_RPLidar/ROS_TF/PublisherTF' did not submit transforms for topic '/tf' on flush cycle 3944
2026-09-30T16:42:20Z [86,182ms] [Warning] [isaacsim.ros2.nodes] ROS2 TF aggregation contributor '/World/Nova_Carter_ROS/chassis_link/sensors/right_hawk/ROS_TF/PublisherTF' did not submit transforms for topic '/tf' on flush cycle 3944
2026-09-30T16:42:20Z [86,182ms] [Warning] [isaacsim.ros2.nodes] ROS2 TF aggregation contributor '/World/Nova_Carter_ROS/chassis_link/sensors/front_owl/ROS_TF/PublisherTF' did not submit transforms for topic '/tf' on flush cycle 3944
2026-09-30T16:42:20Z [86,182ms] [Warning] [isaacsim.ros2.nodes] ROS2 TF aggregation contributor '/World/Nova_Carter_ROS/chassis_link/sensors/back_owl/ROS_TF/PublisherTF' did not submit transforms for topic '/tf' on flush cycle 3944
2026-09-30T16:42:20Z [86,182ms] [Warning] [isaacsim.ros2.nodes] ROS2 TF aggregation contributor '/World/Nova_Carter_ROS/transform_tree_odometry/tf_tree_base_link_to_wheel_base' did not submit transforms for topic '/tf' on flush cycle 3944
2026-09-30T16:42:20Z [86,182ms] [Warning] [isaacsim.ros2.nodes] ROS2 TF aggregation contributor '/World/Nova_Carter_ROS/transform_tree_odometry/tf_tree_base_link_to_sensors' did not submit transforms for topic '/tf' on flush cycle 3944
2026-09-30T16:42:20Z [86,182ms] [Warning] [isaacsim.ros2.nodes] ROS2 TF aggregation contributor '/World/Nova_Carter_ROS/transform_tree_odometry/tf_tree_base_link_to_chassis' did not submit transforms for topic '/tf' on flush cycle 3944
2026-09-30T16:42:22Z [88,232ms] [Warning] [isaacsim.ros2.nodes] ROS2 TF aggregation contributor '/World/Nova_Carter_ROS/chassis_link/sensors/left_owl/ROS_TF/PublisherTF' did not submit transforms for topic '/tf' on flush cycle 4064
2026-09-30T16:42:22Z [88,232ms] [Warning] [isaacsim.ros2.nodes] ROS2 TF aggregation contributor '/World/Nova_Carter_ROS/chassis_link/sensors/XT_32/ROS_TF/PublisherTF' did not submit transforms for topic '/tf' on flush cycle 4064
2026-09-30T16:42:22Z [88,232ms] [Warning] [isaacsim.ros2.nodes] ROS2 TF aggregation contributor '/World/Nova_Carter_ROS/chassis_link/sensors/front_hawk/ROS_TF/PublisherTF' did not submit transforms for topic '/tf' on flush cycle 4064
2026-09-30T16:42:22Z [88,232ms] [Warning] [isaacsim.ros2.nodes] ROS2 TF aggregation contributor '/World/Nova_Carter_ROS/chassis_link/sensors/back_hawk/ROS_TF/PublisherTF' did not submit transforms for topic '/tf' on flush cycle 4064
2026-09-30T16:42:22Z [88,232ms] [Warning] [isaacsim.ros2.nodes] ROS2 TF aggregation contributor '/World/Nova_Carter_ROS/chassis_link/sensors/left_hawk/ROS_TF/PublisherTF' did not submit transforms for topic '/tf' on flush cycle 4064
2026-09-30T16:42:22Z [88,232ms] [Warning] [isaacsim.ros2.nodes] ROS2 TF aggregation contributor '/World/Nova_Carter_ROS/transform_tree_odometry/ros2_publish_raw_transform_tree' did not submit transforms for topic '/tf' on flush cycle 4064
2026-09-30T16:42:22Z [88,232ms] [Warning] [isaacsim.ros2.nodes] ROS2 TF aggregation contributor '/World/Nova_Carter_ROS/chassis_link/sensors/rear_RPLidar/ROS_TF/PublisherTF' did not submit transforms for topic '/tf' on flush cycle 4064
2026-09-30T16:42:22Z [88,232ms] [Warning] [isaacsim.ros2.nodes] ROS2 TF aggregation contributor '/World/Nova_Carter_ROS/chassis_link/sensors/right_owl/ROS_TF/PublisherTF' did not submit transforms for topic '/tf' on flush cycle 4064
2026-09-30T16:42:22Z [88,232ms] [Warning] [isaacsim.ros2.nodes] ROS2 TF aggregation contributor '/World/Nova_Carter_ROS/chassis_link/sensors/front_RPLidar/ROS_TF/PublisherTF' did not submit transforms for topic '/tf' on flush cycle 4064
2026-09-30T16:42:22Z [88,232ms] [Warning] [isaacsim.ros2.nodes] ROS2 TF aggregation contributor '/World/Nova_Carter_ROS/chassis_link/sensors/right_hawk/ROS_TF/PublisherTF' did not submit transforms for topic '/tf' on flush cycle 4064
2026-09-30T16:42:22Z [88,232ms] [Warning] [isaacsim.ros2.nodes] ROS2 TF aggregation contributor '/World/Nova_Carter_ROS/chassis_link/sensors/front_owl/ROS_TF/PublisherTF' did not submit transforms for topic '/tf' on flush cycle 4064
2026-09-30T16:42:22Z [88,232ms] [Warning] [isaacsim.ros2.nodes] ROS2 TF aggregation contributor '/World/Nova_Carter_ROS/chassis_link/sensors/back_owl/ROS_TF/PublisherTF' did not submit transforms for topic '/tf' on flush cycle 4064
2026-09-30T16:42:22Z [88,232ms] [Warning] [isaacsim.ros2.nodes] ROS2 TF aggregation contributor '/World/Nova_Carter_ROS/transform_tree_odometry/tf_tree_base_link_to_wheel_base' did not submit transforms for topic '/tf' on flush cycle 4064
2026-09-30T16:42:22Z [88,232ms] [Warning] [isaacsim.ros2.nodes] ROS2 TF aggregation contributor '/World/Nova_Carter_ROS/transform_tree_odometry/tf_tree_base_link_to_sensors' did not submit transforms for topic '/tf' on flush cycle 4064
2026-09-30T16:42:22Z [88,232ms] [Warning] [isaacsim.ros2.nodes] ROS2 TF aggregation contributor '/World/Nova_Carter_ROS/transform_tree_odometry/tf_tree_base_link_to_chassis' did not submit transforms for topic '/tf' on flush cycle 4064
2026-09-30T16:42:24Z [90,325ms] [Warning] [isaacsim.ros2.nodes] ROS2 TF aggregation contributor '/World/Nova_Carter_ROS/chassis_link/sensors/left_owl/ROS_TF/PublisherTF' did not submit transforms for topic '/tf' on flush cycle 4184
2026-09-30T16:42:24Z [90,325ms] [Warning] [isaacsim.ros2.nodes] ROS2 TF aggregation contributor '/World/Nova_Carter_ROS/chassis_link/sensors/XT_32/ROS_TF/PublisherTF' did not submit transforms for topic '/tf' on flush cycle 4184
2026-09-30T16:42:24Z [90,325ms] [Warning] [isaacsim.ros2.nodes] ROS2 TF aggregation contributor '/World/Nova_Carter_ROS/chassis_link/sensors/front_hawk/ROS_TF/PublisherTF' did not submit transforms for topic '/tf' on flush cycle 4184
2026-09-30T16:42:24Z [90,325ms] [Warning] [isaacsim.ros2.nodes] ROS2 TF aggregation contributor '/World/Nova_Carter_ROS/chassis_link/sensors/back_hawk/ROS_TF/PublisherTF' did not submit transforms for topic '/tf' on flush cycle 4184
2026-09-30T16:42:24Z [90,325ms] [Warning] [isaacsim.ros2.nodes] ROS2 TF aggregation contributor '/World/Nova_Carter_ROS/chassis_link/sensors/left_hawk/ROS_TF/PublisherTF' did not submit transforms for topic '/tf' on flush cycle 4184
2026-09-30T16:42:24Z [90,325ms] [Warning] [isaacsim.ros2.nodes] ROS2 TF aggregation contributor '/World/Nova_Carter_ROS/transform_tree_odometry/ros2_publish_raw_transform_tree' did not submit transforms for topic '/tf' on flush cycle 4184
2026-09-30T16:42:24Z [90,325ms] [Warning] [isaacsim.ros2.nodes] ROS2 TF aggregation contributor '/World/Nova_Carter_ROS/chassis_link/sensors/rear_RPLidar/ROS_TF/PublisherTF' did not submit transforms for topic '/tf' on flush cycle 4184
2026-09-30T16:42:24Z [90,325ms] [Warning] [isaacsim.ros2.nodes] ROS2 TF aggregation contributor '/World/Nova_Carter_ROS/chassis_link/sensors/right_owl/ROS_TF/PublisherTF' did not submit transforms for topic '/tf' on flush cycle 4184
2026-09-30T16:42:24Z [90,325ms] [Warning] [isaacsim.ros2.nodes] ROS2 TF aggregation contributor '/World/Nova_Carter_ROS/chassis_link/sensors/front_RPLidar/ROS_TF/PublisherTF' did not submit transforms for topic '/tf' on flush cycle 4184
2026-09-30T16:42:24Z [90,325ms] [Warning] [isaacsim.ros2.nodes] ROS2 TF aggregation contributor '/World/Nova_Carter_ROS/chassis_link/sensors/right_hawk/ROS_TF/PublisherTF' did not submit transforms for topic '/tf' on flush cycle 4184
2026-09-30T16:42:24Z [90,325ms] [Warning] [isaacsim.ros2.nodes] ROS2 TF aggregation contributor '/World/Nova_Carter_ROS/chassis_link/sensors/front_owl/ROS_TF/PublisherTF' did not submit transforms for topic '/tf' on flush cycle 4184
2026-09-30T16:42:24Z [90,325ms] [Warning] [isaacsim.ros2.nodes] ROS2 TF aggregation contributor '/World/Nova_Carter_ROS/chassis_link/sensors/back_owl/ROS_TF/PublisherTF' did not submit transforms for topic '/tf' on flush cycle 4184
2026-09-30T16:42:24Z [90,325ms] [Warning] [isaacsim.ros2.nodes] ROS2 TF aggregation contributor '/World/Nova_Carter_ROS/transform_tree_odometry/tf_tree_base_link_to_wheel_base' did not submit transforms for topic '/tf' on flush cycle 4184
2026-09-30T16:42:24Z [90,325ms] [Warning] [isaacsim.ros2.nodes] ROS2 TF aggregation contributor '/World/Nova_Carter_ROS/transform_tree_odometry/tf_tree_base_link_to_sensors' did not submit transforms for topic '/tf' on flush cycle 4184
2026-09-30T16:42:24Z [90,325ms] [Warning] [isaacsim.ros2.nodes] ROS2 TF aggregation contributor '/World/Nova_Carter_ROS/transform_tree_odometry/tf_tree_base_link_to_chassis' did not submit transforms for topic '/tf' on flush cycle 4184
2026-09-30T16:42:24Z [90,852ms] [Warning] [omni.graph.core.plugin] /World/Nova_Carter_ROS/differential_drive/differential_controller_01: [/World/Nova_Carter_ROS/differential_drive] Invalid deltaTime 0.000000, cannot check for acceleration limits, skipping current step
2026-09-30T16:42:34Z [100,365ms] [Warning] [isaacsim.ros2.nodes] ROS2 TF aggregation contributor '/World/Nova_Carter_ROS/chassis_link/sensors/left_owl/ROS_TF/PublisherTF' did not submit transforms for topic '/tf' on flush cycle 4717
2026-09-30T16:42:34Z [100,365ms] [Warning] [isaacsim.ros2.nodes] ROS2 TF aggregation contributor '/World/Nova_Carter_ROS/chassis_link/sensors/XT_32/ROS_TF/PublisherTF' did not submit transforms for topic '/tf' on flush cycle 4717
2026-09-30T16:42:34Z [100,365ms] [Warning] [isaacsim.ros2.nodes] ROS2 TF aggregation contributor '/World/Nova_Carter_ROS/chassis_link/sensors/front_hawk/ROS_TF/PublisherTF' did not submit transforms for topic '/tf' on flush cycle 4717
2026-09-30T16:42:34Z [100,365ms] [Warning] [isaacsim.ros2.nodes] ROS2 TF aggregation contributor '/World/Nova_Carter_ROS/chassis_link/sensors/back_hawk/ROS_TF/PublisherTF' did not submit transforms for topic '/tf' on flush cycle 4717
2026-09-30T16:42:34Z [100,365ms] [Warning] [isaacsim.ros2.nodes] ROS2 TF aggregation contributor '/World/Nova_Carter_ROS/chassis_link/sensors/left_hawk/ROS_TF/PublisherTF' did not submit transforms for topic '/tf' on flush cycle 4717
2026-09-30T16:42:34Z [100,365ms] [Warning] [isaacsim.ros2.nodes] ROS2 TF aggregation contributor '/World/Nova_Carter_ROS/transform_tree_odometry/ros2_publish_raw_transform_tree' did not submit transforms for topic '/tf' on flush cycle 4717
2026-09-30T16:42:34Z [100,365ms] [Warning] [isaacsim.ros2.nodes] ROS2 TF aggregation contributor '/World/Nova_Carter_ROS/chassis_link/sensors/rear_RPLidar/ROS_TF/PublisherTF' did not submit transforms for topic '/tf' on flush cycle 4717
2026-09-30T16:42:34Z [100,365ms] [Warning] [isaacsim.ros2.nodes] ROS2 TF aggregation contributor '/World/Nova_Carter_ROS/chassis_link/sensors/right_owl/ROS_TF/PublisherTF' did not submit transforms for topic '/tf' on flush cycle 4717
2026-09-30T16:42:34Z [100,365ms] [Warning] [isaacsim.ros2.nodes] ROS2 TF aggregation contributor '/World/Nova_Carter_ROS/chassis_link/sensors/front_RPLidar/ROS_TF/PublisherTF' did not submit transforms for topic '/tf' on flush cycle 4717
2026-09-30T16:42:34Z [100,365ms] [Warning] [isaacsim.ros2.nodes] ROS2 TF aggregation contributor '/World/Nova_Carter_ROS/chassis_link/sensors/right_hawk/ROS_TF/PublisherTF' did not submit transforms for topic '/tf' on flush cycle 4717
2026-09-30T16:42:34Z [100,365ms] [Warning] [isaacsim.ros2.nodes] ROS2 TF aggregation contributor '/World/Nova_Carter_ROS/chassis_link/sensors/front_owl/ROS_TF/PublisherTF' did not submit transforms for topic '/tf' on flush cycle 4717
2026-09-30T16:42:34Z [100,365ms] [Warning] [isaacsim.ros2.nodes] ROS2 TF aggregation contributor '/World/Nova_Carter_ROS/chassis_link/sensors/back_owl/ROS_TF/PublisherTF' did not submit transforms for topic '/tf' on flush cycle 4717
2026-09-30T16:42:34Z [100,365ms] [Warning] [isaacsim.ros2.nodes] ROS2 TF aggregation contributor '/World/Nova_Carter_ROS/transform_tree_odometry/tf_tree_base_link_to_wheel_base' did not submit transforms for topic '/tf' on flush cycle 4717
2026-09-30T16:42:34Z [100,365ms] [Warning] [isaacsim.ros2.nodes] ROS2 TF aggregation contributor '/World/Nova_Carter_ROS/transform_tree_odometry/tf_tree_base_link_to_sensors' did not submit transforms for topic '/tf' on flush cycle 4717
2026-09-30T16:42:34Z [100,365ms] [Warning] [isaacsim.ros2.nodes] ROS2 TF aggregation contributor '/World/Nova_Carter_ROS/transform_tree_odometry/tf_tree_base_link_to_chassis' did not submit transforms for topic '/tf' on flush cycle 4717
2026-09-30T16:42:36Z [102,446ms] [Warning] [isaacsim.ros2.nodes] ROS2 TF aggregation contributor '/World/Nova_Carter_ROS/chassis_link/sensors/left_owl/ROS_TF/PublisherTF' did not submit transforms for topic '/tf' on flush cycle 4837
2026-09-30T16:42:36Z [102,446ms] [Warning] [isaacsim.ros2.nodes] ROS2 TF aggregation contributor '/World/Nova_Carter_ROS/chassis_link/sensors/XT_32/ROS_TF/PublisherTF' did not submit transforms for topic '/tf' on flush cycle 4837
2026-09-30T16:42:36Z [102,446ms] [Warning] [isaacsim.ros2.nodes] ROS2 TF aggregation contributor '/World/Nova_Carter_ROS/chassis_link/sensors/front_hawk/ROS_TF/PublisherTF' did not submit transforms for topic '/tf' on flush cycle 4837
2026-09-30T16:42:36Z [102,446ms] [Warning] [isaacsim.ros2.nodes] ROS2 TF aggregation contributor '/World/Nova_Carter_ROS/chassis_link/sensors/back_hawk/ROS_TF/PublisherTF' did not submit transforms for topic '/tf' on flush cycle 4837
2026-09-30T16:42:36Z [102,446ms] [Warning] [isaacsim.ros2.nodes] ROS2 TF aggregation contributor '/World/Nova_Carter_ROS/chassis_link/sensors/left_hawk/ROS_TF/PublisherTF' did not submit transforms for topic '/tf' on flush cycle 4837
2026-09-30T16:42:36Z [102,446ms] [Warning] [isaacsim.ros2.nodes] ROS2 TF aggregation contributor '/World/Nova_Carter_ROS/transform_tree_odometry/ros2_publish_raw_transform_tree' did not submit transforms for topic '/tf' on flush cycle 4837
2026-09-30T16:42:36Z [102,446ms] [Warning] [isaacsim.ros2.nodes] ROS2 TF aggregation contributor '/World/Nova_Carter_ROS/chassis_link/sensors/rear_RPLidar/ROS_TF/PublisherTF' did not submit transforms for topic '/tf' on flush cycle 4837
2026-09-30T16:42:36Z [102,446ms] [Warning] [isaacsim.ros2.nodes] ROS2 TF aggregation contributor '/World/Nova_Carter_ROS/chassis_link/sensors/right_owl/ROS_TF/PublisherTF' did not submit transforms for topic '/tf' on flush cycle 4837
2026-09-30T16:42:36Z [102,446ms] [Warning] [isaacsim.ros2.nodes] ROS2 TF aggregation contributor '/World/Nova_Carter_ROS/chassis_link/sensors/front_RPLidar/ROS_TF/PublisherTF' did not submit transforms for topic '/tf' on flush cycle 4837
2026-09-30T16:42:36Z [102,446ms] [Warning] [isaacsim.ros2.nodes] ROS2 TF aggregation contributor '/World/Nova_Carter_ROS/chassis_link/sensors/right_hawk/ROS_TF/PublisherTF' did not submit transforms for topic '/tf' on flush cycle 4837
2026-09-30T16:42:36Z [102,446ms] [Warning] [isaacsim.ros2.nodes] ROS2 TF aggregation contributor '/World/Nova_Carter_ROS/chassis_link/sensors/front_owl/ROS_TF/PublisherTF' did not submit transforms for topic '/tf' on flush cycle 4837
2026-09-30T16:42:36Z [102,446ms] [Warning] [isaacsim.ros2.nodes] ROS2 TF aggregation contributor '/World/Nova_Carter_ROS/chassis_link/sensors/back_owl/ROS_TF/PublisherTF' did not submit transforms for topic '/tf' on flush cycle 4837
2026-09-30T16:42:36Z [102,446ms] [Warning] [isaacsim.ros2.nodes] ROS2 TF aggregation contributor '/World/Nova_Carter_ROS/transform_tree_odometry/tf_tree_base_link_to_wheel_base' did not submit transforms for topic '/tf' on flush cycle 4837
2026-09-30T16:42:36Z [102,446ms] [Warning] [isaacsim.ros2.nodes] ROS2 TF aggregation contributor '/World/Nova_Carter_ROS/transform_tree_odometry/tf_tree_base_link_to_sensors' did not submit transforms for topic '/tf' on flush cycle 4837
2026-09-30T16:42:36Z [102,446ms] [Warning] [isaacsim.ros2.nodes] ROS2 TF aggregation contributor '/World/Nova_Carter_ROS/transform_tree_odometry/tf_tree_base_link_to_chassis' did not submit transforms for topic '/tf' on flush cycle 4837
2026-09-30T16:42:38Z [104,488ms] [Warning] [isaacsim.ros2.nodes] ROS2 TF aggregation contributor '/World/Nova_Carter_ROS/chassis_link/sensors/left_owl/ROS_TF/PublisherTF' did not submit transforms for topic '/tf' on flush cycle 4957
2026-09-30T16:42:38Z [104,488ms] [Warning] [isaacsim.ros2.nodes] ROS2 TF aggregation contributor '/World/Nova_Carter_ROS/chassis_link/sensors/XT_32/ROS_TF/PublisherTF' did not submit transforms for topic '/tf' on flush cycle 4957
2026-09-30T16:42:38Z [104,488ms] [Warning] [isaacsim.ros2.nodes] ROS2 TF aggregation contributor '/World/Nova_Carter_ROS/chassis_link/sensors/front_hawk/ROS_TF/PublisherTF' did not submit transforms for topic '/tf' on flush cycle 4957
2026-09-30T16:42:38Z [104,488ms] [Warning] [isaacsim.ros2.nodes] ROS2 TF aggregation contributor '/World/Nova_Carter_ROS/chassis_link/sensors/back_hawk/ROS_TF/PublisherTF' did not submit transforms for topic '/tf' on flush cycle 4957
2026-09-30T16:42:38Z [104,488ms] [Warning] [isaacsim.ros2.nodes] ROS2 TF aggregation contributor '/World/Nova_Carter_ROS/chassis_link/sensors/left_hawk/ROS_TF/PublisherTF' did not submit transforms for topic '/tf' on flush cycle 4957
2026-09-30T16:42:38Z [104,488ms] [Warning] [isaacsim.ros2.nodes] ROS2 TF aggregation contributor '/World/Nova_Carter_ROS/transform_tree_odometry/ros2_publish_raw_transform_tree' did not submit transforms for topic '/tf' on flush cycle 4957
2026-09-30T16:42:38Z [104,488ms] [Warning] [isaacsim.ros2.nodes] ROS2 TF aggregation contributor '/World/Nova_Carter_ROS/chassis_link/sensors/rear_RPLidar/ROS_TF/PublisherTF' did not submit transforms for topic '/tf' on flush cycle 4957
2026-09-30T16:42:38Z [104,488ms] [Warning] [isaacsim.ros2.nodes] ROS2 TF aggregation contributor '/World/Nova_Carter_ROS/chassis_link/sensors/right_owl/ROS_TF/PublisherTF' did not submit transforms for topic '/tf' on flush cycle 4957
2026-09-30T16:42:38Z [104,488ms] [Warning] [isaacsim.ros2.nodes] ROS2 TF aggregation contributor '/World/Nova_Carter_ROS/chassis_link/sensors/front_RPLidar/ROS_TF/PublisherTF' did not submit transforms for topic '/tf' on flush cycle 4957
2026-09-30T16:42:38Z [104,488ms] [Warning] [isaacsim.ros2.nodes] ROS2 TF aggregation contributor '/World/Nova_Carter_ROS/chassis_link/sensors/right_hawk/ROS_TF/PublisherTF' did not submit transforms for topic '/tf' on flush cycle 4957
2026-09-30T16:42:38Z [104,488ms] [Warning] [isaacsim.ros2.nodes] ROS2 TF aggregation contributor '/World/Nova_Carter_ROS/chassis_link/sensors/front_owl/ROS_TF/PublisherTF' did not submit transforms for topic '/tf' on flush cycle 4957
2026-09-30T16:42:38Z [104,488ms] [Warning] [isaacsim.ros2.nodes] ROS2 TF aggregation contributor '/World/Nova_Carter_ROS/chassis_link/sensors/back_owl/ROS_TF/PublisherTF' did not submit transforms for topic '/tf' on flush cycle 4957
2026-09-30T16:42:38Z [104,488ms] [Warning] [isaacsim.ros2.nodes] ROS2 TF aggregation contributor '/World/Nova_Carter_ROS/transform_tree_odometry/tf_tree_base_link_to_wheel_base' did not submit transforms for topic '/tf' on flush cycle 4957
2026-09-30T16:42:38Z [104,488ms] [Warning] [isaacsim.ros2.nodes] ROS2 TF aggregation contributor '/World/Nova_Carter_ROS/transform_tree_odometry/tf_tree_base_link_to_sensors' did not submit transforms for topic '/tf' on flush cycle 4957
2026-09-30T16:42:38Z [104,488ms] [Warning] [isaacsim.ros2.nodes] ROS2 TF aggregation contributor '/World/Nova_Carter_ROS/transform_tree_odometry/tf_tree_base_link_to_chassis' did not submit transforms for topic '/tf' on flush cycle 4957
2026-09-30T16:42:40Z [106,581ms] [Warning] [isaacsim.ros2.nodes] ROS2 TF aggregation contributor '/World/Nova_Carter_ROS/chassis_link/sensors/left_owl/ROS_TF/PublisherTF' did not submit transforms for topic '/tf' on flush cycle 5077
2026-09-30T16:42:40Z [106,581ms] [Warning] [isaacsim.ros2.nodes] ROS2 TF aggregation contributor '/World/Nova_Carter_ROS/chassis_link/sensors/XT_32/ROS_TF/PublisherTF' did not submit transforms for topic '/tf' on flush cycle 5077
2026-09-30T16:42:40Z [106,581ms] [Warning] [isaacsim.ros2.nodes] ROS2 TF aggregation contributor '/World/Nova_Carter_ROS/chassis_link/sensors/front_hawk/ROS_TF/PublisherTF' did not submit transforms for topic '/tf' on flush cycle 5077
2026-09-30T16:42:40Z [106,581ms] [Warning] [isaacsim.ros2.nodes] ROS2 TF aggregation contributor '/World/Nova_Carter_ROS/chassis_link/sensors/back_hawk/ROS_TF/PublisherTF' did not submit transforms for topic '/tf' on flush cycle 5077
2026-09-30T16:42:40Z [106,581ms] [Warning] [isaacsim.ros2.nodes] ROS2 TF aggregation contributor '/World/Nova_Carter_ROS/chassis_link/sensors/left_hawk/ROS_TF/PublisherTF' did not submit transforms for topic '/tf' on flush cycle 5077
2026-09-30T16:42:40Z [106,581ms] [Warning] [isaacsim.ros2.nodes] ROS2 TF aggregation contributor '/World/Nova_Carter_ROS/transform_tree_odometry/ros2_publish_raw_transform_tree' did not submit transforms for topic '/tf' on flush cycle 5077
2026-09-30T16:42:40Z [106,581ms] [Warning] [isaacsim.ros2.nodes] ROS2 TF aggregation contributor '/World/Nova_Carter_ROS/chassis_link/sensors/rear_RPLidar/ROS_TF/PublisherTF' did not submit transforms for topic '/tf' on flush cycle 5077
2026-09-30T16:42:40Z [106,581ms] [Warning] [isaacsim.ros2.nodes] ROS2 TF aggregation contributor '/World/Nova_Carter_ROS/chassis_link/sensors/right_owl/ROS_TF/PublisherTF' did not submit transforms for topic '/tf' on flush cycle 5077
2026-09-30T16:42:40Z [106,581ms] [Warning] [isaacsim.ros2.nodes] ROS2 TF aggregation contributor '/World/Nova_Carter_ROS/chassis_link/sensors/front_RPLidar/ROS_TF/PublisherTF' did not submit transforms for topic '/tf' on flush cycle 5077
2026-09-30T16:42:40Z [106,581ms] [Warning] [isaacsim.ros2.nodes] ROS2 TF aggregation contributor '/World/Nova_Carter_ROS/chassis_link/sensors/right_hawk/ROS_TF/PublisherTF' did not submit transforms for topic '/tf' on flush cycle 5077
2026-09-30T16:42:40Z [106,581ms] [Warning] [isaacsim.ros2.nodes] ROS2 TF aggregation contributor '/World/Nova_Carter_ROS/chassis_link/sensors/front_owl/ROS_TF/PublisherTF' did not submit transforms for topic '/tf' on flush cycle 5077
2026-09-30T16:42:40Z [106,581ms] [Warning] [isaacsim.ros2.nodes] ROS2 TF aggregation contributor '/World/Nova_Carter_ROS/chassis_link/sensors/back_owl/ROS_TF/PublisherTF' did not submit transforms for topic '/tf' on flush cycle 5077
2026-09-30T16:42:40Z [106,581ms] [Warning] [isaacsim.ros2.nodes] ROS2 TF aggregation contributor '/World/Nova_Carter_ROS/transform_tree_odometry/tf_tree_base_link_to_wheel_base' did not submit transforms for topic '/tf' on flush cycle 5077
2026-09-30T16:42:40Z [106,581ms] [Warning] [isaacsim.ros2.nodes] ROS2 TF aggregation contributor '/World/Nova_Carter_ROS/transform_tree_odometry/tf_tree_base_link_to_sensors' did not submit transforms for topic '/tf' on flush cycle 5077
2026-09-30T16:42:40Z [106,581ms] [Warning] [isaacsim.ros2.nodes] ROS2 TF aggregation contributor '/World/Nova_Carter_ROS/transform_tree_odometry/tf_tree_base_link_to_chassis' did not submit transforms for topic '/tf' on flush cycle 5077
2026-09-30T16:42:42Z [108,631ms] [Warning] [isaacsim.ros2.nodes] ROS2 TF aggregation contributor '/World/Nova_Carter_ROS/chassis_link/sensors/left_owl/ROS_TF/PublisherTF' did not submit transforms for topic '/tf' on flush cycle 5197
2026-09-30T16:42:42Z [108,631ms] [Warning] [isaacsim.ros2.nodes] ROS2 TF aggregation contributor '/World/Nova_Carter_ROS/chassis_link/sensors/XT_32/ROS_TF/PublisherTF' did not submit transforms for topic '/tf' on flush cycle 5197
2026-09-30T16:42:42Z [108,631ms] [Warning] [isaacsim.ros2.nodes] ROS2 TF aggregation contributor '/World/Nova_Carter_ROS/chassis_link/sensors/front_hawk/ROS_TF/PublisherTF' did not submit transforms for topic '/tf' on flush cycle 5197
2026-09-30T16:42:42Z [108,631ms] [Warning] [isaacsim.ros2.nodes] ROS2 TF aggregation contributor '/World/Nova_Carter_ROS/chassis_link/sensors/back_hawk/ROS_TF/PublisherTF' did not submit transforms for topic '/tf' on flush cycle 5197
2026-09-30T16:42:42Z [108,631ms] [Warning] [isaacsim.ros2.nodes] ROS2 TF aggregation contributor '/World/Nova_Carter_ROS/chassis_link/sensors/left_hawk/ROS_TF/PublisherTF' did not submit transforms for topic '/tf' on flush cycle 5197
2026-09-30T16:42:42Z [108,632ms] [Warning] [isaacsim.ros2.nodes] ROS2 TF aggregation contributor '/World/Nova_Carter_ROS/transform_tree_odometry/ros2_publish_raw_transform_tree' did not submit transforms for topic '/tf' on flush cycle 5197
2026-09-30T16:42:42Z [108,632ms] [Warning] [isaacsim.ros2.nodes] ROS2 TF aggregation contributor '/World/Nova_Carter_ROS/chassis_link/sensors/rear_RPLidar/ROS_TF/PublisherTF' did not submit transforms for topic '/tf' on flush cycle 5197
2026-09-30T16:42:42Z [108,632ms] [Warning] [isaacsim.ros2.nodes] ROS2 TF aggregation contributor '/World/Nova_Carter_ROS/chassis_link/sensors/right_owl/ROS_TF/PublisherTF' did not submit transforms for topic '/tf' on flush cycle 5197
2026-09-30T16:42:42Z [108,632ms] [Warning] [isaacsim.ros2.nodes] ROS2 TF aggregation contributor '/World/Nova_Carter_ROS/chassis_link/sensors/front_RPLidar/ROS_TF/PublisherTF' did not submit transforms for topic '/tf' on flush cycle 5197
2026-09-30T16:42:42Z [108,632ms] [Warning] [isaacsim.ros2.nodes] ROS2 TF aggregation contributor '/World/Nova_Carter_ROS/chassis_link/sensors/right_hawk/ROS_TF/PublisherTF' did not submit transforms for topic '/tf' on flush cycle 5197
2026-09-30T16:42:42Z [108,632ms] [Warning] [isaacsim.ros2.nodes] ROS2 TF aggregation contributor '/World/Nova_Carter_ROS/chassis_link/sensors/front_owl/ROS_TF/PublisherTF' did not submit transforms for topic '/tf' on flush cycle 5197
2026-09-30T16:42:42Z [108,632ms] [Warning] [isaacsim.ros2.nodes] ROS2 TF aggregation contributor '/World/Nova_Carter_ROS/chassis_link/sensors/back_owl/ROS_TF/PublisherTF' did not submit transforms for topic '/tf' on flush cycle 5197
2026-09-30T16:42:42Z [108,632ms] [Warning] [isaacsim.ros2.nodes] ROS2 TF aggregation contributor '/World/Nova_Carter_ROS/transform_tree_odometry/tf_tree_base_link_to_wheel_base' did not submit transforms for topic '/tf' on flush cycle 5197
2026-09-30T16:42:42Z [108,632ms] [Warning] [isaacsim.ros2.nodes] ROS2 TF aggregation contributor '/World/Nova_Carter_ROS/transform_tree_odometry/tf_tree_base_link_to_sensors' did not submit transforms for topic '/tf' on flush cycle 5197
2026-09-30T16:42:42Z [108,632ms] [Warning] [isaacsim.ros2.nodes] ROS2 TF aggregation contributor '/World/Nova_Carter_ROS/transform_tree_odometry/tf_tree_base_link_to_chassis' did not submit transforms for topic '/tf' on flush cycle 5197
2026-09-30T16:42:44Z [110,681ms] [Warning] [isaacsim.ros2.nodes] ROS2 TF aggregation contributor '/World/Nova_Carter_ROS/chassis_link/sensors/left_owl/ROS_TF/PublisherTF' did not submit transforms for topic '/tf' on flush cycle 5317
2026-09-30T16:42:44Z [110,681ms] [Warning] [isaacsim.ros2.nodes] ROS2 TF aggregation contributor '/World/Nova_Carter_ROS/chassis_link/sensors/XT_32/ROS_TF/PublisherTF' did not submit transforms for topic '/tf' on flush cycle 5317
2026-09-30T16:42:44Z [110,681ms] [Warning] [isaacsim.ros2.nodes] ROS2 TF aggregation contributor '/World/Nova_Carter_ROS/chassis_link/sensors/front_hawk/ROS_TF/PublisherTF' did not submit transforms for topic '/tf' on flush cycle 5317
2026-09-30T16:42:44Z [110,681ms] [Warning] [isaacsim.ros2.nodes] ROS2 TF aggregation contributor '/World/Nova_Carter_ROS/chassis_link/sensors/back_hawk/ROS_TF/PublisherTF' did not submit transforms for topic '/tf' on flush cycle 5317
2026-09-30T16:42:44Z [110,681ms] [Warning] [isaacsim.ros2.nodes] ROS2 TF aggregation contributor '/World/Nova_Carter_ROS/chassis_link/sensors/left_hawk/ROS_TF/PublisherTF' did not submit transforms for topic '/tf' on flush cycle 5317
2026-09-30T16:42:44Z [110,681ms] [Warning] [isaacsim.ros2.nodes] ROS2 TF aggregation contributor '/World/Nova_Carter_ROS/transform_tree_odometry/ros2_publish_raw_transform_tree' did not submit transforms for topic '/tf' on flush cycle 5317
2026-09-30T16:42:44Z [110,681ms] [Warning] [isaacsim.ros2.nodes] ROS2 TF aggregation contributor '/World/Nova_Carter_ROS/chassis_link/sensors/rear_RPLidar/ROS_TF/PublisherTF' did not submit transforms for topic '/tf' on flush cycle 5317
2026-09-30T16:42:44Z [110,681ms] [Warning] [isaacsim.ros2.nodes] ROS2 TF aggregation contributor '/World/Nova_Carter_ROS/chassis_link/sensors/right_owl/ROS_TF/PublisherTF' did not submit transforms for topic '/tf' on flush cycle 5317
2026-09-30T16:42:44Z [110,681ms] [Warning] [isaacsim.ros2.nodes] ROS2 TF aggregation contributor '/World/Nova_Carter_ROS/chassis_link/sensors/front_RPLidar/ROS_TF/PublisherTF' did not submit transforms for topic '/tf' on flush cycle 5317
2026-09-30T16:42:44Z [110,681ms] [Warning] [isaacsim.ros2.nodes] ROS2 TF aggregation contributor '/World/Nova_Carter_ROS/chassis_link/sensors/right_hawk/ROS_TF/PublisherTF' did not submit transforms for topic '/tf' on flush cycle 5317
2026-09-30T16:42:44Z [110,681ms] [Warning] [isaacsim.ros2.nodes] ROS2 TF aggregation contributor '/World/Nova_Carter_ROS/chassis_link/sensors/front_owl/ROS_TF/PublisherTF' did not submit transforms for topic '/tf' on flush cycle 5317
2026-09-30T16:42:44Z [110,681ms] [Warning] [isaacsim.ros2.nodes] ROS2 TF aggregation contributor '/World/Nova_Carter_ROS/chassis_link/sensors/back_owl/ROS_TF/PublisherTF' did not submit transforms for topic '/tf' on flush cycle 5317
2026-09-30T16:42:44Z [110,681ms] [Warning] [isaacsim.ros2.nodes] ROS2 TF aggregation contributor '/World/Nova_Carter_ROS/transform_tree_odometry/tf_tree_base_link_to_wheel_base' did not submit transforms for topic '/tf' on flush cycle 5317
2026-09-30T16:42:44Z [110,681ms] [Warning] [isaacsim.ros2.nodes] ROS2 TF aggregation contributor '/World/Nova_Carter_ROS/transform_tree_odometry/tf_tree_base_link_to_sensors' did not submit transforms for topic '/tf' on flush cycle 5317
2026-09-30T16:42:44Z [110,681ms] [Warning] [isaacsim.ros2.nodes] ROS2 TF aggregation contributor '/World/Nova_Carter_ROS/transform_tree_odometry/tf_tree_base_link_to_chassis' did not submit transforms for topic '/tf' on flush cycle 5317
2026-09-30T16:42:46Z [112,730ms] [Warning] [isaacsim.ros2.nodes] ROS2 TF aggregation contributor '/World/Nova_Carter_ROS/chassis_link/sensors/left_owl/ROS_TF/PublisherTF' did not submit transforms for topic '/tf' on flush cycle 5437
2026-09-30T16:42:46Z [112,730ms] [Warning] [isaacsim.ros2.nodes] ROS2 TF aggregation contributor '/World/Nova_Carter_ROS/chassis_link/sensors/XT_32/ROS_TF/PublisherTF' did not submit transforms for topic '/tf' on flush cycle 5437
2026-09-30T16:42:46Z [112,730ms] [Warning] [isaacsim.ros2.nodes] ROS2 TF aggregation contributor '/World/Nova_Carter_ROS/chassis_link/sensors/front_hawk/ROS_TF/PublisherTF' did not submit transforms for topic '/tf' on flush cycle 5437
2026-09-30T16:42:46Z [112,730ms] [Warning] [isaacsim.ros2.nodes] ROS2 TF aggregation contributor '/World/Nova_Carter_ROS/chassis_link/sensors/back_hawk/ROS_TF/PublisherTF' did not submit transforms for topic '/tf' on flush cycle 5437
2026-09-30T16:42:46Z [112,730ms] [Warning] [isaacsim.ros2.nodes] ROS2 TF aggregation contributor '/World/Nova_Carter_ROS/chassis_link/sensors/left_hawk/ROS_TF/PublisherTF' did not submit transforms for topic '/tf' on flush cycle 5437
2026-09-30T16:42:46Z [112,730ms] [Warning] [isaacsim.ros2.nodes] ROS2 TF aggregation contributor '/World/Nova_Carter_ROS/transform_tree_odometry/ros2_publish_raw_transform_tree' did not submit transforms for topic '/tf' on flush cycle 5437
2026-09-30T16:42:46Z [112,730ms] [Warning] [isaacsim.ros2.nodes] ROS2 TF aggregation contributor '/World/Nova_Carter_ROS/chassis_link/sensors/rear_RPLidar/ROS_TF/PublisherTF' did not submit transforms for topic '/tf' on flush cycle 5437
2026-09-30T16:42:46Z [112,730ms] [Warning] [isaacsim.ros2.nodes] ROS2 TF aggregation contributor '/World/Nova_Carter_ROS/chassis_link/sensors/right_owl/ROS_TF/PublisherTF' did not submit transforms for topic '/tf' on flush cycle 5437
2026-09-30T16:42:46Z [112,730ms] [Warning] [isaacsim.ros2.nodes] ROS2 TF aggregation contributor '/World/Nova_Carter_ROS/chassis_link/sensors/front_RPLidar/ROS_TF/PublisherTF' did not submit transforms for topic '/tf' on flush cycle 5437
2026-09-30T16:42:46Z [112,730ms] [Warning] [isaacsim.ros2.nodes] ROS2 TF aggregation contributor '/World/Nova_Carter_ROS/chassis_link/sensors/right_hawk/ROS_TF/PublisherTF' did not submit transforms for topic '/tf' on flush cycle 5437
2026-09-30T16:42:46Z [112,730ms] [Warning] [isaacsim.ros2.nodes] ROS2 TF aggregation contributor '/World/Nova_Carter_ROS/chassis_link/sensors/front_owl/ROS_TF/PublisherTF' did not submit transforms for topic '/tf' on flush cycle 5437
2026-09-30T16:42:46Z [112,730ms] [Warning] [isaacsim.ros2.nodes] ROS2 TF aggregation contributor '/World/Nova_Carter_ROS/chassis_link/sensors/back_owl/ROS_TF/PublisherTF' did not submit transforms for topic '/tf' on flush cycle 5437
2026-09-30T16:42:46Z [112,730ms] [Warning] [isaacsim.ros2.nodes] ROS2 TF aggregation contributor '/World/Nova_Carter_ROS/transform_tree_odometry/tf_tree_base_link_to_wheel_base' did not submit transforms for topic '/tf' on flush cycle 5437
2026-09-30T16:42:46Z [112,730ms] [Warning] [isaacsim.ros2.nodes] ROS2 TF aggregation contributor '/World/Nova_Carter_ROS/transform_tree_odometry/tf_tree_base_link_to_sensors' did not submit transforms for topic '/tf' on flush cycle 5437
2026-09-30T16:42:46Z [112,730ms] [Warning] [isaacsim.ros2.nodes] ROS2 TF aggregation contributor '/World/Nova_Carter_ROS/transform_tree_odometry/tf_tree_base_link_to_chassis' did not submit transforms for topic '/tf' on flush cycle 5437
2026-09-30T16:42:56Z [122,209ms] [Warning] [omni.graph.core.plugin] /World/Nova_Carter_ROS/differential_drive/differential_controller_01: [/World/Nova_Carter_ROS/differential_drive] Invalid deltaTime 0.000000, cannot check for acceleration limits, skipping current step
2026-09-30T16:42:56Z [122,326ms] [Warning] [isaacsim.ros2.nodes] ROS2 TF aggregation contributor '/World/Nova_Carter_ROS/chassis_link/sensors/left_owl/ROS_TF/PublisherTF' did not submit transforms for topic '/tf' on flush cycle 5947
2026-09-30T16:42:56Z [122,326ms] [Warning] [isaacsim.ros2.nodes] ROS2 TF aggregation contributor '/World/Nova_Carter_ROS/chassis_link/sensors/XT_32/ROS_TF/PublisherTF' did not submit transforms for topic '/tf' on flush cycle 5947
2026-09-30T16:42:56Z [122,326ms] [Warning] [isaacsim.ros2.nodes] ROS2 TF aggregation contributor '/World/Nova_Carter_ROS/chassis_link/sensors/front_hawk/ROS_TF/PublisherTF' did not submit transforms for topic '/tf' on flush cycle 5947
2026-09-30T16:42:56Z [122,326ms] [Warning] [isaacsim.ros2.nodes] ROS2 TF aggregation contributor '/World/Nova_Carter_ROS/chassis_link/sensors/back_hawk/ROS_TF/PublisherTF' did not submit transforms for topic '/tf' on flush cycle 5947
2026-09-30T16:42:56Z [122,326ms] [Warning] [isaacsim.ros2.nodes] ROS2 TF aggregation contributor '/World/Nova_Carter_ROS/chassis_link/sensors/left_hawk/ROS_TF/PublisherTF' did not submit transforms for topic '/tf' on flush cycle 5947
2026-09-30T16:42:56Z [122,326ms] [Warning] [isaacsim.ros2.nodes] ROS2 TF aggregation contributor '/World/Nova_Carter_ROS/transform_tree_odometry/ros2_publish_raw_transform_tree' did not submit transforms for topic '/tf' on flush cycle 5947
2026-09-30T16:42:56Z [122,326ms] [Warning] [isaacsim.ros2.nodes] ROS2 TF aggregation contributor '/World/Nova_Carter_ROS/chassis_link/sensors/rear_RPLidar/ROS_TF/PublisherTF' did not submit transforms for topic '/tf' on flush cycle 5947
2026-09-30T16:42:56Z [122,326ms] [Warning] [isaacsim.ros2.nodes] ROS2 TF aggregation contributor '/World/Nova_Carter_ROS/chassis_link/sensors/right_owl/ROS_TF/PublisherTF' did not submit transforms for topic '/tf' on flush cycle 5947
2026-09-30T16:42:56Z [122,326ms] [Warning] [isaacsim.ros2.nodes] ROS2 TF aggregation contributor '/World/Nova_Carter_ROS/chassis_link/sensors/front_RPLidar/ROS_TF/PublisherTF' did not submit transforms for topic '/tf' on flush cycle 5947
2026-09-30T16:42:56Z [122,326ms] [Warning] [isaacsim.ros2.nodes] ROS2 TF aggregation contributor '/World/Nova_Carter_ROS/chassis_link/sensors/right_hawk/ROS_TF/PublisherTF' did not submit transforms for topic '/tf' on flush cycle 5947
2026-09-30T16:42:56Z [122,326ms] [Warning] [isaacsim.ros2.nodes] ROS2 TF aggregation contributor '/World/Nova_Carter_ROS/chassis_link/sensors/front_owl/ROS_TF/PublisherTF' did not submit transforms for topic '/tf' on flush cycle 5947
2026-09-30T16:42:56Z [122,326ms] [Warning] [isaacsim.ros2.nodes] ROS2 TF aggregation contributor '/World/Nova_Carter_ROS/chassis_link/sensors/back_owl/ROS_TF/PublisherTF' did not submit transforms for topic '/tf' on flush cycle 5947
2026-09-30T16:42:56Z [122,326ms] [Warning] [isaacsim.ros2.nodes] ROS2 TF aggregation contributor '/World/Nova_Carter_ROS/transform_tree_odometry/tf_tree_base_link_to_wheel_base' did not submit transforms for topic '/tf' on flush cycle 5947
2026-09-30T16:42:56Z [122,326ms] [Warning] [isaacsim.ros2.nodes] ROS2 TF aggregation contributor '/World/Nova_Carter_ROS/transform_tree_odometry/tf_tree_base_link_to_sensors' did not submit transforms for topic '/tf' on flush cycle 5947
2026-09-30T16:42:56Z [122,326ms] [Warning] [isaacsim.ros2.nodes] ROS2 TF aggregation contributor '/World/Nova_Carter_ROS/transform_tree_odometry/tf_tree_base_link_to_chassis' did not submit transforms for topic '/tf' on flush cycle 5947
2026-09-30T16:42:58Z [124,454ms] [Warning] [isaacsim.ros2.nodes] ROS2 TF aggregation contributor '/World/Nova_Carter_ROS/chassis_link/sensors/left_owl/ROS_TF/PublisherTF' did not submit transforms for topic '/tf' on flush cycle 6067
2026-09-30T16:42:58Z [124,454ms] [Warning] [isaacsim.ros2.nodes] ROS2 TF aggregation contributor '/World/Nova_Carter_ROS/chassis_link/sensors/XT_32/ROS_TF/PublisherTF' did not submit transforms for topic '/tf' on flush cycle 6067
2026-09-30T16:42:58Z [124,454ms] [Warning] [isaacsim.ros2.nodes] ROS2 TF aggregation contributor '/World/Nova_Carter_ROS/chassis_link/sensors/front_hawk/ROS_TF/PublisherTF' did not submit transforms for topic '/tf' on flush cycle 6067
2026-09-30T16:42:58Z [124,454ms] [Warning] [isaacsim.ros2.nodes] ROS2 TF aggregation contributor '/World/Nova_Carter_ROS/chassis_link/sensors/back_hawk/ROS_TF/PublisherTF' did not submit transforms for topic '/tf' on flush cycle 6067
2026-09-30T16:42:58Z [124,454ms] [Warning] [isaacsim.ros2.nodes] ROS2 TF aggregation contributor '/World/Nova_Carter_ROS/chassis_link/sensors/left_hawk/ROS_TF/PublisherTF' did not submit transforms for topic '/tf' on flush cycle 6067
2026-09-30T16:42:58Z [124,454ms] [Warning] [isaacsim.ros2.nodes] ROS2 TF aggregation contributor '/World/Nova_Carter_ROS/transform_tree_odometry/ros2_publish_raw_transform_tree' did not submit transforms for topic '/tf' on flush cycle 6067
2026-09-30T16:42:58Z [124,454ms] [Warning] [isaacsim.ros2.nodes] ROS2 TF aggregation contributor '/World/Nova_Carter_ROS/chassis_link/sensors/rear_RPLidar/ROS_TF/PublisherTF' did not submit transforms for topic '/tf' on flush cycle 6067
2026-09-30T16:42:58Z [124,455ms] [Warning] [isaacsim.ros2.nodes] ROS2 TF aggregation contributor '/World/Nova_Carter_ROS/chassis_link/sensors/right_owl/ROS_TF/PublisherTF' did not submit transforms for topic '/tf' on flush cycle 6067
2026-09-30T16:42:58Z [124,455ms] [Warning] [isaacsim.ros2.nodes] ROS2 TF aggregation contributor '/World/Nova_Carter_ROS/chassis_link/sensors/front_RPLidar/ROS_TF/PublisherTF' did not submit transforms for topic '/tf' on flush cycle 6067
2026-09-30T16:42:58Z [124,455ms] [Warning] [isaacsim.ros2.nodes] ROS2 TF aggregation contributor '/World/Nova_Carter_ROS/chassis_link/sensors/right_hawk/ROS_TF/PublisherTF' did not submit transforms for topic '/tf' on flush cycle 6067
2026-09-30T16:42:58Z [124,455ms] [Warning] [isaacsim.ros2.nodes] ROS2 TF aggregation contributor '/World/Nova_Carter_ROS/chassis_link/sensors/front_owl/ROS_TF/PublisherTF' did not submit transforms for topic '/tf' on flush cycle 6067
2026-09-30T16:42:58Z [124,455ms] [Warning] [isaacsim.ros2.nodes] ROS2 TF aggregation contributor '/World/Nova_Carter_ROS/chassis_link/sensors/back_owl/ROS_TF/PublisherTF' did not submit transforms for topic '/tf' on flush cycle 6067
2026-09-30T16:42:58Z [124,455ms] [Warning] [isaacsim.ros2.nodes] ROS2 TF aggregation contributor '/World/Nova_Carter_ROS/transform_tree_odometry/tf_tree_base_link_to_wheel_base' did not submit transforms for topic '/tf' on flush cycle 6067
2026-09-30T16:42:58Z [124,455ms] [Warning] [isaacsim.ros2.nodes] ROS2 TF aggregation contributor '/World/Nova_Carter_ROS/transform_tree_odometry/tf_tree_base_link_to_sensors' did not submit transforms for topic '/tf' on flush cycle 6067
2026-09-30T16:42:58Z [124,455ms] [Warning] [isaacsim.ros2.nodes] ROS2 TF aggregation contributor '/World/Nova_Carter_ROS/transform_tree_odometry/tf_tree_base_link_to_chassis' did not submit transforms for topic '/tf' on flush cycle 6067
2026-09-30T16:43:00Z [126,499ms] [Warning] [isaacsim.ros2.nodes] ROS2 TF aggregation contributor '/World/Nova_Carter_ROS/chassis_link/sensors/left_owl/ROS_TF/PublisherTF' did not submit transforms for topic '/tf' on flush cycle 6187
2026-09-30T16:43:00Z [126,499ms] [Warning] [isaacsim.ros2.nodes] ROS2 TF aggregation contributor '/World/Nova_Carter_ROS/chassis_link/sensors/XT_32/ROS_TF/PublisherTF' did not submit transforms for topic '/tf' on flush cycle 6187
2026-09-30T16:43:00Z [126,499ms] [Warning] [isaacsim.ros2.nodes] ROS2 TF aggregation contributor '/World/Nova_Carter_ROS/chassis_link/sensors/front_hawk/ROS_TF/PublisherTF' did not submit transforms for topic '/tf' on flush cycle 6187
2026-09-30T16:43:00Z [126,499ms] [Warning] [isaacsim.ros2.nodes] ROS2 TF aggregation contributor '/World/Nova_Carter_ROS/chassis_link/sensors/back_hawk/ROS_TF/PublisherTF' did not submit transforms for topic '/tf' on flush cycle 6187
2026-09-30T16:43:00Z [126,499ms] [Warning] [isaacsim.ros2.nodes] ROS2 TF aggregation contributor '/World/Nova_Carter_ROS/chassis_link/sensors/left_hawk/ROS_TF/PublisherTF' did not submit transforms for topic '/tf' on flush cycle 6187
2026-09-30T16:43:00Z [126,499ms] [Warning] [isaacsim.ros2.nodes] ROS2 TF aggregation contributor '/World/Nova_Carter_ROS/transform_tree_odometry/ros2_publish_raw_transform_tree' did not submit transforms for topic '/tf' on flush cycle 6187
2026-09-30T16:43:00Z [126,499ms] [Warning] [isaacsim.ros2.nodes] ROS2 TF aggregation contributor '/World/Nova_Carter_ROS/chassis_link/sensors/rear_RPLidar/ROS_TF/PublisherTF' did not submit transforms for topic '/tf' on flush cycle 6187
2026-09-30T16:43:00Z [126,499ms] [Warning] [isaacsim.ros2.nodes] ROS2 TF aggregation contributor '/World/Nova_Carter_ROS/chassis_link/sensors/right_owl/ROS_TF/PublisherTF' did not submit transforms for topic '/tf' on flush cycle 6187
2026-09-30T16:43:00Z [126,499ms] [Warning] [isaacsim.ros2.nodes] ROS2 TF aggregation contributor '/World/Nova_Carter_ROS/chassis_link/sensors/front_RPLidar/ROS_TF/PublisherTF' did not submit transforms for topic '/tf' on flush cycle 6187
2026-09-30T16:43:00Z [126,499ms] [Warning] [isaacsim.ros2.nodes] ROS2 TF aggregation contributor '/World/Nova_Carter_ROS/chassis_link/sensors/right_hawk/ROS_TF/PublisherTF' did not submit transforms for topic '/tf' on flush cycle 6187
2026-09-30T16:43:00Z [126,499ms] [Warning] [isaacsim.ros2.nodes] ROS2 TF aggregation contributor '/World/Nova_Carter_ROS/chassis_link/sensors/front_owl/ROS_TF/PublisherTF' did not submit transforms for topic '/tf' on flush cycle 6187
2026-09-30T16:43:00Z [126,499ms] [Warning] [isaacsim.ros2.nodes] ROS2 TF aggregation contributor '/World/Nova_Carter_ROS/chassis_link/sensors/back_owl/ROS_TF/PublisherTF' did not submit transforms for topic '/tf' on flush cycle 6187
2026-09-30T16:43:00Z [126,499ms] [Warning] [isaacsim.ros2.nodes] ROS2 TF aggregation contributor '/World/Nova_Carter_ROS/transform_tree_odometry/tf_tree_base_link_to_wheel_base' did not submit transforms for topic '/tf' on flush cycle 6187
2026-09-30T16:43:00Z [126,499ms] [Warning] [isaacsim.ros2.nodes] ROS2 TF aggregation contributor '/World/Nova_Carter_ROS/transform_tree_odometry/tf_tree_base_link_to_sensors' did not submit transforms for topic '/tf' on flush cycle 6187
2026-09-30T16:43:00Z [126,499ms] [Warning] [isaacsim.ros2.nodes] ROS2 TF aggregation contributor '/World/Nova_Carter_ROS/transform_tree_odometry/tf_tree_base_link_to_chassis' did not submit transforms for topic '/tf' on flush cycle 6187
2026-09-30T16:43:02Z [128,543ms] [Warning] [isaacsim.ros2.nodes] ROS2 TF aggregation contributor '/World/Nova_Carter_ROS/chassis_link/sensors/left_owl/ROS_TF/PublisherTF' did not submit transforms for topic '/tf' on flush cycle 6307
2026-09-30T16:43:02Z [128,543ms] [Warning] [isaacsim.ros2.nodes] ROS2 TF aggregation contributor '/World/Nova_Carter_ROS/chassis_link/sensors/XT_32/ROS_TF/PublisherTF' did not submit transforms for topic '/tf' on flush cycle 6307
2026-09-30T16:43:02Z [128,543ms] [Warning] [isaacsim.ros2.nodes] ROS2 TF aggregation contributor '/World/Nova_Carter_ROS/chassis_link/sensors/front_hawk/ROS_TF/PublisherTF' did not submit transforms for topic '/tf' on flush cycle 6307
2026-09-30T16:43:02Z [128,543ms] [Warning] [isaacsim.ros2.nodes] ROS2 TF aggregation contributor '/World/Nova_Carter_ROS/chassis_link/sensors/back_hawk/ROS_TF/PublisherTF' did not submit transforms for topic '/tf' on flush cycle 6307
2026-09-30T16:43:02Z [128,543ms] [Warning] [isaacsim.ros2.nodes] ROS2 TF aggregation contributor '/World/Nova_Carter_ROS/chassis_link/sensors/left_hawk/ROS_TF/PublisherTF' did not submit transforms for topic '/tf' on flush cycle 6307
2026-09-30T16:43:02Z [128,544ms] [Warning] [isaacsim.ros2.nodes] ROS2 TF aggregation contributor '/World/Nova_Carter_ROS/transform_tree_odometry/ros2_publish_raw_transform_tree' did not submit transforms for topic '/tf' on flush cycle 6307
2026-09-30T16:43:02Z [128,544ms] [Warning] [isaacsim.ros2.nodes] ROS2 TF aggregation contributor '/World/Nova_Carter_ROS/chassis_link/sensors/rear_RPLidar/ROS_TF/PublisherTF' did not submit transforms for topic '/tf' on flush cycle 6307
2026-09-30T16:43:02Z [128,544ms] [Warning] [isaacsim.ros2.nodes] ROS2 TF aggregation contributor '/World/Nova_Carter_ROS/chassis_link/sensors/right_owl/ROS_TF/PublisherTF' did not submit transforms for topic '/tf' on flush cycle 6307
2026-09-30T16:43:02Z [128,544ms] [Warning] [isaacsim.ros2.nodes] ROS2 TF aggregation contributor '/World/Nova_Carter_ROS/chassis_link/sensors/front_RPLidar/ROS_TF/PublisherTF' did not submit transforms for topic '/tf' on flush cycle 6307
2026-09-30T16:43:02Z [128,544ms] [Warning] [isaacsim.ros2.nodes] ROS2 TF aggregation contributor '/World/Nova_Carter_ROS/chassis_link/sensors/right_hawk/ROS_TF/PublisherTF' did not submit transforms for topic '/tf' on flush cycle 6307
2026-09-30T16:43:02Z [128,544ms] [Warning] [isaacsim.ros2.nodes] ROS2 TF aggregation contributor '/World/Nova_Carter_ROS/chassis_link/sensors/front_owl/ROS_TF/PublisherTF' did not submit transforms for topic '/tf' on flush cycle 6307
2026-09-30T16:43:02Z [128,544ms] [Warning] [isaacsim.ros2.nodes] ROS2 TF aggregation contributor '/World/Nova_Carter_ROS/chassis_link/sensors/back_owl/ROS_TF/PublisherTF' did not submit transforms for topic '/tf' on flush cycle 6307
2026-09-30T16:43:02Z [128,544ms] [Warning] [isaacsim.ros2.nodes] ROS2 TF aggregation contributor '/World/Nova_Carter_ROS/transform_tree_odometry/tf_tree_base_link_to_wheel_base' did not submit transforms for topic '/tf' on flush cycle 6307
2026-09-30T16:43:02Z [128,544ms] [Warning] [isaacsim.ros2.nodes] ROS2 TF aggregation contributor '/World/Nova_Carter_ROS/transform_tree_odometry/tf_tree_base_link_to_sensors' did not submit transforms for topic '/tf' on flush cycle 6307
2026-09-30T16:43:02Z [128,544ms] [Warning] [isaacsim.ros2.nodes] ROS2 TF aggregation contributor '/World/Nova_Carter_ROS/transform_tree_odometry/tf_tree_base_link_to_chassis' did not submit transforms for topic '/tf' on flush cycle 6307
2026-09-30T16:43:04Z [130,593ms] [Warning] [isaacsim.ros2.nodes] ROS2 TF aggregation contributor '/World/Nova_Carter_ROS/chassis_link/sensors/left_owl/ROS_TF/PublisherTF' did not submit transforms for topic '/tf' on flush cycle 6427
2026-09-30T16:43:04Z [130,593ms] [Warning] [isaacsim.ros2.nodes] ROS2 TF aggregation contributor '/World/Nova_Carter_ROS/chassis_link/sensors/XT_32/ROS_TF/PublisherTF' did not submit transforms for topic '/tf' on flush cycle 6427
2026-09-30T16:43:04Z [130,593ms] [Warning] [isaacsim.ros2.nodes] ROS2 TF aggregation contributor '/World/Nova_Carter_ROS/chassis_link/sensors/front_hawk/ROS_TF/PublisherTF' did not submit transforms for topic '/tf' on flush cycle 6427
2026-09-30T16:43:04Z [130,593ms] [Warning] [isaacsim.ros2.nodes] ROS2 TF aggregation contributor '/World/Nova_Carter_ROS/chassis_link/sensors/back_hawk/ROS_TF/PublisherTF' did not submit transforms for topic '/tf' on flush cycle 6427
2026-09-30T16:43:04Z [130,593ms] [Warning] [isaacsim.ros2.nodes] ROS2 TF aggregation contributor '/World/Nova_Carter_ROS/chassis_link/sensors/left_hawk/ROS_TF/PublisherTF' did not submit transforms for topic '/tf' on flush cycle 6427
2026-09-30T16:43:04Z [130,593ms] [Warning] [isaacsim.ros2.nodes] ROS2 TF aggregation contributor '/World/Nova_Carter_ROS/transform_tree_odometry/ros2_publish_raw_transform_tree' did not submit transforms for topic '/tf' on flush cycle 6427
2026-09-30T16:43:04Z [130,593ms] [Warning] [isaacsim.ros2.nodes] ROS2 TF aggregation contributor '/World/Nova_Carter_ROS/chassis_link/sensors/rear_RPLidar/ROS_TF/PublisherTF' did not submit transforms for topic '/tf' on flush cycle 6427
2026-09-30T16:43:04Z [130,593ms] [Warning] [isaacsim.ros2.nodes] ROS2 TF aggregation contributor '/World/Nova_Carter_ROS/chassis_link/sensors/right_owl/ROS_TF/PublisherTF' did not submit transforms for topic '/tf' on flush cycle 6427
2026-09-30T16:43:04Z [130,593ms] [Warning] [isaacsim.ros2.nodes] ROS2 TF aggregation contributor '/World/Nova_Carter_ROS/chassis_link/sensors/front_RPLidar/ROS_TF/PublisherTF' did not submit transforms for topic '/tf' on flush cycle 6427
2026-09-30T16:43:04Z [130,593ms] [Warning] [isaacsim.ros2.nodes] ROS2 TF aggregation contributor '/World/Nova_Carter_ROS/chassis_link/sensors/right_hawk/ROS_TF/PublisherTF' did not submit transforms for topic '/tf' on flush cycle 6427
2026-09-30T16:43:04Z [130,593ms] [Warning] [isaacsim.ros2.nodes] ROS2 TF aggregation contributor '/World/Nova_Carter_ROS/chassis_link/sensors/front_owl/ROS_TF/PublisherTF' did not submit transforms for topic '/tf' on flush cycle 6427
2026-09-30T16:43:04Z [130,593ms] [Warning] [isaacsim.ros2.nodes] ROS2 TF aggregation contributor '/World/Nova_Carter_ROS/chassis_link/sensors/back_owl/ROS_TF/PublisherTF' did not submit transforms for topic '/tf' on flush cycle 6427
2026-09-30T16:43:04Z [130,593ms] [Warning] [isaacsim.ros2.nodes] ROS2 TF aggregation contributor '/World/Nova_Carter_ROS/transform_tree_odometry/tf_tree_base_link_to_wheel_base' did not submit transforms for topic '/tf' on flush cycle 6427
2026-09-30T16:43:04Z [130,593ms] [Warning] [isaacsim.ros2.nodes] ROS2 TF aggregation contributor '/World/Nova_Carter_ROS/transform_tree_odometry/tf_tree_base_link_to_sensors' did not submit transforms for topic '/tf' on flush cycle 6427
2026-09-30T16:43:04Z [130,593ms] [Warning] [isaacsim.ros2.nodes] ROS2 TF aggregation contributor '/World/Nova_Carter_ROS/transform_tree_odometry/tf_tree_base_link_to_chassis' did not submit transforms for topic '/tf' on flush cycle 6427
2026-09-30T16:43:06Z [132,640ms] [Warning] [isaacsim.ros2.nodes] ROS2 TF aggregation contributor '/World/Nova_Carter_ROS/chassis_link/sensors/left_owl/ROS_TF/PublisherTF' did not submit transforms for topic '/tf' on flush cycle 6547
2026-09-30T16:43:06Z [132,640ms] [Warning] [isaacsim.ros2.nodes] ROS2 TF aggregation contributor '/World/Nova_Carter_ROS/chassis_link/sensors/XT_32/ROS_TF/PublisherTF' did not submit transforms for topic '/tf' on flush cycle 6547
2026-09-30T16:43:06Z [132,640ms] [Warning] [isaacsim.ros2.nodes] ROS2 TF aggregation contributor '/World/Nova_Carter_ROS/chassis_link/sensors/front_hawk/ROS_TF/PublisherTF' did not submit transforms for topic '/tf' on flush cycle 6547
2026-09-30T16:43:06Z [132,640ms] [Warning] [isaacsim.ros2.nodes] ROS2 TF aggregation contributor '/World/Nova_Carter_ROS/chassis_link/sensors/back_hawk/ROS_TF/PublisherTF' did not submit transforms for topic '/tf' on flush cycle 6547
2026-09-30T16:43:06Z [132,640ms] [Warning] [isaacsim.ros2.nodes] ROS2 TF aggregation contributor '/World/Nova_Carter_ROS/chassis_link/sensors/left_hawk/ROS_TF/PublisherTF' did not submit transforms for topic '/tf' on flush cycle 6547
2026-09-30T16:43:06Z [132,640ms] [Warning] [isaacsim.ros2.nodes] ROS2 TF aggregation contributor '/World/Nova_Carter_ROS/transform_tree_odometry/ros2_publish_raw_transform_tree' did not submit transforms for topic '/tf' on flush cycle 6547
2026-09-30T16:43:06Z [132,640ms] [Warning] [isaacsim.ros2.nodes] ROS2 TF aggregation contributor '/World/Nova_Carter_ROS/chassis_link/sensors/rear_RPLidar/ROS_TF/PublisherTF' did not submit transforms for topic '/tf' on flush cycle 6547
2026-09-30T16:43:06Z [132,640ms] [Warning] [isaacsim.ros2.nodes] ROS2 TF aggregation contributor '/World/Nova_Carter_ROS/chassis_link/sensors/right_owl/ROS_TF/PublisherTF' did not submit transforms for topic '/tf' on flush cycle 6547
2026-09-30T16:43:06Z [132,640ms] [Warning] [isaacsim.ros2.nodes] ROS2 TF aggregation contributor '/World/Nova_Carter_ROS/chassis_link/sensors/front_RPLidar/ROS_TF/PublisherTF' did not submit transforms for topic '/tf' on flush cycle 6547
2026-09-30T16:43:06Z [132,640ms] [Warning] [isaacsim.ros2.nodes] ROS2 TF aggregation contributor '/World/Nova_Carter_ROS/chassis_link/sensors/right_hawk/ROS_TF/PublisherTF' did not submit transforms for topic '/tf' on flush cycle 6547
2026-09-30T16:43:06Z [132,640ms] [Warning] [isaacsim.ros2.nodes] ROS2 TF aggregation contributor '/World/Nova_Carter_ROS/chassis_link/sensors/front_owl/ROS_TF/PublisherTF' did not submit transforms for topic '/tf' on flush cycle 6547
2026-09-30T16:43:06Z [132,640ms] [Warning] [isaacsim.ros2.nodes] ROS2 TF aggregation contributor '/World/Nova_Carter_ROS/chassis_link/sensors/back_owl/ROS_TF/PublisherTF' did not submit transforms for topic '/tf' on flush cycle 6547
2026-09-30T16:43:06Z [132,640ms] [Warning] [isaacsim.ros2.nodes] ROS2 TF aggregation contributor '/World/Nova_Carter_ROS/transform_tree_odometry/tf_tree_base_link_to_wheel_base' did not submit transforms for topic '/tf' on flush cycle 6547
2026-09-30T16:43:06Z [132,640ms] [Warning] [isaacsim.ros2.nodes] ROS2 TF aggregation contributor '/World/Nova_Carter_ROS/transform_tree_odometry/tf_tree_base_link_to_sensors' did not submit transforms for topic '/tf' on flush cycle 6547
2026-09-30T16:43:06Z [132,640ms] [Warning] [isaacsim.ros2.nodes] ROS2 TF aggregation contributor '/World/Nova_Carter_ROS/transform_tree_odometry/tf_tree_base_link_to_chassis' did not submit transforms for topic '/tf' on flush cycle 6547
2026-09-30T16:43:08Z [134,736ms] [Warning] [isaacsim.ros2.nodes] ROS2 TF aggregation contributor '/World/Nova_Carter_ROS/chassis_link/sensors/left_owl/ROS_TF/PublisherTF' did not submit transforms for topic '/tf' on flush cycle 6667
2026-09-30T16:43:08Z [134,736ms] [Warning] [isaacsim.ros2.nodes] ROS2 TF aggregation contributor '/World/Nova_Carter_ROS/chassis_link/sensors/XT_32/ROS_TF/PublisherTF' did not submit transforms for topic '/tf' on flush cycle 6667
2026-09-30T16:43:08Z [134,736ms] [Warning] [isaacsim.ros2.nodes] ROS2 TF aggregation contributor '/World/Nova_Carter_ROS/chassis_link/sensors/front_hawk/ROS_TF/PublisherTF' did not submit transforms for topic '/tf' on flush cycle 6667
2026-09-30T16:43:08Z [134,736ms] [Warning] [isaacsim.ros2.nodes] ROS2 TF aggregation contributor '/World/Nova_Carter_ROS/chassis_link/sensors/back_hawk/ROS_TF/PublisherTF' did not submit transforms for topic '/tf' on flush cycle 6667
2026-09-30T16:43:08Z [134,736ms] [Warning] [isaacsim.ros2.nodes] ROS2 TF aggregation contributor '/World/Nova_Carter_ROS/chassis_link/sensors/left_hawk/ROS_TF/PublisherTF' did not submit transforms for topic '/tf' on flush cycle 6667
2026-09-30T16:43:08Z [134,736ms] [Warning] [isaacsim.ros2.nodes] ROS2 TF aggregation contributor '/World/Nova_Carter_ROS/transform_tree_odometry/ros2_publish_raw_transform_tree' did not submit transforms for topic '/tf' on flush cycle 6667
2026-09-30T16:43:08Z [134,736ms] [Warning] [isaacsim.ros2.nodes] ROS2 TF aggregation contributor '/World/Nova_Carter_ROS/chassis_link/sensors/rear_RPLidar/ROS_TF/PublisherTF' did not submit transforms for topic '/tf' on flush cycle 6667
2026-09-30T16:43:08Z [134,736ms] [Warning] [isaacsim.ros2.nodes] ROS2 TF aggregation contributor '/World/Nova_Carter_ROS/chassis_link/sensors/right_owl/ROS_TF/PublisherTF' did not submit transforms for topic '/tf' on flush cycle 6667
2026-09-30T16:43:08Z [134,736ms] [Warning] [isaacsim.ros2.nodes] ROS2 TF aggregation contributor '/World/Nova_Carter_ROS/chassis_link/sensors/front_RPLidar/ROS_TF/PublisherTF' did not submit transforms for topic '/tf' on flush cycle 6667
2026-09-30T16:43:08Z [134,736ms] [Warning] [isaacsim.ros2.nodes] ROS2 TF aggregation contributor '/World/Nova_Carter_ROS/chassis_link/sensors/right_hawk/ROS_TF/PublisherTF' did not submit transforms for topic '/tf' on flush cycle 6667
2026-09-30T16:43:08Z [134,736ms] [Warning] [isaacsim.ros2.nodes] ROS2 TF aggregation contributor '/World/Nova_Carter_ROS/chassis_link/sensors/front_owl/ROS_TF/PublisherTF' did not submit transforms for topic '/tf' on flush cycle 6667
2026-09-30T16:43:08Z [134,736ms] [Warning] [isaacsim.ros2.nodes] ROS2 TF aggregation contributor '/World/Nova_Carter_ROS/chassis_link/sensors/back_owl/ROS_TF/PublisherTF' did not submit transforms for topic '/tf' on flush cycle 6667
2026-09-30T16:43:08Z [134,736ms] [Warning] [isaacsim.ros2.nodes] ROS2 TF aggregation contributor '/World/Nova_Carter_ROS/transform_tree_odometry/tf_tree_base_link_to_wheel_base' did not submit transforms for topic '/tf' on flush cycle 6667
2026-09-30T16:43:08Z [134,736ms] [Warning] [isaacsim.ros2.nodes] ROS2 TF aggregation contributor '/World/Nova_Carter_ROS/transform_tree_odometry/tf_tree_base_link_to_sensors' did not submit transforms for topic '/tf' on flush cycle 6667
2026-09-30T16:43:08Z [134,736ms] [Warning] [isaacsim.ros2.nodes] ROS2 TF aggregation contributor '/World/Nova_Carter_ROS/transform_tree_odometry/tf_tree_base_link_to_chassis' did not submit transforms for topic '/tf' on flush cycle 6667
2026-09-30T16:43:18Z [144,767ms] [Warning] [isaacsim.ros2.nodes] ROS2 TF aggregation contributor '/World/Nova_Carter_ROS/chassis_link/sensors/left_owl/ROS_TF/PublisherTF' did not submit transforms for topic '/tf' on flush cycle 7208
2026-09-30T16:43:18Z [144,767ms] [Warning] [isaacsim.ros2.nodes] ROS2 TF aggregation contributor '/World/Nova_Carter_ROS/chassis_link/sensors/XT_32/ROS_TF/PublisherTF' did not submit transforms for topic '/tf' on flush cycle 7208
2026-09-30T16:43:18Z [144,767ms] [Warning] [isaacsim.ros2.nodes] ROS2 TF aggregation contributor '/World/Nova_Carter_ROS/chassis_link/sensors/front_hawk/ROS_TF/PublisherTF' did not submit transforms for topic '/tf' on flush cycle 7208
2026-09-30T16:43:18Z [144,767ms] [Warning] [isaacsim.ros2.nodes] ROS2 TF aggregation contributor '/World/Nova_Carter_ROS/chassis_link/sensors/back_hawk/ROS_TF/PublisherTF' did not submit transforms for topic '/tf' on flush cycle 7208
2026-09-30T16:43:18Z [144,767ms] [Warning] [isaacsim.ros2.nodes] ROS2 TF aggregation contributor '/World/Nova_Carter_ROS/chassis_link/sensors/left_hawk/ROS_TF/PublisherTF' did not submit transforms for topic '/tf' on flush cycle 7208
2026-09-30T16:43:18Z [144,767ms] [Warning] [isaacsim.ros2.nodes] ROS2 TF aggregation contributor '/World/Nova_Carter_ROS/transform_tree_odometry/ros2_publish_raw_transform_tree' did not submit transforms for topic '/tf' on flush cycle 7208
2026-09-30T16:43:18Z [144,767ms] [Warning] [isaacsim.ros2.nodes] ROS2 TF aggregation contributor '/World/Nova_Carter_ROS/chassis_link/sensors/rear_RPLidar/ROS_TF/PublisherTF' did not submit transforms for topic '/tf' on flush cycle 7208
2026-09-30T16:43:18Z [144,767ms] [Warning] [isaacsim.ros2.nodes] ROS2 TF aggregation contributor '/World/Nova_Carter_ROS/chassis_link/sensors/right_owl/ROS_TF/PublisherTF' did not submit transforms for topic '/tf' on flush cycle 7208
2026-09-30T16:43:18Z [144,767ms] [Warning] [isaacsim.ros2.nodes] ROS2 TF aggregation contributor '/World/Nova_Carter_ROS/chassis_link/sensors/front_RPLidar/ROS_TF/PublisherTF' did not submit transforms for topic '/tf' on flush cycle 7208
2026-09-30T16:43:18Z [144,767ms] [Warning] [isaacsim.ros2.nodes] ROS2 TF aggregation contributor '/World/Nova_Carter_ROS/chassis_link/sensors/right_hawk/ROS_TF/PublisherTF' did not submit transforms for topic '/tf' on flush cycle 7208
2026-09-30T16:43:18Z [144,767ms] [Warning] [isaacsim.ros2.nodes] ROS2 TF aggregation contributor '/World/Nova_Carter_ROS/chassis_link/sensors/front_owl/ROS_TF/PublisherTF' did not submit transforms for topic '/tf' on flush cycle 7208
2026-09-30T16:43:18Z [144,767ms] [Warning] [isaacsim.ros2.nodes] ROS2 TF aggregation contributor '/World/Nova_Carter_ROS/chassis_link/sensors/back_owl/ROS_TF/PublisherTF' did not submit transforms for topic '/tf' on flush cycle 7208
2026-09-30T16:43:18Z [144,767ms] [Warning] [isaacsim.ros2.nodes] ROS2 TF aggregation contributor '/World/Nova_Carter_ROS/transform_tree_odometry/tf_tree_base_link_to_wheel_base' did not submit transforms for topic '/tf' on flush cycle 7208
2026-09-30T16:43:18Z [144,767ms] [Warning] [isaacsim.ros2.nodes] ROS2 TF aggregation contributor '/World/Nova_Carter_ROS/transform_tree_odometry/tf_tree_base_link_to_sensors' did not submit transforms for topic '/tf' on flush cycle 7208
2026-09-30T16:43:18Z [144,767ms] [Warning] [isaacsim.ros2.nodes] ROS2 TF aggregation contributor '/World/Nova_Carter_ROS/transform_tree_odometry/tf_tree_base_link_to_chassis' did not submit transforms for topic '/tf' on flush cycle 7208
2026-09-30T16:43:20Z [146,848ms] [Warning] [isaacsim.ros2.nodes] ROS2 TF aggregation contributor '/World/Nova_Carter_ROS/chassis_link/sensors/left_owl/ROS_TF/PublisherTF' did not submit transforms for topic '/tf' on flush cycle 7328
2026-09-30T16:43:20Z [146,848ms] [Warning] [isaacsim.ros2.nodes] ROS2 TF aggregation contributor '/World/Nova_Carter_ROS/chassis_link/sensors/XT_32/ROS_TF/PublisherTF' did not submit transforms for topic '/tf' on flush cycle 7328
2026-09-30T16:43:20Z [146,848ms] [Warning] [isaacsim.ros2.nodes] ROS2 TF aggregation contributor '/World/Nova_Carter_ROS/chassis_link/sensors/front_hawk/ROS_TF/PublisherTF' did not submit transforms for topic '/tf' on flush cycle 7328
2026-09-30T16:43:20Z [146,848ms] [Warning] [isaacsim.ros2.nodes] ROS2 TF aggregation contributor '/World/Nova_Carter_ROS/chassis_link/sensors/back_hawk/ROS_TF/PublisherTF' did not submit transforms for topic '/tf' on flush cycle 7328
2026-09-30T16:43:20Z [146,848ms] [Warning] [isaacsim.ros2.nodes] ROS2 TF aggregation contributor '/World/Nova_Carter_ROS/chassis_link/sensors/left_hawk/ROS_TF/PublisherTF' did not submit transforms for topic '/tf' on flush cycle 7328
2026-09-30T16:43:20Z [146,848ms] [Warning] [isaacsim.ros2.nodes] ROS2 TF aggregation contributor '/World/Nova_Carter_ROS/transform_tree_odometry/ros2_publish_raw_transform_tree' did not submit transforms for topic '/tf' on flush cycle 7328
2026-09-30T16:43:20Z [146,848ms] [Warning] [isaacsim.ros2.nodes] ROS2 TF aggregation contributor '/World/Nova_Carter_ROS/chassis_link/sensors/rear_RPLidar/ROS_TF/PublisherTF' did not submit transforms for topic '/tf' on flush cycle 7328
2026-09-30T16:43:20Z [146,848ms] [Warning] [isaacsim.ros2.nodes] ROS2 TF aggregation contributor '/World/Nova_Carter_ROS/chassis_link/sensors/right_owl/ROS_TF/PublisherTF' did not submit transforms for topic '/tf' on flush cycle 7328
2026-09-30T16:43:20Z [146,848ms] [Warning] [isaacsim.ros2.nodes] ROS2 TF aggregation contributor '/World/Nova_Carter_ROS/chassis_link/sensors/front_RPLidar/ROS_TF/PublisherTF' did not submit transforms for topic '/tf' on flush cycle 7328
2026-09-30T16:43:20Z [146,848ms] [Warning] [isaacsim.ros2.nodes] ROS2 TF aggregation contributor '/World/Nova_Carter_ROS/chassis_link/sensors/right_hawk/ROS_TF/PublisherTF' did not submit transforms for topic '/tf' on flush cycle 7328
2026-09-30T16:43:20Z [146,848ms] [Warning] [isaacsim.ros2.nodes] ROS2 TF aggregation contributor '/World/Nova_Carter_ROS/chassis_link/sensors/front_owl/ROS_TF/PublisherTF' did not submit transforms for topic '/tf' on flush cycle 7328
2026-09-30T16:43:20Z [146,848ms] [Warning] [isaacsim.ros2.nodes] ROS2 TF aggregation contributor '/World/Nova_Carter_ROS/chassis_link/sensors/back_owl/ROS_TF/PublisherTF' did not submit transforms for topic '/tf' on flush cycle 7328
2026-09-30T16:43:20Z [146,848ms] [Warning] [isaacsim.ros2.nodes] ROS2 TF aggregation contributor '/World/Nova_Carter_ROS/transform_tree_odometry/tf_tree_base_link_to_wheel_base' did not submit transforms for topic '/tf' on flush cycle 7328
2026-09-30T16:43:20Z [146,848ms] [Warning] [isaacsim.ros2.nodes] ROS2 TF aggregation contributor '/World/Nova_Carter_ROS/transform_tree_odometry/tf_tree_base_link_to_sensors' did not submit transforms for topic '/tf' on flush cycle 7328
2026-09-30T16:43:20Z [146,848ms] [Warning] [isaacsim.ros2.nodes] ROS2 TF aggregation contributor '/World/Nova_Carter_ROS/transform_tree_odometry/tf_tree_base_link_to_chassis' did not submit transforms for topic '/tf' on flush cycle 7328
2026-09-30T16:43:22Z [148,937ms] [Warning] [isaacsim.ros2.nodes] ROS2 TF aggregation contributor '/World/Nova_Carter_ROS/chassis_link/sensors/left_owl/ROS_TF/PublisherTF' did not submit transforms for topic '/tf' on flush cycle 7448
2026-09-30T16:43:22Z [148,937ms] [Warning] [isaacsim.ros2.nodes] ROS2 TF aggregation contributor '/World/Nova_Carter_ROS/chassis_link/sensors/XT_32/ROS_TF/PublisherTF' did not submit transforms for topic '/tf' on flush cycle 7448
2026-09-30T16:43:22Z [148,937ms] [Warning] [isaacsim.ros2.nodes] ROS2 TF aggregation contributor '/World/Nova_Carter_ROS/chassis_link/sensors/front_hawk/ROS_TF/PublisherTF' did not submit transforms for topic '/tf' on flush cycle 7448
2026-09-30T16:43:22Z [148,937ms] [Warning] [isaacsim.ros2.nodes] ROS2 TF aggregation contributor '/World/Nova_Carter_ROS/chassis_link/sensors/back_hawk/ROS_TF/PublisherTF' did not submit transforms for topic '/tf' on flush cycle 7448
2026-09-30T16:43:22Z [148,937ms] [Warning] [isaacsim.ros2.nodes] ROS2 TF aggregation contributor '/World/Nova_Carter_ROS/chassis_link/sensors/left_hawk/ROS_TF/PublisherTF' did not submit transforms for topic '/tf' on flush cycle 7448
2026-09-30T16:43:22Z [148,937ms] [Warning] [isaacsim.ros2.nodes] ROS2 TF aggregation contributor '/World/Nova_Carter_ROS/transform_tree_odometry/ros2_publish_raw_transform_tree' did not submit transforms for topic '/tf' on flush cycle 7448
2026-09-30T16:43:22Z [148,937ms] [Warning] [isaacsim.ros2.nodes] ROS2 TF aggregation contributor '/World/Nova_Carter_ROS/chassis_link/sensors/rear_RPLidar/ROS_TF/PublisherTF' did not submit transforms for topic '/tf' on flush cycle 7448
2026-09-30T16:43:22Z [148,937ms] [Warning] [isaacsim.ros2.nodes] ROS2 TF aggregation contributor '/World/Nova_Carter_ROS/chassis_link/sensors/right_owl/ROS_TF/PublisherTF' did not submit transforms for topic '/tf' on flush cycle 7448
2026-09-30T16:43:22Z [148,937ms] [Warning] [isaacsim.ros2.nodes] ROS2 TF aggregation contributor '/World/Nova_Carter_ROS/chassis_link/sensors/front_RPLidar/ROS_TF/PublisherTF' did not submit transforms for topic '/tf' on flush cycle 7448
2026-09-30T16:43:22Z [148,937ms] [Warning] [isaacsim.ros2.nodes] ROS2 TF aggregation contributor '/World/Nova_Carter_ROS/chassis_link/sensors/right_hawk/ROS_TF/PublisherTF' did not submit transforms for topic '/tf' on flush cycle 7448
2026-09-30T16:43:22Z [148,937ms] [Warning] [isaacsim.ros2.nodes] ROS2 TF aggregation contributor '/World/Nova_Carter_ROS/chassis_link/sensors/front_owl/ROS_TF/PublisherTF' did not submit transforms for topic '/tf' on flush cycle 7448
2026-09-30T16:43:22Z [148,937ms] [Warning] [isaacsim.ros2.nodes] ROS2 TF aggregation contributor '/World/Nova_Carter_ROS/chassis_link/sensors/back_owl/ROS_TF/PublisherTF' did not submit transforms for topic '/tf' on flush cycle 7448
2026-09-30T16:43:22Z [148,937ms] [Warning] [isaacsim.ros2.nodes] ROS2 TF aggregation contributor '/World/Nova_Carter_ROS/transform_tree_odometry/tf_tree_base_link_to_wheel_base' did not submit transforms for topic '/tf' on flush cycle 7448
2026-09-30T16:43:22Z [148,937ms] [Warning] [isaacsim.ros2.nodes] ROS2 TF aggregation contributor '/World/Nova_Carter_ROS/transform_tree_odometry/tf_tree_base_link_to_sensors' did not submit transforms for topic '/tf' on flush cycle 7448
2026-09-30T16:43:22Z [148,937ms] [Warning] [isaacsim.ros2.nodes] ROS2 TF aggregation contributor '/World/Nova_Carter_ROS/transform_tree_odometry/tf_tree_base_link_to_chassis' did not submit transforms for topic '/tf' on flush cycle 7448
2026-09-30T16:43:24Z [151,030ms] [Warning] [isaacsim.ros2.nodes] ROS2 TF aggregation contributor '/World/Nova_Carter_ROS/chassis_link/sensors/left_owl/ROS_TF/PublisherTF' did not submit transforms for topic '/tf' on flush cycle 7568
2026-09-30T16:43:24Z [151,030ms] [Warning] [isaacsim.ros2.nodes] ROS2 TF aggregation contributor '/World/Nova_Carter_ROS/chassis_link/sensors/XT_32/ROS_TF/PublisherTF' did not submit transforms for topic '/tf' on flush cycle 7568
2026-09-30T16:43:24Z [151,030ms] [Warning] [isaacsim.ros2.nodes] ROS2 TF aggregation contributor '/World/Nova_Carter_ROS/chassis_link/sensors/front_hawk/ROS_TF/PublisherTF' did not submit transforms for topic '/tf' on flush cycle 7568
2026-09-30T16:43:24Z [151,030ms] [Warning] [isaacsim.ros2.nodes] ROS2 TF aggregation contributor '/World/Nova_Carter_ROS/chassis_link/sensors/back_hawk/ROS_TF/PublisherTF' did not submit transforms for topic '/tf' on flush cycle 7568
2026-09-30T16:43:24Z [151,030ms] [Warning] [isaacsim.ros2.nodes] ROS2 TF aggregation contributor '/World/Nova_Carter_ROS/chassis_link/sensors/left_hawk/ROS_TF/PublisherTF' did not submit transforms for topic '/tf' on flush cycle 7568
2026-09-30T16:43:24Z [151,030ms] [Warning] [isaacsim.ros2.nodes] ROS2 TF aggregation contributor '/World/Nova_Carter_ROS/transform_tree_odometry/ros2_publish_raw_transform_tree' did not submit transforms for topic '/tf' on flush cycle 7568
2026-09-30T16:43:24Z [151,030ms] [Warning] [isaacsim.ros2.nodes] ROS2 TF aggregation contributor '/World/Nova_Carter_ROS/chassis_link/sensors/rear_RPLidar/ROS_TF/PublisherTF' did not submit transforms for topic '/tf' on flush cycle 7568
2026-09-30T16:43:24Z [151,030ms] [Warning] [isaacsim.ros2.nodes] ROS2 TF aggregation contributor '/World/Nova_Carter_ROS/chassis_link/sensors/right_owl/ROS_TF/PublisherTF' did not submit transforms for topic '/tf' on flush cycle 7568
2026-09-30T16:43:24Z [151,030ms] [Warning] [isaacsim.ros2.nodes] ROS2 TF aggregation contributor '/World/Nova_Carter_ROS/chassis_link/sensors/front_RPLidar/ROS_TF/PublisherTF' did not submit transforms for topic '/tf' on flush cycle 7568
2026-09-30T16:43:24Z [151,030ms] [Warning] [isaacsim.ros2.nodes] ROS2 TF aggregation contributor '/World/Nova_Carter_ROS/chassis_link/sensors/right_hawk/ROS_TF/PublisherTF' did not submit transforms for topic '/tf' on flush cycle 7568
2026-09-30T16:43:24Z [151,030ms] [Warning] [isaacsim.ros2.nodes] ROS2 TF aggregation contributor '/World/Nova_Carter_ROS/chassis_link/sensors/front_owl/ROS_TF/PublisherTF' did not submit transforms for topic '/tf' on flush cycle 7568
2026-09-30T16:43:24Z [151,030ms] [Warning] [isaacsim.ros2.nodes] ROS2 TF aggregation contributor '/World/Nova_Carter_ROS/chassis_link/sensors/back_owl/ROS_TF/PublisherTF' did not submit transforms for topic '/tf' on flush cycle 7568
2026-09-30T16:43:24Z [151,030ms] [Warning] [isaacsim.ros2.nodes] ROS2 TF aggregation contributor '/World/Nova_Carter_ROS/transform_tree_odometry/tf_tree_base_link_to_wheel_base' did not submit transforms for topic '/tf' on flush cycle 7568
2026-09-30T16:43:24Z [151,030ms] [Warning] [isaacsim.ros2.nodes] ROS2 TF aggregation contributor '/World/Nova_Carter_ROS/transform_tree_odometry/tf_tree_base_link_to_sensors' did not submit transforms for topic '/tf' on flush cycle 7568
2026-09-30T16:43:24Z [151,030ms] [Warning] [isaacsim.ros2.nodes] ROS2 TF aggregation contributor '/World/Nova_Carter_ROS/transform_tree_odometry/tf_tree_base_link_to_chassis' did not submit transforms for topic '/tf' on flush cycle 7568
2026-09-30T16:43:27Z [153,079ms] [Warning] [isaacsim.ros2.nodes] ROS2 TF aggregation contributor '/World/Nova_Carter_ROS/chassis_link/sensors/left_owl/ROS_TF/PublisherTF' did not submit transforms for topic '/tf' on flush cycle 7688
2026-09-30T16:43:27Z [153,079ms] [Warning] [isaacsim.ros2.nodes] ROS2 TF aggregation contributor '/World/Nova_Carter_ROS/chassis_link/sensors/XT_32/ROS_TF/PublisherTF' did not submit transforms for topic '/tf' on flush cycle 7688
2026-09-30T16:43:27Z [153,079ms] [Warning] [isaacsim.ros2.nodes] ROS2 TF aggregation contributor '/World/Nova_Carter_ROS/chassis_link/sensors/front_hawk/ROS_TF/PublisherTF' did not submit transforms for topic '/tf' on flush cycle 7688
2026-09-30T16:43:27Z [153,079ms] [Warning] [isaacsim.ros2.nodes] ROS2 TF aggregation contributor '/World/Nova_Carter_ROS/chassis_link/sensors/back_hawk/ROS_TF/PublisherTF' did not submit transforms for topic '/tf' on flush cycle 7688
2026-09-30T16:43:27Z [153,079ms] [Warning] [isaacsim.ros2.nodes] ROS2 TF aggregation contributor '/World/Nova_Carter_ROS/chassis_link/sensors/left_hawk/ROS_TF/PublisherTF' did not submit transforms for topic '/tf' on flush cycle 7688
2026-09-30T16:43:27Z [153,079ms] [Warning] [isaacsim.ros2.nodes] ROS2 TF aggregation contributor '/World/Nova_Carter_ROS/transform_tree_odometry/ros2_publish_raw_transform_tree' did not submit transforms for topic '/tf' on flush cycle 7688
2026-09-30T16:43:27Z [153,079ms] [Warning] [isaacsim.ros2.nodes] ROS2 TF aggregation contributor '/World/Nova_Carter_ROS/chassis_link/sensors/rear_RPLidar/ROS_TF/PublisherTF' did not submit transforms for topic '/tf' on flush cycle 7688
2026-09-30T16:43:27Z [153,079ms] [Warning] [isaacsim.ros2.nodes] ROS2 TF aggregation contributor '/World/Nova_Carter_ROS/chassis_link/sensors/right_owl/ROS_TF/PublisherTF' did not submit transforms for topic '/tf' on flush cycle 7688
2026-09-30T16:43:27Z [153,079ms] [Warning] [isaacsim.ros2.nodes] ROS2 TF aggregation contributor '/World/Nova_Carter_ROS/chassis_link/sensors/front_RPLidar/ROS_TF/PublisherTF' did not submit transforms for topic '/tf' on flush cycle 7688
2026-09-30T16:43:27Z [153,079ms] [Warning] [isaacsim.ros2.nodes] ROS2 TF aggregation contributor '/World/Nova_Carter_ROS/chassis_link/sensors/right_hawk/ROS_TF/PublisherTF' did not submit transforms for topic '/tf' on flush cycle 7688
2026-09-30T16:43:27Z [153,079ms] [Warning] [isaacsim.ros2.nodes] ROS2 TF aggregation contributor '/World/Nova_Carter_ROS/chassis_link/sensors/front_owl/ROS_TF/PublisherTF' did not submit transforms for topic '/tf' on flush cycle 7688
2026-09-30T16:43:27Z [153,079ms] [Warning] [isaacsim.ros2.nodes] ROS2 TF aggregation contributor '/World/Nova_Carter_ROS/chassis_link/sensors/back_owl/ROS_TF/PublisherTF' did not submit transforms for topic '/tf' on flush cycle 7688
2026-09-30T16:43:27Z [153,079ms] [Warning] [isaacsim.ros2.nodes] ROS2 TF aggregation contributor '/World/Nova_Carter_ROS/transform_tree_odometry/tf_tree_base_link_to_wheel_base' did not submit transforms for topic '/tf' on flush cycle 7688
2026-09-30T16:43:27Z [153,079ms] [Warning] [isaacsim.ros2.nodes] ROS2 TF aggregation contributor '/World/Nova_Carter_ROS/transform_tree_odometry/tf_tree_base_link_to_sensors' did not submit transforms for topic '/tf' on flush cycle 7688
2026-09-30T16:43:27Z [153,079ms] [Warning] [isaacsim.ros2.nodes] ROS2 TF aggregation contributor '/World/Nova_Carter_ROS/transform_tree_odometry/tf_tree_base_link_to_chassis' did not submit transforms for topic '/tf' on flush cycle 7688
2026-09-30T16:43:29Z [155,179ms] [Warning] [isaacsim.ros2.nodes] ROS2 TF aggregation contributor '/World/Nova_Carter_ROS/chassis_link/sensors/left_owl/ROS_TF/PublisherTF' did not submit transforms for topic '/tf' on flush cycle 7808
2026-09-30T16:43:29Z [155,179ms] [Warning] [isaacsim.ros2.nodes] ROS2 TF aggregation contributor '/World/Nova_Carter_ROS/chassis_link/sensors/XT_32/ROS_TF/PublisherTF' did not submit transforms for topic '/tf' on flush cycle 7808
2026-09-30T16:43:29Z [155,179ms] [Warning] [isaacsim.ros2.nodes] ROS2 TF aggregation contributor '/World/Nova_Carter_ROS/chassis_link/sensors/front_hawk/ROS_TF/PublisherTF' did not submit transforms for topic '/tf' on flush cycle 7808
2026-09-30T16:43:29Z [155,179ms] [Warning] [isaacsim.ros2.nodes] ROS2 TF aggregation contributor '/World/Nova_Carter_ROS/chassis_link/sensors/back_hawk/ROS_TF/PublisherTF' did not submit transforms for topic '/tf' on flush cycle 7808
2026-09-30T16:43:29Z [155,179ms] [Warning] [isaacsim.ros2.nodes] ROS2 TF aggregation contributor '/World/Nova_Carter_ROS/chassis_link/sensors/left_hawk/ROS_TF/PublisherTF' did not submit transforms for topic '/tf' on flush cycle 7808
2026-09-30T16:43:29Z [155,179ms] [Warning] [isaacsim.ros2.nodes] ROS2 TF aggregation contributor '/World/Nova_Carter_ROS/transform_tree_odometry/ros2_publish_raw_transform_tree' did not submit transforms for topic '/tf' on flush cycle 7808
2026-09-30T16:43:29Z [155,179ms] [Warning] [isaacsim.ros2.nodes] ROS2 TF aggregation contributor '/World/Nova_Carter_ROS/chassis_link/sensors/rear_RPLidar/ROS_TF/PublisherTF' did not submit transforms for topic '/tf' on flush cycle 7808
2026-09-30T16:43:29Z [155,179ms] [Warning] [isaacsim.ros2.nodes] ROS2 TF aggregation contributor '/World/Nova_Carter_ROS/chassis_link/sensors/right_owl/ROS_TF/PublisherTF' did not submit transforms for topic '/tf' on flush cycle 7808
2026-09-30T16:43:29Z [155,179ms] [Warning] [isaacsim.ros2.nodes] ROS2 TF aggregation contributor '/World/Nova_Carter_ROS/chassis_link/sensors/front_RPLidar/ROS_TF/PublisherTF' did not submit transforms for topic '/tf' on flush cycle 7808
2026-09-30T16:43:29Z [155,179ms] [Warning] [isaacsim.ros2.nodes] ROS2 TF aggregation contributor '/World/Nova_Carter_ROS/chassis_link/sensors/right_hawk/ROS_TF/PublisherTF' did not submit transforms for topic '/tf' on flush cycle 7808
2026-09-30T16:43:29Z [155,179ms] [Warning] [isaacsim.ros2.nodes] ROS2 TF aggregation contributor '/World/Nova_Carter_ROS/chassis_link/sensors/front_owl/ROS_TF/PublisherTF' did not submit transforms for topic '/tf' on flush cycle 7808
2026-09-30T16:43:29Z [155,179ms] [Warning] [isaacsim.ros2.nodes] ROS2 TF aggregation contributor '/World/Nova_Carter_ROS/chassis_link/sensors/back_owl/ROS_TF/PublisherTF' did not submit transforms for topic '/tf' on flush cycle 7808
2026-09-30T16:43:29Z [155,179ms] [Warning] [isaacsim.ros2.nodes] ROS2 TF aggregation contributor '/World/Nova_Carter_ROS/transform_tree_odometry/tf_tree_base_link_to_wheel_base' did not submit transforms for topic '/tf' on flush cycle 7808
2026-09-30T16:43:29Z [155,179ms] [Warning] [isaacsim.ros2.nodes] ROS2 TF aggregation contributor '/World/Nova_Carter_ROS/transform_tree_odometry/tf_tree_base_link_to_sensors' did not submit transforms for topic '/tf' on flush cycle 7808
2026-09-30T16:43:29Z [155,179ms] [Warning] [isaacsim.ros2.nodes] ROS2 TF aggregation contributor '/World/Nova_Carter_ROS/transform_tree_odometry/tf_tree_base_link_to_chassis' did not submit transforms for topic '/tf' on flush cycle 7808
2026-09-30T16:43:31Z [157,273ms] [Warning] [isaacsim.ros2.nodes] ROS2 TF aggregation contributor '/World/Nova_Carter_ROS/chassis_link/sensors/left_owl/ROS_TF/PublisherTF' did not submit transforms for topic '/tf' on flush cycle 7928
2026-09-30T16:43:31Z [157,273ms] [Warning] [isaacsim.ros2.nodes] ROS2 TF aggregation contributor '/World/Nova_Carter_ROS/chassis_link/sensors/XT_32/ROS_TF/PublisherTF' did not submit transforms for topic '/tf' on flush cycle 7928
2026-09-30T16:43:31Z [157,273ms] [Warning] [isaacsim.ros2.nodes] ROS2 TF aggregation contributor '/World/Nova_Carter_ROS/chassis_link/sensors/front_hawk/ROS_TF/PublisherTF' did not submit transforms for topic '/tf' on flush cycle 7928
2026-09-30T16:43:31Z [157,273ms] [Warning] [isaacsim.ros2.nodes] ROS2 TF aggregation contributor '/World/Nova_Carter_ROS/chassis_link/sensors/back_hawk/ROS_TF/PublisherTF' did not submit transforms for topic '/tf' on flush cycle 7928
2026-09-30T16:43:31Z [157,273ms] [Warning] [isaacsim.ros2.nodes] ROS2 TF aggregation contributor '/World/Nova_Carter_ROS/chassis_link/sensors/left_hawk/ROS_TF/PublisherTF' did not submit transforms for topic '/tf' on flush cycle 7928
2026-09-30T16:43:31Z [157,273ms] [Warning] [isaacsim.ros2.nodes] ROS2 TF aggregation contributor '/World/Nova_Carter_ROS/transform_tree_odometry/ros2_publish_raw_transform_tree' did not submit transforms for topic '/tf' on flush cycle 7928
2026-09-30T16:43:31Z [157,273ms] [Warning] [isaacsim.ros2.nodes] ROS2 TF aggregation contributor '/World/Nova_Carter_ROS/chassis_link/sensors/rear_RPLidar/ROS_TF/PublisherTF' did not submit transforms for topic '/tf' on flush cycle 7928
2026-09-30T16:43:31Z [157,273ms] [Warning] [isaacsim.ros2.nodes] ROS2 TF aggregation contributor '/World/Nova_Carter_ROS/chassis_link/sensors/right_owl/ROS_TF/PublisherTF' did not submit transforms for topic '/tf' on flush cycle 7928
2026-09-30T16:43:31Z [157,273ms] [Warning] [isaacsim.ros2.nodes] ROS2 TF aggregation contributor '/World/Nova_Carter_ROS/chassis_link/sensors/front_RPLidar/ROS_TF/PublisherTF' did not submit transforms for topic '/tf' on flush cycle 7928
2026-09-30T16:43:31Z [157,273ms] [Warning] [isaacsim.ros2.nodes] ROS2 TF aggregation contributor '/World/Nova_Carter_ROS/chassis_link/sensors/right_hawk/ROS_TF/PublisherTF' did not submit transforms for topic '/tf' on flush cycle 7928
2026-09-30T16:43:31Z [157,273ms] [Warning] [isaacsim.ros2.nodes] ROS2 TF aggregation contributor '/World/Nova_Carter_ROS/chassis_link/sensors/front_owl/ROS_TF/PublisherTF' did not submit transforms for topic '/tf' on flush cycle 7928
2026-09-30T16:43:31Z [157,273ms] [Warning] [isaacsim.ros2.nodes] ROS2 TF aggregation contributor '/World/Nova_Carter_ROS/chassis_link/sensors/back_owl/ROS_TF/PublisherTF' did not submit transforms for topic '/tf' on flush cycle 7928
2026-09-30T16:43:31Z [157,273ms] [Warning] [isaacsim.ros2.nodes] ROS2 TF aggregation contributor '/World/Nova_Carter_ROS/transform_tree_odometry/tf_tree_base_link_to_wheel_base' did not submit transforms for topic '/tf' on flush cycle 7928
2026-09-30T16:43:31Z [157,273ms] [Warning] [isaacsim.ros2.nodes] ROS2 TF aggregation contributor '/World/Nova_Carter_ROS/transform_tree_odometry/tf_tree_base_link_to_sensors' did not submit transforms for topic '/tf' on flush cycle 7928
2026-09-30T16:43:31Z [157,273ms] [Warning] [isaacsim.ros2.nodes] ROS2 TF aggregation contributor '/World/Nova_Carter_ROS/transform_tree_odometry/tf_tree_base_link_to_chassis' did not submit transforms for topic '/tf' on flush cycle 7928
2026-09-30T16:43:39Z [165,702ms] [Warning] [omni.graph.core.plugin] /World/Nova_Carter_ROS/differential_drive/differential_controller_01: [/World/Nova_Carter_ROS/differential_drive] Invalid deltaTime 0.000000, cannot check for acceleration limits, skipping current step
2026-09-30T16:43:40Z [167,010ms] [Warning] [isaacsim.ros2.nodes] ROS2 TF aggregation contributor '/World/Nova_Carter_ROS/chassis_link/sensors/left_owl/ROS_TF/PublisherTF' did not submit transforms for topic '/tf' on flush cycle 8468
2026-09-30T16:43:40Z [167,010ms] [Warning] [isaacsim.ros2.nodes] ROS2 TF aggregation contributor '/World/Nova_Carter_ROS/chassis_link/sensors/XT_32/ROS_TF/PublisherTF' did not submit transforms for topic '/tf' on flush cycle 8468
2026-09-30T16:43:40Z [167,010ms] [Warning] [isaacsim.ros2.nodes] ROS2 TF aggregation contributor '/World/Nova_Carter_ROS/chassis_link/sensors/front_hawk/ROS_TF/PublisherTF' did not submit transforms for topic '/tf' on flush cycle 8468
2026-09-30T16:43:40Z [167,010ms] [Warning] [isaacsim.ros2.nodes] ROS2 TF aggregation contributor '/World/Nova_Carter_ROS/chassis_link/sensors/back_hawk/ROS_TF/PublisherTF' did not submit transforms for topic '/tf' on flush cycle 8468
2026-09-30T16:43:40Z [167,010ms] [Warning] [isaacsim.ros2.nodes] ROS2 TF aggregation contributor '/World/Nova_Carter_ROS/chassis_link/sensors/left_hawk/ROS_TF/PublisherTF' did not submit transforms for topic '/tf' on flush cycle 8468
2026-09-30T16:43:40Z [167,010ms] [Warning] [isaacsim.ros2.nodes] ROS2 TF aggregation contributor '/World/Nova_Carter_ROS/transform_tree_odometry/ros2_publish_raw_transform_tree' did not submit transforms for topic '/tf' on flush cycle 8468
2026-09-30T16:43:40Z [167,010ms] [Warning] [isaacsim.ros2.nodes] ROS2 TF aggregation contributor '/World/Nova_Carter_ROS/chassis_link/sensors/rear_RPLidar/ROS_TF/PublisherTF' did not submit transforms for topic '/tf' on flush cycle 8468
2026-09-30T16:43:40Z [167,010ms] [Warning] [isaacsim.ros2.nodes] ROS2 TF aggregation contributor '/World/Nova_Carter_ROS/chassis_link/sensors/right_owl/ROS_TF/PublisherTF' did not submit transforms for topic '/tf' on flush cycle 8468
2026-09-30T16:43:40Z [167,010ms] [Warning] [isaacsim.ros2.nodes] ROS2 TF aggregation contributor '/World/Nova_Carter_ROS/chassis_link/sensors/front_RPLidar/ROS_TF/PublisherTF' did not submit transforms for topic '/tf' on flush cycle 8468
2026-09-30T16:43:40Z [167,010ms] [Warning] [isaacsim.ros2.nodes] ROS2 TF aggregation contributor '/World/Nova_Carter_ROS/chassis_link/sensors/right_hawk/ROS_TF/PublisherTF' did not submit transforms for topic '/tf' on flush cycle 8468
2026-09-30T16:43:40Z [167,010ms] [Warning] [isaacsim.ros2.nodes] ROS2 TF aggregation contributor '/World/Nova_Carter_ROS/chassis_link/sensors/front_owl/ROS_TF/PublisherTF' did not submit transforms for topic '/tf' on flush cycle 8468
2026-09-30T16:43:40Z [167,010ms] [Warning] [isaacsim.ros2.nodes] ROS2 TF aggregation contributor '/World/Nova_Carter_ROS/chassis_link/sensors/back_owl/ROS_TF/PublisherTF' did not submit transforms for topic '/tf' on flush cycle 8468
2026-09-30T16:43:40Z [167,010ms] [Warning] [isaacsim.ros2.nodes] ROS2 TF aggregation contributor '/World/Nova_Carter_ROS/transform_tree_odometry/tf_tree_base_link_to_wheel_base' did not submit transforms for topic '/tf' on flush cycle 8468
2026-09-30T16:43:40Z [167,010ms] [Warning] [isaacsim.ros2.nodes] ROS2 TF aggregation contributor '/World/Nova_Carter_ROS/transform_tree_odometry/tf_tree_base_link_to_sensors' did not submit transforms for topic '/tf' on flush cycle 8468
2026-09-30T16:43:40Z [167,010ms] [Warning] [isaacsim.ros2.nodes] ROS2 TF aggregation contributor '/World/Nova_Carter_ROS/transform_tree_odometry/tf_tree_base_link_to_chassis' did not submit transforms for topic '/tf' on flush cycle 8468
2026-09-30T16:43:43Z [169,095ms] [Warning] [isaacsim.ros2.nodes] ROS2 TF aggregation contributor '/World/Nova_Carter_ROS/chassis_link/sensors/left_owl/ROS_TF/PublisherTF' did not submit transforms for topic '/tf' on flush cycle 8588
2026-09-30T16:43:43Z [169,095ms] [Warning] [isaacsim.ros2.nodes] ROS2 TF aggregation contributor '/World/Nova_Carter_ROS/chassis_link/sensors/XT_32/ROS_TF/PublisherTF' did not submit transforms for topic '/tf' on flush cycle 8588
2026-09-30T16:43:43Z [169,095ms] [Warning] [isaacsim.ros2.nodes] ROS2 TF aggregation contributor '/World/Nova_Carter_ROS/chassis_link/sensors/front_hawk/ROS_TF/PublisherTF' did not submit transforms for topic '/tf' on flush cycle 8588
2026-09-30T16:43:43Z [169,095ms] [Warning] [isaacsim.ros2.nodes] ROS2 TF aggregation contributor '/World/Nova_Carter_ROS/chassis_link/sensors/back_hawk/ROS_TF/PublisherTF' did not submit transforms for topic '/tf' on flush cycle 8588
2026-09-30T16:43:43Z [169,095ms] [Warning] [isaacsim.ros2.nodes] ROS2 TF aggregation contributor '/World/Nova_Carter_ROS/chassis_link/sensors/left_hawk/ROS_TF/PublisherTF' did not submit transforms for topic '/tf' on flush cycle 8588
2026-09-30T16:43:43Z [169,095ms] [Warning] [isaacsim.ros2.nodes] ROS2 TF aggregation contributor '/World/Nova_Carter_ROS/transform_tree_odometry/ros2_publish_raw_transform_tree' did not submit transforms for topic '/tf' on flush cycle 8588
2026-09-30T16:43:43Z [169,095ms] [Warning] [isaacsim.ros2.nodes] ROS2 TF aggregation contributor '/World/Nova_Carter_ROS/chassis_link/sensors/rear_RPLidar/ROS_TF/PublisherTF' did not submit transforms for topic '/tf' on flush cycle 8588
2026-09-30T16:43:43Z [169,095ms] [Warning] [isaacsim.ros2.nodes] ROS2 TF aggregation contributor '/World/Nova_Carter_ROS/chassis_link/sensors/right_owl/ROS_TF/PublisherTF' did not submit transforms for topic '/tf' on flush cycle 8588
2026-09-30T16:43:43Z [169,095ms] [Warning] [isaacsim.ros2.nodes] ROS2 TF aggregation contributor '/World/Nova_Carter_ROS/chassis_link/sensors/front_RPLidar/ROS_TF/PublisherTF' did not submit transforms for topic '/tf' on flush cycle 8588
2026-09-30T16:43:43Z [169,095ms] [Warning] [isaacsim.ros2.nodes] ROS2 TF aggregation contributor '/World/Nova_Carter_ROS/chassis_link/sensors/right_hawk/ROS_TF/PublisherTF' did not submit transforms for topic '/tf' on flush cycle 8588
2026-09-30T16:43:43Z [169,095ms] [Warning] [isaacsim.ros2.nodes] ROS2 TF aggregation contributor '/World/Nova_Carter_ROS/chassis_link/sensors/front_owl/ROS_TF/PublisherTF' did not submit transforms for topic '/tf' on flush cycle 8588
2026-09-30T16:43:43Z [169,095ms] [Warning] [isaacsim.ros2.nodes] ROS2 TF aggregation contributor '/World/Nova_Carter_ROS/chassis_link/sensors/back_owl/ROS_TF/PublisherTF' did not submit transforms for topic '/tf' on flush cycle 8588
2026-09-30T16:43:43Z [169,095ms] [Warning] [isaacsim.ros2.nodes] ROS2 TF aggregation contributor '/World/Nova_Carter_ROS/transform_tree_odometry/tf_tree_base_link_to_wheel_base' did not submit transforms for topic '/tf' on flush cycle 8588
2026-09-30T16:43:43Z [169,095ms] [Warning] [isaacsim.ros2.nodes] ROS2 TF aggregation contributor '/World/Nova_Carter_ROS/transform_tree_odometry/tf_tree_base_link_to_sensors' did not submit transforms for topic '/tf' on flush cycle 8588
2026-09-30T16:43:43Z [169,095ms] [Warning] [isaacsim.ros2.nodes] ROS2 TF aggregation contributor '/World/Nova_Carter_ROS/transform_tree_odometry/tf_tree_base_link_to_chassis' did not submit transforms for topic '/tf' on flush cycle 8588
2026-09-30T16:43:45Z [171,144ms] [Warning] [isaacsim.ros2.nodes] ROS2 TF aggregation contributor '/World/Nova_Carter_ROS/chassis_link/sensors/left_owl/ROS_TF/PublisherTF' did not submit transforms for topic '/tf' on flush cycle 8708
2026-09-30T16:43:45Z [171,144ms] [Warning] [isaacsim.ros2.nodes] ROS2 TF aggregation contributor '/World/Nova_Carter_ROS/chassis_link/sensors/XT_32/ROS_TF/PublisherTF' did not submit transforms for topic '/tf' on flush cycle 8708
2026-09-30T16:43:45Z [171,144ms] [Warning] [isaacsim.ros2.nodes] ROS2 TF aggregation contributor '/World/Nova_Carter_ROS/chassis_link/sensors/front_hawk/ROS_TF/PublisherTF' did not submit transforms for topic '/tf' on flush cycle 8708
2026-09-30T16:43:45Z [171,144ms] [Warning] [isaacsim.ros2.nodes] ROS2 TF aggregation contributor '/World/Nova_Carter_ROS/chassis_link/sensors/back_hawk/ROS_TF/PublisherTF' did not submit transforms for topic '/tf' on flush cycle 8708
2026-09-30T16:43:45Z [171,144ms] [Warning] [isaacsim.ros2.nodes] ROS2 TF aggregation contributor '/World/Nova_Carter_ROS/chassis_link/sensors/left_hawk/ROS_TF/PublisherTF' did not submit transforms for topic '/tf' on flush cycle 8708
2026-09-30T16:43:45Z [171,144ms] [Warning] [isaacsim.ros2.nodes] ROS2 TF aggregation contributor '/World/Nova_Carter_ROS/transform_tree_odometry/ros2_publish_raw_transform_tree' did not submit transforms for topic '/tf' on flush cycle 8708
2026-09-30T16:43:45Z [171,144ms] [Warning] [isaacsim.ros2.nodes] ROS2 TF aggregation contributor '/World/Nova_Carter_ROS/chassis_link/sensors/rear_RPLidar/ROS_TF/PublisherTF' did not submit transforms for topic '/tf' on flush cycle 8708
2026-09-30T16:43:45Z [171,144ms] [Warning] [isaacsim.ros2.nodes] ROS2 TF aggregation contributor '/World/Nova_Carter_ROS/chassis_link/sensors/right_owl/ROS_TF/PublisherTF' did not submit transforms for topic '/tf' on flush cycle 8708
2026-09-30T16:43:45Z [171,144ms] [Warning] [isaacsim.ros2.nodes] ROS2 TF aggregation contributor '/World/Nova_Carter_ROS/chassis_link/sensors/front_RPLidar/ROS_TF/PublisherTF' did not submit transforms for topic '/tf' on flush cycle 8708
2026-09-30T16:43:45Z [171,144ms] [Warning] [isaacsim.ros2.nodes] ROS2 TF aggregation contributor '/World/Nova_Carter_ROS/chassis_link/sensors/right_hawk/ROS_TF/PublisherTF' did not submit transforms for topic '/tf' on flush cycle 8708
2026-09-30T16:43:45Z [171,144ms] [Warning] [isaacsim.ros2.nodes] ROS2 TF aggregation contributor '/World/Nova_Carter_ROS/chassis_link/sensors/front_owl/ROS_TF/PublisherTF' did not submit transforms for topic '/tf' on flush cycle 8708
2026-09-30T16:43:45Z [171,144ms] [Warning] [isaacsim.ros2.nodes] ROS2 TF aggregation contributor '/World/Nova_Carter_ROS/chassis_link/sensors/back_owl/ROS_TF/PublisherTF' did not submit transforms for topic '/tf' on flush cycle 8708
2026-09-30T16:43:45Z [171,144ms] [Warning] [isaacsim.ros2.nodes] ROS2 TF aggregation contributor '/World/Nova_Carter_ROS/transform_tree_odometry/tf_tree_base_link_to_wheel_base' did not submit transforms for topic '/tf' on flush cycle 8708
2026-09-30T16:43:45Z [171,144ms] [Warning] [isaacsim.ros2.nodes] ROS2 TF aggregation contributor '/World/Nova_Carter_ROS/transform_tree_odometry/tf_tree_base_link_to_sensors' did not submit transforms for topic '/tf' on flush cycle 8708
2026-09-30T16:43:45Z [171,144ms] [Warning] [isaacsim.ros2.nodes] ROS2 TF aggregation contributor '/World/Nova_Carter_ROS/transform_tree_odometry/tf_tree_base_link_to_chassis' did not submit transforms for topic '/tf' on flush cycle 8708
2026-09-30T16:43:47Z [173,195ms] [Warning] [isaacsim.ros2.nodes] ROS2 TF aggregation contributor '/World/Nova_Carter_ROS/chassis_link/sensors/left_owl/ROS_TF/PublisherTF' did not submit transforms for topic '/tf' on flush cycle 8828
2026-09-30T16:43:47Z [173,195ms] [Warning] [isaacsim.ros2.nodes] ROS2 TF aggregation contributor '/World/Nova_Carter_ROS/chassis_link/sensors/XT_32/ROS_TF/PublisherTF' did not submit transforms for topic '/tf' on flush cycle 8828
2026-09-30T16:43:47Z [173,195ms] [Warning] [isaacsim.ros2.nodes] ROS2 TF aggregation contributor '/World/Nova_Carter_ROS/chassis_link/sensors/front_hawk/ROS_TF/PublisherTF' did not submit transforms for topic '/tf' on flush cycle 8828
2026-09-30T16:43:47Z [173,195ms] [Warning] [isaacsim.ros2.nodes] ROS2 TF aggregation contributor '/World/Nova_Carter_ROS/chassis_link/sensors/back_hawk/ROS_TF/PublisherTF' did not submit transforms for topic '/tf' on flush cycle 8828
2026-09-30T16:43:47Z [173,195ms] [Warning] [isaacsim.ros2.nodes] ROS2 TF aggregation contributor '/World/Nova_Carter_ROS/chassis_link/sensors/left_hawk/ROS_TF/PublisherTF' did not submit transforms for topic '/tf' on flush cycle 8828
2026-09-30T16:43:47Z [173,195ms] [Warning] [isaacsim.ros2.nodes] ROS2 TF aggregation contributor '/World/Nova_Carter_ROS/transform_tree_odometry/ros2_publish_raw_transform_tree' did not submit transforms for topic '/tf' on flush cycle 8828
2026-09-30T16:43:47Z [173,195ms] [Warning] [isaacsim.ros2.nodes] ROS2 TF aggregation contributor '/World/Nova_Carter_ROS/chassis_link/sensors/rear_RPLidar/ROS_TF/PublisherTF' did not submit transforms for topic '/tf' on flush cycle 8828
2026-09-30T16:43:47Z [173,195ms] [Warning] [isaacsim.ros2.nodes] ROS2 TF aggregation contributor '/World/Nova_Carter_ROS/chassis_link/sensors/right_owl/ROS_TF/PublisherTF' did not submit transforms for topic '/tf' on flush cycle 8828
2026-09-30T16:43:47Z [173,195ms] [Warning] [isaacsim.ros2.nodes] ROS2 TF aggregation contributor '/World/Nova_Carter_ROS/chassis_link/sensors/front_RPLidar/ROS_TF/PublisherTF' did not submit transforms for topic '/tf' on flush cycle 8828
2026-09-30T16:43:47Z [173,195ms] [Warning] [isaacsim.ros2.nodes] ROS2 TF aggregation contributor '/World/Nova_Carter_ROS/chassis_link/sensors/right_hawk/ROS_TF/PublisherTF' did not submit transforms for topic '/tf' on flush cycle 8828
2026-09-30T16:43:47Z [173,195ms] [Warning] [isaacsim.ros2.nodes] ROS2 TF aggregation contributor '/World/Nova_Carter_ROS/chassis_link/sensors/front_owl/ROS_TF/PublisherTF' did not submit transforms for topic '/tf' on flush cycle 8828
2026-09-30T16:43:47Z [173,195ms] [Warning] [isaacsim.ros2.nodes] ROS2 TF aggregation contributor '/World/Nova_Carter_ROS/chassis_link/sensors/back_owl/ROS_TF/PublisherTF' did not submit transforms for topic '/tf' on flush cycle 8828
2026-09-30T16:43:47Z [173,195ms] [Warning] [isaacsim.ros2.nodes] ROS2 TF aggregation contributor '/World/Nova_Carter_ROS/transform_tree_odometry/tf_tree_base_link_to_wheel_base' did not submit transforms for topic '/tf' on flush cycle 8828
2026-09-30T16:43:47Z [173,195ms] [Warning] [isaacsim.ros2.nodes] ROS2 TF aggregation contributor '/World/Nova_Carter_ROS/transform_tree_odometry/tf_tree_base_link_to_sensors' did not submit transforms for topic '/tf' on flush cycle 8828
2026-09-30T16:43:47Z [173,195ms] [Warning] [isaacsim.ros2.nodes] ROS2 TF aggregation contributor '/World/Nova_Carter_ROS/transform_tree_odometry/tf_tree_base_link_to_chassis' did not submit transforms for topic '/tf' on flush cycle 8828
2026-09-30T16:43:49Z [175,245ms] [Warning] [isaacsim.ros2.nodes] ROS2 TF aggregation contributor '/World/Nova_Carter_ROS/chassis_link/sensors/left_owl/ROS_TF/PublisherTF' did not submit transforms for topic '/tf' on flush cycle 8948
2026-09-30T16:43:49Z [175,245ms] [Warning] [isaacsim.ros2.nodes] ROS2 TF aggregation contributor '/World/Nova_Carter_ROS/chassis_link/sensors/XT_32/ROS_TF/PublisherTF' did not submit transforms for topic '/tf' on flush cycle 8948
2026-09-30T16:43:49Z [175,245ms] [Warning] [isaacsim.ros2.nodes] ROS2 TF aggregation contributor '/World/Nova_Carter_ROS/chassis_link/sensors/front_hawk/ROS_TF/PublisherTF' did not submit transforms for topic '/tf' on flush cycle 8948
2026-09-30T16:43:49Z [175,245ms] [Warning] [isaacsim.ros2.nodes] ROS2 TF aggregation contributor '/World/Nova_Carter_ROS/chassis_link/sensors/back_hawk/ROS_TF/PublisherTF' did not submit transforms for topic '/tf' on flush cycle 8948
2026-09-30T16:43:49Z [175,245ms] [Warning] [isaacsim.ros2.nodes] ROS2 TF aggregation contributor '/World/Nova_Carter_ROS/chassis_link/sensors/left_hawk/ROS_TF/PublisherTF' did not submit transforms for topic '/tf' on flush cycle 8948
2026-09-30T16:43:49Z [175,245ms] [Warning] [isaacsim.ros2.nodes] ROS2 TF aggregation contributor '/World/Nova_Carter_ROS/transform_tree_odometry/ros2_publish_raw_transform_tree' did not submit transforms for topic '/tf' on flush cycle 8948
2026-09-30T16:43:49Z [175,245ms] [Warning] [isaacsim.ros2.nodes] ROS2 TF aggregation contributor '/World/Nova_Carter_ROS/chassis_link/sensors/rear_RPLidar/ROS_TF/PublisherTF' did not submit transforms for topic '/tf' on flush cycle 8948
2026-09-30T16:43:49Z [175,245ms] [Warning] [isaacsim.ros2.nodes] ROS2 TF aggregation contributor '/World/Nova_Carter_ROS/chassis_link/sensors/right_owl/ROS_TF/PublisherTF' did not submit transforms for topic '/tf' on flush cycle 8948
2026-09-30T16:43:49Z [175,245ms] [Warning] [isaacsim.ros2.nodes] ROS2 TF aggregation contributor '/World/Nova_Carter_ROS/chassis_link/sensors/front_RPLidar/ROS_TF/PublisherTF' did not submit transforms for topic '/tf' on flush cycle 8948
2026-09-30T16:43:49Z [175,245ms] [Warning] [isaacsim.ros2.nodes] ROS2 TF aggregation contributor '/World/Nova_Carter_ROS/chassis_link/sensors/right_hawk/ROS_TF/PublisherTF' did not submit transforms for topic '/tf' on flush cycle 8948
2026-09-30T16:43:49Z [175,245ms] [Warning] [isaacsim.ros2.nodes] ROS2 TF aggregation contributor '/World/Nova_Carter_ROS/chassis_link/sensors/front_owl/ROS_TF/PublisherTF' did not submit transforms for topic '/tf' on flush cycle 8948
2026-09-30T16:43:49Z [175,245ms] [Warning] [isaacsim.ros2.nodes] ROS2 TF aggregation contributor '/World/Nova_Carter_ROS/chassis_link/sensors/back_owl/ROS_TF/PublisherTF' did not submit transforms for topic '/tf' on flush cycle 8948
2026-09-30T16:43:49Z [175,245ms] [Warning] [isaacsim.ros2.nodes] ROS2 TF aggregation contributor '/World/Nova_Carter_ROS/transform_tree_odometry/tf_tree_base_link_to_wheel_base' did not submit transforms for topic '/tf' on flush cycle 8948
2026-09-30T16:43:49Z [175,245ms] [Warning] [isaacsim.ros2.nodes] ROS2 TF aggregation contributor '/World/Nova_Carter_ROS/transform_tree_odometry/tf_tree_base_link_to_sensors' did not submit transforms for topic '/tf' on flush cycle 8948
2026-09-30T16:43:49Z [175,245ms] [Warning] [isaacsim.ros2.nodes] ROS2 TF aggregation contributor '/World/Nova_Carter_ROS/transform_tree_odometry/tf_tree_base_link_to_chassis' did not submit transforms for topic '/tf' on flush cycle 8948
2026-09-30T16:43:51Z [177,295ms] [Warning] [isaacsim.ros2.nodes] ROS2 TF aggregation contributor '/World/Nova_Carter_ROS/chassis_link/sensors/left_owl/ROS_TF/PublisherTF' did not submit transforms for topic '/tf' on flush cycle 9068
2026-09-30T16:43:51Z [177,295ms] [Warning] [isaacsim.ros2.nodes] ROS2 TF aggregation contributor '/World/Nova_Carter_ROS/chassis_link/sensors/XT_32/ROS_TF/PublisherTF' did not submit transforms for topic '/tf' on flush cycle 9068
2026-09-30T16:43:51Z [177,295ms] [Warning] [isaacsim.ros2.nodes] ROS2 TF aggregation contributor '/World/Nova_Carter_ROS/chassis_link/sensors/front_hawk/ROS_TF/PublisherTF' did not submit transforms for topic '/tf' on flush cycle 9068
2026-09-30T16:43:51Z [177,295ms] [Warning] [isaacsim.ros2.nodes] ROS2 TF aggregation contributor '/World/Nova_Carter_ROS/chassis_link/sensors/back_hawk/ROS_TF/PublisherTF' did not submit transforms for topic '/tf' on flush cycle 9068
2026-09-30T16:43:51Z [177,295ms] [Warning] [isaacsim.ros2.nodes] ROS2 TF aggregation contributor '/World/Nova_Carter_ROS/chassis_link/sensors/left_hawk/ROS_TF/PublisherTF' did not submit transforms for topic '/tf' on flush cycle 9068
2026-09-30T16:43:51Z [177,295ms] [Warning] [isaacsim.ros2.nodes] ROS2 TF aggregation contributor '/World/Nova_Carter_ROS/transform_tree_odometry/ros2_publish_raw_transform_tree' did not submit transforms for topic '/tf' on flush cycle 9068
2026-09-30T16:43:51Z [177,295ms] [Warning] [isaacsim.ros2.nodes] ROS2 TF aggregation contributor '/World/Nova_Carter_ROS/chassis_link/sensors/rear_RPLidar/ROS_TF/PublisherTF' did not submit transforms for topic '/tf' on flush cycle 9068
2026-09-30T16:43:51Z [177,295ms] [Warning] [isaacsim.ros2.nodes] ROS2 TF aggregation contributor '/World/Nova_Carter_ROS/chassis_link/sensors/right_owl/ROS_TF/PublisherTF' did not submit transforms for topic '/tf' on flush cycle 9068
2026-09-30T16:43:51Z [177,295ms] [Warning] [isaacsim.ros2.nodes] ROS2 TF aggregation contributor '/World/Nova_Carter_ROS/chassis_link/sensors/front_RPLidar/ROS_TF/PublisherTF' did not submit transforms for topic '/tf' on flush cycle 9068
2026-09-30T16:43:51Z [177,295ms] [Warning] [isaacsim.ros2.nodes] ROS2 TF aggregation contributor '/World/Nova_Carter_ROS/chassis_link/sensors/right_hawk/ROS_TF/PublisherTF' did not submit transforms for topic '/tf' on flush cycle 9068
2026-09-30T16:43:51Z [177,295ms] [Warning] [isaacsim.ros2.nodes] ROS2 TF aggregation contributor '/World/Nova_Carter_ROS/chassis_link/sensors/front_owl/ROS_TF/PublisherTF' did not submit transforms for topic '/tf' on flush cycle 9068
2026-09-30T16:43:51Z [177,295ms] [Warning] [isaacsim.ros2.nodes] ROS2 TF aggregation contributor '/World/Nova_Carter_ROS/chassis_link/sensors/back_owl/ROS_TF/PublisherTF' did not submit transforms for topic '/tf' on flush cycle 9068
2026-09-30T16:43:51Z [177,295ms] [Warning] [isaacsim.ros2.nodes] ROS2 TF aggregation contributor '/World/Nova_Carter_ROS/transform_tree_odometry/tf_tree_base_link_to_wheel_base' did not submit transforms for topic '/tf' on flush cycle 9068
2026-09-30T16:43:51Z [177,295ms] [Warning] [isaacsim.ros2.nodes] ROS2 TF aggregation contributor '/World/Nova_Carter_ROS/transform_tree_odometry/tf_tree_base_link_to_sensors' did not submit transforms for topic '/tf' on flush cycle 9068
2026-09-30T16:43:51Z [177,295ms] [Warning] [isaacsim.ros2.nodes] ROS2 TF aggregation contributor '/World/Nova_Carter_ROS/transform_tree_odometry/tf_tree_base_link_to_chassis' did not submit transforms for topic '/tf' on flush cycle 9068
2026-09-30T16:43:53Z [179,388ms] [Warning] [isaacsim.ros2.nodes] ROS2 TF aggregation contributor '/World/Nova_Carter_ROS/chassis_link/sensors/left_owl/ROS_TF/PublisherTF' did not submit transforms for topic '/tf' on flush cycle 9188
2026-09-30T16:43:53Z [179,388ms] [Warning] [isaacsim.ros2.nodes] ROS2 TF aggregation contributor '/World/Nova_Carter_ROS/chassis_link/sensors/XT_32/ROS_TF/PublisherTF' did not submit transforms for topic '/tf' on flush cycle 9188
2026-09-30T16:43:53Z [179,388ms] [Warning] [isaacsim.ros2.nodes] ROS2 TF aggregation contributor '/World/Nova_Carter_ROS/chassis_link/sensors/front_hawk/ROS_TF/PublisherTF' did not submit transforms for topic '/tf' on flush cycle 9188
2026-09-30T16:43:53Z [179,388ms] [Warning] [isaacsim.ros2.nodes] ROS2 TF aggregation contributor '/World/Nova_Carter_ROS/chassis_link/sensors/back_hawk/ROS_TF/PublisherTF' did not submit transforms for topic '/tf' on flush cycle 9188
2026-09-30T16:43:53Z [179,388ms] [Warning] [isaacsim.ros2.nodes] ROS2 TF aggregation contributor '/World/Nova_Carter_ROS/chassis_link/sensors/left_hawk/ROS_TF/PublisherTF' did not submit transforms for topic '/tf' on flush cycle 9188
2026-09-30T16:43:53Z [179,388ms] [Warning] [isaacsim.ros2.nodes] ROS2 TF aggregation contributor '/World/Nova_Carter_ROS/transform_tree_odometry/ros2_publish_raw_transform_tree' did not submit transforms for topic '/tf' on flush cycle 9188
2026-09-30T16:43:53Z [179,388ms] [Warning] [isaacsim.ros2.nodes] ROS2 TF aggregation contributor '/World/Nova_Carter_ROS/chassis_link/sensors/rear_RPLidar/ROS_TF/PublisherTF' did not submit transforms for topic '/tf' on flush cycle 9188
2026-09-30T16:43:53Z [179,388ms] [Warning] [isaacsim.ros2.nodes] ROS2 TF aggregation contributor '/World/Nova_Carter_ROS/chassis_link/sensors/right_owl/ROS_TF/PublisherTF' did not submit transforms for topic '/tf' on flush cycle 9188
2026-09-30T16:43:53Z [179,388ms] [Warning] [isaacsim.ros2.nodes] ROS2 TF aggregation contributor '/World/Nova_Carter_ROS/chassis_link/sensors/front_RPLidar/ROS_TF/PublisherTF' did not submit transforms for topic '/tf' on flush cycle 9188
2026-09-30T16:43:53Z [179,388ms] [Warning] [isaacsim.ros2.nodes] ROS2 TF aggregation contributor '/World/Nova_Carter_ROS/chassis_link/sensors/right_hawk/ROS_TF/PublisherTF' did not submit transforms for topic '/tf' on flush cycle 9188
2026-09-30T16:43:53Z [179,388ms] [Warning] [isaacsim.ros2.nodes] ROS2 TF aggregation contributor '/World/Nova_Carter_ROS/chassis_link/sensors/front_owl/ROS_TF/PublisherTF' did not submit transforms for topic '/tf' on flush cycle 9188
2026-09-30T16:43:53Z [179,388ms] [Warning] [isaacsim.ros2.nodes] ROS2 TF aggregation contributor '/World/Nova_Carter_ROS/chassis_link/sensors/back_owl/ROS_TF/PublisherTF' did not submit transforms for topic '/tf' on flush cycle 9188
2026-09-30T16:43:53Z [179,388ms] [Warning] [isaacsim.ros2.nodes] ROS2 TF aggregation contributor '/World/Nova_Carter_ROS/transform_tree_odometry/tf_tree_base_link_to_wheel_base' did not submit transforms for topic '/tf' on flush cycle 9188
2026-09-30T16:43:53Z [179,388ms] [Warning] [isaacsim.ros2.nodes] ROS2 TF aggregation contributor '/World/Nova_Carter_ROS/transform_tree_odometry/tf_tree_base_link_to_sensors' did not submit transforms for topic '/tf' on flush cycle 9188
2026-09-30T16:43:53Z [179,388ms] [Warning] [isaacsim.ros2.nodes] ROS2 TF aggregation contributor '/World/Nova_Carter_ROS/transform_tree_odometry/tf_tree_base_link_to_chassis' did not submit transforms for topic '/tf' on flush cycle 9188
2026-09-30T16:44:03Z [189,357ms] [Warning] [isaacsim.ros2.nodes] ROS2 TF aggregation contributor '/World/Nova_Carter_ROS/chassis_link/sensors/left_owl/ROS_TF/PublisherTF' did not submit transforms for topic '/tf' on flush cycle 9722
2026-09-30T16:44:03Z [189,357ms] [Warning] [isaacsim.ros2.nodes] ROS2 TF aggregation contributor '/World/Nova_Carter_ROS/chassis_link/sensors/XT_32/ROS_TF/PublisherTF' did not submit transforms for topic '/tf' on flush cycle 9722
2026-09-30T16:44:03Z [189,357ms] [Warning] [isaacsim.ros2.nodes] ROS2 TF aggregation contributor '/World/Nova_Carter_ROS/chassis_link/sensors/front_hawk/ROS_TF/PublisherTF' did not submit transforms for topic '/tf' on flush cycle 9722
2026-09-30T16:44:03Z [189,357ms] [Warning] [isaacsim.ros2.nodes] ROS2 TF aggregation contributor '/World/Nova_Carter_ROS/chassis_link/sensors/back_hawk/ROS_TF/PublisherTF' did not submit transforms for topic '/tf' on flush cycle 9722
2026-09-30T16:44:03Z [189,357ms] [Warning] [isaacsim.ros2.nodes] ROS2 TF aggregation contributor '/World/Nova_Carter_ROS/chassis_link/sensors/left_hawk/ROS_TF/PublisherTF' did not submit transforms for topic '/tf' on flush cycle 9722
2026-09-30T16:44:03Z [189,357ms] [Warning] [isaacsim.ros2.nodes] ROS2 TF aggregation contributor '/World/Nova_Carter_ROS/transform_tree_odometry/ros2_publish_raw_transform_tree' did not submit transforms for topic '/tf' on flush cycle 9722
2026-09-30T16:44:03Z [189,357ms] [Warning] [isaacsim.ros2.nodes] ROS2 TF aggregation contributor '/World/Nova_Carter_ROS/chassis_link/sensors/rear_RPLidar/ROS_TF/PublisherTF' did not submit transforms for topic '/tf' on flush cycle 9722
2026-09-30T16:44:03Z [189,357ms] [Warning] [isaacsim.ros2.nodes] ROS2 TF aggregation contributor '/World/Nova_Carter_ROS/chassis_link/sensors/right_owl/ROS_TF/PublisherTF' did not submit transforms for topic '/tf' on flush cycle 9722
2026-09-30T16:44:03Z [189,357ms] [Warning] [isaacsim.ros2.nodes] ROS2 TF aggregation contributor '/World/Nova_Carter_ROS/chassis_link/sensors/front_RPLidar/ROS_TF/PublisherTF' did not submit transforms for topic '/tf' on flush cycle 9722
2026-09-30T16:44:03Z [189,357ms] [Warning] [isaacsim.ros2.nodes] ROS2 TF aggregation contributor '/World/Nova_Carter_ROS/chassis_link/sensors/right_hawk/ROS_TF/PublisherTF' did not submit transforms for topic '/tf' on flush cycle 9722
2026-09-30T16:44:03Z [189,357ms] [Warning] [isaacsim.ros2.nodes] ROS2 TF aggregation contributor '/World/Nova_Carter_ROS/chassis_link/sensors/front_owl/ROS_TF/PublisherTF' did not submit transforms for topic '/tf' on flush cycle 9722
2026-09-30T16:44:03Z [189,357ms] [Warning] [isaacsim.ros2.nodes] ROS2 TF aggregation contributor '/World/Nova_Carter_ROS/chassis_link/sensors/back_owl/ROS_TF/PublisherTF' did not submit transforms for topic '/tf' on flush cycle 9722
2026-09-30T16:44:03Z [189,357ms] [Warning] [isaacsim.ros2.nodes] ROS2 TF aggregation contributor '/World/Nova_Carter_ROS/transform_tree_odometry/tf_tree_base_link_to_wheel_base' did not submit transforms for topic '/tf' on flush cycle 9722
2026-09-30T16:44:03Z [189,358ms] [Warning] [isaacsim.ros2.nodes] ROS2 TF aggregation contributor '/World/Nova_Carter_ROS/transform_tree_odometry/tf_tree_base_link_to_sensors' did not submit transforms for topic '/tf' on flush cycle 9722
2026-09-30T16:44:03Z [189,358ms] [Warning] [isaacsim.ros2.nodes] ROS2 TF aggregation contributor '/World/Nova_Carter_ROS/transform_tree_odometry/tf_tree_base_link_to_chassis' did not submit transforms for topic '/tf' on flush cycle 9722
2026-09-30T16:44:05Z [191,439ms] [Warning] [isaacsim.ros2.nodes] ROS2 TF aggregation contributor '/World/Nova_Carter_ROS/chassis_link/sensors/left_owl/ROS_TF/PublisherTF' did not submit transforms for topic '/tf' on flush cycle 9842
2026-09-30T16:44:05Z [191,439ms] [Warning] [isaacsim.ros2.nodes] ROS2 TF aggregation contributor '/World/Nova_Carter_ROS/chassis_link/sensors/XT_32/ROS_TF/PublisherTF' did not submit transforms for topic '/tf' on flush cycle 9842
2026-09-30T16:44:05Z [191,439ms] [Warning] [isaacsim.ros2.nodes] ROS2 TF aggregation contributor '/World/Nova_Carter_ROS/chassis_link/sensors/front_hawk/ROS_TF/PublisherTF' did not submit transforms for topic '/tf' on flush cycle 9842
2026-09-30T16:44:05Z [191,439ms] [Warning] [isaacsim.ros2.nodes] ROS2 TF aggregation contributor '/World/Nova_Carter_ROS/chassis_link/sensors/back_hawk/ROS_TF/PublisherTF' did not submit transforms for topic '/tf' on flush cycle 9842
2026-09-30T16:44:05Z [191,439ms] [Warning] [isaacsim.ros2.nodes] ROS2 TF aggregation contributor '/World/Nova_Carter_ROS/chassis_link/sensors/left_hawk/ROS_TF/PublisherTF' did not submit transforms for topic '/tf' on flush cycle 9842
2026-09-30T16:44:05Z [191,439ms] [Warning] [isaacsim.ros2.nodes] ROS2 TF aggregation contributor '/World/Nova_Carter_ROS/transform_tree_odometry/ros2_publish_raw_transform_tree' did not submit transforms for topic '/tf' on flush cycle 9842
2026-09-30T16:44:05Z [191,439ms] [Warning] [isaacsim.ros2.nodes] ROS2 TF aggregation contributor '/World/Nova_Carter_ROS/chassis_link/sensors/rear_RPLidar/ROS_TF/PublisherTF' did not submit transforms for topic '/tf' on flush cycle 9842
2026-09-30T16:44:05Z [191,439ms] [Warning] [isaacsim.ros2.nodes] ROS2 TF aggregation contributor '/World/Nova_Carter_ROS/chassis_link/sensors/right_owl/ROS_TF/PublisherTF' did not submit transforms for topic '/tf' on flush cycle 9842
2026-09-30T16:44:05Z [191,439ms] [Warning] [isaacsim.ros2.nodes] ROS2 TF aggregation contributor '/World/Nova_Carter_ROS/chassis_link/sensors/front_RPLidar/ROS_TF/PublisherTF' did not submit transforms for topic '/tf' on flush cycle 9842
2026-09-30T16:44:05Z [191,439ms] [Warning] [isaacsim.ros2.nodes] ROS2 TF aggregation contributor '/World/Nova_Carter_ROS/chassis_link/sensors/right_hawk/ROS_TF/PublisherTF' did not submit transforms for topic '/tf' on flush cycle 9842
2026-09-30T16:44:05Z [191,439ms] [Warning] [isaacsim.ros2.nodes] ROS2 TF aggregation contributor '/World/Nova_Carter_ROS/chassis_link/sensors/front_owl/ROS_TF/PublisherTF' did not submit transforms for topic '/tf' on flush cycle 9842
2026-09-30T16:44:05Z [191,439ms] [Warning] [isaacsim.ros2.nodes] ROS2 TF aggregation contributor '/World/Nova_Carter_ROS/chassis_link/sensors/back_owl/ROS_TF/PublisherTF' did not submit transforms for topic '/tf' on flush cycle 9842
2026-09-30T16:44:05Z [191,439ms] [Warning] [isaacsim.ros2.nodes] ROS2 TF aggregation contributor '/World/Nova_Carter_ROS/transform_tree_odometry/tf_tree_base_link_to_wheel_base' did not submit transforms for topic '/tf' on flush cycle 9842
2026-09-30T16:44:05Z [191,439ms] [Warning] [isaacsim.ros2.nodes] ROS2 TF aggregation contributor '/World/Nova_Carter_ROS/transform_tree_odometry/tf_tree_base_link_to_sensors' did not submit transforms for topic '/tf' on flush cycle 9842
2026-09-30T16:44:05Z [191,439ms] [Warning] [isaacsim.ros2.nodes] ROS2 TF aggregation contributor '/World/Nova_Carter_ROS/transform_tree_odometry/tf_tree_base_link_to_chassis' did not submit transforms for topic '/tf' on flush cycle 9842
2026-09-30T16:44:07Z [193,529ms] [Warning] [isaacsim.ros2.nodes] ROS2 TF aggregation contributor '/World/Nova_Carter_ROS/chassis_link/sensors/left_owl/ROS_TF/PublisherTF' did not submit transforms for topic '/tf' on flush cycle 9962
2026-09-30T16:44:07Z [193,529ms] [Warning] [isaacsim.ros2.nodes] ROS2 TF aggregation contributor '/World/Nova_Carter_ROS/chassis_link/sensors/XT_32/ROS_TF/PublisherTF' did not submit transforms for topic '/tf' on flush cycle 9962
2026-09-30T16:44:07Z [193,529ms] [Warning] [isaacsim.ros2.nodes] ROS2 TF aggregation contributor '/World/Nova_Carter_ROS/chassis_link/sensors/front_hawk/ROS_TF/PublisherTF' did not submit transforms for topic '/tf' on flush cycle 9962
2026-09-30T16:44:07Z [193,529ms] [Warning] [isaacsim.ros2.nodes] ROS2 TF aggregation contributor '/World/Nova_Carter_ROS/chassis_link/sensors/back_hawk/ROS_TF/PublisherTF' did not submit transforms for topic '/tf' on flush cycle 9962
2026-09-30T16:44:07Z [193,529ms] [Warning] [isaacsim.ros2.nodes] ROS2 TF aggregation contributor '/World/Nova_Carter_ROS/chassis_link/sensors/left_hawk/ROS_TF/PublisherTF' did not submit transforms for topic '/tf' on flush cycle 9962
2026-09-30T16:44:07Z [193,529ms] [Warning] [isaacsim.ros2.nodes] ROS2 TF aggregation contributor '/World/Nova_Carter_ROS/transform_tree_odometry/ros2_publish_raw_transform_tree' did not submit transforms for topic '/tf' on flush cycle 9962
2026-09-30T16:44:07Z [193,529ms] [Warning] [isaacsim.ros2.nodes] ROS2 TF aggregation contributor '/World/Nova_Carter_ROS/chassis_link/sensors/rear_RPLidar/ROS_TF/PublisherTF' did not submit transforms for topic '/tf' on flush cycle 9962
2026-09-30T16:44:07Z [193,529ms] [Warning] [isaacsim.ros2.nodes] ROS2 TF aggregation contributor '/World/Nova_Carter_ROS/chassis_link/sensors/right_owl/ROS_TF/PublisherTF' did not submit transforms for topic '/tf' on flush cycle 9962
2026-09-30T16:44:07Z [193,529ms] [Warning] [isaacsim.ros2.nodes] ROS2 TF aggregation contributor '/World/Nova_Carter_ROS/chassis_link/sensors/front_RPLidar/ROS_TF/PublisherTF' did not submit transforms for topic '/tf' on flush cycle 9962
2026-09-30T16:44:07Z [193,529ms] [Warning] [isaacsim.ros2.nodes] ROS2 TF aggregation contributor '/World/Nova_Carter_ROS/chassis_link/sensors/right_hawk/ROS_TF/PublisherTF' did not submit transforms for topic '/tf' on flush cycle 9962
2026-09-30T16:44:07Z [193,529ms] [Warning] [isaacsim.ros2.nodes] ROS2 TF aggregation contributor '/World/Nova_Carter_ROS/chassis_link/sensors/front_owl/ROS_TF/PublisherTF' did not submit transforms for topic '/tf' on flush cycle 9962
2026-09-30T16:44:07Z [193,529ms] [Warning] [isaacsim.ros2.nodes] ROS2 TF aggregation contributor '/World/Nova_Carter_ROS/chassis_link/sensors/back_owl/ROS_TF/PublisherTF' did not submit transforms for topic '/tf' on flush cycle 9962
2026-09-30T16:44:07Z [193,529ms] [Warning] [isaacsim.ros2.nodes] ROS2 TF aggregation contributor '/World/Nova_Carter_ROS/transform_tree_odometry/tf_tree_base_link_to_wheel_base' did not submit transforms for topic '/tf' on flush cycle 9962
2026-09-30T16:44:07Z [193,529ms] [Warning] [isaacsim.ros2.nodes] ROS2 TF aggregation contributor '/World/Nova_Carter_ROS/transform_tree_odometry/tf_tree_base_link_to_sensors' did not submit transforms for topic '/tf' on flush cycle 9962
2026-09-30T16:44:07Z [193,529ms] [Warning] [isaacsim.ros2.nodes] ROS2 TF aggregation contributor '/World/Nova_Carter_ROS/transform_tree_odometry/tf_tree_base_link_to_chassis' did not submit transforms for topic '/tf' on flush cycle 9962
2026-09-30T16:44:09Z [195,574ms] [Warning] [isaacsim.ros2.nodes] ROS2 TF aggregation contributor '/World/Nova_Carter_ROS/chassis_link/sensors/left_owl/ROS_TF/PublisherTF' did not submit transforms for topic '/tf' on flush cycle 10082
2026-09-30T16:44:09Z [195,574ms] [Warning] [isaacsim.ros2.nodes] ROS2 TF aggregation contributor '/World/Nova_Carter_ROS/chassis_link/sensors/XT_32/ROS_TF/PublisherTF' did not submit transforms for topic '/tf' on flush cycle 10082
2026-09-30T16:44:09Z [195,574ms] [Warning] [isaacsim.ros2.nodes] ROS2 TF aggregation contributor '/World/Nova_Carter_ROS/chassis_link/sensors/front_hawk/ROS_TF/PublisherTF' did not submit transforms for topic '/tf' on flush cycle 10082
2026-09-30T16:44:09Z [195,574ms] [Warning] [isaacsim.ros2.nodes] ROS2 TF aggregation contributor '/World/Nova_Carter_ROS/chassis_link/sensors/back_hawk/ROS_TF/PublisherTF' did not submit transforms for topic '/tf' on flush cycle 10082
2026-09-30T16:44:09Z [195,574ms] [Warning] [isaacsim.ros2.nodes] ROS2 TF aggregation contributor '/World/Nova_Carter_ROS/chassis_link/sensors/left_hawk/ROS_TF/PublisherTF' did not submit transforms for topic '/tf' on flush cycle 10082
2026-09-30T16:44:09Z [195,574ms] [Warning] [isaacsim.ros2.nodes] ROS2 TF aggregation contributor '/World/Nova_Carter_ROS/transform_tree_odometry/ros2_publish_raw_transform_tree' did not submit transforms for topic '/tf' on flush cycle 10082
2026-09-30T16:44:09Z [195,574ms] [Warning] [isaacsim.ros2.nodes] ROS2 TF aggregation contributor '/World/Nova_Carter_ROS/chassis_link/sensors/rear_RPLidar/ROS_TF/PublisherTF' did not submit transforms for topic '/tf' on flush cycle 10082
2026-09-30T16:44:09Z [195,574ms] [Warning] [isaacsim.ros2.nodes] ROS2 TF aggregation contributor '/World/Nova_Carter_ROS/chassis_link/sensors/right_owl/ROS_TF/PublisherTF' did not submit transforms for topic '/tf' on flush cycle 10082
2026-09-30T16:44:09Z [195,574ms] [Warning] [isaacsim.ros2.nodes] ROS2 TF aggregation contributor '/World/Nova_Carter_ROS/chassis_link/sensors/front_RPLidar/ROS_TF/PublisherTF' did not submit transforms for topic '/tf' on flush cycle 10082
2026-09-30T16:44:09Z [195,574ms] [Warning] [isaacsim.ros2.nodes] ROS2 TF aggregation contributor '/World/Nova_Carter_ROS/chassis_link/sensors/right_hawk/ROS_TF/PublisherTF' did not submit transforms for topic '/tf' on flush cycle 10082
2026-09-30T16:44:09Z [195,574ms] [Warning] [isaacsim.ros2.nodes] ROS2 TF aggregation contributor '/World/Nova_Carter_ROS/chassis_link/sensors/front_owl/ROS_TF/PublisherTF' did not submit transforms for topic '/tf' on flush cycle 10082
2026-09-30T16:44:09Z [195,574ms] [Warning] [isaacsim.ros2.nodes] ROS2 TF aggregation contributor '/World/Nova_Carter_ROS/chassis_link/sensors/back_owl/ROS_TF/PublisherTF' did not submit transforms for topic '/tf' on flush cycle 10082
2026-09-30T16:44:09Z [195,574ms] [Warning] [isaacsim.ros2.nodes] ROS2 TF aggregation contributor '/World/Nova_Carter_ROS/transform_tree_odometry/tf_tree_base_link_to_wheel_base' did not submit transforms for topic '/tf' on flush cycle 10082
2026-09-30T16:44:09Z [195,574ms] [Warning] [isaacsim.ros2.nodes] ROS2 TF aggregation contributor '/World/Nova_Carter_ROS/transform_tree_odometry/tf_tree_base_link_to_sensors' did not submit transforms for topic '/tf' on flush cycle 10082
2026-09-30T16:44:09Z [195,574ms] [Warning] [isaacsim.ros2.nodes] ROS2 TF aggregation contributor '/World/Nova_Carter_ROS/transform_tree_odometry/tf_tree_base_link_to_chassis' did not submit transforms for topic '/tf' on flush cycle 10082
2026-09-30T16:44:11Z [197,671ms] [Warning] [isaacsim.ros2.nodes] ROS2 TF aggregation contributor '/World/Nova_Carter_ROS/chassis_link/sensors/left_owl/ROS_TF/PublisherTF' did not submit transforms for topic '/tf' on flush cycle 10202
2026-09-30T16:44:11Z [197,671ms] [Warning] [isaacsim.ros2.nodes] ROS2 TF aggregation contributor '/World/Nova_Carter_ROS/chassis_link/sensors/XT_32/ROS_TF/PublisherTF' did not submit transforms for topic '/tf' on flush cycle 10202
2026-09-30T16:44:11Z [197,671ms] [Warning] [isaacsim.ros2.nodes] ROS2 TF aggregation contributor '/World/Nova_Carter_ROS/chassis_link/sensors/front_hawk/ROS_TF/PublisherTF' did not submit transforms for topic '/tf' on flush cycle 10202
2026-09-30T16:44:11Z [197,671ms] [Warning] [isaacsim.ros2.nodes] ROS2 TF aggregation contributor '/World/Nova_Carter_ROS/chassis_link/sensors/back_hawk/ROS_TF/PublisherTF' did not submit transforms for topic '/tf' on flush cycle 10202
2026-09-30T16:44:11Z [197,671ms] [Warning] [isaacsim.ros2.nodes] ROS2 TF aggregation contributor '/World/Nova_Carter_ROS/chassis_link/sensors/left_hawk/ROS_TF/PublisherTF' did not submit transforms for topic '/tf' on flush cycle 10202
2026-09-30T16:44:11Z [197,671ms] [Warning] [isaacsim.ros2.nodes] ROS2 TF aggregation contributor '/World/Nova_Carter_ROS/transform_tree_odometry/ros2_publish_raw_transform_tree' did not submit transforms for topic '/tf' on flush cycle 10202
2026-09-30T16:44:11Z [197,671ms] [Warning] [isaacsim.ros2.nodes] ROS2 TF aggregation contributor '/World/Nova_Carter_ROS/chassis_link/sensors/rear_RPLidar/ROS_TF/PublisherTF' did not submit transforms for topic '/tf' on flush cycle 10202
2026-09-30T16:44:11Z [197,671ms] [Warning] [isaacsim.ros2.nodes] ROS2 TF aggregation contributor '/World/Nova_Carter_ROS/chassis_link/sensors/right_owl/ROS_TF/PublisherTF' did not submit transforms for topic '/tf' on flush cycle 10202
2026-09-30T16:44:11Z [197,671ms] [Warning] [isaacsim.ros2.nodes] ROS2 TF aggregation contributor '/World/Nova_Carter_ROS/chassis_link/sensors/front_RPLidar/ROS_TF/PublisherTF' did not submit transforms for topic '/tf' on flush cycle 10202
2026-09-30T16:44:11Z [197,671ms] [Warning] [isaacsim.ros2.nodes] ROS2 TF aggregation contributor '/World/Nova_Carter_ROS/chassis_link/sensors/right_hawk/ROS_TF/PublisherTF' did not submit transforms for topic '/tf' on flush cycle 10202
2026-09-30T16:44:11Z [197,671ms] [Warning] [isaacsim.ros2.nodes] ROS2 TF aggregation contributor '/World/Nova_Carter_ROS/chassis_link/sensors/front_owl/ROS_TF/PublisherTF' did not submit transforms for topic '/tf' on flush cycle 10202
2026-09-30T16:44:11Z [197,671ms] [Warning] [isaacsim.ros2.nodes] ROS2 TF aggregation contributor '/World/Nova_Carter_ROS/chassis_link/sensors/back_owl/ROS_TF/PublisherTF' did not submit transforms for topic '/tf' on flush cycle 10202
2026-09-30T16:44:11Z [197,671ms] [Warning] [isaacsim.ros2.nodes] ROS2 TF aggregation contributor '/World/Nova_Carter_ROS/transform_tree_odometry/tf_tree_base_link_to_wheel_base' did not submit transforms for topic '/tf' on flush cycle 10202
2026-09-30T16:44:11Z [197,671ms] [Warning] [isaacsim.ros2.nodes] ROS2 TF aggregation contributor '/World/Nova_Carter_ROS/transform_tree_odometry/tf_tree_base_link_to_sensors' did not submit transforms for topic '/tf' on flush cycle 10202
2026-09-30T16:44:11Z [197,671ms] [Warning] [isaacsim.ros2.nodes] ROS2 TF aggregation contributor '/World/Nova_Carter_ROS/transform_tree_odometry/tf_tree_base_link_to_chassis' did not submit transforms for topic '/tf' on flush cycle 10202
2026-09-30T16:44:13Z [199,720ms] [Warning] [isaacsim.ros2.nodes] ROS2 TF aggregation contributor '/World/Nova_Carter_ROS/chassis_link/sensors/left_owl/ROS_TF/PublisherTF' did not submit transforms for topic '/tf' on flush cycle 10322
2026-09-30T16:44:13Z [199,720ms] [Warning] [isaacsim.ros2.nodes] ROS2 TF aggregation contributor '/World/Nova_Carter_ROS/chassis_link/sensors/XT_32/ROS_TF/PublisherTF' did not submit transforms for topic '/tf' on flush cycle 10322
2026-09-30T16:44:13Z [199,720ms] [Warning] [isaacsim.ros2.nodes] ROS2 TF aggregation contributor '/World/Nova_Carter_ROS/chassis_link/sensors/front_hawk/ROS_TF/PublisherTF' did not submit transforms for topic '/tf' on flush cycle 10322
2026-09-30T16:44:13Z [199,720ms] [Warning] [isaacsim.ros2.nodes] ROS2 TF aggregation contributor '/World/Nova_Carter_ROS/chassis_link/sensors/back_hawk/ROS_TF/PublisherTF' did not submit transforms for topic '/tf' on flush cycle 10322
2026-09-30T16:44:13Z [199,720ms] [Warning] [isaacsim.ros2.nodes] ROS2 TF aggregation contributor '/World/Nova_Carter_ROS/chassis_link/sensors/left_hawk/ROS_TF/PublisherTF' did not submit transforms for topic '/tf' on flush cycle 10322
2026-09-30T16:44:13Z [199,720ms] [Warning] [isaacsim.ros2.nodes] ROS2 TF aggregation contributor '/World/Nova_Carter_ROS/transform_tree_odometry/ros2_publish_raw_transform_tree' did not submit transforms for topic '/tf' on flush cycle 10322
2026-09-30T16:44:13Z [199,720ms] [Warning] [isaacsim.ros2.nodes] ROS2 TF aggregation contributor '/World/Nova_Carter_ROS/chassis_link/sensors/rear_RPLidar/ROS_TF/PublisherTF' did not submit transforms for topic '/tf' on flush cycle 10322
2026-09-30T16:44:13Z [199,720ms] [Warning] [isaacsim.ros2.nodes] ROS2 TF aggregation contributor '/World/Nova_Carter_ROS/chassis_link/sensors/right_owl/ROS_TF/PublisherTF' did not submit transforms for topic '/tf' on flush cycle 10322
2026-09-30T16:44:13Z [199,720ms] [Warning] [isaacsim.ros2.nodes] ROS2 TF aggregation contributor '/World/Nova_Carter_ROS/chassis_link/sensors/front_RPLidar/ROS_TF/PublisherTF' did not submit transforms for topic '/tf' on flush cycle 10322
2026-09-30T16:44:13Z [199,720ms] [Warning] [isaacsim.ros2.nodes] ROS2 TF aggregation contributor '/World/Nova_Carter_ROS/chassis_link/sensors/right_hawk/ROS_TF/PublisherTF' did not submit transforms for topic '/tf' on flush cycle 10322
2026-09-30T16:44:13Z [199,720ms] [Warning] [isaacsim.ros2.nodes] ROS2 TF aggregation contributor '/World/Nova_Carter_ROS/chassis_link/sensors/front_owl/ROS_TF/PublisherTF' did not submit transforms for topic '/tf' on flush cycle 10322
2026-09-30T16:44:13Z [199,720ms] [Warning] [isaacsim.ros2.nodes] ROS2 TF aggregation contributor '/World/Nova_Carter_ROS/chassis_link/sensors/back_owl/ROS_TF/PublisherTF' did not submit transforms for topic '/tf' on flush cycle 10322
2026-09-30T16:44:13Z [199,720ms] [Warning] [isaacsim.ros2.nodes] ROS2 TF aggregation contributor '/World/Nova_Carter_ROS/transform_tree_odometry/tf_tree_base_link_to_wheel_base' did not submit transforms for topic '/tf' on flush cycle 10322
2026-09-30T16:44:13Z [199,720ms] [Warning] [isaacsim.ros2.nodes] ROS2 TF aggregation contributor '/World/Nova_Carter_ROS/transform_tree_odometry/tf_tree_base_link_to_sensors' did not submit transforms for topic '/tf' on flush cycle 10322
2026-09-30T16:44:13Z [199,720ms] [Warning] [isaacsim.ros2.nodes] ROS2 TF aggregation contributor '/World/Nova_Carter_ROS/transform_tree_odometry/tf_tree_base_link_to_chassis' did not submit transforms for topic '/tf' on flush cycle 10322
2026-09-30T16:44:23Z [209,467ms] [Warning] [omni.graph.core.plugin] /World/Nova_Carter_ROS/differential_drive/differential_controller_01: [/World/Nova_Carter_ROS/differential_drive] Invalid deltaTime 0.000000, cannot check for acceleration limits, skipping current step
2026-09-30T16:44:25Z [211,794ms] [Warning] [isaacsim.ros2.nodes] ROS2 TF aggregation contributor '/World/Nova_Carter_ROS/chassis_link/sensors/left_owl/ROS_TF/PublisherTF' did not submit transforms for topic '/tf' on flush cycle 10965
2026-09-30T16:44:25Z [211,794ms] [Warning] [isaacsim.ros2.nodes] ROS2 TF aggregation contributor '/World/Nova_Carter_ROS/chassis_link/sensors/XT_32/ROS_TF/PublisherTF' did not submit transforms for topic '/tf' on flush cycle 10965
2026-09-30T16:44:25Z [211,794ms] [Warning] [isaacsim.ros2.nodes] ROS2 TF aggregation contributor '/World/Nova_Carter_ROS/chassis_link/sensors/front_hawk/ROS_TF/PublisherTF' did not submit transforms for topic '/tf' on flush cycle 10965
2026-09-30T16:44:25Z [211,794ms] [Warning] [isaacsim.ros2.nodes] ROS2 TF aggregation contributor '/World/Nova_Carter_ROS/chassis_link/sensors/back_hawk/ROS_TF/PublisherTF' did not submit transforms for topic '/tf' on flush cycle 10965
2026-09-30T16:44:25Z [211,794ms] [Warning] [isaacsim.ros2.nodes] ROS2 TF aggregation contributor '/World/Nova_Carter_ROS/chassis_link/sensors/left_hawk/ROS_TF/PublisherTF' did not submit transforms for topic '/tf' on flush cycle 10965
2026-09-30T16:44:25Z [211,794ms] [Warning] [isaacsim.ros2.nodes] ROS2 TF aggregation contributor '/World/Nova_Carter_ROS/transform_tree_odometry/ros2_publish_raw_transform_tree' did not submit transforms for topic '/tf' on flush cycle 10965
2026-09-30T16:44:25Z [211,794ms] [Warning] [isaacsim.ros2.nodes] ROS2 TF aggregation contributor '/World/Nova_Carter_ROS/chassis_link/sensors/rear_RPLidar/ROS_TF/PublisherTF' did not submit transforms for topic '/tf' on flush cycle 10965
2026-09-30T16:44:25Z [211,794ms] [Warning] [isaacsim.ros2.nodes] ROS2 TF aggregation contributor '/World/Nova_Carter_ROS/chassis_link/sensors/right_owl/ROS_TF/PublisherTF' did not submit transforms for topic '/tf' on flush cycle 10965
2026-09-30T16:44:25Z [211,794ms] [Warning] [isaacsim.ros2.nodes] ROS2 TF aggregation contributor '/World/Nova_Carter_ROS/chassis_link/sensors/front_RPLidar/ROS_TF/PublisherTF' did not submit transforms for topic '/tf' on flush cycle 10965
2026-09-30T16:44:25Z [211,794ms] [Warning] [isaacsim.ros2.nodes] ROS2 TF aggregation contributor '/World/Nova_Carter_ROS/chassis_link/sensors/right_hawk/ROS_TF/PublisherTF' did not submit transforms for topic '/tf' on flush cycle 10965
2026-09-30T16:44:25Z [211,794ms] [Warning] [isaacsim.ros2.nodes] ROS2 TF aggregation contributor '/World/Nova_Carter_ROS/chassis_link/sensors/front_owl/ROS_TF/PublisherTF' did not submit transforms for topic '/tf' on flush cycle 10965
2026-09-30T16:44:25Z [211,794ms] [Warning] [isaacsim.ros2.nodes] ROS2 TF aggregation contributor '/World/Nova_Carter_ROS/chassis_link/sensors/back_owl/ROS_TF/PublisherTF' did not submit transforms for topic '/tf' on flush cycle 10965
2026-09-30T16:44:25Z [211,794ms] [Warning] [isaacsim.ros2.nodes] ROS2 TF aggregation contributor '/World/Nova_Carter_ROS/transform_tree_odometry/tf_tree_base_link_to_wheel_base' did not submit transforms for topic '/tf' on flush cycle 10965
2026-09-30T16:44:25Z [211,794ms] [Warning] [isaacsim.ros2.nodes] ROS2 TF aggregation contributor '/World/Nova_Carter_ROS/transform_tree_odometry/tf_tree_base_link_to_sensors' did not submit transforms for topic '/tf' on flush cycle 10965
2026-09-30T16:44:25Z [211,794ms] [Warning] [isaacsim.ros2.nodes] ROS2 TF aggregation contributor '/World/Nova_Carter_ROS/transform_tree_odometry/tf_tree_base_link_to_chassis' did not submit transforms for topic '/tf' on flush cycle 10965
2026-09-30T16:44:27Z [213,878ms] [Warning] [isaacsim.ros2.nodes] ROS2 TF aggregation contributor '/World/Nova_Carter_ROS/chassis_link/sensors/left_owl/ROS_TF/PublisherTF' did not submit transforms for topic '/tf' on flush cycle 11085
2026-09-30T16:44:27Z [213,878ms] [Warning] [isaacsim.ros2.nodes] ROS2 TF aggregation contributor '/World/Nova_Carter_ROS/chassis_link/sensors/XT_32/ROS_TF/PublisherTF' did not submit transforms for topic '/tf' on flush cycle 11085
2026-09-30T16:44:27Z [213,878ms] [Warning] [isaacsim.ros2.nodes] ROS2 TF aggregation contributor '/World/Nova_Carter_ROS/chassis_link/sensors/front_hawk/ROS_TF/PublisherTF' did not submit transforms for topic '/tf' on flush cycle 11085
2026-09-30T16:44:27Z [213,878ms] [Warning] [isaacsim.ros2.nodes] ROS2 TF aggregation contributor '/World/Nova_Carter_ROS/chassis_link/sensors/back_hawk/ROS_TF/PublisherTF' did not submit transforms for topic '/tf' on flush cycle 11085
2026-09-30T16:44:27Z [213,878ms] [Warning] [isaacsim.ros2.nodes] ROS2 TF aggregation contributor '/World/Nova_Carter_ROS/chassis_link/sensors/left_hawk/ROS_TF/PublisherTF' did not submit transforms for topic '/tf' on flush cycle 11085
2026-09-30T16:44:27Z [213,878ms] [Warning] [isaacsim.ros2.nodes] ROS2 TF aggregation contributor '/World/Nova_Carter_ROS/transform_tree_odometry/ros2_publish_raw_transform_tree' did not submit transforms for topic '/tf' on flush cycle 11085
2026-09-30T16:44:27Z [213,878ms] [Warning] [isaacsim.ros2.nodes] ROS2 TF aggregation contributor '/World/Nova_Carter_ROS/chassis_link/sensors/rear_RPLidar/ROS_TF/PublisherTF' did not submit transforms for topic '/tf' on flush cycle 11085
2026-09-30T16:44:27Z [213,878ms] [Warning] [isaacsim.ros2.nodes] ROS2 TF aggregation contributor '/World/Nova_Carter_ROS/chassis_link/sensors/right_owl/ROS_TF/PublisherTF' did not submit transforms for topic '/tf' on flush cycle 11085
2026-09-30T16:44:27Z [213,878ms] [Warning] [isaacsim.ros2.nodes] ROS2 TF aggregation contributor '/World/Nova_Carter_ROS/chassis_link/sensors/front_RPLidar/ROS_TF/PublisherTF' did not submit transforms for topic '/tf' on flush cycle 11085
2026-09-30T16:44:27Z [213,878ms] [Warning] [isaacsim.ros2.nodes] ROS2 TF aggregation contributor '/World/Nova_Carter_ROS/chassis_link/sensors/right_hawk/ROS_TF/PublisherTF' did not submit transforms for topic '/tf' on flush cycle 11085
2026-09-30T16:44:27Z [213,878ms] [Warning] [isaacsim.ros2.nodes] ROS2 TF aggregation contributor '/World/Nova_Carter_ROS/chassis_link/sensors/front_owl/ROS_TF/PublisherTF' did not submit transforms for topic '/tf' on flush cycle 11085
2026-09-30T16:44:27Z [213,878ms] [Warning] [isaacsim.ros2.nodes] ROS2 TF aggregation contributor '/World/Nova_Carter_ROS/chassis_link/sensors/back_owl/ROS_TF/PublisherTF' did not submit transforms for topic '/tf' on flush cycle 11085
2026-09-30T16:44:27Z [213,878ms] [Warning] [isaacsim.ros2.nodes] ROS2 TF aggregation contributor '/World/Nova_Carter_ROS/transform_tree_odometry/tf_tree_base_link_to_wheel_base' did not submit transforms for topic '/tf' on flush cycle 11085
2026-09-30T16:44:27Z [213,878ms] [Warning] [isaacsim.ros2.nodes] ROS2 TF aggregation contributor '/World/Nova_Carter_ROS/transform_tree_odometry/tf_tree_base_link_to_sensors' did not submit transforms for topic '/tf' on flush cycle 11085
2026-09-30T16:44:27Z [213,878ms] [Warning] [isaacsim.ros2.nodes] ROS2 TF aggregation contributor '/World/Nova_Carter_ROS/transform_tree_odometry/tf_tree_base_link_to_chassis' did not submit transforms for topic '/tf' on flush cycle 11085
2026-09-30T16:44:29Z [215,921ms] [Warning] [isaacsim.ros2.nodes] ROS2 TF aggregation contributor '/World/Nova_Carter_ROS/chassis_link/sensors/left_owl/ROS_TF/PublisherTF' did not submit transforms for topic '/tf' on flush cycle 11205
2026-09-30T16:44:29Z [215,921ms] [Warning] [isaacsim.ros2.nodes] ROS2 TF aggregation contributor '/World/Nova_Carter_ROS/chassis_link/sensors/XT_32/ROS_TF/PublisherTF' did not submit transforms for topic '/tf' on flush cycle 11205
2026-09-30T16:44:29Z [215,921ms] [Warning] [isaacsim.ros2.nodes] ROS2 TF aggregation contributor '/World/Nova_Carter_ROS/chassis_link/sensors/front_hawk/ROS_TF/PublisherTF' did not submit transforms for topic '/tf' on flush cycle 11205
2026-09-30T16:44:29Z [215,921ms] [Warning] [isaacsim.ros2.nodes] ROS2 TF aggregation contributor '/World/Nova_Carter_ROS/chassis_link/sensors/back_hawk/ROS_TF/PublisherTF' did not submit transforms for topic '/tf' on flush cycle 11205
2026-09-30T16:44:29Z [215,921ms] [Warning] [isaacsim.ros2.nodes] ROS2 TF aggregation contributor '/World/Nova_Carter_ROS/chassis_link/sensors/left_hawk/ROS_TF/PublisherTF' did not submit transforms for topic '/tf' on flush cycle 11205
2026-09-30T16:44:29Z [215,921ms] [Warning] [isaacsim.ros2.nodes] ROS2 TF aggregation contributor '/World/Nova_Carter_ROS/transform_tree_odometry/ros2_publish_raw_transform_tree' did not submit transforms for topic '/tf' on flush cycle 11205
2026-09-30T16:44:29Z [215,921ms] [Warning] [isaacsim.ros2.nodes] ROS2 TF aggregation contributor '/World/Nova_Carter_ROS/chassis_link/sensors/rear_RPLidar/ROS_TF/PublisherTF' did not submit transforms for topic '/tf' on flush cycle 11205
2026-09-30T16:44:29Z [215,921ms] [Warning] [isaacsim.ros2.nodes] ROS2 TF aggregation contributor '/World/Nova_Carter_ROS/chassis_link/sensors/right_owl/ROS_TF/PublisherTF' did not submit transforms for topic '/tf' on flush cycle 11205
2026-09-30T16:44:29Z [215,921ms] [Warning] [isaacsim.ros2.nodes] ROS2 TF aggregation contributor '/World/Nova_Carter_ROS/chassis_link/sensors/front_RPLidar/ROS_TF/PublisherTF' did not submit transforms for topic '/tf' on flush cycle 11205
2026-09-30T16:44:29Z [215,921ms] [Warning] [isaacsim.ros2.nodes] ROS2 TF aggregation contributor '/World/Nova_Carter_ROS/chassis_link/sensors/right_hawk/ROS_TF/PublisherTF' did not submit transforms for topic '/tf' on flush cycle 11205
2026-09-30T16:44:29Z [215,921ms] [Warning] [isaacsim.ros2.nodes] ROS2 TF aggregation contributor '/World/Nova_Carter_ROS/chassis_link/sensors/front_owl/ROS_TF/PublisherTF' did not submit transforms for topic '/tf' on flush cycle 11205
2026-09-30T16:44:29Z [215,921ms] [Warning] [isaacsim.ros2.nodes] ROS2 TF aggregation contributor '/World/Nova_Carter_ROS/chassis_link/sensors/back_owl/ROS_TF/PublisherTF' did not submit transforms for topic '/tf' on flush cycle 11205
2026-09-30T16:44:29Z [215,921ms] [Warning] [isaacsim.ros2.nodes] ROS2 TF aggregation contributor '/World/Nova_Carter_ROS/transform_tree_odometry/tf_tree_base_link_to_wheel_base' did not submit transforms for topic '/tf' on flush cycle 11205
2026-09-30T16:44:29Z [215,921ms] [Warning] [isaacsim.ros2.nodes] ROS2 TF aggregation contributor '/World/Nova_Carter_ROS/transform_tree_odometry/tf_tree_base_link_to_sensors' did not submit transforms for topic '/tf' on flush cycle 11205
2026-09-30T16:44:29Z [215,921ms] [Warning] [isaacsim.ros2.nodes] ROS2 TF aggregation contributor '/World/Nova_Carter_ROS/transform_tree_odometry/tf_tree_base_link_to_chassis' did not submit transforms for topic '/tf' on flush cycle 11205
2026-09-30T16:44:31Z [217,967ms] [Warning] [isaacsim.ros2.nodes] ROS2 TF aggregation contributor '/World/Nova_Carter_ROS/chassis_link/sensors/left_owl/ROS_TF/PublisherTF' did not submit transforms for topic '/tf' on flush cycle 11325
2026-09-30T16:44:31Z [217,967ms] [Warning] [isaacsim.ros2.nodes] ROS2 TF aggregation contributor '/World/Nova_Carter_ROS/chassis_link/sensors/XT_32/ROS_TF/PublisherTF' did not submit transforms for topic '/tf' on flush cycle 11325
2026-09-30T16:44:31Z [217,967ms] [Warning] [isaacsim.ros2.nodes] ROS2 TF aggregation contributor '/World/Nova_Carter_ROS/chassis_link/sensors/front_hawk/ROS_TF/PublisherTF' did not submit transforms for topic '/tf' on flush cycle 11325
2026-09-30T16:44:31Z [217,967ms] [Warning] [isaacsim.ros2.nodes] ROS2 TF aggregation contributor '/World/Nova_Carter_ROS/chassis_link/sensors/back_hawk/ROS_TF/PublisherTF' did not submit transforms for topic '/tf' on flush cycle 11325
2026-09-30T16:44:31Z [217,967ms] [Warning] [isaacsim.ros2.nodes] ROS2 TF aggregation contributor '/World/Nova_Carter_ROS/chassis_link/sensors/left_hawk/ROS_TF/PublisherTF' did not submit transforms for topic '/tf' on flush cycle 11325
2026-09-30T16:44:31Z [217,967ms] [Warning] [isaacsim.ros2.nodes] ROS2 TF aggregation contributor '/World/Nova_Carter_ROS/transform_tree_odometry/ros2_publish_raw_transform_tree' did not submit transforms for topic '/tf' on flush cycle 11325
2026-09-30T16:44:31Z [217,967ms] [Warning] [isaacsim.ros2.nodes] ROS2 TF aggregation contributor '/World/Nova_Carter_ROS/chassis_link/sensors/rear_RPLidar/ROS_TF/PublisherTF' did not submit transforms for topic '/tf' on flush cycle 11325
2026-09-30T16:44:31Z [217,967ms] [Warning] [isaacsim.ros2.nodes] ROS2 TF aggregation contributor '/World/Nova_Carter_ROS/chassis_link/sensors/right_owl/ROS_TF/PublisherTF' did not submit transforms for topic '/tf' on flush cycle 11325
2026-09-30T16:44:31Z [217,967ms] [Warning] [isaacsim.ros2.nodes] ROS2 TF aggregation contributor '/World/Nova_Carter_ROS/chassis_link/sensors/front_RPLidar/ROS_TF/PublisherTF' did not submit transforms for topic '/tf' on flush cycle 11325
2026-09-30T16:44:31Z [217,967ms] [Warning] [isaacsim.ros2.nodes] ROS2 TF aggregation contributor '/World/Nova_Carter_ROS/chassis_link/sensors/right_hawk/ROS_TF/PublisherTF' did not submit transforms for topic '/tf' on flush cycle 11325
2026-09-30T16:44:31Z [217,967ms] [Warning] [isaacsim.ros2.nodes] ROS2 TF aggregation contributor '/World/Nova_Carter_ROS/chassis_link/sensors/front_owl/ROS_TF/PublisherTF' did not submit transforms for topic '/tf' on flush cycle 11325
2026-09-30T16:44:31Z [217,967ms] [Warning] [isaacsim.ros2.nodes] ROS2 TF aggregation contributor '/World/Nova_Carter_ROS/chassis_link/sensors/back_owl/ROS_TF/PublisherTF' did not submit transforms for topic '/tf' on flush cycle 11325
2026-09-30T16:44:31Z [217,967ms] [Warning] [isaacsim.ros2.nodes] ROS2 TF aggregation contributor '/World/Nova_Carter_ROS/transform_tree_odometry/tf_tree_base_link_to_wheel_base' did not submit transforms for topic '/tf' on flush cycle 11325
2026-09-30T16:44:31Z [217,967ms] [Warning] [isaacsim.ros2.nodes] ROS2 TF aggregation contributor '/World/Nova_Carter_ROS/transform_tree_odometry/tf_tree_base_link_to_sensors' did not submit transforms for topic '/tf' on flush cycle 11325
2026-09-30T16:44:31Z [217,967ms] [Warning] [isaacsim.ros2.nodes] ROS2 TF aggregation contributor '/World/Nova_Carter_ROS/transform_tree_odometry/tf_tree_base_link_to_chassis' did not submit transforms for topic '/tf' on flush cycle 11325
2026-09-30T16:44:33Z [220,017ms] [Warning] [isaacsim.ros2.nodes] ROS2 TF aggregation contributor '/World/Nova_Carter_ROS/chassis_link/sensors/left_owl/ROS_TF/PublisherTF' did not submit transforms for topic '/tf' on flush cycle 11445
2026-09-30T16:44:33Z [220,017ms] [Warning] [isaacsim.ros2.nodes] ROS2 TF aggregation contributor '/World/Nova_Carter_ROS/chassis_link/sensors/XT_32/ROS_TF/PublisherTF' did not submit transforms for topic '/tf' on flush cycle 11445
2026-09-30T16:44:33Z [220,017ms] [Warning] [isaacsim.ros2.nodes] ROS2 TF aggregation contributor '/World/Nova_Carter_ROS/chassis_link/sensors/front_hawk/ROS_TF/PublisherTF' did not submit transforms for topic '/tf' on flush cycle 11445
2026-09-30T16:44:33Z [220,017ms] [Warning] [isaacsim.ros2.nodes] ROS2 TF aggregation contributor '/World/Nova_Carter_ROS/chassis_link/sensors/back_hawk/ROS_TF/PublisherTF' did not submit transforms for topic '/tf' on flush cycle 11445
2026-09-30T16:44:33Z [220,017ms] [Warning] [isaacsim.ros2.nodes] ROS2 TF aggregation contributor '/World/Nova_Carter_ROS/chassis_link/sensors/left_hawk/ROS_TF/PublisherTF' did not submit transforms for topic '/tf' on flush cycle 11445
2026-09-30T16:44:33Z [220,017ms] [Warning] [isaacsim.ros2.nodes] ROS2 TF aggregation contributor '/World/Nova_Carter_ROS/transform_tree_odometry/ros2_publish_raw_transform_tree' did not submit transforms for topic '/tf' on flush cycle 11445
2026-09-30T16:44:33Z [220,017ms] [Warning] [isaacsim.ros2.nodes] ROS2 TF aggregation contributor '/World/Nova_Carter_ROS/chassis_link/sensors/rear_RPLidar/ROS_TF/PublisherTF' did not submit transforms for topic '/tf' on flush cycle 11445
2026-09-30T16:44:33Z [220,017ms] [Warning] [isaacsim.ros2.nodes] ROS2 TF aggregation contributor '/World/Nova_Carter_ROS/chassis_link/sensors/right_owl/ROS_TF/PublisherTF' did not submit transforms for topic '/tf' on flush cycle 11445
2026-09-30T16:44:33Z [220,017ms] [Warning] [isaacsim.ros2.nodes] ROS2 TF aggregation contributor '/World/Nova_Carter_ROS/chassis_link/sensors/front_RPLidar/ROS_TF/PublisherTF' did not submit transforms for topic '/tf' on flush cycle 11445
2026-09-30T16:44:33Z [220,017ms] [Warning] [isaacsim.ros2.nodes] ROS2 TF aggregation contributor '/World/Nova_Carter_ROS/chassis_link/sensors/right_hawk/ROS_TF/PublisherTF' did not submit transforms for topic '/tf' on flush cycle 11445
2026-09-30T16:44:33Z [220,017ms] [Warning] [isaacsim.ros2.nodes] ROS2 TF aggregation contributor '/World/Nova_Carter_ROS/chassis_link/sensors/front_owl/ROS_TF/PublisherTF' did not submit transforms for topic '/tf' on flush cycle 11445
2026-09-30T16:44:33Z [220,017ms] [Warning] [isaacsim.ros2.nodes] ROS2 TF aggregation contributor '/World/Nova_Carter_ROS/chassis_link/sensors/back_owl/ROS_TF/PublisherTF' did not submit transforms for topic '/tf' on flush cycle 11445
2026-09-30T16:44:33Z [220,017ms] [Warning] [isaacsim.ros2.nodes] ROS2 TF aggregation contributor '/World/Nova_Carter_ROS/transform_tree_odometry/tf_tree_base_link_to_wheel_base' did not submit transforms for topic '/tf' on flush cycle 11445
2026-09-30T16:44:33Z [220,017ms] [Warning] [isaacsim.ros2.nodes] ROS2 TF aggregation contributor '/World/Nova_Carter_ROS/transform_tree_odometry/tf_tree_base_link_to_sensors' did not submit transforms for topic '/tf' on flush cycle 11445
2026-09-30T16:44:33Z [220,017ms] [Warning] [isaacsim.ros2.nodes] ROS2 TF aggregation contributor '/World/Nova_Carter_ROS/transform_tree_odometry/tf_tree_base_link_to_chassis' did not submit transforms for topic '/tf' on flush cycle 11445
2026-09-30T16:44:36Z [222,066ms] [Warning] [isaacsim.ros2.nodes] ROS2 TF aggregation contributor '/World/Nova_Carter_ROS/chassis_link/sensors/left_owl/ROS_TF/PublisherTF' did not submit transforms for topic '/tf' on flush cycle 11565
2026-09-30T16:44:36Z [222,066ms] [Warning] [isaacsim.ros2.nodes] ROS2 TF aggregation contributor '/World/Nova_Carter_ROS/chassis_link/sensors/XT_32/ROS_TF/PublisherTF' did not submit transforms for topic '/tf' on flush cycle 11565
2026-09-30T16:44:36Z [222,066ms] [Warning] [isaacsim.ros2.nodes] ROS2 TF aggregation contributor '/World/Nova_Carter_ROS/chassis_link/sensors/front_hawk/ROS_TF/PublisherTF' did not submit transforms for topic '/tf' on flush cycle 11565
2026-09-30T16:44:36Z [222,066ms] [Warning] [isaacsim.ros2.nodes] ROS2 TF aggregation contributor '/World/Nova_Carter_ROS/chassis_link/sensors/back_hawk/ROS_TF/PublisherTF' did not submit transforms for topic '/tf' on flush cycle 11565
2026-09-30T16:44:36Z [222,066ms] [Warning] [isaacsim.ros2.nodes] ROS2 TF aggregation contributor '/World/Nova_Carter_ROS/chassis_link/sensors/left_hawk/ROS_TF/PublisherTF' did not submit transforms for topic '/tf' on flush cycle 11565
2026-09-30T16:44:36Z [222,066ms] [Warning] [isaacsim.ros2.nodes] ROS2 TF aggregation contributor '/World/Nova_Carter_ROS/transform_tree_odometry/ros2_publish_raw_transform_tree' did not submit transforms for topic '/tf' on flush cycle 11565
2026-09-30T16:44:36Z [222,066ms] [Warning] [isaacsim.ros2.nodes] ROS2 TF aggregation contributor '/World/Nova_Carter_ROS/chassis_link/sensors/rear_RPLidar/ROS_TF/PublisherTF' did not submit transforms for topic '/tf' on flush cycle 11565
2026-09-30T16:44:36Z [222,066ms] [Warning] [isaacsim.ros2.nodes] ROS2 TF aggregation contributor '/World/Nova_Carter_ROS/chassis_link/sensors/right_owl/ROS_TF/PublisherTF' did not submit transforms for topic '/tf' on flush cycle 11565
2026-09-30T16:44:36Z [222,066ms] [Warning] [isaacsim.ros2.nodes] ROS2 TF aggregation contributor '/World/Nova_Carter_ROS/chassis_link/sensors/front_RPLidar/ROS_TF/PublisherTF' did not submit transforms for topic '/tf' on flush cycle 11565
2026-09-30T16:44:36Z [222,066ms] [Warning] [isaacsim.ros2.nodes] ROS2 TF aggregation contributor '/World/Nova_Carter_ROS/chassis_link/sensors/right_hawk/ROS_TF/PublisherTF' did not submit transforms for topic '/tf' on flush cycle 11565
2026-09-30T16:44:36Z [222,066ms] [Warning] [isaacsim.ros2.nodes] ROS2 TF aggregation contributor '/World/Nova_Carter_ROS/chassis_link/sensors/front_owl/ROS_TF/PublisherTF' did not submit transforms for topic '/tf' on flush cycle 11565
2026-09-30T16:44:36Z [222,066ms] [Warning] [isaacsim.ros2.nodes] ROS2 TF aggregation contributor '/World/Nova_Carter_ROS/chassis_link/sensors/back_owl/ROS_TF/PublisherTF' did not submit transforms for topic '/tf' on flush cycle 11565
2026-09-30T16:44:36Z [222,066ms] [Warning] [isaacsim.ros2.nodes] ROS2 TF aggregation contributor '/World/Nova_Carter_ROS/transform_tree_odometry/tf_tree_base_link_to_wheel_base' did not submit transforms for topic '/tf' on flush cycle 11565
2026-09-30T16:44:36Z [222,066ms] [Warning] [isaacsim.ros2.nodes] ROS2 TF aggregation contributor '/World/Nova_Carter_ROS/transform_tree_odometry/tf_tree_base_link_to_sensors' did not submit transforms for topic '/tf' on flush cycle 11565
2026-09-30T16:44:36Z [222,066ms] [Warning] [isaacsim.ros2.nodes] ROS2 TF aggregation contributor '/World/Nova_Carter_ROS/transform_tree_odometry/tf_tree_base_link_to_chassis' did not submit transforms for topic '/tf' on flush cycle 11565
2026-09-30T16:44:38Z [224,157ms] [Warning] [isaacsim.ros2.nodes] ROS2 TF aggregation contributor '/World/Nova_Carter_ROS/chassis_link/sensors/left_owl/ROS_TF/PublisherTF' did not submit transforms for topic '/tf' on flush cycle 11685
2026-09-30T16:44:38Z [224,157ms] [Warning] [isaacsim.ros2.nodes] ROS2 TF aggregation contributor '/World/Nova_Carter_ROS/chassis_link/sensors/XT_32/ROS_TF/PublisherTF' did not submit transforms for topic '/tf' on flush cycle 11685
2026-09-30T16:44:38Z [224,157ms] [Warning] [isaacsim.ros2.nodes] ROS2 TF aggregation contributor '/World/Nova_Carter_ROS/chassis_link/sensors/front_hawk/ROS_TF/PublisherTF' did not submit transforms for topic '/tf' on flush cycle 11685
2026-09-30T16:44:38Z [224,157ms] [Warning] [isaacsim.ros2.nodes] ROS2 TF aggregation contributor '/World/Nova_Carter_ROS/chassis_link/sensors/back_hawk/ROS_TF/PublisherTF' did not submit transforms for topic '/tf' on flush cycle 11685
2026-09-30T16:44:38Z [224,157ms] [Warning] [isaacsim.ros2.nodes] ROS2 TF aggregation contributor '/World/Nova_Carter_ROS/chassis_link/sensors/left_hawk/ROS_TF/PublisherTF' did not submit transforms for topic '/tf' on flush cycle 11685
2026-09-30T16:44:38Z [224,157ms] [Warning] [isaacsim.ros2.nodes] ROS2 TF aggregation contributor '/World/Nova_Carter_ROS/transform_tree_odometry/ros2_publish_raw_transform_tree' did not submit transforms for topic '/tf' on flush cycle 11685
2026-09-30T16:44:38Z [224,157ms] [Warning] [isaacsim.ros2.nodes] ROS2 TF aggregation contributor '/World/Nova_Carter_ROS/chassis_link/sensors/rear_RPLidar/ROS_TF/PublisherTF' did not submit transforms for topic '/tf' on flush cycle 11685
2026-09-30T16:44:38Z [224,157ms] [Warning] [isaacsim.ros2.nodes] ROS2 TF aggregation contributor '/World/Nova_Carter_ROS/chassis_link/sensors/right_owl/ROS_TF/PublisherTF' did not submit transforms for topic '/tf' on flush cycle 11685
2026-09-30T16:44:38Z [224,157ms] [Warning] [isaacsim.ros2.nodes] ROS2 TF aggregation contributor '/World/Nova_Carter_ROS/chassis_link/sensors/front_RPLidar/ROS_TF/PublisherTF' did not submit transforms for topic '/tf' on flush cycle 11685
2026-09-30T16:44:38Z [224,157ms] [Warning] [isaacsim.ros2.nodes] ROS2 TF aggregation contributor '/World/Nova_Carter_ROS/chassis_link/sensors/right_hawk/ROS_TF/PublisherTF' did not submit transforms for topic '/tf' on flush cycle 11685
2026-09-30T16:44:38Z [224,157ms] [Warning] [isaacsim.ros2.nodes] ROS2 TF aggregation contributor '/World/Nova_Carter_ROS/chassis_link/sensors/front_owl/ROS_TF/PublisherTF' did not submit transforms for topic '/tf' on flush cycle 11685
2026-09-30T16:44:38Z [224,157ms] [Warning] [isaacsim.ros2.nodes] ROS2 TF aggregation contributor '/World/Nova_Carter_ROS/chassis_link/sensors/back_owl/ROS_TF/PublisherTF' did not submit transforms for topic '/tf' on flush cycle 11685
2026-09-30T16:44:38Z [224,157ms] [Warning] [isaacsim.ros2.nodes] ROS2 TF aggregation contributor '/World/Nova_Carter_ROS/transform_tree_odometry/tf_tree_base_link_to_wheel_base' did not submit transforms for topic '/tf' on flush cycle 11685
2026-09-30T16:44:38Z [224,157ms] [Warning] [isaacsim.ros2.nodes] ROS2 TF aggregation contributor '/World/Nova_Carter_ROS/transform_tree_odometry/tf_tree_base_link_to_sensors' did not submit transforms for topic '/tf' on flush cycle 11685
2026-09-30T16:44:38Z [224,157ms] [Warning] [isaacsim.ros2.nodes] ROS2 TF aggregation contributor '/World/Nova_Carter_ROS/transform_tree_odometry/tf_tree_base_link_to_chassis' did not submit transforms for topic '/tf' on flush cycle 11685
2026-09-30T16:44:48Z [234,262ms] [Warning] [isaacsim.ros2.nodes] ROS2 TF aggregation contributor '/World/Nova_Carter_ROS/chassis_link/sensors/left_owl/ROS_TF/PublisherTF' did not submit transforms for topic '/tf' on flush cycle 12221
2026-09-30T16:44:48Z [234,262ms] [Warning] [isaacsim.ros2.nodes] ROS2 TF aggregation contributor '/World/Nova_Carter_ROS/chassis_link/sensors/XT_32/ROS_TF/PublisherTF' did not submit transforms for topic '/tf' on flush cycle 12221
2026-09-30T16:44:48Z [234,262ms] [Warning] [isaacsim.ros2.nodes] ROS2 TF aggregation contributor '/World/Nova_Carter_ROS/chassis_link/sensors/front_hawk/ROS_TF/PublisherTF' did not submit transforms for topic '/tf' on flush cycle 12221
2026-09-30T16:44:48Z [234,262ms] [Warning] [isaacsim.ros2.nodes] ROS2 TF aggregation contributor '/World/Nova_Carter_ROS/chassis_link/sensors/back_hawk/ROS_TF/PublisherTF' did not submit transforms for topic '/tf' on flush cycle 12221
2026-09-30T16:44:48Z [234,262ms] [Warning] [isaacsim.ros2.nodes] ROS2 TF aggregation contributor '/World/Nova_Carter_ROS/chassis_link/sensors/left_hawk/ROS_TF/PublisherTF' did not submit transforms for topic '/tf' on flush cycle 12221
2026-09-30T16:44:48Z [234,262ms] [Warning] [isaacsim.ros2.nodes] ROS2 TF aggregation contributor '/World/Nova_Carter_ROS/transform_tree_odometry/ros2_publish_raw_transform_tree' did not submit transforms for topic '/tf' on flush cycle 12221
2026-09-30T16:44:48Z [234,262ms] [Warning] [isaacsim.ros2.nodes] ROS2 TF aggregation contributor '/World/Nova_Carter_ROS/chassis_link/sensors/rear_RPLidar/ROS_TF/PublisherTF' did not submit transforms for topic '/tf' on flush cycle 12221
2026-09-30T16:44:48Z [234,262ms] [Warning] [isaacsim.ros2.nodes] ROS2 TF aggregation contributor '/World/Nova_Carter_ROS/chassis_link/sensors/right_owl/ROS_TF/PublisherTF' did not submit transforms for topic '/tf' on flush cycle 12221
2026-09-30T16:44:48Z [234,262ms] [Warning] [isaacsim.ros2.nodes] ROS2 TF aggregation contributor '/World/Nova_Carter_ROS/chassis_link/sensors/front_RPLidar/ROS_TF/PublisherTF' did not submit transforms for topic '/tf' on flush cycle 12221
2026-09-30T16:44:48Z [234,262ms] [Warning] [isaacsim.ros2.nodes] ROS2 TF aggregation contributor '/World/Nova_Carter_ROS/chassis_link/sensors/right_hawk/ROS_TF/PublisherTF' did not submit transforms for topic '/tf' on flush cycle 12221
2026-09-30T16:44:48Z [234,262ms] [Warning] [isaacsim.ros2.nodes] ROS2 TF aggregation contributor '/World/Nova_Carter_ROS/chassis_link/sensors/front_owl/ROS_TF/PublisherTF' did not submit transforms for topic '/tf' on flush cycle 12221
2026-09-30T16:44:48Z [234,262ms] [Warning] [isaacsim.ros2.nodes] ROS2 TF aggregation contributor '/World/Nova_Carter_ROS/chassis_link/sensors/back_owl/ROS_TF/PublisherTF' did not submit transforms for topic '/tf' on flush cycle 12221
2026-09-30T16:44:48Z [234,262ms] [Warning] [isaacsim.ros2.nodes] ROS2 TF aggregation contributor '/World/Nova_Carter_ROS/transform_tree_odometry/tf_tree_base_link_to_wheel_base' did not submit transforms for topic '/tf' on flush cycle 12221
2026-09-30T16:44:48Z [234,262ms] [Warning] [isaacsim.ros2.nodes] ROS2 TF aggregation contributor '/World/Nova_Carter_ROS/transform_tree_odometry/tf_tree_base_link_to_sensors' did not submit transforms for topic '/tf' on flush cycle 12221
2026-09-30T16:44:48Z [234,262ms] [Warning] [isaacsim.ros2.nodes] ROS2 TF aggregation contributor '/World/Nova_Carter_ROS/transform_tree_odometry/tf_tree_base_link_to_chassis' did not submit transforms for topic '/tf' on flush cycle 12221
2026-09-30T16:44:50Z [236,298ms] [Warning] [isaacsim.ros2.nodes] ROS2 TF aggregation contributor '/World/Nova_Carter_ROS/chassis_link/sensors/left_owl/ROS_TF/PublisherTF' did not submit transforms for topic '/tf' on flush cycle 12341
2026-09-30T16:44:50Z [236,298ms] [Warning] [isaacsim.ros2.nodes] ROS2 TF aggregation contributor '/World/Nova_Carter_ROS/chassis_link/sensors/XT_32/ROS_TF/PublisherTF' did not submit transforms for topic '/tf' on flush cycle 12341
2026-09-30T16:44:50Z [236,298ms] [Warning] [isaacsim.ros2.nodes] ROS2 TF aggregation contributor '/World/Nova_Carter_ROS/chassis_link/sensors/front_hawk/ROS_TF/PublisherTF' did not submit transforms for topic '/tf' on flush cycle 12341
2026-09-30T16:44:50Z [236,298ms] [Warning] [isaacsim.ros2.nodes] ROS2 TF aggregation contributor '/World/Nova_Carter_ROS/chassis_link/sensors/back_hawk/ROS_TF/PublisherTF' did not submit transforms for topic '/tf' on flush cycle 12341
2026-09-30T16:44:50Z [236,298ms] [Warning] [isaacsim.ros2.nodes] ROS2 TF aggregation contributor '/World/Nova_Carter_ROS/chassis_link/sensors/left_hawk/ROS_TF/PublisherTF' did not submit transforms for topic '/tf' on flush cycle 12341
2026-09-30T16:44:50Z [236,298ms] [Warning] [isaacsim.ros2.nodes] ROS2 TF aggregation contributor '/World/Nova_Carter_ROS/transform_tree_odometry/ros2_publish_raw_transform_tree' did not submit transforms for topic '/tf' on flush cycle 12341
2026-09-30T16:44:50Z [236,298ms] [Warning] [isaacsim.ros2.nodes] ROS2 TF aggregation contributor '/World/Nova_Carter_ROS/chassis_link/sensors/rear_RPLidar/ROS_TF/PublisherTF' did not submit transforms for topic '/tf' on flush cycle 12341
2026-09-30T16:44:50Z [236,298ms] [Warning] [isaacsim.ros2.nodes] ROS2 TF aggregation contributor '/World/Nova_Carter_ROS/chassis_link/sensors/right_owl/ROS_TF/PublisherTF' did not submit transforms for topic '/tf' on flush cycle 12341
2026-09-30T16:44:50Z [236,298ms] [Warning] [isaacsim.ros2.nodes] ROS2 TF aggregation contributor '/World/Nova_Carter_ROS/chassis_link/sensors/front_RPLidar/ROS_TF/PublisherTF' did not submit transforms for topic '/tf' on flush cycle 12341
2026-09-30T16:44:50Z [236,298ms] [Warning] [isaacsim.ros2.nodes] ROS2 TF aggregation contributor '/World/Nova_Carter_ROS/chassis_link/sensors/right_hawk/ROS_TF/PublisherTF' did not submit transforms for topic '/tf' on flush cycle 12341
2026-09-30T16:44:50Z [236,298ms] [Warning] [isaacsim.ros2.nodes] ROS2 TF aggregation contributor '/World/Nova_Carter_ROS/chassis_link/sensors/front_owl/ROS_TF/PublisherTF' did not submit transforms for topic '/tf' on flush cycle 12341
2026-09-30T16:44:50Z [236,298ms] [Warning] [isaacsim.ros2.nodes] ROS2 TF aggregation contributor '/World/Nova_Carter_ROS/chassis_link/sensors/back_owl/ROS_TF/PublisherTF' did not submit transforms for topic '/tf' on flush cycle 12341
2026-09-30T16:44:50Z [236,298ms] [Warning] [isaacsim.ros2.nodes] ROS2 TF aggregation contributor '/World/Nova_Carter_ROS/transform_tree_odometry/tf_tree_base_link_to_wheel_base' did not submit transforms for topic '/tf' on flush cycle 12341
2026-09-30T16:44:50Z [236,298ms] [Warning] [isaacsim.ros2.nodes] ROS2 TF aggregation contributor '/World/Nova_Carter_ROS/transform_tree_odometry/tf_tree_base_link_to_sensors' did not submit transforms for topic '/tf' on flush cycle 12341
2026-09-30T16:44:50Z [236,298ms] [Warning] [isaacsim.ros2.nodes] ROS2 TF aggregation contributor '/World/Nova_Carter_ROS/transform_tree_odometry/tf_tree_base_link_to_chassis' did not submit transforms for topic '/tf' on flush cycle 12341
2026-09-30T16:44:52Z [238,340ms] [Warning] [isaacsim.ros2.nodes] ROS2 TF aggregation contributor '/World/Nova_Carter_ROS/chassis_link/sensors/left_owl/ROS_TF/PublisherTF' did not submit transforms for topic '/tf' on flush cycle 12461
2026-09-30T16:44:52Z [238,340ms] [Warning] [isaacsim.ros2.nodes] ROS2 TF aggregation contributor '/World/Nova_Carter_ROS/chassis_link/sensors/XT_32/ROS_TF/PublisherTF' did not submit transforms for topic '/tf' on flush cycle 12461
2026-09-30T16:44:52Z [238,340ms] [Warning] [isaacsim.ros2.nodes] ROS2 TF aggregation contributor '/World/Nova_Carter_ROS/chassis_link/sensors/front_hawk/ROS_TF/PublisherTF' did not submit transforms for topic '/tf' on flush cycle 12461
2026-09-30T16:44:52Z [238,340ms] [Warning] [isaacsim.ros2.nodes] ROS2 TF aggregation contributor '/World/Nova_Carter_ROS/chassis_link/sensors/back_hawk/ROS_TF/PublisherTF' did not submit transforms for topic '/tf' on flush cycle 12461
2026-09-30T16:44:52Z [238,340ms] [Warning] [isaacsim.ros2.nodes] ROS2 TF aggregation contributor '/World/Nova_Carter_ROS/chassis_link/sensors/left_hawk/ROS_TF/PublisherTF' did not submit transforms for topic '/tf' on flush cycle 12461
2026-09-30T16:44:52Z [238,340ms] [Warning] [isaacsim.ros2.nodes] ROS2 TF aggregation contributor '/World/Nova_Carter_ROS/transform_tree_odometry/ros2_publish_raw_transform_tree' did not submit transforms for topic '/tf' on flush cycle 12461
2026-09-30T16:44:52Z [238,340ms] [Warning] [isaacsim.ros2.nodes] ROS2 TF aggregation contributor '/World/Nova_Carter_ROS/chassis_link/sensors/rear_RPLidar/ROS_TF/PublisherTF' did not submit transforms for topic '/tf' on flush cycle 12461
2026-09-30T16:44:52Z [238,340ms] [Warning] [isaacsim.ros2.nodes] ROS2 TF aggregation contributor '/World/Nova_Carter_ROS/chassis_link/sensors/right_owl/ROS_TF/PublisherTF' did not submit transforms for topic '/tf' on flush cycle 12461
2026-09-30T16:44:52Z [238,340ms] [Warning] [isaacsim.ros2.nodes] ROS2 TF aggregation contributor '/World/Nova_Carter_ROS/chassis_link/sensors/front_RPLidar/ROS_TF/PublisherTF' did not submit transforms for topic '/tf' on flush cycle 12461
2026-09-30T16:44:52Z [238,340ms] [Warning] [isaacsim.ros2.nodes] ROS2 TF aggregation contributor '/World/Nova_Carter_ROS/chassis_link/sensors/right_hawk/ROS_TF/PublisherTF' did not submit transforms for topic '/tf' on flush cycle 12461
2026-09-30T16:44:52Z [238,340ms] [Warning] [isaacsim.ros2.nodes] ROS2 TF aggregation contributor '/World/Nova_Carter_ROS/chassis_link/sensors/front_owl/ROS_TF/PublisherTF' did not submit transforms for topic '/tf' on flush cycle 12461
2026-09-30T16:44:52Z [238,340ms] [Warning] [isaacsim.ros2.nodes] ROS2 TF aggregation contributor '/World/Nova_Carter_ROS/chassis_link/sensors/back_owl/ROS_TF/PublisherTF' did not submit transforms for topic '/tf' on flush cycle 12461
2026-09-30T16:44:52Z [238,340ms] [Warning] [isaacsim.ros2.nodes] ROS2 TF aggregation contributor '/World/Nova_Carter_ROS/transform_tree_odometry/tf_tree_base_link_to_wheel_base' did not submit transforms for topic '/tf' on flush cycle 12461
2026-09-30T16:44:52Z [238,340ms] [Warning] [isaacsim.ros2.nodes] ROS2 TF aggregation contributor '/World/Nova_Carter_ROS/transform_tree_odometry/tf_tree_base_link_to_sensors' did not submit transforms for topic '/tf' on flush cycle 12461
2026-09-30T16:44:52Z [238,340ms] [Warning] [isaacsim.ros2.nodes] ROS2 TF aggregation contributor '/World/Nova_Carter_ROS/transform_tree_odometry/tf_tree_base_link_to_chassis' did not submit transforms for topic '/tf' on flush cycle 12461
2026-09-30T16:44:54Z [240,387ms] [Warning] [isaacsim.ros2.nodes] ROS2 TF aggregation contributor '/World/Nova_Carter_ROS/chassis_link/sensors/left_owl/ROS_TF/PublisherTF' did not submit transforms for topic '/tf' on flush cycle 12581
2026-09-30T16:44:54Z [240,387ms] [Warning] [isaacsim.ros2.nodes] ROS2 TF aggregation contributor '/World/Nova_Carter_ROS/chassis_link/sensors/XT_32/ROS_TF/PublisherTF' did not submit transforms for topic '/tf' on flush cycle 12581
2026-09-30T16:44:54Z [240,387ms] [Warning] [isaacsim.ros2.nodes] ROS2 TF aggregation contributor '/World/Nova_Carter_ROS/chassis_link/sensors/front_hawk/ROS_TF/PublisherTF' did not submit transforms for topic '/tf' on flush cycle 12581
2026-09-30T16:44:54Z [240,387ms] [Warning] [isaacsim.ros2.nodes] ROS2 TF aggregation contributor '/World/Nova_Carter_ROS/chassis_link/sensors/back_hawk/ROS_TF/PublisherTF' did not submit transforms for topic '/tf' on flush cycle 12581
2026-09-30T16:44:54Z [240,387ms] [Warning] [isaacsim.ros2.nodes] ROS2 TF aggregation contributor '/World/Nova_Carter_ROS/chassis_link/sensors/left_hawk/ROS_TF/PublisherTF' did not submit transforms for topic '/tf' on flush cycle 12581
2026-09-30T16:44:54Z [240,387ms] [Warning] [isaacsim.ros2.nodes] ROS2 TF aggregation contributor '/World/Nova_Carter_ROS/transform_tree_odometry/ros2_publish_raw_transform_tree' did not submit transforms for topic '/tf' on flush cycle 12581
2026-09-30T16:44:54Z [240,387ms] [Warning] [isaacsim.ros2.nodes] ROS2 TF aggregation contributor '/World/Nova_Carter_ROS/chassis_link/sensors/rear_RPLidar/ROS_TF/PublisherTF' did not submit transforms for topic '/tf' on flush cycle 12581
2026-09-30T16:44:54Z [240,387ms] [Warning] [isaacsim.ros2.nodes] ROS2 TF aggregation contributor '/World/Nova_Carter_ROS/chassis_link/sensors/right_owl/ROS_TF/PublisherTF' did not submit transforms for topic '/tf' on flush cycle 12581
2026-09-30T16:44:54Z [240,387ms] [Warning] [isaacsim.ros2.nodes] ROS2 TF aggregation contributor '/World/Nova_Carter_ROS/chassis_link/sensors/front_RPLidar/ROS_TF/PublisherTF' did not submit transforms for topic '/tf' on flush cycle 12581
2026-09-30T16:44:54Z [240,387ms] [Warning] [isaacsim.ros2.nodes] ROS2 TF aggregation contributor '/World/Nova_Carter_ROS/chassis_link/sensors/right_hawk/ROS_TF/PublisherTF' did not submit transforms for topic '/tf' on flush cycle 12581
2026-09-30T16:44:54Z [240,387ms] [Warning] [isaacsim.ros2.nodes] ROS2 TF aggregation contributor '/World/Nova_Carter_ROS/chassis_link/sensors/front_owl/ROS_TF/PublisherTF' did not submit transforms for topic '/tf' on flush cycle 12581
2026-09-30T16:44:54Z [240,387ms] [Warning] [isaacsim.ros2.nodes] ROS2 TF aggregation contributor '/World/Nova_Carter_ROS/chassis_link/sensors/back_owl/ROS_TF/PublisherTF' did not submit transforms for topic '/tf' on flush cycle 12581
2026-09-30T16:44:54Z [240,388ms] [Warning] [isaacsim.ros2.nodes] ROS2 TF aggregation contributor '/World/Nova_Carter_ROS/transform_tree_odometry/tf_tree_base_link_to_wheel_base' did not submit transforms for topic '/tf' on flush cycle 12581
2026-09-30T16:44:54Z [240,388ms] [Warning] [isaacsim.ros2.nodes] ROS2 TF aggregation contributor '/World/Nova_Carter_ROS/transform_tree_odometry/tf_tree_base_link_to_sensors' did not submit transforms for topic '/tf' on flush cycle 12581
2026-09-30T16:44:54Z [240,388ms] [Warning] [isaacsim.ros2.nodes] ROS2 TF aggregation contributor '/World/Nova_Carter_ROS/transform_tree_odometry/tf_tree_base_link_to_chassis' did not submit transforms for topic '/tf' on flush cycle 12581
2026-09-30T16:44:56Z [242,534ms] [Warning] [isaacsim.ros2.nodes] ROS2 TF aggregation contributor '/World/Nova_Carter_ROS/chassis_link/sensors/left_owl/ROS_TF/PublisherTF' did not submit transforms for topic '/tf' on flush cycle 12701
2026-09-30T16:44:56Z [242,534ms] [Warning] [isaacsim.ros2.nodes] ROS2 TF aggregation contributor '/World/Nova_Carter_ROS/chassis_link/sensors/XT_32/ROS_TF/PublisherTF' did not submit transforms for topic '/tf' on flush cycle 12701
2026-09-30T16:44:56Z [242,534ms] [Warning] [isaacsim.ros2.nodes] ROS2 TF aggregation contributor '/World/Nova_Carter_ROS/chassis_link/sensors/front_hawk/ROS_TF/PublisherTF' did not submit transforms for topic '/tf' on flush cycle 12701
2026-09-30T16:44:56Z [242,534ms] [Warning] [isaacsim.ros2.nodes] ROS2 TF aggregation contributor '/World/Nova_Carter_ROS/chassis_link/sensors/back_hawk/ROS_TF/PublisherTF' did not submit transforms for topic '/tf' on flush cycle 12701
2026-09-30T16:44:56Z [242,534ms] [Warning] [isaacsim.ros2.nodes] ROS2 TF aggregation contributor '/World/Nova_Carter_ROS/chassis_link/sensors/left_hawk/ROS_TF/PublisherTF' did not submit transforms for topic '/tf' on flush cycle 12701
2026-09-30T16:44:56Z [242,534ms] [Warning] [isaacsim.ros2.nodes] ROS2 TF aggregation contributor '/World/Nova_Carter_ROS/transform_tree_odometry/ros2_publish_raw_transform_tree' did not submit transforms for topic '/tf' on flush cycle 12701
2026-09-30T16:44:56Z [242,534ms] [Warning] [isaacsim.ros2.nodes] ROS2 TF aggregation contributor '/World/Nova_Carter_ROS/chassis_link/sensors/rear_RPLidar/ROS_TF/PublisherTF' did not submit transforms for topic '/tf' on flush cycle 12701
2026-09-30T16:44:56Z [242,534ms] [Warning] [isaacsim.ros2.nodes] ROS2 TF aggregation contributor '/World/Nova_Carter_ROS/chassis_link/sensors/right_owl/ROS_TF/PublisherTF' did not submit transforms for topic '/tf' on flush cycle 12701
2026-09-30T16:44:56Z [242,534ms] [Warning] [isaacsim.ros2.nodes] ROS2 TF aggregation contributor '/World/Nova_Carter_ROS/chassis_link/sensors/front_RPLidar/ROS_TF/PublisherTF' did not submit transforms for topic '/tf' on flush cycle 12701
2026-09-30T16:44:56Z [242,534ms] [Warning] [isaacsim.ros2.nodes] ROS2 TF aggregation contributor '/World/Nova_Carter_ROS/chassis_link/sensors/right_hawk/ROS_TF/PublisherTF' did not submit transforms for topic '/tf' on flush cycle 12701
2026-09-30T16:44:56Z [242,534ms] [Warning] [isaacsim.ros2.nodes] ROS2 TF aggregation contributor '/World/Nova_Carter_ROS/chassis_link/sensors/front_owl/ROS_TF/PublisherTF' did not submit transforms for topic '/tf' on flush cycle 12701
2026-09-30T16:44:56Z [242,534ms] [Warning] [isaacsim.ros2.nodes] ROS2 TF aggregation contributor '/World/Nova_Carter_ROS/chassis_link/sensors/back_owl/ROS_TF/PublisherTF' did not submit transforms for topic '/tf' on flush cycle 12701
2026-09-30T16:44:56Z [242,534ms] [Warning] [isaacsim.ros2.nodes] ROS2 TF aggregation contributor '/World/Nova_Carter_ROS/transform_tree_odometry/tf_tree_base_link_to_wheel_base' did not submit transforms for topic '/tf' on flush cycle 12701
2026-09-30T16:44:56Z [242,534ms] [Warning] [isaacsim.ros2.nodes] ROS2 TF aggregation contributor '/World/Nova_Carter_ROS/transform_tree_odometry/tf_tree_base_link_to_sensors' did not submit transforms for topic '/tf' on flush cycle 12701
2026-09-30T16:44:56Z [242,534ms] [Warning] [isaacsim.ros2.nodes] ROS2 TF aggregation contributor '/World/Nova_Carter_ROS/transform_tree_odometry/tf_tree_base_link_to_chassis' did not submit transforms for topic '/tf' on flush cycle 12701
2026-09-30T16:44:58Z [244,584ms] [Warning] [isaacsim.ros2.nodes] ROS2 TF aggregation contributor '/World/Nova_Carter_ROS/chassis_link/sensors/left_owl/ROS_TF/PublisherTF' did not submit transforms for topic '/tf' on flush cycle 12821
2026-09-30T16:44:58Z [244,584ms] [Warning] [isaacsim.ros2.nodes] ROS2 TF aggregation contributor '/World/Nova_Carter_ROS/chassis_link/sensors/XT_32/ROS_TF/PublisherTF' did not submit transforms for topic '/tf' on flush cycle 12821
2026-09-30T16:44:58Z [244,584ms] [Warning] [isaacsim.ros2.nodes] ROS2 TF aggregation contributor '/World/Nova_Carter_ROS/chassis_link/sensors/front_hawk/ROS_TF/PublisherTF' did not submit transforms for topic '/tf' on flush cycle 12821
2026-09-30T16:44:58Z [244,584ms] [Warning] [isaacsim.ros2.nodes] ROS2 TF aggregation contributor '/World/Nova_Carter_ROS/chassis_link/sensors/back_hawk/ROS_TF/PublisherTF' did not submit transforms for topic '/tf' on flush cycle 12821
2026-09-30T16:44:58Z [244,584ms] [Warning] [isaacsim.ros2.nodes] ROS2 TF aggregation contributor '/World/Nova_Carter_ROS/chassis_link/sensors/left_hawk/ROS_TF/PublisherTF' did not submit transforms for topic '/tf' on flush cycle 12821
2026-09-30T16:44:58Z [244,584ms] [Warning] [isaacsim.ros2.nodes] ROS2 TF aggregation contributor '/World/Nova_Carter_ROS/transform_tree_odometry/ros2_publish_raw_transform_tree' did not submit transforms for topic '/tf' on flush cycle 12821
2026-09-30T16:44:58Z [244,584ms] [Warning] [isaacsim.ros2.nodes] ROS2 TF aggregation contributor '/World/Nova_Carter_ROS/chassis_link/sensors/rear_RPLidar/ROS_TF/PublisherTF' did not submit transforms for topic '/tf' on flush cycle 12821
2026-09-30T16:44:58Z [244,584ms] [Warning] [isaacsim.ros2.nodes] ROS2 TF aggregation contributor '/World/Nova_Carter_ROS/chassis_link/sensors/right_owl/ROS_TF/PublisherTF' did not submit transforms for topic '/tf' on flush cycle 12821
2026-09-30T16:44:58Z [244,584ms] [Warning] [isaacsim.ros2.nodes] ROS2 TF aggregation contributor '/World/Nova_Carter_ROS/chassis_link/sensors/front_RPLidar/ROS_TF/PublisherTF' did not submit transforms for topic '/tf' on flush cycle 12821
2026-09-30T16:44:58Z [244,584ms] [Warning] [isaacsim.ros2.nodes] ROS2 TF aggregation contributor '/World/Nova_Carter_ROS/chassis_link/sensors/right_hawk/ROS_TF/PublisherTF' did not submit transforms for topic '/tf' on flush cycle 12821
2026-09-30T16:44:58Z [244,584ms] [Warning] [isaacsim.ros2.nodes] ROS2 TF aggregation contributor '/World/Nova_Carter_ROS/chassis_link/sensors/front_owl/ROS_TF/PublisherTF' did not submit transforms for topic '/tf' on flush cycle 12821
2026-09-30T16:44:58Z [244,584ms] [Warning] [isaacsim.ros2.nodes] ROS2 TF aggregation contributor '/World/Nova_Carter_ROS/chassis_link/sensors/back_owl/ROS_TF/PublisherTF' did not submit transforms for topic '/tf' on flush cycle 12821
2026-09-30T16:44:58Z [244,584ms] [Warning] [isaacsim.ros2.nodes] ROS2 TF aggregation contributor '/World/Nova_Carter_ROS/transform_tree_odometry/tf_tree_base_link_to_wheel_base' did not submit transforms for topic '/tf' on flush cycle 12821
2026-09-30T16:44:58Z [244,584ms] [Warning] [isaacsim.ros2.nodes] ROS2 TF aggregation contributor '/World/Nova_Carter_ROS/transform_tree_odometry/tf_tree_base_link_to_sensors' did not submit transforms for topic '/tf' on flush cycle 12821
2026-09-30T16:44:58Z [244,584ms] [Warning] [isaacsim.ros2.nodes] ROS2 TF aggregation contributor '/World/Nova_Carter_ROS/transform_tree_odometry/tf_tree_base_link_to_chassis' did not submit transforms for topic '/tf' on flush cycle 12821
2026-09-30T16:45:00Z [246,628ms] [Warning] [isaacsim.ros2.nodes] ROS2 TF aggregation contributor '/World/Nova_Carter_ROS/chassis_link/sensors/left_owl/ROS_TF/PublisherTF' did not submit transforms for topic '/tf' on flush cycle 12941
2026-09-30T16:45:00Z [246,628ms] [Warning] [isaacsim.ros2.nodes] ROS2 TF aggregation contributor '/World/Nova_Carter_ROS/chassis_link/sensors/XT_32/ROS_TF/PublisherTF' did not submit transforms for topic '/tf' on flush cycle 12941
2026-09-30T16:45:00Z [246,628ms] [Warning] [isaacsim.ros2.nodes] ROS2 TF aggregation contributor '/World/Nova_Carter_ROS/chassis_link/sensors/front_hawk/ROS_TF/PublisherTF' did not submit transforms for topic '/tf' on flush cycle 12941
2026-09-30T16:45:00Z [246,628ms] [Warning] [isaacsim.ros2.nodes] ROS2 TF aggregation contributor '/World/Nova_Carter_ROS/chassis_link/sensors/back_hawk/ROS_TF/PublisherTF' did not submit transforms for topic '/tf' on flush cycle 12941
2026-09-30T16:45:00Z [246,628ms] [Warning] [isaacsim.ros2.nodes] ROS2 TF aggregation contributor '/World/Nova_Carter_ROS/chassis_link/sensors/left_hawk/ROS_TF/PublisherTF' did not submit transforms for topic '/tf' on flush cycle 12941
2026-09-30T16:45:00Z [246,628ms] [Warning] [isaacsim.ros2.nodes] ROS2 TF aggregation contributor '/World/Nova_Carter_ROS/transform_tree_odometry/ros2_publish_raw_transform_tree' did not submit transforms for topic '/tf' on flush cycle 12941
2026-09-30T16:45:00Z [246,628ms] [Warning] [isaacsim.ros2.nodes] ROS2 TF aggregation contributor '/World/Nova_Carter_ROS/chassis_link/sensors/rear_RPLidar/ROS_TF/PublisherTF' did not submit transforms for topic '/tf' on flush cycle 12941
2026-09-30T16:45:00Z [246,628ms] [Warning] [isaacsim.ros2.nodes] ROS2 TF aggregation contributor '/World/Nova_Carter_ROS/chassis_link/sensors/right_owl/ROS_TF/PublisherTF' did not submit transforms for topic '/tf' on flush cycle 12941
2026-09-30T16:45:00Z [246,628ms] [Warning] [isaacsim.ros2.nodes] ROS2 TF aggregation contributor '/World/Nova_Carter_ROS/chassis_link/sensors/front_RPLidar/ROS_TF/PublisherTF' did not submit transforms for topic '/tf' on flush cycle 12941
2026-09-30T16:45:00Z [246,628ms] [Warning] [isaacsim.ros2.nodes] ROS2 TF aggregation contributor '/World/Nova_Carter_ROS/chassis_link/sensors/right_hawk/ROS_TF/PublisherTF' did not submit transforms for topic '/tf' on flush cycle 12941
2026-09-30T16:45:00Z [246,628ms] [Warning] [isaacsim.ros2.nodes] ROS2 TF aggregation contributor '/World/Nova_Carter_ROS/chassis_link/sensors/front_owl/ROS_TF/PublisherTF' did not submit transforms for topic '/tf' on flush cycle 12941
2026-09-30T16:45:00Z [246,628ms] [Warning] [isaacsim.ros2.nodes] ROS2 TF aggregation contributor '/World/Nova_Carter_ROS/chassis_link/sensors/back_owl/ROS_TF/PublisherTF' did not submit transforms for topic '/tf' on flush cycle 12941
2026-09-30T16:45:00Z [246,628ms] [Warning] [isaacsim.ros2.nodes] ROS2 TF aggregation contributor '/World/Nova_Carter_ROS/transform_tree_odometry/tf_tree_base_link_to_wheel_base' did not submit transforms for topic '/tf' on flush cycle 12941
2026-09-30T16:45:00Z [246,628ms] [Warning] [isaacsim.ros2.nodes] ROS2 TF aggregation contributor '/World/Nova_Carter_ROS/transform_tree_odometry/tf_tree_base_link_to_sensors' did not submit transforms for topic '/tf' on flush cycle 12941
2026-09-30T16:45:00Z [246,628ms] [Warning] [isaacsim.ros2.nodes] ROS2 TF aggregation contributor '/World/Nova_Carter_ROS/transform_tree_odometry/tf_tree_base_link_to_chassis' did not submit transforms for topic '/tf' on flush cycle 12941
2026-09-30T16:45:07Z [253,617ms] [Warning] [omni.graph.core.plugin] /World/Nova_Carter_ROS/differential_drive/differential_controller_01: [/World/Nova_Carter_ROS/differential_drive] Invalid deltaTime 0.000000, cannot check for acceleration limits, skipping current step
2026-09-30T16:45:10Z [256,437ms] [Warning] [isaacsim.ros2.nodes] ROS2 TF aggregation contributor '/World/Nova_Carter_ROS/chassis_link/sensors/left_owl/ROS_TF/PublisherTF' did not submit transforms for topic '/tf' on flush cycle 13473
2026-09-30T16:45:10Z [256,437ms] [Warning] [isaacsim.ros2.nodes] ROS2 TF aggregation contributor '/World/Nova_Carter_ROS/chassis_link/sensors/XT_32/ROS_TF/PublisherTF' did not submit transforms for topic '/tf' on flush cycle 13473
2026-09-30T16:45:10Z [256,437ms] [Warning] [isaacsim.ros2.nodes] ROS2 TF aggregation contributor '/World/Nova_Carter_ROS/chassis_link/sensors/front_hawk/ROS_TF/PublisherTF' did not submit transforms for topic '/tf' on flush cycle 13473
2026-09-30T16:45:10Z [256,437ms] [Warning] [isaacsim.ros2.nodes] ROS2 TF aggregation contributor '/World/Nova_Carter_ROS/chassis_link/sensors/back_hawk/ROS_TF/PublisherTF' did not submit transforms for topic '/tf' on flush cycle 13473
2026-09-30T16:45:10Z [256,437ms] [Warning] [isaacsim.ros2.nodes] ROS2 TF aggregation contributor '/World/Nova_Carter_ROS/chassis_link/sensors/left_hawk/ROS_TF/PublisherTF' did not submit transforms for topic '/tf' on flush cycle 13473
2026-09-30T16:45:10Z [256,437ms] [Warning] [isaacsim.ros2.nodes] ROS2 TF aggregation contributor '/World/Nova_Carter_ROS/transform_tree_odometry/ros2_publish_raw_transform_tree' did not submit transforms for topic '/tf' on flush cycle 13473
2026-09-30T16:45:10Z [256,437ms] [Warning] [isaacsim.ros2.nodes] ROS2 TF aggregation contributor '/World/Nova_Carter_ROS/chassis_link/sensors/rear_RPLidar/ROS_TF/PublisherTF' did not submit transforms for topic '/tf' on flush cycle 13473
2026-09-30T16:45:10Z [256,437ms] [Warning] [isaacsim.ros2.nodes] ROS2 TF aggregation contributor '/World/Nova_Carter_ROS/chassis_link/sensors/right_owl/ROS_TF/PublisherTF' did not submit transforms for topic '/tf' on flush cycle 13473
2026-09-30T16:45:10Z [256,437ms] [Warning] [isaacsim.ros2.nodes] ROS2 TF aggregation contributor '/World/Nova_Carter_ROS/chassis_link/sensors/front_RPLidar/ROS_TF/PublisherTF' did not submit transforms for topic '/tf' on flush cycle 13473
2026-09-30T16:45:10Z [256,437ms] [Warning] [isaacsim.ros2.nodes] ROS2 TF aggregation contributor '/World/Nova_Carter_ROS/chassis_link/sensors/right_hawk/ROS_TF/PublisherTF' did not submit transforms for topic '/tf' on flush cycle 13473
2026-09-30T16:45:10Z [256,437ms] [Warning] [isaacsim.ros2.nodes] ROS2 TF aggregation contributor '/World/Nova_Carter_ROS/chassis_link/sensors/front_owl/ROS_TF/PublisherTF' did not submit transforms for topic '/tf' on flush cycle 13473
2026-09-30T16:45:10Z [256,437ms] [Warning] [isaacsim.ros2.nodes] ROS2 TF aggregation contributor '/World/Nova_Carter_ROS/chassis_link/sensors/back_owl/ROS_TF/PublisherTF' did not submit transforms for topic '/tf' on flush cycle 13473
2026-09-30T16:45:10Z [256,437ms] [Warning] [isaacsim.ros2.nodes] ROS2 TF aggregation contributor '/World/Nova_Carter_ROS/transform_tree_odometry/tf_tree_base_link_to_wheel_base' did not submit transforms for topic '/tf' on flush cycle 13473
2026-09-30T16:45:10Z [256,437ms] [Warning] [isaacsim.ros2.nodes] ROS2 TF aggregation contributor '/World/Nova_Carter_ROS/transform_tree_odometry/tf_tree_base_link_to_sensors' did not submit transforms for topic '/tf' on flush cycle 13473
2026-09-30T16:45:10Z [256,437ms] [Warning] [isaacsim.ros2.nodes] ROS2 TF aggregation contributor '/World/Nova_Carter_ROS/transform_tree_odometry/tf_tree_base_link_to_chassis' did not submit transforms for topic '/tf' on flush cycle 13473
2026-09-30T16:45:12Z [258,477ms] [Warning] [isaacsim.ros2.nodes] ROS2 TF aggregation contributor '/World/Nova_Carter_ROS/chassis_link/sensors/left_owl/ROS_TF/PublisherTF' did not submit transforms for topic '/tf' on flush cycle 13593
2026-09-30T16:45:12Z [258,477ms] [Warning] [isaacsim.ros2.nodes] ROS2 TF aggregation contributor '/World/Nova_Carter_ROS/chassis_link/sensors/XT_32/ROS_TF/PublisherTF' did not submit transforms for topic '/tf' on flush cycle 13593
2026-09-30T16:45:12Z [258,477ms] [Warning] [isaacsim.ros2.nodes] ROS2 TF aggregation contributor '/World/Nova_Carter_ROS/chassis_link/sensors/front_hawk/ROS_TF/PublisherTF' did not submit transforms for topic '/tf' on flush cycle 13593
2026-09-30T16:45:12Z [258,477ms] [Warning] [isaacsim.ros2.nodes] ROS2 TF aggregation contributor '/World/Nova_Carter_ROS/chassis_link/sensors/back_hawk/ROS_TF/PublisherTF' did not submit transforms for topic '/tf' on flush cycle 13593
2026-09-30T16:45:12Z [258,477ms] [Warning] [isaacsim.ros2.nodes] ROS2 TF aggregation contributor '/World/Nova_Carter_ROS/chassis_link/sensors/left_hawk/ROS_TF/PublisherTF' did not submit transforms for topic '/tf' on flush cycle 13593
2026-09-30T16:45:12Z [258,477ms] [Warning] [isaacsim.ros2.nodes] ROS2 TF aggregation contributor '/World/Nova_Carter_ROS/transform_tree_odometry/ros2_publish_raw_transform_tree' did not submit transforms for topic '/tf' on flush cycle 13593
2026-09-30T16:45:12Z [258,477ms] [Warning] [isaacsim.ros2.nodes] ROS2 TF aggregation contributor '/World/Nova_Carter_ROS/chassis_link/sensors/rear_RPLidar/ROS_TF/PublisherTF' did not submit transforms for topic '/tf' on flush cycle 13593
2026-09-30T16:45:12Z [258,477ms] [Warning] [isaacsim.ros2.nodes] ROS2 TF aggregation contributor '/World/Nova_Carter_ROS/chassis_link/sensors/right_owl/ROS_TF/PublisherTF' did not submit transforms for topic '/tf' on flush cycle 13593
2026-09-30T16:45:12Z [258,477ms] [Warning] [isaacsim.ros2.nodes] ROS2 TF aggregation contributor '/World/Nova_Carter_ROS/chassis_link/sensors/front_RPLidar/ROS_TF/PublisherTF' did not submit transforms for topic '/tf' on flush cycle 13593
2026-09-30T16:45:12Z [258,477ms] [Warning] [isaacsim.ros2.nodes] ROS2 TF aggregation contributor '/World/Nova_Carter_ROS/chassis_link/sensors/right_hawk/ROS_TF/PublisherTF' did not submit transforms for topic '/tf' on flush cycle 13593
2026-09-30T16:45:12Z [258,477ms] [Warning] [isaacsim.ros2.nodes] ROS2 TF aggregation contributor '/World/Nova_Carter_ROS/chassis_link/sensors/front_owl/ROS_TF/PublisherTF' did not submit transforms for topic '/tf' on flush cycle 13593
2026-09-30T16:45:12Z [258,477ms] [Warning] [isaacsim.ros2.nodes] ROS2 TF aggregation contributor '/World/Nova_Carter_ROS/chassis_link/sensors/back_owl/ROS_TF/PublisherTF' did not submit transforms for topic '/tf' on flush cycle 13593
2026-09-30T16:45:12Z [258,477ms] [Warning] [isaacsim.ros2.nodes] ROS2 TF aggregation contributor '/World/Nova_Carter_ROS/transform_tree_odometry/tf_tree_base_link_to_wheel_base' did not submit transforms for topic '/tf' on flush cycle 13593
2026-09-30T16:45:12Z [258,477ms] [Warning] [isaacsim.ros2.nodes] ROS2 TF aggregation contributor '/World/Nova_Carter_ROS/transform_tree_odometry/tf_tree_base_link_to_sensors' did not submit transforms for topic '/tf' on flush cycle 13593
2026-09-30T16:45:12Z [258,477ms] [Warning] [isaacsim.ros2.nodes] ROS2 TF aggregation contributor '/World/Nova_Carter_ROS/transform_tree_odometry/tf_tree_base_link_to_chassis' did not submit transforms for topic '/tf' on flush cycle 13593
2026-09-30T16:45:14Z [260,527ms] [Warning] [isaacsim.ros2.nodes] ROS2 TF aggregation contributor '/World/Nova_Carter_ROS/chassis_link/sensors/left_owl/ROS_TF/PublisherTF' did not submit transforms for topic '/tf' on flush cycle 13713
2026-09-30T16:45:14Z [260,527ms] [Warning] [isaacsim.ros2.nodes] ROS2 TF aggregation contributor '/World/Nova_Carter_ROS/chassis_link/sensors/XT_32/ROS_TF/PublisherTF' did not submit transforms for topic '/tf' on flush cycle 13713
2026-09-30T16:45:14Z [260,528ms] [Warning] [isaacsim.ros2.nodes] ROS2 TF aggregation contributor '/World/Nova_Carter_ROS/chassis_link/sensors/front_hawk/ROS_TF/PublisherTF' did not submit transforms for topic '/tf' on flush cycle 13713
2026-09-30T16:45:14Z [260,528ms] [Warning] [isaacsim.ros2.nodes] ROS2 TF aggregation contributor '/World/Nova_Carter_ROS/chassis_link/sensors/back_hawk/ROS_TF/PublisherTF' did not submit transforms for topic '/tf' on flush cycle 13713
2026-09-30T16:45:14Z [260,528ms] [Warning] [isaacsim.ros2.nodes] ROS2 TF aggregation contributor '/World/Nova_Carter_ROS/chassis_link/sensors/left_hawk/ROS_TF/PublisherTF' did not submit transforms for topic '/tf' on flush cycle 13713
2026-09-30T16:45:14Z [260,528ms] [Warning] [isaacsim.ros2.nodes] ROS2 TF aggregation contributor '/World/Nova_Carter_ROS/transform_tree_odometry/ros2_publish_raw_transform_tree' did not submit transforms for topic '/tf' on flush cycle 13713
2026-09-30T16:45:14Z [260,528ms] [Warning] [isaacsim.ros2.nodes] ROS2 TF aggregation contributor '/World/Nova_Carter_ROS/chassis_link/sensors/rear_RPLidar/ROS_TF/PublisherTF' did not submit transforms for topic '/tf' on flush cycle 13713
2026-09-30T16:45:14Z [260,528ms] [Warning] [isaacsim.ros2.nodes] ROS2 TF aggregation contributor '/World/Nova_Carter_ROS/chassis_link/sensors/right_owl/ROS_TF/PublisherTF' did not submit transforms for topic '/tf' on flush cycle 13713
2026-09-30T16:45:14Z [260,528ms] [Warning] [isaacsim.ros2.nodes] ROS2 TF aggregation contributor '/World/Nova_Carter_ROS/chassis_link/sensors/front_RPLidar/ROS_TF/PublisherTF' did not submit transforms for topic '/tf' on flush cycle 13713
2026-09-30T16:45:14Z [260,528ms] [Warning] [isaacsim.ros2.nodes] ROS2 TF aggregation contributor '/World/Nova_Carter_ROS/chassis_link/sensors/right_hawk/ROS_TF/PublisherTF' did not submit transforms for topic '/tf' on flush cycle 13713
2026-09-30T16:45:14Z [260,528ms] [Warning] [isaacsim.ros2.nodes] ROS2 TF aggregation contributor '/World/Nova_Carter_ROS/chassis_link/sensors/front_owl/ROS_TF/PublisherTF' did not submit transforms for topic '/tf' on flush cycle 13713
2026-09-30T16:45:14Z [260,528ms] [Warning] [isaacsim.ros2.nodes] ROS2 TF aggregation contributor '/World/Nova_Carter_ROS/chassis_link/sensors/back_owl/ROS_TF/PublisherTF' did not submit transforms for topic '/tf' on flush cycle 13713
2026-09-30T16:45:14Z [260,528ms] [Warning] [isaacsim.ros2.nodes] ROS2 TF aggregation contributor '/World/Nova_Carter_ROS/transform_tree_odometry/tf_tree_base_link_to_wheel_base' did not submit transforms for topic '/tf' on flush cycle 13713
2026-09-30T16:45:14Z [260,528ms] [Warning] [isaacsim.ros2.nodes] ROS2 TF aggregation contributor '/World/Nova_Carter_ROS/transform_tree_odometry/tf_tree_base_link_to_sensors' did not submit transforms for topic '/tf' on flush cycle 13713
2026-09-30T16:45:14Z [260,528ms] [Warning] [isaacsim.ros2.nodes] ROS2 TF aggregation contributor '/World/Nova_Carter_ROS/transform_tree_odometry/tf_tree_base_link_to_chassis' did not submit transforms for topic '/tf' on flush cycle 13713
2026-09-30T16:45:16Z [262,574ms] [Warning] [isaacsim.ros2.nodes] ROS2 TF aggregation contributor '/World/Nova_Carter_ROS/chassis_link/sensors/left_owl/ROS_TF/PublisherTF' did not submit transforms for topic '/tf' on flush cycle 13833
2026-09-30T16:45:16Z [262,574ms] [Warning] [isaacsim.ros2.nodes] ROS2 TF aggregation contributor '/World/Nova_Carter_ROS/chassis_link/sensors/XT_32/ROS_TF/PublisherTF' did not submit transforms for topic '/tf' on flush cycle 13833
2026-09-30T16:45:16Z [262,574ms] [Warning] [isaacsim.ros2.nodes] ROS2 TF aggregation contributor '/World/Nova_Carter_ROS/chassis_link/sensors/front_hawk/ROS_TF/PublisherTF' did not submit transforms for topic '/tf' on flush cycle 13833
2026-09-30T16:45:16Z [262,574ms] [Warning] [isaacsim.ros2.nodes] ROS2 TF aggregation contributor '/World/Nova_Carter_ROS/chassis_link/sensors/back_hawk/ROS_TF/PublisherTF' did not submit transforms for topic '/tf' on flush cycle 13833
2026-09-30T16:45:16Z [262,574ms] [Warning] [isaacsim.ros2.nodes] ROS2 TF aggregation contributor '/World/Nova_Carter_ROS/chassis_link/sensors/left_hawk/ROS_TF/PublisherTF' did not submit transforms for topic '/tf' on flush cycle 13833
2026-09-30T16:45:16Z [262,574ms] [Warning] [isaacsim.ros2.nodes] ROS2 TF aggregation contributor '/World/Nova_Carter_ROS/transform_tree_odometry/ros2_publish_raw_transform_tree' did not submit transforms for topic '/tf' on flush cycle 13833
2026-09-30T16:45:16Z [262,574ms] [Warning] [isaacsim.ros2.nodes] ROS2 TF aggregation contributor '/World/Nova_Carter_ROS/chassis_link/sensors/rear_RPLidar/ROS_TF/PublisherTF' did not submit transforms for topic '/tf' on flush cycle 13833
2026-09-30T16:45:16Z [262,574ms] [Warning] [isaacsim.ros2.nodes] ROS2 TF aggregation contributor '/World/Nova_Carter_ROS/chassis_link/sensors/right_owl/ROS_TF/PublisherTF' did not submit transforms for topic '/tf' on flush cycle 13833
2026-09-30T16:45:16Z [262,574ms] [Warning] [isaacsim.ros2.nodes] ROS2 TF aggregation contributor '/World/Nova_Carter_ROS/chassis_link/sensors/front_RPLidar/ROS_TF/PublisherTF' did not submit transforms for topic '/tf' on flush cycle 13833
2026-09-30T16:45:16Z [262,574ms] [Warning] [isaacsim.ros2.nodes] ROS2 TF aggregation contributor '/World/Nova_Carter_ROS/chassis_link/sensors/right_hawk/ROS_TF/PublisherTF' did not submit transforms for topic '/tf' on flush cycle 13833
2026-09-30T16:45:16Z [262,574ms] [Warning] [isaacsim.ros2.nodes] ROS2 TF aggregation contributor '/World/Nova_Carter_ROS/chassis_link/sensors/front_owl/ROS_TF/PublisherTF' did not submit transforms for topic '/tf' on flush cycle 13833
2026-09-30T16:45:16Z [262,574ms] [Warning] [isaacsim.ros2.nodes] ROS2 TF aggregation contributor '/World/Nova_Carter_ROS/chassis_link/sensors/back_owl/ROS_TF/PublisherTF' did not submit transforms for topic '/tf' on flush cycle 13833
2026-09-30T16:45:16Z [262,574ms] [Warning] [isaacsim.ros2.nodes] ROS2 TF aggregation contributor '/World/Nova_Carter_ROS/transform_tree_odometry/tf_tree_base_link_to_wheel_base' did not submit transforms for topic '/tf' on flush cycle 13833
2026-09-30T16:45:16Z [262,575ms] [Warning] [isaacsim.ros2.nodes] ROS2 TF aggregation contributor '/World/Nova_Carter_ROS/transform_tree_odometry/tf_tree_base_link_to_sensors' did not submit transforms for topic '/tf' on flush cycle 13833
2026-09-30T16:45:16Z [262,575ms] [Warning] [isaacsim.ros2.nodes] ROS2 TF aggregation contributor '/World/Nova_Carter_ROS/transform_tree_odometry/tf_tree_base_link_to_chassis' did not submit transforms for topic '/tf' on flush cycle 13833
2026-09-30T16:45:18Z [264,670ms] [Warning] [isaacsim.ros2.nodes] ROS2 TF aggregation contributor '/World/Nova_Carter_ROS/chassis_link/sensors/left_owl/ROS_TF/PublisherTF' did not submit transforms for topic '/tf' on flush cycle 13953
2026-09-30T16:45:18Z [264,670ms] [Warning] [isaacsim.ros2.nodes] ROS2 TF aggregation contributor '/World/Nova_Carter_ROS/chassis_link/sensors/XT_32/ROS_TF/PublisherTF' did not submit transforms for topic '/tf' on flush cycle 13953
2026-09-30T16:45:18Z [264,670ms] [Warning] [isaacsim.ros2.nodes] ROS2 TF aggregation contributor '/World/Nova_Carter_ROS/chassis_link/sensors/front_hawk/ROS_TF/PublisherTF' did not submit transforms for topic '/tf' on flush cycle 13953
2026-09-30T16:45:18Z [264,670ms] [Warning] [isaacsim.ros2.nodes] ROS2 TF aggregation contributor '/World/Nova_Carter_ROS/chassis_link/sensors/back_hawk/ROS_TF/PublisherTF' did not submit transforms for topic '/tf' on flush cycle 13953
2026-09-30T16:45:18Z [264,670ms] [Warning] [isaacsim.ros2.nodes] ROS2 TF aggregation contributor '/World/Nova_Carter_ROS/chassis_link/sensors/left_hawk/ROS_TF/PublisherTF' did not submit transforms for topic '/tf' on flush cycle 13953
2026-09-30T16:45:18Z [264,670ms] [Warning] [isaacsim.ros2.nodes] ROS2 TF aggregation contributor '/World/Nova_Carter_ROS/transform_tree_odometry/ros2_publish_raw_transform_tree' did not submit transforms for topic '/tf' on flush cycle 13953
2026-09-30T16:45:18Z [264,670ms] [Warning] [isaacsim.ros2.nodes] ROS2 TF aggregation contributor '/World/Nova_Carter_ROS/chassis_link/sensors/rear_RPLidar/ROS_TF/PublisherTF' did not submit transforms for topic '/tf' on flush cycle 13953
2026-09-30T16:45:18Z [264,670ms] [Warning] [isaacsim.ros2.nodes] ROS2 TF aggregation contributor '/World/Nova_Carter_ROS/chassis_link/sensors/right_owl/ROS_TF/PublisherTF' did not submit transforms for topic '/tf' on flush cycle 13953
2026-09-30T16:45:18Z [264,670ms] [Warning] [isaacsim.ros2.nodes] ROS2 TF aggregation contributor '/World/Nova_Carter_ROS/chassis_link/sensors/front_RPLidar/ROS_TF/PublisherTF' did not submit transforms for topic '/tf' on flush cycle 13953
2026-09-30T16:45:18Z [264,670ms] [Warning] [isaacsim.ros2.nodes] ROS2 TF aggregation contributor '/World/Nova_Carter_ROS/chassis_link/sensors/right_hawk/ROS_TF/PublisherTF' did not submit transforms for topic '/tf' on flush cycle 13953
2026-09-30T16:45:18Z [264,670ms] [Warning] [isaacsim.ros2.nodes] ROS2 TF aggregation contributor '/World/Nova_Carter_ROS/chassis_link/sensors/front_owl/ROS_TF/PublisherTF' did not submit transforms for topic '/tf' on flush cycle 13953
2026-09-30T16:45:18Z [264,670ms] [Warning] [isaacsim.ros2.nodes] ROS2 TF aggregation contributor '/World/Nova_Carter_ROS/chassis_link/sensors/back_owl/ROS_TF/PublisherTF' did not submit transforms for topic '/tf' on flush cycle 13953
2026-09-30T16:45:18Z [264,670ms] [Warning] [isaacsim.ros2.nodes] ROS2 TF aggregation contributor '/World/Nova_Carter_ROS/transform_tree_odometry/tf_tree_base_link_to_wheel_base' did not submit transforms for topic '/tf' on flush cycle 13953
2026-09-30T16:45:18Z [264,670ms] [Warning] [isaacsim.ros2.nodes] ROS2 TF aggregation contributor '/World/Nova_Carter_ROS/transform_tree_odometry/tf_tree_base_link_to_sensors' did not submit transforms for topic '/tf' on flush cycle 13953
2026-09-30T16:45:18Z [264,670ms] [Warning] [isaacsim.ros2.nodes] ROS2 TF aggregation contributor '/World/Nova_Carter_ROS/transform_tree_odometry/tf_tree_base_link_to_chassis' did not submit transforms for topic '/tf' on flush cycle 13953
2026-09-30T16:45:20Z [266,718ms] [Warning] [isaacsim.ros2.nodes] ROS2 TF aggregation contributor '/World/Nova_Carter_ROS/chassis_link/sensors/left_owl/ROS_TF/PublisherTF' did not submit transforms for topic '/tf' on flush cycle 14073
2026-09-30T16:45:20Z [266,718ms] [Warning] [isaacsim.ros2.nodes] ROS2 TF aggregation contributor '/World/Nova_Carter_ROS/chassis_link/sensors/XT_32/ROS_TF/PublisherTF' did not submit transforms for topic '/tf' on flush cycle 14073
2026-09-30T16:45:20Z [266,718ms] [Warning] [isaacsim.ros2.nodes] ROS2 TF aggregation contributor '/World/Nova_Carter_ROS/chassis_link/sensors/front_hawk/ROS_TF/PublisherTF' did not submit transforms for topic '/tf' on flush cycle 14073
2026-09-30T16:45:20Z [266,718ms] [Warning] [isaacsim.ros2.nodes] ROS2 TF aggregation contributor '/World/Nova_Carter_ROS/chassis_link/sensors/back_hawk/ROS_TF/PublisherTF' did not submit transforms for topic '/tf' on flush cycle 14073
2026-09-30T16:45:20Z [266,718ms] [Warning] [isaacsim.ros2.nodes] ROS2 TF aggregation contributor '/World/Nova_Carter_ROS/chassis_link/sensors/left_hawk/ROS_TF/PublisherTF' did not submit transforms for topic '/tf' on flush cycle 14073
2026-09-30T16:45:20Z [266,718ms] [Warning] [isaacsim.ros2.nodes] ROS2 TF aggregation contributor '/World/Nova_Carter_ROS/transform_tree_odometry/ros2_publish_raw_transform_tree' did not submit transforms for topic '/tf' on flush cycle 14073
2026-09-30T16:45:20Z [266,718ms] [Warning] [isaacsim.ros2.nodes] ROS2 TF aggregation contributor '/World/Nova_Carter_ROS/chassis_link/sensors/rear_RPLidar/ROS_TF/PublisherTF' did not submit transforms for topic '/tf' on flush cycle 14073
2026-09-30T16:45:20Z [266,718ms] [Warning] [isaacsim.ros2.nodes] ROS2 TF aggregation contributor '/World/Nova_Carter_ROS/chassis_link/sensors/right_owl/ROS_TF/PublisherTF' did not submit transforms for topic '/tf' on flush cycle 14073
2026-09-30T16:45:20Z [266,718ms] [Warning] [isaacsim.ros2.nodes] ROS2 TF aggregation contributor '/World/Nova_Carter_ROS/chassis_link/sensors/front_RPLidar/ROS_TF/PublisherTF' did not submit transforms for topic '/tf' on flush cycle 14073
2026-09-30T16:45:20Z [266,718ms] [Warning] [isaacsim.ros2.nodes] ROS2 TF aggregation contributor '/World/Nova_Carter_ROS/chassis_link/sensors/right_hawk/ROS_TF/PublisherTF' did not submit transforms for topic '/tf' on flush cycle 14073
2026-09-30T16:45:20Z [266,718ms] [Warning] [isaacsim.ros2.nodes] ROS2 TF aggregation contributor '/World/Nova_Carter_ROS/chassis_link/sensors/front_owl/ROS_TF/PublisherTF' did not submit transforms for topic '/tf' on flush cycle 14073
2026-09-30T16:45:20Z [266,718ms] [Warning] [isaacsim.ros2.nodes] ROS2 TF aggregation contributor '/World/Nova_Carter_ROS/chassis_link/sensors/back_owl/ROS_TF/PublisherTF' did not submit transforms for topic '/tf' on flush cycle 14073
2026-09-30T16:45:20Z [266,718ms] [Warning] [isaacsim.ros2.nodes] ROS2 TF aggregation contributor '/World/Nova_Carter_ROS/transform_tree_odometry/tf_tree_base_link_to_wheel_base' did not submit transforms for topic '/tf' on flush cycle 14073
2026-09-30T16:45:20Z [266,718ms] [Warning] [isaacsim.ros2.nodes] ROS2 TF aggregation contributor '/World/Nova_Carter_ROS/transform_tree_odometry/tf_tree_base_link_to_sensors' did not submit transforms for topic '/tf' on flush cycle 14073
2026-09-30T16:45:20Z [266,718ms] [Warning] [isaacsim.ros2.nodes] ROS2 TF aggregation contributor '/World/Nova_Carter_ROS/transform_tree_odometry/tf_tree_base_link_to_chassis' did not submit transforms for topic '/tf' on flush cycle 14073
2026-09-30T16:45:22Z [268,813ms] [Warning] [isaacsim.ros2.nodes] ROS2 TF aggregation contributor '/World/Nova_Carter_ROS/chassis_link/sensors/left_owl/ROS_TF/PublisherTF' did not submit transforms for topic '/tf' on flush cycle 14193
2026-09-30T16:45:22Z [268,813ms] [Warning] [isaacsim.ros2.nodes] ROS2 TF aggregation contributor '/World/Nova_Carter_ROS/chassis_link/sensors/XT_32/ROS_TF/PublisherTF' did not submit transforms for topic '/tf' on flush cycle 14193
2026-09-30T16:45:22Z [268,813ms] [Warning] [isaacsim.ros2.nodes] ROS2 TF aggregation contributor '/World/Nova_Carter_ROS/chassis_link/sensors/front_hawk/ROS_TF/PublisherTF' did not submit transforms for topic '/tf' on flush cycle 14193
2026-09-30T16:45:22Z [268,813ms] [Warning] [isaacsim.ros2.nodes] ROS2 TF aggregation contributor '/World/Nova_Carter_ROS/chassis_link/sensors/back_hawk/ROS_TF/PublisherTF' did not submit transforms for topic '/tf' on flush cycle 14193
2026-09-30T16:45:22Z [268,813ms] [Warning] [isaacsim.ros2.nodes] ROS2 TF aggregation contributor '/World/Nova_Carter_ROS/chassis_link/sensors/left_hawk/ROS_TF/PublisherTF' did not submit transforms for topic '/tf' on flush cycle 14193
2026-09-30T16:45:22Z [268,813ms] [Warning] [isaacsim.ros2.nodes] ROS2 TF aggregation contributor '/World/Nova_Carter_ROS/transform_tree_odometry/ros2_publish_raw_transform_tree' did not submit transforms for topic '/tf' on flush cycle 14193
2026-09-30T16:45:22Z [268,814ms] [Warning] [isaacsim.ros2.nodes] ROS2 TF aggregation contributor '/World/Nova_Carter_ROS/chassis_link/sensors/rear_RPLidar/ROS_TF/PublisherTF' did not submit transforms for topic '/tf' on flush cycle 14193
2026-09-30T16:45:22Z [268,814ms] [Warning] [isaacsim.ros2.nodes] ROS2 TF aggregation contributor '/World/Nova_Carter_ROS/chassis_link/sensors/right_owl/ROS_TF/PublisherTF' did not submit transforms for topic '/tf' on flush cycle 14193
2026-09-30T16:45:22Z [268,814ms] [Warning] [isaacsim.ros2.nodes] ROS2 TF aggregation contributor '/World/Nova_Carter_ROS/chassis_link/sensors/front_RPLidar/ROS_TF/PublisherTF' did not submit transforms for topic '/tf' on flush cycle 14193
2026-09-30T16:45:22Z [268,814ms] [Warning] [isaacsim.ros2.nodes] ROS2 TF aggregation contributor '/World/Nova_Carter_ROS/chassis_link/sensors/right_hawk/ROS_TF/PublisherTF' did not submit transforms for topic '/tf' on flush cycle 14193
2026-09-30T16:45:22Z [268,814ms] [Warning] [isaacsim.ros2.nodes] ROS2 TF aggregation contributor '/World/Nova_Carter_ROS/chassis_link/sensors/front_owl/ROS_TF/PublisherTF' did not submit transforms for topic '/tf' on flush cycle 14193
2026-09-30T16:45:22Z [268,814ms] [Warning] [isaacsim.ros2.nodes] ROS2 TF aggregation contributor '/World/Nova_Carter_ROS/chassis_link/sensors/back_owl/ROS_TF/PublisherTF' did not submit transforms for topic '/tf' on flush cycle 14193
2026-09-30T16:45:22Z [268,814ms] [Warning] [isaacsim.ros2.nodes] ROS2 TF aggregation contributor '/World/Nova_Carter_ROS/transform_tree_odometry/tf_tree_base_link_to_wheel_base' did not submit transforms for topic '/tf' on flush cycle 14193
2026-09-30T16:45:22Z [268,814ms] [Warning] [isaacsim.ros2.nodes] ROS2 TF aggregation contributor '/World/Nova_Carter_ROS/transform_tree_odometry/tf_tree_base_link_to_sensors' did not submit transforms for topic '/tf' on flush cycle 14193
2026-09-30T16:45:22Z [268,814ms] [Warning] [isaacsim.ros2.nodes] ROS2 TF aggregation contributor '/World/Nova_Carter_ROS/transform_tree_odometry/tf_tree_base_link_to_chassis' did not submit transforms for topic '/tf' on flush cycle 14193
2026-09-30T16:45:32Z [278,926ms] [Warning] [isaacsim.ros2.nodes] ROS2 TF aggregation contributor '/World/Nova_Carter_ROS/chassis_link/sensors/left_owl/ROS_TF/PublisherTF' did not submit transforms for topic '/tf' on flush cycle 14726
2026-09-30T16:45:32Z [278,926ms] [Warning] [isaacsim.ros2.nodes] ROS2 TF aggregation contributor '/World/Nova_Carter_ROS/chassis_link/sensors/XT_32/ROS_TF/PublisherTF' did not submit transforms for topic '/tf' on flush cycle 14726
2026-09-30T16:45:32Z [278,926ms] [Warning] [isaacsim.ros2.nodes] ROS2 TF aggregation contributor '/World/Nova_Carter_ROS/chassis_link/sensors/front_hawk/ROS_TF/PublisherTF' did not submit transforms for topic '/tf' on flush cycle 14726
2026-09-30T16:45:32Z [278,926ms] [Warning] [isaacsim.ros2.nodes] ROS2 TF aggregation contributor '/World/Nova_Carter_ROS/chassis_link/sensors/back_hawk/ROS_TF/PublisherTF' did not submit transforms for topic '/tf' on flush cycle 14726
2026-09-30T16:45:32Z [278,926ms] [Warning] [isaacsim.ros2.nodes] ROS2 TF aggregation contributor '/World/Nova_Carter_ROS/chassis_link/sensors/left_hawk/ROS_TF/PublisherTF' did not submit transforms for topic '/tf' on flush cycle 14726
2026-09-30T16:45:32Z [278,926ms] [Warning] [isaacsim.ros2.nodes] ROS2 TF aggregation contributor '/World/Nova_Carter_ROS/transform_tree_odometry/ros2_publish_raw_transform_tree' did not submit transforms for topic '/tf' on flush cycle 14726
2026-09-30T16:45:32Z [278,926ms] [Warning] [isaacsim.ros2.nodes] ROS2 TF aggregation contributor '/World/Nova_Carter_ROS/chassis_link/sensors/rear_RPLidar/ROS_TF/PublisherTF' did not submit transforms for topic '/tf' on flush cycle 14726
2026-09-30T16:45:32Z [278,926ms] [Warning] [isaacsim.ros2.nodes] ROS2 TF aggregation contributor '/World/Nova_Carter_ROS/chassis_link/sensors/right_owl/ROS_TF/PublisherTF' did not submit transforms for topic '/tf' on flush cycle 14726
2026-09-30T16:45:32Z [278,926ms] [Warning] [isaacsim.ros2.nodes] ROS2 TF aggregation contributor '/World/Nova_Carter_ROS/chassis_link/sensors/front_RPLidar/ROS_TF/PublisherTF' did not submit transforms for topic '/tf' on flush cycle 14726
2026-09-30T16:45:32Z [278,926ms] [Warning] [isaacsim.ros2.nodes] ROS2 TF aggregation contributor '/World/Nova_Carter_ROS/chassis_link/sensors/right_hawk/ROS_TF/PublisherTF' did not submit transforms for topic '/tf' on flush cycle 14726
2026-09-30T16:45:32Z [278,926ms] [Warning] [isaacsim.ros2.nodes] ROS2 TF aggregation contributor '/World/Nova_Carter_ROS/chassis_link/sensors/front_owl/ROS_TF/PublisherTF' did not submit transforms for topic '/tf' on flush cycle 14726
2026-09-30T16:45:32Z [278,926ms] [Warning] [isaacsim.ros2.nodes] ROS2 TF aggregation contributor '/World/Nova_Carter_ROS/chassis_link/sensors/back_owl/ROS_TF/PublisherTF' did not submit transforms for topic '/tf' on flush cycle 14726
2026-09-30T16:45:32Z [278,926ms] [Warning] [isaacsim.ros2.nodes] ROS2 TF aggregation contributor '/World/Nova_Carter_ROS/transform_tree_odometry/tf_tree_base_link_to_wheel_base' did not submit transforms for topic '/tf' on flush cycle 14726
2026-09-30T16:45:32Z [278,926ms] [Warning] [isaacsim.ros2.nodes] ROS2 TF aggregation contributor '/World/Nova_Carter_ROS/transform_tree_odometry/tf_tree_base_link_to_sensors' did not submit transforms for topic '/tf' on flush cycle 14726
2026-09-30T16:45:32Z [278,926ms] [Warning] [isaacsim.ros2.nodes] ROS2 TF aggregation contributor '/World/Nova_Carter_ROS/transform_tree_odometry/tf_tree_base_link_to_chassis' did not submit transforms for topic '/tf' on flush cycle 14726
2026-09-30T16:45:34Z [280,964ms] [Warning] [isaacsim.ros2.nodes] ROS2 TF aggregation contributor '/World/Nova_Carter_ROS/chassis_link/sensors/left_owl/ROS_TF/PublisherTF' did not submit transforms for topic '/tf' on flush cycle 14846
2026-09-30T16:45:34Z [280,964ms] [Warning] [isaacsim.ros2.nodes] ROS2 TF aggregation contributor '/World/Nova_Carter_ROS/chassis_link/sensors/XT_32/ROS_TF/PublisherTF' did not submit transforms for topic '/tf' on flush cycle 14846
2026-09-30T16:45:34Z [280,964ms] [Warning] [isaacsim.ros2.nodes] ROS2 TF aggregation contributor '/World/Nova_Carter_ROS/chassis_link/sensors/front_hawk/ROS_TF/PublisherTF' did not submit transforms for topic '/tf' on flush cycle 14846
2026-09-30T16:45:34Z [280,964ms] [Warning] [isaacsim.ros2.nodes] ROS2 TF aggregation contributor '/World/Nova_Carter_ROS/chassis_link/sensors/back_hawk/ROS_TF/PublisherTF' did not submit transforms for topic '/tf' on flush cycle 14846
2026-09-30T16:45:34Z [280,964ms] [Warning] [isaacsim.ros2.nodes] ROS2 TF aggregation contributor '/World/Nova_Carter_ROS/chassis_link/sensors/left_hawk/ROS_TF/PublisherTF' did not submit transforms for topic '/tf' on flush cycle 14846
2026-09-30T16:45:34Z [280,964ms] [Warning] [isaacsim.ros2.nodes] ROS2 TF aggregation contributor '/World/Nova_Carter_ROS/transform_tree_odometry/ros2_publish_raw_transform_tree' did not submit transforms for topic '/tf' on flush cycle 14846
2026-09-30T16:45:34Z [280,964ms] [Warning] [isaacsim.ros2.nodes] ROS2 TF aggregation contributor '/World/Nova_Carter_ROS/chassis_link/sensors/rear_RPLidar/ROS_TF/PublisherTF' did not submit transforms for topic '/tf' on flush cycle 14846
2026-09-30T16:45:34Z [280,964ms] [Warning] [isaacsim.ros2.nodes] ROS2 TF aggregation contributor '/World/Nova_Carter_ROS/chassis_link/sensors/right_owl/ROS_TF/PublisherTF' did not submit transforms for topic '/tf' on flush cycle 14846
2026-09-30T16:45:34Z [280,964ms] [Warning] [isaacsim.ros2.nodes] ROS2 TF aggregation contributor '/World/Nova_Carter_ROS/chassis_link/sensors/front_RPLidar/ROS_TF/PublisherTF' did not submit transforms for topic '/tf' on flush cycle 14846
2026-09-30T16:45:34Z [280,964ms] [Warning] [isaacsim.ros2.nodes] ROS2 TF aggregation contributor '/World/Nova_Carter_ROS/chassis_link/sensors/right_hawk/ROS_TF/PublisherTF' did not submit transforms for topic '/tf' on flush cycle 14846
2026-09-30T16:45:34Z [280,964ms] [Warning] [isaacsim.ros2.nodes] ROS2 TF aggregation contributor '/World/Nova_Carter_ROS/chassis_link/sensors/front_owl/ROS_TF/PublisherTF' did not submit transforms for topic '/tf' on flush cycle 14846
2026-09-30T16:45:34Z [280,964ms] [Warning] [isaacsim.ros2.nodes] ROS2 TF aggregation contributor '/World/Nova_Carter_ROS/chassis_link/sensors/back_owl/ROS_TF/PublisherTF' did not submit transforms for topic '/tf' on flush cycle 14846
2026-09-30T16:45:34Z [280,964ms] [Warning] [isaacsim.ros2.nodes] ROS2 TF aggregation contributor '/World/Nova_Carter_ROS/transform_tree_odometry/tf_tree_base_link_to_wheel_base' did not submit transforms for topic '/tf' on flush cycle 14846
2026-09-30T16:45:34Z [280,964ms] [Warning] [isaacsim.ros2.nodes] ROS2 TF aggregation contributor '/World/Nova_Carter_ROS/transform_tree_odometry/tf_tree_base_link_to_sensors' did not submit transforms for topic '/tf' on flush cycle 14846
2026-09-30T16:45:34Z [280,964ms] [Warning] [isaacsim.ros2.nodes] ROS2 TF aggregation contributor '/World/Nova_Carter_ROS/transform_tree_odometry/tf_tree_base_link_to_chassis' did not submit transforms for topic '/tf' on flush cycle 14846
2026-09-30T16:45:36Z [283,005ms] [Warning] [isaacsim.ros2.nodes] ROS2 TF aggregation contributor '/World/Nova_Carter_ROS/chassis_link/sensors/left_owl/ROS_TF/PublisherTF' did not submit transforms for topic '/tf' on flush cycle 14966
2026-09-30T16:45:36Z [283,005ms] [Warning] [isaacsim.ros2.nodes] ROS2 TF aggregation contributor '/World/Nova_Carter_ROS/chassis_link/sensors/XT_32/ROS_TF/PublisherTF' did not submit transforms for topic '/tf' on flush cycle 14966
2026-09-30T16:45:36Z [283,005ms] [Warning] [isaacsim.ros2.nodes] ROS2 TF aggregation contributor '/World/Nova_Carter_ROS/chassis_link/sensors/front_hawk/ROS_TF/PublisherTF' did not submit transforms for topic '/tf' on flush cycle 14966
2026-09-30T16:45:36Z [283,005ms] [Warning] [isaacsim.ros2.nodes] ROS2 TF aggregation contributor '/World/Nova_Carter_ROS/chassis_link/sensors/back_hawk/ROS_TF/PublisherTF' did not submit transforms for topic '/tf' on flush cycle 14966
2026-09-30T16:45:36Z [283,005ms] [Warning] [isaacsim.ros2.nodes] ROS2 TF aggregation contributor '/World/Nova_Carter_ROS/chassis_link/sensors/left_hawk/ROS_TF/PublisherTF' did not submit transforms for topic '/tf' on flush cycle 14966
2026-09-30T16:45:36Z [283,005ms] [Warning] [isaacsim.ros2.nodes] ROS2 TF aggregation contributor '/World/Nova_Carter_ROS/transform_tree_odometry/ros2_publish_raw_transform_tree' did not submit transforms for topic '/tf' on flush cycle 14966
2026-09-30T16:45:36Z [283,005ms] [Warning] [isaacsim.ros2.nodes] ROS2 TF aggregation contributor '/World/Nova_Carter_ROS/chassis_link/sensors/rear_RPLidar/ROS_TF/PublisherTF' did not submit transforms for topic '/tf' on flush cycle 14966
2026-09-30T16:45:36Z [283,005ms] [Warning] [isaacsim.ros2.nodes] ROS2 TF aggregation contributor '/World/Nova_Carter_ROS/chassis_link/sensors/right_owl/ROS_TF/PublisherTF' did not submit transforms for topic '/tf' on flush cycle 14966
2026-09-30T16:45:36Z [283,005ms] [Warning] [isaacsim.ros2.nodes] ROS2 TF aggregation contributor '/World/Nova_Carter_ROS/chassis_link/sensors/front_RPLidar/ROS_TF/PublisherTF' did not submit transforms for topic '/tf' on flush cycle 14966
2026-09-30T16:45:36Z [283,005ms] [Warning] [isaacsim.ros2.nodes] ROS2 TF aggregation contributor '/World/Nova_Carter_ROS/chassis_link/sensors/right_hawk/ROS_TF/PublisherTF' did not submit transforms for topic '/tf' on flush cycle 14966
2026-09-30T16:45:36Z [283,005ms] [Warning] [isaacsim.ros2.nodes] ROS2 TF aggregation contributor '/World/Nova_Carter_ROS/chassis_link/sensors/front_owl/ROS_TF/PublisherTF' did not submit transforms for topic '/tf' on flush cycle 14966
2026-09-30T16:45:36Z [283,005ms] [Warning] [isaacsim.ros2.nodes] ROS2 TF aggregation contributor '/World/Nova_Carter_ROS/chassis_link/sensors/back_owl/ROS_TF/PublisherTF' did not submit transforms for topic '/tf' on flush cycle 14966
2026-09-30T16:45:36Z [283,005ms] [Warning] [isaacsim.ros2.nodes] ROS2 TF aggregation contributor '/World/Nova_Carter_ROS/transform_tree_odometry/tf_tree_base_link_to_wheel_base' did not submit transforms for topic '/tf' on flush cycle 14966
2026-09-30T16:45:36Z [283,005ms] [Warning] [isaacsim.ros2.nodes] ROS2 TF aggregation contributor '/World/Nova_Carter_ROS/transform_tree_odometry/tf_tree_base_link_to_sensors' did not submit transforms for topic '/tf' on flush cycle 14966
2026-09-30T16:45:36Z [283,005ms] [Warning] [isaacsim.ros2.nodes] ROS2 TF aggregation contributor '/World/Nova_Carter_ROS/transform_tree_odometry/tf_tree_base_link_to_chassis' did not submit transforms for topic '/tf' on flush cycle 14966
2026-09-30T16:45:38Z [285,052ms] [Warning] [isaacsim.ros2.nodes] ROS2 TF aggregation contributor '/World/Nova_Carter_ROS/chassis_link/sensors/left_owl/ROS_TF/PublisherTF' did not submit transforms for topic '/tf' on flush cycle 15086
2026-09-30T16:45:38Z [285,052ms] [Warning] [isaacsim.ros2.nodes] ROS2 TF aggregation contributor '/World/Nova_Carter_ROS/chassis_link/sensors/XT_32/ROS_TF/PublisherTF' did not submit transforms for topic '/tf' on flush cycle 15086
2026-09-30T16:45:38Z [285,052ms] [Warning] [isaacsim.ros2.nodes] ROS2 TF aggregation contributor '/World/Nova_Carter_ROS/chassis_link/sensors/front_hawk/ROS_TF/PublisherTF' did not submit transforms for topic '/tf' on flush cycle 15086
2026-09-30T16:45:38Z [285,052ms] [Warning] [isaacsim.ros2.nodes] ROS2 TF aggregation contributor '/World/Nova_Carter_ROS/chassis_link/sensors/back_hawk/ROS_TF/PublisherTF' did not submit transforms for topic '/tf' on flush cycle 15086
2026-09-30T16:45:38Z [285,052ms] [Warning] [isaacsim.ros2.nodes] ROS2 TF aggregation contributor '/World/Nova_Carter_ROS/chassis_link/sensors/left_hawk/ROS_TF/PublisherTF' did not submit transforms for topic '/tf' on flush cycle 15086
2026-09-30T16:45:38Z [285,052ms] [Warning] [isaacsim.ros2.nodes] ROS2 TF aggregation contributor '/World/Nova_Carter_ROS/transform_tree_odometry/ros2_publish_raw_transform_tree' did not submit transforms for topic '/tf' on flush cycle 15086
2026-09-30T16:45:38Z [285,052ms] [Warning] [isaacsim.ros2.nodes] ROS2 TF aggregation contributor '/World/Nova_Carter_ROS/chassis_link/sensors/rear_RPLidar/ROS_TF/PublisherTF' did not submit transforms for topic '/tf' on flush cycle 15086
2026-09-30T16:45:38Z [285,052ms] [Warning] [isaacsim.ros2.nodes] ROS2 TF aggregation contributor '/World/Nova_Carter_ROS/chassis_link/sensors/right_owl/ROS_TF/PublisherTF' did not submit transforms for topic '/tf' on flush cycle 15086
2026-09-30T16:45:38Z [285,052ms] [Warning] [isaacsim.ros2.nodes] ROS2 TF aggregation contributor '/World/Nova_Carter_ROS/chassis_link/sensors/front_RPLidar/ROS_TF/PublisherTF' did not submit transforms for topic '/tf' on flush cycle 15086
2026-09-30T16:45:38Z [285,052ms] [Warning] [isaacsim.ros2.nodes] ROS2 TF aggregation contributor '/World/Nova_Carter_ROS/chassis_link/sensors/right_hawk/ROS_TF/PublisherTF' did not submit transforms for topic '/tf' on flush cycle 15086
2026-09-30T16:45:38Z [285,052ms] [Warning] [isaacsim.ros2.nodes] ROS2 TF aggregation contributor '/World/Nova_Carter_ROS/chassis_link/sensors/front_owl/ROS_TF/PublisherTF' did not submit transforms for topic '/tf' on flush cycle 15086
2026-09-30T16:45:38Z [285,052ms] [Warning] [isaacsim.ros2.nodes] ROS2 TF aggregation contributor '/World/Nova_Carter_ROS/chassis_link/sensors/back_owl/ROS_TF/PublisherTF' did not submit transforms for topic '/tf' on flush cycle 15086
2026-09-30T16:45:38Z [285,052ms] [Warning] [isaacsim.ros2.nodes] ROS2 TF aggregation contributor '/World/Nova_Carter_ROS/transform_tree_odometry/tf_tree_base_link_to_wheel_base' did not submit transforms for topic '/tf' on flush cycle 15086
2026-09-30T16:45:38Z [285,052ms] [Warning] [isaacsim.ros2.nodes] ROS2 TF aggregation contributor '/World/Nova_Carter_ROS/transform_tree_odometry/tf_tree_base_link_to_sensors' did not submit transforms for topic '/tf' on flush cycle 15086
2026-09-30T16:45:38Z [285,052ms] [Warning] [isaacsim.ros2.nodes] ROS2 TF aggregation contributor '/World/Nova_Carter_ROS/transform_tree_odometry/tf_tree_base_link_to_chassis' did not submit transforms for topic '/tf' on flush cycle 15086
2026-09-30T16:45:41Z [287,100ms] [Warning] [isaacsim.ros2.nodes] ROS2 TF aggregation contributor '/World/Nova_Carter_ROS/chassis_link/sensors/left_owl/ROS_TF/PublisherTF' did not submit transforms for topic '/tf' on flush cycle 15206
2026-09-30T16:45:41Z [287,100ms] [Warning] [isaacsim.ros2.nodes] ROS2 TF aggregation contributor '/World/Nova_Carter_ROS/chassis_link/sensors/XT_32/ROS_TF/PublisherTF' did not submit transforms for topic '/tf' on flush cycle 15206
2026-09-30T16:45:41Z [287,100ms] [Warning] [isaacsim.ros2.nodes] ROS2 TF aggregation contributor '/World/Nova_Carter_ROS/chassis_link/sensors/front_hawk/ROS_TF/PublisherTF' did not submit transforms for topic '/tf' on flush cycle 15206
2026-09-30T16:45:41Z [287,100ms] [Warning] [isaacsim.ros2.nodes] ROS2 TF aggregation contributor '/World/Nova_Carter_ROS/chassis_link/sensors/back_hawk/ROS_TF/PublisherTF' did not submit transforms for topic '/tf' on flush cycle 15206
2026-09-30T16:45:41Z [287,100ms] [Warning] [isaacsim.ros2.nodes] ROS2 TF aggregation contributor '/World/Nova_Carter_ROS/chassis_link/sensors/left_hawk/ROS_TF/PublisherTF' did not submit transforms for topic '/tf' on flush cycle 15206
2026-09-30T16:45:41Z [287,100ms] [Warning] [isaacsim.ros2.nodes] ROS2 TF aggregation contributor '/World/Nova_Carter_ROS/transform_tree_odometry/ros2_publish_raw_transform_tree' did not submit transforms for topic '/tf' on flush cycle 15206
2026-09-30T16:45:41Z [287,100ms] [Warning] [isaacsim.ros2.nodes] ROS2 TF aggregation contributor '/World/Nova_Carter_ROS/chassis_link/sensors/rear_RPLidar/ROS_TF/PublisherTF' did not submit transforms for topic '/tf' on flush cycle 15206
2026-09-30T16:45:41Z [287,100ms] [Warning] [isaacsim.ros2.nodes] ROS2 TF aggregation contributor '/World/Nova_Carter_ROS/chassis_link/sensors/right_owl/ROS_TF/PublisherTF' did not submit transforms for topic '/tf' on flush cycle 15206
2026-09-30T16:45:41Z [287,100ms] [Warning] [isaacsim.ros2.nodes] ROS2 TF aggregation contributor '/World/Nova_Carter_ROS/chassis_link/sensors/front_RPLidar/ROS_TF/PublisherTF' did not submit transforms for topic '/tf' on flush cycle 15206
2026-09-30T16:45:41Z [287,100ms] [Warning] [isaacsim.ros2.nodes] ROS2 TF aggregation contributor '/World/Nova_Carter_ROS/chassis_link/sensors/right_hawk/ROS_TF/PublisherTF' did not submit transforms for topic '/tf' on flush cycle 15206
2026-09-30T16:45:41Z [287,100ms] [Warning] [isaacsim.ros2.nodes] ROS2 TF aggregation contributor '/World/Nova_Carter_ROS/chassis_link/sensors/front_owl/ROS_TF/PublisherTF' did not submit transforms for topic '/tf' on flush cycle 15206
2026-09-30T16:45:41Z [287,100ms] [Warning] [isaacsim.ros2.nodes] ROS2 TF aggregation contributor '/World/Nova_Carter_ROS/chassis_link/sensors/back_owl/ROS_TF/PublisherTF' did not submit transforms for topic '/tf' on flush cycle 15206
2026-09-30T16:45:41Z [287,100ms] [Warning] [isaacsim.ros2.nodes] ROS2 TF aggregation contributor '/World/Nova_Carter_ROS/transform_tree_odometry/tf_tree_base_link_to_wheel_base' did not submit transforms for topic '/tf' on flush cycle 15206
2026-09-30T16:45:41Z [287,100ms] [Warning] [isaacsim.ros2.nodes] ROS2 TF aggregation contributor '/World/Nova_Carter_ROS/transform_tree_odometry/tf_tree_base_link_to_sensors' did not submit transforms for topic '/tf' on flush cycle 15206
2026-09-30T16:45:41Z [287,100ms] [Warning] [isaacsim.ros2.nodes] ROS2 TF aggregation contributor '/World/Nova_Carter_ROS/transform_tree_odometry/tf_tree_base_link_to_chassis' did not submit transforms for topic '/tf' on flush cycle 15206
2026-09-30T16:45:43Z [289,149ms] [Warning] [isaacsim.ros2.nodes] ROS2 TF aggregation contributor '/World/Nova_Carter_ROS/chassis_link/sensors/left_owl/ROS_TF/PublisherTF' did not submit transforms for topic '/tf' on flush cycle 15326
2026-09-30T16:45:43Z [289,149ms] [Warning] [isaacsim.ros2.nodes] ROS2 TF aggregation contributor '/World/Nova_Carter_ROS/chassis_link/sensors/XT_32/ROS_TF/PublisherTF' did not submit transforms for topic '/tf' on flush cycle 15326
2026-09-30T16:45:43Z [289,149ms] [Warning] [isaacsim.ros2.nodes] ROS2 TF aggregation contributor '/World/Nova_Carter_ROS/chassis_link/sensors/front_hawk/ROS_TF/PublisherTF' did not submit transforms for topic '/tf' on flush cycle 15326
2026-09-30T16:45:43Z [289,149ms] [Warning] [isaacsim.ros2.nodes] ROS2 TF aggregation contributor '/World/Nova_Carter_ROS/chassis_link/sensors/back_hawk/ROS_TF/PublisherTF' did not submit transforms for topic '/tf' on flush cycle 15326
2026-09-30T16:45:43Z [289,149ms] [Warning] [isaacsim.ros2.nodes] ROS2 TF aggregation contributor '/World/Nova_Carter_ROS/chassis_link/sensors/left_hawk/ROS_TF/PublisherTF' did not submit transforms for topic '/tf' on flush cycle 15326
2026-09-30T16:45:43Z [289,149ms] [Warning] [isaacsim.ros2.nodes] ROS2 TF aggregation contributor '/World/Nova_Carter_ROS/transform_tree_odometry/ros2_publish_raw_transform_tree' did not submit transforms for topic '/tf' on flush cycle 15326
2026-09-30T16:45:43Z [289,149ms] [Warning] [isaacsim.ros2.nodes] ROS2 TF aggregation contributor '/World/Nova_Carter_ROS/chassis_link/sensors/rear_RPLidar/ROS_TF/PublisherTF' did not submit transforms for topic '/tf' on flush cycle 15326
2026-09-30T16:45:43Z [289,149ms] [Warning] [isaacsim.ros2.nodes] ROS2 TF aggregation contributor '/World/Nova_Carter_ROS/chassis_link/sensors/right_owl/ROS_TF/PublisherTF' did not submit transforms for topic '/tf' on flush cycle 15326
2026-09-30T16:45:43Z [289,149ms] [Warning] [isaacsim.ros2.nodes] ROS2 TF aggregation contributor '/World/Nova_Carter_ROS/chassis_link/sensors/front_RPLidar/ROS_TF/PublisherTF' did not submit transforms for topic '/tf' on flush cycle 15326
2026-09-30T16:45:43Z [289,149ms] [Warning] [isaacsim.ros2.nodes] ROS2 TF aggregation contributor '/World/Nova_Carter_ROS/chassis_link/sensors/right_hawk/ROS_TF/PublisherTF' did not submit transforms for topic '/tf' on flush cycle 15326
2026-09-30T16:45:43Z [289,149ms] [Warning] [isaacsim.ros2.nodes] ROS2 TF aggregation contributor '/World/Nova_Carter_ROS/chassis_link/sensors/front_owl/ROS_TF/PublisherTF' did not submit transforms for topic '/tf' on flush cycle 15326
2026-09-30T16:45:43Z [289,149ms] [Warning] [isaacsim.ros2.nodes] ROS2 TF aggregation contributor '/World/Nova_Carter_ROS/chassis_link/sensors/back_owl/ROS_TF/PublisherTF' did not submit transforms for topic '/tf' on flush cycle 15326
2026-09-30T16:45:43Z [289,149ms] [Warning] [isaacsim.ros2.nodes] ROS2 TF aggregation contributor '/World/Nova_Carter_ROS/transform_tree_odometry/tf_tree_base_link_to_wheel_base' did not submit transforms for topic '/tf' on flush cycle 15326
2026-09-30T16:45:43Z [289,149ms] [Warning] [isaacsim.ros2.nodes] ROS2 TF aggregation contributor '/World/Nova_Carter_ROS/transform_tree_odometry/tf_tree_base_link_to_sensors' did not submit transforms for topic '/tf' on flush cycle 15326
2026-09-30T16:45:43Z [289,149ms] [Warning] [isaacsim.ros2.nodes] ROS2 TF aggregation contributor '/World/Nova_Carter_ROS/transform_tree_odometry/tf_tree_base_link_to_chassis' did not submit transforms for topic '/tf' on flush cycle 15326
2026-09-30T16:45:45Z [291,199ms] [Warning] [isaacsim.ros2.nodes] ROS2 TF aggregation contributor '/World/Nova_Carter_ROS/chassis_link/sensors/left_owl/ROS_TF/PublisherTF' did not submit transforms for topic '/tf' on flush cycle 15446
2026-09-30T16:45:45Z [291,199ms] [Warning] [isaacsim.ros2.nodes] ROS2 TF aggregation contributor '/World/Nova_Carter_ROS/chassis_link/sensors/XT_32/ROS_TF/PublisherTF' did not submit transforms for topic '/tf' on flush cycle 15446
2026-09-30T16:45:45Z [291,199ms] [Warning] [isaacsim.ros2.nodes] ROS2 TF aggregation contributor '/World/Nova_Carter_ROS/chassis_link/sensors/front_hawk/ROS_TF/PublisherTF' did not submit transforms for topic '/tf' on flush cycle 15446
2026-09-30T16:45:45Z [291,199ms] [Warning] [isaacsim.ros2.nodes] ROS2 TF aggregation contributor '/World/Nova_Carter_ROS/chassis_link/sensors/back_hawk/ROS_TF/PublisherTF' did not submit transforms for topic '/tf' on flush cycle 15446
2026-09-30T16:45:45Z [291,199ms] [Warning] [isaacsim.ros2.nodes] ROS2 TF aggregation contributor '/World/Nova_Carter_ROS/chassis_link/sensors/left_hawk/ROS_TF/PublisherTF' did not submit transforms for topic '/tf' on flush cycle 15446
2026-09-30T16:45:45Z [291,199ms] [Warning] [isaacsim.ros2.nodes] ROS2 TF aggregation contributor '/World/Nova_Carter_ROS/transform_tree_odometry/ros2_publish_raw_transform_tree' did not submit transforms for topic '/tf' on flush cycle 15446
2026-09-30T16:45:45Z [291,199ms] [Warning] [isaacsim.ros2.nodes] ROS2 TF aggregation contributor '/World/Nova_Carter_ROS/chassis_link/sensors/rear_RPLidar/ROS_TF/PublisherTF' did not submit transforms for topic '/tf' on flush cycle 15446
2026-09-30T16:45:45Z [291,199ms] [Warning] [isaacsim.ros2.nodes] ROS2 TF aggregation contributor '/World/Nova_Carter_ROS/chassis_link/sensors/right_owl/ROS_TF/PublisherTF' did not submit transforms for topic '/tf' on flush cycle 15446
2026-09-30T16:45:45Z [291,199ms] [Warning] [isaacsim.ros2.nodes] ROS2 TF aggregation contributor '/World/Nova_Carter_ROS/chassis_link/sensors/front_RPLidar/ROS_TF/PublisherTF' did not submit transforms for topic '/tf' on flush cycle 15446
2026-09-30T16:45:45Z [291,199ms] [Warning] [isaacsim.ros2.nodes] ROS2 TF aggregation contributor '/World/Nova_Carter_ROS/chassis_link/sensors/right_hawk/ROS_TF/PublisherTF' did not submit transforms for topic '/tf' on flush cycle 15446
2026-09-30T16:45:45Z [291,199ms] [Warning] [isaacsim.ros2.nodes] ROS2 TF aggregation contributor '/World/Nova_Carter_ROS/chassis_link/sensors/front_owl/ROS_TF/PublisherTF' did not submit transforms for topic '/tf' on flush cycle 15446
2026-09-30T16:45:45Z [291,199ms] [Warning] [isaacsim.ros2.nodes] ROS2 TF aggregation contributor '/World/Nova_Carter_ROS/chassis_link/sensors/back_owl/ROS_TF/PublisherTF' did not submit transforms for topic '/tf' on flush cycle 15446
2026-09-30T16:45:45Z [291,199ms] [Warning] [isaacsim.ros2.nodes] ROS2 TF aggregation contributor '/World/Nova_Carter_ROS/transform_tree_odometry/tf_tree_base_link_to_wheel_base' did not submit transforms for topic '/tf' on flush cycle 15446
2026-09-30T16:45:45Z [291,199ms] [Warning] [isaacsim.ros2.nodes] ROS2 TF aggregation contributor '/World/Nova_Carter_ROS/transform_tree_odometry/tf_tree_base_link_to_sensors' did not submit transforms for topic '/tf' on flush cycle 15446
2026-09-30T16:45:45Z [291,199ms] [Warning] [isaacsim.ros2.nodes] ROS2 TF aggregation contributor '/World/Nova_Carter_ROS/transform_tree_odometry/tf_tree_base_link_to_chassis' did not submit transforms for topic '/tf' on flush cycle 15446
2026-09-30T16:45:51Z [297,197ms] [Warning] [omni.graph.core.plugin] /World/Nova_Carter_ROS/differential_drive/differential_controller_01: [/World/Nova_Carter_ROS/differential_drive] Invalid deltaTime 0.000000, cannot check for acceleration limits, skipping current step
2026-09-30T16:45:55Z [301,373ms] [Warning] [isaacsim.ros2.nodes] ROS2 TF aggregation contributor '/World/Nova_Carter_ROS/chassis_link/sensors/left_owl/ROS_TF/PublisherTF' did not submit transforms for topic '/tf' on flush cycle 16012
2026-09-30T16:45:55Z [301,373ms] [Warning] [isaacsim.ros2.nodes] ROS2 TF aggregation contributor '/World/Nova_Carter_ROS/chassis_link/sensors/XT_32/ROS_TF/PublisherTF' did not submit transforms for topic '/tf' on flush cycle 16012
2026-09-30T16:45:55Z [301,373ms] [Warning] [isaacsim.ros2.nodes] ROS2 TF aggregation contributor '/World/Nova_Carter_ROS/chassis_link/sensors/front_hawk/ROS_TF/PublisherTF' did not submit transforms for topic '/tf' on flush cycle 16012
2026-09-30T16:45:55Z [301,373ms] [Warning] [isaacsim.ros2.nodes] ROS2 TF aggregation contributor '/World/Nova_Carter_ROS/chassis_link/sensors/back_hawk/ROS_TF/PublisherTF' did not submit transforms for topic '/tf' on flush cycle 16012
2026-09-30T16:45:55Z [301,373ms] [Warning] [isaacsim.ros2.nodes] ROS2 TF aggregation contributor '/World/Nova_Carter_ROS/chassis_link/sensors/left_hawk/ROS_TF/PublisherTF' did not submit transforms for topic '/tf' on flush cycle 16012
2026-09-30T16:45:55Z [301,373ms] [Warning] [isaacsim.ros2.nodes] ROS2 TF aggregation contributor '/World/Nova_Carter_ROS/transform_tree_odometry/ros2_publish_raw_transform_tree' did not submit transforms for topic '/tf' on flush cycle 16012
2026-09-30T16:45:55Z [301,373ms] [Warning] [isaacsim.ros2.nodes] ROS2 TF aggregation contributor '/World/Nova_Carter_ROS/chassis_link/sensors/rear_RPLidar/ROS_TF/PublisherTF' did not submit transforms for topic '/tf' on flush cycle 16012
2026-09-30T16:45:55Z [301,373ms] [Warning] [isaacsim.ros2.nodes] ROS2 TF aggregation contributor '/World/Nova_Carter_ROS/chassis_link/sensors/right_owl/ROS_TF/PublisherTF' did not submit transforms for topic '/tf' on flush cycle 16012
2026-09-30T16:45:55Z [301,373ms] [Warning] [isaacsim.ros2.nodes] ROS2 TF aggregation contributor '/World/Nova_Carter_ROS/chassis_link/sensors/front_RPLidar/ROS_TF/PublisherTF' did not submit transforms for topic '/tf' on flush cycle 16012
2026-09-30T16:45:55Z [301,373ms] [Warning] [isaacsim.ros2.nodes] ROS2 TF aggregation contributor '/World/Nova_Carter_ROS/chassis_link/sensors/right_hawk/ROS_TF/PublisherTF' did not submit transforms for topic '/tf' on flush cycle 16012
2026-09-30T16:45:55Z [301,373ms] [Warning] [isaacsim.ros2.nodes] ROS2 TF aggregation contributor '/World/Nova_Carter_ROS/chassis_link/sensors/front_owl/ROS_TF/PublisherTF' did not submit transforms for topic '/tf' on flush cycle 16012
2026-09-30T16:45:55Z [301,373ms] [Warning] [isaacsim.ros2.nodes] ROS2 TF aggregation contributor '/World/Nova_Carter_ROS/chassis_link/sensors/back_owl/ROS_TF/PublisherTF' did not submit transforms for topic '/tf' on flush cycle 16012
2026-09-30T16:45:55Z [301,374ms] [Warning] [isaacsim.ros2.nodes] ROS2 TF aggregation contributor '/World/Nova_Carter_ROS/transform_tree_odometry/tf_tree_base_link_to_wheel_base' did not submit transforms for topic '/tf' on flush cycle 16012
2026-09-30T16:45:55Z [301,374ms] [Warning] [isaacsim.ros2.nodes] ROS2 TF aggregation contributor '/World/Nova_Carter_ROS/transform_tree_odometry/tf_tree_base_link_to_sensors' did not submit transforms for topic '/tf' on flush cycle 16012
2026-09-30T16:45:55Z [301,374ms] [Warning] [isaacsim.ros2.nodes] ROS2 TF aggregation contributor '/World/Nova_Carter_ROS/transform_tree_odometry/tf_tree_base_link_to_chassis' did not submit transforms for topic '/tf' on flush cycle 16012
2026-09-30T16:45:55Z [301,388ms] [Warning] [carb] Client omni.kit.viewport.legacy_gizmos has acquired [carb::settings::ISettings v1.1] 100 times. Consider accessing this interface with carb::getCachedInterface() (Performance warning)
2026-09-30T16:45:55Z [301,388ms] [Warning] [carb] Client omni.kit.viewport.legacy_gizmos has acquired [carb::dictionary::IDictionary v1.2] 100 times. Consider accessing this interface with carb::getCachedInterface() (Performance warning)
2026-09-30T16:45:57Z [303,456ms] [Warning] [isaacsim.ros2.nodes] ROS2 TF aggregation contributor '/World/Nova_Carter_ROS/chassis_link/sensors/left_owl/ROS_TF/PublisherTF' did not submit transforms for topic '/tf' on flush cycle 16132
2026-09-30T16:45:57Z [303,456ms] [Warning] [isaacsim.ros2.nodes] ROS2 TF aggregation contributor '/World/Nova_Carter_ROS/chassis_link/sensors/XT_32/ROS_TF/PublisherTF' did not submit transforms for topic '/tf' on flush cycle 16132
2026-09-30T16:45:57Z [303,456ms] [Warning] [isaacsim.ros2.nodes] ROS2 TF aggregation contributor '/World/Nova_Carter_ROS/chassis_link/sensors/front_hawk/ROS_TF/PublisherTF' did not submit transforms for topic '/tf' on flush cycle 16132
2026-09-30T16:45:57Z [303,456ms] [Warning] [isaacsim.ros2.nodes] ROS2 TF aggregation contributor '/World/Nova_Carter_ROS/chassis_link/sensors/back_hawk/ROS_TF/PublisherTF' did not submit transforms for topic '/tf' on flush cycle 16132
2026-09-30T16:45:57Z [303,456ms] [Warning] [isaacsim.ros2.nodes] ROS2 TF aggregation contributor '/World/Nova_Carter_ROS/chassis_link/sensors/left_hawk/ROS_TF/PublisherTF' did not submit transforms for topic '/tf' on flush cycle 16132
2026-09-30T16:45:57Z [303,456ms] [Warning] [isaacsim.ros2.nodes] ROS2 TF aggregation contributor '/World/Nova_Carter_ROS/transform_tree_odometry/ros2_publish_raw_transform_tree' did not submit transforms for topic '/tf' on flush cycle 16132
2026-09-30T16:45:57Z [303,456ms] [Warning] [isaacsim.ros2.nodes] ROS2 TF aggregation contributor '/World/Nova_Carter_ROS/chassis_link/sensors/rear_RPLidar/ROS_TF/PublisherTF' did not submit transforms for topic '/tf' on flush cycle 16132
2026-09-30T16:45:57Z [303,456ms] [Warning] [isaacsim.ros2.nodes] ROS2 TF aggregation contributor '/World/Nova_Carter_ROS/chassis_link/sensors/right_owl/ROS_TF/PublisherTF' did not submit transforms for topic '/tf' on flush cycle 16132
2026-09-30T16:45:57Z [303,456ms] [Warning] [isaacsim.ros2.nodes] ROS2 TF aggregation contributor '/World/Nova_Carter_ROS/chassis_link/sensors/front_RPLidar/ROS_TF/PublisherTF' did not submit transforms for topic '/tf' on flush cycle 16132
2026-09-30T16:45:57Z [303,456ms] [Warning] [isaacsim.ros2.nodes] ROS2 TF aggregation contributor '/World/Nova_Carter_ROS/chassis_link/sensors/right_hawk/ROS_TF/PublisherTF' did not submit transforms for topic '/tf' on flush cycle 16132
2026-09-30T16:45:57Z [303,456ms] [Warning] [isaacsim.ros2.nodes] ROS2 TF aggregation contributor '/World/Nova_Carter_ROS/chassis_link/sensors/front_owl/ROS_TF/PublisherTF' did not submit transforms for topic '/tf' on flush cycle 16132
2026-09-30T16:45:57Z [303,456ms] [Warning] [isaacsim.ros2.nodes] ROS2 TF aggregation contributor '/World/Nova_Carter_ROS/chassis_link/sensors/back_owl/ROS_TF/PublisherTF' did not submit transforms for topic '/tf' on flush cycle 16132
2026-09-30T16:45:57Z [303,456ms] [Warning] [isaacsim.ros2.nodes] ROS2 TF aggregation contributor '/World/Nova_Carter_ROS/transform_tree_odometry/tf_tree_base_link_to_wheel_base' did not submit transforms for topic '/tf' on flush cycle 16132
2026-09-30T16:45:57Z [303,456ms] [Warning] [isaacsim.ros2.nodes] ROS2 TF aggregation contributor '/World/Nova_Carter_ROS/transform_tree_odometry/tf_tree_base_link_to_sensors' did not submit transforms for topic '/tf' on flush cycle 16132
2026-09-30T16:45:57Z [303,456ms] [Warning] [isaacsim.ros2.nodes] ROS2 TF aggregation contributor '/World/Nova_Carter_ROS/transform_tree_odometry/tf_tree_base_link_to_chassis' did not submit transforms for topic '/tf' on flush cycle 16132
2026-09-30T16:45:59Z [305,595ms] [Warning] [isaacsim.ros2.nodes] ROS2 TF aggregation contributor '/World/Nova_Carter_ROS/chassis_link/sensors/left_owl/ROS_TF/PublisherTF' did not submit transforms for topic '/tf' on flush cycle 16252
2026-09-30T16:45:59Z [305,595ms] [Warning] [isaacsim.ros2.nodes] ROS2 TF aggregation contributor '/World/Nova_Carter_ROS/chassis_link/sensors/XT_32/ROS_TF/PublisherTF' did not submit transforms for topic '/tf' on flush cycle 16252
2026-09-30T16:45:59Z [305,595ms] [Warning] [isaacsim.ros2.nodes] ROS2 TF aggregation contributor '/World/Nova_Carter_ROS/chassis_link/sensors/front_hawk/ROS_TF/PublisherTF' did not submit transforms for topic '/tf' on flush cycle 16252
2026-09-30T16:45:59Z [305,595ms] [Warning] [isaacsim.ros2.nodes] ROS2 TF aggregation contributor '/World/Nova_Carter_ROS/chassis_link/sensors/back_hawk/ROS_TF/PublisherTF' did not submit transforms for topic '/tf' on flush cycle 16252
2026-09-30T16:45:59Z [305,595ms] [Warning] [isaacsim.ros2.nodes] ROS2 TF aggregation contributor '/World/Nova_Carter_ROS/chassis_link/sensors/left_hawk/ROS_TF/PublisherTF' did not submit transforms for topic '/tf' on flush cycle 16252
2026-09-30T16:45:59Z [305,595ms] [Warning] [isaacsim.ros2.nodes] ROS2 TF aggregation contributor '/World/Nova_Carter_ROS/transform_tree_odometry/ros2_publish_raw_transform_tree' did not submit transforms for topic '/tf' on flush cycle 16252
2026-09-30T16:45:59Z [305,595ms] [Warning] [isaacsim.ros2.nodes] ROS2 TF aggregation contributor '/World/Nova_Carter_ROS/chassis_link/sensors/rear_RPLidar/ROS_TF/PublisherTF' did not submit transforms for topic '/tf' on flush cycle 16252
2026-09-30T16:45:59Z [305,595ms] [Warning] [isaacsim.ros2.nodes] ROS2 TF aggregation contributor '/World/Nova_Carter_ROS/chassis_link/sensors/right_owl/ROS_TF/PublisherTF' did not submit transforms for topic '/tf' on flush cycle 16252
2026-09-30T16:45:59Z [305,595ms] [Warning] [isaacsim.ros2.nodes] ROS2 TF aggregation contributor '/World/Nova_Carter_ROS/chassis_link/sensors/front_RPLidar/ROS_TF/PublisherTF' did not submit transforms for topic '/tf' on flush cycle 16252
2026-09-30T16:45:59Z [305,595ms] [Warning] [isaacsim.ros2.nodes] ROS2 TF aggregation contributor '/World/Nova_Carter_ROS/chassis_link/sensors/right_hawk/ROS_TF/PublisherTF' did not submit transforms for topic '/tf' on flush cycle 16252
2026-09-30T16:45:59Z [305,595ms] [Warning] [isaacsim.ros2.nodes] ROS2 TF aggregation contributor '/World/Nova_Carter_ROS/chassis_link/sensors/front_owl/ROS_TF/PublisherTF' did not submit transforms for topic '/tf' on flush cycle 16252
2026-09-30T16:45:59Z [305,595ms] [Warning] [isaacsim.ros2.nodes] ROS2 TF aggregation contributor '/World/Nova_Carter_ROS/chassis_link/sensors/back_owl/ROS_TF/PublisherTF' did not submit transforms for topic '/tf' on flush cycle 16252
2026-09-30T16:45:59Z [305,595ms] [Warning] [isaacsim.ros2.nodes] ROS2 TF aggregation contributor '/World/Nova_Carter_ROS/transform_tree_odometry/tf_tree_base_link_to_wheel_base' did not submit transforms for topic '/tf' on flush cycle 16252
2026-09-30T16:45:59Z [305,595ms] [Warning] [isaacsim.ros2.nodes] ROS2 TF aggregation contributor '/World/Nova_Carter_ROS/transform_tree_odometry/tf_tree_base_link_to_sensors' did not submit transforms for topic '/tf' on flush cycle 16252
2026-09-30T16:45:59Z [305,595ms] [Warning] [isaacsim.ros2.nodes] ROS2 TF aggregation contributor '/World/Nova_Carter_ROS/transform_tree_odometry/tf_tree_base_link_to_chassis' did not submit transforms for topic '/tf' on flush cycle 16252
2026-09-30T16:46:01Z [307,736ms] [Warning] [isaacsim.ros2.nodes] ROS2 TF aggregation contributor '/World/Nova_Carter_ROS/chassis_link/sensors/left_owl/ROS_TF/PublisherTF' did not submit transforms for topic '/tf' on flush cycle 16372
2026-09-30T16:46:01Z [307,736ms] [Warning] [isaacsim.ros2.nodes] ROS2 TF aggregation contributor '/World/Nova_Carter_ROS/chassis_link/sensors/XT_32/ROS_TF/PublisherTF' did not submit transforms for topic '/tf' on flush cycle 16372
2026-09-30T16:46:01Z [307,736ms] [Warning] [isaacsim.ros2.nodes] ROS2 TF aggregation contributor '/World/Nova_Carter_ROS/chassis_link/sensors/front_hawk/ROS_TF/PublisherTF' did not submit transforms for topic '/tf' on flush cycle 16372
2026-09-30T16:46:01Z [307,736ms] [Warning] [isaacsim.ros2.nodes] ROS2 TF aggregation contributor '/World/Nova_Carter_ROS/chassis_link/sensors/back_hawk/ROS_TF/PublisherTF' did not submit transforms for topic '/tf' on flush cycle 16372
2026-09-30T16:46:01Z [307,736ms] [Warning] [isaacsim.ros2.nodes] ROS2 TF aggregation contributor '/World/Nova_Carter_ROS/chassis_link/sensors/left_hawk/ROS_TF/PublisherTF' did not submit transforms for topic '/tf' on flush cycle 16372
2026-09-30T16:46:01Z [307,736ms] [Warning] [isaacsim.ros2.nodes] ROS2 TF aggregation contributor '/World/Nova_Carter_ROS/transform_tree_odometry/ros2_publish_raw_transform_tree' did not submit transforms for topic '/tf' on flush cycle 16372
2026-09-30T16:46:01Z [307,736ms] [Warning] [isaacsim.ros2.nodes] ROS2 TF aggregation contributor '/World/Nova_Carter_ROS/chassis_link/sensors/rear_RPLidar/ROS_TF/PublisherTF' did not submit transforms for topic '/tf' on flush cycle 16372
2026-09-30T16:46:01Z [307,736ms] [Warning] [isaacsim.ros2.nodes] ROS2 TF aggregation contributor '/World/Nova_Carter_ROS/chassis_link/sensors/right_owl/ROS_TF/PublisherTF' did not submit transforms for topic '/tf' on flush cycle 16372
2026-09-30T16:46:01Z [307,736ms] [Warning] [isaacsim.ros2.nodes] ROS2 TF aggregation contributor '/World/Nova_Carter_ROS/chassis_link/sensors/front_RPLidar/ROS_TF/PublisherTF' did not submit transforms for topic '/tf' on flush cycle 16372
2026-09-30T16:46:01Z [307,736ms] [Warning] [isaacsim.ros2.nodes] ROS2 TF aggregation contributor '/World/Nova_Carter_ROS/chassis_link/sensors/right_hawk/ROS_TF/PublisherTF' did not submit transforms for topic '/tf' on flush cycle 16372
2026-09-30T16:46:01Z [307,736ms] [Warning] [isaacsim.ros2.nodes] ROS2 TF aggregation contributor '/World/Nova_Carter_ROS/chassis_link/sensors/front_owl/ROS_TF/PublisherTF' did not submit transforms for topic '/tf' on flush cycle 16372
2026-09-30T16:46:01Z [307,736ms] [Warning] [isaacsim.ros2.nodes] ROS2 TF aggregation contributor '/World/Nova_Carter_ROS/chassis_link/sensors/back_owl/ROS_TF/PublisherTF' did not submit transforms for topic '/tf' on flush cycle 16372
2026-09-30T16:46:01Z [307,736ms] [Warning] [isaacsim.ros2.nodes] ROS2 TF aggregation contributor '/World/Nova_Carter_ROS/transform_tree_odometry/tf_tree_base_link_to_wheel_base' did not submit transforms for topic '/tf' on flush cycle 16372
2026-09-30T16:46:01Z [307,736ms] [Warning] [isaacsim.ros2.nodes] ROS2 TF aggregation contributor '/World/Nova_Carter_ROS/transform_tree_odometry/tf_tree_base_link_to_sensors' did not submit transforms for topic '/tf' on flush cycle 16372
2026-09-30T16:46:01Z [307,736ms] [Warning] [isaacsim.ros2.nodes] ROS2 TF aggregation contributor '/World/Nova_Carter_ROS/transform_tree_odometry/tf_tree_base_link_to_chassis' did not submit transforms for topic '/tf' on flush cycle 16372
2026-09-30T16:46:03Z [309,785ms] [Warning] [isaacsim.ros2.nodes] ROS2 TF aggregation contributor '/World/Nova_Carter_ROS/chassis_link/sensors/left_owl/ROS_TF/PublisherTF' did not submit transforms for topic '/tf' on flush cycle 16492
2026-09-30T16:46:03Z [309,785ms] [Warning] [isaacsim.ros2.nodes] ROS2 TF aggregation contributor '/World/Nova_Carter_ROS/chassis_link/sensors/XT_32/ROS_TF/PublisherTF' did not submit transforms for topic '/tf' on flush cycle 16492
2026-09-30T16:46:03Z [309,785ms] [Warning] [isaacsim.ros2.nodes] ROS2 TF aggregation contributor '/World/Nova_Carter_ROS/chassis_link/sensors/front_hawk/ROS_TF/PublisherTF' did not submit transforms for topic '/tf' on flush cycle 16492
2026-09-30T16:46:03Z [309,785ms] [Warning] [isaacsim.ros2.nodes] ROS2 TF aggregation contributor '/World/Nova_Carter_ROS/chassis_link/sensors/back_hawk/ROS_TF/PublisherTF' did not submit transforms for topic '/tf' on flush cycle 16492
2026-09-30T16:46:03Z [309,785ms] [Warning] [isaacsim.ros2.nodes] ROS2 TF aggregation contributor '/World/Nova_Carter_ROS/chassis_link/sensors/left_hawk/ROS_TF/PublisherTF' did not submit transforms for topic '/tf' on flush cycle 16492
2026-09-30T16:46:03Z [309,785ms] [Warning] [isaacsim.ros2.nodes] ROS2 TF aggregation contributor '/World/Nova_Carter_ROS/transform_tree_odometry/ros2_publish_raw_transform_tree' did not submit transforms for topic '/tf' on flush cycle 16492
2026-09-30T16:46:03Z [309,785ms] [Warning] [isaacsim.ros2.nodes] ROS2 TF aggregation contributor '/World/Nova_Carter_ROS/chassis_link/sensors/rear_RPLidar/ROS_TF/PublisherTF' did not submit transforms for topic '/tf' on flush cycle 16492
2026-09-30T16:46:03Z [309,785ms] [Warning] [isaacsim.ros2.nodes] ROS2 TF aggregation contributor '/World/Nova_Carter_ROS/chassis_link/sensors/right_owl/ROS_TF/PublisherTF' did not submit transforms for topic '/tf' on flush cycle 16492
2026-09-30T16:46:03Z [309,785ms] [Warning] [isaacsim.ros2.nodes] ROS2 TF aggregation contributor '/World/Nova_Carter_ROS/chassis_link/sensors/front_RPLidar/ROS_TF/PublisherTF' did not submit transforms for topic '/tf' on flush cycle 16492
2026-09-30T16:46:03Z [309,785ms] [Warning] [isaacsim.ros2.nodes] ROS2 TF aggregation contributor '/World/Nova_Carter_ROS/chassis_link/sensors/right_hawk/ROS_TF/PublisherTF' did not submit transforms for topic '/tf' on flush cycle 16492
2026-09-30T16:46:03Z [309,785ms] [Warning] [isaacsim.ros2.nodes] ROS2 TF aggregation contributor '/World/Nova_Carter_ROS/chassis_link/sensors/front_owl/ROS_TF/PublisherTF' did not submit transforms for topic '/tf' on flush cycle 16492
2026-09-30T16:46:03Z [309,785ms] [Warning] [isaacsim.ros2.nodes] ROS2 TF aggregation contributor '/World/Nova_Carter_ROS/chassis_link/sensors/back_owl/ROS_TF/PublisherTF' did not submit transforms for topic '/tf' on flush cycle 16492
2026-09-30T16:46:03Z [309,785ms] [Warning] [isaacsim.ros2.nodes] ROS2 TF aggregation contributor '/World/Nova_Carter_ROS/transform_tree_odometry/tf_tree_base_link_to_wheel_base' did not submit transforms for topic '/tf' on flush cycle 16492
2026-09-30T16:46:03Z [309,785ms] [Warning] [isaacsim.ros2.nodes] ROS2 TF aggregation contributor '/World/Nova_Carter_ROS/transform_tree_odometry/tf_tree_base_link_to_sensors' did not submit transforms for topic '/tf' on flush cycle 16492
2026-09-30T16:46:03Z [309,785ms] [Warning] [isaacsim.ros2.nodes] ROS2 TF aggregation contributor '/World/Nova_Carter_ROS/transform_tree_odometry/tf_tree_base_link_to_chassis' did not submit transforms for topic '/tf' on flush cycle 16492
2026-09-30T16:46:05Z [311,835ms] [Warning] [isaacsim.ros2.nodes] ROS2 TF aggregation contributor '/World/Nova_Carter_ROS/chassis_link/sensors/left_owl/ROS_TF/PublisherTF' did not submit transforms for topic '/tf' on flush cycle 16612
2026-09-30T16:46:05Z [311,835ms] [Warning] [isaacsim.ros2.nodes] ROS2 TF aggregation contributor '/World/Nova_Carter_ROS/chassis_link/sensors/XT_32/ROS_TF/PublisherTF' did not submit transforms for topic '/tf' on flush cycle 16612
2026-09-30T16:46:05Z [311,835ms] [Warning] [isaacsim.ros2.nodes] ROS2 TF aggregation contributor '/World/Nova_Carter_ROS/chassis_link/sensors/front_hawk/ROS_TF/PublisherTF' did not submit transforms for topic '/tf' on flush cycle 16612
2026-09-30T16:46:05Z [311,835ms] [Warning] [isaacsim.ros2.nodes] ROS2 TF aggregation contributor '/World/Nova_Carter_ROS/chassis_link/sensors/back_hawk/ROS_TF/PublisherTF' did not submit transforms for topic '/tf' on flush cycle 16612
2026-09-30T16:46:05Z [311,835ms] [Warning] [isaacsim.ros2.nodes] ROS2 TF aggregation contributor '/World/Nova_Carter_ROS/chassis_link/sensors/left_hawk/ROS_TF/PublisherTF' did not submit transforms for topic '/tf' on flush cycle 16612
2026-09-30T16:46:05Z [311,835ms] [Warning] [isaacsim.ros2.nodes] ROS2 TF aggregation contributor '/World/Nova_Carter_ROS/transform_tree_odometry/ros2_publish_raw_transform_tree' did not submit transforms for topic '/tf' on flush cycle 16612
2026-09-30T16:46:05Z [311,835ms] [Warning] [isaacsim.ros2.nodes] ROS2 TF aggregation contributor '/World/Nova_Carter_ROS/chassis_link/sensors/rear_RPLidar/ROS_TF/PublisherTF' did not submit transforms for topic '/tf' on flush cycle 16612
2026-09-30T16:46:05Z [311,835ms] [Warning] [isaacsim.ros2.nodes] ROS2 TF aggregation contributor '/World/Nova_Carter_ROS/chassis_link/sensors/right_owl/ROS_TF/PublisherTF' did not submit transforms for topic '/tf' on flush cycle 16612
2026-09-30T16:46:05Z [311,835ms] [Warning] [isaacsim.ros2.nodes] ROS2 TF aggregation contributor '/World/Nova_Carter_ROS/chassis_link/sensors/front_RPLidar/ROS_TF/PublisherTF' did not submit transforms for topic '/tf' on flush cycle 16612
2026-09-30T16:46:05Z [311,835ms] [Warning] [isaacsim.ros2.nodes] ROS2 TF aggregation contributor '/World/Nova_Carter_ROS/chassis_link/sensors/right_hawk/ROS_TF/PublisherTF' did not submit transforms for topic '/tf' on flush cycle 16612
2026-09-30T16:46:05Z [311,835ms] [Warning] [isaacsim.ros2.nodes] ROS2 TF aggregation contributor '/World/Nova_Carter_ROS/chassis_link/sensors/front_owl/ROS_TF/PublisherTF' did not submit transforms for topic '/tf' on flush cycle 16612
2026-09-30T16:46:05Z [311,835ms] [Warning] [isaacsim.ros2.nodes] ROS2 TF aggregation contributor '/World/Nova_Carter_ROS/chassis_link/sensors/back_owl/ROS_TF/PublisherTF' did not submit transforms for topic '/tf' on flush cycle 16612
2026-09-30T16:46:05Z [311,835ms] [Warning] [isaacsim.ros2.nodes] ROS2 TF aggregation contributor '/World/Nova_Carter_ROS/transform_tree_odometry/tf_tree_base_link_to_wheel_base' did not submit transforms for topic '/tf' on flush cycle 16612
2026-09-30T16:46:05Z [311,835ms] [Warning] [isaacsim.ros2.nodes] ROS2 TF aggregation contributor '/World/Nova_Carter_ROS/transform_tree_odometry/tf_tree_base_link_to_sensors' did not submit transforms for topic '/tf' on flush cycle 16612
2026-09-30T16:46:05Z [311,835ms] [Warning] [isaacsim.ros2.nodes] ROS2 TF aggregation contributor '/World/Nova_Carter_ROS/transform_tree_odometry/tf_tree_base_link_to_chassis' did not submit transforms for topic '/tf' on flush cycle 16612
2026-09-30T16:46:07Z [313,883ms] [Warning] [isaacsim.ros2.nodes] ROS2 TF aggregation contributor '/World/Nova_Carter_ROS/chassis_link/sensors/left_owl/ROS_TF/PublisherTF' did not submit transforms for topic '/tf' on flush cycle 16732
2026-09-30T16:46:07Z [313,883ms] [Warning] [isaacsim.ros2.nodes] ROS2 TF aggregation contributor '/World/Nova_Carter_ROS/chassis_link/sensors/XT_32/ROS_TF/PublisherTF' did not submit transforms for topic '/tf' on flush cycle 16732
2026-09-30T16:46:07Z [313,883ms] [Warning] [isaacsim.ros2.nodes] ROS2 TF aggregation contributor '/World/Nova_Carter_ROS/chassis_link/sensors/front_hawk/ROS_TF/PublisherTF' did not submit transforms for topic '/tf' on flush cycle 16732
2026-09-30T16:46:07Z [313,883ms] [Warning] [isaacsim.ros2.nodes] ROS2 TF aggregation contributor '/World/Nova_Carter_ROS/chassis_link/sensors/back_hawk/ROS_TF/PublisherTF' did not submit transforms for topic '/tf' on flush cycle 16732
2026-09-30T16:46:07Z [313,883ms] [Warning] [isaacsim.ros2.nodes] ROS2 TF aggregation contributor '/World/Nova_Carter_ROS/chassis_link/sensors/left_hawk/ROS_TF/PublisherTF' did not submit transforms for topic '/tf' on flush cycle 16732
2026-09-30T16:46:07Z [313,883ms] [Warning] [isaacsim.ros2.nodes] ROS2 TF aggregation contributor '/World/Nova_Carter_ROS/transform_tree_odometry/ros2_publish_raw_transform_tree' did not submit transforms for topic '/tf' on flush cycle 16732
2026-09-30T16:46:07Z [313,883ms] [Warning] [isaacsim.ros2.nodes] ROS2 TF aggregation contributor '/World/Nova_Carter_ROS/chassis_link/sensors/rear_RPLidar/ROS_TF/PublisherTF' did not submit transforms for topic '/tf' on flush cycle 16732
2026-09-30T16:46:07Z [313,883ms] [Warning] [isaacsim.ros2.nodes] ROS2 TF aggregation contributor '/World/Nova_Carter_ROS/chassis_link/sensors/right_owl/ROS_TF/PublisherTF' did not submit transforms for topic '/tf' on flush cycle 16732
2026-09-30T16:46:07Z [313,883ms] [Warning] [isaacsim.ros2.nodes] ROS2 TF aggregation contributor '/World/Nova_Carter_ROS/chassis_link/sensors/front_RPLidar/ROS_TF/PublisherTF' did not submit transforms for topic '/tf' on flush cycle 16732
2026-09-30T16:46:07Z [313,883ms] [Warning] [isaacsim.ros2.nodes] ROS2 TF aggregation contributor '/World/Nova_Carter_ROS/chassis_link/sensors/right_hawk/ROS_TF/PublisherTF' did not submit transforms for topic '/tf' on flush cycle 16732
2026-09-30T16:46:07Z [313,883ms] [Warning] [isaacsim.ros2.nodes] ROS2 TF aggregation contributor '/World/Nova_Carter_ROS/chassis_link/sensors/front_owl/ROS_TF/PublisherTF' did not submit transforms for topic '/tf' on flush cycle 16732
2026-09-30T16:46:07Z [313,883ms] [Warning] [isaacsim.ros2.nodes] ROS2 TF aggregation contributor '/World/Nova_Carter_ROS/chassis_link/sensors/back_owl/ROS_TF/PublisherTF' did not submit transforms for topic '/tf' on flush cycle 16732
2026-09-30T16:46:07Z [313,883ms] [Warning] [isaacsim.ros2.nodes] ROS2 TF aggregation contributor '/World/Nova_Carter_ROS/transform_tree_odometry/tf_tree_base_link_to_wheel_base' did not submit transforms for topic '/tf' on flush cycle 16732
2026-09-30T16:46:07Z [313,883ms] [Warning] [isaacsim.ros2.nodes] ROS2 TF aggregation contributor '/World/Nova_Carter_ROS/transform_tree_odometry/tf_tree_base_link_to_sensors' did not submit transforms for topic '/tf' on flush cycle 16732
2026-09-30T16:46:07Z [313,883ms] [Warning] [isaacsim.ros2.nodes] ROS2 TF aggregation contributor '/World/Nova_Carter_ROS/transform_tree_odometry/tf_tree_base_link_to_chassis' did not submit transforms for topic '/tf' on flush cycle 16732
2026-09-30T16:46:17Z [324,006ms] [Warning] [isaacsim.ros2.nodes] ROS2 TF aggregation contributor '/World/Nova_Carter_ROS/chassis_link/sensors/left_owl/ROS_TF/PublisherTF' did not submit transforms for topic '/tf' on flush cycle 17293
2026-09-30T16:46:17Z [324,006ms] [Warning] [isaacsim.ros2.nodes] ROS2 TF aggregation contributor '/World/Nova_Carter_ROS/chassis_link/sensors/XT_32/ROS_TF/PublisherTF' did not submit transforms for topic '/tf' on flush cycle 17293
2026-09-30T16:46:17Z [324,006ms] [Warning] [isaacsim.ros2.nodes] ROS2 TF aggregation contributor '/World/Nova_Carter_ROS/chassis_link/sensors/front_hawk/ROS_TF/PublisherTF' did not submit transforms for topic '/tf' on flush cycle 17293
2026-09-30T16:46:17Z [324,006ms] [Warning] [isaacsim.ros2.nodes] ROS2 TF aggregation contributor '/World/Nova_Carter_ROS/chassis_link/sensors/back_hawk/ROS_TF/PublisherTF' did not submit transforms for topic '/tf' on flush cycle 17293
2026-09-30T16:46:17Z [324,006ms] [Warning] [isaacsim.ros2.nodes] ROS2 TF aggregation contributor '/World/Nova_Carter_ROS/chassis_link/sensors/left_hawk/ROS_TF/PublisherTF' did not submit transforms for topic '/tf' on flush cycle 17293
2026-09-30T16:46:17Z [324,006ms] [Warning] [isaacsim.ros2.nodes] ROS2 TF aggregation contributor '/World/Nova_Carter_ROS/transform_tree_odometry/ros2_publish_raw_transform_tree' did not submit transforms for topic '/tf' on flush cycle 17293
2026-09-30T16:46:17Z [324,006ms] [Warning] [isaacsim.ros2.nodes] ROS2 TF aggregation contributor '/World/Nova_Carter_ROS/chassis_link/sensors/rear_RPLidar/ROS_TF/PublisherTF' did not submit transforms for topic '/tf' on flush cycle 17293
2026-09-30T16:46:17Z [324,006ms] [Warning] [isaacsim.ros2.nodes] ROS2 TF aggregation contributor '/World/Nova_Carter_ROS/chassis_link/sensors/right_owl/ROS_TF/PublisherTF' did not submit transforms for topic '/tf' on flush cycle 17293
2026-09-30T16:46:17Z [324,006ms] [Warning] [isaacsim.ros2.nodes] ROS2 TF aggregation contributor '/World/Nova_Carter_ROS/chassis_link/sensors/front_RPLidar/ROS_TF/PublisherTF' did not submit transforms for topic '/tf' on flush cycle 17293
2026-09-30T16:46:17Z [324,006ms] [Warning] [isaacsim.ros2.nodes] ROS2 TF aggregation contributor '/World/Nova_Carter_ROS/chassis_link/sensors/right_hawk/ROS_TF/PublisherTF' did not submit transforms for topic '/tf' on flush cycle 17293
2026-09-30T16:46:17Z [324,007ms] [Warning] [isaacsim.ros2.nodes] ROS2 TF aggregation contributor '/World/Nova_Carter_ROS/chassis_link/sensors/front_owl/ROS_TF/PublisherTF' did not submit transforms for topic '/tf' on flush cycle 17293
2026-09-30T16:46:17Z [324,007ms] [Warning] [isaacsim.ros2.nodes] ROS2 TF aggregation contributor '/World/Nova_Carter_ROS/chassis_link/sensors/back_owl/ROS_TF/PublisherTF' did not submit transforms for topic '/tf' on flush cycle 17293
2026-09-30T16:46:17Z [324,007ms] [Warning] [isaacsim.ros2.nodes] ROS2 TF aggregation contributor '/World/Nova_Carter_ROS/transform_tree_odometry/tf_tree_base_link_to_wheel_base' did not submit transforms for topic '/tf' on flush cycle 17293
2026-09-30T16:46:17Z [324,007ms] [Warning] [isaacsim.ros2.nodes] ROS2 TF aggregation contributor '/World/Nova_Carter_ROS/transform_tree_odometry/tf_tree_base_link_to_sensors' did not submit transforms for topic '/tf' on flush cycle 17293
2026-09-30T16:46:17Z [324,007ms] [Warning] [isaacsim.ros2.nodes] ROS2 TF aggregation contributor '/World/Nova_Carter_ROS/transform_tree_odometry/tf_tree_base_link_to_chassis' did not submit transforms for topic '/tf' on flush cycle 17293
2026-09-30T16:46:20Z [326,088ms] [Warning] [isaacsim.ros2.nodes] ROS2 TF aggregation contributor '/World/Nova_Carter_ROS/chassis_link/sensors/left_owl/ROS_TF/PublisherTF' did not submit transforms for topic '/tf' on flush cycle 17413
2026-09-30T16:46:20Z [326,088ms] [Warning] [isaacsim.ros2.nodes] ROS2 TF aggregation contributor '/World/Nova_Carter_ROS/chassis_link/sensors/XT_32/ROS_TF/PublisherTF' did not submit transforms for topic '/tf' on flush cycle 17413
2026-09-30T16:46:20Z [326,088ms] [Warning] [isaacsim.ros2.nodes] ROS2 TF aggregation contributor '/World/Nova_Carter_ROS/chassis_link/sensors/front_hawk/ROS_TF/PublisherTF' did not submit transforms for topic '/tf' on flush cycle 17413
2026-09-30T16:46:20Z [326,088ms] [Warning] [isaacsim.ros2.nodes] ROS2 TF aggregation contributor '/World/Nova_Carter_ROS/chassis_link/sensors/back_hawk/ROS_TF/PublisherTF' did not submit transforms for topic '/tf' on flush cycle 17413
2026-09-30T16:46:20Z [326,088ms] [Warning] [isaacsim.ros2.nodes] ROS2 TF aggregation contributor '/World/Nova_Carter_ROS/chassis_link/sensors/left_hawk/ROS_TF/PublisherTF' did not submit transforms for topic '/tf' on flush cycle 17413
2026-09-30T16:46:20Z [326,088ms] [Warning] [isaacsim.ros2.nodes] ROS2 TF aggregation contributor '/World/Nova_Carter_ROS/transform_tree_odometry/ros2_publish_raw_transform_tree' did not submit transforms for topic '/tf' on flush cycle 17413
2026-09-30T16:46:20Z [326,088ms] [Warning] [isaacsim.ros2.nodes] ROS2 TF aggregation contributor '/World/Nova_Carter_ROS/chassis_link/sensors/rear_RPLidar/ROS_TF/PublisherTF' did not submit transforms for topic '/tf' on flush cycle 17413
2026-09-30T16:46:20Z [326,088ms] [Warning] [isaacsim.ros2.nodes] ROS2 TF aggregation contributor '/World/Nova_Carter_ROS/chassis_link/sensors/right_owl/ROS_TF/PublisherTF' did not submit transforms for topic '/tf' on flush cycle 17413
2026-09-30T16:46:20Z [326,088ms] [Warning] [isaacsim.ros2.nodes] ROS2 TF aggregation contributor '/World/Nova_Carter_ROS/chassis_link/sensors/front_RPLidar/ROS_TF/PublisherTF' did not submit transforms for topic '/tf' on flush cycle 17413
2026-09-30T16:46:20Z [326,088ms] [Warning] [isaacsim.ros2.nodes] ROS2 TF aggregation contributor '/World/Nova_Carter_ROS/chassis_link/sensors/right_hawk/ROS_TF/PublisherTF' did not submit transforms for topic '/tf' on flush cycle 17413
2026-09-30T16:46:20Z [326,088ms] [Warning] [isaacsim.ros2.nodes] ROS2 TF aggregation contributor '/World/Nova_Carter_ROS/chassis_link/sensors/front_owl/ROS_TF/PublisherTF' did not submit transforms for topic '/tf' on flush cycle 17413
2026-09-30T16:46:20Z [326,088ms] [Warning] [isaacsim.ros2.nodes] ROS2 TF aggregation contributor '/World/Nova_Carter_ROS/chassis_link/sensors/back_owl/ROS_TF/PublisherTF' did not submit transforms for topic '/tf' on flush cycle 17413
2026-09-30T16:46:20Z [326,088ms] [Warning] [isaacsim.ros2.nodes] ROS2 TF aggregation contributor '/World/Nova_Carter_ROS/transform_tree_odometry/tf_tree_base_link_to_wheel_base' did not submit transforms for topic '/tf' on flush cycle 17413
2026-09-30T16:46:20Z [326,088ms] [Warning] [isaacsim.ros2.nodes] ROS2 TF aggregation contributor '/World/Nova_Carter_ROS/transform_tree_odometry/tf_tree_base_link_to_sensors' did not submit transforms for topic '/tf' on flush cycle 17413
2026-09-30T16:46:20Z [326,088ms] [Warning] [isaacsim.ros2.nodes] ROS2 TF aggregation contributor '/World/Nova_Carter_ROS/transform_tree_odometry/tf_tree_base_link_to_chassis' did not submit transforms for topic '/tf' on flush cycle 17413
2026-09-30T16:46:22Z [328,131ms] [Warning] [isaacsim.ros2.nodes] ROS2 TF aggregation contributor '/World/Nova_Carter_ROS/chassis_link/sensors/left_owl/ROS_TF/PublisherTF' did not submit transforms for topic '/tf' on flush cycle 17533
2026-09-30T16:46:22Z [328,131ms] [Warning] [isaacsim.ros2.nodes] ROS2 TF aggregation contributor '/World/Nova_Carter_ROS/chassis_link/sensors/XT_32/ROS_TF/PublisherTF' did not submit transforms for topic '/tf' on flush cycle 17533
2026-09-30T16:46:22Z [328,131ms] [Warning] [isaacsim.ros2.nodes] ROS2 TF aggregation contributor '/World/Nova_Carter_ROS/chassis_link/sensors/front_hawk/ROS_TF/PublisherTF' did not submit transforms for topic '/tf' on flush cycle 17533
2026-09-30T16:46:22Z [328,131ms] [Warning] [isaacsim.ros2.nodes] ROS2 TF aggregation contributor '/World/Nova_Carter_ROS/chassis_link/sensors/back_hawk/ROS_TF/PublisherTF' did not submit transforms for topic '/tf' on flush cycle 17533
2026-09-30T16:46:22Z [328,131ms] [Warning] [isaacsim.ros2.nodes] ROS2 TF aggregation contributor '/World/Nova_Carter_ROS/chassis_link/sensors/left_hawk/ROS_TF/PublisherTF' did not submit transforms for topic '/tf' on flush cycle 17533
2026-09-30T16:46:22Z [328,131ms] [Warning] [isaacsim.ros2.nodes] ROS2 TF aggregation contributor '/World/Nova_Carter_ROS/transform_tree_odometry/ros2_publish_raw_transform_tree' did not submit transforms for topic '/tf' on flush cycle 17533
2026-09-30T16:46:22Z [328,132ms] [Warning] [isaacsim.ros2.nodes] ROS2 TF aggregation contributor '/World/Nova_Carter_ROS/chassis_link/sensors/rear_RPLidar/ROS_TF/PublisherTF' did not submit transforms for topic '/tf' on flush cycle 17533
2026-09-30T16:46:22Z [328,132ms] [Warning] [isaacsim.ros2.nodes] ROS2 TF aggregation contributor '/World/Nova_Carter_ROS/chassis_link/sensors/right_owl/ROS_TF/PublisherTF' did not submit transforms for topic '/tf' on flush cycle 17533
2026-09-30T16:46:22Z [328,132ms] [Warning] [isaacsim.ros2.nodes] ROS2 TF aggregation contributor '/World/Nova_Carter_ROS/chassis_link/sensors/front_RPLidar/ROS_TF/PublisherTF' did not submit transforms for topic '/tf' on flush cycle 17533
2026-09-30T16:46:22Z [328,132ms] [Warning] [isaacsim.ros2.nodes] ROS2 TF aggregation contributor '/World/Nova_Carter_ROS/chassis_link/sensors/right_hawk/ROS_TF/PublisherTF' did not submit transforms for topic '/tf' on flush cycle 17533
2026-09-30T16:46:22Z [328,132ms] [Warning] [isaacsim.ros2.nodes] ROS2 TF aggregation contributor '/World/Nova_Carter_ROS/chassis_link/sensors/front_owl/ROS_TF/PublisherTF' did not submit transforms for topic '/tf' on flush cycle 17533
2026-09-30T16:46:22Z [328,132ms] [Warning] [isaacsim.ros2.nodes] ROS2 TF aggregation contributor '/World/Nova_Carter_ROS/chassis_link/sensors/back_owl/ROS_TF/PublisherTF' did not submit transforms for topic '/tf' on flush cycle 17533
2026-09-30T16:46:22Z [328,132ms] [Warning] [isaacsim.ros2.nodes] ROS2 TF aggregation contributor '/World/Nova_Carter_ROS/transform_tree_odometry/tf_tree_base_link_to_wheel_base' did not submit transforms for topic '/tf' on flush cycle 17533
2026-09-30T16:46:22Z [328,132ms] [Warning] [isaacsim.ros2.nodes] ROS2 TF aggregation contributor '/World/Nova_Carter_ROS/transform_tree_odometry/tf_tree_base_link_to_sensors' did not submit transforms for topic '/tf' on flush cycle 17533
2026-09-30T16:46:22Z [328,132ms] [Warning] [isaacsim.ros2.nodes] ROS2 TF aggregation contributor '/World/Nova_Carter_ROS/transform_tree_odometry/tf_tree_base_link_to_chassis' did not submit transforms for topic '/tf' on flush cycle 17533
2026-09-30T16:46:24Z [330,178ms] [Warning] [isaacsim.ros2.nodes] ROS2 TF aggregation contributor '/World/Nova_Carter_ROS/chassis_link/sensors/left_owl/ROS_TF/PublisherTF' did not submit transforms for topic '/tf' on flush cycle 17653
2026-09-30T16:46:24Z [330,179ms] [Warning] [isaacsim.ros2.nodes] ROS2 TF aggregation contributor '/World/Nova_Carter_ROS/chassis_link/sensors/XT_32/ROS_TF/PublisherTF' did not submit transforms for topic '/tf' on flush cycle 17653
2026-09-30T16:46:24Z [330,179ms] [Warning] [isaacsim.ros2.nodes] ROS2 TF aggregation contributor '/World/Nova_Carter_ROS/chassis_link/sensors/front_hawk/ROS_TF/PublisherTF' did not submit transforms for topic '/tf' on flush cycle 17653
2026-09-30T16:46:24Z [330,179ms] [Warning] [isaacsim.ros2.nodes] ROS2 TF aggregation contributor '/World/Nova_Carter_ROS/chassis_link/sensors/back_hawk/ROS_TF/PublisherTF' did not submit transforms for topic '/tf' on flush cycle 17653
2026-09-30T16:46:24Z [330,179ms] [Warning] [isaacsim.ros2.nodes] ROS2 TF aggregation contributor '/World/Nova_Carter_ROS/chassis_link/sensors/left_hawk/ROS_TF/PublisherTF' did not submit transforms for topic '/tf' on flush cycle 17653
2026-09-30T16:46:24Z [330,179ms] [Warning] [isaacsim.ros2.nodes] ROS2 TF aggregation contributor '/World/Nova_Carter_ROS/transform_tree_odometry/ros2_publish_raw_transform_tree' did not submit transforms for topic '/tf' on flush cycle 17653
2026-09-30T16:46:24Z [330,179ms] [Warning] [isaacsim.ros2.nodes] ROS2 TF aggregation contributor '/World/Nova_Carter_ROS/chassis_link/sensors/rear_RPLidar/ROS_TF/PublisherTF' did not submit transforms for topic '/tf' on flush cycle 17653
2026-09-30T16:46:24Z [330,179ms] [Warning] [isaacsim.ros2.nodes] ROS2 TF aggregation contributor '/World/Nova_Carter_ROS/chassis_link/sensors/right_owl/ROS_TF/PublisherTF' did not submit transforms for topic '/tf' on flush cycle 17653
2026-09-30T16:46:24Z [330,179ms] [Warning] [isaacsim.ros2.nodes] ROS2 TF aggregation contributor '/World/Nova_Carter_ROS/chassis_link/sensors/front_RPLidar/ROS_TF/PublisherTF' did not submit transforms for topic '/tf' on flush cycle 17653
2026-09-30T16:46:24Z [330,179ms] [Warning] [isaacsim.ros2.nodes] ROS2 TF aggregation contributor '/World/Nova_Carter_ROS/chassis_link/sensors/right_hawk/ROS_TF/PublisherTF' did not submit transforms for topic '/tf' on flush cycle 17653
2026-09-30T16:46:24Z [330,179ms] [Warning] [isaacsim.ros2.nodes] ROS2 TF aggregation contributor '/World/Nova_Carter_ROS/chassis_link/sensors/front_owl/ROS_TF/PublisherTF' did not submit transforms for topic '/tf' on flush cycle 17653
2026-09-30T16:46:24Z [330,179ms] [Warning] [isaacsim.ros2.nodes] ROS2 TF aggregation contributor '/World/Nova_Carter_ROS/chassis_link/sensors/back_owl/ROS_TF/PublisherTF' did not submit transforms for topic '/tf' on flush cycle 17653
2026-09-30T16:46:24Z [330,179ms] [Warning] [isaacsim.ros2.nodes] ROS2 TF aggregation contributor '/World/Nova_Carter_ROS/transform_tree_odometry/tf_tree_base_link_to_wheel_base' did not submit transforms for topic '/tf' on flush cycle 17653
2026-09-30T16:46:24Z [330,179ms] [Warning] [isaacsim.ros2.nodes] ROS2 TF aggregation contributor '/World/Nova_Carter_ROS/transform_tree_odometry/tf_tree_base_link_to_sensors' did not submit transforms for topic '/tf' on flush cycle 17653
2026-09-30T16:46:24Z [330,179ms] [Warning] [isaacsim.ros2.nodes] ROS2 TF aggregation contributor '/World/Nova_Carter_ROS/transform_tree_odometry/tf_tree_base_link_to_chassis' did not submit transforms for topic '/tf' on flush cycle 17653
2026-09-30T16:46:26Z [332,228ms] [Warning] [isaacsim.ros2.nodes] ROS2 TF aggregation contributor '/World/Nova_Carter_ROS/chassis_link/sensors/left_owl/ROS_TF/PublisherTF' did not submit transforms for topic '/tf' on flush cycle 17773
2026-09-30T16:46:26Z [332,228ms] [Warning] [isaacsim.ros2.nodes] ROS2 TF aggregation contributor '/World/Nova_Carter_ROS/chassis_link/sensors/XT_32/ROS_TF/PublisherTF' did not submit transforms for topic '/tf' on flush cycle 17773
2026-09-30T16:46:26Z [332,228ms] [Warning] [isaacsim.ros2.nodes] ROS2 TF aggregation contributor '/World/Nova_Carter_ROS/chassis_link/sensors/front_hawk/ROS_TF/PublisherTF' did not submit transforms for topic '/tf' on flush cycle 17773
2026-09-30T16:46:26Z [332,228ms] [Warning] [isaacsim.ros2.nodes] ROS2 TF aggregation contributor '/World/Nova_Carter_ROS/chassis_link/sensors/back_hawk/ROS_TF/PublisherTF' did not submit transforms for topic '/tf' on flush cycle 17773
2026-09-30T16:46:26Z [332,228ms] [Warning] [isaacsim.ros2.nodes] ROS2 TF aggregation contributor '/World/Nova_Carter_ROS/chassis_link/sensors/left_hawk/ROS_TF/PublisherTF' did not submit transforms for topic '/tf' on flush cycle 17773
2026-09-30T16:46:26Z [332,228ms] [Warning] [isaacsim.ros2.nodes] ROS2 TF aggregation contributor '/World/Nova_Carter_ROS/transform_tree_odometry/ros2_publish_raw_transform_tree' did not submit transforms for topic '/tf' on flush cycle 17773
2026-09-30T16:46:26Z [332,228ms] [Warning] [isaacsim.ros2.nodes] ROS2 TF aggregation contributor '/World/Nova_Carter_ROS/chassis_link/sensors/rear_RPLidar/ROS_TF/PublisherTF' did not submit transforms for topic '/tf' on flush cycle 17773
2026-09-30T16:46:26Z [332,228ms] [Warning] [isaacsim.ros2.nodes] ROS2 TF aggregation contributor '/World/Nova_Carter_ROS/chassis_link/sensors/right_owl/ROS_TF/PublisherTF' did not submit transforms for topic '/tf' on flush cycle 17773
2026-09-30T16:46:26Z [332,228ms] [Warning] [isaacsim.ros2.nodes] ROS2 TF aggregation contributor '/World/Nova_Carter_ROS/chassis_link/sensors/front_RPLidar/ROS_TF/PublisherTF' did not submit transforms for topic '/tf' on flush cycle 17773
2026-09-30T16:46:26Z [332,228ms] [Warning] [isaacsim.ros2.nodes] ROS2 TF aggregation contributor '/World/Nova_Carter_ROS/chassis_link/sensors/right_hawk/ROS_TF/PublisherTF' did not submit transforms for topic '/tf' on flush cycle 17773
2026-09-30T16:46:26Z [332,228ms] [Warning] [isaacsim.ros2.nodes] ROS2 TF aggregation contributor '/World/Nova_Carter_ROS/chassis_link/sensors/front_owl/ROS_TF/PublisherTF' did not submit transforms for topic '/tf' on flush cycle 17773
2026-09-30T16:46:26Z [332,228ms] [Warning] [isaacsim.ros2.nodes] ROS2 TF aggregation contributor '/World/Nova_Carter_ROS/chassis_link/sensors/back_owl/ROS_TF/PublisherTF' did not submit transforms for topic '/tf' on flush cycle 17773
2026-09-30T16:46:26Z [332,228ms] [Warning] [isaacsim.ros2.nodes] ROS2 TF aggregation contributor '/World/Nova_Carter_ROS/transform_tree_odometry/tf_tree_base_link_to_wheel_base' did not submit transforms for topic '/tf' on flush cycle 17773
2026-09-30T16:46:26Z [332,228ms] [Warning] [isaacsim.ros2.nodes] ROS2 TF aggregation contributor '/World/Nova_Carter_ROS/transform_tree_odometry/tf_tree_base_link_to_sensors' did not submit transforms for topic '/tf' on flush cycle 17773
2026-09-30T16:46:26Z [332,229ms] [Warning] [isaacsim.ros2.nodes] ROS2 TF aggregation contributor '/World/Nova_Carter_ROS/transform_tree_odometry/tf_tree_base_link_to_chassis' did not submit transforms for topic '/tf' on flush cycle 17773
2026-09-30T16:46:28Z [334,280ms] [Warning] [isaacsim.ros2.nodes] ROS2 TF aggregation contributor '/World/Nova_Carter_ROS/chassis_link/sensors/left_owl/ROS_TF/PublisherTF' did not submit transforms for topic '/tf' on flush cycle 17893
2026-09-30T16:46:28Z [334,280ms] [Warning] [isaacsim.ros2.nodes] ROS2 TF aggregation contributor '/World/Nova_Carter_ROS/chassis_link/sensors/XT_32/ROS_TF/PublisherTF' did not submit transforms for topic '/tf' on flush cycle 17893
2026-09-30T16:46:28Z [334,280ms] [Warning] [isaacsim.ros2.nodes] ROS2 TF aggregation contributor '/World/Nova_Carter_ROS/chassis_link/sensors/front_hawk/ROS_TF/PublisherTF' did not submit transforms for topic '/tf' on flush cycle 17893
2026-09-30T16:46:28Z [334,280ms] [Warning] [isaacsim.ros2.nodes] ROS2 TF aggregation contributor '/World/Nova_Carter_ROS/chassis_link/sensors/back_hawk/ROS_TF/PublisherTF' did not submit transforms for topic '/tf' on flush cycle 17893
2026-09-30T16:46:28Z [334,280ms] [Warning] [isaacsim.ros2.nodes] ROS2 TF aggregation contributor '/World/Nova_Carter_ROS/chassis_link/sensors/left_hawk/ROS_TF/PublisherTF' did not submit transforms for topic '/tf' on flush cycle 17893
2026-09-30T16:46:28Z [334,280ms] [Warning] [isaacsim.ros2.nodes] ROS2 TF aggregation contributor '/World/Nova_Carter_ROS/transform_tree_odometry/ros2_publish_raw_transform_tree' did not submit transforms for topic '/tf' on flush cycle 17893
2026-09-30T16:46:28Z [334,280ms] [Warning] [isaacsim.ros2.nodes] ROS2 TF aggregation contributor '/World/Nova_Carter_ROS/chassis_link/sensors/rear_RPLidar/ROS_TF/PublisherTF' did not submit transforms for topic '/tf' on flush cycle 17893
2026-09-30T16:46:28Z [334,280ms] [Warning] [isaacsim.ros2.nodes] ROS2 TF aggregation contributor '/World/Nova_Carter_ROS/chassis_link/sensors/right_owl/ROS_TF/PublisherTF' did not submit transforms for topic '/tf' on flush cycle 17893
2026-09-30T16:46:28Z [334,280ms] [Warning] [isaacsim.ros2.nodes] ROS2 TF aggregation contributor '/World/Nova_Carter_ROS/chassis_link/sensors/front_RPLidar/ROS_TF/PublisherTF' did not submit transforms for topic '/tf' on flush cycle 17893
2026-09-30T16:46:28Z [334,280ms] [Warning] [isaacsim.ros2.nodes] ROS2 TF aggregation contributor '/World/Nova_Carter_ROS/chassis_link/sensors/right_hawk/ROS_TF/PublisherTF' did not submit transforms for topic '/tf' on flush cycle 17893
2026-09-30T16:46:28Z [334,280ms] [Warning] [isaacsim.ros2.nodes] ROS2 TF aggregation contributor '/World/Nova_Carter_ROS/chassis_link/sensors/front_owl/ROS_TF/PublisherTF' did not submit transforms for topic '/tf' on flush cycle 17893
2026-09-30T16:46:28Z [334,280ms] [Warning] [isaacsim.ros2.nodes] ROS2 TF aggregation contributor '/World/Nova_Carter_ROS/chassis_link/sensors/back_owl/ROS_TF/PublisherTF' did not submit transforms for topic '/tf' on flush cycle 17893
2026-09-30T16:46:28Z [334,280ms] [Warning] [isaacsim.ros2.nodes] ROS2 TF aggregation contributor '/World/Nova_Carter_ROS/transform_tree_odometry/tf_tree_base_link_to_wheel_base' did not submit transforms for topic '/tf' on flush cycle 17893
2026-09-30T16:46:28Z [334,280ms] [Warning] [isaacsim.ros2.nodes] ROS2 TF aggregation contributor '/World/Nova_Carter_ROS/transform_tree_odometry/tf_tree_base_link_to_sensors' did not submit transforms for topic '/tf' on flush cycle 17893
2026-09-30T16:46:28Z [334,280ms] [Warning] [isaacsim.ros2.nodes] ROS2 TF aggregation contributor '/World/Nova_Carter_ROS/transform_tree_odometry/tf_tree_base_link_to_chassis' did not submit transforms for topic '/tf' on flush cycle 17893
2026-09-30T16:46:30Z [336,467ms] [Warning] [isaacsim.ros2.nodes] ROS2 TF aggregation contributor '/World/Nova_Carter_ROS/chassis_link/sensors/left_owl/ROS_TF/PublisherTF' did not submit transforms for topic '/tf' on flush cycle 18013
2026-09-30T16:46:30Z [336,467ms] [Warning] [isaacsim.ros2.nodes] ROS2 TF aggregation contributor '/World/Nova_Carter_ROS/chassis_link/sensors/XT_32/ROS_TF/PublisherTF' did not submit transforms for topic '/tf' on flush cycle 18013
2026-09-30T16:46:30Z [336,467ms] [Warning] [isaacsim.ros2.nodes] ROS2 TF aggregation contributor '/World/Nova_Carter_ROS/chassis_link/sensors/front_hawk/ROS_TF/PublisherTF' did not submit transforms for topic '/tf' on flush cycle 18013
2026-09-30T16:46:30Z [336,467ms] [Warning] [isaacsim.ros2.nodes] ROS2 TF aggregation contributor '/World/Nova_Carter_ROS/chassis_link/sensors/back_hawk/ROS_TF/PublisherTF' did not submit transforms for topic '/tf' on flush cycle 18013
2026-09-30T16:46:30Z [336,467ms] [Warning] [isaacsim.ros2.nodes] ROS2 TF aggregation contributor '/World/Nova_Carter_ROS/chassis_link/sensors/left_hawk/ROS_TF/PublisherTF' did not submit transforms for topic '/tf' on flush cycle 18013
2026-09-30T16:46:30Z [336,467ms] [Warning] [isaacsim.ros2.nodes] ROS2 TF aggregation contributor '/World/Nova_Carter_ROS/transform_tree_odometry/ros2_publish_raw_transform_tree' did not submit transforms for topic '/tf' on flush cycle 18013
2026-09-30T16:46:30Z [336,467ms] [Warning] [isaacsim.ros2.nodes] ROS2 TF aggregation contributor '/World/Nova_Carter_ROS/chassis_link/sensors/rear_RPLidar/ROS_TF/PublisherTF' did not submit transforms for topic '/tf' on flush cycle 18013
2026-09-30T16:46:30Z [336,467ms] [Warning] [isaacsim.ros2.nodes] ROS2 TF aggregation contributor '/World/Nova_Carter_ROS/chassis_link/sensors/right_owl/ROS_TF/PublisherTF' did not submit transforms for topic '/tf' on flush cycle 18013
2026-09-30T16:46:30Z [336,467ms] [Warning] [isaacsim.ros2.nodes] ROS2 TF aggregation contributor '/World/Nova_Carter_ROS/chassis_link/sensors/front_RPLidar/ROS_TF/PublisherTF' did not submit transforms for topic '/tf' on flush cycle 18013
2026-09-30T16:46:30Z [336,467ms] [Warning] [isaacsim.ros2.nodes] ROS2 TF aggregation contributor '/World/Nova_Carter_ROS/chassis_link/sensors/right_hawk/ROS_TF/PublisherTF' did not submit transforms for topic '/tf' on flush cycle 18013
2026-09-30T16:46:30Z [336,467ms] [Warning] [isaacsim.ros2.nodes] ROS2 TF aggregation contributor '/World/Nova_Carter_ROS/chassis_link/sensors/front_owl/ROS_TF/PublisherTF' did not submit transforms for topic '/tf' on flush cycle 18013
2026-09-30T16:46:30Z [336,467ms] [Warning] [isaacsim.ros2.nodes] ROS2 TF aggregation contributor '/World/Nova_Carter_ROS/chassis_link/sensors/back_owl/ROS_TF/PublisherTF' did not submit transforms for topic '/tf' on flush cycle 18013
2026-09-30T16:46:30Z [336,467ms] [Warning] [isaacsim.ros2.nodes] ROS2 TF aggregation contributor '/World/Nova_Carter_ROS/transform_tree_odometry/tf_tree_base_link_to_wheel_base' did not submit transforms for topic '/tf' on flush cycle 18013
2026-09-30T16:46:30Z [336,467ms] [Warning] [isaacsim.ros2.nodes] ROS2 TF aggregation contributor '/World/Nova_Carter_ROS/transform_tree_odometry/tf_tree_base_link_to_sensors' did not submit transforms for topic '/tf' on flush cycle 18013
2026-09-30T16:46:30Z [336,467ms] [Warning] [isaacsim.ros2.nodes] ROS2 TF aggregation contributor '/World/Nova_Carter_ROS/transform_tree_odometry/tf_tree_base_link_to_chassis' did not submit transforms for topic '/tf' on flush cycle 18013
2026-09-30T16:46:34Z [340,415ms] [Warning] [omni.graph.core.plugin] /World/Nova_Carter_ROS/differential_drive/differential_controller_01: [/World/Nova_Carter_ROS/differential_drive] Invalid deltaTime 0.000000, cannot check for acceleration limits, skipping current step
2026-09-30T16:46:40Z [346,825ms] [Warning] [isaacsim.ros2.nodes] ROS2 TF aggregation contributor '/World/Nova_Carter_ROS/chassis_link/sensors/left_owl/ROS_TF/PublisherTF' did not submit transforms for topic '/tf' on flush cycle 18565
2026-09-30T16:46:40Z [346,825ms] [Warning] [isaacsim.ros2.nodes] ROS2 TF aggregation contributor '/World/Nova_Carter_ROS/chassis_link/sensors/XT_32/ROS_TF/PublisherTF' did not submit transforms for topic '/tf' on flush cycle 18565
2026-09-30T16:46:40Z [346,826ms] [Warning] [isaacsim.ros2.nodes] ROS2 TF aggregation contributor '/World/Nova_Carter_ROS/chassis_link/sensors/front_hawk/ROS_TF/PublisherTF' did not submit transforms for topic '/tf' on flush cycle 18565
2026-09-30T16:46:40Z [346,826ms] [Warning] [isaacsim.ros2.nodes] ROS2 TF aggregation contributor '/World/Nova_Carter_ROS/chassis_link/sensors/back_hawk/ROS_TF/PublisherTF' did not submit transforms for topic '/tf' on flush cycle 18565
2026-09-30T16:46:40Z [346,826ms] [Warning] [isaacsim.ros2.nodes] ROS2 TF aggregation contributor '/World/Nova_Carter_ROS/chassis_link/sensors/left_hawk/ROS_TF/PublisherTF' did not submit transforms for topic '/tf' on flush cycle 18565
2026-09-30T16:46:40Z [346,826ms] [Warning] [isaacsim.ros2.nodes] ROS2 TF aggregation contributor '/World/Nova_Carter_ROS/transform_tree_odometry/ros2_publish_raw_transform_tree' did not submit transforms for topic '/tf' on flush cycle 18565
2026-09-30T16:46:40Z [346,826ms] [Warning] [isaacsim.ros2.nodes] ROS2 TF aggregation contributor '/World/Nova_Carter_ROS/chassis_link/sensors/rear_RPLidar/ROS_TF/PublisherTF' did not submit transforms for topic '/tf' on flush cycle 18565
2026-09-30T16:46:40Z [346,826ms] [Warning] [isaacsim.ros2.nodes] ROS2 TF aggregation contributor '/World/Nova_Carter_ROS/chassis_link/sensors/right_owl/ROS_TF/PublisherTF' did not submit transforms for topic '/tf' on flush cycle 18565
2026-09-30T16:46:40Z [346,826ms] [Warning] [isaacsim.ros2.nodes] ROS2 TF aggregation contributor '/World/Nova_Carter_ROS/chassis_link/sensors/front_RPLidar/ROS_TF/PublisherTF' did not submit transforms for topic '/tf' on flush cycle 18565
2026-09-30T16:46:40Z [346,826ms] [Warning] [isaacsim.ros2.nodes] ROS2 TF aggregation contributor '/World/Nova_Carter_ROS/chassis_link/sensors/right_hawk/ROS_TF/PublisherTF' did not submit transforms for topic '/tf' on flush cycle 18565
2026-09-30T16:46:40Z [346,826ms] [Warning] [isaacsim.ros2.nodes] ROS2 TF aggregation contributor '/World/Nova_Carter_ROS/chassis_link/sensors/front_owl/ROS_TF/PublisherTF' did not submit transforms for topic '/tf' on flush cycle 18565
2026-09-30T16:46:40Z [346,826ms] [Warning] [isaacsim.ros2.nodes] ROS2 TF aggregation contributor '/World/Nova_Carter_ROS/chassis_link/sensors/back_owl/ROS_TF/PublisherTF' did not submit transforms for topic '/tf' on flush cycle 18565
2026-09-30T16:46:40Z [346,826ms] [Warning] [isaacsim.ros2.nodes] ROS2 TF aggregation contributor '/World/Nova_Carter_ROS/transform_tree_odometry/tf_tree_base_link_to_wheel_base' did not submit transforms for topic '/tf' on flush cycle 18565
2026-09-30T16:46:40Z [346,826ms] [Warning] [isaacsim.ros2.nodes] ROS2 TF aggregation contributor '/World/Nova_Carter_ROS/transform_tree_odometry/tf_tree_base_link_to_sensors' did not submit transforms for topic '/tf' on flush cycle 18565
2026-09-30T16:46:40Z [346,826ms] [Warning] [isaacsim.ros2.nodes] ROS2 TF aggregation contributor '/World/Nova_Carter_ROS/transform_tree_odometry/tf_tree_base_link_to_chassis' did not submit transforms for topic '/tf' on flush cycle 18565
2026-09-30T16:46:42Z [348,866ms] [Warning] [isaacsim.ros2.nodes] ROS2 TF aggregation contributor '/World/Nova_Carter_ROS/chassis_link/sensors/left_owl/ROS_TF/PublisherTF' did not submit transforms for topic '/tf' on flush cycle 18685
2026-09-30T16:46:42Z [348,867ms] [Warning] [isaacsim.ros2.nodes] ROS2 TF aggregation contributor '/World/Nova_Carter_ROS/chassis_link/sensors/XT_32/ROS_TF/PublisherTF' did not submit transforms for topic '/tf' on flush cycle 18685
2026-09-30T16:46:42Z [348,867ms] [Warning] [isaacsim.ros2.nodes] ROS2 TF aggregation contributor '/World/Nova_Carter_ROS/chassis_link/sensors/front_hawk/ROS_TF/PublisherTF' did not submit transforms for topic '/tf' on flush cycle 18685
2026-09-30T16:46:42Z [348,867ms] [Warning] [isaacsim.ros2.nodes] ROS2 TF aggregation contributor '/World/Nova_Carter_ROS/chassis_link/sensors/back_hawk/ROS_TF/PublisherTF' did not submit transforms for topic '/tf' on flush cycle 18685
2026-09-30T16:46:42Z [348,867ms] [Warning] [isaacsim.ros2.nodes] ROS2 TF aggregation contributor '/World/Nova_Carter_ROS/chassis_link/sensors/left_hawk/ROS_TF/PublisherTF' did not submit transforms for topic '/tf' on flush cycle 18685
2026-09-30T16:46:42Z [348,867ms] [Warning] [isaacsim.ros2.nodes] ROS2 TF aggregation contributor '/World/Nova_Carter_ROS/transform_tree_odometry/ros2_publish_raw_transform_tree' did not submit transforms for topic '/tf' on flush cycle 18685
2026-09-30T16:46:42Z [348,867ms] [Warning] [isaacsim.ros2.nodes] ROS2 TF aggregation contributor '/World/Nova_Carter_ROS/chassis_link/sensors/rear_RPLidar/ROS_TF/PublisherTF' did not submit transforms for topic '/tf' on flush cycle 18685
2026-09-30T16:46:42Z [348,867ms] [Warning] [isaacsim.ros2.nodes] ROS2 TF aggregation contributor '/World/Nova_Carter_ROS/chassis_link/sensors/right_owl/ROS_TF/PublisherTF' did not submit transforms for topic '/tf' on flush cycle 18685
2026-09-30T16:46:42Z [348,867ms] [Warning] [isaacsim.ros2.nodes] ROS2 TF aggregation contributor '/World/Nova_Carter_ROS/chassis_link/sensors/front_RPLidar/ROS_TF/PublisherTF' did not submit transforms for topic '/tf' on flush cycle 18685
2026-09-30T16:46:42Z [348,867ms] [Warning] [isaacsim.ros2.nodes] ROS2 TF aggregation contributor '/World/Nova_Carter_ROS/chassis_link/sensors/right_hawk/ROS_TF/PublisherTF' did not submit transforms for topic '/tf' on flush cycle 18685
2026-09-30T16:46:42Z [348,867ms] [Warning] [isaacsim.ros2.nodes] ROS2 TF aggregation contributor '/World/Nova_Carter_ROS/chassis_link/sensors/front_owl/ROS_TF/PublisherTF' did not submit transforms for topic '/tf' on flush cycle 18685
2026-09-30T16:46:42Z [348,867ms] [Warning] [isaacsim.ros2.nodes] ROS2 TF aggregation contributor '/World/Nova_Carter_ROS/chassis_link/sensors/back_owl/ROS_TF/PublisherTF' did not submit transforms for topic '/tf' on flush cycle 18685
2026-09-30T16:46:42Z [348,867ms] [Warning] [isaacsim.ros2.nodes] ROS2 TF aggregation contributor '/World/Nova_Carter_ROS/transform_tree_odometry/tf_tree_base_link_to_wheel_base' did not submit transforms for topic '/tf' on flush cycle 18685
2026-09-30T16:46:42Z [348,867ms] [Warning] [isaacsim.ros2.nodes] ROS2 TF aggregation contributor '/World/Nova_Carter_ROS/transform_tree_odometry/tf_tree_base_link_to_sensors' did not submit transforms for topic '/tf' on flush cycle 18685
2026-09-30T16:46:42Z [348,867ms] [Warning] [isaacsim.ros2.nodes] ROS2 TF aggregation contributor '/World/Nova_Carter_ROS/transform_tree_odometry/tf_tree_base_link_to_chassis' did not submit transforms for topic '/tf' on flush cycle 18685
2026-09-30T16:46:44Z [350,917ms] [Warning] [isaacsim.ros2.nodes] ROS2 TF aggregation contributor '/World/Nova_Carter_ROS/chassis_link/sensors/left_owl/ROS_TF/PublisherTF' did not submit transforms for topic '/tf' on flush cycle 18805
2026-09-30T16:46:44Z [350,917ms] [Warning] [isaacsim.ros2.nodes] ROS2 TF aggregation contributor '/World/Nova_Carter_ROS/chassis_link/sensors/XT_32/ROS_TF/PublisherTF' did not submit transforms for topic '/tf' on flush cycle 18805
2026-09-30T16:46:44Z [350,917ms] [Warning] [isaacsim.ros2.nodes] ROS2 TF aggregation contributor '/World/Nova_Carter_ROS/chassis_link/sensors/front_hawk/ROS_TF/PublisherTF' did not submit transforms for topic '/tf' on flush cycle 18805
2026-09-30T16:46:44Z [350,917ms] [Warning] [isaacsim.ros2.nodes] ROS2 TF aggregation contributor '/World/Nova_Carter_ROS/chassis_link/sensors/back_hawk/ROS_TF/PublisherTF' did not submit transforms for topic '/tf' on flush cycle 18805
2026-09-30T16:46:44Z [350,917ms] [Warning] [isaacsim.ros2.nodes] ROS2 TF aggregation contributor '/World/Nova_Carter_ROS/chassis_link/sensors/left_hawk/ROS_TF/PublisherTF' did not submit transforms for topic '/tf' on flush cycle 18805
2026-09-30T16:46:44Z [350,917ms] [Warning] [isaacsim.ros2.nodes] ROS2 TF aggregation contributor '/World/Nova_Carter_ROS/transform_tree_odometry/ros2_publish_raw_transform_tree' did not submit transforms for topic '/tf' on flush cycle 18805
2026-09-30T16:46:44Z [350,917ms] [Warning] [isaacsim.ros2.nodes] ROS2 TF aggregation contributor '/World/Nova_Carter_ROS/chassis_link/sensors/rear_RPLidar/ROS_TF/PublisherTF' did not submit transforms for topic '/tf' on flush cycle 18805
2026-09-30T16:46:44Z [350,917ms] [Warning] [isaacsim.ros2.nodes] ROS2 TF aggregation contributor '/World/Nova_Carter_ROS/chassis_link/sensors/right_owl/ROS_TF/PublisherTF' did not submit transforms for topic '/tf' on flush cycle 18805
2026-09-30T16:46:44Z [350,917ms] [Warning] [isaacsim.ros2.nodes] ROS2 TF aggregation contributor '/World/Nova_Carter_ROS/chassis_link/sensors/front_RPLidar/ROS_TF/PublisherTF' did not submit transforms for topic '/tf' on flush cycle 18805
2026-09-30T16:46:44Z [350,917ms] [Warning] [isaacsim.ros2.nodes] ROS2 TF aggregation contributor '/World/Nova_Carter_ROS/chassis_link/sensors/right_hawk/ROS_TF/PublisherTF' did not submit transforms for topic '/tf' on flush cycle 18805
2026-09-30T16:46:44Z [350,917ms] [Warning] [isaacsim.ros2.nodes] ROS2 TF aggregation contributor '/World/Nova_Carter_ROS/chassis_link/sensors/front_owl/ROS_TF/PublisherTF' did not submit transforms for topic '/tf' on flush cycle 18805
2026-09-30T16:46:44Z [350,917ms] [Warning] [isaacsim.ros2.nodes] ROS2 TF aggregation contributor '/World/Nova_Carter_ROS/chassis_link/sensors/back_owl/ROS_TF/PublisherTF' did not submit transforms for topic '/tf' on flush cycle 18805
2026-09-30T16:46:44Z [350,917ms] [Warning] [isaacsim.ros2.nodes] ROS2 TF aggregation contributor '/World/Nova_Carter_ROS/transform_tree_odometry/tf_tree_base_link_to_wheel_base' did not submit transforms for topic '/tf' on flush cycle 18805
2026-09-30T16:46:44Z [350,917ms] [Warning] [isaacsim.ros2.nodes] ROS2 TF aggregation contributor '/World/Nova_Carter_ROS/transform_tree_odometry/tf_tree_base_link_to_sensors' did not submit transforms for topic '/tf' on flush cycle 18805
2026-09-30T16:46:44Z [350,917ms] [Warning] [isaacsim.ros2.nodes] ROS2 TF aggregation contributor '/World/Nova_Carter_ROS/transform_tree_odometry/tf_tree_base_link_to_chassis' did not submit transforms for topic '/tf' on flush cycle 18805
2026-09-30T16:46:46Z [352,966ms] [Warning] [isaacsim.ros2.nodes] ROS2 TF aggregation contributor '/World/Nova_Carter_ROS/chassis_link/sensors/left_owl/ROS_TF/PublisherTF' did not submit transforms for topic '/tf' on flush cycle 18925
2026-09-30T16:46:46Z [352,966ms] [Warning] [isaacsim.ros2.nodes] ROS2 TF aggregation contributor '/World/Nova_Carter_ROS/chassis_link/sensors/XT_32/ROS_TF/PublisherTF' did not submit transforms for topic '/tf' on flush cycle 18925
2026-09-30T16:46:46Z [352,966ms] [Warning] [isaacsim.ros2.nodes] ROS2 TF aggregation contributor '/World/Nova_Carter_ROS/chassis_link/sensors/front_hawk/ROS_TF/PublisherTF' did not submit transforms for topic '/tf' on flush cycle 18925
2026-09-30T16:46:46Z [352,966ms] [Warning] [isaacsim.ros2.nodes] ROS2 TF aggregation contributor '/World/Nova_Carter_ROS/chassis_link/sensors/back_hawk/ROS_TF/PublisherTF' did not submit transforms for topic '/tf' on flush cycle 18925
2026-09-30T16:46:46Z [352,966ms] [Warning] [isaacsim.ros2.nodes] ROS2 TF aggregation contributor '/World/Nova_Carter_ROS/chassis_link/sensors/left_hawk/ROS_TF/PublisherTF' did not submit transforms for topic '/tf' on flush cycle 18925
2026-09-30T16:46:46Z [352,966ms] [Warning] [isaacsim.ros2.nodes] ROS2 TF aggregation contributor '/World/Nova_Carter_ROS/transform_tree_odometry/ros2_publish_raw_transform_tree' did not submit transforms for topic '/tf' on flush cycle 18925
2026-09-30T16:46:46Z [352,966ms] [Warning] [isaacsim.ros2.nodes] ROS2 TF aggregation contributor '/World/Nova_Carter_ROS/chassis_link/sensors/rear_RPLidar/ROS_TF/PublisherTF' did not submit transforms for topic '/tf' on flush cycle 18925
2026-09-30T16:46:46Z [352,966ms] [Warning] [isaacsim.ros2.nodes] ROS2 TF aggregation contributor '/World/Nova_Carter_ROS/chassis_link/sensors/right_owl/ROS_TF/PublisherTF' did not submit transforms for topic '/tf' on flush cycle 18925
2026-09-30T16:46:46Z [352,966ms] [Warning] [isaacsim.ros2.nodes] ROS2 TF aggregation contributor '/World/Nova_Carter_ROS/chassis_link/sensors/front_RPLidar/ROS_TF/PublisherTF' did not submit transforms for topic '/tf' on flush cycle 18925
2026-09-30T16:46:46Z [352,966ms] [Warning] [isaacsim.ros2.nodes] ROS2 TF aggregation contributor '/World/Nova_Carter_ROS/chassis_link/sensors/right_hawk/ROS_TF/PublisherTF' did not submit transforms for topic '/tf' on flush cycle 18925
2026-09-30T16:46:46Z [352,966ms] [Warning] [isaacsim.ros2.nodes] ROS2 TF aggregation contributor '/World/Nova_Carter_ROS/chassis_link/sensors/front_owl/ROS_TF/PublisherTF' did not submit transforms for topic '/tf' on flush cycle 18925
2026-09-30T16:46:46Z [352,966ms] [Warning] [isaacsim.ros2.nodes] ROS2 TF aggregation contributor '/World/Nova_Carter_ROS/chassis_link/sensors/back_owl/ROS_TF/PublisherTF' did not submit transforms for topic '/tf' on flush cycle 18925
2026-09-30T16:46:46Z [352,966ms] [Warning] [isaacsim.ros2.nodes] ROS2 TF aggregation contributor '/World/Nova_Carter_ROS/transform_tree_odometry/tf_tree_base_link_to_wheel_base' did not submit transforms for topic '/tf' on flush cycle 18925
2026-09-30T16:46:46Z [352,966ms] [Warning] [isaacsim.ros2.nodes] ROS2 TF aggregation contributor '/World/Nova_Carter_ROS/transform_tree_odometry/tf_tree_base_link_to_sensors' did not submit transforms for topic '/tf' on flush cycle 18925
2026-09-30T16:46:46Z [352,966ms] [Warning] [isaacsim.ros2.nodes] ROS2 TF aggregation contributor '/World/Nova_Carter_ROS/transform_tree_odometry/tf_tree_base_link_to_chassis' did not submit transforms for topic '/tf' on flush cycle 18925
2026-09-30T16:46:48Z [355,016ms] [Warning] [isaacsim.ros2.nodes] ROS2 TF aggregation contributor '/World/Nova_Carter_ROS/chassis_link/sensors/left_owl/ROS_TF/PublisherTF' did not submit transforms for topic '/tf' on flush cycle 19045
2026-09-30T16:46:48Z [355,016ms] [Warning] [isaacsim.ros2.nodes] ROS2 TF aggregation contributor '/World/Nova_Carter_ROS/chassis_link/sensors/XT_32/ROS_TF/PublisherTF' did not submit transforms for topic '/tf' on flush cycle 19045
2026-09-30T16:46:48Z [355,016ms] [Warning] [isaacsim.ros2.nodes] ROS2 TF aggregation contributor '/World/Nova_Carter_ROS/chassis_link/sensors/front_hawk/ROS_TF/PublisherTF' did not submit transforms for topic '/tf' on flush cycle 19045
2026-09-30T16:46:48Z [355,016ms] [Warning] [isaacsim.ros2.nodes] ROS2 TF aggregation contributor '/World/Nova_Carter_ROS/chassis_link/sensors/back_hawk/ROS_TF/PublisherTF' did not submit transforms for topic '/tf' on flush cycle 19045
2026-09-30T16:46:48Z [355,016ms] [Warning] [isaacsim.ros2.nodes] ROS2 TF aggregation contributor '/World/Nova_Carter_ROS/chassis_link/sensors/left_hawk/ROS_TF/PublisherTF' did not submit transforms for topic '/tf' on flush cycle 19045
2026-09-30T16:46:48Z [355,016ms] [Warning] [isaacsim.ros2.nodes] ROS2 TF aggregation contributor '/World/Nova_Carter_ROS/transform_tree_odometry/ros2_publish_raw_transform_tree' did not submit transforms for topic '/tf' on flush cycle 19045
2026-09-30T16:46:48Z [355,016ms] [Warning] [isaacsim.ros2.nodes] ROS2 TF aggregation contributor '/World/Nova_Carter_ROS/chassis_link/sensors/rear_RPLidar/ROS_TF/PublisherTF' did not submit transforms for topic '/tf' on flush cycle 19045
2026-09-30T16:46:48Z [355,016ms] [Warning] [isaacsim.ros2.nodes] ROS2 TF aggregation contributor '/World/Nova_Carter_ROS/chassis_link/sensors/right_owl/ROS_TF/PublisherTF' did not submit transforms for topic '/tf' on flush cycle 19045
2026-09-30T16:46:48Z [355,016ms] [Warning] [isaacsim.ros2.nodes] ROS2 TF aggregation contributor '/World/Nova_Carter_ROS/chassis_link/sensors/front_RPLidar/ROS_TF/PublisherTF' did not submit transforms for topic '/tf' on flush cycle 19045
2026-09-30T16:46:48Z [355,016ms] [Warning] [isaacsim.ros2.nodes] ROS2 TF aggregation contributor '/World/Nova_Carter_ROS/chassis_link/sensors/right_hawk/ROS_TF/PublisherTF' did not submit transforms for topic '/tf' on flush cycle 19045
2026-09-30T16:46:48Z [355,016ms] [Warning] [isaacsim.ros2.nodes] ROS2 TF aggregation contributor '/World/Nova_Carter_ROS/chassis_link/sensors/front_owl/ROS_TF/PublisherTF' did not submit transforms for topic '/tf' on flush cycle 19045
2026-09-30T16:46:48Z [355,016ms] [Warning] [isaacsim.ros2.nodes] ROS2 TF aggregation contributor '/World/Nova_Carter_ROS/chassis_link/sensors/back_owl/ROS_TF/PublisherTF' did not submit transforms for topic '/tf' on flush cycle 19045
2026-09-30T16:46:48Z [355,016ms] [Warning] [isaacsim.ros2.nodes] ROS2 TF aggregation contributor '/World/Nova_Carter_ROS/transform_tree_odometry/tf_tree_base_link_to_wheel_base' did not submit transforms for topic '/tf' on flush cycle 19045
2026-09-30T16:46:48Z [355,016ms] [Warning] [isaacsim.ros2.nodes] ROS2 TF aggregation contributor '/World/Nova_Carter_ROS/transform_tree_odometry/tf_tree_base_link_to_sensors' did not submit transforms for topic '/tf' on flush cycle 19045
2026-09-30T16:46:48Z [355,016ms] [Warning] [isaacsim.ros2.nodes] ROS2 TF aggregation contributor '/World/Nova_Carter_ROS/transform_tree_odometry/tf_tree_base_link_to_chassis' did not submit transforms for topic '/tf' on flush cycle 19045
2026-09-30T16:46:51Z [357,066ms] [Warning] [isaacsim.ros2.nodes] ROS2 TF aggregation contributor '/World/Nova_Carter_ROS/chassis_link/sensors/left_owl/ROS_TF/PublisherTF' did not submit transforms for topic '/tf' on flush cycle 19165
2026-09-30T16:46:51Z [357,066ms] [Warning] [isaacsim.ros2.nodes] ROS2 TF aggregation contributor '/World/Nova_Carter_ROS/chassis_link/sensors/XT_32/ROS_TF/PublisherTF' did not submit transforms for topic '/tf' on flush cycle 19165
2026-09-30T16:46:51Z [357,066ms] [Warning] [isaacsim.ros2.nodes] ROS2 TF aggregation contributor '/World/Nova_Carter_ROS/chassis_link/sensors/front_hawk/ROS_TF/PublisherTF' did not submit transforms for topic '/tf' on flush cycle 19165
2026-09-30T16:46:51Z [357,066ms] [Warning] [isaacsim.ros2.nodes] ROS2 TF aggregation contributor '/World/Nova_Carter_ROS/chassis_link/sensors/back_hawk/ROS_TF/PublisherTF' did not submit transforms for topic '/tf' on flush cycle 19165
2026-09-30T16:46:51Z [357,066ms] [Warning] [isaacsim.ros2.nodes] ROS2 TF aggregation contributor '/World/Nova_Carter_ROS/chassis_link/sensors/left_hawk/ROS_TF/PublisherTF' did not submit transforms for topic '/tf' on flush cycle 19165
2026-09-30T16:46:51Z [357,066ms] [Warning] [isaacsim.ros2.nodes] ROS2 TF aggregation contributor '/World/Nova_Carter_ROS/transform_tree_odometry/ros2_publish_raw_transform_tree' did not submit transforms for topic '/tf' on flush cycle 19165
2026-09-30T16:46:51Z [357,066ms] [Warning] [isaacsim.ros2.nodes] ROS2 TF aggregation contributor '/World/Nova_Carter_ROS/chassis_link/sensors/rear_RPLidar/ROS_TF/PublisherTF' did not submit transforms for topic '/tf' on flush cycle 19165
2026-09-30T16:46:51Z [357,066ms] [Warning] [isaacsim.ros2.nodes] ROS2 TF aggregation contributor '/World/Nova_Carter_ROS/chassis_link/sensors/right_owl/ROS_TF/PublisherTF' did not submit transforms for topic '/tf' on flush cycle 19165
2026-09-30T16:46:51Z [357,066ms] [Warning] [isaacsim.ros2.nodes] ROS2 TF aggregation contributor '/World/Nova_Carter_ROS/chassis_link/sensors/front_RPLidar/ROS_TF/PublisherTF' did not submit transforms for topic '/tf' on flush cycle 19165
2026-09-30T16:46:51Z [357,066ms] [Warning] [isaacsim.ros2.nodes] ROS2 TF aggregation contributor '/World/Nova_Carter_ROS/chassis_link/sensors/right_hawk/ROS_TF/PublisherTF' did not submit transforms for topic '/tf' on flush cycle 19165
2026-09-30T16:46:51Z [357,066ms] [Warning] [isaacsim.ros2.nodes] ROS2 TF aggregation contributor '/World/Nova_Carter_ROS/chassis_link/sensors/front_owl/ROS_TF/PublisherTF' did not submit transforms for topic '/tf' on flush cycle 19165
2026-09-30T16:46:51Z [357,066ms] [Warning] [isaacsim.ros2.nodes] ROS2 TF aggregation contributor '/World/Nova_Carter_ROS/chassis_link/sensors/back_owl/ROS_TF/PublisherTF' did not submit transforms for topic '/tf' on flush cycle 19165
2026-09-30T16:46:51Z [357,066ms] [Warning] [isaacsim.ros2.nodes] ROS2 TF aggregation contributor '/World/Nova_Carter_ROS/transform_tree_odometry/tf_tree_base_link_to_wheel_base' did not submit transforms for topic '/tf' on flush cycle 19165
2026-09-30T16:46:51Z [357,066ms] [Warning] [isaacsim.ros2.nodes] ROS2 TF aggregation contributor '/World/Nova_Carter_ROS/transform_tree_odometry/tf_tree_base_link_to_sensors' did not submit transforms for topic '/tf' on flush cycle 19165
2026-09-30T16:46:51Z [357,066ms] [Warning] [isaacsim.ros2.nodes] ROS2 TF aggregation contributor '/World/Nova_Carter_ROS/transform_tree_odometry/tf_tree_base_link_to_chassis' did not submit transforms for topic '/tf' on flush cycle 19165
2026-09-30T16:46:53Z [359,114ms] [Warning] [isaacsim.ros2.nodes] ROS2 TF aggregation contributor '/World/Nova_Carter_ROS/chassis_link/sensors/left_owl/ROS_TF/PublisherTF' did not submit transforms for topic '/tf' on flush cycle 19285
2026-09-30T16:46:53Z [359,114ms] [Warning] [isaacsim.ros2.nodes] ROS2 TF aggregation contributor '/World/Nova_Carter_ROS/chassis_link/sensors/XT_32/ROS_TF/PublisherTF' did not submit transforms for topic '/tf' on flush cycle 19285
2026-09-30T16:46:53Z [359,114ms] [Warning] [isaacsim.ros2.nodes] ROS2 TF aggregation contributor '/World/Nova_Carter_ROS/chassis_link/sensors/front_hawk/ROS_TF/PublisherTF' did not submit transforms for topic '/tf' on flush cycle 19285
2026-09-30T16:46:53Z [359,114ms] [Warning] [isaacsim.ros2.nodes] ROS2 TF aggregation contributor '/World/Nova_Carter_ROS/chassis_link/sensors/back_hawk/ROS_TF/PublisherTF' did not submit transforms for topic '/tf' on flush cycle 19285
2026-09-30T16:46:53Z [359,114ms] [Warning] [isaacsim.ros2.nodes] ROS2 TF aggregation contributor '/World/Nova_Carter_ROS/chassis_link/sensors/left_hawk/ROS_TF/PublisherTF' did not submit transforms for topic '/tf' on flush cycle 19285
2026-09-30T16:46:53Z [359,114ms] [Warning] [isaacsim.ros2.nodes] ROS2 TF aggregation contributor '/World/Nova_Carter_ROS/transform_tree_odometry/ros2_publish_raw_transform_tree' did not submit transforms for topic '/tf' on flush cycle 19285
2026-09-30T16:46:53Z [359,114ms] [Warning] [isaacsim.ros2.nodes] ROS2 TF aggregation contributor '/World/Nova_Carter_ROS/chassis_link/sensors/rear_RPLidar/ROS_TF/PublisherTF' did not submit transforms for topic '/tf' on flush cycle 19285
2026-09-30T16:46:53Z [359,114ms] [Warning] [isaacsim.ros2.nodes] ROS2 TF aggregation contributor '/World/Nova_Carter_ROS/chassis_link/sensors/right_owl/ROS_TF/PublisherTF' did not submit transforms for topic '/tf' on flush cycle 19285
2026-09-30T16:46:53Z [359,114ms] [Warning] [isaacsim.ros2.nodes] ROS2 TF aggregation contributor '/World/Nova_Carter_ROS/chassis_link/sensors/front_RPLidar/ROS_TF/PublisherTF' did not submit transforms for topic '/tf' on flush cycle 19285
2026-09-30T16:46:53Z [359,114ms] [Warning] [isaacsim.ros2.nodes] ROS2 TF aggregation contributor '/World/Nova_Carter_ROS/chassis_link/sensors/right_hawk/ROS_TF/PublisherTF' did not submit transforms for topic '/tf' on flush cycle 19285
2026-09-30T16:46:53Z [359,114ms] [Warning] [isaacsim.ros2.nodes] ROS2 TF aggregation contributor '/World/Nova_Carter_ROS/chassis_link/sensors/front_owl/ROS_TF/PublisherTF' did not submit transforms for topic '/tf' on flush cycle 19285
2026-09-30T16:46:53Z [359,114ms] [Warning] [isaacsim.ros2.nodes] ROS2 TF aggregation contributor '/World/Nova_Carter_ROS/chassis_link/sensors/back_owl/ROS_TF/PublisherTF' did not submit transforms for topic '/tf' on flush cycle 19285
2026-09-30T16:46:53Z [359,114ms] [Warning] [isaacsim.ros2.nodes] ROS2 TF aggregation contributor '/World/Nova_Carter_ROS/transform_tree_odometry/tf_tree_base_link_to_wheel_base' did not submit transforms for topic '/tf' on flush cycle 19285
2026-09-30T16:46:53Z [359,114ms] [Warning] [isaacsim.ros2.nodes] ROS2 TF aggregation contributor '/World/Nova_Carter_ROS/transform_tree_odometry/tf_tree_base_link_to_sensors' did not submit transforms for topic '/tf' on flush cycle 19285
2026-09-30T16:46:53Z [359,114ms] [Warning] [isaacsim.ros2.nodes] ROS2 TF aggregation contributor '/World/Nova_Carter_ROS/transform_tree_odometry/tf_tree_base_link_to_chassis' did not submit transforms for topic '/tf' on flush cycle 19285
2026-09-30T16:47:03Z [369,411ms] [Warning] [isaacsim.ros2.nodes] ROS2 TF aggregation contributor '/World/Nova_Carter_ROS/chassis_link/sensors/left_owl/ROS_TF/PublisherTF' did not submit transforms for topic '/tf' on flush cycle 19848
2026-09-30T16:47:03Z [369,411ms] [Warning] [isaacsim.ros2.nodes] ROS2 TF aggregation contributor '/World/Nova_Carter_ROS/chassis_link/sensors/XT_32/ROS_TF/PublisherTF' did not submit transforms for topic '/tf' on flush cycle 19848
2026-09-30T16:47:03Z [369,411ms] [Warning] [isaacsim.ros2.nodes] ROS2 TF aggregation contributor '/World/Nova_Carter_ROS/chassis_link/sensors/front_hawk/ROS_TF/PublisherTF' did not submit transforms for topic '/tf' on flush cycle 19848
2026-09-30T16:47:03Z [369,411ms] [Warning] [isaacsim.ros2.nodes] ROS2 TF aggregation contributor '/World/Nova_Carter_ROS/chassis_link/sensors/back_hawk/ROS_TF/PublisherTF' did not submit transforms for topic '/tf' on flush cycle 19848
2026-09-30T16:47:03Z [369,411ms] [Warning] [isaacsim.ros2.nodes] ROS2 TF aggregation contributor '/World/Nova_Carter_ROS/chassis_link/sensors/left_hawk/ROS_TF/PublisherTF' did not submit transforms for topic '/tf' on flush cycle 19848
2026-09-30T16:47:03Z [369,411ms] [Warning] [isaacsim.ros2.nodes] ROS2 TF aggregation contributor '/World/Nova_Carter_ROS/transform_tree_odometry/ros2_publish_raw_transform_tree' did not submit transforms for topic '/tf' on flush cycle 19848
2026-09-30T16:47:03Z [369,411ms] [Warning] [isaacsim.ros2.nodes] ROS2 TF aggregation contributor '/World/Nova_Carter_ROS/chassis_link/sensors/rear_RPLidar/ROS_TF/PublisherTF' did not submit transforms for topic '/tf' on flush cycle 19848
2026-09-30T16:47:03Z [369,411ms] [Warning] [isaacsim.ros2.nodes] ROS2 TF aggregation contributor '/World/Nova_Carter_ROS/chassis_link/sensors/right_owl/ROS_TF/PublisherTF' did not submit transforms for topic '/tf' on flush cycle 19848
2026-09-30T16:47:03Z [369,411ms] [Warning] [isaacsim.ros2.nodes] ROS2 TF aggregation contributor '/World/Nova_Carter_ROS/chassis_link/sensors/front_RPLidar/ROS_TF/PublisherTF' did not submit transforms for topic '/tf' on flush cycle 19848
2026-09-30T16:47:03Z [369,411ms] [Warning] [isaacsim.ros2.nodes] ROS2 TF aggregation contributor '/World/Nova_Carter_ROS/chassis_link/sensors/right_hawk/ROS_TF/PublisherTF' did not submit transforms for topic '/tf' on flush cycle 19848
2026-09-30T16:47:03Z [369,411ms] [Warning] [isaacsim.ros2.nodes] ROS2 TF aggregation contributor '/World/Nova_Carter_ROS/chassis_link/sensors/front_owl/ROS_TF/PublisherTF' did not submit transforms for topic '/tf' on flush cycle 19848
2026-09-30T16:47:03Z [369,411ms] [Warning] [isaacsim.ros2.nodes] ROS2 TF aggregation contributor '/World/Nova_Carter_ROS/chassis_link/sensors/back_owl/ROS_TF/PublisherTF' did not submit transforms for topic '/tf' on flush cycle 19848
2026-09-30T16:47:03Z [369,411ms] [Warning] [isaacsim.ros2.nodes] ROS2 TF aggregation contributor '/World/Nova_Carter_ROS/transform_tree_odometry/tf_tree_base_link_to_wheel_base' did not submit transforms for topic '/tf' on flush cycle 19848
2026-09-30T16:47:03Z [369,411ms] [Warning] [isaacsim.ros2.nodes] ROS2 TF aggregation contributor '/World/Nova_Carter_ROS/transform_tree_odometry/tf_tree_base_link_to_sensors' did not submit transforms for topic '/tf' on flush cycle 19848
2026-09-30T16:47:03Z [369,411ms] [Warning] [isaacsim.ros2.nodes] ROS2 TF aggregation contributor '/World/Nova_Carter_ROS/transform_tree_odometry/tf_tree_base_link_to_chassis' did not submit transforms for topic '/tf' on flush cycle 19848
2026-09-30T16:47:05Z [371,589ms] [Warning] [isaacsim.ros2.nodes] ROS2 TF aggregation contributor '/World/Nova_Carter_ROS/chassis_link/sensors/left_owl/ROS_TF/PublisherTF' did not submit transforms for topic '/tf' on flush cycle 19968
2026-09-30T16:47:05Z [371,589ms] [Warning] [isaacsim.ros2.nodes] ROS2 TF aggregation contributor '/World/Nova_Carter_ROS/chassis_link/sensors/XT_32/ROS_TF/PublisherTF' did not submit transforms for topic '/tf' on flush cycle 19968
2026-09-30T16:47:05Z [371,589ms] [Warning] [isaacsim.ros2.nodes] ROS2 TF aggregation contributor '/World/Nova_Carter_ROS/chassis_link/sensors/front_hawk/ROS_TF/PublisherTF' did not submit transforms for topic '/tf' on flush cycle 19968
2026-09-30T16:47:05Z [371,589ms] [Warning] [isaacsim.ros2.nodes] ROS2 TF aggregation contributor '/World/Nova_Carter_ROS/chassis_link/sensors/back_hawk/ROS_TF/PublisherTF' did not submit transforms for topic '/tf' on flush cycle 19968
2026-09-30T16:47:05Z [371,589ms] [Warning] [isaacsim.ros2.nodes] ROS2 TF aggregation contributor '/World/Nova_Carter_ROS/chassis_link/sensors/left_hawk/ROS_TF/PublisherTF' did not submit transforms for topic '/tf' on flush cycle 19968
2026-09-30T16:47:05Z [371,589ms] [Warning] [isaacsim.ros2.nodes] ROS2 TF aggregation contributor '/World/Nova_Carter_ROS/transform_tree_odometry/ros2_publish_raw_transform_tree' did not submit transforms for topic '/tf' on flush cycle 19968
2026-09-30T16:47:05Z [371,589ms] [Warning] [isaacsim.ros2.nodes] ROS2 TF aggregation contributor '/World/Nova_Carter_ROS/chassis_link/sensors/rear_RPLidar/ROS_TF/PublisherTF' did not submit transforms for topic '/tf' on flush cycle 19968
2026-09-30T16:47:05Z [371,589ms] [Warning] [isaacsim.ros2.nodes] ROS2 TF aggregation contributor '/World/Nova_Carter_ROS/chassis_link/sensors/right_owl/ROS_TF/PublisherTF' did not submit transforms for topic '/tf' on flush cycle 19968
2026-09-30T16:47:05Z [371,589ms] [Warning] [isaacsim.ros2.nodes] ROS2 TF aggregation contributor '/World/Nova_Carter_ROS/chassis_link/sensors/front_RPLidar/ROS_TF/PublisherTF' did not submit transforms for topic '/tf' on flush cycle 19968
2026-09-30T16:47:05Z [371,589ms] [Warning] [isaacsim.ros2.nodes] ROS2 TF aggregation contributor '/World/Nova_Carter_ROS/chassis_link/sensors/right_hawk/ROS_TF/PublisherTF' did not submit transforms for topic '/tf' on flush cycle 19968
2026-09-30T16:47:05Z [371,589ms] [Warning] [isaacsim.ros2.nodes] ROS2 TF aggregation contributor '/World/Nova_Carter_ROS/chassis_link/sensors/front_owl/ROS_TF/PublisherTF' did not submit transforms for topic '/tf' on flush cycle 19968
2026-09-30T16:47:05Z [371,589ms] [Warning] [isaacsim.ros2.nodes] ROS2 TF aggregation contributor '/World/Nova_Carter_ROS/chassis_link/sensors/back_owl/ROS_TF/PublisherTF' did not submit transforms for topic '/tf' on flush cycle 19968
2026-09-30T16:47:05Z [371,589ms] [Warning] [isaacsim.ros2.nodes] ROS2 TF aggregation contributor '/World/Nova_Carter_ROS/transform_tree_odometry/tf_tree_base_link_to_wheel_base' did not submit transforms for topic '/tf' on flush cycle 19968
2026-09-30T16:47:05Z [371,589ms] [Warning] [isaacsim.ros2.nodes] ROS2 TF aggregation contributor '/World/Nova_Carter_ROS/transform_tree_odometry/tf_tree_base_link_to_sensors' did not submit transforms for topic '/tf' on flush cycle 19968
2026-09-30T16:47:05Z [371,589ms] [Warning] [isaacsim.ros2.nodes] ROS2 TF aggregation contributor '/World/Nova_Carter_ROS/transform_tree_odometry/tf_tree_base_link_to_chassis' did not submit transforms for topic '/tf' on flush cycle 19968
2026-09-30T16:47:07Z [373,635ms] [Warning] [isaacsim.ros2.nodes] ROS2 TF aggregation contributor '/World/Nova_Carter_ROS/chassis_link/sensors/left_owl/ROS_TF/PublisherTF' did not submit transforms for topic '/tf' on flush cycle 20088
2026-09-30T16:47:07Z [373,635ms] [Warning] [isaacsim.ros2.nodes] ROS2 TF aggregation contributor '/World/Nova_Carter_ROS/chassis_link/sensors/XT_32/ROS_TF/PublisherTF' did not submit transforms for topic '/tf' on flush cycle 20088
2026-09-30T16:47:07Z [373,635ms] [Warning] [isaacsim.ros2.nodes] ROS2 TF aggregation contributor '/World/Nova_Carter_ROS/chassis_link/sensors/front_hawk/ROS_TF/PublisherTF' did not submit transforms for topic '/tf' on flush cycle 20088
2026-09-30T16:47:07Z [373,635ms] [Warning] [isaacsim.ros2.nodes] ROS2 TF aggregation contributor '/World/Nova_Carter_ROS/chassis_link/sensors/back_hawk/ROS_TF/PublisherTF' did not submit transforms for topic '/tf' on flush cycle 20088
2026-09-30T16:47:07Z [373,635ms] [Warning] [isaacsim.ros2.nodes] ROS2 TF aggregation contributor '/World/Nova_Carter_ROS/chassis_link/sensors/left_hawk/ROS_TF/PublisherTF' did not submit transforms for topic '/tf' on flush cycle 20088
2026-09-30T16:47:07Z [373,635ms] [Warning] [isaacsim.ros2.nodes] ROS2 TF aggregation contributor '/World/Nova_Carter_ROS/transform_tree_odometry/ros2_publish_raw_transform_tree' did not submit transforms for topic '/tf' on flush cycle 20088
2026-09-30T16:47:07Z [373,635ms] [Warning] [isaacsim.ros2.nodes] ROS2 TF aggregation contributor '/World/Nova_Carter_ROS/chassis_link/sensors/rear_RPLidar/ROS_TF/PublisherTF' did not submit transforms for topic '/tf' on flush cycle 20088
2026-09-30T16:47:07Z [373,635ms] [Warning] [isaacsim.ros2.nodes] ROS2 TF aggregation contributor '/World/Nova_Carter_ROS/chassis_link/sensors/right_owl/ROS_TF/PublisherTF' did not submit transforms for topic '/tf' on flush cycle 20088
2026-09-30T16:47:07Z [373,635ms] [Warning] [isaacsim.ros2.nodes] ROS2 TF aggregation contributor '/World/Nova_Carter_ROS/chassis_link/sensors/front_RPLidar/ROS_TF/PublisherTF' did not submit transforms for topic '/tf' on flush cycle 20088
2026-09-30T16:47:07Z [373,635ms] [Warning] [isaacsim.ros2.nodes] ROS2 TF aggregation contributor '/World/Nova_Carter_ROS/chassis_link/sensors/right_hawk/ROS_TF/PublisherTF' did not submit transforms for topic '/tf' on flush cycle 20088
2026-09-30T16:47:07Z [373,635ms] [Warning] [isaacsim.ros2.nodes] ROS2 TF aggregation contributor '/World/Nova_Carter_ROS/chassis_link/sensors/front_owl/ROS_TF/PublisherTF' did not submit transforms for topic '/tf' on flush cycle 20088
2026-09-30T16:47:07Z [373,635ms] [Warning] [isaacsim.ros2.nodes] ROS2 TF aggregation contributor '/World/Nova_Carter_ROS/chassis_link/sensors/back_owl/ROS_TF/PublisherTF' did not submit transforms for topic '/tf' on flush cycle 20088
2026-09-30T16:47:07Z [373,635ms] [Warning] [isaacsim.ros2.nodes] ROS2 TF aggregation contributor '/World/Nova_Carter_ROS/transform_tree_odometry/tf_tree_base_link_to_wheel_base' did not submit transforms for topic '/tf' on flush cycle 20088
2026-09-30T16:47:07Z [373,635ms] [Warning] [isaacsim.ros2.nodes] ROS2 TF aggregation contributor '/World/Nova_Carter_ROS/transform_tree_odometry/tf_tree_base_link_to_sensors' did not submit transforms for topic '/tf' on flush cycle 20088
2026-09-30T16:47:07Z [373,635ms] [Warning] [isaacsim.ros2.nodes] ROS2 TF aggregation contributor '/World/Nova_Carter_ROS/transform_tree_odometry/tf_tree_base_link_to_chassis' did not submit transforms for topic '/tf' on flush cycle 20088
2026-09-30T16:47:09Z [375,679ms] [Warning] [isaacsim.ros2.nodes] ROS2 TF aggregation contributor '/World/Nova_Carter_ROS/chassis_link/sensors/left_owl/ROS_TF/PublisherTF' did not submit transforms for topic '/tf' on flush cycle 20208
2026-09-30T16:47:09Z [375,679ms] [Warning] [isaacsim.ros2.nodes] ROS2 TF aggregation contributor '/World/Nova_Carter_ROS/chassis_link/sensors/XT_32/ROS_TF/PublisherTF' did not submit transforms for topic '/tf' on flush cycle 20208
2026-09-30T16:47:09Z [375,679ms] [Warning] [isaacsim.ros2.nodes] ROS2 TF aggregation contributor '/World/Nova_Carter_ROS/chassis_link/sensors/front_hawk/ROS_TF/PublisherTF' did not submit transforms for topic '/tf' on flush cycle 20208
2026-09-30T16:47:09Z [375,679ms] [Warning] [isaacsim.ros2.nodes] ROS2 TF aggregation contributor '/World/Nova_Carter_ROS/chassis_link/sensors/back_hawk/ROS_TF/PublisherTF' did not submit transforms for topic '/tf' on flush cycle 20208
2026-09-30T16:47:09Z [375,679ms] [Warning] [isaacsim.ros2.nodes] ROS2 TF aggregation contributor '/World/Nova_Carter_ROS/chassis_link/sensors/left_hawk/ROS_TF/PublisherTF' did not submit transforms for topic '/tf' on flush cycle 20208
2026-09-30T16:47:09Z [375,679ms] [Warning] [isaacsim.ros2.nodes] ROS2 TF aggregation contributor '/World/Nova_Carter_ROS/transform_tree_odometry/ros2_publish_raw_transform_tree' did not submit transforms for topic '/tf' on flush cycle 20208
2026-09-30T16:47:09Z [375,679ms] [Warning] [isaacsim.ros2.nodes] ROS2 TF aggregation contributor '/World/Nova_Carter_ROS/chassis_link/sensors/rear_RPLidar/ROS_TF/PublisherTF' did not submit transforms for topic '/tf' on flush cycle 20208
2026-09-30T16:47:09Z [375,679ms] [Warning] [isaacsim.ros2.nodes] ROS2 TF aggregation contributor '/World/Nova_Carter_ROS/chassis_link/sensors/right_owl/ROS_TF/PublisherTF' did not submit transforms for topic '/tf' on flush cycle 20208
2026-09-30T16:47:09Z [375,679ms] [Warning] [isaacsim.ros2.nodes] ROS2 TF aggregation contributor '/World/Nova_Carter_ROS/chassis_link/sensors/front_RPLidar/ROS_TF/PublisherTF' did not submit transforms for topic '/tf' on flush cycle 20208
2026-09-30T16:47:09Z [375,679ms] [Warning] [isaacsim.ros2.nodes] ROS2 TF aggregation contributor '/World/Nova_Carter_ROS/chassis_link/sensors/right_hawk/ROS_TF/PublisherTF' did not submit transforms for topic '/tf' on flush cycle 20208
2026-09-30T16:47:09Z [375,679ms] [Warning] [isaacsim.ros2.nodes] ROS2 TF aggregation contributor '/World/Nova_Carter_ROS/chassis_link/sensors/front_owl/ROS_TF/PublisherTF' did not submit transforms for topic '/tf' on flush cycle 20208
2026-09-30T16:47:09Z [375,679ms] [Warning] [isaacsim.ros2.nodes] ROS2 TF aggregation contributor '/World/Nova_Carter_ROS/chassis_link/sensors/back_owl/ROS_TF/PublisherTF' did not submit transforms for topic '/tf' on flush cycle 20208
2026-09-30T16:47:09Z [375,679ms] [Warning] [isaacsim.ros2.nodes] ROS2 TF aggregation contributor '/World/Nova_Carter_ROS/transform_tree_odometry/tf_tree_base_link_to_wheel_base' did not submit transforms for topic '/tf' on flush cycle 20208
2026-09-30T16:47:09Z [375,679ms] [Warning] [isaacsim.ros2.nodes] ROS2 TF aggregation contributor '/World/Nova_Carter_ROS/transform_tree_odometry/tf_tree_base_link_to_sensors' did not submit transforms for topic '/tf' on flush cycle 20208
2026-09-30T16:47:09Z [375,679ms] [Warning] [isaacsim.ros2.nodes] ROS2 TF aggregation contributor '/World/Nova_Carter_ROS/transform_tree_odometry/tf_tree_base_link_to_chassis' did not submit transforms for topic '/tf' on flush cycle 20208
2026-09-30T16:47:11Z [377,730ms] [Warning] [isaacsim.ros2.nodes] ROS2 TF aggregation contributor '/World/Nova_Carter_ROS/chassis_link/sensors/left_owl/ROS_TF/PublisherTF' did not submit transforms for topic '/tf' on flush cycle 20328
2026-09-30T16:47:11Z [377,730ms] [Warning] [isaacsim.ros2.nodes] ROS2 TF aggregation contributor '/World/Nova_Carter_ROS/chassis_link/sensors/XT_32/ROS_TF/PublisherTF' did not submit transforms for topic '/tf' on flush cycle 20328
2026-09-30T16:47:11Z [377,730ms] [Warning] [isaacsim.ros2.nodes] ROS2 TF aggregation contributor '/World/Nova_Carter_ROS/chassis_link/sensors/front_hawk/ROS_TF/PublisherTF' did not submit transforms for topic '/tf' on flush cycle 20328
2026-09-30T16:47:11Z [377,730ms] [Warning] [isaacsim.ros2.nodes] ROS2 TF aggregation contributor '/World/Nova_Carter_ROS/chassis_link/sensors/back_hawk/ROS_TF/PublisherTF' did not submit transforms for topic '/tf' on flush cycle 20328
2026-09-30T16:47:11Z [377,730ms] [Warning] [isaacsim.ros2.nodes] ROS2 TF aggregation contributor '/World/Nova_Carter_ROS/chassis_link/sensors/left_hawk/ROS_TF/PublisherTF' did not submit transforms for topic '/tf' on flush cycle 20328
2026-09-30T16:47:11Z [377,730ms] [Warning] [isaacsim.ros2.nodes] ROS2 TF aggregation contributor '/World/Nova_Carter_ROS/transform_tree_odometry/ros2_publish_raw_transform_tree' did not submit transforms for topic '/tf' on flush cycle 20328
2026-09-30T16:47:11Z [377,730ms] [Warning] [isaacsim.ros2.nodes] ROS2 TF aggregation contributor '/World/Nova_Carter_ROS/chassis_link/sensors/rear_RPLidar/ROS_TF/PublisherTF' did not submit transforms for topic '/tf' on flush cycle 20328
2026-09-30T16:47:11Z [377,730ms] [Warning] [isaacsim.ros2.nodes] ROS2 TF aggregation contributor '/World/Nova_Carter_ROS/chassis_link/sensors/right_owl/ROS_TF/PublisherTF' did not submit transforms for topic '/tf' on flush cycle 20328
2026-09-30T16:47:11Z [377,730ms] [Warning] [isaacsim.ros2.nodes] ROS2 TF aggregation contributor '/World/Nova_Carter_ROS/chassis_link/sensors/front_RPLidar/ROS_TF/PublisherTF' did not submit transforms for topic '/tf' on flush cycle 20328
2026-09-30T16:47:11Z [377,730ms] [Warning] [isaacsim.ros2.nodes] ROS2 TF aggregation contributor '/World/Nova_Carter_ROS/chassis_link/sensors/right_hawk/ROS_TF/PublisherTF' did not submit transforms for topic '/tf' on flush cycle 20328
2026-09-30T16:47:11Z [377,730ms] [Warning] [isaacsim.ros2.nodes] ROS2 TF aggregation contributor '/World/Nova_Carter_ROS/chassis_link/sensors/front_owl/ROS_TF/PublisherTF' did not submit transforms for topic '/tf' on flush cycle 20328
2026-09-30T16:47:11Z [377,730ms] [Warning] [isaacsim.ros2.nodes] ROS2 TF aggregation contributor '/World/Nova_Carter_ROS/chassis_link/sensors/back_owl/ROS_TF/PublisherTF' did not submit transforms for topic '/tf' on flush cycle 20328
2026-09-30T16:47:11Z [377,730ms] [Warning] [isaacsim.ros2.nodes] ROS2 TF aggregation contributor '/World/Nova_Carter_ROS/transform_tree_odometry/tf_tree_base_link_to_wheel_base' did not submit transforms for topic '/tf' on flush cycle 20328
2026-09-30T16:47:11Z [377,730ms] [Warning] [isaacsim.ros2.nodes] ROS2 TF aggregation contributor '/World/Nova_Carter_ROS/transform_tree_odometry/tf_tree_base_link_to_sensors' did not submit transforms for topic '/tf' on flush cycle 20328
2026-09-30T16:47:11Z [377,730ms] [Warning] [isaacsim.ros2.nodes] ROS2 TF aggregation contributor '/World/Nova_Carter_ROS/transform_tree_odometry/tf_tree_base_link_to_chassis' did not submit transforms for topic '/tf' on flush cycle 20328
2026-09-30T16:47:13Z [379,783ms] [Warning] [isaacsim.ros2.nodes] ROS2 TF aggregation contributor '/World/Nova_Carter_ROS/chassis_link/sensors/left_owl/ROS_TF/PublisherTF' did not submit transforms for topic '/tf' on flush cycle 20448
2026-09-30T16:47:13Z [379,783ms] [Warning] [isaacsim.ros2.nodes] ROS2 TF aggregation contributor '/World/Nova_Carter_ROS/chassis_link/sensors/XT_32/ROS_TF/PublisherTF' did not submit transforms for topic '/tf' on flush cycle 20448
2026-09-30T16:47:13Z [379,783ms] [Warning] [isaacsim.ros2.nodes] ROS2 TF aggregation contributor '/World/Nova_Carter_ROS/chassis_link/sensors/front_hawk/ROS_TF/PublisherTF' did not submit transforms for topic '/tf' on flush cycle 20448
2026-09-30T16:47:13Z [379,783ms] [Warning] [isaacsim.ros2.nodes] ROS2 TF aggregation contributor '/World/Nova_Carter_ROS/chassis_link/sensors/back_hawk/ROS_TF/PublisherTF' did not submit transforms for topic '/tf' on flush cycle 20448
2026-09-30T16:47:13Z [379,783ms] [Warning] [isaacsim.ros2.nodes] ROS2 TF aggregation contributor '/World/Nova_Carter_ROS/chassis_link/sensors/left_hawk/ROS_TF/PublisherTF' did not submit transforms for topic '/tf' on flush cycle 20448
2026-09-30T16:47:13Z [379,783ms] [Warning] [isaacsim.ros2.nodes] ROS2 TF aggregation contributor '/World/Nova_Carter_ROS/transform_tree_odometry/ros2_publish_raw_transform_tree' did not submit transforms for topic '/tf' on flush cycle 20448
2026-09-30T16:47:13Z [379,783ms] [Warning] [isaacsim.ros2.nodes] ROS2 TF aggregation contributor '/World/Nova_Carter_ROS/chassis_link/sensors/rear_RPLidar/ROS_TF/PublisherTF' did not submit transforms for topic '/tf' on flush cycle 20448
2026-09-30T16:47:13Z [379,783ms] [Warning] [isaacsim.ros2.nodes] ROS2 TF aggregation contributor '/World/Nova_Carter_ROS/chassis_link/sensors/right_owl/ROS_TF/PublisherTF' did not submit transforms for topic '/tf' on flush cycle 20448
2026-09-30T16:47:13Z [379,783ms] [Warning] [isaacsim.ros2.nodes] ROS2 TF aggregation contributor '/World/Nova_Carter_ROS/chassis_link/sensors/front_RPLidar/ROS_TF/PublisherTF' did not submit transforms for topic '/tf' on flush cycle 20448
2026-09-30T16:47:13Z [379,783ms] [Warning] [isaacsim.ros2.nodes] ROS2 TF aggregation contributor '/World/Nova_Carter_ROS/chassis_link/sensors/right_hawk/ROS_TF/PublisherTF' did not submit transforms for topic '/tf' on flush cycle 20448
2026-09-30T16:47:13Z [379,783ms] [Warning] [isaacsim.ros2.nodes] ROS2 TF aggregation contributor '/World/Nova_Carter_ROS/chassis_link/sensors/front_owl/ROS_TF/PublisherTF' did not submit transforms for topic '/tf' on flush cycle 20448
2026-09-30T16:47:13Z [379,783ms] [Warning] [isaacsim.ros2.nodes] ROS2 TF aggregation contributor '/World/Nova_Carter_ROS/chassis_link/sensors/back_owl/ROS_TF/PublisherTF' did not submit transforms for topic '/tf' on flush cycle 20448
2026-09-30T16:47:13Z [379,783ms] [Warning] [isaacsim.ros2.nodes] ROS2 TF aggregation contributor '/World/Nova_Carter_ROS/transform_tree_odometry/tf_tree_base_link_to_wheel_base' did not submit transforms for topic '/tf' on flush cycle 20448
2026-09-30T16:47:13Z [379,783ms] [Warning] [isaacsim.ros2.nodes] ROS2 TF aggregation contributor '/World/Nova_Carter_ROS/transform_tree_odometry/tf_tree_base_link_to_sensors' did not submit transforms for topic '/tf' on flush cycle 20448
2026-09-30T16:47:13Z [379,783ms] [Warning] [isaacsim.ros2.nodes] ROS2 TF aggregation contributor '/World/Nova_Carter_ROS/transform_tree_odometry/tf_tree_base_link_to_chassis' did not submit transforms for topic '/tf' on flush cycle 20448
2026-09-30T16:47:15Z [381,833ms] [Warning] [isaacsim.ros2.nodes] ROS2 TF aggregation contributor '/World/Nova_Carter_ROS/chassis_link/sensors/left_owl/ROS_TF/PublisherTF' did not submit transforms for topic '/tf' on flush cycle 20568
2026-09-30T16:47:15Z [381,833ms] [Warning] [isaacsim.ros2.nodes] ROS2 TF aggregation contributor '/World/Nova_Carter_ROS/chassis_link/sensors/XT_32/ROS_TF/PublisherTF' did not submit transforms for topic '/tf' on flush cycle 20568
2026-09-30T16:47:15Z [381,833ms] [Warning] [isaacsim.ros2.nodes] ROS2 TF aggregation contributor '/World/Nova_Carter_ROS/chassis_link/sensors/front_hawk/ROS_TF/PublisherTF' did not submit transforms for topic '/tf' on flush cycle 20568
2026-09-30T16:47:15Z [381,833ms] [Warning] [isaacsim.ros2.nodes] ROS2 TF aggregation contributor '/World/Nova_Carter_ROS/chassis_link/sensors/back_hawk/ROS_TF/PublisherTF' did not submit transforms for topic '/tf' on flush cycle 20568
2026-09-30T16:47:15Z [381,833ms] [Warning] [isaacsim.ros2.nodes] ROS2 TF aggregation contributor '/World/Nova_Carter_ROS/chassis_link/sensors/left_hawk/ROS_TF/PublisherTF' did not submit transforms for topic '/tf' on flush cycle 20568
2026-09-30T16:47:15Z [381,833ms] [Warning] [isaacsim.ros2.nodes] ROS2 TF aggregation contributor '/World/Nova_Carter_ROS/transform_tree_odometry/ros2_publish_raw_transform_tree' did not submit transforms for topic '/tf' on flush cycle 20568
2026-09-30T16:47:15Z [381,833ms] [Warning] [isaacsim.ros2.nodes] ROS2 TF aggregation contributor '/World/Nova_Carter_ROS/chassis_link/sensors/rear_RPLidar/ROS_TF/PublisherTF' did not submit transforms for topic '/tf' on flush cycle 20568
2026-09-30T16:47:15Z [381,833ms] [Warning] [isaacsim.ros2.nodes] ROS2 TF aggregation contributor '/World/Nova_Carter_ROS/chassis_link/sensors/right_owl/ROS_TF/PublisherTF' did not submit transforms for topic '/tf' on flush cycle 20568
2026-09-30T16:47:15Z [381,833ms] [Warning] [isaacsim.ros2.nodes] ROS2 TF aggregation contributor '/World/Nova_Carter_ROS/chassis_link/sensors/front_RPLidar/ROS_TF/PublisherTF' did not submit transforms for topic '/tf' on flush cycle 20568
2026-09-30T16:47:15Z [381,833ms] [Warning] [isaacsim.ros2.nodes] ROS2 TF aggregation contributor '/World/Nova_Carter_ROS/chassis_link/sensors/right_hawk/ROS_TF/PublisherTF' did not submit transforms for topic '/tf' on flush cycle 20568
2026-09-30T16:47:15Z [381,833ms] [Warning] [isaacsim.ros2.nodes] ROS2 TF aggregation contributor '/World/Nova_Carter_ROS/chassis_link/sensors/front_owl/ROS_TF/PublisherTF' did not submit transforms for topic '/tf' on flush cycle 20568
2026-09-30T16:47:15Z [381,833ms] [Warning] [isaacsim.ros2.nodes] ROS2 TF aggregation contributor '/World/Nova_Carter_ROS/chassis_link/sensors/back_owl/ROS_TF/PublisherTF' did not submit transforms for topic '/tf' on flush cycle 20568
2026-09-30T16:47:15Z [381,833ms] [Warning] [isaacsim.ros2.nodes] ROS2 TF aggregation contributor '/World/Nova_Carter_ROS/transform_tree_odometry/tf_tree_base_link_to_wheel_base' did not submit transforms for topic '/tf' on flush cycle 20568
2026-09-30T16:47:15Z [381,833ms] [Warning] [isaacsim.ros2.nodes] ROS2 TF aggregation contributor '/World/Nova_Carter_ROS/transform_tree_odometry/tf_tree_base_link_to_sensors' did not submit transforms for topic '/tf' on flush cycle 20568
2026-09-30T16:47:15Z [381,833ms] [Warning] [isaacsim.ros2.nodes] ROS2 TF aggregation contributor '/World/Nova_Carter_ROS/transform_tree_odometry/tf_tree_base_link_to_chassis' did not submit transforms for topic '/tf' on flush cycle 20568
