Starting kit application with the following args:  ['/home/missroot/.local/lib/python3.12/site-packages/isaacsim/exts/isaacsim.simulation_app/isaacsim/simulation_app/simulation_app.py', '/home/missroot/.local/lib/python3.12/site-packages/isaacsim/apps/isaacsim.exp.base.python.kit', '--/app/tokens/exe-path=/home/missroot/.local/lib/python3.12/site-packages/isaacsim/kit', '--/persistent/app/viewport/displayOptions=3094', '--/rtx/materialDb/syncLoads=True', '--/rtx/hydra/materialSyncLoads=True', '--/omni/kit/plugin/syncUsdLoads=True', '--/app/renderer/resolution/width=1280', '--/app/renderer/resolution/height=720', '--/app/window/width=1440', '--/app/window/height=900', '--/renderer/multiGpu/enabled=True', '--/app/fastShutdown=True', '--/app/installSignalHandlers=0', '--ext-folder', '/home/missroot/.local/lib/python3.12/site-packages/isaacsim/exts', '--ext-folder', '/home/missroot/.local/lib/python3.12/site-packages/isaacsim/apps', '--/physics/cudaDevice=0', '--/plugins/carb.tasking.plugin/threadCount=16', '--/plugins/omni.tbb.globalcontrol/maxThreadCount=16', '--portable', '--no-window', '--/app/window/hideUi=1']
Passing the following args to the base kit application:  ['--headless']
2026-09-30T16:53:43Z [Info] [carb] Logging to file: /home/missroot/.local/lib/python3.12/site-packages/isaacsim/kit/logs/Kit/Isaac-Sim Python/6.1/kit_20260930_185343.log
[0.041s] [ext: omni.assets.plugins-0.0.0] startup
[0.042s] [ext: omni.blobkey-1.1.2] startup
[0.042s] [ext: omni.kit.async_engine-0.0.3] startup
[0.107s] [ext: omni.client.lib-1.1.1] startup
[0.113s] [ext: omni.client-1.3.0] startup
[0.115s] [ext: omni.protobuf.lib-1.0.1] startup
[0.116s] [ext: omni.grpc.lib-1.0.0] startup
[0.119s] [ext: omni.metrics.core-0.0.3] startup
[0.119s] [ext: omni.datastore-0.0.0] startup
WARNING: All log messages before absl::InitializeLog() is called are written to STDERR
E0000 00:00:1790787223.658848  287157 descriptor_database.cc:633] File already exists in database: grpc/health/v1/health.proto
W0000 00:00:1790787223.658869  287157 message.cc:301] Protobuf GeneratedMessageFactory: File is already registered: grpc/health/v1/health.proto
[0.120s] [ext: omni.gpu_foundation.shadercache.vulkan-1.0.0] startup
[0.121s] [ext: omni.hsscclient-1.1.4] startup
[0.121s] [ext: omni.stats-1.0.1] startup
[0.122s] [ext: omni.ujitso.default-1.0.0] startup
[0.124s] [ext: omni.gpu_foundation-0.0.0] startup
[0.256s] [ext: carb.windowing.plugins-1.0.1] startup
[0.257s] [ext: omni.kit.renderer.init-1.0.1] startup
2026-09-30T16:53:43Z [435ms] [Warning] [omni.rtx] Skipping unsupported non-NVIDIA GPU: AMD Ryzen 7 9800X3D 8-Core Processor (RADV RAPHAEL_MENDOCINO)
2026-09-30T16:53:43Z [435ms] [Warning] [omni.rtx] Skipping unsupported non-NVIDIA GPU: AMD Ryzen 7 9800X3D 8-Core Processor (RADV RAPHAEL_MENDOCINO)

|---------------------------------------------------------------------------------------------|
| Driver Version: 595.91.07     | Graphics API: Vulkan
|=============================================================================================|
| GPU | Name                             | Active | LDA | GPU Memory | Vendor-ID | LUID       |
|     |                                  |        |     |            | Device-ID | UUID       |
|     |                                  |        |     |            | Bus-ID    |            |
|---------------------------------------------------------------------------------------------|
| 0   | NVIDIA GeForce RTX 5070 Ti       | Yes: 0 |     | 16303   MB | 10de      | 0          |
|     |                                  |        |     |            | 2c05      | a3a938e6.. |
|     |                                  |        |     |            | 1         |            |
|---------------------------------------------------------------------------------------------|
| 1   | AMD Ryzen 7 9800X3D 8-Core Pro.. |        |     | 22004   MB | 1002      | 0          |
|     |                                  |        |     |            | 13c0      | 00000000.. |
|     |                                  |        |     |            | 11        |            |
|=============================================================================================|
| OS: 24.04.5 LTS (Noble Numbat) ubuntu, Version: 24.04.5, Kernel: 7.0.0-34-generic
| XServer Vendor: The X.Org Foundation, XServer Version: 12101011 (1.21.1.11)
| Processor: AMD Ryzen 7 9800X3D 8-Core Processor
| Cores: 8 | Logical Cores: 16
|---------------------------------------------------------------------------------------------|
| Total Memory (MB): 61918 | Free Memory: 53773
| Total Page/Swap (MB): 8191 | Free Page/Swap: 8191
|---------------------------------------------------------------------------------------------|
2026-09-30T16:53:44Z [598ms] [Warning] [omni.rtx] CPU performance profile is set to powersave. This profile sets the CPU to the lowest frequency reducing performance.
2026-09-30T16:53:44Z [605ms] [Warning] [omni.rtx] IOMMU is enabled.
[0.679s] [ext: omni.kit.pipapi-0.0.0] startup
[0.680s] [ext: omni.kit.telemetry-0.5.2] startup
[0.701s] [ext: omni.kit.loop-isaac-1.6.2] startup
[0.702s] [ext: omni.kit.test-2.1.1] startup
[0.732s] [ext: omni.materialx.libs-1.0.9] startup
[0.736s] [ext: omni.gpucompute.plugins-0.0.0] startup
[0.737s] [ext: omni.usd.config-1.0.8] startup
[0.739s] [ext: omni.usd.libs-1.0.3] startup
[0.795s] [ext: omni.iray.libs-0.0.1] startup
[0.797s] [ext: omni.mdl-57.0.6] startup
[0.837s] [ext: omni.mdl.neuraylib-0.2.22] startup
[0.838s] [ext: omni.kit.usd.mdl-1.1.11] startup
[0.908s] [ext: omni.appwindow-1.2.2] startup
[0.910s] [ext: omni.kit.renderer.core-1.3.1] startup
[1.157s] [ext: omni.kit.renderer.capture-2.0.1] startup
[1.159s] [ext: omni.kit.renderer.imgui-2.1.0] startup
[1.195s] [ext: omni.ui-3.3.1] startup
[1.201s] [ext: omni.kit.mainwindow-1.0.4] startup
[1.202s] [ext: carb.audio-0.1.0] startup
[1.205s] [ext: omni.uiaudio-1.0.0] startup
[1.205s] [ext: omni.kit.uiapp-0.0.0] startup
[1.205s] [ext: omni.usd.schema.metrics.assembler-110.1.0] startup
[1.207s] [ext: omni.usd.schema.audio-0.0.1] startup
[1.209s] [ext: omni.usd_resolver-1.0.0] startup
[1.211s] [ext: omni.usd.core-1.10.10] startup
[1.214s] [ext: omni.metropolis.schema-0.0.3] startup
[1.214s] [ext: isaacsim.anim.robot.schema-0.1.1] startup
[1.214s] [ext: isaacsim.common-6.2.0] startup
[1.215s] [ext: omni.usd.schema.anim-0.0.1] startup
[1.226s] [ext: omni.usd.schema.geospatial-0.0.1] startup
[1.227s] [ext: omni.usd.schema.omnigraph-1.0.1] startup
[1.231s] [ext: omni.usd.schema.semantics-0.0.0] startup
[1.232s] [ext: omni.activity.core-1.0.4] startup
[1.233s] [ext: omni.cubric-0.1.0] startup
[1.233s] [ext: omni.graph.exec-0.9.6] startup
[1.233s] [ext: omni.hydra.scene_delegate-0.3.5] startup
[1.235s] [ext: usdrt.scenegraph-7.6.3] startup
[1.251s] [ext: omni.hydra.usdrt_delegate-7.5.2] startup
[1.254s] [ext: omni.inspect-1.0.2] startup
[1.255s] [ext: omni.kit.actions.core-1.2.0] startup
[1.256s] [ext: omni.kit.audiodeviceenum-1.0.2] startup
[1.257s] [ext: omni.kit.commands-1.5.0] startup
[1.259s] [ext: omni.kit.exec.core-0.13.6] startup
[1.260s] [ext: omni.kit.usd_undo-0.1.8] startup
[1.260s] [ext: omni.kit.window.popup_dialog-2.0.26] startup
[1.262s] [ext: omni.kit.widget.connection_manager-1.0.3] startup
[1.265s] [ext: omni.timeline-1.1.0] startup
[1.266s] [ext: omni.usd-1.18.0] startup
[1.287s] [ext: omni.graph.core-3.1.5] startup
[1.289s] [ext: omni.kit.notification_manager-1.0.16] startup
[1.290s] [ext: isaacsim.core.deprecation_manager-0.4.4] startup
[1.290s] [ext: isaacsim.replicator.agent.schema-0.1.1] startup
[1.291s] [ext: isaacsim.robot.schema-7.0.2] startup
[1.293s] [ext: isaacsim.robot_motion.schema-0.2.2] startup
[1.294s] [ext: omni.anim.behavior.schema-110.3.0] startup
[1.296s] [ext: omni.anim.graph.schema-110.3.0] startup
[1.299s] [ext: omni.anim.navigation.schema-110.3.0] startup
[1.301s] [ext: omni.behavior.tree.schema-110.3.0] startup
[1.302s] [ext: omni.kit.asset_converter-6.0.5] startup
2026-09-30T16:53:44Z [1,284ms] [Warning] [asset_converter_native_bindings._bootstrap] A different OpenUSD (pxr) build was already imported from /home/missroot/.local/lib/python3.12/site-packages/isaacsim/extscache/omni.anim.graph.schema-110.3.0+110.3.0.lx64.r.cp312.u7f4/pxr before usd-convert-asset loaded. The host pxr bindings will remain in use rather than reloading the bundled OpenUSD at /home/missroot/.local/lib/python3.12/site-packages/isaacsim/extscache/omni.kit.asset_converter-6.0.5+110.1.1.lx64.r.cp312.u7f4/asset_converter_native_bindings/libs/lib/python/pxr, /home/missroot/.local/lib/python3.12/site-packages/isaacsim/extscache/omni.kit.asset_converter-6.0.5+110.1.1.lx64.r.cp312.u7f4/asset_converter_native_bindings/libs/python/pxr. Mixing USD builds in one process can cause ABI and singleton conflicts; prefer importing usd_convert_asset first, or run the converter in a separate process/venv when mixing unrelated USD builds.
[1.311s] [ext: omni.usd.schema.flow-110.0.0] startup
[1.311s] [ext: omni.usd.schema.newton-1.4.0] startup
[1.312s] [ext: omni.usd.schema.mujoco-1.1.4] startup
[1.312s] [ext: omni.usd.schema.omni_dome_light-1.0.0] startup
[1.312s] [ext: omni.usd.schema.omni_lens_distortion-1.0.0] startup
[1.313s] [ext: omni.usd.schema.omni_projectors-1.0.0] startup
[1.313s] [ext: omni.usd.schema.omni_sensors-0.0.0] startup
[1.318s] [ext: omni.usd.schema.omniscripting-1.0.1] startup
[1.320s] [ext: omni.usd.schema.physical_lighting-0.1.0] startup
[1.322s] [ext: omni.usd.schema.physx-110.3.2] startup
[1.341s] [ext: omni.usd.schema.render_settings.rtx-1.0.3] startup
[1.343s] [ext: omni.usd.schema.usd_particle_field-1.0.0] startup
[1.343s] [ext: isaacsim.core.version-2.2.1] startup
[1.345s] [ext: omni.kit.menu.core-1.3.0] startup
[1.345s] [ext: omni.kit.menu.utils-2.2.8] startup
[1.349s] [ext: isaacsim.app.about-2.3.2] startup
[1.352s] [ext: isaacsim.asset.transformer-6.1.0] startup
[1.354s] [ext: omni.scene.optimizer.core-110.2.1] startup
[1.383s] [ext: isaacsim.asset.importer.utils-1.9.1] startup
[1.385s] [ext: omni.convexdecomposition-110.3.2] startup
[1.386s] [ext: omni.physics-110.3.2] startup
[1.388s] [ext: omni.physx.gpu-110.3.2] startup
[1.388s] [ext: omni.physx.foundation-110.3.2] startup
[1.389s] [ext: omni.usdphysics-110.3.2] startup
[1.390s] [ext: omni.physx.cooking-110.3.2] startup
[1.391s] [ext: omni.physx-110.3.2] startup
[1.397s] [ext: omni.physics.physx-110.3.2] startup
[1.398s] [ext: isaacsim.asset.exporter.urdf-2.2.6] startup
[1.403s] [ext: omni.kit.clipboard-1.1.1] startup
[1.403s] [ext: omni.kit.usd.layers-2.7.2] startup
[1.407s] [ext: omni.kit.widget.context_menu-1.5.0] startup
[1.408s] [ext: omni.kit.context_menu-1.10.0] startup
[1.409s] [ext: omni.kit.helper.file_utils-0.1.10] startup
[1.410s] [ext: omni.kit.widget.nucleus_info-2.0.2] startup
[1.410s] [ext: omni.kit.search_core-1.0.8] startup
[1.411s] [ext: omni.kit.widget.path_field-2.0.13] startup
[1.411s] [ext: omni.kit.widget.browser_bar-2.0.11] startup
[1.411s] [ext: omni.kit.widget.filebrowser-2.14.0] startup
[1.414s] [ext: omni.kit.widget.nucleus_connector-2.4.0] startup
[1.414s] [ext: omni.kit.widget.options_menu-1.1.7] startup
[1.416s] [ext: omni.kit.widget.options_button-1.0.3] startup
[1.416s] [ext: omni.kit.widget.search_delegate-1.0.10] startup
[1.416s] [ext: omni.ui.scene-2.0.4] startup
[1.419s] [ext: omni.kit.window.filepicker-3.0.14] startup
[1.427s] [ext: omni.kit.window.file_importer-1.1.22] startup
[1.428s] [ext: omni.kit.material.library-3.1.7] startup
[1.431s] [ext: isaacsim.asset.transformer.rules-1.7.18] startup
[1.437s] [ext: omni.usdex.libs-2.3.0] startup
[1.442s] [ext: isaacsim.asset.importer.mjcf-3.12.1] startup
[1.443s] [ext: omni.kit.primitive.mesh-1.1.1] startup
[1.444s] [ext: omni.kit.stage_template.core-1.1.23] startup
[1.445s] [ext: omni.kit.stage_templates-2.0.3] startup
[1.445s] [ext: omni.usd.metrics.assembler-110.1.2] startup
[1.447s] [ext: omni.warp.core-1.16.0] startup
[1.549s] [ext: isaacsim.core.experimental.utils-0.23.0] startup
[1.550s] [ext: isaacsim.asset.importer.urdf-3.11.10] startup
[1.552s] [ext: omni.physics.stageupdate-110.3.2] startup
[1.553s] [ext: omni.physics.tensors-110.3.2] startup
[1.556s] [ext: omni.physx.tensors-110.3.2] startup
[1.558s] [ext: isaacsim.core.simulation_manager-1.17.1] startup
[1.565s] [ext: isaacsim.storage.native-1.11.0] startup
[1.566s] [ext: omni.usd.metrics.assembler.physics-110.3.2] startup
[1.567s] [ext: isaacsim.core.utils-4.1.9] startup
[1.568s] [ext: isaacsim.core.prims-0.11.7] startup
[2.268s] [ext: isaacsim.core.api-5.3.2] startup
[2.272s] [ext: isaacsim.core.cloner-1.7.5] startup
[2.272s] [ext: isaacsim.test.docstring-1.3.2] startup
[2.275s] [ext: isaacsim.core.experimental.prims-1.10.8] startup
[2.284s] [ext: isaacsim.core.experimental.primdata-0.3.6] startup
[2.286s] [ext: omni.graph.tools-1.81.0] startup
[2.298s] [ext: omni.graph-1.142.5] startup
[2.319s] [ext: isaacsim.core.experimental.actuators-0.1.6] startup
[2.329s] [ext: isaacsim.core.experimental.materials-0.10.0] startup
[2.331s] [ext: isaacsim.core.experimental.objects-0.9.0] startup
[2.373s] [ext: omni.hydra.engine.stats-1.0.5] startup
[2.374s] [ext: omni.hydra.rtx.shadercache.vulkan-1.0.0] startup
[2.375s] [ext: omni.index.libs-392300.961.0] startup
[2.375s] [ext: omni.index-1.0.1] startup
[2.375s] [ext: omni.ujitso.client-0.0.0] startup
[2.376s] [ext: omni.usd.schema.playback-1.1.0] startup
[2.376s] [ext: omni.volume-0.5.2] startup
[2.380s] [ext: omni.hydra.rtx-1.0.4] startup
2026-09-30T16:53:45Z [2,370ms] [Warning] [omni.log] Source: omni.hydra was already registered.
[2.400s] [ext: omni.kit.hydra_texture-1.6.2] startup
[2.402s] [ext: omni.kit.raycast.query-1.2.0] startup
[2.404s] [ext: omni.kit.viewport.legacy_gizmos-1.0.24] startup
[2.406s] [ext: omni.kit.viewport.registry-104.0.6] startup
[2.407s] [ext: omni.kit.viewport.scene_camera_model-1.0.7] startup
[2.409s] [ext: omni.kit.widget.viewport-110.0.0] startup
[2.411s] [ext: omni.kit.window.drop_support-1.0.8] startup
[2.412s] [ext: omni.kit.viewport.window-110.0.1] startup
[2.422s] [ext: omni.kit.viewport.utility-2.1.0] startup
[2.423s] [ext: isaacsim.core.rendering_manager-0.5.1] startup
[2.429s] [ext: omni.graph.action_core-1.1.9] startup
[2.431s] [ext: omni.graph.action_nodes_core-2.11.0] startup
[2.432s] [ext: omni.graph.action_nodes-2.11.0] startup
[2.445s] [ext: omni.graph.action-2.10.2] startup
[2.446s] [ext: omni.graph.image.core-0.6.1] startup
[2.446s] [ext: omni.graph.image.nodes-1.3.2] startup
[2.447s] [ext: omni.graph.nodes_core-2.11.0] startup
[2.451s] [ext: omni.graph.nodes-2.12.0] startup
[2.454s] [ext: omni.kit.hotkeys.core-1.4.0] startup
[2.455s] [ext: omni.kit.property.adapter.core-1.1.1] startup
[2.457s] [ext: omni.kit.property.adapter.usd-1.0.6] startup
[2.457s] [ext: omni.kit.widget.filter-1.1.8] startup
[2.458s] [ext: omni.kit.widget.highlight_label-1.0.3] startup
[2.458s] [ext: omni.kit.widget.searchfield-1.1.8] startup
[2.459s] [ext: omni.kit.window.file_exporter-1.0.38] startup
[2.460s] [ext: omni.kit.widget.stage-4.6.5] startup
[2.465s] [ext: omni.kit.window.content_browser_registry-0.0.6] startup
[2.466s] [ext: omni.kit.window.file-2.0.15] startup
[2.468s] [ext: omni.kit.window.content_browser-3.1.12] startup
[2.474s] [ext: omni.kit.window.property-1.15.2] startup
[2.481s] [ext: omni.kit.property.usd-4.9.14] startup
[2.487s] [ext: omni.graph.scriptnode-2.10.2] startup
[2.492s] [ext: omni.kit.widget.searchable_combobox-1.0.7] startup
[2.493s] [ext: omni.kit.widget.settings-2.0.1] startup
[2.494s] [ext: omni.kit.window.preferences-1.8.5] startup
[2.497s] [ext: omni.kit.viewport.menubar.core-110.0.3] startup
[2.504s] [ext: omni.syntheticdata-0.6.17] startup
[2.521s] [ext: omni.replicator.nv-1.1.6] startup
[2.524s] [ext: omni.videoencoding-0.2.1] startup
[2.525s] [ext: omni.replicator.core-1.13.36] startup
2026-09-30T16:53:46Z [2,511ms] [Warning] [pxr.Semantics] pxr.Semantics is deprecated - please use Semantics instead
Warp 1.16.0 initialized:
   CUDA Toolkit 12.9, Driver 13.2
   Devices:
     "cpu"      : "x86_64"
     "cuda:0"   : "NVIDIA GeForce RTX 5070 Ti" (15 GiB, sm_120, mempool enabled)
   Kernel cache:
     /home/missroot/.cache/warp/1.16.0
2026-09-30T16:53:46Z [2,548ms] [Warning] [omni.replicator.core.scripts.extension] No material configuration file, adding configuration to material settings directly.
[2.636s] [ext: isaacsim.core.nodes-5.10.13] startup
[2.655s] [ext: isaacsim.core.throttling-2.3.7] startup
[2.656s] [ext: omni.kit.manipulator.viewport-107.0.1] startup
[2.657s] [ext: omni.graph.visualization.nodes-2.1.4] startup
[2.665s] [ext: omni.kit.window.extensions-1.5.16] startup
[2.668s] [ext: isaacsim.gui.components-1.8.9] startup
[2.671s] [ext: isaacsim.robot.surface_gripper-3.6.3] startup
[2.678s] [ext: isaacsim.robot.manipulators-3.4.5] startup
[2.684s] [ext: isaacsim.robot_motion.lula-4.1.4] startup
[2.689s] [ext: isaacsim.robot_motion.motion_generation-8.2.9] startup
[2.693s] [ext: isaacsim.cortex.framework-1.0.20] startup
[2.694s] [ext: isaacsim.cortex.behaviors-2.0.18] startup
[2.695s] [ext: isaacsim.examples.base-1.3.4] startup
[2.697s] [ext: omni.kit.widget.zoombar-1.0.7] startup
[2.698s] [ext: omni.kit.browser.core-2.3.18] startup
[2.700s] [ext: omni.kit.browser.folder.core-2.0.3] startup
[2.703s] [ext: omni.kit.widget.stage_icons-1.0.8] startup
[2.703s] [ext: omni.kit.window.stage-2.6.1] startup
[2.706s] [ext: omni.kit.menu.stage-1.2.7] startup
[2.706s] [ext: omni.kit.usd.collect-3.0.6] startup
[2.708s] [ext: omni.kit.widget.prompt-1.0.7] startup
[2.709s] [ext: omni.kit.tool.collect-2.2.19] startup
[2.710s] [ext: isaacsim.examples.browser-0.3.4] startup
[2.712s] [ext: omni.kit.search.files-1.0.4] startup
[2.712s] [ext: omni.kit.widget.calendar-1.0.9] startup
[2.713s] [ext: omni.kit.widget.extended_searchfield-1.0.31] startup
[2.718s] [ext: omni.simready.content.browser-0.3.8] startup
[2.779s] [ext: isaacsim.gui.content_browser-0.5.1] startup
[2.781s] [ext: omni.kit.selection-0.1.6] startup
[2.781s] [ext: isaacsim.gui.menu-2.10.12] startup
[2.786s] [ext: isaacsim.gui.property-1.6.4] startup
[2.791s] [ext: omni.kit.viewport.actions-110.1.0] startup
[2.793s] [ext: omni.kit.viewport.menubar.display-110.0.0] startup
[2.794s] [ext: isaacsim.gui.sensors.icon-2.2.4] startup
[2.796s] [ext: omni.behavior.scripting.core-110.3.0] startup
[2.798s] [ext: isaacsim.replicator.behavior-1.6.2] startup
[2.801s] [ext: isaacsim.replicator.experimental.domain_randomization-1.2.10] startup
[2.811s] [ext: isaacsim.replicator.domain_randomization-1.2.3] startup
[2.860s] [ext: isaacsim.replicator.writers-1.5.6] startup
[2.875s] [ext: isaacsim.robot.experimental.wheeled_robots-0.2.14] startup
[2.888s] [ext: isaacsim.robot_motion.experimental.motion_generation-7.1.2] startup
[2.894s] [ext: isaacsim.robot.policy.examples-7.2.0] startup
[3.986s] [ext: isaacsim.robot.wheeled_robots-5.2.5] startup
[3.988s] [ext: isaacsim.robot.wheeled_robots.nodes-0.1.12] startup
[4.015s] [ext: isaacsim.robot_motion.controllers-0.3.2] startup
[4.021s] [ext: isaacsim.robot_motion.cumotion-1.4.0] startup
[4.028s] [ext: omni.kit.numpy.common-0.1.3] startup
[4.029s] [ext: omni.rtx.spg-0.4.0] startup
[4.033s] [ext: omni.sensors.nv.camera-1.0.0] startup
[4.036s] [ext: isaacsim.sensors.camera-1.7.13] startup
[4.050s] [ext: isaacsim.sensors.experimental.physics-3.3.0] startup
[4.055s] [ext: omni.sensors.net-1.0.1] startup
[4.057s] [ext: omni.sensors.nv.common-3.0.0] startup
[4.065s] [ext: omni.sensors.nv.materials-2.0.0] startup
[4.067s] [ext: omni.sensors.nv.acoustic-3.0.0] startup
[4.069s] [ext: omni.sensors.nv.ids-2.0.1] startup
[4.070s] [ext: omni.sensors.nv.lidar-3.0.0] startup
[4.073s] [ext: omni.sensors.nv.radar-3.0.0] startup
[4.075s] [ext: isaacsim.sensors.experimental.rtx-1.9.0] startup
2026-09-30T16:53:47Z [4,159ms] [Error] [omni.kit.app._impl] [py stderr]: /home/missroot/.local/lib/python3.12/site-packages/matplotlib/projections/__init__.py:63: UserWarning: Unable to import Axes3D. This may be due to multiple versions of Matplotlib being installed (e.g. as a system package and as a pip package). As a result, the 3D projection is not available.
  warnings.warn("Unable to import Axes3D. This may be due to multiple versions of "
[4.195s] [ext: isaacsim.sensors.physics.nodes-1.6.2] startup
[4.199s] [ext: isaacsim.util.debug_draw-3.2.6] startup
[4.202s] [ext: isaacsim.sensors.physx-2.5.7] startup
[4.207s] [ext: isaacsim.sensors.rtx-15.17.5] startup
[4.215s] [ext: isaacsim.simulation_app-2.19.0] startup
[4.215s] [ext: omni.anim.curve.core-1.6.1] startup
[4.222s] [ext: omni.graph.ui_nodes-2.11.1] startup
[4.237s] [ext: omni.kit.manipulator.camera-110.1.0] startup
[4.239s] [ext: omni.kit.manipulator.selector-1.1.4] startup
[4.240s] [ext: omni.kit.manipulator.transform-107.0.1] startup
[4.243s] [ext: omni.kit.widget.toolbar-2.1.0] startup
[4.247s] [ext: omni.kit.manipulator.tool.snap-1.5.15] startup
[4.249s] [ext: omni.kit.viewport.manipulator.transform-107.0.4] startup
[4.251s] [ext: omni.kit.manipulator.prim.core-108.0.2] startup
[4.254s] [ext: omni.kit.manipulator.prim.usd-107.0.3] startup
[4.255s] [ext: omni.kit.manipulator.prim-108.0.0] startup
[4.255s] [ext: omni.kit.manipulator.selection-110.0.0] startup
[4.256s] [ext: omni.kit.menu.create-2.0.2] startup
[4.257s] [ext: omni.kit.property.audio-1.0.18] startup
[4.259s] [ext: omni.kit.property.camera-1.0.14] startup
[4.260s] [ext: omni.kit.property.geometry-2.1.2] startup
[4.262s] [ext: omni.kit.property.light-1.0.16] startup
[4.285s] [ext: omni.kit.property.material-1.14.10] startup
[4.289s] [ext: omni.kit.property.render-1.2.2] startup
[4.290s] [ext: omni.kit.property.transform-1.6.12] startup
[4.292s] [ext: omni.kit.property.bundle-1.5.2] startup
[4.294s] [ext: omni.kit.usdz_export-1.1.1] startup
[4.295s] [ext: omni.kit.tool.asset_importer-6.0.2] startup
[4.299s] [ext: omni.kit.ui.actions-1.0.5] startup
[4.300s] [ext: omni.kit.viewport.menubar.camera-107.0.14] startup
[4.303s] [ext: omni.kit.viewport.menubar.lighting-107.3.2] startup
[4.304s] [ext: omni.kit.viewport.menubar.render-110.1.1] startup
[4.306s] [ext: omni.kit.viewport.menubar.settings-110.0.1] startup
[4.308s] [ext: omni.kit.window.console-1.1.10] startup
[4.310s] [ext: omni.kit.window.status_bar-0.1.11] startup
[4.312s] [ext: omni.kit.window.toolbar-3.0.3] startup
[4.313s] [ext: omni.ocio-0.1.1] startup
[4.314s] [ext: omni.physx.commands-110.3.2] startup
[4.316s] [ext: omni.replicator.replicator_yaml-2.0.12] startup
[4.322s] [ext: omni.rtx.window.settings-0.8.2] startup
[4.325s] [ext: omni.rtx.settings.core-0.7.1] startup
[4.327s] [ext: omni.usd.metrics.assembler.ui-110.1.1] startup
[4.331s] [ext: semantics.schema.editor-2.0.2] startup
[4.333s] [ext: semantics.schema.property-2.0.2] startup
[4.334s] [ext: omni.kit.menu.common-2.0.2] startup
[4.335s] [ext: isaacsim.exp.base-6.1.0] startup
[4.335s] [ext: isaacsim.exp.base.python-6.1.0] startup
[4.336s] Simulation App Starting
[4.988s] Simulation App Startup Complete
[4.995s] app ready
[5.325s] [ext: isaacsim.core.includes-2.9.4] startup
[5.326s] [ext: isaacsim.sensors.rtx.nodes-0.1.7] startup
[5.333s] [ext: isaacsim.ros2.core-1.11.0] startup
[5.383s] Attempting to load system rclpy
[5.407s] rclpy loaded
[5.411s] [ext: isaacsim.ros2.control-0.1.6] startup
[5.414s] [ext: isaacsim.ros2.nodes-1.22.7] startup
[5.444s] [ext: isaacsim.ros2.examples-1.2.9] startup
[5.448s] [ext: isaacsim.ros2.ui-1.9.2] startup
[5.609s] [ext: isaacsim.ros2.bridge-5.1.4] startup
[standalone] apro /home/missroot/mola-adversarial-nsga3/isaac/carter_warehouse.usd
2026-09-30T16:53:53Z [9,688ms] [Warning] [omni.usd] Encountered USD Warnings but USD Diagnostics are currently muted. To view USD Warnings, please set the '/persistent/app/usd/muteUsdDiagnostics' setting to false in Preferences page.
2026-09-30T16:53:54Z [10,630ms] [Warning] [rtx.hydra] Camera '/World/Nova_Carter_ROS/chassis_link/sensors/front_hawk/left/camera_left': Projection type 'fisheyePolynomial' is deprecated. Please use 'opencvFisheye', 'opencvPinhole', 'lut', or 'omniDirectionalStereo' instead.
2026-09-30T16:53:54Z [10,630ms] [Warning] [rtx.hydra] Camera '/World/Nova_Carter_ROS/chassis_link/sensors/front_hawk/right/camera_right': Projection type 'fisheyePolynomial' is deprecated. Please use 'opencvFisheye', 'opencvPinhole', 'lut', or 'omniDirectionalStereo' instead.
2026-09-30T16:53:54Z [10,630ms] [Warning] [rtx.hydra] Camera '/World/Nova_Carter_ROS/chassis_link/sensors/right_hawk/left/camera_left': Projection type 'fisheyePolynomial' is deprecated. Please use 'opencvFisheye', 'opencvPinhole', 'lut', or 'omniDirectionalStereo' instead.
2026-09-30T16:53:54Z [10,630ms] [Warning] [rtx.hydra] Camera '/World/Nova_Carter_ROS/chassis_link/sensors/left_hawk/left/camera_left': Projection type 'fisheyePolynomial' is deprecated. Please use 'opencvFisheye', 'opencvPinhole', 'lut', or 'omniDirectionalStereo' instead.
2026-09-30T16:53:54Z [10,630ms] [Warning] [rtx.hydra] Camera '/World/Nova_Carter_ROS/chassis_link/sensors/left_hawk/right/camera_right': Projection type 'fisheyePolynomial' is deprecated. Please use 'opencvFisheye', 'opencvPinhole', 'lut', or 'omniDirectionalStereo' instead.
2026-09-30T16:53:54Z [10,630ms] [Warning] [rtx.hydra] Camera '/World/Nova_Carter_ROS/chassis_link/sensors/right_hawk/right/camera_right': Projection type 'fisheyePolynomial' is deprecated. Please use 'opencvFisheye', 'opencvPinhole', 'lut', or 'omniDirectionalStereo' instead.
2026-09-30T16:53:54Z [10,630ms] [Warning] [rtx.hydra] Camera '/World/Nova_Carter_ROS/chassis_link/sensors/left_owl/camera': Projection type 'fisheyePolynomial' is deprecated. Please use 'opencvFisheye', 'opencvPinhole', 'lut', or 'omniDirectionalStereo' instead.
2026-09-30T16:53:54Z [10,630ms] [Warning] [rtx.hydra] Camera '/World/Nova_Carter_ROS/chassis_link/sensors/front_owl/camera': Projection type 'fisheyePolynomial' is deprecated. Please use 'opencvFisheye', 'opencvPinhole', 'lut', or 'omniDirectionalStereo' instead.
2026-09-30T16:53:54Z [10,630ms] [Warning] [rtx.hydra] Camera '/World/Nova_Carter_ROS/chassis_link/sensors/back_owl/camera': Projection type 'fisheyePolynomial' is deprecated. Please use 'opencvFisheye', 'opencvPinhole', 'lut', or 'omniDirectionalStereo' instead.
2026-09-30T16:53:54Z [10,630ms] [Warning] [rtx.hydra] Camera '/World/Nova_Carter_ROS/chassis_link/sensors/back_hawk/left/camera_left': Projection type 'fisheyePolynomial' is deprecated. Please use 'opencvFisheye', 'opencvPinhole', 'lut', or 'omniDirectionalStereo' instead.
2026-09-30T16:53:54Z [10,630ms] [Warning] [rtx.hydra] Camera '/World/Nova_Carter_ROS/chassis_link/sensors/back_hawk/right/camera_right': Projection type 'fisheyePolynomial' is deprecated. Please use 'opencvFisheye', 'opencvPinhole', 'lut', or 'omniDirectionalStereo' instead.
2026-09-30T16:53:54Z [10,630ms] [Warning] [rtx.hydra] Camera '/World/Nova_Carter_ROS/chassis_link/sensors/right_owl/camera': Projection type 'fisheyePolynomial' is deprecated. Please use 'opencvFisheye', 'opencvPinhole', 'lut', or 'omniDirectionalStereo' instead.
[standalone] pronto: comandi su /tmp/isaac_cmd.json
2026-09-30T16:53:55Z [12,393ms] [Warning] [isaacsim.ros2.core.impl.camera_info_utils] Forcing fy to fx (957.8116193827423 != 957.8115559493878) when computing CameraInfo, as renderer assumes square pixels.
2026-09-30T16:53:55Z [12,393ms] [Warning] [isaacsim.ros2.core.impl.camera_info_utils] Forcing fy to fx (959.3266105473468 != 959.3265470136585) when computing CameraInfo, as renderer assumes square pixels.
2026-09-30T16:53:56Z [12,451ms] [Warning] [isaacsim.ros2.nodes.ogn.python.nodes.OgnROS2RtxLidarHelper] fullScan is deprecated. RTX Lidar now always produces full scans via accumulateOutputs. This setting is ignored.
2026-09-30T16:53:56Z [12,498ms] [Warning] [isaacsim.core.experimental.primdata.plugin] PrimDataReader: DOF effort readings are not available on the Newton backend. The dof_efforts field will be unavailable.
2026-09-30T16:53:56Z [12,659ms] [Warning] [rtx.hydra] Camera '/World/Nova_Carter_ROS/chassis_link/sensors/front_hawk/left/camera_left': Projection type 'fisheyePolynomial' is deprecated. Please use 'opencvFisheye', 'opencvPinhole', 'lut', or 'omniDirectionalStereo' instead.
2026-09-30T16:53:56Z [12,660ms] [Warning] [rtx.hydra] Camera '/World/Nova_Carter_ROS/chassis_link/sensors/front_hawk/right/camera_right': Projection type 'fisheyePolynomial' is deprecated. Please use 'opencvFisheye', 'opencvPinhole', 'lut', or 'omniDirectionalStereo' instead.
2026-09-30T16:53:56Z [12,742ms] [Warning] [rtx.rtxsensor.plugin] Multi-tick is enabled but motion BVH is not active. This is not supported.
2026-09-30T16:53:56Z [12,742ms] [Warning] [rtx.sensors.lidar.core.plugin] MotionBVH for lidar model not enabled. This will result in an incorrect point cloud without motion effects!
2026-09-30T16:53:57Z [13,445ms] [Warning] [omni.timeline.plugin] Deprecated: direct use of ITimeline callbacks is deprecated. Use ITimeline::getTimeline (Python: omni.timeline.get_timeline_interface) instead.
2026-09-30T16:54:05Z [21,501ms] [Warning] [isaacsim.ros2.nodes] ROS2 TF aggregation contributor '/World/Nova_Carter_ROS/chassis_link/sensors/XT_32/ROS_TF/PublisherTF' did not submit transforms for topic '/tf' on flush cycle 437
2026-09-30T16:54:05Z [21,501ms] [Warning] [isaacsim.ros2.nodes] ROS2 TF aggregation contributor '/World/Nova_Carter_ROS/chassis_link/sensors/front_hawk/ROS_TF/PublisherTF' did not submit transforms for topic '/tf' on flush cycle 437
2026-09-30T16:54:05Z [21,501ms] [Warning] [isaacsim.ros2.nodes] ROS2 TF aggregation contributor '/World/Nova_Carter_ROS/chassis_link/sensors/front_RPLidar/ROS_TF/PublisherTF' did not submit transforms for topic '/tf' on flush cycle 437
2026-09-30T16:54:05Z [21,501ms] [Warning] [isaacsim.ros2.nodes] ROS2 TF aggregation contributor '/World/Nova_Carter_ROS/chassis_link/sensors/rear_RPLidar/ROS_TF/PublisherTF' did not submit transforms for topic '/tf' on flush cycle 437
2026-09-30T16:54:05Z [21,501ms] [Warning] [isaacsim.ros2.nodes] ROS2 TF aggregation contributor '/World/Nova_Carter_ROS/chassis_link/sensors/back_hawk/ROS_TF/PublisherTF' did not submit transforms for topic '/tf' on flush cycle 437
2026-09-30T16:54:05Z [21,501ms] [Warning] [isaacsim.ros2.nodes] ROS2 TF aggregation contributor '/World/Nova_Carter_ROS/chassis_link/sensors/left_owl/ROS_TF/PublisherTF' did not submit transforms for topic '/tf' on flush cycle 437
2026-09-30T16:54:05Z [21,501ms] [Warning] [isaacsim.ros2.nodes] ROS2 TF aggregation contributor '/World/Nova_Carter_ROS/chassis_link/sensors/right_hawk/ROS_TF/PublisherTF' did not submit transforms for topic '/tf' on flush cycle 437
2026-09-30T16:54:05Z [21,501ms] [Warning] [isaacsim.ros2.nodes] ROS2 TF aggregation contributor '/World/Nova_Carter_ROS/chassis_link/sensors/right_owl/ROS_TF/PublisherTF' did not submit transforms for topic '/tf' on flush cycle 437
2026-09-30T16:54:05Z [21,501ms] [Warning] [isaacsim.ros2.nodes] ROS2 TF aggregation contributor '/World/Nova_Carter_ROS/chassis_link/sensors/left_hawk/ROS_TF/PublisherTF' did not submit transforms for topic '/tf' on flush cycle 437
2026-09-30T16:54:05Z [21,501ms] [Warning] [isaacsim.ros2.nodes] ROS2 TF aggregation contributor '/World/Nova_Carter_ROS/chassis_link/sensors/front_owl/ROS_TF/PublisherTF' did not submit transforms for topic '/tf' on flush cycle 437
2026-09-30T16:54:05Z [21,501ms] [Warning] [isaacsim.ros2.nodes] ROS2 TF aggregation contributor '/World/Nova_Carter_ROS/transform_tree_odometry/ros2_publish_raw_transform_tree' did not submit transforms for topic '/tf' on flush cycle 437
2026-09-30T16:54:05Z [21,501ms] [Warning] [isaacsim.ros2.nodes] ROS2 TF aggregation contributor '/World/Nova_Carter_ROS/chassis_link/sensors/back_owl/ROS_TF/PublisherTF' did not submit transforms for topic '/tf' on flush cycle 437
2026-09-30T16:54:05Z [21,501ms] [Warning] [isaacsim.ros2.nodes] ROS2 TF aggregation contributor '/World/Nova_Carter_ROS/transform_tree_odometry/tf_tree_base_link_to_wheel_base' did not submit transforms for topic '/tf' on flush cycle 437
2026-09-30T16:54:05Z [21,501ms] [Warning] [isaacsim.ros2.nodes] ROS2 TF aggregation contributor '/World/Nova_Carter_ROS/transform_tree_odometry/tf_tree_base_link_to_sensors' did not submit transforms for topic '/tf' on flush cycle 437
2026-09-30T16:54:05Z [21,501ms] [Warning] [isaacsim.ros2.nodes] ROS2 TF aggregation contributor '/World/Nova_Carter_ROS/transform_tree_odometry/tf_tree_base_link_to_chassis' did not submit transforms for topic '/tf' on flush cycle 437
2026-09-30T16:54:15Z [32,308ms] [Warning] [omni.graph.core.plugin] /World/Nova_Carter_ROS/differential_drive/differential_controller_01: [/World/Nova_Carter_ROS/differential_drive] Invalid deltaTime 0.000000, cannot check for acceleration limits, skipping current step
2026-09-30T16:54:16Z [32,597ms] [Warning] [isaacsim.ros2.nodes] ROS2 TF aggregation contributor '/World/Nova_Carter_ROS/chassis_link/sensors/XT_32/ROS_TF/PublisherTF' did not submit transforms for topic '/tf' on flush cycle 1048
2026-09-30T16:54:16Z [32,597ms] [Warning] [isaacsim.ros2.nodes] ROS2 TF aggregation contributor '/World/Nova_Carter_ROS/chassis_link/sensors/front_hawk/ROS_TF/PublisherTF' did not submit transforms for topic '/tf' on flush cycle 1048
2026-09-30T16:54:16Z [32,597ms] [Warning] [isaacsim.ros2.nodes] ROS2 TF aggregation contributor '/World/Nova_Carter_ROS/chassis_link/sensors/front_RPLidar/ROS_TF/PublisherTF' did not submit transforms for topic '/tf' on flush cycle 1048
2026-09-30T16:54:16Z [32,597ms] [Warning] [isaacsim.ros2.nodes] ROS2 TF aggregation contributor '/World/Nova_Carter_ROS/chassis_link/sensors/rear_RPLidar/ROS_TF/PublisherTF' did not submit transforms for topic '/tf' on flush cycle 1048
2026-09-30T16:54:16Z [32,597ms] [Warning] [isaacsim.ros2.nodes] ROS2 TF aggregation contributor '/World/Nova_Carter_ROS/chassis_link/sensors/back_hawk/ROS_TF/PublisherTF' did not submit transforms for topic '/tf' on flush cycle 1048
2026-09-30T16:54:16Z [32,597ms] [Warning] [isaacsim.ros2.nodes] ROS2 TF aggregation contributor '/World/Nova_Carter_ROS/chassis_link/sensors/left_owl/ROS_TF/PublisherTF' did not submit transforms for topic '/tf' on flush cycle 1048
2026-09-30T16:54:16Z [32,597ms] [Warning] [isaacsim.ros2.nodes] ROS2 TF aggregation contributor '/World/Nova_Carter_ROS/chassis_link/sensors/right_hawk/ROS_TF/PublisherTF' did not submit transforms for topic '/tf' on flush cycle 1048
2026-09-30T16:54:16Z [32,597ms] [Warning] [isaacsim.ros2.nodes] ROS2 TF aggregation contributor '/World/Nova_Carter_ROS/chassis_link/sensors/right_owl/ROS_TF/PublisherTF' did not submit transforms for topic '/tf' on flush cycle 1048
2026-09-30T16:54:16Z [32,597ms] [Warning] [isaacsim.ros2.nodes] ROS2 TF aggregation contributor '/World/Nova_Carter_ROS/chassis_link/sensors/left_hawk/ROS_TF/PublisherTF' did not submit transforms for topic '/tf' on flush cycle 1048
2026-09-30T16:54:16Z [32,597ms] [Warning] [isaacsim.ros2.nodes] ROS2 TF aggregation contributor '/World/Nova_Carter_ROS/chassis_link/sensors/front_owl/ROS_TF/PublisherTF' did not submit transforms for topic '/tf' on flush cycle 1048
2026-09-30T16:54:16Z [32,597ms] [Warning] [isaacsim.ros2.nodes] ROS2 TF aggregation contributor '/World/Nova_Carter_ROS/transform_tree_odometry/ros2_publish_raw_transform_tree' did not submit transforms for topic '/tf' on flush cycle 1048
2026-09-30T16:54:16Z [32,597ms] [Warning] [isaacsim.ros2.nodes] ROS2 TF aggregation contributor '/World/Nova_Carter_ROS/chassis_link/sensors/back_owl/ROS_TF/PublisherTF' did not submit transforms for topic '/tf' on flush cycle 1048
2026-09-30T16:54:16Z [32,597ms] [Warning] [isaacsim.ros2.nodes] ROS2 TF aggregation contributor '/World/Nova_Carter_ROS/transform_tree_odometry/tf_tree_base_link_to_wheel_base' did not submit transforms for topic '/tf' on flush cycle 1048
2026-09-30T16:54:16Z [32,597ms] [Warning] [isaacsim.ros2.nodes] ROS2 TF aggregation contributor '/World/Nova_Carter_ROS/transform_tree_odometry/tf_tree_base_link_to_sensors' did not submit transforms for topic '/tf' on flush cycle 1048
2026-09-30T16:54:16Z [32,597ms] [Warning] [isaacsim.ros2.nodes] ROS2 TF aggregation contributor '/World/Nova_Carter_ROS/transform_tree_odometry/tf_tree_base_link_to_chassis' did not submit transforms for topic '/tf' on flush cycle 1048
2026-09-30T16:54:18Z [34,723ms] [Warning] [isaacsim.ros2.nodes] ROS2 TF aggregation contributor '/World/Nova_Carter_ROS/chassis_link/sensors/XT_32/ROS_TF/PublisherTF' did not submit transforms for topic '/tf' on flush cycle 1168
2026-09-30T16:54:18Z [34,723ms] [Warning] [isaacsim.ros2.nodes] ROS2 TF aggregation contributor '/World/Nova_Carter_ROS/chassis_link/sensors/front_hawk/ROS_TF/PublisherTF' did not submit transforms for topic '/tf' on flush cycle 1168
2026-09-30T16:54:18Z [34,723ms] [Warning] [isaacsim.ros2.nodes] ROS2 TF aggregation contributor '/World/Nova_Carter_ROS/chassis_link/sensors/front_RPLidar/ROS_TF/PublisherTF' did not submit transforms for topic '/tf' on flush cycle 1168
2026-09-30T16:54:18Z [34,723ms] [Warning] [isaacsim.ros2.nodes] ROS2 TF aggregation contributor '/World/Nova_Carter_ROS/chassis_link/sensors/rear_RPLidar/ROS_TF/PublisherTF' did not submit transforms for topic '/tf' on flush cycle 1168
2026-09-30T16:54:18Z [34,723ms] [Warning] [isaacsim.ros2.nodes] ROS2 TF aggregation contributor '/World/Nova_Carter_ROS/chassis_link/sensors/back_hawk/ROS_TF/PublisherTF' did not submit transforms for topic '/tf' on flush cycle 1168
2026-09-30T16:54:18Z [34,723ms] [Warning] [isaacsim.ros2.nodes] ROS2 TF aggregation contributor '/World/Nova_Carter_ROS/chassis_link/sensors/left_owl/ROS_TF/PublisherTF' did not submit transforms for topic '/tf' on flush cycle 1168
2026-09-30T16:54:18Z [34,723ms] [Warning] [isaacsim.ros2.nodes] ROS2 TF aggregation contributor '/World/Nova_Carter_ROS/chassis_link/sensors/right_hawk/ROS_TF/PublisherTF' did not submit transforms for topic '/tf' on flush cycle 1168
2026-09-30T16:54:18Z [34,723ms] [Warning] [isaacsim.ros2.nodes] ROS2 TF aggregation contributor '/World/Nova_Carter_ROS/chassis_link/sensors/right_owl/ROS_TF/PublisherTF' did not submit transforms for topic '/tf' on flush cycle 1168
2026-09-30T16:54:18Z [34,723ms] [Warning] [isaacsim.ros2.nodes] ROS2 TF aggregation contributor '/World/Nova_Carter_ROS/chassis_link/sensors/left_hawk/ROS_TF/PublisherTF' did not submit transforms for topic '/tf' on flush cycle 1168
2026-09-30T16:54:18Z [34,723ms] [Warning] [isaacsim.ros2.nodes] ROS2 TF aggregation contributor '/World/Nova_Carter_ROS/chassis_link/sensors/front_owl/ROS_TF/PublisherTF' did not submit transforms for topic '/tf' on flush cycle 1168
2026-09-30T16:54:18Z [34,723ms] [Warning] [isaacsim.ros2.nodes] ROS2 TF aggregation contributor '/World/Nova_Carter_ROS/transform_tree_odometry/ros2_publish_raw_transform_tree' did not submit transforms for topic '/tf' on flush cycle 1168
2026-09-30T16:54:18Z [34,723ms] [Warning] [isaacsim.ros2.nodes] ROS2 TF aggregation contributor '/World/Nova_Carter_ROS/chassis_link/sensors/back_owl/ROS_TF/PublisherTF' did not submit transforms for topic '/tf' on flush cycle 1168
2026-09-30T16:54:18Z [34,723ms] [Warning] [isaacsim.ros2.nodes] ROS2 TF aggregation contributor '/World/Nova_Carter_ROS/transform_tree_odometry/tf_tree_base_link_to_wheel_base' did not submit transforms for topic '/tf' on flush cycle 1168
2026-09-30T16:54:18Z [34,723ms] [Warning] [isaacsim.ros2.nodes] ROS2 TF aggregation contributor '/World/Nova_Carter_ROS/transform_tree_odometry/tf_tree_base_link_to_sensors' did not submit transforms for topic '/tf' on flush cycle 1168
2026-09-30T16:54:18Z [34,723ms] [Warning] [isaacsim.ros2.nodes] ROS2 TF aggregation contributor '/World/Nova_Carter_ROS/transform_tree_odometry/tf_tree_base_link_to_chassis' did not submit transforms for topic '/tf' on flush cycle 1168
2026-09-30T16:54:20Z [36,769ms] [Warning] [isaacsim.ros2.nodes] ROS2 TF aggregation contributor '/World/Nova_Carter_ROS/chassis_link/sensors/XT_32/ROS_TF/PublisherTF' did not submit transforms for topic '/tf' on flush cycle 1288
2026-09-30T16:54:20Z [36,769ms] [Warning] [isaacsim.ros2.nodes] ROS2 TF aggregation contributor '/World/Nova_Carter_ROS/chassis_link/sensors/front_hawk/ROS_TF/PublisherTF' did not submit transforms for topic '/tf' on flush cycle 1288
2026-09-30T16:54:20Z [36,769ms] [Warning] [isaacsim.ros2.nodes] ROS2 TF aggregation contributor '/World/Nova_Carter_ROS/chassis_link/sensors/front_RPLidar/ROS_TF/PublisherTF' did not submit transforms for topic '/tf' on flush cycle 1288
2026-09-30T16:54:20Z [36,769ms] [Warning] [isaacsim.ros2.nodes] ROS2 TF aggregation contributor '/World/Nova_Carter_ROS/chassis_link/sensors/rear_RPLidar/ROS_TF/PublisherTF' did not submit transforms for topic '/tf' on flush cycle 1288
2026-09-30T16:54:20Z [36,769ms] [Warning] [isaacsim.ros2.nodes] ROS2 TF aggregation contributor '/World/Nova_Carter_ROS/chassis_link/sensors/back_hawk/ROS_TF/PublisherTF' did not submit transforms for topic '/tf' on flush cycle 1288
2026-09-30T16:54:20Z [36,769ms] [Warning] [isaacsim.ros2.nodes] ROS2 TF aggregation contributor '/World/Nova_Carter_ROS/chassis_link/sensors/left_owl/ROS_TF/PublisherTF' did not submit transforms for topic '/tf' on flush cycle 1288
2026-09-30T16:54:20Z [36,769ms] [Warning] [isaacsim.ros2.nodes] ROS2 TF aggregation contributor '/World/Nova_Carter_ROS/chassis_link/sensors/right_hawk/ROS_TF/PublisherTF' did not submit transforms for topic '/tf' on flush cycle 1288
2026-09-30T16:54:20Z [36,769ms] [Warning] [isaacsim.ros2.nodes] ROS2 TF aggregation contributor '/World/Nova_Carter_ROS/chassis_link/sensors/right_owl/ROS_TF/PublisherTF' did not submit transforms for topic '/tf' on flush cycle 1288
2026-09-30T16:54:20Z [36,769ms] [Warning] [isaacsim.ros2.nodes] ROS2 TF aggregation contributor '/World/Nova_Carter_ROS/chassis_link/sensors/left_hawk/ROS_TF/PublisherTF' did not submit transforms for topic '/tf' on flush cycle 1288
2026-09-30T16:54:20Z [36,769ms] [Warning] [isaacsim.ros2.nodes] ROS2 TF aggregation contributor '/World/Nova_Carter_ROS/chassis_link/sensors/front_owl/ROS_TF/PublisherTF' did not submit transforms for topic '/tf' on flush cycle 1288
2026-09-30T16:54:20Z [36,769ms] [Warning] [isaacsim.ros2.nodes] ROS2 TF aggregation contributor '/World/Nova_Carter_ROS/transform_tree_odometry/ros2_publish_raw_transform_tree' did not submit transforms for topic '/tf' on flush cycle 1288
2026-09-30T16:54:20Z [36,769ms] [Warning] [isaacsim.ros2.nodes] ROS2 TF aggregation contributor '/World/Nova_Carter_ROS/chassis_link/sensors/back_owl/ROS_TF/PublisherTF' did not submit transforms for topic '/tf' on flush cycle 1288
2026-09-30T16:54:20Z [36,769ms] [Warning] [isaacsim.ros2.nodes] ROS2 TF aggregation contributor '/World/Nova_Carter_ROS/transform_tree_odometry/tf_tree_base_link_to_wheel_base' did not submit transforms for topic '/tf' on flush cycle 1288
2026-09-30T16:54:20Z [36,769ms] [Warning] [isaacsim.ros2.nodes] ROS2 TF aggregation contributor '/World/Nova_Carter_ROS/transform_tree_odometry/tf_tree_base_link_to_sensors' did not submit transforms for topic '/tf' on flush cycle 1288
2026-09-30T16:54:20Z [36,769ms] [Warning] [isaacsim.ros2.nodes] ROS2 TF aggregation contributor '/World/Nova_Carter_ROS/transform_tree_odometry/tf_tree_base_link_to_chassis' did not submit transforms for topic '/tf' on flush cycle 1288
2026-09-30T16:54:22Z [38,815ms] [Warning] [isaacsim.ros2.nodes] ROS2 TF aggregation contributor '/World/Nova_Carter_ROS/chassis_link/sensors/XT_32/ROS_TF/PublisherTF' did not submit transforms for topic '/tf' on flush cycle 1408
2026-09-30T16:54:22Z [38,815ms] [Warning] [isaacsim.ros2.nodes] ROS2 TF aggregation contributor '/World/Nova_Carter_ROS/chassis_link/sensors/front_hawk/ROS_TF/PublisherTF' did not submit transforms for topic '/tf' on flush cycle 1408
2026-09-30T16:54:22Z [38,815ms] [Warning] [isaacsim.ros2.nodes] ROS2 TF aggregation contributor '/World/Nova_Carter_ROS/chassis_link/sensors/front_RPLidar/ROS_TF/PublisherTF' did not submit transforms for topic '/tf' on flush cycle 1408
2026-09-30T16:54:22Z [38,815ms] [Warning] [isaacsim.ros2.nodes] ROS2 TF aggregation contributor '/World/Nova_Carter_ROS/chassis_link/sensors/rear_RPLidar/ROS_TF/PublisherTF' did not submit transforms for topic '/tf' on flush cycle 1408
2026-09-30T16:54:22Z [38,815ms] [Warning] [isaacsim.ros2.nodes] ROS2 TF aggregation contributor '/World/Nova_Carter_ROS/chassis_link/sensors/back_hawk/ROS_TF/PublisherTF' did not submit transforms for topic '/tf' on flush cycle 1408
2026-09-30T16:54:22Z [38,815ms] [Warning] [isaacsim.ros2.nodes] ROS2 TF aggregation contributor '/World/Nova_Carter_ROS/chassis_link/sensors/left_owl/ROS_TF/PublisherTF' did not submit transforms for topic '/tf' on flush cycle 1408
2026-09-30T16:54:22Z [38,815ms] [Warning] [isaacsim.ros2.nodes] ROS2 TF aggregation contributor '/World/Nova_Carter_ROS/chassis_link/sensors/right_hawk/ROS_TF/PublisherTF' did not submit transforms for topic '/tf' on flush cycle 1408
2026-09-30T16:54:22Z [38,815ms] [Warning] [isaacsim.ros2.nodes] ROS2 TF aggregation contributor '/World/Nova_Carter_ROS/chassis_link/sensors/right_owl/ROS_TF/PublisherTF' did not submit transforms for topic '/tf' on flush cycle 1408
2026-09-30T16:54:22Z [38,815ms] [Warning] [isaacsim.ros2.nodes] ROS2 TF aggregation contributor '/World/Nova_Carter_ROS/chassis_link/sensors/left_hawk/ROS_TF/PublisherTF' did not submit transforms for topic '/tf' on flush cycle 1408
2026-09-30T16:54:22Z [38,815ms] [Warning] [isaacsim.ros2.nodes] ROS2 TF aggregation contributor '/World/Nova_Carter_ROS/chassis_link/sensors/front_owl/ROS_TF/PublisherTF' did not submit transforms for topic '/tf' on flush cycle 1408
2026-09-30T16:54:22Z [38,815ms] [Warning] [isaacsim.ros2.nodes] ROS2 TF aggregation contributor '/World/Nova_Carter_ROS/transform_tree_odometry/ros2_publish_raw_transform_tree' did not submit transforms for topic '/tf' on flush cycle 1408
2026-09-30T16:54:22Z [38,815ms] [Warning] [isaacsim.ros2.nodes] ROS2 TF aggregation contributor '/World/Nova_Carter_ROS/chassis_link/sensors/back_owl/ROS_TF/PublisherTF' did not submit transforms for topic '/tf' on flush cycle 1408
2026-09-30T16:54:22Z [38,815ms] [Warning] [isaacsim.ros2.nodes] ROS2 TF aggregation contributor '/World/Nova_Carter_ROS/transform_tree_odometry/tf_tree_base_link_to_wheel_base' did not submit transforms for topic '/tf' on flush cycle 1408
2026-09-30T16:54:22Z [38,815ms] [Warning] [isaacsim.ros2.nodes] ROS2 TF aggregation contributor '/World/Nova_Carter_ROS/transform_tree_odometry/tf_tree_base_link_to_sensors' did not submit transforms for topic '/tf' on flush cycle 1408
2026-09-30T16:54:22Z [38,815ms] [Warning] [isaacsim.ros2.nodes] ROS2 TF aggregation contributor '/World/Nova_Carter_ROS/transform_tree_odometry/tf_tree_base_link_to_chassis' did not submit transforms for topic '/tf' on flush cycle 1408
2026-09-30T16:54:24Z [40,860ms] [Warning] [isaacsim.ros2.nodes] ROS2 TF aggregation contributor '/World/Nova_Carter_ROS/chassis_link/sensors/XT_32/ROS_TF/PublisherTF' did not submit transforms for topic '/tf' on flush cycle 1528
2026-09-30T16:54:24Z [40,860ms] [Warning] [isaacsim.ros2.nodes] ROS2 TF aggregation contributor '/World/Nova_Carter_ROS/chassis_link/sensors/front_hawk/ROS_TF/PublisherTF' did not submit transforms for topic '/tf' on flush cycle 1528
2026-09-30T16:54:24Z [40,860ms] [Warning] [isaacsim.ros2.nodes] ROS2 TF aggregation contributor '/World/Nova_Carter_ROS/chassis_link/sensors/front_RPLidar/ROS_TF/PublisherTF' did not submit transforms for topic '/tf' on flush cycle 1528
2026-09-30T16:54:24Z [40,860ms] [Warning] [isaacsim.ros2.nodes] ROS2 TF aggregation contributor '/World/Nova_Carter_ROS/chassis_link/sensors/rear_RPLidar/ROS_TF/PublisherTF' did not submit transforms for topic '/tf' on flush cycle 1528
2026-09-30T16:54:24Z [40,860ms] [Warning] [isaacsim.ros2.nodes] ROS2 TF aggregation contributor '/World/Nova_Carter_ROS/chassis_link/sensors/back_hawk/ROS_TF/PublisherTF' did not submit transforms for topic '/tf' on flush cycle 1528
2026-09-30T16:54:24Z [40,860ms] [Warning] [isaacsim.ros2.nodes] ROS2 TF aggregation contributor '/World/Nova_Carter_ROS/chassis_link/sensors/left_owl/ROS_TF/PublisherTF' did not submit transforms for topic '/tf' on flush cycle 1528
2026-09-30T16:54:24Z [40,860ms] [Warning] [isaacsim.ros2.nodes] ROS2 TF aggregation contributor '/World/Nova_Carter_ROS/chassis_link/sensors/right_hawk/ROS_TF/PublisherTF' did not submit transforms for topic '/tf' on flush cycle 1528
2026-09-30T16:54:24Z [40,860ms] [Warning] [isaacsim.ros2.nodes] ROS2 TF aggregation contributor '/World/Nova_Carter_ROS/chassis_link/sensors/right_owl/ROS_TF/PublisherTF' did not submit transforms for topic '/tf' on flush cycle 1528
2026-09-30T16:54:24Z [40,860ms] [Warning] [isaacsim.ros2.nodes] ROS2 TF aggregation contributor '/World/Nova_Carter_ROS/chassis_link/sensors/left_hawk/ROS_TF/PublisherTF' did not submit transforms for topic '/tf' on flush cycle 1528
2026-09-30T16:54:24Z [40,860ms] [Warning] [isaacsim.ros2.nodes] ROS2 TF aggregation contributor '/World/Nova_Carter_ROS/chassis_link/sensors/front_owl/ROS_TF/PublisherTF' did not submit transforms for topic '/tf' on flush cycle 1528
2026-09-30T16:54:24Z [40,860ms] [Warning] [isaacsim.ros2.nodes] ROS2 TF aggregation contributor '/World/Nova_Carter_ROS/transform_tree_odometry/ros2_publish_raw_transform_tree' did not submit transforms for topic '/tf' on flush cycle 1528
2026-09-30T16:54:24Z [40,860ms] [Warning] [isaacsim.ros2.nodes] ROS2 TF aggregation contributor '/World/Nova_Carter_ROS/chassis_link/sensors/back_owl/ROS_TF/PublisherTF' did not submit transforms for topic '/tf' on flush cycle 1528
2026-09-30T16:54:24Z [40,860ms] [Warning] [isaacsim.ros2.nodes] ROS2 TF aggregation contributor '/World/Nova_Carter_ROS/transform_tree_odometry/tf_tree_base_link_to_wheel_base' did not submit transforms for topic '/tf' on flush cycle 1528
2026-09-30T16:54:24Z [40,860ms] [Warning] [isaacsim.ros2.nodes] ROS2 TF aggregation contributor '/World/Nova_Carter_ROS/transform_tree_odometry/tf_tree_base_link_to_sensors' did not submit transforms for topic '/tf' on flush cycle 1528
2026-09-30T16:54:24Z [40,860ms] [Warning] [isaacsim.ros2.nodes] ROS2 TF aggregation contributor '/World/Nova_Carter_ROS/transform_tree_odometry/tf_tree_base_link_to_chassis' did not submit transforms for topic '/tf' on flush cycle 1528
2026-09-30T16:54:26Z [42,908ms] [Warning] [isaacsim.ros2.nodes] ROS2 TF aggregation contributor '/World/Nova_Carter_ROS/chassis_link/sensors/XT_32/ROS_TF/PublisherTF' did not submit transforms for topic '/tf' on flush cycle 1648
2026-09-30T16:54:26Z [42,908ms] [Warning] [isaacsim.ros2.nodes] ROS2 TF aggregation contributor '/World/Nova_Carter_ROS/chassis_link/sensors/front_hawk/ROS_TF/PublisherTF' did not submit transforms for topic '/tf' on flush cycle 1648
2026-09-30T16:54:26Z [42,908ms] [Warning] [isaacsim.ros2.nodes] ROS2 TF aggregation contributor '/World/Nova_Carter_ROS/chassis_link/sensors/front_RPLidar/ROS_TF/PublisherTF' did not submit transforms for topic '/tf' on flush cycle 1648
2026-09-30T16:54:26Z [42,908ms] [Warning] [isaacsim.ros2.nodes] ROS2 TF aggregation contributor '/World/Nova_Carter_ROS/chassis_link/sensors/rear_RPLidar/ROS_TF/PublisherTF' did not submit transforms for topic '/tf' on flush cycle 1648
2026-09-30T16:54:26Z [42,908ms] [Warning] [isaacsim.ros2.nodes] ROS2 TF aggregation contributor '/World/Nova_Carter_ROS/chassis_link/sensors/back_hawk/ROS_TF/PublisherTF' did not submit transforms for topic '/tf' on flush cycle 1648
2026-09-30T16:54:26Z [42,908ms] [Warning] [isaacsim.ros2.nodes] ROS2 TF aggregation contributor '/World/Nova_Carter_ROS/chassis_link/sensors/left_owl/ROS_TF/PublisherTF' did not submit transforms for topic '/tf' on flush cycle 1648
2026-09-30T16:54:26Z [42,908ms] [Warning] [isaacsim.ros2.nodes] ROS2 TF aggregation contributor '/World/Nova_Carter_ROS/chassis_link/sensors/right_hawk/ROS_TF/PublisherTF' did not submit transforms for topic '/tf' on flush cycle 1648
2026-09-30T16:54:26Z [42,908ms] [Warning] [isaacsim.ros2.nodes] ROS2 TF aggregation contributor '/World/Nova_Carter_ROS/chassis_link/sensors/right_owl/ROS_TF/PublisherTF' did not submit transforms for topic '/tf' on flush cycle 1648
2026-09-30T16:54:26Z [42,908ms] [Warning] [isaacsim.ros2.nodes] ROS2 TF aggregation contributor '/World/Nova_Carter_ROS/chassis_link/sensors/left_hawk/ROS_TF/PublisherTF' did not submit transforms for topic '/tf' on flush cycle 1648
2026-09-30T16:54:26Z [42,908ms] [Warning] [isaacsim.ros2.nodes] ROS2 TF aggregation contributor '/World/Nova_Carter_ROS/chassis_link/sensors/front_owl/ROS_TF/PublisherTF' did not submit transforms for topic '/tf' on flush cycle 1648
2026-09-30T16:54:26Z [42,908ms] [Warning] [isaacsim.ros2.nodes] ROS2 TF aggregation contributor '/World/Nova_Carter_ROS/transform_tree_odometry/ros2_publish_raw_transform_tree' did not submit transforms for topic '/tf' on flush cycle 1648
2026-09-30T16:54:26Z [42,908ms] [Warning] [isaacsim.ros2.nodes] ROS2 TF aggregation contributor '/World/Nova_Carter_ROS/chassis_link/sensors/back_owl/ROS_TF/PublisherTF' did not submit transforms for topic '/tf' on flush cycle 1648
2026-09-30T16:54:26Z [42,908ms] [Warning] [isaacsim.ros2.nodes] ROS2 TF aggregation contributor '/World/Nova_Carter_ROS/transform_tree_odometry/tf_tree_base_link_to_wheel_base' did not submit transforms for topic '/tf' on flush cycle 1648
2026-09-30T16:54:26Z [42,908ms] [Warning] [isaacsim.ros2.nodes] ROS2 TF aggregation contributor '/World/Nova_Carter_ROS/transform_tree_odometry/tf_tree_base_link_to_sensors' did not submit transforms for topic '/tf' on flush cycle 1648
2026-09-30T16:54:26Z [42,908ms] [Warning] [isaacsim.ros2.nodes] ROS2 TF aggregation contributor '/World/Nova_Carter_ROS/transform_tree_odometry/tf_tree_base_link_to_chassis' did not submit transforms for topic '/tf' on flush cycle 1648
2026-09-30T16:54:28Z [45,001ms] [Warning] [isaacsim.ros2.nodes] ROS2 TF aggregation contributor '/World/Nova_Carter_ROS/chassis_link/sensors/XT_32/ROS_TF/PublisherTF' did not submit transforms for topic '/tf' on flush cycle 1768
2026-09-30T16:54:28Z [45,001ms] [Warning] [isaacsim.ros2.nodes] ROS2 TF aggregation contributor '/World/Nova_Carter_ROS/chassis_link/sensors/front_hawk/ROS_TF/PublisherTF' did not submit transforms for topic '/tf' on flush cycle 1768
2026-09-30T16:54:28Z [45,001ms] [Warning] [isaacsim.ros2.nodes] ROS2 TF aggregation contributor '/World/Nova_Carter_ROS/chassis_link/sensors/front_RPLidar/ROS_TF/PublisherTF' did not submit transforms for topic '/tf' on flush cycle 1768
2026-09-30T16:54:28Z [45,001ms] [Warning] [isaacsim.ros2.nodes] ROS2 TF aggregation contributor '/World/Nova_Carter_ROS/chassis_link/sensors/rear_RPLidar/ROS_TF/PublisherTF' did not submit transforms for topic '/tf' on flush cycle 1768
2026-09-30T16:54:28Z [45,001ms] [Warning] [isaacsim.ros2.nodes] ROS2 TF aggregation contributor '/World/Nova_Carter_ROS/chassis_link/sensors/back_hawk/ROS_TF/PublisherTF' did not submit transforms for topic '/tf' on flush cycle 1768
2026-09-30T16:54:28Z [45,001ms] [Warning] [isaacsim.ros2.nodes] ROS2 TF aggregation contributor '/World/Nova_Carter_ROS/chassis_link/sensors/left_owl/ROS_TF/PublisherTF' did not submit transforms for topic '/tf' on flush cycle 1768
2026-09-30T16:54:28Z [45,001ms] [Warning] [isaacsim.ros2.nodes] ROS2 TF aggregation contributor '/World/Nova_Carter_ROS/chassis_link/sensors/right_hawk/ROS_TF/PublisherTF' did not submit transforms for topic '/tf' on flush cycle 1768
2026-09-30T16:54:28Z [45,001ms] [Warning] [isaacsim.ros2.nodes] ROS2 TF aggregation contributor '/World/Nova_Carter_ROS/chassis_link/sensors/right_owl/ROS_TF/PublisherTF' did not submit transforms for topic '/tf' on flush cycle 1768
2026-09-30T16:54:28Z [45,001ms] [Warning] [isaacsim.ros2.nodes] ROS2 TF aggregation contributor '/World/Nova_Carter_ROS/chassis_link/sensors/left_hawk/ROS_TF/PublisherTF' did not submit transforms for topic '/tf' on flush cycle 1768
2026-09-30T16:54:28Z [45,001ms] [Warning] [isaacsim.ros2.nodes] ROS2 TF aggregation contributor '/World/Nova_Carter_ROS/chassis_link/sensors/front_owl/ROS_TF/PublisherTF' did not submit transforms for topic '/tf' on flush cycle 1768
2026-09-30T16:54:28Z [45,001ms] [Warning] [isaacsim.ros2.nodes] ROS2 TF aggregation contributor '/World/Nova_Carter_ROS/transform_tree_odometry/ros2_publish_raw_transform_tree' did not submit transforms for topic '/tf' on flush cycle 1768
2026-09-30T16:54:28Z [45,001ms] [Warning] [isaacsim.ros2.nodes] ROS2 TF aggregation contributor '/World/Nova_Carter_ROS/chassis_link/sensors/back_owl/ROS_TF/PublisherTF' did not submit transforms for topic '/tf' on flush cycle 1768
2026-09-30T16:54:28Z [45,001ms] [Warning] [isaacsim.ros2.nodes] ROS2 TF aggregation contributor '/World/Nova_Carter_ROS/transform_tree_odometry/tf_tree_base_link_to_wheel_base' did not submit transforms for topic '/tf' on flush cycle 1768
2026-09-30T16:54:28Z [45,001ms] [Warning] [isaacsim.ros2.nodes] ROS2 TF aggregation contributor '/World/Nova_Carter_ROS/transform_tree_odometry/tf_tree_base_link_to_sensors' did not submit transforms for topic '/tf' on flush cycle 1768
2026-09-30T16:54:28Z [45,001ms] [Warning] [isaacsim.ros2.nodes] ROS2 TF aggregation contributor '/World/Nova_Carter_ROS/transform_tree_odometry/tf_tree_base_link_to_chassis' did not submit transforms for topic '/tf' on flush cycle 1768
2026-09-30T16:54:38Z [55,056ms] [Warning] [isaacsim.ros2.nodes] ROS2 TF aggregation contributor '/World/Nova_Carter_ROS/chassis_link/sensors/XT_32/ROS_TF/PublisherTF' did not submit transforms for topic '/tf' on flush cycle 2308
2026-09-30T16:54:38Z [55,056ms] [Warning] [isaacsim.ros2.nodes] ROS2 TF aggregation contributor '/World/Nova_Carter_ROS/chassis_link/sensors/front_hawk/ROS_TF/PublisherTF' did not submit transforms for topic '/tf' on flush cycle 2308
2026-09-30T16:54:38Z [55,056ms] [Warning] [isaacsim.ros2.nodes] ROS2 TF aggregation contributor '/World/Nova_Carter_ROS/chassis_link/sensors/front_RPLidar/ROS_TF/PublisherTF' did not submit transforms for topic '/tf' on flush cycle 2308
2026-09-30T16:54:38Z [55,056ms] [Warning] [isaacsim.ros2.nodes] ROS2 TF aggregation contributor '/World/Nova_Carter_ROS/chassis_link/sensors/rear_RPLidar/ROS_TF/PublisherTF' did not submit transforms for topic '/tf' on flush cycle 2308
2026-09-30T16:54:38Z [55,056ms] [Warning] [isaacsim.ros2.nodes] ROS2 TF aggregation contributor '/World/Nova_Carter_ROS/chassis_link/sensors/back_hawk/ROS_TF/PublisherTF' did not submit transforms for topic '/tf' on flush cycle 2308
2026-09-30T16:54:38Z [55,056ms] [Warning] [isaacsim.ros2.nodes] ROS2 TF aggregation contributor '/World/Nova_Carter_ROS/chassis_link/sensors/left_owl/ROS_TF/PublisherTF' did not submit transforms for topic '/tf' on flush cycle 2308
2026-09-30T16:54:38Z [55,056ms] [Warning] [isaacsim.ros2.nodes] ROS2 TF aggregation contributor '/World/Nova_Carter_ROS/chassis_link/sensors/right_hawk/ROS_TF/PublisherTF' did not submit transforms for topic '/tf' on flush cycle 2308
2026-09-30T16:54:38Z [55,056ms] [Warning] [isaacsim.ros2.nodes] ROS2 TF aggregation contributor '/World/Nova_Carter_ROS/chassis_link/sensors/right_owl/ROS_TF/PublisherTF' did not submit transforms for topic '/tf' on flush cycle 2308
2026-09-30T16:54:38Z [55,056ms] [Warning] [isaacsim.ros2.nodes] ROS2 TF aggregation contributor '/World/Nova_Carter_ROS/chassis_link/sensors/left_hawk/ROS_TF/PublisherTF' did not submit transforms for topic '/tf' on flush cycle 2308
2026-09-30T16:54:38Z [55,056ms] [Warning] [isaacsim.ros2.nodes] ROS2 TF aggregation contributor '/World/Nova_Carter_ROS/chassis_link/sensors/front_owl/ROS_TF/PublisherTF' did not submit transforms for topic '/tf' on flush cycle 2308
2026-09-30T16:54:38Z [55,056ms] [Warning] [isaacsim.ros2.nodes] ROS2 TF aggregation contributor '/World/Nova_Carter_ROS/transform_tree_odometry/ros2_publish_raw_transform_tree' did not submit transforms for topic '/tf' on flush cycle 2308
2026-09-30T16:54:38Z [55,056ms] [Warning] [isaacsim.ros2.nodes] ROS2 TF aggregation contributor '/World/Nova_Carter_ROS/chassis_link/sensors/back_owl/ROS_TF/PublisherTF' did not submit transforms for topic '/tf' on flush cycle 2308
2026-09-30T16:54:38Z [55,056ms] [Warning] [isaacsim.ros2.nodes] ROS2 TF aggregation contributor '/World/Nova_Carter_ROS/transform_tree_odometry/tf_tree_base_link_to_wheel_base' did not submit transforms for topic '/tf' on flush cycle 2308
2026-09-30T16:54:38Z [55,056ms] [Warning] [isaacsim.ros2.nodes] ROS2 TF aggregation contributor '/World/Nova_Carter_ROS/transform_tree_odometry/tf_tree_base_link_to_sensors' did not submit transforms for topic '/tf' on flush cycle 2308
2026-09-30T16:54:38Z [55,056ms] [Warning] [isaacsim.ros2.nodes] ROS2 TF aggregation contributor '/World/Nova_Carter_ROS/transform_tree_odometry/tf_tree_base_link_to_chassis' did not submit transforms for topic '/tf' on flush cycle 2308
2026-09-30T16:54:40Z [57,093ms] [Warning] [isaacsim.ros2.nodes] ROS2 TF aggregation contributor '/World/Nova_Carter_ROS/chassis_link/sensors/XT_32/ROS_TF/PublisherTF' did not submit transforms for topic '/tf' on flush cycle 2428
2026-09-30T16:54:40Z [57,093ms] [Warning] [isaacsim.ros2.nodes] ROS2 TF aggregation contributor '/World/Nova_Carter_ROS/chassis_link/sensors/front_hawk/ROS_TF/PublisherTF' did not submit transforms for topic '/tf' on flush cycle 2428
2026-09-30T16:54:40Z [57,093ms] [Warning] [isaacsim.ros2.nodes] ROS2 TF aggregation contributor '/World/Nova_Carter_ROS/chassis_link/sensors/front_RPLidar/ROS_TF/PublisherTF' did not submit transforms for topic '/tf' on flush cycle 2428
2026-09-30T16:54:40Z [57,093ms] [Warning] [isaacsim.ros2.nodes] ROS2 TF aggregation contributor '/World/Nova_Carter_ROS/chassis_link/sensors/rear_RPLidar/ROS_TF/PublisherTF' did not submit transforms for topic '/tf' on flush cycle 2428
2026-09-30T16:54:40Z [57,093ms] [Warning] [isaacsim.ros2.nodes] ROS2 TF aggregation contributor '/World/Nova_Carter_ROS/chassis_link/sensors/back_hawk/ROS_TF/PublisherTF' did not submit transforms for topic '/tf' on flush cycle 2428
2026-09-30T16:54:40Z [57,093ms] [Warning] [isaacsim.ros2.nodes] ROS2 TF aggregation contributor '/World/Nova_Carter_ROS/chassis_link/sensors/left_owl/ROS_TF/PublisherTF' did not submit transforms for topic '/tf' on flush cycle 2428
2026-09-30T16:54:40Z [57,093ms] [Warning] [isaacsim.ros2.nodes] ROS2 TF aggregation contributor '/World/Nova_Carter_ROS/chassis_link/sensors/right_hawk/ROS_TF/PublisherTF' did not submit transforms for topic '/tf' on flush cycle 2428
2026-09-30T16:54:40Z [57,093ms] [Warning] [isaacsim.ros2.nodes] ROS2 TF aggregation contributor '/World/Nova_Carter_ROS/chassis_link/sensors/right_owl/ROS_TF/PublisherTF' did not submit transforms for topic '/tf' on flush cycle 2428
2026-09-30T16:54:40Z [57,093ms] [Warning] [isaacsim.ros2.nodes] ROS2 TF aggregation contributor '/World/Nova_Carter_ROS/chassis_link/sensors/left_hawk/ROS_TF/PublisherTF' did not submit transforms for topic '/tf' on flush cycle 2428
2026-09-30T16:54:40Z [57,093ms] [Warning] [isaacsim.ros2.nodes] ROS2 TF aggregation contributor '/World/Nova_Carter_ROS/chassis_link/sensors/front_owl/ROS_TF/PublisherTF' did not submit transforms for topic '/tf' on flush cycle 2428
2026-09-30T16:54:40Z [57,093ms] [Warning] [isaacsim.ros2.nodes] ROS2 TF aggregation contributor '/World/Nova_Carter_ROS/transform_tree_odometry/ros2_publish_raw_transform_tree' did not submit transforms for topic '/tf' on flush cycle 2428
2026-09-30T16:54:40Z [57,093ms] [Warning] [isaacsim.ros2.nodes] ROS2 TF aggregation contributor '/World/Nova_Carter_ROS/chassis_link/sensors/back_owl/ROS_TF/PublisherTF' did not submit transforms for topic '/tf' on flush cycle 2428
2026-09-30T16:54:40Z [57,093ms] [Warning] [isaacsim.ros2.nodes] ROS2 TF aggregation contributor '/World/Nova_Carter_ROS/transform_tree_odometry/tf_tree_base_link_to_wheel_base' did not submit transforms for topic '/tf' on flush cycle 2428
2026-09-30T16:54:40Z [57,093ms] [Warning] [isaacsim.ros2.nodes] ROS2 TF aggregation contributor '/World/Nova_Carter_ROS/transform_tree_odometry/tf_tree_base_link_to_sensors' did not submit transforms for topic '/tf' on flush cycle 2428
2026-09-30T16:54:40Z [57,093ms] [Warning] [isaacsim.ros2.nodes] ROS2 TF aggregation contributor '/World/Nova_Carter_ROS/transform_tree_odometry/tf_tree_base_link_to_chassis' did not submit transforms for topic '/tf' on flush cycle 2428
2026-09-30T16:54:42Z [59,136ms] [Warning] [isaacsim.ros2.nodes] ROS2 TF aggregation contributor '/World/Nova_Carter_ROS/chassis_link/sensors/XT_32/ROS_TF/PublisherTF' did not submit transforms for topic '/tf' on flush cycle 2548
2026-09-30T16:54:42Z [59,136ms] [Warning] [isaacsim.ros2.nodes] ROS2 TF aggregation contributor '/World/Nova_Carter_ROS/chassis_link/sensors/front_hawk/ROS_TF/PublisherTF' did not submit transforms for topic '/tf' on flush cycle 2548
2026-09-30T16:54:42Z [59,136ms] [Warning] [isaacsim.ros2.nodes] ROS2 TF aggregation contributor '/World/Nova_Carter_ROS/chassis_link/sensors/front_RPLidar/ROS_TF/PublisherTF' did not submit transforms for topic '/tf' on flush cycle 2548
2026-09-30T16:54:42Z [59,136ms] [Warning] [isaacsim.ros2.nodes] ROS2 TF aggregation contributor '/World/Nova_Carter_ROS/chassis_link/sensors/rear_RPLidar/ROS_TF/PublisherTF' did not submit transforms for topic '/tf' on flush cycle 2548
2026-09-30T16:54:42Z [59,136ms] [Warning] [isaacsim.ros2.nodes] ROS2 TF aggregation contributor '/World/Nova_Carter_ROS/chassis_link/sensors/back_hawk/ROS_TF/PublisherTF' did not submit transforms for topic '/tf' on flush cycle 2548
2026-09-30T16:54:42Z [59,136ms] [Warning] [isaacsim.ros2.nodes] ROS2 TF aggregation contributor '/World/Nova_Carter_ROS/chassis_link/sensors/left_owl/ROS_TF/PublisherTF' did not submit transforms for topic '/tf' on flush cycle 2548
2026-09-30T16:54:42Z [59,136ms] [Warning] [isaacsim.ros2.nodes] ROS2 TF aggregation contributor '/World/Nova_Carter_ROS/chassis_link/sensors/right_hawk/ROS_TF/PublisherTF' did not submit transforms for topic '/tf' on flush cycle 2548
2026-09-30T16:54:42Z [59,136ms] [Warning] [isaacsim.ros2.nodes] ROS2 TF aggregation contributor '/World/Nova_Carter_ROS/chassis_link/sensors/right_owl/ROS_TF/PublisherTF' did not submit transforms for topic '/tf' on flush cycle 2548
2026-09-30T16:54:42Z [59,136ms] [Warning] [isaacsim.ros2.nodes] ROS2 TF aggregation contributor '/World/Nova_Carter_ROS/chassis_link/sensors/left_hawk/ROS_TF/PublisherTF' did not submit transforms for topic '/tf' on flush cycle 2548
2026-09-30T16:54:42Z [59,136ms] [Warning] [isaacsim.ros2.nodes] ROS2 TF aggregation contributor '/World/Nova_Carter_ROS/chassis_link/sensors/front_owl/ROS_TF/PublisherTF' did not submit transforms for topic '/tf' on flush cycle 2548
2026-09-30T16:54:42Z [59,136ms] [Warning] [isaacsim.ros2.nodes] ROS2 TF aggregation contributor '/World/Nova_Carter_ROS/transform_tree_odometry/ros2_publish_raw_transform_tree' did not submit transforms for topic '/tf' on flush cycle 2548
2026-09-30T16:54:42Z [59,136ms] [Warning] [isaacsim.ros2.nodes] ROS2 TF aggregation contributor '/World/Nova_Carter_ROS/chassis_link/sensors/back_owl/ROS_TF/PublisherTF' did not submit transforms for topic '/tf' on flush cycle 2548
2026-09-30T16:54:42Z [59,136ms] [Warning] [isaacsim.ros2.nodes] ROS2 TF aggregation contributor '/World/Nova_Carter_ROS/transform_tree_odometry/tf_tree_base_link_to_wheel_base' did not submit transforms for topic '/tf' on flush cycle 2548
2026-09-30T16:54:42Z [59,136ms] [Warning] [isaacsim.ros2.nodes] ROS2 TF aggregation contributor '/World/Nova_Carter_ROS/transform_tree_odometry/tf_tree_base_link_to_sensors' did not submit transforms for topic '/tf' on flush cycle 2548
2026-09-30T16:54:42Z [59,136ms] [Warning] [isaacsim.ros2.nodes] ROS2 TF aggregation contributor '/World/Nova_Carter_ROS/transform_tree_odometry/tf_tree_base_link_to_chassis' did not submit transforms for topic '/tf' on flush cycle 2548
2026-09-30T16:54:44Z [61,183ms] [Warning] [isaacsim.ros2.nodes] ROS2 TF aggregation contributor '/World/Nova_Carter_ROS/chassis_link/sensors/XT_32/ROS_TF/PublisherTF' did not submit transforms for topic '/tf' on flush cycle 2668
2026-09-30T16:54:44Z [61,183ms] [Warning] [isaacsim.ros2.nodes] ROS2 TF aggregation contributor '/World/Nova_Carter_ROS/chassis_link/sensors/front_hawk/ROS_TF/PublisherTF' did not submit transforms for topic '/tf' on flush cycle 2668
2026-09-30T16:54:44Z [61,183ms] [Warning] [isaacsim.ros2.nodes] ROS2 TF aggregation contributor '/World/Nova_Carter_ROS/chassis_link/sensors/front_RPLidar/ROS_TF/PublisherTF' did not submit transforms for topic '/tf' on flush cycle 2668
2026-09-30T16:54:44Z [61,183ms] [Warning] [isaacsim.ros2.nodes] ROS2 TF aggregation contributor '/World/Nova_Carter_ROS/chassis_link/sensors/rear_RPLidar/ROS_TF/PublisherTF' did not submit transforms for topic '/tf' on flush cycle 2668
2026-09-30T16:54:44Z [61,183ms] [Warning] [isaacsim.ros2.nodes] ROS2 TF aggregation contributor '/World/Nova_Carter_ROS/chassis_link/sensors/back_hawk/ROS_TF/PublisherTF' did not submit transforms for topic '/tf' on flush cycle 2668
2026-09-30T16:54:44Z [61,183ms] [Warning] [isaacsim.ros2.nodes] ROS2 TF aggregation contributor '/World/Nova_Carter_ROS/chassis_link/sensors/left_owl/ROS_TF/PublisherTF' did not submit transforms for topic '/tf' on flush cycle 2668
2026-09-30T16:54:44Z [61,183ms] [Warning] [isaacsim.ros2.nodes] ROS2 TF aggregation contributor '/World/Nova_Carter_ROS/chassis_link/sensors/right_hawk/ROS_TF/PublisherTF' did not submit transforms for topic '/tf' on flush cycle 2668
2026-09-30T16:54:44Z [61,183ms] [Warning] [isaacsim.ros2.nodes] ROS2 TF aggregation contributor '/World/Nova_Carter_ROS/chassis_link/sensors/right_owl/ROS_TF/PublisherTF' did not submit transforms for topic '/tf' on flush cycle 2668
2026-09-30T16:54:44Z [61,183ms] [Warning] [isaacsim.ros2.nodes] ROS2 TF aggregation contributor '/World/Nova_Carter_ROS/chassis_link/sensors/left_hawk/ROS_TF/PublisherTF' did not submit transforms for topic '/tf' on flush cycle 2668
2026-09-30T16:54:44Z [61,183ms] [Warning] [isaacsim.ros2.nodes] ROS2 TF aggregation contributor '/World/Nova_Carter_ROS/chassis_link/sensors/front_owl/ROS_TF/PublisherTF' did not submit transforms for topic '/tf' on flush cycle 2668
2026-09-30T16:54:44Z [61,183ms] [Warning] [isaacsim.ros2.nodes] ROS2 TF aggregation contributor '/World/Nova_Carter_ROS/transform_tree_odometry/ros2_publish_raw_transform_tree' did not submit transforms for topic '/tf' on flush cycle 2668
2026-09-30T16:54:44Z [61,183ms] [Warning] [isaacsim.ros2.nodes] ROS2 TF aggregation contributor '/World/Nova_Carter_ROS/chassis_link/sensors/back_owl/ROS_TF/PublisherTF' did not submit transforms for topic '/tf' on flush cycle 2668
2026-09-30T16:54:44Z [61,183ms] [Warning] [isaacsim.ros2.nodes] ROS2 TF aggregation contributor '/World/Nova_Carter_ROS/transform_tree_odometry/tf_tree_base_link_to_wheel_base' did not submit transforms for topic '/tf' on flush cycle 2668
2026-09-30T16:54:44Z [61,183ms] [Warning] [isaacsim.ros2.nodes] ROS2 TF aggregation contributor '/World/Nova_Carter_ROS/transform_tree_odometry/tf_tree_base_link_to_sensors' did not submit transforms for topic '/tf' on flush cycle 2668
2026-09-30T16:54:44Z [61,183ms] [Warning] [isaacsim.ros2.nodes] ROS2 TF aggregation contributor '/World/Nova_Carter_ROS/transform_tree_odometry/tf_tree_base_link_to_chassis' did not submit transforms for topic '/tf' on flush cycle 2668
2026-09-30T16:54:46Z [63,233ms] [Warning] [isaacsim.ros2.nodes] ROS2 TF aggregation contributor '/World/Nova_Carter_ROS/chassis_link/sensors/XT_32/ROS_TF/PublisherTF' did not submit transforms for topic '/tf' on flush cycle 2788
2026-09-30T16:54:46Z [63,233ms] [Warning] [isaacsim.ros2.nodes] ROS2 TF aggregation contributor '/World/Nova_Carter_ROS/chassis_link/sensors/front_hawk/ROS_TF/PublisherTF' did not submit transforms for topic '/tf' on flush cycle 2788
2026-09-30T16:54:46Z [63,233ms] [Warning] [isaacsim.ros2.nodes] ROS2 TF aggregation contributor '/World/Nova_Carter_ROS/chassis_link/sensors/front_RPLidar/ROS_TF/PublisherTF' did not submit transforms for topic '/tf' on flush cycle 2788
2026-09-30T16:54:46Z [63,233ms] [Warning] [isaacsim.ros2.nodes] ROS2 TF aggregation contributor '/World/Nova_Carter_ROS/chassis_link/sensors/rear_RPLidar/ROS_TF/PublisherTF' did not submit transforms for topic '/tf' on flush cycle 2788
2026-09-30T16:54:46Z [63,233ms] [Warning] [isaacsim.ros2.nodes] ROS2 TF aggregation contributor '/World/Nova_Carter_ROS/chassis_link/sensors/back_hawk/ROS_TF/PublisherTF' did not submit transforms for topic '/tf' on flush cycle 2788
2026-09-30T16:54:46Z [63,233ms] [Warning] [isaacsim.ros2.nodes] ROS2 TF aggregation contributor '/World/Nova_Carter_ROS/chassis_link/sensors/left_owl/ROS_TF/PublisherTF' did not submit transforms for topic '/tf' on flush cycle 2788
2026-09-30T16:54:46Z [63,233ms] [Warning] [isaacsim.ros2.nodes] ROS2 TF aggregation contributor '/World/Nova_Carter_ROS/chassis_link/sensors/right_hawk/ROS_TF/PublisherTF' did not submit transforms for topic '/tf' on flush cycle 2788
2026-09-30T16:54:46Z [63,233ms] [Warning] [isaacsim.ros2.nodes] ROS2 TF aggregation contributor '/World/Nova_Carter_ROS/chassis_link/sensors/right_owl/ROS_TF/PublisherTF' did not submit transforms for topic '/tf' on flush cycle 2788
2026-09-30T16:54:46Z [63,233ms] [Warning] [isaacsim.ros2.nodes] ROS2 TF aggregation contributor '/World/Nova_Carter_ROS/chassis_link/sensors/left_hawk/ROS_TF/PublisherTF' did not submit transforms for topic '/tf' on flush cycle 2788
2026-09-30T16:54:46Z [63,233ms] [Warning] [isaacsim.ros2.nodes] ROS2 TF aggregation contributor '/World/Nova_Carter_ROS/chassis_link/sensors/front_owl/ROS_TF/PublisherTF' did not submit transforms for topic '/tf' on flush cycle 2788
2026-09-30T16:54:46Z [63,233ms] [Warning] [isaacsim.ros2.nodes] ROS2 TF aggregation contributor '/World/Nova_Carter_ROS/transform_tree_odometry/ros2_publish_raw_transform_tree' did not submit transforms for topic '/tf' on flush cycle 2788
2026-09-30T16:54:46Z [63,233ms] [Warning] [isaacsim.ros2.nodes] ROS2 TF aggregation contributor '/World/Nova_Carter_ROS/chassis_link/sensors/back_owl/ROS_TF/PublisherTF' did not submit transforms for topic '/tf' on flush cycle 2788
2026-09-30T16:54:46Z [63,233ms] [Warning] [isaacsim.ros2.nodes] ROS2 TF aggregation contributor '/World/Nova_Carter_ROS/transform_tree_odometry/tf_tree_base_link_to_wheel_base' did not submit transforms for topic '/tf' on flush cycle 2788
2026-09-30T16:54:46Z [63,233ms] [Warning] [isaacsim.ros2.nodes] ROS2 TF aggregation contributor '/World/Nova_Carter_ROS/transform_tree_odometry/tf_tree_base_link_to_sensors' did not submit transforms for topic '/tf' on flush cycle 2788
2026-09-30T16:54:46Z [63,233ms] [Warning] [isaacsim.ros2.nodes] ROS2 TF aggregation contributor '/World/Nova_Carter_ROS/transform_tree_odometry/tf_tree_base_link_to_chassis' did not submit transforms for topic '/tf' on flush cycle 2788
2026-09-30T16:54:48Z [65,282ms] [Warning] [isaacsim.ros2.nodes] ROS2 TF aggregation contributor '/World/Nova_Carter_ROS/chassis_link/sensors/XT_32/ROS_TF/PublisherTF' did not submit transforms for topic '/tf' on flush cycle 2908
2026-09-30T16:54:48Z [65,282ms] [Warning] [isaacsim.ros2.nodes] ROS2 TF aggregation contributor '/World/Nova_Carter_ROS/chassis_link/sensors/front_hawk/ROS_TF/PublisherTF' did not submit transforms for topic '/tf' on flush cycle 2908
2026-09-30T16:54:48Z [65,282ms] [Warning] [isaacsim.ros2.nodes] ROS2 TF aggregation contributor '/World/Nova_Carter_ROS/chassis_link/sensors/front_RPLidar/ROS_TF/PublisherTF' did not submit transforms for topic '/tf' on flush cycle 2908
2026-09-30T16:54:48Z [65,282ms] [Warning] [isaacsim.ros2.nodes] ROS2 TF aggregation contributor '/World/Nova_Carter_ROS/chassis_link/sensors/rear_RPLidar/ROS_TF/PublisherTF' did not submit transforms for topic '/tf' on flush cycle 2908
2026-09-30T16:54:48Z [65,282ms] [Warning] [isaacsim.ros2.nodes] ROS2 TF aggregation contributor '/World/Nova_Carter_ROS/chassis_link/sensors/back_hawk/ROS_TF/PublisherTF' did not submit transforms for topic '/tf' on flush cycle 2908
2026-09-30T16:54:48Z [65,282ms] [Warning] [isaacsim.ros2.nodes] ROS2 TF aggregation contributor '/World/Nova_Carter_ROS/chassis_link/sensors/left_owl/ROS_TF/PublisherTF' did not submit transforms for topic '/tf' on flush cycle 2908
2026-09-30T16:54:48Z [65,282ms] [Warning] [isaacsim.ros2.nodes] ROS2 TF aggregation contributor '/World/Nova_Carter_ROS/chassis_link/sensors/right_hawk/ROS_TF/PublisherTF' did not submit transforms for topic '/tf' on flush cycle 2908
2026-09-30T16:54:48Z [65,282ms] [Warning] [isaacsim.ros2.nodes] ROS2 TF aggregation contributor '/World/Nova_Carter_ROS/chassis_link/sensors/right_owl/ROS_TF/PublisherTF' did not submit transforms for topic '/tf' on flush cycle 2908
2026-09-30T16:54:48Z [65,282ms] [Warning] [isaacsim.ros2.nodes] ROS2 TF aggregation contributor '/World/Nova_Carter_ROS/chassis_link/sensors/left_hawk/ROS_TF/PublisherTF' did not submit transforms for topic '/tf' on flush cycle 2908
2026-09-30T16:54:48Z [65,282ms] [Warning] [isaacsim.ros2.nodes] ROS2 TF aggregation contributor '/World/Nova_Carter_ROS/chassis_link/sensors/front_owl/ROS_TF/PublisherTF' did not submit transforms for topic '/tf' on flush cycle 2908
2026-09-30T16:54:48Z [65,282ms] [Warning] [isaacsim.ros2.nodes] ROS2 TF aggregation contributor '/World/Nova_Carter_ROS/transform_tree_odometry/ros2_publish_raw_transform_tree' did not submit transforms for topic '/tf' on flush cycle 2908
2026-09-30T16:54:48Z [65,282ms] [Warning] [isaacsim.ros2.nodes] ROS2 TF aggregation contributor '/World/Nova_Carter_ROS/chassis_link/sensors/back_owl/ROS_TF/PublisherTF' did not submit transforms for topic '/tf' on flush cycle 2908
2026-09-30T16:54:48Z [65,282ms] [Warning] [isaacsim.ros2.nodes] ROS2 TF aggregation contributor '/World/Nova_Carter_ROS/transform_tree_odometry/tf_tree_base_link_to_wheel_base' did not submit transforms for topic '/tf' on flush cycle 2908
2026-09-30T16:54:48Z [65,282ms] [Warning] [isaacsim.ros2.nodes] ROS2 TF aggregation contributor '/World/Nova_Carter_ROS/transform_tree_odometry/tf_tree_base_link_to_sensors' did not submit transforms for topic '/tf' on flush cycle 2908
2026-09-30T16:54:48Z [65,282ms] [Warning] [isaacsim.ros2.nodes] ROS2 TF aggregation contributor '/World/Nova_Carter_ROS/transform_tree_odometry/tf_tree_base_link_to_chassis' did not submit transforms for topic '/tf' on flush cycle 2908
2026-09-30T16:54:50Z [67,328ms] [Warning] [isaacsim.ros2.nodes] ROS2 TF aggregation contributor '/World/Nova_Carter_ROS/chassis_link/sensors/XT_32/ROS_TF/PublisherTF' did not submit transforms for topic '/tf' on flush cycle 3028
2026-09-30T16:54:50Z [67,328ms] [Warning] [isaacsim.ros2.nodes] ROS2 TF aggregation contributor '/World/Nova_Carter_ROS/chassis_link/sensors/front_hawk/ROS_TF/PublisherTF' did not submit transforms for topic '/tf' on flush cycle 3028
2026-09-30T16:54:50Z [67,328ms] [Warning] [isaacsim.ros2.nodes] ROS2 TF aggregation contributor '/World/Nova_Carter_ROS/chassis_link/sensors/front_RPLidar/ROS_TF/PublisherTF' did not submit transforms for topic '/tf' on flush cycle 3028
2026-09-30T16:54:50Z [67,328ms] [Warning] [isaacsim.ros2.nodes] ROS2 TF aggregation contributor '/World/Nova_Carter_ROS/chassis_link/sensors/rear_RPLidar/ROS_TF/PublisherTF' did not submit transforms for topic '/tf' on flush cycle 3028
2026-09-30T16:54:50Z [67,328ms] [Warning] [isaacsim.ros2.nodes] ROS2 TF aggregation contributor '/World/Nova_Carter_ROS/chassis_link/sensors/back_hawk/ROS_TF/PublisherTF' did not submit transforms for topic '/tf' on flush cycle 3028
2026-09-30T16:54:50Z [67,328ms] [Warning] [isaacsim.ros2.nodes] ROS2 TF aggregation contributor '/World/Nova_Carter_ROS/chassis_link/sensors/left_owl/ROS_TF/PublisherTF' did not submit transforms for topic '/tf' on flush cycle 3028
2026-09-30T16:54:50Z [67,328ms] [Warning] [isaacsim.ros2.nodes] ROS2 TF aggregation contributor '/World/Nova_Carter_ROS/chassis_link/sensors/right_hawk/ROS_TF/PublisherTF' did not submit transforms for topic '/tf' on flush cycle 3028
2026-09-30T16:54:50Z [67,328ms] [Warning] [isaacsim.ros2.nodes] ROS2 TF aggregation contributor '/World/Nova_Carter_ROS/chassis_link/sensors/right_owl/ROS_TF/PublisherTF' did not submit transforms for topic '/tf' on flush cycle 3028
2026-09-30T16:54:50Z [67,328ms] [Warning] [isaacsim.ros2.nodes] ROS2 TF aggregation contributor '/World/Nova_Carter_ROS/chassis_link/sensors/left_hawk/ROS_TF/PublisherTF' did not submit transforms for topic '/tf' on flush cycle 3028
2026-09-30T16:54:50Z [67,328ms] [Warning] [isaacsim.ros2.nodes] ROS2 TF aggregation contributor '/World/Nova_Carter_ROS/chassis_link/sensors/front_owl/ROS_TF/PublisherTF' did not submit transforms for topic '/tf' on flush cycle 3028
2026-09-30T16:54:50Z [67,328ms] [Warning] [isaacsim.ros2.nodes] ROS2 TF aggregation contributor '/World/Nova_Carter_ROS/transform_tree_odometry/ros2_publish_raw_transform_tree' did not submit transforms for topic '/tf' on flush cycle 3028
2026-09-30T16:54:50Z [67,328ms] [Warning] [isaacsim.ros2.nodes] ROS2 TF aggregation contributor '/World/Nova_Carter_ROS/chassis_link/sensors/back_owl/ROS_TF/PublisherTF' did not submit transforms for topic '/tf' on flush cycle 3028
2026-09-30T16:54:50Z [67,328ms] [Warning] [isaacsim.ros2.nodes] ROS2 TF aggregation contributor '/World/Nova_Carter_ROS/transform_tree_odometry/tf_tree_base_link_to_wheel_base' did not submit transforms for topic '/tf' on flush cycle 3028
2026-09-30T16:54:50Z [67,328ms] [Warning] [isaacsim.ros2.nodes] ROS2 TF aggregation contributor '/World/Nova_Carter_ROS/transform_tree_odometry/tf_tree_base_link_to_sensors' did not submit transforms for topic '/tf' on flush cycle 3028
2026-09-30T16:54:50Z [67,328ms] [Warning] [isaacsim.ros2.nodes] ROS2 TF aggregation contributor '/World/Nova_Carter_ROS/transform_tree_odometry/tf_tree_base_link_to_chassis' did not submit transforms for topic '/tf' on flush cycle 3028
2026-09-30T16:54:59Z [75,919ms] [Warning] [omni.graph.core.plugin] /World/Nova_Carter_ROS/differential_drive/differential_controller_01: [/World/Nova_Carter_ROS/differential_drive] Invalid deltaTime 0.000000, cannot check for acceleration limits, skipping current step
2026-09-30T16:55:00Z [77,380ms] [Warning] [isaacsim.ros2.nodes] ROS2 TF aggregation contributor '/World/Nova_Carter_ROS/chassis_link/sensors/XT_32/ROS_TF/PublisherTF' did not submit transforms for topic '/tf' on flush cycle 3580
2026-09-30T16:55:00Z [77,380ms] [Warning] [isaacsim.ros2.nodes] ROS2 TF aggregation contributor '/World/Nova_Carter_ROS/chassis_link/sensors/front_hawk/ROS_TF/PublisherTF' did not submit transforms for topic '/tf' on flush cycle 3580
2026-09-30T16:55:00Z [77,380ms] [Warning] [isaacsim.ros2.nodes] ROS2 TF aggregation contributor '/World/Nova_Carter_ROS/chassis_link/sensors/front_RPLidar/ROS_TF/PublisherTF' did not submit transforms for topic '/tf' on flush cycle 3580
2026-09-30T16:55:00Z [77,380ms] [Warning] [isaacsim.ros2.nodes] ROS2 TF aggregation contributor '/World/Nova_Carter_ROS/chassis_link/sensors/rear_RPLidar/ROS_TF/PublisherTF' did not submit transforms for topic '/tf' on flush cycle 3580
2026-09-30T16:55:00Z [77,380ms] [Warning] [isaacsim.ros2.nodes] ROS2 TF aggregation contributor '/World/Nova_Carter_ROS/chassis_link/sensors/back_hawk/ROS_TF/PublisherTF' did not submit transforms for topic '/tf' on flush cycle 3580
2026-09-30T16:55:00Z [77,380ms] [Warning] [isaacsim.ros2.nodes] ROS2 TF aggregation contributor '/World/Nova_Carter_ROS/chassis_link/sensors/left_owl/ROS_TF/PublisherTF' did not submit transforms for topic '/tf' on flush cycle 3580
2026-09-30T16:55:00Z [77,380ms] [Warning] [isaacsim.ros2.nodes] ROS2 TF aggregation contributor '/World/Nova_Carter_ROS/chassis_link/sensors/right_hawk/ROS_TF/PublisherTF' did not submit transforms for topic '/tf' on flush cycle 3580
2026-09-30T16:55:00Z [77,380ms] [Warning] [isaacsim.ros2.nodes] ROS2 TF aggregation contributor '/World/Nova_Carter_ROS/chassis_link/sensors/right_owl/ROS_TF/PublisherTF' did not submit transforms for topic '/tf' on flush cycle 3580
2026-09-30T16:55:00Z [77,380ms] [Warning] [isaacsim.ros2.nodes] ROS2 TF aggregation contributor '/World/Nova_Carter_ROS/chassis_link/sensors/left_hawk/ROS_TF/PublisherTF' did not submit transforms for topic '/tf' on flush cycle 3580
2026-09-30T16:55:00Z [77,380ms] [Warning] [isaacsim.ros2.nodes] ROS2 TF aggregation contributor '/World/Nova_Carter_ROS/chassis_link/sensors/front_owl/ROS_TF/PublisherTF' did not submit transforms for topic '/tf' on flush cycle 3580
2026-09-30T16:55:00Z [77,380ms] [Warning] [isaacsim.ros2.nodes] ROS2 TF aggregation contributor '/World/Nova_Carter_ROS/transform_tree_odometry/ros2_publish_raw_transform_tree' did not submit transforms for topic '/tf' on flush cycle 3580
2026-09-30T16:55:00Z [77,380ms] [Warning] [isaacsim.ros2.nodes] ROS2 TF aggregation contributor '/World/Nova_Carter_ROS/chassis_link/sensors/back_owl/ROS_TF/PublisherTF' did not submit transforms for topic '/tf' on flush cycle 3580
2026-09-30T16:55:00Z [77,380ms] [Warning] [isaacsim.ros2.nodes] ROS2 TF aggregation contributor '/World/Nova_Carter_ROS/transform_tree_odometry/tf_tree_base_link_to_wheel_base' did not submit transforms for topic '/tf' on flush cycle 3580
2026-09-30T16:55:00Z [77,380ms] [Warning] [isaacsim.ros2.nodes] ROS2 TF aggregation contributor '/World/Nova_Carter_ROS/transform_tree_odometry/tf_tree_base_link_to_sensors' did not submit transforms for topic '/tf' on flush cycle 3580
2026-09-30T16:55:00Z [77,380ms] [Warning] [isaacsim.ros2.nodes] ROS2 TF aggregation contributor '/World/Nova_Carter_ROS/transform_tree_odometry/tf_tree_base_link_to_chassis' did not submit transforms for topic '/tf' on flush cycle 3580
2026-09-30T16:55:03Z [79,515ms] [Warning] [isaacsim.ros2.nodes] ROS2 TF aggregation contributor '/World/Nova_Carter_ROS/chassis_link/sensors/XT_32/ROS_TF/PublisherTF' did not submit transforms for topic '/tf' on flush cycle 3700
2026-09-30T16:55:03Z [79,515ms] [Warning] [isaacsim.ros2.nodes] ROS2 TF aggregation contributor '/World/Nova_Carter_ROS/chassis_link/sensors/front_hawk/ROS_TF/PublisherTF' did not submit transforms for topic '/tf' on flush cycle 3700
2026-09-30T16:55:03Z [79,515ms] [Warning] [isaacsim.ros2.nodes] ROS2 TF aggregation contributor '/World/Nova_Carter_ROS/chassis_link/sensors/front_RPLidar/ROS_TF/PublisherTF' did not submit transforms for topic '/tf' on flush cycle 3700
2026-09-30T16:55:03Z [79,515ms] [Warning] [isaacsim.ros2.nodes] ROS2 TF aggregation contributor '/World/Nova_Carter_ROS/chassis_link/sensors/rear_RPLidar/ROS_TF/PublisherTF' did not submit transforms for topic '/tf' on flush cycle 3700
2026-09-30T16:55:03Z [79,515ms] [Warning] [isaacsim.ros2.nodes] ROS2 TF aggregation contributor '/World/Nova_Carter_ROS/chassis_link/sensors/back_hawk/ROS_TF/PublisherTF' did not submit transforms for topic '/tf' on flush cycle 3700
2026-09-30T16:55:03Z [79,515ms] [Warning] [isaacsim.ros2.nodes] ROS2 TF aggregation contributor '/World/Nova_Carter_ROS/chassis_link/sensors/left_owl/ROS_TF/PublisherTF' did not submit transforms for topic '/tf' on flush cycle 3700
2026-09-30T16:55:03Z [79,515ms] [Warning] [isaacsim.ros2.nodes] ROS2 TF aggregation contributor '/World/Nova_Carter_ROS/chassis_link/sensors/right_hawk/ROS_TF/PublisherTF' did not submit transforms for topic '/tf' on flush cycle 3700
2026-09-30T16:55:03Z [79,515ms] [Warning] [isaacsim.ros2.nodes] ROS2 TF aggregation contributor '/World/Nova_Carter_ROS/chassis_link/sensors/right_owl/ROS_TF/PublisherTF' did not submit transforms for topic '/tf' on flush cycle 3700
2026-09-30T16:55:03Z [79,515ms] [Warning] [isaacsim.ros2.nodes] ROS2 TF aggregation contributor '/World/Nova_Carter_ROS/chassis_link/sensors/left_hawk/ROS_TF/PublisherTF' did not submit transforms for topic '/tf' on flush cycle 3700
2026-09-30T16:55:03Z [79,515ms] [Warning] [isaacsim.ros2.nodes] ROS2 TF aggregation contributor '/World/Nova_Carter_ROS/chassis_link/sensors/front_owl/ROS_TF/PublisherTF' did not submit transforms for topic '/tf' on flush cycle 3700
2026-09-30T16:55:03Z [79,515ms] [Warning] [isaacsim.ros2.nodes] ROS2 TF aggregation contributor '/World/Nova_Carter_ROS/transform_tree_odometry/ros2_publish_raw_transform_tree' did not submit transforms for topic '/tf' on flush cycle 3700
2026-09-30T16:55:03Z [79,515ms] [Warning] [isaacsim.ros2.nodes] ROS2 TF aggregation contributor '/World/Nova_Carter_ROS/chassis_link/sensors/back_owl/ROS_TF/PublisherTF' did not submit transforms for topic '/tf' on flush cycle 3700
2026-09-30T16:55:03Z [79,515ms] [Warning] [isaacsim.ros2.nodes] ROS2 TF aggregation contributor '/World/Nova_Carter_ROS/transform_tree_odometry/tf_tree_base_link_to_wheel_base' did not submit transforms for topic '/tf' on flush cycle 3700
2026-09-30T16:55:03Z [79,515ms] [Warning] [isaacsim.ros2.nodes] ROS2 TF aggregation contributor '/World/Nova_Carter_ROS/transform_tree_odometry/tf_tree_base_link_to_sensors' did not submit transforms for topic '/tf' on flush cycle 3700
2026-09-30T16:55:03Z [79,515ms] [Warning] [isaacsim.ros2.nodes] ROS2 TF aggregation contributor '/World/Nova_Carter_ROS/transform_tree_odometry/tf_tree_base_link_to_chassis' did not submit transforms for topic '/tf' on flush cycle 3700
2026-09-30T16:55:05Z [81,563ms] [Warning] [isaacsim.ros2.nodes] ROS2 TF aggregation contributor '/World/Nova_Carter_ROS/chassis_link/sensors/XT_32/ROS_TF/PublisherTF' did not submit transforms for topic '/tf' on flush cycle 3820
2026-09-30T16:55:05Z [81,563ms] [Warning] [isaacsim.ros2.nodes] ROS2 TF aggregation contributor '/World/Nova_Carter_ROS/chassis_link/sensors/front_hawk/ROS_TF/PublisherTF' did not submit transforms for topic '/tf' on flush cycle 3820
2026-09-30T16:55:05Z [81,563ms] [Warning] [isaacsim.ros2.nodes] ROS2 TF aggregation contributor '/World/Nova_Carter_ROS/chassis_link/sensors/front_RPLidar/ROS_TF/PublisherTF' did not submit transforms for topic '/tf' on flush cycle 3820
2026-09-30T16:55:05Z [81,563ms] [Warning] [isaacsim.ros2.nodes] ROS2 TF aggregation contributor '/World/Nova_Carter_ROS/chassis_link/sensors/rear_RPLidar/ROS_TF/PublisherTF' did not submit transforms for topic '/tf' on flush cycle 3820
2026-09-30T16:55:05Z [81,563ms] [Warning] [isaacsim.ros2.nodes] ROS2 TF aggregation contributor '/World/Nova_Carter_ROS/chassis_link/sensors/back_hawk/ROS_TF/PublisherTF' did not submit transforms for topic '/tf' on flush cycle 3820
2026-09-30T16:55:05Z [81,563ms] [Warning] [isaacsim.ros2.nodes] ROS2 TF aggregation contributor '/World/Nova_Carter_ROS/chassis_link/sensors/left_owl/ROS_TF/PublisherTF' did not submit transforms for topic '/tf' on flush cycle 3820
2026-09-30T16:55:05Z [81,563ms] [Warning] [isaacsim.ros2.nodes] ROS2 TF aggregation contributor '/World/Nova_Carter_ROS/chassis_link/sensors/right_hawk/ROS_TF/PublisherTF' did not submit transforms for topic '/tf' on flush cycle 3820
2026-09-30T16:55:05Z [81,563ms] [Warning] [isaacsim.ros2.nodes] ROS2 TF aggregation contributor '/World/Nova_Carter_ROS/chassis_link/sensors/right_owl/ROS_TF/PublisherTF' did not submit transforms for topic '/tf' on flush cycle 3820
2026-09-30T16:55:05Z [81,563ms] [Warning] [isaacsim.ros2.nodes] ROS2 TF aggregation contributor '/World/Nova_Carter_ROS/chassis_link/sensors/left_hawk/ROS_TF/PublisherTF' did not submit transforms for topic '/tf' on flush cycle 3820
2026-09-30T16:55:05Z [81,563ms] [Warning] [isaacsim.ros2.nodes] ROS2 TF aggregation contributor '/World/Nova_Carter_ROS/chassis_link/sensors/front_owl/ROS_TF/PublisherTF' did not submit transforms for topic '/tf' on flush cycle 3820
2026-09-30T16:55:05Z [81,563ms] [Warning] [isaacsim.ros2.nodes] ROS2 TF aggregation contributor '/World/Nova_Carter_ROS/transform_tree_odometry/ros2_publish_raw_transform_tree' did not submit transforms for topic '/tf' on flush cycle 3820
2026-09-30T16:55:05Z [81,563ms] [Warning] [isaacsim.ros2.nodes] ROS2 TF aggregation contributor '/World/Nova_Carter_ROS/chassis_link/sensors/back_owl/ROS_TF/PublisherTF' did not submit transforms for topic '/tf' on flush cycle 3820
2026-09-30T16:55:05Z [81,563ms] [Warning] [isaacsim.ros2.nodes] ROS2 TF aggregation contributor '/World/Nova_Carter_ROS/transform_tree_odometry/tf_tree_base_link_to_wheel_base' did not submit transforms for topic '/tf' on flush cycle 3820
2026-09-30T16:55:05Z [81,563ms] [Warning] [isaacsim.ros2.nodes] ROS2 TF aggregation contributor '/World/Nova_Carter_ROS/transform_tree_odometry/tf_tree_base_link_to_sensors' did not submit transforms for topic '/tf' on flush cycle 3820
2026-09-30T16:55:05Z [81,563ms] [Warning] [isaacsim.ros2.nodes] ROS2 TF aggregation contributor '/World/Nova_Carter_ROS/transform_tree_odometry/tf_tree_base_link_to_chassis' did not submit transforms for topic '/tf' on flush cycle 3820
2026-09-30T16:55:07Z [83,660ms] [Warning] [isaacsim.ros2.nodes] ROS2 TF aggregation contributor '/World/Nova_Carter_ROS/chassis_link/sensors/XT_32/ROS_TF/PublisherTF' did not submit transforms for topic '/tf' on flush cycle 3940
2026-09-30T16:55:07Z [83,660ms] [Warning] [isaacsim.ros2.nodes] ROS2 TF aggregation contributor '/World/Nova_Carter_ROS/chassis_link/sensors/front_hawk/ROS_TF/PublisherTF' did not submit transforms for topic '/tf' on flush cycle 3940
2026-09-30T16:55:07Z [83,660ms] [Warning] [isaacsim.ros2.nodes] ROS2 TF aggregation contributor '/World/Nova_Carter_ROS/chassis_link/sensors/front_RPLidar/ROS_TF/PublisherTF' did not submit transforms for topic '/tf' on flush cycle 3940
2026-09-30T16:55:07Z [83,660ms] [Warning] [isaacsim.ros2.nodes] ROS2 TF aggregation contributor '/World/Nova_Carter_ROS/chassis_link/sensors/rear_RPLidar/ROS_TF/PublisherTF' did not submit transforms for topic '/tf' on flush cycle 3940
2026-09-30T16:55:07Z [83,660ms] [Warning] [isaacsim.ros2.nodes] ROS2 TF aggregation contributor '/World/Nova_Carter_ROS/chassis_link/sensors/back_hawk/ROS_TF/PublisherTF' did not submit transforms for topic '/tf' on flush cycle 3940
2026-09-30T16:55:07Z [83,660ms] [Warning] [isaacsim.ros2.nodes] ROS2 TF aggregation contributor '/World/Nova_Carter_ROS/chassis_link/sensors/left_owl/ROS_TF/PublisherTF' did not submit transforms for topic '/tf' on flush cycle 3940
2026-09-30T16:55:07Z [83,660ms] [Warning] [isaacsim.ros2.nodes] ROS2 TF aggregation contributor '/World/Nova_Carter_ROS/chassis_link/sensors/right_hawk/ROS_TF/PublisherTF' did not submit transforms for topic '/tf' on flush cycle 3940
2026-09-30T16:55:07Z [83,660ms] [Warning] [isaacsim.ros2.nodes] ROS2 TF aggregation contributor '/World/Nova_Carter_ROS/chassis_link/sensors/right_owl/ROS_TF/PublisherTF' did not submit transforms for topic '/tf' on flush cycle 3940
2026-09-30T16:55:07Z [83,660ms] [Warning] [isaacsim.ros2.nodes] ROS2 TF aggregation contributor '/World/Nova_Carter_ROS/chassis_link/sensors/left_hawk/ROS_TF/PublisherTF' did not submit transforms for topic '/tf' on flush cycle 3940
2026-09-30T16:55:07Z [83,660ms] [Warning] [isaacsim.ros2.nodes] ROS2 TF aggregation contributor '/World/Nova_Carter_ROS/chassis_link/sensors/front_owl/ROS_TF/PublisherTF' did not submit transforms for topic '/tf' on flush cycle 3940
2026-09-30T16:55:07Z [83,660ms] [Warning] [isaacsim.ros2.nodes] ROS2 TF aggregation contributor '/World/Nova_Carter_ROS/transform_tree_odometry/ros2_publish_raw_transform_tree' did not submit transforms for topic '/tf' on flush cycle 3940
2026-09-30T16:55:07Z [83,660ms] [Warning] [isaacsim.ros2.nodes] ROS2 TF aggregation contributor '/World/Nova_Carter_ROS/chassis_link/sensors/back_owl/ROS_TF/PublisherTF' did not submit transforms for topic '/tf' on flush cycle 3940
2026-09-30T16:55:07Z [83,660ms] [Warning] [isaacsim.ros2.nodes] ROS2 TF aggregation contributor '/World/Nova_Carter_ROS/transform_tree_odometry/tf_tree_base_link_to_wheel_base' did not submit transforms for topic '/tf' on flush cycle 3940
2026-09-30T16:55:07Z [83,660ms] [Warning] [isaacsim.ros2.nodes] ROS2 TF aggregation contributor '/World/Nova_Carter_ROS/transform_tree_odometry/tf_tree_base_link_to_sensors' did not submit transforms for topic '/tf' on flush cycle 3940
2026-09-30T16:55:07Z [83,660ms] [Warning] [isaacsim.ros2.nodes] ROS2 TF aggregation contributor '/World/Nova_Carter_ROS/transform_tree_odometry/tf_tree_base_link_to_chassis' did not submit transforms for topic '/tf' on flush cycle 3940
2026-09-30T16:55:09Z [85,709ms] [Warning] [isaacsim.ros2.nodes] ROS2 TF aggregation contributor '/World/Nova_Carter_ROS/chassis_link/sensors/XT_32/ROS_TF/PublisherTF' did not submit transforms for topic '/tf' on flush cycle 4060
2026-09-30T16:55:09Z [85,709ms] [Warning] [isaacsim.ros2.nodes] ROS2 TF aggregation contributor '/World/Nova_Carter_ROS/chassis_link/sensors/front_hawk/ROS_TF/PublisherTF' did not submit transforms for topic '/tf' on flush cycle 4060
2026-09-30T16:55:09Z [85,709ms] [Warning] [isaacsim.ros2.nodes] ROS2 TF aggregation contributor '/World/Nova_Carter_ROS/chassis_link/sensors/front_RPLidar/ROS_TF/PublisherTF' did not submit transforms for topic '/tf' on flush cycle 4060
2026-09-30T16:55:09Z [85,709ms] [Warning] [isaacsim.ros2.nodes] ROS2 TF aggregation contributor '/World/Nova_Carter_ROS/chassis_link/sensors/rear_RPLidar/ROS_TF/PublisherTF' did not submit transforms for topic '/tf' on flush cycle 4060
2026-09-30T16:55:09Z [85,709ms] [Warning] [isaacsim.ros2.nodes] ROS2 TF aggregation contributor '/World/Nova_Carter_ROS/chassis_link/sensors/back_hawk/ROS_TF/PublisherTF' did not submit transforms for topic '/tf' on flush cycle 4060
2026-09-30T16:55:09Z [85,709ms] [Warning] [isaacsim.ros2.nodes] ROS2 TF aggregation contributor '/World/Nova_Carter_ROS/chassis_link/sensors/left_owl/ROS_TF/PublisherTF' did not submit transforms for topic '/tf' on flush cycle 4060
2026-09-30T16:55:09Z [85,709ms] [Warning] [isaacsim.ros2.nodes] ROS2 TF aggregation contributor '/World/Nova_Carter_ROS/chassis_link/sensors/right_hawk/ROS_TF/PublisherTF' did not submit transforms for topic '/tf' on flush cycle 4060
2026-09-30T16:55:09Z [85,709ms] [Warning] [isaacsim.ros2.nodes] ROS2 TF aggregation contributor '/World/Nova_Carter_ROS/chassis_link/sensors/right_owl/ROS_TF/PublisherTF' did not submit transforms for topic '/tf' on flush cycle 4060
2026-09-30T16:55:09Z [85,709ms] [Warning] [isaacsim.ros2.nodes] ROS2 TF aggregation contributor '/World/Nova_Carter_ROS/chassis_link/sensors/left_hawk/ROS_TF/PublisherTF' did not submit transforms for topic '/tf' on flush cycle 4060
2026-09-30T16:55:09Z [85,709ms] [Warning] [isaacsim.ros2.nodes] ROS2 TF aggregation contributor '/World/Nova_Carter_ROS/chassis_link/sensors/front_owl/ROS_TF/PublisherTF' did not submit transforms for topic '/tf' on flush cycle 4060
2026-09-30T16:55:09Z [85,709ms] [Warning] [isaacsim.ros2.nodes] ROS2 TF aggregation contributor '/World/Nova_Carter_ROS/transform_tree_odometry/ros2_publish_raw_transform_tree' did not submit transforms for topic '/tf' on flush cycle 4060
2026-09-30T16:55:09Z [85,709ms] [Warning] [isaacsim.ros2.nodes] ROS2 TF aggregation contributor '/World/Nova_Carter_ROS/chassis_link/sensors/back_owl/ROS_TF/PublisherTF' did not submit transforms for topic '/tf' on flush cycle 4060
2026-09-30T16:55:09Z [85,709ms] [Warning] [isaacsim.ros2.nodes] ROS2 TF aggregation contributor '/World/Nova_Carter_ROS/transform_tree_odometry/tf_tree_base_link_to_wheel_base' did not submit transforms for topic '/tf' on flush cycle 4060
2026-09-30T16:55:09Z [85,709ms] [Warning] [isaacsim.ros2.nodes] ROS2 TF aggregation contributor '/World/Nova_Carter_ROS/transform_tree_odometry/tf_tree_base_link_to_sensors' did not submit transforms for topic '/tf' on flush cycle 4060
2026-09-30T16:55:09Z [85,710ms] [Warning] [isaacsim.ros2.nodes] ROS2 TF aggregation contributor '/World/Nova_Carter_ROS/transform_tree_odometry/tf_tree_base_link_to_chassis' did not submit transforms for topic '/tf' on flush cycle 4060
2026-09-30T16:55:11Z [87,804ms] [Warning] [isaacsim.ros2.nodes] ROS2 TF aggregation contributor '/World/Nova_Carter_ROS/chassis_link/sensors/XT_32/ROS_TF/PublisherTF' did not submit transforms for topic '/tf' on flush cycle 4180
2026-09-30T16:55:11Z [87,804ms] [Warning] [isaacsim.ros2.nodes] ROS2 TF aggregation contributor '/World/Nova_Carter_ROS/chassis_link/sensors/front_hawk/ROS_TF/PublisherTF' did not submit transforms for topic '/tf' on flush cycle 4180
2026-09-30T16:55:11Z [87,804ms] [Warning] [isaacsim.ros2.nodes] ROS2 TF aggregation contributor '/World/Nova_Carter_ROS/chassis_link/sensors/front_RPLidar/ROS_TF/PublisherTF' did not submit transforms for topic '/tf' on flush cycle 4180
2026-09-30T16:55:11Z [87,804ms] [Warning] [isaacsim.ros2.nodes] ROS2 TF aggregation contributor '/World/Nova_Carter_ROS/chassis_link/sensors/rear_RPLidar/ROS_TF/PublisherTF' did not submit transforms for topic '/tf' on flush cycle 4180
2026-09-30T16:55:11Z [87,804ms] [Warning] [isaacsim.ros2.nodes] ROS2 TF aggregation contributor '/World/Nova_Carter_ROS/chassis_link/sensors/back_hawk/ROS_TF/PublisherTF' did not submit transforms for topic '/tf' on flush cycle 4180
2026-09-30T16:55:11Z [87,804ms] [Warning] [isaacsim.ros2.nodes] ROS2 TF aggregation contributor '/World/Nova_Carter_ROS/chassis_link/sensors/left_owl/ROS_TF/PublisherTF' did not submit transforms for topic '/tf' on flush cycle 4180
2026-09-30T16:55:11Z [87,804ms] [Warning] [isaacsim.ros2.nodes] ROS2 TF aggregation contributor '/World/Nova_Carter_ROS/chassis_link/sensors/right_hawk/ROS_TF/PublisherTF' did not submit transforms for topic '/tf' on flush cycle 4180
2026-09-30T16:55:11Z [87,804ms] [Warning] [isaacsim.ros2.nodes] ROS2 TF aggregation contributor '/World/Nova_Carter_ROS/chassis_link/sensors/right_owl/ROS_TF/PublisherTF' did not submit transforms for topic '/tf' on flush cycle 4180
2026-09-30T16:55:11Z [87,804ms] [Warning] [isaacsim.ros2.nodes] ROS2 TF aggregation contributor '/World/Nova_Carter_ROS/chassis_link/sensors/left_hawk/ROS_TF/PublisherTF' did not submit transforms for topic '/tf' on flush cycle 4180
2026-09-30T16:55:11Z [87,804ms] [Warning] [isaacsim.ros2.nodes] ROS2 TF aggregation contributor '/World/Nova_Carter_ROS/chassis_link/sensors/front_owl/ROS_TF/PublisherTF' did not submit transforms for topic '/tf' on flush cycle 4180
2026-09-30T16:55:11Z [87,804ms] [Warning] [isaacsim.ros2.nodes] ROS2 TF aggregation contributor '/World/Nova_Carter_ROS/transform_tree_odometry/ros2_publish_raw_transform_tree' did not submit transforms for topic '/tf' on flush cycle 4180
2026-09-30T16:55:11Z [87,804ms] [Warning] [isaacsim.ros2.nodes] ROS2 TF aggregation contributor '/World/Nova_Carter_ROS/chassis_link/sensors/back_owl/ROS_TF/PublisherTF' did not submit transforms for topic '/tf' on flush cycle 4180
2026-09-30T16:55:11Z [87,804ms] [Warning] [isaacsim.ros2.nodes] ROS2 TF aggregation contributor '/World/Nova_Carter_ROS/transform_tree_odometry/tf_tree_base_link_to_wheel_base' did not submit transforms for topic '/tf' on flush cycle 4180
2026-09-30T16:55:11Z [87,804ms] [Warning] [isaacsim.ros2.nodes] ROS2 TF aggregation contributor '/World/Nova_Carter_ROS/transform_tree_odometry/tf_tree_base_link_to_sensors' did not submit transforms for topic '/tf' on flush cycle 4180
2026-09-30T16:55:11Z [87,804ms] [Warning] [isaacsim.ros2.nodes] ROS2 TF aggregation contributor '/World/Nova_Carter_ROS/transform_tree_odometry/tf_tree_base_link_to_chassis' did not submit transforms for topic '/tf' on flush cycle 4180
2026-09-30T16:55:13Z [89,898ms] [Warning] [isaacsim.ros2.nodes] ROS2 TF aggregation contributor '/World/Nova_Carter_ROS/chassis_link/sensors/XT_32/ROS_TF/PublisherTF' did not submit transforms for topic '/tf' on flush cycle 4300
2026-09-30T16:55:13Z [89,898ms] [Warning] [isaacsim.ros2.nodes] ROS2 TF aggregation contributor '/World/Nova_Carter_ROS/chassis_link/sensors/front_hawk/ROS_TF/PublisherTF' did not submit transforms for topic '/tf' on flush cycle 4300
2026-09-30T16:55:13Z [89,898ms] [Warning] [isaacsim.ros2.nodes] ROS2 TF aggregation contributor '/World/Nova_Carter_ROS/chassis_link/sensors/front_RPLidar/ROS_TF/PublisherTF' did not submit transforms for topic '/tf' on flush cycle 4300
2026-09-30T16:55:13Z [89,898ms] [Warning] [isaacsim.ros2.nodes] ROS2 TF aggregation contributor '/World/Nova_Carter_ROS/chassis_link/sensors/rear_RPLidar/ROS_TF/PublisherTF' did not submit transforms for topic '/tf' on flush cycle 4300
2026-09-30T16:55:13Z [89,898ms] [Warning] [isaacsim.ros2.nodes] ROS2 TF aggregation contributor '/World/Nova_Carter_ROS/chassis_link/sensors/back_hawk/ROS_TF/PublisherTF' did not submit transforms for topic '/tf' on flush cycle 4300
2026-09-30T16:55:13Z [89,898ms] [Warning] [isaacsim.ros2.nodes] ROS2 TF aggregation contributor '/World/Nova_Carter_ROS/chassis_link/sensors/left_owl/ROS_TF/PublisherTF' did not submit transforms for topic '/tf' on flush cycle 4300
2026-09-30T16:55:13Z [89,898ms] [Warning] [isaacsim.ros2.nodes] ROS2 TF aggregation contributor '/World/Nova_Carter_ROS/chassis_link/sensors/right_hawk/ROS_TF/PublisherTF' did not submit transforms for topic '/tf' on flush cycle 4300
2026-09-30T16:55:13Z [89,898ms] [Warning] [isaacsim.ros2.nodes] ROS2 TF aggregation contributor '/World/Nova_Carter_ROS/chassis_link/sensors/right_owl/ROS_TF/PublisherTF' did not submit transforms for topic '/tf' on flush cycle 4300
2026-09-30T16:55:13Z [89,898ms] [Warning] [isaacsim.ros2.nodes] ROS2 TF aggregation contributor '/World/Nova_Carter_ROS/chassis_link/sensors/left_hawk/ROS_TF/PublisherTF' did not submit transforms for topic '/tf' on flush cycle 4300
2026-09-30T16:55:13Z [89,898ms] [Warning] [isaacsim.ros2.nodes] ROS2 TF aggregation contributor '/World/Nova_Carter_ROS/chassis_link/sensors/front_owl/ROS_TF/PublisherTF' did not submit transforms for topic '/tf' on flush cycle 4300
2026-09-30T16:55:13Z [89,898ms] [Warning] [isaacsim.ros2.nodes] ROS2 TF aggregation contributor '/World/Nova_Carter_ROS/transform_tree_odometry/ros2_publish_raw_transform_tree' did not submit transforms for topic '/tf' on flush cycle 4300
2026-09-30T16:55:13Z [89,898ms] [Warning] [isaacsim.ros2.nodes] ROS2 TF aggregation contributor '/World/Nova_Carter_ROS/chassis_link/sensors/back_owl/ROS_TF/PublisherTF' did not submit transforms for topic '/tf' on flush cycle 4300
2026-09-30T16:55:13Z [89,898ms] [Warning] [isaacsim.ros2.nodes] ROS2 TF aggregation contributor '/World/Nova_Carter_ROS/transform_tree_odometry/tf_tree_base_link_to_wheel_base' did not submit transforms for topic '/tf' on flush cycle 4300
2026-09-30T16:55:13Z [89,898ms] [Warning] [isaacsim.ros2.nodes] ROS2 TF aggregation contributor '/World/Nova_Carter_ROS/transform_tree_odometry/tf_tree_base_link_to_sensors' did not submit transforms for topic '/tf' on flush cycle 4300
2026-09-30T16:55:13Z [89,898ms] [Warning] [isaacsim.ros2.nodes] ROS2 TF aggregation contributor '/World/Nova_Carter_ROS/transform_tree_odometry/tf_tree_base_link_to_chassis' did not submit transforms for topic '/tf' on flush cycle 4300
2026-09-30T16:55:23Z [99,760ms] [Warning] [isaacsim.ros2.nodes] ROS2 TF aggregation contributor '/World/Nova_Carter_ROS/chassis_link/sensors/XT_32/ROS_TF/PublisherTF' did not submit transforms for topic '/tf' on flush cycle 4828
2026-09-30T16:55:23Z [99,760ms] [Warning] [isaacsim.ros2.nodes] ROS2 TF aggregation contributor '/World/Nova_Carter_ROS/chassis_link/sensors/front_hawk/ROS_TF/PublisherTF' did not submit transforms for topic '/tf' on flush cycle 4828
2026-09-30T16:55:23Z [99,760ms] [Warning] [isaacsim.ros2.nodes] ROS2 TF aggregation contributor '/World/Nova_Carter_ROS/chassis_link/sensors/front_RPLidar/ROS_TF/PublisherTF' did not submit transforms for topic '/tf' on flush cycle 4828
2026-09-30T16:55:23Z [99,760ms] [Warning] [isaacsim.ros2.nodes] ROS2 TF aggregation contributor '/World/Nova_Carter_ROS/chassis_link/sensors/rear_RPLidar/ROS_TF/PublisherTF' did not submit transforms for topic '/tf' on flush cycle 4828
2026-09-30T16:55:23Z [99,760ms] [Warning] [isaacsim.ros2.nodes] ROS2 TF aggregation contributor '/World/Nova_Carter_ROS/chassis_link/sensors/back_hawk/ROS_TF/PublisherTF' did not submit transforms for topic '/tf' on flush cycle 4828
2026-09-30T16:55:23Z [99,760ms] [Warning] [isaacsim.ros2.nodes] ROS2 TF aggregation contributor '/World/Nova_Carter_ROS/chassis_link/sensors/left_owl/ROS_TF/PublisherTF' did not submit transforms for topic '/tf' on flush cycle 4828
2026-09-30T16:55:23Z [99,760ms] [Warning] [isaacsim.ros2.nodes] ROS2 TF aggregation contributor '/World/Nova_Carter_ROS/chassis_link/sensors/right_hawk/ROS_TF/PublisherTF' did not submit transforms for topic '/tf' on flush cycle 4828
2026-09-30T16:55:23Z [99,760ms] [Warning] [isaacsim.ros2.nodes] ROS2 TF aggregation contributor '/World/Nova_Carter_ROS/chassis_link/sensors/right_owl/ROS_TF/PublisherTF' did not submit transforms for topic '/tf' on flush cycle 4828
2026-09-30T16:55:23Z [99,760ms] [Warning] [isaacsim.ros2.nodes] ROS2 TF aggregation contributor '/World/Nova_Carter_ROS/chassis_link/sensors/left_hawk/ROS_TF/PublisherTF' did not submit transforms for topic '/tf' on flush cycle 4828
2026-09-30T16:55:23Z [99,760ms] [Warning] [isaacsim.ros2.nodes] ROS2 TF aggregation contributor '/World/Nova_Carter_ROS/chassis_link/sensors/front_owl/ROS_TF/PublisherTF' did not submit transforms for topic '/tf' on flush cycle 4828
2026-09-30T16:55:23Z [99,760ms] [Warning] [isaacsim.ros2.nodes] ROS2 TF aggregation contributor '/World/Nova_Carter_ROS/transform_tree_odometry/ros2_publish_raw_transform_tree' did not submit transforms for topic '/tf' on flush cycle 4828
2026-09-30T16:55:23Z [99,760ms] [Warning] [isaacsim.ros2.nodes] ROS2 TF aggregation contributor '/World/Nova_Carter_ROS/chassis_link/sensors/back_owl/ROS_TF/PublisherTF' did not submit transforms for topic '/tf' on flush cycle 4828
2026-09-30T16:55:23Z [99,760ms] [Warning] [isaacsim.ros2.nodes] ROS2 TF aggregation contributor '/World/Nova_Carter_ROS/transform_tree_odometry/tf_tree_base_link_to_wheel_base' did not submit transforms for topic '/tf' on flush cycle 4828
2026-09-30T16:55:23Z [99,760ms] [Warning] [isaacsim.ros2.nodes] ROS2 TF aggregation contributor '/World/Nova_Carter_ROS/transform_tree_odometry/tf_tree_base_link_to_sensors' did not submit transforms for topic '/tf' on flush cycle 4828
2026-09-30T16:55:23Z [99,760ms] [Warning] [isaacsim.ros2.nodes] ROS2 TF aggregation contributor '/World/Nova_Carter_ROS/transform_tree_odometry/tf_tree_base_link_to_chassis' did not submit transforms for topic '/tf' on flush cycle 4828
2026-09-30T16:55:25Z [101,795ms] [Warning] [isaacsim.ros2.nodes] ROS2 TF aggregation contributor '/World/Nova_Carter_ROS/chassis_link/sensors/XT_32/ROS_TF/PublisherTF' did not submit transforms for topic '/tf' on flush cycle 4948
2026-09-30T16:55:25Z [101,795ms] [Warning] [isaacsim.ros2.nodes] ROS2 TF aggregation contributor '/World/Nova_Carter_ROS/chassis_link/sensors/front_hawk/ROS_TF/PublisherTF' did not submit transforms for topic '/tf' on flush cycle 4948
2026-09-30T16:55:25Z [101,795ms] [Warning] [isaacsim.ros2.nodes] ROS2 TF aggregation contributor '/World/Nova_Carter_ROS/chassis_link/sensors/front_RPLidar/ROS_TF/PublisherTF' did not submit transforms for topic '/tf' on flush cycle 4948
2026-09-30T16:55:25Z [101,795ms] [Warning] [isaacsim.ros2.nodes] ROS2 TF aggregation contributor '/World/Nova_Carter_ROS/chassis_link/sensors/rear_RPLidar/ROS_TF/PublisherTF' did not submit transforms for topic '/tf' on flush cycle 4948
2026-09-30T16:55:25Z [101,795ms] [Warning] [isaacsim.ros2.nodes] ROS2 TF aggregation contributor '/World/Nova_Carter_ROS/chassis_link/sensors/back_hawk/ROS_TF/PublisherTF' did not submit transforms for topic '/tf' on flush cycle 4948
2026-09-30T16:55:25Z [101,795ms] [Warning] [isaacsim.ros2.nodes] ROS2 TF aggregation contributor '/World/Nova_Carter_ROS/chassis_link/sensors/left_owl/ROS_TF/PublisherTF' did not submit transforms for topic '/tf' on flush cycle 4948
2026-09-30T16:55:25Z [101,795ms] [Warning] [isaacsim.ros2.nodes] ROS2 TF aggregation contributor '/World/Nova_Carter_ROS/chassis_link/sensors/right_hawk/ROS_TF/PublisherTF' did not submit transforms for topic '/tf' on flush cycle 4948
2026-09-30T16:55:25Z [101,795ms] [Warning] [isaacsim.ros2.nodes] ROS2 TF aggregation contributor '/World/Nova_Carter_ROS/chassis_link/sensors/right_owl/ROS_TF/PublisherTF' did not submit transforms for topic '/tf' on flush cycle 4948
2026-09-30T16:55:25Z [101,795ms] [Warning] [isaacsim.ros2.nodes] ROS2 TF aggregation contributor '/World/Nova_Carter_ROS/chassis_link/sensors/left_hawk/ROS_TF/PublisherTF' did not submit transforms for topic '/tf' on flush cycle 4948
2026-09-30T16:55:25Z [101,795ms] [Warning] [isaacsim.ros2.nodes] ROS2 TF aggregation contributor '/World/Nova_Carter_ROS/chassis_link/sensors/front_owl/ROS_TF/PublisherTF' did not submit transforms for topic '/tf' on flush cycle 4948
2026-09-30T16:55:25Z [101,795ms] [Warning] [isaacsim.ros2.nodes] ROS2 TF aggregation contributor '/World/Nova_Carter_ROS/transform_tree_odometry/ros2_publish_raw_transform_tree' did not submit transforms for topic '/tf' on flush cycle 4948
2026-09-30T16:55:25Z [101,795ms] [Warning] [isaacsim.ros2.nodes] ROS2 TF aggregation contributor '/World/Nova_Carter_ROS/chassis_link/sensors/back_owl/ROS_TF/PublisherTF' did not submit transforms for topic '/tf' on flush cycle 4948
2026-09-30T16:55:25Z [101,795ms] [Warning] [isaacsim.ros2.nodes] ROS2 TF aggregation contributor '/World/Nova_Carter_ROS/transform_tree_odometry/tf_tree_base_link_to_wheel_base' did not submit transforms for topic '/tf' on flush cycle 4948
2026-09-30T16:55:25Z [101,795ms] [Warning] [isaacsim.ros2.nodes] ROS2 TF aggregation contributor '/World/Nova_Carter_ROS/transform_tree_odometry/tf_tree_base_link_to_sensors' did not submit transforms for topic '/tf' on flush cycle 4948
2026-09-30T16:55:25Z [101,795ms] [Warning] [isaacsim.ros2.nodes] ROS2 TF aggregation contributor '/World/Nova_Carter_ROS/transform_tree_odometry/tf_tree_base_link_to_chassis' did not submit transforms for topic '/tf' on flush cycle 4948
2026-09-30T16:55:27Z [103,936ms] [Warning] [isaacsim.ros2.nodes] ROS2 TF aggregation contributor '/World/Nova_Carter_ROS/chassis_link/sensors/XT_32/ROS_TF/PublisherTF' did not submit transforms for topic '/tf' on flush cycle 5068
2026-09-30T16:55:27Z [103,936ms] [Warning] [isaacsim.ros2.nodes] ROS2 TF aggregation contributor '/World/Nova_Carter_ROS/chassis_link/sensors/front_hawk/ROS_TF/PublisherTF' did not submit transforms for topic '/tf' on flush cycle 5068
2026-09-30T16:55:27Z [103,936ms] [Warning] [isaacsim.ros2.nodes] ROS2 TF aggregation contributor '/World/Nova_Carter_ROS/chassis_link/sensors/front_RPLidar/ROS_TF/PublisherTF' did not submit transforms for topic '/tf' on flush cycle 5068
2026-09-30T16:55:27Z [103,936ms] [Warning] [isaacsim.ros2.nodes] ROS2 TF aggregation contributor '/World/Nova_Carter_ROS/chassis_link/sensors/rear_RPLidar/ROS_TF/PublisherTF' did not submit transforms for topic '/tf' on flush cycle 5068
2026-09-30T16:55:27Z [103,936ms] [Warning] [isaacsim.ros2.nodes] ROS2 TF aggregation contributor '/World/Nova_Carter_ROS/chassis_link/sensors/back_hawk/ROS_TF/PublisherTF' did not submit transforms for topic '/tf' on flush cycle 5068
2026-09-30T16:55:27Z [103,936ms] [Warning] [isaacsim.ros2.nodes] ROS2 TF aggregation contributor '/World/Nova_Carter_ROS/chassis_link/sensors/left_owl/ROS_TF/PublisherTF' did not submit transforms for topic '/tf' on flush cycle 5068
2026-09-30T16:55:27Z [103,936ms] [Warning] [isaacsim.ros2.nodes] ROS2 TF aggregation contributor '/World/Nova_Carter_ROS/chassis_link/sensors/right_hawk/ROS_TF/PublisherTF' did not submit transforms for topic '/tf' on flush cycle 5068
2026-09-30T16:55:27Z [103,936ms] [Warning] [isaacsim.ros2.nodes] ROS2 TF aggregation contributor '/World/Nova_Carter_ROS/chassis_link/sensors/right_owl/ROS_TF/PublisherTF' did not submit transforms for topic '/tf' on flush cycle 5068
2026-09-30T16:55:27Z [103,936ms] [Warning] [isaacsim.ros2.nodes] ROS2 TF aggregation contributor '/World/Nova_Carter_ROS/chassis_link/sensors/left_hawk/ROS_TF/PublisherTF' did not submit transforms for topic '/tf' on flush cycle 5068
2026-09-30T16:55:27Z [103,936ms] [Warning] [isaacsim.ros2.nodes] ROS2 TF aggregation contributor '/World/Nova_Carter_ROS/chassis_link/sensors/front_owl/ROS_TF/PublisherTF' did not submit transforms for topic '/tf' on flush cycle 5068
2026-09-30T16:55:27Z [103,936ms] [Warning] [isaacsim.ros2.nodes] ROS2 TF aggregation contributor '/World/Nova_Carter_ROS/transform_tree_odometry/ros2_publish_raw_transform_tree' did not submit transforms for topic '/tf' on flush cycle 5068
2026-09-30T16:55:27Z [103,936ms] [Warning] [isaacsim.ros2.nodes] ROS2 TF aggregation contributor '/World/Nova_Carter_ROS/chassis_link/sensors/back_owl/ROS_TF/PublisherTF' did not submit transforms for topic '/tf' on flush cycle 5068
2026-09-30T16:55:27Z [103,936ms] [Warning] [isaacsim.ros2.nodes] ROS2 TF aggregation contributor '/World/Nova_Carter_ROS/transform_tree_odometry/tf_tree_base_link_to_wheel_base' did not submit transforms for topic '/tf' on flush cycle 5068
2026-09-30T16:55:27Z [103,936ms] [Warning] [isaacsim.ros2.nodes] ROS2 TF aggregation contributor '/World/Nova_Carter_ROS/transform_tree_odometry/tf_tree_base_link_to_sensors' did not submit transforms for topic '/tf' on flush cycle 5068
2026-09-30T16:55:27Z [103,936ms] [Warning] [isaacsim.ros2.nodes] ROS2 TF aggregation contributor '/World/Nova_Carter_ROS/transform_tree_odometry/tf_tree_base_link_to_chassis' did not submit transforms for topic '/tf' on flush cycle 5068
2026-09-30T16:55:29Z [106,028ms] [Warning] [isaacsim.ros2.nodes] ROS2 TF aggregation contributor '/World/Nova_Carter_ROS/chassis_link/sensors/XT_32/ROS_TF/PublisherTF' did not submit transforms for topic '/tf' on flush cycle 5188
2026-09-30T16:55:29Z [106,028ms] [Warning] [isaacsim.ros2.nodes] ROS2 TF aggregation contributor '/World/Nova_Carter_ROS/chassis_link/sensors/front_hawk/ROS_TF/PublisherTF' did not submit transforms for topic '/tf' on flush cycle 5188
2026-09-30T16:55:29Z [106,028ms] [Warning] [isaacsim.ros2.nodes] ROS2 TF aggregation contributor '/World/Nova_Carter_ROS/chassis_link/sensors/front_RPLidar/ROS_TF/PublisherTF' did not submit transforms for topic '/tf' on flush cycle 5188
2026-09-30T16:55:29Z [106,028ms] [Warning] [isaacsim.ros2.nodes] ROS2 TF aggregation contributor '/World/Nova_Carter_ROS/chassis_link/sensors/rear_RPLidar/ROS_TF/PublisherTF' did not submit transforms for topic '/tf' on flush cycle 5188
2026-09-30T16:55:29Z [106,028ms] [Warning] [isaacsim.ros2.nodes] ROS2 TF aggregation contributor '/World/Nova_Carter_ROS/chassis_link/sensors/back_hawk/ROS_TF/PublisherTF' did not submit transforms for topic '/tf' on flush cycle 5188
2026-09-30T16:55:29Z [106,028ms] [Warning] [isaacsim.ros2.nodes] ROS2 TF aggregation contributor '/World/Nova_Carter_ROS/chassis_link/sensors/left_owl/ROS_TF/PublisherTF' did not submit transforms for topic '/tf' on flush cycle 5188
2026-09-30T16:55:29Z [106,028ms] [Warning] [isaacsim.ros2.nodes] ROS2 TF aggregation contributor '/World/Nova_Carter_ROS/chassis_link/sensors/right_hawk/ROS_TF/PublisherTF' did not submit transforms for topic '/tf' on flush cycle 5188
2026-09-30T16:55:29Z [106,028ms] [Warning] [isaacsim.ros2.nodes] ROS2 TF aggregation contributor '/World/Nova_Carter_ROS/chassis_link/sensors/right_owl/ROS_TF/PublisherTF' did not submit transforms for topic '/tf' on flush cycle 5188
2026-09-30T16:55:29Z [106,028ms] [Warning] [isaacsim.ros2.nodes] ROS2 TF aggregation contributor '/World/Nova_Carter_ROS/chassis_link/sensors/left_hawk/ROS_TF/PublisherTF' did not submit transforms for topic '/tf' on flush cycle 5188
2026-09-30T16:55:29Z [106,028ms] [Warning] [isaacsim.ros2.nodes] ROS2 TF aggregation contributor '/World/Nova_Carter_ROS/chassis_link/sensors/front_owl/ROS_TF/PublisherTF' did not submit transforms for topic '/tf' on flush cycle 5188
2026-09-30T16:55:29Z [106,028ms] [Warning] [isaacsim.ros2.nodes] ROS2 TF aggregation contributor '/World/Nova_Carter_ROS/transform_tree_odometry/ros2_publish_raw_transform_tree' did not submit transforms for topic '/tf' on flush cycle 5188
2026-09-30T16:55:29Z [106,028ms] [Warning] [isaacsim.ros2.nodes] ROS2 TF aggregation contributor '/World/Nova_Carter_ROS/chassis_link/sensors/back_owl/ROS_TF/PublisherTF' did not submit transforms for topic '/tf' on flush cycle 5188
2026-09-30T16:55:29Z [106,028ms] [Warning] [isaacsim.ros2.nodes] ROS2 TF aggregation contributor '/World/Nova_Carter_ROS/transform_tree_odometry/tf_tree_base_link_to_wheel_base' did not submit transforms for topic '/tf' on flush cycle 5188
2026-09-30T16:55:29Z [106,028ms] [Warning] [isaacsim.ros2.nodes] ROS2 TF aggregation contributor '/World/Nova_Carter_ROS/transform_tree_odometry/tf_tree_base_link_to_sensors' did not submit transforms for topic '/tf' on flush cycle 5188
2026-09-30T16:55:29Z [106,028ms] [Warning] [isaacsim.ros2.nodes] ROS2 TF aggregation contributor '/World/Nova_Carter_ROS/transform_tree_odometry/tf_tree_base_link_to_chassis' did not submit transforms for topic '/tf' on flush cycle 5188
2026-09-30T16:55:31Z [108,079ms] [Warning] [isaacsim.ros2.nodes] ROS2 TF aggregation contributor '/World/Nova_Carter_ROS/chassis_link/sensors/XT_32/ROS_TF/PublisherTF' did not submit transforms for topic '/tf' on flush cycle 5308
2026-09-30T16:55:31Z [108,079ms] [Warning] [isaacsim.ros2.nodes] ROS2 TF aggregation contributor '/World/Nova_Carter_ROS/chassis_link/sensors/front_hawk/ROS_TF/PublisherTF' did not submit transforms for topic '/tf' on flush cycle 5308
2026-09-30T16:55:31Z [108,079ms] [Warning] [isaacsim.ros2.nodes] ROS2 TF aggregation contributor '/World/Nova_Carter_ROS/chassis_link/sensors/front_RPLidar/ROS_TF/PublisherTF' did not submit transforms for topic '/tf' on flush cycle 5308
2026-09-30T16:55:31Z [108,079ms] [Warning] [isaacsim.ros2.nodes] ROS2 TF aggregation contributor '/World/Nova_Carter_ROS/chassis_link/sensors/rear_RPLidar/ROS_TF/PublisherTF' did not submit transforms for topic '/tf' on flush cycle 5308
2026-09-30T16:55:31Z [108,079ms] [Warning] [isaacsim.ros2.nodes] ROS2 TF aggregation contributor '/World/Nova_Carter_ROS/chassis_link/sensors/back_hawk/ROS_TF/PublisherTF' did not submit transforms for topic '/tf' on flush cycle 5308
2026-09-30T16:55:31Z [108,079ms] [Warning] [isaacsim.ros2.nodes] ROS2 TF aggregation contributor '/World/Nova_Carter_ROS/chassis_link/sensors/left_owl/ROS_TF/PublisherTF' did not submit transforms for topic '/tf' on flush cycle 5308
2026-09-30T16:55:31Z [108,079ms] [Warning] [isaacsim.ros2.nodes] ROS2 TF aggregation contributor '/World/Nova_Carter_ROS/chassis_link/sensors/right_hawk/ROS_TF/PublisherTF' did not submit transforms for topic '/tf' on flush cycle 5308
2026-09-30T16:55:31Z [108,079ms] [Warning] [isaacsim.ros2.nodes] ROS2 TF aggregation contributor '/World/Nova_Carter_ROS/chassis_link/sensors/right_owl/ROS_TF/PublisherTF' did not submit transforms for topic '/tf' on flush cycle 5308
2026-09-30T16:55:31Z [108,079ms] [Warning] [isaacsim.ros2.nodes] ROS2 TF aggregation contributor '/World/Nova_Carter_ROS/chassis_link/sensors/left_hawk/ROS_TF/PublisherTF' did not submit transforms for topic '/tf' on flush cycle 5308
2026-09-30T16:55:31Z [108,079ms] [Warning] [isaacsim.ros2.nodes] ROS2 TF aggregation contributor '/World/Nova_Carter_ROS/chassis_link/sensors/front_owl/ROS_TF/PublisherTF' did not submit transforms for topic '/tf' on flush cycle 5308
2026-09-30T16:55:31Z [108,079ms] [Warning] [isaacsim.ros2.nodes] ROS2 TF aggregation contributor '/World/Nova_Carter_ROS/transform_tree_odometry/ros2_publish_raw_transform_tree' did not submit transforms for topic '/tf' on flush cycle 5308
2026-09-30T16:55:31Z [108,079ms] [Warning] [isaacsim.ros2.nodes] ROS2 TF aggregation contributor '/World/Nova_Carter_ROS/chassis_link/sensors/back_owl/ROS_TF/PublisherTF' did not submit transforms for topic '/tf' on flush cycle 5308
2026-09-30T16:55:31Z [108,079ms] [Warning] [isaacsim.ros2.nodes] ROS2 TF aggregation contributor '/World/Nova_Carter_ROS/transform_tree_odometry/tf_tree_base_link_to_wheel_base' did not submit transforms for topic '/tf' on flush cycle 5308
2026-09-30T16:55:31Z [108,079ms] [Warning] [isaacsim.ros2.nodes] ROS2 TF aggregation contributor '/World/Nova_Carter_ROS/transform_tree_odometry/tf_tree_base_link_to_sensors' did not submit transforms for topic '/tf' on flush cycle 5308
2026-09-30T16:55:31Z [108,079ms] [Warning] [isaacsim.ros2.nodes] ROS2 TF aggregation contributor '/World/Nova_Carter_ROS/transform_tree_odometry/tf_tree_base_link_to_chassis' did not submit transforms for topic '/tf' on flush cycle 5308
2026-09-30T16:55:33Z [110,177ms] [Warning] [isaacsim.ros2.nodes] ROS2 TF aggregation contributor '/World/Nova_Carter_ROS/chassis_link/sensors/XT_32/ROS_TF/PublisherTF' did not submit transforms for topic '/tf' on flush cycle 5428
2026-09-30T16:55:33Z [110,177ms] [Warning] [isaacsim.ros2.nodes] ROS2 TF aggregation contributor '/World/Nova_Carter_ROS/chassis_link/sensors/front_hawk/ROS_TF/PublisherTF' did not submit transforms for topic '/tf' on flush cycle 5428
2026-09-30T16:55:33Z [110,177ms] [Warning] [isaacsim.ros2.nodes] ROS2 TF aggregation contributor '/World/Nova_Carter_ROS/chassis_link/sensors/front_RPLidar/ROS_TF/PublisherTF' did not submit transforms for topic '/tf' on flush cycle 5428
2026-09-30T16:55:33Z [110,177ms] [Warning] [isaacsim.ros2.nodes] ROS2 TF aggregation contributor '/World/Nova_Carter_ROS/chassis_link/sensors/rear_RPLidar/ROS_TF/PublisherTF' did not submit transforms for topic '/tf' on flush cycle 5428
2026-09-30T16:55:33Z [110,177ms] [Warning] [isaacsim.ros2.nodes] ROS2 TF aggregation contributor '/World/Nova_Carter_ROS/chassis_link/sensors/back_hawk/ROS_TF/PublisherTF' did not submit transforms for topic '/tf' on flush cycle 5428
2026-09-30T16:55:33Z [110,177ms] [Warning] [isaacsim.ros2.nodes] ROS2 TF aggregation contributor '/World/Nova_Carter_ROS/chassis_link/sensors/left_owl/ROS_TF/PublisherTF' did not submit transforms for topic '/tf' on flush cycle 5428
2026-09-30T16:55:33Z [110,177ms] [Warning] [isaacsim.ros2.nodes] ROS2 TF aggregation contributor '/World/Nova_Carter_ROS/chassis_link/sensors/right_hawk/ROS_TF/PublisherTF' did not submit transforms for topic '/tf' on flush cycle 5428
2026-09-30T16:55:33Z [110,177ms] [Warning] [isaacsim.ros2.nodes] ROS2 TF aggregation contributor '/World/Nova_Carter_ROS/chassis_link/sensors/right_owl/ROS_TF/PublisherTF' did not submit transforms for topic '/tf' on flush cycle 5428
2026-09-30T16:55:33Z [110,177ms] [Warning] [isaacsim.ros2.nodes] ROS2 TF aggregation contributor '/World/Nova_Carter_ROS/chassis_link/sensors/left_hawk/ROS_TF/PublisherTF' did not submit transforms for topic '/tf' on flush cycle 5428
2026-09-30T16:55:33Z [110,177ms] [Warning] [isaacsim.ros2.nodes] ROS2 TF aggregation contributor '/World/Nova_Carter_ROS/chassis_link/sensors/front_owl/ROS_TF/PublisherTF' did not submit transforms for topic '/tf' on flush cycle 5428
2026-09-30T16:55:33Z [110,177ms] [Warning] [isaacsim.ros2.nodes] ROS2 TF aggregation contributor '/World/Nova_Carter_ROS/transform_tree_odometry/ros2_publish_raw_transform_tree' did not submit transforms for topic '/tf' on flush cycle 5428
2026-09-30T16:55:33Z [110,177ms] [Warning] [isaacsim.ros2.nodes] ROS2 TF aggregation contributor '/World/Nova_Carter_ROS/chassis_link/sensors/back_owl/ROS_TF/PublisherTF' did not submit transforms for topic '/tf' on flush cycle 5428
2026-09-30T16:55:33Z [110,177ms] [Warning] [isaacsim.ros2.nodes] ROS2 TF aggregation contributor '/World/Nova_Carter_ROS/transform_tree_odometry/tf_tree_base_link_to_wheel_base' did not submit transforms for topic '/tf' on flush cycle 5428
2026-09-30T16:55:33Z [110,177ms] [Warning] [isaacsim.ros2.nodes] ROS2 TF aggregation contributor '/World/Nova_Carter_ROS/transform_tree_odometry/tf_tree_base_link_to_sensors' did not submit transforms for topic '/tf' on flush cycle 5428
2026-09-30T16:55:33Z [110,177ms] [Warning] [isaacsim.ros2.nodes] ROS2 TF aggregation contributor '/World/Nova_Carter_ROS/transform_tree_odometry/tf_tree_base_link_to_chassis' did not submit transforms for topic '/tf' on flush cycle 5428
2026-09-30T16:55:43Z [119,555ms] [Warning] [omni.graph.core.plugin] /World/Nova_Carter_ROS/differential_drive/differential_controller_01: [/World/Nova_Carter_ROS/differential_drive] Invalid deltaTime 0.000000, cannot check for acceleration limits, skipping current step
2026-09-30T16:55:45Z [121,837ms] [Warning] [isaacsim.ros2.nodes] ROS2 TF aggregation contributor '/World/Nova_Carter_ROS/chassis_link/sensors/XT_32/ROS_TF/PublisherTF' did not submit transforms for topic '/tf' on flush cycle 6056
2026-09-30T16:55:45Z [121,837ms] [Warning] [isaacsim.ros2.nodes] ROS2 TF aggregation contributor '/World/Nova_Carter_ROS/chassis_link/sensors/front_hawk/ROS_TF/PublisherTF' did not submit transforms for topic '/tf' on flush cycle 6056
2026-09-30T16:55:45Z [121,837ms] [Warning] [isaacsim.ros2.nodes] ROS2 TF aggregation contributor '/World/Nova_Carter_ROS/chassis_link/sensors/front_RPLidar/ROS_TF/PublisherTF' did not submit transforms for topic '/tf' on flush cycle 6056
2026-09-30T16:55:45Z [121,837ms] [Warning] [isaacsim.ros2.nodes] ROS2 TF aggregation contributor '/World/Nova_Carter_ROS/chassis_link/sensors/rear_RPLidar/ROS_TF/PublisherTF' did not submit transforms for topic '/tf' on flush cycle 6056
2026-09-30T16:55:45Z [121,837ms] [Warning] [isaacsim.ros2.nodes] ROS2 TF aggregation contributor '/World/Nova_Carter_ROS/chassis_link/sensors/back_hawk/ROS_TF/PublisherTF' did not submit transforms for topic '/tf' on flush cycle 6056
2026-09-30T16:55:45Z [121,837ms] [Warning] [isaacsim.ros2.nodes] ROS2 TF aggregation contributor '/World/Nova_Carter_ROS/chassis_link/sensors/left_owl/ROS_TF/PublisherTF' did not submit transforms for topic '/tf' on flush cycle 6056
2026-09-30T16:55:45Z [121,837ms] [Warning] [isaacsim.ros2.nodes] ROS2 TF aggregation contributor '/World/Nova_Carter_ROS/chassis_link/sensors/right_hawk/ROS_TF/PublisherTF' did not submit transforms for topic '/tf' on flush cycle 6056
2026-09-30T16:55:45Z [121,837ms] [Warning] [isaacsim.ros2.nodes] ROS2 TF aggregation contributor '/World/Nova_Carter_ROS/chassis_link/sensors/right_owl/ROS_TF/PublisherTF' did not submit transforms for topic '/tf' on flush cycle 6056
2026-09-30T16:55:45Z [121,837ms] [Warning] [isaacsim.ros2.nodes] ROS2 TF aggregation contributor '/World/Nova_Carter_ROS/chassis_link/sensors/left_hawk/ROS_TF/PublisherTF' did not submit transforms for topic '/tf' on flush cycle 6056
2026-09-30T16:55:45Z [121,837ms] [Warning] [isaacsim.ros2.nodes] ROS2 TF aggregation contributor '/World/Nova_Carter_ROS/chassis_link/sensors/front_owl/ROS_TF/PublisherTF' did not submit transforms for topic '/tf' on flush cycle 6056
2026-09-30T16:55:45Z [121,837ms] [Warning] [isaacsim.ros2.nodes] ROS2 TF aggregation contributor '/World/Nova_Carter_ROS/transform_tree_odometry/ros2_publish_raw_transform_tree' did not submit transforms for topic '/tf' on flush cycle 6056
2026-09-30T16:55:45Z [121,837ms] [Warning] [isaacsim.ros2.nodes] ROS2 TF aggregation contributor '/World/Nova_Carter_ROS/chassis_link/sensors/back_owl/ROS_TF/PublisherTF' did not submit transforms for topic '/tf' on flush cycle 6056
2026-09-30T16:55:45Z [121,837ms] [Warning] [isaacsim.ros2.nodes] ROS2 TF aggregation contributor '/World/Nova_Carter_ROS/transform_tree_odometry/tf_tree_base_link_to_wheel_base' did not submit transforms for topic '/tf' on flush cycle 6056
2026-09-30T16:55:45Z [121,837ms] [Warning] [isaacsim.ros2.nodes] ROS2 TF aggregation contributor '/World/Nova_Carter_ROS/transform_tree_odometry/tf_tree_base_link_to_sensors' did not submit transforms for topic '/tf' on flush cycle 6056
2026-09-30T16:55:45Z [121,837ms] [Warning] [isaacsim.ros2.nodes] ROS2 TF aggregation contributor '/World/Nova_Carter_ROS/transform_tree_odometry/tf_tree_base_link_to_chassis' did not submit transforms for topic '/tf' on flush cycle 6056
2026-09-30T16:55:47Z [123,874ms] [Warning] [isaacsim.ros2.nodes] ROS2 TF aggregation contributor '/World/Nova_Carter_ROS/chassis_link/sensors/XT_32/ROS_TF/PublisherTF' did not submit transforms for topic '/tf' on flush cycle 6176
2026-09-30T16:55:47Z [123,874ms] [Warning] [isaacsim.ros2.nodes] ROS2 TF aggregation contributor '/World/Nova_Carter_ROS/chassis_link/sensors/front_hawk/ROS_TF/PublisherTF' did not submit transforms for topic '/tf' on flush cycle 6176
2026-09-30T16:55:47Z [123,874ms] [Warning] [isaacsim.ros2.nodes] ROS2 TF aggregation contributor '/World/Nova_Carter_ROS/chassis_link/sensors/front_RPLidar/ROS_TF/PublisherTF' did not submit transforms for topic '/tf' on flush cycle 6176
2026-09-30T16:55:47Z [123,874ms] [Warning] [isaacsim.ros2.nodes] ROS2 TF aggregation contributor '/World/Nova_Carter_ROS/chassis_link/sensors/rear_RPLidar/ROS_TF/PublisherTF' did not submit transforms for topic '/tf' on flush cycle 6176
2026-09-30T16:55:47Z [123,874ms] [Warning] [isaacsim.ros2.nodes] ROS2 TF aggregation contributor '/World/Nova_Carter_ROS/chassis_link/sensors/back_hawk/ROS_TF/PublisherTF' did not submit transforms for topic '/tf' on flush cycle 6176
2026-09-30T16:55:47Z [123,874ms] [Warning] [isaacsim.ros2.nodes] ROS2 TF aggregation contributor '/World/Nova_Carter_ROS/chassis_link/sensors/left_owl/ROS_TF/PublisherTF' did not submit transforms for topic '/tf' on flush cycle 6176
2026-09-30T16:55:47Z [123,874ms] [Warning] [isaacsim.ros2.nodes] ROS2 TF aggregation contributor '/World/Nova_Carter_ROS/chassis_link/sensors/right_hawk/ROS_TF/PublisherTF' did not submit transforms for topic '/tf' on flush cycle 6176
2026-09-30T16:55:47Z [123,874ms] [Warning] [isaacsim.ros2.nodes] ROS2 TF aggregation contributor '/World/Nova_Carter_ROS/chassis_link/sensors/right_owl/ROS_TF/PublisherTF' did not submit transforms for topic '/tf' on flush cycle 6176
2026-09-30T16:55:47Z [123,874ms] [Warning] [isaacsim.ros2.nodes] ROS2 TF aggregation contributor '/World/Nova_Carter_ROS/chassis_link/sensors/left_hawk/ROS_TF/PublisherTF' did not submit transforms for topic '/tf' on flush cycle 6176
2026-09-30T16:55:47Z [123,874ms] [Warning] [isaacsim.ros2.nodes] ROS2 TF aggregation contributor '/World/Nova_Carter_ROS/chassis_link/sensors/front_owl/ROS_TF/PublisherTF' did not submit transforms for topic '/tf' on flush cycle 6176
2026-09-30T16:55:47Z [123,874ms] [Warning] [isaacsim.ros2.nodes] ROS2 TF aggregation contributor '/World/Nova_Carter_ROS/transform_tree_odometry/ros2_publish_raw_transform_tree' did not submit transforms for topic '/tf' on flush cycle 6176
2026-09-30T16:55:47Z [123,874ms] [Warning] [isaacsim.ros2.nodes] ROS2 TF aggregation contributor '/World/Nova_Carter_ROS/chassis_link/sensors/back_owl/ROS_TF/PublisherTF' did not submit transforms for topic '/tf' on flush cycle 6176
2026-09-30T16:55:47Z [123,874ms] [Warning] [isaacsim.ros2.nodes] ROS2 TF aggregation contributor '/World/Nova_Carter_ROS/transform_tree_odometry/tf_tree_base_link_to_wheel_base' did not submit transforms for topic '/tf' on flush cycle 6176
2026-09-30T16:55:47Z [123,874ms] [Warning] [isaacsim.ros2.nodes] ROS2 TF aggregation contributor '/World/Nova_Carter_ROS/transform_tree_odometry/tf_tree_base_link_to_sensors' did not submit transforms for topic '/tf' on flush cycle 6176
2026-09-30T16:55:47Z [123,874ms] [Warning] [isaacsim.ros2.nodes] ROS2 TF aggregation contributor '/World/Nova_Carter_ROS/transform_tree_odometry/tf_tree_base_link_to_chassis' did not submit transforms for topic '/tf' on flush cycle 6176
2026-09-30T16:55:49Z [125,916ms] [Warning] [isaacsim.ros2.nodes] ROS2 TF aggregation contributor '/World/Nova_Carter_ROS/chassis_link/sensors/XT_32/ROS_TF/PublisherTF' did not submit transforms for topic '/tf' on flush cycle 6296
2026-09-30T16:55:49Z [125,916ms] [Warning] [isaacsim.ros2.nodes] ROS2 TF aggregation contributor '/World/Nova_Carter_ROS/chassis_link/sensors/front_hawk/ROS_TF/PublisherTF' did not submit transforms for topic '/tf' on flush cycle 6296
2026-09-30T16:55:49Z [125,916ms] [Warning] [isaacsim.ros2.nodes] ROS2 TF aggregation contributor '/World/Nova_Carter_ROS/chassis_link/sensors/front_RPLidar/ROS_TF/PublisherTF' did not submit transforms for topic '/tf' on flush cycle 6296
2026-09-30T16:55:49Z [125,916ms] [Warning] [isaacsim.ros2.nodes] ROS2 TF aggregation contributor '/World/Nova_Carter_ROS/chassis_link/sensors/rear_RPLidar/ROS_TF/PublisherTF' did not submit transforms for topic '/tf' on flush cycle 6296
2026-09-30T16:55:49Z [125,916ms] [Warning] [isaacsim.ros2.nodes] ROS2 TF aggregation contributor '/World/Nova_Carter_ROS/chassis_link/sensors/back_hawk/ROS_TF/PublisherTF' did not submit transforms for topic '/tf' on flush cycle 6296
2026-09-30T16:55:49Z [125,916ms] [Warning] [isaacsim.ros2.nodes] ROS2 TF aggregation contributor '/World/Nova_Carter_ROS/chassis_link/sensors/left_owl/ROS_TF/PublisherTF' did not submit transforms for topic '/tf' on flush cycle 6296
2026-09-30T16:55:49Z [125,916ms] [Warning] [isaacsim.ros2.nodes] ROS2 TF aggregation contributor '/World/Nova_Carter_ROS/chassis_link/sensors/right_hawk/ROS_TF/PublisherTF' did not submit transforms for topic '/tf' on flush cycle 6296
2026-09-30T16:55:49Z [125,916ms] [Warning] [isaacsim.ros2.nodes] ROS2 TF aggregation contributor '/World/Nova_Carter_ROS/chassis_link/sensors/right_owl/ROS_TF/PublisherTF' did not submit transforms for topic '/tf' on flush cycle 6296
2026-09-30T16:55:49Z [125,916ms] [Warning] [isaacsim.ros2.nodes] ROS2 TF aggregation contributor '/World/Nova_Carter_ROS/chassis_link/sensors/left_hawk/ROS_TF/PublisherTF' did not submit transforms for topic '/tf' on flush cycle 6296
2026-09-30T16:55:49Z [125,916ms] [Warning] [isaacsim.ros2.nodes] ROS2 TF aggregation contributor '/World/Nova_Carter_ROS/chassis_link/sensors/front_owl/ROS_TF/PublisherTF' did not submit transforms for topic '/tf' on flush cycle 6296
2026-09-30T16:55:49Z [125,916ms] [Warning] [isaacsim.ros2.nodes] ROS2 TF aggregation contributor '/World/Nova_Carter_ROS/transform_tree_odometry/ros2_publish_raw_transform_tree' did not submit transforms for topic '/tf' on flush cycle 6296
2026-09-30T16:55:49Z [125,916ms] [Warning] [isaacsim.ros2.nodes] ROS2 TF aggregation contributor '/World/Nova_Carter_ROS/chassis_link/sensors/back_owl/ROS_TF/PublisherTF' did not submit transforms for topic '/tf' on flush cycle 6296
2026-09-30T16:55:49Z [125,916ms] [Warning] [isaacsim.ros2.nodes] ROS2 TF aggregation contributor '/World/Nova_Carter_ROS/transform_tree_odometry/tf_tree_base_link_to_wheel_base' did not submit transforms for topic '/tf' on flush cycle 6296
2026-09-30T16:55:49Z [125,916ms] [Warning] [isaacsim.ros2.nodes] ROS2 TF aggregation contributor '/World/Nova_Carter_ROS/transform_tree_odometry/tf_tree_base_link_to_sensors' did not submit transforms for topic '/tf' on flush cycle 6296
2026-09-30T16:55:49Z [125,916ms] [Warning] [isaacsim.ros2.nodes] ROS2 TF aggregation contributor '/World/Nova_Carter_ROS/transform_tree_odometry/tf_tree_base_link_to_chassis' did not submit transforms for topic '/tf' on flush cycle 6296
2026-09-30T16:55:51Z [127,960ms] [Warning] [isaacsim.ros2.nodes] ROS2 TF aggregation contributor '/World/Nova_Carter_ROS/chassis_link/sensors/XT_32/ROS_TF/PublisherTF' did not submit transforms for topic '/tf' on flush cycle 6416
2026-09-30T16:55:51Z [127,960ms] [Warning] [isaacsim.ros2.nodes] ROS2 TF aggregation contributor '/World/Nova_Carter_ROS/chassis_link/sensors/front_hawk/ROS_TF/PublisherTF' did not submit transforms for topic '/tf' on flush cycle 6416
2026-09-30T16:55:51Z [127,960ms] [Warning] [isaacsim.ros2.nodes] ROS2 TF aggregation contributor '/World/Nova_Carter_ROS/chassis_link/sensors/front_RPLidar/ROS_TF/PublisherTF' did not submit transforms for topic '/tf' on flush cycle 6416
2026-09-30T16:55:51Z [127,960ms] [Warning] [isaacsim.ros2.nodes] ROS2 TF aggregation contributor '/World/Nova_Carter_ROS/chassis_link/sensors/rear_RPLidar/ROS_TF/PublisherTF' did not submit transforms for topic '/tf' on flush cycle 6416
2026-09-30T16:55:51Z [127,960ms] [Warning] [isaacsim.ros2.nodes] ROS2 TF aggregation contributor '/World/Nova_Carter_ROS/chassis_link/sensors/back_hawk/ROS_TF/PublisherTF' did not submit transforms for topic '/tf' on flush cycle 6416
2026-09-30T16:55:51Z [127,960ms] [Warning] [isaacsim.ros2.nodes] ROS2 TF aggregation contributor '/World/Nova_Carter_ROS/chassis_link/sensors/left_owl/ROS_TF/PublisherTF' did not submit transforms for topic '/tf' on flush cycle 6416
2026-09-30T16:55:51Z [127,960ms] [Warning] [isaacsim.ros2.nodes] ROS2 TF aggregation contributor '/World/Nova_Carter_ROS/chassis_link/sensors/right_hawk/ROS_TF/PublisherTF' did not submit transforms for topic '/tf' on flush cycle 6416
2026-09-30T16:55:51Z [127,960ms] [Warning] [isaacsim.ros2.nodes] ROS2 TF aggregation contributor '/World/Nova_Carter_ROS/chassis_link/sensors/right_owl/ROS_TF/PublisherTF' did not submit transforms for topic '/tf' on flush cycle 6416
2026-09-30T16:55:51Z [127,960ms] [Warning] [isaacsim.ros2.nodes] ROS2 TF aggregation contributor '/World/Nova_Carter_ROS/chassis_link/sensors/left_hawk/ROS_TF/PublisherTF' did not submit transforms for topic '/tf' on flush cycle 6416
2026-09-30T16:55:51Z [127,960ms] [Warning] [isaacsim.ros2.nodes] ROS2 TF aggregation contributor '/World/Nova_Carter_ROS/chassis_link/sensors/front_owl/ROS_TF/PublisherTF' did not submit transforms for topic '/tf' on flush cycle 6416
2026-09-30T16:55:51Z [127,960ms] [Warning] [isaacsim.ros2.nodes] ROS2 TF aggregation contributor '/World/Nova_Carter_ROS/transform_tree_odometry/ros2_publish_raw_transform_tree' did not submit transforms for topic '/tf' on flush cycle 6416
2026-09-30T16:55:51Z [127,960ms] [Warning] [isaacsim.ros2.nodes] ROS2 TF aggregation contributor '/World/Nova_Carter_ROS/chassis_link/sensors/back_owl/ROS_TF/PublisherTF' did not submit transforms for topic '/tf' on flush cycle 6416
2026-09-30T16:55:51Z [127,960ms] [Warning] [isaacsim.ros2.nodes] ROS2 TF aggregation contributor '/World/Nova_Carter_ROS/transform_tree_odometry/tf_tree_base_link_to_wheel_base' did not submit transforms for topic '/tf' on flush cycle 6416
2026-09-30T16:55:51Z [127,960ms] [Warning] [isaacsim.ros2.nodes] ROS2 TF aggregation contributor '/World/Nova_Carter_ROS/transform_tree_odometry/tf_tree_base_link_to_sensors' did not submit transforms for topic '/tf' on flush cycle 6416
2026-09-30T16:55:51Z [127,960ms] [Warning] [isaacsim.ros2.nodes] ROS2 TF aggregation contributor '/World/Nova_Carter_ROS/transform_tree_odometry/tf_tree_base_link_to_chassis' did not submit transforms for topic '/tf' on flush cycle 6416
2026-09-30T16:55:53Z [130,010ms] [Warning] [isaacsim.ros2.nodes] ROS2 TF aggregation contributor '/World/Nova_Carter_ROS/chassis_link/sensors/XT_32/ROS_TF/PublisherTF' did not submit transforms for topic '/tf' on flush cycle 6536
2026-09-30T16:55:53Z [130,010ms] [Warning] [isaacsim.ros2.nodes] ROS2 TF aggregation contributor '/World/Nova_Carter_ROS/chassis_link/sensors/front_hawk/ROS_TF/PublisherTF' did not submit transforms for topic '/tf' on flush cycle 6536
2026-09-30T16:55:53Z [130,010ms] [Warning] [isaacsim.ros2.nodes] ROS2 TF aggregation contributor '/World/Nova_Carter_ROS/chassis_link/sensors/front_RPLidar/ROS_TF/PublisherTF' did not submit transforms for topic '/tf' on flush cycle 6536
2026-09-30T16:55:53Z [130,010ms] [Warning] [isaacsim.ros2.nodes] ROS2 TF aggregation contributor '/World/Nova_Carter_ROS/chassis_link/sensors/rear_RPLidar/ROS_TF/PublisherTF' did not submit transforms for topic '/tf' on flush cycle 6536
2026-09-30T16:55:53Z [130,010ms] [Warning] [isaacsim.ros2.nodes] ROS2 TF aggregation contributor '/World/Nova_Carter_ROS/chassis_link/sensors/back_hawk/ROS_TF/PublisherTF' did not submit transforms for topic '/tf' on flush cycle 6536
2026-09-30T16:55:53Z [130,010ms] [Warning] [isaacsim.ros2.nodes] ROS2 TF aggregation contributor '/World/Nova_Carter_ROS/chassis_link/sensors/left_owl/ROS_TF/PublisherTF' did not submit transforms for topic '/tf' on flush cycle 6536
2026-09-30T16:55:53Z [130,010ms] [Warning] [isaacsim.ros2.nodes] ROS2 TF aggregation contributor '/World/Nova_Carter_ROS/chassis_link/sensors/right_hawk/ROS_TF/PublisherTF' did not submit transforms for topic '/tf' on flush cycle 6536
2026-09-30T16:55:53Z [130,010ms] [Warning] [isaacsim.ros2.nodes] ROS2 TF aggregation contributor '/World/Nova_Carter_ROS/chassis_link/sensors/right_owl/ROS_TF/PublisherTF' did not submit transforms for topic '/tf' on flush cycle 6536
2026-09-30T16:55:53Z [130,010ms] [Warning] [isaacsim.ros2.nodes] ROS2 TF aggregation contributor '/World/Nova_Carter_ROS/chassis_link/sensors/left_hawk/ROS_TF/PublisherTF' did not submit transforms for topic '/tf' on flush cycle 6536
2026-09-30T16:55:53Z [130,010ms] [Warning] [isaacsim.ros2.nodes] ROS2 TF aggregation contributor '/World/Nova_Carter_ROS/chassis_link/sensors/front_owl/ROS_TF/PublisherTF' did not submit transforms for topic '/tf' on flush cycle 6536
2026-09-30T16:55:53Z [130,010ms] [Warning] [isaacsim.ros2.nodes] ROS2 TF aggregation contributor '/World/Nova_Carter_ROS/transform_tree_odometry/ros2_publish_raw_transform_tree' did not submit transforms for topic '/tf' on flush cycle 6536
2026-09-30T16:55:53Z [130,010ms] [Warning] [isaacsim.ros2.nodes] ROS2 TF aggregation contributor '/World/Nova_Carter_ROS/chassis_link/sensors/back_owl/ROS_TF/PublisherTF' did not submit transforms for topic '/tf' on flush cycle 6536
2026-09-30T16:55:53Z [130,010ms] [Warning] [isaacsim.ros2.nodes] ROS2 TF aggregation contributor '/World/Nova_Carter_ROS/transform_tree_odometry/tf_tree_base_link_to_wheel_base' did not submit transforms for topic '/tf' on flush cycle 6536
2026-09-30T16:55:53Z [130,010ms] [Warning] [isaacsim.ros2.nodes] ROS2 TF aggregation contributor '/World/Nova_Carter_ROS/transform_tree_odometry/tf_tree_base_link_to_sensors' did not submit transforms for topic '/tf' on flush cycle 6536
2026-09-30T16:55:53Z [130,010ms] [Warning] [isaacsim.ros2.nodes] ROS2 TF aggregation contributor '/World/Nova_Carter_ROS/transform_tree_odometry/tf_tree_base_link_to_chassis' did not submit transforms for topic '/tf' on flush cycle 6536
2026-09-30T16:55:55Z [132,061ms] [Warning] [isaacsim.ros2.nodes] ROS2 TF aggregation contributor '/World/Nova_Carter_ROS/chassis_link/sensors/XT_32/ROS_TF/PublisherTF' did not submit transforms for topic '/tf' on flush cycle 6656
2026-09-30T16:55:55Z [132,061ms] [Warning] [isaacsim.ros2.nodes] ROS2 TF aggregation contributor '/World/Nova_Carter_ROS/chassis_link/sensors/front_hawk/ROS_TF/PublisherTF' did not submit transforms for topic '/tf' on flush cycle 6656
2026-09-30T16:55:55Z [132,061ms] [Warning] [isaacsim.ros2.nodes] ROS2 TF aggregation contributor '/World/Nova_Carter_ROS/chassis_link/sensors/front_RPLidar/ROS_TF/PublisherTF' did not submit transforms for topic '/tf' on flush cycle 6656
2026-09-30T16:55:55Z [132,061ms] [Warning] [isaacsim.ros2.nodes] ROS2 TF aggregation contributor '/World/Nova_Carter_ROS/chassis_link/sensors/rear_RPLidar/ROS_TF/PublisherTF' did not submit transforms for topic '/tf' on flush cycle 6656
2026-09-30T16:55:55Z [132,061ms] [Warning] [isaacsim.ros2.nodes] ROS2 TF aggregation contributor '/World/Nova_Carter_ROS/chassis_link/sensors/back_hawk/ROS_TF/PublisherTF' did not submit transforms for topic '/tf' on flush cycle 6656
2026-09-30T16:55:55Z [132,061ms] [Warning] [isaacsim.ros2.nodes] ROS2 TF aggregation contributor '/World/Nova_Carter_ROS/chassis_link/sensors/left_owl/ROS_TF/PublisherTF' did not submit transforms for topic '/tf' on flush cycle 6656
2026-09-30T16:55:55Z [132,061ms] [Warning] [isaacsim.ros2.nodes] ROS2 TF aggregation contributor '/World/Nova_Carter_ROS/chassis_link/sensors/right_hawk/ROS_TF/PublisherTF' did not submit transforms for topic '/tf' on flush cycle 6656
2026-09-30T16:55:55Z [132,061ms] [Warning] [isaacsim.ros2.nodes] ROS2 TF aggregation contributor '/World/Nova_Carter_ROS/chassis_link/sensors/right_owl/ROS_TF/PublisherTF' did not submit transforms for topic '/tf' on flush cycle 6656
2026-09-30T16:55:55Z [132,061ms] [Warning] [isaacsim.ros2.nodes] ROS2 TF aggregation contributor '/World/Nova_Carter_ROS/chassis_link/sensors/left_hawk/ROS_TF/PublisherTF' did not submit transforms for topic '/tf' on flush cycle 6656
2026-09-30T16:55:55Z [132,061ms] [Warning] [isaacsim.ros2.nodes] ROS2 TF aggregation contributor '/World/Nova_Carter_ROS/chassis_link/sensors/front_owl/ROS_TF/PublisherTF' did not submit transforms for topic '/tf' on flush cycle 6656
2026-09-30T16:55:55Z [132,061ms] [Warning] [isaacsim.ros2.nodes] ROS2 TF aggregation contributor '/World/Nova_Carter_ROS/transform_tree_odometry/ros2_publish_raw_transform_tree' did not submit transforms for topic '/tf' on flush cycle 6656
2026-09-30T16:55:55Z [132,061ms] [Warning] [isaacsim.ros2.nodes] ROS2 TF aggregation contributor '/World/Nova_Carter_ROS/chassis_link/sensors/back_owl/ROS_TF/PublisherTF' did not submit transforms for topic '/tf' on flush cycle 6656
2026-09-30T16:55:55Z [132,061ms] [Warning] [isaacsim.ros2.nodes] ROS2 TF aggregation contributor '/World/Nova_Carter_ROS/transform_tree_odometry/tf_tree_base_link_to_wheel_base' did not submit transforms for topic '/tf' on flush cycle 6656
2026-09-30T16:55:55Z [132,061ms] [Warning] [isaacsim.ros2.nodes] ROS2 TF aggregation contributor '/World/Nova_Carter_ROS/transform_tree_odometry/tf_tree_base_link_to_sensors' did not submit transforms for topic '/tf' on flush cycle 6656
2026-09-30T16:55:55Z [132,061ms] [Warning] [isaacsim.ros2.nodes] ROS2 TF aggregation contributor '/World/Nova_Carter_ROS/transform_tree_odometry/tf_tree_base_link_to_chassis' did not submit transforms for topic '/tf' on flush cycle 6656
2026-09-30T16:55:57Z [134,158ms] [Warning] [isaacsim.ros2.nodes] ROS2 TF aggregation contributor '/World/Nova_Carter_ROS/chassis_link/sensors/XT_32/ROS_TF/PublisherTF' did not submit transforms for topic '/tf' on flush cycle 6776
2026-09-30T16:55:57Z [134,158ms] [Warning] [isaacsim.ros2.nodes] ROS2 TF aggregation contributor '/World/Nova_Carter_ROS/chassis_link/sensors/front_hawk/ROS_TF/PublisherTF' did not submit transforms for topic '/tf' on flush cycle 6776
2026-09-30T16:55:57Z [134,158ms] [Warning] [isaacsim.ros2.nodes] ROS2 TF aggregation contributor '/World/Nova_Carter_ROS/chassis_link/sensors/front_RPLidar/ROS_TF/PublisherTF' did not submit transforms for topic '/tf' on flush cycle 6776
2026-09-30T16:55:57Z [134,158ms] [Warning] [isaacsim.ros2.nodes] ROS2 TF aggregation contributor '/World/Nova_Carter_ROS/chassis_link/sensors/rear_RPLidar/ROS_TF/PublisherTF' did not submit transforms for topic '/tf' on flush cycle 6776
2026-09-30T16:55:57Z [134,158ms] [Warning] [isaacsim.ros2.nodes] ROS2 TF aggregation contributor '/World/Nova_Carter_ROS/chassis_link/sensors/back_hawk/ROS_TF/PublisherTF' did not submit transforms for topic '/tf' on flush cycle 6776
2026-09-30T16:55:57Z [134,158ms] [Warning] [isaacsim.ros2.nodes] ROS2 TF aggregation contributor '/World/Nova_Carter_ROS/chassis_link/sensors/left_owl/ROS_TF/PublisherTF' did not submit transforms for topic '/tf' on flush cycle 6776
2026-09-30T16:55:57Z [134,158ms] [Warning] [isaacsim.ros2.nodes] ROS2 TF aggregation contributor '/World/Nova_Carter_ROS/chassis_link/sensors/right_hawk/ROS_TF/PublisherTF' did not submit transforms for topic '/tf' on flush cycle 6776
2026-09-30T16:55:57Z [134,158ms] [Warning] [isaacsim.ros2.nodes] ROS2 TF aggregation contributor '/World/Nova_Carter_ROS/chassis_link/sensors/right_owl/ROS_TF/PublisherTF' did not submit transforms for topic '/tf' on flush cycle 6776
2026-09-30T16:55:57Z [134,158ms] [Warning] [isaacsim.ros2.nodes] ROS2 TF aggregation contributor '/World/Nova_Carter_ROS/chassis_link/sensors/left_hawk/ROS_TF/PublisherTF' did not submit transforms for topic '/tf' on flush cycle 6776
2026-09-30T16:55:57Z [134,158ms] [Warning] [isaacsim.ros2.nodes] ROS2 TF aggregation contributor '/World/Nova_Carter_ROS/chassis_link/sensors/front_owl/ROS_TF/PublisherTF' did not submit transforms for topic '/tf' on flush cycle 6776
2026-09-30T16:55:57Z [134,158ms] [Warning] [isaacsim.ros2.nodes] ROS2 TF aggregation contributor '/World/Nova_Carter_ROS/transform_tree_odometry/ros2_publish_raw_transform_tree' did not submit transforms for topic '/tf' on flush cycle 6776
2026-09-30T16:55:57Z [134,158ms] [Warning] [isaacsim.ros2.nodes] ROS2 TF aggregation contributor '/World/Nova_Carter_ROS/chassis_link/sensors/back_owl/ROS_TF/PublisherTF' did not submit transforms for topic '/tf' on flush cycle 6776
2026-09-30T16:55:57Z [134,158ms] [Warning] [isaacsim.ros2.nodes] ROS2 TF aggregation contributor '/World/Nova_Carter_ROS/transform_tree_odometry/tf_tree_base_link_to_wheel_base' did not submit transforms for topic '/tf' on flush cycle 6776
2026-09-30T16:55:57Z [134,158ms] [Warning] [isaacsim.ros2.nodes] ROS2 TF aggregation contributor '/World/Nova_Carter_ROS/transform_tree_odometry/tf_tree_base_link_to_sensors' did not submit transforms for topic '/tf' on flush cycle 6776
2026-09-30T16:55:57Z [134,158ms] [Warning] [isaacsim.ros2.nodes] ROS2 TF aggregation contributor '/World/Nova_Carter_ROS/transform_tree_odometry/tf_tree_base_link_to_chassis' did not submit transforms for topic '/tf' on flush cycle 6776
2026-09-30T16:56:07Z [144,294ms] [Warning] [isaacsim.ros2.nodes] ROS2 TF aggregation contributor '/World/Nova_Carter_ROS/chassis_link/sensors/XT_32/ROS_TF/PublisherTF' did not submit transforms for topic '/tf' on flush cycle 7329
2026-09-30T16:56:07Z [144,294ms] [Warning] [isaacsim.ros2.nodes] ROS2 TF aggregation contributor '/World/Nova_Carter_ROS/chassis_link/sensors/front_hawk/ROS_TF/PublisherTF' did not submit transforms for topic '/tf' on flush cycle 7329
2026-09-30T16:56:07Z [144,294ms] [Warning] [isaacsim.ros2.nodes] ROS2 TF aggregation contributor '/World/Nova_Carter_ROS/chassis_link/sensors/front_RPLidar/ROS_TF/PublisherTF' did not submit transforms for topic '/tf' on flush cycle 7329
2026-09-30T16:56:07Z [144,294ms] [Warning] [isaacsim.ros2.nodes] ROS2 TF aggregation contributor '/World/Nova_Carter_ROS/chassis_link/sensors/rear_RPLidar/ROS_TF/PublisherTF' did not submit transforms for topic '/tf' on flush cycle 7329
2026-09-30T16:56:07Z [144,294ms] [Warning] [isaacsim.ros2.nodes] ROS2 TF aggregation contributor '/World/Nova_Carter_ROS/chassis_link/sensors/back_hawk/ROS_TF/PublisherTF' did not submit transforms for topic '/tf' on flush cycle 7329
2026-09-30T16:56:07Z [144,294ms] [Warning] [isaacsim.ros2.nodes] ROS2 TF aggregation contributor '/World/Nova_Carter_ROS/chassis_link/sensors/left_owl/ROS_TF/PublisherTF' did not submit transforms for topic '/tf' on flush cycle 7329
2026-09-30T16:56:07Z [144,294ms] [Warning] [isaacsim.ros2.nodes] ROS2 TF aggregation contributor '/World/Nova_Carter_ROS/chassis_link/sensors/right_hawk/ROS_TF/PublisherTF' did not submit transforms for topic '/tf' on flush cycle 7329
2026-09-30T16:56:07Z [144,294ms] [Warning] [isaacsim.ros2.nodes] ROS2 TF aggregation contributor '/World/Nova_Carter_ROS/chassis_link/sensors/right_owl/ROS_TF/PublisherTF' did not submit transforms for topic '/tf' on flush cycle 7329
2026-09-30T16:56:07Z [144,294ms] [Warning] [isaacsim.ros2.nodes] ROS2 TF aggregation contributor '/World/Nova_Carter_ROS/chassis_link/sensors/left_hawk/ROS_TF/PublisherTF' did not submit transforms for topic '/tf' on flush cycle 7329
2026-09-30T16:56:07Z [144,294ms] [Warning] [isaacsim.ros2.nodes] ROS2 TF aggregation contributor '/World/Nova_Carter_ROS/chassis_link/sensors/front_owl/ROS_TF/PublisherTF' did not submit transforms for topic '/tf' on flush cycle 7329
2026-09-30T16:56:07Z [144,294ms] [Warning] [isaacsim.ros2.nodes] ROS2 TF aggregation contributor '/World/Nova_Carter_ROS/transform_tree_odometry/ros2_publish_raw_transform_tree' did not submit transforms for topic '/tf' on flush cycle 7329
2026-09-30T16:56:07Z [144,294ms] [Warning] [isaacsim.ros2.nodes] ROS2 TF aggregation contributor '/World/Nova_Carter_ROS/chassis_link/sensors/back_owl/ROS_TF/PublisherTF' did not submit transforms for topic '/tf' on flush cycle 7329
2026-09-30T16:56:07Z [144,294ms] [Warning] [isaacsim.ros2.nodes] ROS2 TF aggregation contributor '/World/Nova_Carter_ROS/transform_tree_odometry/tf_tree_base_link_to_wheel_base' did not submit transforms for topic '/tf' on flush cycle 7329
2026-09-30T16:56:07Z [144,294ms] [Warning] [isaacsim.ros2.nodes] ROS2 TF aggregation contributor '/World/Nova_Carter_ROS/transform_tree_odometry/tf_tree_base_link_to_sensors' did not submit transforms for topic '/tf' on flush cycle 7329
2026-09-30T16:56:07Z [144,295ms] [Warning] [isaacsim.ros2.nodes] ROS2 TF aggregation contributor '/World/Nova_Carter_ROS/transform_tree_odometry/tf_tree_base_link_to_chassis' did not submit transforms for topic '/tf' on flush cycle 7329
2026-09-30T16:56:09Z [146,377ms] [Warning] [isaacsim.ros2.nodes] ROS2 TF aggregation contributor '/World/Nova_Carter_ROS/chassis_link/sensors/XT_32/ROS_TF/PublisherTF' did not submit transforms for topic '/tf' on flush cycle 7449
2026-09-30T16:56:09Z [146,377ms] [Warning] [isaacsim.ros2.nodes] ROS2 TF aggregation contributor '/World/Nova_Carter_ROS/chassis_link/sensors/front_hawk/ROS_TF/PublisherTF' did not submit transforms for topic '/tf' on flush cycle 7449
2026-09-30T16:56:09Z [146,377ms] [Warning] [isaacsim.ros2.nodes] ROS2 TF aggregation contributor '/World/Nova_Carter_ROS/chassis_link/sensors/front_RPLidar/ROS_TF/PublisherTF' did not submit transforms for topic '/tf' on flush cycle 7449
2026-09-30T16:56:09Z [146,378ms] [Warning] [isaacsim.ros2.nodes] ROS2 TF aggregation contributor '/World/Nova_Carter_ROS/chassis_link/sensors/rear_RPLidar/ROS_TF/PublisherTF' did not submit transforms for topic '/tf' on flush cycle 7449
2026-09-30T16:56:09Z [146,378ms] [Warning] [isaacsim.ros2.nodes] ROS2 TF aggregation contributor '/World/Nova_Carter_ROS/chassis_link/sensors/back_hawk/ROS_TF/PublisherTF' did not submit transforms for topic '/tf' on flush cycle 7449
2026-09-30T16:56:09Z [146,378ms] [Warning] [isaacsim.ros2.nodes] ROS2 TF aggregation contributor '/World/Nova_Carter_ROS/chassis_link/sensors/left_owl/ROS_TF/PublisherTF' did not submit transforms for topic '/tf' on flush cycle 7449
2026-09-30T16:56:09Z [146,378ms] [Warning] [isaacsim.ros2.nodes] ROS2 TF aggregation contributor '/World/Nova_Carter_ROS/chassis_link/sensors/right_hawk/ROS_TF/PublisherTF' did not submit transforms for topic '/tf' on flush cycle 7449
2026-09-30T16:56:09Z [146,378ms] [Warning] [isaacsim.ros2.nodes] ROS2 TF aggregation contributor '/World/Nova_Carter_ROS/chassis_link/sensors/right_owl/ROS_TF/PublisherTF' did not submit transforms for topic '/tf' on flush cycle 7449
2026-09-30T16:56:09Z [146,378ms] [Warning] [isaacsim.ros2.nodes] ROS2 TF aggregation contributor '/World/Nova_Carter_ROS/chassis_link/sensors/left_hawk/ROS_TF/PublisherTF' did not submit transforms for topic '/tf' on flush cycle 7449
2026-09-30T16:56:09Z [146,378ms] [Warning] [isaacsim.ros2.nodes] ROS2 TF aggregation contributor '/World/Nova_Carter_ROS/chassis_link/sensors/front_owl/ROS_TF/PublisherTF' did not submit transforms for topic '/tf' on flush cycle 7449
2026-09-30T16:56:09Z [146,378ms] [Warning] [isaacsim.ros2.nodes] ROS2 TF aggregation contributor '/World/Nova_Carter_ROS/transform_tree_odometry/ros2_publish_raw_transform_tree' did not submit transforms for topic '/tf' on flush cycle 7449
2026-09-30T16:56:09Z [146,378ms] [Warning] [isaacsim.ros2.nodes] ROS2 TF aggregation contributor '/World/Nova_Carter_ROS/chassis_link/sensors/back_owl/ROS_TF/PublisherTF' did not submit transforms for topic '/tf' on flush cycle 7449
2026-09-30T16:56:09Z [146,378ms] [Warning] [isaacsim.ros2.nodes] ROS2 TF aggregation contributor '/World/Nova_Carter_ROS/transform_tree_odometry/tf_tree_base_link_to_wheel_base' did not submit transforms for topic '/tf' on flush cycle 7449
2026-09-30T16:56:09Z [146,378ms] [Warning] [isaacsim.ros2.nodes] ROS2 TF aggregation contributor '/World/Nova_Carter_ROS/transform_tree_odometry/tf_tree_base_link_to_sensors' did not submit transforms for topic '/tf' on flush cycle 7449
2026-09-30T16:56:09Z [146,378ms] [Warning] [isaacsim.ros2.nodes] ROS2 TF aggregation contributor '/World/Nova_Carter_ROS/transform_tree_odometry/tf_tree_base_link_to_chassis' did not submit transforms for topic '/tf' on flush cycle 7449
2026-09-30T16:56:11Z [148,420ms] [Warning] [isaacsim.ros2.nodes] ROS2 TF aggregation contributor '/World/Nova_Carter_ROS/chassis_link/sensors/XT_32/ROS_TF/PublisherTF' did not submit transforms for topic '/tf' on flush cycle 7569
2026-09-30T16:56:11Z [148,420ms] [Warning] [isaacsim.ros2.nodes] ROS2 TF aggregation contributor '/World/Nova_Carter_ROS/chassis_link/sensors/front_hawk/ROS_TF/PublisherTF' did not submit transforms for topic '/tf' on flush cycle 7569
2026-09-30T16:56:11Z [148,420ms] [Warning] [isaacsim.ros2.nodes] ROS2 TF aggregation contributor '/World/Nova_Carter_ROS/chassis_link/sensors/front_RPLidar/ROS_TF/PublisherTF' did not submit transforms for topic '/tf' on flush cycle 7569
2026-09-30T16:56:11Z [148,420ms] [Warning] [isaacsim.ros2.nodes] ROS2 TF aggregation contributor '/World/Nova_Carter_ROS/chassis_link/sensors/rear_RPLidar/ROS_TF/PublisherTF' did not submit transforms for topic '/tf' on flush cycle 7569
2026-09-30T16:56:11Z [148,420ms] [Warning] [isaacsim.ros2.nodes] ROS2 TF aggregation contributor '/World/Nova_Carter_ROS/chassis_link/sensors/back_hawk/ROS_TF/PublisherTF' did not submit transforms for topic '/tf' on flush cycle 7569
2026-09-30T16:56:11Z [148,420ms] [Warning] [isaacsim.ros2.nodes] ROS2 TF aggregation contributor '/World/Nova_Carter_ROS/chassis_link/sensors/left_owl/ROS_TF/PublisherTF' did not submit transforms for topic '/tf' on flush cycle 7569
2026-09-30T16:56:11Z [148,420ms] [Warning] [isaacsim.ros2.nodes] ROS2 TF aggregation contributor '/World/Nova_Carter_ROS/chassis_link/sensors/right_hawk/ROS_TF/PublisherTF' did not submit transforms for topic '/tf' on flush cycle 7569
2026-09-30T16:56:11Z [148,420ms] [Warning] [isaacsim.ros2.nodes] ROS2 TF aggregation contributor '/World/Nova_Carter_ROS/chassis_link/sensors/right_owl/ROS_TF/PublisherTF' did not submit transforms for topic '/tf' on flush cycle 7569
2026-09-30T16:56:11Z [148,420ms] [Warning] [isaacsim.ros2.nodes] ROS2 TF aggregation contributor '/World/Nova_Carter_ROS/chassis_link/sensors/left_hawk/ROS_TF/PublisherTF' did not submit transforms for topic '/tf' on flush cycle 7569
2026-09-30T16:56:11Z [148,420ms] [Warning] [isaacsim.ros2.nodes] ROS2 TF aggregation contributor '/World/Nova_Carter_ROS/chassis_link/sensors/front_owl/ROS_TF/PublisherTF' did not submit transforms for topic '/tf' on flush cycle 7569
2026-09-30T16:56:11Z [148,420ms] [Warning] [isaacsim.ros2.nodes] ROS2 TF aggregation contributor '/World/Nova_Carter_ROS/transform_tree_odometry/ros2_publish_raw_transform_tree' did not submit transforms for topic '/tf' on flush cycle 7569
2026-09-30T16:56:11Z [148,420ms] [Warning] [isaacsim.ros2.nodes] ROS2 TF aggregation contributor '/World/Nova_Carter_ROS/chassis_link/sensors/back_owl/ROS_TF/PublisherTF' did not submit transforms for topic '/tf' on flush cycle 7569
2026-09-30T16:56:11Z [148,420ms] [Warning] [isaacsim.ros2.nodes] ROS2 TF aggregation contributor '/World/Nova_Carter_ROS/transform_tree_odometry/tf_tree_base_link_to_wheel_base' did not submit transforms for topic '/tf' on flush cycle 7569
2026-09-30T16:56:11Z [148,420ms] [Warning] [isaacsim.ros2.nodes] ROS2 TF aggregation contributor '/World/Nova_Carter_ROS/transform_tree_odometry/tf_tree_base_link_to_sensors' did not submit transforms for topic '/tf' on flush cycle 7569
2026-09-30T16:56:11Z [148,420ms] [Warning] [isaacsim.ros2.nodes] ROS2 TF aggregation contributor '/World/Nova_Carter_ROS/transform_tree_odometry/tf_tree_base_link_to_chassis' did not submit transforms for topic '/tf' on flush cycle 7569
2026-09-30T16:56:14Z [150,514ms] [Warning] [isaacsim.ros2.nodes] ROS2 TF aggregation contributor '/World/Nova_Carter_ROS/chassis_link/sensors/XT_32/ROS_TF/PublisherTF' did not submit transforms for topic '/tf' on flush cycle 7689
2026-09-30T16:56:14Z [150,514ms] [Warning] [isaacsim.ros2.nodes] ROS2 TF aggregation contributor '/World/Nova_Carter_ROS/chassis_link/sensors/front_hawk/ROS_TF/PublisherTF' did not submit transforms for topic '/tf' on flush cycle 7689
2026-09-30T16:56:14Z [150,514ms] [Warning] [isaacsim.ros2.nodes] ROS2 TF aggregation contributor '/World/Nova_Carter_ROS/chassis_link/sensors/front_RPLidar/ROS_TF/PublisherTF' did not submit transforms for topic '/tf' on flush cycle 7689
2026-09-30T16:56:14Z [150,514ms] [Warning] [isaacsim.ros2.nodes] ROS2 TF aggregation contributor '/World/Nova_Carter_ROS/chassis_link/sensors/rear_RPLidar/ROS_TF/PublisherTF' did not submit transforms for topic '/tf' on flush cycle 7689
2026-09-30T16:56:14Z [150,514ms] [Warning] [isaacsim.ros2.nodes] ROS2 TF aggregation contributor '/World/Nova_Carter_ROS/chassis_link/sensors/back_hawk/ROS_TF/PublisherTF' did not submit transforms for topic '/tf' on flush cycle 7689
2026-09-30T16:56:14Z [150,514ms] [Warning] [isaacsim.ros2.nodes] ROS2 TF aggregation contributor '/World/Nova_Carter_ROS/chassis_link/sensors/left_owl/ROS_TF/PublisherTF' did not submit transforms for topic '/tf' on flush cycle 7689
2026-09-30T16:56:14Z [150,514ms] [Warning] [isaacsim.ros2.nodes] ROS2 TF aggregation contributor '/World/Nova_Carter_ROS/chassis_link/sensors/right_hawk/ROS_TF/PublisherTF' did not submit transforms for topic '/tf' on flush cycle 7689
2026-09-30T16:56:14Z [150,514ms] [Warning] [isaacsim.ros2.nodes] ROS2 TF aggregation contributor '/World/Nova_Carter_ROS/chassis_link/sensors/right_owl/ROS_TF/PublisherTF' did not submit transforms for topic '/tf' on flush cycle 7689
2026-09-30T16:56:14Z [150,514ms] [Warning] [isaacsim.ros2.nodes] ROS2 TF aggregation contributor '/World/Nova_Carter_ROS/chassis_link/sensors/left_hawk/ROS_TF/PublisherTF' did not submit transforms for topic '/tf' on flush cycle 7689
2026-09-30T16:56:14Z [150,514ms] [Warning] [isaacsim.ros2.nodes] ROS2 TF aggregation contributor '/World/Nova_Carter_ROS/chassis_link/sensors/front_owl/ROS_TF/PublisherTF' did not submit transforms for topic '/tf' on flush cycle 7689
2026-09-30T16:56:14Z [150,514ms] [Warning] [isaacsim.ros2.nodes] ROS2 TF aggregation contributor '/World/Nova_Carter_ROS/transform_tree_odometry/ros2_publish_raw_transform_tree' did not submit transforms for topic '/tf' on flush cycle 7689
2026-09-30T16:56:14Z [150,514ms] [Warning] [isaacsim.ros2.nodes] ROS2 TF aggregation contributor '/World/Nova_Carter_ROS/chassis_link/sensors/back_owl/ROS_TF/PublisherTF' did not submit transforms for topic '/tf' on flush cycle 7689
2026-09-30T16:56:14Z [150,514ms] [Warning] [isaacsim.ros2.nodes] ROS2 TF aggregation contributor '/World/Nova_Carter_ROS/transform_tree_odometry/tf_tree_base_link_to_wheel_base' did not submit transforms for topic '/tf' on flush cycle 7689
2026-09-30T16:56:14Z [150,514ms] [Warning] [isaacsim.ros2.nodes] ROS2 TF aggregation contributor '/World/Nova_Carter_ROS/transform_tree_odometry/tf_tree_base_link_to_sensors' did not submit transforms for topic '/tf' on flush cycle 7689
2026-09-30T16:56:14Z [150,514ms] [Warning] [isaacsim.ros2.nodes] ROS2 TF aggregation contributor '/World/Nova_Carter_ROS/transform_tree_odometry/tf_tree_base_link_to_chassis' did not submit transforms for topic '/tf' on flush cycle 7689
2026-09-30T16:56:16Z [152,563ms] [Warning] [isaacsim.ros2.nodes] ROS2 TF aggregation contributor '/World/Nova_Carter_ROS/chassis_link/sensors/XT_32/ROS_TF/PublisherTF' did not submit transforms for topic '/tf' on flush cycle 7809
2026-09-30T16:56:16Z [152,563ms] [Warning] [isaacsim.ros2.nodes] ROS2 TF aggregation contributor '/World/Nova_Carter_ROS/chassis_link/sensors/front_hawk/ROS_TF/PublisherTF' did not submit transforms for topic '/tf' on flush cycle 7809
2026-09-30T16:56:16Z [152,563ms] [Warning] [isaacsim.ros2.nodes] ROS2 TF aggregation contributor '/World/Nova_Carter_ROS/chassis_link/sensors/front_RPLidar/ROS_TF/PublisherTF' did not submit transforms for topic '/tf' on flush cycle 7809
2026-09-30T16:56:16Z [152,563ms] [Warning] [isaacsim.ros2.nodes] ROS2 TF aggregation contributor '/World/Nova_Carter_ROS/chassis_link/sensors/rear_RPLidar/ROS_TF/PublisherTF' did not submit transforms for topic '/tf' on flush cycle 7809
2026-09-30T16:56:16Z [152,563ms] [Warning] [isaacsim.ros2.nodes] ROS2 TF aggregation contributor '/World/Nova_Carter_ROS/chassis_link/sensors/back_hawk/ROS_TF/PublisherTF' did not submit transforms for topic '/tf' on flush cycle 7809
2026-09-30T16:56:16Z [152,563ms] [Warning] [isaacsim.ros2.nodes] ROS2 TF aggregation contributor '/World/Nova_Carter_ROS/chassis_link/sensors/left_owl/ROS_TF/PublisherTF' did not submit transforms for topic '/tf' on flush cycle 7809
2026-09-30T16:56:16Z [152,563ms] [Warning] [isaacsim.ros2.nodes] ROS2 TF aggregation contributor '/World/Nova_Carter_ROS/chassis_link/sensors/right_hawk/ROS_TF/PublisherTF' did not submit transforms for topic '/tf' on flush cycle 7809
2026-09-30T16:56:16Z [152,563ms] [Warning] [isaacsim.ros2.nodes] ROS2 TF aggregation contributor '/World/Nova_Carter_ROS/chassis_link/sensors/right_owl/ROS_TF/PublisherTF' did not submit transforms for topic '/tf' on flush cycle 7809
2026-09-30T16:56:16Z [152,563ms] [Warning] [isaacsim.ros2.nodes] ROS2 TF aggregation contributor '/World/Nova_Carter_ROS/chassis_link/sensors/left_hawk/ROS_TF/PublisherTF' did not submit transforms for topic '/tf' on flush cycle 7809
2026-09-30T16:56:16Z [152,563ms] [Warning] [isaacsim.ros2.nodes] ROS2 TF aggregation contributor '/World/Nova_Carter_ROS/chassis_link/sensors/front_owl/ROS_TF/PublisherTF' did not submit transforms for topic '/tf' on flush cycle 7809
2026-09-30T16:56:16Z [152,563ms] [Warning] [isaacsim.ros2.nodes] ROS2 TF aggregation contributor '/World/Nova_Carter_ROS/transform_tree_odometry/ros2_publish_raw_transform_tree' did not submit transforms for topic '/tf' on flush cycle 7809
2026-09-30T16:56:16Z [152,563ms] [Warning] [isaacsim.ros2.nodes] ROS2 TF aggregation contributor '/World/Nova_Carter_ROS/chassis_link/sensors/back_owl/ROS_TF/PublisherTF' did not submit transforms for topic '/tf' on flush cycle 7809
2026-09-30T16:56:16Z [152,563ms] [Warning] [isaacsim.ros2.nodes] ROS2 TF aggregation contributor '/World/Nova_Carter_ROS/transform_tree_odometry/tf_tree_base_link_to_wheel_base' did not submit transforms for topic '/tf' on flush cycle 7809
2026-09-30T16:56:16Z [152,563ms] [Warning] [isaacsim.ros2.nodes] ROS2 TF aggregation contributor '/World/Nova_Carter_ROS/transform_tree_odometry/tf_tree_base_link_to_sensors' did not submit transforms for topic '/tf' on flush cycle 7809
2026-09-30T16:56:16Z [152,563ms] [Warning] [isaacsim.ros2.nodes] ROS2 TF aggregation contributor '/World/Nova_Carter_ROS/transform_tree_odometry/tf_tree_base_link_to_chassis' did not submit transforms for topic '/tf' on flush cycle 7809
2026-09-30T16:56:18Z [154,616ms] [Warning] [isaacsim.ros2.nodes] ROS2 TF aggregation contributor '/World/Nova_Carter_ROS/chassis_link/sensors/XT_32/ROS_TF/PublisherTF' did not submit transforms for topic '/tf' on flush cycle 7929
2026-09-30T16:56:18Z [154,616ms] [Warning] [isaacsim.ros2.nodes] ROS2 TF aggregation contributor '/World/Nova_Carter_ROS/chassis_link/sensors/front_hawk/ROS_TF/PublisherTF' did not submit transforms for topic '/tf' on flush cycle 7929
2026-09-30T16:56:18Z [154,616ms] [Warning] [isaacsim.ros2.nodes] ROS2 TF aggregation contributor '/World/Nova_Carter_ROS/chassis_link/sensors/front_RPLidar/ROS_TF/PublisherTF' did not submit transforms for topic '/tf' on flush cycle 7929
2026-09-30T16:56:18Z [154,616ms] [Warning] [isaacsim.ros2.nodes] ROS2 TF aggregation contributor '/World/Nova_Carter_ROS/chassis_link/sensors/rear_RPLidar/ROS_TF/PublisherTF' did not submit transforms for topic '/tf' on flush cycle 7929
2026-09-30T16:56:18Z [154,616ms] [Warning] [isaacsim.ros2.nodes] ROS2 TF aggregation contributor '/World/Nova_Carter_ROS/chassis_link/sensors/back_hawk/ROS_TF/PublisherTF' did not submit transforms for topic '/tf' on flush cycle 7929
2026-09-30T16:56:18Z [154,616ms] [Warning] [isaacsim.ros2.nodes] ROS2 TF aggregation contributor '/World/Nova_Carter_ROS/chassis_link/sensors/left_owl/ROS_TF/PublisherTF' did not submit transforms for topic '/tf' on flush cycle 7929
2026-09-30T16:56:18Z [154,616ms] [Warning] [isaacsim.ros2.nodes] ROS2 TF aggregation contributor '/World/Nova_Carter_ROS/chassis_link/sensors/right_hawk/ROS_TF/PublisherTF' did not submit transforms for topic '/tf' on flush cycle 7929
2026-09-30T16:56:18Z [154,616ms] [Warning] [isaacsim.ros2.nodes] ROS2 TF aggregation contributor '/World/Nova_Carter_ROS/chassis_link/sensors/right_owl/ROS_TF/PublisherTF' did not submit transforms for topic '/tf' on flush cycle 7929
2026-09-30T16:56:18Z [154,616ms] [Warning] [isaacsim.ros2.nodes] ROS2 TF aggregation contributor '/World/Nova_Carter_ROS/chassis_link/sensors/left_hawk/ROS_TF/PublisherTF' did not submit transforms for topic '/tf' on flush cycle 7929
2026-09-30T16:56:18Z [154,616ms] [Warning] [isaacsim.ros2.nodes] ROS2 TF aggregation contributor '/World/Nova_Carter_ROS/chassis_link/sensors/front_owl/ROS_TF/PublisherTF' did not submit transforms for topic '/tf' on flush cycle 7929
2026-09-30T16:56:18Z [154,616ms] [Warning] [isaacsim.ros2.nodes] ROS2 TF aggregation contributor '/World/Nova_Carter_ROS/transform_tree_odometry/ros2_publish_raw_transform_tree' did not submit transforms for topic '/tf' on flush cycle 7929
2026-09-30T16:56:18Z [154,616ms] [Warning] [isaacsim.ros2.nodes] ROS2 TF aggregation contributor '/World/Nova_Carter_ROS/chassis_link/sensors/back_owl/ROS_TF/PublisherTF' did not submit transforms for topic '/tf' on flush cycle 7929
2026-09-30T16:56:18Z [154,616ms] [Warning] [isaacsim.ros2.nodes] ROS2 TF aggregation contributor '/World/Nova_Carter_ROS/transform_tree_odometry/tf_tree_base_link_to_wheel_base' did not submit transforms for topic '/tf' on flush cycle 7929
2026-09-30T16:56:18Z [154,616ms] [Warning] [isaacsim.ros2.nodes] ROS2 TF aggregation contributor '/World/Nova_Carter_ROS/transform_tree_odometry/tf_tree_base_link_to_sensors' did not submit transforms for topic '/tf' on flush cycle 7929
2026-09-30T16:56:18Z [154,616ms] [Warning] [isaacsim.ros2.nodes] ROS2 TF aggregation contributor '/World/Nova_Carter_ROS/transform_tree_odometry/tf_tree_base_link_to_chassis' did not submit transforms for topic '/tf' on flush cycle 7929
2026-09-30T16:56:20Z [156,665ms] [Warning] [isaacsim.ros2.nodes] ROS2 TF aggregation contributor '/World/Nova_Carter_ROS/chassis_link/sensors/XT_32/ROS_TF/PublisherTF' did not submit transforms for topic '/tf' on flush cycle 8049
2026-09-30T16:56:20Z [156,665ms] [Warning] [isaacsim.ros2.nodes] ROS2 TF aggregation contributor '/World/Nova_Carter_ROS/chassis_link/sensors/front_hawk/ROS_TF/PublisherTF' did not submit transforms for topic '/tf' on flush cycle 8049
2026-09-30T16:56:20Z [156,665ms] [Warning] [isaacsim.ros2.nodes] ROS2 TF aggregation contributor '/World/Nova_Carter_ROS/chassis_link/sensors/front_RPLidar/ROS_TF/PublisherTF' did not submit transforms for topic '/tf' on flush cycle 8049
2026-09-30T16:56:20Z [156,665ms] [Warning] [isaacsim.ros2.nodes] ROS2 TF aggregation contributor '/World/Nova_Carter_ROS/chassis_link/sensors/rear_RPLidar/ROS_TF/PublisherTF' did not submit transforms for topic '/tf' on flush cycle 8049
2026-09-30T16:56:20Z [156,665ms] [Warning] [isaacsim.ros2.nodes] ROS2 TF aggregation contributor '/World/Nova_Carter_ROS/chassis_link/sensors/back_hawk/ROS_TF/PublisherTF' did not submit transforms for topic '/tf' on flush cycle 8049
2026-09-30T16:56:20Z [156,665ms] [Warning] [isaacsim.ros2.nodes] ROS2 TF aggregation contributor '/World/Nova_Carter_ROS/chassis_link/sensors/left_owl/ROS_TF/PublisherTF' did not submit transforms for topic '/tf' on flush cycle 8049
2026-09-30T16:56:20Z [156,665ms] [Warning] [isaacsim.ros2.nodes] ROS2 TF aggregation contributor '/World/Nova_Carter_ROS/chassis_link/sensors/right_hawk/ROS_TF/PublisherTF' did not submit transforms for topic '/tf' on flush cycle 8049
2026-09-30T16:56:20Z [156,665ms] [Warning] [isaacsim.ros2.nodes] ROS2 TF aggregation contributor '/World/Nova_Carter_ROS/chassis_link/sensors/right_owl/ROS_TF/PublisherTF' did not submit transforms for topic '/tf' on flush cycle 8049
2026-09-30T16:56:20Z [156,665ms] [Warning] [isaacsim.ros2.nodes] ROS2 TF aggregation contributor '/World/Nova_Carter_ROS/chassis_link/sensors/left_hawk/ROS_TF/PublisherTF' did not submit transforms for topic '/tf' on flush cycle 8049
2026-09-30T16:56:20Z [156,665ms] [Warning] [isaacsim.ros2.nodes] ROS2 TF aggregation contributor '/World/Nova_Carter_ROS/chassis_link/sensors/front_owl/ROS_TF/PublisherTF' did not submit transforms for topic '/tf' on flush cycle 8049
2026-09-30T16:56:20Z [156,665ms] [Warning] [isaacsim.ros2.nodes] ROS2 TF aggregation contributor '/World/Nova_Carter_ROS/transform_tree_odometry/ros2_publish_raw_transform_tree' did not submit transforms for topic '/tf' on flush cycle 8049
2026-09-30T16:56:20Z [156,665ms] [Warning] [isaacsim.ros2.nodes] ROS2 TF aggregation contributor '/World/Nova_Carter_ROS/chassis_link/sensors/back_owl/ROS_TF/PublisherTF' did not submit transforms for topic '/tf' on flush cycle 8049
2026-09-30T16:56:20Z [156,665ms] [Warning] [isaacsim.ros2.nodes] ROS2 TF aggregation contributor '/World/Nova_Carter_ROS/transform_tree_odometry/tf_tree_base_link_to_wheel_base' did not submit transforms for topic '/tf' on flush cycle 8049
2026-09-30T16:56:20Z [156,665ms] [Warning] [isaacsim.ros2.nodes] ROS2 TF aggregation contributor '/World/Nova_Carter_ROS/transform_tree_odometry/tf_tree_base_link_to_sensors' did not submit transforms for topic '/tf' on flush cycle 8049
2026-09-30T16:56:20Z [156,665ms] [Warning] [isaacsim.ros2.nodes] ROS2 TF aggregation contributor '/World/Nova_Carter_ROS/transform_tree_odometry/tf_tree_base_link_to_chassis' did not submit transforms for topic '/tf' on flush cycle 8049
2026-09-30T16:56:26Z [163,003ms] [Warning] [omni.graph.core.plugin] /World/Nova_Carter_ROS/differential_drive/differential_controller_01: [/World/Nova_Carter_ROS/differential_drive] Invalid deltaTime 0.000000, cannot check for acceleration limits, skipping current step
2026-09-30T16:56:30Z [166,624ms] [Warning] [isaacsim.ros2.nodes] ROS2 TF aggregation contributor '/World/Nova_Carter_ROS/chassis_link/sensors/XT_32/ROS_TF/PublisherTF' did not submit transforms for topic '/tf' on flush cycle 8599
2026-09-30T16:56:30Z [166,624ms] [Warning] [isaacsim.ros2.nodes] ROS2 TF aggregation contributor '/World/Nova_Carter_ROS/chassis_link/sensors/front_hawk/ROS_TF/PublisherTF' did not submit transforms for topic '/tf' on flush cycle 8599
2026-09-30T16:56:30Z [166,624ms] [Warning] [isaacsim.ros2.nodes] ROS2 TF aggregation contributor '/World/Nova_Carter_ROS/chassis_link/sensors/front_RPLidar/ROS_TF/PublisherTF' did not submit transforms for topic '/tf' on flush cycle 8599
2026-09-30T16:56:30Z [166,624ms] [Warning] [isaacsim.ros2.nodes] ROS2 TF aggregation contributor '/World/Nova_Carter_ROS/chassis_link/sensors/rear_RPLidar/ROS_TF/PublisherTF' did not submit transforms for topic '/tf' on flush cycle 8599
2026-09-30T16:56:30Z [166,624ms] [Warning] [isaacsim.ros2.nodes] ROS2 TF aggregation contributor '/World/Nova_Carter_ROS/chassis_link/sensors/back_hawk/ROS_TF/PublisherTF' did not submit transforms for topic '/tf' on flush cycle 8599
2026-09-30T16:56:30Z [166,624ms] [Warning] [isaacsim.ros2.nodes] ROS2 TF aggregation contributor '/World/Nova_Carter_ROS/chassis_link/sensors/left_owl/ROS_TF/PublisherTF' did not submit transforms for topic '/tf' on flush cycle 8599
2026-09-30T16:56:30Z [166,624ms] [Warning] [isaacsim.ros2.nodes] ROS2 TF aggregation contributor '/World/Nova_Carter_ROS/chassis_link/sensors/right_hawk/ROS_TF/PublisherTF' did not submit transforms for topic '/tf' on flush cycle 8599
2026-09-30T16:56:30Z [166,624ms] [Warning] [isaacsim.ros2.nodes] ROS2 TF aggregation contributor '/World/Nova_Carter_ROS/chassis_link/sensors/right_owl/ROS_TF/PublisherTF' did not submit transforms for topic '/tf' on flush cycle 8599
2026-09-30T16:56:30Z [166,624ms] [Warning] [isaacsim.ros2.nodes] ROS2 TF aggregation contributor '/World/Nova_Carter_ROS/chassis_link/sensors/left_hawk/ROS_TF/PublisherTF' did not submit transforms for topic '/tf' on flush cycle 8599
2026-09-30T16:56:30Z [166,624ms] [Warning] [isaacsim.ros2.nodes] ROS2 TF aggregation contributor '/World/Nova_Carter_ROS/chassis_link/sensors/front_owl/ROS_TF/PublisherTF' did not submit transforms for topic '/tf' on flush cycle 8599
2026-09-30T16:56:30Z [166,624ms] [Warning] [isaacsim.ros2.nodes] ROS2 TF aggregation contributor '/World/Nova_Carter_ROS/transform_tree_odometry/ros2_publish_raw_transform_tree' did not submit transforms for topic '/tf' on flush cycle 8599
2026-09-30T16:56:30Z [166,624ms] [Warning] [isaacsim.ros2.nodes] ROS2 TF aggregation contributor '/World/Nova_Carter_ROS/chassis_link/sensors/back_owl/ROS_TF/PublisherTF' did not submit transforms for topic '/tf' on flush cycle 8599
2026-09-30T16:56:30Z [166,624ms] [Warning] [isaacsim.ros2.nodes] ROS2 TF aggregation contributor '/World/Nova_Carter_ROS/transform_tree_odometry/tf_tree_base_link_to_wheel_base' did not submit transforms for topic '/tf' on flush cycle 8599
2026-09-30T16:56:30Z [166,624ms] [Warning] [isaacsim.ros2.nodes] ROS2 TF aggregation contributor '/World/Nova_Carter_ROS/transform_tree_odometry/tf_tree_base_link_to_sensors' did not submit transforms for topic '/tf' on flush cycle 8599
2026-09-30T16:56:30Z [166,624ms] [Warning] [isaacsim.ros2.nodes] ROS2 TF aggregation contributor '/World/Nova_Carter_ROS/transform_tree_odometry/tf_tree_base_link_to_chassis' did not submit transforms for topic '/tf' on flush cycle 8599
2026-09-30T16:56:32Z [168,662ms] [Warning] [isaacsim.ros2.nodes] ROS2 TF aggregation contributor '/World/Nova_Carter_ROS/chassis_link/sensors/XT_32/ROS_TF/PublisherTF' did not submit transforms for topic '/tf' on flush cycle 8719
2026-09-30T16:56:32Z [168,662ms] [Warning] [isaacsim.ros2.nodes] ROS2 TF aggregation contributor '/World/Nova_Carter_ROS/chassis_link/sensors/front_hawk/ROS_TF/PublisherTF' did not submit transforms for topic '/tf' on flush cycle 8719
2026-09-30T16:56:32Z [168,662ms] [Warning] [isaacsim.ros2.nodes] ROS2 TF aggregation contributor '/World/Nova_Carter_ROS/chassis_link/sensors/front_RPLidar/ROS_TF/PublisherTF' did not submit transforms for topic '/tf' on flush cycle 8719
2026-09-30T16:56:32Z [168,662ms] [Warning] [isaacsim.ros2.nodes] ROS2 TF aggregation contributor '/World/Nova_Carter_ROS/chassis_link/sensors/rear_RPLidar/ROS_TF/PublisherTF' did not submit transforms for topic '/tf' on flush cycle 8719
2026-09-30T16:56:32Z [168,662ms] [Warning] [isaacsim.ros2.nodes] ROS2 TF aggregation contributor '/World/Nova_Carter_ROS/chassis_link/sensors/back_hawk/ROS_TF/PublisherTF' did not submit transforms for topic '/tf' on flush cycle 8719
2026-09-30T16:56:32Z [168,662ms] [Warning] [isaacsim.ros2.nodes] ROS2 TF aggregation contributor '/World/Nova_Carter_ROS/chassis_link/sensors/left_owl/ROS_TF/PublisherTF' did not submit transforms for topic '/tf' on flush cycle 8719
2026-09-30T16:56:32Z [168,662ms] [Warning] [isaacsim.ros2.nodes] ROS2 TF aggregation contributor '/World/Nova_Carter_ROS/chassis_link/sensors/right_hawk/ROS_TF/PublisherTF' did not submit transforms for topic '/tf' on flush cycle 8719
2026-09-30T16:56:32Z [168,662ms] [Warning] [isaacsim.ros2.nodes] ROS2 TF aggregation contributor '/World/Nova_Carter_ROS/chassis_link/sensors/right_owl/ROS_TF/PublisherTF' did not submit transforms for topic '/tf' on flush cycle 8719
2026-09-30T16:56:32Z [168,662ms] [Warning] [isaacsim.ros2.nodes] ROS2 TF aggregation contributor '/World/Nova_Carter_ROS/chassis_link/sensors/left_hawk/ROS_TF/PublisherTF' did not submit transforms for topic '/tf' on flush cycle 8719
2026-09-30T16:56:32Z [168,662ms] [Warning] [isaacsim.ros2.nodes] ROS2 TF aggregation contributor '/World/Nova_Carter_ROS/chassis_link/sensors/front_owl/ROS_TF/PublisherTF' did not submit transforms for topic '/tf' on flush cycle 8719
2026-09-30T16:56:32Z [168,662ms] [Warning] [isaacsim.ros2.nodes] ROS2 TF aggregation contributor '/World/Nova_Carter_ROS/transform_tree_odometry/ros2_publish_raw_transform_tree' did not submit transforms for topic '/tf' on flush cycle 8719
2026-09-30T16:56:32Z [168,662ms] [Warning] [isaacsim.ros2.nodes] ROS2 TF aggregation contributor '/World/Nova_Carter_ROS/chassis_link/sensors/back_owl/ROS_TF/PublisherTF' did not submit transforms for topic '/tf' on flush cycle 8719
2026-09-30T16:56:32Z [168,662ms] [Warning] [isaacsim.ros2.nodes] ROS2 TF aggregation contributor '/World/Nova_Carter_ROS/transform_tree_odometry/tf_tree_base_link_to_wheel_base' did not submit transforms for topic '/tf' on flush cycle 8719
2026-09-30T16:56:32Z [168,662ms] [Warning] [isaacsim.ros2.nodes] ROS2 TF aggregation contributor '/World/Nova_Carter_ROS/transform_tree_odometry/tf_tree_base_link_to_sensors' did not submit transforms for topic '/tf' on flush cycle 8719
2026-09-30T16:56:32Z [168,662ms] [Warning] [isaacsim.ros2.nodes] ROS2 TF aggregation contributor '/World/Nova_Carter_ROS/transform_tree_odometry/tf_tree_base_link_to_chassis' did not submit transforms for topic '/tf' on flush cycle 8719
2026-09-30T16:56:34Z [170,712ms] [Warning] [isaacsim.ros2.nodes] ROS2 TF aggregation contributor '/World/Nova_Carter_ROS/chassis_link/sensors/XT_32/ROS_TF/PublisherTF' did not submit transforms for topic '/tf' on flush cycle 8839
2026-09-30T16:56:34Z [170,712ms] [Warning] [isaacsim.ros2.nodes] ROS2 TF aggregation contributor '/World/Nova_Carter_ROS/chassis_link/sensors/front_hawk/ROS_TF/PublisherTF' did not submit transforms for topic '/tf' on flush cycle 8839
2026-09-30T16:56:34Z [170,712ms] [Warning] [isaacsim.ros2.nodes] ROS2 TF aggregation contributor '/World/Nova_Carter_ROS/chassis_link/sensors/front_RPLidar/ROS_TF/PublisherTF' did not submit transforms for topic '/tf' on flush cycle 8839
2026-09-30T16:56:34Z [170,712ms] [Warning] [isaacsim.ros2.nodes] ROS2 TF aggregation contributor '/World/Nova_Carter_ROS/chassis_link/sensors/rear_RPLidar/ROS_TF/PublisherTF' did not submit transforms for topic '/tf' on flush cycle 8839
2026-09-30T16:56:34Z [170,712ms] [Warning] [isaacsim.ros2.nodes] ROS2 TF aggregation contributor '/World/Nova_Carter_ROS/chassis_link/sensors/back_hawk/ROS_TF/PublisherTF' did not submit transforms for topic '/tf' on flush cycle 8839
2026-09-30T16:56:34Z [170,712ms] [Warning] [isaacsim.ros2.nodes] ROS2 TF aggregation contributor '/World/Nova_Carter_ROS/chassis_link/sensors/left_owl/ROS_TF/PublisherTF' did not submit transforms for topic '/tf' on flush cycle 8839
2026-09-30T16:56:34Z [170,712ms] [Warning] [isaacsim.ros2.nodes] ROS2 TF aggregation contributor '/World/Nova_Carter_ROS/chassis_link/sensors/right_hawk/ROS_TF/PublisherTF' did not submit transforms for topic '/tf' on flush cycle 8839
2026-09-30T16:56:34Z [170,712ms] [Warning] [isaacsim.ros2.nodes] ROS2 TF aggregation contributor '/World/Nova_Carter_ROS/chassis_link/sensors/right_owl/ROS_TF/PublisherTF' did not submit transforms for topic '/tf' on flush cycle 8839
2026-09-30T16:56:34Z [170,712ms] [Warning] [isaacsim.ros2.nodes] ROS2 TF aggregation contributor '/World/Nova_Carter_ROS/chassis_link/sensors/left_hawk/ROS_TF/PublisherTF' did not submit transforms for topic '/tf' on flush cycle 8839
2026-09-30T16:56:34Z [170,712ms] [Warning] [isaacsim.ros2.nodes] ROS2 TF aggregation contributor '/World/Nova_Carter_ROS/chassis_link/sensors/front_owl/ROS_TF/PublisherTF' did not submit transforms for topic '/tf' on flush cycle 8839
2026-09-30T16:56:34Z [170,712ms] [Warning] [isaacsim.ros2.nodes] ROS2 TF aggregation contributor '/World/Nova_Carter_ROS/transform_tree_odometry/ros2_publish_raw_transform_tree' did not submit transforms for topic '/tf' on flush cycle 8839
2026-09-30T16:56:34Z [170,712ms] [Warning] [isaacsim.ros2.nodes] ROS2 TF aggregation contributor '/World/Nova_Carter_ROS/chassis_link/sensors/back_owl/ROS_TF/PublisherTF' did not submit transforms for topic '/tf' on flush cycle 8839
2026-09-30T16:56:34Z [170,712ms] [Warning] [isaacsim.ros2.nodes] ROS2 TF aggregation contributor '/World/Nova_Carter_ROS/transform_tree_odometry/tf_tree_base_link_to_wheel_base' did not submit transforms for topic '/tf' on flush cycle 8839
2026-09-30T16:56:34Z [170,712ms] [Warning] [isaacsim.ros2.nodes] ROS2 TF aggregation contributor '/World/Nova_Carter_ROS/transform_tree_odometry/tf_tree_base_link_to_sensors' did not submit transforms for topic '/tf' on flush cycle 8839
2026-09-30T16:56:34Z [170,712ms] [Warning] [isaacsim.ros2.nodes] ROS2 TF aggregation contributor '/World/Nova_Carter_ROS/transform_tree_odometry/tf_tree_base_link_to_chassis' did not submit transforms for topic '/tf' on flush cycle 8839
2026-09-30T16:56:36Z [172,761ms] [Warning] [isaacsim.ros2.nodes] ROS2 TF aggregation contributor '/World/Nova_Carter_ROS/chassis_link/sensors/XT_32/ROS_TF/PublisherTF' did not submit transforms for topic '/tf' on flush cycle 8959
2026-09-30T16:56:36Z [172,761ms] [Warning] [isaacsim.ros2.nodes] ROS2 TF aggregation contributor '/World/Nova_Carter_ROS/chassis_link/sensors/front_hawk/ROS_TF/PublisherTF' did not submit transforms for topic '/tf' on flush cycle 8959
2026-09-30T16:56:36Z [172,761ms] [Warning] [isaacsim.ros2.nodes] ROS2 TF aggregation contributor '/World/Nova_Carter_ROS/chassis_link/sensors/front_RPLidar/ROS_TF/PublisherTF' did not submit transforms for topic '/tf' on flush cycle 8959
2026-09-30T16:56:36Z [172,761ms] [Warning] [isaacsim.ros2.nodes] ROS2 TF aggregation contributor '/World/Nova_Carter_ROS/chassis_link/sensors/rear_RPLidar/ROS_TF/PublisherTF' did not submit transforms for topic '/tf' on flush cycle 8959
2026-09-30T16:56:36Z [172,761ms] [Warning] [isaacsim.ros2.nodes] ROS2 TF aggregation contributor '/World/Nova_Carter_ROS/chassis_link/sensors/back_hawk/ROS_TF/PublisherTF' did not submit transforms for topic '/tf' on flush cycle 8959
2026-09-30T16:56:36Z [172,761ms] [Warning] [isaacsim.ros2.nodes] ROS2 TF aggregation contributor '/World/Nova_Carter_ROS/chassis_link/sensors/left_owl/ROS_TF/PublisherTF' did not submit transforms for topic '/tf' on flush cycle 8959
2026-09-30T16:56:36Z [172,761ms] [Warning] [isaacsim.ros2.nodes] ROS2 TF aggregation contributor '/World/Nova_Carter_ROS/chassis_link/sensors/right_hawk/ROS_TF/PublisherTF' did not submit transforms for topic '/tf' on flush cycle 8959
2026-09-30T16:56:36Z [172,761ms] [Warning] [isaacsim.ros2.nodes] ROS2 TF aggregation contributor '/World/Nova_Carter_ROS/chassis_link/sensors/right_owl/ROS_TF/PublisherTF' did not submit transforms for topic '/tf' on flush cycle 8959
2026-09-30T16:56:36Z [172,761ms] [Warning] [isaacsim.ros2.nodes] ROS2 TF aggregation contributor '/World/Nova_Carter_ROS/chassis_link/sensors/left_hawk/ROS_TF/PublisherTF' did not submit transforms for topic '/tf' on flush cycle 8959
2026-09-30T16:56:36Z [172,761ms] [Warning] [isaacsim.ros2.nodes] ROS2 TF aggregation contributor '/World/Nova_Carter_ROS/chassis_link/sensors/front_owl/ROS_TF/PublisherTF' did not submit transforms for topic '/tf' on flush cycle 8959
2026-09-30T16:56:36Z [172,761ms] [Warning] [isaacsim.ros2.nodes] ROS2 TF aggregation contributor '/World/Nova_Carter_ROS/transform_tree_odometry/ros2_publish_raw_transform_tree' did not submit transforms for topic '/tf' on flush cycle 8959
2026-09-30T16:56:36Z [172,761ms] [Warning] [isaacsim.ros2.nodes] ROS2 TF aggregation contributor '/World/Nova_Carter_ROS/chassis_link/sensors/back_owl/ROS_TF/PublisherTF' did not submit transforms for topic '/tf' on flush cycle 8959
2026-09-30T16:56:36Z [172,761ms] [Warning] [isaacsim.ros2.nodes] ROS2 TF aggregation contributor '/World/Nova_Carter_ROS/transform_tree_odometry/tf_tree_base_link_to_wheel_base' did not submit transforms for topic '/tf' on flush cycle 8959
2026-09-30T16:56:36Z [172,761ms] [Warning] [isaacsim.ros2.nodes] ROS2 TF aggregation contributor '/World/Nova_Carter_ROS/transform_tree_odometry/tf_tree_base_link_to_sensors' did not submit transforms for topic '/tf' on flush cycle 8959
2026-09-30T16:56:36Z [172,761ms] [Warning] [isaacsim.ros2.nodes] ROS2 TF aggregation contributor '/World/Nova_Carter_ROS/transform_tree_odometry/tf_tree_base_link_to_chassis' did not submit transforms for topic '/tf' on flush cycle 8959
2026-09-30T16:56:38Z [174,809ms] [Warning] [isaacsim.ros2.nodes] ROS2 TF aggregation contributor '/World/Nova_Carter_ROS/chassis_link/sensors/XT_32/ROS_TF/PublisherTF' did not submit transforms for topic '/tf' on flush cycle 9079
2026-09-30T16:56:38Z [174,809ms] [Warning] [isaacsim.ros2.nodes] ROS2 TF aggregation contributor '/World/Nova_Carter_ROS/chassis_link/sensors/front_hawk/ROS_TF/PublisherTF' did not submit transforms for topic '/tf' on flush cycle 9079
2026-09-30T16:56:38Z [174,809ms] [Warning] [isaacsim.ros2.nodes] ROS2 TF aggregation contributor '/World/Nova_Carter_ROS/chassis_link/sensors/front_RPLidar/ROS_TF/PublisherTF' did not submit transforms for topic '/tf' on flush cycle 9079
2026-09-30T16:56:38Z [174,809ms] [Warning] [isaacsim.ros2.nodes] ROS2 TF aggregation contributor '/World/Nova_Carter_ROS/chassis_link/sensors/rear_RPLidar/ROS_TF/PublisherTF' did not submit transforms for topic '/tf' on flush cycle 9079
2026-09-30T16:56:38Z [174,809ms] [Warning] [isaacsim.ros2.nodes] ROS2 TF aggregation contributor '/World/Nova_Carter_ROS/chassis_link/sensors/back_hawk/ROS_TF/PublisherTF' did not submit transforms for topic '/tf' on flush cycle 9079
2026-09-30T16:56:38Z [174,809ms] [Warning] [isaacsim.ros2.nodes] ROS2 TF aggregation contributor '/World/Nova_Carter_ROS/chassis_link/sensors/left_owl/ROS_TF/PublisherTF' did not submit transforms for topic '/tf' on flush cycle 9079
2026-09-30T16:56:38Z [174,809ms] [Warning] [isaacsim.ros2.nodes] ROS2 TF aggregation contributor '/World/Nova_Carter_ROS/chassis_link/sensors/right_hawk/ROS_TF/PublisherTF' did not submit transforms for topic '/tf' on flush cycle 9079
2026-09-30T16:56:38Z [174,809ms] [Warning] [isaacsim.ros2.nodes] ROS2 TF aggregation contributor '/World/Nova_Carter_ROS/chassis_link/sensors/right_owl/ROS_TF/PublisherTF' did not submit transforms for topic '/tf' on flush cycle 9079
2026-09-30T16:56:38Z [174,809ms] [Warning] [isaacsim.ros2.nodes] ROS2 TF aggregation contributor '/World/Nova_Carter_ROS/chassis_link/sensors/left_hawk/ROS_TF/PublisherTF' did not submit transforms for topic '/tf' on flush cycle 9079
2026-09-30T16:56:38Z [174,809ms] [Warning] [isaacsim.ros2.nodes] ROS2 TF aggregation contributor '/World/Nova_Carter_ROS/chassis_link/sensors/front_owl/ROS_TF/PublisherTF' did not submit transforms for topic '/tf' on flush cycle 9079
2026-09-30T16:56:38Z [174,809ms] [Warning] [isaacsim.ros2.nodes] ROS2 TF aggregation contributor '/World/Nova_Carter_ROS/transform_tree_odometry/ros2_publish_raw_transform_tree' did not submit transforms for topic '/tf' on flush cycle 9079
2026-09-30T16:56:38Z [174,809ms] [Warning] [isaacsim.ros2.nodes] ROS2 TF aggregation contributor '/World/Nova_Carter_ROS/chassis_link/sensors/back_owl/ROS_TF/PublisherTF' did not submit transforms for topic '/tf' on flush cycle 9079
2026-09-30T16:56:38Z [174,809ms] [Warning] [isaacsim.ros2.nodes] ROS2 TF aggregation contributor '/World/Nova_Carter_ROS/transform_tree_odometry/tf_tree_base_link_to_wheel_base' did not submit transforms for topic '/tf' on flush cycle 9079
2026-09-30T16:56:38Z [174,809ms] [Warning] [isaacsim.ros2.nodes] ROS2 TF aggregation contributor '/World/Nova_Carter_ROS/transform_tree_odometry/tf_tree_base_link_to_sensors' did not submit transforms for topic '/tf' on flush cycle 9079
2026-09-30T16:56:38Z [174,809ms] [Warning] [isaacsim.ros2.nodes] ROS2 TF aggregation contributor '/World/Nova_Carter_ROS/transform_tree_odometry/tf_tree_base_link_to_chassis' did not submit transforms for topic '/tf' on flush cycle 9079
2026-09-30T16:56:40Z [176,904ms] [Warning] [isaacsim.ros2.nodes] ROS2 TF aggregation contributor '/World/Nova_Carter_ROS/chassis_link/sensors/XT_32/ROS_TF/PublisherTF' did not submit transforms for topic '/tf' on flush cycle 9199
2026-09-30T16:56:40Z [176,904ms] [Warning] [isaacsim.ros2.nodes] ROS2 TF aggregation contributor '/World/Nova_Carter_ROS/chassis_link/sensors/front_hawk/ROS_TF/PublisherTF' did not submit transforms for topic '/tf' on flush cycle 9199
2026-09-30T16:56:40Z [176,904ms] [Warning] [isaacsim.ros2.nodes] ROS2 TF aggregation contributor '/World/Nova_Carter_ROS/chassis_link/sensors/front_RPLidar/ROS_TF/PublisherTF' did not submit transforms for topic '/tf' on flush cycle 9199
2026-09-30T16:56:40Z [176,904ms] [Warning] [isaacsim.ros2.nodes] ROS2 TF aggregation contributor '/World/Nova_Carter_ROS/chassis_link/sensors/rear_RPLidar/ROS_TF/PublisherTF' did not submit transforms for topic '/tf' on flush cycle 9199
2026-09-30T16:56:40Z [176,904ms] [Warning] [isaacsim.ros2.nodes] ROS2 TF aggregation contributor '/World/Nova_Carter_ROS/chassis_link/sensors/back_hawk/ROS_TF/PublisherTF' did not submit transforms for topic '/tf' on flush cycle 9199
2026-09-30T16:56:40Z [176,904ms] [Warning] [isaacsim.ros2.nodes] ROS2 TF aggregation contributor '/World/Nova_Carter_ROS/chassis_link/sensors/left_owl/ROS_TF/PublisherTF' did not submit transforms for topic '/tf' on flush cycle 9199
2026-09-30T16:56:40Z [176,904ms] [Warning] [isaacsim.ros2.nodes] ROS2 TF aggregation contributor '/World/Nova_Carter_ROS/chassis_link/sensors/right_hawk/ROS_TF/PublisherTF' did not submit transforms for topic '/tf' on flush cycle 9199
2026-09-30T16:56:40Z [176,904ms] [Warning] [isaacsim.ros2.nodes] ROS2 TF aggregation contributor '/World/Nova_Carter_ROS/chassis_link/sensors/right_owl/ROS_TF/PublisherTF' did not submit transforms for topic '/tf' on flush cycle 9199
2026-09-30T16:56:40Z [176,904ms] [Warning] [isaacsim.ros2.nodes] ROS2 TF aggregation contributor '/World/Nova_Carter_ROS/chassis_link/sensors/left_hawk/ROS_TF/PublisherTF' did not submit transforms for topic '/tf' on flush cycle 9199
2026-09-30T16:56:40Z [176,904ms] [Warning] [isaacsim.ros2.nodes] ROS2 TF aggregation contributor '/World/Nova_Carter_ROS/chassis_link/sensors/front_owl/ROS_TF/PublisherTF' did not submit transforms for topic '/tf' on flush cycle 9199
2026-09-30T16:56:40Z [176,904ms] [Warning] [isaacsim.ros2.nodes] ROS2 TF aggregation contributor '/World/Nova_Carter_ROS/transform_tree_odometry/ros2_publish_raw_transform_tree' did not submit transforms for topic '/tf' on flush cycle 9199
2026-09-30T16:56:40Z [176,904ms] [Warning] [isaacsim.ros2.nodes] ROS2 TF aggregation contributor '/World/Nova_Carter_ROS/chassis_link/sensors/back_owl/ROS_TF/PublisherTF' did not submit transforms for topic '/tf' on flush cycle 9199
2026-09-30T16:56:40Z [176,904ms] [Warning] [isaacsim.ros2.nodes] ROS2 TF aggregation contributor '/World/Nova_Carter_ROS/transform_tree_odometry/tf_tree_base_link_to_wheel_base' did not submit transforms for topic '/tf' on flush cycle 9199
2026-09-30T16:56:40Z [176,904ms] [Warning] [isaacsim.ros2.nodes] ROS2 TF aggregation contributor '/World/Nova_Carter_ROS/transform_tree_odometry/tf_tree_base_link_to_sensors' did not submit transforms for topic '/tf' on flush cycle 9199
2026-09-30T16:56:40Z [176,904ms] [Warning] [isaacsim.ros2.nodes] ROS2 TF aggregation contributor '/World/Nova_Carter_ROS/transform_tree_odometry/tf_tree_base_link_to_chassis' did not submit transforms for topic '/tf' on flush cycle 9199
2026-09-30T16:56:42Z [179,045ms] [Warning] [isaacsim.ros2.nodes] ROS2 TF aggregation contributor '/World/Nova_Carter_ROS/chassis_link/sensors/XT_32/ROS_TF/PublisherTF' did not submit transforms for topic '/tf' on flush cycle 9319
2026-09-30T16:56:42Z [179,045ms] [Warning] [isaacsim.ros2.nodes] ROS2 TF aggregation contributor '/World/Nova_Carter_ROS/chassis_link/sensors/front_hawk/ROS_TF/PublisherTF' did not submit transforms for topic '/tf' on flush cycle 9319
2026-09-30T16:56:42Z [179,045ms] [Warning] [isaacsim.ros2.nodes] ROS2 TF aggregation contributor '/World/Nova_Carter_ROS/chassis_link/sensors/front_RPLidar/ROS_TF/PublisherTF' did not submit transforms for topic '/tf' on flush cycle 9319
2026-09-30T16:56:42Z [179,045ms] [Warning] [isaacsim.ros2.nodes] ROS2 TF aggregation contributor '/World/Nova_Carter_ROS/chassis_link/sensors/rear_RPLidar/ROS_TF/PublisherTF' did not submit transforms for topic '/tf' on flush cycle 9319
2026-09-30T16:56:42Z [179,045ms] [Warning] [isaacsim.ros2.nodes] ROS2 TF aggregation contributor '/World/Nova_Carter_ROS/chassis_link/sensors/back_hawk/ROS_TF/PublisherTF' did not submit transforms for topic '/tf' on flush cycle 9319
2026-09-30T16:56:42Z [179,045ms] [Warning] [isaacsim.ros2.nodes] ROS2 TF aggregation contributor '/World/Nova_Carter_ROS/chassis_link/sensors/left_owl/ROS_TF/PublisherTF' did not submit transforms for topic '/tf' on flush cycle 9319
2026-09-30T16:56:42Z [179,045ms] [Warning] [isaacsim.ros2.nodes] ROS2 TF aggregation contributor '/World/Nova_Carter_ROS/chassis_link/sensors/right_hawk/ROS_TF/PublisherTF' did not submit transforms for topic '/tf' on flush cycle 9319
2026-09-30T16:56:42Z [179,045ms] [Warning] [isaacsim.ros2.nodes] ROS2 TF aggregation contributor '/World/Nova_Carter_ROS/chassis_link/sensors/right_owl/ROS_TF/PublisherTF' did not submit transforms for topic '/tf' on flush cycle 9319
2026-09-30T16:56:42Z [179,045ms] [Warning] [isaacsim.ros2.nodes] ROS2 TF aggregation contributor '/World/Nova_Carter_ROS/chassis_link/sensors/left_hawk/ROS_TF/PublisherTF' did not submit transforms for topic '/tf' on flush cycle 9319
2026-09-30T16:56:42Z [179,045ms] [Warning] [isaacsim.ros2.nodes] ROS2 TF aggregation contributor '/World/Nova_Carter_ROS/chassis_link/sensors/front_owl/ROS_TF/PublisherTF' did not submit transforms for topic '/tf' on flush cycle 9319
2026-09-30T16:56:42Z [179,045ms] [Warning] [isaacsim.ros2.nodes] ROS2 TF aggregation contributor '/World/Nova_Carter_ROS/transform_tree_odometry/ros2_publish_raw_transform_tree' did not submit transforms for topic '/tf' on flush cycle 9319
2026-09-30T16:56:42Z [179,045ms] [Warning] [isaacsim.ros2.nodes] ROS2 TF aggregation contributor '/World/Nova_Carter_ROS/chassis_link/sensors/back_owl/ROS_TF/PublisherTF' did not submit transforms for topic '/tf' on flush cycle 9319
2026-09-30T16:56:42Z [179,045ms] [Warning] [isaacsim.ros2.nodes] ROS2 TF aggregation contributor '/World/Nova_Carter_ROS/transform_tree_odometry/tf_tree_base_link_to_wheel_base' did not submit transforms for topic '/tf' on flush cycle 9319
2026-09-30T16:56:42Z [179,045ms] [Warning] [isaacsim.ros2.nodes] ROS2 TF aggregation contributor '/World/Nova_Carter_ROS/transform_tree_odometry/tf_tree_base_link_to_sensors' did not submit transforms for topic '/tf' on flush cycle 9319
2026-09-30T16:56:42Z [179,045ms] [Warning] [isaacsim.ros2.nodes] ROS2 TF aggregation contributor '/World/Nova_Carter_ROS/transform_tree_odometry/tf_tree_base_link_to_chassis' did not submit transforms for topic '/tf' on flush cycle 9319
2026-09-30T16:56:52Z [188,942ms] [Warning] [isaacsim.ros2.nodes] ROS2 TF aggregation contributor '/World/Nova_Carter_ROS/chassis_link/sensors/XT_32/ROS_TF/PublisherTF' did not submit transforms for topic '/tf' on flush cycle 9877
2026-09-30T16:56:52Z [188,942ms] [Warning] [isaacsim.ros2.nodes] ROS2 TF aggregation contributor '/World/Nova_Carter_ROS/chassis_link/sensors/front_hawk/ROS_TF/PublisherTF' did not submit transforms for topic '/tf' on flush cycle 9877
2026-09-30T16:56:52Z [188,942ms] [Warning] [isaacsim.ros2.nodes] ROS2 TF aggregation contributor '/World/Nova_Carter_ROS/chassis_link/sensors/front_RPLidar/ROS_TF/PublisherTF' did not submit transforms for topic '/tf' on flush cycle 9877
2026-09-30T16:56:52Z [188,942ms] [Warning] [isaacsim.ros2.nodes] ROS2 TF aggregation contributor '/World/Nova_Carter_ROS/chassis_link/sensors/rear_RPLidar/ROS_TF/PublisherTF' did not submit transforms for topic '/tf' on flush cycle 9877
2026-09-30T16:56:52Z [188,942ms] [Warning] [isaacsim.ros2.nodes] ROS2 TF aggregation contributor '/World/Nova_Carter_ROS/chassis_link/sensors/back_hawk/ROS_TF/PublisherTF' did not submit transforms for topic '/tf' on flush cycle 9877
2026-09-30T16:56:52Z [188,942ms] [Warning] [isaacsim.ros2.nodes] ROS2 TF aggregation contributor '/World/Nova_Carter_ROS/chassis_link/sensors/left_owl/ROS_TF/PublisherTF' did not submit transforms for topic '/tf' on flush cycle 9877
2026-09-30T16:56:52Z [188,942ms] [Warning] [isaacsim.ros2.nodes] ROS2 TF aggregation contributor '/World/Nova_Carter_ROS/chassis_link/sensors/right_hawk/ROS_TF/PublisherTF' did not submit transforms for topic '/tf' on flush cycle 9877
2026-09-30T16:56:52Z [188,942ms] [Warning] [isaacsim.ros2.nodes] ROS2 TF aggregation contributor '/World/Nova_Carter_ROS/chassis_link/sensors/right_owl/ROS_TF/PublisherTF' did not submit transforms for topic '/tf' on flush cycle 9877
2026-09-30T16:56:52Z [188,942ms] [Warning] [isaacsim.ros2.nodes] ROS2 TF aggregation contributor '/World/Nova_Carter_ROS/chassis_link/sensors/left_hawk/ROS_TF/PublisherTF' did not submit transforms for topic '/tf' on flush cycle 9877
2026-09-30T16:56:52Z [188,942ms] [Warning] [isaacsim.ros2.nodes] ROS2 TF aggregation contributor '/World/Nova_Carter_ROS/chassis_link/sensors/front_owl/ROS_TF/PublisherTF' did not submit transforms for topic '/tf' on flush cycle 9877
2026-09-30T16:56:52Z [188,942ms] [Warning] [isaacsim.ros2.nodes] ROS2 TF aggregation contributor '/World/Nova_Carter_ROS/transform_tree_odometry/ros2_publish_raw_transform_tree' did not submit transforms for topic '/tf' on flush cycle 9877
2026-09-30T16:56:52Z [188,942ms] [Warning] [isaacsim.ros2.nodes] ROS2 TF aggregation contributor '/World/Nova_Carter_ROS/chassis_link/sensors/back_owl/ROS_TF/PublisherTF' did not submit transforms for topic '/tf' on flush cycle 9877
2026-09-30T16:56:52Z [188,942ms] [Warning] [isaacsim.ros2.nodes] ROS2 TF aggregation contributor '/World/Nova_Carter_ROS/transform_tree_odometry/tf_tree_base_link_to_wheel_base' did not submit transforms for topic '/tf' on flush cycle 9877
2026-09-30T16:56:52Z [188,942ms] [Warning] [isaacsim.ros2.nodes] ROS2 TF aggregation contributor '/World/Nova_Carter_ROS/transform_tree_odometry/tf_tree_base_link_to_sensors' did not submit transforms for topic '/tf' on flush cycle 9877
2026-09-30T16:56:52Z [188,942ms] [Warning] [isaacsim.ros2.nodes] ROS2 TF aggregation contributor '/World/Nova_Carter_ROS/transform_tree_odometry/tf_tree_base_link_to_chassis' did not submit transforms for topic '/tf' on flush cycle 9877
2026-09-30T16:56:54Z [190,979ms] [Warning] [isaacsim.ros2.nodes] ROS2 TF aggregation contributor '/World/Nova_Carter_ROS/chassis_link/sensors/XT_32/ROS_TF/PublisherTF' did not submit transforms for topic '/tf' on flush cycle 9997
2026-09-30T16:56:54Z [190,979ms] [Warning] [isaacsim.ros2.nodes] ROS2 TF aggregation contributor '/World/Nova_Carter_ROS/chassis_link/sensors/front_hawk/ROS_TF/PublisherTF' did not submit transforms for topic '/tf' on flush cycle 9997
2026-09-30T16:56:54Z [190,979ms] [Warning] [isaacsim.ros2.nodes] ROS2 TF aggregation contributor '/World/Nova_Carter_ROS/chassis_link/sensors/front_RPLidar/ROS_TF/PublisherTF' did not submit transforms for topic '/tf' on flush cycle 9997
2026-09-30T16:56:54Z [190,979ms] [Warning] [isaacsim.ros2.nodes] ROS2 TF aggregation contributor '/World/Nova_Carter_ROS/chassis_link/sensors/rear_RPLidar/ROS_TF/PublisherTF' did not submit transforms for topic '/tf' on flush cycle 9997
2026-09-30T16:56:54Z [190,979ms] [Warning] [isaacsim.ros2.nodes] ROS2 TF aggregation contributor '/World/Nova_Carter_ROS/chassis_link/sensors/back_hawk/ROS_TF/PublisherTF' did not submit transforms for topic '/tf' on flush cycle 9997
2026-09-30T16:56:54Z [190,979ms] [Warning] [isaacsim.ros2.nodes] ROS2 TF aggregation contributor '/World/Nova_Carter_ROS/chassis_link/sensors/left_owl/ROS_TF/PublisherTF' did not submit transforms for topic '/tf' on flush cycle 9997
2026-09-30T16:56:54Z [190,979ms] [Warning] [isaacsim.ros2.nodes] ROS2 TF aggregation contributor '/World/Nova_Carter_ROS/chassis_link/sensors/right_hawk/ROS_TF/PublisherTF' did not submit transforms for topic '/tf' on flush cycle 9997
2026-09-30T16:56:54Z [190,979ms] [Warning] [isaacsim.ros2.nodes] ROS2 TF aggregation contributor '/World/Nova_Carter_ROS/chassis_link/sensors/right_owl/ROS_TF/PublisherTF' did not submit transforms for topic '/tf' on flush cycle 9997
2026-09-30T16:56:54Z [190,979ms] [Warning] [isaacsim.ros2.nodes] ROS2 TF aggregation contributor '/World/Nova_Carter_ROS/chassis_link/sensors/left_hawk/ROS_TF/PublisherTF' did not submit transforms for topic '/tf' on flush cycle 9997
2026-09-30T16:56:54Z [190,979ms] [Warning] [isaacsim.ros2.nodes] ROS2 TF aggregation contributor '/World/Nova_Carter_ROS/chassis_link/sensors/front_owl/ROS_TF/PublisherTF' did not submit transforms for topic '/tf' on flush cycle 9997
2026-09-30T16:56:54Z [190,979ms] [Warning] [isaacsim.ros2.nodes] ROS2 TF aggregation contributor '/World/Nova_Carter_ROS/transform_tree_odometry/ros2_publish_raw_transform_tree' did not submit transforms for topic '/tf' on flush cycle 9997
2026-09-30T16:56:54Z [190,979ms] [Warning] [isaacsim.ros2.nodes] ROS2 TF aggregation contributor '/World/Nova_Carter_ROS/chassis_link/sensors/back_owl/ROS_TF/PublisherTF' did not submit transforms for topic '/tf' on flush cycle 9997
2026-09-30T16:56:54Z [190,979ms] [Warning] [isaacsim.ros2.nodes] ROS2 TF aggregation contributor '/World/Nova_Carter_ROS/transform_tree_odometry/tf_tree_base_link_to_wheel_base' did not submit transforms for topic '/tf' on flush cycle 9997
2026-09-30T16:56:54Z [190,979ms] [Warning] [isaacsim.ros2.nodes] ROS2 TF aggregation contributor '/World/Nova_Carter_ROS/transform_tree_odometry/tf_tree_base_link_to_sensors' did not submit transforms for topic '/tf' on flush cycle 9997
2026-09-30T16:56:54Z [190,979ms] [Warning] [isaacsim.ros2.nodes] ROS2 TF aggregation contributor '/World/Nova_Carter_ROS/transform_tree_odometry/tf_tree_base_link_to_chassis' did not submit transforms for topic '/tf' on flush cycle 9997
2026-09-30T16:56:56Z [193,069ms] [Warning] [isaacsim.ros2.nodes] ROS2 TF aggregation contributor '/World/Nova_Carter_ROS/chassis_link/sensors/XT_32/ROS_TF/PublisherTF' did not submit transforms for topic '/tf' on flush cycle 10117
2026-09-30T16:56:56Z [193,069ms] [Warning] [isaacsim.ros2.nodes] ROS2 TF aggregation contributor '/World/Nova_Carter_ROS/chassis_link/sensors/front_hawk/ROS_TF/PublisherTF' did not submit transforms for topic '/tf' on flush cycle 10117
2026-09-30T16:56:56Z [193,069ms] [Warning] [isaacsim.ros2.nodes] ROS2 TF aggregation contributor '/World/Nova_Carter_ROS/chassis_link/sensors/front_RPLidar/ROS_TF/PublisherTF' did not submit transforms for topic '/tf' on flush cycle 10117
2026-09-30T16:56:56Z [193,069ms] [Warning] [isaacsim.ros2.nodes] ROS2 TF aggregation contributor '/World/Nova_Carter_ROS/chassis_link/sensors/rear_RPLidar/ROS_TF/PublisherTF' did not submit transforms for topic '/tf' on flush cycle 10117
2026-09-30T16:56:56Z [193,069ms] [Warning] [isaacsim.ros2.nodes] ROS2 TF aggregation contributor '/World/Nova_Carter_ROS/chassis_link/sensors/back_hawk/ROS_TF/PublisherTF' did not submit transforms for topic '/tf' on flush cycle 10117
2026-09-30T16:56:56Z [193,069ms] [Warning] [isaacsim.ros2.nodes] ROS2 TF aggregation contributor '/World/Nova_Carter_ROS/chassis_link/sensors/left_owl/ROS_TF/PublisherTF' did not submit transforms for topic '/tf' on flush cycle 10117
2026-09-30T16:56:56Z [193,069ms] [Warning] [isaacsim.ros2.nodes] ROS2 TF aggregation contributor '/World/Nova_Carter_ROS/chassis_link/sensors/right_hawk/ROS_TF/PublisherTF' did not submit transforms for topic '/tf' on flush cycle 10117
2026-09-30T16:56:56Z [193,069ms] [Warning] [isaacsim.ros2.nodes] ROS2 TF aggregation contributor '/World/Nova_Carter_ROS/chassis_link/sensors/right_owl/ROS_TF/PublisherTF' did not submit transforms for topic '/tf' on flush cycle 10117
2026-09-30T16:56:56Z [193,069ms] [Warning] [isaacsim.ros2.nodes] ROS2 TF aggregation contributor '/World/Nova_Carter_ROS/chassis_link/sensors/left_hawk/ROS_TF/PublisherTF' did not submit transforms for topic '/tf' on flush cycle 10117
2026-09-30T16:56:56Z [193,069ms] [Warning] [isaacsim.ros2.nodes] ROS2 TF aggregation contributor '/World/Nova_Carter_ROS/chassis_link/sensors/front_owl/ROS_TF/PublisherTF' did not submit transforms for topic '/tf' on flush cycle 10117
2026-09-30T16:56:56Z [193,069ms] [Warning] [isaacsim.ros2.nodes] ROS2 TF aggregation contributor '/World/Nova_Carter_ROS/transform_tree_odometry/ros2_publish_raw_transform_tree' did not submit transforms for topic '/tf' on flush cycle 10117
2026-09-30T16:56:56Z [193,069ms] [Warning] [isaacsim.ros2.nodes] ROS2 TF aggregation contributor '/World/Nova_Carter_ROS/chassis_link/sensors/back_owl/ROS_TF/PublisherTF' did not submit transforms for topic '/tf' on flush cycle 10117
2026-09-30T16:56:56Z [193,069ms] [Warning] [isaacsim.ros2.nodes] ROS2 TF aggregation contributor '/World/Nova_Carter_ROS/transform_tree_odometry/tf_tree_base_link_to_wheel_base' did not submit transforms for topic '/tf' on flush cycle 10117
2026-09-30T16:56:56Z [193,069ms] [Warning] [isaacsim.ros2.nodes] ROS2 TF aggregation contributor '/World/Nova_Carter_ROS/transform_tree_odometry/tf_tree_base_link_to_sensors' did not submit transforms for topic '/tf' on flush cycle 10117
2026-09-30T16:56:56Z [193,069ms] [Warning] [isaacsim.ros2.nodes] ROS2 TF aggregation contributor '/World/Nova_Carter_ROS/transform_tree_odometry/tf_tree_base_link_to_chassis' did not submit transforms for topic '/tf' on flush cycle 10117
2026-09-30T16:56:58Z [195,114ms] [Warning] [isaacsim.ros2.nodes] ROS2 TF aggregation contributor '/World/Nova_Carter_ROS/chassis_link/sensors/XT_32/ROS_TF/PublisherTF' did not submit transforms for topic '/tf' on flush cycle 10237
2026-09-30T16:56:58Z [195,114ms] [Warning] [isaacsim.ros2.nodes] ROS2 TF aggregation contributor '/World/Nova_Carter_ROS/chassis_link/sensors/front_hawk/ROS_TF/PublisherTF' did not submit transforms for topic '/tf' on flush cycle 10237
2026-09-30T16:56:58Z [195,114ms] [Warning] [isaacsim.ros2.nodes] ROS2 TF aggregation contributor '/World/Nova_Carter_ROS/chassis_link/sensors/front_RPLidar/ROS_TF/PublisherTF' did not submit transforms for topic '/tf' on flush cycle 10237
2026-09-30T16:56:58Z [195,114ms] [Warning] [isaacsim.ros2.nodes] ROS2 TF aggregation contributor '/World/Nova_Carter_ROS/chassis_link/sensors/rear_RPLidar/ROS_TF/PublisherTF' did not submit transforms for topic '/tf' on flush cycle 10237
2026-09-30T16:56:58Z [195,114ms] [Warning] [isaacsim.ros2.nodes] ROS2 TF aggregation contributor '/World/Nova_Carter_ROS/chassis_link/sensors/back_hawk/ROS_TF/PublisherTF' did not submit transforms for topic '/tf' on flush cycle 10237
2026-09-30T16:56:58Z [195,114ms] [Warning] [isaacsim.ros2.nodes] ROS2 TF aggregation contributor '/World/Nova_Carter_ROS/chassis_link/sensors/left_owl/ROS_TF/PublisherTF' did not submit transforms for topic '/tf' on flush cycle 10237
2026-09-30T16:56:58Z [195,114ms] [Warning] [isaacsim.ros2.nodes] ROS2 TF aggregation contributor '/World/Nova_Carter_ROS/chassis_link/sensors/right_hawk/ROS_TF/PublisherTF' did not submit transforms for topic '/tf' on flush cycle 10237
2026-09-30T16:56:58Z [195,114ms] [Warning] [isaacsim.ros2.nodes] ROS2 TF aggregation contributor '/World/Nova_Carter_ROS/chassis_link/sensors/right_owl/ROS_TF/PublisherTF' did not submit transforms for topic '/tf' on flush cycle 10237
2026-09-30T16:56:58Z [195,114ms] [Warning] [isaacsim.ros2.nodes] ROS2 TF aggregation contributor '/World/Nova_Carter_ROS/chassis_link/sensors/left_hawk/ROS_TF/PublisherTF' did not submit transforms for topic '/tf' on flush cycle 10237
2026-09-30T16:56:58Z [195,114ms] [Warning] [isaacsim.ros2.nodes] ROS2 TF aggregation contributor '/World/Nova_Carter_ROS/chassis_link/sensors/front_owl/ROS_TF/PublisherTF' did not submit transforms for topic '/tf' on flush cycle 10237
2026-09-30T16:56:58Z [195,114ms] [Warning] [isaacsim.ros2.nodes] ROS2 TF aggregation contributor '/World/Nova_Carter_ROS/transform_tree_odometry/ros2_publish_raw_transform_tree' did not submit transforms for topic '/tf' on flush cycle 10237
2026-09-30T16:56:58Z [195,114ms] [Warning] [isaacsim.ros2.nodes] ROS2 TF aggregation contributor '/World/Nova_Carter_ROS/chassis_link/sensors/back_owl/ROS_TF/PublisherTF' did not submit transforms for topic '/tf' on flush cycle 10237
2026-09-30T16:56:58Z [195,114ms] [Warning] [isaacsim.ros2.nodes] ROS2 TF aggregation contributor '/World/Nova_Carter_ROS/transform_tree_odometry/tf_tree_base_link_to_wheel_base' did not submit transforms for topic '/tf' on flush cycle 10237
2026-09-30T16:56:58Z [195,114ms] [Warning] [isaacsim.ros2.nodes] ROS2 TF aggregation contributor '/World/Nova_Carter_ROS/transform_tree_odometry/tf_tree_base_link_to_sensors' did not submit transforms for topic '/tf' on flush cycle 10237
2026-09-30T16:56:58Z [195,114ms] [Warning] [isaacsim.ros2.nodes] ROS2 TF aggregation contributor '/World/Nova_Carter_ROS/transform_tree_odometry/tf_tree_base_link_to_chassis' did not submit transforms for topic '/tf' on flush cycle 10237
2026-09-30T16:57:00Z [197,165ms] [Warning] [isaacsim.ros2.nodes] ROS2 TF aggregation contributor '/World/Nova_Carter_ROS/chassis_link/sensors/XT_32/ROS_TF/PublisherTF' did not submit transforms for topic '/tf' on flush cycle 10357
2026-09-30T16:57:00Z [197,166ms] [Warning] [isaacsim.ros2.nodes] ROS2 TF aggregation contributor '/World/Nova_Carter_ROS/chassis_link/sensors/front_hawk/ROS_TF/PublisherTF' did not submit transforms for topic '/tf' on flush cycle 10357
2026-09-30T16:57:00Z [197,166ms] [Warning] [isaacsim.ros2.nodes] ROS2 TF aggregation contributor '/World/Nova_Carter_ROS/chassis_link/sensors/front_RPLidar/ROS_TF/PublisherTF' did not submit transforms for topic '/tf' on flush cycle 10357
2026-09-30T16:57:00Z [197,166ms] [Warning] [isaacsim.ros2.nodes] ROS2 TF aggregation contributor '/World/Nova_Carter_ROS/chassis_link/sensors/rear_RPLidar/ROS_TF/PublisherTF' did not submit transforms for topic '/tf' on flush cycle 10357
2026-09-30T16:57:00Z [197,166ms] [Warning] [isaacsim.ros2.nodes] ROS2 TF aggregation contributor '/World/Nova_Carter_ROS/chassis_link/sensors/back_hawk/ROS_TF/PublisherTF' did not submit transforms for topic '/tf' on flush cycle 10357
2026-09-30T16:57:00Z [197,166ms] [Warning] [isaacsim.ros2.nodes] ROS2 TF aggregation contributor '/World/Nova_Carter_ROS/chassis_link/sensors/left_owl/ROS_TF/PublisherTF' did not submit transforms for topic '/tf' on flush cycle 10357
2026-09-30T16:57:00Z [197,166ms] [Warning] [isaacsim.ros2.nodes] ROS2 TF aggregation contributor '/World/Nova_Carter_ROS/chassis_link/sensors/right_hawk/ROS_TF/PublisherTF' did not submit transforms for topic '/tf' on flush cycle 10357
2026-09-30T16:57:00Z [197,166ms] [Warning] [isaacsim.ros2.nodes] ROS2 TF aggregation contributor '/World/Nova_Carter_ROS/chassis_link/sensors/right_owl/ROS_TF/PublisherTF' did not submit transforms for topic '/tf' on flush cycle 10357
2026-09-30T16:57:00Z [197,166ms] [Warning] [isaacsim.ros2.nodes] ROS2 TF aggregation contributor '/World/Nova_Carter_ROS/chassis_link/sensors/left_hawk/ROS_TF/PublisherTF' did not submit transforms for topic '/tf' on flush cycle 10357
2026-09-30T16:57:00Z [197,166ms] [Warning] [isaacsim.ros2.nodes] ROS2 TF aggregation contributor '/World/Nova_Carter_ROS/chassis_link/sensors/front_owl/ROS_TF/PublisherTF' did not submit transforms for topic '/tf' on flush cycle 10357
2026-09-30T16:57:00Z [197,166ms] [Warning] [isaacsim.ros2.nodes] ROS2 TF aggregation contributor '/World/Nova_Carter_ROS/transform_tree_odometry/ros2_publish_raw_transform_tree' did not submit transforms for topic '/tf' on flush cycle 10357
2026-09-30T16:57:00Z [197,166ms] [Warning] [isaacsim.ros2.nodes] ROS2 TF aggregation contributor '/World/Nova_Carter_ROS/chassis_link/sensors/back_owl/ROS_TF/PublisherTF' did not submit transforms for topic '/tf' on flush cycle 10357
2026-09-30T16:57:00Z [197,166ms] [Warning] [isaacsim.ros2.nodes] ROS2 TF aggregation contributor '/World/Nova_Carter_ROS/transform_tree_odometry/tf_tree_base_link_to_wheel_base' did not submit transforms for topic '/tf' on flush cycle 10357
2026-09-30T16:57:00Z [197,166ms] [Warning] [isaacsim.ros2.nodes] ROS2 TF aggregation contributor '/World/Nova_Carter_ROS/transform_tree_odometry/tf_tree_base_link_to_sensors' did not submit transforms for topic '/tf' on flush cycle 10357
2026-09-30T16:57:00Z [197,166ms] [Warning] [isaacsim.ros2.nodes] ROS2 TF aggregation contributor '/World/Nova_Carter_ROS/transform_tree_odometry/tf_tree_base_link_to_chassis' did not submit transforms for topic '/tf' on flush cycle 10357
2026-09-30T16:57:02Z [199,216ms] [Warning] [isaacsim.ros2.nodes] ROS2 TF aggregation contributor '/World/Nova_Carter_ROS/chassis_link/sensors/XT_32/ROS_TF/PublisherTF' did not submit transforms for topic '/tf' on flush cycle 10477
2026-09-30T16:57:02Z [199,216ms] [Warning] [isaacsim.ros2.nodes] ROS2 TF aggregation contributor '/World/Nova_Carter_ROS/chassis_link/sensors/front_hawk/ROS_TF/PublisherTF' did not submit transforms for topic '/tf' on flush cycle 10477
2026-09-30T16:57:02Z [199,216ms] [Warning] [isaacsim.ros2.nodes] ROS2 TF aggregation contributor '/World/Nova_Carter_ROS/chassis_link/sensors/front_RPLidar/ROS_TF/PublisherTF' did not submit transforms for topic '/tf' on flush cycle 10477
2026-09-30T16:57:02Z [199,216ms] [Warning] [isaacsim.ros2.nodes] ROS2 TF aggregation contributor '/World/Nova_Carter_ROS/chassis_link/sensors/rear_RPLidar/ROS_TF/PublisherTF' did not submit transforms for topic '/tf' on flush cycle 10477
2026-09-30T16:57:02Z [199,216ms] [Warning] [isaacsim.ros2.nodes] ROS2 TF aggregation contributor '/World/Nova_Carter_ROS/chassis_link/sensors/back_hawk/ROS_TF/PublisherTF' did not submit transforms for topic '/tf' on flush cycle 10477
2026-09-30T16:57:02Z [199,216ms] [Warning] [isaacsim.ros2.nodes] ROS2 TF aggregation contributor '/World/Nova_Carter_ROS/chassis_link/sensors/left_owl/ROS_TF/PublisherTF' did not submit transforms for topic '/tf' on flush cycle 10477
2026-09-30T16:57:02Z [199,216ms] [Warning] [isaacsim.ros2.nodes] ROS2 TF aggregation contributor '/World/Nova_Carter_ROS/chassis_link/sensors/right_hawk/ROS_TF/PublisherTF' did not submit transforms for topic '/tf' on flush cycle 10477
2026-09-30T16:57:02Z [199,216ms] [Warning] [isaacsim.ros2.nodes] ROS2 TF aggregation contributor '/World/Nova_Carter_ROS/chassis_link/sensors/right_owl/ROS_TF/PublisherTF' did not submit transforms for topic '/tf' on flush cycle 10477
2026-09-30T16:57:02Z [199,216ms] [Warning] [isaacsim.ros2.nodes] ROS2 TF aggregation contributor '/World/Nova_Carter_ROS/chassis_link/sensors/left_hawk/ROS_TF/PublisherTF' did not submit transforms for topic '/tf' on flush cycle 10477
2026-09-30T16:57:02Z [199,216ms] [Warning] [isaacsim.ros2.nodes] ROS2 TF aggregation contributor '/World/Nova_Carter_ROS/chassis_link/sensors/front_owl/ROS_TF/PublisherTF' did not submit transforms for topic '/tf' on flush cycle 10477
2026-09-30T16:57:02Z [199,216ms] [Warning] [isaacsim.ros2.nodes] ROS2 TF aggregation contributor '/World/Nova_Carter_ROS/transform_tree_odometry/ros2_publish_raw_transform_tree' did not submit transforms for topic '/tf' on flush cycle 10477
2026-09-30T16:57:02Z [199,216ms] [Warning] [isaacsim.ros2.nodes] ROS2 TF aggregation contributor '/World/Nova_Carter_ROS/chassis_link/sensors/back_owl/ROS_TF/PublisherTF' did not submit transforms for topic '/tf' on flush cycle 10477
2026-09-30T16:57:02Z [199,216ms] [Warning] [isaacsim.ros2.nodes] ROS2 TF aggregation contributor '/World/Nova_Carter_ROS/transform_tree_odometry/tf_tree_base_link_to_wheel_base' did not submit transforms for topic '/tf' on flush cycle 10477
2026-09-30T16:57:02Z [199,216ms] [Warning] [isaacsim.ros2.nodes] ROS2 TF aggregation contributor '/World/Nova_Carter_ROS/transform_tree_odometry/tf_tree_base_link_to_sensors' did not submit transforms for topic '/tf' on flush cycle 10477
2026-09-30T16:57:02Z [199,216ms] [Warning] [isaacsim.ros2.nodes] ROS2 TF aggregation contributor '/World/Nova_Carter_ROS/transform_tree_odometry/tf_tree_base_link_to_chassis' did not submit transforms for topic '/tf' on flush cycle 10477
2026-09-30T16:57:04Z [201,268ms] [Warning] [isaacsim.ros2.nodes] ROS2 TF aggregation contributor '/World/Nova_Carter_ROS/chassis_link/sensors/XT_32/ROS_TF/PublisherTF' did not submit transforms for topic '/tf' on flush cycle 10597
2026-09-30T16:57:04Z [201,268ms] [Warning] [isaacsim.ros2.nodes] ROS2 TF aggregation contributor '/World/Nova_Carter_ROS/chassis_link/sensors/front_hawk/ROS_TF/PublisherTF' did not submit transforms for topic '/tf' on flush cycle 10597
2026-09-30T16:57:04Z [201,268ms] [Warning] [isaacsim.ros2.nodes] ROS2 TF aggregation contributor '/World/Nova_Carter_ROS/chassis_link/sensors/front_RPLidar/ROS_TF/PublisherTF' did not submit transforms for topic '/tf' on flush cycle 10597
2026-09-30T16:57:04Z [201,268ms] [Warning] [isaacsim.ros2.nodes] ROS2 TF aggregation contributor '/World/Nova_Carter_ROS/chassis_link/sensors/rear_RPLidar/ROS_TF/PublisherTF' did not submit transforms for topic '/tf' on flush cycle 10597
2026-09-30T16:57:04Z [201,268ms] [Warning] [isaacsim.ros2.nodes] ROS2 TF aggregation contributor '/World/Nova_Carter_ROS/chassis_link/sensors/back_hawk/ROS_TF/PublisherTF' did not submit transforms for topic '/tf' on flush cycle 10597
2026-09-30T16:57:04Z [201,268ms] [Warning] [isaacsim.ros2.nodes] ROS2 TF aggregation contributor '/World/Nova_Carter_ROS/chassis_link/sensors/left_owl/ROS_TF/PublisherTF' did not submit transforms for topic '/tf' on flush cycle 10597
2026-09-30T16:57:04Z [201,268ms] [Warning] [isaacsim.ros2.nodes] ROS2 TF aggregation contributor '/World/Nova_Carter_ROS/chassis_link/sensors/right_hawk/ROS_TF/PublisherTF' did not submit transforms for topic '/tf' on flush cycle 10597
2026-09-30T16:57:04Z [201,268ms] [Warning] [isaacsim.ros2.nodes] ROS2 TF aggregation contributor '/World/Nova_Carter_ROS/chassis_link/sensors/right_owl/ROS_TF/PublisherTF' did not submit transforms for topic '/tf' on flush cycle 10597
2026-09-30T16:57:04Z [201,268ms] [Warning] [isaacsim.ros2.nodes] ROS2 TF aggregation contributor '/World/Nova_Carter_ROS/chassis_link/sensors/left_hawk/ROS_TF/PublisherTF' did not submit transforms for topic '/tf' on flush cycle 10597
2026-09-30T16:57:04Z [201,268ms] [Warning] [isaacsim.ros2.nodes] ROS2 TF aggregation contributor '/World/Nova_Carter_ROS/chassis_link/sensors/front_owl/ROS_TF/PublisherTF' did not submit transforms for topic '/tf' on flush cycle 10597
2026-09-30T16:57:04Z [201,268ms] [Warning] [isaacsim.ros2.nodes] ROS2 TF aggregation contributor '/World/Nova_Carter_ROS/transform_tree_odometry/ros2_publish_raw_transform_tree' did not submit transforms for topic '/tf' on flush cycle 10597
2026-09-30T16:57:04Z [201,268ms] [Warning] [isaacsim.ros2.nodes] ROS2 TF aggregation contributor '/World/Nova_Carter_ROS/chassis_link/sensors/back_owl/ROS_TF/PublisherTF' did not submit transforms for topic '/tf' on flush cycle 10597
2026-09-30T16:57:04Z [201,268ms] [Warning] [isaacsim.ros2.nodes] ROS2 TF aggregation contributor '/World/Nova_Carter_ROS/transform_tree_odometry/tf_tree_base_link_to_wheel_base' did not submit transforms for topic '/tf' on flush cycle 10597
2026-09-30T16:57:04Z [201,268ms] [Warning] [isaacsim.ros2.nodes] ROS2 TF aggregation contributor '/World/Nova_Carter_ROS/transform_tree_odometry/tf_tree_base_link_to_sensors' did not submit transforms for topic '/tf' on flush cycle 10597
2026-09-30T16:57:04Z [201,268ms] [Warning] [isaacsim.ros2.nodes] ROS2 TF aggregation contributor '/World/Nova_Carter_ROS/transform_tree_odometry/tf_tree_base_link_to_chassis' did not submit transforms for topic '/tf' on flush cycle 10597
2026-09-30T16:57:09Z [206,133ms] [Warning] [omni.graph.core.plugin] /World/Nova_Carter_ROS/differential_drive/differential_controller_01: [/World/Nova_Carter_ROS/differential_drive] Invalid deltaTime 0.000000, cannot check for acceleration limits, skipping current step
2026-09-30T16:57:14Z [211,131ms] [Warning] [isaacsim.ros2.nodes] ROS2 TF aggregation contributor '/World/Nova_Carter_ROS/chassis_link/sensors/XT_32/ROS_TF/PublisherTF' did not submit transforms for topic '/tf' on flush cycle 11123
2026-09-30T16:57:14Z [211,131ms] [Warning] [isaacsim.ros2.nodes] ROS2 TF aggregation contributor '/World/Nova_Carter_ROS/chassis_link/sensors/front_hawk/ROS_TF/PublisherTF' did not submit transforms for topic '/tf' on flush cycle 11123
2026-09-30T16:57:14Z [211,131ms] [Warning] [isaacsim.ros2.nodes] ROS2 TF aggregation contributor '/World/Nova_Carter_ROS/chassis_link/sensors/front_RPLidar/ROS_TF/PublisherTF' did not submit transforms for topic '/tf' on flush cycle 11123
2026-09-30T16:57:14Z [211,131ms] [Warning] [isaacsim.ros2.nodes] ROS2 TF aggregation contributor '/World/Nova_Carter_ROS/chassis_link/sensors/rear_RPLidar/ROS_TF/PublisherTF' did not submit transforms for topic '/tf' on flush cycle 11123
2026-09-30T16:57:14Z [211,131ms] [Warning] [isaacsim.ros2.nodes] ROS2 TF aggregation contributor '/World/Nova_Carter_ROS/chassis_link/sensors/back_hawk/ROS_TF/PublisherTF' did not submit transforms for topic '/tf' on flush cycle 11123
2026-09-30T16:57:14Z [211,131ms] [Warning] [isaacsim.ros2.nodes] ROS2 TF aggregation contributor '/World/Nova_Carter_ROS/chassis_link/sensors/left_owl/ROS_TF/PublisherTF' did not submit transforms for topic '/tf' on flush cycle 11123
2026-09-30T16:57:14Z [211,131ms] [Warning] [isaacsim.ros2.nodes] ROS2 TF aggregation contributor '/World/Nova_Carter_ROS/chassis_link/sensors/right_hawk/ROS_TF/PublisherTF' did not submit transforms for topic '/tf' on flush cycle 11123
2026-09-30T16:57:14Z [211,131ms] [Warning] [isaacsim.ros2.nodes] ROS2 TF aggregation contributor '/World/Nova_Carter_ROS/chassis_link/sensors/right_owl/ROS_TF/PublisherTF' did not submit transforms for topic '/tf' on flush cycle 11123
2026-09-30T16:57:14Z [211,131ms] [Warning] [isaacsim.ros2.nodes] ROS2 TF aggregation contributor '/World/Nova_Carter_ROS/chassis_link/sensors/left_hawk/ROS_TF/PublisherTF' did not submit transforms for topic '/tf' on flush cycle 11123
2026-09-30T16:57:14Z [211,131ms] [Warning] [isaacsim.ros2.nodes] ROS2 TF aggregation contributor '/World/Nova_Carter_ROS/chassis_link/sensors/front_owl/ROS_TF/PublisherTF' did not submit transforms for topic '/tf' on flush cycle 11123
2026-09-30T16:57:14Z [211,131ms] [Warning] [isaacsim.ros2.nodes] ROS2 TF aggregation contributor '/World/Nova_Carter_ROS/transform_tree_odometry/ros2_publish_raw_transform_tree' did not submit transforms for topic '/tf' on flush cycle 11123
2026-09-30T16:57:14Z [211,131ms] [Warning] [isaacsim.ros2.nodes] ROS2 TF aggregation contributor '/World/Nova_Carter_ROS/chassis_link/sensors/back_owl/ROS_TF/PublisherTF' did not submit transforms for topic '/tf' on flush cycle 11123
2026-09-30T16:57:14Z [211,131ms] [Warning] [isaacsim.ros2.nodes] ROS2 TF aggregation contributor '/World/Nova_Carter_ROS/transform_tree_odometry/tf_tree_base_link_to_wheel_base' did not submit transforms for topic '/tf' on flush cycle 11123
2026-09-30T16:57:14Z [211,131ms] [Warning] [isaacsim.ros2.nodes] ROS2 TF aggregation contributor '/World/Nova_Carter_ROS/transform_tree_odometry/tf_tree_base_link_to_sensors' did not submit transforms for topic '/tf' on flush cycle 11123
2026-09-30T16:57:14Z [211,131ms] [Warning] [isaacsim.ros2.nodes] ROS2 TF aggregation contributor '/World/Nova_Carter_ROS/transform_tree_odometry/tf_tree_base_link_to_chassis' did not submit transforms for topic '/tf' on flush cycle 11123
2026-09-30T16:57:16Z [213,170ms] [Warning] [isaacsim.ros2.nodes] ROS2 TF aggregation contributor '/World/Nova_Carter_ROS/chassis_link/sensors/XT_32/ROS_TF/PublisherTF' did not submit transforms for topic '/tf' on flush cycle 11243
2026-09-30T16:57:16Z [213,170ms] [Warning] [isaacsim.ros2.nodes] ROS2 TF aggregation contributor '/World/Nova_Carter_ROS/chassis_link/sensors/front_hawk/ROS_TF/PublisherTF' did not submit transforms for topic '/tf' on flush cycle 11243
2026-09-30T16:57:16Z [213,170ms] [Warning] [isaacsim.ros2.nodes] ROS2 TF aggregation contributor '/World/Nova_Carter_ROS/chassis_link/sensors/front_RPLidar/ROS_TF/PublisherTF' did not submit transforms for topic '/tf' on flush cycle 11243
2026-09-30T16:57:16Z [213,170ms] [Warning] [isaacsim.ros2.nodes] ROS2 TF aggregation contributor '/World/Nova_Carter_ROS/chassis_link/sensors/rear_RPLidar/ROS_TF/PublisherTF' did not submit transforms for topic '/tf' on flush cycle 11243
2026-09-30T16:57:16Z [213,170ms] [Warning] [isaacsim.ros2.nodes] ROS2 TF aggregation contributor '/World/Nova_Carter_ROS/chassis_link/sensors/back_hawk/ROS_TF/PublisherTF' did not submit transforms for topic '/tf' on flush cycle 11243
2026-09-30T16:57:16Z [213,170ms] [Warning] [isaacsim.ros2.nodes] ROS2 TF aggregation contributor '/World/Nova_Carter_ROS/chassis_link/sensors/left_owl/ROS_TF/PublisherTF' did not submit transforms for topic '/tf' on flush cycle 11243
2026-09-30T16:57:16Z [213,170ms] [Warning] [isaacsim.ros2.nodes] ROS2 TF aggregation contributor '/World/Nova_Carter_ROS/chassis_link/sensors/right_hawk/ROS_TF/PublisherTF' did not submit transforms for topic '/tf' on flush cycle 11243
2026-09-30T16:57:16Z [213,170ms] [Warning] [isaacsim.ros2.nodes] ROS2 TF aggregation contributor '/World/Nova_Carter_ROS/chassis_link/sensors/right_owl/ROS_TF/PublisherTF' did not submit transforms for topic '/tf' on flush cycle 11243
2026-09-30T16:57:16Z [213,170ms] [Warning] [isaacsim.ros2.nodes] ROS2 TF aggregation contributor '/World/Nova_Carter_ROS/chassis_link/sensors/left_hawk/ROS_TF/PublisherTF' did not submit transforms for topic '/tf' on flush cycle 11243
2026-09-30T16:57:16Z [213,170ms] [Warning] [isaacsim.ros2.nodes] ROS2 TF aggregation contributor '/World/Nova_Carter_ROS/chassis_link/sensors/front_owl/ROS_TF/PublisherTF' did not submit transforms for topic '/tf' on flush cycle 11243
2026-09-30T16:57:16Z [213,170ms] [Warning] [isaacsim.ros2.nodes] ROS2 TF aggregation contributor '/World/Nova_Carter_ROS/transform_tree_odometry/ros2_publish_raw_transform_tree' did not submit transforms for topic '/tf' on flush cycle 11243
2026-09-30T16:57:16Z [213,170ms] [Warning] [isaacsim.ros2.nodes] ROS2 TF aggregation contributor '/World/Nova_Carter_ROS/chassis_link/sensors/back_owl/ROS_TF/PublisherTF' did not submit transforms for topic '/tf' on flush cycle 11243
2026-09-30T16:57:16Z [213,170ms] [Warning] [isaacsim.ros2.nodes] ROS2 TF aggregation contributor '/World/Nova_Carter_ROS/transform_tree_odometry/tf_tree_base_link_to_wheel_base' did not submit transforms for topic '/tf' on flush cycle 11243
2026-09-30T16:57:16Z [213,170ms] [Warning] [isaacsim.ros2.nodes] ROS2 TF aggregation contributor '/World/Nova_Carter_ROS/transform_tree_odometry/tf_tree_base_link_to_sensors' did not submit transforms for topic '/tf' on flush cycle 11243
2026-09-30T16:57:16Z [213,170ms] [Warning] [isaacsim.ros2.nodes] ROS2 TF aggregation contributor '/World/Nova_Carter_ROS/transform_tree_odometry/tf_tree_base_link_to_chassis' did not submit transforms for topic '/tf' on flush cycle 11243
2026-09-30T16:57:18Z [215,211ms] [Warning] [isaacsim.ros2.nodes] ROS2 TF aggregation contributor '/World/Nova_Carter_ROS/chassis_link/sensors/XT_32/ROS_TF/PublisherTF' did not submit transforms for topic '/tf' on flush cycle 11363
2026-09-30T16:57:18Z [215,211ms] [Warning] [isaacsim.ros2.nodes] ROS2 TF aggregation contributor '/World/Nova_Carter_ROS/chassis_link/sensors/front_hawk/ROS_TF/PublisherTF' did not submit transforms for topic '/tf' on flush cycle 11363
2026-09-30T16:57:18Z [215,211ms] [Warning] [isaacsim.ros2.nodes] ROS2 TF aggregation contributor '/World/Nova_Carter_ROS/chassis_link/sensors/front_RPLidar/ROS_TF/PublisherTF' did not submit transforms for topic '/tf' on flush cycle 11363
2026-09-30T16:57:18Z [215,211ms] [Warning] [isaacsim.ros2.nodes] ROS2 TF aggregation contributor '/World/Nova_Carter_ROS/chassis_link/sensors/rear_RPLidar/ROS_TF/PublisherTF' did not submit transforms for topic '/tf' on flush cycle 11363
2026-09-30T16:57:18Z [215,211ms] [Warning] [isaacsim.ros2.nodes] ROS2 TF aggregation contributor '/World/Nova_Carter_ROS/chassis_link/sensors/back_hawk/ROS_TF/PublisherTF' did not submit transforms for topic '/tf' on flush cycle 11363
2026-09-30T16:57:18Z [215,211ms] [Warning] [isaacsim.ros2.nodes] ROS2 TF aggregation contributor '/World/Nova_Carter_ROS/chassis_link/sensors/left_owl/ROS_TF/PublisherTF' did not submit transforms for topic '/tf' on flush cycle 11363
2026-09-30T16:57:18Z [215,211ms] [Warning] [isaacsim.ros2.nodes] ROS2 TF aggregation contributor '/World/Nova_Carter_ROS/chassis_link/sensors/right_hawk/ROS_TF/PublisherTF' did not submit transforms for topic '/tf' on flush cycle 11363
2026-09-30T16:57:18Z [215,211ms] [Warning] [isaacsim.ros2.nodes] ROS2 TF aggregation contributor '/World/Nova_Carter_ROS/chassis_link/sensors/right_owl/ROS_TF/PublisherTF' did not submit transforms for topic '/tf' on flush cycle 11363
2026-09-30T16:57:18Z [215,211ms] [Warning] [isaacsim.ros2.nodes] ROS2 TF aggregation contributor '/World/Nova_Carter_ROS/chassis_link/sensors/left_hawk/ROS_TF/PublisherTF' did not submit transforms for topic '/tf' on flush cycle 11363
2026-09-30T16:57:18Z [215,211ms] [Warning] [isaacsim.ros2.nodes] ROS2 TF aggregation contributor '/World/Nova_Carter_ROS/chassis_link/sensors/front_owl/ROS_TF/PublisherTF' did not submit transforms for topic '/tf' on flush cycle 11363
2026-09-30T16:57:18Z [215,211ms] [Warning] [isaacsim.ros2.nodes] ROS2 TF aggregation contributor '/World/Nova_Carter_ROS/transform_tree_odometry/ros2_publish_raw_transform_tree' did not submit transforms for topic '/tf' on flush cycle 11363
2026-09-30T16:57:18Z [215,211ms] [Warning] [isaacsim.ros2.nodes] ROS2 TF aggregation contributor '/World/Nova_Carter_ROS/chassis_link/sensors/back_owl/ROS_TF/PublisherTF' did not submit transforms for topic '/tf' on flush cycle 11363
2026-09-30T16:57:18Z [215,211ms] [Warning] [isaacsim.ros2.nodes] ROS2 TF aggregation contributor '/World/Nova_Carter_ROS/transform_tree_odometry/tf_tree_base_link_to_wheel_base' did not submit transforms for topic '/tf' on flush cycle 11363
2026-09-30T16:57:18Z [215,211ms] [Warning] [isaacsim.ros2.nodes] ROS2 TF aggregation contributor '/World/Nova_Carter_ROS/transform_tree_odometry/tf_tree_base_link_to_sensors' did not submit transforms for topic '/tf' on flush cycle 11363
2026-09-30T16:57:18Z [215,211ms] [Warning] [isaacsim.ros2.nodes] ROS2 TF aggregation contributor '/World/Nova_Carter_ROS/transform_tree_odometry/tf_tree_base_link_to_chassis' did not submit transforms for topic '/tf' on flush cycle 11363
2026-09-30T16:57:20Z [217,302ms] [Warning] [isaacsim.ros2.nodes] ROS2 TF aggregation contributor '/World/Nova_Carter_ROS/chassis_link/sensors/XT_32/ROS_TF/PublisherTF' did not submit transforms for topic '/tf' on flush cycle 11483
2026-09-30T16:57:20Z [217,302ms] [Warning] [isaacsim.ros2.nodes] ROS2 TF aggregation contributor '/World/Nova_Carter_ROS/chassis_link/sensors/front_hawk/ROS_TF/PublisherTF' did not submit transforms for topic '/tf' on flush cycle 11483
2026-09-30T16:57:20Z [217,302ms] [Warning] [isaacsim.ros2.nodes] ROS2 TF aggregation contributor '/World/Nova_Carter_ROS/chassis_link/sensors/front_RPLidar/ROS_TF/PublisherTF' did not submit transforms for topic '/tf' on flush cycle 11483
2026-09-30T16:57:20Z [217,302ms] [Warning] [isaacsim.ros2.nodes] ROS2 TF aggregation contributor '/World/Nova_Carter_ROS/chassis_link/sensors/rear_RPLidar/ROS_TF/PublisherTF' did not submit transforms for topic '/tf' on flush cycle 11483
2026-09-30T16:57:20Z [217,302ms] [Warning] [isaacsim.ros2.nodes] ROS2 TF aggregation contributor '/World/Nova_Carter_ROS/chassis_link/sensors/back_hawk/ROS_TF/PublisherTF' did not submit transforms for topic '/tf' on flush cycle 11483
2026-09-30T16:57:20Z [217,302ms] [Warning] [isaacsim.ros2.nodes] ROS2 TF aggregation contributor '/World/Nova_Carter_ROS/chassis_link/sensors/left_owl/ROS_TF/PublisherTF' did not submit transforms for topic '/tf' on flush cycle 11483
2026-09-30T16:57:20Z [217,302ms] [Warning] [isaacsim.ros2.nodes] ROS2 TF aggregation contributor '/World/Nova_Carter_ROS/chassis_link/sensors/right_hawk/ROS_TF/PublisherTF' did not submit transforms for topic '/tf' on flush cycle 11483
2026-09-30T16:57:20Z [217,302ms] [Warning] [isaacsim.ros2.nodes] ROS2 TF aggregation contributor '/World/Nova_Carter_ROS/chassis_link/sensors/right_owl/ROS_TF/PublisherTF' did not submit transforms for topic '/tf' on flush cycle 11483
2026-09-30T16:57:20Z [217,302ms] [Warning] [isaacsim.ros2.nodes] ROS2 TF aggregation contributor '/World/Nova_Carter_ROS/chassis_link/sensors/left_hawk/ROS_TF/PublisherTF' did not submit transforms for topic '/tf' on flush cycle 11483
2026-09-30T16:57:20Z [217,302ms] [Warning] [isaacsim.ros2.nodes] ROS2 TF aggregation contributor '/World/Nova_Carter_ROS/chassis_link/sensors/front_owl/ROS_TF/PublisherTF' did not submit transforms for topic '/tf' on flush cycle 11483
2026-09-30T16:57:20Z [217,302ms] [Warning] [isaacsim.ros2.nodes] ROS2 TF aggregation contributor '/World/Nova_Carter_ROS/transform_tree_odometry/ros2_publish_raw_transform_tree' did not submit transforms for topic '/tf' on flush cycle 11483
2026-09-30T16:57:20Z [217,302ms] [Warning] [isaacsim.ros2.nodes] ROS2 TF aggregation contributor '/World/Nova_Carter_ROS/chassis_link/sensors/back_owl/ROS_TF/PublisherTF' did not submit transforms for topic '/tf' on flush cycle 11483
2026-09-30T16:57:20Z [217,302ms] [Warning] [isaacsim.ros2.nodes] ROS2 TF aggregation contributor '/World/Nova_Carter_ROS/transform_tree_odometry/tf_tree_base_link_to_wheel_base' did not submit transforms for topic '/tf' on flush cycle 11483
2026-09-30T16:57:20Z [217,302ms] [Warning] [isaacsim.ros2.nodes] ROS2 TF aggregation contributor '/World/Nova_Carter_ROS/transform_tree_odometry/tf_tree_base_link_to_sensors' did not submit transforms for topic '/tf' on flush cycle 11483
2026-09-30T16:57:20Z [217,302ms] [Warning] [isaacsim.ros2.nodes] ROS2 TF aggregation contributor '/World/Nova_Carter_ROS/transform_tree_odometry/tf_tree_base_link_to_chassis' did not submit transforms for topic '/tf' on flush cycle 11483
2026-09-30T16:57:22Z [219,352ms] [Warning] [isaacsim.ros2.nodes] ROS2 TF aggregation contributor '/World/Nova_Carter_ROS/chassis_link/sensors/XT_32/ROS_TF/PublisherTF' did not submit transforms for topic '/tf' on flush cycle 11603
2026-09-30T16:57:22Z [219,352ms] [Warning] [isaacsim.ros2.nodes] ROS2 TF aggregation contributor '/World/Nova_Carter_ROS/chassis_link/sensors/front_hawk/ROS_TF/PublisherTF' did not submit transforms for topic '/tf' on flush cycle 11603
2026-09-30T16:57:22Z [219,352ms] [Warning] [isaacsim.ros2.nodes] ROS2 TF aggregation contributor '/World/Nova_Carter_ROS/chassis_link/sensors/front_RPLidar/ROS_TF/PublisherTF' did not submit transforms for topic '/tf' on flush cycle 11603
2026-09-30T16:57:22Z [219,352ms] [Warning] [isaacsim.ros2.nodes] ROS2 TF aggregation contributor '/World/Nova_Carter_ROS/chassis_link/sensors/rear_RPLidar/ROS_TF/PublisherTF' did not submit transforms for topic '/tf' on flush cycle 11603
2026-09-30T16:57:22Z [219,352ms] [Warning] [isaacsim.ros2.nodes] ROS2 TF aggregation contributor '/World/Nova_Carter_ROS/chassis_link/sensors/back_hawk/ROS_TF/PublisherTF' did not submit transforms for topic '/tf' on flush cycle 11603
2026-09-30T16:57:22Z [219,352ms] [Warning] [isaacsim.ros2.nodes] ROS2 TF aggregation contributor '/World/Nova_Carter_ROS/chassis_link/sensors/left_owl/ROS_TF/PublisherTF' did not submit transforms for topic '/tf' on flush cycle 11603
2026-09-30T16:57:22Z [219,352ms] [Warning] [isaacsim.ros2.nodes] ROS2 TF aggregation contributor '/World/Nova_Carter_ROS/chassis_link/sensors/right_hawk/ROS_TF/PublisherTF' did not submit transforms for topic '/tf' on flush cycle 11603
2026-09-30T16:57:22Z [219,352ms] [Warning] [isaacsim.ros2.nodes] ROS2 TF aggregation contributor '/World/Nova_Carter_ROS/chassis_link/sensors/right_owl/ROS_TF/PublisherTF' did not submit transforms for topic '/tf' on flush cycle 11603
2026-09-30T16:57:22Z [219,352ms] [Warning] [isaacsim.ros2.nodes] ROS2 TF aggregation contributor '/World/Nova_Carter_ROS/chassis_link/sensors/left_hawk/ROS_TF/PublisherTF' did not submit transforms for topic '/tf' on flush cycle 11603
2026-09-30T16:57:22Z [219,352ms] [Warning] [isaacsim.ros2.nodes] ROS2 TF aggregation contributor '/World/Nova_Carter_ROS/chassis_link/sensors/front_owl/ROS_TF/PublisherTF' did not submit transforms for topic '/tf' on flush cycle 11603
2026-09-30T16:57:22Z [219,352ms] [Warning] [isaacsim.ros2.nodes] ROS2 TF aggregation contributor '/World/Nova_Carter_ROS/transform_tree_odometry/ros2_publish_raw_transform_tree' did not submit transforms for topic '/tf' on flush cycle 11603
2026-09-30T16:57:22Z [219,352ms] [Warning] [isaacsim.ros2.nodes] ROS2 TF aggregation contributor '/World/Nova_Carter_ROS/chassis_link/sensors/back_owl/ROS_TF/PublisherTF' did not submit transforms for topic '/tf' on flush cycle 11603
2026-09-30T16:57:22Z [219,352ms] [Warning] [isaacsim.ros2.nodes] ROS2 TF aggregation contributor '/World/Nova_Carter_ROS/transform_tree_odometry/tf_tree_base_link_to_wheel_base' did not submit transforms for topic '/tf' on flush cycle 11603
2026-09-30T16:57:22Z [219,352ms] [Warning] [isaacsim.ros2.nodes] ROS2 TF aggregation contributor '/World/Nova_Carter_ROS/transform_tree_odometry/tf_tree_base_link_to_sensors' did not submit transforms for topic '/tf' on flush cycle 11603
2026-09-30T16:57:22Z [219,352ms] [Warning] [isaacsim.ros2.nodes] ROS2 TF aggregation contributor '/World/Nova_Carter_ROS/transform_tree_odometry/tf_tree_base_link_to_chassis' did not submit transforms for topic '/tf' on flush cycle 11603
2026-09-30T16:57:24Z [221,402ms] [Warning] [isaacsim.ros2.nodes] ROS2 TF aggregation contributor '/World/Nova_Carter_ROS/chassis_link/sensors/XT_32/ROS_TF/PublisherTF' did not submit transforms for topic '/tf' on flush cycle 11723
2026-09-30T16:57:24Z [221,402ms] [Warning] [isaacsim.ros2.nodes] ROS2 TF aggregation contributor '/World/Nova_Carter_ROS/chassis_link/sensors/front_hawk/ROS_TF/PublisherTF' did not submit transforms for topic '/tf' on flush cycle 11723
2026-09-30T16:57:24Z [221,402ms] [Warning] [isaacsim.ros2.nodes] ROS2 TF aggregation contributor '/World/Nova_Carter_ROS/chassis_link/sensors/front_RPLidar/ROS_TF/PublisherTF' did not submit transforms for topic '/tf' on flush cycle 11723
2026-09-30T16:57:24Z [221,402ms] [Warning] [isaacsim.ros2.nodes] ROS2 TF aggregation contributor '/World/Nova_Carter_ROS/chassis_link/sensors/rear_RPLidar/ROS_TF/PublisherTF' did not submit transforms for topic '/tf' on flush cycle 11723
2026-09-30T16:57:24Z [221,402ms] [Warning] [isaacsim.ros2.nodes] ROS2 TF aggregation contributor '/World/Nova_Carter_ROS/chassis_link/sensors/back_hawk/ROS_TF/PublisherTF' did not submit transforms for topic '/tf' on flush cycle 11723
2026-09-30T16:57:24Z [221,402ms] [Warning] [isaacsim.ros2.nodes] ROS2 TF aggregation contributor '/World/Nova_Carter_ROS/chassis_link/sensors/left_owl/ROS_TF/PublisherTF' did not submit transforms for topic '/tf' on flush cycle 11723
2026-09-30T16:57:24Z [221,402ms] [Warning] [isaacsim.ros2.nodes] ROS2 TF aggregation contributor '/World/Nova_Carter_ROS/chassis_link/sensors/right_hawk/ROS_TF/PublisherTF' did not submit transforms for topic '/tf' on flush cycle 11723
2026-09-30T16:57:24Z [221,402ms] [Warning] [isaacsim.ros2.nodes] ROS2 TF aggregation contributor '/World/Nova_Carter_ROS/chassis_link/sensors/right_owl/ROS_TF/PublisherTF' did not submit transforms for topic '/tf' on flush cycle 11723
2026-09-30T16:57:24Z [221,402ms] [Warning] [isaacsim.ros2.nodes] ROS2 TF aggregation contributor '/World/Nova_Carter_ROS/chassis_link/sensors/left_hawk/ROS_TF/PublisherTF' did not submit transforms for topic '/tf' on flush cycle 11723
2026-09-30T16:57:24Z [221,402ms] [Warning] [isaacsim.ros2.nodes] ROS2 TF aggregation contributor '/World/Nova_Carter_ROS/chassis_link/sensors/front_owl/ROS_TF/PublisherTF' did not submit transforms for topic '/tf' on flush cycle 11723
2026-09-30T16:57:24Z [221,402ms] [Warning] [isaacsim.ros2.nodes] ROS2 TF aggregation contributor '/World/Nova_Carter_ROS/transform_tree_odometry/ros2_publish_raw_transform_tree' did not submit transforms for topic '/tf' on flush cycle 11723
2026-09-30T16:57:24Z [221,402ms] [Warning] [isaacsim.ros2.nodes] ROS2 TF aggregation contributor '/World/Nova_Carter_ROS/chassis_link/sensors/back_owl/ROS_TF/PublisherTF' did not submit transforms for topic '/tf' on flush cycle 11723
2026-09-30T16:57:24Z [221,402ms] [Warning] [isaacsim.ros2.nodes] ROS2 TF aggregation contributor '/World/Nova_Carter_ROS/transform_tree_odometry/tf_tree_base_link_to_wheel_base' did not submit transforms for topic '/tf' on flush cycle 11723
2026-09-30T16:57:24Z [221,402ms] [Warning] [isaacsim.ros2.nodes] ROS2 TF aggregation contributor '/World/Nova_Carter_ROS/transform_tree_odometry/tf_tree_base_link_to_sensors' did not submit transforms for topic '/tf' on flush cycle 11723
2026-09-30T16:57:24Z [221,402ms] [Warning] [isaacsim.ros2.nodes] ROS2 TF aggregation contributor '/World/Nova_Carter_ROS/transform_tree_odometry/tf_tree_base_link_to_chassis' did not submit transforms for topic '/tf' on flush cycle 11723
2026-09-30T16:57:27Z [223,496ms] [Warning] [isaacsim.ros2.nodes] ROS2 TF aggregation contributor '/World/Nova_Carter_ROS/chassis_link/sensors/XT_32/ROS_TF/PublisherTF' did not submit transforms for topic '/tf' on flush cycle 11843
2026-09-30T16:57:27Z [223,496ms] [Warning] [isaacsim.ros2.nodes] ROS2 TF aggregation contributor '/World/Nova_Carter_ROS/chassis_link/sensors/front_hawk/ROS_TF/PublisherTF' did not submit transforms for topic '/tf' on flush cycle 11843
2026-09-30T16:57:27Z [223,496ms] [Warning] [isaacsim.ros2.nodes] ROS2 TF aggregation contributor '/World/Nova_Carter_ROS/chassis_link/sensors/front_RPLidar/ROS_TF/PublisherTF' did not submit transforms for topic '/tf' on flush cycle 11843
2026-09-30T16:57:27Z [223,496ms] [Warning] [isaacsim.ros2.nodes] ROS2 TF aggregation contributor '/World/Nova_Carter_ROS/chassis_link/sensors/rear_RPLidar/ROS_TF/PublisherTF' did not submit transforms for topic '/tf' on flush cycle 11843
2026-09-30T16:57:27Z [223,496ms] [Warning] [isaacsim.ros2.nodes] ROS2 TF aggregation contributor '/World/Nova_Carter_ROS/chassis_link/sensors/back_hawk/ROS_TF/PublisherTF' did not submit transforms for topic '/tf' on flush cycle 11843
2026-09-30T16:57:27Z [223,496ms] [Warning] [isaacsim.ros2.nodes] ROS2 TF aggregation contributor '/World/Nova_Carter_ROS/chassis_link/sensors/left_owl/ROS_TF/PublisherTF' did not submit transforms for topic '/tf' on flush cycle 11843
2026-09-30T16:57:27Z [223,496ms] [Warning] [isaacsim.ros2.nodes] ROS2 TF aggregation contributor '/World/Nova_Carter_ROS/chassis_link/sensors/right_hawk/ROS_TF/PublisherTF' did not submit transforms for topic '/tf' on flush cycle 11843
2026-09-30T16:57:27Z [223,496ms] [Warning] [isaacsim.ros2.nodes] ROS2 TF aggregation contributor '/World/Nova_Carter_ROS/chassis_link/sensors/right_owl/ROS_TF/PublisherTF' did not submit transforms for topic '/tf' on flush cycle 11843
2026-09-30T16:57:27Z [223,496ms] [Warning] [isaacsim.ros2.nodes] ROS2 TF aggregation contributor '/World/Nova_Carter_ROS/chassis_link/sensors/left_hawk/ROS_TF/PublisherTF' did not submit transforms for topic '/tf' on flush cycle 11843
2026-09-30T16:57:27Z [223,496ms] [Warning] [isaacsim.ros2.nodes] ROS2 TF aggregation contributor '/World/Nova_Carter_ROS/chassis_link/sensors/front_owl/ROS_TF/PublisherTF' did not submit transforms for topic '/tf' on flush cycle 11843
2026-09-30T16:57:27Z [223,496ms] [Warning] [isaacsim.ros2.nodes] ROS2 TF aggregation contributor '/World/Nova_Carter_ROS/transform_tree_odometry/ros2_publish_raw_transform_tree' did not submit transforms for topic '/tf' on flush cycle 11843
2026-09-30T16:57:27Z [223,496ms] [Warning] [isaacsim.ros2.nodes] ROS2 TF aggregation contributor '/World/Nova_Carter_ROS/chassis_link/sensors/back_owl/ROS_TF/PublisherTF' did not submit transforms for topic '/tf' on flush cycle 11843
2026-09-30T16:57:27Z [223,496ms] [Warning] [isaacsim.ros2.nodes] ROS2 TF aggregation contributor '/World/Nova_Carter_ROS/transform_tree_odometry/tf_tree_base_link_to_wheel_base' did not submit transforms for topic '/tf' on flush cycle 11843
2026-09-30T16:57:27Z [223,496ms] [Warning] [isaacsim.ros2.nodes] ROS2 TF aggregation contributor '/World/Nova_Carter_ROS/transform_tree_odometry/tf_tree_base_link_to_sensors' did not submit transforms for topic '/tf' on flush cycle 11843
2026-09-30T16:57:27Z [223,496ms] [Warning] [isaacsim.ros2.nodes] ROS2 TF aggregation contributor '/World/Nova_Carter_ROS/transform_tree_odometry/tf_tree_base_link_to_chassis' did not submit transforms for topic '/tf' on flush cycle 11843
2026-09-30T16:57:36Z [233,417ms] [Warning] [isaacsim.ros2.nodes] ROS2 TF aggregation contributor '/World/Nova_Carter_ROS/chassis_link/sensors/XT_32/ROS_TF/PublisherTF' did not submit transforms for topic '/tf' on flush cycle 12390
2026-09-30T16:57:36Z [233,417ms] [Warning] [isaacsim.ros2.nodes] ROS2 TF aggregation contributor '/World/Nova_Carter_ROS/chassis_link/sensors/front_hawk/ROS_TF/PublisherTF' did not submit transforms for topic '/tf' on flush cycle 12390
2026-09-30T16:57:36Z [233,417ms] [Warning] [isaacsim.ros2.nodes] ROS2 TF aggregation contributor '/World/Nova_Carter_ROS/chassis_link/sensors/front_RPLidar/ROS_TF/PublisherTF' did not submit transforms for topic '/tf' on flush cycle 12390
2026-09-30T16:57:36Z [233,417ms] [Warning] [isaacsim.ros2.nodes] ROS2 TF aggregation contributor '/World/Nova_Carter_ROS/chassis_link/sensors/rear_RPLidar/ROS_TF/PublisherTF' did not submit transforms for topic '/tf' on flush cycle 12390
2026-09-30T16:57:36Z [233,417ms] [Warning] [isaacsim.ros2.nodes] ROS2 TF aggregation contributor '/World/Nova_Carter_ROS/chassis_link/sensors/back_hawk/ROS_TF/PublisherTF' did not submit transforms for topic '/tf' on flush cycle 12390
2026-09-30T16:57:36Z [233,417ms] [Warning] [isaacsim.ros2.nodes] ROS2 TF aggregation contributor '/World/Nova_Carter_ROS/chassis_link/sensors/left_owl/ROS_TF/PublisherTF' did not submit transforms for topic '/tf' on flush cycle 12390
2026-09-30T16:57:36Z [233,417ms] [Warning] [isaacsim.ros2.nodes] ROS2 TF aggregation contributor '/World/Nova_Carter_ROS/chassis_link/sensors/right_hawk/ROS_TF/PublisherTF' did not submit transforms for topic '/tf' on flush cycle 12390
2026-09-30T16:57:36Z [233,418ms] [Warning] [isaacsim.ros2.nodes] ROS2 TF aggregation contributor '/World/Nova_Carter_ROS/chassis_link/sensors/right_owl/ROS_TF/PublisherTF' did not submit transforms for topic '/tf' on flush cycle 12390
2026-09-30T16:57:36Z [233,418ms] [Warning] [isaacsim.ros2.nodes] ROS2 TF aggregation contributor '/World/Nova_Carter_ROS/chassis_link/sensors/left_hawk/ROS_TF/PublisherTF' did not submit transforms for topic '/tf' on flush cycle 12390
2026-09-30T16:57:36Z [233,418ms] [Warning] [isaacsim.ros2.nodes] ROS2 TF aggregation contributor '/World/Nova_Carter_ROS/chassis_link/sensors/front_owl/ROS_TF/PublisherTF' did not submit transforms for topic '/tf' on flush cycle 12390
2026-09-30T16:57:36Z [233,418ms] [Warning] [isaacsim.ros2.nodes] ROS2 TF aggregation contributor '/World/Nova_Carter_ROS/transform_tree_odometry/ros2_publish_raw_transform_tree' did not submit transforms for topic '/tf' on flush cycle 12390
2026-09-30T16:57:36Z [233,418ms] [Warning] [isaacsim.ros2.nodes] ROS2 TF aggregation contributor '/World/Nova_Carter_ROS/chassis_link/sensors/back_owl/ROS_TF/PublisherTF' did not submit transforms for topic '/tf' on flush cycle 12390
2026-09-30T16:57:36Z [233,418ms] [Warning] [isaacsim.ros2.nodes] ROS2 TF aggregation contributor '/World/Nova_Carter_ROS/transform_tree_odometry/tf_tree_base_link_to_wheel_base' did not submit transforms for topic '/tf' on flush cycle 12390
2026-09-30T16:57:36Z [233,418ms] [Warning] [isaacsim.ros2.nodes] ROS2 TF aggregation contributor '/World/Nova_Carter_ROS/transform_tree_odometry/tf_tree_base_link_to_sensors' did not submit transforms for topic '/tf' on flush cycle 12390
2026-09-30T16:57:36Z [233,418ms] [Warning] [isaacsim.ros2.nodes] ROS2 TF aggregation contributor '/World/Nova_Carter_ROS/transform_tree_odometry/tf_tree_base_link_to_chassis' did not submit transforms for topic '/tf' on flush cycle 12390
2026-09-30T16:57:39Z [235,500ms] [Warning] [isaacsim.ros2.nodes] ROS2 TF aggregation contributor '/World/Nova_Carter_ROS/chassis_link/sensors/XT_32/ROS_TF/PublisherTF' did not submit transforms for topic '/tf' on flush cycle 12510
2026-09-30T16:57:39Z [235,500ms] [Warning] [isaacsim.ros2.nodes] ROS2 TF aggregation contributor '/World/Nova_Carter_ROS/chassis_link/sensors/front_hawk/ROS_TF/PublisherTF' did not submit transforms for topic '/tf' on flush cycle 12510
2026-09-30T16:57:39Z [235,500ms] [Warning] [isaacsim.ros2.nodes] ROS2 TF aggregation contributor '/World/Nova_Carter_ROS/chassis_link/sensors/front_RPLidar/ROS_TF/PublisherTF' did not submit transforms for topic '/tf' on flush cycle 12510
2026-09-30T16:57:39Z [235,500ms] [Warning] [isaacsim.ros2.nodes] ROS2 TF aggregation contributor '/World/Nova_Carter_ROS/chassis_link/sensors/rear_RPLidar/ROS_TF/PublisherTF' did not submit transforms for topic '/tf' on flush cycle 12510
2026-09-30T16:57:39Z [235,500ms] [Warning] [isaacsim.ros2.nodes] ROS2 TF aggregation contributor '/World/Nova_Carter_ROS/chassis_link/sensors/back_hawk/ROS_TF/PublisherTF' did not submit transforms for topic '/tf' on flush cycle 12510
2026-09-30T16:57:39Z [235,500ms] [Warning] [isaacsim.ros2.nodes] ROS2 TF aggregation contributor '/World/Nova_Carter_ROS/chassis_link/sensors/left_owl/ROS_TF/PublisherTF' did not submit transforms for topic '/tf' on flush cycle 12510
2026-09-30T16:57:39Z [235,500ms] [Warning] [isaacsim.ros2.nodes] ROS2 TF aggregation contributor '/World/Nova_Carter_ROS/chassis_link/sensors/right_hawk/ROS_TF/PublisherTF' did not submit transforms for topic '/tf' on flush cycle 12510
2026-09-30T16:57:39Z [235,500ms] [Warning] [isaacsim.ros2.nodes] ROS2 TF aggregation contributor '/World/Nova_Carter_ROS/chassis_link/sensors/right_owl/ROS_TF/PublisherTF' did not submit transforms for topic '/tf' on flush cycle 12510
2026-09-30T16:57:39Z [235,500ms] [Warning] [isaacsim.ros2.nodes] ROS2 TF aggregation contributor '/World/Nova_Carter_ROS/chassis_link/sensors/left_hawk/ROS_TF/PublisherTF' did not submit transforms for topic '/tf' on flush cycle 12510
2026-09-30T16:57:39Z [235,500ms] [Warning] [isaacsim.ros2.nodes] ROS2 TF aggregation contributor '/World/Nova_Carter_ROS/chassis_link/sensors/front_owl/ROS_TF/PublisherTF' did not submit transforms for topic '/tf' on flush cycle 12510
2026-09-30T16:57:39Z [235,500ms] [Warning] [isaacsim.ros2.nodes] ROS2 TF aggregation contributor '/World/Nova_Carter_ROS/transform_tree_odometry/ros2_publish_raw_transform_tree' did not submit transforms for topic '/tf' on flush cycle 12510
2026-09-30T16:57:39Z [235,500ms] [Warning] [isaacsim.ros2.nodes] ROS2 TF aggregation contributor '/World/Nova_Carter_ROS/chassis_link/sensors/back_owl/ROS_TF/PublisherTF' did not submit transforms for topic '/tf' on flush cycle 12510
2026-09-30T16:57:39Z [235,500ms] [Warning] [isaacsim.ros2.nodes] ROS2 TF aggregation contributor '/World/Nova_Carter_ROS/transform_tree_odometry/tf_tree_base_link_to_wheel_base' did not submit transforms for topic '/tf' on flush cycle 12510
2026-09-30T16:57:39Z [235,500ms] [Warning] [isaacsim.ros2.nodes] ROS2 TF aggregation contributor '/World/Nova_Carter_ROS/transform_tree_odometry/tf_tree_base_link_to_sensors' did not submit transforms for topic '/tf' on flush cycle 12510
2026-09-30T16:57:39Z [235,500ms] [Warning] [isaacsim.ros2.nodes] ROS2 TF aggregation contributor '/World/Nova_Carter_ROS/transform_tree_odometry/tf_tree_base_link_to_chassis' did not submit transforms for topic '/tf' on flush cycle 12510
2026-09-30T16:57:41Z [237,591ms] [Warning] [isaacsim.ros2.nodes] ROS2 TF aggregation contributor '/World/Nova_Carter_ROS/chassis_link/sensors/XT_32/ROS_TF/PublisherTF' did not submit transforms for topic '/tf' on flush cycle 12630
2026-09-30T16:57:41Z [237,591ms] [Warning] [isaacsim.ros2.nodes] ROS2 TF aggregation contributor '/World/Nova_Carter_ROS/chassis_link/sensors/front_hawk/ROS_TF/PublisherTF' did not submit transforms for topic '/tf' on flush cycle 12630
2026-09-30T16:57:41Z [237,591ms] [Warning] [isaacsim.ros2.nodes] ROS2 TF aggregation contributor '/World/Nova_Carter_ROS/chassis_link/sensors/front_RPLidar/ROS_TF/PublisherTF' did not submit transforms for topic '/tf' on flush cycle 12630
2026-09-30T16:57:41Z [237,591ms] [Warning] [isaacsim.ros2.nodes] ROS2 TF aggregation contributor '/World/Nova_Carter_ROS/chassis_link/sensors/rear_RPLidar/ROS_TF/PublisherTF' did not submit transforms for topic '/tf' on flush cycle 12630
2026-09-30T16:57:41Z [237,591ms] [Warning] [isaacsim.ros2.nodes] ROS2 TF aggregation contributor '/World/Nova_Carter_ROS/chassis_link/sensors/back_hawk/ROS_TF/PublisherTF' did not submit transforms for topic '/tf' on flush cycle 12630
2026-09-30T16:57:41Z [237,591ms] [Warning] [isaacsim.ros2.nodes] ROS2 TF aggregation contributor '/World/Nova_Carter_ROS/chassis_link/sensors/left_owl/ROS_TF/PublisherTF' did not submit transforms for topic '/tf' on flush cycle 12630
2026-09-30T16:57:41Z [237,591ms] [Warning] [isaacsim.ros2.nodes] ROS2 TF aggregation contributor '/World/Nova_Carter_ROS/chassis_link/sensors/right_hawk/ROS_TF/PublisherTF' did not submit transforms for topic '/tf' on flush cycle 12630
2026-09-30T16:57:41Z [237,591ms] [Warning] [isaacsim.ros2.nodes] ROS2 TF aggregation contributor '/World/Nova_Carter_ROS/chassis_link/sensors/right_owl/ROS_TF/PublisherTF' did not submit transforms for topic '/tf' on flush cycle 12630
2026-09-30T16:57:41Z [237,591ms] [Warning] [isaacsim.ros2.nodes] ROS2 TF aggregation contributor '/World/Nova_Carter_ROS/chassis_link/sensors/left_hawk/ROS_TF/PublisherTF' did not submit transforms for topic '/tf' on flush cycle 12630
2026-09-30T16:57:41Z [237,591ms] [Warning] [isaacsim.ros2.nodes] ROS2 TF aggregation contributor '/World/Nova_Carter_ROS/chassis_link/sensors/front_owl/ROS_TF/PublisherTF' did not submit transforms for topic '/tf' on flush cycle 12630
2026-09-30T16:57:41Z [237,591ms] [Warning] [isaacsim.ros2.nodes] ROS2 TF aggregation contributor '/World/Nova_Carter_ROS/transform_tree_odometry/ros2_publish_raw_transform_tree' did not submit transforms for topic '/tf' on flush cycle 12630
2026-09-30T16:57:41Z [237,591ms] [Warning] [isaacsim.ros2.nodes] ROS2 TF aggregation contributor '/World/Nova_Carter_ROS/chassis_link/sensors/back_owl/ROS_TF/PublisherTF' did not submit transforms for topic '/tf' on flush cycle 12630
2026-09-30T16:57:41Z [237,591ms] [Warning] [isaacsim.ros2.nodes] ROS2 TF aggregation contributor '/World/Nova_Carter_ROS/transform_tree_odometry/tf_tree_base_link_to_wheel_base' did not submit transforms for topic '/tf' on flush cycle 12630
2026-09-30T16:57:41Z [237,591ms] [Warning] [isaacsim.ros2.nodes] ROS2 TF aggregation contributor '/World/Nova_Carter_ROS/transform_tree_odometry/tf_tree_base_link_to_sensors' did not submit transforms for topic '/tf' on flush cycle 12630
2026-09-30T16:57:41Z [237,591ms] [Warning] [isaacsim.ros2.nodes] ROS2 TF aggregation contributor '/World/Nova_Carter_ROS/transform_tree_odometry/tf_tree_base_link_to_chassis' did not submit transforms for topic '/tf' on flush cycle 12630
2026-09-30T16:57:43Z [239,638ms] [Warning] [isaacsim.ros2.nodes] ROS2 TF aggregation contributor '/World/Nova_Carter_ROS/chassis_link/sensors/XT_32/ROS_TF/PublisherTF' did not submit transforms for topic '/tf' on flush cycle 12750
2026-09-30T16:57:43Z [239,638ms] [Warning] [isaacsim.ros2.nodes] ROS2 TF aggregation contributor '/World/Nova_Carter_ROS/chassis_link/sensors/front_hawk/ROS_TF/PublisherTF' did not submit transforms for topic '/tf' on flush cycle 12750
2026-09-30T16:57:43Z [239,638ms] [Warning] [isaacsim.ros2.nodes] ROS2 TF aggregation contributor '/World/Nova_Carter_ROS/chassis_link/sensors/front_RPLidar/ROS_TF/PublisherTF' did not submit transforms for topic '/tf' on flush cycle 12750
2026-09-30T16:57:43Z [239,638ms] [Warning] [isaacsim.ros2.nodes] ROS2 TF aggregation contributor '/World/Nova_Carter_ROS/chassis_link/sensors/rear_RPLidar/ROS_TF/PublisherTF' did not submit transforms for topic '/tf' on flush cycle 12750
2026-09-30T16:57:43Z [239,638ms] [Warning] [isaacsim.ros2.nodes] ROS2 TF aggregation contributor '/World/Nova_Carter_ROS/chassis_link/sensors/back_hawk/ROS_TF/PublisherTF' did not submit transforms for topic '/tf' on flush cycle 12750
2026-09-30T16:57:43Z [239,638ms] [Warning] [isaacsim.ros2.nodes] ROS2 TF aggregation contributor '/World/Nova_Carter_ROS/chassis_link/sensors/left_owl/ROS_TF/PublisherTF' did not submit transforms for topic '/tf' on flush cycle 12750
2026-09-30T16:57:43Z [239,638ms] [Warning] [isaacsim.ros2.nodes] ROS2 TF aggregation contributor '/World/Nova_Carter_ROS/chassis_link/sensors/right_hawk/ROS_TF/PublisherTF' did not submit transforms for topic '/tf' on flush cycle 12750
2026-09-30T16:57:43Z [239,638ms] [Warning] [isaacsim.ros2.nodes] ROS2 TF aggregation contributor '/World/Nova_Carter_ROS/chassis_link/sensors/right_owl/ROS_TF/PublisherTF' did not submit transforms for topic '/tf' on flush cycle 12750
2026-09-30T16:57:43Z [239,638ms] [Warning] [isaacsim.ros2.nodes] ROS2 TF aggregation contributor '/World/Nova_Carter_ROS/chassis_link/sensors/left_hawk/ROS_TF/PublisherTF' did not submit transforms for topic '/tf' on flush cycle 12750
2026-09-30T16:57:43Z [239,638ms] [Warning] [isaacsim.ros2.nodes] ROS2 TF aggregation contributor '/World/Nova_Carter_ROS/chassis_link/sensors/front_owl/ROS_TF/PublisherTF' did not submit transforms for topic '/tf' on flush cycle 12750
2026-09-30T16:57:43Z [239,638ms] [Warning] [isaacsim.ros2.nodes] ROS2 TF aggregation contributor '/World/Nova_Carter_ROS/transform_tree_odometry/ros2_publish_raw_transform_tree' did not submit transforms for topic '/tf' on flush cycle 12750
2026-09-30T16:57:43Z [239,638ms] [Warning] [isaacsim.ros2.nodes] ROS2 TF aggregation contributor '/World/Nova_Carter_ROS/chassis_link/sensors/back_owl/ROS_TF/PublisherTF' did not submit transforms for topic '/tf' on flush cycle 12750
2026-09-30T16:57:43Z [239,638ms] [Warning] [isaacsim.ros2.nodes] ROS2 TF aggregation contributor '/World/Nova_Carter_ROS/transform_tree_odometry/tf_tree_base_link_to_wheel_base' did not submit transforms for topic '/tf' on flush cycle 12750
2026-09-30T16:57:43Z [239,638ms] [Warning] [isaacsim.ros2.nodes] ROS2 TF aggregation contributor '/World/Nova_Carter_ROS/transform_tree_odometry/tf_tree_base_link_to_sensors' did not submit transforms for topic '/tf' on flush cycle 12750
2026-09-30T16:57:43Z [239,638ms] [Warning] [isaacsim.ros2.nodes] ROS2 TF aggregation contributor '/World/Nova_Carter_ROS/transform_tree_odometry/tf_tree_base_link_to_chassis' did not submit transforms for topic '/tf' on flush cycle 12750
2026-09-30T16:57:45Z [241,689ms] [Warning] [isaacsim.ros2.nodes] ROS2 TF aggregation contributor '/World/Nova_Carter_ROS/chassis_link/sensors/XT_32/ROS_TF/PublisherTF' did not submit transforms for topic '/tf' on flush cycle 12870
2026-09-30T16:57:45Z [241,689ms] [Warning] [isaacsim.ros2.nodes] ROS2 TF aggregation contributor '/World/Nova_Carter_ROS/chassis_link/sensors/front_hawk/ROS_TF/PublisherTF' did not submit transforms for topic '/tf' on flush cycle 12870
2026-09-30T16:57:45Z [241,689ms] [Warning] [isaacsim.ros2.nodes] ROS2 TF aggregation contributor '/World/Nova_Carter_ROS/chassis_link/sensors/front_RPLidar/ROS_TF/PublisherTF' did not submit transforms for topic '/tf' on flush cycle 12870
2026-09-30T16:57:45Z [241,689ms] [Warning] [isaacsim.ros2.nodes] ROS2 TF aggregation contributor '/World/Nova_Carter_ROS/chassis_link/sensors/rear_RPLidar/ROS_TF/PublisherTF' did not submit transforms for topic '/tf' on flush cycle 12870
2026-09-30T16:57:45Z [241,689ms] [Warning] [isaacsim.ros2.nodes] ROS2 TF aggregation contributor '/World/Nova_Carter_ROS/chassis_link/sensors/back_hawk/ROS_TF/PublisherTF' did not submit transforms for topic '/tf' on flush cycle 12870
2026-09-30T16:57:45Z [241,689ms] [Warning] [isaacsim.ros2.nodes] ROS2 TF aggregation contributor '/World/Nova_Carter_ROS/chassis_link/sensors/left_owl/ROS_TF/PublisherTF' did not submit transforms for topic '/tf' on flush cycle 12870
2026-09-30T16:57:45Z [241,689ms] [Warning] [isaacsim.ros2.nodes] ROS2 TF aggregation contributor '/World/Nova_Carter_ROS/chassis_link/sensors/right_hawk/ROS_TF/PublisherTF' did not submit transforms for topic '/tf' on flush cycle 12870
2026-09-30T16:57:45Z [241,689ms] [Warning] [isaacsim.ros2.nodes] ROS2 TF aggregation contributor '/World/Nova_Carter_ROS/chassis_link/sensors/right_owl/ROS_TF/PublisherTF' did not submit transforms for topic '/tf' on flush cycle 12870
2026-09-30T16:57:45Z [241,689ms] [Warning] [isaacsim.ros2.nodes] ROS2 TF aggregation contributor '/World/Nova_Carter_ROS/chassis_link/sensors/left_hawk/ROS_TF/PublisherTF' did not submit transforms for topic '/tf' on flush cycle 12870
2026-09-30T16:57:45Z [241,689ms] [Warning] [isaacsim.ros2.nodes] ROS2 TF aggregation contributor '/World/Nova_Carter_ROS/chassis_link/sensors/front_owl/ROS_TF/PublisherTF' did not submit transforms for topic '/tf' on flush cycle 12870
2026-09-30T16:57:45Z [241,689ms] [Warning] [isaacsim.ros2.nodes] ROS2 TF aggregation contributor '/World/Nova_Carter_ROS/transform_tree_odometry/ros2_publish_raw_transform_tree' did not submit transforms for topic '/tf' on flush cycle 12870
2026-09-30T16:57:45Z [241,689ms] [Warning] [isaacsim.ros2.nodes] ROS2 TF aggregation contributor '/World/Nova_Carter_ROS/chassis_link/sensors/back_owl/ROS_TF/PublisherTF' did not submit transforms for topic '/tf' on flush cycle 12870
2026-09-30T16:57:45Z [241,689ms] [Warning] [isaacsim.ros2.nodes] ROS2 TF aggregation contributor '/World/Nova_Carter_ROS/transform_tree_odometry/tf_tree_base_link_to_wheel_base' did not submit transforms for topic '/tf' on flush cycle 12870
2026-09-30T16:57:45Z [241,689ms] [Warning] [isaacsim.ros2.nodes] ROS2 TF aggregation contributor '/World/Nova_Carter_ROS/transform_tree_odometry/tf_tree_base_link_to_sensors' did not submit transforms for topic '/tf' on flush cycle 12870
2026-09-30T16:57:45Z [241,689ms] [Warning] [isaacsim.ros2.nodes] ROS2 TF aggregation contributor '/World/Nova_Carter_ROS/transform_tree_odometry/tf_tree_base_link_to_chassis' did not submit transforms for topic '/tf' on flush cycle 12870
2026-09-30T16:57:47Z [243,739ms] [Warning] [isaacsim.ros2.nodes] ROS2 TF aggregation contributor '/World/Nova_Carter_ROS/chassis_link/sensors/XT_32/ROS_TF/PublisherTF' did not submit transforms for topic '/tf' on flush cycle 12990
2026-09-30T16:57:47Z [243,739ms] [Warning] [isaacsim.ros2.nodes] ROS2 TF aggregation contributor '/World/Nova_Carter_ROS/chassis_link/sensors/front_hawk/ROS_TF/PublisherTF' did not submit transforms for topic '/tf' on flush cycle 12990
2026-09-30T16:57:47Z [243,739ms] [Warning] [isaacsim.ros2.nodes] ROS2 TF aggregation contributor '/World/Nova_Carter_ROS/chassis_link/sensors/front_RPLidar/ROS_TF/PublisherTF' did not submit transforms for topic '/tf' on flush cycle 12990
2026-09-30T16:57:47Z [243,739ms] [Warning] [isaacsim.ros2.nodes] ROS2 TF aggregation contributor '/World/Nova_Carter_ROS/chassis_link/sensors/rear_RPLidar/ROS_TF/PublisherTF' did not submit transforms for topic '/tf' on flush cycle 12990
2026-09-30T16:57:47Z [243,739ms] [Warning] [isaacsim.ros2.nodes] ROS2 TF aggregation contributor '/World/Nova_Carter_ROS/chassis_link/sensors/back_hawk/ROS_TF/PublisherTF' did not submit transforms for topic '/tf' on flush cycle 12990
2026-09-30T16:57:47Z [243,739ms] [Warning] [isaacsim.ros2.nodes] ROS2 TF aggregation contributor '/World/Nova_Carter_ROS/chassis_link/sensors/left_owl/ROS_TF/PublisherTF' did not submit transforms for topic '/tf' on flush cycle 12990
2026-09-30T16:57:47Z [243,739ms] [Warning] [isaacsim.ros2.nodes] ROS2 TF aggregation contributor '/World/Nova_Carter_ROS/chassis_link/sensors/right_hawk/ROS_TF/PublisherTF' did not submit transforms for topic '/tf' on flush cycle 12990
2026-09-30T16:57:47Z [243,739ms] [Warning] [isaacsim.ros2.nodes] ROS2 TF aggregation contributor '/World/Nova_Carter_ROS/chassis_link/sensors/right_owl/ROS_TF/PublisherTF' did not submit transforms for topic '/tf' on flush cycle 12990
2026-09-30T16:57:47Z [243,739ms] [Warning] [isaacsim.ros2.nodes] ROS2 TF aggregation contributor '/World/Nova_Carter_ROS/chassis_link/sensors/left_hawk/ROS_TF/PublisherTF' did not submit transforms for topic '/tf' on flush cycle 12990
2026-09-30T16:57:47Z [243,739ms] [Warning] [isaacsim.ros2.nodes] ROS2 TF aggregation contributor '/World/Nova_Carter_ROS/chassis_link/sensors/front_owl/ROS_TF/PublisherTF' did not submit transforms for topic '/tf' on flush cycle 12990
2026-09-30T16:57:47Z [243,739ms] [Warning] [isaacsim.ros2.nodes] ROS2 TF aggregation contributor '/World/Nova_Carter_ROS/transform_tree_odometry/ros2_publish_raw_transform_tree' did not submit transforms for topic '/tf' on flush cycle 12990
2026-09-30T16:57:47Z [243,739ms] [Warning] [isaacsim.ros2.nodes] ROS2 TF aggregation contributor '/World/Nova_Carter_ROS/chassis_link/sensors/back_owl/ROS_TF/PublisherTF' did not submit transforms for topic '/tf' on flush cycle 12990
2026-09-30T16:57:47Z [243,739ms] [Warning] [isaacsim.ros2.nodes] ROS2 TF aggregation contributor '/World/Nova_Carter_ROS/transform_tree_odometry/tf_tree_base_link_to_wheel_base' did not submit transforms for topic '/tf' on flush cycle 12990
2026-09-30T16:57:47Z [243,739ms] [Warning] [isaacsim.ros2.nodes] ROS2 TF aggregation contributor '/World/Nova_Carter_ROS/transform_tree_odometry/tf_tree_base_link_to_sensors' did not submit transforms for topic '/tf' on flush cycle 12990
2026-09-30T16:57:47Z [243,739ms] [Warning] [isaacsim.ros2.nodes] ROS2 TF aggregation contributor '/World/Nova_Carter_ROS/transform_tree_odometry/tf_tree_base_link_to_chassis' did not submit transforms for topic '/tf' on flush cycle 12990
2026-09-30T16:57:49Z [245,788ms] [Warning] [isaacsim.ros2.nodes] ROS2 TF aggregation contributor '/World/Nova_Carter_ROS/chassis_link/sensors/XT_32/ROS_TF/PublisherTF' did not submit transforms for topic '/tf' on flush cycle 13110
2026-09-30T16:57:49Z [245,788ms] [Warning] [isaacsim.ros2.nodes] ROS2 TF aggregation contributor '/World/Nova_Carter_ROS/chassis_link/sensors/front_hawk/ROS_TF/PublisherTF' did not submit transforms for topic '/tf' on flush cycle 13110
2026-09-30T16:57:49Z [245,788ms] [Warning] [isaacsim.ros2.nodes] ROS2 TF aggregation contributor '/World/Nova_Carter_ROS/chassis_link/sensors/front_RPLidar/ROS_TF/PublisherTF' did not submit transforms for topic '/tf' on flush cycle 13110
2026-09-30T16:57:49Z [245,788ms] [Warning] [isaacsim.ros2.nodes] ROS2 TF aggregation contributor '/World/Nova_Carter_ROS/chassis_link/sensors/rear_RPLidar/ROS_TF/PublisherTF' did not submit transforms for topic '/tf' on flush cycle 13110
2026-09-30T16:57:49Z [245,788ms] [Warning] [isaacsim.ros2.nodes] ROS2 TF aggregation contributor '/World/Nova_Carter_ROS/chassis_link/sensors/back_hawk/ROS_TF/PublisherTF' did not submit transforms for topic '/tf' on flush cycle 13110
2026-09-30T16:57:49Z [245,788ms] [Warning] [isaacsim.ros2.nodes] ROS2 TF aggregation contributor '/World/Nova_Carter_ROS/chassis_link/sensors/left_owl/ROS_TF/PublisherTF' did not submit transforms for topic '/tf' on flush cycle 13110
2026-09-30T16:57:49Z [245,788ms] [Warning] [isaacsim.ros2.nodes] ROS2 TF aggregation contributor '/World/Nova_Carter_ROS/chassis_link/sensors/right_hawk/ROS_TF/PublisherTF' did not submit transforms for topic '/tf' on flush cycle 13110
2026-09-30T16:57:49Z [245,788ms] [Warning] [isaacsim.ros2.nodes] ROS2 TF aggregation contributor '/World/Nova_Carter_ROS/chassis_link/sensors/right_owl/ROS_TF/PublisherTF' did not submit transforms for topic '/tf' on flush cycle 13110
2026-09-30T16:57:49Z [245,788ms] [Warning] [isaacsim.ros2.nodes] ROS2 TF aggregation contributor '/World/Nova_Carter_ROS/chassis_link/sensors/left_hawk/ROS_TF/PublisherTF' did not submit transforms for topic '/tf' on flush cycle 13110
2026-09-30T16:57:49Z [245,788ms] [Warning] [isaacsim.ros2.nodes] ROS2 TF aggregation contributor '/World/Nova_Carter_ROS/chassis_link/sensors/front_owl/ROS_TF/PublisherTF' did not submit transforms for topic '/tf' on flush cycle 13110
2026-09-30T16:57:49Z [245,788ms] [Warning] [isaacsim.ros2.nodes] ROS2 TF aggregation contributor '/World/Nova_Carter_ROS/transform_tree_odometry/ros2_publish_raw_transform_tree' did not submit transforms for topic '/tf' on flush cycle 13110
2026-09-30T16:57:49Z [245,788ms] [Warning] [isaacsim.ros2.nodes] ROS2 TF aggregation contributor '/World/Nova_Carter_ROS/chassis_link/sensors/back_owl/ROS_TF/PublisherTF' did not submit transforms for topic '/tf' on flush cycle 13110
2026-09-30T16:57:49Z [245,788ms] [Warning] [isaacsim.ros2.nodes] ROS2 TF aggregation contributor '/World/Nova_Carter_ROS/transform_tree_odometry/tf_tree_base_link_to_wheel_base' did not submit transforms for topic '/tf' on flush cycle 13110
2026-09-30T16:57:49Z [245,788ms] [Warning] [isaacsim.ros2.nodes] ROS2 TF aggregation contributor '/World/Nova_Carter_ROS/transform_tree_odometry/tf_tree_base_link_to_sensors' did not submit transforms for topic '/tf' on flush cycle 13110
2026-09-30T16:57:49Z [245,788ms] [Warning] [isaacsim.ros2.nodes] ROS2 TF aggregation contributor '/World/Nova_Carter_ROS/transform_tree_odometry/tf_tree_base_link_to_chassis' did not submit transforms for topic '/tf' on flush cycle 13110
2026-09-30T16:57:53Z [249,676ms] [Warning] [omni.graph.core.plugin] /World/Nova_Carter_ROS/differential_drive/differential_controller_01: [/World/Nova_Carter_ROS/differential_drive] Invalid deltaTime 0.000000, cannot check for acceleration limits, skipping current step
2026-09-30T16:57:59Z [255,703ms] [Warning] [isaacsim.ros2.nodes] ROS2 TF aggregation contributor '/World/Nova_Carter_ROS/chassis_link/sensors/XT_32/ROS_TF/PublisherTF' did not submit transforms for topic '/tf' on flush cycle 13658
2026-09-30T16:57:59Z [255,703ms] [Warning] [isaacsim.ros2.nodes] ROS2 TF aggregation contributor '/World/Nova_Carter_ROS/chassis_link/sensors/front_hawk/ROS_TF/PublisherTF' did not submit transforms for topic '/tf' on flush cycle 13658
2026-09-30T16:57:59Z [255,703ms] [Warning] [isaacsim.ros2.nodes] ROS2 TF aggregation contributor '/World/Nova_Carter_ROS/chassis_link/sensors/front_RPLidar/ROS_TF/PublisherTF' did not submit transforms for topic '/tf' on flush cycle 13658
2026-09-30T16:57:59Z [255,703ms] [Warning] [isaacsim.ros2.nodes] ROS2 TF aggregation contributor '/World/Nova_Carter_ROS/chassis_link/sensors/rear_RPLidar/ROS_TF/PublisherTF' did not submit transforms for topic '/tf' on flush cycle 13658
2026-09-30T16:57:59Z [255,703ms] [Warning] [isaacsim.ros2.nodes] ROS2 TF aggregation contributor '/World/Nova_Carter_ROS/chassis_link/sensors/back_hawk/ROS_TF/PublisherTF' did not submit transforms for topic '/tf' on flush cycle 13658
2026-09-30T16:57:59Z [255,703ms] [Warning] [isaacsim.ros2.nodes] ROS2 TF aggregation contributor '/World/Nova_Carter_ROS/chassis_link/sensors/left_owl/ROS_TF/PublisherTF' did not submit transforms for topic '/tf' on flush cycle 13658
2026-09-30T16:57:59Z [255,703ms] [Warning] [isaacsim.ros2.nodes] ROS2 TF aggregation contributor '/World/Nova_Carter_ROS/chassis_link/sensors/right_hawk/ROS_TF/PublisherTF' did not submit transforms for topic '/tf' on flush cycle 13658
2026-09-30T16:57:59Z [255,703ms] [Warning] [isaacsim.ros2.nodes] ROS2 TF aggregation contributor '/World/Nova_Carter_ROS/chassis_link/sensors/right_owl/ROS_TF/PublisherTF' did not submit transforms for topic '/tf' on flush cycle 13658
2026-09-30T16:57:59Z [255,703ms] [Warning] [isaacsim.ros2.nodes] ROS2 TF aggregation contributor '/World/Nova_Carter_ROS/chassis_link/sensors/left_hawk/ROS_TF/PublisherTF' did not submit transforms for topic '/tf' on flush cycle 13658
2026-09-30T16:57:59Z [255,703ms] [Warning] [isaacsim.ros2.nodes] ROS2 TF aggregation contributor '/World/Nova_Carter_ROS/chassis_link/sensors/front_owl/ROS_TF/PublisherTF' did not submit transforms for topic '/tf' on flush cycle 13658
2026-09-30T16:57:59Z [255,703ms] [Warning] [isaacsim.ros2.nodes] ROS2 TF aggregation contributor '/World/Nova_Carter_ROS/transform_tree_odometry/ros2_publish_raw_transform_tree' did not submit transforms for topic '/tf' on flush cycle 13658
2026-09-30T16:57:59Z [255,703ms] [Warning] [isaacsim.ros2.nodes] ROS2 TF aggregation contributor '/World/Nova_Carter_ROS/chassis_link/sensors/back_owl/ROS_TF/PublisherTF' did not submit transforms for topic '/tf' on flush cycle 13658
2026-09-30T16:57:59Z [255,703ms] [Warning] [isaacsim.ros2.nodes] ROS2 TF aggregation contributor '/World/Nova_Carter_ROS/transform_tree_odometry/tf_tree_base_link_to_wheel_base' did not submit transforms for topic '/tf' on flush cycle 13658
2026-09-30T16:57:59Z [255,703ms] [Warning] [isaacsim.ros2.nodes] ROS2 TF aggregation contributor '/World/Nova_Carter_ROS/transform_tree_odometry/tf_tree_base_link_to_sensors' did not submit transforms for topic '/tf' on flush cycle 13658
2026-09-30T16:57:59Z [255,703ms] [Warning] [isaacsim.ros2.nodes] ROS2 TF aggregation contributor '/World/Nova_Carter_ROS/transform_tree_odometry/tf_tree_base_link_to_chassis' did not submit transforms for topic '/tf' on flush cycle 13658
2026-09-30T16:58:01Z [257,745ms] [Warning] [isaacsim.ros2.nodes] ROS2 TF aggregation contributor '/World/Nova_Carter_ROS/chassis_link/sensors/XT_32/ROS_TF/PublisherTF' did not submit transforms for topic '/tf' on flush cycle 13778
2026-09-30T16:58:01Z [257,745ms] [Warning] [isaacsim.ros2.nodes] ROS2 TF aggregation contributor '/World/Nova_Carter_ROS/chassis_link/sensors/front_hawk/ROS_TF/PublisherTF' did not submit transforms for topic '/tf' on flush cycle 13778
2026-09-30T16:58:01Z [257,745ms] [Warning] [isaacsim.ros2.nodes] ROS2 TF aggregation contributor '/World/Nova_Carter_ROS/chassis_link/sensors/front_RPLidar/ROS_TF/PublisherTF' did not submit transforms for topic '/tf' on flush cycle 13778
2026-09-30T16:58:01Z [257,745ms] [Warning] [isaacsim.ros2.nodes] ROS2 TF aggregation contributor '/World/Nova_Carter_ROS/chassis_link/sensors/rear_RPLidar/ROS_TF/PublisherTF' did not submit transforms for topic '/tf' on flush cycle 13778
2026-09-30T16:58:01Z [257,745ms] [Warning] [isaacsim.ros2.nodes] ROS2 TF aggregation contributor '/World/Nova_Carter_ROS/chassis_link/sensors/back_hawk/ROS_TF/PublisherTF' did not submit transforms for topic '/tf' on flush cycle 13778
2026-09-30T16:58:01Z [257,745ms] [Warning] [isaacsim.ros2.nodes] ROS2 TF aggregation contributor '/World/Nova_Carter_ROS/chassis_link/sensors/left_owl/ROS_TF/PublisherTF' did not submit transforms for topic '/tf' on flush cycle 13778
2026-09-30T16:58:01Z [257,745ms] [Warning] [isaacsim.ros2.nodes] ROS2 TF aggregation contributor '/World/Nova_Carter_ROS/chassis_link/sensors/right_hawk/ROS_TF/PublisherTF' did not submit transforms for topic '/tf' on flush cycle 13778
2026-09-30T16:58:01Z [257,745ms] [Warning] [isaacsim.ros2.nodes] ROS2 TF aggregation contributor '/World/Nova_Carter_ROS/chassis_link/sensors/right_owl/ROS_TF/PublisherTF' did not submit transforms for topic '/tf' on flush cycle 13778
2026-09-30T16:58:01Z [257,745ms] [Warning] [isaacsim.ros2.nodes] ROS2 TF aggregation contributor '/World/Nova_Carter_ROS/chassis_link/sensors/left_hawk/ROS_TF/PublisherTF' did not submit transforms for topic '/tf' on flush cycle 13778
2026-09-30T16:58:01Z [257,745ms] [Warning] [isaacsim.ros2.nodes] ROS2 TF aggregation contributor '/World/Nova_Carter_ROS/chassis_link/sensors/front_owl/ROS_TF/PublisherTF' did not submit transforms for topic '/tf' on flush cycle 13778
2026-09-30T16:58:01Z [257,745ms] [Warning] [isaacsim.ros2.nodes] ROS2 TF aggregation contributor '/World/Nova_Carter_ROS/transform_tree_odometry/ros2_publish_raw_transform_tree' did not submit transforms for topic '/tf' on flush cycle 13778
2026-09-30T16:58:01Z [257,745ms] [Warning] [isaacsim.ros2.nodes] ROS2 TF aggregation contributor '/World/Nova_Carter_ROS/chassis_link/sensors/back_owl/ROS_TF/PublisherTF' did not submit transforms for topic '/tf' on flush cycle 13778
2026-09-30T16:58:01Z [257,745ms] [Warning] [isaacsim.ros2.nodes] ROS2 TF aggregation contributor '/World/Nova_Carter_ROS/transform_tree_odometry/tf_tree_base_link_to_wheel_base' did not submit transforms for topic '/tf' on flush cycle 13778
2026-09-30T16:58:01Z [257,745ms] [Warning] [isaacsim.ros2.nodes] ROS2 TF aggregation contributor '/World/Nova_Carter_ROS/transform_tree_odometry/tf_tree_base_link_to_sensors' did not submit transforms for topic '/tf' on flush cycle 13778
2026-09-30T16:58:01Z [257,745ms] [Warning] [isaacsim.ros2.nodes] ROS2 TF aggregation contributor '/World/Nova_Carter_ROS/transform_tree_odometry/tf_tree_base_link_to_chassis' did not submit transforms for topic '/tf' on flush cycle 13778
2026-09-30T16:58:03Z [259,796ms] [Warning] [isaacsim.ros2.nodes] ROS2 TF aggregation contributor '/World/Nova_Carter_ROS/chassis_link/sensors/XT_32/ROS_TF/PublisherTF' did not submit transforms for topic '/tf' on flush cycle 13898
2026-09-30T16:58:03Z [259,796ms] [Warning] [isaacsim.ros2.nodes] ROS2 TF aggregation contributor '/World/Nova_Carter_ROS/chassis_link/sensors/front_hawk/ROS_TF/PublisherTF' did not submit transforms for topic '/tf' on flush cycle 13898
2026-09-30T16:58:03Z [259,796ms] [Warning] [isaacsim.ros2.nodes] ROS2 TF aggregation contributor '/World/Nova_Carter_ROS/chassis_link/sensors/front_RPLidar/ROS_TF/PublisherTF' did not submit transforms for topic '/tf' on flush cycle 13898
2026-09-30T16:58:03Z [259,796ms] [Warning] [isaacsim.ros2.nodes] ROS2 TF aggregation contributor '/World/Nova_Carter_ROS/chassis_link/sensors/rear_RPLidar/ROS_TF/PublisherTF' did not submit transforms for topic '/tf' on flush cycle 13898
2026-09-30T16:58:03Z [259,796ms] [Warning] [isaacsim.ros2.nodes] ROS2 TF aggregation contributor '/World/Nova_Carter_ROS/chassis_link/sensors/back_hawk/ROS_TF/PublisherTF' did not submit transforms for topic '/tf' on flush cycle 13898
2026-09-30T16:58:03Z [259,796ms] [Warning] [isaacsim.ros2.nodes] ROS2 TF aggregation contributor '/World/Nova_Carter_ROS/chassis_link/sensors/left_owl/ROS_TF/PublisherTF' did not submit transforms for topic '/tf' on flush cycle 13898
2026-09-30T16:58:03Z [259,796ms] [Warning] [isaacsim.ros2.nodes] ROS2 TF aggregation contributor '/World/Nova_Carter_ROS/chassis_link/sensors/right_hawk/ROS_TF/PublisherTF' did not submit transforms for topic '/tf' on flush cycle 13898
2026-09-30T16:58:03Z [259,796ms] [Warning] [isaacsim.ros2.nodes] ROS2 TF aggregation contributor '/World/Nova_Carter_ROS/chassis_link/sensors/right_owl/ROS_TF/PublisherTF' did not submit transforms for topic '/tf' on flush cycle 13898
2026-09-30T16:58:03Z [259,796ms] [Warning] [isaacsim.ros2.nodes] ROS2 TF aggregation contributor '/World/Nova_Carter_ROS/chassis_link/sensors/left_hawk/ROS_TF/PublisherTF' did not submit transforms for topic '/tf' on flush cycle 13898
2026-09-30T16:58:03Z [259,796ms] [Warning] [isaacsim.ros2.nodes] ROS2 TF aggregation contributor '/World/Nova_Carter_ROS/chassis_link/sensors/front_owl/ROS_TF/PublisherTF' did not submit transforms for topic '/tf' on flush cycle 13898
2026-09-30T16:58:03Z [259,796ms] [Warning] [isaacsim.ros2.nodes] ROS2 TF aggregation contributor '/World/Nova_Carter_ROS/transform_tree_odometry/ros2_publish_raw_transform_tree' did not submit transforms for topic '/tf' on flush cycle 13898
2026-09-30T16:58:03Z [259,796ms] [Warning] [isaacsim.ros2.nodes] ROS2 TF aggregation contributor '/World/Nova_Carter_ROS/chassis_link/sensors/back_owl/ROS_TF/PublisherTF' did not submit transforms for topic '/tf' on flush cycle 13898
2026-09-30T16:58:03Z [259,796ms] [Warning] [isaacsim.ros2.nodes] ROS2 TF aggregation contributor '/World/Nova_Carter_ROS/transform_tree_odometry/tf_tree_base_link_to_wheel_base' did not submit transforms for topic '/tf' on flush cycle 13898
2026-09-30T16:58:03Z [259,796ms] [Warning] [isaacsim.ros2.nodes] ROS2 TF aggregation contributor '/World/Nova_Carter_ROS/transform_tree_odometry/tf_tree_base_link_to_sensors' did not submit transforms for topic '/tf' on flush cycle 13898
2026-09-30T16:58:03Z [259,796ms] [Warning] [isaacsim.ros2.nodes] ROS2 TF aggregation contributor '/World/Nova_Carter_ROS/transform_tree_odometry/tf_tree_base_link_to_chassis' did not submit transforms for topic '/tf' on flush cycle 13898
2026-09-30T16:58:05Z [261,846ms] [Warning] [isaacsim.ros2.nodes] ROS2 TF aggregation contributor '/World/Nova_Carter_ROS/chassis_link/sensors/XT_32/ROS_TF/PublisherTF' did not submit transforms for topic '/tf' on flush cycle 14018
2026-09-30T16:58:05Z [261,846ms] [Warning] [isaacsim.ros2.nodes] ROS2 TF aggregation contributor '/World/Nova_Carter_ROS/chassis_link/sensors/front_hawk/ROS_TF/PublisherTF' did not submit transforms for topic '/tf' on flush cycle 14018
2026-09-30T16:58:05Z [261,846ms] [Warning] [isaacsim.ros2.nodes] ROS2 TF aggregation contributor '/World/Nova_Carter_ROS/chassis_link/sensors/front_RPLidar/ROS_TF/PublisherTF' did not submit transforms for topic '/tf' on flush cycle 14018
2026-09-30T16:58:05Z [261,846ms] [Warning] [isaacsim.ros2.nodes] ROS2 TF aggregation contributor '/World/Nova_Carter_ROS/chassis_link/sensors/rear_RPLidar/ROS_TF/PublisherTF' did not submit transforms for topic '/tf' on flush cycle 14018
2026-09-30T16:58:05Z [261,846ms] [Warning] [isaacsim.ros2.nodes] ROS2 TF aggregation contributor '/World/Nova_Carter_ROS/chassis_link/sensors/back_hawk/ROS_TF/PublisherTF' did not submit transforms for topic '/tf' on flush cycle 14018
2026-09-30T16:58:05Z [261,846ms] [Warning] [isaacsim.ros2.nodes] ROS2 TF aggregation contributor '/World/Nova_Carter_ROS/chassis_link/sensors/left_owl/ROS_TF/PublisherTF' did not submit transforms for topic '/tf' on flush cycle 14018
2026-09-30T16:58:05Z [261,846ms] [Warning] [isaacsim.ros2.nodes] ROS2 TF aggregation contributor '/World/Nova_Carter_ROS/chassis_link/sensors/right_hawk/ROS_TF/PublisherTF' did not submit transforms for topic '/tf' on flush cycle 14018
2026-09-30T16:58:05Z [261,846ms] [Warning] [isaacsim.ros2.nodes] ROS2 TF aggregation contributor '/World/Nova_Carter_ROS/chassis_link/sensors/right_owl/ROS_TF/PublisherTF' did not submit transforms for topic '/tf' on flush cycle 14018
2026-09-30T16:58:05Z [261,846ms] [Warning] [isaacsim.ros2.nodes] ROS2 TF aggregation contributor '/World/Nova_Carter_ROS/chassis_link/sensors/left_hawk/ROS_TF/PublisherTF' did not submit transforms for topic '/tf' on flush cycle 14018
2026-09-30T16:58:05Z [261,846ms] [Warning] [isaacsim.ros2.nodes] ROS2 TF aggregation contributor '/World/Nova_Carter_ROS/chassis_link/sensors/front_owl/ROS_TF/PublisherTF' did not submit transforms for topic '/tf' on flush cycle 14018
2026-09-30T16:58:05Z [261,846ms] [Warning] [isaacsim.ros2.nodes] ROS2 TF aggregation contributor '/World/Nova_Carter_ROS/transform_tree_odometry/ros2_publish_raw_transform_tree' did not submit transforms for topic '/tf' on flush cycle 14018
2026-09-30T16:58:05Z [261,846ms] [Warning] [isaacsim.ros2.nodes] ROS2 TF aggregation contributor '/World/Nova_Carter_ROS/chassis_link/sensors/back_owl/ROS_TF/PublisherTF' did not submit transforms for topic '/tf' on flush cycle 14018
2026-09-30T16:58:05Z [261,846ms] [Warning] [isaacsim.ros2.nodes] ROS2 TF aggregation contributor '/World/Nova_Carter_ROS/transform_tree_odometry/tf_tree_base_link_to_wheel_base' did not submit transforms for topic '/tf' on flush cycle 14018
2026-09-30T16:58:05Z [261,846ms] [Warning] [isaacsim.ros2.nodes] ROS2 TF aggregation contributor '/World/Nova_Carter_ROS/transform_tree_odometry/tf_tree_base_link_to_sensors' did not submit transforms for topic '/tf' on flush cycle 14018
2026-09-30T16:58:05Z [261,846ms] [Warning] [isaacsim.ros2.nodes] ROS2 TF aggregation contributor '/World/Nova_Carter_ROS/transform_tree_odometry/tf_tree_base_link_to_chassis' did not submit transforms for topic '/tf' on flush cycle 14018
2026-09-30T16:58:07Z [263,894ms] [Warning] [isaacsim.ros2.nodes] ROS2 TF aggregation contributor '/World/Nova_Carter_ROS/chassis_link/sensors/XT_32/ROS_TF/PublisherTF' did not submit transforms for topic '/tf' on flush cycle 14138
2026-09-30T16:58:07Z [263,894ms] [Warning] [isaacsim.ros2.nodes] ROS2 TF aggregation contributor '/World/Nova_Carter_ROS/chassis_link/sensors/front_hawk/ROS_TF/PublisherTF' did not submit transforms for topic '/tf' on flush cycle 14138
2026-09-30T16:58:07Z [263,894ms] [Warning] [isaacsim.ros2.nodes] ROS2 TF aggregation contributor '/World/Nova_Carter_ROS/chassis_link/sensors/front_RPLidar/ROS_TF/PublisherTF' did not submit transforms for topic '/tf' on flush cycle 14138
2026-09-30T16:58:07Z [263,895ms] [Warning] [isaacsim.ros2.nodes] ROS2 TF aggregation contributor '/World/Nova_Carter_ROS/chassis_link/sensors/rear_RPLidar/ROS_TF/PublisherTF' did not submit transforms for topic '/tf' on flush cycle 14138
2026-09-30T16:58:07Z [263,895ms] [Warning] [isaacsim.ros2.nodes] ROS2 TF aggregation contributor '/World/Nova_Carter_ROS/chassis_link/sensors/back_hawk/ROS_TF/PublisherTF' did not submit transforms for topic '/tf' on flush cycle 14138
2026-09-30T16:58:07Z [263,895ms] [Warning] [isaacsim.ros2.nodes] ROS2 TF aggregation contributor '/World/Nova_Carter_ROS/chassis_link/sensors/left_owl/ROS_TF/PublisherTF' did not submit transforms for topic '/tf' on flush cycle 14138
2026-09-30T16:58:07Z [263,895ms] [Warning] [isaacsim.ros2.nodes] ROS2 TF aggregation contributor '/World/Nova_Carter_ROS/chassis_link/sensors/right_hawk/ROS_TF/PublisherTF' did not submit transforms for topic '/tf' on flush cycle 14138
2026-09-30T16:58:07Z [263,895ms] [Warning] [isaacsim.ros2.nodes] ROS2 TF aggregation contributor '/World/Nova_Carter_ROS/chassis_link/sensors/right_owl/ROS_TF/PublisherTF' did not submit transforms for topic '/tf' on flush cycle 14138
2026-09-30T16:58:07Z [263,895ms] [Warning] [isaacsim.ros2.nodes] ROS2 TF aggregation contributor '/World/Nova_Carter_ROS/chassis_link/sensors/left_hawk/ROS_TF/PublisherTF' did not submit transforms for topic '/tf' on flush cycle 14138
2026-09-30T16:58:07Z [263,895ms] [Warning] [isaacsim.ros2.nodes] ROS2 TF aggregation contributor '/World/Nova_Carter_ROS/chassis_link/sensors/front_owl/ROS_TF/PublisherTF' did not submit transforms for topic '/tf' on flush cycle 14138
2026-09-30T16:58:07Z [263,895ms] [Warning] [isaacsim.ros2.nodes] ROS2 TF aggregation contributor '/World/Nova_Carter_ROS/transform_tree_odometry/ros2_publish_raw_transform_tree' did not submit transforms for topic '/tf' on flush cycle 14138
2026-09-30T16:58:07Z [263,895ms] [Warning] [isaacsim.ros2.nodes] ROS2 TF aggregation contributor '/World/Nova_Carter_ROS/chassis_link/sensors/back_owl/ROS_TF/PublisherTF' did not submit transforms for topic '/tf' on flush cycle 14138
2026-09-30T16:58:07Z [263,895ms] [Warning] [isaacsim.ros2.nodes] ROS2 TF aggregation contributor '/World/Nova_Carter_ROS/transform_tree_odometry/tf_tree_base_link_to_wheel_base' did not submit transforms for topic '/tf' on flush cycle 14138
2026-09-30T16:58:07Z [263,895ms] [Warning] [isaacsim.ros2.nodes] ROS2 TF aggregation contributor '/World/Nova_Carter_ROS/transform_tree_odometry/tf_tree_base_link_to_sensors' did not submit transforms for topic '/tf' on flush cycle 14138
2026-09-30T16:58:07Z [263,895ms] [Warning] [isaacsim.ros2.nodes] ROS2 TF aggregation contributor '/World/Nova_Carter_ROS/transform_tree_odometry/tf_tree_base_link_to_chassis' did not submit transforms for topic '/tf' on flush cycle 14138
2026-09-30T16:58:09Z [265,946ms] [Warning] [isaacsim.ros2.nodes] ROS2 TF aggregation contributor '/World/Nova_Carter_ROS/chassis_link/sensors/XT_32/ROS_TF/PublisherTF' did not submit transforms for topic '/tf' on flush cycle 14258
2026-09-30T16:58:09Z [265,946ms] [Warning] [isaacsim.ros2.nodes] ROS2 TF aggregation contributor '/World/Nova_Carter_ROS/chassis_link/sensors/front_hawk/ROS_TF/PublisherTF' did not submit transforms for topic '/tf' on flush cycle 14258
2026-09-30T16:58:09Z [265,946ms] [Warning] [isaacsim.ros2.nodes] ROS2 TF aggregation contributor '/World/Nova_Carter_ROS/chassis_link/sensors/front_RPLidar/ROS_TF/PublisherTF' did not submit transforms for topic '/tf' on flush cycle 14258
2026-09-30T16:58:09Z [265,946ms] [Warning] [isaacsim.ros2.nodes] ROS2 TF aggregation contributor '/World/Nova_Carter_ROS/chassis_link/sensors/rear_RPLidar/ROS_TF/PublisherTF' did not submit transforms for topic '/tf' on flush cycle 14258
2026-09-30T16:58:09Z [265,946ms] [Warning] [isaacsim.ros2.nodes] ROS2 TF aggregation contributor '/World/Nova_Carter_ROS/chassis_link/sensors/back_hawk/ROS_TF/PublisherTF' did not submit transforms for topic '/tf' on flush cycle 14258
2026-09-30T16:58:09Z [265,946ms] [Warning] [isaacsim.ros2.nodes] ROS2 TF aggregation contributor '/World/Nova_Carter_ROS/chassis_link/sensors/left_owl/ROS_TF/PublisherTF' did not submit transforms for topic '/tf' on flush cycle 14258
2026-09-30T16:58:09Z [265,946ms] [Warning] [isaacsim.ros2.nodes] ROS2 TF aggregation contributor '/World/Nova_Carter_ROS/chassis_link/sensors/right_hawk/ROS_TF/PublisherTF' did not submit transforms for topic '/tf' on flush cycle 14258
2026-09-30T16:58:09Z [265,946ms] [Warning] [isaacsim.ros2.nodes] ROS2 TF aggregation contributor '/World/Nova_Carter_ROS/chassis_link/sensors/right_owl/ROS_TF/PublisherTF' did not submit transforms for topic '/tf' on flush cycle 14258
2026-09-30T16:58:09Z [265,946ms] [Warning] [isaacsim.ros2.nodes] ROS2 TF aggregation contributor '/World/Nova_Carter_ROS/chassis_link/sensors/left_hawk/ROS_TF/PublisherTF' did not submit transforms for topic '/tf' on flush cycle 14258
2026-09-30T16:58:09Z [265,946ms] [Warning] [isaacsim.ros2.nodes] ROS2 TF aggregation contributor '/World/Nova_Carter_ROS/chassis_link/sensors/front_owl/ROS_TF/PublisherTF' did not submit transforms for topic '/tf' on flush cycle 14258
2026-09-30T16:58:09Z [265,946ms] [Warning] [isaacsim.ros2.nodes] ROS2 TF aggregation contributor '/World/Nova_Carter_ROS/transform_tree_odometry/ros2_publish_raw_transform_tree' did not submit transforms for topic '/tf' on flush cycle 14258
2026-09-30T16:58:09Z [265,946ms] [Warning] [isaacsim.ros2.nodes] ROS2 TF aggregation contributor '/World/Nova_Carter_ROS/chassis_link/sensors/back_owl/ROS_TF/PublisherTF' did not submit transforms for topic '/tf' on flush cycle 14258
2026-09-30T16:58:09Z [265,946ms] [Warning] [isaacsim.ros2.nodes] ROS2 TF aggregation contributor '/World/Nova_Carter_ROS/transform_tree_odometry/tf_tree_base_link_to_wheel_base' did not submit transforms for topic '/tf' on flush cycle 14258
2026-09-30T16:58:09Z [265,946ms] [Warning] [isaacsim.ros2.nodes] ROS2 TF aggregation contributor '/World/Nova_Carter_ROS/transform_tree_odometry/tf_tree_base_link_to_sensors' did not submit transforms for topic '/tf' on flush cycle 14258
2026-09-30T16:58:09Z [265,946ms] [Warning] [isaacsim.ros2.nodes] ROS2 TF aggregation contributor '/World/Nova_Carter_ROS/transform_tree_odometry/tf_tree_base_link_to_chassis' did not submit transforms for topic '/tf' on flush cycle 14258
2026-09-30T16:58:11Z [267,997ms] [Warning] [isaacsim.ros2.nodes] ROS2 TF aggregation contributor '/World/Nova_Carter_ROS/chassis_link/sensors/XT_32/ROS_TF/PublisherTF' did not submit transforms for topic '/tf' on flush cycle 14378
2026-09-30T16:58:11Z [267,997ms] [Warning] [isaacsim.ros2.nodes] ROS2 TF aggregation contributor '/World/Nova_Carter_ROS/chassis_link/sensors/front_hawk/ROS_TF/PublisherTF' did not submit transforms for topic '/tf' on flush cycle 14378
2026-09-30T16:58:11Z [267,997ms] [Warning] [isaacsim.ros2.nodes] ROS2 TF aggregation contributor '/World/Nova_Carter_ROS/chassis_link/sensors/front_RPLidar/ROS_TF/PublisherTF' did not submit transforms for topic '/tf' on flush cycle 14378
2026-09-30T16:58:11Z [267,997ms] [Warning] [isaacsim.ros2.nodes] ROS2 TF aggregation contributor '/World/Nova_Carter_ROS/chassis_link/sensors/rear_RPLidar/ROS_TF/PublisherTF' did not submit transforms for topic '/tf' on flush cycle 14378
2026-09-30T16:58:11Z [267,997ms] [Warning] [isaacsim.ros2.nodes] ROS2 TF aggregation contributor '/World/Nova_Carter_ROS/chassis_link/sensors/back_hawk/ROS_TF/PublisherTF' did not submit transforms for topic '/tf' on flush cycle 14378
2026-09-30T16:58:11Z [267,997ms] [Warning] [isaacsim.ros2.nodes] ROS2 TF aggregation contributor '/World/Nova_Carter_ROS/chassis_link/sensors/left_owl/ROS_TF/PublisherTF' did not submit transforms for topic '/tf' on flush cycle 14378
2026-09-30T16:58:11Z [267,997ms] [Warning] [isaacsim.ros2.nodes] ROS2 TF aggregation contributor '/World/Nova_Carter_ROS/chassis_link/sensors/right_hawk/ROS_TF/PublisherTF' did not submit transforms for topic '/tf' on flush cycle 14378
2026-09-30T16:58:11Z [267,997ms] [Warning] [isaacsim.ros2.nodes] ROS2 TF aggregation contributor '/World/Nova_Carter_ROS/chassis_link/sensors/right_owl/ROS_TF/PublisherTF' did not submit transforms for topic '/tf' on flush cycle 14378
2026-09-30T16:58:11Z [267,997ms] [Warning] [isaacsim.ros2.nodes] ROS2 TF aggregation contributor '/World/Nova_Carter_ROS/chassis_link/sensors/left_hawk/ROS_TF/PublisherTF' did not submit transforms for topic '/tf' on flush cycle 14378
2026-09-30T16:58:11Z [267,997ms] [Warning] [isaacsim.ros2.nodes] ROS2 TF aggregation contributor '/World/Nova_Carter_ROS/chassis_link/sensors/front_owl/ROS_TF/PublisherTF' did not submit transforms for topic '/tf' on flush cycle 14378
2026-09-30T16:58:11Z [267,997ms] [Warning] [isaacsim.ros2.nodes] ROS2 TF aggregation contributor '/World/Nova_Carter_ROS/transform_tree_odometry/ros2_publish_raw_transform_tree' did not submit transforms for topic '/tf' on flush cycle 14378
2026-09-30T16:58:11Z [267,997ms] [Warning] [isaacsim.ros2.nodes] ROS2 TF aggregation contributor '/World/Nova_Carter_ROS/chassis_link/sensors/back_owl/ROS_TF/PublisherTF' did not submit transforms for topic '/tf' on flush cycle 14378
2026-09-30T16:58:11Z [267,997ms] [Warning] [isaacsim.ros2.nodes] ROS2 TF aggregation contributor '/World/Nova_Carter_ROS/transform_tree_odometry/tf_tree_base_link_to_wheel_base' did not submit transforms for topic '/tf' on flush cycle 14378
2026-09-30T16:58:11Z [267,997ms] [Warning] [isaacsim.ros2.nodes] ROS2 TF aggregation contributor '/World/Nova_Carter_ROS/transform_tree_odometry/tf_tree_base_link_to_sensors' did not submit transforms for topic '/tf' on flush cycle 14378
2026-09-30T16:58:11Z [267,997ms] [Warning] [isaacsim.ros2.nodes] ROS2 TF aggregation contributor '/World/Nova_Carter_ROS/transform_tree_odometry/tf_tree_base_link_to_chassis' did not submit transforms for topic '/tf' on flush cycle 14378
2026-09-30T16:58:21Z [278,110ms] [Warning] [isaacsim.ros2.nodes] ROS2 TF aggregation contributor '/World/Nova_Carter_ROS/chassis_link/sensors/XT_32/ROS_TF/PublisherTF' did not submit transforms for topic '/tf' on flush cycle 14936
2026-09-30T16:58:21Z [278,110ms] [Warning] [isaacsim.ros2.nodes] ROS2 TF aggregation contributor '/World/Nova_Carter_ROS/chassis_link/sensors/front_hawk/ROS_TF/PublisherTF' did not submit transforms for topic '/tf' on flush cycle 14936
2026-09-30T16:58:21Z [278,110ms] [Warning] [isaacsim.ros2.nodes] ROS2 TF aggregation contributor '/World/Nova_Carter_ROS/chassis_link/sensors/front_RPLidar/ROS_TF/PublisherTF' did not submit transforms for topic '/tf' on flush cycle 14936
2026-09-30T16:58:21Z [278,110ms] [Warning] [isaacsim.ros2.nodes] ROS2 TF aggregation contributor '/World/Nova_Carter_ROS/chassis_link/sensors/rear_RPLidar/ROS_TF/PublisherTF' did not submit transforms for topic '/tf' on flush cycle 14936
2026-09-30T16:58:21Z [278,110ms] [Warning] [isaacsim.ros2.nodes] ROS2 TF aggregation contributor '/World/Nova_Carter_ROS/chassis_link/sensors/back_hawk/ROS_TF/PublisherTF' did not submit transforms for topic '/tf' on flush cycle 14936
2026-09-30T16:58:21Z [278,110ms] [Warning] [isaacsim.ros2.nodes] ROS2 TF aggregation contributor '/World/Nova_Carter_ROS/chassis_link/sensors/left_owl/ROS_TF/PublisherTF' did not submit transforms for topic '/tf' on flush cycle 14936
2026-09-30T16:58:21Z [278,110ms] [Warning] [isaacsim.ros2.nodes] ROS2 TF aggregation contributor '/World/Nova_Carter_ROS/chassis_link/sensors/right_hawk/ROS_TF/PublisherTF' did not submit transforms for topic '/tf' on flush cycle 14936
2026-09-30T16:58:21Z [278,110ms] [Warning] [isaacsim.ros2.nodes] ROS2 TF aggregation contributor '/World/Nova_Carter_ROS/chassis_link/sensors/right_owl/ROS_TF/PublisherTF' did not submit transforms for topic '/tf' on flush cycle 14936
2026-09-30T16:58:21Z [278,110ms] [Warning] [isaacsim.ros2.nodes] ROS2 TF aggregation contributor '/World/Nova_Carter_ROS/chassis_link/sensors/left_hawk/ROS_TF/PublisherTF' did not submit transforms for topic '/tf' on flush cycle 14936
2026-09-30T16:58:21Z [278,110ms] [Warning] [isaacsim.ros2.nodes] ROS2 TF aggregation contributor '/World/Nova_Carter_ROS/chassis_link/sensors/front_owl/ROS_TF/PublisherTF' did not submit transforms for topic '/tf' on flush cycle 14936
2026-09-30T16:58:21Z [278,110ms] [Warning] [isaacsim.ros2.nodes] ROS2 TF aggregation contributor '/World/Nova_Carter_ROS/transform_tree_odometry/ros2_publish_raw_transform_tree' did not submit transforms for topic '/tf' on flush cycle 14936
2026-09-30T16:58:21Z [278,110ms] [Warning] [isaacsim.ros2.nodes] ROS2 TF aggregation contributor '/World/Nova_Carter_ROS/chassis_link/sensors/back_owl/ROS_TF/PublisherTF' did not submit transforms for topic '/tf' on flush cycle 14936
2026-09-30T16:58:21Z [278,110ms] [Warning] [isaacsim.ros2.nodes] ROS2 TF aggregation contributor '/World/Nova_Carter_ROS/transform_tree_odometry/tf_tree_base_link_to_wheel_base' did not submit transforms for topic '/tf' on flush cycle 14936
2026-09-30T16:58:21Z [278,110ms] [Warning] [isaacsim.ros2.nodes] ROS2 TF aggregation contributor '/World/Nova_Carter_ROS/transform_tree_odometry/tf_tree_base_link_to_sensors' did not submit transforms for topic '/tf' on flush cycle 14936
2026-09-30T16:58:21Z [278,111ms] [Warning] [isaacsim.ros2.nodes] ROS2 TF aggregation contributor '/World/Nova_Carter_ROS/transform_tree_odometry/tf_tree_base_link_to_chassis' did not submit transforms for topic '/tf' on flush cycle 14936
2026-09-30T16:58:23Z [280,239ms] [Warning] [isaacsim.ros2.nodes] ROS2 TF aggregation contributor '/World/Nova_Carter_ROS/chassis_link/sensors/XT_32/ROS_TF/PublisherTF' did not submit transforms for topic '/tf' on flush cycle 15056
2026-09-30T16:58:23Z [280,239ms] [Warning] [isaacsim.ros2.nodes] ROS2 TF aggregation contributor '/World/Nova_Carter_ROS/chassis_link/sensors/front_hawk/ROS_TF/PublisherTF' did not submit transforms for topic '/tf' on flush cycle 15056
2026-09-30T16:58:23Z [280,239ms] [Warning] [isaacsim.ros2.nodes] ROS2 TF aggregation contributor '/World/Nova_Carter_ROS/chassis_link/sensors/front_RPLidar/ROS_TF/PublisherTF' did not submit transforms for topic '/tf' on flush cycle 15056
2026-09-30T16:58:23Z [280,239ms] [Warning] [isaacsim.ros2.nodes] ROS2 TF aggregation contributor '/World/Nova_Carter_ROS/chassis_link/sensors/rear_RPLidar/ROS_TF/PublisherTF' did not submit transforms for topic '/tf' on flush cycle 15056
2026-09-30T16:58:23Z [280,239ms] [Warning] [isaacsim.ros2.nodes] ROS2 TF aggregation contributor '/World/Nova_Carter_ROS/chassis_link/sensors/back_hawk/ROS_TF/PublisherTF' did not submit transforms for topic '/tf' on flush cycle 15056
2026-09-30T16:58:23Z [280,239ms] [Warning] [isaacsim.ros2.nodes] ROS2 TF aggregation contributor '/World/Nova_Carter_ROS/chassis_link/sensors/left_owl/ROS_TF/PublisherTF' did not submit transforms for topic '/tf' on flush cycle 15056
2026-09-30T16:58:23Z [280,239ms] [Warning] [isaacsim.ros2.nodes] ROS2 TF aggregation contributor '/World/Nova_Carter_ROS/chassis_link/sensors/right_hawk/ROS_TF/PublisherTF' did not submit transforms for topic '/tf' on flush cycle 15056
2026-09-30T16:58:23Z [280,239ms] [Warning] [isaacsim.ros2.nodes] ROS2 TF aggregation contributor '/World/Nova_Carter_ROS/chassis_link/sensors/right_owl/ROS_TF/PublisherTF' did not submit transforms for topic '/tf' on flush cycle 15056
2026-09-30T16:58:23Z [280,239ms] [Warning] [isaacsim.ros2.nodes] ROS2 TF aggregation contributor '/World/Nova_Carter_ROS/chassis_link/sensors/left_hawk/ROS_TF/PublisherTF' did not submit transforms for topic '/tf' on flush cycle 15056
2026-09-30T16:58:23Z [280,239ms] [Warning] [isaacsim.ros2.nodes] ROS2 TF aggregation contributor '/World/Nova_Carter_ROS/chassis_link/sensors/front_owl/ROS_TF/PublisherTF' did not submit transforms for topic '/tf' on flush cycle 15056
2026-09-30T16:58:23Z [280,239ms] [Warning] [isaacsim.ros2.nodes] ROS2 TF aggregation contributor '/World/Nova_Carter_ROS/transform_tree_odometry/ros2_publish_raw_transform_tree' did not submit transforms for topic '/tf' on flush cycle 15056
2026-09-30T16:58:23Z [280,239ms] [Warning] [isaacsim.ros2.nodes] ROS2 TF aggregation contributor '/World/Nova_Carter_ROS/chassis_link/sensors/back_owl/ROS_TF/PublisherTF' did not submit transforms for topic '/tf' on flush cycle 15056
2026-09-30T16:58:23Z [280,239ms] [Warning] [isaacsim.ros2.nodes] ROS2 TF aggregation contributor '/World/Nova_Carter_ROS/transform_tree_odometry/tf_tree_base_link_to_wheel_base' did not submit transforms for topic '/tf' on flush cycle 15056
2026-09-30T16:58:23Z [280,239ms] [Warning] [isaacsim.ros2.nodes] ROS2 TF aggregation contributor '/World/Nova_Carter_ROS/transform_tree_odometry/tf_tree_base_link_to_sensors' did not submit transforms for topic '/tf' on flush cycle 15056
2026-09-30T16:58:23Z [280,239ms] [Warning] [isaacsim.ros2.nodes] ROS2 TF aggregation contributor '/World/Nova_Carter_ROS/transform_tree_odometry/tf_tree_base_link_to_chassis' did not submit transforms for topic '/tf' on flush cycle 15056
2026-09-30T16:58:25Z [282,280ms] [Warning] [isaacsim.ros2.nodes] ROS2 TF aggregation contributor '/World/Nova_Carter_ROS/chassis_link/sensors/XT_32/ROS_TF/PublisherTF' did not submit transforms for topic '/tf' on flush cycle 15176
2026-09-30T16:58:25Z [282,280ms] [Warning] [isaacsim.ros2.nodes] ROS2 TF aggregation contributor '/World/Nova_Carter_ROS/chassis_link/sensors/front_hawk/ROS_TF/PublisherTF' did not submit transforms for topic '/tf' on flush cycle 15176
2026-09-30T16:58:25Z [282,280ms] [Warning] [isaacsim.ros2.nodes] ROS2 TF aggregation contributor '/World/Nova_Carter_ROS/chassis_link/sensors/front_RPLidar/ROS_TF/PublisherTF' did not submit transforms for topic '/tf' on flush cycle 15176
2026-09-30T16:58:25Z [282,280ms] [Warning] [isaacsim.ros2.nodes] ROS2 TF aggregation contributor '/World/Nova_Carter_ROS/chassis_link/sensors/rear_RPLidar/ROS_TF/PublisherTF' did not submit transforms for topic '/tf' on flush cycle 15176
2026-09-30T16:58:25Z [282,280ms] [Warning] [isaacsim.ros2.nodes] ROS2 TF aggregation contributor '/World/Nova_Carter_ROS/chassis_link/sensors/back_hawk/ROS_TF/PublisherTF' did not submit transforms for topic '/tf' on flush cycle 15176
2026-09-30T16:58:25Z [282,280ms] [Warning] [isaacsim.ros2.nodes] ROS2 TF aggregation contributor '/World/Nova_Carter_ROS/chassis_link/sensors/left_owl/ROS_TF/PublisherTF' did not submit transforms for topic '/tf' on flush cycle 15176
2026-09-30T16:58:25Z [282,280ms] [Warning] [isaacsim.ros2.nodes] ROS2 TF aggregation contributor '/World/Nova_Carter_ROS/chassis_link/sensors/right_hawk/ROS_TF/PublisherTF' did not submit transforms for topic '/tf' on flush cycle 15176
2026-09-30T16:58:25Z [282,280ms] [Warning] [isaacsim.ros2.nodes] ROS2 TF aggregation contributor '/World/Nova_Carter_ROS/chassis_link/sensors/right_owl/ROS_TF/PublisherTF' did not submit transforms for topic '/tf' on flush cycle 15176
2026-09-30T16:58:25Z [282,280ms] [Warning] [isaacsim.ros2.nodes] ROS2 TF aggregation contributor '/World/Nova_Carter_ROS/chassis_link/sensors/left_hawk/ROS_TF/PublisherTF' did not submit transforms for topic '/tf' on flush cycle 15176
2026-09-30T16:58:25Z [282,280ms] [Warning] [isaacsim.ros2.nodes] ROS2 TF aggregation contributor '/World/Nova_Carter_ROS/chassis_link/sensors/front_owl/ROS_TF/PublisherTF' did not submit transforms for topic '/tf' on flush cycle 15176
2026-09-30T16:58:25Z [282,280ms] [Warning] [isaacsim.ros2.nodes] ROS2 TF aggregation contributor '/World/Nova_Carter_ROS/transform_tree_odometry/ros2_publish_raw_transform_tree' did not submit transforms for topic '/tf' on flush cycle 15176
2026-09-30T16:58:25Z [282,280ms] [Warning] [isaacsim.ros2.nodes] ROS2 TF aggregation contributor '/World/Nova_Carter_ROS/chassis_link/sensors/back_owl/ROS_TF/PublisherTF' did not submit transforms for topic '/tf' on flush cycle 15176
2026-09-30T16:58:25Z [282,280ms] [Warning] [isaacsim.ros2.nodes] ROS2 TF aggregation contributor '/World/Nova_Carter_ROS/transform_tree_odometry/tf_tree_base_link_to_wheel_base' did not submit transforms for topic '/tf' on flush cycle 15176
2026-09-30T16:58:25Z [282,281ms] [Warning] [isaacsim.ros2.nodes] ROS2 TF aggregation contributor '/World/Nova_Carter_ROS/transform_tree_odometry/tf_tree_base_link_to_sensors' did not submit transforms for topic '/tf' on flush cycle 15176
2026-09-30T16:58:25Z [282,281ms] [Warning] [isaacsim.ros2.nodes] ROS2 TF aggregation contributor '/World/Nova_Carter_ROS/transform_tree_odometry/tf_tree_base_link_to_chassis' did not submit transforms for topic '/tf' on flush cycle 15176
2026-09-30T16:58:27Z [284,326ms] [Warning] [isaacsim.ros2.nodes] ROS2 TF aggregation contributor '/World/Nova_Carter_ROS/chassis_link/sensors/XT_32/ROS_TF/PublisherTF' did not submit transforms for topic '/tf' on flush cycle 15296
2026-09-30T16:58:27Z [284,326ms] [Warning] [isaacsim.ros2.nodes] ROS2 TF aggregation contributor '/World/Nova_Carter_ROS/chassis_link/sensors/front_hawk/ROS_TF/PublisherTF' did not submit transforms for topic '/tf' on flush cycle 15296
2026-09-30T16:58:27Z [284,326ms] [Warning] [isaacsim.ros2.nodes] ROS2 TF aggregation contributor '/World/Nova_Carter_ROS/chassis_link/sensors/front_RPLidar/ROS_TF/PublisherTF' did not submit transforms for topic '/tf' on flush cycle 15296
2026-09-30T16:58:27Z [284,326ms] [Warning] [isaacsim.ros2.nodes] ROS2 TF aggregation contributor '/World/Nova_Carter_ROS/chassis_link/sensors/rear_RPLidar/ROS_TF/PublisherTF' did not submit transforms for topic '/tf' on flush cycle 15296
2026-09-30T16:58:27Z [284,326ms] [Warning] [isaacsim.ros2.nodes] ROS2 TF aggregation contributor '/World/Nova_Carter_ROS/chassis_link/sensors/back_hawk/ROS_TF/PublisherTF' did not submit transforms for topic '/tf' on flush cycle 15296
2026-09-30T16:58:27Z [284,326ms] [Warning] [isaacsim.ros2.nodes] ROS2 TF aggregation contributor '/World/Nova_Carter_ROS/chassis_link/sensors/left_owl/ROS_TF/PublisherTF' did not submit transforms for topic '/tf' on flush cycle 15296
2026-09-30T16:58:27Z [284,326ms] [Warning] [isaacsim.ros2.nodes] ROS2 TF aggregation contributor '/World/Nova_Carter_ROS/chassis_link/sensors/right_hawk/ROS_TF/PublisherTF' did not submit transforms for topic '/tf' on flush cycle 15296
2026-09-30T16:58:27Z [284,326ms] [Warning] [isaacsim.ros2.nodes] ROS2 TF aggregation contributor '/World/Nova_Carter_ROS/chassis_link/sensors/right_owl/ROS_TF/PublisherTF' did not submit transforms for topic '/tf' on flush cycle 15296
2026-09-30T16:58:27Z [284,326ms] [Warning] [isaacsim.ros2.nodes] ROS2 TF aggregation contributor '/World/Nova_Carter_ROS/chassis_link/sensors/left_hawk/ROS_TF/PublisherTF' did not submit transforms for topic '/tf' on flush cycle 15296
2026-09-30T16:58:27Z [284,326ms] [Warning] [isaacsim.ros2.nodes] ROS2 TF aggregation contributor '/World/Nova_Carter_ROS/chassis_link/sensors/front_owl/ROS_TF/PublisherTF' did not submit transforms for topic '/tf' on flush cycle 15296
2026-09-30T16:58:27Z [284,326ms] [Warning] [isaacsim.ros2.nodes] ROS2 TF aggregation contributor '/World/Nova_Carter_ROS/transform_tree_odometry/ros2_publish_raw_transform_tree' did not submit transforms for topic '/tf' on flush cycle 15296
2026-09-30T16:58:27Z [284,326ms] [Warning] [isaacsim.ros2.nodes] ROS2 TF aggregation contributor '/World/Nova_Carter_ROS/chassis_link/sensors/back_owl/ROS_TF/PublisherTF' did not submit transforms for topic '/tf' on flush cycle 15296
2026-09-30T16:58:27Z [284,326ms] [Warning] [isaacsim.ros2.nodes] ROS2 TF aggregation contributor '/World/Nova_Carter_ROS/transform_tree_odometry/tf_tree_base_link_to_wheel_base' did not submit transforms for topic '/tf' on flush cycle 15296
2026-09-30T16:58:27Z [284,326ms] [Warning] [isaacsim.ros2.nodes] ROS2 TF aggregation contributor '/World/Nova_Carter_ROS/transform_tree_odometry/tf_tree_base_link_to_sensors' did not submit transforms for topic '/tf' on flush cycle 15296
2026-09-30T16:58:27Z [284,326ms] [Warning] [isaacsim.ros2.nodes] ROS2 TF aggregation contributor '/World/Nova_Carter_ROS/transform_tree_odometry/tf_tree_base_link_to_chassis' did not submit transforms for topic '/tf' on flush cycle 15296
2026-09-30T16:58:29Z [286,377ms] [Warning] [isaacsim.ros2.nodes] ROS2 TF aggregation contributor '/World/Nova_Carter_ROS/chassis_link/sensors/XT_32/ROS_TF/PublisherTF' did not submit transforms for topic '/tf' on flush cycle 15416
2026-09-30T16:58:29Z [286,377ms] [Warning] [isaacsim.ros2.nodes] ROS2 TF aggregation contributor '/World/Nova_Carter_ROS/chassis_link/sensors/front_hawk/ROS_TF/PublisherTF' did not submit transforms for topic '/tf' on flush cycle 15416
2026-09-30T16:58:29Z [286,377ms] [Warning] [isaacsim.ros2.nodes] ROS2 TF aggregation contributor '/World/Nova_Carter_ROS/chassis_link/sensors/front_RPLidar/ROS_TF/PublisherTF' did not submit transforms for topic '/tf' on flush cycle 15416
2026-09-30T16:58:29Z [286,377ms] [Warning] [isaacsim.ros2.nodes] ROS2 TF aggregation contributor '/World/Nova_Carter_ROS/chassis_link/sensors/rear_RPLidar/ROS_TF/PublisherTF' did not submit transforms for topic '/tf' on flush cycle 15416
2026-09-30T16:58:29Z [286,377ms] [Warning] [isaacsim.ros2.nodes] ROS2 TF aggregation contributor '/World/Nova_Carter_ROS/chassis_link/sensors/back_hawk/ROS_TF/PublisherTF' did not submit transforms for topic '/tf' on flush cycle 15416
2026-09-30T16:58:29Z [286,377ms] [Warning] [isaacsim.ros2.nodes] ROS2 TF aggregation contributor '/World/Nova_Carter_ROS/chassis_link/sensors/left_owl/ROS_TF/PublisherTF' did not submit transforms for topic '/tf' on flush cycle 15416
2026-09-30T16:58:29Z [286,377ms] [Warning] [isaacsim.ros2.nodes] ROS2 TF aggregation contributor '/World/Nova_Carter_ROS/chassis_link/sensors/right_hawk/ROS_TF/PublisherTF' did not submit transforms for topic '/tf' on flush cycle 15416
2026-09-30T16:58:29Z [286,377ms] [Warning] [isaacsim.ros2.nodes] ROS2 TF aggregation contributor '/World/Nova_Carter_ROS/chassis_link/sensors/right_owl/ROS_TF/PublisherTF' did not submit transforms for topic '/tf' on flush cycle 15416
2026-09-30T16:58:29Z [286,377ms] [Warning] [isaacsim.ros2.nodes] ROS2 TF aggregation contributor '/World/Nova_Carter_ROS/chassis_link/sensors/left_hawk/ROS_TF/PublisherTF' did not submit transforms for topic '/tf' on flush cycle 15416
2026-09-30T16:58:29Z [286,377ms] [Warning] [isaacsim.ros2.nodes] ROS2 TF aggregation contributor '/World/Nova_Carter_ROS/chassis_link/sensors/front_owl/ROS_TF/PublisherTF' did not submit transforms for topic '/tf' on flush cycle 15416
2026-09-30T16:58:29Z [286,377ms] [Warning] [isaacsim.ros2.nodes] ROS2 TF aggregation contributor '/World/Nova_Carter_ROS/transform_tree_odometry/ros2_publish_raw_transform_tree' did not submit transforms for topic '/tf' on flush cycle 15416
2026-09-30T16:58:29Z [286,377ms] [Warning] [isaacsim.ros2.nodes] ROS2 TF aggregation contributor '/World/Nova_Carter_ROS/chassis_link/sensors/back_owl/ROS_TF/PublisherTF' did not submit transforms for topic '/tf' on flush cycle 15416
2026-09-30T16:58:29Z [286,377ms] [Warning] [isaacsim.ros2.nodes] ROS2 TF aggregation contributor '/World/Nova_Carter_ROS/transform_tree_odometry/tf_tree_base_link_to_wheel_base' did not submit transforms for topic '/tf' on flush cycle 15416
2026-09-30T16:58:29Z [286,377ms] [Warning] [isaacsim.ros2.nodes] ROS2 TF aggregation contributor '/World/Nova_Carter_ROS/transform_tree_odometry/tf_tree_base_link_to_sensors' did not submit transforms for topic '/tf' on flush cycle 15416
2026-09-30T16:58:29Z [286,377ms] [Warning] [isaacsim.ros2.nodes] ROS2 TF aggregation contributor '/World/Nova_Carter_ROS/transform_tree_odometry/tf_tree_base_link_to_chassis' did not submit transforms for topic '/tf' on flush cycle 15416
2026-09-30T16:58:31Z [288,427ms] [Warning] [isaacsim.ros2.nodes] ROS2 TF aggregation contributor '/World/Nova_Carter_ROS/chassis_link/sensors/XT_32/ROS_TF/PublisherTF' did not submit transforms for topic '/tf' on flush cycle 15536
2026-09-30T16:58:31Z [288,427ms] [Warning] [isaacsim.ros2.nodes] ROS2 TF aggregation contributor '/World/Nova_Carter_ROS/chassis_link/sensors/front_hawk/ROS_TF/PublisherTF' did not submit transforms for topic '/tf' on flush cycle 15536
2026-09-30T16:58:31Z [288,427ms] [Warning] [isaacsim.ros2.nodes] ROS2 TF aggregation contributor '/World/Nova_Carter_ROS/chassis_link/sensors/front_RPLidar/ROS_TF/PublisherTF' did not submit transforms for topic '/tf' on flush cycle 15536
2026-09-30T16:58:31Z [288,427ms] [Warning] [isaacsim.ros2.nodes] ROS2 TF aggregation contributor '/World/Nova_Carter_ROS/chassis_link/sensors/rear_RPLidar/ROS_TF/PublisherTF' did not submit transforms for topic '/tf' on flush cycle 15536
2026-09-30T16:58:31Z [288,427ms] [Warning] [isaacsim.ros2.nodes] ROS2 TF aggregation contributor '/World/Nova_Carter_ROS/chassis_link/sensors/back_hawk/ROS_TF/PublisherTF' did not submit transforms for topic '/tf' on flush cycle 15536
2026-09-30T16:58:31Z [288,427ms] [Warning] [isaacsim.ros2.nodes] ROS2 TF aggregation contributor '/World/Nova_Carter_ROS/chassis_link/sensors/left_owl/ROS_TF/PublisherTF' did not submit transforms for topic '/tf' on flush cycle 15536
2026-09-30T16:58:31Z [288,427ms] [Warning] [isaacsim.ros2.nodes] ROS2 TF aggregation contributor '/World/Nova_Carter_ROS/chassis_link/sensors/right_hawk/ROS_TF/PublisherTF' did not submit transforms for topic '/tf' on flush cycle 15536
2026-09-30T16:58:31Z [288,427ms] [Warning] [isaacsim.ros2.nodes] ROS2 TF aggregation contributor '/World/Nova_Carter_ROS/chassis_link/sensors/right_owl/ROS_TF/PublisherTF' did not submit transforms for topic '/tf' on flush cycle 15536
2026-09-30T16:58:31Z [288,427ms] [Warning] [isaacsim.ros2.nodes] ROS2 TF aggregation contributor '/World/Nova_Carter_ROS/chassis_link/sensors/left_hawk/ROS_TF/PublisherTF' did not submit transforms for topic '/tf' on flush cycle 15536
2026-09-30T16:58:31Z [288,427ms] [Warning] [isaacsim.ros2.nodes] ROS2 TF aggregation contributor '/World/Nova_Carter_ROS/chassis_link/sensors/front_owl/ROS_TF/PublisherTF' did not submit transforms for topic '/tf' on flush cycle 15536
2026-09-30T16:58:31Z [288,427ms] [Warning] [isaacsim.ros2.nodes] ROS2 TF aggregation contributor '/World/Nova_Carter_ROS/transform_tree_odometry/ros2_publish_raw_transform_tree' did not submit transforms for topic '/tf' on flush cycle 15536
2026-09-30T16:58:31Z [288,427ms] [Warning] [isaacsim.ros2.nodes] ROS2 TF aggregation contributor '/World/Nova_Carter_ROS/chassis_link/sensors/back_owl/ROS_TF/PublisherTF' did not submit transforms for topic '/tf' on flush cycle 15536
2026-09-30T16:58:31Z [288,427ms] [Warning] [isaacsim.ros2.nodes] ROS2 TF aggregation contributor '/World/Nova_Carter_ROS/transform_tree_odometry/tf_tree_base_link_to_wheel_base' did not submit transforms for topic '/tf' on flush cycle 15536
2026-09-30T16:58:31Z [288,427ms] [Warning] [isaacsim.ros2.nodes] ROS2 TF aggregation contributor '/World/Nova_Carter_ROS/transform_tree_odometry/tf_tree_base_link_to_sensors' did not submit transforms for topic '/tf' on flush cycle 15536
2026-09-30T16:58:31Z [288,427ms] [Warning] [isaacsim.ros2.nodes] ROS2 TF aggregation contributor '/World/Nova_Carter_ROS/transform_tree_odometry/tf_tree_base_link_to_chassis' did not submit transforms for topic '/tf' on flush cycle 15536
2026-09-30T16:58:34Z [290,475ms] [Warning] [isaacsim.ros2.nodes] ROS2 TF aggregation contributor '/World/Nova_Carter_ROS/chassis_link/sensors/XT_32/ROS_TF/PublisherTF' did not submit transforms for topic '/tf' on flush cycle 15656
2026-09-30T16:58:34Z [290,475ms] [Warning] [isaacsim.ros2.nodes] ROS2 TF aggregation contributor '/World/Nova_Carter_ROS/chassis_link/sensors/front_hawk/ROS_TF/PublisherTF' did not submit transforms for topic '/tf' on flush cycle 15656
2026-09-30T16:58:34Z [290,475ms] [Warning] [isaacsim.ros2.nodes] ROS2 TF aggregation contributor '/World/Nova_Carter_ROS/chassis_link/sensors/front_RPLidar/ROS_TF/PublisherTF' did not submit transforms for topic '/tf' on flush cycle 15656
2026-09-30T16:58:34Z [290,475ms] [Warning] [isaacsim.ros2.nodes] ROS2 TF aggregation contributor '/World/Nova_Carter_ROS/chassis_link/sensors/rear_RPLidar/ROS_TF/PublisherTF' did not submit transforms for topic '/tf' on flush cycle 15656
2026-09-30T16:58:34Z [290,475ms] [Warning] [isaacsim.ros2.nodes] ROS2 TF aggregation contributor '/World/Nova_Carter_ROS/chassis_link/sensors/back_hawk/ROS_TF/PublisherTF' did not submit transforms for topic '/tf' on flush cycle 15656
2026-09-30T16:58:34Z [290,475ms] [Warning] [isaacsim.ros2.nodes] ROS2 TF aggregation contributor '/World/Nova_Carter_ROS/chassis_link/sensors/left_owl/ROS_TF/PublisherTF' did not submit transforms for topic '/tf' on flush cycle 15656
2026-09-30T16:58:34Z [290,475ms] [Warning] [isaacsim.ros2.nodes] ROS2 TF aggregation contributor '/World/Nova_Carter_ROS/chassis_link/sensors/right_hawk/ROS_TF/PublisherTF' did not submit transforms for topic '/tf' on flush cycle 15656
2026-09-30T16:58:34Z [290,475ms] [Warning] [isaacsim.ros2.nodes] ROS2 TF aggregation contributor '/World/Nova_Carter_ROS/chassis_link/sensors/right_owl/ROS_TF/PublisherTF' did not submit transforms for topic '/tf' on flush cycle 15656
2026-09-30T16:58:34Z [290,475ms] [Warning] [isaacsim.ros2.nodes] ROS2 TF aggregation contributor '/World/Nova_Carter_ROS/chassis_link/sensors/left_hawk/ROS_TF/PublisherTF' did not submit transforms for topic '/tf' on flush cycle 15656
2026-09-30T16:58:34Z [290,475ms] [Warning] [isaacsim.ros2.nodes] ROS2 TF aggregation contributor '/World/Nova_Carter_ROS/chassis_link/sensors/front_owl/ROS_TF/PublisherTF' did not submit transforms for topic '/tf' on flush cycle 15656
2026-09-30T16:58:34Z [290,475ms] [Warning] [isaacsim.ros2.nodes] ROS2 TF aggregation contributor '/World/Nova_Carter_ROS/transform_tree_odometry/ros2_publish_raw_transform_tree' did not submit transforms for topic '/tf' on flush cycle 15656
2026-09-30T16:58:34Z [290,475ms] [Warning] [isaacsim.ros2.nodes] ROS2 TF aggregation contributor '/World/Nova_Carter_ROS/chassis_link/sensors/back_owl/ROS_TF/PublisherTF' did not submit transforms for topic '/tf' on flush cycle 15656
2026-09-30T16:58:34Z [290,475ms] [Warning] [isaacsim.ros2.nodes] ROS2 TF aggregation contributor '/World/Nova_Carter_ROS/transform_tree_odometry/tf_tree_base_link_to_wheel_base' did not submit transforms for topic '/tf' on flush cycle 15656
2026-09-30T16:58:34Z [290,475ms] [Warning] [isaacsim.ros2.nodes] ROS2 TF aggregation contributor '/World/Nova_Carter_ROS/transform_tree_odometry/tf_tree_base_link_to_sensors' did not submit transforms for topic '/tf' on flush cycle 15656
2026-09-30T16:58:34Z [290,475ms] [Warning] [isaacsim.ros2.nodes] ROS2 TF aggregation contributor '/World/Nova_Carter_ROS/transform_tree_odometry/tf_tree_base_link_to_chassis' did not submit transforms for topic '/tf' on flush cycle 15656
2026-09-30T16:58:36Z [292,771ms] [Warning] [omni.graph.core.plugin] /World/Nova_Carter_ROS/differential_drive/differential_controller_01: [/World/Nova_Carter_ROS/differential_drive] Invalid deltaTime 0.000000, cannot check for acceleration limits, skipping current step
2026-09-30T16:58:44Z [300,627ms] [Warning] [isaacsim.ros2.nodes] ROS2 TF aggregation contributor '/World/Nova_Carter_ROS/chassis_link/sensors/XT_32/ROS_TF/PublisherTF' did not submit transforms for topic '/tf' on flush cycle 16214
2026-09-30T16:58:44Z [300,627ms] [Warning] [isaacsim.ros2.nodes] ROS2 TF aggregation contributor '/World/Nova_Carter_ROS/chassis_link/sensors/front_hawk/ROS_TF/PublisherTF' did not submit transforms for topic '/tf' on flush cycle 16214
2026-09-30T16:58:44Z [300,627ms] [Warning] [isaacsim.ros2.nodes] ROS2 TF aggregation contributor '/World/Nova_Carter_ROS/chassis_link/sensors/front_RPLidar/ROS_TF/PublisherTF' did not submit transforms for topic '/tf' on flush cycle 16214
2026-09-30T16:58:44Z [300,627ms] [Warning] [isaacsim.ros2.nodes] ROS2 TF aggregation contributor '/World/Nova_Carter_ROS/chassis_link/sensors/rear_RPLidar/ROS_TF/PublisherTF' did not submit transforms for topic '/tf' on flush cycle 16214
2026-09-30T16:58:44Z [300,627ms] [Warning] [isaacsim.ros2.nodes] ROS2 TF aggregation contributor '/World/Nova_Carter_ROS/chassis_link/sensors/back_hawk/ROS_TF/PublisherTF' did not submit transforms for topic '/tf' on flush cycle 16214
2026-09-30T16:58:44Z [300,627ms] [Warning] [isaacsim.ros2.nodes] ROS2 TF aggregation contributor '/World/Nova_Carter_ROS/chassis_link/sensors/left_owl/ROS_TF/PublisherTF' did not submit transforms for topic '/tf' on flush cycle 16214
2026-09-30T16:58:44Z [300,627ms] [Warning] [isaacsim.ros2.nodes] ROS2 TF aggregation contributor '/World/Nova_Carter_ROS/chassis_link/sensors/right_hawk/ROS_TF/PublisherTF' did not submit transforms for topic '/tf' on flush cycle 16214
2026-09-30T16:58:44Z [300,627ms] [Warning] [isaacsim.ros2.nodes] ROS2 TF aggregation contributor '/World/Nova_Carter_ROS/chassis_link/sensors/right_owl/ROS_TF/PublisherTF' did not submit transforms for topic '/tf' on flush cycle 16214
2026-09-30T16:58:44Z [300,627ms] [Warning] [isaacsim.ros2.nodes] ROS2 TF aggregation contributor '/World/Nova_Carter_ROS/chassis_link/sensors/left_hawk/ROS_TF/PublisherTF' did not submit transforms for topic '/tf' on flush cycle 16214
2026-09-30T16:58:44Z [300,627ms] [Warning] [isaacsim.ros2.nodes] ROS2 TF aggregation contributor '/World/Nova_Carter_ROS/chassis_link/sensors/front_owl/ROS_TF/PublisherTF' did not submit transforms for topic '/tf' on flush cycle 16214
2026-09-30T16:58:44Z [300,627ms] [Warning] [isaacsim.ros2.nodes] ROS2 TF aggregation contributor '/World/Nova_Carter_ROS/transform_tree_odometry/ros2_publish_raw_transform_tree' did not submit transforms for topic '/tf' on flush cycle 16214
2026-09-30T16:58:44Z [300,627ms] [Warning] [isaacsim.ros2.nodes] ROS2 TF aggregation contributor '/World/Nova_Carter_ROS/chassis_link/sensors/back_owl/ROS_TF/PublisherTF' did not submit transforms for topic '/tf' on flush cycle 16214
2026-09-30T16:58:44Z [300,627ms] [Warning] [isaacsim.ros2.nodes] ROS2 TF aggregation contributor '/World/Nova_Carter_ROS/transform_tree_odometry/tf_tree_base_link_to_wheel_base' did not submit transforms for topic '/tf' on flush cycle 16214
2026-09-30T16:58:44Z [300,627ms] [Warning] [isaacsim.ros2.nodes] ROS2 TF aggregation contributor '/World/Nova_Carter_ROS/transform_tree_odometry/tf_tree_base_link_to_sensors' did not submit transforms for topic '/tf' on flush cycle 16214
2026-09-30T16:58:44Z [300,627ms] [Warning] [isaacsim.ros2.nodes] ROS2 TF aggregation contributor '/World/Nova_Carter_ROS/transform_tree_odometry/tf_tree_base_link_to_chassis' did not submit transforms for topic '/tf' on flush cycle 16214
2026-09-30T16:58:44Z [300,641ms] [Warning] [carb] Client omni.kit.viewport.legacy_gizmos has acquired [carb::settings::ISettings v1.1] 100 times. Consider accessing this interface with carb::getCachedInterface() (Performance warning)
2026-09-30T16:58:44Z [300,641ms] [Warning] [carb] Client omni.kit.viewport.legacy_gizmos has acquired [carb::dictionary::IDictionary v1.2] 100 times. Consider accessing this interface with carb::getCachedInterface() (Performance warning)
2026-09-30T16:58:46Z [302,662ms] [Warning] [isaacsim.ros2.nodes] ROS2 TF aggregation contributor '/World/Nova_Carter_ROS/chassis_link/sensors/XT_32/ROS_TF/PublisherTF' did not submit transforms for topic '/tf' on flush cycle 16334
2026-09-30T16:58:46Z [302,662ms] [Warning] [isaacsim.ros2.nodes] ROS2 TF aggregation contributor '/World/Nova_Carter_ROS/chassis_link/sensors/front_hawk/ROS_TF/PublisherTF' did not submit transforms for topic '/tf' on flush cycle 16334
2026-09-30T16:58:46Z [302,662ms] [Warning] [isaacsim.ros2.nodes] ROS2 TF aggregation contributor '/World/Nova_Carter_ROS/chassis_link/sensors/front_RPLidar/ROS_TF/PublisherTF' did not submit transforms for topic '/tf' on flush cycle 16334
2026-09-30T16:58:46Z [302,662ms] [Warning] [isaacsim.ros2.nodes] ROS2 TF aggregation contributor '/World/Nova_Carter_ROS/chassis_link/sensors/rear_RPLidar/ROS_TF/PublisherTF' did not submit transforms for topic '/tf' on flush cycle 16334
2026-09-30T16:58:46Z [302,662ms] [Warning] [isaacsim.ros2.nodes] ROS2 TF aggregation contributor '/World/Nova_Carter_ROS/chassis_link/sensors/back_hawk/ROS_TF/PublisherTF' did not submit transforms for topic '/tf' on flush cycle 16334
2026-09-30T16:58:46Z [302,662ms] [Warning] [isaacsim.ros2.nodes] ROS2 TF aggregation contributor '/World/Nova_Carter_ROS/chassis_link/sensors/left_owl/ROS_TF/PublisherTF' did not submit transforms for topic '/tf' on flush cycle 16334
2026-09-30T16:58:46Z [302,662ms] [Warning] [isaacsim.ros2.nodes] ROS2 TF aggregation contributor '/World/Nova_Carter_ROS/chassis_link/sensors/right_hawk/ROS_TF/PublisherTF' did not submit transforms for topic '/tf' on flush cycle 16334
2026-09-30T16:58:46Z [302,662ms] [Warning] [isaacsim.ros2.nodes] ROS2 TF aggregation contributor '/World/Nova_Carter_ROS/chassis_link/sensors/right_owl/ROS_TF/PublisherTF' did not submit transforms for topic '/tf' on flush cycle 16334
2026-09-30T16:58:46Z [302,662ms] [Warning] [isaacsim.ros2.nodes] ROS2 TF aggregation contributor '/World/Nova_Carter_ROS/chassis_link/sensors/left_hawk/ROS_TF/PublisherTF' did not submit transforms for topic '/tf' on flush cycle 16334
2026-09-30T16:58:46Z [302,662ms] [Warning] [isaacsim.ros2.nodes] ROS2 TF aggregation contributor '/World/Nova_Carter_ROS/chassis_link/sensors/front_owl/ROS_TF/PublisherTF' did not submit transforms for topic '/tf' on flush cycle 16334
2026-09-30T16:58:46Z [302,662ms] [Warning] [isaacsim.ros2.nodes] ROS2 TF aggregation contributor '/World/Nova_Carter_ROS/transform_tree_odometry/ros2_publish_raw_transform_tree' did not submit transforms for topic '/tf' on flush cycle 16334
2026-09-30T16:58:46Z [302,662ms] [Warning] [isaacsim.ros2.nodes] ROS2 TF aggregation contributor '/World/Nova_Carter_ROS/chassis_link/sensors/back_owl/ROS_TF/PublisherTF' did not submit transforms for topic '/tf' on flush cycle 16334
2026-09-30T16:58:46Z [302,662ms] [Warning] [isaacsim.ros2.nodes] ROS2 TF aggregation contributor '/World/Nova_Carter_ROS/transform_tree_odometry/tf_tree_base_link_to_wheel_base' did not submit transforms for topic '/tf' on flush cycle 16334
2026-09-30T16:58:46Z [302,662ms] [Warning] [isaacsim.ros2.nodes] ROS2 TF aggregation contributor '/World/Nova_Carter_ROS/transform_tree_odometry/tf_tree_base_link_to_sensors' did not submit transforms for topic '/tf' on flush cycle 16334
2026-09-30T16:58:46Z [302,662ms] [Warning] [isaacsim.ros2.nodes] ROS2 TF aggregation contributor '/World/Nova_Carter_ROS/transform_tree_odometry/tf_tree_base_link_to_chassis' did not submit transforms for topic '/tf' on flush cycle 16334
2026-09-30T16:58:48Z [304,707ms] [Warning] [isaacsim.ros2.nodes] ROS2 TF aggregation contributor '/World/Nova_Carter_ROS/chassis_link/sensors/XT_32/ROS_TF/PublisherTF' did not submit transforms for topic '/tf' on flush cycle 16454
2026-09-30T16:58:48Z [304,707ms] [Warning] [isaacsim.ros2.nodes] ROS2 TF aggregation contributor '/World/Nova_Carter_ROS/chassis_link/sensors/front_hawk/ROS_TF/PublisherTF' did not submit transforms for topic '/tf' on flush cycle 16454
2026-09-30T16:58:48Z [304,707ms] [Warning] [isaacsim.ros2.nodes] ROS2 TF aggregation contributor '/World/Nova_Carter_ROS/chassis_link/sensors/front_RPLidar/ROS_TF/PublisherTF' did not submit transforms for topic '/tf' on flush cycle 16454
2026-09-30T16:58:48Z [304,707ms] [Warning] [isaacsim.ros2.nodes] ROS2 TF aggregation contributor '/World/Nova_Carter_ROS/chassis_link/sensors/rear_RPLidar/ROS_TF/PublisherTF' did not submit transforms for topic '/tf' on flush cycle 16454
2026-09-30T16:58:48Z [304,707ms] [Warning] [isaacsim.ros2.nodes] ROS2 TF aggregation contributor '/World/Nova_Carter_ROS/chassis_link/sensors/back_hawk/ROS_TF/PublisherTF' did not submit transforms for topic '/tf' on flush cycle 16454
2026-09-30T16:58:48Z [304,707ms] [Warning] [isaacsim.ros2.nodes] ROS2 TF aggregation contributor '/World/Nova_Carter_ROS/chassis_link/sensors/left_owl/ROS_TF/PublisherTF' did not submit transforms for topic '/tf' on flush cycle 16454
2026-09-30T16:58:48Z [304,707ms] [Warning] [isaacsim.ros2.nodes] ROS2 TF aggregation contributor '/World/Nova_Carter_ROS/chassis_link/sensors/right_hawk/ROS_TF/PublisherTF' did not submit transforms for topic '/tf' on flush cycle 16454
2026-09-30T16:58:48Z [304,707ms] [Warning] [isaacsim.ros2.nodes] ROS2 TF aggregation contributor '/World/Nova_Carter_ROS/chassis_link/sensors/right_owl/ROS_TF/PublisherTF' did not submit transforms for topic '/tf' on flush cycle 16454
2026-09-30T16:58:48Z [304,707ms] [Warning] [isaacsim.ros2.nodes] ROS2 TF aggregation contributor '/World/Nova_Carter_ROS/chassis_link/sensors/left_hawk/ROS_TF/PublisherTF' did not submit transforms for topic '/tf' on flush cycle 16454
2026-09-30T16:58:48Z [304,707ms] [Warning] [isaacsim.ros2.nodes] ROS2 TF aggregation contributor '/World/Nova_Carter_ROS/chassis_link/sensors/front_owl/ROS_TF/PublisherTF' did not submit transforms for topic '/tf' on flush cycle 16454
2026-09-30T16:58:48Z [304,707ms] [Warning] [isaacsim.ros2.nodes] ROS2 TF aggregation contributor '/World/Nova_Carter_ROS/transform_tree_odometry/ros2_publish_raw_transform_tree' did not submit transforms for topic '/tf' on flush cycle 16454
2026-09-30T16:58:48Z [304,707ms] [Warning] [isaacsim.ros2.nodes] ROS2 TF aggregation contributor '/World/Nova_Carter_ROS/chassis_link/sensors/back_owl/ROS_TF/PublisherTF' did not submit transforms for topic '/tf' on flush cycle 16454
2026-09-30T16:58:48Z [304,707ms] [Warning] [isaacsim.ros2.nodes] ROS2 TF aggregation contributor '/World/Nova_Carter_ROS/transform_tree_odometry/tf_tree_base_link_to_wheel_base' did not submit transforms for topic '/tf' on flush cycle 16454
2026-09-30T16:58:48Z [304,707ms] [Warning] [isaacsim.ros2.nodes] ROS2 TF aggregation contributor '/World/Nova_Carter_ROS/transform_tree_odometry/tf_tree_base_link_to_sensors' did not submit transforms for topic '/tf' on flush cycle 16454
2026-09-30T16:58:48Z [304,707ms] [Warning] [isaacsim.ros2.nodes] ROS2 TF aggregation contributor '/World/Nova_Carter_ROS/transform_tree_odometry/tf_tree_base_link_to_chassis' did not submit transforms for topic '/tf' on flush cycle 16454
2026-09-30T16:58:50Z [306,755ms] [Warning] [isaacsim.ros2.nodes] ROS2 TF aggregation contributor '/World/Nova_Carter_ROS/chassis_link/sensors/XT_32/ROS_TF/PublisherTF' did not submit transforms for topic '/tf' on flush cycle 16574
2026-09-30T16:58:50Z [306,755ms] [Warning] [isaacsim.ros2.nodes] ROS2 TF aggregation contributor '/World/Nova_Carter_ROS/chassis_link/sensors/front_hawk/ROS_TF/PublisherTF' did not submit transforms for topic '/tf' on flush cycle 16574
2026-09-30T16:58:50Z [306,755ms] [Warning] [isaacsim.ros2.nodes] ROS2 TF aggregation contributor '/World/Nova_Carter_ROS/chassis_link/sensors/front_RPLidar/ROS_TF/PublisherTF' did not submit transforms for topic '/tf' on flush cycle 16574
2026-09-30T16:58:50Z [306,755ms] [Warning] [isaacsim.ros2.nodes] ROS2 TF aggregation contributor '/World/Nova_Carter_ROS/chassis_link/sensors/rear_RPLidar/ROS_TF/PublisherTF' did not submit transforms for topic '/tf' on flush cycle 16574
2026-09-30T16:58:50Z [306,755ms] [Warning] [isaacsim.ros2.nodes] ROS2 TF aggregation contributor '/World/Nova_Carter_ROS/chassis_link/sensors/back_hawk/ROS_TF/PublisherTF' did not submit transforms for topic '/tf' on flush cycle 16574
2026-09-30T16:58:50Z [306,755ms] [Warning] [isaacsim.ros2.nodes] ROS2 TF aggregation contributor '/World/Nova_Carter_ROS/chassis_link/sensors/left_owl/ROS_TF/PublisherTF' did not submit transforms for topic '/tf' on flush cycle 16574
2026-09-30T16:58:50Z [306,755ms] [Warning] [isaacsim.ros2.nodes] ROS2 TF aggregation contributor '/World/Nova_Carter_ROS/chassis_link/sensors/right_hawk/ROS_TF/PublisherTF' did not submit transforms for topic '/tf' on flush cycle 16574
2026-09-30T16:58:50Z [306,755ms] [Warning] [isaacsim.ros2.nodes] ROS2 TF aggregation contributor '/World/Nova_Carter_ROS/chassis_link/sensors/right_owl/ROS_TF/PublisherTF' did not submit transforms for topic '/tf' on flush cycle 16574
2026-09-30T16:58:50Z [306,755ms] [Warning] [isaacsim.ros2.nodes] ROS2 TF aggregation contributor '/World/Nova_Carter_ROS/chassis_link/sensors/left_hawk/ROS_TF/PublisherTF' did not submit transforms for topic '/tf' on flush cycle 16574
2026-09-30T16:58:50Z [306,755ms] [Warning] [isaacsim.ros2.nodes] ROS2 TF aggregation contributor '/World/Nova_Carter_ROS/chassis_link/sensors/front_owl/ROS_TF/PublisherTF' did not submit transforms for topic '/tf' on flush cycle 16574
2026-09-30T16:58:50Z [306,755ms] [Warning] [isaacsim.ros2.nodes] ROS2 TF aggregation contributor '/World/Nova_Carter_ROS/transform_tree_odometry/ros2_publish_raw_transform_tree' did not submit transforms for topic '/tf' on flush cycle 16574
2026-09-30T16:58:50Z [306,755ms] [Warning] [isaacsim.ros2.nodes] ROS2 TF aggregation contributor '/World/Nova_Carter_ROS/chassis_link/sensors/back_owl/ROS_TF/PublisherTF' did not submit transforms for topic '/tf' on flush cycle 16574
2026-09-30T16:58:50Z [306,755ms] [Warning] [isaacsim.ros2.nodes] ROS2 TF aggregation contributor '/World/Nova_Carter_ROS/transform_tree_odometry/tf_tree_base_link_to_wheel_base' did not submit transforms for topic '/tf' on flush cycle 16574
2026-09-30T16:58:50Z [306,755ms] [Warning] [isaacsim.ros2.nodes] ROS2 TF aggregation contributor '/World/Nova_Carter_ROS/transform_tree_odometry/tf_tree_base_link_to_sensors' did not submit transforms for topic '/tf' on flush cycle 16574
2026-09-30T16:58:50Z [306,755ms] [Warning] [isaacsim.ros2.nodes] ROS2 TF aggregation contributor '/World/Nova_Carter_ROS/transform_tree_odometry/tf_tree_base_link_to_chassis' did not submit transforms for topic '/tf' on flush cycle 16574
2026-09-30T16:58:52Z [308,804ms] [Warning] [isaacsim.ros2.nodes] ROS2 TF aggregation contributor '/World/Nova_Carter_ROS/chassis_link/sensors/XT_32/ROS_TF/PublisherTF' did not submit transforms for topic '/tf' on flush cycle 16694
2026-09-30T16:58:52Z [308,804ms] [Warning] [isaacsim.ros2.nodes] ROS2 TF aggregation contributor '/World/Nova_Carter_ROS/chassis_link/sensors/front_hawk/ROS_TF/PublisherTF' did not submit transforms for topic '/tf' on flush cycle 16694
2026-09-30T16:58:52Z [308,804ms] [Warning] [isaacsim.ros2.nodes] ROS2 TF aggregation contributor '/World/Nova_Carter_ROS/chassis_link/sensors/front_RPLidar/ROS_TF/PublisherTF' did not submit transforms for topic '/tf' on flush cycle 16694
2026-09-30T16:58:52Z [308,804ms] [Warning] [isaacsim.ros2.nodes] ROS2 TF aggregation contributor '/World/Nova_Carter_ROS/chassis_link/sensors/rear_RPLidar/ROS_TF/PublisherTF' did not submit transforms for topic '/tf' on flush cycle 16694
2026-09-30T16:58:52Z [308,804ms] [Warning] [isaacsim.ros2.nodes] ROS2 TF aggregation contributor '/World/Nova_Carter_ROS/chassis_link/sensors/back_hawk/ROS_TF/PublisherTF' did not submit transforms for topic '/tf' on flush cycle 16694
2026-09-30T16:58:52Z [308,804ms] [Warning] [isaacsim.ros2.nodes] ROS2 TF aggregation contributor '/World/Nova_Carter_ROS/chassis_link/sensors/left_owl/ROS_TF/PublisherTF' did not submit transforms for topic '/tf' on flush cycle 16694
2026-09-30T16:58:52Z [308,804ms] [Warning] [isaacsim.ros2.nodes] ROS2 TF aggregation contributor '/World/Nova_Carter_ROS/chassis_link/sensors/right_hawk/ROS_TF/PublisherTF' did not submit transforms for topic '/tf' on flush cycle 16694
2026-09-30T16:58:52Z [308,804ms] [Warning] [isaacsim.ros2.nodes] ROS2 TF aggregation contributor '/World/Nova_Carter_ROS/chassis_link/sensors/right_owl/ROS_TF/PublisherTF' did not submit transforms for topic '/tf' on flush cycle 16694
2026-09-30T16:58:52Z [308,804ms] [Warning] [isaacsim.ros2.nodes] ROS2 TF aggregation contributor '/World/Nova_Carter_ROS/chassis_link/sensors/left_hawk/ROS_TF/PublisherTF' did not submit transforms for topic '/tf' on flush cycle 16694
2026-09-30T16:58:52Z [308,804ms] [Warning] [isaacsim.ros2.nodes] ROS2 TF aggregation contributor '/World/Nova_Carter_ROS/chassis_link/sensors/front_owl/ROS_TF/PublisherTF' did not submit transforms for topic '/tf' on flush cycle 16694
2026-09-30T16:58:52Z [308,804ms] [Warning] [isaacsim.ros2.nodes] ROS2 TF aggregation contributor '/World/Nova_Carter_ROS/transform_tree_odometry/ros2_publish_raw_transform_tree' did not submit transforms for topic '/tf' on flush cycle 16694
2026-09-30T16:58:52Z [308,804ms] [Warning] [isaacsim.ros2.nodes] ROS2 TF aggregation contributor '/World/Nova_Carter_ROS/chassis_link/sensors/back_owl/ROS_TF/PublisherTF' did not submit transforms for topic '/tf' on flush cycle 16694
2026-09-30T16:58:52Z [308,804ms] [Warning] [isaacsim.ros2.nodes] ROS2 TF aggregation contributor '/World/Nova_Carter_ROS/transform_tree_odometry/tf_tree_base_link_to_wheel_base' did not submit transforms for topic '/tf' on flush cycle 16694
2026-09-30T16:58:52Z [308,804ms] [Warning] [isaacsim.ros2.nodes] ROS2 TF aggregation contributor '/World/Nova_Carter_ROS/transform_tree_odometry/tf_tree_base_link_to_sensors' did not submit transforms for topic '/tf' on flush cycle 16694
2026-09-30T16:58:52Z [308,804ms] [Warning] [isaacsim.ros2.nodes] ROS2 TF aggregation contributor '/World/Nova_Carter_ROS/transform_tree_odometry/tf_tree_base_link_to_chassis' did not submit transforms for topic '/tf' on flush cycle 16694
2026-09-30T16:58:54Z [310,855ms] [Warning] [isaacsim.ros2.nodes] ROS2 TF aggregation contributor '/World/Nova_Carter_ROS/chassis_link/sensors/XT_32/ROS_TF/PublisherTF' did not submit transforms for topic '/tf' on flush cycle 16814
2026-09-30T16:58:54Z [310,855ms] [Warning] [isaacsim.ros2.nodes] ROS2 TF aggregation contributor '/World/Nova_Carter_ROS/chassis_link/sensors/front_hawk/ROS_TF/PublisherTF' did not submit transforms for topic '/tf' on flush cycle 16814
2026-09-30T16:58:54Z [310,855ms] [Warning] [isaacsim.ros2.nodes] ROS2 TF aggregation contributor '/World/Nova_Carter_ROS/chassis_link/sensors/front_RPLidar/ROS_TF/PublisherTF' did not submit transforms for topic '/tf' on flush cycle 16814
2026-09-30T16:58:54Z [310,855ms] [Warning] [isaacsim.ros2.nodes] ROS2 TF aggregation contributor '/World/Nova_Carter_ROS/chassis_link/sensors/rear_RPLidar/ROS_TF/PublisherTF' did not submit transforms for topic '/tf' on flush cycle 16814
2026-09-30T16:58:54Z [310,855ms] [Warning] [isaacsim.ros2.nodes] ROS2 TF aggregation contributor '/World/Nova_Carter_ROS/chassis_link/sensors/back_hawk/ROS_TF/PublisherTF' did not submit transforms for topic '/tf' on flush cycle 16814
2026-09-30T16:58:54Z [310,855ms] [Warning] [isaacsim.ros2.nodes] ROS2 TF aggregation contributor '/World/Nova_Carter_ROS/chassis_link/sensors/left_owl/ROS_TF/PublisherTF' did not submit transforms for topic '/tf' on flush cycle 16814
2026-09-30T16:58:54Z [310,855ms] [Warning] [isaacsim.ros2.nodes] ROS2 TF aggregation contributor '/World/Nova_Carter_ROS/chassis_link/sensors/right_hawk/ROS_TF/PublisherTF' did not submit transforms for topic '/tf' on flush cycle 16814
2026-09-30T16:58:54Z [310,855ms] [Warning] [isaacsim.ros2.nodes] ROS2 TF aggregation contributor '/World/Nova_Carter_ROS/chassis_link/sensors/right_owl/ROS_TF/PublisherTF' did not submit transforms for topic '/tf' on flush cycle 16814
2026-09-30T16:58:54Z [310,855ms] [Warning] [isaacsim.ros2.nodes] ROS2 TF aggregation contributor '/World/Nova_Carter_ROS/chassis_link/sensors/left_hawk/ROS_TF/PublisherTF' did not submit transforms for topic '/tf' on flush cycle 16814
2026-09-30T16:58:54Z [310,855ms] [Warning] [isaacsim.ros2.nodes] ROS2 TF aggregation contributor '/World/Nova_Carter_ROS/chassis_link/sensors/front_owl/ROS_TF/PublisherTF' did not submit transforms for topic '/tf' on flush cycle 16814
2026-09-30T16:58:54Z [310,855ms] [Warning] [isaacsim.ros2.nodes] ROS2 TF aggregation contributor '/World/Nova_Carter_ROS/transform_tree_odometry/ros2_publish_raw_transform_tree' did not submit transforms for topic '/tf' on flush cycle 16814
2026-09-30T16:58:54Z [310,855ms] [Warning] [isaacsim.ros2.nodes] ROS2 TF aggregation contributor '/World/Nova_Carter_ROS/chassis_link/sensors/back_owl/ROS_TF/PublisherTF' did not submit transforms for topic '/tf' on flush cycle 16814
2026-09-30T16:58:54Z [310,855ms] [Warning] [isaacsim.ros2.nodes] ROS2 TF aggregation contributor '/World/Nova_Carter_ROS/transform_tree_odometry/tf_tree_base_link_to_wheel_base' did not submit transforms for topic '/tf' on flush cycle 16814
2026-09-30T16:58:54Z [310,855ms] [Warning] [isaacsim.ros2.nodes] ROS2 TF aggregation contributor '/World/Nova_Carter_ROS/transform_tree_odometry/tf_tree_base_link_to_sensors' did not submit transforms for topic '/tf' on flush cycle 16814
2026-09-30T16:58:54Z [310,855ms] [Warning] [isaacsim.ros2.nodes] ROS2 TF aggregation contributor '/World/Nova_Carter_ROS/transform_tree_odometry/tf_tree_base_link_to_chassis' did not submit transforms for topic '/tf' on flush cycle 16814
2026-09-30T16:58:56Z [312,998ms] [Warning] [isaacsim.ros2.nodes] ROS2 TF aggregation contributor '/World/Nova_Carter_ROS/chassis_link/sensors/XT_32/ROS_TF/PublisherTF' did not submit transforms for topic '/tf' on flush cycle 16934
2026-09-30T16:58:56Z [312,998ms] [Warning] [isaacsim.ros2.nodes] ROS2 TF aggregation contributor '/World/Nova_Carter_ROS/chassis_link/sensors/front_hawk/ROS_TF/PublisherTF' did not submit transforms for topic '/tf' on flush cycle 16934
2026-09-30T16:58:56Z [312,998ms] [Warning] [isaacsim.ros2.nodes] ROS2 TF aggregation contributor '/World/Nova_Carter_ROS/chassis_link/sensors/front_RPLidar/ROS_TF/PublisherTF' did not submit transforms for topic '/tf' on flush cycle 16934
2026-09-30T16:58:56Z [312,998ms] [Warning] [isaacsim.ros2.nodes] ROS2 TF aggregation contributor '/World/Nova_Carter_ROS/chassis_link/sensors/rear_RPLidar/ROS_TF/PublisherTF' did not submit transforms for topic '/tf' on flush cycle 16934
2026-09-30T16:58:56Z [312,998ms] [Warning] [isaacsim.ros2.nodes] ROS2 TF aggregation contributor '/World/Nova_Carter_ROS/chassis_link/sensors/back_hawk/ROS_TF/PublisherTF' did not submit transforms for topic '/tf' on flush cycle 16934
2026-09-30T16:58:56Z [312,998ms] [Warning] [isaacsim.ros2.nodes] ROS2 TF aggregation contributor '/World/Nova_Carter_ROS/chassis_link/sensors/left_owl/ROS_TF/PublisherTF' did not submit transforms for topic '/tf' on flush cycle 16934
2026-09-30T16:58:56Z [312,998ms] [Warning] [isaacsim.ros2.nodes] ROS2 TF aggregation contributor '/World/Nova_Carter_ROS/chassis_link/sensors/right_hawk/ROS_TF/PublisherTF' did not submit transforms for topic '/tf' on flush cycle 16934
2026-09-30T16:58:56Z [312,998ms] [Warning] [isaacsim.ros2.nodes] ROS2 TF aggregation contributor '/World/Nova_Carter_ROS/chassis_link/sensors/right_owl/ROS_TF/PublisherTF' did not submit transforms for topic '/tf' on flush cycle 16934
2026-09-30T16:58:56Z [312,998ms] [Warning] [isaacsim.ros2.nodes] ROS2 TF aggregation contributor '/World/Nova_Carter_ROS/chassis_link/sensors/left_hawk/ROS_TF/PublisherTF' did not submit transforms for topic '/tf' on flush cycle 16934
2026-09-30T16:58:56Z [312,998ms] [Warning] [isaacsim.ros2.nodes] ROS2 TF aggregation contributor '/World/Nova_Carter_ROS/chassis_link/sensors/front_owl/ROS_TF/PublisherTF' did not submit transforms for topic '/tf' on flush cycle 16934
2026-09-30T16:58:56Z [312,998ms] [Warning] [isaacsim.ros2.nodes] ROS2 TF aggregation contributor '/World/Nova_Carter_ROS/transform_tree_odometry/ros2_publish_raw_transform_tree' did not submit transforms for topic '/tf' on flush cycle 16934
2026-09-30T16:58:56Z [312,998ms] [Warning] [isaacsim.ros2.nodes] ROS2 TF aggregation contributor '/World/Nova_Carter_ROS/chassis_link/sensors/back_owl/ROS_TF/PublisherTF' did not submit transforms for topic '/tf' on flush cycle 16934
2026-09-30T16:58:56Z [312,998ms] [Warning] [isaacsim.ros2.nodes] ROS2 TF aggregation contributor '/World/Nova_Carter_ROS/transform_tree_odometry/tf_tree_base_link_to_wheel_base' did not submit transforms for topic '/tf' on flush cycle 16934
2026-09-30T16:58:56Z [312,998ms] [Warning] [isaacsim.ros2.nodes] ROS2 TF aggregation contributor '/World/Nova_Carter_ROS/transform_tree_odometry/tf_tree_base_link_to_sensors' did not submit transforms for topic '/tf' on flush cycle 16934
2026-09-30T16:58:56Z [312,998ms] [Warning] [isaacsim.ros2.nodes] ROS2 TF aggregation contributor '/World/Nova_Carter_ROS/transform_tree_odometry/tf_tree_base_link_to_chassis' did not submit transforms for topic '/tf' on flush cycle 16934
2026-09-30T16:59:06Z [323,053ms] [Warning] [isaacsim.ros2.nodes] ROS2 TF aggregation contributor '/World/Nova_Carter_ROS/chassis_link/sensors/XT_32/ROS_TF/PublisherTF' did not submit transforms for topic '/tf' on flush cycle 17492
2026-09-30T16:59:06Z [323,053ms] [Warning] [isaacsim.ros2.nodes] ROS2 TF aggregation contributor '/World/Nova_Carter_ROS/chassis_link/sensors/front_hawk/ROS_TF/PublisherTF' did not submit transforms for topic '/tf' on flush cycle 17492
2026-09-30T16:59:06Z [323,053ms] [Warning] [isaacsim.ros2.nodes] ROS2 TF aggregation contributor '/World/Nova_Carter_ROS/chassis_link/sensors/front_RPLidar/ROS_TF/PublisherTF' did not submit transforms for topic '/tf' on flush cycle 17492
2026-09-30T16:59:06Z [323,053ms] [Warning] [isaacsim.ros2.nodes] ROS2 TF aggregation contributor '/World/Nova_Carter_ROS/chassis_link/sensors/rear_RPLidar/ROS_TF/PublisherTF' did not submit transforms for topic '/tf' on flush cycle 17492
2026-09-30T16:59:06Z [323,053ms] [Warning] [isaacsim.ros2.nodes] ROS2 TF aggregation contributor '/World/Nova_Carter_ROS/chassis_link/sensors/back_hawk/ROS_TF/PublisherTF' did not submit transforms for topic '/tf' on flush cycle 17492
2026-09-30T16:59:06Z [323,053ms] [Warning] [isaacsim.ros2.nodes] ROS2 TF aggregation contributor '/World/Nova_Carter_ROS/chassis_link/sensors/left_owl/ROS_TF/PublisherTF' did not submit transforms for topic '/tf' on flush cycle 17492
2026-09-30T16:59:06Z [323,053ms] [Warning] [isaacsim.ros2.nodes] ROS2 TF aggregation contributor '/World/Nova_Carter_ROS/chassis_link/sensors/right_hawk/ROS_TF/PublisherTF' did not submit transforms for topic '/tf' on flush cycle 17492
2026-09-30T16:59:06Z [323,053ms] [Warning] [isaacsim.ros2.nodes] ROS2 TF aggregation contributor '/World/Nova_Carter_ROS/chassis_link/sensors/right_owl/ROS_TF/PublisherTF' did not submit transforms for topic '/tf' on flush cycle 17492
2026-09-30T16:59:06Z [323,053ms] [Warning] [isaacsim.ros2.nodes] ROS2 TF aggregation contributor '/World/Nova_Carter_ROS/chassis_link/sensors/left_hawk/ROS_TF/PublisherTF' did not submit transforms for topic '/tf' on flush cycle 17492
2026-09-30T16:59:06Z [323,053ms] [Warning] [isaacsim.ros2.nodes] ROS2 TF aggregation contributor '/World/Nova_Carter_ROS/chassis_link/sensors/front_owl/ROS_TF/PublisherTF' did not submit transforms for topic '/tf' on flush cycle 17492
2026-09-30T16:59:06Z [323,053ms] [Warning] [isaacsim.ros2.nodes] ROS2 TF aggregation contributor '/World/Nova_Carter_ROS/transform_tree_odometry/ros2_publish_raw_transform_tree' did not submit transforms for topic '/tf' on flush cycle 17492
2026-09-30T16:59:06Z [323,053ms] [Warning] [isaacsim.ros2.nodes] ROS2 TF aggregation contributor '/World/Nova_Carter_ROS/chassis_link/sensors/back_owl/ROS_TF/PublisherTF' did not submit transforms for topic '/tf' on flush cycle 17492
2026-09-30T16:59:06Z [323,053ms] [Warning] [isaacsim.ros2.nodes] ROS2 TF aggregation contributor '/World/Nova_Carter_ROS/transform_tree_odometry/tf_tree_base_link_to_wheel_base' did not submit transforms for topic '/tf' on flush cycle 17492
2026-09-30T16:59:06Z [323,053ms] [Warning] [isaacsim.ros2.nodes] ROS2 TF aggregation contributor '/World/Nova_Carter_ROS/transform_tree_odometry/tf_tree_base_link_to_sensors' did not submit transforms for topic '/tf' on flush cycle 17492
2026-09-30T16:59:06Z [323,053ms] [Warning] [isaacsim.ros2.nodes] ROS2 TF aggregation contributor '/World/Nova_Carter_ROS/transform_tree_odometry/tf_tree_base_link_to_chassis' did not submit transforms for topic '/tf' on flush cycle 17492
2026-09-30T16:59:08Z [325,135ms] [Warning] [isaacsim.ros2.nodes] ROS2 TF aggregation contributor '/World/Nova_Carter_ROS/chassis_link/sensors/XT_32/ROS_TF/PublisherTF' did not submit transforms for topic '/tf' on flush cycle 17612
2026-09-30T16:59:08Z [325,135ms] [Warning] [isaacsim.ros2.nodes] ROS2 TF aggregation contributor '/World/Nova_Carter_ROS/chassis_link/sensors/front_hawk/ROS_TF/PublisherTF' did not submit transforms for topic '/tf' on flush cycle 17612
2026-09-30T16:59:08Z [325,135ms] [Warning] [isaacsim.ros2.nodes] ROS2 TF aggregation contributor '/World/Nova_Carter_ROS/chassis_link/sensors/front_RPLidar/ROS_TF/PublisherTF' did not submit transforms for topic '/tf' on flush cycle 17612
2026-09-30T16:59:08Z [325,135ms] [Warning] [isaacsim.ros2.nodes] ROS2 TF aggregation contributor '/World/Nova_Carter_ROS/chassis_link/sensors/rear_RPLidar/ROS_TF/PublisherTF' did not submit transforms for topic '/tf' on flush cycle 17612
2026-09-30T16:59:08Z [325,135ms] [Warning] [isaacsim.ros2.nodes] ROS2 TF aggregation contributor '/World/Nova_Carter_ROS/chassis_link/sensors/back_hawk/ROS_TF/PublisherTF' did not submit transforms for topic '/tf' on flush cycle 17612
2026-09-30T16:59:08Z [325,135ms] [Warning] [isaacsim.ros2.nodes] ROS2 TF aggregation contributor '/World/Nova_Carter_ROS/chassis_link/sensors/left_owl/ROS_TF/PublisherTF' did not submit transforms for topic '/tf' on flush cycle 17612
2026-09-30T16:59:08Z [325,135ms] [Warning] [isaacsim.ros2.nodes] ROS2 TF aggregation contributor '/World/Nova_Carter_ROS/chassis_link/sensors/right_hawk/ROS_TF/PublisherTF' did not submit transforms for topic '/tf' on flush cycle 17612
2026-09-30T16:59:08Z [325,135ms] [Warning] [isaacsim.ros2.nodes] ROS2 TF aggregation contributor '/World/Nova_Carter_ROS/chassis_link/sensors/right_owl/ROS_TF/PublisherTF' did not submit transforms for topic '/tf' on flush cycle 17612
2026-09-30T16:59:08Z [325,135ms] [Warning] [isaacsim.ros2.nodes] ROS2 TF aggregation contributor '/World/Nova_Carter_ROS/chassis_link/sensors/left_hawk/ROS_TF/PublisherTF' did not submit transforms for topic '/tf' on flush cycle 17612
2026-09-30T16:59:08Z [325,135ms] [Warning] [isaacsim.ros2.nodes] ROS2 TF aggregation contributor '/World/Nova_Carter_ROS/chassis_link/sensors/front_owl/ROS_TF/PublisherTF' did not submit transforms for topic '/tf' on flush cycle 17612
2026-09-30T16:59:08Z [325,135ms] [Warning] [isaacsim.ros2.nodes] ROS2 TF aggregation contributor '/World/Nova_Carter_ROS/transform_tree_odometry/ros2_publish_raw_transform_tree' did not submit transforms for topic '/tf' on flush cycle 17612
2026-09-30T16:59:08Z [325,135ms] [Warning] [isaacsim.ros2.nodes] ROS2 TF aggregation contributor '/World/Nova_Carter_ROS/chassis_link/sensors/back_owl/ROS_TF/PublisherTF' did not submit transforms for topic '/tf' on flush cycle 17612
2026-09-30T16:59:08Z [325,135ms] [Warning] [isaacsim.ros2.nodes] ROS2 TF aggregation contributor '/World/Nova_Carter_ROS/transform_tree_odometry/tf_tree_base_link_to_wheel_base' did not submit transforms for topic '/tf' on flush cycle 17612
2026-09-30T16:59:08Z [325,135ms] [Warning] [isaacsim.ros2.nodes] ROS2 TF aggregation contributor '/World/Nova_Carter_ROS/transform_tree_odometry/tf_tree_base_link_to_sensors' did not submit transforms for topic '/tf' on flush cycle 17612
2026-09-30T16:59:08Z [325,135ms] [Warning] [isaacsim.ros2.nodes] ROS2 TF aggregation contributor '/World/Nova_Carter_ROS/transform_tree_odometry/tf_tree_base_link_to_chassis' did not submit transforms for topic '/tf' on flush cycle 17612
2026-09-30T16:59:10Z [327,176ms] [Warning] [isaacsim.ros2.nodes] ROS2 TF aggregation contributor '/World/Nova_Carter_ROS/chassis_link/sensors/XT_32/ROS_TF/PublisherTF' did not submit transforms for topic '/tf' on flush cycle 17732
2026-09-30T16:59:10Z [327,176ms] [Warning] [isaacsim.ros2.nodes] ROS2 TF aggregation contributor '/World/Nova_Carter_ROS/chassis_link/sensors/front_hawk/ROS_TF/PublisherTF' did not submit transforms for topic '/tf' on flush cycle 17732
2026-09-30T16:59:10Z [327,176ms] [Warning] [isaacsim.ros2.nodes] ROS2 TF aggregation contributor '/World/Nova_Carter_ROS/chassis_link/sensors/front_RPLidar/ROS_TF/PublisherTF' did not submit transforms for topic '/tf' on flush cycle 17732
2026-09-30T16:59:10Z [327,176ms] [Warning] [isaacsim.ros2.nodes] ROS2 TF aggregation contributor '/World/Nova_Carter_ROS/chassis_link/sensors/rear_RPLidar/ROS_TF/PublisherTF' did not submit transforms for topic '/tf' on flush cycle 17732
2026-09-30T16:59:10Z [327,176ms] [Warning] [isaacsim.ros2.nodes] ROS2 TF aggregation contributor '/World/Nova_Carter_ROS/chassis_link/sensors/back_hawk/ROS_TF/PublisherTF' did not submit transforms for topic '/tf' on flush cycle 17732
2026-09-30T16:59:10Z [327,176ms] [Warning] [isaacsim.ros2.nodes] ROS2 TF aggregation contributor '/World/Nova_Carter_ROS/chassis_link/sensors/left_owl/ROS_TF/PublisherTF' did not submit transforms for topic '/tf' on flush cycle 17732
2026-09-30T16:59:10Z [327,176ms] [Warning] [isaacsim.ros2.nodes] ROS2 TF aggregation contributor '/World/Nova_Carter_ROS/chassis_link/sensors/right_hawk/ROS_TF/PublisherTF' did not submit transforms for topic '/tf' on flush cycle 17732
2026-09-30T16:59:10Z [327,176ms] [Warning] [isaacsim.ros2.nodes] ROS2 TF aggregation contributor '/World/Nova_Carter_ROS/chassis_link/sensors/right_owl/ROS_TF/PublisherTF' did not submit transforms for topic '/tf' on flush cycle 17732
2026-09-30T16:59:10Z [327,176ms] [Warning] [isaacsim.ros2.nodes] ROS2 TF aggregation contributor '/World/Nova_Carter_ROS/chassis_link/sensors/left_hawk/ROS_TF/PublisherTF' did not submit transforms for topic '/tf' on flush cycle 17732
2026-09-30T16:59:10Z [327,176ms] [Warning] [isaacsim.ros2.nodes] ROS2 TF aggregation contributor '/World/Nova_Carter_ROS/chassis_link/sensors/front_owl/ROS_TF/PublisherTF' did not submit transforms for topic '/tf' on flush cycle 17732
2026-09-30T16:59:10Z [327,176ms] [Warning] [isaacsim.ros2.nodes] ROS2 TF aggregation contributor '/World/Nova_Carter_ROS/transform_tree_odometry/ros2_publish_raw_transform_tree' did not submit transforms for topic '/tf' on flush cycle 17732
2026-09-30T16:59:10Z [327,176ms] [Warning] [isaacsim.ros2.nodes] ROS2 TF aggregation contributor '/World/Nova_Carter_ROS/chassis_link/sensors/back_owl/ROS_TF/PublisherTF' did not submit transforms for topic '/tf' on flush cycle 17732
2026-09-30T16:59:10Z [327,176ms] [Warning] [isaacsim.ros2.nodes] ROS2 TF aggregation contributor '/World/Nova_Carter_ROS/transform_tree_odometry/tf_tree_base_link_to_wheel_base' did not submit transforms for topic '/tf' on flush cycle 17732
2026-09-30T16:59:10Z [327,176ms] [Warning] [isaacsim.ros2.nodes] ROS2 TF aggregation contributor '/World/Nova_Carter_ROS/transform_tree_odometry/tf_tree_base_link_to_sensors' did not submit transforms for topic '/tf' on flush cycle 17732
2026-09-30T16:59:10Z [327,176ms] [Warning] [isaacsim.ros2.nodes] ROS2 TF aggregation contributor '/World/Nova_Carter_ROS/transform_tree_odometry/tf_tree_base_link_to_chassis' did not submit transforms for topic '/tf' on flush cycle 17732
2026-09-30T16:59:12Z [329,223ms] [Warning] [isaacsim.ros2.nodes] ROS2 TF aggregation contributor '/World/Nova_Carter_ROS/chassis_link/sensors/XT_32/ROS_TF/PublisherTF' did not submit transforms for topic '/tf' on flush cycle 17852
2026-09-30T16:59:12Z [329,223ms] [Warning] [isaacsim.ros2.nodes] ROS2 TF aggregation contributor '/World/Nova_Carter_ROS/chassis_link/sensors/front_hawk/ROS_TF/PublisherTF' did not submit transforms for topic '/tf' on flush cycle 17852
2026-09-30T16:59:12Z [329,223ms] [Warning] [isaacsim.ros2.nodes] ROS2 TF aggregation contributor '/World/Nova_Carter_ROS/chassis_link/sensors/front_RPLidar/ROS_TF/PublisherTF' did not submit transforms for topic '/tf' on flush cycle 17852
2026-09-30T16:59:12Z [329,223ms] [Warning] [isaacsim.ros2.nodes] ROS2 TF aggregation contributor '/World/Nova_Carter_ROS/chassis_link/sensors/rear_RPLidar/ROS_TF/PublisherTF' did not submit transforms for topic '/tf' on flush cycle 17852
2026-09-30T16:59:12Z [329,223ms] [Warning] [isaacsim.ros2.nodes] ROS2 TF aggregation contributor '/World/Nova_Carter_ROS/chassis_link/sensors/back_hawk/ROS_TF/PublisherTF' did not submit transforms for topic '/tf' on flush cycle 17852
2026-09-30T16:59:12Z [329,223ms] [Warning] [isaacsim.ros2.nodes] ROS2 TF aggregation contributor '/World/Nova_Carter_ROS/chassis_link/sensors/left_owl/ROS_TF/PublisherTF' did not submit transforms for topic '/tf' on flush cycle 17852
2026-09-30T16:59:12Z [329,223ms] [Warning] [isaacsim.ros2.nodes] ROS2 TF aggregation contributor '/World/Nova_Carter_ROS/chassis_link/sensors/right_hawk/ROS_TF/PublisherTF' did not submit transforms for topic '/tf' on flush cycle 17852
2026-09-30T16:59:12Z [329,223ms] [Warning] [isaacsim.ros2.nodes] ROS2 TF aggregation contributor '/World/Nova_Carter_ROS/chassis_link/sensors/right_owl/ROS_TF/PublisherTF' did not submit transforms for topic '/tf' on flush cycle 17852
2026-09-30T16:59:12Z [329,223ms] [Warning] [isaacsim.ros2.nodes] ROS2 TF aggregation contributor '/World/Nova_Carter_ROS/chassis_link/sensors/left_hawk/ROS_TF/PublisherTF' did not submit transforms for topic '/tf' on flush cycle 17852
2026-09-30T16:59:12Z [329,223ms] [Warning] [isaacsim.ros2.nodes] ROS2 TF aggregation contributor '/World/Nova_Carter_ROS/chassis_link/sensors/front_owl/ROS_TF/PublisherTF' did not submit transforms for topic '/tf' on flush cycle 17852
2026-09-30T16:59:12Z [329,223ms] [Warning] [isaacsim.ros2.nodes] ROS2 TF aggregation contributor '/World/Nova_Carter_ROS/transform_tree_odometry/ros2_publish_raw_transform_tree' did not submit transforms for topic '/tf' on flush cycle 17852
2026-09-30T16:59:12Z [329,223ms] [Warning] [isaacsim.ros2.nodes] ROS2 TF aggregation contributor '/World/Nova_Carter_ROS/chassis_link/sensors/back_owl/ROS_TF/PublisherTF' did not submit transforms for topic '/tf' on flush cycle 17852
2026-09-30T16:59:12Z [329,223ms] [Warning] [isaacsim.ros2.nodes] ROS2 TF aggregation contributor '/World/Nova_Carter_ROS/transform_tree_odometry/tf_tree_base_link_to_wheel_base' did not submit transforms for topic '/tf' on flush cycle 17852
2026-09-30T16:59:12Z [329,223ms] [Warning] [isaacsim.ros2.nodes] ROS2 TF aggregation contributor '/World/Nova_Carter_ROS/transform_tree_odometry/tf_tree_base_link_to_sensors' did not submit transforms for topic '/tf' on flush cycle 17852
2026-09-30T16:59:12Z [329,223ms] [Warning] [isaacsim.ros2.nodes] ROS2 TF aggregation contributor '/World/Nova_Carter_ROS/transform_tree_odometry/tf_tree_base_link_to_chassis' did not submit transforms for topic '/tf' on flush cycle 17852
2026-09-30T16:59:14Z [331,271ms] [Warning] [isaacsim.ros2.nodes] ROS2 TF aggregation contributor '/World/Nova_Carter_ROS/chassis_link/sensors/XT_32/ROS_TF/PublisherTF' did not submit transforms for topic '/tf' on flush cycle 17972
2026-09-30T16:59:14Z [331,271ms] [Warning] [isaacsim.ros2.nodes] ROS2 TF aggregation contributor '/World/Nova_Carter_ROS/chassis_link/sensors/front_hawk/ROS_TF/PublisherTF' did not submit transforms for topic '/tf' on flush cycle 17972
2026-09-30T16:59:14Z [331,271ms] [Warning] [isaacsim.ros2.nodes] ROS2 TF aggregation contributor '/World/Nova_Carter_ROS/chassis_link/sensors/front_RPLidar/ROS_TF/PublisherTF' did not submit transforms for topic '/tf' on flush cycle 17972
2026-09-30T16:59:14Z [331,271ms] [Warning] [isaacsim.ros2.nodes] ROS2 TF aggregation contributor '/World/Nova_Carter_ROS/chassis_link/sensors/rear_RPLidar/ROS_TF/PublisherTF' did not submit transforms for topic '/tf' on flush cycle 17972
2026-09-30T16:59:14Z [331,271ms] [Warning] [isaacsim.ros2.nodes] ROS2 TF aggregation contributor '/World/Nova_Carter_ROS/chassis_link/sensors/back_hawk/ROS_TF/PublisherTF' did not submit transforms for topic '/tf' on flush cycle 17972
2026-09-30T16:59:14Z [331,271ms] [Warning] [isaacsim.ros2.nodes] ROS2 TF aggregation contributor '/World/Nova_Carter_ROS/chassis_link/sensors/left_owl/ROS_TF/PublisherTF' did not submit transforms for topic '/tf' on flush cycle 17972
2026-09-30T16:59:14Z [331,271ms] [Warning] [isaacsim.ros2.nodes] ROS2 TF aggregation contributor '/World/Nova_Carter_ROS/chassis_link/sensors/right_hawk/ROS_TF/PublisherTF' did not submit transforms for topic '/tf' on flush cycle 17972
2026-09-30T16:59:14Z [331,271ms] [Warning] [isaacsim.ros2.nodes] ROS2 TF aggregation contributor '/World/Nova_Carter_ROS/chassis_link/sensors/right_owl/ROS_TF/PublisherTF' did not submit transforms for topic '/tf' on flush cycle 17972
2026-09-30T16:59:14Z [331,271ms] [Warning] [isaacsim.ros2.nodes] ROS2 TF aggregation contributor '/World/Nova_Carter_ROS/chassis_link/sensors/left_hawk/ROS_TF/PublisherTF' did not submit transforms for topic '/tf' on flush cycle 17972
2026-09-30T16:59:14Z [331,271ms] [Warning] [isaacsim.ros2.nodes] ROS2 TF aggregation contributor '/World/Nova_Carter_ROS/chassis_link/sensors/front_owl/ROS_TF/PublisherTF' did not submit transforms for topic '/tf' on flush cycle 17972
2026-09-30T16:59:14Z [331,271ms] [Warning] [isaacsim.ros2.nodes] ROS2 TF aggregation contributor '/World/Nova_Carter_ROS/transform_tree_odometry/ros2_publish_raw_transform_tree' did not submit transforms for topic '/tf' on flush cycle 17972
2026-09-30T16:59:14Z [331,271ms] [Warning] [isaacsim.ros2.nodes] ROS2 TF aggregation contributor '/World/Nova_Carter_ROS/chassis_link/sensors/back_owl/ROS_TF/PublisherTF' did not submit transforms for topic '/tf' on flush cycle 17972
2026-09-30T16:59:14Z [331,271ms] [Warning] [isaacsim.ros2.nodes] ROS2 TF aggregation contributor '/World/Nova_Carter_ROS/transform_tree_odometry/tf_tree_base_link_to_wheel_base' did not submit transforms for topic '/tf' on flush cycle 17972
2026-09-30T16:59:14Z [331,271ms] [Warning] [isaacsim.ros2.nodes] ROS2 TF aggregation contributor '/World/Nova_Carter_ROS/transform_tree_odometry/tf_tree_base_link_to_sensors' did not submit transforms for topic '/tf' on flush cycle 17972
2026-09-30T16:59:14Z [331,271ms] [Warning] [isaacsim.ros2.nodes] ROS2 TF aggregation contributor '/World/Nova_Carter_ROS/transform_tree_odometry/tf_tree_base_link_to_chassis' did not submit transforms for topic '/tf' on flush cycle 17972
2026-09-30T16:59:16Z [333,321ms] [Warning] [isaacsim.ros2.nodes] ROS2 TF aggregation contributor '/World/Nova_Carter_ROS/chassis_link/sensors/XT_32/ROS_TF/PublisherTF' did not submit transforms for topic '/tf' on flush cycle 18092
2026-09-30T16:59:16Z [333,321ms] [Warning] [isaacsim.ros2.nodes] ROS2 TF aggregation contributor '/World/Nova_Carter_ROS/chassis_link/sensors/front_hawk/ROS_TF/PublisherTF' did not submit transforms for topic '/tf' on flush cycle 18092
2026-09-30T16:59:16Z [333,321ms] [Warning] [isaacsim.ros2.nodes] ROS2 TF aggregation contributor '/World/Nova_Carter_ROS/chassis_link/sensors/front_RPLidar/ROS_TF/PublisherTF' did not submit transforms for topic '/tf' on flush cycle 18092
2026-09-30T16:59:16Z [333,321ms] [Warning] [isaacsim.ros2.nodes] ROS2 TF aggregation contributor '/World/Nova_Carter_ROS/chassis_link/sensors/rear_RPLidar/ROS_TF/PublisherTF' did not submit transforms for topic '/tf' on flush cycle 18092
2026-09-30T16:59:16Z [333,321ms] [Warning] [isaacsim.ros2.nodes] ROS2 TF aggregation contributor '/World/Nova_Carter_ROS/chassis_link/sensors/back_hawk/ROS_TF/PublisherTF' did not submit transforms for topic '/tf' on flush cycle 18092
2026-09-30T16:59:16Z [333,321ms] [Warning] [isaacsim.ros2.nodes] ROS2 TF aggregation contributor '/World/Nova_Carter_ROS/chassis_link/sensors/left_owl/ROS_TF/PublisherTF' did not submit transforms for topic '/tf' on flush cycle 18092
2026-09-30T16:59:16Z [333,321ms] [Warning] [isaacsim.ros2.nodes] ROS2 TF aggregation contributor '/World/Nova_Carter_ROS/chassis_link/sensors/right_hawk/ROS_TF/PublisherTF' did not submit transforms for topic '/tf' on flush cycle 18092
2026-09-30T16:59:16Z [333,321ms] [Warning] [isaacsim.ros2.nodes] ROS2 TF aggregation contributor '/World/Nova_Carter_ROS/chassis_link/sensors/right_owl/ROS_TF/PublisherTF' did not submit transforms for topic '/tf' on flush cycle 18092
2026-09-30T16:59:16Z [333,321ms] [Warning] [isaacsim.ros2.nodes] ROS2 TF aggregation contributor '/World/Nova_Carter_ROS/chassis_link/sensors/left_hawk/ROS_TF/PublisherTF' did not submit transforms for topic '/tf' on flush cycle 18092
2026-09-30T16:59:16Z [333,321ms] [Warning] [isaacsim.ros2.nodes] ROS2 TF aggregation contributor '/World/Nova_Carter_ROS/chassis_link/sensors/front_owl/ROS_TF/PublisherTF' did not submit transforms for topic '/tf' on flush cycle 18092
2026-09-30T16:59:16Z [333,321ms] [Warning] [isaacsim.ros2.nodes] ROS2 TF aggregation contributor '/World/Nova_Carter_ROS/transform_tree_odometry/ros2_publish_raw_transform_tree' did not submit transforms for topic '/tf' on flush cycle 18092
2026-09-30T16:59:16Z [333,321ms] [Warning] [isaacsim.ros2.nodes] ROS2 TF aggregation contributor '/World/Nova_Carter_ROS/chassis_link/sensors/back_owl/ROS_TF/PublisherTF' did not submit transforms for topic '/tf' on flush cycle 18092
2026-09-30T16:59:16Z [333,321ms] [Warning] [isaacsim.ros2.nodes] ROS2 TF aggregation contributor '/World/Nova_Carter_ROS/transform_tree_odometry/tf_tree_base_link_to_wheel_base' did not submit transforms for topic '/tf' on flush cycle 18092
2026-09-30T16:59:16Z [333,321ms] [Warning] [isaacsim.ros2.nodes] ROS2 TF aggregation contributor '/World/Nova_Carter_ROS/transform_tree_odometry/tf_tree_base_link_to_sensors' did not submit transforms for topic '/tf' on flush cycle 18092
2026-09-30T16:59:16Z [333,321ms] [Warning] [isaacsim.ros2.nodes] ROS2 TF aggregation contributor '/World/Nova_Carter_ROS/transform_tree_odometry/tf_tree_base_link_to_chassis' did not submit transforms for topic '/tf' on flush cycle 18092
2026-09-30T16:59:18Z [335,414ms] [Warning] [isaacsim.ros2.nodes] ROS2 TF aggregation contributor '/World/Nova_Carter_ROS/chassis_link/sensors/XT_32/ROS_TF/PublisherTF' did not submit transforms for topic '/tf' on flush cycle 18212
2026-09-30T16:59:18Z [335,414ms] [Warning] [isaacsim.ros2.nodes] ROS2 TF aggregation contributor '/World/Nova_Carter_ROS/chassis_link/sensors/front_hawk/ROS_TF/PublisherTF' did not submit transforms for topic '/tf' on flush cycle 18212
2026-09-30T16:59:18Z [335,414ms] [Warning] [isaacsim.ros2.nodes] ROS2 TF aggregation contributor '/World/Nova_Carter_ROS/chassis_link/sensors/front_RPLidar/ROS_TF/PublisherTF' did not submit transforms for topic '/tf' on flush cycle 18212
2026-09-30T16:59:18Z [335,414ms] [Warning] [isaacsim.ros2.nodes] ROS2 TF aggregation contributor '/World/Nova_Carter_ROS/chassis_link/sensors/rear_RPLidar/ROS_TF/PublisherTF' did not submit transforms for topic '/tf' on flush cycle 18212
2026-09-30T16:59:18Z [335,414ms] [Warning] [isaacsim.ros2.nodes] ROS2 TF aggregation contributor '/World/Nova_Carter_ROS/chassis_link/sensors/back_hawk/ROS_TF/PublisherTF' did not submit transforms for topic '/tf' on flush cycle 18212
2026-09-30T16:59:18Z [335,414ms] [Warning] [isaacsim.ros2.nodes] ROS2 TF aggregation contributor '/World/Nova_Carter_ROS/chassis_link/sensors/left_owl/ROS_TF/PublisherTF' did not submit transforms for topic '/tf' on flush cycle 18212
2026-09-30T16:59:18Z [335,414ms] [Warning] [isaacsim.ros2.nodes] ROS2 TF aggregation contributor '/World/Nova_Carter_ROS/chassis_link/sensors/right_hawk/ROS_TF/PublisherTF' did not submit transforms for topic '/tf' on flush cycle 18212
2026-09-30T16:59:18Z [335,414ms] [Warning] [isaacsim.ros2.nodes] ROS2 TF aggregation contributor '/World/Nova_Carter_ROS/chassis_link/sensors/right_owl/ROS_TF/PublisherTF' did not submit transforms for topic '/tf' on flush cycle 18212
2026-09-30T16:59:18Z [335,414ms] [Warning] [isaacsim.ros2.nodes] ROS2 TF aggregation contributor '/World/Nova_Carter_ROS/chassis_link/sensors/left_hawk/ROS_TF/PublisherTF' did not submit transforms for topic '/tf' on flush cycle 18212
2026-09-30T16:59:18Z [335,414ms] [Warning] [isaacsim.ros2.nodes] ROS2 TF aggregation contributor '/World/Nova_Carter_ROS/chassis_link/sensors/front_owl/ROS_TF/PublisherTF' did not submit transforms for topic '/tf' on flush cycle 18212
2026-09-30T16:59:18Z [335,414ms] [Warning] [isaacsim.ros2.nodes] ROS2 TF aggregation contributor '/World/Nova_Carter_ROS/transform_tree_odometry/ros2_publish_raw_transform_tree' did not submit transforms for topic '/tf' on flush cycle 18212
2026-09-30T16:59:18Z [335,414ms] [Warning] [isaacsim.ros2.nodes] ROS2 TF aggregation contributor '/World/Nova_Carter_ROS/chassis_link/sensors/back_owl/ROS_TF/PublisherTF' did not submit transforms for topic '/tf' on flush cycle 18212
2026-09-30T16:59:18Z [335,414ms] [Warning] [isaacsim.ros2.nodes] ROS2 TF aggregation contributor '/World/Nova_Carter_ROS/transform_tree_odometry/tf_tree_base_link_to_wheel_base' did not submit transforms for topic '/tf' on flush cycle 18212
2026-09-30T16:59:18Z [335,414ms] [Warning] [isaacsim.ros2.nodes] ROS2 TF aggregation contributor '/World/Nova_Carter_ROS/transform_tree_odometry/tf_tree_base_link_to_sensors' did not submit transforms for topic '/tf' on flush cycle 18212
2026-09-30T16:59:18Z [335,414ms] [Warning] [isaacsim.ros2.nodes] ROS2 TF aggregation contributor '/World/Nova_Carter_ROS/transform_tree_odometry/tf_tree_base_link_to_chassis' did not submit transforms for topic '/tf' on flush cycle 18212
2026-09-30T16:59:19Z [336,020ms] [Warning] [omni.graph.core.plugin] /World/Nova_Carter_ROS/differential_drive/differential_controller_01: [/World/Nova_Carter_ROS/differential_drive] Invalid deltaTime 0.000000, cannot check for acceleration limits, skipping current step
2026-09-30T16:59:29Z [345,759ms] [Warning] [isaacsim.ros2.nodes] ROS2 TF aggregation contributor '/World/Nova_Carter_ROS/chassis_link/sensors/XT_32/ROS_TF/PublisherTF' did not submit transforms for topic '/tf' on flush cycle 18766
2026-09-30T16:59:29Z [345,759ms] [Warning] [isaacsim.ros2.nodes] ROS2 TF aggregation contributor '/World/Nova_Carter_ROS/chassis_link/sensors/front_hawk/ROS_TF/PublisherTF' did not submit transforms for topic '/tf' on flush cycle 18766
2026-09-30T16:59:29Z [345,759ms] [Warning] [isaacsim.ros2.nodes] ROS2 TF aggregation contributor '/World/Nova_Carter_ROS/chassis_link/sensors/front_RPLidar/ROS_TF/PublisherTF' did not submit transforms for topic '/tf' on flush cycle 18766
2026-09-30T16:59:29Z [345,759ms] [Warning] [isaacsim.ros2.nodes] ROS2 TF aggregation contributor '/World/Nova_Carter_ROS/chassis_link/sensors/rear_RPLidar/ROS_TF/PublisherTF' did not submit transforms for topic '/tf' on flush cycle 18766
2026-09-30T16:59:29Z [345,759ms] [Warning] [isaacsim.ros2.nodes] ROS2 TF aggregation contributor '/World/Nova_Carter_ROS/chassis_link/sensors/back_hawk/ROS_TF/PublisherTF' did not submit transforms for topic '/tf' on flush cycle 18766
2026-09-30T16:59:29Z [345,759ms] [Warning] [isaacsim.ros2.nodes] ROS2 TF aggregation contributor '/World/Nova_Carter_ROS/chassis_link/sensors/left_owl/ROS_TF/PublisherTF' did not submit transforms for topic '/tf' on flush cycle 18766
2026-09-30T16:59:29Z [345,759ms] [Warning] [isaacsim.ros2.nodes] ROS2 TF aggregation contributor '/World/Nova_Carter_ROS/chassis_link/sensors/right_hawk/ROS_TF/PublisherTF' did not submit transforms for topic '/tf' on flush cycle 18766
2026-09-30T16:59:29Z [345,759ms] [Warning] [isaacsim.ros2.nodes] ROS2 TF aggregation contributor '/World/Nova_Carter_ROS/chassis_link/sensors/right_owl/ROS_TF/PublisherTF' did not submit transforms for topic '/tf' on flush cycle 18766
2026-09-30T16:59:29Z [345,759ms] [Warning] [isaacsim.ros2.nodes] ROS2 TF aggregation contributor '/World/Nova_Carter_ROS/chassis_link/sensors/left_hawk/ROS_TF/PublisherTF' did not submit transforms for topic '/tf' on flush cycle 18766
2026-09-30T16:59:29Z [345,759ms] [Warning] [isaacsim.ros2.nodes] ROS2 TF aggregation contributor '/World/Nova_Carter_ROS/chassis_link/sensors/front_owl/ROS_TF/PublisherTF' did not submit transforms for topic '/tf' on flush cycle 18766
2026-09-30T16:59:29Z [345,759ms] [Warning] [isaacsim.ros2.nodes] ROS2 TF aggregation contributor '/World/Nova_Carter_ROS/transform_tree_odometry/ros2_publish_raw_transform_tree' did not submit transforms for topic '/tf' on flush cycle 18766
2026-09-30T16:59:29Z [345,759ms] [Warning] [isaacsim.ros2.nodes] ROS2 TF aggregation contributor '/World/Nova_Carter_ROS/chassis_link/sensors/back_owl/ROS_TF/PublisherTF' did not submit transforms for topic '/tf' on flush cycle 18766
2026-09-30T16:59:29Z [345,759ms] [Warning] [isaacsim.ros2.nodes] ROS2 TF aggregation contributor '/World/Nova_Carter_ROS/transform_tree_odometry/tf_tree_base_link_to_wheel_base' did not submit transforms for topic '/tf' on flush cycle 18766
2026-09-30T16:59:29Z [345,759ms] [Warning] [isaacsim.ros2.nodes] ROS2 TF aggregation contributor '/World/Nova_Carter_ROS/transform_tree_odometry/tf_tree_base_link_to_sensors' did not submit transforms for topic '/tf' on flush cycle 18766
2026-09-30T16:59:29Z [345,759ms] [Warning] [isaacsim.ros2.nodes] ROS2 TF aggregation contributor '/World/Nova_Carter_ROS/transform_tree_odometry/tf_tree_base_link_to_chassis' did not submit transforms for topic '/tf' on flush cycle 18766
2026-09-30T16:59:31Z [347,799ms] [Warning] [isaacsim.ros2.nodes] ROS2 TF aggregation contributor '/World/Nova_Carter_ROS/chassis_link/sensors/XT_32/ROS_TF/PublisherTF' did not submit transforms for topic '/tf' on flush cycle 18886
2026-09-30T16:59:31Z [347,799ms] [Warning] [isaacsim.ros2.nodes] ROS2 TF aggregation contributor '/World/Nova_Carter_ROS/chassis_link/sensors/front_hawk/ROS_TF/PublisherTF' did not submit transforms for topic '/tf' on flush cycle 18886
2026-09-30T16:59:31Z [347,799ms] [Warning] [isaacsim.ros2.nodes] ROS2 TF aggregation contributor '/World/Nova_Carter_ROS/chassis_link/sensors/front_RPLidar/ROS_TF/PublisherTF' did not submit transforms for topic '/tf' on flush cycle 18886
2026-09-30T16:59:31Z [347,799ms] [Warning] [isaacsim.ros2.nodes] ROS2 TF aggregation contributor '/World/Nova_Carter_ROS/chassis_link/sensors/rear_RPLidar/ROS_TF/PublisherTF' did not submit transforms for topic '/tf' on flush cycle 18886
2026-09-30T16:59:31Z [347,799ms] [Warning] [isaacsim.ros2.nodes] ROS2 TF aggregation contributor '/World/Nova_Carter_ROS/chassis_link/sensors/back_hawk/ROS_TF/PublisherTF' did not submit transforms for topic '/tf' on flush cycle 18886
2026-09-30T16:59:31Z [347,799ms] [Warning] [isaacsim.ros2.nodes] ROS2 TF aggregation contributor '/World/Nova_Carter_ROS/chassis_link/sensors/left_owl/ROS_TF/PublisherTF' did not submit transforms for topic '/tf' on flush cycle 18886
2026-09-30T16:59:31Z [347,799ms] [Warning] [isaacsim.ros2.nodes] ROS2 TF aggregation contributor '/World/Nova_Carter_ROS/chassis_link/sensors/right_hawk/ROS_TF/PublisherTF' did not submit transforms for topic '/tf' on flush cycle 18886
2026-09-30T16:59:31Z [347,799ms] [Warning] [isaacsim.ros2.nodes] ROS2 TF aggregation contributor '/World/Nova_Carter_ROS/chassis_link/sensors/right_owl/ROS_TF/PublisherTF' did not submit transforms for topic '/tf' on flush cycle 18886
2026-09-30T16:59:31Z [347,799ms] [Warning] [isaacsim.ros2.nodes] ROS2 TF aggregation contributor '/World/Nova_Carter_ROS/chassis_link/sensors/left_hawk/ROS_TF/PublisherTF' did not submit transforms for topic '/tf' on flush cycle 18886
2026-09-30T16:59:31Z [347,799ms] [Warning] [isaacsim.ros2.nodes] ROS2 TF aggregation contributor '/World/Nova_Carter_ROS/chassis_link/sensors/front_owl/ROS_TF/PublisherTF' did not submit transforms for topic '/tf' on flush cycle 18886
2026-09-30T16:59:31Z [347,799ms] [Warning] [isaacsim.ros2.nodes] ROS2 TF aggregation contributor '/World/Nova_Carter_ROS/transform_tree_odometry/ros2_publish_raw_transform_tree' did not submit transforms for topic '/tf' on flush cycle 18886
2026-09-30T16:59:31Z [347,799ms] [Warning] [isaacsim.ros2.nodes] ROS2 TF aggregation contributor '/World/Nova_Carter_ROS/chassis_link/sensors/back_owl/ROS_TF/PublisherTF' did not submit transforms for topic '/tf' on flush cycle 18886
2026-09-30T16:59:31Z [347,799ms] [Warning] [isaacsim.ros2.nodes] ROS2 TF aggregation contributor '/World/Nova_Carter_ROS/transform_tree_odometry/tf_tree_base_link_to_wheel_base' did not submit transforms for topic '/tf' on flush cycle 18886
2026-09-30T16:59:31Z [347,799ms] [Warning] [isaacsim.ros2.nodes] ROS2 TF aggregation contributor '/World/Nova_Carter_ROS/transform_tree_odometry/tf_tree_base_link_to_sensors' did not submit transforms for topic '/tf' on flush cycle 18886
2026-09-30T16:59:31Z [347,799ms] [Warning] [isaacsim.ros2.nodes] ROS2 TF aggregation contributor '/World/Nova_Carter_ROS/transform_tree_odometry/tf_tree_base_link_to_chassis' did not submit transforms for topic '/tf' on flush cycle 18886
2026-09-30T16:59:33Z [349,849ms] [Warning] [isaacsim.ros2.nodes] ROS2 TF aggregation contributor '/World/Nova_Carter_ROS/chassis_link/sensors/XT_32/ROS_TF/PublisherTF' did not submit transforms for topic '/tf' on flush cycle 19006
2026-09-30T16:59:33Z [349,849ms] [Warning] [isaacsim.ros2.nodes] ROS2 TF aggregation contributor '/World/Nova_Carter_ROS/chassis_link/sensors/front_hawk/ROS_TF/PublisherTF' did not submit transforms for topic '/tf' on flush cycle 19006
2026-09-30T16:59:33Z [349,849ms] [Warning] [isaacsim.ros2.nodes] ROS2 TF aggregation contributor '/World/Nova_Carter_ROS/chassis_link/sensors/front_RPLidar/ROS_TF/PublisherTF' did not submit transforms for topic '/tf' on flush cycle 19006
2026-09-30T16:59:33Z [349,849ms] [Warning] [isaacsim.ros2.nodes] ROS2 TF aggregation contributor '/World/Nova_Carter_ROS/chassis_link/sensors/rear_RPLidar/ROS_TF/PublisherTF' did not submit transforms for topic '/tf' on flush cycle 19006
2026-09-30T16:59:33Z [349,849ms] [Warning] [isaacsim.ros2.nodes] ROS2 TF aggregation contributor '/World/Nova_Carter_ROS/chassis_link/sensors/back_hawk/ROS_TF/PublisherTF' did not submit transforms for topic '/tf' on flush cycle 19006
2026-09-30T16:59:33Z [349,849ms] [Warning] [isaacsim.ros2.nodes] ROS2 TF aggregation contributor '/World/Nova_Carter_ROS/chassis_link/sensors/left_owl/ROS_TF/PublisherTF' did not submit transforms for topic '/tf' on flush cycle 19006
2026-09-30T16:59:33Z [349,849ms] [Warning] [isaacsim.ros2.nodes] ROS2 TF aggregation contributor '/World/Nova_Carter_ROS/chassis_link/sensors/right_hawk/ROS_TF/PublisherTF' did not submit transforms for topic '/tf' on flush cycle 19006
2026-09-30T16:59:33Z [349,849ms] [Warning] [isaacsim.ros2.nodes] ROS2 TF aggregation contributor '/World/Nova_Carter_ROS/chassis_link/sensors/right_owl/ROS_TF/PublisherTF' did not submit transforms for topic '/tf' on flush cycle 19006
2026-09-30T16:59:33Z [349,849ms] [Warning] [isaacsim.ros2.nodes] ROS2 TF aggregation contributor '/World/Nova_Carter_ROS/chassis_link/sensors/left_hawk/ROS_TF/PublisherTF' did not submit transforms for topic '/tf' on flush cycle 19006
2026-09-30T16:59:33Z [349,849ms] [Warning] [isaacsim.ros2.nodes] ROS2 TF aggregation contributor '/World/Nova_Carter_ROS/chassis_link/sensors/front_owl/ROS_TF/PublisherTF' did not submit transforms for topic '/tf' on flush cycle 19006
2026-09-30T16:59:33Z [349,849ms] [Warning] [isaacsim.ros2.nodes] ROS2 TF aggregation contributor '/World/Nova_Carter_ROS/transform_tree_odometry/ros2_publish_raw_transform_tree' did not submit transforms for topic '/tf' on flush cycle 19006
2026-09-30T16:59:33Z [349,849ms] [Warning] [isaacsim.ros2.nodes] ROS2 TF aggregation contributor '/World/Nova_Carter_ROS/chassis_link/sensors/back_owl/ROS_TF/PublisherTF' did not submit transforms for topic '/tf' on flush cycle 19006
2026-09-30T16:59:33Z [349,849ms] [Warning] [isaacsim.ros2.nodes] ROS2 TF aggregation contributor '/World/Nova_Carter_ROS/transform_tree_odometry/tf_tree_base_link_to_wheel_base' did not submit transforms for topic '/tf' on flush cycle 19006
2026-09-30T16:59:33Z [349,849ms] [Warning] [isaacsim.ros2.nodes] ROS2 TF aggregation contributor '/World/Nova_Carter_ROS/transform_tree_odometry/tf_tree_base_link_to_sensors' did not submit transforms for topic '/tf' on flush cycle 19006
2026-09-30T16:59:33Z [349,849ms] [Warning] [isaacsim.ros2.nodes] ROS2 TF aggregation contributor '/World/Nova_Carter_ROS/transform_tree_odometry/tf_tree_base_link_to_chassis' did not submit transforms for topic '/tf' on flush cycle 19006
2026-09-30T16:59:35Z [351,897ms] [Warning] [isaacsim.ros2.nodes] ROS2 TF aggregation contributor '/World/Nova_Carter_ROS/chassis_link/sensors/XT_32/ROS_TF/PublisherTF' did not submit transforms for topic '/tf' on flush cycle 19126
2026-09-30T16:59:35Z [351,897ms] [Warning] [isaacsim.ros2.nodes] ROS2 TF aggregation contributor '/World/Nova_Carter_ROS/chassis_link/sensors/front_hawk/ROS_TF/PublisherTF' did not submit transforms for topic '/tf' on flush cycle 19126
2026-09-30T16:59:35Z [351,897ms] [Warning] [isaacsim.ros2.nodes] ROS2 TF aggregation contributor '/World/Nova_Carter_ROS/chassis_link/sensors/front_RPLidar/ROS_TF/PublisherTF' did not submit transforms for topic '/tf' on flush cycle 19126
2026-09-30T16:59:35Z [351,897ms] [Warning] [isaacsim.ros2.nodes] ROS2 TF aggregation contributor '/World/Nova_Carter_ROS/chassis_link/sensors/rear_RPLidar/ROS_TF/PublisherTF' did not submit transforms for topic '/tf' on flush cycle 19126
2026-09-30T16:59:35Z [351,897ms] [Warning] [isaacsim.ros2.nodes] ROS2 TF aggregation contributor '/World/Nova_Carter_ROS/chassis_link/sensors/back_hawk/ROS_TF/PublisherTF' did not submit transforms for topic '/tf' on flush cycle 19126
2026-09-30T16:59:35Z [351,897ms] [Warning] [isaacsim.ros2.nodes] ROS2 TF aggregation contributor '/World/Nova_Carter_ROS/chassis_link/sensors/left_owl/ROS_TF/PublisherTF' did not submit transforms for topic '/tf' on flush cycle 19126
2026-09-30T16:59:35Z [351,897ms] [Warning] [isaacsim.ros2.nodes] ROS2 TF aggregation contributor '/World/Nova_Carter_ROS/chassis_link/sensors/right_hawk/ROS_TF/PublisherTF' did not submit transforms for topic '/tf' on flush cycle 19126
2026-09-30T16:59:35Z [351,897ms] [Warning] [isaacsim.ros2.nodes] ROS2 TF aggregation contributor '/World/Nova_Carter_ROS/chassis_link/sensors/right_owl/ROS_TF/PublisherTF' did not submit transforms for topic '/tf' on flush cycle 19126
2026-09-30T16:59:35Z [351,897ms] [Warning] [isaacsim.ros2.nodes] ROS2 TF aggregation contributor '/World/Nova_Carter_ROS/chassis_link/sensors/left_hawk/ROS_TF/PublisherTF' did not submit transforms for topic '/tf' on flush cycle 19126
2026-09-30T16:59:35Z [351,897ms] [Warning] [isaacsim.ros2.nodes] ROS2 TF aggregation contributor '/World/Nova_Carter_ROS/chassis_link/sensors/front_owl/ROS_TF/PublisherTF' did not submit transforms for topic '/tf' on flush cycle 19126
2026-09-30T16:59:35Z [351,897ms] [Warning] [isaacsim.ros2.nodes] ROS2 TF aggregation contributor '/World/Nova_Carter_ROS/transform_tree_odometry/ros2_publish_raw_transform_tree' did not submit transforms for topic '/tf' on flush cycle 19126
2026-09-30T16:59:35Z [351,897ms] [Warning] [isaacsim.ros2.nodes] ROS2 TF aggregation contributor '/World/Nova_Carter_ROS/chassis_link/sensors/back_owl/ROS_TF/PublisherTF' did not submit transforms for topic '/tf' on flush cycle 19126
2026-09-30T16:59:35Z [351,897ms] [Warning] [isaacsim.ros2.nodes] ROS2 TF aggregation contributor '/World/Nova_Carter_ROS/transform_tree_odometry/tf_tree_base_link_to_wheel_base' did not submit transforms for topic '/tf' on flush cycle 19126
2026-09-30T16:59:35Z [351,897ms] [Warning] [isaacsim.ros2.nodes] ROS2 TF aggregation contributor '/World/Nova_Carter_ROS/transform_tree_odometry/tf_tree_base_link_to_sensors' did not submit transforms for topic '/tf' on flush cycle 19126
2026-09-30T16:59:35Z [351,897ms] [Warning] [isaacsim.ros2.nodes] ROS2 TF aggregation contributor '/World/Nova_Carter_ROS/transform_tree_odometry/tf_tree_base_link_to_chassis' did not submit transforms for topic '/tf' on flush cycle 19126
2026-09-30T16:59:37Z [353,943ms] [Warning] [isaacsim.ros2.nodes] ROS2 TF aggregation contributor '/World/Nova_Carter_ROS/chassis_link/sensors/XT_32/ROS_TF/PublisherTF' did not submit transforms for topic '/tf' on flush cycle 19246
2026-09-30T16:59:37Z [353,943ms] [Warning] [isaacsim.ros2.nodes] ROS2 TF aggregation contributor '/World/Nova_Carter_ROS/chassis_link/sensors/front_hawk/ROS_TF/PublisherTF' did not submit transforms for topic '/tf' on flush cycle 19246
2026-09-30T16:59:37Z [353,943ms] [Warning] [isaacsim.ros2.nodes] ROS2 TF aggregation contributor '/World/Nova_Carter_ROS/chassis_link/sensors/front_RPLidar/ROS_TF/PublisherTF' did not submit transforms for topic '/tf' on flush cycle 19246
2026-09-30T16:59:37Z [353,943ms] [Warning] [isaacsim.ros2.nodes] ROS2 TF aggregation contributor '/World/Nova_Carter_ROS/chassis_link/sensors/rear_RPLidar/ROS_TF/PublisherTF' did not submit transforms for topic '/tf' on flush cycle 19246
2026-09-30T16:59:37Z [353,943ms] [Warning] [isaacsim.ros2.nodes] ROS2 TF aggregation contributor '/World/Nova_Carter_ROS/chassis_link/sensors/back_hawk/ROS_TF/PublisherTF' did not submit transforms for topic '/tf' on flush cycle 19246
2026-09-30T16:59:37Z [353,943ms] [Warning] [isaacsim.ros2.nodes] ROS2 TF aggregation contributor '/World/Nova_Carter_ROS/chassis_link/sensors/left_owl/ROS_TF/PublisherTF' did not submit transforms for topic '/tf' on flush cycle 19246
2026-09-30T16:59:37Z [353,943ms] [Warning] [isaacsim.ros2.nodes] ROS2 TF aggregation contributor '/World/Nova_Carter_ROS/chassis_link/sensors/right_hawk/ROS_TF/PublisherTF' did not submit transforms for topic '/tf' on flush cycle 19246
2026-09-30T16:59:37Z [353,943ms] [Warning] [isaacsim.ros2.nodes] ROS2 TF aggregation contributor '/World/Nova_Carter_ROS/chassis_link/sensors/right_owl/ROS_TF/PublisherTF' did not submit transforms for topic '/tf' on flush cycle 19246
2026-09-30T16:59:37Z [353,943ms] [Warning] [isaacsim.ros2.nodes] ROS2 TF aggregation contributor '/World/Nova_Carter_ROS/chassis_link/sensors/left_hawk/ROS_TF/PublisherTF' did not submit transforms for topic '/tf' on flush cycle 19246
2026-09-30T16:59:37Z [353,943ms] [Warning] [isaacsim.ros2.nodes] ROS2 TF aggregation contributor '/World/Nova_Carter_ROS/chassis_link/sensors/front_owl/ROS_TF/PublisherTF' did not submit transforms for topic '/tf' on flush cycle 19246
2026-09-30T16:59:37Z [353,943ms] [Warning] [isaacsim.ros2.nodes] ROS2 TF aggregation contributor '/World/Nova_Carter_ROS/transform_tree_odometry/ros2_publish_raw_transform_tree' did not submit transforms for topic '/tf' on flush cycle 19246
2026-09-30T16:59:37Z [353,943ms] [Warning] [isaacsim.ros2.nodes] ROS2 TF aggregation contributor '/World/Nova_Carter_ROS/chassis_link/sensors/back_owl/ROS_TF/PublisherTF' did not submit transforms for topic '/tf' on flush cycle 19246
2026-09-30T16:59:37Z [353,943ms] [Warning] [isaacsim.ros2.nodes] ROS2 TF aggregation contributor '/World/Nova_Carter_ROS/transform_tree_odometry/tf_tree_base_link_to_wheel_base' did not submit transforms for topic '/tf' on flush cycle 19246
2026-09-30T16:59:37Z [353,943ms] [Warning] [isaacsim.ros2.nodes] ROS2 TF aggregation contributor '/World/Nova_Carter_ROS/transform_tree_odometry/tf_tree_base_link_to_sensors' did not submit transforms for topic '/tf' on flush cycle 19246
2026-09-30T16:59:37Z [353,943ms] [Warning] [isaacsim.ros2.nodes] ROS2 TF aggregation contributor '/World/Nova_Carter_ROS/transform_tree_odometry/tf_tree_base_link_to_chassis' did not submit transforms for topic '/tf' on flush cycle 19246
2026-09-30T16:59:39Z [356,086ms] [Warning] [isaacsim.ros2.nodes] ROS2 TF aggregation contributor '/World/Nova_Carter_ROS/chassis_link/sensors/XT_32/ROS_TF/PublisherTF' did not submit transforms for topic '/tf' on flush cycle 19366
2026-09-30T16:59:39Z [356,086ms] [Warning] [isaacsim.ros2.nodes] ROS2 TF aggregation contributor '/World/Nova_Carter_ROS/chassis_link/sensors/front_hawk/ROS_TF/PublisherTF' did not submit transforms for topic '/tf' on flush cycle 19366
2026-09-30T16:59:39Z [356,086ms] [Warning] [isaacsim.ros2.nodes] ROS2 TF aggregation contributor '/World/Nova_Carter_ROS/chassis_link/sensors/front_RPLidar/ROS_TF/PublisherTF' did not submit transforms for topic '/tf' on flush cycle 19366
2026-09-30T16:59:39Z [356,086ms] [Warning] [isaacsim.ros2.nodes] ROS2 TF aggregation contributor '/World/Nova_Carter_ROS/chassis_link/sensors/rear_RPLidar/ROS_TF/PublisherTF' did not submit transforms for topic '/tf' on flush cycle 19366
2026-09-30T16:59:39Z [356,086ms] [Warning] [isaacsim.ros2.nodes] ROS2 TF aggregation contributor '/World/Nova_Carter_ROS/chassis_link/sensors/back_hawk/ROS_TF/PublisherTF' did not submit transforms for topic '/tf' on flush cycle 19366
2026-09-30T16:59:39Z [356,086ms] [Warning] [isaacsim.ros2.nodes] ROS2 TF aggregation contributor '/World/Nova_Carter_ROS/chassis_link/sensors/left_owl/ROS_TF/PublisherTF' did not submit transforms for topic '/tf' on flush cycle 19366
2026-09-30T16:59:39Z [356,086ms] [Warning] [isaacsim.ros2.nodes] ROS2 TF aggregation contributor '/World/Nova_Carter_ROS/chassis_link/sensors/right_hawk/ROS_TF/PublisherTF' did not submit transforms for topic '/tf' on flush cycle 19366
2026-09-30T16:59:39Z [356,086ms] [Warning] [isaacsim.ros2.nodes] ROS2 TF aggregation contributor '/World/Nova_Carter_ROS/chassis_link/sensors/right_owl/ROS_TF/PublisherTF' did not submit transforms for topic '/tf' on flush cycle 19366
2026-09-30T16:59:39Z [356,086ms] [Warning] [isaacsim.ros2.nodes] ROS2 TF aggregation contributor '/World/Nova_Carter_ROS/chassis_link/sensors/left_hawk/ROS_TF/PublisherTF' did not submit transforms for topic '/tf' on flush cycle 19366
2026-09-30T16:59:39Z [356,086ms] [Warning] [isaacsim.ros2.nodes] ROS2 TF aggregation contributor '/World/Nova_Carter_ROS/chassis_link/sensors/front_owl/ROS_TF/PublisherTF' did not submit transforms for topic '/tf' on flush cycle 19366
2026-09-30T16:59:39Z [356,086ms] [Warning] [isaacsim.ros2.nodes] ROS2 TF aggregation contributor '/World/Nova_Carter_ROS/transform_tree_odometry/ros2_publish_raw_transform_tree' did not submit transforms for topic '/tf' on flush cycle 19366
2026-09-30T16:59:39Z [356,086ms] [Warning] [isaacsim.ros2.nodes] ROS2 TF aggregation contributor '/World/Nova_Carter_ROS/chassis_link/sensors/back_owl/ROS_TF/PublisherTF' did not submit transforms for topic '/tf' on flush cycle 19366
2026-09-30T16:59:39Z [356,086ms] [Warning] [isaacsim.ros2.nodes] ROS2 TF aggregation contributor '/World/Nova_Carter_ROS/transform_tree_odometry/tf_tree_base_link_to_wheel_base' did not submit transforms for topic '/tf' on flush cycle 19366
2026-09-30T16:59:39Z [356,086ms] [Warning] [isaacsim.ros2.nodes] ROS2 TF aggregation contributor '/World/Nova_Carter_ROS/transform_tree_odometry/tf_tree_base_link_to_sensors' did not submit transforms for topic '/tf' on flush cycle 19366
2026-09-30T16:59:39Z [356,086ms] [Warning] [isaacsim.ros2.nodes] ROS2 TF aggregation contributor '/World/Nova_Carter_ROS/transform_tree_odometry/tf_tree_base_link_to_chassis' did not submit transforms for topic '/tf' on flush cycle 19366
2026-09-30T16:59:41Z [358,133ms] [Warning] [isaacsim.ros2.nodes] ROS2 TF aggregation contributor '/World/Nova_Carter_ROS/chassis_link/sensors/XT_32/ROS_TF/PublisherTF' did not submit transforms for topic '/tf' on flush cycle 19486
2026-09-30T16:59:41Z [358,133ms] [Warning] [isaacsim.ros2.nodes] ROS2 TF aggregation contributor '/World/Nova_Carter_ROS/chassis_link/sensors/front_hawk/ROS_TF/PublisherTF' did not submit transforms for topic '/tf' on flush cycle 19486
2026-09-30T16:59:41Z [358,133ms] [Warning] [isaacsim.ros2.nodes] ROS2 TF aggregation contributor '/World/Nova_Carter_ROS/chassis_link/sensors/front_RPLidar/ROS_TF/PublisherTF' did not submit transforms for topic '/tf' on flush cycle 19486
2026-09-30T16:59:41Z [358,133ms] [Warning] [isaacsim.ros2.nodes] ROS2 TF aggregation contributor '/World/Nova_Carter_ROS/chassis_link/sensors/rear_RPLidar/ROS_TF/PublisherTF' did not submit transforms for topic '/tf' on flush cycle 19486
2026-09-30T16:59:41Z [358,133ms] [Warning] [isaacsim.ros2.nodes] ROS2 TF aggregation contributor '/World/Nova_Carter_ROS/chassis_link/sensors/back_hawk/ROS_TF/PublisherTF' did not submit transforms for topic '/tf' on flush cycle 19486
2026-09-30T16:59:41Z [358,133ms] [Warning] [isaacsim.ros2.nodes] ROS2 TF aggregation contributor '/World/Nova_Carter_ROS/chassis_link/sensors/left_owl/ROS_TF/PublisherTF' did not submit transforms for topic '/tf' on flush cycle 19486
2026-09-30T16:59:41Z [358,133ms] [Warning] [isaacsim.ros2.nodes] ROS2 TF aggregation contributor '/World/Nova_Carter_ROS/chassis_link/sensors/right_hawk/ROS_TF/PublisherTF' did not submit transforms for topic '/tf' on flush cycle 19486
2026-09-30T16:59:41Z [358,133ms] [Warning] [isaacsim.ros2.nodes] ROS2 TF aggregation contributor '/World/Nova_Carter_ROS/chassis_link/sensors/right_owl/ROS_TF/PublisherTF' did not submit transforms for topic '/tf' on flush cycle 19486
2026-09-30T16:59:41Z [358,133ms] [Warning] [isaacsim.ros2.nodes] ROS2 TF aggregation contributor '/World/Nova_Carter_ROS/chassis_link/sensors/left_hawk/ROS_TF/PublisherTF' did not submit transforms for topic '/tf' on flush cycle 19486
2026-09-30T16:59:41Z [358,133ms] [Warning] [isaacsim.ros2.nodes] ROS2 TF aggregation contributor '/World/Nova_Carter_ROS/chassis_link/sensors/front_owl/ROS_TF/PublisherTF' did not submit transforms for topic '/tf' on flush cycle 19486
2026-09-30T16:59:41Z [358,133ms] [Warning] [isaacsim.ros2.nodes] ROS2 TF aggregation contributor '/World/Nova_Carter_ROS/transform_tree_odometry/ros2_publish_raw_transform_tree' did not submit transforms for topic '/tf' on flush cycle 19486
2026-09-30T16:59:41Z [358,133ms] [Warning] [isaacsim.ros2.nodes] ROS2 TF aggregation contributor '/World/Nova_Carter_ROS/chassis_link/sensors/back_owl/ROS_TF/PublisherTF' did not submit transforms for topic '/tf' on flush cycle 19486
2026-09-30T16:59:41Z [358,133ms] [Warning] [isaacsim.ros2.nodes] ROS2 TF aggregation contributor '/World/Nova_Carter_ROS/transform_tree_odometry/tf_tree_base_link_to_wheel_base' did not submit transforms for topic '/tf' on flush cycle 19486
2026-09-30T16:59:41Z [358,133ms] [Warning] [isaacsim.ros2.nodes] ROS2 TF aggregation contributor '/World/Nova_Carter_ROS/transform_tree_odometry/tf_tree_base_link_to_sensors' did not submit transforms for topic '/tf' on flush cycle 19486
2026-09-30T16:59:41Z [358,133ms] [Warning] [isaacsim.ros2.nodes] ROS2 TF aggregation contributor '/World/Nova_Carter_ROS/transform_tree_odometry/tf_tree_base_link_to_chassis' did not submit transforms for topic '/tf' on flush cycle 19486
2026-09-30T16:59:50Z [367,394ms] [Warning] [omni.graph.core.plugin] /World/Nova_Carter_ROS/differential_drive/differential_controller_01: [/World/Nova_Carter_ROS/differential_drive] Invalid deltaTime 0.000000, cannot check for acceleration limits, skipping current step
2026-09-30T16:59:51Z [368,417ms] [Warning] [isaacsim.ros2.nodes] ROS2 TF aggregation contributor '/World/Nova_Carter_ROS/chassis_link/sensors/XT_32/ROS_TF/PublisherTF' did not submit transforms for topic '/tf' on flush cycle 20031
2026-09-30T16:59:51Z [368,417ms] [Warning] [isaacsim.ros2.nodes] ROS2 TF aggregation contributor '/World/Nova_Carter_ROS/chassis_link/sensors/front_hawk/ROS_TF/PublisherTF' did not submit transforms for topic '/tf' on flush cycle 20031
2026-09-30T16:59:51Z [368,417ms] [Warning] [isaacsim.ros2.nodes] ROS2 TF aggregation contributor '/World/Nova_Carter_ROS/chassis_link/sensors/front_RPLidar/ROS_TF/PublisherTF' did not submit transforms for topic '/tf' on flush cycle 20031
2026-09-30T16:59:51Z [368,417ms] [Warning] [isaacsim.ros2.nodes] ROS2 TF aggregation contributor '/World/Nova_Carter_ROS/chassis_link/sensors/rear_RPLidar/ROS_TF/PublisherTF' did not submit transforms for topic '/tf' on flush cycle 20031
2026-09-30T16:59:51Z [368,417ms] [Warning] [isaacsim.ros2.nodes] ROS2 TF aggregation contributor '/World/Nova_Carter_ROS/chassis_link/sensors/back_hawk/ROS_TF/PublisherTF' did not submit transforms for topic '/tf' on flush cycle 20031
2026-09-30T16:59:51Z [368,417ms] [Warning] [isaacsim.ros2.nodes] ROS2 TF aggregation contributor '/World/Nova_Carter_ROS/chassis_link/sensors/left_owl/ROS_TF/PublisherTF' did not submit transforms for topic '/tf' on flush cycle 20031
2026-09-30T16:59:51Z [368,417ms] [Warning] [isaacsim.ros2.nodes] ROS2 TF aggregation contributor '/World/Nova_Carter_ROS/chassis_link/sensors/right_hawk/ROS_TF/PublisherTF' did not submit transforms for topic '/tf' on flush cycle 20031
2026-09-30T16:59:51Z [368,417ms] [Warning] [isaacsim.ros2.nodes] ROS2 TF aggregation contributor '/World/Nova_Carter_ROS/chassis_link/sensors/right_owl/ROS_TF/PublisherTF' did not submit transforms for topic '/tf' on flush cycle 20031
2026-09-30T16:59:51Z [368,417ms] [Warning] [isaacsim.ros2.nodes] ROS2 TF aggregation contributor '/World/Nova_Carter_ROS/chassis_link/sensors/left_hawk/ROS_TF/PublisherTF' did not submit transforms for topic '/tf' on flush cycle 20031
2026-09-30T16:59:51Z [368,417ms] [Warning] [isaacsim.ros2.nodes] ROS2 TF aggregation contributor '/World/Nova_Carter_ROS/chassis_link/sensors/front_owl/ROS_TF/PublisherTF' did not submit transforms for topic '/tf' on flush cycle 20031
2026-09-30T16:59:51Z [368,417ms] [Warning] [isaacsim.ros2.nodes] ROS2 TF aggregation contributor '/World/Nova_Carter_ROS/transform_tree_odometry/ros2_publish_raw_transform_tree' did not submit transforms for topic '/tf' on flush cycle 20031
2026-09-30T16:59:51Z [368,417ms] [Warning] [isaacsim.ros2.nodes] ROS2 TF aggregation contributor '/World/Nova_Carter_ROS/chassis_link/sensors/back_owl/ROS_TF/PublisherTF' did not submit transforms for topic '/tf' on flush cycle 20031
2026-09-30T16:59:51Z [368,417ms] [Warning] [isaacsim.ros2.nodes] ROS2 TF aggregation contributor '/World/Nova_Carter_ROS/transform_tree_odometry/tf_tree_base_link_to_wheel_base' did not submit transforms for topic '/tf' on flush cycle 20031
2026-09-30T16:59:51Z [368,417ms] [Warning] [isaacsim.ros2.nodes] ROS2 TF aggregation contributor '/World/Nova_Carter_ROS/transform_tree_odometry/tf_tree_base_link_to_sensors' did not submit transforms for topic '/tf' on flush cycle 20031
2026-09-30T16:59:51Z [368,417ms] [Warning] [isaacsim.ros2.nodes] ROS2 TF aggregation contributor '/World/Nova_Carter_ROS/transform_tree_odometry/tf_tree_base_link_to_chassis' did not submit transforms for topic '/tf' on flush cycle 20031
2026-09-30T16:59:54Z [370,501ms] [Warning] [isaacsim.ros2.nodes] ROS2 TF aggregation contributor '/World/Nova_Carter_ROS/chassis_link/sensors/XT_32/ROS_TF/PublisherTF' did not submit transforms for topic '/tf' on flush cycle 20151
2026-09-30T16:59:54Z [370,501ms] [Warning] [isaacsim.ros2.nodes] ROS2 TF aggregation contributor '/World/Nova_Carter_ROS/chassis_link/sensors/front_hawk/ROS_TF/PublisherTF' did not submit transforms for topic '/tf' on flush cycle 20151
2026-09-30T16:59:54Z [370,501ms] [Warning] [isaacsim.ros2.nodes] ROS2 TF aggregation contributor '/World/Nova_Carter_ROS/chassis_link/sensors/front_RPLidar/ROS_TF/PublisherTF' did not submit transforms for topic '/tf' on flush cycle 20151
2026-09-30T16:59:54Z [370,501ms] [Warning] [isaacsim.ros2.nodes] ROS2 TF aggregation contributor '/World/Nova_Carter_ROS/chassis_link/sensors/rear_RPLidar/ROS_TF/PublisherTF' did not submit transforms for topic '/tf' on flush cycle 20151
2026-09-30T16:59:54Z [370,501ms] [Warning] [isaacsim.ros2.nodes] ROS2 TF aggregation contributor '/World/Nova_Carter_ROS/chassis_link/sensors/back_hawk/ROS_TF/PublisherTF' did not submit transforms for topic '/tf' on flush cycle 20151
2026-09-30T16:59:54Z [370,501ms] [Warning] [isaacsim.ros2.nodes] ROS2 TF aggregation contributor '/World/Nova_Carter_ROS/chassis_link/sensors/left_owl/ROS_TF/PublisherTF' did not submit transforms for topic '/tf' on flush cycle 20151
2026-09-30T16:59:54Z [370,501ms] [Warning] [isaacsim.ros2.nodes] ROS2 TF aggregation contributor '/World/Nova_Carter_ROS/chassis_link/sensors/right_hawk/ROS_TF/PublisherTF' did not submit transforms for topic '/tf' on flush cycle 20151
2026-09-30T16:59:54Z [370,501ms] [Warning] [isaacsim.ros2.nodes] ROS2 TF aggregation contributor '/World/Nova_Carter_ROS/chassis_link/sensors/right_owl/ROS_TF/PublisherTF' did not submit transforms for topic '/tf' on flush cycle 20151
2026-09-30T16:59:54Z [370,501ms] [Warning] [isaacsim.ros2.nodes] ROS2 TF aggregation contributor '/World/Nova_Carter_ROS/chassis_link/sensors/left_hawk/ROS_TF/PublisherTF' did not submit transforms for topic '/tf' on flush cycle 20151
2026-09-30T16:59:54Z [370,501ms] [Warning] [isaacsim.ros2.nodes] ROS2 TF aggregation contributor '/World/Nova_Carter_ROS/chassis_link/sensors/front_owl/ROS_TF/PublisherTF' did not submit transforms for topic '/tf' on flush cycle 20151
2026-09-30T16:59:54Z [370,501ms] [Warning] [isaacsim.ros2.nodes] ROS2 TF aggregation contributor '/World/Nova_Carter_ROS/transform_tree_odometry/ros2_publish_raw_transform_tree' did not submit transforms for topic '/tf' on flush cycle 20151
2026-09-30T16:59:54Z [370,501ms] [Warning] [isaacsim.ros2.nodes] ROS2 TF aggregation contributor '/World/Nova_Carter_ROS/chassis_link/sensors/back_owl/ROS_TF/PublisherTF' did not submit transforms for topic '/tf' on flush cycle 20151
2026-09-30T16:59:54Z [370,501ms] [Warning] [isaacsim.ros2.nodes] ROS2 TF aggregation contributor '/World/Nova_Carter_ROS/transform_tree_odometry/tf_tree_base_link_to_wheel_base' did not submit transforms for topic '/tf' on flush cycle 20151
2026-09-30T16:59:54Z [370,501ms] [Warning] [isaacsim.ros2.nodes] ROS2 TF aggregation contributor '/World/Nova_Carter_ROS/transform_tree_odometry/tf_tree_base_link_to_sensors' did not submit transforms for topic '/tf' on flush cycle 20151
2026-09-30T16:59:54Z [370,501ms] [Warning] [isaacsim.ros2.nodes] ROS2 TF aggregation contributor '/World/Nova_Carter_ROS/transform_tree_odometry/tf_tree_base_link_to_chassis' did not submit transforms for topic '/tf' on flush cycle 20151
2026-09-30T16:59:56Z [372,591ms] [Warning] [isaacsim.ros2.nodes] ROS2 TF aggregation contributor '/World/Nova_Carter_ROS/chassis_link/sensors/XT_32/ROS_TF/PublisherTF' did not submit transforms for topic '/tf' on flush cycle 20271
2026-09-30T16:59:56Z [372,591ms] [Warning] [isaacsim.ros2.nodes] ROS2 TF aggregation contributor '/World/Nova_Carter_ROS/chassis_link/sensors/front_hawk/ROS_TF/PublisherTF' did not submit transforms for topic '/tf' on flush cycle 20271
2026-09-30T16:59:56Z [372,591ms] [Warning] [isaacsim.ros2.nodes] ROS2 TF aggregation contributor '/World/Nova_Carter_ROS/chassis_link/sensors/front_RPLidar/ROS_TF/PublisherTF' did not submit transforms for topic '/tf' on flush cycle 20271
2026-09-30T16:59:56Z [372,591ms] [Warning] [isaacsim.ros2.nodes] ROS2 TF aggregation contributor '/World/Nova_Carter_ROS/chassis_link/sensors/rear_RPLidar/ROS_TF/PublisherTF' did not submit transforms for topic '/tf' on flush cycle 20271
2026-09-30T16:59:56Z [372,591ms] [Warning] [isaacsim.ros2.nodes] ROS2 TF aggregation contributor '/World/Nova_Carter_ROS/chassis_link/sensors/back_hawk/ROS_TF/PublisherTF' did not submit transforms for topic '/tf' on flush cycle 20271
2026-09-30T16:59:56Z [372,591ms] [Warning] [isaacsim.ros2.nodes] ROS2 TF aggregation contributor '/World/Nova_Carter_ROS/chassis_link/sensors/left_owl/ROS_TF/PublisherTF' did not submit transforms for topic '/tf' on flush cycle 20271
2026-09-30T16:59:56Z [372,591ms] [Warning] [isaacsim.ros2.nodes] ROS2 TF aggregation contributor '/World/Nova_Carter_ROS/chassis_link/sensors/right_hawk/ROS_TF/PublisherTF' did not submit transforms for topic '/tf' on flush cycle 20271
2026-09-30T16:59:56Z [372,591ms] [Warning] [isaacsim.ros2.nodes] ROS2 TF aggregation contributor '/World/Nova_Carter_ROS/chassis_link/sensors/right_owl/ROS_TF/PublisherTF' did not submit transforms for topic '/tf' on flush cycle 20271
2026-09-30T16:59:56Z [372,591ms] [Warning] [isaacsim.ros2.nodes] ROS2 TF aggregation contributor '/World/Nova_Carter_ROS/chassis_link/sensors/left_hawk/ROS_TF/PublisherTF' did not submit transforms for topic '/tf' on flush cycle 20271
2026-09-30T16:59:56Z [372,591ms] [Warning] [isaacsim.ros2.nodes] ROS2 TF aggregation contributor '/World/Nova_Carter_ROS/chassis_link/sensors/front_owl/ROS_TF/PublisherTF' did not submit transforms for topic '/tf' on flush cycle 20271
2026-09-30T16:59:56Z [372,591ms] [Warning] [isaacsim.ros2.nodes] ROS2 TF aggregation contributor '/World/Nova_Carter_ROS/transform_tree_odometry/ros2_publish_raw_transform_tree' did not submit transforms for topic '/tf' on flush cycle 20271
2026-09-30T16:59:56Z [372,591ms] [Warning] [isaacsim.ros2.nodes] ROS2 TF aggregation contributor '/World/Nova_Carter_ROS/chassis_link/sensors/back_owl/ROS_TF/PublisherTF' did not submit transforms for topic '/tf' on flush cycle 20271
2026-09-30T16:59:56Z [372,591ms] [Warning] [isaacsim.ros2.nodes] ROS2 TF aggregation contributor '/World/Nova_Carter_ROS/transform_tree_odometry/tf_tree_base_link_to_wheel_base' did not submit transforms for topic '/tf' on flush cycle 20271
2026-09-30T16:59:56Z [372,591ms] [Warning] [isaacsim.ros2.nodes] ROS2 TF aggregation contributor '/World/Nova_Carter_ROS/transform_tree_odometry/tf_tree_base_link_to_sensors' did not submit transforms for topic '/tf' on flush cycle 20271
2026-09-30T16:59:56Z [372,591ms] [Warning] [isaacsim.ros2.nodes] ROS2 TF aggregation contributor '/World/Nova_Carter_ROS/transform_tree_odometry/tf_tree_base_link_to_chassis' did not submit transforms for topic '/tf' on flush cycle 20271
2026-09-30T16:59:58Z [374,685ms] [Warning] [isaacsim.ros2.nodes] ROS2 TF aggregation contributor '/World/Nova_Carter_ROS/chassis_link/sensors/XT_32/ROS_TF/PublisherTF' did not submit transforms for topic '/tf' on flush cycle 20391
2026-09-30T16:59:58Z [374,685ms] [Warning] [isaacsim.ros2.nodes] ROS2 TF aggregation contributor '/World/Nova_Carter_ROS/chassis_link/sensors/front_hawk/ROS_TF/PublisherTF' did not submit transforms for topic '/tf' on flush cycle 20391
2026-09-30T16:59:58Z [374,685ms] [Warning] [isaacsim.ros2.nodes] ROS2 TF aggregation contributor '/World/Nova_Carter_ROS/chassis_link/sensors/front_RPLidar/ROS_TF/PublisherTF' did not submit transforms for topic '/tf' on flush cycle 20391
2026-09-30T16:59:58Z [374,685ms] [Warning] [isaacsim.ros2.nodes] ROS2 TF aggregation contributor '/World/Nova_Carter_ROS/chassis_link/sensors/rear_RPLidar/ROS_TF/PublisherTF' did not submit transforms for topic '/tf' on flush cycle 20391
2026-09-30T16:59:58Z [374,685ms] [Warning] [isaacsim.ros2.nodes] ROS2 TF aggregation contributor '/World/Nova_Carter_ROS/chassis_link/sensors/back_hawk/ROS_TF/PublisherTF' did not submit transforms for topic '/tf' on flush cycle 20391
2026-09-30T16:59:58Z [374,685ms] [Warning] [isaacsim.ros2.nodes] ROS2 TF aggregation contributor '/World/Nova_Carter_ROS/chassis_link/sensors/left_owl/ROS_TF/PublisherTF' did not submit transforms for topic '/tf' on flush cycle 20391
2026-09-30T16:59:58Z [374,685ms] [Warning] [isaacsim.ros2.nodes] ROS2 TF aggregation contributor '/World/Nova_Carter_ROS/chassis_link/sensors/right_hawk/ROS_TF/PublisherTF' did not submit transforms for topic '/tf' on flush cycle 20391
2026-09-30T16:59:58Z [374,685ms] [Warning] [isaacsim.ros2.nodes] ROS2 TF aggregation contributor '/World/Nova_Carter_ROS/chassis_link/sensors/right_owl/ROS_TF/PublisherTF' did not submit transforms for topic '/tf' on flush cycle 20391
2026-09-30T16:59:58Z [374,685ms] [Warning] [isaacsim.ros2.nodes] ROS2 TF aggregation contributor '/World/Nova_Carter_ROS/chassis_link/sensors/left_hawk/ROS_TF/PublisherTF' did not submit transforms for topic '/tf' on flush cycle 20391
2026-09-30T16:59:58Z [374,685ms] [Warning] [isaacsim.ros2.nodes] ROS2 TF aggregation contributor '/World/Nova_Carter_ROS/chassis_link/sensors/front_owl/ROS_TF/PublisherTF' did not submit transforms for topic '/tf' on flush cycle 20391
2026-09-30T16:59:58Z [374,685ms] [Warning] [isaacsim.ros2.nodes] ROS2 TF aggregation contributor '/World/Nova_Carter_ROS/transform_tree_odometry/ros2_publish_raw_transform_tree' did not submit transforms for topic '/tf' on flush cycle 20391
2026-09-30T16:59:58Z [374,685ms] [Warning] [isaacsim.ros2.nodes] ROS2 TF aggregation contributor '/World/Nova_Carter_ROS/chassis_link/sensors/back_owl/ROS_TF/PublisherTF' did not submit transforms for topic '/tf' on flush cycle 20391
2026-09-30T16:59:58Z [374,685ms] [Warning] [isaacsim.ros2.nodes] ROS2 TF aggregation contributor '/World/Nova_Carter_ROS/transform_tree_odometry/tf_tree_base_link_to_wheel_base' did not submit transforms for topic '/tf' on flush cycle 20391
2026-09-30T16:59:58Z [374,685ms] [Warning] [isaacsim.ros2.nodes] ROS2 TF aggregation contributor '/World/Nova_Carter_ROS/transform_tree_odometry/tf_tree_base_link_to_sensors' did not submit transforms for topic '/tf' on flush cycle 20391
2026-09-30T16:59:58Z [374,685ms] [Warning] [isaacsim.ros2.nodes] ROS2 TF aggregation contributor '/World/Nova_Carter_ROS/transform_tree_odometry/tf_tree_base_link_to_chassis' did not submit transforms for topic '/tf' on flush cycle 20391
2026-09-30T17:00:00Z [376,734ms] [Warning] [isaacsim.ros2.nodes] ROS2 TF aggregation contributor '/World/Nova_Carter_ROS/chassis_link/sensors/XT_32/ROS_TF/PublisherTF' did not submit transforms for topic '/tf' on flush cycle 20511
2026-09-30T17:00:00Z [376,734ms] [Warning] [isaacsim.ros2.nodes] ROS2 TF aggregation contributor '/World/Nova_Carter_ROS/chassis_link/sensors/front_hawk/ROS_TF/PublisherTF' did not submit transforms for topic '/tf' on flush cycle 20511
2026-09-30T17:00:00Z [376,734ms] [Warning] [isaacsim.ros2.nodes] ROS2 TF aggregation contributor '/World/Nova_Carter_ROS/chassis_link/sensors/front_RPLidar/ROS_TF/PublisherTF' did not submit transforms for topic '/tf' on flush cycle 20511
2026-09-30T17:00:00Z [376,734ms] [Warning] [isaacsim.ros2.nodes] ROS2 TF aggregation contributor '/World/Nova_Carter_ROS/chassis_link/sensors/rear_RPLidar/ROS_TF/PublisherTF' did not submit transforms for topic '/tf' on flush cycle 20511
2026-09-30T17:00:00Z [376,734ms] [Warning] [isaacsim.ros2.nodes] ROS2 TF aggregation contributor '/World/Nova_Carter_ROS/chassis_link/sensors/back_hawk/ROS_TF/PublisherTF' did not submit transforms for topic '/tf' on flush cycle 20511
2026-09-30T17:00:00Z [376,734ms] [Warning] [isaacsim.ros2.nodes] ROS2 TF aggregation contributor '/World/Nova_Carter_ROS/chassis_link/sensors/left_owl/ROS_TF/PublisherTF' did not submit transforms for topic '/tf' on flush cycle 20511
2026-09-30T17:00:00Z [376,734ms] [Warning] [isaacsim.ros2.nodes] ROS2 TF aggregation contributor '/World/Nova_Carter_ROS/chassis_link/sensors/right_hawk/ROS_TF/PublisherTF' did not submit transforms for topic '/tf' on flush cycle 20511
2026-09-30T17:00:00Z [376,734ms] [Warning] [isaacsim.ros2.nodes] ROS2 TF aggregation contributor '/World/Nova_Carter_ROS/chassis_link/sensors/right_owl/ROS_TF/PublisherTF' did not submit transforms for topic '/tf' on flush cycle 20511
2026-09-30T17:00:00Z [376,734ms] [Warning] [isaacsim.ros2.nodes] ROS2 TF aggregation contributor '/World/Nova_Carter_ROS/chassis_link/sensors/left_hawk/ROS_TF/PublisherTF' did not submit transforms for topic '/tf' on flush cycle 20511
2026-09-30T17:00:00Z [376,734ms] [Warning] [isaacsim.ros2.nodes] ROS2 TF aggregation contributor '/World/Nova_Carter_ROS/chassis_link/sensors/front_owl/ROS_TF/PublisherTF' did not submit transforms for topic '/tf' on flush cycle 20511
2026-09-30T17:00:00Z [376,734ms] [Warning] [isaacsim.ros2.nodes] ROS2 TF aggregation contributor '/World/Nova_Carter_ROS/transform_tree_odometry/ros2_publish_raw_transform_tree' did not submit transforms for topic '/tf' on flush cycle 20511
2026-09-30T17:00:00Z [376,734ms] [Warning] [isaacsim.ros2.nodes] ROS2 TF aggregation contributor '/World/Nova_Carter_ROS/chassis_link/sensors/back_owl/ROS_TF/PublisherTF' did not submit transforms for topic '/tf' on flush cycle 20511
2026-09-30T17:00:00Z [376,734ms] [Warning] [isaacsim.ros2.nodes] ROS2 TF aggregation contributor '/World/Nova_Carter_ROS/transform_tree_odometry/tf_tree_base_link_to_wheel_base' did not submit transforms for topic '/tf' on flush cycle 20511
2026-09-30T17:00:00Z [376,734ms] [Warning] [isaacsim.ros2.nodes] ROS2 TF aggregation contributor '/World/Nova_Carter_ROS/transform_tree_odometry/tf_tree_base_link_to_sensors' did not submit transforms for topic '/tf' on flush cycle 20511
2026-09-30T17:00:00Z [376,734ms] [Warning] [isaacsim.ros2.nodes] ROS2 TF aggregation contributor '/World/Nova_Carter_ROS/transform_tree_odometry/tf_tree_base_link_to_chassis' did not submit transforms for topic '/tf' on flush cycle 20511
2026-09-30T17:00:02Z [378,781ms] [Warning] [isaacsim.ros2.nodes] ROS2 TF aggregation contributor '/World/Nova_Carter_ROS/chassis_link/sensors/XT_32/ROS_TF/PublisherTF' did not submit transforms for topic '/tf' on flush cycle 20631
2026-09-30T17:00:02Z [378,781ms] [Warning] [isaacsim.ros2.nodes] ROS2 TF aggregation contributor '/World/Nova_Carter_ROS/chassis_link/sensors/front_hawk/ROS_TF/PublisherTF' did not submit transforms for topic '/tf' on flush cycle 20631
2026-09-30T17:00:02Z [378,781ms] [Warning] [isaacsim.ros2.nodes] ROS2 TF aggregation contributor '/World/Nova_Carter_ROS/chassis_link/sensors/front_RPLidar/ROS_TF/PublisherTF' did not submit transforms for topic '/tf' on flush cycle 20631
2026-09-30T17:00:02Z [378,781ms] [Warning] [isaacsim.ros2.nodes] ROS2 TF aggregation contributor '/World/Nova_Carter_ROS/chassis_link/sensors/rear_RPLidar/ROS_TF/PublisherTF' did not submit transforms for topic '/tf' on flush cycle 20631
2026-09-30T17:00:02Z [378,781ms] [Warning] [isaacsim.ros2.nodes] ROS2 TF aggregation contributor '/World/Nova_Carter_ROS/chassis_link/sensors/back_hawk/ROS_TF/PublisherTF' did not submit transforms for topic '/tf' on flush cycle 20631
2026-09-30T17:00:02Z [378,781ms] [Warning] [isaacsim.ros2.nodes] ROS2 TF aggregation contributor '/World/Nova_Carter_ROS/chassis_link/sensors/left_owl/ROS_TF/PublisherTF' did not submit transforms for topic '/tf' on flush cycle 20631
2026-09-30T17:00:02Z [378,781ms] [Warning] [isaacsim.ros2.nodes] ROS2 TF aggregation contributor '/World/Nova_Carter_ROS/chassis_link/sensors/right_hawk/ROS_TF/PublisherTF' did not submit transforms for topic '/tf' on flush cycle 20631
2026-09-30T17:00:02Z [378,781ms] [Warning] [isaacsim.ros2.nodes] ROS2 TF aggregation contributor '/World/Nova_Carter_ROS/chassis_link/sensors/right_owl/ROS_TF/PublisherTF' did not submit transforms for topic '/tf' on flush cycle 20631
2026-09-30T17:00:02Z [378,781ms] [Warning] [isaacsim.ros2.nodes] ROS2 TF aggregation contributor '/World/Nova_Carter_ROS/chassis_link/sensors/left_hawk/ROS_TF/PublisherTF' did not submit transforms for topic '/tf' on flush cycle 20631
2026-09-30T17:00:02Z [378,781ms] [Warning] [isaacsim.ros2.nodes] ROS2 TF aggregation contributor '/World/Nova_Carter_ROS/chassis_link/sensors/front_owl/ROS_TF/PublisherTF' did not submit transforms for topic '/tf' on flush cycle 20631
2026-09-30T17:00:02Z [378,781ms] [Warning] [isaacsim.ros2.nodes] ROS2 TF aggregation contributor '/World/Nova_Carter_ROS/transform_tree_odometry/ros2_publish_raw_transform_tree' did not submit transforms for topic '/tf' on flush cycle 20631
2026-09-30T17:00:02Z [378,781ms] [Warning] [isaacsim.ros2.nodes] ROS2 TF aggregation contributor '/World/Nova_Carter_ROS/chassis_link/sensors/back_owl/ROS_TF/PublisherTF' did not submit transforms for topic '/tf' on flush cycle 20631
2026-09-30T17:00:02Z [378,781ms] [Warning] [isaacsim.ros2.nodes] ROS2 TF aggregation contributor '/World/Nova_Carter_ROS/transform_tree_odometry/tf_tree_base_link_to_wheel_base' did not submit transforms for topic '/tf' on flush cycle 20631
2026-09-30T17:00:02Z [378,781ms] [Warning] [isaacsim.ros2.nodes] ROS2 TF aggregation contributor '/World/Nova_Carter_ROS/transform_tree_odometry/tf_tree_base_link_to_sensors' did not submit transforms for topic '/tf' on flush cycle 20631
2026-09-30T17:00:02Z [378,781ms] [Warning] [isaacsim.ros2.nodes] ROS2 TF aggregation contributor '/World/Nova_Carter_ROS/transform_tree_odometry/tf_tree_base_link_to_chassis' did not submit transforms for topic '/tf' on flush cycle 20631
2026-09-30T17:00:04Z [380,831ms] [Warning] [isaacsim.ros2.nodes] ROS2 TF aggregation contributor '/World/Nova_Carter_ROS/chassis_link/sensors/XT_32/ROS_TF/PublisherTF' did not submit transforms for topic '/tf' on flush cycle 20751
2026-09-30T17:00:04Z [380,831ms] [Warning] [isaacsim.ros2.nodes] ROS2 TF aggregation contributor '/World/Nova_Carter_ROS/chassis_link/sensors/front_hawk/ROS_TF/PublisherTF' did not submit transforms for topic '/tf' on flush cycle 20751
2026-09-30T17:00:04Z [380,831ms] [Warning] [isaacsim.ros2.nodes] ROS2 TF aggregation contributor '/World/Nova_Carter_ROS/chassis_link/sensors/front_RPLidar/ROS_TF/PublisherTF' did not submit transforms for topic '/tf' on flush cycle 20751
2026-09-30T17:00:04Z [380,831ms] [Warning] [isaacsim.ros2.nodes] ROS2 TF aggregation contributor '/World/Nova_Carter_ROS/chassis_link/sensors/rear_RPLidar/ROS_TF/PublisherTF' did not submit transforms for topic '/tf' on flush cycle 20751
2026-09-30T17:00:04Z [380,831ms] [Warning] [isaacsim.ros2.nodes] ROS2 TF aggregation contributor '/World/Nova_Carter_ROS/chassis_link/sensors/back_hawk/ROS_TF/PublisherTF' did not submit transforms for topic '/tf' on flush cycle 20751
2026-09-30T17:00:04Z [380,831ms] [Warning] [isaacsim.ros2.nodes] ROS2 TF aggregation contributor '/World/Nova_Carter_ROS/chassis_link/sensors/left_owl/ROS_TF/PublisherTF' did not submit transforms for topic '/tf' on flush cycle 20751
2026-09-30T17:00:04Z [380,831ms] [Warning] [isaacsim.ros2.nodes] ROS2 TF aggregation contributor '/World/Nova_Carter_ROS/chassis_link/sensors/right_hawk/ROS_TF/PublisherTF' did not submit transforms for topic '/tf' on flush cycle 20751
2026-09-30T17:00:04Z [380,831ms] [Warning] [isaacsim.ros2.nodes] ROS2 TF aggregation contributor '/World/Nova_Carter_ROS/chassis_link/sensors/right_owl/ROS_TF/PublisherTF' did not submit transforms for topic '/tf' on flush cycle 20751
2026-09-30T17:00:04Z [380,831ms] [Warning] [isaacsim.ros2.nodes] ROS2 TF aggregation contributor '/World/Nova_Carter_ROS/chassis_link/sensors/left_hawk/ROS_TF/PublisherTF' did not submit transforms for topic '/tf' on flush cycle 20751
2026-09-30T17:00:04Z [380,831ms] [Warning] [isaacsim.ros2.nodes] ROS2 TF aggregation contributor '/World/Nova_Carter_ROS/chassis_link/sensors/front_owl/ROS_TF/PublisherTF' did not submit transforms for topic '/tf' on flush cycle 20751
2026-09-30T17:00:04Z [380,831ms] [Warning] [isaacsim.ros2.nodes] ROS2 TF aggregation contributor '/World/Nova_Carter_ROS/transform_tree_odometry/ros2_publish_raw_transform_tree' did not submit transforms for topic '/tf' on flush cycle 20751
2026-09-30T17:00:04Z [380,831ms] [Warning] [isaacsim.ros2.nodes] ROS2 TF aggregation contributor '/World/Nova_Carter_ROS/chassis_link/sensors/back_owl/ROS_TF/PublisherTF' did not submit transforms for topic '/tf' on flush cycle 20751
2026-09-30T17:00:04Z [380,831ms] [Warning] [isaacsim.ros2.nodes] ROS2 TF aggregation contributor '/World/Nova_Carter_ROS/transform_tree_odometry/tf_tree_base_link_to_wheel_base' did not submit transforms for topic '/tf' on flush cycle 20751
2026-09-30T17:00:04Z [380,831ms] [Warning] [isaacsim.ros2.nodes] ROS2 TF aggregation contributor '/World/Nova_Carter_ROS/transform_tree_odometry/tf_tree_base_link_to_sensors' did not submit transforms for topic '/tf' on flush cycle 20751
2026-09-30T17:00:04Z [380,831ms] [Warning] [isaacsim.ros2.nodes] ROS2 TF aggregation contributor '/World/Nova_Carter_ROS/transform_tree_odometry/tf_tree_base_link_to_chassis' did not submit transforms for topic '/tf' on flush cycle 20751
