Starting kit application with the following args:  ['/home/missroot/.local/lib/python3.12/site-packages/isaacsim/exts/isaacsim.simulation_app/isaacsim/simulation_app/simulation_app.py', '/home/missroot/.local/lib/python3.12/site-packages/isaacsim/apps/isaacsim.exp.base.python.kit', '--/app/tokens/exe-path=/home/missroot/.local/lib/python3.12/site-packages/isaacsim/kit', '--/persistent/app/viewport/displayOptions=3094', '--/rtx/materialDb/syncLoads=True', '--/rtx/hydra/materialSyncLoads=True', '--/omni/kit/plugin/syncUsdLoads=True', '--/app/renderer/resolution/width=1280', '--/app/renderer/resolution/height=720', '--/app/window/width=1440', '--/app/window/height=900', '--/renderer/multiGpu/enabled=True', '--/app/fastShutdown=True', '--/app/installSignalHandlers=0', '--ext-folder', '/home/missroot/.local/lib/python3.12/site-packages/isaacsim/exts', '--ext-folder', '/home/missroot/.local/lib/python3.12/site-packages/isaacsim/apps', '--/physics/cudaDevice=0', '--/plugins/carb.tasking.plugin/threadCount=16', '--/plugins/omni.tbb.globalcontrol/maxThreadCount=16', '--portable', '--no-window', '--/app/window/hideUi=1']
Passing the following args to the base kit application:  ['--headless']
2026-09-30T16:47:18Z [Info] [carb] Logging to file: /home/missroot/.local/lib/python3.12/site-packages/isaacsim/kit/logs/Kit/Isaac-Sim Python/6.1/kit_20260930_184718.log
[0.041s] [ext: omni.assets.plugins-0.0.0] startup
[0.041s] [ext: omni.blobkey-1.1.2] startup
[0.042s] [ext: omni.kit.async_engine-0.0.3] startup
[0.104s] [ext: omni.client.lib-1.1.1] startup
[0.111s] [ext: omni.client-1.3.0] startup
[0.113s] [ext: omni.protobuf.lib-1.0.1] startup
[0.113s] [ext: omni.grpc.lib-1.0.0] startup
[0.117s] [ext: omni.metrics.core-0.0.3] startup
[0.117s] [ext: omni.datastore-0.0.0] startup
WARNING: All log messages before absl::InitializeLog() is called are written to STDERR
E0000 00:00:1790786838.367984  283192 descriptor_database.cc:633] File already exists in database: grpc/health/v1/health.proto
W0000 00:00:1790786838.368005  283192 message.cc:301] Protobuf GeneratedMessageFactory: File is already registered: grpc/health/v1/health.proto
[0.117s] [ext: omni.gpu_foundation.shadercache.vulkan-1.0.0] startup
[0.118s] [ext: omni.hsscclient-1.1.4] startup
[0.119s] [ext: omni.stats-1.0.1] startup
[0.119s] [ext: omni.ujitso.default-1.0.0] startup
[0.122s] [ext: omni.gpu_foundation-0.0.0] startup
[0.253s] [ext: carb.windowing.plugins-1.0.1] startup
[0.254s] [ext: omni.kit.renderer.init-1.0.1] startup
2026-09-30T16:47:18Z [432ms] [Warning] [omni.rtx] Skipping unsupported non-NVIDIA GPU: AMD Ryzen 7 9800X3D 8-Core Processor (RADV RAPHAEL_MENDOCINO)
2026-09-30T16:47:18Z [432ms] [Warning] [omni.rtx] Skipping unsupported non-NVIDIA GPU: AMD Ryzen 7 9800X3D 8-Core Processor (RADV RAPHAEL_MENDOCINO)

|---------------------------------------------------------------------------------------------|
| Driver Version: 595.91.07     | Graphics API: Vulkan
|=============================================================================================|
| GPU | Name                             | Active | LDA | GPU Memory | Vendor-ID | LUID       |
|     |                                  |        |     |            | Device-ID | UUID       |
|     |                                  |        |     |            | Bus-ID    |            |
|---------------------------------------------------------------------------------------------|
| 0   | NVIDIA GeForce RTX 5070 Ti       | Yes: 0 |     | 16303   MB | 10de      | 0          |
|     |                                  |        |     |            | 2c05      | a3a938e6.. |
|     |                                  |        |     |            | 1         |            |
|---------------------------------------------------------------------------------------------|
| 1   | AMD Ryzen 7 9800X3D 8-Core Pro.. |        |     | 22004   MB | 1002      | 0          |
|     |                                  |        |     |            | 13c0      | 00000000.. |
|     |                                  |        |     |            | 11        |            |
|=============================================================================================|
| OS: 24.04.5 LTS (Noble Numbat) ubuntu, Version: 24.04.5, Kernel: 7.0.0-34-generic
| XServer Vendor: The X.Org Foundation, XServer Version: 12101011 (1.21.1.11)
| Processor: AMD Ryzen 7 9800X3D 8-Core Processor
| Cores: 8 | Logical Cores: 16
|---------------------------------------------------------------------------------------------|
| Total Memory (MB): 61918 | Free Memory: 53787
| Total Page/Swap (MB): 8191 | Free Page/Swap: 8191
|---------------------------------------------------------------------------------------------|
2026-09-30T16:47:18Z [596ms] [Warning] [omni.rtx] CPU performance profile is set to powersave. This profile sets the CPU to the lowest frequency reducing performance.
2026-09-30T16:47:18Z [603ms] [Warning] [omni.rtx] IOMMU is enabled.
[0.680s] [ext: omni.kit.pipapi-0.0.0] startup
[0.680s] [ext: omni.kit.telemetry-0.5.2] startup
[0.701s] [ext: omni.kit.loop-isaac-1.6.2] startup
[0.702s] [ext: omni.kit.test-2.1.1] startup
[0.732s] [ext: omni.materialx.libs-1.0.9] startup
[0.737s] [ext: omni.gpucompute.plugins-0.0.0] startup
[0.737s] [ext: omni.usd.config-1.0.8] startup
[0.740s] [ext: omni.usd.libs-1.0.3] startup
[0.796s] [ext: omni.iray.libs-0.0.1] startup
[0.799s] [ext: omni.mdl-57.0.6] startup
[0.839s] [ext: omni.mdl.neuraylib-0.2.22] startup
[0.840s] [ext: omni.kit.usd.mdl-1.1.11] startup
[0.912s] [ext: omni.appwindow-1.2.2] startup
[0.913s] [ext: omni.kit.renderer.core-1.3.1] startup
[1.159s] [ext: omni.kit.renderer.capture-2.0.1] startup
[1.160s] [ext: omni.kit.renderer.imgui-2.1.0] startup
[1.192s] [ext: omni.ui-3.3.1] startup
[1.199s] [ext: omni.kit.mainwindow-1.0.4] startup
[1.199s] [ext: carb.audio-0.1.0] startup
[1.202s] [ext: omni.uiaudio-1.0.0] startup
[1.202s] [ext: omni.kit.uiapp-0.0.0] startup
[1.202s] [ext: omni.usd.schema.metrics.assembler-110.1.0] startup
[1.204s] [ext: omni.usd.schema.audio-0.0.1] startup
[1.207s] [ext: omni.usd_resolver-1.0.0] startup
[1.209s] [ext: omni.usd.core-1.10.10] startup
[1.211s] [ext: omni.metropolis.schema-0.0.3] startup
[1.211s] [ext: isaacsim.anim.robot.schema-0.1.1] startup
[1.212s] [ext: isaacsim.common-6.2.0] startup
[1.213s] [ext: omni.usd.schema.anim-0.0.1] startup
[1.225s] [ext: omni.usd.schema.geospatial-0.0.1] startup
[1.227s] [ext: omni.usd.schema.omnigraph-1.0.1] startup
[1.231s] [ext: omni.usd.schema.semantics-0.0.0] startup
[1.232s] [ext: omni.activity.core-1.0.4] startup
[1.233s] [ext: omni.cubric-0.1.0] startup
[1.233s] [ext: omni.graph.exec-0.9.6] startup
[1.233s] [ext: omni.hydra.scene_delegate-0.3.5] startup
[1.236s] [ext: usdrt.scenegraph-7.6.3] startup
[1.252s] [ext: omni.hydra.usdrt_delegate-7.5.2] startup
[1.255s] [ext: omni.inspect-1.0.2] startup
[1.256s] [ext: omni.kit.actions.core-1.2.0] startup
[1.257s] [ext: omni.kit.audiodeviceenum-1.0.2] startup
[1.258s] [ext: omni.kit.commands-1.5.0] startup
[1.260s] [ext: omni.kit.exec.core-0.13.6] startup
[1.261s] [ext: omni.kit.usd_undo-0.1.8] startup
[1.261s] [ext: omni.kit.window.popup_dialog-2.0.26] startup
[1.263s] [ext: omni.kit.widget.connection_manager-1.0.3] startup
[1.266s] [ext: omni.timeline-1.1.0] startup
[1.268s] [ext: omni.usd-1.18.0] startup
[1.288s] [ext: omni.graph.core-3.1.5] startup
[1.290s] [ext: omni.kit.notification_manager-1.0.16] startup
[1.291s] [ext: isaacsim.core.deprecation_manager-0.4.4] startup
[1.292s] [ext: isaacsim.replicator.agent.schema-0.1.1] startup
[1.292s] [ext: isaacsim.robot.schema-7.0.2] startup
[1.295s] [ext: isaacsim.robot_motion.schema-0.2.2] startup
[1.295s] [ext: omni.anim.behavior.schema-110.3.0] startup
[1.297s] [ext: omni.anim.graph.schema-110.3.0] startup
[1.301s] [ext: omni.anim.navigation.schema-110.3.0] startup
[1.303s] [ext: omni.behavior.tree.schema-110.3.0] startup
[1.303s] [ext: omni.kit.asset_converter-6.0.5] startup
2026-09-30T16:47:19Z [1,286ms] [Warning] [asset_converter_native_bindings._bootstrap] A different OpenUSD (pxr) build was already imported from /home/missroot/.local/lib/python3.12/site-packages/isaacsim/extscache/omni.usd.schema.omnigraph-1.0.1+00c488ae.lx64.r.cp312/pxr before usd-convert-asset loaded. The host pxr bindings will remain in use rather than reloading the bundled OpenUSD at /home/missroot/.local/lib/python3.12/site-packages/isaacsim/extscache/omni.kit.asset_converter-6.0.5+110.1.1.lx64.r.cp312.u7f4/asset_converter_native_bindings/libs/lib/python/pxr, /home/missroot/.local/lib/python3.12/site-packages/isaacsim/extscache/omni.kit.asset_converter-6.0.5+110.1.1.lx64.r.cp312.u7f4/asset_converter_native_bindings/libs/python/pxr. Mixing USD builds in one process can cause ABI and singleton conflicts; prefer importing usd_convert_asset first, or run the converter in a separate process/venv when mixing unrelated USD builds.
[1.313s] [ext: omni.usd.schema.flow-110.0.0] startup
[1.313s] [ext: omni.usd.schema.newton-1.4.0] startup
[1.314s] [ext: omni.usd.schema.mujoco-1.1.4] startup
[1.314s] [ext: omni.usd.schema.omni_dome_light-1.0.0] startup
[1.314s] [ext: omni.usd.schema.omni_lens_distortion-1.0.0] startup
[1.315s] [ext: omni.usd.schema.omni_projectors-1.0.0] startup
[1.315s] [ext: omni.usd.schema.omni_sensors-0.0.0] startup
[1.319s] [ext: omni.usd.schema.omniscripting-1.0.1] startup
[1.322s] [ext: omni.usd.schema.physical_lighting-0.1.0] startup
[1.324s] [ext: omni.usd.schema.physx-110.3.2] startup
[1.344s] [ext: omni.usd.schema.render_settings.rtx-1.0.3] startup
[1.346s] [ext: omni.usd.schema.usd_particle_field-1.0.0] startup
[1.347s] [ext: isaacsim.core.version-2.2.1] startup
[1.348s] [ext: omni.kit.menu.core-1.3.0] startup
[1.348s] [ext: omni.kit.menu.utils-2.2.8] startup
[1.353s] [ext: isaacsim.app.about-2.3.2] startup
[1.356s] [ext: isaacsim.asset.transformer-6.1.0] startup
[1.358s] [ext: omni.scene.optimizer.core-110.2.1] startup
[1.391s] [ext: isaacsim.asset.importer.utils-1.9.1] startup
[1.393s] [ext: omni.convexdecomposition-110.3.2] startup
[1.395s] [ext: omni.physics-110.3.2] startup
[1.396s] [ext: omni.physx.gpu-110.3.2] startup
[1.397s] [ext: omni.physx.foundation-110.3.2] startup
[1.398s] [ext: omni.usdphysics-110.3.2] startup
[1.399s] [ext: omni.physx.cooking-110.3.2] startup
[1.400s] [ext: omni.physx-110.3.2] startup
[1.407s] [ext: omni.physics.physx-110.3.2] startup
[1.408s] [ext: isaacsim.asset.exporter.urdf-2.2.6] startup
[1.413s] [ext: omni.kit.clipboard-1.1.1] startup
[1.414s] [ext: omni.kit.usd.layers-2.7.2] startup
[1.418s] [ext: omni.kit.widget.context_menu-1.5.0] startup
[1.419s] [ext: omni.kit.context_menu-1.10.0] startup
[1.420s] [ext: omni.kit.helper.file_utils-0.1.10] startup
[1.421s] [ext: omni.kit.widget.nucleus_info-2.0.2] startup
[1.421s] [ext: omni.kit.search_core-1.0.8] startup
[1.421s] [ext: omni.kit.widget.path_field-2.0.13] startup
[1.422s] [ext: omni.kit.widget.browser_bar-2.0.11] startup
[1.422s] [ext: omni.kit.widget.filebrowser-2.14.0] startup
[1.425s] [ext: omni.kit.widget.nucleus_connector-2.4.0] startup
[1.425s] [ext: omni.kit.widget.options_menu-1.1.7] startup
[1.426s] [ext: omni.kit.widget.options_button-1.0.3] startup
[1.427s] [ext: omni.kit.widget.search_delegate-1.0.10] startup
[1.427s] [ext: omni.ui.scene-2.0.4] startup
[1.430s] [ext: omni.kit.window.filepicker-3.0.14] startup
[1.438s] [ext: omni.kit.window.file_importer-1.1.22] startup
[1.439s] [ext: omni.kit.material.library-3.1.7] startup
[1.442s] [ext: isaacsim.asset.transformer.rules-1.7.18] startup
[1.448s] [ext: omni.usdex.libs-2.3.0] startup
[1.453s] [ext: isaacsim.asset.importer.mjcf-3.12.1] startup
[1.454s] [ext: omni.kit.primitive.mesh-1.1.1] startup
[1.455s] [ext: omni.kit.stage_template.core-1.1.23] startup
[1.456s] [ext: omni.kit.stage_templates-2.0.3] startup
[1.457s] [ext: omni.usd.metrics.assembler-110.1.2] startup
[1.458s] [ext: omni.warp.core-1.16.0] startup
[1.559s] [ext: isaacsim.core.experimental.utils-0.23.0] startup
[1.559s] [ext: isaacsim.asset.importer.urdf-3.11.10] startup
[1.562s] [ext: omni.physics.stageupdate-110.3.2] startup
[1.563s] [ext: omni.physics.tensors-110.3.2] startup
[1.565s] [ext: omni.physx.tensors-110.3.2] startup
[1.568s] [ext: isaacsim.core.simulation_manager-1.17.1] startup
[1.575s] [ext: isaacsim.storage.native-1.11.0] startup
[1.576s] [ext: omni.usd.metrics.assembler.physics-110.3.2] startup
[1.577s] [ext: isaacsim.core.utils-4.1.9] startup
[1.579s] [ext: isaacsim.core.prims-0.11.7] startup
[2.285s] [ext: isaacsim.core.api-5.3.2] startup
[2.289s] [ext: isaacsim.core.cloner-1.7.5] startup
[2.290s] [ext: isaacsim.test.docstring-1.3.2] startup
[2.292s] [ext: isaacsim.core.experimental.prims-1.10.8] startup
[2.302s] [ext: isaacsim.core.experimental.primdata-0.3.6] startup
[2.303s] [ext: omni.graph.tools-1.81.0] startup
[2.315s] [ext: omni.graph-1.142.5] startup
[2.337s] [ext: isaacsim.core.experimental.actuators-0.1.6] startup
[2.346s] [ext: isaacsim.core.experimental.materials-0.10.0] startup
[2.348s] [ext: isaacsim.core.experimental.objects-0.9.0] startup
[2.391s] [ext: omni.hydra.engine.stats-1.0.5] startup
[2.392s] [ext: omni.hydra.rtx.shadercache.vulkan-1.0.0] startup
[2.393s] [ext: omni.index.libs-392300.961.0] startup
[2.393s] [ext: omni.index-1.0.1] startup
[2.393s] [ext: omni.ujitso.client-0.0.0] startup
[2.394s] [ext: omni.usd.schema.playback-1.1.0] startup
[2.394s] [ext: omni.volume-0.5.2] startup
[2.398s] [ext: omni.hydra.rtx-1.0.4] startup
2026-09-30T16:47:20Z [2,390ms] [Warning] [omni.log] Source: omni.hydra was already registered.
[2.420s] [ext: omni.kit.hydra_texture-1.6.2] startup
[2.422s] [ext: omni.kit.raycast.query-1.2.0] startup
[2.425s] [ext: omni.kit.viewport.legacy_gizmos-1.0.24] startup
[2.427s] [ext: omni.kit.viewport.registry-104.0.6] startup
[2.427s] [ext: omni.kit.viewport.scene_camera_model-1.0.7] startup
[2.429s] [ext: omni.kit.widget.viewport-110.0.0] startup
[2.432s] [ext: omni.kit.window.drop_support-1.0.8] startup
[2.432s] [ext: omni.kit.viewport.window-110.0.1] startup
[2.444s] [ext: omni.kit.viewport.utility-2.1.0] startup
[2.444s] [ext: isaacsim.core.rendering_manager-0.5.1] startup
[2.450s] [ext: omni.graph.action_core-1.1.9] startup
[2.452s] [ext: omni.graph.action_nodes_core-2.11.0] startup
[2.454s] [ext: omni.graph.action_nodes-2.11.0] startup
[2.467s] [ext: omni.graph.action-2.10.2] startup
[2.468s] [ext: omni.graph.image.core-0.6.1] startup
[2.468s] [ext: omni.graph.image.nodes-1.3.2] startup
[2.469s] [ext: omni.graph.nodes_core-2.11.0] startup
[2.473s] [ext: omni.graph.nodes-2.12.0] startup
[2.477s] [ext: omni.kit.hotkeys.core-1.4.0] startup
[2.477s] [ext: omni.kit.property.adapter.core-1.1.1] startup
[2.479s] [ext: omni.kit.property.adapter.usd-1.0.6] startup
[2.480s] [ext: omni.kit.widget.filter-1.1.8] startup
[2.480s] [ext: omni.kit.widget.highlight_label-1.0.3] startup
[2.481s] [ext: omni.kit.widget.searchfield-1.1.8] startup
[2.482s] [ext: omni.kit.window.file_exporter-1.0.38] startup
[2.483s] [ext: omni.kit.widget.stage-4.6.5] startup
[2.487s] [ext: omni.kit.window.content_browser_registry-0.0.6] startup
[2.488s] [ext: omni.kit.window.file-2.0.15] startup
[2.490s] [ext: omni.kit.window.content_browser-3.1.12] startup
[2.496s] [ext: omni.kit.window.property-1.15.2] startup
[2.503s] [ext: omni.kit.property.usd-4.9.14] startup
[2.509s] [ext: omni.graph.scriptnode-2.10.2] startup
[2.515s] [ext: omni.kit.widget.searchable_combobox-1.0.7] startup
[2.515s] [ext: omni.kit.widget.settings-2.0.1] startup
[2.517s] [ext: omni.kit.window.preferences-1.8.5] startup
[2.520s] [ext: omni.kit.viewport.menubar.core-110.0.3] startup
[2.526s] [ext: omni.syntheticdata-0.6.17] startup
[2.543s] [ext: omni.replicator.nv-1.1.6] startup
[2.546s] [ext: omni.videoencoding-0.2.1] startup
[2.547s] [ext: omni.replicator.core-1.13.36] startup
2026-09-30T16:47:20Z [2,534ms] [Warning] [pxr.Semantics] pxr.Semantics is deprecated - please use Semantics instead
Warp 1.16.0 initialized:
   CUDA Toolkit 12.9, Driver 13.2
   Devices:
     "cpu"      : "x86_64"
     "cuda:0"   : "NVIDIA GeForce RTX 5070 Ti" (15 GiB, sm_120, mempool enabled)
   Kernel cache:
     /home/missroot/.cache/warp/1.16.0
2026-09-30T16:47:20Z [2,570ms] [Warning] [omni.replicator.core.scripts.extension] No material configuration file, adding configuration to material settings directly.
[2.658s] [ext: isaacsim.core.nodes-5.10.13] startup
[2.676s] [ext: isaacsim.core.throttling-2.3.7] startup
[2.677s] [ext: omni.kit.manipulator.viewport-107.0.1] startup
[2.678s] [ext: omni.graph.visualization.nodes-2.1.4] startup
[2.686s] [ext: omni.kit.window.extensions-1.5.16] startup
[2.690s] [ext: isaacsim.gui.components-1.8.9] startup
[2.693s] [ext: isaacsim.robot.surface_gripper-3.6.3] startup
[2.699s] [ext: isaacsim.robot.manipulators-3.4.5] startup
[2.706s] [ext: isaacsim.robot_motion.lula-4.1.4] startup
[2.711s] [ext: isaacsim.robot_motion.motion_generation-8.2.9] startup
[2.715s] [ext: isaacsim.cortex.framework-1.0.20] startup
[2.716s] [ext: isaacsim.cortex.behaviors-2.0.18] startup
[2.717s] [ext: isaacsim.examples.base-1.3.4] startup
[2.719s] [ext: omni.kit.widget.zoombar-1.0.7] startup
[2.720s] [ext: omni.kit.browser.core-2.3.18] startup
[2.722s] [ext: omni.kit.browser.folder.core-2.0.3] startup
[2.725s] [ext: omni.kit.widget.stage_icons-1.0.8] startup
[2.726s] [ext: omni.kit.window.stage-2.6.1] startup
[2.728s] [ext: omni.kit.menu.stage-1.2.7] startup
[2.729s] [ext: omni.kit.usd.collect-3.0.6] startup
[2.731s] [ext: omni.kit.widget.prompt-1.0.7] startup
[2.731s] [ext: omni.kit.tool.collect-2.2.19] startup
[2.733s] [ext: isaacsim.examples.browser-0.3.4] startup
[2.734s] [ext: omni.kit.search.files-1.0.4] startup
[2.735s] [ext: omni.kit.widget.calendar-1.0.9] startup
[2.736s] [ext: omni.kit.widget.extended_searchfield-1.0.31] startup
[2.741s] [ext: omni.simready.content.browser-0.3.8] startup
[2.803s] [ext: isaacsim.gui.content_browser-0.5.1] startup
[2.805s] [ext: omni.kit.selection-0.1.6] startup
[2.806s] [ext: isaacsim.gui.menu-2.10.12] startup
[2.811s] [ext: isaacsim.gui.property-1.6.4] startup
[2.816s] [ext: omni.kit.viewport.actions-110.1.0] startup
[2.818s] [ext: omni.kit.viewport.menubar.display-110.0.0] startup
[2.819s] [ext: isaacsim.gui.sensors.icon-2.2.4] startup
[2.821s] [ext: omni.behavior.scripting.core-110.3.0] startup
[2.823s] [ext: isaacsim.replicator.behavior-1.6.2] startup
[2.826s] [ext: isaacsim.replicator.experimental.domain_randomization-1.2.10] startup
[2.836s] [ext: isaacsim.replicator.domain_randomization-1.2.3] startup
[2.887s] [ext: isaacsim.replicator.writers-1.5.6] startup
[2.902s] [ext: isaacsim.robot.experimental.wheeled_robots-0.2.14] startup
[2.916s] [ext: isaacsim.robot_motion.experimental.motion_generation-7.1.2] startup
[2.922s] [ext: isaacsim.robot.policy.examples-7.2.0] startup
[3.972s] [ext: isaacsim.robot.wheeled_robots-5.2.5] startup
[3.975s] [ext: isaacsim.robot.wheeled_robots.nodes-0.1.12] startup
[3.993s] [ext: isaacsim.robot_motion.controllers-0.3.2] startup
[3.999s] [ext: isaacsim.robot_motion.cumotion-1.4.0] startup
[4.007s] [ext: omni.kit.numpy.common-0.1.3] startup
[4.008s] [ext: omni.rtx.spg-0.4.0] startup
[4.011s] [ext: omni.sensors.nv.camera-1.0.0] startup
[4.015s] [ext: isaacsim.sensors.camera-1.7.13] startup
[4.029s] [ext: isaacsim.sensors.experimental.physics-3.3.0] startup
[4.034s] [ext: omni.sensors.net-1.0.1] startup
[4.036s] [ext: omni.sensors.nv.common-3.0.0] startup
[4.044s] [ext: omni.sensors.nv.materials-2.0.0] startup
[4.046s] [ext: omni.sensors.nv.acoustic-3.0.0] startup
[4.048s] [ext: omni.sensors.nv.ids-2.0.1] startup
[4.050s] [ext: omni.sensors.nv.lidar-3.0.0] startup
[4.052s] [ext: omni.sensors.nv.radar-3.0.0] startup
[4.055s] [ext: isaacsim.sensors.experimental.rtx-1.9.0] startup
2026-09-30T16:47:22Z [4,144ms] [Error] [omni.kit.app._impl] [py stderr]: /home/missroot/.local/lib/python3.12/site-packages/matplotlib/projections/__init__.py:63: UserWarning: Unable to import Axes3D. This may be due to multiple versions of Matplotlib being installed (e.g. as a system package and as a pip package). As a result, the 3D projection is not available.
  warnings.warn("Unable to import Axes3D. This may be due to multiple versions of "
[4.180s] [ext: isaacsim.sensors.physics.nodes-1.6.2] startup
[4.185s] [ext: isaacsim.util.debug_draw-3.2.6] startup
[4.188s] [ext: isaacsim.sensors.physx-2.5.7] startup
[4.194s] [ext: isaacsim.sensors.rtx-15.17.5] startup
[4.201s] [ext: isaacsim.simulation_app-2.19.0] startup
[4.201s] [ext: omni.anim.curve.core-1.6.1] startup
[4.208s] [ext: omni.graph.ui_nodes-2.11.1] startup
[4.224s] [ext: omni.kit.manipulator.camera-110.1.0] startup
[4.227s] [ext: omni.kit.manipulator.selector-1.1.4] startup
[4.228s] [ext: omni.kit.manipulator.transform-107.0.1] startup
[4.230s] [ext: omni.kit.widget.toolbar-2.1.0] startup
[4.234s] [ext: omni.kit.manipulator.tool.snap-1.5.15] startup
[4.237s] [ext: omni.kit.viewport.manipulator.transform-107.0.4] startup
[4.238s] [ext: omni.kit.manipulator.prim.core-108.0.2] startup
[4.241s] [ext: omni.kit.manipulator.prim.usd-107.0.3] startup
[4.242s] [ext: omni.kit.manipulator.prim-108.0.0] startup
[4.242s] [ext: omni.kit.manipulator.selection-110.0.0] startup
[4.243s] [ext: omni.kit.menu.create-2.0.2] startup
[4.244s] [ext: omni.kit.property.audio-1.0.18] startup
[4.246s] [ext: omni.kit.property.camera-1.0.14] startup
[4.247s] [ext: omni.kit.property.geometry-2.1.2] startup
[4.249s] [ext: omni.kit.property.light-1.0.16] startup
[4.272s] [ext: omni.kit.property.material-1.14.10] startup
[4.275s] [ext: omni.kit.property.render-1.2.2] startup
[4.276s] [ext: omni.kit.property.transform-1.6.12] startup
[4.278s] [ext: omni.kit.property.bundle-1.5.2] startup
[4.279s] [ext: omni.kit.usdz_export-1.1.1] startup
[4.280s] [ext: omni.kit.tool.asset_importer-6.0.2] startup
[4.283s] [ext: omni.kit.ui.actions-1.0.5] startup
[4.284s] [ext: omni.kit.viewport.menubar.camera-107.0.14] startup
[4.287s] [ext: omni.kit.viewport.menubar.lighting-107.3.2] startup
[4.289s] [ext: omni.kit.viewport.menubar.render-110.1.1] startup
[4.291s] [ext: omni.kit.viewport.menubar.settings-110.0.1] startup
[4.293s] [ext: omni.kit.window.console-1.1.10] startup
[4.295s] [ext: omni.kit.window.status_bar-0.1.11] startup
[4.297s] [ext: omni.kit.window.toolbar-3.0.3] startup
[4.298s] [ext: omni.ocio-0.1.1] startup
[4.299s] [ext: omni.physx.commands-110.3.2] startup
[4.301s] [ext: omni.replicator.replicator_yaml-2.0.12] startup
[4.307s] [ext: omni.rtx.window.settings-0.8.2] startup
[4.310s] [ext: omni.rtx.settings.core-0.7.1] startup
[4.312s] [ext: omni.usd.metrics.assembler.ui-110.1.1] startup
[4.316s] [ext: semantics.schema.editor-2.0.2] startup
[4.318s] [ext: semantics.schema.property-2.0.2] startup
[4.319s] [ext: omni.kit.menu.common-2.0.2] startup
[4.320s] [ext: isaacsim.exp.base-6.1.0] startup
[4.320s] [ext: isaacsim.exp.base.python-6.1.0] startup
[4.321s] Simulation App Starting
[4.971s] Simulation App Startup Complete
[4.977s] app ready
[5.302s] [ext: isaacsim.core.includes-2.9.4] startup
[5.303s] [ext: isaacsim.sensors.rtx.nodes-0.1.7] startup
[5.309s] [ext: isaacsim.ros2.core-1.11.0] startup
[5.355s] Attempting to load system rclpy
[5.379s] rclpy loaded
[5.381s] [ext: isaacsim.ros2.control-0.1.6] startup
[5.385s] [ext: isaacsim.ros2.nodes-1.22.7] startup
[5.415s] [ext: isaacsim.ros2.examples-1.2.9] startup
[5.418s] [ext: isaacsim.ros2.ui-1.9.2] startup
[5.581s] [ext: isaacsim.ros2.bridge-5.1.4] startup
[standalone] apro /home/missroot/mola-adversarial-nsga3/isaac/carter_warehouse.usd
2026-09-30T16:47:29Z [10,983ms] [Warning] [omni.usd] Encountered USD Warnings but USD Diagnostics are currently muted. To view USD Warnings, please set the '/persistent/app/usd/muteUsdDiagnostics' setting to false in Preferences page.
2026-09-30T16:47:30Z [11,923ms] [Warning] [rtx.hydra] Camera '/World/Nova_Carter_ROS/chassis_link/sensors/back_owl/camera': Projection type 'fisheyePolynomial' is deprecated. Please use 'opencvFisheye', 'opencvPinhole', 'lut', or 'omniDirectionalStereo' instead.
2026-09-30T16:47:30Z [11,923ms] [Warning] [rtx.hydra] Camera '/World/Nova_Carter_ROS/chassis_link/sensors/front_hawk/left/camera_left': Projection type 'fisheyePolynomial' is deprecated. Please use 'opencvFisheye', 'opencvPinhole', 'lut', or 'omniDirectionalStereo' instead.
2026-09-30T16:47:30Z [11,923ms] [Warning] [rtx.hydra] Camera '/World/Nova_Carter_ROS/chassis_link/sensors/right_hawk/left/camera_left': Projection type 'fisheyePolynomial' is deprecated. Please use 'opencvFisheye', 'opencvPinhole', 'lut', or 'omniDirectionalStereo' instead.
2026-09-30T16:47:30Z [11,923ms] [Warning] [rtx.hydra] Camera '/World/Nova_Carter_ROS/chassis_link/sensors/front_owl/camera': Projection type 'fisheyePolynomial' is deprecated. Please use 'opencvFisheye', 'opencvPinhole', 'lut', or 'omniDirectionalStereo' instead.
2026-09-30T16:47:30Z [11,923ms] [Warning] [rtx.hydra] Camera '/World/Nova_Carter_ROS/chassis_link/sensors/left_hawk/right/camera_right': Projection type 'fisheyePolynomial' is deprecated. Please use 'opencvFisheye', 'opencvPinhole', 'lut', or 'omniDirectionalStereo' instead.
2026-09-30T16:47:30Z [11,923ms] [Warning] [rtx.hydra] Camera '/World/Nova_Carter_ROS/chassis_link/sensors/right_owl/camera': Projection type 'fisheyePolynomial' is deprecated. Please use 'opencvFisheye', 'opencvPinhole', 'lut', or 'omniDirectionalStereo' instead.
2026-09-30T16:47:30Z [11,923ms] [Warning] [rtx.hydra] Camera '/World/Nova_Carter_ROS/chassis_link/sensors/right_hawk/right/camera_right': Projection type 'fisheyePolynomial' is deprecated. Please use 'opencvFisheye', 'opencvPinhole', 'lut', or 'omniDirectionalStereo' instead.
2026-09-30T16:47:30Z [11,923ms] [Warning] [rtx.hydra] Camera '/World/Nova_Carter_ROS/chassis_link/sensors/back_hawk/left/camera_left': Projection type 'fisheyePolynomial' is deprecated. Please use 'opencvFisheye', 'opencvPinhole', 'lut', or 'omniDirectionalStereo' instead.
2026-09-30T16:47:30Z [11,923ms] [Warning] [rtx.hydra] Camera '/World/Nova_Carter_ROS/chassis_link/sensors/left_hawk/left/camera_left': Projection type 'fisheyePolynomial' is deprecated. Please use 'opencvFisheye', 'opencvPinhole', 'lut', or 'omniDirectionalStereo' instead.
2026-09-30T16:47:30Z [11,923ms] [Warning] [rtx.hydra] Camera '/World/Nova_Carter_ROS/chassis_link/sensors/back_hawk/right/camera_right': Projection type 'fisheyePolynomial' is deprecated. Please use 'opencvFisheye', 'opencvPinhole', 'lut', or 'omniDirectionalStereo' instead.
2026-09-30T16:47:30Z [11,923ms] [Warning] [rtx.hydra] Camera '/World/Nova_Carter_ROS/chassis_link/sensors/front_hawk/right/camera_right': Projection type 'fisheyePolynomial' is deprecated. Please use 'opencvFisheye', 'opencvPinhole', 'lut', or 'omniDirectionalStereo' instead.
2026-09-30T16:47:30Z [11,923ms] [Warning] [rtx.hydra] Camera '/World/Nova_Carter_ROS/chassis_link/sensors/left_owl/camera': Projection type 'fisheyePolynomial' is deprecated. Please use 'opencvFisheye', 'opencvPinhole', 'lut', or 'omniDirectionalStereo' instead.
[standalone] pronto: comandi su /tmp/isaac_cmd.json
2026-09-30T16:47:31Z [13,516ms] [Warning] [isaacsim.ros2.nodes.ogn.python.nodes.OgnROS2RtxLidarHelper] fullScan is deprecated. RTX Lidar now always produces full scans via accumulateOutputs. This setting is ignored.
2026-09-30T16:47:31Z [13,588ms] [Warning] [isaacsim.core.experimental.primdata.plugin] PrimDataReader: DOF effort readings are not available on the Newton backend. The dof_efforts field will be unavailable.
2026-09-30T16:47:32Z [13,790ms] [Warning] [isaacsim.ros2.core.impl.camera_info_utils] Forcing fy to fx (957.8116193827423 != 957.8115559493878) when computing CameraInfo, as renderer assumes square pixels.
2026-09-30T16:47:32Z [13,791ms] [Warning] [isaacsim.ros2.core.impl.camera_info_utils] Forcing fy to fx (959.3266105473468 != 959.3265470136585) when computing CameraInfo, as renderer assumes square pixels.
2026-09-30T16:47:32Z [13,968ms] [Warning] [rtx.hydra] Camera '/World/Nova_Carter_ROS/chassis_link/sensors/front_hawk/left/camera_left': Projection type 'fisheyePolynomial' is deprecated. Please use 'opencvFisheye', 'opencvPinhole', 'lut', or 'omniDirectionalStereo' instead.
2026-09-30T16:47:32Z [13,968ms] [Warning] [rtx.hydra] Camera '/World/Nova_Carter_ROS/chassis_link/sensors/front_hawk/right/camera_right': Projection type 'fisheyePolynomial' is deprecated. Please use 'opencvFisheye', 'opencvPinhole', 'lut', or 'omniDirectionalStereo' instead.
2026-09-30T16:47:32Z [14,056ms] [Warning] [rtx.rtxsensor.plugin] Multi-tick is enabled but motion BVH is not active. This is not supported.
2026-09-30T16:47:32Z [14,056ms] [Warning] [rtx.sensors.lidar.core.plugin] MotionBVH for lidar model not enabled. This will result in an incorrect point cloud without motion effects!
2026-09-30T16:47:32Z [14,726ms] [Warning] [omni.timeline.plugin] Deprecated: direct use of ITimeline callbacks is deprecated. Use ITimeline::getTimeline (Python: omni.timeline.get_timeline_interface) instead.
2026-09-30T16:47:42Z [24,069ms] [Warning] [isaacsim.ros2.nodes] ROS2 TF aggregation contributor '/World/Nova_Carter_ROS/chassis_link/sensors/XT_32/ROS_TF/PublisherTF' did not submit transforms for topic '/tf' on flush cycle 519
2026-09-30T16:47:42Z [24,069ms] [Warning] [isaacsim.ros2.nodes] ROS2 TF aggregation contributor '/World/Nova_Carter_ROS/chassis_link/sensors/rear_RPLidar/ROS_TF/PublisherTF' did not submit transforms for topic '/tf' on flush cycle 519
2026-09-30T16:47:42Z [24,069ms] [Warning] [isaacsim.ros2.nodes] ROS2 TF aggregation contributor '/World/Nova_Carter_ROS/chassis_link/sensors/front_hawk/ROS_TF/PublisherTF' did not submit transforms for topic '/tf' on flush cycle 519
2026-09-30T16:47:42Z [24,069ms] [Warning] [isaacsim.ros2.nodes] ROS2 TF aggregation contributor '/World/Nova_Carter_ROS/chassis_link/sensors/left_owl/ROS_TF/PublisherTF' did not submit transforms for topic '/tf' on flush cycle 519
2026-09-30T16:47:42Z [24,069ms] [Warning] [isaacsim.ros2.nodes] ROS2 TF aggregation contributor '/World/Nova_Carter_ROS/chassis_link/sensors/front_owl/ROS_TF/PublisherTF' did not submit transforms for topic '/tf' on flush cycle 519
2026-09-30T16:47:42Z [24,069ms] [Warning] [isaacsim.ros2.nodes] ROS2 TF aggregation contributor '/World/Nova_Carter_ROS/chassis_link/sensors/back_hawk/ROS_TF/PublisherTF' did not submit transforms for topic '/tf' on flush cycle 519
2026-09-30T16:47:42Z [24,069ms] [Warning] [isaacsim.ros2.nodes] ROS2 TF aggregation contributor '/World/Nova_Carter_ROS/chassis_link/sensors/right_owl/ROS_TF/PublisherTF' did not submit transforms for topic '/tf' on flush cycle 519
2026-09-30T16:47:42Z [24,069ms] [Warning] [isaacsim.ros2.nodes] ROS2 TF aggregation contributor '/World/Nova_Carter_ROS/chassis_link/sensors/right_hawk/ROS_TF/PublisherTF' did not submit transforms for topic '/tf' on flush cycle 519
2026-09-30T16:47:42Z [24,069ms] [Warning] [isaacsim.ros2.nodes] ROS2 TF aggregation contributor '/World/Nova_Carter_ROS/chassis_link/sensors/left_hawk/ROS_TF/PublisherTF' did not submit transforms for topic '/tf' on flush cycle 519
2026-09-30T16:47:42Z [24,069ms] [Warning] [isaacsim.ros2.nodes] ROS2 TF aggregation contributor '/World/Nova_Carter_ROS/chassis_link/sensors/back_owl/ROS_TF/PublisherTF' did not submit transforms for topic '/tf' on flush cycle 519
2026-09-30T16:47:42Z [24,069ms] [Warning] [isaacsim.ros2.nodes] ROS2 TF aggregation contributor '/World/Nova_Carter_ROS/transform_tree_odometry/ros2_publish_raw_transform_tree' did not submit transforms for topic '/tf' on flush cycle 519
2026-09-30T16:47:42Z [24,069ms] [Warning] [isaacsim.ros2.nodes] ROS2 TF aggregation contributor '/World/Nova_Carter_ROS/chassis_link/sensors/front_RPLidar/ROS_TF/PublisherTF' did not submit transforms for topic '/tf' on flush cycle 519
2026-09-30T16:47:42Z [24,069ms] [Warning] [isaacsim.ros2.nodes] ROS2 TF aggregation contributor '/World/Nova_Carter_ROS/transform_tree_odometry/tf_tree_base_link_to_sensors' did not submit transforms for topic '/tf' on flush cycle 519
2026-09-30T16:47:42Z [24,069ms] [Warning] [isaacsim.ros2.nodes] ROS2 TF aggregation contributor '/World/Nova_Carter_ROS/transform_tree_odometry/tf_tree_base_link_to_wheel_base' did not submit transforms for topic '/tf' on flush cycle 519
2026-09-30T16:47:42Z [24,069ms] [Warning] [isaacsim.ros2.nodes] ROS2 TF aggregation contributor '/World/Nova_Carter_ROS/transform_tree_odometry/tf_tree_base_link_to_chassis' did not submit transforms for topic '/tf' on flush cycle 519
2026-09-30T16:47:51Z [33,434ms] [Warning] [omni.graph.core.plugin] /World/Nova_Carter_ROS/differential_drive/differential_controller_01: [/World/Nova_Carter_ROS/differential_drive] Invalid deltaTime 0.000000, cannot check for acceleration limits, skipping current step
2026-09-30T16:47:53Z [35,254ms] [Warning] [isaacsim.ros2.nodes] ROS2 TF aggregation contributor '/World/Nova_Carter_ROS/chassis_link/sensors/XT_32/ROS_TF/PublisherTF' did not submit transforms for topic '/tf' on flush cycle 1129
2026-09-30T16:47:53Z [35,254ms] [Warning] [isaacsim.ros2.nodes] ROS2 TF aggregation contributor '/World/Nova_Carter_ROS/chassis_link/sensors/rear_RPLidar/ROS_TF/PublisherTF' did not submit transforms for topic '/tf' on flush cycle 1129
2026-09-30T16:47:53Z [35,254ms] [Warning] [isaacsim.ros2.nodes] ROS2 TF aggregation contributor '/World/Nova_Carter_ROS/chassis_link/sensors/front_hawk/ROS_TF/PublisherTF' did not submit transforms for topic '/tf' on flush cycle 1129
2026-09-30T16:47:53Z [35,254ms] [Warning] [isaacsim.ros2.nodes] ROS2 TF aggregation contributor '/World/Nova_Carter_ROS/chassis_link/sensors/left_owl/ROS_TF/PublisherTF' did not submit transforms for topic '/tf' on flush cycle 1129
2026-09-30T16:47:53Z [35,254ms] [Warning] [isaacsim.ros2.nodes] ROS2 TF aggregation contributor '/World/Nova_Carter_ROS/chassis_link/sensors/front_owl/ROS_TF/PublisherTF' did not submit transforms for topic '/tf' on flush cycle 1129
2026-09-30T16:47:53Z [35,254ms] [Warning] [isaacsim.ros2.nodes] ROS2 TF aggregation contributor '/World/Nova_Carter_ROS/chassis_link/sensors/back_hawk/ROS_TF/PublisherTF' did not submit transforms for topic '/tf' on flush cycle 1129
2026-09-30T16:47:53Z [35,254ms] [Warning] [isaacsim.ros2.nodes] ROS2 TF aggregation contributor '/World/Nova_Carter_ROS/chassis_link/sensors/right_owl/ROS_TF/PublisherTF' did not submit transforms for topic '/tf' on flush cycle 1129
2026-09-30T16:47:53Z [35,254ms] [Warning] [isaacsim.ros2.nodes] ROS2 TF aggregation contributor '/World/Nova_Carter_ROS/chassis_link/sensors/right_hawk/ROS_TF/PublisherTF' did not submit transforms for topic '/tf' on flush cycle 1129
2026-09-30T16:47:53Z [35,254ms] [Warning] [isaacsim.ros2.nodes] ROS2 TF aggregation contributor '/World/Nova_Carter_ROS/chassis_link/sensors/left_hawk/ROS_TF/PublisherTF' did not submit transforms for topic '/tf' on flush cycle 1129
2026-09-30T16:47:53Z [35,254ms] [Warning] [isaacsim.ros2.nodes] ROS2 TF aggregation contributor '/World/Nova_Carter_ROS/chassis_link/sensors/back_owl/ROS_TF/PublisherTF' did not submit transforms for topic '/tf' on flush cycle 1129
2026-09-30T16:47:53Z [35,254ms] [Warning] [isaacsim.ros2.nodes] ROS2 TF aggregation contributor '/World/Nova_Carter_ROS/transform_tree_odometry/ros2_publish_raw_transform_tree' did not submit transforms for topic '/tf' on flush cycle 1129
2026-09-30T16:47:53Z [35,254ms] [Warning] [isaacsim.ros2.nodes] ROS2 TF aggregation contributor '/World/Nova_Carter_ROS/chassis_link/sensors/front_RPLidar/ROS_TF/PublisherTF' did not submit transforms for topic '/tf' on flush cycle 1129
2026-09-30T16:47:53Z [35,254ms] [Warning] [isaacsim.ros2.nodes] ROS2 TF aggregation contributor '/World/Nova_Carter_ROS/transform_tree_odometry/tf_tree_base_link_to_sensors' did not submit transforms for topic '/tf' on flush cycle 1129
2026-09-30T16:47:53Z [35,254ms] [Warning] [isaacsim.ros2.nodes] ROS2 TF aggregation contributor '/World/Nova_Carter_ROS/transform_tree_odometry/tf_tree_base_link_to_wheel_base' did not submit transforms for topic '/tf' on flush cycle 1129
2026-09-30T16:47:53Z [35,254ms] [Warning] [isaacsim.ros2.nodes] ROS2 TF aggregation contributor '/World/Nova_Carter_ROS/transform_tree_odometry/tf_tree_base_link_to_chassis' did not submit transforms for topic '/tf' on flush cycle 1129
2026-09-30T16:47:55Z [37,290ms] [Warning] [isaacsim.ros2.nodes] ROS2 TF aggregation contributor '/World/Nova_Carter_ROS/chassis_link/sensors/XT_32/ROS_TF/PublisherTF' did not submit transforms for topic '/tf' on flush cycle 1249
2026-09-30T16:47:55Z [37,290ms] [Warning] [isaacsim.ros2.nodes] ROS2 TF aggregation contributor '/World/Nova_Carter_ROS/chassis_link/sensors/rear_RPLidar/ROS_TF/PublisherTF' did not submit transforms for topic '/tf' on flush cycle 1249
2026-09-30T16:47:55Z [37,290ms] [Warning] [isaacsim.ros2.nodes] ROS2 TF aggregation contributor '/World/Nova_Carter_ROS/chassis_link/sensors/front_hawk/ROS_TF/PublisherTF' did not submit transforms for topic '/tf' on flush cycle 1249
2026-09-30T16:47:55Z [37,290ms] [Warning] [isaacsim.ros2.nodes] ROS2 TF aggregation contributor '/World/Nova_Carter_ROS/chassis_link/sensors/left_owl/ROS_TF/PublisherTF' did not submit transforms for topic '/tf' on flush cycle 1249
2026-09-30T16:47:55Z [37,290ms] [Warning] [isaacsim.ros2.nodes] ROS2 TF aggregation contributor '/World/Nova_Carter_ROS/chassis_link/sensors/front_owl/ROS_TF/PublisherTF' did not submit transforms for topic '/tf' on flush cycle 1249
2026-09-30T16:47:55Z [37,290ms] [Warning] [isaacsim.ros2.nodes] ROS2 TF aggregation contributor '/World/Nova_Carter_ROS/chassis_link/sensors/back_hawk/ROS_TF/PublisherTF' did not submit transforms for topic '/tf' on flush cycle 1249
2026-09-30T16:47:55Z [37,290ms] [Warning] [isaacsim.ros2.nodes] ROS2 TF aggregation contributor '/World/Nova_Carter_ROS/chassis_link/sensors/right_owl/ROS_TF/PublisherTF' did not submit transforms for topic '/tf' on flush cycle 1249
2026-09-30T16:47:55Z [37,290ms] [Warning] [isaacsim.ros2.nodes] ROS2 TF aggregation contributor '/World/Nova_Carter_ROS/chassis_link/sensors/right_hawk/ROS_TF/PublisherTF' did not submit transforms for topic '/tf' on flush cycle 1249
2026-09-30T16:47:55Z [37,290ms] [Warning] [isaacsim.ros2.nodes] ROS2 TF aggregation contributor '/World/Nova_Carter_ROS/chassis_link/sensors/left_hawk/ROS_TF/PublisherTF' did not submit transforms for topic '/tf' on flush cycle 1249
2026-09-30T16:47:55Z [37,290ms] [Warning] [isaacsim.ros2.nodes] ROS2 TF aggregation contributor '/World/Nova_Carter_ROS/chassis_link/sensors/back_owl/ROS_TF/PublisherTF' did not submit transforms for topic '/tf' on flush cycle 1249
2026-09-30T16:47:55Z [37,290ms] [Warning] [isaacsim.ros2.nodes] ROS2 TF aggregation contributor '/World/Nova_Carter_ROS/transform_tree_odometry/ros2_publish_raw_transform_tree' did not submit transforms for topic '/tf' on flush cycle 1249
2026-09-30T16:47:55Z [37,290ms] [Warning] [isaacsim.ros2.nodes] ROS2 TF aggregation contributor '/World/Nova_Carter_ROS/chassis_link/sensors/front_RPLidar/ROS_TF/PublisherTF' did not submit transforms for topic '/tf' on flush cycle 1249
2026-09-30T16:47:55Z [37,290ms] [Warning] [isaacsim.ros2.nodes] ROS2 TF aggregation contributor '/World/Nova_Carter_ROS/transform_tree_odometry/tf_tree_base_link_to_sensors' did not submit transforms for topic '/tf' on flush cycle 1249
2026-09-30T16:47:55Z [37,290ms] [Warning] [isaacsim.ros2.nodes] ROS2 TF aggregation contributor '/World/Nova_Carter_ROS/transform_tree_odometry/tf_tree_base_link_to_wheel_base' did not submit transforms for topic '/tf' on flush cycle 1249
2026-09-30T16:47:55Z [37,290ms] [Warning] [isaacsim.ros2.nodes] ROS2 TF aggregation contributor '/World/Nova_Carter_ROS/transform_tree_odometry/tf_tree_base_link_to_chassis' did not submit transforms for topic '/tf' on flush cycle 1249
2026-09-30T16:47:57Z [39,335ms] [Warning] [isaacsim.ros2.nodes] ROS2 TF aggregation contributor '/World/Nova_Carter_ROS/chassis_link/sensors/XT_32/ROS_TF/PublisherTF' did not submit transforms for topic '/tf' on flush cycle 1369
2026-09-30T16:47:57Z [39,335ms] [Warning] [isaacsim.ros2.nodes] ROS2 TF aggregation contributor '/World/Nova_Carter_ROS/chassis_link/sensors/rear_RPLidar/ROS_TF/PublisherTF' did not submit transforms for topic '/tf' on flush cycle 1369
2026-09-30T16:47:57Z [39,335ms] [Warning] [isaacsim.ros2.nodes] ROS2 TF aggregation contributor '/World/Nova_Carter_ROS/chassis_link/sensors/front_hawk/ROS_TF/PublisherTF' did not submit transforms for topic '/tf' on flush cycle 1369
2026-09-30T16:47:57Z [39,335ms] [Warning] [isaacsim.ros2.nodes] ROS2 TF aggregation contributor '/World/Nova_Carter_ROS/chassis_link/sensors/left_owl/ROS_TF/PublisherTF' did not submit transforms for topic '/tf' on flush cycle 1369
2026-09-30T16:47:57Z [39,335ms] [Warning] [isaacsim.ros2.nodes] ROS2 TF aggregation contributor '/World/Nova_Carter_ROS/chassis_link/sensors/front_owl/ROS_TF/PublisherTF' did not submit transforms for topic '/tf' on flush cycle 1369
2026-09-30T16:47:57Z [39,335ms] [Warning] [isaacsim.ros2.nodes] ROS2 TF aggregation contributor '/World/Nova_Carter_ROS/chassis_link/sensors/back_hawk/ROS_TF/PublisherTF' did not submit transforms for topic '/tf' on flush cycle 1369
2026-09-30T16:47:57Z [39,335ms] [Warning] [isaacsim.ros2.nodes] ROS2 TF aggregation contributor '/World/Nova_Carter_ROS/chassis_link/sensors/right_owl/ROS_TF/PublisherTF' did not submit transforms for topic '/tf' on flush cycle 1369
2026-09-30T16:47:57Z [39,335ms] [Warning] [isaacsim.ros2.nodes] ROS2 TF aggregation contributor '/World/Nova_Carter_ROS/chassis_link/sensors/right_hawk/ROS_TF/PublisherTF' did not submit transforms for topic '/tf' on flush cycle 1369
2026-09-30T16:47:57Z [39,335ms] [Warning] [isaacsim.ros2.nodes] ROS2 TF aggregation contributor '/World/Nova_Carter_ROS/chassis_link/sensors/left_hawk/ROS_TF/PublisherTF' did not submit transforms for topic '/tf' on flush cycle 1369
2026-09-30T16:47:57Z [39,335ms] [Warning] [isaacsim.ros2.nodes] ROS2 TF aggregation contributor '/World/Nova_Carter_ROS/chassis_link/sensors/back_owl/ROS_TF/PublisherTF' did not submit transforms for topic '/tf' on flush cycle 1369
2026-09-30T16:47:57Z [39,335ms] [Warning] [isaacsim.ros2.nodes] ROS2 TF aggregation contributor '/World/Nova_Carter_ROS/transform_tree_odometry/ros2_publish_raw_transform_tree' did not submit transforms for topic '/tf' on flush cycle 1369
2026-09-30T16:47:57Z [39,335ms] [Warning] [isaacsim.ros2.nodes] ROS2 TF aggregation contributor '/World/Nova_Carter_ROS/chassis_link/sensors/front_RPLidar/ROS_TF/PublisherTF' did not submit transforms for topic '/tf' on flush cycle 1369
2026-09-30T16:47:57Z [39,335ms] [Warning] [isaacsim.ros2.nodes] ROS2 TF aggregation contributor '/World/Nova_Carter_ROS/transform_tree_odometry/tf_tree_base_link_to_sensors' did not submit transforms for topic '/tf' on flush cycle 1369
2026-09-30T16:47:57Z [39,335ms] [Warning] [isaacsim.ros2.nodes] ROS2 TF aggregation contributor '/World/Nova_Carter_ROS/transform_tree_odometry/tf_tree_base_link_to_wheel_base' did not submit transforms for topic '/tf' on flush cycle 1369
2026-09-30T16:47:57Z [39,335ms] [Warning] [isaacsim.ros2.nodes] ROS2 TF aggregation contributor '/World/Nova_Carter_ROS/transform_tree_odometry/tf_tree_base_link_to_chassis' did not submit transforms for topic '/tf' on flush cycle 1369
2026-09-30T16:47:59Z [41,381ms] [Warning] [isaacsim.ros2.nodes] ROS2 TF aggregation contributor '/World/Nova_Carter_ROS/chassis_link/sensors/XT_32/ROS_TF/PublisherTF' did not submit transforms for topic '/tf' on flush cycle 1489
2026-09-30T16:47:59Z [41,381ms] [Warning] [isaacsim.ros2.nodes] ROS2 TF aggregation contributor '/World/Nova_Carter_ROS/chassis_link/sensors/rear_RPLidar/ROS_TF/PublisherTF' did not submit transforms for topic '/tf' on flush cycle 1489
2026-09-30T16:47:59Z [41,381ms] [Warning] [isaacsim.ros2.nodes] ROS2 TF aggregation contributor '/World/Nova_Carter_ROS/chassis_link/sensors/front_hawk/ROS_TF/PublisherTF' did not submit transforms for topic '/tf' on flush cycle 1489
2026-09-30T16:47:59Z [41,381ms] [Warning] [isaacsim.ros2.nodes] ROS2 TF aggregation contributor '/World/Nova_Carter_ROS/chassis_link/sensors/left_owl/ROS_TF/PublisherTF' did not submit transforms for topic '/tf' on flush cycle 1489
2026-09-30T16:47:59Z [41,381ms] [Warning] [isaacsim.ros2.nodes] ROS2 TF aggregation contributor '/World/Nova_Carter_ROS/chassis_link/sensors/front_owl/ROS_TF/PublisherTF' did not submit transforms for topic '/tf' on flush cycle 1489
2026-09-30T16:47:59Z [41,381ms] [Warning] [isaacsim.ros2.nodes] ROS2 TF aggregation contributor '/World/Nova_Carter_ROS/chassis_link/sensors/back_hawk/ROS_TF/PublisherTF' did not submit transforms for topic '/tf' on flush cycle 1489
2026-09-30T16:47:59Z [41,381ms] [Warning] [isaacsim.ros2.nodes] ROS2 TF aggregation contributor '/World/Nova_Carter_ROS/chassis_link/sensors/right_owl/ROS_TF/PublisherTF' did not submit transforms for topic '/tf' on flush cycle 1489
2026-09-30T16:47:59Z [41,381ms] [Warning] [isaacsim.ros2.nodes] ROS2 TF aggregation contributor '/World/Nova_Carter_ROS/chassis_link/sensors/right_hawk/ROS_TF/PublisherTF' did not submit transforms for topic '/tf' on flush cycle 1489
2026-09-30T16:47:59Z [41,381ms] [Warning] [isaacsim.ros2.nodes] ROS2 TF aggregation contributor '/World/Nova_Carter_ROS/chassis_link/sensors/left_hawk/ROS_TF/PublisherTF' did not submit transforms for topic '/tf' on flush cycle 1489
2026-09-30T16:47:59Z [41,381ms] [Warning] [isaacsim.ros2.nodes] ROS2 TF aggregation contributor '/World/Nova_Carter_ROS/chassis_link/sensors/back_owl/ROS_TF/PublisherTF' did not submit transforms for topic '/tf' on flush cycle 1489
2026-09-30T16:47:59Z [41,381ms] [Warning] [isaacsim.ros2.nodes] ROS2 TF aggregation contributor '/World/Nova_Carter_ROS/transform_tree_odometry/ros2_publish_raw_transform_tree' did not submit transforms for topic '/tf' on flush cycle 1489
2026-09-30T16:47:59Z [41,381ms] [Warning] [isaacsim.ros2.nodes] ROS2 TF aggregation contributor '/World/Nova_Carter_ROS/chassis_link/sensors/front_RPLidar/ROS_TF/PublisherTF' did not submit transforms for topic '/tf' on flush cycle 1489
2026-09-30T16:47:59Z [41,381ms] [Warning] [isaacsim.ros2.nodes] ROS2 TF aggregation contributor '/World/Nova_Carter_ROS/transform_tree_odometry/tf_tree_base_link_to_sensors' did not submit transforms for topic '/tf' on flush cycle 1489
2026-09-30T16:47:59Z [41,381ms] [Warning] [isaacsim.ros2.nodes] ROS2 TF aggregation contributor '/World/Nova_Carter_ROS/transform_tree_odometry/tf_tree_base_link_to_wheel_base' did not submit transforms for topic '/tf' on flush cycle 1489
2026-09-30T16:47:59Z [41,381ms] [Warning] [isaacsim.ros2.nodes] ROS2 TF aggregation contributor '/World/Nova_Carter_ROS/transform_tree_odometry/tf_tree_base_link_to_chassis' did not submit transforms for topic '/tf' on flush cycle 1489
2026-09-30T16:48:01Z [43,431ms] [Warning] [isaacsim.ros2.nodes] ROS2 TF aggregation contributor '/World/Nova_Carter_ROS/chassis_link/sensors/XT_32/ROS_TF/PublisherTF' did not submit transforms for topic '/tf' on flush cycle 1609
2026-09-30T16:48:01Z [43,432ms] [Warning] [isaacsim.ros2.nodes] ROS2 TF aggregation contributor '/World/Nova_Carter_ROS/chassis_link/sensors/rear_RPLidar/ROS_TF/PublisherTF' did not submit transforms for topic '/tf' on flush cycle 1609
2026-09-30T16:48:01Z [43,432ms] [Warning] [isaacsim.ros2.nodes] ROS2 TF aggregation contributor '/World/Nova_Carter_ROS/chassis_link/sensors/front_hawk/ROS_TF/PublisherTF' did not submit transforms for topic '/tf' on flush cycle 1609
2026-09-30T16:48:01Z [43,432ms] [Warning] [isaacsim.ros2.nodes] ROS2 TF aggregation contributor '/World/Nova_Carter_ROS/chassis_link/sensors/left_owl/ROS_TF/PublisherTF' did not submit transforms for topic '/tf' on flush cycle 1609
2026-09-30T16:48:01Z [43,432ms] [Warning] [isaacsim.ros2.nodes] ROS2 TF aggregation contributor '/World/Nova_Carter_ROS/chassis_link/sensors/front_owl/ROS_TF/PublisherTF' did not submit transforms for topic '/tf' on flush cycle 1609
2026-09-30T16:48:01Z [43,432ms] [Warning] [isaacsim.ros2.nodes] ROS2 TF aggregation contributor '/World/Nova_Carter_ROS/chassis_link/sensors/back_hawk/ROS_TF/PublisherTF' did not submit transforms for topic '/tf' on flush cycle 1609
2026-09-30T16:48:01Z [43,432ms] [Warning] [isaacsim.ros2.nodes] ROS2 TF aggregation contributor '/World/Nova_Carter_ROS/chassis_link/sensors/right_owl/ROS_TF/PublisherTF' did not submit transforms for topic '/tf' on flush cycle 1609
2026-09-30T16:48:01Z [43,432ms] [Warning] [isaacsim.ros2.nodes] ROS2 TF aggregation contributor '/World/Nova_Carter_ROS/chassis_link/sensors/right_hawk/ROS_TF/PublisherTF' did not submit transforms for topic '/tf' on flush cycle 1609
2026-09-30T16:48:01Z [43,432ms] [Warning] [isaacsim.ros2.nodes] ROS2 TF aggregation contributor '/World/Nova_Carter_ROS/chassis_link/sensors/left_hawk/ROS_TF/PublisherTF' did not submit transforms for topic '/tf' on flush cycle 1609
2026-09-30T16:48:01Z [43,432ms] [Warning] [isaacsim.ros2.nodes] ROS2 TF aggregation contributor '/World/Nova_Carter_ROS/chassis_link/sensors/back_owl/ROS_TF/PublisherTF' did not submit transforms for topic '/tf' on flush cycle 1609
2026-09-30T16:48:01Z [43,432ms] [Warning] [isaacsim.ros2.nodes] ROS2 TF aggregation contributor '/World/Nova_Carter_ROS/transform_tree_odometry/ros2_publish_raw_transform_tree' did not submit transforms for topic '/tf' on flush cycle 1609
2026-09-30T16:48:01Z [43,432ms] [Warning] [isaacsim.ros2.nodes] ROS2 TF aggregation contributor '/World/Nova_Carter_ROS/chassis_link/sensors/front_RPLidar/ROS_TF/PublisherTF' did not submit transforms for topic '/tf' on flush cycle 1609
2026-09-30T16:48:01Z [43,432ms] [Warning] [isaacsim.ros2.nodes] ROS2 TF aggregation contributor '/World/Nova_Carter_ROS/transform_tree_odometry/tf_tree_base_link_to_sensors' did not submit transforms for topic '/tf' on flush cycle 1609
2026-09-30T16:48:01Z [43,432ms] [Warning] [isaacsim.ros2.nodes] ROS2 TF aggregation contributor '/World/Nova_Carter_ROS/transform_tree_odometry/tf_tree_base_link_to_wheel_base' did not submit transforms for topic '/tf' on flush cycle 1609
2026-09-30T16:48:01Z [43,432ms] [Warning] [isaacsim.ros2.nodes] ROS2 TF aggregation contributor '/World/Nova_Carter_ROS/transform_tree_odometry/tf_tree_base_link_to_chassis' did not submit transforms for topic '/tf' on flush cycle 1609
2026-09-30T16:48:03Z [45,481ms] [Warning] [isaacsim.ros2.nodes] ROS2 TF aggregation contributor '/World/Nova_Carter_ROS/chassis_link/sensors/XT_32/ROS_TF/PublisherTF' did not submit transforms for topic '/tf' on flush cycle 1729
2026-09-30T16:48:03Z [45,481ms] [Warning] [isaacsim.ros2.nodes] ROS2 TF aggregation contributor '/World/Nova_Carter_ROS/chassis_link/sensors/rear_RPLidar/ROS_TF/PublisherTF' did not submit transforms for topic '/tf' on flush cycle 1729
2026-09-30T16:48:03Z [45,481ms] [Warning] [isaacsim.ros2.nodes] ROS2 TF aggregation contributor '/World/Nova_Carter_ROS/chassis_link/sensors/front_hawk/ROS_TF/PublisherTF' did not submit transforms for topic '/tf' on flush cycle 1729
2026-09-30T16:48:03Z [45,481ms] [Warning] [isaacsim.ros2.nodes] ROS2 TF aggregation contributor '/World/Nova_Carter_ROS/chassis_link/sensors/left_owl/ROS_TF/PublisherTF' did not submit transforms for topic '/tf' on flush cycle 1729
2026-09-30T16:48:03Z [45,481ms] [Warning] [isaacsim.ros2.nodes] ROS2 TF aggregation contributor '/World/Nova_Carter_ROS/chassis_link/sensors/front_owl/ROS_TF/PublisherTF' did not submit transforms for topic '/tf' on flush cycle 1729
2026-09-30T16:48:03Z [45,481ms] [Warning] [isaacsim.ros2.nodes] ROS2 TF aggregation contributor '/World/Nova_Carter_ROS/chassis_link/sensors/back_hawk/ROS_TF/PublisherTF' did not submit transforms for topic '/tf' on flush cycle 1729
2026-09-30T16:48:03Z [45,481ms] [Warning] [isaacsim.ros2.nodes] ROS2 TF aggregation contributor '/World/Nova_Carter_ROS/chassis_link/sensors/right_owl/ROS_TF/PublisherTF' did not submit transforms for topic '/tf' on flush cycle 1729
2026-09-30T16:48:03Z [45,481ms] [Warning] [isaacsim.ros2.nodes] ROS2 TF aggregation contributor '/World/Nova_Carter_ROS/chassis_link/sensors/right_hawk/ROS_TF/PublisherTF' did not submit transforms for topic '/tf' on flush cycle 1729
2026-09-30T16:48:03Z [45,481ms] [Warning] [isaacsim.ros2.nodes] ROS2 TF aggregation contributor '/World/Nova_Carter_ROS/chassis_link/sensors/left_hawk/ROS_TF/PublisherTF' did not submit transforms for topic '/tf' on flush cycle 1729
2026-09-30T16:48:03Z [45,481ms] [Warning] [isaacsim.ros2.nodes] ROS2 TF aggregation contributor '/World/Nova_Carter_ROS/chassis_link/sensors/back_owl/ROS_TF/PublisherTF' did not submit transforms for topic '/tf' on flush cycle 1729
2026-09-30T16:48:03Z [45,481ms] [Warning] [isaacsim.ros2.nodes] ROS2 TF aggregation contributor '/World/Nova_Carter_ROS/transform_tree_odometry/ros2_publish_raw_transform_tree' did not submit transforms for topic '/tf' on flush cycle 1729
2026-09-30T16:48:03Z [45,481ms] [Warning] [isaacsim.ros2.nodes] ROS2 TF aggregation contributor '/World/Nova_Carter_ROS/chassis_link/sensors/front_RPLidar/ROS_TF/PublisherTF' did not submit transforms for topic '/tf' on flush cycle 1729
2026-09-30T16:48:03Z [45,481ms] [Warning] [isaacsim.ros2.nodes] ROS2 TF aggregation contributor '/World/Nova_Carter_ROS/transform_tree_odometry/tf_tree_base_link_to_sensors' did not submit transforms for topic '/tf' on flush cycle 1729
2026-09-30T16:48:03Z [45,481ms] [Warning] [isaacsim.ros2.nodes] ROS2 TF aggregation contributor '/World/Nova_Carter_ROS/transform_tree_odometry/tf_tree_base_link_to_wheel_base' did not submit transforms for topic '/tf' on flush cycle 1729
2026-09-30T16:48:03Z [45,481ms] [Warning] [isaacsim.ros2.nodes] ROS2 TF aggregation contributor '/World/Nova_Carter_ROS/transform_tree_odometry/tf_tree_base_link_to_chassis' did not submit transforms for topic '/tf' on flush cycle 1729
2026-09-30T16:48:05Z [47,531ms] [Warning] [isaacsim.ros2.nodes] ROS2 TF aggregation contributor '/World/Nova_Carter_ROS/chassis_link/sensors/XT_32/ROS_TF/PublisherTF' did not submit transforms for topic '/tf' on flush cycle 1849
2026-09-30T16:48:05Z [47,531ms] [Warning] [isaacsim.ros2.nodes] ROS2 TF aggregation contributor '/World/Nova_Carter_ROS/chassis_link/sensors/rear_RPLidar/ROS_TF/PublisherTF' did not submit transforms for topic '/tf' on flush cycle 1849
2026-09-30T16:48:05Z [47,531ms] [Warning] [isaacsim.ros2.nodes] ROS2 TF aggregation contributor '/World/Nova_Carter_ROS/chassis_link/sensors/front_hawk/ROS_TF/PublisherTF' did not submit transforms for topic '/tf' on flush cycle 1849
2026-09-30T16:48:05Z [47,531ms] [Warning] [isaacsim.ros2.nodes] ROS2 TF aggregation contributor '/World/Nova_Carter_ROS/chassis_link/sensors/left_owl/ROS_TF/PublisherTF' did not submit transforms for topic '/tf' on flush cycle 1849
2026-09-30T16:48:05Z [47,531ms] [Warning] [isaacsim.ros2.nodes] ROS2 TF aggregation contributor '/World/Nova_Carter_ROS/chassis_link/sensors/front_owl/ROS_TF/PublisherTF' did not submit transforms for topic '/tf' on flush cycle 1849
2026-09-30T16:48:05Z [47,531ms] [Warning] [isaacsim.ros2.nodes] ROS2 TF aggregation contributor '/World/Nova_Carter_ROS/chassis_link/sensors/back_hawk/ROS_TF/PublisherTF' did not submit transforms for topic '/tf' on flush cycle 1849
2026-09-30T16:48:05Z [47,531ms] [Warning] [isaacsim.ros2.nodes] ROS2 TF aggregation contributor '/World/Nova_Carter_ROS/chassis_link/sensors/right_owl/ROS_TF/PublisherTF' did not submit transforms for topic '/tf' on flush cycle 1849
2026-09-30T16:48:05Z [47,531ms] [Warning] [isaacsim.ros2.nodes] ROS2 TF aggregation contributor '/World/Nova_Carter_ROS/chassis_link/sensors/right_hawk/ROS_TF/PublisherTF' did not submit transforms for topic '/tf' on flush cycle 1849
2026-09-30T16:48:05Z [47,531ms] [Warning] [isaacsim.ros2.nodes] ROS2 TF aggregation contributor '/World/Nova_Carter_ROS/chassis_link/sensors/left_hawk/ROS_TF/PublisherTF' did not submit transforms for topic '/tf' on flush cycle 1849
2026-09-30T16:48:05Z [47,531ms] [Warning] [isaacsim.ros2.nodes] ROS2 TF aggregation contributor '/World/Nova_Carter_ROS/chassis_link/sensors/back_owl/ROS_TF/PublisherTF' did not submit transforms for topic '/tf' on flush cycle 1849
2026-09-30T16:48:05Z [47,531ms] [Warning] [isaacsim.ros2.nodes] ROS2 TF aggregation contributor '/World/Nova_Carter_ROS/transform_tree_odometry/ros2_publish_raw_transform_tree' did not submit transforms for topic '/tf' on flush cycle 1849
2026-09-30T16:48:05Z [47,531ms] [Warning] [isaacsim.ros2.nodes] ROS2 TF aggregation contributor '/World/Nova_Carter_ROS/chassis_link/sensors/front_RPLidar/ROS_TF/PublisherTF' did not submit transforms for topic '/tf' on flush cycle 1849
2026-09-30T16:48:05Z [47,531ms] [Warning] [isaacsim.ros2.nodes] ROS2 TF aggregation contributor '/World/Nova_Carter_ROS/transform_tree_odometry/tf_tree_base_link_to_sensors' did not submit transforms for topic '/tf' on flush cycle 1849
2026-09-30T16:48:05Z [47,531ms] [Warning] [isaacsim.ros2.nodes] ROS2 TF aggregation contributor '/World/Nova_Carter_ROS/transform_tree_odometry/tf_tree_base_link_to_wheel_base' did not submit transforms for topic '/tf' on flush cycle 1849
2026-09-30T16:48:05Z [47,531ms] [Warning] [isaacsim.ros2.nodes] ROS2 TF aggregation contributor '/World/Nova_Carter_ROS/transform_tree_odometry/tf_tree_base_link_to_chassis' did not submit transforms for topic '/tf' on flush cycle 1849
2026-09-30T16:48:15Z [57,525ms] [Warning] [isaacsim.ros2.nodes] ROS2 TF aggregation contributor '/World/Nova_Carter_ROS/chassis_link/sensors/XT_32/ROS_TF/PublisherTF' did not submit transforms for topic '/tf' on flush cycle 2403
2026-09-30T16:48:15Z [57,525ms] [Warning] [isaacsim.ros2.nodes] ROS2 TF aggregation contributor '/World/Nova_Carter_ROS/chassis_link/sensors/rear_RPLidar/ROS_TF/PublisherTF' did not submit transforms for topic '/tf' on flush cycle 2403
2026-09-30T16:48:15Z [57,525ms] [Warning] [isaacsim.ros2.nodes] ROS2 TF aggregation contributor '/World/Nova_Carter_ROS/chassis_link/sensors/front_hawk/ROS_TF/PublisherTF' did not submit transforms for topic '/tf' on flush cycle 2403
2026-09-30T16:48:15Z [57,525ms] [Warning] [isaacsim.ros2.nodes] ROS2 TF aggregation contributor '/World/Nova_Carter_ROS/chassis_link/sensors/left_owl/ROS_TF/PublisherTF' did not submit transforms for topic '/tf' on flush cycle 2403
2026-09-30T16:48:15Z [57,525ms] [Warning] [isaacsim.ros2.nodes] ROS2 TF aggregation contributor '/World/Nova_Carter_ROS/chassis_link/sensors/front_owl/ROS_TF/PublisherTF' did not submit transforms for topic '/tf' on flush cycle 2403
2026-09-30T16:48:15Z [57,525ms] [Warning] [isaacsim.ros2.nodes] ROS2 TF aggregation contributor '/World/Nova_Carter_ROS/chassis_link/sensors/back_hawk/ROS_TF/PublisherTF' did not submit transforms for topic '/tf' on flush cycle 2403
2026-09-30T16:48:15Z [57,525ms] [Warning] [isaacsim.ros2.nodes] ROS2 TF aggregation contributor '/World/Nova_Carter_ROS/chassis_link/sensors/right_owl/ROS_TF/PublisherTF' did not submit transforms for topic '/tf' on flush cycle 2403
2026-09-30T16:48:15Z [57,525ms] [Warning] [isaacsim.ros2.nodes] ROS2 TF aggregation contributor '/World/Nova_Carter_ROS/chassis_link/sensors/right_hawk/ROS_TF/PublisherTF' did not submit transforms for topic '/tf' on flush cycle 2403
2026-09-30T16:48:15Z [57,525ms] [Warning] [isaacsim.ros2.nodes] ROS2 TF aggregation contributor '/World/Nova_Carter_ROS/chassis_link/sensors/left_hawk/ROS_TF/PublisherTF' did not submit transforms for topic '/tf' on flush cycle 2403
2026-09-30T16:48:15Z [57,525ms] [Warning] [isaacsim.ros2.nodes] ROS2 TF aggregation contributor '/World/Nova_Carter_ROS/chassis_link/sensors/back_owl/ROS_TF/PublisherTF' did not submit transforms for topic '/tf' on flush cycle 2403
2026-09-30T16:48:15Z [57,525ms] [Warning] [isaacsim.ros2.nodes] ROS2 TF aggregation contributor '/World/Nova_Carter_ROS/transform_tree_odometry/ros2_publish_raw_transform_tree' did not submit transforms for topic '/tf' on flush cycle 2403
2026-09-30T16:48:15Z [57,525ms] [Warning] [isaacsim.ros2.nodes] ROS2 TF aggregation contributor '/World/Nova_Carter_ROS/chassis_link/sensors/front_RPLidar/ROS_TF/PublisherTF' did not submit transforms for topic '/tf' on flush cycle 2403
2026-09-30T16:48:15Z [57,525ms] [Warning] [isaacsim.ros2.nodes] ROS2 TF aggregation contributor '/World/Nova_Carter_ROS/transform_tree_odometry/tf_tree_base_link_to_sensors' did not submit transforms for topic '/tf' on flush cycle 2403
2026-09-30T16:48:15Z [57,525ms] [Warning] [isaacsim.ros2.nodes] ROS2 TF aggregation contributor '/World/Nova_Carter_ROS/transform_tree_odometry/tf_tree_base_link_to_wheel_base' did not submit transforms for topic '/tf' on flush cycle 2403
2026-09-30T16:48:15Z [57,525ms] [Warning] [isaacsim.ros2.nodes] ROS2 TF aggregation contributor '/World/Nova_Carter_ROS/transform_tree_odometry/tf_tree_base_link_to_chassis' did not submit transforms for topic '/tf' on flush cycle 2403
2026-09-30T16:48:17Z [59,561ms] [Warning] [isaacsim.ros2.nodes] ROS2 TF aggregation contributor '/World/Nova_Carter_ROS/chassis_link/sensors/XT_32/ROS_TF/PublisherTF' did not submit transforms for topic '/tf' on flush cycle 2523
2026-09-30T16:48:17Z [59,562ms] [Warning] [isaacsim.ros2.nodes] ROS2 TF aggregation contributor '/World/Nova_Carter_ROS/chassis_link/sensors/rear_RPLidar/ROS_TF/PublisherTF' did not submit transforms for topic '/tf' on flush cycle 2523
2026-09-30T16:48:17Z [59,562ms] [Warning] [isaacsim.ros2.nodes] ROS2 TF aggregation contributor '/World/Nova_Carter_ROS/chassis_link/sensors/front_hawk/ROS_TF/PublisherTF' did not submit transforms for topic '/tf' on flush cycle 2523
2026-09-30T16:48:17Z [59,562ms] [Warning] [isaacsim.ros2.nodes] ROS2 TF aggregation contributor '/World/Nova_Carter_ROS/chassis_link/sensors/left_owl/ROS_TF/PublisherTF' did not submit transforms for topic '/tf' on flush cycle 2523
2026-09-30T16:48:17Z [59,562ms] [Warning] [isaacsim.ros2.nodes] ROS2 TF aggregation contributor '/World/Nova_Carter_ROS/chassis_link/sensors/front_owl/ROS_TF/PublisherTF' did not submit transforms for topic '/tf' on flush cycle 2523
2026-09-30T16:48:17Z [59,562ms] [Warning] [isaacsim.ros2.nodes] ROS2 TF aggregation contributor '/World/Nova_Carter_ROS/chassis_link/sensors/back_hawk/ROS_TF/PublisherTF' did not submit transforms for topic '/tf' on flush cycle 2523
2026-09-30T16:48:17Z [59,562ms] [Warning] [isaacsim.ros2.nodes] ROS2 TF aggregation contributor '/World/Nova_Carter_ROS/chassis_link/sensors/right_owl/ROS_TF/PublisherTF' did not submit transforms for topic '/tf' on flush cycle 2523
2026-09-30T16:48:17Z [59,562ms] [Warning] [isaacsim.ros2.nodes] ROS2 TF aggregation contributor '/World/Nova_Carter_ROS/chassis_link/sensors/right_hawk/ROS_TF/PublisherTF' did not submit transforms for topic '/tf' on flush cycle 2523
2026-09-30T16:48:17Z [59,562ms] [Warning] [isaacsim.ros2.nodes] ROS2 TF aggregation contributor '/World/Nova_Carter_ROS/chassis_link/sensors/left_hawk/ROS_TF/PublisherTF' did not submit transforms for topic '/tf' on flush cycle 2523
2026-09-30T16:48:17Z [59,562ms] [Warning] [isaacsim.ros2.nodes] ROS2 TF aggregation contributor '/World/Nova_Carter_ROS/chassis_link/sensors/back_owl/ROS_TF/PublisherTF' did not submit transforms for topic '/tf' on flush cycle 2523
2026-09-30T16:48:17Z [59,562ms] [Warning] [isaacsim.ros2.nodes] ROS2 TF aggregation contributor '/World/Nova_Carter_ROS/transform_tree_odometry/ros2_publish_raw_transform_tree' did not submit transforms for topic '/tf' on flush cycle 2523
2026-09-30T16:48:17Z [59,562ms] [Warning] [isaacsim.ros2.nodes] ROS2 TF aggregation contributor '/World/Nova_Carter_ROS/chassis_link/sensors/front_RPLidar/ROS_TF/PublisherTF' did not submit transforms for topic '/tf' on flush cycle 2523
2026-09-30T16:48:17Z [59,562ms] [Warning] [isaacsim.ros2.nodes] ROS2 TF aggregation contributor '/World/Nova_Carter_ROS/transform_tree_odometry/tf_tree_base_link_to_sensors' did not submit transforms for topic '/tf' on flush cycle 2523
2026-09-30T16:48:17Z [59,562ms] [Warning] [isaacsim.ros2.nodes] ROS2 TF aggregation contributor '/World/Nova_Carter_ROS/transform_tree_odometry/tf_tree_base_link_to_wheel_base' did not submit transforms for topic '/tf' on flush cycle 2523
2026-09-30T16:48:17Z [59,562ms] [Warning] [isaacsim.ros2.nodes] ROS2 TF aggregation contributor '/World/Nova_Carter_ROS/transform_tree_odometry/tf_tree_base_link_to_chassis' did not submit transforms for topic '/tf' on flush cycle 2523
2026-09-30T16:48:19Z [61,654ms] [Warning] [isaacsim.ros2.nodes] ROS2 TF aggregation contributor '/World/Nova_Carter_ROS/chassis_link/sensors/XT_32/ROS_TF/PublisherTF' did not submit transforms for topic '/tf' on flush cycle 2643
2026-09-30T16:48:19Z [61,654ms] [Warning] [isaacsim.ros2.nodes] ROS2 TF aggregation contributor '/World/Nova_Carter_ROS/chassis_link/sensors/rear_RPLidar/ROS_TF/PublisherTF' did not submit transforms for topic '/tf' on flush cycle 2643
2026-09-30T16:48:19Z [61,654ms] [Warning] [isaacsim.ros2.nodes] ROS2 TF aggregation contributor '/World/Nova_Carter_ROS/chassis_link/sensors/front_hawk/ROS_TF/PublisherTF' did not submit transforms for topic '/tf' on flush cycle 2643
2026-09-30T16:48:19Z [61,654ms] [Warning] [isaacsim.ros2.nodes] ROS2 TF aggregation contributor '/World/Nova_Carter_ROS/chassis_link/sensors/left_owl/ROS_TF/PublisherTF' did not submit transforms for topic '/tf' on flush cycle 2643
2026-09-30T16:48:19Z [61,654ms] [Warning] [isaacsim.ros2.nodes] ROS2 TF aggregation contributor '/World/Nova_Carter_ROS/chassis_link/sensors/front_owl/ROS_TF/PublisherTF' did not submit transforms for topic '/tf' on flush cycle 2643
2026-09-30T16:48:19Z [61,654ms] [Warning] [isaacsim.ros2.nodes] ROS2 TF aggregation contributor '/World/Nova_Carter_ROS/chassis_link/sensors/back_hawk/ROS_TF/PublisherTF' did not submit transforms for topic '/tf' on flush cycle 2643
2026-09-30T16:48:19Z [61,654ms] [Warning] [isaacsim.ros2.nodes] ROS2 TF aggregation contributor '/World/Nova_Carter_ROS/chassis_link/sensors/right_owl/ROS_TF/PublisherTF' did not submit transforms for topic '/tf' on flush cycle 2643
2026-09-30T16:48:19Z [61,654ms] [Warning] [isaacsim.ros2.nodes] ROS2 TF aggregation contributor '/World/Nova_Carter_ROS/chassis_link/sensors/right_hawk/ROS_TF/PublisherTF' did not submit transforms for topic '/tf' on flush cycle 2643
2026-09-30T16:48:19Z [61,654ms] [Warning] [isaacsim.ros2.nodes] ROS2 TF aggregation contributor '/World/Nova_Carter_ROS/chassis_link/sensors/left_hawk/ROS_TF/PublisherTF' did not submit transforms for topic '/tf' on flush cycle 2643
2026-09-30T16:48:19Z [61,654ms] [Warning] [isaacsim.ros2.nodes] ROS2 TF aggregation contributor '/World/Nova_Carter_ROS/chassis_link/sensors/back_owl/ROS_TF/PublisherTF' did not submit transforms for topic '/tf' on flush cycle 2643
2026-09-30T16:48:19Z [61,654ms] [Warning] [isaacsim.ros2.nodes] ROS2 TF aggregation contributor '/World/Nova_Carter_ROS/transform_tree_odometry/ros2_publish_raw_transform_tree' did not submit transforms for topic '/tf' on flush cycle 2643
2026-09-30T16:48:19Z [61,654ms] [Warning] [isaacsim.ros2.nodes] ROS2 TF aggregation contributor '/World/Nova_Carter_ROS/chassis_link/sensors/front_RPLidar/ROS_TF/PublisherTF' did not submit transforms for topic '/tf' on flush cycle 2643
2026-09-30T16:48:19Z [61,654ms] [Warning] [isaacsim.ros2.nodes] ROS2 TF aggregation contributor '/World/Nova_Carter_ROS/transform_tree_odometry/tf_tree_base_link_to_sensors' did not submit transforms for topic '/tf' on flush cycle 2643
2026-09-30T16:48:19Z [61,654ms] [Warning] [isaacsim.ros2.nodes] ROS2 TF aggregation contributor '/World/Nova_Carter_ROS/transform_tree_odometry/tf_tree_base_link_to_wheel_base' did not submit transforms for topic '/tf' on flush cycle 2643
2026-09-30T16:48:19Z [61,654ms] [Warning] [isaacsim.ros2.nodes] ROS2 TF aggregation contributor '/World/Nova_Carter_ROS/transform_tree_odometry/tf_tree_base_link_to_chassis' did not submit transforms for topic '/tf' on flush cycle 2643
2026-09-30T16:48:21Z [63,699ms] [Warning] [isaacsim.ros2.nodes] ROS2 TF aggregation contributor '/World/Nova_Carter_ROS/chassis_link/sensors/XT_32/ROS_TF/PublisherTF' did not submit transforms for topic '/tf' on flush cycle 2763
2026-09-30T16:48:21Z [63,699ms] [Warning] [isaacsim.ros2.nodes] ROS2 TF aggregation contributor '/World/Nova_Carter_ROS/chassis_link/sensors/rear_RPLidar/ROS_TF/PublisherTF' did not submit transforms for topic '/tf' on flush cycle 2763
2026-09-30T16:48:21Z [63,699ms] [Warning] [isaacsim.ros2.nodes] ROS2 TF aggregation contributor '/World/Nova_Carter_ROS/chassis_link/sensors/front_hawk/ROS_TF/PublisherTF' did not submit transforms for topic '/tf' on flush cycle 2763
2026-09-30T16:48:21Z [63,699ms] [Warning] [isaacsim.ros2.nodes] ROS2 TF aggregation contributor '/World/Nova_Carter_ROS/chassis_link/sensors/left_owl/ROS_TF/PublisherTF' did not submit transforms for topic '/tf' on flush cycle 2763
2026-09-30T16:48:21Z [63,699ms] [Warning] [isaacsim.ros2.nodes] ROS2 TF aggregation contributor '/World/Nova_Carter_ROS/chassis_link/sensors/front_owl/ROS_TF/PublisherTF' did not submit transforms for topic '/tf' on flush cycle 2763
2026-09-30T16:48:21Z [63,699ms] [Warning] [isaacsim.ros2.nodes] ROS2 TF aggregation contributor '/World/Nova_Carter_ROS/chassis_link/sensors/back_hawk/ROS_TF/PublisherTF' did not submit transforms for topic '/tf' on flush cycle 2763
2026-09-30T16:48:21Z [63,699ms] [Warning] [isaacsim.ros2.nodes] ROS2 TF aggregation contributor '/World/Nova_Carter_ROS/chassis_link/sensors/right_owl/ROS_TF/PublisherTF' did not submit transforms for topic '/tf' on flush cycle 2763
2026-09-30T16:48:21Z [63,699ms] [Warning] [isaacsim.ros2.nodes] ROS2 TF aggregation contributor '/World/Nova_Carter_ROS/chassis_link/sensors/right_hawk/ROS_TF/PublisherTF' did not submit transforms for topic '/tf' on flush cycle 2763
2026-09-30T16:48:21Z [63,699ms] [Warning] [isaacsim.ros2.nodes] ROS2 TF aggregation contributor '/World/Nova_Carter_ROS/chassis_link/sensors/left_hawk/ROS_TF/PublisherTF' did not submit transforms for topic '/tf' on flush cycle 2763
2026-09-30T16:48:21Z [63,699ms] [Warning] [isaacsim.ros2.nodes] ROS2 TF aggregation contributor '/World/Nova_Carter_ROS/chassis_link/sensors/back_owl/ROS_TF/PublisherTF' did not submit transforms for topic '/tf' on flush cycle 2763
2026-09-30T16:48:21Z [63,699ms] [Warning] [isaacsim.ros2.nodes] ROS2 TF aggregation contributor '/World/Nova_Carter_ROS/transform_tree_odometry/ros2_publish_raw_transform_tree' did not submit transforms for topic '/tf' on flush cycle 2763
2026-09-30T16:48:21Z [63,699ms] [Warning] [isaacsim.ros2.nodes] ROS2 TF aggregation contributor '/World/Nova_Carter_ROS/chassis_link/sensors/front_RPLidar/ROS_TF/PublisherTF' did not submit transforms for topic '/tf' on flush cycle 2763
2026-09-30T16:48:21Z [63,699ms] [Warning] [isaacsim.ros2.nodes] ROS2 TF aggregation contributor '/World/Nova_Carter_ROS/transform_tree_odometry/tf_tree_base_link_to_sensors' did not submit transforms for topic '/tf' on flush cycle 2763
2026-09-30T16:48:21Z [63,699ms] [Warning] [isaacsim.ros2.nodes] ROS2 TF aggregation contributor '/World/Nova_Carter_ROS/transform_tree_odometry/tf_tree_base_link_to_wheel_base' did not submit transforms for topic '/tf' on flush cycle 2763
2026-09-30T16:48:21Z [63,699ms] [Warning] [isaacsim.ros2.nodes] ROS2 TF aggregation contributor '/World/Nova_Carter_ROS/transform_tree_odometry/tf_tree_base_link_to_chassis' did not submit transforms for topic '/tf' on flush cycle 2763
2026-09-30T16:48:24Z [65,751ms] [Warning] [isaacsim.ros2.nodes] ROS2 TF aggregation contributor '/World/Nova_Carter_ROS/chassis_link/sensors/XT_32/ROS_TF/PublisherTF' did not submit transforms for topic '/tf' on flush cycle 2883
2026-09-30T16:48:24Z [65,752ms] [Warning] [isaacsim.ros2.nodes] ROS2 TF aggregation contributor '/World/Nova_Carter_ROS/chassis_link/sensors/rear_RPLidar/ROS_TF/PublisherTF' did not submit transforms for topic '/tf' on flush cycle 2883
2026-09-30T16:48:24Z [65,752ms] [Warning] [isaacsim.ros2.nodes] ROS2 TF aggregation contributor '/World/Nova_Carter_ROS/chassis_link/sensors/front_hawk/ROS_TF/PublisherTF' did not submit transforms for topic '/tf' on flush cycle 2883
2026-09-30T16:48:24Z [65,752ms] [Warning] [isaacsim.ros2.nodes] ROS2 TF aggregation contributor '/World/Nova_Carter_ROS/chassis_link/sensors/left_owl/ROS_TF/PublisherTF' did not submit transforms for topic '/tf' on flush cycle 2883
2026-09-30T16:48:24Z [65,752ms] [Warning] [isaacsim.ros2.nodes] ROS2 TF aggregation contributor '/World/Nova_Carter_ROS/chassis_link/sensors/front_owl/ROS_TF/PublisherTF' did not submit transforms for topic '/tf' on flush cycle 2883
2026-09-30T16:48:24Z [65,752ms] [Warning] [isaacsim.ros2.nodes] ROS2 TF aggregation contributor '/World/Nova_Carter_ROS/chassis_link/sensors/back_hawk/ROS_TF/PublisherTF' did not submit transforms for topic '/tf' on flush cycle 2883
2026-09-30T16:48:24Z [65,752ms] [Warning] [isaacsim.ros2.nodes] ROS2 TF aggregation contributor '/World/Nova_Carter_ROS/chassis_link/sensors/right_owl/ROS_TF/PublisherTF' did not submit transforms for topic '/tf' on flush cycle 2883
2026-09-30T16:48:24Z [65,752ms] [Warning] [isaacsim.ros2.nodes] ROS2 TF aggregation contributor '/World/Nova_Carter_ROS/chassis_link/sensors/right_hawk/ROS_TF/PublisherTF' did not submit transforms for topic '/tf' on flush cycle 2883
2026-09-30T16:48:24Z [65,752ms] [Warning] [isaacsim.ros2.nodes] ROS2 TF aggregation contributor '/World/Nova_Carter_ROS/chassis_link/sensors/left_hawk/ROS_TF/PublisherTF' did not submit transforms for topic '/tf' on flush cycle 2883
2026-09-30T16:48:24Z [65,752ms] [Warning] [isaacsim.ros2.nodes] ROS2 TF aggregation contributor '/World/Nova_Carter_ROS/chassis_link/sensors/back_owl/ROS_TF/PublisherTF' did not submit transforms for topic '/tf' on flush cycle 2883
2026-09-30T16:48:24Z [65,752ms] [Warning] [isaacsim.ros2.nodes] ROS2 TF aggregation contributor '/World/Nova_Carter_ROS/transform_tree_odometry/ros2_publish_raw_transform_tree' did not submit transforms for topic '/tf' on flush cycle 2883
2026-09-30T16:48:24Z [65,752ms] [Warning] [isaacsim.ros2.nodes] ROS2 TF aggregation contributor '/World/Nova_Carter_ROS/chassis_link/sensors/front_RPLidar/ROS_TF/PublisherTF' did not submit transforms for topic '/tf' on flush cycle 2883
2026-09-30T16:48:24Z [65,752ms] [Warning] [isaacsim.ros2.nodes] ROS2 TF aggregation contributor '/World/Nova_Carter_ROS/transform_tree_odometry/tf_tree_base_link_to_sensors' did not submit transforms for topic '/tf' on flush cycle 2883
2026-09-30T16:48:24Z [65,752ms] [Warning] [isaacsim.ros2.nodes] ROS2 TF aggregation contributor '/World/Nova_Carter_ROS/transform_tree_odometry/tf_tree_base_link_to_wheel_base' did not submit transforms for topic '/tf' on flush cycle 2883
2026-09-30T16:48:24Z [65,752ms] [Warning] [isaacsim.ros2.nodes] ROS2 TF aggregation contributor '/World/Nova_Carter_ROS/transform_tree_odometry/tf_tree_base_link_to_chassis' did not submit transforms for topic '/tf' on flush cycle 2883
2026-09-30T16:48:26Z [67,854ms] [Warning] [isaacsim.ros2.nodes] ROS2 TF aggregation contributor '/World/Nova_Carter_ROS/chassis_link/sensors/XT_32/ROS_TF/PublisherTF' did not submit transforms for topic '/tf' on flush cycle 3003
2026-09-30T16:48:26Z [67,854ms] [Warning] [isaacsim.ros2.nodes] ROS2 TF aggregation contributor '/World/Nova_Carter_ROS/chassis_link/sensors/rear_RPLidar/ROS_TF/PublisherTF' did not submit transforms for topic '/tf' on flush cycle 3003
2026-09-30T16:48:26Z [67,854ms] [Warning] [isaacsim.ros2.nodes] ROS2 TF aggregation contributor '/World/Nova_Carter_ROS/chassis_link/sensors/front_hawk/ROS_TF/PublisherTF' did not submit transforms for topic '/tf' on flush cycle 3003
2026-09-30T16:48:26Z [67,854ms] [Warning] [isaacsim.ros2.nodes] ROS2 TF aggregation contributor '/World/Nova_Carter_ROS/chassis_link/sensors/left_owl/ROS_TF/PublisherTF' did not submit transforms for topic '/tf' on flush cycle 3003
2026-09-30T16:48:26Z [67,854ms] [Warning] [isaacsim.ros2.nodes] ROS2 TF aggregation contributor '/World/Nova_Carter_ROS/chassis_link/sensors/front_owl/ROS_TF/PublisherTF' did not submit transforms for topic '/tf' on flush cycle 3003
2026-09-30T16:48:26Z [67,854ms] [Warning] [isaacsim.ros2.nodes] ROS2 TF aggregation contributor '/World/Nova_Carter_ROS/chassis_link/sensors/back_hawk/ROS_TF/PublisherTF' did not submit transforms for topic '/tf' on flush cycle 3003
2026-09-30T16:48:26Z [67,854ms] [Warning] [isaacsim.ros2.nodes] ROS2 TF aggregation contributor '/World/Nova_Carter_ROS/chassis_link/sensors/right_owl/ROS_TF/PublisherTF' did not submit transforms for topic '/tf' on flush cycle 3003
2026-09-30T16:48:26Z [67,854ms] [Warning] [isaacsim.ros2.nodes] ROS2 TF aggregation contributor '/World/Nova_Carter_ROS/chassis_link/sensors/right_hawk/ROS_TF/PublisherTF' did not submit transforms for topic '/tf' on flush cycle 3003
2026-09-30T16:48:26Z [67,854ms] [Warning] [isaacsim.ros2.nodes] ROS2 TF aggregation contributor '/World/Nova_Carter_ROS/chassis_link/sensors/left_hawk/ROS_TF/PublisherTF' did not submit transforms for topic '/tf' on flush cycle 3003
2026-09-30T16:48:26Z [67,854ms] [Warning] [isaacsim.ros2.nodes] ROS2 TF aggregation contributor '/World/Nova_Carter_ROS/chassis_link/sensors/back_owl/ROS_TF/PublisherTF' did not submit transforms for topic '/tf' on flush cycle 3003
2026-09-30T16:48:26Z [67,854ms] [Warning] [isaacsim.ros2.nodes] ROS2 TF aggregation contributor '/World/Nova_Carter_ROS/transform_tree_odometry/ros2_publish_raw_transform_tree' did not submit transforms for topic '/tf' on flush cycle 3003
2026-09-30T16:48:26Z [67,854ms] [Warning] [isaacsim.ros2.nodes] ROS2 TF aggregation contributor '/World/Nova_Carter_ROS/chassis_link/sensors/front_RPLidar/ROS_TF/PublisherTF' did not submit transforms for topic '/tf' on flush cycle 3003
2026-09-30T16:48:26Z [67,854ms] [Warning] [isaacsim.ros2.nodes] ROS2 TF aggregation contributor '/World/Nova_Carter_ROS/transform_tree_odometry/tf_tree_base_link_to_sensors' did not submit transforms for topic '/tf' on flush cycle 3003
2026-09-30T16:48:26Z [67,854ms] [Warning] [isaacsim.ros2.nodes] ROS2 TF aggregation contributor '/World/Nova_Carter_ROS/transform_tree_odometry/tf_tree_base_link_to_wheel_base' did not submit transforms for topic '/tf' on flush cycle 3003
2026-09-30T16:48:26Z [67,854ms] [Warning] [isaacsim.ros2.nodes] ROS2 TF aggregation contributor '/World/Nova_Carter_ROS/transform_tree_odometry/tf_tree_base_link_to_chassis' did not submit transforms for topic '/tf' on flush cycle 3003
2026-09-30T16:48:28Z [69,902ms] [Warning] [isaacsim.ros2.nodes] ROS2 TF aggregation contributor '/World/Nova_Carter_ROS/chassis_link/sensors/XT_32/ROS_TF/PublisherTF' did not submit transforms for topic '/tf' on flush cycle 3123
2026-09-30T16:48:28Z [69,902ms] [Warning] [isaacsim.ros2.nodes] ROS2 TF aggregation contributor '/World/Nova_Carter_ROS/chassis_link/sensors/rear_RPLidar/ROS_TF/PublisherTF' did not submit transforms for topic '/tf' on flush cycle 3123
2026-09-30T16:48:28Z [69,902ms] [Warning] [isaacsim.ros2.nodes] ROS2 TF aggregation contributor '/World/Nova_Carter_ROS/chassis_link/sensors/front_hawk/ROS_TF/PublisherTF' did not submit transforms for topic '/tf' on flush cycle 3123
2026-09-30T16:48:28Z [69,902ms] [Warning] [isaacsim.ros2.nodes] ROS2 TF aggregation contributor '/World/Nova_Carter_ROS/chassis_link/sensors/left_owl/ROS_TF/PublisherTF' did not submit transforms for topic '/tf' on flush cycle 3123
2026-09-30T16:48:28Z [69,902ms] [Warning] [isaacsim.ros2.nodes] ROS2 TF aggregation contributor '/World/Nova_Carter_ROS/chassis_link/sensors/front_owl/ROS_TF/PublisherTF' did not submit transforms for topic '/tf' on flush cycle 3123
2026-09-30T16:48:28Z [69,902ms] [Warning] [isaacsim.ros2.nodes] ROS2 TF aggregation contributor '/World/Nova_Carter_ROS/chassis_link/sensors/back_hawk/ROS_TF/PublisherTF' did not submit transforms for topic '/tf' on flush cycle 3123
2026-09-30T16:48:28Z [69,902ms] [Warning] [isaacsim.ros2.nodes] ROS2 TF aggregation contributor '/World/Nova_Carter_ROS/chassis_link/sensors/right_owl/ROS_TF/PublisherTF' did not submit transforms for topic '/tf' on flush cycle 3123
2026-09-30T16:48:28Z [69,902ms] [Warning] [isaacsim.ros2.nodes] ROS2 TF aggregation contributor '/World/Nova_Carter_ROS/chassis_link/sensors/right_hawk/ROS_TF/PublisherTF' did not submit transforms for topic '/tf' on flush cycle 3123
2026-09-30T16:48:28Z [69,902ms] [Warning] [isaacsim.ros2.nodes] ROS2 TF aggregation contributor '/World/Nova_Carter_ROS/chassis_link/sensors/left_hawk/ROS_TF/PublisherTF' did not submit transforms for topic '/tf' on flush cycle 3123
2026-09-30T16:48:28Z [69,902ms] [Warning] [isaacsim.ros2.nodes] ROS2 TF aggregation contributor '/World/Nova_Carter_ROS/chassis_link/sensors/back_owl/ROS_TF/PublisherTF' did not submit transforms for topic '/tf' on flush cycle 3123
2026-09-30T16:48:28Z [69,902ms] [Warning] [isaacsim.ros2.nodes] ROS2 TF aggregation contributor '/World/Nova_Carter_ROS/transform_tree_odometry/ros2_publish_raw_transform_tree' did not submit transforms for topic '/tf' on flush cycle 3123
2026-09-30T16:48:28Z [69,902ms] [Warning] [isaacsim.ros2.nodes] ROS2 TF aggregation contributor '/World/Nova_Carter_ROS/chassis_link/sensors/front_RPLidar/ROS_TF/PublisherTF' did not submit transforms for topic '/tf' on flush cycle 3123
2026-09-30T16:48:28Z [69,902ms] [Warning] [isaacsim.ros2.nodes] ROS2 TF aggregation contributor '/World/Nova_Carter_ROS/transform_tree_odometry/tf_tree_base_link_to_sensors' did not submit transforms for topic '/tf' on flush cycle 3123
2026-09-30T16:48:28Z [69,902ms] [Warning] [isaacsim.ros2.nodes] ROS2 TF aggregation contributor '/World/Nova_Carter_ROS/transform_tree_odometry/tf_tree_base_link_to_wheel_base' did not submit transforms for topic '/tf' on flush cycle 3123
2026-09-30T16:48:28Z [69,902ms] [Warning] [isaacsim.ros2.nodes] ROS2 TF aggregation contributor '/World/Nova_Carter_ROS/transform_tree_odometry/tf_tree_base_link_to_chassis' did not submit transforms for topic '/tf' on flush cycle 3123
2026-09-30T16:48:34Z [76,728ms] [Warning] [omni.graph.core.plugin] /World/Nova_Carter_ROS/differential_drive/differential_controller_01: [/World/Nova_Carter_ROS/differential_drive] Invalid deltaTime 0.000000, cannot check for acceleration limits, skipping current step
2026-09-30T16:48:38Z [79,752ms] [Warning] [isaacsim.ros2.nodes] ROS2 TF aggregation contributor '/World/Nova_Carter_ROS/chassis_link/sensors/XT_32/ROS_TF/PublisherTF' did not submit transforms for topic '/tf' on flush cycle 3670
2026-09-30T16:48:38Z [79,753ms] [Warning] [isaacsim.ros2.nodes] ROS2 TF aggregation contributor '/World/Nova_Carter_ROS/chassis_link/sensors/rear_RPLidar/ROS_TF/PublisherTF' did not submit transforms for topic '/tf' on flush cycle 3670
2026-09-30T16:48:38Z [79,753ms] [Warning] [isaacsim.ros2.nodes] ROS2 TF aggregation contributor '/World/Nova_Carter_ROS/chassis_link/sensors/front_hawk/ROS_TF/PublisherTF' did not submit transforms for topic '/tf' on flush cycle 3670
2026-09-30T16:48:38Z [79,753ms] [Warning] [isaacsim.ros2.nodes] ROS2 TF aggregation contributor '/World/Nova_Carter_ROS/chassis_link/sensors/left_owl/ROS_TF/PublisherTF' did not submit transforms for topic '/tf' on flush cycle 3670
2026-09-30T16:48:38Z [79,753ms] [Warning] [isaacsim.ros2.nodes] ROS2 TF aggregation contributor '/World/Nova_Carter_ROS/chassis_link/sensors/front_owl/ROS_TF/PublisherTF' did not submit transforms for topic '/tf' on flush cycle 3670
2026-09-30T16:48:38Z [79,753ms] [Warning] [isaacsim.ros2.nodes] ROS2 TF aggregation contributor '/World/Nova_Carter_ROS/chassis_link/sensors/back_hawk/ROS_TF/PublisherTF' did not submit transforms for topic '/tf' on flush cycle 3670
2026-09-30T16:48:38Z [79,753ms] [Warning] [isaacsim.ros2.nodes] ROS2 TF aggregation contributor '/World/Nova_Carter_ROS/chassis_link/sensors/right_owl/ROS_TF/PublisherTF' did not submit transforms for topic '/tf' on flush cycle 3670
2026-09-30T16:48:38Z [79,753ms] [Warning] [isaacsim.ros2.nodes] ROS2 TF aggregation contributor '/World/Nova_Carter_ROS/chassis_link/sensors/right_hawk/ROS_TF/PublisherTF' did not submit transforms for topic '/tf' on flush cycle 3670
2026-09-30T16:48:38Z [79,753ms] [Warning] [isaacsim.ros2.nodes] ROS2 TF aggregation contributor '/World/Nova_Carter_ROS/chassis_link/sensors/left_hawk/ROS_TF/PublisherTF' did not submit transforms for topic '/tf' on flush cycle 3670
2026-09-30T16:48:38Z [79,753ms] [Warning] [isaacsim.ros2.nodes] ROS2 TF aggregation contributor '/World/Nova_Carter_ROS/chassis_link/sensors/back_owl/ROS_TF/PublisherTF' did not submit transforms for topic '/tf' on flush cycle 3670
2026-09-30T16:48:38Z [79,753ms] [Warning] [isaacsim.ros2.nodes] ROS2 TF aggregation contributor '/World/Nova_Carter_ROS/transform_tree_odometry/ros2_publish_raw_transform_tree' did not submit transforms for topic '/tf' on flush cycle 3670
2026-09-30T16:48:38Z [79,753ms] [Warning] [isaacsim.ros2.nodes] ROS2 TF aggregation contributor '/World/Nova_Carter_ROS/chassis_link/sensors/front_RPLidar/ROS_TF/PublisherTF' did not submit transforms for topic '/tf' on flush cycle 3670
2026-09-30T16:48:38Z [79,753ms] [Warning] [isaacsim.ros2.nodes] ROS2 TF aggregation contributor '/World/Nova_Carter_ROS/transform_tree_odometry/tf_tree_base_link_to_sensors' did not submit transforms for topic '/tf' on flush cycle 3670
2026-09-30T16:48:38Z [79,753ms] [Warning] [isaacsim.ros2.nodes] ROS2 TF aggregation contributor '/World/Nova_Carter_ROS/transform_tree_odometry/tf_tree_base_link_to_wheel_base' did not submit transforms for topic '/tf' on flush cycle 3670
2026-09-30T16:48:38Z [79,753ms] [Warning] [isaacsim.ros2.nodes] ROS2 TF aggregation contributor '/World/Nova_Carter_ROS/transform_tree_odometry/tf_tree_base_link_to_chassis' did not submit transforms for topic '/tf' on flush cycle 3670
2026-09-30T16:48:40Z [81,796ms] [Warning] [isaacsim.ros2.nodes] ROS2 TF aggregation contributor '/World/Nova_Carter_ROS/chassis_link/sensors/XT_32/ROS_TF/PublisherTF' did not submit transforms for topic '/tf' on flush cycle 3790
2026-09-30T16:48:40Z [81,796ms] [Warning] [isaacsim.ros2.nodes] ROS2 TF aggregation contributor '/World/Nova_Carter_ROS/chassis_link/sensors/rear_RPLidar/ROS_TF/PublisherTF' did not submit transforms for topic '/tf' on flush cycle 3790
2026-09-30T16:48:40Z [81,796ms] [Warning] [isaacsim.ros2.nodes] ROS2 TF aggregation contributor '/World/Nova_Carter_ROS/chassis_link/sensors/front_hawk/ROS_TF/PublisherTF' did not submit transforms for topic '/tf' on flush cycle 3790
2026-09-30T16:48:40Z [81,796ms] [Warning] [isaacsim.ros2.nodes] ROS2 TF aggregation contributor '/World/Nova_Carter_ROS/chassis_link/sensors/left_owl/ROS_TF/PublisherTF' did not submit transforms for topic '/tf' on flush cycle 3790
2026-09-30T16:48:40Z [81,796ms] [Warning] [isaacsim.ros2.nodes] ROS2 TF aggregation contributor '/World/Nova_Carter_ROS/chassis_link/sensors/front_owl/ROS_TF/PublisherTF' did not submit transforms for topic '/tf' on flush cycle 3790
2026-09-30T16:48:40Z [81,796ms] [Warning] [isaacsim.ros2.nodes] ROS2 TF aggregation contributor '/World/Nova_Carter_ROS/chassis_link/sensors/back_hawk/ROS_TF/PublisherTF' did not submit transforms for topic '/tf' on flush cycle 3790
2026-09-30T16:48:40Z [81,796ms] [Warning] [isaacsim.ros2.nodes] ROS2 TF aggregation contributor '/World/Nova_Carter_ROS/chassis_link/sensors/right_owl/ROS_TF/PublisherTF' did not submit transforms for topic '/tf' on flush cycle 3790
2026-09-30T16:48:40Z [81,796ms] [Warning] [isaacsim.ros2.nodes] ROS2 TF aggregation contributor '/World/Nova_Carter_ROS/chassis_link/sensors/right_hawk/ROS_TF/PublisherTF' did not submit transforms for topic '/tf' on flush cycle 3790
2026-09-30T16:48:40Z [81,796ms] [Warning] [isaacsim.ros2.nodes] ROS2 TF aggregation contributor '/World/Nova_Carter_ROS/chassis_link/sensors/left_hawk/ROS_TF/PublisherTF' did not submit transforms for topic '/tf' on flush cycle 3790
2026-09-30T16:48:40Z [81,797ms] [Warning] [isaacsim.ros2.nodes] ROS2 TF aggregation contributor '/World/Nova_Carter_ROS/chassis_link/sensors/back_owl/ROS_TF/PublisherTF' did not submit transforms for topic '/tf' on flush cycle 3790
2026-09-30T16:48:40Z [81,797ms] [Warning] [isaacsim.ros2.nodes] ROS2 TF aggregation contributor '/World/Nova_Carter_ROS/transform_tree_odometry/ros2_publish_raw_transform_tree' did not submit transforms for topic '/tf' on flush cycle 3790
2026-09-30T16:48:40Z [81,797ms] [Warning] [isaacsim.ros2.nodes] ROS2 TF aggregation contributor '/World/Nova_Carter_ROS/chassis_link/sensors/front_RPLidar/ROS_TF/PublisherTF' did not submit transforms for topic '/tf' on flush cycle 3790
2026-09-30T16:48:40Z [81,797ms] [Warning] [isaacsim.ros2.nodes] ROS2 TF aggregation contributor '/World/Nova_Carter_ROS/transform_tree_odometry/tf_tree_base_link_to_sensors' did not submit transforms for topic '/tf' on flush cycle 3790
2026-09-30T16:48:40Z [81,797ms] [Warning] [isaacsim.ros2.nodes] ROS2 TF aggregation contributor '/World/Nova_Carter_ROS/transform_tree_odometry/tf_tree_base_link_to_wheel_base' did not submit transforms for topic '/tf' on flush cycle 3790
2026-09-30T16:48:40Z [81,797ms] [Warning] [isaacsim.ros2.nodes] ROS2 TF aggregation contributor '/World/Nova_Carter_ROS/transform_tree_odometry/tf_tree_base_link_to_chassis' did not submit transforms for topic '/tf' on flush cycle 3790
2026-09-30T16:48:42Z [83,896ms] [Warning] [isaacsim.ros2.nodes] ROS2 TF aggregation contributor '/World/Nova_Carter_ROS/chassis_link/sensors/XT_32/ROS_TF/PublisherTF' did not submit transforms for topic '/tf' on flush cycle 3910
2026-09-30T16:48:42Z [83,896ms] [Warning] [isaacsim.ros2.nodes] ROS2 TF aggregation contributor '/World/Nova_Carter_ROS/chassis_link/sensors/rear_RPLidar/ROS_TF/PublisherTF' did not submit transforms for topic '/tf' on flush cycle 3910
2026-09-30T16:48:42Z [83,896ms] [Warning] [isaacsim.ros2.nodes] ROS2 TF aggregation contributor '/World/Nova_Carter_ROS/chassis_link/sensors/front_hawk/ROS_TF/PublisherTF' did not submit transforms for topic '/tf' on flush cycle 3910
2026-09-30T16:48:42Z [83,896ms] [Warning] [isaacsim.ros2.nodes] ROS2 TF aggregation contributor '/World/Nova_Carter_ROS/chassis_link/sensors/left_owl/ROS_TF/PublisherTF' did not submit transforms for topic '/tf' on flush cycle 3910
2026-09-30T16:48:42Z [83,897ms] [Warning] [isaacsim.ros2.nodes] ROS2 TF aggregation contributor '/World/Nova_Carter_ROS/chassis_link/sensors/front_owl/ROS_TF/PublisherTF' did not submit transforms for topic '/tf' on flush cycle 3910
2026-09-30T16:48:42Z [83,897ms] [Warning] [isaacsim.ros2.nodes] ROS2 TF aggregation contributor '/World/Nova_Carter_ROS/chassis_link/sensors/back_hawk/ROS_TF/PublisherTF' did not submit transforms for topic '/tf' on flush cycle 3910
2026-09-30T16:48:42Z [83,897ms] [Warning] [isaacsim.ros2.nodes] ROS2 TF aggregation contributor '/World/Nova_Carter_ROS/chassis_link/sensors/right_owl/ROS_TF/PublisherTF' did not submit transforms for topic '/tf' on flush cycle 3910
2026-09-30T16:48:42Z [83,897ms] [Warning] [isaacsim.ros2.nodes] ROS2 TF aggregation contributor '/World/Nova_Carter_ROS/chassis_link/sensors/right_hawk/ROS_TF/PublisherTF' did not submit transforms for topic '/tf' on flush cycle 3910
2026-09-30T16:48:42Z [83,897ms] [Warning] [isaacsim.ros2.nodes] ROS2 TF aggregation contributor '/World/Nova_Carter_ROS/chassis_link/sensors/left_hawk/ROS_TF/PublisherTF' did not submit transforms for topic '/tf' on flush cycle 3910
2026-09-30T16:48:42Z [83,897ms] [Warning] [isaacsim.ros2.nodes] ROS2 TF aggregation contributor '/World/Nova_Carter_ROS/chassis_link/sensors/back_owl/ROS_TF/PublisherTF' did not submit transforms for topic '/tf' on flush cycle 3910
2026-09-30T16:48:42Z [83,897ms] [Warning] [isaacsim.ros2.nodes] ROS2 TF aggregation contributor '/World/Nova_Carter_ROS/transform_tree_odometry/ros2_publish_raw_transform_tree' did not submit transforms for topic '/tf' on flush cycle 3910
2026-09-30T16:48:42Z [83,897ms] [Warning] [isaacsim.ros2.nodes] ROS2 TF aggregation contributor '/World/Nova_Carter_ROS/chassis_link/sensors/front_RPLidar/ROS_TF/PublisherTF' did not submit transforms for topic '/tf' on flush cycle 3910
2026-09-30T16:48:42Z [83,897ms] [Warning] [isaacsim.ros2.nodes] ROS2 TF aggregation contributor '/World/Nova_Carter_ROS/transform_tree_odometry/tf_tree_base_link_to_sensors' did not submit transforms for topic '/tf' on flush cycle 3910
2026-09-30T16:48:42Z [83,897ms] [Warning] [isaacsim.ros2.nodes] ROS2 TF aggregation contributor '/World/Nova_Carter_ROS/transform_tree_odometry/tf_tree_base_link_to_wheel_base' did not submit transforms for topic '/tf' on flush cycle 3910
2026-09-30T16:48:42Z [83,897ms] [Warning] [isaacsim.ros2.nodes] ROS2 TF aggregation contributor '/World/Nova_Carter_ROS/transform_tree_odometry/tf_tree_base_link_to_chassis' did not submit transforms for topic '/tf' on flush cycle 3910
2026-09-30T16:48:44Z [85,994ms] [Warning] [isaacsim.ros2.nodes] ROS2 TF aggregation contributor '/World/Nova_Carter_ROS/chassis_link/sensors/XT_32/ROS_TF/PublisherTF' did not submit transforms for topic '/tf' on flush cycle 4030
2026-09-30T16:48:44Z [85,994ms] [Warning] [isaacsim.ros2.nodes] ROS2 TF aggregation contributor '/World/Nova_Carter_ROS/chassis_link/sensors/rear_RPLidar/ROS_TF/PublisherTF' did not submit transforms for topic '/tf' on flush cycle 4030
2026-09-30T16:48:44Z [85,994ms] [Warning] [isaacsim.ros2.nodes] ROS2 TF aggregation contributor '/World/Nova_Carter_ROS/chassis_link/sensors/front_hawk/ROS_TF/PublisherTF' did not submit transforms for topic '/tf' on flush cycle 4030
2026-09-30T16:48:44Z [85,994ms] [Warning] [isaacsim.ros2.nodes] ROS2 TF aggregation contributor '/World/Nova_Carter_ROS/chassis_link/sensors/left_owl/ROS_TF/PublisherTF' did not submit transforms for topic '/tf' on flush cycle 4030
2026-09-30T16:48:44Z [85,994ms] [Warning] [isaacsim.ros2.nodes] ROS2 TF aggregation contributor '/World/Nova_Carter_ROS/chassis_link/sensors/front_owl/ROS_TF/PublisherTF' did not submit transforms for topic '/tf' on flush cycle 4030
2026-09-30T16:48:44Z [85,994ms] [Warning] [isaacsim.ros2.nodes] ROS2 TF aggregation contributor '/World/Nova_Carter_ROS/chassis_link/sensors/back_hawk/ROS_TF/PublisherTF' did not submit transforms for topic '/tf' on flush cycle 4030
2026-09-30T16:48:44Z [85,994ms] [Warning] [isaacsim.ros2.nodes] ROS2 TF aggregation contributor '/World/Nova_Carter_ROS/chassis_link/sensors/right_owl/ROS_TF/PublisherTF' did not submit transforms for topic '/tf' on flush cycle 4030
2026-09-30T16:48:44Z [85,994ms] [Warning] [isaacsim.ros2.nodes] ROS2 TF aggregation contributor '/World/Nova_Carter_ROS/chassis_link/sensors/right_hawk/ROS_TF/PublisherTF' did not submit transforms for topic '/tf' on flush cycle 4030
2026-09-30T16:48:44Z [85,994ms] [Warning] [isaacsim.ros2.nodes] ROS2 TF aggregation contributor '/World/Nova_Carter_ROS/chassis_link/sensors/left_hawk/ROS_TF/PublisherTF' did not submit transforms for topic '/tf' on flush cycle 4030
2026-09-30T16:48:44Z [85,994ms] [Warning] [isaacsim.ros2.nodes] ROS2 TF aggregation contributor '/World/Nova_Carter_ROS/chassis_link/sensors/back_owl/ROS_TF/PublisherTF' did not submit transforms for topic '/tf' on flush cycle 4030
2026-09-30T16:48:44Z [85,994ms] [Warning] [isaacsim.ros2.nodes] ROS2 TF aggregation contributor '/World/Nova_Carter_ROS/transform_tree_odometry/ros2_publish_raw_transform_tree' did not submit transforms for topic '/tf' on flush cycle 4030
2026-09-30T16:48:44Z [85,994ms] [Warning] [isaacsim.ros2.nodes] ROS2 TF aggregation contributor '/World/Nova_Carter_ROS/chassis_link/sensors/front_RPLidar/ROS_TF/PublisherTF' did not submit transforms for topic '/tf' on flush cycle 4030
2026-09-30T16:48:44Z [85,994ms] [Warning] [isaacsim.ros2.nodes] ROS2 TF aggregation contributor '/World/Nova_Carter_ROS/transform_tree_odometry/tf_tree_base_link_to_sensors' did not submit transforms for topic '/tf' on flush cycle 4030
2026-09-30T16:48:44Z [85,994ms] [Warning] [isaacsim.ros2.nodes] ROS2 TF aggregation contributor '/World/Nova_Carter_ROS/transform_tree_odometry/tf_tree_base_link_to_wheel_base' did not submit transforms for topic '/tf' on flush cycle 4030
2026-09-30T16:48:44Z [85,994ms] [Warning] [isaacsim.ros2.nodes] ROS2 TF aggregation contributor '/World/Nova_Carter_ROS/transform_tree_odometry/tf_tree_base_link_to_chassis' did not submit transforms for topic '/tf' on flush cycle 4030
2026-09-30T16:48:46Z [88,090ms] [Warning] [isaacsim.ros2.nodes] ROS2 TF aggregation contributor '/World/Nova_Carter_ROS/chassis_link/sensors/XT_32/ROS_TF/PublisherTF' did not submit transforms for topic '/tf' on flush cycle 4150
2026-09-30T16:48:46Z [88,090ms] [Warning] [isaacsim.ros2.nodes] ROS2 TF aggregation contributor '/World/Nova_Carter_ROS/chassis_link/sensors/rear_RPLidar/ROS_TF/PublisherTF' did not submit transforms for topic '/tf' on flush cycle 4150
2026-09-30T16:48:46Z [88,090ms] [Warning] [isaacsim.ros2.nodes] ROS2 TF aggregation contributor '/World/Nova_Carter_ROS/chassis_link/sensors/front_hawk/ROS_TF/PublisherTF' did not submit transforms for topic '/tf' on flush cycle 4150
2026-09-30T16:48:46Z [88,090ms] [Warning] [isaacsim.ros2.nodes] ROS2 TF aggregation contributor '/World/Nova_Carter_ROS/chassis_link/sensors/left_owl/ROS_TF/PublisherTF' did not submit transforms for topic '/tf' on flush cycle 4150
2026-09-30T16:48:46Z [88,090ms] [Warning] [isaacsim.ros2.nodes] ROS2 TF aggregation contributor '/World/Nova_Carter_ROS/chassis_link/sensors/front_owl/ROS_TF/PublisherTF' did not submit transforms for topic '/tf' on flush cycle 4150
2026-09-30T16:48:46Z [88,090ms] [Warning] [isaacsim.ros2.nodes] ROS2 TF aggregation contributor '/World/Nova_Carter_ROS/chassis_link/sensors/back_hawk/ROS_TF/PublisherTF' did not submit transforms for topic '/tf' on flush cycle 4150
2026-09-30T16:48:46Z [88,090ms] [Warning] [isaacsim.ros2.nodes] ROS2 TF aggregation contributor '/World/Nova_Carter_ROS/chassis_link/sensors/right_owl/ROS_TF/PublisherTF' did not submit transforms for topic '/tf' on flush cycle 4150
2026-09-30T16:48:46Z [88,090ms] [Warning] [isaacsim.ros2.nodes] ROS2 TF aggregation contributor '/World/Nova_Carter_ROS/chassis_link/sensors/right_hawk/ROS_TF/PublisherTF' did not submit transforms for topic '/tf' on flush cycle 4150
2026-09-30T16:48:46Z [88,090ms] [Warning] [isaacsim.ros2.nodes] ROS2 TF aggregation contributor '/World/Nova_Carter_ROS/chassis_link/sensors/left_hawk/ROS_TF/PublisherTF' did not submit transforms for topic '/tf' on flush cycle 4150
2026-09-30T16:48:46Z [88,090ms] [Warning] [isaacsim.ros2.nodes] ROS2 TF aggregation contributor '/World/Nova_Carter_ROS/chassis_link/sensors/back_owl/ROS_TF/PublisherTF' did not submit transforms for topic '/tf' on flush cycle 4150
2026-09-30T16:48:46Z [88,090ms] [Warning] [isaacsim.ros2.nodes] ROS2 TF aggregation contributor '/World/Nova_Carter_ROS/transform_tree_odometry/ros2_publish_raw_transform_tree' did not submit transforms for topic '/tf' on flush cycle 4150
2026-09-30T16:48:46Z [88,090ms] [Warning] [isaacsim.ros2.nodes] ROS2 TF aggregation contributor '/World/Nova_Carter_ROS/chassis_link/sensors/front_RPLidar/ROS_TF/PublisherTF' did not submit transforms for topic '/tf' on flush cycle 4150
2026-09-30T16:48:46Z [88,090ms] [Warning] [isaacsim.ros2.nodes] ROS2 TF aggregation contributor '/World/Nova_Carter_ROS/transform_tree_odometry/tf_tree_base_link_to_sensors' did not submit transforms for topic '/tf' on flush cycle 4150
2026-09-30T16:48:46Z [88,090ms] [Warning] [isaacsim.ros2.nodes] ROS2 TF aggregation contributor '/World/Nova_Carter_ROS/transform_tree_odometry/tf_tree_base_link_to_wheel_base' did not submit transforms for topic '/tf' on flush cycle 4150
2026-09-30T16:48:46Z [88,090ms] [Warning] [isaacsim.ros2.nodes] ROS2 TF aggregation contributor '/World/Nova_Carter_ROS/transform_tree_odometry/tf_tree_base_link_to_chassis' did not submit transforms for topic '/tf' on flush cycle 4150
2026-09-30T16:48:48Z [90,188ms] [Warning] [isaacsim.ros2.nodes] ROS2 TF aggregation contributor '/World/Nova_Carter_ROS/chassis_link/sensors/XT_32/ROS_TF/PublisherTF' did not submit transforms for topic '/tf' on flush cycle 4270
2026-09-30T16:48:48Z [90,188ms] [Warning] [isaacsim.ros2.nodes] ROS2 TF aggregation contributor '/World/Nova_Carter_ROS/chassis_link/sensors/rear_RPLidar/ROS_TF/PublisherTF' did not submit transforms for topic '/tf' on flush cycle 4270
2026-09-30T16:48:48Z [90,188ms] [Warning] [isaacsim.ros2.nodes] ROS2 TF aggregation contributor '/World/Nova_Carter_ROS/chassis_link/sensors/front_hawk/ROS_TF/PublisherTF' did not submit transforms for topic '/tf' on flush cycle 4270
2026-09-30T16:48:48Z [90,188ms] [Warning] [isaacsim.ros2.nodes] ROS2 TF aggregation contributor '/World/Nova_Carter_ROS/chassis_link/sensors/left_owl/ROS_TF/PublisherTF' did not submit transforms for topic '/tf' on flush cycle 4270
2026-09-30T16:48:48Z [90,188ms] [Warning] [isaacsim.ros2.nodes] ROS2 TF aggregation contributor '/World/Nova_Carter_ROS/chassis_link/sensors/front_owl/ROS_TF/PublisherTF' did not submit transforms for topic '/tf' on flush cycle 4270
2026-09-30T16:48:48Z [90,188ms] [Warning] [isaacsim.ros2.nodes] ROS2 TF aggregation contributor '/World/Nova_Carter_ROS/chassis_link/sensors/back_hawk/ROS_TF/PublisherTF' did not submit transforms for topic '/tf' on flush cycle 4270
2026-09-30T16:48:48Z [90,188ms] [Warning] [isaacsim.ros2.nodes] ROS2 TF aggregation contributor '/World/Nova_Carter_ROS/chassis_link/sensors/right_owl/ROS_TF/PublisherTF' did not submit transforms for topic '/tf' on flush cycle 4270
2026-09-30T16:48:48Z [90,188ms] [Warning] [isaacsim.ros2.nodes] ROS2 TF aggregation contributor '/World/Nova_Carter_ROS/chassis_link/sensors/right_hawk/ROS_TF/PublisherTF' did not submit transforms for topic '/tf' on flush cycle 4270
2026-09-30T16:48:48Z [90,188ms] [Warning] [isaacsim.ros2.nodes] ROS2 TF aggregation contributor '/World/Nova_Carter_ROS/chassis_link/sensors/left_hawk/ROS_TF/PublisherTF' did not submit transforms for topic '/tf' on flush cycle 4270
2026-09-30T16:48:48Z [90,188ms] [Warning] [isaacsim.ros2.nodes] ROS2 TF aggregation contributor '/World/Nova_Carter_ROS/chassis_link/sensors/back_owl/ROS_TF/PublisherTF' did not submit transforms for topic '/tf' on flush cycle 4270
2026-09-30T16:48:48Z [90,188ms] [Warning] [isaacsim.ros2.nodes] ROS2 TF aggregation contributor '/World/Nova_Carter_ROS/transform_tree_odometry/ros2_publish_raw_transform_tree' did not submit transforms for topic '/tf' on flush cycle 4270
2026-09-30T16:48:48Z [90,188ms] [Warning] [isaacsim.ros2.nodes] ROS2 TF aggregation contributor '/World/Nova_Carter_ROS/chassis_link/sensors/front_RPLidar/ROS_TF/PublisherTF' did not submit transforms for topic '/tf' on flush cycle 4270
2026-09-30T16:48:48Z [90,188ms] [Warning] [isaacsim.ros2.nodes] ROS2 TF aggregation contributor '/World/Nova_Carter_ROS/transform_tree_odometry/tf_tree_base_link_to_sensors' did not submit transforms for topic '/tf' on flush cycle 4270
2026-09-30T16:48:48Z [90,188ms] [Warning] [isaacsim.ros2.nodes] ROS2 TF aggregation contributor '/World/Nova_Carter_ROS/transform_tree_odometry/tf_tree_base_link_to_wheel_base' did not submit transforms for topic '/tf' on flush cycle 4270
2026-09-30T16:48:48Z [90,188ms] [Warning] [isaacsim.ros2.nodes] ROS2 TF aggregation contributor '/World/Nova_Carter_ROS/transform_tree_odometry/tf_tree_base_link_to_chassis' did not submit transforms for topic '/tf' on flush cycle 4270
2026-09-30T16:48:50Z [92,236ms] [Warning] [isaacsim.ros2.nodes] ROS2 TF aggregation contributor '/World/Nova_Carter_ROS/chassis_link/sensors/XT_32/ROS_TF/PublisherTF' did not submit transforms for topic '/tf' on flush cycle 4390
2026-09-30T16:48:50Z [92,236ms] [Warning] [isaacsim.ros2.nodes] ROS2 TF aggregation contributor '/World/Nova_Carter_ROS/chassis_link/sensors/rear_RPLidar/ROS_TF/PublisherTF' did not submit transforms for topic '/tf' on flush cycle 4390
2026-09-30T16:48:50Z [92,236ms] [Warning] [isaacsim.ros2.nodes] ROS2 TF aggregation contributor '/World/Nova_Carter_ROS/chassis_link/sensors/front_hawk/ROS_TF/PublisherTF' did not submit transforms for topic '/tf' on flush cycle 4390
2026-09-30T16:48:50Z [92,236ms] [Warning] [isaacsim.ros2.nodes] ROS2 TF aggregation contributor '/World/Nova_Carter_ROS/chassis_link/sensors/left_owl/ROS_TF/PublisherTF' did not submit transforms for topic '/tf' on flush cycle 4390
2026-09-30T16:48:50Z [92,236ms] [Warning] [isaacsim.ros2.nodes] ROS2 TF aggregation contributor '/World/Nova_Carter_ROS/chassis_link/sensors/front_owl/ROS_TF/PublisherTF' did not submit transforms for topic '/tf' on flush cycle 4390
2026-09-30T16:48:50Z [92,236ms] [Warning] [isaacsim.ros2.nodes] ROS2 TF aggregation contributor '/World/Nova_Carter_ROS/chassis_link/sensors/back_hawk/ROS_TF/PublisherTF' did not submit transforms for topic '/tf' on flush cycle 4390
2026-09-30T16:48:50Z [92,236ms] [Warning] [isaacsim.ros2.nodes] ROS2 TF aggregation contributor '/World/Nova_Carter_ROS/chassis_link/sensors/right_owl/ROS_TF/PublisherTF' did not submit transforms for topic '/tf' on flush cycle 4390
2026-09-30T16:48:50Z [92,236ms] [Warning] [isaacsim.ros2.nodes] ROS2 TF aggregation contributor '/World/Nova_Carter_ROS/chassis_link/sensors/right_hawk/ROS_TF/PublisherTF' did not submit transforms for topic '/tf' on flush cycle 4390
2026-09-30T16:48:50Z [92,236ms] [Warning] [isaacsim.ros2.nodes] ROS2 TF aggregation contributor '/World/Nova_Carter_ROS/chassis_link/sensors/left_hawk/ROS_TF/PublisherTF' did not submit transforms for topic '/tf' on flush cycle 4390
2026-09-30T16:48:50Z [92,236ms] [Warning] [isaacsim.ros2.nodes] ROS2 TF aggregation contributor '/World/Nova_Carter_ROS/chassis_link/sensors/back_owl/ROS_TF/PublisherTF' did not submit transforms for topic '/tf' on flush cycle 4390
2026-09-30T16:48:50Z [92,236ms] [Warning] [isaacsim.ros2.nodes] ROS2 TF aggregation contributor '/World/Nova_Carter_ROS/transform_tree_odometry/ros2_publish_raw_transform_tree' did not submit transforms for topic '/tf' on flush cycle 4390
2026-09-30T16:48:50Z [92,236ms] [Warning] [isaacsim.ros2.nodes] ROS2 TF aggregation contributor '/World/Nova_Carter_ROS/chassis_link/sensors/front_RPLidar/ROS_TF/PublisherTF' did not submit transforms for topic '/tf' on flush cycle 4390
2026-09-30T16:48:50Z [92,236ms] [Warning] [isaacsim.ros2.nodes] ROS2 TF aggregation contributor '/World/Nova_Carter_ROS/transform_tree_odometry/tf_tree_base_link_to_sensors' did not submit transforms for topic '/tf' on flush cycle 4390
2026-09-30T16:48:50Z [92,236ms] [Warning] [isaacsim.ros2.nodes] ROS2 TF aggregation contributor '/World/Nova_Carter_ROS/transform_tree_odometry/tf_tree_base_link_to_wheel_base' did not submit transforms for topic '/tf' on flush cycle 4390
2026-09-30T16:48:50Z [92,236ms] [Warning] [isaacsim.ros2.nodes] ROS2 TF aggregation contributor '/World/Nova_Carter_ROS/transform_tree_odometry/tf_tree_base_link_to_chassis' did not submit transforms for topic '/tf' on flush cycle 4390
2026-09-30T16:49:00Z [102,103ms] [Warning] [isaacsim.ros2.nodes] ROS2 TF aggregation contributor '/World/Nova_Carter_ROS/chassis_link/sensors/XT_32/ROS_TF/PublisherTF' did not submit transforms for topic '/tf' on flush cycle 4943
2026-09-30T16:49:00Z [102,103ms] [Warning] [isaacsim.ros2.nodes] ROS2 TF aggregation contributor '/World/Nova_Carter_ROS/chassis_link/sensors/rear_RPLidar/ROS_TF/PublisherTF' did not submit transforms for topic '/tf' on flush cycle 4943
2026-09-30T16:49:00Z [102,103ms] [Warning] [isaacsim.ros2.nodes] ROS2 TF aggregation contributor '/World/Nova_Carter_ROS/chassis_link/sensors/front_hawk/ROS_TF/PublisherTF' did not submit transforms for topic '/tf' on flush cycle 4943
2026-09-30T16:49:00Z [102,103ms] [Warning] [isaacsim.ros2.nodes] ROS2 TF aggregation contributor '/World/Nova_Carter_ROS/chassis_link/sensors/left_owl/ROS_TF/PublisherTF' did not submit transforms for topic '/tf' on flush cycle 4943
2026-09-30T16:49:00Z [102,103ms] [Warning] [isaacsim.ros2.nodes] ROS2 TF aggregation contributor '/World/Nova_Carter_ROS/chassis_link/sensors/front_owl/ROS_TF/PublisherTF' did not submit transforms for topic '/tf' on flush cycle 4943
2026-09-30T16:49:00Z [102,103ms] [Warning] [isaacsim.ros2.nodes] ROS2 TF aggregation contributor '/World/Nova_Carter_ROS/chassis_link/sensors/back_hawk/ROS_TF/PublisherTF' did not submit transforms for topic '/tf' on flush cycle 4943
2026-09-30T16:49:00Z [102,103ms] [Warning] [isaacsim.ros2.nodes] ROS2 TF aggregation contributor '/World/Nova_Carter_ROS/chassis_link/sensors/right_owl/ROS_TF/PublisherTF' did not submit transforms for topic '/tf' on flush cycle 4943
2026-09-30T16:49:00Z [102,103ms] [Warning] [isaacsim.ros2.nodes] ROS2 TF aggregation contributor '/World/Nova_Carter_ROS/chassis_link/sensors/right_hawk/ROS_TF/PublisherTF' did not submit transforms for topic '/tf' on flush cycle 4943
2026-09-30T16:49:00Z [102,103ms] [Warning] [isaacsim.ros2.nodes] ROS2 TF aggregation contributor '/World/Nova_Carter_ROS/chassis_link/sensors/left_hawk/ROS_TF/PublisherTF' did not submit transforms for topic '/tf' on flush cycle 4943
2026-09-30T16:49:00Z [102,103ms] [Warning] [isaacsim.ros2.nodes] ROS2 TF aggregation contributor '/World/Nova_Carter_ROS/chassis_link/sensors/back_owl/ROS_TF/PublisherTF' did not submit transforms for topic '/tf' on flush cycle 4943
2026-09-30T16:49:00Z [102,103ms] [Warning] [isaacsim.ros2.nodes] ROS2 TF aggregation contributor '/World/Nova_Carter_ROS/transform_tree_odometry/ros2_publish_raw_transform_tree' did not submit transforms for topic '/tf' on flush cycle 4943
2026-09-30T16:49:00Z [102,103ms] [Warning] [isaacsim.ros2.nodes] ROS2 TF aggregation contributor '/World/Nova_Carter_ROS/chassis_link/sensors/front_RPLidar/ROS_TF/PublisherTF' did not submit transforms for topic '/tf' on flush cycle 4943
2026-09-30T16:49:00Z [102,103ms] [Warning] [isaacsim.ros2.nodes] ROS2 TF aggregation contributor '/World/Nova_Carter_ROS/transform_tree_odometry/tf_tree_base_link_to_sensors' did not submit transforms for topic '/tf' on flush cycle 4943
2026-09-30T16:49:00Z [102,103ms] [Warning] [isaacsim.ros2.nodes] ROS2 TF aggregation contributor '/World/Nova_Carter_ROS/transform_tree_odometry/tf_tree_base_link_to_wheel_base' did not submit transforms for topic '/tf' on flush cycle 4943
2026-09-30T16:49:00Z [102,103ms] [Warning] [isaacsim.ros2.nodes] ROS2 TF aggregation contributor '/World/Nova_Carter_ROS/transform_tree_odometry/tf_tree_base_link_to_chassis' did not submit transforms for topic '/tf' on flush cycle 4943
2026-09-30T16:49:02Z [104,139ms] [Warning] [isaacsim.ros2.nodes] ROS2 TF aggregation contributor '/World/Nova_Carter_ROS/chassis_link/sensors/XT_32/ROS_TF/PublisherTF' did not submit transforms for topic '/tf' on flush cycle 5063
2026-09-30T16:49:02Z [104,139ms] [Warning] [isaacsim.ros2.nodes] ROS2 TF aggregation contributor '/World/Nova_Carter_ROS/chassis_link/sensors/rear_RPLidar/ROS_TF/PublisherTF' did not submit transforms for topic '/tf' on flush cycle 5063
2026-09-30T16:49:02Z [104,139ms] [Warning] [isaacsim.ros2.nodes] ROS2 TF aggregation contributor '/World/Nova_Carter_ROS/chassis_link/sensors/front_hawk/ROS_TF/PublisherTF' did not submit transforms for topic '/tf' on flush cycle 5063
2026-09-30T16:49:02Z [104,139ms] [Warning] [isaacsim.ros2.nodes] ROS2 TF aggregation contributor '/World/Nova_Carter_ROS/chassis_link/sensors/left_owl/ROS_TF/PublisherTF' did not submit transforms for topic '/tf' on flush cycle 5063
2026-09-30T16:49:02Z [104,139ms] [Warning] [isaacsim.ros2.nodes] ROS2 TF aggregation contributor '/World/Nova_Carter_ROS/chassis_link/sensors/front_owl/ROS_TF/PublisherTF' did not submit transforms for topic '/tf' on flush cycle 5063
2026-09-30T16:49:02Z [104,139ms] [Warning] [isaacsim.ros2.nodes] ROS2 TF aggregation contributor '/World/Nova_Carter_ROS/chassis_link/sensors/back_hawk/ROS_TF/PublisherTF' did not submit transforms for topic '/tf' on flush cycle 5063
2026-09-30T16:49:02Z [104,139ms] [Warning] [isaacsim.ros2.nodes] ROS2 TF aggregation contributor '/World/Nova_Carter_ROS/chassis_link/sensors/right_owl/ROS_TF/PublisherTF' did not submit transforms for topic '/tf' on flush cycle 5063
2026-09-30T16:49:02Z [104,139ms] [Warning] [isaacsim.ros2.nodes] ROS2 TF aggregation contributor '/World/Nova_Carter_ROS/chassis_link/sensors/right_hawk/ROS_TF/PublisherTF' did not submit transforms for topic '/tf' on flush cycle 5063
2026-09-30T16:49:02Z [104,139ms] [Warning] [isaacsim.ros2.nodes] ROS2 TF aggregation contributor '/World/Nova_Carter_ROS/chassis_link/sensors/left_hawk/ROS_TF/PublisherTF' did not submit transforms for topic '/tf' on flush cycle 5063
2026-09-30T16:49:02Z [104,139ms] [Warning] [isaacsim.ros2.nodes] ROS2 TF aggregation contributor '/World/Nova_Carter_ROS/chassis_link/sensors/back_owl/ROS_TF/PublisherTF' did not submit transforms for topic '/tf' on flush cycle 5063
2026-09-30T16:49:02Z [104,139ms] [Warning] [isaacsim.ros2.nodes] ROS2 TF aggregation contributor '/World/Nova_Carter_ROS/transform_tree_odometry/ros2_publish_raw_transform_tree' did not submit transforms for topic '/tf' on flush cycle 5063
2026-09-30T16:49:02Z [104,139ms] [Warning] [isaacsim.ros2.nodes] ROS2 TF aggregation contributor '/World/Nova_Carter_ROS/chassis_link/sensors/front_RPLidar/ROS_TF/PublisherTF' did not submit transforms for topic '/tf' on flush cycle 5063
2026-09-30T16:49:02Z [104,139ms] [Warning] [isaacsim.ros2.nodes] ROS2 TF aggregation contributor '/World/Nova_Carter_ROS/transform_tree_odometry/tf_tree_base_link_to_sensors' did not submit transforms for topic '/tf' on flush cycle 5063
2026-09-30T16:49:02Z [104,139ms] [Warning] [isaacsim.ros2.nodes] ROS2 TF aggregation contributor '/World/Nova_Carter_ROS/transform_tree_odometry/tf_tree_base_link_to_wheel_base' did not submit transforms for topic '/tf' on flush cycle 5063
2026-09-30T16:49:02Z [104,139ms] [Warning] [isaacsim.ros2.nodes] ROS2 TF aggregation contributor '/World/Nova_Carter_ROS/transform_tree_odometry/tf_tree_base_link_to_chassis' did not submit transforms for topic '/tf' on flush cycle 5063
2026-09-30T16:49:04Z [106,326ms] [Warning] [isaacsim.ros2.nodes] ROS2 TF aggregation contributor '/World/Nova_Carter_ROS/chassis_link/sensors/XT_32/ROS_TF/PublisherTF' did not submit transforms for topic '/tf' on flush cycle 5183
2026-09-30T16:49:04Z [106,326ms] [Warning] [isaacsim.ros2.nodes] ROS2 TF aggregation contributor '/World/Nova_Carter_ROS/chassis_link/sensors/rear_RPLidar/ROS_TF/PublisherTF' did not submit transforms for topic '/tf' on flush cycle 5183
2026-09-30T16:49:04Z [106,326ms] [Warning] [isaacsim.ros2.nodes] ROS2 TF aggregation contributor '/World/Nova_Carter_ROS/chassis_link/sensors/front_hawk/ROS_TF/PublisherTF' did not submit transforms for topic '/tf' on flush cycle 5183
2026-09-30T16:49:04Z [106,326ms] [Warning] [isaacsim.ros2.nodes] ROS2 TF aggregation contributor '/World/Nova_Carter_ROS/chassis_link/sensors/left_owl/ROS_TF/PublisherTF' did not submit transforms for topic '/tf' on flush cycle 5183
2026-09-30T16:49:04Z [106,326ms] [Warning] [isaacsim.ros2.nodes] ROS2 TF aggregation contributor '/World/Nova_Carter_ROS/chassis_link/sensors/front_owl/ROS_TF/PublisherTF' did not submit transforms for topic '/tf' on flush cycle 5183
2026-09-30T16:49:04Z [106,326ms] [Warning] [isaacsim.ros2.nodes] ROS2 TF aggregation contributor '/World/Nova_Carter_ROS/chassis_link/sensors/back_hawk/ROS_TF/PublisherTF' did not submit transforms for topic '/tf' on flush cycle 5183
2026-09-30T16:49:04Z [106,326ms] [Warning] [isaacsim.ros2.nodes] ROS2 TF aggregation contributor '/World/Nova_Carter_ROS/chassis_link/sensors/right_owl/ROS_TF/PublisherTF' did not submit transforms for topic '/tf' on flush cycle 5183
2026-09-30T16:49:04Z [106,326ms] [Warning] [isaacsim.ros2.nodes] ROS2 TF aggregation contributor '/World/Nova_Carter_ROS/chassis_link/sensors/right_hawk/ROS_TF/PublisherTF' did not submit transforms for topic '/tf' on flush cycle 5183
2026-09-30T16:49:04Z [106,326ms] [Warning] [isaacsim.ros2.nodes] ROS2 TF aggregation contributor '/World/Nova_Carter_ROS/chassis_link/sensors/left_hawk/ROS_TF/PublisherTF' did not submit transforms for topic '/tf' on flush cycle 5183
2026-09-30T16:49:04Z [106,326ms] [Warning] [isaacsim.ros2.nodes] ROS2 TF aggregation contributor '/World/Nova_Carter_ROS/chassis_link/sensors/back_owl/ROS_TF/PublisherTF' did not submit transforms for topic '/tf' on flush cycle 5183
2026-09-30T16:49:04Z [106,326ms] [Warning] [isaacsim.ros2.nodes] ROS2 TF aggregation contributor '/World/Nova_Carter_ROS/transform_tree_odometry/ros2_publish_raw_transform_tree' did not submit transforms for topic '/tf' on flush cycle 5183
2026-09-30T16:49:04Z [106,326ms] [Warning] [isaacsim.ros2.nodes] ROS2 TF aggregation contributor '/World/Nova_Carter_ROS/chassis_link/sensors/front_RPLidar/ROS_TF/PublisherTF' did not submit transforms for topic '/tf' on flush cycle 5183
2026-09-30T16:49:04Z [106,326ms] [Warning] [isaacsim.ros2.nodes] ROS2 TF aggregation contributor '/World/Nova_Carter_ROS/transform_tree_odometry/tf_tree_base_link_to_sensors' did not submit transforms for topic '/tf' on flush cycle 5183
2026-09-30T16:49:04Z [106,326ms] [Warning] [isaacsim.ros2.nodes] ROS2 TF aggregation contributor '/World/Nova_Carter_ROS/transform_tree_odometry/tf_tree_base_link_to_wheel_base' did not submit transforms for topic '/tf' on flush cycle 5183
2026-09-30T16:49:04Z [106,326ms] [Warning] [isaacsim.ros2.nodes] ROS2 TF aggregation contributor '/World/Nova_Carter_ROS/transform_tree_odometry/tf_tree_base_link_to_chassis' did not submit transforms for topic '/tf' on flush cycle 5183
2026-09-30T16:49:06Z [108,423ms] [Warning] [isaacsim.ros2.nodes] ROS2 TF aggregation contributor '/World/Nova_Carter_ROS/chassis_link/sensors/XT_32/ROS_TF/PublisherTF' did not submit transforms for topic '/tf' on flush cycle 5303
2026-09-30T16:49:06Z [108,423ms] [Warning] [isaacsim.ros2.nodes] ROS2 TF aggregation contributor '/World/Nova_Carter_ROS/chassis_link/sensors/rear_RPLidar/ROS_TF/PublisherTF' did not submit transforms for topic '/tf' on flush cycle 5303
2026-09-30T16:49:06Z [108,423ms] [Warning] [isaacsim.ros2.nodes] ROS2 TF aggregation contributor '/World/Nova_Carter_ROS/chassis_link/sensors/front_hawk/ROS_TF/PublisherTF' did not submit transforms for topic '/tf' on flush cycle 5303
2026-09-30T16:49:06Z [108,423ms] [Warning] [isaacsim.ros2.nodes] ROS2 TF aggregation contributor '/World/Nova_Carter_ROS/chassis_link/sensors/left_owl/ROS_TF/PublisherTF' did not submit transforms for topic '/tf' on flush cycle 5303
2026-09-30T16:49:06Z [108,423ms] [Warning] [isaacsim.ros2.nodes] ROS2 TF aggregation contributor '/World/Nova_Carter_ROS/chassis_link/sensors/front_owl/ROS_TF/PublisherTF' did not submit transforms for topic '/tf' on flush cycle 5303
2026-09-30T16:49:06Z [108,423ms] [Warning] [isaacsim.ros2.nodes] ROS2 TF aggregation contributor '/World/Nova_Carter_ROS/chassis_link/sensors/back_hawk/ROS_TF/PublisherTF' did not submit transforms for topic '/tf' on flush cycle 5303
2026-09-30T16:49:06Z [108,423ms] [Warning] [isaacsim.ros2.nodes] ROS2 TF aggregation contributor '/World/Nova_Carter_ROS/chassis_link/sensors/right_owl/ROS_TF/PublisherTF' did not submit transforms for topic '/tf' on flush cycle 5303
2026-09-30T16:49:06Z [108,423ms] [Warning] [isaacsim.ros2.nodes] ROS2 TF aggregation contributor '/World/Nova_Carter_ROS/chassis_link/sensors/right_hawk/ROS_TF/PublisherTF' did not submit transforms for topic '/tf' on flush cycle 5303
2026-09-30T16:49:06Z [108,423ms] [Warning] [isaacsim.ros2.nodes] ROS2 TF aggregation contributor '/World/Nova_Carter_ROS/chassis_link/sensors/left_hawk/ROS_TF/PublisherTF' did not submit transforms for topic '/tf' on flush cycle 5303
2026-09-30T16:49:06Z [108,423ms] [Warning] [isaacsim.ros2.nodes] ROS2 TF aggregation contributor '/World/Nova_Carter_ROS/chassis_link/sensors/back_owl/ROS_TF/PublisherTF' did not submit transforms for topic '/tf' on flush cycle 5303
2026-09-30T16:49:06Z [108,423ms] [Warning] [isaacsim.ros2.nodes] ROS2 TF aggregation contributor '/World/Nova_Carter_ROS/transform_tree_odometry/ros2_publish_raw_transform_tree' did not submit transforms for topic '/tf' on flush cycle 5303
2026-09-30T16:49:06Z [108,423ms] [Warning] [isaacsim.ros2.nodes] ROS2 TF aggregation contributor '/World/Nova_Carter_ROS/chassis_link/sensors/front_RPLidar/ROS_TF/PublisherTF' did not submit transforms for topic '/tf' on flush cycle 5303
2026-09-30T16:49:06Z [108,423ms] [Warning] [isaacsim.ros2.nodes] ROS2 TF aggregation contributor '/World/Nova_Carter_ROS/transform_tree_odometry/tf_tree_base_link_to_sensors' did not submit transforms for topic '/tf' on flush cycle 5303
2026-09-30T16:49:06Z [108,423ms] [Warning] [isaacsim.ros2.nodes] ROS2 TF aggregation contributor '/World/Nova_Carter_ROS/transform_tree_odometry/tf_tree_base_link_to_wheel_base' did not submit transforms for topic '/tf' on flush cycle 5303
2026-09-30T16:49:06Z [108,423ms] [Warning] [isaacsim.ros2.nodes] ROS2 TF aggregation contributor '/World/Nova_Carter_ROS/transform_tree_odometry/tf_tree_base_link_to_chassis' did not submit transforms for topic '/tf' on flush cycle 5303
2026-09-30T16:49:08Z [110,474ms] [Warning] [isaacsim.ros2.nodes] ROS2 TF aggregation contributor '/World/Nova_Carter_ROS/chassis_link/sensors/XT_32/ROS_TF/PublisherTF' did not submit transforms for topic '/tf' on flush cycle 5423
2026-09-30T16:49:08Z [110,474ms] [Warning] [isaacsim.ros2.nodes] ROS2 TF aggregation contributor '/World/Nova_Carter_ROS/chassis_link/sensors/rear_RPLidar/ROS_TF/PublisherTF' did not submit transforms for topic '/tf' on flush cycle 5423
2026-09-30T16:49:08Z [110,474ms] [Warning] [isaacsim.ros2.nodes] ROS2 TF aggregation contributor '/World/Nova_Carter_ROS/chassis_link/sensors/front_hawk/ROS_TF/PublisherTF' did not submit transforms for topic '/tf' on flush cycle 5423
2026-09-30T16:49:08Z [110,474ms] [Warning] [isaacsim.ros2.nodes] ROS2 TF aggregation contributor '/World/Nova_Carter_ROS/chassis_link/sensors/left_owl/ROS_TF/PublisherTF' did not submit transforms for topic '/tf' on flush cycle 5423
2026-09-30T16:49:08Z [110,474ms] [Warning] [isaacsim.ros2.nodes] ROS2 TF aggregation contributor '/World/Nova_Carter_ROS/chassis_link/sensors/front_owl/ROS_TF/PublisherTF' did not submit transforms for topic '/tf' on flush cycle 5423
2026-09-30T16:49:08Z [110,474ms] [Warning] [isaacsim.ros2.nodes] ROS2 TF aggregation contributor '/World/Nova_Carter_ROS/chassis_link/sensors/back_hawk/ROS_TF/PublisherTF' did not submit transforms for topic '/tf' on flush cycle 5423
2026-09-30T16:49:08Z [110,474ms] [Warning] [isaacsim.ros2.nodes] ROS2 TF aggregation contributor '/World/Nova_Carter_ROS/chassis_link/sensors/right_owl/ROS_TF/PublisherTF' did not submit transforms for topic '/tf' on flush cycle 5423
2026-09-30T16:49:08Z [110,474ms] [Warning] [isaacsim.ros2.nodes] ROS2 TF aggregation contributor '/World/Nova_Carter_ROS/chassis_link/sensors/right_hawk/ROS_TF/PublisherTF' did not submit transforms for topic '/tf' on flush cycle 5423
2026-09-30T16:49:08Z [110,474ms] [Warning] [isaacsim.ros2.nodes] ROS2 TF aggregation contributor '/World/Nova_Carter_ROS/chassis_link/sensors/left_hawk/ROS_TF/PublisherTF' did not submit transforms for topic '/tf' on flush cycle 5423
2026-09-30T16:49:08Z [110,474ms] [Warning] [isaacsim.ros2.nodes] ROS2 TF aggregation contributor '/World/Nova_Carter_ROS/chassis_link/sensors/back_owl/ROS_TF/PublisherTF' did not submit transforms for topic '/tf' on flush cycle 5423
2026-09-30T16:49:08Z [110,474ms] [Warning] [isaacsim.ros2.nodes] ROS2 TF aggregation contributor '/World/Nova_Carter_ROS/transform_tree_odometry/ros2_publish_raw_transform_tree' did not submit transforms for topic '/tf' on flush cycle 5423
2026-09-30T16:49:08Z [110,474ms] [Warning] [isaacsim.ros2.nodes] ROS2 TF aggregation contributor '/World/Nova_Carter_ROS/chassis_link/sensors/front_RPLidar/ROS_TF/PublisherTF' did not submit transforms for topic '/tf' on flush cycle 5423
2026-09-30T16:49:08Z [110,474ms] [Warning] [isaacsim.ros2.nodes] ROS2 TF aggregation contributor '/World/Nova_Carter_ROS/transform_tree_odometry/tf_tree_base_link_to_sensors' did not submit transforms for topic '/tf' on flush cycle 5423
2026-09-30T16:49:08Z [110,474ms] [Warning] [isaacsim.ros2.nodes] ROS2 TF aggregation contributor '/World/Nova_Carter_ROS/transform_tree_odometry/tf_tree_base_link_to_wheel_base' did not submit transforms for topic '/tf' on flush cycle 5423
2026-09-30T16:49:08Z [110,474ms] [Warning] [isaacsim.ros2.nodes] ROS2 TF aggregation contributor '/World/Nova_Carter_ROS/transform_tree_odometry/tf_tree_base_link_to_chassis' did not submit transforms for topic '/tf' on flush cycle 5423
2026-09-30T16:49:10Z [112,525ms] [Warning] [isaacsim.ros2.nodes] ROS2 TF aggregation contributor '/World/Nova_Carter_ROS/chassis_link/sensors/XT_32/ROS_TF/PublisherTF' did not submit transforms for topic '/tf' on flush cycle 5543
2026-09-30T16:49:10Z [112,525ms] [Warning] [isaacsim.ros2.nodes] ROS2 TF aggregation contributor '/World/Nova_Carter_ROS/chassis_link/sensors/rear_RPLidar/ROS_TF/PublisherTF' did not submit transforms for topic '/tf' on flush cycle 5543
2026-09-30T16:49:10Z [112,525ms] [Warning] [isaacsim.ros2.nodes] ROS2 TF aggregation contributor '/World/Nova_Carter_ROS/chassis_link/sensors/front_hawk/ROS_TF/PublisherTF' did not submit transforms for topic '/tf' on flush cycle 5543
2026-09-30T16:49:10Z [112,525ms] [Warning] [isaacsim.ros2.nodes] ROS2 TF aggregation contributor '/World/Nova_Carter_ROS/chassis_link/sensors/left_owl/ROS_TF/PublisherTF' did not submit transforms for topic '/tf' on flush cycle 5543
2026-09-30T16:49:10Z [112,525ms] [Warning] [isaacsim.ros2.nodes] ROS2 TF aggregation contributor '/World/Nova_Carter_ROS/chassis_link/sensors/front_owl/ROS_TF/PublisherTF' did not submit transforms for topic '/tf' on flush cycle 5543
2026-09-30T16:49:10Z [112,525ms] [Warning] [isaacsim.ros2.nodes] ROS2 TF aggregation contributor '/World/Nova_Carter_ROS/chassis_link/sensors/back_hawk/ROS_TF/PublisherTF' did not submit transforms for topic '/tf' on flush cycle 5543
2026-09-30T16:49:10Z [112,525ms] [Warning] [isaacsim.ros2.nodes] ROS2 TF aggregation contributor '/World/Nova_Carter_ROS/chassis_link/sensors/right_owl/ROS_TF/PublisherTF' did not submit transforms for topic '/tf' on flush cycle 5543
2026-09-30T16:49:10Z [112,525ms] [Warning] [isaacsim.ros2.nodes] ROS2 TF aggregation contributor '/World/Nova_Carter_ROS/chassis_link/sensors/right_hawk/ROS_TF/PublisherTF' did not submit transforms for topic '/tf' on flush cycle 5543
2026-09-30T16:49:10Z [112,525ms] [Warning] [isaacsim.ros2.nodes] ROS2 TF aggregation contributor '/World/Nova_Carter_ROS/chassis_link/sensors/left_hawk/ROS_TF/PublisherTF' did not submit transforms for topic '/tf' on flush cycle 5543
2026-09-30T16:49:10Z [112,525ms] [Warning] [isaacsim.ros2.nodes] ROS2 TF aggregation contributor '/World/Nova_Carter_ROS/chassis_link/sensors/back_owl/ROS_TF/PublisherTF' did not submit transforms for topic '/tf' on flush cycle 5543
2026-09-30T16:49:10Z [112,525ms] [Warning] [isaacsim.ros2.nodes] ROS2 TF aggregation contributor '/World/Nova_Carter_ROS/transform_tree_odometry/ros2_publish_raw_transform_tree' did not submit transforms for topic '/tf' on flush cycle 5543
2026-09-30T16:49:10Z [112,525ms] [Warning] [isaacsim.ros2.nodes] ROS2 TF aggregation contributor '/World/Nova_Carter_ROS/chassis_link/sensors/front_RPLidar/ROS_TF/PublisherTF' did not submit transforms for topic '/tf' on flush cycle 5543
2026-09-30T16:49:10Z [112,525ms] [Warning] [isaacsim.ros2.nodes] ROS2 TF aggregation contributor '/World/Nova_Carter_ROS/transform_tree_odometry/tf_tree_base_link_to_sensors' did not submit transforms for topic '/tf' on flush cycle 5543
2026-09-30T16:49:10Z [112,525ms] [Warning] [isaacsim.ros2.nodes] ROS2 TF aggregation contributor '/World/Nova_Carter_ROS/transform_tree_odometry/tf_tree_base_link_to_wheel_base' did not submit transforms for topic '/tf' on flush cycle 5543
2026-09-30T16:49:10Z [112,525ms] [Warning] [isaacsim.ros2.nodes] ROS2 TF aggregation contributor '/World/Nova_Carter_ROS/transform_tree_odometry/tf_tree_base_link_to_chassis' did not submit transforms for topic '/tf' on flush cycle 5543
2026-09-30T16:49:18Z [119,848ms] [Warning] [omni.graph.core.plugin] /World/Nova_Carter_ROS/differential_drive/differential_controller_01: [/World/Nova_Carter_ROS/differential_drive] Invalid deltaTime 0.000000, cannot check for acceleration limits, skipping current step
2026-09-30T16:49:22Z [124,248ms] [Warning] [isaacsim.ros2.nodes] ROS2 TF aggregation contributor '/World/Nova_Carter_ROS/chassis_link/sensors/XT_32/ROS_TF/PublisherTF' did not submit transforms for topic '/tf' on flush cycle 6184
2026-09-30T16:49:22Z [124,248ms] [Warning] [isaacsim.ros2.nodes] ROS2 TF aggregation contributor '/World/Nova_Carter_ROS/chassis_link/sensors/rear_RPLidar/ROS_TF/PublisherTF' did not submit transforms for topic '/tf' on flush cycle 6184
2026-09-30T16:49:22Z [124,248ms] [Warning] [isaacsim.ros2.nodes] ROS2 TF aggregation contributor '/World/Nova_Carter_ROS/chassis_link/sensors/front_hawk/ROS_TF/PublisherTF' did not submit transforms for topic '/tf' on flush cycle 6184
2026-09-30T16:49:22Z [124,248ms] [Warning] [isaacsim.ros2.nodes] ROS2 TF aggregation contributor '/World/Nova_Carter_ROS/chassis_link/sensors/left_owl/ROS_TF/PublisherTF' did not submit transforms for topic '/tf' on flush cycle 6184
2026-09-30T16:49:22Z [124,248ms] [Warning] [isaacsim.ros2.nodes] ROS2 TF aggregation contributor '/World/Nova_Carter_ROS/chassis_link/sensors/front_owl/ROS_TF/PublisherTF' did not submit transforms for topic '/tf' on flush cycle 6184
2026-09-30T16:49:22Z [124,248ms] [Warning] [isaacsim.ros2.nodes] ROS2 TF aggregation contributor '/World/Nova_Carter_ROS/chassis_link/sensors/back_hawk/ROS_TF/PublisherTF' did not submit transforms for topic '/tf' on flush cycle 6184
2026-09-30T16:49:22Z [124,248ms] [Warning] [isaacsim.ros2.nodes] ROS2 TF aggregation contributor '/World/Nova_Carter_ROS/chassis_link/sensors/right_owl/ROS_TF/PublisherTF' did not submit transforms for topic '/tf' on flush cycle 6184
2026-09-30T16:49:22Z [124,248ms] [Warning] [isaacsim.ros2.nodes] ROS2 TF aggregation contributor '/World/Nova_Carter_ROS/chassis_link/sensors/right_hawk/ROS_TF/PublisherTF' did not submit transforms for topic '/tf' on flush cycle 6184
2026-09-30T16:49:22Z [124,248ms] [Warning] [isaacsim.ros2.nodes] ROS2 TF aggregation contributor '/World/Nova_Carter_ROS/chassis_link/sensors/left_hawk/ROS_TF/PublisherTF' did not submit transforms for topic '/tf' on flush cycle 6184
2026-09-30T16:49:22Z [124,248ms] [Warning] [isaacsim.ros2.nodes] ROS2 TF aggregation contributor '/World/Nova_Carter_ROS/chassis_link/sensors/back_owl/ROS_TF/PublisherTF' did not submit transforms for topic '/tf' on flush cycle 6184
2026-09-30T16:49:22Z [124,248ms] [Warning] [isaacsim.ros2.nodes] ROS2 TF aggregation contributor '/World/Nova_Carter_ROS/transform_tree_odometry/ros2_publish_raw_transform_tree' did not submit transforms for topic '/tf' on flush cycle 6184
2026-09-30T16:49:22Z [124,248ms] [Warning] [isaacsim.ros2.nodes] ROS2 TF aggregation contributor '/World/Nova_Carter_ROS/chassis_link/sensors/front_RPLidar/ROS_TF/PublisherTF' did not submit transforms for topic '/tf' on flush cycle 6184
2026-09-30T16:49:22Z [124,248ms] [Warning] [isaacsim.ros2.nodes] ROS2 TF aggregation contributor '/World/Nova_Carter_ROS/transform_tree_odometry/tf_tree_base_link_to_sensors' did not submit transforms for topic '/tf' on flush cycle 6184
2026-09-30T16:49:22Z [124,248ms] [Warning] [isaacsim.ros2.nodes] ROS2 TF aggregation contributor '/World/Nova_Carter_ROS/transform_tree_odometry/tf_tree_base_link_to_wheel_base' did not submit transforms for topic '/tf' on flush cycle 6184
2026-09-30T16:49:22Z [124,248ms] [Warning] [isaacsim.ros2.nodes] ROS2 TF aggregation contributor '/World/Nova_Carter_ROS/transform_tree_odometry/tf_tree_base_link_to_chassis' did not submit transforms for topic '/tf' on flush cycle 6184
2026-09-30T16:49:24Z [126,284ms] [Warning] [isaacsim.ros2.nodes] ROS2 TF aggregation contributor '/World/Nova_Carter_ROS/chassis_link/sensors/XT_32/ROS_TF/PublisherTF' did not submit transforms for topic '/tf' on flush cycle 6304
2026-09-30T16:49:24Z [126,284ms] [Warning] [isaacsim.ros2.nodes] ROS2 TF aggregation contributor '/World/Nova_Carter_ROS/chassis_link/sensors/rear_RPLidar/ROS_TF/PublisherTF' did not submit transforms for topic '/tf' on flush cycle 6304
2026-09-30T16:49:24Z [126,284ms] [Warning] [isaacsim.ros2.nodes] ROS2 TF aggregation contributor '/World/Nova_Carter_ROS/chassis_link/sensors/front_hawk/ROS_TF/PublisherTF' did not submit transforms for topic '/tf' on flush cycle 6304
2026-09-30T16:49:24Z [126,284ms] [Warning] [isaacsim.ros2.nodes] ROS2 TF aggregation contributor '/World/Nova_Carter_ROS/chassis_link/sensors/left_owl/ROS_TF/PublisherTF' did not submit transforms for topic '/tf' on flush cycle 6304
2026-09-30T16:49:24Z [126,284ms] [Warning] [isaacsim.ros2.nodes] ROS2 TF aggregation contributor '/World/Nova_Carter_ROS/chassis_link/sensors/front_owl/ROS_TF/PublisherTF' did not submit transforms for topic '/tf' on flush cycle 6304
2026-09-30T16:49:24Z [126,284ms] [Warning] [isaacsim.ros2.nodes] ROS2 TF aggregation contributor '/World/Nova_Carter_ROS/chassis_link/sensors/back_hawk/ROS_TF/PublisherTF' did not submit transforms for topic '/tf' on flush cycle 6304
2026-09-30T16:49:24Z [126,284ms] [Warning] [isaacsim.ros2.nodes] ROS2 TF aggregation contributor '/World/Nova_Carter_ROS/chassis_link/sensors/right_owl/ROS_TF/PublisherTF' did not submit transforms for topic '/tf' on flush cycle 6304
2026-09-30T16:49:24Z [126,284ms] [Warning] [isaacsim.ros2.nodes] ROS2 TF aggregation contributor '/World/Nova_Carter_ROS/chassis_link/sensors/right_hawk/ROS_TF/PublisherTF' did not submit transforms for topic '/tf' on flush cycle 6304
2026-09-30T16:49:24Z [126,284ms] [Warning] [isaacsim.ros2.nodes] ROS2 TF aggregation contributor '/World/Nova_Carter_ROS/chassis_link/sensors/left_hawk/ROS_TF/PublisherTF' did not submit transforms for topic '/tf' on flush cycle 6304
2026-09-30T16:49:24Z [126,284ms] [Warning] [isaacsim.ros2.nodes] ROS2 TF aggregation contributor '/World/Nova_Carter_ROS/chassis_link/sensors/back_owl/ROS_TF/PublisherTF' did not submit transforms for topic '/tf' on flush cycle 6304
2026-09-30T16:49:24Z [126,284ms] [Warning] [isaacsim.ros2.nodes] ROS2 TF aggregation contributor '/World/Nova_Carter_ROS/transform_tree_odometry/ros2_publish_raw_transform_tree' did not submit transforms for topic '/tf' on flush cycle 6304
2026-09-30T16:49:24Z [126,284ms] [Warning] [isaacsim.ros2.nodes] ROS2 TF aggregation contributor '/World/Nova_Carter_ROS/chassis_link/sensors/front_RPLidar/ROS_TF/PublisherTF' did not submit transforms for topic '/tf' on flush cycle 6304
2026-09-30T16:49:24Z [126,284ms] [Warning] [isaacsim.ros2.nodes] ROS2 TF aggregation contributor '/World/Nova_Carter_ROS/transform_tree_odometry/tf_tree_base_link_to_sensors' did not submit transforms for topic '/tf' on flush cycle 6304
2026-09-30T16:49:24Z [126,284ms] [Warning] [isaacsim.ros2.nodes] ROS2 TF aggregation contributor '/World/Nova_Carter_ROS/transform_tree_odometry/tf_tree_base_link_to_wheel_base' did not submit transforms for topic '/tf' on flush cycle 6304
2026-09-30T16:49:24Z [126,284ms] [Warning] [isaacsim.ros2.nodes] ROS2 TF aggregation contributor '/World/Nova_Carter_ROS/transform_tree_odometry/tf_tree_base_link_to_chassis' did not submit transforms for topic '/tf' on flush cycle 6304
2026-09-30T16:49:26Z [128,325ms] [Warning] [isaacsim.ros2.nodes] ROS2 TF aggregation contributor '/World/Nova_Carter_ROS/chassis_link/sensors/XT_32/ROS_TF/PublisherTF' did not submit transforms for topic '/tf' on flush cycle 6424
2026-09-30T16:49:26Z [128,325ms] [Warning] [isaacsim.ros2.nodes] ROS2 TF aggregation contributor '/World/Nova_Carter_ROS/chassis_link/sensors/rear_RPLidar/ROS_TF/PublisherTF' did not submit transforms for topic '/tf' on flush cycle 6424
2026-09-30T16:49:26Z [128,325ms] [Warning] [isaacsim.ros2.nodes] ROS2 TF aggregation contributor '/World/Nova_Carter_ROS/chassis_link/sensors/front_hawk/ROS_TF/PublisherTF' did not submit transforms for topic '/tf' on flush cycle 6424
2026-09-30T16:49:26Z [128,325ms] [Warning] [isaacsim.ros2.nodes] ROS2 TF aggregation contributor '/World/Nova_Carter_ROS/chassis_link/sensors/left_owl/ROS_TF/PublisherTF' did not submit transforms for topic '/tf' on flush cycle 6424
2026-09-30T16:49:26Z [128,325ms] [Warning] [isaacsim.ros2.nodes] ROS2 TF aggregation contributor '/World/Nova_Carter_ROS/chassis_link/sensors/front_owl/ROS_TF/PublisherTF' did not submit transforms for topic '/tf' on flush cycle 6424
2026-09-30T16:49:26Z [128,325ms] [Warning] [isaacsim.ros2.nodes] ROS2 TF aggregation contributor '/World/Nova_Carter_ROS/chassis_link/sensors/back_hawk/ROS_TF/PublisherTF' did not submit transforms for topic '/tf' on flush cycle 6424
2026-09-30T16:49:26Z [128,325ms] [Warning] [isaacsim.ros2.nodes] ROS2 TF aggregation contributor '/World/Nova_Carter_ROS/chassis_link/sensors/right_owl/ROS_TF/PublisherTF' did not submit transforms for topic '/tf' on flush cycle 6424
2026-09-30T16:49:26Z [128,325ms] [Warning] [isaacsim.ros2.nodes] ROS2 TF aggregation contributor '/World/Nova_Carter_ROS/chassis_link/sensors/right_hawk/ROS_TF/PublisherTF' did not submit transforms for topic '/tf' on flush cycle 6424
2026-09-30T16:49:26Z [128,325ms] [Warning] [isaacsim.ros2.nodes] ROS2 TF aggregation contributor '/World/Nova_Carter_ROS/chassis_link/sensors/left_hawk/ROS_TF/PublisherTF' did not submit transforms for topic '/tf' on flush cycle 6424
2026-09-30T16:49:26Z [128,325ms] [Warning] [isaacsim.ros2.nodes] ROS2 TF aggregation contributor '/World/Nova_Carter_ROS/chassis_link/sensors/back_owl/ROS_TF/PublisherTF' did not submit transforms for topic '/tf' on flush cycle 6424
2026-09-30T16:49:26Z [128,325ms] [Warning] [isaacsim.ros2.nodes] ROS2 TF aggregation contributor '/World/Nova_Carter_ROS/transform_tree_odometry/ros2_publish_raw_transform_tree' did not submit transforms for topic '/tf' on flush cycle 6424
2026-09-30T16:49:26Z [128,325ms] [Warning] [isaacsim.ros2.nodes] ROS2 TF aggregation contributor '/World/Nova_Carter_ROS/chassis_link/sensors/front_RPLidar/ROS_TF/PublisherTF' did not submit transforms for topic '/tf' on flush cycle 6424
2026-09-30T16:49:26Z [128,325ms] [Warning] [isaacsim.ros2.nodes] ROS2 TF aggregation contributor '/World/Nova_Carter_ROS/transform_tree_odometry/tf_tree_base_link_to_sensors' did not submit transforms for topic '/tf' on flush cycle 6424
2026-09-30T16:49:26Z [128,325ms] [Warning] [isaacsim.ros2.nodes] ROS2 TF aggregation contributor '/World/Nova_Carter_ROS/transform_tree_odometry/tf_tree_base_link_to_wheel_base' did not submit transforms for topic '/tf' on flush cycle 6424
2026-09-30T16:49:26Z [128,326ms] [Warning] [isaacsim.ros2.nodes] ROS2 TF aggregation contributor '/World/Nova_Carter_ROS/transform_tree_odometry/tf_tree_base_link_to_chassis' did not submit transforms for topic '/tf' on flush cycle 6424
2026-09-30T16:49:28Z [130,466ms] [Warning] [isaacsim.ros2.nodes] ROS2 TF aggregation contributor '/World/Nova_Carter_ROS/chassis_link/sensors/XT_32/ROS_TF/PublisherTF' did not submit transforms for topic '/tf' on flush cycle 6544
2026-09-30T16:49:28Z [130,466ms] [Warning] [isaacsim.ros2.nodes] ROS2 TF aggregation contributor '/World/Nova_Carter_ROS/chassis_link/sensors/rear_RPLidar/ROS_TF/PublisherTF' did not submit transforms for topic '/tf' on flush cycle 6544
2026-09-30T16:49:28Z [130,466ms] [Warning] [isaacsim.ros2.nodes] ROS2 TF aggregation contributor '/World/Nova_Carter_ROS/chassis_link/sensors/front_hawk/ROS_TF/PublisherTF' did not submit transforms for topic '/tf' on flush cycle 6544
2026-09-30T16:49:28Z [130,466ms] [Warning] [isaacsim.ros2.nodes] ROS2 TF aggregation contributor '/World/Nova_Carter_ROS/chassis_link/sensors/left_owl/ROS_TF/PublisherTF' did not submit transforms for topic '/tf' on flush cycle 6544
2026-09-30T16:49:28Z [130,466ms] [Warning] [isaacsim.ros2.nodes] ROS2 TF aggregation contributor '/World/Nova_Carter_ROS/chassis_link/sensors/front_owl/ROS_TF/PublisherTF' did not submit transforms for topic '/tf' on flush cycle 6544
2026-09-30T16:49:28Z [130,466ms] [Warning] [isaacsim.ros2.nodes] ROS2 TF aggregation contributor '/World/Nova_Carter_ROS/chassis_link/sensors/back_hawk/ROS_TF/PublisherTF' did not submit transforms for topic '/tf' on flush cycle 6544
2026-09-30T16:49:28Z [130,466ms] [Warning] [isaacsim.ros2.nodes] ROS2 TF aggregation contributor '/World/Nova_Carter_ROS/chassis_link/sensors/right_owl/ROS_TF/PublisherTF' did not submit transforms for topic '/tf' on flush cycle 6544
2026-09-30T16:49:28Z [130,466ms] [Warning] [isaacsim.ros2.nodes] ROS2 TF aggregation contributor '/World/Nova_Carter_ROS/chassis_link/sensors/right_hawk/ROS_TF/PublisherTF' did not submit transforms for topic '/tf' on flush cycle 6544
2026-09-30T16:49:28Z [130,466ms] [Warning] [isaacsim.ros2.nodes] ROS2 TF aggregation contributor '/World/Nova_Carter_ROS/chassis_link/sensors/left_hawk/ROS_TF/PublisherTF' did not submit transforms for topic '/tf' on flush cycle 6544
2026-09-30T16:49:28Z [130,466ms] [Warning] [isaacsim.ros2.nodes] ROS2 TF aggregation contributor '/World/Nova_Carter_ROS/chassis_link/sensors/back_owl/ROS_TF/PublisherTF' did not submit transforms for topic '/tf' on flush cycle 6544
2026-09-30T16:49:28Z [130,466ms] [Warning] [isaacsim.ros2.nodes] ROS2 TF aggregation contributor '/World/Nova_Carter_ROS/transform_tree_odometry/ros2_publish_raw_transform_tree' did not submit transforms for topic '/tf' on flush cycle 6544
2026-09-30T16:49:28Z [130,466ms] [Warning] [isaacsim.ros2.nodes] ROS2 TF aggregation contributor '/World/Nova_Carter_ROS/chassis_link/sensors/front_RPLidar/ROS_TF/PublisherTF' did not submit transforms for topic '/tf' on flush cycle 6544
2026-09-30T16:49:28Z [130,466ms] [Warning] [isaacsim.ros2.nodes] ROS2 TF aggregation contributor '/World/Nova_Carter_ROS/transform_tree_odometry/tf_tree_base_link_to_sensors' did not submit transforms for topic '/tf' on flush cycle 6544
2026-09-30T16:49:28Z [130,466ms] [Warning] [isaacsim.ros2.nodes] ROS2 TF aggregation contributor '/World/Nova_Carter_ROS/transform_tree_odometry/tf_tree_base_link_to_wheel_base' did not submit transforms for topic '/tf' on flush cycle 6544
2026-09-30T16:49:28Z [130,466ms] [Warning] [isaacsim.ros2.nodes] ROS2 TF aggregation contributor '/World/Nova_Carter_ROS/transform_tree_odometry/tf_tree_base_link_to_chassis' did not submit transforms for topic '/tf' on flush cycle 6544
2026-09-30T16:49:30Z [132,516ms] [Warning] [isaacsim.ros2.nodes] ROS2 TF aggregation contributor '/World/Nova_Carter_ROS/chassis_link/sensors/XT_32/ROS_TF/PublisherTF' did not submit transforms for topic '/tf' on flush cycle 6664
2026-09-30T16:49:30Z [132,517ms] [Warning] [isaacsim.ros2.nodes] ROS2 TF aggregation contributor '/World/Nova_Carter_ROS/chassis_link/sensors/rear_RPLidar/ROS_TF/PublisherTF' did not submit transforms for topic '/tf' on flush cycle 6664
2026-09-30T16:49:30Z [132,517ms] [Warning] [isaacsim.ros2.nodes] ROS2 TF aggregation contributor '/World/Nova_Carter_ROS/chassis_link/sensors/front_hawk/ROS_TF/PublisherTF' did not submit transforms for topic '/tf' on flush cycle 6664
2026-09-30T16:49:30Z [132,517ms] [Warning] [isaacsim.ros2.nodes] ROS2 TF aggregation contributor '/World/Nova_Carter_ROS/chassis_link/sensors/left_owl/ROS_TF/PublisherTF' did not submit transforms for topic '/tf' on flush cycle 6664
2026-09-30T16:49:30Z [132,517ms] [Warning] [isaacsim.ros2.nodes] ROS2 TF aggregation contributor '/World/Nova_Carter_ROS/chassis_link/sensors/front_owl/ROS_TF/PublisherTF' did not submit transforms for topic '/tf' on flush cycle 6664
2026-09-30T16:49:30Z [132,517ms] [Warning] [isaacsim.ros2.nodes] ROS2 TF aggregation contributor '/World/Nova_Carter_ROS/chassis_link/sensors/back_hawk/ROS_TF/PublisherTF' did not submit transforms for topic '/tf' on flush cycle 6664
2026-09-30T16:49:30Z [132,517ms] [Warning] [isaacsim.ros2.nodes] ROS2 TF aggregation contributor '/World/Nova_Carter_ROS/chassis_link/sensors/right_owl/ROS_TF/PublisherTF' did not submit transforms for topic '/tf' on flush cycle 6664
2026-09-30T16:49:30Z [132,517ms] [Warning] [isaacsim.ros2.nodes] ROS2 TF aggregation contributor '/World/Nova_Carter_ROS/chassis_link/sensors/right_hawk/ROS_TF/PublisherTF' did not submit transforms for topic '/tf' on flush cycle 6664
2026-09-30T16:49:30Z [132,517ms] [Warning] [isaacsim.ros2.nodes] ROS2 TF aggregation contributor '/World/Nova_Carter_ROS/chassis_link/sensors/left_hawk/ROS_TF/PublisherTF' did not submit transforms for topic '/tf' on flush cycle 6664
2026-09-30T16:49:30Z [132,517ms] [Warning] [isaacsim.ros2.nodes] ROS2 TF aggregation contributor '/World/Nova_Carter_ROS/chassis_link/sensors/back_owl/ROS_TF/PublisherTF' did not submit transforms for topic '/tf' on flush cycle 6664
2026-09-30T16:49:30Z [132,517ms] [Warning] [isaacsim.ros2.nodes] ROS2 TF aggregation contributor '/World/Nova_Carter_ROS/transform_tree_odometry/ros2_publish_raw_transform_tree' did not submit transforms for topic '/tf' on flush cycle 6664
2026-09-30T16:49:30Z [132,517ms] [Warning] [isaacsim.ros2.nodes] ROS2 TF aggregation contributor '/World/Nova_Carter_ROS/chassis_link/sensors/front_RPLidar/ROS_TF/PublisherTF' did not submit transforms for topic '/tf' on flush cycle 6664
2026-09-30T16:49:30Z [132,517ms] [Warning] [isaacsim.ros2.nodes] ROS2 TF aggregation contributor '/World/Nova_Carter_ROS/transform_tree_odometry/tf_tree_base_link_to_sensors' did not submit transforms for topic '/tf' on flush cycle 6664
2026-09-30T16:49:30Z [132,517ms] [Warning] [isaacsim.ros2.nodes] ROS2 TF aggregation contributor '/World/Nova_Carter_ROS/transform_tree_odometry/tf_tree_base_link_to_wheel_base' did not submit transforms for topic '/tf' on flush cycle 6664
2026-09-30T16:49:30Z [132,517ms] [Warning] [isaacsim.ros2.nodes] ROS2 TF aggregation contributor '/World/Nova_Carter_ROS/transform_tree_odometry/tf_tree_base_link_to_chassis' did not submit transforms for topic '/tf' on flush cycle 6664
2026-09-30T16:49:32Z [134,567ms] [Warning] [isaacsim.ros2.nodes] ROS2 TF aggregation contributor '/World/Nova_Carter_ROS/chassis_link/sensors/XT_32/ROS_TF/PublisherTF' did not submit transforms for topic '/tf' on flush cycle 6784
2026-09-30T16:49:32Z [134,567ms] [Warning] [isaacsim.ros2.nodes] ROS2 TF aggregation contributor '/World/Nova_Carter_ROS/chassis_link/sensors/rear_RPLidar/ROS_TF/PublisherTF' did not submit transforms for topic '/tf' on flush cycle 6784
2026-09-30T16:49:32Z [134,567ms] [Warning] [isaacsim.ros2.nodes] ROS2 TF aggregation contributor '/World/Nova_Carter_ROS/chassis_link/sensors/front_hawk/ROS_TF/PublisherTF' did not submit transforms for topic '/tf' on flush cycle 6784
2026-09-30T16:49:32Z [134,567ms] [Warning] [isaacsim.ros2.nodes] ROS2 TF aggregation contributor '/World/Nova_Carter_ROS/chassis_link/sensors/left_owl/ROS_TF/PublisherTF' did not submit transforms for topic '/tf' on flush cycle 6784
2026-09-30T16:49:32Z [134,567ms] [Warning] [isaacsim.ros2.nodes] ROS2 TF aggregation contributor '/World/Nova_Carter_ROS/chassis_link/sensors/front_owl/ROS_TF/PublisherTF' did not submit transforms for topic '/tf' on flush cycle 6784
2026-09-30T16:49:32Z [134,567ms] [Warning] [isaacsim.ros2.nodes] ROS2 TF aggregation contributor '/World/Nova_Carter_ROS/chassis_link/sensors/back_hawk/ROS_TF/PublisherTF' did not submit transforms for topic '/tf' on flush cycle 6784
2026-09-30T16:49:32Z [134,567ms] [Warning] [isaacsim.ros2.nodes] ROS2 TF aggregation contributor '/World/Nova_Carter_ROS/chassis_link/sensors/right_owl/ROS_TF/PublisherTF' did not submit transforms for topic '/tf' on flush cycle 6784
2026-09-30T16:49:32Z [134,567ms] [Warning] [isaacsim.ros2.nodes] ROS2 TF aggregation contributor '/World/Nova_Carter_ROS/chassis_link/sensors/right_hawk/ROS_TF/PublisherTF' did not submit transforms for topic '/tf' on flush cycle 6784
2026-09-30T16:49:32Z [134,567ms] [Warning] [isaacsim.ros2.nodes] ROS2 TF aggregation contributor '/World/Nova_Carter_ROS/chassis_link/sensors/left_hawk/ROS_TF/PublisherTF' did not submit transforms for topic '/tf' on flush cycle 6784
2026-09-30T16:49:32Z [134,567ms] [Warning] [isaacsim.ros2.nodes] ROS2 TF aggregation contributor '/World/Nova_Carter_ROS/chassis_link/sensors/back_owl/ROS_TF/PublisherTF' did not submit transforms for topic '/tf' on flush cycle 6784
2026-09-30T16:49:32Z [134,567ms] [Warning] [isaacsim.ros2.nodes] ROS2 TF aggregation contributor '/World/Nova_Carter_ROS/transform_tree_odometry/ros2_publish_raw_transform_tree' did not submit transforms for topic '/tf' on flush cycle 6784
2026-09-30T16:49:32Z [134,567ms] [Warning] [isaacsim.ros2.nodes] ROS2 TF aggregation contributor '/World/Nova_Carter_ROS/chassis_link/sensors/front_RPLidar/ROS_TF/PublisherTF' did not submit transforms for topic '/tf' on flush cycle 6784
2026-09-30T16:49:32Z [134,567ms] [Warning] [isaacsim.ros2.nodes] ROS2 TF aggregation contributor '/World/Nova_Carter_ROS/transform_tree_odometry/tf_tree_base_link_to_sensors' did not submit transforms for topic '/tf' on flush cycle 6784
2026-09-30T16:49:32Z [134,567ms] [Warning] [isaacsim.ros2.nodes] ROS2 TF aggregation contributor '/World/Nova_Carter_ROS/transform_tree_odometry/tf_tree_base_link_to_wheel_base' did not submit transforms for topic '/tf' on flush cycle 6784
2026-09-30T16:49:32Z [134,567ms] [Warning] [isaacsim.ros2.nodes] ROS2 TF aggregation contributor '/World/Nova_Carter_ROS/transform_tree_odometry/tf_tree_base_link_to_chassis' did not submit transforms for topic '/tf' on flush cycle 6784
2026-09-30T16:49:34Z [136,618ms] [Warning] [isaacsim.ros2.nodes] ROS2 TF aggregation contributor '/World/Nova_Carter_ROS/chassis_link/sensors/XT_32/ROS_TF/PublisherTF' did not submit transforms for topic '/tf' on flush cycle 6904
2026-09-30T16:49:34Z [136,618ms] [Warning] [isaacsim.ros2.nodes] ROS2 TF aggregation contributor '/World/Nova_Carter_ROS/chassis_link/sensors/rear_RPLidar/ROS_TF/PublisherTF' did not submit transforms for topic '/tf' on flush cycle 6904
2026-09-30T16:49:34Z [136,618ms] [Warning] [isaacsim.ros2.nodes] ROS2 TF aggregation contributor '/World/Nova_Carter_ROS/chassis_link/sensors/front_hawk/ROS_TF/PublisherTF' did not submit transforms for topic '/tf' on flush cycle 6904
2026-09-30T16:49:34Z [136,618ms] [Warning] [isaacsim.ros2.nodes] ROS2 TF aggregation contributor '/World/Nova_Carter_ROS/chassis_link/sensors/left_owl/ROS_TF/PublisherTF' did not submit transforms for topic '/tf' on flush cycle 6904
2026-09-30T16:49:34Z [136,618ms] [Warning] [isaacsim.ros2.nodes] ROS2 TF aggregation contributor '/World/Nova_Carter_ROS/chassis_link/sensors/front_owl/ROS_TF/PublisherTF' did not submit transforms for topic '/tf' on flush cycle 6904
2026-09-30T16:49:34Z [136,618ms] [Warning] [isaacsim.ros2.nodes] ROS2 TF aggregation contributor '/World/Nova_Carter_ROS/chassis_link/sensors/back_hawk/ROS_TF/PublisherTF' did not submit transforms for topic '/tf' on flush cycle 6904
2026-09-30T16:49:34Z [136,618ms] [Warning] [isaacsim.ros2.nodes] ROS2 TF aggregation contributor '/World/Nova_Carter_ROS/chassis_link/sensors/right_owl/ROS_TF/PublisherTF' did not submit transforms for topic '/tf' on flush cycle 6904
2026-09-30T16:49:34Z [136,618ms] [Warning] [isaacsim.ros2.nodes] ROS2 TF aggregation contributor '/World/Nova_Carter_ROS/chassis_link/sensors/right_hawk/ROS_TF/PublisherTF' did not submit transforms for topic '/tf' on flush cycle 6904
2026-09-30T16:49:34Z [136,618ms] [Warning] [isaacsim.ros2.nodes] ROS2 TF aggregation contributor '/World/Nova_Carter_ROS/chassis_link/sensors/left_hawk/ROS_TF/PublisherTF' did not submit transforms for topic '/tf' on flush cycle 6904
2026-09-30T16:49:34Z [136,618ms] [Warning] [isaacsim.ros2.nodes] ROS2 TF aggregation contributor '/World/Nova_Carter_ROS/chassis_link/sensors/back_owl/ROS_TF/PublisherTF' did not submit transforms for topic '/tf' on flush cycle 6904
2026-09-30T16:49:34Z [136,618ms] [Warning] [isaacsim.ros2.nodes] ROS2 TF aggregation contributor '/World/Nova_Carter_ROS/transform_tree_odometry/ros2_publish_raw_transform_tree' did not submit transforms for topic '/tf' on flush cycle 6904
2026-09-30T16:49:34Z [136,618ms] [Warning] [isaacsim.ros2.nodes] ROS2 TF aggregation contributor '/World/Nova_Carter_ROS/chassis_link/sensors/front_RPLidar/ROS_TF/PublisherTF' did not submit transforms for topic '/tf' on flush cycle 6904
2026-09-30T16:49:34Z [136,618ms] [Warning] [isaacsim.ros2.nodes] ROS2 TF aggregation contributor '/World/Nova_Carter_ROS/transform_tree_odometry/tf_tree_base_link_to_sensors' did not submit transforms for topic '/tf' on flush cycle 6904
2026-09-30T16:49:34Z [136,618ms] [Warning] [isaacsim.ros2.nodes] ROS2 TF aggregation contributor '/World/Nova_Carter_ROS/transform_tree_odometry/tf_tree_base_link_to_wheel_base' did not submit transforms for topic '/tf' on flush cycle 6904
2026-09-30T16:49:34Z [136,618ms] [Warning] [isaacsim.ros2.nodes] ROS2 TF aggregation contributor '/World/Nova_Carter_ROS/transform_tree_odometry/tf_tree_base_link_to_chassis' did not submit transforms for topic '/tf' on flush cycle 6904
2026-09-30T16:49:44Z [146,438ms] [Warning] [isaacsim.ros2.nodes] ROS2 TF aggregation contributor '/World/Nova_Carter_ROS/chassis_link/sensors/XT_32/ROS_TF/PublisherTF' did not submit transforms for topic '/tf' on flush cycle 7439
2026-09-30T16:49:44Z [146,438ms] [Warning] [isaacsim.ros2.nodes] ROS2 TF aggregation contributor '/World/Nova_Carter_ROS/chassis_link/sensors/rear_RPLidar/ROS_TF/PublisherTF' did not submit transforms for topic '/tf' on flush cycle 7439
2026-09-30T16:49:44Z [146,438ms] [Warning] [isaacsim.ros2.nodes] ROS2 TF aggregation contributor '/World/Nova_Carter_ROS/chassis_link/sensors/front_hawk/ROS_TF/PublisherTF' did not submit transforms for topic '/tf' on flush cycle 7439
2026-09-30T16:49:44Z [146,438ms] [Warning] [isaacsim.ros2.nodes] ROS2 TF aggregation contributor '/World/Nova_Carter_ROS/chassis_link/sensors/left_owl/ROS_TF/PublisherTF' did not submit transforms for topic '/tf' on flush cycle 7439
2026-09-30T16:49:44Z [146,438ms] [Warning] [isaacsim.ros2.nodes] ROS2 TF aggregation contributor '/World/Nova_Carter_ROS/chassis_link/sensors/front_owl/ROS_TF/PublisherTF' did not submit transforms for topic '/tf' on flush cycle 7439
2026-09-30T16:49:44Z [146,438ms] [Warning] [isaacsim.ros2.nodes] ROS2 TF aggregation contributor '/World/Nova_Carter_ROS/chassis_link/sensors/back_hawk/ROS_TF/PublisherTF' did not submit transforms for topic '/tf' on flush cycle 7439
2026-09-30T16:49:44Z [146,438ms] [Warning] [isaacsim.ros2.nodes] ROS2 TF aggregation contributor '/World/Nova_Carter_ROS/chassis_link/sensors/right_owl/ROS_TF/PublisherTF' did not submit transforms for topic '/tf' on flush cycle 7439
2026-09-30T16:49:44Z [146,438ms] [Warning] [isaacsim.ros2.nodes] ROS2 TF aggregation contributor '/World/Nova_Carter_ROS/chassis_link/sensors/right_hawk/ROS_TF/PublisherTF' did not submit transforms for topic '/tf' on flush cycle 7439
2026-09-30T16:49:44Z [146,438ms] [Warning] [isaacsim.ros2.nodes] ROS2 TF aggregation contributor '/World/Nova_Carter_ROS/chassis_link/sensors/left_hawk/ROS_TF/PublisherTF' did not submit transforms for topic '/tf' on flush cycle 7439
2026-09-30T16:49:44Z [146,438ms] [Warning] [isaacsim.ros2.nodes] ROS2 TF aggregation contributor '/World/Nova_Carter_ROS/chassis_link/sensors/back_owl/ROS_TF/PublisherTF' did not submit transforms for topic '/tf' on flush cycle 7439
2026-09-30T16:49:44Z [146,438ms] [Warning] [isaacsim.ros2.nodes] ROS2 TF aggregation contributor '/World/Nova_Carter_ROS/transform_tree_odometry/ros2_publish_raw_transform_tree' did not submit transforms for topic '/tf' on flush cycle 7439
2026-09-30T16:49:44Z [146,438ms] [Warning] [isaacsim.ros2.nodes] ROS2 TF aggregation contributor '/World/Nova_Carter_ROS/chassis_link/sensors/front_RPLidar/ROS_TF/PublisherTF' did not submit transforms for topic '/tf' on flush cycle 7439
2026-09-30T16:49:44Z [146,438ms] [Warning] [isaacsim.ros2.nodes] ROS2 TF aggregation contributor '/World/Nova_Carter_ROS/transform_tree_odometry/tf_tree_base_link_to_sensors' did not submit transforms for topic '/tf' on flush cycle 7439
2026-09-30T16:49:44Z [146,438ms] [Warning] [isaacsim.ros2.nodes] ROS2 TF aggregation contributor '/World/Nova_Carter_ROS/transform_tree_odometry/tf_tree_base_link_to_wheel_base' did not submit transforms for topic '/tf' on flush cycle 7439
2026-09-30T16:49:44Z [146,438ms] [Warning] [isaacsim.ros2.nodes] ROS2 TF aggregation contributor '/World/Nova_Carter_ROS/transform_tree_odometry/tf_tree_base_link_to_chassis' did not submit transforms for topic '/tf' on flush cycle 7439
2026-09-30T16:49:46Z [148,473ms] [Warning] [isaacsim.ros2.nodes] ROS2 TF aggregation contributor '/World/Nova_Carter_ROS/chassis_link/sensors/XT_32/ROS_TF/PublisherTF' did not submit transforms for topic '/tf' on flush cycle 7559
2026-09-30T16:49:46Z [148,473ms] [Warning] [isaacsim.ros2.nodes] ROS2 TF aggregation contributor '/World/Nova_Carter_ROS/chassis_link/sensors/rear_RPLidar/ROS_TF/PublisherTF' did not submit transforms for topic '/tf' on flush cycle 7559
2026-09-30T16:49:46Z [148,473ms] [Warning] [isaacsim.ros2.nodes] ROS2 TF aggregation contributor '/World/Nova_Carter_ROS/chassis_link/sensors/front_hawk/ROS_TF/PublisherTF' did not submit transforms for topic '/tf' on flush cycle 7559
2026-09-30T16:49:46Z [148,474ms] [Warning] [isaacsim.ros2.nodes] ROS2 TF aggregation contributor '/World/Nova_Carter_ROS/chassis_link/sensors/left_owl/ROS_TF/PublisherTF' did not submit transforms for topic '/tf' on flush cycle 7559
2026-09-30T16:49:46Z [148,474ms] [Warning] [isaacsim.ros2.nodes] ROS2 TF aggregation contributor '/World/Nova_Carter_ROS/chassis_link/sensors/front_owl/ROS_TF/PublisherTF' did not submit transforms for topic '/tf' on flush cycle 7559
2026-09-30T16:49:46Z [148,474ms] [Warning] [isaacsim.ros2.nodes] ROS2 TF aggregation contributor '/World/Nova_Carter_ROS/chassis_link/sensors/back_hawk/ROS_TF/PublisherTF' did not submit transforms for topic '/tf' on flush cycle 7559
2026-09-30T16:49:46Z [148,474ms] [Warning] [isaacsim.ros2.nodes] ROS2 TF aggregation contributor '/World/Nova_Carter_ROS/chassis_link/sensors/right_owl/ROS_TF/PublisherTF' did not submit transforms for topic '/tf' on flush cycle 7559
2026-09-30T16:49:46Z [148,474ms] [Warning] [isaacsim.ros2.nodes] ROS2 TF aggregation contributor '/World/Nova_Carter_ROS/chassis_link/sensors/right_hawk/ROS_TF/PublisherTF' did not submit transforms for topic '/tf' on flush cycle 7559
2026-09-30T16:49:46Z [148,474ms] [Warning] [isaacsim.ros2.nodes] ROS2 TF aggregation contributor '/World/Nova_Carter_ROS/chassis_link/sensors/left_hawk/ROS_TF/PublisherTF' did not submit transforms for topic '/tf' on flush cycle 7559
2026-09-30T16:49:46Z [148,474ms] [Warning] [isaacsim.ros2.nodes] ROS2 TF aggregation contributor '/World/Nova_Carter_ROS/chassis_link/sensors/back_owl/ROS_TF/PublisherTF' did not submit transforms for topic '/tf' on flush cycle 7559
2026-09-30T16:49:46Z [148,474ms] [Warning] [isaacsim.ros2.nodes] ROS2 TF aggregation contributor '/World/Nova_Carter_ROS/transform_tree_odometry/ros2_publish_raw_transform_tree' did not submit transforms for topic '/tf' on flush cycle 7559
2026-09-30T16:49:46Z [148,474ms] [Warning] [isaacsim.ros2.nodes] ROS2 TF aggregation contributor '/World/Nova_Carter_ROS/chassis_link/sensors/front_RPLidar/ROS_TF/PublisherTF' did not submit transforms for topic '/tf' on flush cycle 7559
2026-09-30T16:49:46Z [148,474ms] [Warning] [isaacsim.ros2.nodes] ROS2 TF aggregation contributor '/World/Nova_Carter_ROS/transform_tree_odometry/tf_tree_base_link_to_sensors' did not submit transforms for topic '/tf' on flush cycle 7559
2026-09-30T16:49:46Z [148,474ms] [Warning] [isaacsim.ros2.nodes] ROS2 TF aggregation contributor '/World/Nova_Carter_ROS/transform_tree_odometry/tf_tree_base_link_to_wheel_base' did not submit transforms for topic '/tf' on flush cycle 7559
2026-09-30T16:49:46Z [148,474ms] [Warning] [isaacsim.ros2.nodes] ROS2 TF aggregation contributor '/World/Nova_Carter_ROS/transform_tree_odometry/tf_tree_base_link_to_chassis' did not submit transforms for topic '/tf' on flush cycle 7559
2026-09-30T16:49:48Z [150,563ms] [Warning] [isaacsim.ros2.nodes] ROS2 TF aggregation contributor '/World/Nova_Carter_ROS/chassis_link/sensors/XT_32/ROS_TF/PublisherTF' did not submit transforms for topic '/tf' on flush cycle 7679
2026-09-30T16:49:48Z [150,563ms] [Warning] [isaacsim.ros2.nodes] ROS2 TF aggregation contributor '/World/Nova_Carter_ROS/chassis_link/sensors/rear_RPLidar/ROS_TF/PublisherTF' did not submit transforms for topic '/tf' on flush cycle 7679
2026-09-30T16:49:48Z [150,563ms] [Warning] [isaacsim.ros2.nodes] ROS2 TF aggregation contributor '/World/Nova_Carter_ROS/chassis_link/sensors/front_hawk/ROS_TF/PublisherTF' did not submit transforms for topic '/tf' on flush cycle 7679
2026-09-30T16:49:48Z [150,563ms] [Warning] [isaacsim.ros2.nodes] ROS2 TF aggregation contributor '/World/Nova_Carter_ROS/chassis_link/sensors/left_owl/ROS_TF/PublisherTF' did not submit transforms for topic '/tf' on flush cycle 7679
2026-09-30T16:49:48Z [150,563ms] [Warning] [isaacsim.ros2.nodes] ROS2 TF aggregation contributor '/World/Nova_Carter_ROS/chassis_link/sensors/front_owl/ROS_TF/PublisherTF' did not submit transforms for topic '/tf' on flush cycle 7679
2026-09-30T16:49:48Z [150,563ms] [Warning] [isaacsim.ros2.nodes] ROS2 TF aggregation contributor '/World/Nova_Carter_ROS/chassis_link/sensors/back_hawk/ROS_TF/PublisherTF' did not submit transforms for topic '/tf' on flush cycle 7679
2026-09-30T16:49:48Z [150,563ms] [Warning] [isaacsim.ros2.nodes] ROS2 TF aggregation contributor '/World/Nova_Carter_ROS/chassis_link/sensors/right_owl/ROS_TF/PublisherTF' did not submit transforms for topic '/tf' on flush cycle 7679
2026-09-30T16:49:48Z [150,563ms] [Warning] [isaacsim.ros2.nodes] ROS2 TF aggregation contributor '/World/Nova_Carter_ROS/chassis_link/sensors/right_hawk/ROS_TF/PublisherTF' did not submit transforms for topic '/tf' on flush cycle 7679
2026-09-30T16:49:48Z [150,563ms] [Warning] [isaacsim.ros2.nodes] ROS2 TF aggregation contributor '/World/Nova_Carter_ROS/chassis_link/sensors/left_hawk/ROS_TF/PublisherTF' did not submit transforms for topic '/tf' on flush cycle 7679
2026-09-30T16:49:48Z [150,563ms] [Warning] [isaacsim.ros2.nodes] ROS2 TF aggregation contributor '/World/Nova_Carter_ROS/chassis_link/sensors/back_owl/ROS_TF/PublisherTF' did not submit transforms for topic '/tf' on flush cycle 7679
2026-09-30T16:49:48Z [150,563ms] [Warning] [isaacsim.ros2.nodes] ROS2 TF aggregation contributor '/World/Nova_Carter_ROS/transform_tree_odometry/ros2_publish_raw_transform_tree' did not submit transforms for topic '/tf' on flush cycle 7679
2026-09-30T16:49:48Z [150,563ms] [Warning] [isaacsim.ros2.nodes] ROS2 TF aggregation contributor '/World/Nova_Carter_ROS/chassis_link/sensors/front_RPLidar/ROS_TF/PublisherTF' did not submit transforms for topic '/tf' on flush cycle 7679
2026-09-30T16:49:48Z [150,563ms] [Warning] [isaacsim.ros2.nodes] ROS2 TF aggregation contributor '/World/Nova_Carter_ROS/transform_tree_odometry/tf_tree_base_link_to_sensors' did not submit transforms for topic '/tf' on flush cycle 7679
2026-09-30T16:49:48Z [150,563ms] [Warning] [isaacsim.ros2.nodes] ROS2 TF aggregation contributor '/World/Nova_Carter_ROS/transform_tree_odometry/tf_tree_base_link_to_wheel_base' did not submit transforms for topic '/tf' on flush cycle 7679
2026-09-30T16:49:48Z [150,563ms] [Warning] [isaacsim.ros2.nodes] ROS2 TF aggregation contributor '/World/Nova_Carter_ROS/transform_tree_odometry/tf_tree_base_link_to_chassis' did not submit transforms for topic '/tf' on flush cycle 7679
2026-09-30T16:49:50Z [152,608ms] [Warning] [isaacsim.ros2.nodes] ROS2 TF aggregation contributor '/World/Nova_Carter_ROS/chassis_link/sensors/XT_32/ROS_TF/PublisherTF' did not submit transforms for topic '/tf' on flush cycle 7799
2026-09-30T16:49:50Z [152,608ms] [Warning] [isaacsim.ros2.nodes] ROS2 TF aggregation contributor '/World/Nova_Carter_ROS/chassis_link/sensors/rear_RPLidar/ROS_TF/PublisherTF' did not submit transforms for topic '/tf' on flush cycle 7799
2026-09-30T16:49:50Z [152,608ms] [Warning] [isaacsim.ros2.nodes] ROS2 TF aggregation contributor '/World/Nova_Carter_ROS/chassis_link/sensors/front_hawk/ROS_TF/PublisherTF' did not submit transforms for topic '/tf' on flush cycle 7799
2026-09-30T16:49:50Z [152,608ms] [Warning] [isaacsim.ros2.nodes] ROS2 TF aggregation contributor '/World/Nova_Carter_ROS/chassis_link/sensors/left_owl/ROS_TF/PublisherTF' did not submit transforms for topic '/tf' on flush cycle 7799
2026-09-30T16:49:50Z [152,608ms] [Warning] [isaacsim.ros2.nodes] ROS2 TF aggregation contributor '/World/Nova_Carter_ROS/chassis_link/sensors/front_owl/ROS_TF/PublisherTF' did not submit transforms for topic '/tf' on flush cycle 7799
2026-09-30T16:49:50Z [152,608ms] [Warning] [isaacsim.ros2.nodes] ROS2 TF aggregation contributor '/World/Nova_Carter_ROS/chassis_link/sensors/back_hawk/ROS_TF/PublisherTF' did not submit transforms for topic '/tf' on flush cycle 7799
2026-09-30T16:49:50Z [152,608ms] [Warning] [isaacsim.ros2.nodes] ROS2 TF aggregation contributor '/World/Nova_Carter_ROS/chassis_link/sensors/right_owl/ROS_TF/PublisherTF' did not submit transforms for topic '/tf' on flush cycle 7799
2026-09-30T16:49:50Z [152,608ms] [Warning] [isaacsim.ros2.nodes] ROS2 TF aggregation contributor '/World/Nova_Carter_ROS/chassis_link/sensors/right_hawk/ROS_TF/PublisherTF' did not submit transforms for topic '/tf' on flush cycle 7799
2026-09-30T16:49:50Z [152,608ms] [Warning] [isaacsim.ros2.nodes] ROS2 TF aggregation contributor '/World/Nova_Carter_ROS/chassis_link/sensors/left_hawk/ROS_TF/PublisherTF' did not submit transforms for topic '/tf' on flush cycle 7799
2026-09-30T16:49:50Z [152,608ms] [Warning] [isaacsim.ros2.nodes] ROS2 TF aggregation contributor '/World/Nova_Carter_ROS/chassis_link/sensors/back_owl/ROS_TF/PublisherTF' did not submit transforms for topic '/tf' on flush cycle 7799
2026-09-30T16:49:50Z [152,608ms] [Warning] [isaacsim.ros2.nodes] ROS2 TF aggregation contributor '/World/Nova_Carter_ROS/transform_tree_odometry/ros2_publish_raw_transform_tree' did not submit transforms for topic '/tf' on flush cycle 7799
2026-09-30T16:49:50Z [152,608ms] [Warning] [isaacsim.ros2.nodes] ROS2 TF aggregation contributor '/World/Nova_Carter_ROS/chassis_link/sensors/front_RPLidar/ROS_TF/PublisherTF' did not submit transforms for topic '/tf' on flush cycle 7799
2026-09-30T16:49:50Z [152,608ms] [Warning] [isaacsim.ros2.nodes] ROS2 TF aggregation contributor '/World/Nova_Carter_ROS/transform_tree_odometry/tf_tree_base_link_to_sensors' did not submit transforms for topic '/tf' on flush cycle 7799
2026-09-30T16:49:50Z [152,608ms] [Warning] [isaacsim.ros2.nodes] ROS2 TF aggregation contributor '/World/Nova_Carter_ROS/transform_tree_odometry/tf_tree_base_link_to_wheel_base' did not submit transforms for topic '/tf' on flush cycle 7799
2026-09-30T16:49:50Z [152,608ms] [Warning] [isaacsim.ros2.nodes] ROS2 TF aggregation contributor '/World/Nova_Carter_ROS/transform_tree_odometry/tf_tree_base_link_to_chassis' did not submit transforms for topic '/tf' on flush cycle 7799
2026-09-30T16:49:52Z [154,660ms] [Warning] [isaacsim.ros2.nodes] ROS2 TF aggregation contributor '/World/Nova_Carter_ROS/chassis_link/sensors/XT_32/ROS_TF/PublisherTF' did not submit transforms for topic '/tf' on flush cycle 7919
2026-09-30T16:49:52Z [154,660ms] [Warning] [isaacsim.ros2.nodes] ROS2 TF aggregation contributor '/World/Nova_Carter_ROS/chassis_link/sensors/rear_RPLidar/ROS_TF/PublisherTF' did not submit transforms for topic '/tf' on flush cycle 7919
2026-09-30T16:49:52Z [154,660ms] [Warning] [isaacsim.ros2.nodes] ROS2 TF aggregation contributor '/World/Nova_Carter_ROS/chassis_link/sensors/front_hawk/ROS_TF/PublisherTF' did not submit transforms for topic '/tf' on flush cycle 7919
2026-09-30T16:49:52Z [154,660ms] [Warning] [isaacsim.ros2.nodes] ROS2 TF aggregation contributor '/World/Nova_Carter_ROS/chassis_link/sensors/left_owl/ROS_TF/PublisherTF' did not submit transforms for topic '/tf' on flush cycle 7919
2026-09-30T16:49:52Z [154,660ms] [Warning] [isaacsim.ros2.nodes] ROS2 TF aggregation contributor '/World/Nova_Carter_ROS/chassis_link/sensors/front_owl/ROS_TF/PublisherTF' did not submit transforms for topic '/tf' on flush cycle 7919
2026-09-30T16:49:52Z [154,660ms] [Warning] [isaacsim.ros2.nodes] ROS2 TF aggregation contributor '/World/Nova_Carter_ROS/chassis_link/sensors/back_hawk/ROS_TF/PublisherTF' did not submit transforms for topic '/tf' on flush cycle 7919
2026-09-30T16:49:52Z [154,660ms] [Warning] [isaacsim.ros2.nodes] ROS2 TF aggregation contributor '/World/Nova_Carter_ROS/chassis_link/sensors/right_owl/ROS_TF/PublisherTF' did not submit transforms for topic '/tf' on flush cycle 7919
2026-09-30T16:49:52Z [154,660ms] [Warning] [isaacsim.ros2.nodes] ROS2 TF aggregation contributor '/World/Nova_Carter_ROS/chassis_link/sensors/right_hawk/ROS_TF/PublisherTF' did not submit transforms for topic '/tf' on flush cycle 7919
2026-09-30T16:49:52Z [154,660ms] [Warning] [isaacsim.ros2.nodes] ROS2 TF aggregation contributor '/World/Nova_Carter_ROS/chassis_link/sensors/left_hawk/ROS_TF/PublisherTF' did not submit transforms for topic '/tf' on flush cycle 7919
2026-09-30T16:49:52Z [154,660ms] [Warning] [isaacsim.ros2.nodes] ROS2 TF aggregation contributor '/World/Nova_Carter_ROS/chassis_link/sensors/back_owl/ROS_TF/PublisherTF' did not submit transforms for topic '/tf' on flush cycle 7919
2026-09-30T16:49:52Z [154,660ms] [Warning] [isaacsim.ros2.nodes] ROS2 TF aggregation contributor '/World/Nova_Carter_ROS/transform_tree_odometry/ros2_publish_raw_transform_tree' did not submit transforms for topic '/tf' on flush cycle 7919
2026-09-30T16:49:52Z [154,660ms] [Warning] [isaacsim.ros2.nodes] ROS2 TF aggregation contributor '/World/Nova_Carter_ROS/chassis_link/sensors/front_RPLidar/ROS_TF/PublisherTF' did not submit transforms for topic '/tf' on flush cycle 7919
2026-09-30T16:49:52Z [154,660ms] [Warning] [isaacsim.ros2.nodes] ROS2 TF aggregation contributor '/World/Nova_Carter_ROS/transform_tree_odometry/tf_tree_base_link_to_sensors' did not submit transforms for topic '/tf' on flush cycle 7919
2026-09-30T16:49:52Z [154,660ms] [Warning] [isaacsim.ros2.nodes] ROS2 TF aggregation contributor '/World/Nova_Carter_ROS/transform_tree_odometry/tf_tree_base_link_to_wheel_base' did not submit transforms for topic '/tf' on flush cycle 7919
2026-09-30T16:49:52Z [154,660ms] [Warning] [isaacsim.ros2.nodes] ROS2 TF aggregation contributor '/World/Nova_Carter_ROS/transform_tree_odometry/tf_tree_base_link_to_chassis' did not submit transforms for topic '/tf' on flush cycle 7919
2026-09-30T16:49:55Z [156,758ms] [Warning] [isaacsim.ros2.nodes] ROS2 TF aggregation contributor '/World/Nova_Carter_ROS/chassis_link/sensors/XT_32/ROS_TF/PublisherTF' did not submit transforms for topic '/tf' on flush cycle 8039
2026-09-30T16:49:55Z [156,758ms] [Warning] [isaacsim.ros2.nodes] ROS2 TF aggregation contributor '/World/Nova_Carter_ROS/chassis_link/sensors/rear_RPLidar/ROS_TF/PublisherTF' did not submit transforms for topic '/tf' on flush cycle 8039
2026-09-30T16:49:55Z [156,758ms] [Warning] [isaacsim.ros2.nodes] ROS2 TF aggregation contributor '/World/Nova_Carter_ROS/chassis_link/sensors/front_hawk/ROS_TF/PublisherTF' did not submit transforms for topic '/tf' on flush cycle 8039
2026-09-30T16:49:55Z [156,758ms] [Warning] [isaacsim.ros2.nodes] ROS2 TF aggregation contributor '/World/Nova_Carter_ROS/chassis_link/sensors/left_owl/ROS_TF/PublisherTF' did not submit transforms for topic '/tf' on flush cycle 8039
2026-09-30T16:49:55Z [156,758ms] [Warning] [isaacsim.ros2.nodes] ROS2 TF aggregation contributor '/World/Nova_Carter_ROS/chassis_link/sensors/front_owl/ROS_TF/PublisherTF' did not submit transforms for topic '/tf' on flush cycle 8039
2026-09-30T16:49:55Z [156,758ms] [Warning] [isaacsim.ros2.nodes] ROS2 TF aggregation contributor '/World/Nova_Carter_ROS/chassis_link/sensors/back_hawk/ROS_TF/PublisherTF' did not submit transforms for topic '/tf' on flush cycle 8039
2026-09-30T16:49:55Z [156,758ms] [Warning] [isaacsim.ros2.nodes] ROS2 TF aggregation contributor '/World/Nova_Carter_ROS/chassis_link/sensors/right_owl/ROS_TF/PublisherTF' did not submit transforms for topic '/tf' on flush cycle 8039
2026-09-30T16:49:55Z [156,758ms] [Warning] [isaacsim.ros2.nodes] ROS2 TF aggregation contributor '/World/Nova_Carter_ROS/chassis_link/sensors/right_hawk/ROS_TF/PublisherTF' did not submit transforms for topic '/tf' on flush cycle 8039
2026-09-30T16:49:55Z [156,758ms] [Warning] [isaacsim.ros2.nodes] ROS2 TF aggregation contributor '/World/Nova_Carter_ROS/chassis_link/sensors/left_hawk/ROS_TF/PublisherTF' did not submit transforms for topic '/tf' on flush cycle 8039
2026-09-30T16:49:55Z [156,758ms] [Warning] [isaacsim.ros2.nodes] ROS2 TF aggregation contributor '/World/Nova_Carter_ROS/chassis_link/sensors/back_owl/ROS_TF/PublisherTF' did not submit transforms for topic '/tf' on flush cycle 8039
2026-09-30T16:49:55Z [156,758ms] [Warning] [isaacsim.ros2.nodes] ROS2 TF aggregation contributor '/World/Nova_Carter_ROS/transform_tree_odometry/ros2_publish_raw_transform_tree' did not submit transforms for topic '/tf' on flush cycle 8039
2026-09-30T16:49:55Z [156,758ms] [Warning] [isaacsim.ros2.nodes] ROS2 TF aggregation contributor '/World/Nova_Carter_ROS/chassis_link/sensors/front_RPLidar/ROS_TF/PublisherTF' did not submit transforms for topic '/tf' on flush cycle 8039
2026-09-30T16:49:55Z [156,758ms] [Warning] [isaacsim.ros2.nodes] ROS2 TF aggregation contributor '/World/Nova_Carter_ROS/transform_tree_odometry/tf_tree_base_link_to_sensors' did not submit transforms for topic '/tf' on flush cycle 8039
2026-09-30T16:49:55Z [156,758ms] [Warning] [isaacsim.ros2.nodes] ROS2 TF aggregation contributor '/World/Nova_Carter_ROS/transform_tree_odometry/tf_tree_base_link_to_wheel_base' did not submit transforms for topic '/tf' on flush cycle 8039
2026-09-30T16:49:55Z [156,758ms] [Warning] [isaacsim.ros2.nodes] ROS2 TF aggregation contributor '/World/Nova_Carter_ROS/transform_tree_odometry/tf_tree_base_link_to_chassis' did not submit transforms for topic '/tf' on flush cycle 8039
2026-09-30T16:49:57Z [158,807ms] [Warning] [isaacsim.ros2.nodes] ROS2 TF aggregation contributor '/World/Nova_Carter_ROS/chassis_link/sensors/XT_32/ROS_TF/PublisherTF' did not submit transforms for topic '/tf' on flush cycle 8159
2026-09-30T16:49:57Z [158,807ms] [Warning] [isaacsim.ros2.nodes] ROS2 TF aggregation contributor '/World/Nova_Carter_ROS/chassis_link/sensors/rear_RPLidar/ROS_TF/PublisherTF' did not submit transforms for topic '/tf' on flush cycle 8159
2026-09-30T16:49:57Z [158,807ms] [Warning] [isaacsim.ros2.nodes] ROS2 TF aggregation contributor '/World/Nova_Carter_ROS/chassis_link/sensors/front_hawk/ROS_TF/PublisherTF' did not submit transforms for topic '/tf' on flush cycle 8159
2026-09-30T16:49:57Z [158,807ms] [Warning] [isaacsim.ros2.nodes] ROS2 TF aggregation contributor '/World/Nova_Carter_ROS/chassis_link/sensors/left_owl/ROS_TF/PublisherTF' did not submit transforms for topic '/tf' on flush cycle 8159
2026-09-30T16:49:57Z [158,807ms] [Warning] [isaacsim.ros2.nodes] ROS2 TF aggregation contributor '/World/Nova_Carter_ROS/chassis_link/sensors/front_owl/ROS_TF/PublisherTF' did not submit transforms for topic '/tf' on flush cycle 8159
2026-09-30T16:49:57Z [158,807ms] [Warning] [isaacsim.ros2.nodes] ROS2 TF aggregation contributor '/World/Nova_Carter_ROS/chassis_link/sensors/back_hawk/ROS_TF/PublisherTF' did not submit transforms for topic '/tf' on flush cycle 8159
2026-09-30T16:49:57Z [158,807ms] [Warning] [isaacsim.ros2.nodes] ROS2 TF aggregation contributor '/World/Nova_Carter_ROS/chassis_link/sensors/right_owl/ROS_TF/PublisherTF' did not submit transforms for topic '/tf' on flush cycle 8159
2026-09-30T16:49:57Z [158,807ms] [Warning] [isaacsim.ros2.nodes] ROS2 TF aggregation contributor '/World/Nova_Carter_ROS/chassis_link/sensors/right_hawk/ROS_TF/PublisherTF' did not submit transforms for topic '/tf' on flush cycle 8159
2026-09-30T16:49:57Z [158,807ms] [Warning] [isaacsim.ros2.nodes] ROS2 TF aggregation contributor '/World/Nova_Carter_ROS/chassis_link/sensors/left_hawk/ROS_TF/PublisherTF' did not submit transforms for topic '/tf' on flush cycle 8159
2026-09-30T16:49:57Z [158,807ms] [Warning] [isaacsim.ros2.nodes] ROS2 TF aggregation contributor '/World/Nova_Carter_ROS/chassis_link/sensors/back_owl/ROS_TF/PublisherTF' did not submit transforms for topic '/tf' on flush cycle 8159
2026-09-30T16:49:57Z [158,807ms] [Warning] [isaacsim.ros2.nodes] ROS2 TF aggregation contributor '/World/Nova_Carter_ROS/transform_tree_odometry/ros2_publish_raw_transform_tree' did not submit transforms for topic '/tf' on flush cycle 8159
2026-09-30T16:49:57Z [158,807ms] [Warning] [isaacsim.ros2.nodes] ROS2 TF aggregation contributor '/World/Nova_Carter_ROS/chassis_link/sensors/front_RPLidar/ROS_TF/PublisherTF' did not submit transforms for topic '/tf' on flush cycle 8159
2026-09-30T16:49:57Z [158,807ms] [Warning] [isaacsim.ros2.nodes] ROS2 TF aggregation contributor '/World/Nova_Carter_ROS/transform_tree_odometry/tf_tree_base_link_to_sensors' did not submit transforms for topic '/tf' on flush cycle 8159
2026-09-30T16:49:57Z [158,807ms] [Warning] [isaacsim.ros2.nodes] ROS2 TF aggregation contributor '/World/Nova_Carter_ROS/transform_tree_odometry/tf_tree_base_link_to_wheel_base' did not submit transforms for topic '/tf' on flush cycle 8159
2026-09-30T16:49:57Z [158,807ms] [Warning] [isaacsim.ros2.nodes] ROS2 TF aggregation contributor '/World/Nova_Carter_ROS/transform_tree_odometry/tf_tree_base_link_to_chassis' did not submit transforms for topic '/tf' on flush cycle 8159
2026-09-30T16:50:01Z [163,418ms] [Warning] [omni.graph.core.plugin] /World/Nova_Carter_ROS/differential_drive/differential_controller_01: [/World/Nova_Carter_ROS/differential_drive] Invalid deltaTime 0.000000, cannot check for acceleration limits, skipping current step
2026-09-30T16:50:07Z [168,808ms] [Warning] [isaacsim.ros2.nodes] ROS2 TF aggregation contributor '/World/Nova_Carter_ROS/chassis_link/sensors/XT_32/ROS_TF/PublisherTF' did not submit transforms for topic '/tf' on flush cycle 8696
2026-09-30T16:50:07Z [168,808ms] [Warning] [isaacsim.ros2.nodes] ROS2 TF aggregation contributor '/World/Nova_Carter_ROS/chassis_link/sensors/rear_RPLidar/ROS_TF/PublisherTF' did not submit transforms for topic '/tf' on flush cycle 8696
2026-09-30T16:50:07Z [168,808ms] [Warning] [isaacsim.ros2.nodes] ROS2 TF aggregation contributor '/World/Nova_Carter_ROS/chassis_link/sensors/front_hawk/ROS_TF/PublisherTF' did not submit transforms for topic '/tf' on flush cycle 8696
2026-09-30T16:50:07Z [168,808ms] [Warning] [isaacsim.ros2.nodes] ROS2 TF aggregation contributor '/World/Nova_Carter_ROS/chassis_link/sensors/left_owl/ROS_TF/PublisherTF' did not submit transforms for topic '/tf' on flush cycle 8696
2026-09-30T16:50:07Z [168,808ms] [Warning] [isaacsim.ros2.nodes] ROS2 TF aggregation contributor '/World/Nova_Carter_ROS/chassis_link/sensors/front_owl/ROS_TF/PublisherTF' did not submit transforms for topic '/tf' on flush cycle 8696
2026-09-30T16:50:07Z [168,808ms] [Warning] [isaacsim.ros2.nodes] ROS2 TF aggregation contributor '/World/Nova_Carter_ROS/chassis_link/sensors/back_hawk/ROS_TF/PublisherTF' did not submit transforms for topic '/tf' on flush cycle 8696
2026-09-30T16:50:07Z [168,808ms] [Warning] [isaacsim.ros2.nodes] ROS2 TF aggregation contributor '/World/Nova_Carter_ROS/chassis_link/sensors/right_owl/ROS_TF/PublisherTF' did not submit transforms for topic '/tf' on flush cycle 8696
2026-09-30T16:50:07Z [168,808ms] [Warning] [isaacsim.ros2.nodes] ROS2 TF aggregation contributor '/World/Nova_Carter_ROS/chassis_link/sensors/right_hawk/ROS_TF/PublisherTF' did not submit transforms for topic '/tf' on flush cycle 8696
2026-09-30T16:50:07Z [168,808ms] [Warning] [isaacsim.ros2.nodes] ROS2 TF aggregation contributor '/World/Nova_Carter_ROS/chassis_link/sensors/left_hawk/ROS_TF/PublisherTF' did not submit transforms for topic '/tf' on flush cycle 8696
2026-09-30T16:50:07Z [168,808ms] [Warning] [isaacsim.ros2.nodes] ROS2 TF aggregation contributor '/World/Nova_Carter_ROS/chassis_link/sensors/back_owl/ROS_TF/PublisherTF' did not submit transforms for topic '/tf' on flush cycle 8696
2026-09-30T16:50:07Z [168,808ms] [Warning] [isaacsim.ros2.nodes] ROS2 TF aggregation contributor '/World/Nova_Carter_ROS/transform_tree_odometry/ros2_publish_raw_transform_tree' did not submit transforms for topic '/tf' on flush cycle 8696
2026-09-30T16:50:07Z [168,808ms] [Warning] [isaacsim.ros2.nodes] ROS2 TF aggregation contributor '/World/Nova_Carter_ROS/chassis_link/sensors/front_RPLidar/ROS_TF/PublisherTF' did not submit transforms for topic '/tf' on flush cycle 8696
2026-09-30T16:50:07Z [168,808ms] [Warning] [isaacsim.ros2.nodes] ROS2 TF aggregation contributor '/World/Nova_Carter_ROS/transform_tree_odometry/tf_tree_base_link_to_sensors' did not submit transforms for topic '/tf' on flush cycle 8696
2026-09-30T16:50:07Z [168,808ms] [Warning] [isaacsim.ros2.nodes] ROS2 TF aggregation contributor '/World/Nova_Carter_ROS/transform_tree_odometry/tf_tree_base_link_to_wheel_base' did not submit transforms for topic '/tf' on flush cycle 8696
2026-09-30T16:50:07Z [168,808ms] [Warning] [isaacsim.ros2.nodes] ROS2 TF aggregation contributor '/World/Nova_Carter_ROS/transform_tree_odometry/tf_tree_base_link_to_chassis' did not submit transforms for topic '/tf' on flush cycle 8696
2026-09-30T16:50:09Z [170,894ms] [Warning] [isaacsim.ros2.nodes] ROS2 TF aggregation contributor '/World/Nova_Carter_ROS/chassis_link/sensors/XT_32/ROS_TF/PublisherTF' did not submit transforms for topic '/tf' on flush cycle 8816
2026-09-30T16:50:09Z [170,894ms] [Warning] [isaacsim.ros2.nodes] ROS2 TF aggregation contributor '/World/Nova_Carter_ROS/chassis_link/sensors/rear_RPLidar/ROS_TF/PublisherTF' did not submit transforms for topic '/tf' on flush cycle 8816
2026-09-30T16:50:09Z [170,894ms] [Warning] [isaacsim.ros2.nodes] ROS2 TF aggregation contributor '/World/Nova_Carter_ROS/chassis_link/sensors/front_hawk/ROS_TF/PublisherTF' did not submit transforms for topic '/tf' on flush cycle 8816
2026-09-30T16:50:09Z [170,894ms] [Warning] [isaacsim.ros2.nodes] ROS2 TF aggregation contributor '/World/Nova_Carter_ROS/chassis_link/sensors/left_owl/ROS_TF/PublisherTF' did not submit transforms for topic '/tf' on flush cycle 8816
2026-09-30T16:50:09Z [170,894ms] [Warning] [isaacsim.ros2.nodes] ROS2 TF aggregation contributor '/World/Nova_Carter_ROS/chassis_link/sensors/front_owl/ROS_TF/PublisherTF' did not submit transforms for topic '/tf' on flush cycle 8816
2026-09-30T16:50:09Z [170,894ms] [Warning] [isaacsim.ros2.nodes] ROS2 TF aggregation contributor '/World/Nova_Carter_ROS/chassis_link/sensors/back_hawk/ROS_TF/PublisherTF' did not submit transforms for topic '/tf' on flush cycle 8816
2026-09-30T16:50:09Z [170,894ms] [Warning] [isaacsim.ros2.nodes] ROS2 TF aggregation contributor '/World/Nova_Carter_ROS/chassis_link/sensors/right_owl/ROS_TF/PublisherTF' did not submit transforms for topic '/tf' on flush cycle 8816
2026-09-30T16:50:09Z [170,894ms] [Warning] [isaacsim.ros2.nodes] ROS2 TF aggregation contributor '/World/Nova_Carter_ROS/chassis_link/sensors/right_hawk/ROS_TF/PublisherTF' did not submit transforms for topic '/tf' on flush cycle 8816
2026-09-30T16:50:09Z [170,894ms] [Warning] [isaacsim.ros2.nodes] ROS2 TF aggregation contributor '/World/Nova_Carter_ROS/chassis_link/sensors/left_hawk/ROS_TF/PublisherTF' did not submit transforms for topic '/tf' on flush cycle 8816
2026-09-30T16:50:09Z [170,894ms] [Warning] [isaacsim.ros2.nodes] ROS2 TF aggregation contributor '/World/Nova_Carter_ROS/chassis_link/sensors/back_owl/ROS_TF/PublisherTF' did not submit transforms for topic '/tf' on flush cycle 8816
2026-09-30T16:50:09Z [170,894ms] [Warning] [isaacsim.ros2.nodes] ROS2 TF aggregation contributor '/World/Nova_Carter_ROS/transform_tree_odometry/ros2_publish_raw_transform_tree' did not submit transforms for topic '/tf' on flush cycle 8816
2026-09-30T16:50:09Z [170,894ms] [Warning] [isaacsim.ros2.nodes] ROS2 TF aggregation contributor '/World/Nova_Carter_ROS/chassis_link/sensors/front_RPLidar/ROS_TF/PublisherTF' did not submit transforms for topic '/tf' on flush cycle 8816
2026-09-30T16:50:09Z [170,894ms] [Warning] [isaacsim.ros2.nodes] ROS2 TF aggregation contributor '/World/Nova_Carter_ROS/transform_tree_odometry/tf_tree_base_link_to_sensors' did not submit transforms for topic '/tf' on flush cycle 8816
2026-09-30T16:50:09Z [170,894ms] [Warning] [isaacsim.ros2.nodes] ROS2 TF aggregation contributor '/World/Nova_Carter_ROS/transform_tree_odometry/tf_tree_base_link_to_wheel_base' did not submit transforms for topic '/tf' on flush cycle 8816
2026-09-30T16:50:09Z [170,894ms] [Warning] [isaacsim.ros2.nodes] ROS2 TF aggregation contributor '/World/Nova_Carter_ROS/transform_tree_odometry/tf_tree_base_link_to_chassis' did not submit transforms for topic '/tf' on flush cycle 8816
2026-09-30T16:50:11Z [172,989ms] [Warning] [isaacsim.ros2.nodes] ROS2 TF aggregation contributor '/World/Nova_Carter_ROS/chassis_link/sensors/XT_32/ROS_TF/PublisherTF' did not submit transforms for topic '/tf' on flush cycle 8936
2026-09-30T16:50:11Z [172,989ms] [Warning] [isaacsim.ros2.nodes] ROS2 TF aggregation contributor '/World/Nova_Carter_ROS/chassis_link/sensors/rear_RPLidar/ROS_TF/PublisherTF' did not submit transforms for topic '/tf' on flush cycle 8936
2026-09-30T16:50:11Z [172,989ms] [Warning] [isaacsim.ros2.nodes] ROS2 TF aggregation contributor '/World/Nova_Carter_ROS/chassis_link/sensors/front_hawk/ROS_TF/PublisherTF' did not submit transforms for topic '/tf' on flush cycle 8936
2026-09-30T16:50:11Z [172,989ms] [Warning] [isaacsim.ros2.nodes] ROS2 TF aggregation contributor '/World/Nova_Carter_ROS/chassis_link/sensors/left_owl/ROS_TF/PublisherTF' did not submit transforms for topic '/tf' on flush cycle 8936
2026-09-30T16:50:11Z [172,989ms] [Warning] [isaacsim.ros2.nodes] ROS2 TF aggregation contributor '/World/Nova_Carter_ROS/chassis_link/sensors/front_owl/ROS_TF/PublisherTF' did not submit transforms for topic '/tf' on flush cycle 8936
2026-09-30T16:50:11Z [172,989ms] [Warning] [isaacsim.ros2.nodes] ROS2 TF aggregation contributor '/World/Nova_Carter_ROS/chassis_link/sensors/back_hawk/ROS_TF/PublisherTF' did not submit transforms for topic '/tf' on flush cycle 8936
2026-09-30T16:50:11Z [172,989ms] [Warning] [isaacsim.ros2.nodes] ROS2 TF aggregation contributor '/World/Nova_Carter_ROS/chassis_link/sensors/right_owl/ROS_TF/PublisherTF' did not submit transforms for topic '/tf' on flush cycle 8936
2026-09-30T16:50:11Z [172,989ms] [Warning] [isaacsim.ros2.nodes] ROS2 TF aggregation contributor '/World/Nova_Carter_ROS/chassis_link/sensors/right_hawk/ROS_TF/PublisherTF' did not submit transforms for topic '/tf' on flush cycle 8936
2026-09-30T16:50:11Z [172,989ms] [Warning] [isaacsim.ros2.nodes] ROS2 TF aggregation contributor '/World/Nova_Carter_ROS/chassis_link/sensors/left_hawk/ROS_TF/PublisherTF' did not submit transforms for topic '/tf' on flush cycle 8936
2026-09-30T16:50:11Z [172,989ms] [Warning] [isaacsim.ros2.nodes] ROS2 TF aggregation contributor '/World/Nova_Carter_ROS/chassis_link/sensors/back_owl/ROS_TF/PublisherTF' did not submit transforms for topic '/tf' on flush cycle 8936
2026-09-30T16:50:11Z [172,989ms] [Warning] [isaacsim.ros2.nodes] ROS2 TF aggregation contributor '/World/Nova_Carter_ROS/transform_tree_odometry/ros2_publish_raw_transform_tree' did not submit transforms for topic '/tf' on flush cycle 8936
2026-09-30T16:50:11Z [172,989ms] [Warning] [isaacsim.ros2.nodes] ROS2 TF aggregation contributor '/World/Nova_Carter_ROS/chassis_link/sensors/front_RPLidar/ROS_TF/PublisherTF' did not submit transforms for topic '/tf' on flush cycle 8936
2026-09-30T16:50:11Z [172,989ms] [Warning] [isaacsim.ros2.nodes] ROS2 TF aggregation contributor '/World/Nova_Carter_ROS/transform_tree_odometry/tf_tree_base_link_to_sensors' did not submit transforms for topic '/tf' on flush cycle 8936
2026-09-30T16:50:11Z [172,989ms] [Warning] [isaacsim.ros2.nodes] ROS2 TF aggregation contributor '/World/Nova_Carter_ROS/transform_tree_odometry/tf_tree_base_link_to_wheel_base' did not submit transforms for topic '/tf' on flush cycle 8936
2026-09-30T16:50:11Z [172,989ms] [Warning] [isaacsim.ros2.nodes] ROS2 TF aggregation contributor '/World/Nova_Carter_ROS/transform_tree_odometry/tf_tree_base_link_to_chassis' did not submit transforms for topic '/tf' on flush cycle 8936
2026-09-30T16:50:13Z [175,041ms] [Warning] [isaacsim.ros2.nodes] ROS2 TF aggregation contributor '/World/Nova_Carter_ROS/chassis_link/sensors/XT_32/ROS_TF/PublisherTF' did not submit transforms for topic '/tf' on flush cycle 9056
2026-09-30T16:50:13Z [175,041ms] [Warning] [isaacsim.ros2.nodes] ROS2 TF aggregation contributor '/World/Nova_Carter_ROS/chassis_link/sensors/rear_RPLidar/ROS_TF/PublisherTF' did not submit transforms for topic '/tf' on flush cycle 9056
2026-09-30T16:50:13Z [175,041ms] [Warning] [isaacsim.ros2.nodes] ROS2 TF aggregation contributor '/World/Nova_Carter_ROS/chassis_link/sensors/front_hawk/ROS_TF/PublisherTF' did not submit transforms for topic '/tf' on flush cycle 9056
2026-09-30T16:50:13Z [175,041ms] [Warning] [isaacsim.ros2.nodes] ROS2 TF aggregation contributor '/World/Nova_Carter_ROS/chassis_link/sensors/left_owl/ROS_TF/PublisherTF' did not submit transforms for topic '/tf' on flush cycle 9056
2026-09-30T16:50:13Z [175,041ms] [Warning] [isaacsim.ros2.nodes] ROS2 TF aggregation contributor '/World/Nova_Carter_ROS/chassis_link/sensors/front_owl/ROS_TF/PublisherTF' did not submit transforms for topic '/tf' on flush cycle 9056
2026-09-30T16:50:13Z [175,041ms] [Warning] [isaacsim.ros2.nodes] ROS2 TF aggregation contributor '/World/Nova_Carter_ROS/chassis_link/sensors/back_hawk/ROS_TF/PublisherTF' did not submit transforms for topic '/tf' on flush cycle 9056
2026-09-30T16:50:13Z [175,041ms] [Warning] [isaacsim.ros2.nodes] ROS2 TF aggregation contributor '/World/Nova_Carter_ROS/chassis_link/sensors/right_owl/ROS_TF/PublisherTF' did not submit transforms for topic '/tf' on flush cycle 9056
2026-09-30T16:50:13Z [175,041ms] [Warning] [isaacsim.ros2.nodes] ROS2 TF aggregation contributor '/World/Nova_Carter_ROS/chassis_link/sensors/right_hawk/ROS_TF/PublisherTF' did not submit transforms for topic '/tf' on flush cycle 9056
2026-09-30T16:50:13Z [175,041ms] [Warning] [isaacsim.ros2.nodes] ROS2 TF aggregation contributor '/World/Nova_Carter_ROS/chassis_link/sensors/left_hawk/ROS_TF/PublisherTF' did not submit transforms for topic '/tf' on flush cycle 9056
2026-09-30T16:50:13Z [175,041ms] [Warning] [isaacsim.ros2.nodes] ROS2 TF aggregation contributor '/World/Nova_Carter_ROS/chassis_link/sensors/back_owl/ROS_TF/PublisherTF' did not submit transforms for topic '/tf' on flush cycle 9056
2026-09-30T16:50:13Z [175,041ms] [Warning] [isaacsim.ros2.nodes] ROS2 TF aggregation contributor '/World/Nova_Carter_ROS/transform_tree_odometry/ros2_publish_raw_transform_tree' did not submit transforms for topic '/tf' on flush cycle 9056
2026-09-30T16:50:13Z [175,041ms] [Warning] [isaacsim.ros2.nodes] ROS2 TF aggregation contributor '/World/Nova_Carter_ROS/chassis_link/sensors/front_RPLidar/ROS_TF/PublisherTF' did not submit transforms for topic '/tf' on flush cycle 9056
2026-09-30T16:50:13Z [175,041ms] [Warning] [isaacsim.ros2.nodes] ROS2 TF aggregation contributor '/World/Nova_Carter_ROS/transform_tree_odometry/tf_tree_base_link_to_sensors' did not submit transforms for topic '/tf' on flush cycle 9056
2026-09-30T16:50:13Z [175,041ms] [Warning] [isaacsim.ros2.nodes] ROS2 TF aggregation contributor '/World/Nova_Carter_ROS/transform_tree_odometry/tf_tree_base_link_to_wheel_base' did not submit transforms for topic '/tf' on flush cycle 9056
2026-09-30T16:50:13Z [175,041ms] [Warning] [isaacsim.ros2.nodes] ROS2 TF aggregation contributor '/World/Nova_Carter_ROS/transform_tree_odometry/tf_tree_base_link_to_chassis' did not submit transforms for topic '/tf' on flush cycle 9056
2026-09-30T16:50:15Z [177,090ms] [Warning] [isaacsim.ros2.nodes] ROS2 TF aggregation contributor '/World/Nova_Carter_ROS/chassis_link/sensors/XT_32/ROS_TF/PublisherTF' did not submit transforms for topic '/tf' on flush cycle 9176
2026-09-30T16:50:15Z [177,090ms] [Warning] [isaacsim.ros2.nodes] ROS2 TF aggregation contributor '/World/Nova_Carter_ROS/chassis_link/sensors/rear_RPLidar/ROS_TF/PublisherTF' did not submit transforms for topic '/tf' on flush cycle 9176
2026-09-30T16:50:15Z [177,090ms] [Warning] [isaacsim.ros2.nodes] ROS2 TF aggregation contributor '/World/Nova_Carter_ROS/chassis_link/sensors/front_hawk/ROS_TF/PublisherTF' did not submit transforms for topic '/tf' on flush cycle 9176
2026-09-30T16:50:15Z [177,090ms] [Warning] [isaacsim.ros2.nodes] ROS2 TF aggregation contributor '/World/Nova_Carter_ROS/chassis_link/sensors/left_owl/ROS_TF/PublisherTF' did not submit transforms for topic '/tf' on flush cycle 9176
2026-09-30T16:50:15Z [177,090ms] [Warning] [isaacsim.ros2.nodes] ROS2 TF aggregation contributor '/World/Nova_Carter_ROS/chassis_link/sensors/front_owl/ROS_TF/PublisherTF' did not submit transforms for topic '/tf' on flush cycle 9176
2026-09-30T16:50:15Z [177,090ms] [Warning] [isaacsim.ros2.nodes] ROS2 TF aggregation contributor '/World/Nova_Carter_ROS/chassis_link/sensors/back_hawk/ROS_TF/PublisherTF' did not submit transforms for topic '/tf' on flush cycle 9176
2026-09-30T16:50:15Z [177,090ms] [Warning] [isaacsim.ros2.nodes] ROS2 TF aggregation contributor '/World/Nova_Carter_ROS/chassis_link/sensors/right_owl/ROS_TF/PublisherTF' did not submit transforms for topic '/tf' on flush cycle 9176
2026-09-30T16:50:15Z [177,090ms] [Warning] [isaacsim.ros2.nodes] ROS2 TF aggregation contributor '/World/Nova_Carter_ROS/chassis_link/sensors/right_hawk/ROS_TF/PublisherTF' did not submit transforms for topic '/tf' on flush cycle 9176
2026-09-30T16:50:15Z [177,090ms] [Warning] [isaacsim.ros2.nodes] ROS2 TF aggregation contributor '/World/Nova_Carter_ROS/chassis_link/sensors/left_hawk/ROS_TF/PublisherTF' did not submit transforms for topic '/tf' on flush cycle 9176
2026-09-30T16:50:15Z [177,090ms] [Warning] [isaacsim.ros2.nodes] ROS2 TF aggregation contributor '/World/Nova_Carter_ROS/chassis_link/sensors/back_owl/ROS_TF/PublisherTF' did not submit transforms for topic '/tf' on flush cycle 9176
2026-09-30T16:50:15Z [177,090ms] [Warning] [isaacsim.ros2.nodes] ROS2 TF aggregation contributor '/World/Nova_Carter_ROS/transform_tree_odometry/ros2_publish_raw_transform_tree' did not submit transforms for topic '/tf' on flush cycle 9176
2026-09-30T16:50:15Z [177,090ms] [Warning] [isaacsim.ros2.nodes] ROS2 TF aggregation contributor '/World/Nova_Carter_ROS/chassis_link/sensors/front_RPLidar/ROS_TF/PublisherTF' did not submit transforms for topic '/tf' on flush cycle 9176
2026-09-30T16:50:15Z [177,090ms] [Warning] [isaacsim.ros2.nodes] ROS2 TF aggregation contributor '/World/Nova_Carter_ROS/transform_tree_odometry/tf_tree_base_link_to_sensors' did not submit transforms for topic '/tf' on flush cycle 9176
2026-09-30T16:50:15Z [177,090ms] [Warning] [isaacsim.ros2.nodes] ROS2 TF aggregation contributor '/World/Nova_Carter_ROS/transform_tree_odometry/tf_tree_base_link_to_wheel_base' did not submit transforms for topic '/tf' on flush cycle 9176
2026-09-30T16:50:15Z [177,090ms] [Warning] [isaacsim.ros2.nodes] ROS2 TF aggregation contributor '/World/Nova_Carter_ROS/transform_tree_odometry/tf_tree_base_link_to_chassis' did not submit transforms for topic '/tf' on flush cycle 9176
2026-09-30T16:50:17Z [179,139ms] [Warning] [isaacsim.ros2.nodes] ROS2 TF aggregation contributor '/World/Nova_Carter_ROS/chassis_link/sensors/XT_32/ROS_TF/PublisherTF' did not submit transforms for topic '/tf' on flush cycle 9296
2026-09-30T16:50:17Z [179,139ms] [Warning] [isaacsim.ros2.nodes] ROS2 TF aggregation contributor '/World/Nova_Carter_ROS/chassis_link/sensors/rear_RPLidar/ROS_TF/PublisherTF' did not submit transforms for topic '/tf' on flush cycle 9296
2026-09-30T16:50:17Z [179,139ms] [Warning] [isaacsim.ros2.nodes] ROS2 TF aggregation contributor '/World/Nova_Carter_ROS/chassis_link/sensors/front_hawk/ROS_TF/PublisherTF' did not submit transforms for topic '/tf' on flush cycle 9296
2026-09-30T16:50:17Z [179,139ms] [Warning] [isaacsim.ros2.nodes] ROS2 TF aggregation contributor '/World/Nova_Carter_ROS/chassis_link/sensors/left_owl/ROS_TF/PublisherTF' did not submit transforms for topic '/tf' on flush cycle 9296
2026-09-30T16:50:17Z [179,139ms] [Warning] [isaacsim.ros2.nodes] ROS2 TF aggregation contributor '/World/Nova_Carter_ROS/chassis_link/sensors/front_owl/ROS_TF/PublisherTF' did not submit transforms for topic '/tf' on flush cycle 9296
2026-09-30T16:50:17Z [179,139ms] [Warning] [isaacsim.ros2.nodes] ROS2 TF aggregation contributor '/World/Nova_Carter_ROS/chassis_link/sensors/back_hawk/ROS_TF/PublisherTF' did not submit transforms for topic '/tf' on flush cycle 9296
2026-09-30T16:50:17Z [179,139ms] [Warning] [isaacsim.ros2.nodes] ROS2 TF aggregation contributor '/World/Nova_Carter_ROS/chassis_link/sensors/right_owl/ROS_TF/PublisherTF' did not submit transforms for topic '/tf' on flush cycle 9296
2026-09-30T16:50:17Z [179,139ms] [Warning] [isaacsim.ros2.nodes] ROS2 TF aggregation contributor '/World/Nova_Carter_ROS/chassis_link/sensors/right_hawk/ROS_TF/PublisherTF' did not submit transforms for topic '/tf' on flush cycle 9296
2026-09-30T16:50:17Z [179,139ms] [Warning] [isaacsim.ros2.nodes] ROS2 TF aggregation contributor '/World/Nova_Carter_ROS/chassis_link/sensors/left_hawk/ROS_TF/PublisherTF' did not submit transforms for topic '/tf' on flush cycle 9296
2026-09-30T16:50:17Z [179,139ms] [Warning] [isaacsim.ros2.nodes] ROS2 TF aggregation contributor '/World/Nova_Carter_ROS/chassis_link/sensors/back_owl/ROS_TF/PublisherTF' did not submit transforms for topic '/tf' on flush cycle 9296
2026-09-30T16:50:17Z [179,139ms] [Warning] [isaacsim.ros2.nodes] ROS2 TF aggregation contributor '/World/Nova_Carter_ROS/transform_tree_odometry/ros2_publish_raw_transform_tree' did not submit transforms for topic '/tf' on flush cycle 9296
2026-09-30T16:50:17Z [179,139ms] [Warning] [isaacsim.ros2.nodes] ROS2 TF aggregation contributor '/World/Nova_Carter_ROS/chassis_link/sensors/front_RPLidar/ROS_TF/PublisherTF' did not submit transforms for topic '/tf' on flush cycle 9296
2026-09-30T16:50:17Z [179,139ms] [Warning] [isaacsim.ros2.nodes] ROS2 TF aggregation contributor '/World/Nova_Carter_ROS/transform_tree_odometry/tf_tree_base_link_to_sensors' did not submit transforms for topic '/tf' on flush cycle 9296
2026-09-30T16:50:17Z [179,139ms] [Warning] [isaacsim.ros2.nodes] ROS2 TF aggregation contributor '/World/Nova_Carter_ROS/transform_tree_odometry/tf_tree_base_link_to_wheel_base' did not submit transforms for topic '/tf' on flush cycle 9296
2026-09-30T16:50:17Z [179,139ms] [Warning] [isaacsim.ros2.nodes] ROS2 TF aggregation contributor '/World/Nova_Carter_ROS/transform_tree_odometry/tf_tree_base_link_to_chassis' did not submit transforms for topic '/tf' on flush cycle 9296
2026-09-30T16:50:19Z [181,190ms] [Warning] [isaacsim.ros2.nodes] ROS2 TF aggregation contributor '/World/Nova_Carter_ROS/chassis_link/sensors/XT_32/ROS_TF/PublisherTF' did not submit transforms for topic '/tf' on flush cycle 9416
2026-09-30T16:50:19Z [181,190ms] [Warning] [isaacsim.ros2.nodes] ROS2 TF aggregation contributor '/World/Nova_Carter_ROS/chassis_link/sensors/rear_RPLidar/ROS_TF/PublisherTF' did not submit transforms for topic '/tf' on flush cycle 9416
2026-09-30T16:50:19Z [181,190ms] [Warning] [isaacsim.ros2.nodes] ROS2 TF aggregation contributor '/World/Nova_Carter_ROS/chassis_link/sensors/front_hawk/ROS_TF/PublisherTF' did not submit transforms for topic '/tf' on flush cycle 9416
2026-09-30T16:50:19Z [181,190ms] [Warning] [isaacsim.ros2.nodes] ROS2 TF aggregation contributor '/World/Nova_Carter_ROS/chassis_link/sensors/left_owl/ROS_TF/PublisherTF' did not submit transforms for topic '/tf' on flush cycle 9416
2026-09-30T16:50:19Z [181,190ms] [Warning] [isaacsim.ros2.nodes] ROS2 TF aggregation contributor '/World/Nova_Carter_ROS/chassis_link/sensors/front_owl/ROS_TF/PublisherTF' did not submit transforms for topic '/tf' on flush cycle 9416
2026-09-30T16:50:19Z [181,190ms] [Warning] [isaacsim.ros2.nodes] ROS2 TF aggregation contributor '/World/Nova_Carter_ROS/chassis_link/sensors/back_hawk/ROS_TF/PublisherTF' did not submit transforms for topic '/tf' on flush cycle 9416
2026-09-30T16:50:19Z [181,190ms] [Warning] [isaacsim.ros2.nodes] ROS2 TF aggregation contributor '/World/Nova_Carter_ROS/chassis_link/sensors/right_owl/ROS_TF/PublisherTF' did not submit transforms for topic '/tf' on flush cycle 9416
2026-09-30T16:50:19Z [181,190ms] [Warning] [isaacsim.ros2.nodes] ROS2 TF aggregation contributor '/World/Nova_Carter_ROS/chassis_link/sensors/right_hawk/ROS_TF/PublisherTF' did not submit transforms for topic '/tf' on flush cycle 9416
2026-09-30T16:50:19Z [181,190ms] [Warning] [isaacsim.ros2.nodes] ROS2 TF aggregation contributor '/World/Nova_Carter_ROS/chassis_link/sensors/left_hawk/ROS_TF/PublisherTF' did not submit transforms for topic '/tf' on flush cycle 9416
2026-09-30T16:50:19Z [181,190ms] [Warning] [isaacsim.ros2.nodes] ROS2 TF aggregation contributor '/World/Nova_Carter_ROS/chassis_link/sensors/back_owl/ROS_TF/PublisherTF' did not submit transforms for topic '/tf' on flush cycle 9416
2026-09-30T16:50:19Z [181,190ms] [Warning] [isaacsim.ros2.nodes] ROS2 TF aggregation contributor '/World/Nova_Carter_ROS/transform_tree_odometry/ros2_publish_raw_transform_tree' did not submit transforms for topic '/tf' on flush cycle 9416
2026-09-30T16:50:19Z [181,190ms] [Warning] [isaacsim.ros2.nodes] ROS2 TF aggregation contributor '/World/Nova_Carter_ROS/chassis_link/sensors/front_RPLidar/ROS_TF/PublisherTF' did not submit transforms for topic '/tf' on flush cycle 9416
2026-09-30T16:50:19Z [181,190ms] [Warning] [isaacsim.ros2.nodes] ROS2 TF aggregation contributor '/World/Nova_Carter_ROS/transform_tree_odometry/tf_tree_base_link_to_sensors' did not submit transforms for topic '/tf' on flush cycle 9416
2026-09-30T16:50:19Z [181,190ms] [Warning] [isaacsim.ros2.nodes] ROS2 TF aggregation contributor '/World/Nova_Carter_ROS/transform_tree_odometry/tf_tree_base_link_to_wheel_base' did not submit transforms for topic '/tf' on flush cycle 9416
2026-09-30T16:50:19Z [181,190ms] [Warning] [isaacsim.ros2.nodes] ROS2 TF aggregation contributor '/World/Nova_Carter_ROS/transform_tree_odometry/tf_tree_base_link_to_chassis' did not submit transforms for topic '/tf' on flush cycle 9416
2026-09-30T16:50:29Z [191,092ms] [Warning] [isaacsim.ros2.nodes] ROS2 TF aggregation contributor '/World/Nova_Carter_ROS/chassis_link/sensors/XT_32/ROS_TF/PublisherTF' did not submit transforms for topic '/tf' on flush cycle 9974
2026-09-30T16:50:29Z [191,092ms] [Warning] [isaacsim.ros2.nodes] ROS2 TF aggregation contributor '/World/Nova_Carter_ROS/chassis_link/sensors/rear_RPLidar/ROS_TF/PublisherTF' did not submit transforms for topic '/tf' on flush cycle 9974
2026-09-30T16:50:29Z [191,092ms] [Warning] [isaacsim.ros2.nodes] ROS2 TF aggregation contributor '/World/Nova_Carter_ROS/chassis_link/sensors/front_hawk/ROS_TF/PublisherTF' did not submit transforms for topic '/tf' on flush cycle 9974
2026-09-30T16:50:29Z [191,092ms] [Warning] [isaacsim.ros2.nodes] ROS2 TF aggregation contributor '/World/Nova_Carter_ROS/chassis_link/sensors/left_owl/ROS_TF/PublisherTF' did not submit transforms for topic '/tf' on flush cycle 9974
2026-09-30T16:50:29Z [191,092ms] [Warning] [isaacsim.ros2.nodes] ROS2 TF aggregation contributor '/World/Nova_Carter_ROS/chassis_link/sensors/front_owl/ROS_TF/PublisherTF' did not submit transforms for topic '/tf' on flush cycle 9974
2026-09-30T16:50:29Z [191,092ms] [Warning] [isaacsim.ros2.nodes] ROS2 TF aggregation contributor '/World/Nova_Carter_ROS/chassis_link/sensors/back_hawk/ROS_TF/PublisherTF' did not submit transforms for topic '/tf' on flush cycle 9974
2026-09-30T16:50:29Z [191,092ms] [Warning] [isaacsim.ros2.nodes] ROS2 TF aggregation contributor '/World/Nova_Carter_ROS/chassis_link/sensors/right_owl/ROS_TF/PublisherTF' did not submit transforms for topic '/tf' on flush cycle 9974
2026-09-30T16:50:29Z [191,092ms] [Warning] [isaacsim.ros2.nodes] ROS2 TF aggregation contributor '/World/Nova_Carter_ROS/chassis_link/sensors/right_hawk/ROS_TF/PublisherTF' did not submit transforms for topic '/tf' on flush cycle 9974
2026-09-30T16:50:29Z [191,092ms] [Warning] [isaacsim.ros2.nodes] ROS2 TF aggregation contributor '/World/Nova_Carter_ROS/chassis_link/sensors/left_hawk/ROS_TF/PublisherTF' did not submit transforms for topic '/tf' on flush cycle 9974
2026-09-30T16:50:29Z [191,092ms] [Warning] [isaacsim.ros2.nodes] ROS2 TF aggregation contributor '/World/Nova_Carter_ROS/chassis_link/sensors/back_owl/ROS_TF/PublisherTF' did not submit transforms for topic '/tf' on flush cycle 9974
2026-09-30T16:50:29Z [191,092ms] [Warning] [isaacsim.ros2.nodes] ROS2 TF aggregation contributor '/World/Nova_Carter_ROS/transform_tree_odometry/ros2_publish_raw_transform_tree' did not submit transforms for topic '/tf' on flush cycle 9974
2026-09-30T16:50:29Z [191,092ms] [Warning] [isaacsim.ros2.nodes] ROS2 TF aggregation contributor '/World/Nova_Carter_ROS/chassis_link/sensors/front_RPLidar/ROS_TF/PublisherTF' did not submit transforms for topic '/tf' on flush cycle 9974
2026-09-30T16:50:29Z [191,092ms] [Warning] [isaacsim.ros2.nodes] ROS2 TF aggregation contributor '/World/Nova_Carter_ROS/transform_tree_odometry/tf_tree_base_link_to_sensors' did not submit transforms for topic '/tf' on flush cycle 9974
2026-09-30T16:50:29Z [191,092ms] [Warning] [isaacsim.ros2.nodes] ROS2 TF aggregation contributor '/World/Nova_Carter_ROS/transform_tree_odometry/tf_tree_base_link_to_wheel_base' did not submit transforms for topic '/tf' on flush cycle 9974
2026-09-30T16:50:29Z [191,092ms] [Warning] [isaacsim.ros2.nodes] ROS2 TF aggregation contributor '/World/Nova_Carter_ROS/transform_tree_odometry/tf_tree_base_link_to_chassis' did not submit transforms for topic '/tf' on flush cycle 9974
2026-09-30T16:50:31Z [193,129ms] [Warning] [isaacsim.ros2.nodes] ROS2 TF aggregation contributor '/World/Nova_Carter_ROS/chassis_link/sensors/XT_32/ROS_TF/PublisherTF' did not submit transforms for topic '/tf' on flush cycle 10094
2026-09-30T16:50:31Z [193,129ms] [Warning] [isaacsim.ros2.nodes] ROS2 TF aggregation contributor '/World/Nova_Carter_ROS/chassis_link/sensors/rear_RPLidar/ROS_TF/PublisherTF' did not submit transforms for topic '/tf' on flush cycle 10094
2026-09-30T16:50:31Z [193,129ms] [Warning] [isaacsim.ros2.nodes] ROS2 TF aggregation contributor '/World/Nova_Carter_ROS/chassis_link/sensors/front_hawk/ROS_TF/PublisherTF' did not submit transforms for topic '/tf' on flush cycle 10094
2026-09-30T16:50:31Z [193,129ms] [Warning] [isaacsim.ros2.nodes] ROS2 TF aggregation contributor '/World/Nova_Carter_ROS/chassis_link/sensors/left_owl/ROS_TF/PublisherTF' did not submit transforms for topic '/tf' on flush cycle 10094
2026-09-30T16:50:31Z [193,129ms] [Warning] [isaacsim.ros2.nodes] ROS2 TF aggregation contributor '/World/Nova_Carter_ROS/chassis_link/sensors/front_owl/ROS_TF/PublisherTF' did not submit transforms for topic '/tf' on flush cycle 10094
2026-09-30T16:50:31Z [193,129ms] [Warning] [isaacsim.ros2.nodes] ROS2 TF aggregation contributor '/World/Nova_Carter_ROS/chassis_link/sensors/back_hawk/ROS_TF/PublisherTF' did not submit transforms for topic '/tf' on flush cycle 10094
2026-09-30T16:50:31Z [193,129ms] [Warning] [isaacsim.ros2.nodes] ROS2 TF aggregation contributor '/World/Nova_Carter_ROS/chassis_link/sensors/right_owl/ROS_TF/PublisherTF' did not submit transforms for topic '/tf' on flush cycle 10094
2026-09-30T16:50:31Z [193,129ms] [Warning] [isaacsim.ros2.nodes] ROS2 TF aggregation contributor '/World/Nova_Carter_ROS/chassis_link/sensors/right_hawk/ROS_TF/PublisherTF' did not submit transforms for topic '/tf' on flush cycle 10094
2026-09-30T16:50:31Z [193,129ms] [Warning] [isaacsim.ros2.nodes] ROS2 TF aggregation contributor '/World/Nova_Carter_ROS/chassis_link/sensors/left_hawk/ROS_TF/PublisherTF' did not submit transforms for topic '/tf' on flush cycle 10094
2026-09-30T16:50:31Z [193,129ms] [Warning] [isaacsim.ros2.nodes] ROS2 TF aggregation contributor '/World/Nova_Carter_ROS/chassis_link/sensors/back_owl/ROS_TF/PublisherTF' did not submit transforms for topic '/tf' on flush cycle 10094
2026-09-30T16:50:31Z [193,129ms] [Warning] [isaacsim.ros2.nodes] ROS2 TF aggregation contributor '/World/Nova_Carter_ROS/transform_tree_odometry/ros2_publish_raw_transform_tree' did not submit transforms for topic '/tf' on flush cycle 10094
2026-09-30T16:50:31Z [193,129ms] [Warning] [isaacsim.ros2.nodes] ROS2 TF aggregation contributor '/World/Nova_Carter_ROS/chassis_link/sensors/front_RPLidar/ROS_TF/PublisherTF' did not submit transforms for topic '/tf' on flush cycle 10094
2026-09-30T16:50:31Z [193,129ms] [Warning] [isaacsim.ros2.nodes] ROS2 TF aggregation contributor '/World/Nova_Carter_ROS/transform_tree_odometry/tf_tree_base_link_to_sensors' did not submit transforms for topic '/tf' on flush cycle 10094
2026-09-30T16:50:31Z [193,129ms] [Warning] [isaacsim.ros2.nodes] ROS2 TF aggregation contributor '/World/Nova_Carter_ROS/transform_tree_odometry/tf_tree_base_link_to_wheel_base' did not submit transforms for topic '/tf' on flush cycle 10094
2026-09-30T16:50:31Z [193,129ms] [Warning] [isaacsim.ros2.nodes] ROS2 TF aggregation contributor '/World/Nova_Carter_ROS/transform_tree_odometry/tf_tree_base_link_to_chassis' did not submit transforms for topic '/tf' on flush cycle 10094
2026-09-30T16:50:33Z [195,220ms] [Warning] [isaacsim.ros2.nodes] ROS2 TF aggregation contributor '/World/Nova_Carter_ROS/chassis_link/sensors/XT_32/ROS_TF/PublisherTF' did not submit transforms for topic '/tf' on flush cycle 10214
2026-09-30T16:50:33Z [195,220ms] [Warning] [isaacsim.ros2.nodes] ROS2 TF aggregation contributor '/World/Nova_Carter_ROS/chassis_link/sensors/rear_RPLidar/ROS_TF/PublisherTF' did not submit transforms for topic '/tf' on flush cycle 10214
2026-09-30T16:50:33Z [195,220ms] [Warning] [isaacsim.ros2.nodes] ROS2 TF aggregation contributor '/World/Nova_Carter_ROS/chassis_link/sensors/front_hawk/ROS_TF/PublisherTF' did not submit transforms for topic '/tf' on flush cycle 10214
2026-09-30T16:50:33Z [195,220ms] [Warning] [isaacsim.ros2.nodes] ROS2 TF aggregation contributor '/World/Nova_Carter_ROS/chassis_link/sensors/left_owl/ROS_TF/PublisherTF' did not submit transforms for topic '/tf' on flush cycle 10214
2026-09-30T16:50:33Z [195,220ms] [Warning] [isaacsim.ros2.nodes] ROS2 TF aggregation contributor '/World/Nova_Carter_ROS/chassis_link/sensors/front_owl/ROS_TF/PublisherTF' did not submit transforms for topic '/tf' on flush cycle 10214
2026-09-30T16:50:33Z [195,220ms] [Warning] [isaacsim.ros2.nodes] ROS2 TF aggregation contributor '/World/Nova_Carter_ROS/chassis_link/sensors/back_hawk/ROS_TF/PublisherTF' did not submit transforms for topic '/tf' on flush cycle 10214
2026-09-30T16:50:33Z [195,220ms] [Warning] [isaacsim.ros2.nodes] ROS2 TF aggregation contributor '/World/Nova_Carter_ROS/chassis_link/sensors/right_owl/ROS_TF/PublisherTF' did not submit transforms for topic '/tf' on flush cycle 10214
2026-09-30T16:50:33Z [195,220ms] [Warning] [isaacsim.ros2.nodes] ROS2 TF aggregation contributor '/World/Nova_Carter_ROS/chassis_link/sensors/right_hawk/ROS_TF/PublisherTF' did not submit transforms for topic '/tf' on flush cycle 10214
2026-09-30T16:50:33Z [195,220ms] [Warning] [isaacsim.ros2.nodes] ROS2 TF aggregation contributor '/World/Nova_Carter_ROS/chassis_link/sensors/left_hawk/ROS_TF/PublisherTF' did not submit transforms for topic '/tf' on flush cycle 10214
2026-09-30T16:50:33Z [195,220ms] [Warning] [isaacsim.ros2.nodes] ROS2 TF aggregation contributor '/World/Nova_Carter_ROS/chassis_link/sensors/back_owl/ROS_TF/PublisherTF' did not submit transforms for topic '/tf' on flush cycle 10214
2026-09-30T16:50:33Z [195,220ms] [Warning] [isaacsim.ros2.nodes] ROS2 TF aggregation contributor '/World/Nova_Carter_ROS/transform_tree_odometry/ros2_publish_raw_transform_tree' did not submit transforms for topic '/tf' on flush cycle 10214
2026-09-30T16:50:33Z [195,220ms] [Warning] [isaacsim.ros2.nodes] ROS2 TF aggregation contributor '/World/Nova_Carter_ROS/chassis_link/sensors/front_RPLidar/ROS_TF/PublisherTF' did not submit transforms for topic '/tf' on flush cycle 10214
2026-09-30T16:50:33Z [195,220ms] [Warning] [isaacsim.ros2.nodes] ROS2 TF aggregation contributor '/World/Nova_Carter_ROS/transform_tree_odometry/tf_tree_base_link_to_sensors' did not submit transforms for topic '/tf' on flush cycle 10214
2026-09-30T16:50:33Z [195,220ms] [Warning] [isaacsim.ros2.nodes] ROS2 TF aggregation contributor '/World/Nova_Carter_ROS/transform_tree_odometry/tf_tree_base_link_to_wheel_base' did not submit transforms for topic '/tf' on flush cycle 10214
2026-09-30T16:50:33Z [195,220ms] [Warning] [isaacsim.ros2.nodes] ROS2 TF aggregation contributor '/World/Nova_Carter_ROS/transform_tree_odometry/tf_tree_base_link_to_chassis' did not submit transforms for topic '/tf' on flush cycle 10214
2026-09-30T16:50:35Z [197,264ms] [Warning] [isaacsim.ros2.nodes] ROS2 TF aggregation contributor '/World/Nova_Carter_ROS/chassis_link/sensors/XT_32/ROS_TF/PublisherTF' did not submit transforms for topic '/tf' on flush cycle 10334
2026-09-30T16:50:35Z [197,264ms] [Warning] [isaacsim.ros2.nodes] ROS2 TF aggregation contributor '/World/Nova_Carter_ROS/chassis_link/sensors/rear_RPLidar/ROS_TF/PublisherTF' did not submit transforms for topic '/tf' on flush cycle 10334
2026-09-30T16:50:35Z [197,264ms] [Warning] [isaacsim.ros2.nodes] ROS2 TF aggregation contributor '/World/Nova_Carter_ROS/chassis_link/sensors/front_hawk/ROS_TF/PublisherTF' did not submit transforms for topic '/tf' on flush cycle 10334
2026-09-30T16:50:35Z [197,264ms] [Warning] [isaacsim.ros2.nodes] ROS2 TF aggregation contributor '/World/Nova_Carter_ROS/chassis_link/sensors/left_owl/ROS_TF/PublisherTF' did not submit transforms for topic '/tf' on flush cycle 10334
2026-09-30T16:50:35Z [197,264ms] [Warning] [isaacsim.ros2.nodes] ROS2 TF aggregation contributor '/World/Nova_Carter_ROS/chassis_link/sensors/front_owl/ROS_TF/PublisherTF' did not submit transforms for topic '/tf' on flush cycle 10334
2026-09-30T16:50:35Z [197,264ms] [Warning] [isaacsim.ros2.nodes] ROS2 TF aggregation contributor '/World/Nova_Carter_ROS/chassis_link/sensors/back_hawk/ROS_TF/PublisherTF' did not submit transforms for topic '/tf' on flush cycle 10334
2026-09-30T16:50:35Z [197,264ms] [Warning] [isaacsim.ros2.nodes] ROS2 TF aggregation contributor '/World/Nova_Carter_ROS/chassis_link/sensors/right_owl/ROS_TF/PublisherTF' did not submit transforms for topic '/tf' on flush cycle 10334
2026-09-30T16:50:35Z [197,264ms] [Warning] [isaacsim.ros2.nodes] ROS2 TF aggregation contributor '/World/Nova_Carter_ROS/chassis_link/sensors/right_hawk/ROS_TF/PublisherTF' did not submit transforms for topic '/tf' on flush cycle 10334
2026-09-30T16:50:35Z [197,264ms] [Warning] [isaacsim.ros2.nodes] ROS2 TF aggregation contributor '/World/Nova_Carter_ROS/chassis_link/sensors/left_hawk/ROS_TF/PublisherTF' did not submit transforms for topic '/tf' on flush cycle 10334
2026-09-30T16:50:35Z [197,264ms] [Warning] [isaacsim.ros2.nodes] ROS2 TF aggregation contributor '/World/Nova_Carter_ROS/chassis_link/sensors/back_owl/ROS_TF/PublisherTF' did not submit transforms for topic '/tf' on flush cycle 10334
2026-09-30T16:50:35Z [197,264ms] [Warning] [isaacsim.ros2.nodes] ROS2 TF aggregation contributor '/World/Nova_Carter_ROS/transform_tree_odometry/ros2_publish_raw_transform_tree' did not submit transforms for topic '/tf' on flush cycle 10334
2026-09-30T16:50:35Z [197,264ms] [Warning] [isaacsim.ros2.nodes] ROS2 TF aggregation contributor '/World/Nova_Carter_ROS/chassis_link/sensors/front_RPLidar/ROS_TF/PublisherTF' did not submit transforms for topic '/tf' on flush cycle 10334
2026-09-30T16:50:35Z [197,264ms] [Warning] [isaacsim.ros2.nodes] ROS2 TF aggregation contributor '/World/Nova_Carter_ROS/transform_tree_odometry/tf_tree_base_link_to_sensors' did not submit transforms for topic '/tf' on flush cycle 10334
2026-09-30T16:50:35Z [197,264ms] [Warning] [isaacsim.ros2.nodes] ROS2 TF aggregation contributor '/World/Nova_Carter_ROS/transform_tree_odometry/tf_tree_base_link_to_wheel_base' did not submit transforms for topic '/tf' on flush cycle 10334
2026-09-30T16:50:35Z [197,264ms] [Warning] [isaacsim.ros2.nodes] ROS2 TF aggregation contributor '/World/Nova_Carter_ROS/transform_tree_odometry/tf_tree_base_link_to_chassis' did not submit transforms for topic '/tf' on flush cycle 10334
2026-09-30T16:50:37Z [199,363ms] [Warning] [isaacsim.ros2.nodes] ROS2 TF aggregation contributor '/World/Nova_Carter_ROS/chassis_link/sensors/XT_32/ROS_TF/PublisherTF' did not submit transforms for topic '/tf' on flush cycle 10454
2026-09-30T16:50:37Z [199,363ms] [Warning] [isaacsim.ros2.nodes] ROS2 TF aggregation contributor '/World/Nova_Carter_ROS/chassis_link/sensors/rear_RPLidar/ROS_TF/PublisherTF' did not submit transforms for topic '/tf' on flush cycle 10454
2026-09-30T16:50:37Z [199,363ms] [Warning] [isaacsim.ros2.nodes] ROS2 TF aggregation contributor '/World/Nova_Carter_ROS/chassis_link/sensors/front_hawk/ROS_TF/PublisherTF' did not submit transforms for topic '/tf' on flush cycle 10454
2026-09-30T16:50:37Z [199,363ms] [Warning] [isaacsim.ros2.nodes] ROS2 TF aggregation contributor '/World/Nova_Carter_ROS/chassis_link/sensors/left_owl/ROS_TF/PublisherTF' did not submit transforms for topic '/tf' on flush cycle 10454
2026-09-30T16:50:37Z [199,363ms] [Warning] [isaacsim.ros2.nodes] ROS2 TF aggregation contributor '/World/Nova_Carter_ROS/chassis_link/sensors/front_owl/ROS_TF/PublisherTF' did not submit transforms for topic '/tf' on flush cycle 10454
2026-09-30T16:50:37Z [199,363ms] [Warning] [isaacsim.ros2.nodes] ROS2 TF aggregation contributor '/World/Nova_Carter_ROS/chassis_link/sensors/back_hawk/ROS_TF/PublisherTF' did not submit transforms for topic '/tf' on flush cycle 10454
2026-09-30T16:50:37Z [199,363ms] [Warning] [isaacsim.ros2.nodes] ROS2 TF aggregation contributor '/World/Nova_Carter_ROS/chassis_link/sensors/right_owl/ROS_TF/PublisherTF' did not submit transforms for topic '/tf' on flush cycle 10454
2026-09-30T16:50:37Z [199,363ms] [Warning] [isaacsim.ros2.nodes] ROS2 TF aggregation contributor '/World/Nova_Carter_ROS/chassis_link/sensors/right_hawk/ROS_TF/PublisherTF' did not submit transforms for topic '/tf' on flush cycle 10454
2026-09-30T16:50:37Z [199,363ms] [Warning] [isaacsim.ros2.nodes] ROS2 TF aggregation contributor '/World/Nova_Carter_ROS/chassis_link/sensors/left_hawk/ROS_TF/PublisherTF' did not submit transforms for topic '/tf' on flush cycle 10454
2026-09-30T16:50:37Z [199,364ms] [Warning] [isaacsim.ros2.nodes] ROS2 TF aggregation contributor '/World/Nova_Carter_ROS/chassis_link/sensors/back_owl/ROS_TF/PublisherTF' did not submit transforms for topic '/tf' on flush cycle 10454
2026-09-30T16:50:37Z [199,364ms] [Warning] [isaacsim.ros2.nodes] ROS2 TF aggregation contributor '/World/Nova_Carter_ROS/transform_tree_odometry/ros2_publish_raw_transform_tree' did not submit transforms for topic '/tf' on flush cycle 10454
2026-09-30T16:50:37Z [199,364ms] [Warning] [isaacsim.ros2.nodes] ROS2 TF aggregation contributor '/World/Nova_Carter_ROS/chassis_link/sensors/front_RPLidar/ROS_TF/PublisherTF' did not submit transforms for topic '/tf' on flush cycle 10454
2026-09-30T16:50:37Z [199,364ms] [Warning] [isaacsim.ros2.nodes] ROS2 TF aggregation contributor '/World/Nova_Carter_ROS/transform_tree_odometry/tf_tree_base_link_to_sensors' did not submit transforms for topic '/tf' on flush cycle 10454
2026-09-30T16:50:37Z [199,364ms] [Warning] [isaacsim.ros2.nodes] ROS2 TF aggregation contributor '/World/Nova_Carter_ROS/transform_tree_odometry/tf_tree_base_link_to_wheel_base' did not submit transforms for topic '/tf' on flush cycle 10454
2026-09-30T16:50:37Z [199,364ms] [Warning] [isaacsim.ros2.nodes] ROS2 TF aggregation contributor '/World/Nova_Carter_ROS/transform_tree_odometry/tf_tree_base_link_to_chassis' did not submit transforms for topic '/tf' on flush cycle 10454
2026-09-30T16:50:39Z [201,412ms] [Warning] [isaacsim.ros2.nodes] ROS2 TF aggregation contributor '/World/Nova_Carter_ROS/chassis_link/sensors/XT_32/ROS_TF/PublisherTF' did not submit transforms for topic '/tf' on flush cycle 10574
2026-09-30T16:50:39Z [201,412ms] [Warning] [isaacsim.ros2.nodes] ROS2 TF aggregation contributor '/World/Nova_Carter_ROS/chassis_link/sensors/rear_RPLidar/ROS_TF/PublisherTF' did not submit transforms for topic '/tf' on flush cycle 10574
2026-09-30T16:50:39Z [201,412ms] [Warning] [isaacsim.ros2.nodes] ROS2 TF aggregation contributor '/World/Nova_Carter_ROS/chassis_link/sensors/front_hawk/ROS_TF/PublisherTF' did not submit transforms for topic '/tf' on flush cycle 10574
2026-09-30T16:50:39Z [201,412ms] [Warning] [isaacsim.ros2.nodes] ROS2 TF aggregation contributor '/World/Nova_Carter_ROS/chassis_link/sensors/left_owl/ROS_TF/PublisherTF' did not submit transforms for topic '/tf' on flush cycle 10574
2026-09-30T16:50:39Z [201,412ms] [Warning] [isaacsim.ros2.nodes] ROS2 TF aggregation contributor '/World/Nova_Carter_ROS/chassis_link/sensors/front_owl/ROS_TF/PublisherTF' did not submit transforms for topic '/tf' on flush cycle 10574
2026-09-30T16:50:39Z [201,412ms] [Warning] [isaacsim.ros2.nodes] ROS2 TF aggregation contributor '/World/Nova_Carter_ROS/chassis_link/sensors/back_hawk/ROS_TF/PublisherTF' did not submit transforms for topic '/tf' on flush cycle 10574
2026-09-30T16:50:39Z [201,412ms] [Warning] [isaacsim.ros2.nodes] ROS2 TF aggregation contributor '/World/Nova_Carter_ROS/chassis_link/sensors/right_owl/ROS_TF/PublisherTF' did not submit transforms for topic '/tf' on flush cycle 10574
2026-09-30T16:50:39Z [201,412ms] [Warning] [isaacsim.ros2.nodes] ROS2 TF aggregation contributor '/World/Nova_Carter_ROS/chassis_link/sensors/right_hawk/ROS_TF/PublisherTF' did not submit transforms for topic '/tf' on flush cycle 10574
2026-09-30T16:50:39Z [201,412ms] [Warning] [isaacsim.ros2.nodes] ROS2 TF aggregation contributor '/World/Nova_Carter_ROS/chassis_link/sensors/left_hawk/ROS_TF/PublisherTF' did not submit transforms for topic '/tf' on flush cycle 10574
2026-09-30T16:50:39Z [201,412ms] [Warning] [isaacsim.ros2.nodes] ROS2 TF aggregation contributor '/World/Nova_Carter_ROS/chassis_link/sensors/back_owl/ROS_TF/PublisherTF' did not submit transforms for topic '/tf' on flush cycle 10574
2026-09-30T16:50:39Z [201,412ms] [Warning] [isaacsim.ros2.nodes] ROS2 TF aggregation contributor '/World/Nova_Carter_ROS/transform_tree_odometry/ros2_publish_raw_transform_tree' did not submit transforms for topic '/tf' on flush cycle 10574
2026-09-30T16:50:39Z [201,412ms] [Warning] [isaacsim.ros2.nodes] ROS2 TF aggregation contributor '/World/Nova_Carter_ROS/chassis_link/sensors/front_RPLidar/ROS_TF/PublisherTF' did not submit transforms for topic '/tf' on flush cycle 10574
2026-09-30T16:50:39Z [201,412ms] [Warning] [isaacsim.ros2.nodes] ROS2 TF aggregation contributor '/World/Nova_Carter_ROS/transform_tree_odometry/tf_tree_base_link_to_sensors' did not submit transforms for topic '/tf' on flush cycle 10574
2026-09-30T16:50:39Z [201,412ms] [Warning] [isaacsim.ros2.nodes] ROS2 TF aggregation contributor '/World/Nova_Carter_ROS/transform_tree_odometry/tf_tree_base_link_to_wheel_base' did not submit transforms for topic '/tf' on flush cycle 10574
2026-09-30T16:50:39Z [201,412ms] [Warning] [isaacsim.ros2.nodes] ROS2 TF aggregation contributor '/World/Nova_Carter_ROS/transform_tree_odometry/tf_tree_base_link_to_chassis' did not submit transforms for topic '/tf' on flush cycle 10574
2026-09-30T16:50:44Z [206,519ms] [Warning] [omni.graph.core.plugin] /World/Nova_Carter_ROS/differential_drive/differential_controller_01: [/World/Nova_Carter_ROS/differential_drive] Invalid deltaTime 0.000000, cannot check for acceleration limits, skipping current step
2026-09-30T16:50:51Z [213,219ms] [Warning] [isaacsim.ros2.nodes] ROS2 TF aggregation contributor '/World/Nova_Carter_ROS/chassis_link/sensors/XT_32/ROS_TF/PublisherTF' did not submit transforms for topic '/tf' on flush cycle 11223
2026-09-30T16:50:51Z [213,219ms] [Warning] [isaacsim.ros2.nodes] ROS2 TF aggregation contributor '/World/Nova_Carter_ROS/chassis_link/sensors/rear_RPLidar/ROS_TF/PublisherTF' did not submit transforms for topic '/tf' on flush cycle 11223
2026-09-30T16:50:51Z [213,219ms] [Warning] [isaacsim.ros2.nodes] ROS2 TF aggregation contributor '/World/Nova_Carter_ROS/chassis_link/sensors/front_hawk/ROS_TF/PublisherTF' did not submit transforms for topic '/tf' on flush cycle 11223
2026-09-30T16:50:51Z [213,219ms] [Warning] [isaacsim.ros2.nodes] ROS2 TF aggregation contributor '/World/Nova_Carter_ROS/chassis_link/sensors/left_owl/ROS_TF/PublisherTF' did not submit transforms for topic '/tf' on flush cycle 11223
2026-09-30T16:50:51Z [213,219ms] [Warning] [isaacsim.ros2.nodes] ROS2 TF aggregation contributor '/World/Nova_Carter_ROS/chassis_link/sensors/front_owl/ROS_TF/PublisherTF' did not submit transforms for topic '/tf' on flush cycle 11223
2026-09-30T16:50:51Z [213,219ms] [Warning] [isaacsim.ros2.nodes] ROS2 TF aggregation contributor '/World/Nova_Carter_ROS/chassis_link/sensors/back_hawk/ROS_TF/PublisherTF' did not submit transforms for topic '/tf' on flush cycle 11223
2026-09-30T16:50:51Z [213,219ms] [Warning] [isaacsim.ros2.nodes] ROS2 TF aggregation contributor '/World/Nova_Carter_ROS/chassis_link/sensors/right_owl/ROS_TF/PublisherTF' did not submit transforms for topic '/tf' on flush cycle 11223
2026-09-30T16:50:51Z [213,219ms] [Warning] [isaacsim.ros2.nodes] ROS2 TF aggregation contributor '/World/Nova_Carter_ROS/chassis_link/sensors/right_hawk/ROS_TF/PublisherTF' did not submit transforms for topic '/tf' on flush cycle 11223
2026-09-30T16:50:51Z [213,219ms] [Warning] [isaacsim.ros2.nodes] ROS2 TF aggregation contributor '/World/Nova_Carter_ROS/chassis_link/sensors/left_hawk/ROS_TF/PublisherTF' did not submit transforms for topic '/tf' on flush cycle 11223
2026-09-30T16:50:51Z [213,219ms] [Warning] [isaacsim.ros2.nodes] ROS2 TF aggregation contributor '/World/Nova_Carter_ROS/chassis_link/sensors/back_owl/ROS_TF/PublisherTF' did not submit transforms for topic '/tf' on flush cycle 11223
2026-09-30T16:50:51Z [213,219ms] [Warning] [isaacsim.ros2.nodes] ROS2 TF aggregation contributor '/World/Nova_Carter_ROS/transform_tree_odometry/ros2_publish_raw_transform_tree' did not submit transforms for topic '/tf' on flush cycle 11223
2026-09-30T16:50:51Z [213,219ms] [Warning] [isaacsim.ros2.nodes] ROS2 TF aggregation contributor '/World/Nova_Carter_ROS/chassis_link/sensors/front_RPLidar/ROS_TF/PublisherTF' did not submit transforms for topic '/tf' on flush cycle 11223
2026-09-30T16:50:51Z [213,219ms] [Warning] [isaacsim.ros2.nodes] ROS2 TF aggregation contributor '/World/Nova_Carter_ROS/transform_tree_odometry/tf_tree_base_link_to_sensors' did not submit transforms for topic '/tf' on flush cycle 11223
2026-09-30T16:50:51Z [213,219ms] [Warning] [isaacsim.ros2.nodes] ROS2 TF aggregation contributor '/World/Nova_Carter_ROS/transform_tree_odometry/tf_tree_base_link_to_wheel_base' did not submit transforms for topic '/tf' on flush cycle 11223
2026-09-30T16:50:51Z [213,219ms] [Warning] [isaacsim.ros2.nodes] ROS2 TF aggregation contributor '/World/Nova_Carter_ROS/transform_tree_odometry/tf_tree_base_link_to_chassis' did not submit transforms for topic '/tf' on flush cycle 11223
2026-09-30T16:50:53Z [215,302ms] [Warning] [isaacsim.ros2.nodes] ROS2 TF aggregation contributor '/World/Nova_Carter_ROS/chassis_link/sensors/XT_32/ROS_TF/PublisherTF' did not submit transforms for topic '/tf' on flush cycle 11343
2026-09-30T16:50:53Z [215,302ms] [Warning] [isaacsim.ros2.nodes] ROS2 TF aggregation contributor '/World/Nova_Carter_ROS/chassis_link/sensors/rear_RPLidar/ROS_TF/PublisherTF' did not submit transforms for topic '/tf' on flush cycle 11343
2026-09-30T16:50:53Z [215,302ms] [Warning] [isaacsim.ros2.nodes] ROS2 TF aggregation contributor '/World/Nova_Carter_ROS/chassis_link/sensors/front_hawk/ROS_TF/PublisherTF' did not submit transforms for topic '/tf' on flush cycle 11343
2026-09-30T16:50:53Z [215,302ms] [Warning] [isaacsim.ros2.nodes] ROS2 TF aggregation contributor '/World/Nova_Carter_ROS/chassis_link/sensors/left_owl/ROS_TF/PublisherTF' did not submit transforms for topic '/tf' on flush cycle 11343
2026-09-30T16:50:53Z [215,302ms] [Warning] [isaacsim.ros2.nodes] ROS2 TF aggregation contributor '/World/Nova_Carter_ROS/chassis_link/sensors/front_owl/ROS_TF/PublisherTF' did not submit transforms for topic '/tf' on flush cycle 11343
2026-09-30T16:50:53Z [215,302ms] [Warning] [isaacsim.ros2.nodes] ROS2 TF aggregation contributor '/World/Nova_Carter_ROS/chassis_link/sensors/back_hawk/ROS_TF/PublisherTF' did not submit transforms for topic '/tf' on flush cycle 11343
2026-09-30T16:50:53Z [215,302ms] [Warning] [isaacsim.ros2.nodes] ROS2 TF aggregation contributor '/World/Nova_Carter_ROS/chassis_link/sensors/right_owl/ROS_TF/PublisherTF' did not submit transforms for topic '/tf' on flush cycle 11343
2026-09-30T16:50:53Z [215,302ms] [Warning] [isaacsim.ros2.nodes] ROS2 TF aggregation contributor '/World/Nova_Carter_ROS/chassis_link/sensors/right_hawk/ROS_TF/PublisherTF' did not submit transforms for topic '/tf' on flush cycle 11343
2026-09-30T16:50:53Z [215,302ms] [Warning] [isaacsim.ros2.nodes] ROS2 TF aggregation contributor '/World/Nova_Carter_ROS/chassis_link/sensors/left_hawk/ROS_TF/PublisherTF' did not submit transforms for topic '/tf' on flush cycle 11343
2026-09-30T16:50:53Z [215,302ms] [Warning] [isaacsim.ros2.nodes] ROS2 TF aggregation contributor '/World/Nova_Carter_ROS/chassis_link/sensors/back_owl/ROS_TF/PublisherTF' did not submit transforms for topic '/tf' on flush cycle 11343
2026-09-30T16:50:53Z [215,302ms] [Warning] [isaacsim.ros2.nodes] ROS2 TF aggregation contributor '/World/Nova_Carter_ROS/transform_tree_odometry/ros2_publish_raw_transform_tree' did not submit transforms for topic '/tf' on flush cycle 11343
2026-09-30T16:50:53Z [215,302ms] [Warning] [isaacsim.ros2.nodes] ROS2 TF aggregation contributor '/World/Nova_Carter_ROS/chassis_link/sensors/front_RPLidar/ROS_TF/PublisherTF' did not submit transforms for topic '/tf' on flush cycle 11343
2026-09-30T16:50:53Z [215,302ms] [Warning] [isaacsim.ros2.nodes] ROS2 TF aggregation contributor '/World/Nova_Carter_ROS/transform_tree_odometry/tf_tree_base_link_to_sensors' did not submit transforms for topic '/tf' on flush cycle 11343
2026-09-30T16:50:53Z [215,302ms] [Warning] [isaacsim.ros2.nodes] ROS2 TF aggregation contributor '/World/Nova_Carter_ROS/transform_tree_odometry/tf_tree_base_link_to_wheel_base' did not submit transforms for topic '/tf' on flush cycle 11343
2026-09-30T16:50:53Z [215,302ms] [Warning] [isaacsim.ros2.nodes] ROS2 TF aggregation contributor '/World/Nova_Carter_ROS/transform_tree_odometry/tf_tree_base_link_to_chassis' did not submit transforms for topic '/tf' on flush cycle 11343
2026-09-30T16:50:55Z [217,392ms] [Warning] [isaacsim.ros2.nodes] ROS2 TF aggregation contributor '/World/Nova_Carter_ROS/chassis_link/sensors/XT_32/ROS_TF/PublisherTF' did not submit transforms for topic '/tf' on flush cycle 11463
2026-09-30T16:50:55Z [217,392ms] [Warning] [isaacsim.ros2.nodes] ROS2 TF aggregation contributor '/World/Nova_Carter_ROS/chassis_link/sensors/rear_RPLidar/ROS_TF/PublisherTF' did not submit transforms for topic '/tf' on flush cycle 11463
2026-09-30T16:50:55Z [217,392ms] [Warning] [isaacsim.ros2.nodes] ROS2 TF aggregation contributor '/World/Nova_Carter_ROS/chassis_link/sensors/front_hawk/ROS_TF/PublisherTF' did not submit transforms for topic '/tf' on flush cycle 11463
2026-09-30T16:50:55Z [217,392ms] [Warning] [isaacsim.ros2.nodes] ROS2 TF aggregation contributor '/World/Nova_Carter_ROS/chassis_link/sensors/left_owl/ROS_TF/PublisherTF' did not submit transforms for topic '/tf' on flush cycle 11463
2026-09-30T16:50:55Z [217,392ms] [Warning] [isaacsim.ros2.nodes] ROS2 TF aggregation contributor '/World/Nova_Carter_ROS/chassis_link/sensors/front_owl/ROS_TF/PublisherTF' did not submit transforms for topic '/tf' on flush cycle 11463
2026-09-30T16:50:55Z [217,392ms] [Warning] [isaacsim.ros2.nodes] ROS2 TF aggregation contributor '/World/Nova_Carter_ROS/chassis_link/sensors/back_hawk/ROS_TF/PublisherTF' did not submit transforms for topic '/tf' on flush cycle 11463
2026-09-30T16:50:55Z [217,392ms] [Warning] [isaacsim.ros2.nodes] ROS2 TF aggregation contributor '/World/Nova_Carter_ROS/chassis_link/sensors/right_owl/ROS_TF/PublisherTF' did not submit transforms for topic '/tf' on flush cycle 11463
2026-09-30T16:50:55Z [217,392ms] [Warning] [isaacsim.ros2.nodes] ROS2 TF aggregation contributor '/World/Nova_Carter_ROS/chassis_link/sensors/right_hawk/ROS_TF/PublisherTF' did not submit transforms for topic '/tf' on flush cycle 11463
2026-09-30T16:50:55Z [217,392ms] [Warning] [isaacsim.ros2.nodes] ROS2 TF aggregation contributor '/World/Nova_Carter_ROS/chassis_link/sensors/left_hawk/ROS_TF/PublisherTF' did not submit transforms for topic '/tf' on flush cycle 11463
2026-09-30T16:50:55Z [217,392ms] [Warning] [isaacsim.ros2.nodes] ROS2 TF aggregation contributor '/World/Nova_Carter_ROS/chassis_link/sensors/back_owl/ROS_TF/PublisherTF' did not submit transforms for topic '/tf' on flush cycle 11463
2026-09-30T16:50:55Z [217,392ms] [Warning] [isaacsim.ros2.nodes] ROS2 TF aggregation contributor '/World/Nova_Carter_ROS/transform_tree_odometry/ros2_publish_raw_transform_tree' did not submit transforms for topic '/tf' on flush cycle 11463
2026-09-30T16:50:55Z [217,392ms] [Warning] [isaacsim.ros2.nodes] ROS2 TF aggregation contributor '/World/Nova_Carter_ROS/chassis_link/sensors/front_RPLidar/ROS_TF/PublisherTF' did not submit transforms for topic '/tf' on flush cycle 11463
2026-09-30T16:50:55Z [217,392ms] [Warning] [isaacsim.ros2.nodes] ROS2 TF aggregation contributor '/World/Nova_Carter_ROS/transform_tree_odometry/tf_tree_base_link_to_sensors' did not submit transforms for topic '/tf' on flush cycle 11463
2026-09-30T16:50:55Z [217,392ms] [Warning] [isaacsim.ros2.nodes] ROS2 TF aggregation contributor '/World/Nova_Carter_ROS/transform_tree_odometry/tf_tree_base_link_to_wheel_base' did not submit transforms for topic '/tf' on flush cycle 11463
2026-09-30T16:50:55Z [217,392ms] [Warning] [isaacsim.ros2.nodes] ROS2 TF aggregation contributor '/World/Nova_Carter_ROS/transform_tree_odometry/tf_tree_base_link_to_chassis' did not submit transforms for topic '/tf' on flush cycle 11463
2026-09-30T16:50:57Z [219,441ms] [Warning] [isaacsim.ros2.nodes] ROS2 TF aggregation contributor '/World/Nova_Carter_ROS/chassis_link/sensors/XT_32/ROS_TF/PublisherTF' did not submit transforms for topic '/tf' on flush cycle 11583
2026-09-30T16:50:57Z [219,441ms] [Warning] [isaacsim.ros2.nodes] ROS2 TF aggregation contributor '/World/Nova_Carter_ROS/chassis_link/sensors/rear_RPLidar/ROS_TF/PublisherTF' did not submit transforms for topic '/tf' on flush cycle 11583
2026-09-30T16:50:57Z [219,441ms] [Warning] [isaacsim.ros2.nodes] ROS2 TF aggregation contributor '/World/Nova_Carter_ROS/chassis_link/sensors/front_hawk/ROS_TF/PublisherTF' did not submit transforms for topic '/tf' on flush cycle 11583
2026-09-30T16:50:57Z [219,441ms] [Warning] [isaacsim.ros2.nodes] ROS2 TF aggregation contributor '/World/Nova_Carter_ROS/chassis_link/sensors/left_owl/ROS_TF/PublisherTF' did not submit transforms for topic '/tf' on flush cycle 11583
2026-09-30T16:50:57Z [219,441ms] [Warning] [isaacsim.ros2.nodes] ROS2 TF aggregation contributor '/World/Nova_Carter_ROS/chassis_link/sensors/front_owl/ROS_TF/PublisherTF' did not submit transforms for topic '/tf' on flush cycle 11583
2026-09-30T16:50:57Z [219,441ms] [Warning] [isaacsim.ros2.nodes] ROS2 TF aggregation contributor '/World/Nova_Carter_ROS/chassis_link/sensors/back_hawk/ROS_TF/PublisherTF' did not submit transforms for topic '/tf' on flush cycle 11583
2026-09-30T16:50:57Z [219,441ms] [Warning] [isaacsim.ros2.nodes] ROS2 TF aggregation contributor '/World/Nova_Carter_ROS/chassis_link/sensors/right_owl/ROS_TF/PublisherTF' did not submit transforms for topic '/tf' on flush cycle 11583
2026-09-30T16:50:57Z [219,441ms] [Warning] [isaacsim.ros2.nodes] ROS2 TF aggregation contributor '/World/Nova_Carter_ROS/chassis_link/sensors/right_hawk/ROS_TF/PublisherTF' did not submit transforms for topic '/tf' on flush cycle 11583
2026-09-30T16:50:57Z [219,441ms] [Warning] [isaacsim.ros2.nodes] ROS2 TF aggregation contributor '/World/Nova_Carter_ROS/chassis_link/sensors/left_hawk/ROS_TF/PublisherTF' did not submit transforms for topic '/tf' on flush cycle 11583
2026-09-30T16:50:57Z [219,441ms] [Warning] [isaacsim.ros2.nodes] ROS2 TF aggregation contributor '/World/Nova_Carter_ROS/chassis_link/sensors/back_owl/ROS_TF/PublisherTF' did not submit transforms for topic '/tf' on flush cycle 11583
2026-09-30T16:50:57Z [219,441ms] [Warning] [isaacsim.ros2.nodes] ROS2 TF aggregation contributor '/World/Nova_Carter_ROS/transform_tree_odometry/ros2_publish_raw_transform_tree' did not submit transforms for topic '/tf' on flush cycle 11583
2026-09-30T16:50:57Z [219,441ms] [Warning] [isaacsim.ros2.nodes] ROS2 TF aggregation contributor '/World/Nova_Carter_ROS/chassis_link/sensors/front_RPLidar/ROS_TF/PublisherTF' did not submit transforms for topic '/tf' on flush cycle 11583
2026-09-30T16:50:57Z [219,441ms] [Warning] [isaacsim.ros2.nodes] ROS2 TF aggregation contributor '/World/Nova_Carter_ROS/transform_tree_odometry/tf_tree_base_link_to_sensors' did not submit transforms for topic '/tf' on flush cycle 11583
2026-09-30T16:50:57Z [219,441ms] [Warning] [isaacsim.ros2.nodes] ROS2 TF aggregation contributor '/World/Nova_Carter_ROS/transform_tree_odometry/tf_tree_base_link_to_wheel_base' did not submit transforms for topic '/tf' on flush cycle 11583
2026-09-30T16:50:57Z [219,441ms] [Warning] [isaacsim.ros2.nodes] ROS2 TF aggregation contributor '/World/Nova_Carter_ROS/transform_tree_odometry/tf_tree_base_link_to_chassis' did not submit transforms for topic '/tf' on flush cycle 11583
2026-09-30T16:50:59Z [221,492ms] [Warning] [isaacsim.ros2.nodes] ROS2 TF aggregation contributor '/World/Nova_Carter_ROS/chassis_link/sensors/XT_32/ROS_TF/PublisherTF' did not submit transforms for topic '/tf' on flush cycle 11703
2026-09-30T16:50:59Z [221,492ms] [Warning] [isaacsim.ros2.nodes] ROS2 TF aggregation contributor '/World/Nova_Carter_ROS/chassis_link/sensors/rear_RPLidar/ROS_TF/PublisherTF' did not submit transforms for topic '/tf' on flush cycle 11703
2026-09-30T16:50:59Z [221,492ms] [Warning] [isaacsim.ros2.nodes] ROS2 TF aggregation contributor '/World/Nova_Carter_ROS/chassis_link/sensors/front_hawk/ROS_TF/PublisherTF' did not submit transforms for topic '/tf' on flush cycle 11703
2026-09-30T16:50:59Z [221,492ms] [Warning] [isaacsim.ros2.nodes] ROS2 TF aggregation contributor '/World/Nova_Carter_ROS/chassis_link/sensors/left_owl/ROS_TF/PublisherTF' did not submit transforms for topic '/tf' on flush cycle 11703
2026-09-30T16:50:59Z [221,492ms] [Warning] [isaacsim.ros2.nodes] ROS2 TF aggregation contributor '/World/Nova_Carter_ROS/chassis_link/sensors/front_owl/ROS_TF/PublisherTF' did not submit transforms for topic '/tf' on flush cycle 11703
2026-09-30T16:50:59Z [221,492ms] [Warning] [isaacsim.ros2.nodes] ROS2 TF aggregation contributor '/World/Nova_Carter_ROS/chassis_link/sensors/back_hawk/ROS_TF/PublisherTF' did not submit transforms for topic '/tf' on flush cycle 11703
2026-09-30T16:50:59Z [221,492ms] [Warning] [isaacsim.ros2.nodes] ROS2 TF aggregation contributor '/World/Nova_Carter_ROS/chassis_link/sensors/right_owl/ROS_TF/PublisherTF' did not submit transforms for topic '/tf' on flush cycle 11703
2026-09-30T16:50:59Z [221,492ms] [Warning] [isaacsim.ros2.nodes] ROS2 TF aggregation contributor '/World/Nova_Carter_ROS/chassis_link/sensors/right_hawk/ROS_TF/PublisherTF' did not submit transforms for topic '/tf' on flush cycle 11703
2026-09-30T16:50:59Z [221,492ms] [Warning] [isaacsim.ros2.nodes] ROS2 TF aggregation contributor '/World/Nova_Carter_ROS/chassis_link/sensors/left_hawk/ROS_TF/PublisherTF' did not submit transforms for topic '/tf' on flush cycle 11703
2026-09-30T16:50:59Z [221,492ms] [Warning] [isaacsim.ros2.nodes] ROS2 TF aggregation contributor '/World/Nova_Carter_ROS/chassis_link/sensors/back_owl/ROS_TF/PublisherTF' did not submit transforms for topic '/tf' on flush cycle 11703
2026-09-30T16:50:59Z [221,492ms] [Warning] [isaacsim.ros2.nodes] ROS2 TF aggregation contributor '/World/Nova_Carter_ROS/transform_tree_odometry/ros2_publish_raw_transform_tree' did not submit transforms for topic '/tf' on flush cycle 11703
2026-09-30T16:50:59Z [221,492ms] [Warning] [isaacsim.ros2.nodes] ROS2 TF aggregation contributor '/World/Nova_Carter_ROS/chassis_link/sensors/front_RPLidar/ROS_TF/PublisherTF' did not submit transforms for topic '/tf' on flush cycle 11703
2026-09-30T16:50:59Z [221,492ms] [Warning] [isaacsim.ros2.nodes] ROS2 TF aggregation contributor '/World/Nova_Carter_ROS/transform_tree_odometry/tf_tree_base_link_to_sensors' did not submit transforms for topic '/tf' on flush cycle 11703
2026-09-30T16:50:59Z [221,492ms] [Warning] [isaacsim.ros2.nodes] ROS2 TF aggregation contributor '/World/Nova_Carter_ROS/transform_tree_odometry/tf_tree_base_link_to_wheel_base' did not submit transforms for topic '/tf' on flush cycle 11703
2026-09-30T16:50:59Z [221,492ms] [Warning] [isaacsim.ros2.nodes] ROS2 TF aggregation contributor '/World/Nova_Carter_ROS/transform_tree_odometry/tf_tree_base_link_to_chassis' did not submit transforms for topic '/tf' on flush cycle 11703
2026-09-30T16:51:01Z [223,544ms] [Warning] [isaacsim.ros2.nodes] ROS2 TF aggregation contributor '/World/Nova_Carter_ROS/chassis_link/sensors/XT_32/ROS_TF/PublisherTF' did not submit transforms for topic '/tf' on flush cycle 11823
2026-09-30T16:51:01Z [223,544ms] [Warning] [isaacsim.ros2.nodes] ROS2 TF aggregation contributor '/World/Nova_Carter_ROS/chassis_link/sensors/rear_RPLidar/ROS_TF/PublisherTF' did not submit transforms for topic '/tf' on flush cycle 11823
2026-09-30T16:51:01Z [223,544ms] [Warning] [isaacsim.ros2.nodes] ROS2 TF aggregation contributor '/World/Nova_Carter_ROS/chassis_link/sensors/front_hawk/ROS_TF/PublisherTF' did not submit transforms for topic '/tf' on flush cycle 11823
2026-09-30T16:51:01Z [223,544ms] [Warning] [isaacsim.ros2.nodes] ROS2 TF aggregation contributor '/World/Nova_Carter_ROS/chassis_link/sensors/left_owl/ROS_TF/PublisherTF' did not submit transforms for topic '/tf' on flush cycle 11823
2026-09-30T16:51:01Z [223,544ms] [Warning] [isaacsim.ros2.nodes] ROS2 TF aggregation contributor '/World/Nova_Carter_ROS/chassis_link/sensors/front_owl/ROS_TF/PublisherTF' did not submit transforms for topic '/tf' on flush cycle 11823
2026-09-30T16:51:01Z [223,544ms] [Warning] [isaacsim.ros2.nodes] ROS2 TF aggregation contributor '/World/Nova_Carter_ROS/chassis_link/sensors/back_hawk/ROS_TF/PublisherTF' did not submit transforms for topic '/tf' on flush cycle 11823
2026-09-30T16:51:01Z [223,544ms] [Warning] [isaacsim.ros2.nodes] ROS2 TF aggregation contributor '/World/Nova_Carter_ROS/chassis_link/sensors/right_owl/ROS_TF/PublisherTF' did not submit transforms for topic '/tf' on flush cycle 11823
2026-09-30T16:51:01Z [223,544ms] [Warning] [isaacsim.ros2.nodes] ROS2 TF aggregation contributor '/World/Nova_Carter_ROS/chassis_link/sensors/right_hawk/ROS_TF/PublisherTF' did not submit transforms for topic '/tf' on flush cycle 11823
2026-09-30T16:51:01Z [223,544ms] [Warning] [isaacsim.ros2.nodes] ROS2 TF aggregation contributor '/World/Nova_Carter_ROS/chassis_link/sensors/left_hawk/ROS_TF/PublisherTF' did not submit transforms for topic '/tf' on flush cycle 11823
2026-09-30T16:51:01Z [223,544ms] [Warning] [isaacsim.ros2.nodes] ROS2 TF aggregation contributor '/World/Nova_Carter_ROS/chassis_link/sensors/back_owl/ROS_TF/PublisherTF' did not submit transforms for topic '/tf' on flush cycle 11823
2026-09-30T16:51:01Z [223,544ms] [Warning] [isaacsim.ros2.nodes] ROS2 TF aggregation contributor '/World/Nova_Carter_ROS/transform_tree_odometry/ros2_publish_raw_transform_tree' did not submit transforms for topic '/tf' on flush cycle 11823
2026-09-30T16:51:01Z [223,544ms] [Warning] [isaacsim.ros2.nodes] ROS2 TF aggregation contributor '/World/Nova_Carter_ROS/chassis_link/sensors/front_RPLidar/ROS_TF/PublisherTF' did not submit transforms for topic '/tf' on flush cycle 11823
2026-09-30T16:51:01Z [223,544ms] [Warning] [isaacsim.ros2.nodes] ROS2 TF aggregation contributor '/World/Nova_Carter_ROS/transform_tree_odometry/tf_tree_base_link_to_sensors' did not submit transforms for topic '/tf' on flush cycle 11823
2026-09-30T16:51:01Z [223,544ms] [Warning] [isaacsim.ros2.nodes] ROS2 TF aggregation contributor '/World/Nova_Carter_ROS/transform_tree_odometry/tf_tree_base_link_to_wheel_base' did not submit transforms for topic '/tf' on flush cycle 11823
2026-09-30T16:51:01Z [223,544ms] [Warning] [isaacsim.ros2.nodes] ROS2 TF aggregation contributor '/World/Nova_Carter_ROS/transform_tree_odometry/tf_tree_base_link_to_chassis' did not submit transforms for topic '/tf' on flush cycle 11823
2026-09-30T16:51:03Z [225,595ms] [Warning] [isaacsim.ros2.nodes] ROS2 TF aggregation contributor '/World/Nova_Carter_ROS/chassis_link/sensors/XT_32/ROS_TF/PublisherTF' did not submit transforms for topic '/tf' on flush cycle 11943
2026-09-30T16:51:03Z [225,595ms] [Warning] [isaacsim.ros2.nodes] ROS2 TF aggregation contributor '/World/Nova_Carter_ROS/chassis_link/sensors/rear_RPLidar/ROS_TF/PublisherTF' did not submit transforms for topic '/tf' on flush cycle 11943
2026-09-30T16:51:03Z [225,595ms] [Warning] [isaacsim.ros2.nodes] ROS2 TF aggregation contributor '/World/Nova_Carter_ROS/chassis_link/sensors/front_hawk/ROS_TF/PublisherTF' did not submit transforms for topic '/tf' on flush cycle 11943
2026-09-30T16:51:03Z [225,595ms] [Warning] [isaacsim.ros2.nodes] ROS2 TF aggregation contributor '/World/Nova_Carter_ROS/chassis_link/sensors/left_owl/ROS_TF/PublisherTF' did not submit transforms for topic '/tf' on flush cycle 11943
2026-09-30T16:51:03Z [225,595ms] [Warning] [isaacsim.ros2.nodes] ROS2 TF aggregation contributor '/World/Nova_Carter_ROS/chassis_link/sensors/front_owl/ROS_TF/PublisherTF' did not submit transforms for topic '/tf' on flush cycle 11943
2026-09-30T16:51:03Z [225,595ms] [Warning] [isaacsim.ros2.nodes] ROS2 TF aggregation contributor '/World/Nova_Carter_ROS/chassis_link/sensors/back_hawk/ROS_TF/PublisherTF' did not submit transforms for topic '/tf' on flush cycle 11943
2026-09-30T16:51:03Z [225,595ms] [Warning] [isaacsim.ros2.nodes] ROS2 TF aggregation contributor '/World/Nova_Carter_ROS/chassis_link/sensors/right_owl/ROS_TF/PublisherTF' did not submit transforms for topic '/tf' on flush cycle 11943
2026-09-30T16:51:03Z [225,595ms] [Warning] [isaacsim.ros2.nodes] ROS2 TF aggregation contributor '/World/Nova_Carter_ROS/chassis_link/sensors/right_hawk/ROS_TF/PublisherTF' did not submit transforms for topic '/tf' on flush cycle 11943
2026-09-30T16:51:03Z [225,595ms] [Warning] [isaacsim.ros2.nodes] ROS2 TF aggregation contributor '/World/Nova_Carter_ROS/chassis_link/sensors/left_hawk/ROS_TF/PublisherTF' did not submit transforms for topic '/tf' on flush cycle 11943
2026-09-30T16:51:03Z [225,595ms] [Warning] [isaacsim.ros2.nodes] ROS2 TF aggregation contributor '/World/Nova_Carter_ROS/chassis_link/sensors/back_owl/ROS_TF/PublisherTF' did not submit transforms for topic '/tf' on flush cycle 11943
2026-09-30T16:51:03Z [225,595ms] [Warning] [isaacsim.ros2.nodes] ROS2 TF aggregation contributor '/World/Nova_Carter_ROS/transform_tree_odometry/ros2_publish_raw_transform_tree' did not submit transforms for topic '/tf' on flush cycle 11943
2026-09-30T16:51:03Z [225,595ms] [Warning] [isaacsim.ros2.nodes] ROS2 TF aggregation contributor '/World/Nova_Carter_ROS/chassis_link/sensors/front_RPLidar/ROS_TF/PublisherTF' did not submit transforms for topic '/tf' on flush cycle 11943
2026-09-30T16:51:03Z [225,595ms] [Warning] [isaacsim.ros2.nodes] ROS2 TF aggregation contributor '/World/Nova_Carter_ROS/transform_tree_odometry/tf_tree_base_link_to_sensors' did not submit transforms for topic '/tf' on flush cycle 11943
2026-09-30T16:51:03Z [225,595ms] [Warning] [isaacsim.ros2.nodes] ROS2 TF aggregation contributor '/World/Nova_Carter_ROS/transform_tree_odometry/tf_tree_base_link_to_wheel_base' did not submit transforms for topic '/tf' on flush cycle 11943
2026-09-30T16:51:03Z [225,595ms] [Warning] [isaacsim.ros2.nodes] ROS2 TF aggregation contributor '/World/Nova_Carter_ROS/transform_tree_odometry/tf_tree_base_link_to_chassis' did not submit transforms for topic '/tf' on flush cycle 11943
2026-09-30T16:51:13Z [235,555ms] [Warning] [isaacsim.ros2.nodes] ROS2 TF aggregation contributor '/World/Nova_Carter_ROS/chassis_link/sensors/XT_32/ROS_TF/PublisherTF' did not submit transforms for topic '/tf' on flush cycle 12504
2026-09-30T16:51:13Z [235,555ms] [Warning] [isaacsim.ros2.nodes] ROS2 TF aggregation contributor '/World/Nova_Carter_ROS/chassis_link/sensors/rear_RPLidar/ROS_TF/PublisherTF' did not submit transforms for topic '/tf' on flush cycle 12504
2026-09-30T16:51:13Z [235,555ms] [Warning] [isaacsim.ros2.nodes] ROS2 TF aggregation contributor '/World/Nova_Carter_ROS/chassis_link/sensors/front_hawk/ROS_TF/PublisherTF' did not submit transforms for topic '/tf' on flush cycle 12504
2026-09-30T16:51:13Z [235,555ms] [Warning] [isaacsim.ros2.nodes] ROS2 TF aggregation contributor '/World/Nova_Carter_ROS/chassis_link/sensors/left_owl/ROS_TF/PublisherTF' did not submit transforms for topic '/tf' on flush cycle 12504
2026-09-30T16:51:13Z [235,555ms] [Warning] [isaacsim.ros2.nodes] ROS2 TF aggregation contributor '/World/Nova_Carter_ROS/chassis_link/sensors/front_owl/ROS_TF/PublisherTF' did not submit transforms for topic '/tf' on flush cycle 12504
2026-09-30T16:51:13Z [235,555ms] [Warning] [isaacsim.ros2.nodes] ROS2 TF aggregation contributor '/World/Nova_Carter_ROS/chassis_link/sensors/back_hawk/ROS_TF/PublisherTF' did not submit transforms for topic '/tf' on flush cycle 12504
2026-09-30T16:51:13Z [235,555ms] [Warning] [isaacsim.ros2.nodes] ROS2 TF aggregation contributor '/World/Nova_Carter_ROS/chassis_link/sensors/right_owl/ROS_TF/PublisherTF' did not submit transforms for topic '/tf' on flush cycle 12504
2026-09-30T16:51:13Z [235,555ms] [Warning] [isaacsim.ros2.nodes] ROS2 TF aggregation contributor '/World/Nova_Carter_ROS/chassis_link/sensors/right_hawk/ROS_TF/PublisherTF' did not submit transforms for topic '/tf' on flush cycle 12504
2026-09-30T16:51:13Z [235,555ms] [Warning] [isaacsim.ros2.nodes] ROS2 TF aggregation contributor '/World/Nova_Carter_ROS/chassis_link/sensors/left_hawk/ROS_TF/PublisherTF' did not submit transforms for topic '/tf' on flush cycle 12504
2026-09-30T16:51:13Z [235,555ms] [Warning] [isaacsim.ros2.nodes] ROS2 TF aggregation contributor '/World/Nova_Carter_ROS/chassis_link/sensors/back_owl/ROS_TF/PublisherTF' did not submit transforms for topic '/tf' on flush cycle 12504
2026-09-30T16:51:13Z [235,555ms] [Warning] [isaacsim.ros2.nodes] ROS2 TF aggregation contributor '/World/Nova_Carter_ROS/transform_tree_odometry/ros2_publish_raw_transform_tree' did not submit transforms for topic '/tf' on flush cycle 12504
2026-09-30T16:51:13Z [235,555ms] [Warning] [isaacsim.ros2.nodes] ROS2 TF aggregation contributor '/World/Nova_Carter_ROS/chassis_link/sensors/front_RPLidar/ROS_TF/PublisherTF' did not submit transforms for topic '/tf' on flush cycle 12504
2026-09-30T16:51:13Z [235,555ms] [Warning] [isaacsim.ros2.nodes] ROS2 TF aggregation contributor '/World/Nova_Carter_ROS/transform_tree_odometry/tf_tree_base_link_to_sensors' did not submit transforms for topic '/tf' on flush cycle 12504
2026-09-30T16:51:13Z [235,555ms] [Warning] [isaacsim.ros2.nodes] ROS2 TF aggregation contributor '/World/Nova_Carter_ROS/transform_tree_odometry/tf_tree_base_link_to_wheel_base' did not submit transforms for topic '/tf' on flush cycle 12504
2026-09-30T16:51:13Z [235,555ms] [Warning] [isaacsim.ros2.nodes] ROS2 TF aggregation contributor '/World/Nova_Carter_ROS/transform_tree_odometry/tf_tree_base_link_to_chassis' did not submit transforms for topic '/tf' on flush cycle 12504
2026-09-30T16:51:15Z [237,637ms] [Warning] [isaacsim.ros2.nodes] ROS2 TF aggregation contributor '/World/Nova_Carter_ROS/chassis_link/sensors/XT_32/ROS_TF/PublisherTF' did not submit transforms for topic '/tf' on flush cycle 12624
2026-09-30T16:51:15Z [237,637ms] [Warning] [isaacsim.ros2.nodes] ROS2 TF aggregation contributor '/World/Nova_Carter_ROS/chassis_link/sensors/rear_RPLidar/ROS_TF/PublisherTF' did not submit transforms for topic '/tf' on flush cycle 12624
2026-09-30T16:51:15Z [237,637ms] [Warning] [isaacsim.ros2.nodes] ROS2 TF aggregation contributor '/World/Nova_Carter_ROS/chassis_link/sensors/front_hawk/ROS_TF/PublisherTF' did not submit transforms for topic '/tf' on flush cycle 12624
2026-09-30T16:51:15Z [237,637ms] [Warning] [isaacsim.ros2.nodes] ROS2 TF aggregation contributor '/World/Nova_Carter_ROS/chassis_link/sensors/left_owl/ROS_TF/PublisherTF' did not submit transforms for topic '/tf' on flush cycle 12624
2026-09-30T16:51:15Z [237,637ms] [Warning] [isaacsim.ros2.nodes] ROS2 TF aggregation contributor '/World/Nova_Carter_ROS/chassis_link/sensors/front_owl/ROS_TF/PublisherTF' did not submit transforms for topic '/tf' on flush cycle 12624
2026-09-30T16:51:15Z [237,637ms] [Warning] [isaacsim.ros2.nodes] ROS2 TF aggregation contributor '/World/Nova_Carter_ROS/chassis_link/sensors/back_hawk/ROS_TF/PublisherTF' did not submit transforms for topic '/tf' on flush cycle 12624
2026-09-30T16:51:15Z [237,637ms] [Warning] [isaacsim.ros2.nodes] ROS2 TF aggregation contributor '/World/Nova_Carter_ROS/chassis_link/sensors/right_owl/ROS_TF/PublisherTF' did not submit transforms for topic '/tf' on flush cycle 12624
2026-09-30T16:51:15Z [237,637ms] [Warning] [isaacsim.ros2.nodes] ROS2 TF aggregation contributor '/World/Nova_Carter_ROS/chassis_link/sensors/right_hawk/ROS_TF/PublisherTF' did not submit transforms for topic '/tf' on flush cycle 12624
2026-09-30T16:51:15Z [237,637ms] [Warning] [isaacsim.ros2.nodes] ROS2 TF aggregation contributor '/World/Nova_Carter_ROS/chassis_link/sensors/left_hawk/ROS_TF/PublisherTF' did not submit transforms for topic '/tf' on flush cycle 12624
2026-09-30T16:51:15Z [237,637ms] [Warning] [isaacsim.ros2.nodes] ROS2 TF aggregation contributor '/World/Nova_Carter_ROS/chassis_link/sensors/back_owl/ROS_TF/PublisherTF' did not submit transforms for topic '/tf' on flush cycle 12624
2026-09-30T16:51:15Z [237,637ms] [Warning] [isaacsim.ros2.nodes] ROS2 TF aggregation contributor '/World/Nova_Carter_ROS/transform_tree_odometry/ros2_publish_raw_transform_tree' did not submit transforms for topic '/tf' on flush cycle 12624
2026-09-30T16:51:15Z [237,637ms] [Warning] [isaacsim.ros2.nodes] ROS2 TF aggregation contributor '/World/Nova_Carter_ROS/chassis_link/sensors/front_RPLidar/ROS_TF/PublisherTF' did not submit transforms for topic '/tf' on flush cycle 12624
2026-09-30T16:51:15Z [237,637ms] [Warning] [isaacsim.ros2.nodes] ROS2 TF aggregation contributor '/World/Nova_Carter_ROS/transform_tree_odometry/tf_tree_base_link_to_sensors' did not submit transforms for topic '/tf' on flush cycle 12624
2026-09-30T16:51:15Z [237,637ms] [Warning] [isaacsim.ros2.nodes] ROS2 TF aggregation contributor '/World/Nova_Carter_ROS/transform_tree_odometry/tf_tree_base_link_to_wheel_base' did not submit transforms for topic '/tf' on flush cycle 12624
2026-09-30T16:51:15Z [237,637ms] [Warning] [isaacsim.ros2.nodes] ROS2 TF aggregation contributor '/World/Nova_Carter_ROS/transform_tree_odometry/tf_tree_base_link_to_chassis' did not submit transforms for topic '/tf' on flush cycle 12624
2026-09-30T16:51:17Z [239,681ms] [Warning] [isaacsim.ros2.nodes] ROS2 TF aggregation contributor '/World/Nova_Carter_ROS/chassis_link/sensors/XT_32/ROS_TF/PublisherTF' did not submit transforms for topic '/tf' on flush cycle 12744
2026-09-30T16:51:17Z [239,681ms] [Warning] [isaacsim.ros2.nodes] ROS2 TF aggregation contributor '/World/Nova_Carter_ROS/chassis_link/sensors/rear_RPLidar/ROS_TF/PublisherTF' did not submit transforms for topic '/tf' on flush cycle 12744
2026-09-30T16:51:17Z [239,681ms] [Warning] [isaacsim.ros2.nodes] ROS2 TF aggregation contributor '/World/Nova_Carter_ROS/chassis_link/sensors/front_hawk/ROS_TF/PublisherTF' did not submit transforms for topic '/tf' on flush cycle 12744
2026-09-30T16:51:17Z [239,681ms] [Warning] [isaacsim.ros2.nodes] ROS2 TF aggregation contributor '/World/Nova_Carter_ROS/chassis_link/sensors/left_owl/ROS_TF/PublisherTF' did not submit transforms for topic '/tf' on flush cycle 12744
2026-09-30T16:51:17Z [239,681ms] [Warning] [isaacsim.ros2.nodes] ROS2 TF aggregation contributor '/World/Nova_Carter_ROS/chassis_link/sensors/front_owl/ROS_TF/PublisherTF' did not submit transforms for topic '/tf' on flush cycle 12744
2026-09-30T16:51:17Z [239,681ms] [Warning] [isaacsim.ros2.nodes] ROS2 TF aggregation contributor '/World/Nova_Carter_ROS/chassis_link/sensors/back_hawk/ROS_TF/PublisherTF' did not submit transforms for topic '/tf' on flush cycle 12744
2026-09-30T16:51:17Z [239,681ms] [Warning] [isaacsim.ros2.nodes] ROS2 TF aggregation contributor '/World/Nova_Carter_ROS/chassis_link/sensors/right_owl/ROS_TF/PublisherTF' did not submit transforms for topic '/tf' on flush cycle 12744
2026-09-30T16:51:17Z [239,681ms] [Warning] [isaacsim.ros2.nodes] ROS2 TF aggregation contributor '/World/Nova_Carter_ROS/chassis_link/sensors/right_hawk/ROS_TF/PublisherTF' did not submit transforms for topic '/tf' on flush cycle 12744
2026-09-30T16:51:17Z [239,681ms] [Warning] [isaacsim.ros2.nodes] ROS2 TF aggregation contributor '/World/Nova_Carter_ROS/chassis_link/sensors/left_hawk/ROS_TF/PublisherTF' did not submit transforms for topic '/tf' on flush cycle 12744
2026-09-30T16:51:17Z [239,681ms] [Warning] [isaacsim.ros2.nodes] ROS2 TF aggregation contributor '/World/Nova_Carter_ROS/chassis_link/sensors/back_owl/ROS_TF/PublisherTF' did not submit transforms for topic '/tf' on flush cycle 12744
2026-09-30T16:51:17Z [239,681ms] [Warning] [isaacsim.ros2.nodes] ROS2 TF aggregation contributor '/World/Nova_Carter_ROS/transform_tree_odometry/ros2_publish_raw_transform_tree' did not submit transforms for topic '/tf' on flush cycle 12744
2026-09-30T16:51:17Z [239,681ms] [Warning] [isaacsim.ros2.nodes] ROS2 TF aggregation contributor '/World/Nova_Carter_ROS/chassis_link/sensors/front_RPLidar/ROS_TF/PublisherTF' did not submit transforms for topic '/tf' on flush cycle 12744
2026-09-30T16:51:17Z [239,681ms] [Warning] [isaacsim.ros2.nodes] ROS2 TF aggregation contributor '/World/Nova_Carter_ROS/transform_tree_odometry/tf_tree_base_link_to_sensors' did not submit transforms for topic '/tf' on flush cycle 12744
2026-09-30T16:51:17Z [239,681ms] [Warning] [isaacsim.ros2.nodes] ROS2 TF aggregation contributor '/World/Nova_Carter_ROS/transform_tree_odometry/tf_tree_base_link_to_wheel_base' did not submit transforms for topic '/tf' on flush cycle 12744
2026-09-30T16:51:17Z [239,681ms] [Warning] [isaacsim.ros2.nodes] ROS2 TF aggregation contributor '/World/Nova_Carter_ROS/transform_tree_odometry/tf_tree_base_link_to_chassis' did not submit transforms for topic '/tf' on flush cycle 12744
2026-09-30T16:51:20Z [241,824ms] [Warning] [isaacsim.ros2.nodes] ROS2 TF aggregation contributor '/World/Nova_Carter_ROS/chassis_link/sensors/XT_32/ROS_TF/PublisherTF' did not submit transforms for topic '/tf' on flush cycle 12864
2026-09-30T16:51:20Z [241,824ms] [Warning] [isaacsim.ros2.nodes] ROS2 TF aggregation contributor '/World/Nova_Carter_ROS/chassis_link/sensors/rear_RPLidar/ROS_TF/PublisherTF' did not submit transforms for topic '/tf' on flush cycle 12864
2026-09-30T16:51:20Z [241,824ms] [Warning] [isaacsim.ros2.nodes] ROS2 TF aggregation contributor '/World/Nova_Carter_ROS/chassis_link/sensors/front_hawk/ROS_TF/PublisherTF' did not submit transforms for topic '/tf' on flush cycle 12864
2026-09-30T16:51:20Z [241,824ms] [Warning] [isaacsim.ros2.nodes] ROS2 TF aggregation contributor '/World/Nova_Carter_ROS/chassis_link/sensors/left_owl/ROS_TF/PublisherTF' did not submit transforms for topic '/tf' on flush cycle 12864
2026-09-30T16:51:20Z [241,824ms] [Warning] [isaacsim.ros2.nodes] ROS2 TF aggregation contributor '/World/Nova_Carter_ROS/chassis_link/sensors/front_owl/ROS_TF/PublisherTF' did not submit transforms for topic '/tf' on flush cycle 12864
2026-09-30T16:51:20Z [241,824ms] [Warning] [isaacsim.ros2.nodes] ROS2 TF aggregation contributor '/World/Nova_Carter_ROS/chassis_link/sensors/back_hawk/ROS_TF/PublisherTF' did not submit transforms for topic '/tf' on flush cycle 12864
2026-09-30T16:51:20Z [241,824ms] [Warning] [isaacsim.ros2.nodes] ROS2 TF aggregation contributor '/World/Nova_Carter_ROS/chassis_link/sensors/right_owl/ROS_TF/PublisherTF' did not submit transforms for topic '/tf' on flush cycle 12864
2026-09-30T16:51:20Z [241,824ms] [Warning] [isaacsim.ros2.nodes] ROS2 TF aggregation contributor '/World/Nova_Carter_ROS/chassis_link/sensors/right_hawk/ROS_TF/PublisherTF' did not submit transforms for topic '/tf' on flush cycle 12864
2026-09-30T16:51:20Z [241,824ms] [Warning] [isaacsim.ros2.nodes] ROS2 TF aggregation contributor '/World/Nova_Carter_ROS/chassis_link/sensors/left_hawk/ROS_TF/PublisherTF' did not submit transforms for topic '/tf' on flush cycle 12864
2026-09-30T16:51:20Z [241,824ms] [Warning] [isaacsim.ros2.nodes] ROS2 TF aggregation contributor '/World/Nova_Carter_ROS/chassis_link/sensors/back_owl/ROS_TF/PublisherTF' did not submit transforms for topic '/tf' on flush cycle 12864
2026-09-30T16:51:20Z [241,824ms] [Warning] [isaacsim.ros2.nodes] ROS2 TF aggregation contributor '/World/Nova_Carter_ROS/transform_tree_odometry/ros2_publish_raw_transform_tree' did not submit transforms for topic '/tf' on flush cycle 12864
2026-09-30T16:51:20Z [241,824ms] [Warning] [isaacsim.ros2.nodes] ROS2 TF aggregation contributor '/World/Nova_Carter_ROS/chassis_link/sensors/front_RPLidar/ROS_TF/PublisherTF' did not submit transforms for topic '/tf' on flush cycle 12864
2026-09-30T16:51:20Z [241,824ms] [Warning] [isaacsim.ros2.nodes] ROS2 TF aggregation contributor '/World/Nova_Carter_ROS/transform_tree_odometry/tf_tree_base_link_to_sensors' did not submit transforms for topic '/tf' on flush cycle 12864
2026-09-30T16:51:20Z [241,824ms] [Warning] [isaacsim.ros2.nodes] ROS2 TF aggregation contributor '/World/Nova_Carter_ROS/transform_tree_odometry/tf_tree_base_link_to_wheel_base' did not submit transforms for topic '/tf' on flush cycle 12864
2026-09-30T16:51:20Z [241,824ms] [Warning] [isaacsim.ros2.nodes] ROS2 TF aggregation contributor '/World/Nova_Carter_ROS/transform_tree_odometry/tf_tree_base_link_to_chassis' did not submit transforms for topic '/tf' on flush cycle 12864
2026-09-30T16:51:22Z [243,875ms] [Warning] [isaacsim.ros2.nodes] ROS2 TF aggregation contributor '/World/Nova_Carter_ROS/chassis_link/sensors/XT_32/ROS_TF/PublisherTF' did not submit transforms for topic '/tf' on flush cycle 12984
2026-09-30T16:51:22Z [243,875ms] [Warning] [isaacsim.ros2.nodes] ROS2 TF aggregation contributor '/World/Nova_Carter_ROS/chassis_link/sensors/rear_RPLidar/ROS_TF/PublisherTF' did not submit transforms for topic '/tf' on flush cycle 12984
2026-09-30T16:51:22Z [243,875ms] [Warning] [isaacsim.ros2.nodes] ROS2 TF aggregation contributor '/World/Nova_Carter_ROS/chassis_link/sensors/front_hawk/ROS_TF/PublisherTF' did not submit transforms for topic '/tf' on flush cycle 12984
2026-09-30T16:51:22Z [243,875ms] [Warning] [isaacsim.ros2.nodes] ROS2 TF aggregation contributor '/World/Nova_Carter_ROS/chassis_link/sensors/left_owl/ROS_TF/PublisherTF' did not submit transforms for topic '/tf' on flush cycle 12984
2026-09-30T16:51:22Z [243,875ms] [Warning] [isaacsim.ros2.nodes] ROS2 TF aggregation contributor '/World/Nova_Carter_ROS/chassis_link/sensors/front_owl/ROS_TF/PublisherTF' did not submit transforms for topic '/tf' on flush cycle 12984
2026-09-30T16:51:22Z [243,875ms] [Warning] [isaacsim.ros2.nodes] ROS2 TF aggregation contributor '/World/Nova_Carter_ROS/chassis_link/sensors/back_hawk/ROS_TF/PublisherTF' did not submit transforms for topic '/tf' on flush cycle 12984
2026-09-30T16:51:22Z [243,875ms] [Warning] [isaacsim.ros2.nodes] ROS2 TF aggregation contributor '/World/Nova_Carter_ROS/chassis_link/sensors/right_owl/ROS_TF/PublisherTF' did not submit transforms for topic '/tf' on flush cycle 12984
2026-09-30T16:51:22Z [243,875ms] [Warning] [isaacsim.ros2.nodes] ROS2 TF aggregation contributor '/World/Nova_Carter_ROS/chassis_link/sensors/right_hawk/ROS_TF/PublisherTF' did not submit transforms for topic '/tf' on flush cycle 12984
2026-09-30T16:51:22Z [243,875ms] [Warning] [isaacsim.ros2.nodes] ROS2 TF aggregation contributor '/World/Nova_Carter_ROS/chassis_link/sensors/left_hawk/ROS_TF/PublisherTF' did not submit transforms for topic '/tf' on flush cycle 12984
2026-09-30T16:51:22Z [243,875ms] [Warning] [isaacsim.ros2.nodes] ROS2 TF aggregation contributor '/World/Nova_Carter_ROS/chassis_link/sensors/back_owl/ROS_TF/PublisherTF' did not submit transforms for topic '/tf' on flush cycle 12984
2026-09-30T16:51:22Z [243,875ms] [Warning] [isaacsim.ros2.nodes] ROS2 TF aggregation contributor '/World/Nova_Carter_ROS/transform_tree_odometry/ros2_publish_raw_transform_tree' did not submit transforms for topic '/tf' on flush cycle 12984
2026-09-30T16:51:22Z [243,875ms] [Warning] [isaacsim.ros2.nodes] ROS2 TF aggregation contributor '/World/Nova_Carter_ROS/chassis_link/sensors/front_RPLidar/ROS_TF/PublisherTF' did not submit transforms for topic '/tf' on flush cycle 12984
2026-09-30T16:51:22Z [243,875ms] [Warning] [isaacsim.ros2.nodes] ROS2 TF aggregation contributor '/World/Nova_Carter_ROS/transform_tree_odometry/tf_tree_base_link_to_sensors' did not submit transforms for topic '/tf' on flush cycle 12984
2026-09-30T16:51:22Z [243,875ms] [Warning] [isaacsim.ros2.nodes] ROS2 TF aggregation contributor '/World/Nova_Carter_ROS/transform_tree_odometry/tf_tree_base_link_to_wheel_base' did not submit transforms for topic '/tf' on flush cycle 12984
2026-09-30T16:51:22Z [243,875ms] [Warning] [isaacsim.ros2.nodes] ROS2 TF aggregation contributor '/World/Nova_Carter_ROS/transform_tree_odometry/tf_tree_base_link_to_chassis' did not submit transforms for topic '/tf' on flush cycle 12984
2026-09-30T16:51:24Z [245,973ms] [Warning] [isaacsim.ros2.nodes] ROS2 TF aggregation contributor '/World/Nova_Carter_ROS/chassis_link/sensors/XT_32/ROS_TF/PublisherTF' did not submit transforms for topic '/tf' on flush cycle 13104
2026-09-30T16:51:24Z [245,973ms] [Warning] [isaacsim.ros2.nodes] ROS2 TF aggregation contributor '/World/Nova_Carter_ROS/chassis_link/sensors/rear_RPLidar/ROS_TF/PublisherTF' did not submit transforms for topic '/tf' on flush cycle 13104
2026-09-30T16:51:24Z [245,973ms] [Warning] [isaacsim.ros2.nodes] ROS2 TF aggregation contributor '/World/Nova_Carter_ROS/chassis_link/sensors/front_hawk/ROS_TF/PublisherTF' did not submit transforms for topic '/tf' on flush cycle 13104
2026-09-30T16:51:24Z [245,973ms] [Warning] [isaacsim.ros2.nodes] ROS2 TF aggregation contributor '/World/Nova_Carter_ROS/chassis_link/sensors/left_owl/ROS_TF/PublisherTF' did not submit transforms for topic '/tf' on flush cycle 13104
2026-09-30T16:51:24Z [245,973ms] [Warning] [isaacsim.ros2.nodes] ROS2 TF aggregation contributor '/World/Nova_Carter_ROS/chassis_link/sensors/front_owl/ROS_TF/PublisherTF' did not submit transforms for topic '/tf' on flush cycle 13104
2026-09-30T16:51:24Z [245,973ms] [Warning] [isaacsim.ros2.nodes] ROS2 TF aggregation contributor '/World/Nova_Carter_ROS/chassis_link/sensors/back_hawk/ROS_TF/PublisherTF' did not submit transforms for topic '/tf' on flush cycle 13104
2026-09-30T16:51:24Z [245,973ms] [Warning] [isaacsim.ros2.nodes] ROS2 TF aggregation contributor '/World/Nova_Carter_ROS/chassis_link/sensors/right_owl/ROS_TF/PublisherTF' did not submit transforms for topic '/tf' on flush cycle 13104
2026-09-30T16:51:24Z [245,973ms] [Warning] [isaacsim.ros2.nodes] ROS2 TF aggregation contributor '/World/Nova_Carter_ROS/chassis_link/sensors/right_hawk/ROS_TF/PublisherTF' did not submit transforms for topic '/tf' on flush cycle 13104
2026-09-30T16:51:24Z [245,973ms] [Warning] [isaacsim.ros2.nodes] ROS2 TF aggregation contributor '/World/Nova_Carter_ROS/chassis_link/sensors/left_hawk/ROS_TF/PublisherTF' did not submit transforms for topic '/tf' on flush cycle 13104
2026-09-30T16:51:24Z [245,973ms] [Warning] [isaacsim.ros2.nodes] ROS2 TF aggregation contributor '/World/Nova_Carter_ROS/chassis_link/sensors/back_owl/ROS_TF/PublisherTF' did not submit transforms for topic '/tf' on flush cycle 13104
2026-09-30T16:51:24Z [245,973ms] [Warning] [isaacsim.ros2.nodes] ROS2 TF aggregation contributor '/World/Nova_Carter_ROS/transform_tree_odometry/ros2_publish_raw_transform_tree' did not submit transforms for topic '/tf' on flush cycle 13104
2026-09-30T16:51:24Z [245,973ms] [Warning] [isaacsim.ros2.nodes] ROS2 TF aggregation contributor '/World/Nova_Carter_ROS/chassis_link/sensors/front_RPLidar/ROS_TF/PublisherTF' did not submit transforms for topic '/tf' on flush cycle 13104
2026-09-30T16:51:24Z [245,973ms] [Warning] [isaacsim.ros2.nodes] ROS2 TF aggregation contributor '/World/Nova_Carter_ROS/transform_tree_odometry/tf_tree_base_link_to_sensors' did not submit transforms for topic '/tf' on flush cycle 13104
2026-09-30T16:51:24Z [245,973ms] [Warning] [isaacsim.ros2.nodes] ROS2 TF aggregation contributor '/World/Nova_Carter_ROS/transform_tree_odometry/tf_tree_base_link_to_wheel_base' did not submit transforms for topic '/tf' on flush cycle 13104
2026-09-30T16:51:24Z [245,973ms] [Warning] [isaacsim.ros2.nodes] ROS2 TF aggregation contributor '/World/Nova_Carter_ROS/transform_tree_odometry/tf_tree_base_link_to_chassis' did not submit transforms for topic '/tf' on flush cycle 13104
2026-09-30T16:51:26Z [248,069ms] [Warning] [isaacsim.ros2.nodes] ROS2 TF aggregation contributor '/World/Nova_Carter_ROS/chassis_link/sensors/XT_32/ROS_TF/PublisherTF' did not submit transforms for topic '/tf' on flush cycle 13224
2026-09-30T16:51:26Z [248,069ms] [Warning] [isaacsim.ros2.nodes] ROS2 TF aggregation contributor '/World/Nova_Carter_ROS/chassis_link/sensors/rear_RPLidar/ROS_TF/PublisherTF' did not submit transforms for topic '/tf' on flush cycle 13224
2026-09-30T16:51:26Z [248,069ms] [Warning] [isaacsim.ros2.nodes] ROS2 TF aggregation contributor '/World/Nova_Carter_ROS/chassis_link/sensors/front_hawk/ROS_TF/PublisherTF' did not submit transforms for topic '/tf' on flush cycle 13224
2026-09-30T16:51:26Z [248,069ms] [Warning] [isaacsim.ros2.nodes] ROS2 TF aggregation contributor '/World/Nova_Carter_ROS/chassis_link/sensors/left_owl/ROS_TF/PublisherTF' did not submit transforms for topic '/tf' on flush cycle 13224
2026-09-30T16:51:26Z [248,069ms] [Warning] [isaacsim.ros2.nodes] ROS2 TF aggregation contributor '/World/Nova_Carter_ROS/chassis_link/sensors/front_owl/ROS_TF/PublisherTF' did not submit transforms for topic '/tf' on flush cycle 13224
2026-09-30T16:51:26Z [248,069ms] [Warning] [isaacsim.ros2.nodes] ROS2 TF aggregation contributor '/World/Nova_Carter_ROS/chassis_link/sensors/back_hawk/ROS_TF/PublisherTF' did not submit transforms for topic '/tf' on flush cycle 13224
2026-09-30T16:51:26Z [248,069ms] [Warning] [isaacsim.ros2.nodes] ROS2 TF aggregation contributor '/World/Nova_Carter_ROS/chassis_link/sensors/right_owl/ROS_TF/PublisherTF' did not submit transforms for topic '/tf' on flush cycle 13224
2026-09-30T16:51:26Z [248,069ms] [Warning] [isaacsim.ros2.nodes] ROS2 TF aggregation contributor '/World/Nova_Carter_ROS/chassis_link/sensors/right_hawk/ROS_TF/PublisherTF' did not submit transforms for topic '/tf' on flush cycle 13224
2026-09-30T16:51:26Z [248,069ms] [Warning] [isaacsim.ros2.nodes] ROS2 TF aggregation contributor '/World/Nova_Carter_ROS/chassis_link/sensors/left_hawk/ROS_TF/PublisherTF' did not submit transforms for topic '/tf' on flush cycle 13224
2026-09-30T16:51:26Z [248,069ms] [Warning] [isaacsim.ros2.nodes] ROS2 TF aggregation contributor '/World/Nova_Carter_ROS/chassis_link/sensors/back_owl/ROS_TF/PublisherTF' did not submit transforms for topic '/tf' on flush cycle 13224
2026-09-30T16:51:26Z [248,069ms] [Warning] [isaacsim.ros2.nodes] ROS2 TF aggregation contributor '/World/Nova_Carter_ROS/transform_tree_odometry/ros2_publish_raw_transform_tree' did not submit transforms for topic '/tf' on flush cycle 13224
2026-09-30T16:51:26Z [248,069ms] [Warning] [isaacsim.ros2.nodes] ROS2 TF aggregation contributor '/World/Nova_Carter_ROS/chassis_link/sensors/front_RPLidar/ROS_TF/PublisherTF' did not submit transforms for topic '/tf' on flush cycle 13224
2026-09-30T16:51:26Z [248,069ms] [Warning] [isaacsim.ros2.nodes] ROS2 TF aggregation contributor '/World/Nova_Carter_ROS/transform_tree_odometry/tf_tree_base_link_to_sensors' did not submit transforms for topic '/tf' on flush cycle 13224
2026-09-30T16:51:26Z [248,069ms] [Warning] [isaacsim.ros2.nodes] ROS2 TF aggregation contributor '/World/Nova_Carter_ROS/transform_tree_odometry/tf_tree_base_link_to_wheel_base' did not submit transforms for topic '/tf' on flush cycle 13224
2026-09-30T16:51:26Z [248,069ms] [Warning] [isaacsim.ros2.nodes] ROS2 TF aggregation contributor '/World/Nova_Carter_ROS/transform_tree_odometry/tf_tree_base_link_to_chassis' did not submit transforms for topic '/tf' on flush cycle 13224
2026-09-30T16:51:28Z [249,786ms] [Warning] [omni.graph.core.plugin] /World/Nova_Carter_ROS/differential_drive/differential_controller_01: [/World/Nova_Carter_ROS/differential_drive] Invalid deltaTime 0.000000, cannot check for acceleration limits, skipping current step
2026-09-30T16:51:36Z [257,897ms] [Warning] [isaacsim.ros2.nodes] ROS2 TF aggregation contributor '/World/Nova_Carter_ROS/chassis_link/sensors/XT_32/ROS_TF/PublisherTF' did not submit transforms for topic '/tf' on flush cycle 13754
2026-09-30T16:51:36Z [257,897ms] [Warning] [isaacsim.ros2.nodes] ROS2 TF aggregation contributor '/World/Nova_Carter_ROS/chassis_link/sensors/rear_RPLidar/ROS_TF/PublisherTF' did not submit transforms for topic '/tf' on flush cycle 13754
2026-09-30T16:51:36Z [257,897ms] [Warning] [isaacsim.ros2.nodes] ROS2 TF aggregation contributor '/World/Nova_Carter_ROS/chassis_link/sensors/front_hawk/ROS_TF/PublisherTF' did not submit transforms for topic '/tf' on flush cycle 13754
2026-09-30T16:51:36Z [257,897ms] [Warning] [isaacsim.ros2.nodes] ROS2 TF aggregation contributor '/World/Nova_Carter_ROS/chassis_link/sensors/left_owl/ROS_TF/PublisherTF' did not submit transforms for topic '/tf' on flush cycle 13754
2026-09-30T16:51:36Z [257,897ms] [Warning] [isaacsim.ros2.nodes] ROS2 TF aggregation contributor '/World/Nova_Carter_ROS/chassis_link/sensors/front_owl/ROS_TF/PublisherTF' did not submit transforms for topic '/tf' on flush cycle 13754
2026-09-30T16:51:36Z [257,897ms] [Warning] [isaacsim.ros2.nodes] ROS2 TF aggregation contributor '/World/Nova_Carter_ROS/chassis_link/sensors/back_hawk/ROS_TF/PublisherTF' did not submit transforms for topic '/tf' on flush cycle 13754
2026-09-30T16:51:36Z [257,897ms] [Warning] [isaacsim.ros2.nodes] ROS2 TF aggregation contributor '/World/Nova_Carter_ROS/chassis_link/sensors/right_owl/ROS_TF/PublisherTF' did not submit transforms for topic '/tf' on flush cycle 13754
2026-09-30T16:51:36Z [257,897ms] [Warning] [isaacsim.ros2.nodes] ROS2 TF aggregation contributor '/World/Nova_Carter_ROS/chassis_link/sensors/right_hawk/ROS_TF/PublisherTF' did not submit transforms for topic '/tf' on flush cycle 13754
2026-09-30T16:51:36Z [257,897ms] [Warning] [isaacsim.ros2.nodes] ROS2 TF aggregation contributor '/World/Nova_Carter_ROS/chassis_link/sensors/left_hawk/ROS_TF/PublisherTF' did not submit transforms for topic '/tf' on flush cycle 13754
2026-09-30T16:51:36Z [257,897ms] [Warning] [isaacsim.ros2.nodes] ROS2 TF aggregation contributor '/World/Nova_Carter_ROS/chassis_link/sensors/back_owl/ROS_TF/PublisherTF' did not submit transforms for topic '/tf' on flush cycle 13754
2026-09-30T16:51:36Z [257,897ms] [Warning] [isaacsim.ros2.nodes] ROS2 TF aggregation contributor '/World/Nova_Carter_ROS/transform_tree_odometry/ros2_publish_raw_transform_tree' did not submit transforms for topic '/tf' on flush cycle 13754
2026-09-30T16:51:36Z [257,897ms] [Warning] [isaacsim.ros2.nodes] ROS2 TF aggregation contributor '/World/Nova_Carter_ROS/chassis_link/sensors/front_RPLidar/ROS_TF/PublisherTF' did not submit transforms for topic '/tf' on flush cycle 13754
2026-09-30T16:51:36Z [257,897ms] [Warning] [isaacsim.ros2.nodes] ROS2 TF aggregation contributor '/World/Nova_Carter_ROS/transform_tree_odometry/tf_tree_base_link_to_sensors' did not submit transforms for topic '/tf' on flush cycle 13754
2026-09-30T16:51:36Z [257,897ms] [Warning] [isaacsim.ros2.nodes] ROS2 TF aggregation contributor '/World/Nova_Carter_ROS/transform_tree_odometry/tf_tree_base_link_to_wheel_base' did not submit transforms for topic '/tf' on flush cycle 13754
2026-09-30T16:51:36Z [257,897ms] [Warning] [isaacsim.ros2.nodes] ROS2 TF aggregation contributor '/World/Nova_Carter_ROS/transform_tree_odometry/tf_tree_base_link_to_chassis' did not submit transforms for topic '/tf' on flush cycle 13754
2026-09-30T16:51:38Z [259,941ms] [Warning] [isaacsim.ros2.nodes] ROS2 TF aggregation contributor '/World/Nova_Carter_ROS/chassis_link/sensors/XT_32/ROS_TF/PublisherTF' did not submit transforms for topic '/tf' on flush cycle 13874
2026-09-30T16:51:38Z [259,941ms] [Warning] [isaacsim.ros2.nodes] ROS2 TF aggregation contributor '/World/Nova_Carter_ROS/chassis_link/sensors/rear_RPLidar/ROS_TF/PublisherTF' did not submit transforms for topic '/tf' on flush cycle 13874
2026-09-30T16:51:38Z [259,941ms] [Warning] [isaacsim.ros2.nodes] ROS2 TF aggregation contributor '/World/Nova_Carter_ROS/chassis_link/sensors/front_hawk/ROS_TF/PublisherTF' did not submit transforms for topic '/tf' on flush cycle 13874
2026-09-30T16:51:38Z [259,941ms] [Warning] [isaacsim.ros2.nodes] ROS2 TF aggregation contributor '/World/Nova_Carter_ROS/chassis_link/sensors/left_owl/ROS_TF/PublisherTF' did not submit transforms for topic '/tf' on flush cycle 13874
2026-09-30T16:51:38Z [259,941ms] [Warning] [isaacsim.ros2.nodes] ROS2 TF aggregation contributor '/World/Nova_Carter_ROS/chassis_link/sensors/front_owl/ROS_TF/PublisherTF' did not submit transforms for topic '/tf' on flush cycle 13874
2026-09-30T16:51:38Z [259,941ms] [Warning] [isaacsim.ros2.nodes] ROS2 TF aggregation contributor '/World/Nova_Carter_ROS/chassis_link/sensors/back_hawk/ROS_TF/PublisherTF' did not submit transforms for topic '/tf' on flush cycle 13874
2026-09-30T16:51:38Z [259,941ms] [Warning] [isaacsim.ros2.nodes] ROS2 TF aggregation contributor '/World/Nova_Carter_ROS/chassis_link/sensors/right_owl/ROS_TF/PublisherTF' did not submit transforms for topic '/tf' on flush cycle 13874
2026-09-30T16:51:38Z [259,941ms] [Warning] [isaacsim.ros2.nodes] ROS2 TF aggregation contributor '/World/Nova_Carter_ROS/chassis_link/sensors/right_hawk/ROS_TF/PublisherTF' did not submit transforms for topic '/tf' on flush cycle 13874
2026-09-30T16:51:38Z [259,941ms] [Warning] [isaacsim.ros2.nodes] ROS2 TF aggregation contributor '/World/Nova_Carter_ROS/chassis_link/sensors/left_hawk/ROS_TF/PublisherTF' did not submit transforms for topic '/tf' on flush cycle 13874
2026-09-30T16:51:38Z [259,941ms] [Warning] [isaacsim.ros2.nodes] ROS2 TF aggregation contributor '/World/Nova_Carter_ROS/chassis_link/sensors/back_owl/ROS_TF/PublisherTF' did not submit transforms for topic '/tf' on flush cycle 13874
2026-09-30T16:51:38Z [259,941ms] [Warning] [isaacsim.ros2.nodes] ROS2 TF aggregation contributor '/World/Nova_Carter_ROS/transform_tree_odometry/ros2_publish_raw_transform_tree' did not submit transforms for topic '/tf' on flush cycle 13874
2026-09-30T16:51:38Z [259,941ms] [Warning] [isaacsim.ros2.nodes] ROS2 TF aggregation contributor '/World/Nova_Carter_ROS/chassis_link/sensors/front_RPLidar/ROS_TF/PublisherTF' did not submit transforms for topic '/tf' on flush cycle 13874
2026-09-30T16:51:38Z [259,941ms] [Warning] [isaacsim.ros2.nodes] ROS2 TF aggregation contributor '/World/Nova_Carter_ROS/transform_tree_odometry/tf_tree_base_link_to_sensors' did not submit transforms for topic '/tf' on flush cycle 13874
2026-09-30T16:51:38Z [259,941ms] [Warning] [isaacsim.ros2.nodes] ROS2 TF aggregation contributor '/World/Nova_Carter_ROS/transform_tree_odometry/tf_tree_base_link_to_wheel_base' did not submit transforms for topic '/tf' on flush cycle 13874
2026-09-30T16:51:38Z [259,941ms] [Warning] [isaacsim.ros2.nodes] ROS2 TF aggregation contributor '/World/Nova_Carter_ROS/transform_tree_odometry/tf_tree_base_link_to_chassis' did not submit transforms for topic '/tf' on flush cycle 13874
2026-09-30T16:51:40Z [262,038ms] [Warning] [isaacsim.ros2.nodes] ROS2 TF aggregation contributor '/World/Nova_Carter_ROS/chassis_link/sensors/XT_32/ROS_TF/PublisherTF' did not submit transforms for topic '/tf' on flush cycle 13994
2026-09-30T16:51:40Z [262,039ms] [Warning] [isaacsim.ros2.nodes] ROS2 TF aggregation contributor '/World/Nova_Carter_ROS/chassis_link/sensors/rear_RPLidar/ROS_TF/PublisherTF' did not submit transforms for topic '/tf' on flush cycle 13994
2026-09-30T16:51:40Z [262,039ms] [Warning] [isaacsim.ros2.nodes] ROS2 TF aggregation contributor '/World/Nova_Carter_ROS/chassis_link/sensors/front_hawk/ROS_TF/PublisherTF' did not submit transforms for topic '/tf' on flush cycle 13994
2026-09-30T16:51:40Z [262,039ms] [Warning] [isaacsim.ros2.nodes] ROS2 TF aggregation contributor '/World/Nova_Carter_ROS/chassis_link/sensors/left_owl/ROS_TF/PublisherTF' did not submit transforms for topic '/tf' on flush cycle 13994
2026-09-30T16:51:40Z [262,039ms] [Warning] [isaacsim.ros2.nodes] ROS2 TF aggregation contributor '/World/Nova_Carter_ROS/chassis_link/sensors/front_owl/ROS_TF/PublisherTF' did not submit transforms for topic '/tf' on flush cycle 13994
2026-09-30T16:51:40Z [262,039ms] [Warning] [isaacsim.ros2.nodes] ROS2 TF aggregation contributor '/World/Nova_Carter_ROS/chassis_link/sensors/back_hawk/ROS_TF/PublisherTF' did not submit transforms for topic '/tf' on flush cycle 13994
2026-09-30T16:51:40Z [262,039ms] [Warning] [isaacsim.ros2.nodes] ROS2 TF aggregation contributor '/World/Nova_Carter_ROS/chassis_link/sensors/right_owl/ROS_TF/PublisherTF' did not submit transforms for topic '/tf' on flush cycle 13994
2026-09-30T16:51:40Z [262,039ms] [Warning] [isaacsim.ros2.nodes] ROS2 TF aggregation contributor '/World/Nova_Carter_ROS/chassis_link/sensors/right_hawk/ROS_TF/PublisherTF' did not submit transforms for topic '/tf' on flush cycle 13994
2026-09-30T16:51:40Z [262,039ms] [Warning] [isaacsim.ros2.nodes] ROS2 TF aggregation contributor '/World/Nova_Carter_ROS/chassis_link/sensors/left_hawk/ROS_TF/PublisherTF' did not submit transforms for topic '/tf' on flush cycle 13994
2026-09-30T16:51:40Z [262,039ms] [Warning] [isaacsim.ros2.nodes] ROS2 TF aggregation contributor '/World/Nova_Carter_ROS/chassis_link/sensors/back_owl/ROS_TF/PublisherTF' did not submit transforms for topic '/tf' on flush cycle 13994
2026-09-30T16:51:40Z [262,039ms] [Warning] [isaacsim.ros2.nodes] ROS2 TF aggregation contributor '/World/Nova_Carter_ROS/transform_tree_odometry/ros2_publish_raw_transform_tree' did not submit transforms for topic '/tf' on flush cycle 13994
2026-09-30T16:51:40Z [262,039ms] [Warning] [isaacsim.ros2.nodes] ROS2 TF aggregation contributor '/World/Nova_Carter_ROS/chassis_link/sensors/front_RPLidar/ROS_TF/PublisherTF' did not submit transforms for topic '/tf' on flush cycle 13994
2026-09-30T16:51:40Z [262,039ms] [Warning] [isaacsim.ros2.nodes] ROS2 TF aggregation contributor '/World/Nova_Carter_ROS/transform_tree_odometry/tf_tree_base_link_to_sensors' did not submit transforms for topic '/tf' on flush cycle 13994
2026-09-30T16:51:40Z [262,039ms] [Warning] [isaacsim.ros2.nodes] ROS2 TF aggregation contributor '/World/Nova_Carter_ROS/transform_tree_odometry/tf_tree_base_link_to_wheel_base' did not submit transforms for topic '/tf' on flush cycle 13994
2026-09-30T16:51:40Z [262,039ms] [Warning] [isaacsim.ros2.nodes] ROS2 TF aggregation contributor '/World/Nova_Carter_ROS/transform_tree_odometry/tf_tree_base_link_to_chassis' did not submit transforms for topic '/tf' on flush cycle 13994
2026-09-30T16:51:42Z [264,089ms] [Warning] [isaacsim.ros2.nodes] ROS2 TF aggregation contributor '/World/Nova_Carter_ROS/chassis_link/sensors/XT_32/ROS_TF/PublisherTF' did not submit transforms for topic '/tf' on flush cycle 14114
2026-09-30T16:51:42Z [264,089ms] [Warning] [isaacsim.ros2.nodes] ROS2 TF aggregation contributor '/World/Nova_Carter_ROS/chassis_link/sensors/rear_RPLidar/ROS_TF/PublisherTF' did not submit transforms for topic '/tf' on flush cycle 14114
2026-09-30T16:51:42Z [264,089ms] [Warning] [isaacsim.ros2.nodes] ROS2 TF aggregation contributor '/World/Nova_Carter_ROS/chassis_link/sensors/front_hawk/ROS_TF/PublisherTF' did not submit transforms for topic '/tf' on flush cycle 14114
2026-09-30T16:51:42Z [264,089ms] [Warning] [isaacsim.ros2.nodes] ROS2 TF aggregation contributor '/World/Nova_Carter_ROS/chassis_link/sensors/left_owl/ROS_TF/PublisherTF' did not submit transforms for topic '/tf' on flush cycle 14114
2026-09-30T16:51:42Z [264,089ms] [Warning] [isaacsim.ros2.nodes] ROS2 TF aggregation contributor '/World/Nova_Carter_ROS/chassis_link/sensors/front_owl/ROS_TF/PublisherTF' did not submit transforms for topic '/tf' on flush cycle 14114
2026-09-30T16:51:42Z [264,089ms] [Warning] [isaacsim.ros2.nodes] ROS2 TF aggregation contributor '/World/Nova_Carter_ROS/chassis_link/sensors/back_hawk/ROS_TF/PublisherTF' did not submit transforms for topic '/tf' on flush cycle 14114
2026-09-30T16:51:42Z [264,089ms] [Warning] [isaacsim.ros2.nodes] ROS2 TF aggregation contributor '/World/Nova_Carter_ROS/chassis_link/sensors/right_owl/ROS_TF/PublisherTF' did not submit transforms for topic '/tf' on flush cycle 14114
2026-09-30T16:51:42Z [264,089ms] [Warning] [isaacsim.ros2.nodes] ROS2 TF aggregation contributor '/World/Nova_Carter_ROS/chassis_link/sensors/right_hawk/ROS_TF/PublisherTF' did not submit transforms for topic '/tf' on flush cycle 14114
2026-09-30T16:51:42Z [264,089ms] [Warning] [isaacsim.ros2.nodes] ROS2 TF aggregation contributor '/World/Nova_Carter_ROS/chassis_link/sensors/left_hawk/ROS_TF/PublisherTF' did not submit transforms for topic '/tf' on flush cycle 14114
2026-09-30T16:51:42Z [264,089ms] [Warning] [isaacsim.ros2.nodes] ROS2 TF aggregation contributor '/World/Nova_Carter_ROS/chassis_link/sensors/back_owl/ROS_TF/PublisherTF' did not submit transforms for topic '/tf' on flush cycle 14114
2026-09-30T16:51:42Z [264,089ms] [Warning] [isaacsim.ros2.nodes] ROS2 TF aggregation contributor '/World/Nova_Carter_ROS/transform_tree_odometry/ros2_publish_raw_transform_tree' did not submit transforms for topic '/tf' on flush cycle 14114
2026-09-30T16:51:42Z [264,090ms] [Warning] [isaacsim.ros2.nodes] ROS2 TF aggregation contributor '/World/Nova_Carter_ROS/chassis_link/sensors/front_RPLidar/ROS_TF/PublisherTF' did not submit transforms for topic '/tf' on flush cycle 14114
2026-09-30T16:51:42Z [264,090ms] [Warning] [isaacsim.ros2.nodes] ROS2 TF aggregation contributor '/World/Nova_Carter_ROS/transform_tree_odometry/tf_tree_base_link_to_sensors' did not submit transforms for topic '/tf' on flush cycle 14114
2026-09-30T16:51:42Z [264,090ms] [Warning] [isaacsim.ros2.nodes] ROS2 TF aggregation contributor '/World/Nova_Carter_ROS/transform_tree_odometry/tf_tree_base_link_to_wheel_base' did not submit transforms for topic '/tf' on flush cycle 14114
2026-09-30T16:51:42Z [264,090ms] [Warning] [isaacsim.ros2.nodes] ROS2 TF aggregation contributor '/World/Nova_Carter_ROS/transform_tree_odometry/tf_tree_base_link_to_chassis' did not submit transforms for topic '/tf' on flush cycle 14114
2026-09-30T16:51:44Z [266,137ms] [Warning] [isaacsim.ros2.nodes] ROS2 TF aggregation contributor '/World/Nova_Carter_ROS/chassis_link/sensors/XT_32/ROS_TF/PublisherTF' did not submit transforms for topic '/tf' on flush cycle 14234
2026-09-30T16:51:44Z [266,137ms] [Warning] [isaacsim.ros2.nodes] ROS2 TF aggregation contributor '/World/Nova_Carter_ROS/chassis_link/sensors/rear_RPLidar/ROS_TF/PublisherTF' did not submit transforms for topic '/tf' on flush cycle 14234
2026-09-30T16:51:44Z [266,137ms] [Warning] [isaacsim.ros2.nodes] ROS2 TF aggregation contributor '/World/Nova_Carter_ROS/chassis_link/sensors/front_hawk/ROS_TF/PublisherTF' did not submit transforms for topic '/tf' on flush cycle 14234
2026-09-30T16:51:44Z [266,137ms] [Warning] [isaacsim.ros2.nodes] ROS2 TF aggregation contributor '/World/Nova_Carter_ROS/chassis_link/sensors/left_owl/ROS_TF/PublisherTF' did not submit transforms for topic '/tf' on flush cycle 14234
2026-09-30T16:51:44Z [266,137ms] [Warning] [isaacsim.ros2.nodes] ROS2 TF aggregation contributor '/World/Nova_Carter_ROS/chassis_link/sensors/front_owl/ROS_TF/PublisherTF' did not submit transforms for topic '/tf' on flush cycle 14234
2026-09-30T16:51:44Z [266,137ms] [Warning] [isaacsim.ros2.nodes] ROS2 TF aggregation contributor '/World/Nova_Carter_ROS/chassis_link/sensors/back_hawk/ROS_TF/PublisherTF' did not submit transforms for topic '/tf' on flush cycle 14234
2026-09-30T16:51:44Z [266,137ms] [Warning] [isaacsim.ros2.nodes] ROS2 TF aggregation contributor '/World/Nova_Carter_ROS/chassis_link/sensors/right_owl/ROS_TF/PublisherTF' did not submit transforms for topic '/tf' on flush cycle 14234
2026-09-30T16:51:44Z [266,137ms] [Warning] [isaacsim.ros2.nodes] ROS2 TF aggregation contributor '/World/Nova_Carter_ROS/chassis_link/sensors/right_hawk/ROS_TF/PublisherTF' did not submit transforms for topic '/tf' on flush cycle 14234
2026-09-30T16:51:44Z [266,138ms] [Warning] [isaacsim.ros2.nodes] ROS2 TF aggregation contributor '/World/Nova_Carter_ROS/chassis_link/sensors/left_hawk/ROS_TF/PublisherTF' did not submit transforms for topic '/tf' on flush cycle 14234
2026-09-30T16:51:44Z [266,138ms] [Warning] [isaacsim.ros2.nodes] ROS2 TF aggregation contributor '/World/Nova_Carter_ROS/chassis_link/sensors/back_owl/ROS_TF/PublisherTF' did not submit transforms for topic '/tf' on flush cycle 14234
2026-09-30T16:51:44Z [266,138ms] [Warning] [isaacsim.ros2.nodes] ROS2 TF aggregation contributor '/World/Nova_Carter_ROS/transform_tree_odometry/ros2_publish_raw_transform_tree' did not submit transforms for topic '/tf' on flush cycle 14234
2026-09-30T16:51:44Z [266,138ms] [Warning] [isaacsim.ros2.nodes] ROS2 TF aggregation contributor '/World/Nova_Carter_ROS/chassis_link/sensors/front_RPLidar/ROS_TF/PublisherTF' did not submit transforms for topic '/tf' on flush cycle 14234
2026-09-30T16:51:44Z [266,138ms] [Warning] [isaacsim.ros2.nodes] ROS2 TF aggregation contributor '/World/Nova_Carter_ROS/transform_tree_odometry/tf_tree_base_link_to_sensors' did not submit transforms for topic '/tf' on flush cycle 14234
2026-09-30T16:51:44Z [266,138ms] [Warning] [isaacsim.ros2.nodes] ROS2 TF aggregation contributor '/World/Nova_Carter_ROS/transform_tree_odometry/tf_tree_base_link_to_wheel_base' did not submit transforms for topic '/tf' on flush cycle 14234
2026-09-30T16:51:44Z [266,138ms] [Warning] [isaacsim.ros2.nodes] ROS2 TF aggregation contributor '/World/Nova_Carter_ROS/transform_tree_odometry/tf_tree_base_link_to_chassis' did not submit transforms for topic '/tf' on flush cycle 14234
2026-09-30T16:51:46Z [268,281ms] [Warning] [isaacsim.ros2.nodes] ROS2 TF aggregation contributor '/World/Nova_Carter_ROS/chassis_link/sensors/XT_32/ROS_TF/PublisherTF' did not submit transforms for topic '/tf' on flush cycle 14354
2026-09-30T16:51:46Z [268,281ms] [Warning] [isaacsim.ros2.nodes] ROS2 TF aggregation contributor '/World/Nova_Carter_ROS/chassis_link/sensors/rear_RPLidar/ROS_TF/PublisherTF' did not submit transforms for topic '/tf' on flush cycle 14354
2026-09-30T16:51:46Z [268,281ms] [Warning] [isaacsim.ros2.nodes] ROS2 TF aggregation contributor '/World/Nova_Carter_ROS/chassis_link/sensors/front_hawk/ROS_TF/PublisherTF' did not submit transforms for topic '/tf' on flush cycle 14354
2026-09-30T16:51:46Z [268,281ms] [Warning] [isaacsim.ros2.nodes] ROS2 TF aggregation contributor '/World/Nova_Carter_ROS/chassis_link/sensors/left_owl/ROS_TF/PublisherTF' did not submit transforms for topic '/tf' on flush cycle 14354
2026-09-30T16:51:46Z [268,281ms] [Warning] [isaacsim.ros2.nodes] ROS2 TF aggregation contributor '/World/Nova_Carter_ROS/chassis_link/sensors/front_owl/ROS_TF/PublisherTF' did not submit transforms for topic '/tf' on flush cycle 14354
2026-09-30T16:51:46Z [268,281ms] [Warning] [isaacsim.ros2.nodes] ROS2 TF aggregation contributor '/World/Nova_Carter_ROS/chassis_link/sensors/back_hawk/ROS_TF/PublisherTF' did not submit transforms for topic '/tf' on flush cycle 14354
2026-09-30T16:51:46Z [268,281ms] [Warning] [isaacsim.ros2.nodes] ROS2 TF aggregation contributor '/World/Nova_Carter_ROS/chassis_link/sensors/right_owl/ROS_TF/PublisherTF' did not submit transforms for topic '/tf' on flush cycle 14354
2026-09-30T16:51:46Z [268,281ms] [Warning] [isaacsim.ros2.nodes] ROS2 TF aggregation contributor '/World/Nova_Carter_ROS/chassis_link/sensors/right_hawk/ROS_TF/PublisherTF' did not submit transforms for topic '/tf' on flush cycle 14354
2026-09-30T16:51:46Z [268,281ms] [Warning] [isaacsim.ros2.nodes] ROS2 TF aggregation contributor '/World/Nova_Carter_ROS/chassis_link/sensors/left_hawk/ROS_TF/PublisherTF' did not submit transforms for topic '/tf' on flush cycle 14354
2026-09-30T16:51:46Z [268,281ms] [Warning] [isaacsim.ros2.nodes] ROS2 TF aggregation contributor '/World/Nova_Carter_ROS/chassis_link/sensors/back_owl/ROS_TF/PublisherTF' did not submit transforms for topic '/tf' on flush cycle 14354
2026-09-30T16:51:46Z [268,281ms] [Warning] [isaacsim.ros2.nodes] ROS2 TF aggregation contributor '/World/Nova_Carter_ROS/transform_tree_odometry/ros2_publish_raw_transform_tree' did not submit transforms for topic '/tf' on flush cycle 14354
2026-09-30T16:51:46Z [268,282ms] [Warning] [isaacsim.ros2.nodes] ROS2 TF aggregation contributor '/World/Nova_Carter_ROS/chassis_link/sensors/front_RPLidar/ROS_TF/PublisherTF' did not submit transforms for topic '/tf' on flush cycle 14354
2026-09-30T16:51:46Z [268,282ms] [Warning] [isaacsim.ros2.nodes] ROS2 TF aggregation contributor '/World/Nova_Carter_ROS/transform_tree_odometry/tf_tree_base_link_to_sensors' did not submit transforms for topic '/tf' on flush cycle 14354
2026-09-30T16:51:46Z [268,282ms] [Warning] [isaacsim.ros2.nodes] ROS2 TF aggregation contributor '/World/Nova_Carter_ROS/transform_tree_odometry/tf_tree_base_link_to_wheel_base' did not submit transforms for topic '/tf' on flush cycle 14354
2026-09-30T16:51:46Z [268,282ms] [Warning] [isaacsim.ros2.nodes] ROS2 TF aggregation contributor '/World/Nova_Carter_ROS/transform_tree_odometry/tf_tree_base_link_to_chassis' did not submit transforms for topic '/tf' on flush cycle 14354
2026-09-30T16:51:48Z [270,423ms] [Warning] [isaacsim.ros2.nodes] ROS2 TF aggregation contributor '/World/Nova_Carter_ROS/chassis_link/sensors/XT_32/ROS_TF/PublisherTF' did not submit transforms for topic '/tf' on flush cycle 14474
2026-09-30T16:51:48Z [270,423ms] [Warning] [isaacsim.ros2.nodes] ROS2 TF aggregation contributor '/World/Nova_Carter_ROS/chassis_link/sensors/rear_RPLidar/ROS_TF/PublisherTF' did not submit transforms for topic '/tf' on flush cycle 14474
2026-09-30T16:51:48Z [270,423ms] [Warning] [isaacsim.ros2.nodes] ROS2 TF aggregation contributor '/World/Nova_Carter_ROS/chassis_link/sensors/front_hawk/ROS_TF/PublisherTF' did not submit transforms for topic '/tf' on flush cycle 14474
2026-09-30T16:51:48Z [270,423ms] [Warning] [isaacsim.ros2.nodes] ROS2 TF aggregation contributor '/World/Nova_Carter_ROS/chassis_link/sensors/left_owl/ROS_TF/PublisherTF' did not submit transforms for topic '/tf' on flush cycle 14474
2026-09-30T16:51:48Z [270,423ms] [Warning] [isaacsim.ros2.nodes] ROS2 TF aggregation contributor '/World/Nova_Carter_ROS/chassis_link/sensors/front_owl/ROS_TF/PublisherTF' did not submit transforms for topic '/tf' on flush cycle 14474
2026-09-30T16:51:48Z [270,423ms] [Warning] [isaacsim.ros2.nodes] ROS2 TF aggregation contributor '/World/Nova_Carter_ROS/chassis_link/sensors/back_hawk/ROS_TF/PublisherTF' did not submit transforms for topic '/tf' on flush cycle 14474
2026-09-30T16:51:48Z [270,423ms] [Warning] [isaacsim.ros2.nodes] ROS2 TF aggregation contributor '/World/Nova_Carter_ROS/chassis_link/sensors/right_owl/ROS_TF/PublisherTF' did not submit transforms for topic '/tf' on flush cycle 14474
2026-09-30T16:51:48Z [270,423ms] [Warning] [isaacsim.ros2.nodes] ROS2 TF aggregation contributor '/World/Nova_Carter_ROS/chassis_link/sensors/right_hawk/ROS_TF/PublisherTF' did not submit transforms for topic '/tf' on flush cycle 14474
2026-09-30T16:51:48Z [270,423ms] [Warning] [isaacsim.ros2.nodes] ROS2 TF aggregation contributor '/World/Nova_Carter_ROS/chassis_link/sensors/left_hawk/ROS_TF/PublisherTF' did not submit transforms for topic '/tf' on flush cycle 14474
2026-09-30T16:51:48Z [270,423ms] [Warning] [isaacsim.ros2.nodes] ROS2 TF aggregation contributor '/World/Nova_Carter_ROS/chassis_link/sensors/back_owl/ROS_TF/PublisherTF' did not submit transforms for topic '/tf' on flush cycle 14474
2026-09-30T16:51:48Z [270,423ms] [Warning] [isaacsim.ros2.nodes] ROS2 TF aggregation contributor '/World/Nova_Carter_ROS/transform_tree_odometry/ros2_publish_raw_transform_tree' did not submit transforms for topic '/tf' on flush cycle 14474
2026-09-30T16:51:48Z [270,423ms] [Warning] [isaacsim.ros2.nodes] ROS2 TF aggregation contributor '/World/Nova_Carter_ROS/chassis_link/sensors/front_RPLidar/ROS_TF/PublisherTF' did not submit transforms for topic '/tf' on flush cycle 14474
2026-09-30T16:51:48Z [270,423ms] [Warning] [isaacsim.ros2.nodes] ROS2 TF aggregation contributor '/World/Nova_Carter_ROS/transform_tree_odometry/tf_tree_base_link_to_sensors' did not submit transforms for topic '/tf' on flush cycle 14474
2026-09-30T16:51:48Z [270,423ms] [Warning] [isaacsim.ros2.nodes] ROS2 TF aggregation contributor '/World/Nova_Carter_ROS/transform_tree_odometry/tf_tree_base_link_to_wheel_base' did not submit transforms for topic '/tf' on flush cycle 14474
2026-09-30T16:51:48Z [270,423ms] [Warning] [isaacsim.ros2.nodes] ROS2 TF aggregation contributor '/World/Nova_Carter_ROS/transform_tree_odometry/tf_tree_base_link_to_chassis' did not submit transforms for topic '/tf' on flush cycle 14474
2026-09-30T16:51:58Z [280,166ms] [Warning] [isaacsim.ros2.nodes] ROS2 TF aggregation contributor '/World/Nova_Carter_ROS/chassis_link/sensors/XT_32/ROS_TF/PublisherTF' did not submit transforms for topic '/tf' on flush cycle 15000
2026-09-30T16:51:58Z [280,167ms] [Warning] [isaacsim.ros2.nodes] ROS2 TF aggregation contributor '/World/Nova_Carter_ROS/chassis_link/sensors/rear_RPLidar/ROS_TF/PublisherTF' did not submit transforms for topic '/tf' on flush cycle 15000
2026-09-30T16:51:58Z [280,167ms] [Warning] [isaacsim.ros2.nodes] ROS2 TF aggregation contributor '/World/Nova_Carter_ROS/chassis_link/sensors/front_hawk/ROS_TF/PublisherTF' did not submit transforms for topic '/tf' on flush cycle 15000
2026-09-30T16:51:58Z [280,167ms] [Warning] [isaacsim.ros2.nodes] ROS2 TF aggregation contributor '/World/Nova_Carter_ROS/chassis_link/sensors/left_owl/ROS_TF/PublisherTF' did not submit transforms for topic '/tf' on flush cycle 15000
2026-09-30T16:51:58Z [280,167ms] [Warning] [isaacsim.ros2.nodes] ROS2 TF aggregation contributor '/World/Nova_Carter_ROS/chassis_link/sensors/front_owl/ROS_TF/PublisherTF' did not submit transforms for topic '/tf' on flush cycle 15000
2026-09-30T16:51:58Z [280,167ms] [Warning] [isaacsim.ros2.nodes] ROS2 TF aggregation contributor '/World/Nova_Carter_ROS/chassis_link/sensors/back_hawk/ROS_TF/PublisherTF' did not submit transforms for topic '/tf' on flush cycle 15000
2026-09-30T16:51:58Z [280,167ms] [Warning] [isaacsim.ros2.nodes] ROS2 TF aggregation contributor '/World/Nova_Carter_ROS/chassis_link/sensors/right_owl/ROS_TF/PublisherTF' did not submit transforms for topic '/tf' on flush cycle 15000
2026-09-30T16:51:58Z [280,167ms] [Warning] [isaacsim.ros2.nodes] ROS2 TF aggregation contributor '/World/Nova_Carter_ROS/chassis_link/sensors/right_hawk/ROS_TF/PublisherTF' did not submit transforms for topic '/tf' on flush cycle 15000
2026-09-30T16:51:58Z [280,167ms] [Warning] [isaacsim.ros2.nodes] ROS2 TF aggregation contributor '/World/Nova_Carter_ROS/chassis_link/sensors/left_hawk/ROS_TF/PublisherTF' did not submit transforms for topic '/tf' on flush cycle 15000
2026-09-30T16:51:58Z [280,167ms] [Warning] [isaacsim.ros2.nodes] ROS2 TF aggregation contributor '/World/Nova_Carter_ROS/chassis_link/sensors/back_owl/ROS_TF/PublisherTF' did not submit transforms for topic '/tf' on flush cycle 15000
2026-09-30T16:51:58Z [280,167ms] [Warning] [isaacsim.ros2.nodes] ROS2 TF aggregation contributor '/World/Nova_Carter_ROS/transform_tree_odometry/ros2_publish_raw_transform_tree' did not submit transforms for topic '/tf' on flush cycle 15000
2026-09-30T16:51:58Z [280,167ms] [Warning] [isaacsim.ros2.nodes] ROS2 TF aggregation contributor '/World/Nova_Carter_ROS/chassis_link/sensors/front_RPLidar/ROS_TF/PublisherTF' did not submit transforms for topic '/tf' on flush cycle 15000
2026-09-30T16:51:58Z [280,167ms] [Warning] [isaacsim.ros2.nodes] ROS2 TF aggregation contributor '/World/Nova_Carter_ROS/transform_tree_odometry/tf_tree_base_link_to_sensors' did not submit transforms for topic '/tf' on flush cycle 15000
2026-09-30T16:51:58Z [280,167ms] [Warning] [isaacsim.ros2.nodes] ROS2 TF aggregation contributor '/World/Nova_Carter_ROS/transform_tree_odometry/tf_tree_base_link_to_wheel_base' did not submit transforms for topic '/tf' on flush cycle 15000
2026-09-30T16:51:58Z [280,167ms] [Warning] [isaacsim.ros2.nodes] ROS2 TF aggregation contributor '/World/Nova_Carter_ROS/transform_tree_odometry/tf_tree_base_link_to_chassis' did not submit transforms for topic '/tf' on flush cycle 15000
2026-09-30T16:52:00Z [282,204ms] [Warning] [isaacsim.ros2.nodes] ROS2 TF aggregation contributor '/World/Nova_Carter_ROS/chassis_link/sensors/XT_32/ROS_TF/PublisherTF' did not submit transforms for topic '/tf' on flush cycle 15120
2026-09-30T16:52:00Z [282,204ms] [Warning] [isaacsim.ros2.nodes] ROS2 TF aggregation contributor '/World/Nova_Carter_ROS/chassis_link/sensors/rear_RPLidar/ROS_TF/PublisherTF' did not submit transforms for topic '/tf' on flush cycle 15120
2026-09-30T16:52:00Z [282,204ms] [Warning] [isaacsim.ros2.nodes] ROS2 TF aggregation contributor '/World/Nova_Carter_ROS/chassis_link/sensors/front_hawk/ROS_TF/PublisherTF' did not submit transforms for topic '/tf' on flush cycle 15120
2026-09-30T16:52:00Z [282,204ms] [Warning] [isaacsim.ros2.nodes] ROS2 TF aggregation contributor '/World/Nova_Carter_ROS/chassis_link/sensors/left_owl/ROS_TF/PublisherTF' did not submit transforms for topic '/tf' on flush cycle 15120
2026-09-30T16:52:00Z [282,204ms] [Warning] [isaacsim.ros2.nodes] ROS2 TF aggregation contributor '/World/Nova_Carter_ROS/chassis_link/sensors/front_owl/ROS_TF/PublisherTF' did not submit transforms for topic '/tf' on flush cycle 15120
2026-09-30T16:52:00Z [282,204ms] [Warning] [isaacsim.ros2.nodes] ROS2 TF aggregation contributor '/World/Nova_Carter_ROS/chassis_link/sensors/back_hawk/ROS_TF/PublisherTF' did not submit transforms for topic '/tf' on flush cycle 15120
2026-09-30T16:52:00Z [282,204ms] [Warning] [isaacsim.ros2.nodes] ROS2 TF aggregation contributor '/World/Nova_Carter_ROS/chassis_link/sensors/right_owl/ROS_TF/PublisherTF' did not submit transforms for topic '/tf' on flush cycle 15120
2026-09-30T16:52:00Z [282,204ms] [Warning] [isaacsim.ros2.nodes] ROS2 TF aggregation contributor '/World/Nova_Carter_ROS/chassis_link/sensors/right_hawk/ROS_TF/PublisherTF' did not submit transforms for topic '/tf' on flush cycle 15120
2026-09-30T16:52:00Z [282,204ms] [Warning] [isaacsim.ros2.nodes] ROS2 TF aggregation contributor '/World/Nova_Carter_ROS/chassis_link/sensors/left_hawk/ROS_TF/PublisherTF' did not submit transforms for topic '/tf' on flush cycle 15120
2026-09-30T16:52:00Z [282,204ms] [Warning] [isaacsim.ros2.nodes] ROS2 TF aggregation contributor '/World/Nova_Carter_ROS/chassis_link/sensors/back_owl/ROS_TF/PublisherTF' did not submit transforms for topic '/tf' on flush cycle 15120
2026-09-30T16:52:00Z [282,204ms] [Warning] [isaacsim.ros2.nodes] ROS2 TF aggregation contributor '/World/Nova_Carter_ROS/transform_tree_odometry/ros2_publish_raw_transform_tree' did not submit transforms for topic '/tf' on flush cycle 15120
2026-09-30T16:52:00Z [282,204ms] [Warning] [isaacsim.ros2.nodes] ROS2 TF aggregation contributor '/World/Nova_Carter_ROS/chassis_link/sensors/front_RPLidar/ROS_TF/PublisherTF' did not submit transforms for topic '/tf' on flush cycle 15120
2026-09-30T16:52:00Z [282,204ms] [Warning] [isaacsim.ros2.nodes] ROS2 TF aggregation contributor '/World/Nova_Carter_ROS/transform_tree_odometry/tf_tree_base_link_to_sensors' did not submit transforms for topic '/tf' on flush cycle 15120
2026-09-30T16:52:00Z [282,204ms] [Warning] [isaacsim.ros2.nodes] ROS2 TF aggregation contributor '/World/Nova_Carter_ROS/transform_tree_odometry/tf_tree_base_link_to_wheel_base' did not submit transforms for topic '/tf' on flush cycle 15120
2026-09-30T16:52:00Z [282,204ms] [Warning] [isaacsim.ros2.nodes] ROS2 TF aggregation contributor '/World/Nova_Carter_ROS/transform_tree_odometry/tf_tree_base_link_to_chassis' did not submit transforms for topic '/tf' on flush cycle 15120
2026-09-30T16:52:02Z [284,295ms] [Warning] [isaacsim.ros2.nodes] ROS2 TF aggregation contributor '/World/Nova_Carter_ROS/chassis_link/sensors/XT_32/ROS_TF/PublisherTF' did not submit transforms for topic '/tf' on flush cycle 15240
2026-09-30T16:52:02Z [284,295ms] [Warning] [isaacsim.ros2.nodes] ROS2 TF aggregation contributor '/World/Nova_Carter_ROS/chassis_link/sensors/rear_RPLidar/ROS_TF/PublisherTF' did not submit transforms for topic '/tf' on flush cycle 15240
2026-09-30T16:52:02Z [284,295ms] [Warning] [isaacsim.ros2.nodes] ROS2 TF aggregation contributor '/World/Nova_Carter_ROS/chassis_link/sensors/front_hawk/ROS_TF/PublisherTF' did not submit transforms for topic '/tf' on flush cycle 15240
2026-09-30T16:52:02Z [284,295ms] [Warning] [isaacsim.ros2.nodes] ROS2 TF aggregation contributor '/World/Nova_Carter_ROS/chassis_link/sensors/left_owl/ROS_TF/PublisherTF' did not submit transforms for topic '/tf' on flush cycle 15240
2026-09-30T16:52:02Z [284,295ms] [Warning] [isaacsim.ros2.nodes] ROS2 TF aggregation contributor '/World/Nova_Carter_ROS/chassis_link/sensors/front_owl/ROS_TF/PublisherTF' did not submit transforms for topic '/tf' on flush cycle 15240
2026-09-30T16:52:02Z [284,295ms] [Warning] [isaacsim.ros2.nodes] ROS2 TF aggregation contributor '/World/Nova_Carter_ROS/chassis_link/sensors/back_hawk/ROS_TF/PublisherTF' did not submit transforms for topic '/tf' on flush cycle 15240
2026-09-30T16:52:02Z [284,295ms] [Warning] [isaacsim.ros2.nodes] ROS2 TF aggregation contributor '/World/Nova_Carter_ROS/chassis_link/sensors/right_owl/ROS_TF/PublisherTF' did not submit transforms for topic '/tf' on flush cycle 15240
2026-09-30T16:52:02Z [284,295ms] [Warning] [isaacsim.ros2.nodes] ROS2 TF aggregation contributor '/World/Nova_Carter_ROS/chassis_link/sensors/right_hawk/ROS_TF/PublisherTF' did not submit transforms for topic '/tf' on flush cycle 15240
2026-09-30T16:52:02Z [284,295ms] [Warning] [isaacsim.ros2.nodes] ROS2 TF aggregation contributor '/World/Nova_Carter_ROS/chassis_link/sensors/left_hawk/ROS_TF/PublisherTF' did not submit transforms for topic '/tf' on flush cycle 15240
2026-09-30T16:52:02Z [284,295ms] [Warning] [isaacsim.ros2.nodes] ROS2 TF aggregation contributor '/World/Nova_Carter_ROS/chassis_link/sensors/back_owl/ROS_TF/PublisherTF' did not submit transforms for topic '/tf' on flush cycle 15240
2026-09-30T16:52:02Z [284,295ms] [Warning] [isaacsim.ros2.nodes] ROS2 TF aggregation contributor '/World/Nova_Carter_ROS/transform_tree_odometry/ros2_publish_raw_transform_tree' did not submit transforms for topic '/tf' on flush cycle 15240
2026-09-30T16:52:02Z [284,295ms] [Warning] [isaacsim.ros2.nodes] ROS2 TF aggregation contributor '/World/Nova_Carter_ROS/chassis_link/sensors/front_RPLidar/ROS_TF/PublisherTF' did not submit transforms for topic '/tf' on flush cycle 15240
2026-09-30T16:52:02Z [284,295ms] [Warning] [isaacsim.ros2.nodes] ROS2 TF aggregation contributor '/World/Nova_Carter_ROS/transform_tree_odometry/tf_tree_base_link_to_sensors' did not submit transforms for topic '/tf' on flush cycle 15240
2026-09-30T16:52:02Z [284,295ms] [Warning] [isaacsim.ros2.nodes] ROS2 TF aggregation contributor '/World/Nova_Carter_ROS/transform_tree_odometry/tf_tree_base_link_to_wheel_base' did not submit transforms for topic '/tf' on flush cycle 15240
2026-09-30T16:52:02Z [284,295ms] [Warning] [isaacsim.ros2.nodes] ROS2 TF aggregation contributor '/World/Nova_Carter_ROS/transform_tree_odometry/tf_tree_base_link_to_chassis' did not submit transforms for topic '/tf' on flush cycle 15240
2026-09-30T16:52:04Z [286,388ms] [Warning] [isaacsim.ros2.nodes] ROS2 TF aggregation contributor '/World/Nova_Carter_ROS/chassis_link/sensors/XT_32/ROS_TF/PublisherTF' did not submit transforms for topic '/tf' on flush cycle 15360
2026-09-30T16:52:04Z [286,388ms] [Warning] [isaacsim.ros2.nodes] ROS2 TF aggregation contributor '/World/Nova_Carter_ROS/chassis_link/sensors/rear_RPLidar/ROS_TF/PublisherTF' did not submit transforms for topic '/tf' on flush cycle 15360
2026-09-30T16:52:04Z [286,388ms] [Warning] [isaacsim.ros2.nodes] ROS2 TF aggregation contributor '/World/Nova_Carter_ROS/chassis_link/sensors/front_hawk/ROS_TF/PublisherTF' did not submit transforms for topic '/tf' on flush cycle 15360
2026-09-30T16:52:04Z [286,388ms] [Warning] [isaacsim.ros2.nodes] ROS2 TF aggregation contributor '/World/Nova_Carter_ROS/chassis_link/sensors/left_owl/ROS_TF/PublisherTF' did not submit transforms for topic '/tf' on flush cycle 15360
2026-09-30T16:52:04Z [286,388ms] [Warning] [isaacsim.ros2.nodes] ROS2 TF aggregation contributor '/World/Nova_Carter_ROS/chassis_link/sensors/front_owl/ROS_TF/PublisherTF' did not submit transforms for topic '/tf' on flush cycle 15360
2026-09-30T16:52:04Z [286,388ms] [Warning] [isaacsim.ros2.nodes] ROS2 TF aggregation contributor '/World/Nova_Carter_ROS/chassis_link/sensors/back_hawk/ROS_TF/PublisherTF' did not submit transforms for topic '/tf' on flush cycle 15360
2026-09-30T16:52:04Z [286,388ms] [Warning] [isaacsim.ros2.nodes] ROS2 TF aggregation contributor '/World/Nova_Carter_ROS/chassis_link/sensors/right_owl/ROS_TF/PublisherTF' did not submit transforms for topic '/tf' on flush cycle 15360
2026-09-30T16:52:04Z [286,388ms] [Warning] [isaacsim.ros2.nodes] ROS2 TF aggregation contributor '/World/Nova_Carter_ROS/chassis_link/sensors/right_hawk/ROS_TF/PublisherTF' did not submit transforms for topic '/tf' on flush cycle 15360
2026-09-30T16:52:04Z [286,388ms] [Warning] [isaacsim.ros2.nodes] ROS2 TF aggregation contributor '/World/Nova_Carter_ROS/chassis_link/sensors/left_hawk/ROS_TF/PublisherTF' did not submit transforms for topic '/tf' on flush cycle 15360
2026-09-30T16:52:04Z [286,388ms] [Warning] [isaacsim.ros2.nodes] ROS2 TF aggregation contributor '/World/Nova_Carter_ROS/chassis_link/sensors/back_owl/ROS_TF/PublisherTF' did not submit transforms for topic '/tf' on flush cycle 15360
2026-09-30T16:52:04Z [286,388ms] [Warning] [isaacsim.ros2.nodes] ROS2 TF aggregation contributor '/World/Nova_Carter_ROS/transform_tree_odometry/ros2_publish_raw_transform_tree' did not submit transforms for topic '/tf' on flush cycle 15360
2026-09-30T16:52:04Z [286,388ms] [Warning] [isaacsim.ros2.nodes] ROS2 TF aggregation contributor '/World/Nova_Carter_ROS/chassis_link/sensors/front_RPLidar/ROS_TF/PublisherTF' did not submit transforms for topic '/tf' on flush cycle 15360
2026-09-30T16:52:04Z [286,388ms] [Warning] [isaacsim.ros2.nodes] ROS2 TF aggregation contributor '/World/Nova_Carter_ROS/transform_tree_odometry/tf_tree_base_link_to_sensors' did not submit transforms for topic '/tf' on flush cycle 15360
2026-09-30T16:52:04Z [286,388ms] [Warning] [isaacsim.ros2.nodes] ROS2 TF aggregation contributor '/World/Nova_Carter_ROS/transform_tree_odometry/tf_tree_base_link_to_wheel_base' did not submit transforms for topic '/tf' on flush cycle 15360
2026-09-30T16:52:04Z [286,388ms] [Warning] [isaacsim.ros2.nodes] ROS2 TF aggregation contributor '/World/Nova_Carter_ROS/transform_tree_odometry/tf_tree_base_link_to_chassis' did not submit transforms for topic '/tf' on flush cycle 15360
2026-09-30T16:52:06Z [288,484ms] [Warning] [isaacsim.ros2.nodes] ROS2 TF aggregation contributor '/World/Nova_Carter_ROS/chassis_link/sensors/XT_32/ROS_TF/PublisherTF' did not submit transforms for topic '/tf' on flush cycle 15480
2026-09-30T16:52:06Z [288,484ms] [Warning] [isaacsim.ros2.nodes] ROS2 TF aggregation contributor '/World/Nova_Carter_ROS/chassis_link/sensors/rear_RPLidar/ROS_TF/PublisherTF' did not submit transforms for topic '/tf' on flush cycle 15480
2026-09-30T16:52:06Z [288,484ms] [Warning] [isaacsim.ros2.nodes] ROS2 TF aggregation contributor '/World/Nova_Carter_ROS/chassis_link/sensors/front_hawk/ROS_TF/PublisherTF' did not submit transforms for topic '/tf' on flush cycle 15480
2026-09-30T16:52:06Z [288,484ms] [Warning] [isaacsim.ros2.nodes] ROS2 TF aggregation contributor '/World/Nova_Carter_ROS/chassis_link/sensors/left_owl/ROS_TF/PublisherTF' did not submit transforms for topic '/tf' on flush cycle 15480
2026-09-30T16:52:06Z [288,484ms] [Warning] [isaacsim.ros2.nodes] ROS2 TF aggregation contributor '/World/Nova_Carter_ROS/chassis_link/sensors/front_owl/ROS_TF/PublisherTF' did not submit transforms for topic '/tf' on flush cycle 15480
2026-09-30T16:52:06Z [288,484ms] [Warning] [isaacsim.ros2.nodes] ROS2 TF aggregation contributor '/World/Nova_Carter_ROS/chassis_link/sensors/back_hawk/ROS_TF/PublisherTF' did not submit transforms for topic '/tf' on flush cycle 15480
2026-09-30T16:52:06Z [288,484ms] [Warning] [isaacsim.ros2.nodes] ROS2 TF aggregation contributor '/World/Nova_Carter_ROS/chassis_link/sensors/right_owl/ROS_TF/PublisherTF' did not submit transforms for topic '/tf' on flush cycle 15480
2026-09-30T16:52:06Z [288,484ms] [Warning] [isaacsim.ros2.nodes] ROS2 TF aggregation contributor '/World/Nova_Carter_ROS/chassis_link/sensors/right_hawk/ROS_TF/PublisherTF' did not submit transforms for topic '/tf' on flush cycle 15480
2026-09-30T16:52:06Z [288,484ms] [Warning] [isaacsim.ros2.nodes] ROS2 TF aggregation contributor '/World/Nova_Carter_ROS/chassis_link/sensors/left_hawk/ROS_TF/PublisherTF' did not submit transforms for topic '/tf' on flush cycle 15480
2026-09-30T16:52:06Z [288,484ms] [Warning] [isaacsim.ros2.nodes] ROS2 TF aggregation contributor '/World/Nova_Carter_ROS/chassis_link/sensors/back_owl/ROS_TF/PublisherTF' did not submit transforms for topic '/tf' on flush cycle 15480
2026-09-30T16:52:06Z [288,484ms] [Warning] [isaacsim.ros2.nodes] ROS2 TF aggregation contributor '/World/Nova_Carter_ROS/transform_tree_odometry/ros2_publish_raw_transform_tree' did not submit transforms for topic '/tf' on flush cycle 15480
2026-09-30T16:52:06Z [288,484ms] [Warning] [isaacsim.ros2.nodes] ROS2 TF aggregation contributor '/World/Nova_Carter_ROS/chassis_link/sensors/front_RPLidar/ROS_TF/PublisherTF' did not submit transforms for topic '/tf' on flush cycle 15480
2026-09-30T16:52:06Z [288,484ms] [Warning] [isaacsim.ros2.nodes] ROS2 TF aggregation contributor '/World/Nova_Carter_ROS/transform_tree_odometry/tf_tree_base_link_to_sensors' did not submit transforms for topic '/tf' on flush cycle 15480
2026-09-30T16:52:06Z [288,484ms] [Warning] [isaacsim.ros2.nodes] ROS2 TF aggregation contributor '/World/Nova_Carter_ROS/transform_tree_odometry/tf_tree_base_link_to_wheel_base' did not submit transforms for topic '/tf' on flush cycle 15480
2026-09-30T16:52:06Z [288,484ms] [Warning] [isaacsim.ros2.nodes] ROS2 TF aggregation contributor '/World/Nova_Carter_ROS/transform_tree_odometry/tf_tree_base_link_to_chassis' did not submit transforms for topic '/tf' on flush cycle 15480
2026-09-30T16:52:08Z [290,534ms] [Warning] [isaacsim.ros2.nodes] ROS2 TF aggregation contributor '/World/Nova_Carter_ROS/chassis_link/sensors/XT_32/ROS_TF/PublisherTF' did not submit transforms for topic '/tf' on flush cycle 15600
2026-09-30T16:52:08Z [290,534ms] [Warning] [isaacsim.ros2.nodes] ROS2 TF aggregation contributor '/World/Nova_Carter_ROS/chassis_link/sensors/rear_RPLidar/ROS_TF/PublisherTF' did not submit transforms for topic '/tf' on flush cycle 15600
2026-09-30T16:52:08Z [290,534ms] [Warning] [isaacsim.ros2.nodes] ROS2 TF aggregation contributor '/World/Nova_Carter_ROS/chassis_link/sensors/front_hawk/ROS_TF/PublisherTF' did not submit transforms for topic '/tf' on flush cycle 15600
2026-09-30T16:52:08Z [290,534ms] [Warning] [isaacsim.ros2.nodes] ROS2 TF aggregation contributor '/World/Nova_Carter_ROS/chassis_link/sensors/left_owl/ROS_TF/PublisherTF' did not submit transforms for topic '/tf' on flush cycle 15600
2026-09-30T16:52:08Z [290,534ms] [Warning] [isaacsim.ros2.nodes] ROS2 TF aggregation contributor '/World/Nova_Carter_ROS/chassis_link/sensors/front_owl/ROS_TF/PublisherTF' did not submit transforms for topic '/tf' on flush cycle 15600
2026-09-30T16:52:08Z [290,534ms] [Warning] [isaacsim.ros2.nodes] ROS2 TF aggregation contributor '/World/Nova_Carter_ROS/chassis_link/sensors/back_hawk/ROS_TF/PublisherTF' did not submit transforms for topic '/tf' on flush cycle 15600
2026-09-30T16:52:08Z [290,534ms] [Warning] [isaacsim.ros2.nodes] ROS2 TF aggregation contributor '/World/Nova_Carter_ROS/chassis_link/sensors/right_owl/ROS_TF/PublisherTF' did not submit transforms for topic '/tf' on flush cycle 15600
2026-09-30T16:52:08Z [290,534ms] [Warning] [isaacsim.ros2.nodes] ROS2 TF aggregation contributor '/World/Nova_Carter_ROS/chassis_link/sensors/right_hawk/ROS_TF/PublisherTF' did not submit transforms for topic '/tf' on flush cycle 15600
2026-09-30T16:52:08Z [290,534ms] [Warning] [isaacsim.ros2.nodes] ROS2 TF aggregation contributor '/World/Nova_Carter_ROS/chassis_link/sensors/left_hawk/ROS_TF/PublisherTF' did not submit transforms for topic '/tf' on flush cycle 15600
2026-09-30T16:52:08Z [290,534ms] [Warning] [isaacsim.ros2.nodes] ROS2 TF aggregation contributor '/World/Nova_Carter_ROS/chassis_link/sensors/back_owl/ROS_TF/PublisherTF' did not submit transforms for topic '/tf' on flush cycle 15600
2026-09-30T16:52:08Z [290,534ms] [Warning] [isaacsim.ros2.nodes] ROS2 TF aggregation contributor '/World/Nova_Carter_ROS/transform_tree_odometry/ros2_publish_raw_transform_tree' did not submit transforms for topic '/tf' on flush cycle 15600
2026-09-30T16:52:08Z [290,534ms] [Warning] [isaacsim.ros2.nodes] ROS2 TF aggregation contributor '/World/Nova_Carter_ROS/chassis_link/sensors/front_RPLidar/ROS_TF/PublisherTF' did not submit transforms for topic '/tf' on flush cycle 15600
2026-09-30T16:52:08Z [290,534ms] [Warning] [isaacsim.ros2.nodes] ROS2 TF aggregation contributor '/World/Nova_Carter_ROS/transform_tree_odometry/tf_tree_base_link_to_sensors' did not submit transforms for topic '/tf' on flush cycle 15600
2026-09-30T16:52:08Z [290,534ms] [Warning] [isaacsim.ros2.nodes] ROS2 TF aggregation contributor '/World/Nova_Carter_ROS/transform_tree_odometry/tf_tree_base_link_to_wheel_base' did not submit transforms for topic '/tf' on flush cycle 15600
2026-09-30T16:52:08Z [290,534ms] [Warning] [isaacsim.ros2.nodes] ROS2 TF aggregation contributor '/World/Nova_Carter_ROS/transform_tree_odometry/tf_tree_base_link_to_chassis' did not submit transforms for topic '/tf' on flush cycle 15600
2026-09-30T16:52:11Z [293,262ms] [Warning] [omni.graph.core.plugin] /World/Nova_Carter_ROS/differential_drive/differential_controller_01: [/World/Nova_Carter_ROS/differential_drive] Invalid deltaTime 0.000000, cannot check for acceleration limits, skipping current step
2026-09-30T16:52:20Z [302,538ms] [Warning] [isaacsim.ros2.nodes] ROS2 TF aggregation contributor '/World/Nova_Carter_ROS/chassis_link/sensors/XT_32/ROS_TF/PublisherTF' did not submit transforms for topic '/tf' on flush cycle 16279
2026-09-30T16:52:20Z [302,538ms] [Warning] [isaacsim.ros2.nodes] ROS2 TF aggregation contributor '/World/Nova_Carter_ROS/chassis_link/sensors/rear_RPLidar/ROS_TF/PublisherTF' did not submit transforms for topic '/tf' on flush cycle 16279
2026-09-30T16:52:20Z [302,538ms] [Warning] [isaacsim.ros2.nodes] ROS2 TF aggregation contributor '/World/Nova_Carter_ROS/chassis_link/sensors/front_hawk/ROS_TF/PublisherTF' did not submit transforms for topic '/tf' on flush cycle 16279
2026-09-30T16:52:20Z [302,538ms] [Warning] [isaacsim.ros2.nodes] ROS2 TF aggregation contributor '/World/Nova_Carter_ROS/chassis_link/sensors/left_owl/ROS_TF/PublisherTF' did not submit transforms for topic '/tf' on flush cycle 16279
2026-09-30T16:52:20Z [302,538ms] [Warning] [isaacsim.ros2.nodes] ROS2 TF aggregation contributor '/World/Nova_Carter_ROS/chassis_link/sensors/front_owl/ROS_TF/PublisherTF' did not submit transforms for topic '/tf' on flush cycle 16279
2026-09-30T16:52:20Z [302,538ms] [Warning] [isaacsim.ros2.nodes] ROS2 TF aggregation contributor '/World/Nova_Carter_ROS/chassis_link/sensors/back_hawk/ROS_TF/PublisherTF' did not submit transforms for topic '/tf' on flush cycle 16279
2026-09-30T16:52:20Z [302,538ms] [Warning] [isaacsim.ros2.nodes] ROS2 TF aggregation contributor '/World/Nova_Carter_ROS/chassis_link/sensors/right_owl/ROS_TF/PublisherTF' did not submit transforms for topic '/tf' on flush cycle 16279
2026-09-30T16:52:20Z [302,538ms] [Warning] [isaacsim.ros2.nodes] ROS2 TF aggregation contributor '/World/Nova_Carter_ROS/chassis_link/sensors/right_hawk/ROS_TF/PublisherTF' did not submit transforms for topic '/tf' on flush cycle 16279
2026-09-30T16:52:20Z [302,538ms] [Warning] [isaacsim.ros2.nodes] ROS2 TF aggregation contributor '/World/Nova_Carter_ROS/chassis_link/sensors/left_hawk/ROS_TF/PublisherTF' did not submit transforms for topic '/tf' on flush cycle 16279
2026-09-30T16:52:20Z [302,538ms] [Warning] [isaacsim.ros2.nodes] ROS2 TF aggregation contributor '/World/Nova_Carter_ROS/chassis_link/sensors/back_owl/ROS_TF/PublisherTF' did not submit transforms for topic '/tf' on flush cycle 16279
2026-09-30T16:52:20Z [302,538ms] [Warning] [isaacsim.ros2.nodes] ROS2 TF aggregation contributor '/World/Nova_Carter_ROS/transform_tree_odometry/ros2_publish_raw_transform_tree' did not submit transforms for topic '/tf' on flush cycle 16279
2026-09-30T16:52:20Z [302,538ms] [Warning] [isaacsim.ros2.nodes] ROS2 TF aggregation contributor '/World/Nova_Carter_ROS/chassis_link/sensors/front_RPLidar/ROS_TF/PublisherTF' did not submit transforms for topic '/tf' on flush cycle 16279
2026-09-30T16:52:20Z [302,538ms] [Warning] [isaacsim.ros2.nodes] ROS2 TF aggregation contributor '/World/Nova_Carter_ROS/transform_tree_odometry/tf_tree_base_link_to_sensors' did not submit transforms for topic '/tf' on flush cycle 16279
2026-09-30T16:52:20Z [302,538ms] [Warning] [isaacsim.ros2.nodes] ROS2 TF aggregation contributor '/World/Nova_Carter_ROS/transform_tree_odometry/tf_tree_base_link_to_wheel_base' did not submit transforms for topic '/tf' on flush cycle 16279
2026-09-30T16:52:20Z [302,538ms] [Warning] [isaacsim.ros2.nodes] ROS2 TF aggregation contributor '/World/Nova_Carter_ROS/transform_tree_odometry/tf_tree_base_link_to_chassis' did not submit transforms for topic '/tf' on flush cycle 16279
2026-09-30T16:52:20Z [302,552ms] [Warning] [carb] Client omni.kit.viewport.legacy_gizmos has acquired [carb::settings::ISettings v1.1] 100 times. Consider accessing this interface with carb::getCachedInterface() (Performance warning)
2026-09-30T16:52:20Z [302,553ms] [Warning] [carb] Client omni.kit.viewport.legacy_gizmos has acquired [carb::dictionary::IDictionary v1.2] 100 times. Consider accessing this interface with carb::getCachedInterface() (Performance warning)
2026-09-30T16:52:22Z [304,622ms] [Warning] [isaacsim.ros2.nodes] ROS2 TF aggregation contributor '/World/Nova_Carter_ROS/chassis_link/sensors/XT_32/ROS_TF/PublisherTF' did not submit transforms for topic '/tf' on flush cycle 16399
2026-09-30T16:52:22Z [304,622ms] [Warning] [isaacsim.ros2.nodes] ROS2 TF aggregation contributor '/World/Nova_Carter_ROS/chassis_link/sensors/rear_RPLidar/ROS_TF/PublisherTF' did not submit transforms for topic '/tf' on flush cycle 16399
2026-09-30T16:52:22Z [304,622ms] [Warning] [isaacsim.ros2.nodes] ROS2 TF aggregation contributor '/World/Nova_Carter_ROS/chassis_link/sensors/front_hawk/ROS_TF/PublisherTF' did not submit transforms for topic '/tf' on flush cycle 16399
2026-09-30T16:52:22Z [304,622ms] [Warning] [isaacsim.ros2.nodes] ROS2 TF aggregation contributor '/World/Nova_Carter_ROS/chassis_link/sensors/left_owl/ROS_TF/PublisherTF' did not submit transforms for topic '/tf' on flush cycle 16399
2026-09-30T16:52:22Z [304,622ms] [Warning] [isaacsim.ros2.nodes] ROS2 TF aggregation contributor '/World/Nova_Carter_ROS/chassis_link/sensors/front_owl/ROS_TF/PublisherTF' did not submit transforms for topic '/tf' on flush cycle 16399
2026-09-30T16:52:22Z [304,622ms] [Warning] [isaacsim.ros2.nodes] ROS2 TF aggregation contributor '/World/Nova_Carter_ROS/chassis_link/sensors/back_hawk/ROS_TF/PublisherTF' did not submit transforms for topic '/tf' on flush cycle 16399
2026-09-30T16:52:22Z [304,622ms] [Warning] [isaacsim.ros2.nodes] ROS2 TF aggregation contributor '/World/Nova_Carter_ROS/chassis_link/sensors/right_owl/ROS_TF/PublisherTF' did not submit transforms for topic '/tf' on flush cycle 16399
2026-09-30T16:52:22Z [304,622ms] [Warning] [isaacsim.ros2.nodes] ROS2 TF aggregation contributor '/World/Nova_Carter_ROS/chassis_link/sensors/right_hawk/ROS_TF/PublisherTF' did not submit transforms for topic '/tf' on flush cycle 16399
2026-09-30T16:52:22Z [304,622ms] [Warning] [isaacsim.ros2.nodes] ROS2 TF aggregation contributor '/World/Nova_Carter_ROS/chassis_link/sensors/left_hawk/ROS_TF/PublisherTF' did not submit transforms for topic '/tf' on flush cycle 16399
2026-09-30T16:52:22Z [304,622ms] [Warning] [isaacsim.ros2.nodes] ROS2 TF aggregation contributor '/World/Nova_Carter_ROS/chassis_link/sensors/back_owl/ROS_TF/PublisherTF' did not submit transforms for topic '/tf' on flush cycle 16399
2026-09-30T16:52:22Z [304,622ms] [Warning] [isaacsim.ros2.nodes] ROS2 TF aggregation contributor '/World/Nova_Carter_ROS/transform_tree_odometry/ros2_publish_raw_transform_tree' did not submit transforms for topic '/tf' on flush cycle 16399
2026-09-30T16:52:22Z [304,622ms] [Warning] [isaacsim.ros2.nodes] ROS2 TF aggregation contributor '/World/Nova_Carter_ROS/chassis_link/sensors/front_RPLidar/ROS_TF/PublisherTF' did not submit transforms for topic '/tf' on flush cycle 16399
2026-09-30T16:52:22Z [304,622ms] [Warning] [isaacsim.ros2.nodes] ROS2 TF aggregation contributor '/World/Nova_Carter_ROS/transform_tree_odometry/tf_tree_base_link_to_sensors' did not submit transforms for topic '/tf' on flush cycle 16399
2026-09-30T16:52:22Z [304,622ms] [Warning] [isaacsim.ros2.nodes] ROS2 TF aggregation contributor '/World/Nova_Carter_ROS/transform_tree_odometry/tf_tree_base_link_to_wheel_base' did not submit transforms for topic '/tf' on flush cycle 16399
2026-09-30T16:52:22Z [304,622ms] [Warning] [isaacsim.ros2.nodes] ROS2 TF aggregation contributor '/World/Nova_Carter_ROS/transform_tree_odometry/tf_tree_base_link_to_chassis' did not submit transforms for topic '/tf' on flush cycle 16399
2026-09-30T16:52:25Z [306,756ms] [Warning] [isaacsim.ros2.nodes] ROS2 TF aggregation contributor '/World/Nova_Carter_ROS/chassis_link/sensors/XT_32/ROS_TF/PublisherTF' did not submit transforms for topic '/tf' on flush cycle 16519
2026-09-30T16:52:25Z [306,756ms] [Warning] [isaacsim.ros2.nodes] ROS2 TF aggregation contributor '/World/Nova_Carter_ROS/chassis_link/sensors/rear_RPLidar/ROS_TF/PublisherTF' did not submit transforms for topic '/tf' on flush cycle 16519
2026-09-30T16:52:25Z [306,756ms] [Warning] [isaacsim.ros2.nodes] ROS2 TF aggregation contributor '/World/Nova_Carter_ROS/chassis_link/sensors/front_hawk/ROS_TF/PublisherTF' did not submit transforms for topic '/tf' on flush cycle 16519
2026-09-30T16:52:25Z [306,756ms] [Warning] [isaacsim.ros2.nodes] ROS2 TF aggregation contributor '/World/Nova_Carter_ROS/chassis_link/sensors/left_owl/ROS_TF/PublisherTF' did not submit transforms for topic '/tf' on flush cycle 16519
2026-09-30T16:52:25Z [306,756ms] [Warning] [isaacsim.ros2.nodes] ROS2 TF aggregation contributor '/World/Nova_Carter_ROS/chassis_link/sensors/front_owl/ROS_TF/PublisherTF' did not submit transforms for topic '/tf' on flush cycle 16519
2026-09-30T16:52:25Z [306,756ms] [Warning] [isaacsim.ros2.nodes] ROS2 TF aggregation contributor '/World/Nova_Carter_ROS/chassis_link/sensors/back_hawk/ROS_TF/PublisherTF' did not submit transforms for topic '/tf' on flush cycle 16519
2026-09-30T16:52:25Z [306,756ms] [Warning] [isaacsim.ros2.nodes] ROS2 TF aggregation contributor '/World/Nova_Carter_ROS/chassis_link/sensors/right_owl/ROS_TF/PublisherTF' did not submit transforms for topic '/tf' on flush cycle 16519
2026-09-30T16:52:25Z [306,756ms] [Warning] [isaacsim.ros2.nodes] ROS2 TF aggregation contributor '/World/Nova_Carter_ROS/chassis_link/sensors/right_hawk/ROS_TF/PublisherTF' did not submit transforms for topic '/tf' on flush cycle 16519
2026-09-30T16:52:25Z [306,756ms] [Warning] [isaacsim.ros2.nodes] ROS2 TF aggregation contributor '/World/Nova_Carter_ROS/chassis_link/sensors/left_hawk/ROS_TF/PublisherTF' did not submit transforms for topic '/tf' on flush cycle 16519
2026-09-30T16:52:25Z [306,756ms] [Warning] [isaacsim.ros2.nodes] ROS2 TF aggregation contributor '/World/Nova_Carter_ROS/chassis_link/sensors/back_owl/ROS_TF/PublisherTF' did not submit transforms for topic '/tf' on flush cycle 16519
2026-09-30T16:52:25Z [306,756ms] [Warning] [isaacsim.ros2.nodes] ROS2 TF aggregation contributor '/World/Nova_Carter_ROS/transform_tree_odometry/ros2_publish_raw_transform_tree' did not submit transforms for topic '/tf' on flush cycle 16519
2026-09-30T16:52:25Z [306,756ms] [Warning] [isaacsim.ros2.nodes] ROS2 TF aggregation contributor '/World/Nova_Carter_ROS/chassis_link/sensors/front_RPLidar/ROS_TF/PublisherTF' did not submit transforms for topic '/tf' on flush cycle 16519
2026-09-30T16:52:25Z [306,756ms] [Warning] [isaacsim.ros2.nodes] ROS2 TF aggregation contributor '/World/Nova_Carter_ROS/transform_tree_odometry/tf_tree_base_link_to_sensors' did not submit transforms for topic '/tf' on flush cycle 16519
2026-09-30T16:52:25Z [306,756ms] [Warning] [isaacsim.ros2.nodes] ROS2 TF aggregation contributor '/World/Nova_Carter_ROS/transform_tree_odometry/tf_tree_base_link_to_wheel_base' did not submit transforms for topic '/tf' on flush cycle 16519
2026-09-30T16:52:25Z [306,756ms] [Warning] [isaacsim.ros2.nodes] ROS2 TF aggregation contributor '/World/Nova_Carter_ROS/transform_tree_odometry/tf_tree_base_link_to_chassis' did not submit transforms for topic '/tf' on flush cycle 16519
2026-09-30T16:52:27Z [308,802ms] [Warning] [isaacsim.ros2.nodes] ROS2 TF aggregation contributor '/World/Nova_Carter_ROS/chassis_link/sensors/XT_32/ROS_TF/PublisherTF' did not submit transforms for topic '/tf' on flush cycle 16639
2026-09-30T16:52:27Z [308,802ms] [Warning] [isaacsim.ros2.nodes] ROS2 TF aggregation contributor '/World/Nova_Carter_ROS/chassis_link/sensors/rear_RPLidar/ROS_TF/PublisherTF' did not submit transforms for topic '/tf' on flush cycle 16639
2026-09-30T16:52:27Z [308,802ms] [Warning] [isaacsim.ros2.nodes] ROS2 TF aggregation contributor '/World/Nova_Carter_ROS/chassis_link/sensors/front_hawk/ROS_TF/PublisherTF' did not submit transforms for topic '/tf' on flush cycle 16639
2026-09-30T16:52:27Z [308,802ms] [Warning] [isaacsim.ros2.nodes] ROS2 TF aggregation contributor '/World/Nova_Carter_ROS/chassis_link/sensors/left_owl/ROS_TF/PublisherTF' did not submit transforms for topic '/tf' on flush cycle 16639
2026-09-30T16:52:27Z [308,802ms] [Warning] [isaacsim.ros2.nodes] ROS2 TF aggregation contributor '/World/Nova_Carter_ROS/chassis_link/sensors/front_owl/ROS_TF/PublisherTF' did not submit transforms for topic '/tf' on flush cycle 16639
2026-09-30T16:52:27Z [308,802ms] [Warning] [isaacsim.ros2.nodes] ROS2 TF aggregation contributor '/World/Nova_Carter_ROS/chassis_link/sensors/back_hawk/ROS_TF/PublisherTF' did not submit transforms for topic '/tf' on flush cycle 16639
2026-09-30T16:52:27Z [308,802ms] [Warning] [isaacsim.ros2.nodes] ROS2 TF aggregation contributor '/World/Nova_Carter_ROS/chassis_link/sensors/right_owl/ROS_TF/PublisherTF' did not submit transforms for topic '/tf' on flush cycle 16639
2026-09-30T16:52:27Z [308,802ms] [Warning] [isaacsim.ros2.nodes] ROS2 TF aggregation contributor '/World/Nova_Carter_ROS/chassis_link/sensors/right_hawk/ROS_TF/PublisherTF' did not submit transforms for topic '/tf' on flush cycle 16639
2026-09-30T16:52:27Z [308,802ms] [Warning] [isaacsim.ros2.nodes] ROS2 TF aggregation contributor '/World/Nova_Carter_ROS/chassis_link/sensors/left_hawk/ROS_TF/PublisherTF' did not submit transforms for topic '/tf' on flush cycle 16639
2026-09-30T16:52:27Z [308,802ms] [Warning] [isaacsim.ros2.nodes] ROS2 TF aggregation contributor '/World/Nova_Carter_ROS/chassis_link/sensors/back_owl/ROS_TF/PublisherTF' did not submit transforms for topic '/tf' on flush cycle 16639
2026-09-30T16:52:27Z [308,802ms] [Warning] [isaacsim.ros2.nodes] ROS2 TF aggregation contributor '/World/Nova_Carter_ROS/transform_tree_odometry/ros2_publish_raw_transform_tree' did not submit transforms for topic '/tf' on flush cycle 16639
2026-09-30T16:52:27Z [308,802ms] [Warning] [isaacsim.ros2.nodes] ROS2 TF aggregation contributor '/World/Nova_Carter_ROS/chassis_link/sensors/front_RPLidar/ROS_TF/PublisherTF' did not submit transforms for topic '/tf' on flush cycle 16639
2026-09-30T16:52:27Z [308,802ms] [Warning] [isaacsim.ros2.nodes] ROS2 TF aggregation contributor '/World/Nova_Carter_ROS/transform_tree_odometry/tf_tree_base_link_to_sensors' did not submit transforms for topic '/tf' on flush cycle 16639
2026-09-30T16:52:27Z [308,802ms] [Warning] [isaacsim.ros2.nodes] ROS2 TF aggregation contributor '/World/Nova_Carter_ROS/transform_tree_odometry/tf_tree_base_link_to_wheel_base' did not submit transforms for topic '/tf' on flush cycle 16639
2026-09-30T16:52:27Z [308,802ms] [Warning] [isaacsim.ros2.nodes] ROS2 TF aggregation contributor '/World/Nova_Carter_ROS/transform_tree_odometry/tf_tree_base_link_to_chassis' did not submit transforms for topic '/tf' on flush cycle 16639
2026-09-30T16:52:29Z [310,848ms] [Warning] [isaacsim.ros2.nodes] ROS2 TF aggregation contributor '/World/Nova_Carter_ROS/chassis_link/sensors/XT_32/ROS_TF/PublisherTF' did not submit transforms for topic '/tf' on flush cycle 16759
2026-09-30T16:52:29Z [310,848ms] [Warning] [isaacsim.ros2.nodes] ROS2 TF aggregation contributor '/World/Nova_Carter_ROS/chassis_link/sensors/rear_RPLidar/ROS_TF/PublisherTF' did not submit transforms for topic '/tf' on flush cycle 16759
2026-09-30T16:52:29Z [310,848ms] [Warning] [isaacsim.ros2.nodes] ROS2 TF aggregation contributor '/World/Nova_Carter_ROS/chassis_link/sensors/front_hawk/ROS_TF/PublisherTF' did not submit transforms for topic '/tf' on flush cycle 16759
2026-09-30T16:52:29Z [310,848ms] [Warning] [isaacsim.ros2.nodes] ROS2 TF aggregation contributor '/World/Nova_Carter_ROS/chassis_link/sensors/left_owl/ROS_TF/PublisherTF' did not submit transforms for topic '/tf' on flush cycle 16759
2026-09-30T16:52:29Z [310,848ms] [Warning] [isaacsim.ros2.nodes] ROS2 TF aggregation contributor '/World/Nova_Carter_ROS/chassis_link/sensors/front_owl/ROS_TF/PublisherTF' did not submit transforms for topic '/tf' on flush cycle 16759
2026-09-30T16:52:29Z [310,848ms] [Warning] [isaacsim.ros2.nodes] ROS2 TF aggregation contributor '/World/Nova_Carter_ROS/chassis_link/sensors/back_hawk/ROS_TF/PublisherTF' did not submit transforms for topic '/tf' on flush cycle 16759
2026-09-30T16:52:29Z [310,848ms] [Warning] [isaacsim.ros2.nodes] ROS2 TF aggregation contributor '/World/Nova_Carter_ROS/chassis_link/sensors/right_owl/ROS_TF/PublisherTF' did not submit transforms for topic '/tf' on flush cycle 16759
2026-09-30T16:52:29Z [310,848ms] [Warning] [isaacsim.ros2.nodes] ROS2 TF aggregation contributor '/World/Nova_Carter_ROS/chassis_link/sensors/right_hawk/ROS_TF/PublisherTF' did not submit transforms for topic '/tf' on flush cycle 16759
2026-09-30T16:52:29Z [310,848ms] [Warning] [isaacsim.ros2.nodes] ROS2 TF aggregation contributor '/World/Nova_Carter_ROS/chassis_link/sensors/left_hawk/ROS_TF/PublisherTF' did not submit transforms for topic '/tf' on flush cycle 16759
2026-09-30T16:52:29Z [310,848ms] [Warning] [isaacsim.ros2.nodes] ROS2 TF aggregation contributor '/World/Nova_Carter_ROS/chassis_link/sensors/back_owl/ROS_TF/PublisherTF' did not submit transforms for topic '/tf' on flush cycle 16759
2026-09-30T16:52:29Z [310,849ms] [Warning] [isaacsim.ros2.nodes] ROS2 TF aggregation contributor '/World/Nova_Carter_ROS/transform_tree_odometry/ros2_publish_raw_transform_tree' did not submit transforms for topic '/tf' on flush cycle 16759
2026-09-30T16:52:29Z [310,849ms] [Warning] [isaacsim.ros2.nodes] ROS2 TF aggregation contributor '/World/Nova_Carter_ROS/chassis_link/sensors/front_RPLidar/ROS_TF/PublisherTF' did not submit transforms for topic '/tf' on flush cycle 16759
2026-09-30T16:52:29Z [310,849ms] [Warning] [isaacsim.ros2.nodes] ROS2 TF aggregation contributor '/World/Nova_Carter_ROS/transform_tree_odometry/tf_tree_base_link_to_sensors' did not submit transforms for topic '/tf' on flush cycle 16759
2026-09-30T16:52:29Z [310,849ms] [Warning] [isaacsim.ros2.nodes] ROS2 TF aggregation contributor '/World/Nova_Carter_ROS/transform_tree_odometry/tf_tree_base_link_to_wheel_base' did not submit transforms for topic '/tf' on flush cycle 16759
2026-09-30T16:52:29Z [310,849ms] [Warning] [isaacsim.ros2.nodes] ROS2 TF aggregation contributor '/World/Nova_Carter_ROS/transform_tree_odometry/tf_tree_base_link_to_chassis' did not submit transforms for topic '/tf' on flush cycle 16759
2026-09-30T16:52:31Z [312,898ms] [Warning] [isaacsim.ros2.nodes] ROS2 TF aggregation contributor '/World/Nova_Carter_ROS/chassis_link/sensors/XT_32/ROS_TF/PublisherTF' did not submit transforms for topic '/tf' on flush cycle 16879
2026-09-30T16:52:31Z [312,899ms] [Warning] [isaacsim.ros2.nodes] ROS2 TF aggregation contributor '/World/Nova_Carter_ROS/chassis_link/sensors/rear_RPLidar/ROS_TF/PublisherTF' did not submit transforms for topic '/tf' on flush cycle 16879
2026-09-30T16:52:31Z [312,899ms] [Warning] [isaacsim.ros2.nodes] ROS2 TF aggregation contributor '/World/Nova_Carter_ROS/chassis_link/sensors/front_hawk/ROS_TF/PublisherTF' did not submit transforms for topic '/tf' on flush cycle 16879
2026-09-30T16:52:31Z [312,899ms] [Warning] [isaacsim.ros2.nodes] ROS2 TF aggregation contributor '/World/Nova_Carter_ROS/chassis_link/sensors/left_owl/ROS_TF/PublisherTF' did not submit transforms for topic '/tf' on flush cycle 16879
2026-09-30T16:52:31Z [312,899ms] [Warning] [isaacsim.ros2.nodes] ROS2 TF aggregation contributor '/World/Nova_Carter_ROS/chassis_link/sensors/front_owl/ROS_TF/PublisherTF' did not submit transforms for topic '/tf' on flush cycle 16879
2026-09-30T16:52:31Z [312,899ms] [Warning] [isaacsim.ros2.nodes] ROS2 TF aggregation contributor '/World/Nova_Carter_ROS/chassis_link/sensors/back_hawk/ROS_TF/PublisherTF' did not submit transforms for topic '/tf' on flush cycle 16879
2026-09-30T16:52:31Z [312,899ms] [Warning] [isaacsim.ros2.nodes] ROS2 TF aggregation contributor '/World/Nova_Carter_ROS/chassis_link/sensors/right_owl/ROS_TF/PublisherTF' did not submit transforms for topic '/tf' on flush cycle 16879
2026-09-30T16:52:31Z [312,899ms] [Warning] [isaacsim.ros2.nodes] ROS2 TF aggregation contributor '/World/Nova_Carter_ROS/chassis_link/sensors/right_hawk/ROS_TF/PublisherTF' did not submit transforms for topic '/tf' on flush cycle 16879
2026-09-30T16:52:31Z [312,899ms] [Warning] [isaacsim.ros2.nodes] ROS2 TF aggregation contributor '/World/Nova_Carter_ROS/chassis_link/sensors/left_hawk/ROS_TF/PublisherTF' did not submit transforms for topic '/tf' on flush cycle 16879
2026-09-30T16:52:31Z [312,899ms] [Warning] [isaacsim.ros2.nodes] ROS2 TF aggregation contributor '/World/Nova_Carter_ROS/chassis_link/sensors/back_owl/ROS_TF/PublisherTF' did not submit transforms for topic '/tf' on flush cycle 16879
2026-09-30T16:52:31Z [312,899ms] [Warning] [isaacsim.ros2.nodes] ROS2 TF aggregation contributor '/World/Nova_Carter_ROS/transform_tree_odometry/ros2_publish_raw_transform_tree' did not submit transforms for topic '/tf' on flush cycle 16879
2026-09-30T16:52:31Z [312,899ms] [Warning] [isaacsim.ros2.nodes] ROS2 TF aggregation contributor '/World/Nova_Carter_ROS/chassis_link/sensors/front_RPLidar/ROS_TF/PublisherTF' did not submit transforms for topic '/tf' on flush cycle 16879
2026-09-30T16:52:31Z [312,899ms] [Warning] [isaacsim.ros2.nodes] ROS2 TF aggregation contributor '/World/Nova_Carter_ROS/transform_tree_odometry/tf_tree_base_link_to_sensors' did not submit transforms for topic '/tf' on flush cycle 16879
2026-09-30T16:52:31Z [312,899ms] [Warning] [isaacsim.ros2.nodes] ROS2 TF aggregation contributor '/World/Nova_Carter_ROS/transform_tree_odometry/tf_tree_base_link_to_wheel_base' did not submit transforms for topic '/tf' on flush cycle 16879
2026-09-30T16:52:31Z [312,899ms] [Warning] [isaacsim.ros2.nodes] ROS2 TF aggregation contributor '/World/Nova_Carter_ROS/transform_tree_odometry/tf_tree_base_link_to_chassis' did not submit transforms for topic '/tf' on flush cycle 16879
2026-09-30T16:52:33Z [314,945ms] [Warning] [isaacsim.ros2.nodes] ROS2 TF aggregation contributor '/World/Nova_Carter_ROS/chassis_link/sensors/XT_32/ROS_TF/PublisherTF' did not submit transforms for topic '/tf' on flush cycle 16999
2026-09-30T16:52:33Z [314,945ms] [Warning] [isaacsim.ros2.nodes] ROS2 TF aggregation contributor '/World/Nova_Carter_ROS/chassis_link/sensors/rear_RPLidar/ROS_TF/PublisherTF' did not submit transforms for topic '/tf' on flush cycle 16999
2026-09-30T16:52:33Z [314,945ms] [Warning] [isaacsim.ros2.nodes] ROS2 TF aggregation contributor '/World/Nova_Carter_ROS/chassis_link/sensors/front_hawk/ROS_TF/PublisherTF' did not submit transforms for topic '/tf' on flush cycle 16999
2026-09-30T16:52:33Z [314,945ms] [Warning] [isaacsim.ros2.nodes] ROS2 TF aggregation contributor '/World/Nova_Carter_ROS/chassis_link/sensors/left_owl/ROS_TF/PublisherTF' did not submit transforms for topic '/tf' on flush cycle 16999
2026-09-30T16:52:33Z [314,945ms] [Warning] [isaacsim.ros2.nodes] ROS2 TF aggregation contributor '/World/Nova_Carter_ROS/chassis_link/sensors/front_owl/ROS_TF/PublisherTF' did not submit transforms for topic '/tf' on flush cycle 16999
2026-09-30T16:52:33Z [314,945ms] [Warning] [isaacsim.ros2.nodes] ROS2 TF aggregation contributor '/World/Nova_Carter_ROS/chassis_link/sensors/back_hawk/ROS_TF/PublisherTF' did not submit transforms for topic '/tf' on flush cycle 16999
2026-09-30T16:52:33Z [314,945ms] [Warning] [isaacsim.ros2.nodes] ROS2 TF aggregation contributor '/World/Nova_Carter_ROS/chassis_link/sensors/right_owl/ROS_TF/PublisherTF' did not submit transforms for topic '/tf' on flush cycle 16999
2026-09-30T16:52:33Z [314,945ms] [Warning] [isaacsim.ros2.nodes] ROS2 TF aggregation contributor '/World/Nova_Carter_ROS/chassis_link/sensors/right_hawk/ROS_TF/PublisherTF' did not submit transforms for topic '/tf' on flush cycle 16999
2026-09-30T16:52:33Z [314,945ms] [Warning] [isaacsim.ros2.nodes] ROS2 TF aggregation contributor '/World/Nova_Carter_ROS/chassis_link/sensors/left_hawk/ROS_TF/PublisherTF' did not submit transforms for topic '/tf' on flush cycle 16999
2026-09-30T16:52:33Z [314,945ms] [Warning] [isaacsim.ros2.nodes] ROS2 TF aggregation contributor '/World/Nova_Carter_ROS/chassis_link/sensors/back_owl/ROS_TF/PublisherTF' did not submit transforms for topic '/tf' on flush cycle 16999
2026-09-30T16:52:33Z [314,945ms] [Warning] [isaacsim.ros2.nodes] ROS2 TF aggregation contributor '/World/Nova_Carter_ROS/transform_tree_odometry/ros2_publish_raw_transform_tree' did not submit transforms for topic '/tf' on flush cycle 16999
2026-09-30T16:52:33Z [314,945ms] [Warning] [isaacsim.ros2.nodes] ROS2 TF aggregation contributor '/World/Nova_Carter_ROS/chassis_link/sensors/front_RPLidar/ROS_TF/PublisherTF' did not submit transforms for topic '/tf' on flush cycle 16999
2026-09-30T16:52:33Z [314,945ms] [Warning] [isaacsim.ros2.nodes] ROS2 TF aggregation contributor '/World/Nova_Carter_ROS/transform_tree_odometry/tf_tree_base_link_to_sensors' did not submit transforms for topic '/tf' on flush cycle 16999
2026-09-30T16:52:33Z [314,945ms] [Warning] [isaacsim.ros2.nodes] ROS2 TF aggregation contributor '/World/Nova_Carter_ROS/transform_tree_odometry/tf_tree_base_link_to_wheel_base' did not submit transforms for topic '/tf' on flush cycle 16999
2026-09-30T16:52:33Z [314,945ms] [Warning] [isaacsim.ros2.nodes] ROS2 TF aggregation contributor '/World/Nova_Carter_ROS/transform_tree_odometry/tf_tree_base_link_to_chassis' did not submit transforms for topic '/tf' on flush cycle 16999
2026-09-30T16:52:42Z [323,953ms] [Warning] [omni.graph.core.plugin] /World/Nova_Carter_ROS/differential_drive/differential_controller_01: [/World/Nova_Carter_ROS/differential_drive] Invalid deltaTime 0.000000, cannot check for acceleration limits, skipping current step
2026-09-30T16:52:43Z [325,209ms] [Warning] [isaacsim.ros2.nodes] ROS2 TF aggregation contributor '/World/Nova_Carter_ROS/chassis_link/sensors/XT_32/ROS_TF/PublisherTF' did not submit transforms for topic '/tf' on flush cycle 17561
2026-09-30T16:52:43Z [325,209ms] [Warning] [isaacsim.ros2.nodes] ROS2 TF aggregation contributor '/World/Nova_Carter_ROS/chassis_link/sensors/rear_RPLidar/ROS_TF/PublisherTF' did not submit transforms for topic '/tf' on flush cycle 17561
2026-09-30T16:52:43Z [325,209ms] [Warning] [isaacsim.ros2.nodes] ROS2 TF aggregation contributor '/World/Nova_Carter_ROS/chassis_link/sensors/front_hawk/ROS_TF/PublisherTF' did not submit transforms for topic '/tf' on flush cycle 17561
2026-09-30T16:52:43Z [325,209ms] [Warning] [isaacsim.ros2.nodes] ROS2 TF aggregation contributor '/World/Nova_Carter_ROS/chassis_link/sensors/left_owl/ROS_TF/PublisherTF' did not submit transforms for topic '/tf' on flush cycle 17561
2026-09-30T16:52:43Z [325,209ms] [Warning] [isaacsim.ros2.nodes] ROS2 TF aggregation contributor '/World/Nova_Carter_ROS/chassis_link/sensors/front_owl/ROS_TF/PublisherTF' did not submit transforms for topic '/tf' on flush cycle 17561
2026-09-30T16:52:43Z [325,209ms] [Warning] [isaacsim.ros2.nodes] ROS2 TF aggregation contributor '/World/Nova_Carter_ROS/chassis_link/sensors/back_hawk/ROS_TF/PublisherTF' did not submit transforms for topic '/tf' on flush cycle 17561
2026-09-30T16:52:43Z [325,209ms] [Warning] [isaacsim.ros2.nodes] ROS2 TF aggregation contributor '/World/Nova_Carter_ROS/chassis_link/sensors/right_owl/ROS_TF/PublisherTF' did not submit transforms for topic '/tf' on flush cycle 17561
2026-09-30T16:52:43Z [325,209ms] [Warning] [isaacsim.ros2.nodes] ROS2 TF aggregation contributor '/World/Nova_Carter_ROS/chassis_link/sensors/right_hawk/ROS_TF/PublisherTF' did not submit transforms for topic '/tf' on flush cycle 17561
2026-09-30T16:52:43Z [325,209ms] [Warning] [isaacsim.ros2.nodes] ROS2 TF aggregation contributor '/World/Nova_Carter_ROS/chassis_link/sensors/left_hawk/ROS_TF/PublisherTF' did not submit transforms for topic '/tf' on flush cycle 17561
2026-09-30T16:52:43Z [325,209ms] [Warning] [isaacsim.ros2.nodes] ROS2 TF aggregation contributor '/World/Nova_Carter_ROS/chassis_link/sensors/back_owl/ROS_TF/PublisherTF' did not submit transforms for topic '/tf' on flush cycle 17561
2026-09-30T16:52:43Z [325,209ms] [Warning] [isaacsim.ros2.nodes] ROS2 TF aggregation contributor '/World/Nova_Carter_ROS/transform_tree_odometry/ros2_publish_raw_transform_tree' did not submit transforms for topic '/tf' on flush cycle 17561
2026-09-30T16:52:43Z [325,209ms] [Warning] [isaacsim.ros2.nodes] ROS2 TF aggregation contributor '/World/Nova_Carter_ROS/chassis_link/sensors/front_RPLidar/ROS_TF/PublisherTF' did not submit transforms for topic '/tf' on flush cycle 17561
2026-09-30T16:52:43Z [325,209ms] [Warning] [isaacsim.ros2.nodes] ROS2 TF aggregation contributor '/World/Nova_Carter_ROS/transform_tree_odometry/tf_tree_base_link_to_sensors' did not submit transforms for topic '/tf' on flush cycle 17561
2026-09-30T16:52:43Z [325,209ms] [Warning] [isaacsim.ros2.nodes] ROS2 TF aggregation contributor '/World/Nova_Carter_ROS/transform_tree_odometry/tf_tree_base_link_to_wheel_base' did not submit transforms for topic '/tf' on flush cycle 17561
2026-09-30T16:52:43Z [325,209ms] [Warning] [isaacsim.ros2.nodes] ROS2 TF aggregation contributor '/World/Nova_Carter_ROS/transform_tree_odometry/tf_tree_base_link_to_chassis' did not submit transforms for topic '/tf' on flush cycle 17561
2026-09-30T16:52:45Z [327,246ms] [Warning] [isaacsim.ros2.nodes] ROS2 TF aggregation contributor '/World/Nova_Carter_ROS/chassis_link/sensors/XT_32/ROS_TF/PublisherTF' did not submit transforms for topic '/tf' on flush cycle 17681
2026-09-30T16:52:45Z [327,246ms] [Warning] [isaacsim.ros2.nodes] ROS2 TF aggregation contributor '/World/Nova_Carter_ROS/chassis_link/sensors/rear_RPLidar/ROS_TF/PublisherTF' did not submit transforms for topic '/tf' on flush cycle 17681
2026-09-30T16:52:45Z [327,246ms] [Warning] [isaacsim.ros2.nodes] ROS2 TF aggregation contributor '/World/Nova_Carter_ROS/chassis_link/sensors/front_hawk/ROS_TF/PublisherTF' did not submit transforms for topic '/tf' on flush cycle 17681
2026-09-30T16:52:45Z [327,246ms] [Warning] [isaacsim.ros2.nodes] ROS2 TF aggregation contributor '/World/Nova_Carter_ROS/chassis_link/sensors/left_owl/ROS_TF/PublisherTF' did not submit transforms for topic '/tf' on flush cycle 17681
2026-09-30T16:52:45Z [327,246ms] [Warning] [isaacsim.ros2.nodes] ROS2 TF aggregation contributor '/World/Nova_Carter_ROS/chassis_link/sensors/front_owl/ROS_TF/PublisherTF' did not submit transforms for topic '/tf' on flush cycle 17681
2026-09-30T16:52:45Z [327,246ms] [Warning] [isaacsim.ros2.nodes] ROS2 TF aggregation contributor '/World/Nova_Carter_ROS/chassis_link/sensors/back_hawk/ROS_TF/PublisherTF' did not submit transforms for topic '/tf' on flush cycle 17681
2026-09-30T16:52:45Z [327,246ms] [Warning] [isaacsim.ros2.nodes] ROS2 TF aggregation contributor '/World/Nova_Carter_ROS/chassis_link/sensors/right_owl/ROS_TF/PublisherTF' did not submit transforms for topic '/tf' on flush cycle 17681
2026-09-30T16:52:45Z [327,246ms] [Warning] [isaacsim.ros2.nodes] ROS2 TF aggregation contributor '/World/Nova_Carter_ROS/chassis_link/sensors/right_hawk/ROS_TF/PublisherTF' did not submit transforms for topic '/tf' on flush cycle 17681
2026-09-30T16:52:45Z [327,246ms] [Warning] [isaacsim.ros2.nodes] ROS2 TF aggregation contributor '/World/Nova_Carter_ROS/chassis_link/sensors/left_hawk/ROS_TF/PublisherTF' did not submit transforms for topic '/tf' on flush cycle 17681
2026-09-30T16:52:45Z [327,246ms] [Warning] [isaacsim.ros2.nodes] ROS2 TF aggregation contributor '/World/Nova_Carter_ROS/chassis_link/sensors/back_owl/ROS_TF/PublisherTF' did not submit transforms for topic '/tf' on flush cycle 17681
2026-09-30T16:52:45Z [327,246ms] [Warning] [isaacsim.ros2.nodes] ROS2 TF aggregation contributor '/World/Nova_Carter_ROS/transform_tree_odometry/ros2_publish_raw_transform_tree' did not submit transforms for topic '/tf' on flush cycle 17681
2026-09-30T16:52:45Z [327,246ms] [Warning] [isaacsim.ros2.nodes] ROS2 TF aggregation contributor '/World/Nova_Carter_ROS/chassis_link/sensors/front_RPLidar/ROS_TF/PublisherTF' did not submit transforms for topic '/tf' on flush cycle 17681
2026-09-30T16:52:45Z [327,246ms] [Warning] [isaacsim.ros2.nodes] ROS2 TF aggregation contributor '/World/Nova_Carter_ROS/transform_tree_odometry/tf_tree_base_link_to_sensors' did not submit transforms for topic '/tf' on flush cycle 17681
2026-09-30T16:52:45Z [327,246ms] [Warning] [isaacsim.ros2.nodes] ROS2 TF aggregation contributor '/World/Nova_Carter_ROS/transform_tree_odometry/tf_tree_base_link_to_wheel_base' did not submit transforms for topic '/tf' on flush cycle 17681
2026-09-30T16:52:45Z [327,246ms] [Warning] [isaacsim.ros2.nodes] ROS2 TF aggregation contributor '/World/Nova_Carter_ROS/transform_tree_odometry/tf_tree_base_link_to_chassis' did not submit transforms for topic '/tf' on flush cycle 17681
2026-09-30T16:52:47Z [329,290ms] [Warning] [isaacsim.ros2.nodes] ROS2 TF aggregation contributor '/World/Nova_Carter_ROS/chassis_link/sensors/XT_32/ROS_TF/PublisherTF' did not submit transforms for topic '/tf' on flush cycle 17801
2026-09-30T16:52:47Z [329,290ms] [Warning] [isaacsim.ros2.nodes] ROS2 TF aggregation contributor '/World/Nova_Carter_ROS/chassis_link/sensors/rear_RPLidar/ROS_TF/PublisherTF' did not submit transforms for topic '/tf' on flush cycle 17801
2026-09-30T16:52:47Z [329,290ms] [Warning] [isaacsim.ros2.nodes] ROS2 TF aggregation contributor '/World/Nova_Carter_ROS/chassis_link/sensors/front_hawk/ROS_TF/PublisherTF' did not submit transforms for topic '/tf' on flush cycle 17801
2026-09-30T16:52:47Z [329,290ms] [Warning] [isaacsim.ros2.nodes] ROS2 TF aggregation contributor '/World/Nova_Carter_ROS/chassis_link/sensors/left_owl/ROS_TF/PublisherTF' did not submit transforms for topic '/tf' on flush cycle 17801
2026-09-30T16:52:47Z [329,290ms] [Warning] [isaacsim.ros2.nodes] ROS2 TF aggregation contributor '/World/Nova_Carter_ROS/chassis_link/sensors/front_owl/ROS_TF/PublisherTF' did not submit transforms for topic '/tf' on flush cycle 17801
2026-09-30T16:52:47Z [329,290ms] [Warning] [isaacsim.ros2.nodes] ROS2 TF aggregation contributor '/World/Nova_Carter_ROS/chassis_link/sensors/back_hawk/ROS_TF/PublisherTF' did not submit transforms for topic '/tf' on flush cycle 17801
2026-09-30T16:52:47Z [329,290ms] [Warning] [isaacsim.ros2.nodes] ROS2 TF aggregation contributor '/World/Nova_Carter_ROS/chassis_link/sensors/right_owl/ROS_TF/PublisherTF' did not submit transforms for topic '/tf' on flush cycle 17801
2026-09-30T16:52:47Z [329,290ms] [Warning] [isaacsim.ros2.nodes] ROS2 TF aggregation contributor '/World/Nova_Carter_ROS/chassis_link/sensors/right_hawk/ROS_TF/PublisherTF' did not submit transforms for topic '/tf' on flush cycle 17801
2026-09-30T16:52:47Z [329,290ms] [Warning] [isaacsim.ros2.nodes] ROS2 TF aggregation contributor '/World/Nova_Carter_ROS/chassis_link/sensors/left_hawk/ROS_TF/PublisherTF' did not submit transforms for topic '/tf' on flush cycle 17801
2026-09-30T16:52:47Z [329,290ms] [Warning] [isaacsim.ros2.nodes] ROS2 TF aggregation contributor '/World/Nova_Carter_ROS/chassis_link/sensors/back_owl/ROS_TF/PublisherTF' did not submit transforms for topic '/tf' on flush cycle 17801
2026-09-30T16:52:47Z [329,290ms] [Warning] [isaacsim.ros2.nodes] ROS2 TF aggregation contributor '/World/Nova_Carter_ROS/transform_tree_odometry/ros2_publish_raw_transform_tree' did not submit transforms for topic '/tf' on flush cycle 17801
2026-09-30T16:52:47Z [329,290ms] [Warning] [isaacsim.ros2.nodes] ROS2 TF aggregation contributor '/World/Nova_Carter_ROS/chassis_link/sensors/front_RPLidar/ROS_TF/PublisherTF' did not submit transforms for topic '/tf' on flush cycle 17801
2026-09-30T16:52:47Z [329,290ms] [Warning] [isaacsim.ros2.nodes] ROS2 TF aggregation contributor '/World/Nova_Carter_ROS/transform_tree_odometry/tf_tree_base_link_to_sensors' did not submit transforms for topic '/tf' on flush cycle 17801
2026-09-30T16:52:47Z [329,290ms] [Warning] [isaacsim.ros2.nodes] ROS2 TF aggregation contributor '/World/Nova_Carter_ROS/transform_tree_odometry/tf_tree_base_link_to_wheel_base' did not submit transforms for topic '/tf' on flush cycle 17801
2026-09-30T16:52:47Z [329,290ms] [Warning] [isaacsim.ros2.nodes] ROS2 TF aggregation contributor '/World/Nova_Carter_ROS/transform_tree_odometry/tf_tree_base_link_to_chassis' did not submit transforms for topic '/tf' on flush cycle 17801
2026-09-30T16:52:49Z [331,387ms] [Warning] [isaacsim.ros2.nodes] ROS2 TF aggregation contributor '/World/Nova_Carter_ROS/chassis_link/sensors/XT_32/ROS_TF/PublisherTF' did not submit transforms for topic '/tf' on flush cycle 17921
2026-09-30T16:52:49Z [331,387ms] [Warning] [isaacsim.ros2.nodes] ROS2 TF aggregation contributor '/World/Nova_Carter_ROS/chassis_link/sensors/rear_RPLidar/ROS_TF/PublisherTF' did not submit transforms for topic '/tf' on flush cycle 17921
2026-09-30T16:52:49Z [331,387ms] [Warning] [isaacsim.ros2.nodes] ROS2 TF aggregation contributor '/World/Nova_Carter_ROS/chassis_link/sensors/front_hawk/ROS_TF/PublisherTF' did not submit transforms for topic '/tf' on flush cycle 17921
2026-09-30T16:52:49Z [331,387ms] [Warning] [isaacsim.ros2.nodes] ROS2 TF aggregation contributor '/World/Nova_Carter_ROS/chassis_link/sensors/left_owl/ROS_TF/PublisherTF' did not submit transforms for topic '/tf' on flush cycle 17921
2026-09-30T16:52:49Z [331,387ms] [Warning] [isaacsim.ros2.nodes] ROS2 TF aggregation contributor '/World/Nova_Carter_ROS/chassis_link/sensors/front_owl/ROS_TF/PublisherTF' did not submit transforms for topic '/tf' on flush cycle 17921
2026-09-30T16:52:49Z [331,387ms] [Warning] [isaacsim.ros2.nodes] ROS2 TF aggregation contributor '/World/Nova_Carter_ROS/chassis_link/sensors/back_hawk/ROS_TF/PublisherTF' did not submit transforms for topic '/tf' on flush cycle 17921
2026-09-30T16:52:49Z [331,387ms] [Warning] [isaacsim.ros2.nodes] ROS2 TF aggregation contributor '/World/Nova_Carter_ROS/chassis_link/sensors/right_owl/ROS_TF/PublisherTF' did not submit transforms for topic '/tf' on flush cycle 17921
2026-09-30T16:52:49Z [331,387ms] [Warning] [isaacsim.ros2.nodes] ROS2 TF aggregation contributor '/World/Nova_Carter_ROS/chassis_link/sensors/right_hawk/ROS_TF/PublisherTF' did not submit transforms for topic '/tf' on flush cycle 17921
2026-09-30T16:52:49Z [331,387ms] [Warning] [isaacsim.ros2.nodes] ROS2 TF aggregation contributor '/World/Nova_Carter_ROS/chassis_link/sensors/left_hawk/ROS_TF/PublisherTF' did not submit transforms for topic '/tf' on flush cycle 17921
2026-09-30T16:52:49Z [331,387ms] [Warning] [isaacsim.ros2.nodes] ROS2 TF aggregation contributor '/World/Nova_Carter_ROS/chassis_link/sensors/back_owl/ROS_TF/PublisherTF' did not submit transforms for topic '/tf' on flush cycle 17921
2026-09-30T16:52:49Z [331,387ms] [Warning] [isaacsim.ros2.nodes] ROS2 TF aggregation contributor '/World/Nova_Carter_ROS/transform_tree_odometry/ros2_publish_raw_transform_tree' did not submit transforms for topic '/tf' on flush cycle 17921
2026-09-30T16:52:49Z [331,387ms] [Warning] [isaacsim.ros2.nodes] ROS2 TF aggregation contributor '/World/Nova_Carter_ROS/chassis_link/sensors/front_RPLidar/ROS_TF/PublisherTF' did not submit transforms for topic '/tf' on flush cycle 17921
2026-09-30T16:52:49Z [331,387ms] [Warning] [isaacsim.ros2.nodes] ROS2 TF aggregation contributor '/World/Nova_Carter_ROS/transform_tree_odometry/tf_tree_base_link_to_sensors' did not submit transforms for topic '/tf' on flush cycle 17921
2026-09-30T16:52:49Z [331,387ms] [Warning] [isaacsim.ros2.nodes] ROS2 TF aggregation contributor '/World/Nova_Carter_ROS/transform_tree_odometry/tf_tree_base_link_to_wheel_base' did not submit transforms for topic '/tf' on flush cycle 17921
2026-09-30T16:52:49Z [331,387ms] [Warning] [isaacsim.ros2.nodes] ROS2 TF aggregation contributor '/World/Nova_Carter_ROS/transform_tree_odometry/tf_tree_base_link_to_chassis' did not submit transforms for topic '/tf' on flush cycle 17921
2026-09-30T16:52:51Z [333,441ms] [Warning] [isaacsim.ros2.nodes] ROS2 TF aggregation contributor '/World/Nova_Carter_ROS/chassis_link/sensors/XT_32/ROS_TF/PublisherTF' did not submit transforms for topic '/tf' on flush cycle 18041
2026-09-30T16:52:51Z [333,441ms] [Warning] [isaacsim.ros2.nodes] ROS2 TF aggregation contributor '/World/Nova_Carter_ROS/chassis_link/sensors/rear_RPLidar/ROS_TF/PublisherTF' did not submit transforms for topic '/tf' on flush cycle 18041
2026-09-30T16:52:51Z [333,441ms] [Warning] [isaacsim.ros2.nodes] ROS2 TF aggregation contributor '/World/Nova_Carter_ROS/chassis_link/sensors/front_hawk/ROS_TF/PublisherTF' did not submit transforms for topic '/tf' on flush cycle 18041
2026-09-30T16:52:51Z [333,441ms] [Warning] [isaacsim.ros2.nodes] ROS2 TF aggregation contributor '/World/Nova_Carter_ROS/chassis_link/sensors/left_owl/ROS_TF/PublisherTF' did not submit transforms for topic '/tf' on flush cycle 18041
2026-09-30T16:52:51Z [333,441ms] [Warning] [isaacsim.ros2.nodes] ROS2 TF aggregation contributor '/World/Nova_Carter_ROS/chassis_link/sensors/front_owl/ROS_TF/PublisherTF' did not submit transforms for topic '/tf' on flush cycle 18041
2026-09-30T16:52:51Z [333,441ms] [Warning] [isaacsim.ros2.nodes] ROS2 TF aggregation contributor '/World/Nova_Carter_ROS/chassis_link/sensors/back_hawk/ROS_TF/PublisherTF' did not submit transforms for topic '/tf' on flush cycle 18041
2026-09-30T16:52:51Z [333,441ms] [Warning] [isaacsim.ros2.nodes] ROS2 TF aggregation contributor '/World/Nova_Carter_ROS/chassis_link/sensors/right_owl/ROS_TF/PublisherTF' did not submit transforms for topic '/tf' on flush cycle 18041
2026-09-30T16:52:51Z [333,441ms] [Warning] [isaacsim.ros2.nodes] ROS2 TF aggregation contributor '/World/Nova_Carter_ROS/chassis_link/sensors/right_hawk/ROS_TF/PublisherTF' did not submit transforms for topic '/tf' on flush cycle 18041
2026-09-30T16:52:51Z [333,441ms] [Warning] [isaacsim.ros2.nodes] ROS2 TF aggregation contributor '/World/Nova_Carter_ROS/chassis_link/sensors/left_hawk/ROS_TF/PublisherTF' did not submit transforms for topic '/tf' on flush cycle 18041
2026-09-30T16:52:51Z [333,441ms] [Warning] [isaacsim.ros2.nodes] ROS2 TF aggregation contributor '/World/Nova_Carter_ROS/chassis_link/sensors/back_owl/ROS_TF/PublisherTF' did not submit transforms for topic '/tf' on flush cycle 18041
2026-09-30T16:52:51Z [333,441ms] [Warning] [isaacsim.ros2.nodes] ROS2 TF aggregation contributor '/World/Nova_Carter_ROS/transform_tree_odometry/ros2_publish_raw_transform_tree' did not submit transforms for topic '/tf' on flush cycle 18041
2026-09-30T16:52:51Z [333,441ms] [Warning] [isaacsim.ros2.nodes] ROS2 TF aggregation contributor '/World/Nova_Carter_ROS/chassis_link/sensors/front_RPLidar/ROS_TF/PublisherTF' did not submit transforms for topic '/tf' on flush cycle 18041
2026-09-30T16:52:51Z [333,441ms] [Warning] [isaacsim.ros2.nodes] ROS2 TF aggregation contributor '/World/Nova_Carter_ROS/transform_tree_odometry/tf_tree_base_link_to_sensors' did not submit transforms for topic '/tf' on flush cycle 18041
2026-09-30T16:52:51Z [333,441ms] [Warning] [isaacsim.ros2.nodes] ROS2 TF aggregation contributor '/World/Nova_Carter_ROS/transform_tree_odometry/tf_tree_base_link_to_wheel_base' did not submit transforms for topic '/tf' on flush cycle 18041
2026-09-30T16:52:51Z [333,441ms] [Warning] [isaacsim.ros2.nodes] ROS2 TF aggregation contributor '/World/Nova_Carter_ROS/transform_tree_odometry/tf_tree_base_link_to_chassis' did not submit transforms for topic '/tf' on flush cycle 18041
2026-09-30T16:52:53Z [335,538ms] [Warning] [isaacsim.ros2.nodes] ROS2 TF aggregation contributor '/World/Nova_Carter_ROS/chassis_link/sensors/XT_32/ROS_TF/PublisherTF' did not submit transforms for topic '/tf' on flush cycle 18161
2026-09-30T16:52:53Z [335,538ms] [Warning] [isaacsim.ros2.nodes] ROS2 TF aggregation contributor '/World/Nova_Carter_ROS/chassis_link/sensors/rear_RPLidar/ROS_TF/PublisherTF' did not submit transforms for topic '/tf' on flush cycle 18161
2026-09-30T16:52:53Z [335,538ms] [Warning] [isaacsim.ros2.nodes] ROS2 TF aggregation contributor '/World/Nova_Carter_ROS/chassis_link/sensors/front_hawk/ROS_TF/PublisherTF' did not submit transforms for topic '/tf' on flush cycle 18161
2026-09-30T16:52:53Z [335,538ms] [Warning] [isaacsim.ros2.nodes] ROS2 TF aggregation contributor '/World/Nova_Carter_ROS/chassis_link/sensors/left_owl/ROS_TF/PublisherTF' did not submit transforms for topic '/tf' on flush cycle 18161
2026-09-30T16:52:53Z [335,538ms] [Warning] [isaacsim.ros2.nodes] ROS2 TF aggregation contributor '/World/Nova_Carter_ROS/chassis_link/sensors/front_owl/ROS_TF/PublisherTF' did not submit transforms for topic '/tf' on flush cycle 18161
2026-09-30T16:52:53Z [335,538ms] [Warning] [isaacsim.ros2.nodes] ROS2 TF aggregation contributor '/World/Nova_Carter_ROS/chassis_link/sensors/back_hawk/ROS_TF/PublisherTF' did not submit transforms for topic '/tf' on flush cycle 18161
2026-09-30T16:52:53Z [335,538ms] [Warning] [isaacsim.ros2.nodes] ROS2 TF aggregation contributor '/World/Nova_Carter_ROS/chassis_link/sensors/right_owl/ROS_TF/PublisherTF' did not submit transforms for topic '/tf' on flush cycle 18161
2026-09-30T16:52:53Z [335,538ms] [Warning] [isaacsim.ros2.nodes] ROS2 TF aggregation contributor '/World/Nova_Carter_ROS/chassis_link/sensors/right_hawk/ROS_TF/PublisherTF' did not submit transforms for topic '/tf' on flush cycle 18161
2026-09-30T16:52:53Z [335,538ms] [Warning] [isaacsim.ros2.nodes] ROS2 TF aggregation contributor '/World/Nova_Carter_ROS/chassis_link/sensors/left_hawk/ROS_TF/PublisherTF' did not submit transforms for topic '/tf' on flush cycle 18161
2026-09-30T16:52:53Z [335,538ms] [Warning] [isaacsim.ros2.nodes] ROS2 TF aggregation contributor '/World/Nova_Carter_ROS/chassis_link/sensors/back_owl/ROS_TF/PublisherTF' did not submit transforms for topic '/tf' on flush cycle 18161
2026-09-30T16:52:53Z [335,539ms] [Warning] [isaacsim.ros2.nodes] ROS2 TF aggregation contributor '/World/Nova_Carter_ROS/transform_tree_odometry/ros2_publish_raw_transform_tree' did not submit transforms for topic '/tf' on flush cycle 18161
2026-09-30T16:52:53Z [335,539ms] [Warning] [isaacsim.ros2.nodes] ROS2 TF aggregation contributor '/World/Nova_Carter_ROS/chassis_link/sensors/front_RPLidar/ROS_TF/PublisherTF' did not submit transforms for topic '/tf' on flush cycle 18161
2026-09-30T16:52:53Z [335,539ms] [Warning] [isaacsim.ros2.nodes] ROS2 TF aggregation contributor '/World/Nova_Carter_ROS/transform_tree_odometry/tf_tree_base_link_to_sensors' did not submit transforms for topic '/tf' on flush cycle 18161
2026-09-30T16:52:53Z [335,539ms] [Warning] [isaacsim.ros2.nodes] ROS2 TF aggregation contributor '/World/Nova_Carter_ROS/transform_tree_odometry/tf_tree_base_link_to_wheel_base' did not submit transforms for topic '/tf' on flush cycle 18161
2026-09-30T16:52:53Z [335,539ms] [Warning] [isaacsim.ros2.nodes] ROS2 TF aggregation contributor '/World/Nova_Carter_ROS/transform_tree_odometry/tf_tree_base_link_to_chassis' did not submit transforms for topic '/tf' on flush cycle 18161
2026-09-30T16:52:55Z [337,633ms] [Warning] [isaacsim.ros2.nodes] ROS2 TF aggregation contributor '/World/Nova_Carter_ROS/chassis_link/sensors/XT_32/ROS_TF/PublisherTF' did not submit transforms for topic '/tf' on flush cycle 18281
2026-09-30T16:52:55Z [337,633ms] [Warning] [isaacsim.ros2.nodes] ROS2 TF aggregation contributor '/World/Nova_Carter_ROS/chassis_link/sensors/rear_RPLidar/ROS_TF/PublisherTF' did not submit transforms for topic '/tf' on flush cycle 18281
2026-09-30T16:52:55Z [337,633ms] [Warning] [isaacsim.ros2.nodes] ROS2 TF aggregation contributor '/World/Nova_Carter_ROS/chassis_link/sensors/front_hawk/ROS_TF/PublisherTF' did not submit transforms for topic '/tf' on flush cycle 18281
2026-09-30T16:52:55Z [337,633ms] [Warning] [isaacsim.ros2.nodes] ROS2 TF aggregation contributor '/World/Nova_Carter_ROS/chassis_link/sensors/left_owl/ROS_TF/PublisherTF' did not submit transforms for topic '/tf' on flush cycle 18281
2026-09-30T16:52:55Z [337,633ms] [Warning] [isaacsim.ros2.nodes] ROS2 TF aggregation contributor '/World/Nova_Carter_ROS/chassis_link/sensors/front_owl/ROS_TF/PublisherTF' did not submit transforms for topic '/tf' on flush cycle 18281
2026-09-30T16:52:55Z [337,633ms] [Warning] [isaacsim.ros2.nodes] ROS2 TF aggregation contributor '/World/Nova_Carter_ROS/chassis_link/sensors/back_hawk/ROS_TF/PublisherTF' did not submit transforms for topic '/tf' on flush cycle 18281
2026-09-30T16:52:55Z [337,633ms] [Warning] [isaacsim.ros2.nodes] ROS2 TF aggregation contributor '/World/Nova_Carter_ROS/chassis_link/sensors/right_owl/ROS_TF/PublisherTF' did not submit transforms for topic '/tf' on flush cycle 18281
2026-09-30T16:52:55Z [337,633ms] [Warning] [isaacsim.ros2.nodes] ROS2 TF aggregation contributor '/World/Nova_Carter_ROS/chassis_link/sensors/right_hawk/ROS_TF/PublisherTF' did not submit transforms for topic '/tf' on flush cycle 18281
2026-09-30T16:52:55Z [337,633ms] [Warning] [isaacsim.ros2.nodes] ROS2 TF aggregation contributor '/World/Nova_Carter_ROS/chassis_link/sensors/left_hawk/ROS_TF/PublisherTF' did not submit transforms for topic '/tf' on flush cycle 18281
2026-09-30T16:52:55Z [337,633ms] [Warning] [isaacsim.ros2.nodes] ROS2 TF aggregation contributor '/World/Nova_Carter_ROS/chassis_link/sensors/back_owl/ROS_TF/PublisherTF' did not submit transforms for topic '/tf' on flush cycle 18281
2026-09-30T16:52:55Z [337,633ms] [Warning] [isaacsim.ros2.nodes] ROS2 TF aggregation contributor '/World/Nova_Carter_ROS/transform_tree_odometry/ros2_publish_raw_transform_tree' did not submit transforms for topic '/tf' on flush cycle 18281
2026-09-30T16:52:55Z [337,633ms] [Warning] [isaacsim.ros2.nodes] ROS2 TF aggregation contributor '/World/Nova_Carter_ROS/chassis_link/sensors/front_RPLidar/ROS_TF/PublisherTF' did not submit transforms for topic '/tf' on flush cycle 18281
2026-09-30T16:52:55Z [337,633ms] [Warning] [isaacsim.ros2.nodes] ROS2 TF aggregation contributor '/World/Nova_Carter_ROS/transform_tree_odometry/tf_tree_base_link_to_sensors' did not submit transforms for topic '/tf' on flush cycle 18281
2026-09-30T16:52:55Z [337,633ms] [Warning] [isaacsim.ros2.nodes] ROS2 TF aggregation contributor '/World/Nova_Carter_ROS/transform_tree_odometry/tf_tree_base_link_to_wheel_base' did not submit transforms for topic '/tf' on flush cycle 18281
2026-09-30T16:52:55Z [337,633ms] [Warning] [isaacsim.ros2.nodes] ROS2 TF aggregation contributor '/World/Nova_Carter_ROS/transform_tree_odometry/tf_tree_base_link_to_chassis' did not submit transforms for topic '/tf' on flush cycle 18281
2026-09-30T16:53:06Z [347,812ms] [Warning] [isaacsim.ros2.nodes] ROS2 TF aggregation contributor '/World/Nova_Carter_ROS/chassis_link/sensors/XT_32/ROS_TF/PublisherTF' did not submit transforms for topic '/tf' on flush cycle 18846
2026-09-30T16:53:06Z [347,812ms] [Warning] [isaacsim.ros2.nodes] ROS2 TF aggregation contributor '/World/Nova_Carter_ROS/chassis_link/sensors/rear_RPLidar/ROS_TF/PublisherTF' did not submit transforms for topic '/tf' on flush cycle 18846
2026-09-30T16:53:06Z [347,812ms] [Warning] [isaacsim.ros2.nodes] ROS2 TF aggregation contributor '/World/Nova_Carter_ROS/chassis_link/sensors/front_hawk/ROS_TF/PublisherTF' did not submit transforms for topic '/tf' on flush cycle 18846
2026-09-30T16:53:06Z [347,812ms] [Warning] [isaacsim.ros2.nodes] ROS2 TF aggregation contributor '/World/Nova_Carter_ROS/chassis_link/sensors/left_owl/ROS_TF/PublisherTF' did not submit transforms for topic '/tf' on flush cycle 18846
2026-09-30T16:53:06Z [347,812ms] [Warning] [isaacsim.ros2.nodes] ROS2 TF aggregation contributor '/World/Nova_Carter_ROS/chassis_link/sensors/front_owl/ROS_TF/PublisherTF' did not submit transforms for topic '/tf' on flush cycle 18846
2026-09-30T16:53:06Z [347,812ms] [Warning] [isaacsim.ros2.nodes] ROS2 TF aggregation contributor '/World/Nova_Carter_ROS/chassis_link/sensors/back_hawk/ROS_TF/PublisherTF' did not submit transforms for topic '/tf' on flush cycle 18846
2026-09-30T16:53:06Z [347,812ms] [Warning] [isaacsim.ros2.nodes] ROS2 TF aggregation contributor '/World/Nova_Carter_ROS/chassis_link/sensors/right_owl/ROS_TF/PublisherTF' did not submit transforms for topic '/tf' on flush cycle 18846
2026-09-30T16:53:06Z [347,812ms] [Warning] [isaacsim.ros2.nodes] ROS2 TF aggregation contributor '/World/Nova_Carter_ROS/chassis_link/sensors/right_hawk/ROS_TF/PublisherTF' did not submit transforms for topic '/tf' on flush cycle 18846
2026-09-30T16:53:06Z [347,812ms] [Warning] [isaacsim.ros2.nodes] ROS2 TF aggregation contributor '/World/Nova_Carter_ROS/chassis_link/sensors/left_hawk/ROS_TF/PublisherTF' did not submit transforms for topic '/tf' on flush cycle 18846
2026-09-30T16:53:06Z [347,812ms] [Warning] [isaacsim.ros2.nodes] ROS2 TF aggregation contributor '/World/Nova_Carter_ROS/chassis_link/sensors/back_owl/ROS_TF/PublisherTF' did not submit transforms for topic '/tf' on flush cycle 18846
2026-09-30T16:53:06Z [347,812ms] [Warning] [isaacsim.ros2.nodes] ROS2 TF aggregation contributor '/World/Nova_Carter_ROS/transform_tree_odometry/ros2_publish_raw_transform_tree' did not submit transforms for topic '/tf' on flush cycle 18846
2026-09-30T16:53:06Z [347,812ms] [Warning] [isaacsim.ros2.nodes] ROS2 TF aggregation contributor '/World/Nova_Carter_ROS/chassis_link/sensors/front_RPLidar/ROS_TF/PublisherTF' did not submit transforms for topic '/tf' on flush cycle 18846
2026-09-30T16:53:06Z [347,812ms] [Warning] [isaacsim.ros2.nodes] ROS2 TF aggregation contributor '/World/Nova_Carter_ROS/transform_tree_odometry/tf_tree_base_link_to_sensors' did not submit transforms for topic '/tf' on flush cycle 18846
2026-09-30T16:53:06Z [347,812ms] [Warning] [isaacsim.ros2.nodes] ROS2 TF aggregation contributor '/World/Nova_Carter_ROS/transform_tree_odometry/tf_tree_base_link_to_wheel_base' did not submit transforms for topic '/tf' on flush cycle 18846
2026-09-30T16:53:06Z [347,812ms] [Warning] [isaacsim.ros2.nodes] ROS2 TF aggregation contributor '/World/Nova_Carter_ROS/transform_tree_odometry/tf_tree_base_link_to_chassis' did not submit transforms for topic '/tf' on flush cycle 18846
2026-09-30T16:53:08Z [349,853ms] [Warning] [isaacsim.ros2.nodes] ROS2 TF aggregation contributor '/World/Nova_Carter_ROS/chassis_link/sensors/XT_32/ROS_TF/PublisherTF' did not submit transforms for topic '/tf' on flush cycle 18966
2026-09-30T16:53:08Z [349,853ms] [Warning] [isaacsim.ros2.nodes] ROS2 TF aggregation contributor '/World/Nova_Carter_ROS/chassis_link/sensors/rear_RPLidar/ROS_TF/PublisherTF' did not submit transforms for topic '/tf' on flush cycle 18966
2026-09-30T16:53:08Z [349,853ms] [Warning] [isaacsim.ros2.nodes] ROS2 TF aggregation contributor '/World/Nova_Carter_ROS/chassis_link/sensors/front_hawk/ROS_TF/PublisherTF' did not submit transforms for topic '/tf' on flush cycle 18966
2026-09-30T16:53:08Z [349,853ms] [Warning] [isaacsim.ros2.nodes] ROS2 TF aggregation contributor '/World/Nova_Carter_ROS/chassis_link/sensors/left_owl/ROS_TF/PublisherTF' did not submit transforms for topic '/tf' on flush cycle 18966
2026-09-30T16:53:08Z [349,853ms] [Warning] [isaacsim.ros2.nodes] ROS2 TF aggregation contributor '/World/Nova_Carter_ROS/chassis_link/sensors/front_owl/ROS_TF/PublisherTF' did not submit transforms for topic '/tf' on flush cycle 18966
2026-09-30T16:53:08Z [349,853ms] [Warning] [isaacsim.ros2.nodes] ROS2 TF aggregation contributor '/World/Nova_Carter_ROS/chassis_link/sensors/back_hawk/ROS_TF/PublisherTF' did not submit transforms for topic '/tf' on flush cycle 18966
2026-09-30T16:53:08Z [349,853ms] [Warning] [isaacsim.ros2.nodes] ROS2 TF aggregation contributor '/World/Nova_Carter_ROS/chassis_link/sensors/right_owl/ROS_TF/PublisherTF' did not submit transforms for topic '/tf' on flush cycle 18966
2026-09-30T16:53:08Z [349,853ms] [Warning] [isaacsim.ros2.nodes] ROS2 TF aggregation contributor '/World/Nova_Carter_ROS/chassis_link/sensors/right_hawk/ROS_TF/PublisherTF' did not submit transforms for topic '/tf' on flush cycle 18966
2026-09-30T16:53:08Z [349,853ms] [Warning] [isaacsim.ros2.nodes] ROS2 TF aggregation contributor '/World/Nova_Carter_ROS/chassis_link/sensors/left_hawk/ROS_TF/PublisherTF' did not submit transforms for topic '/tf' on flush cycle 18966
2026-09-30T16:53:08Z [349,853ms] [Warning] [isaacsim.ros2.nodes] ROS2 TF aggregation contributor '/World/Nova_Carter_ROS/chassis_link/sensors/back_owl/ROS_TF/PublisherTF' did not submit transforms for topic '/tf' on flush cycle 18966
2026-09-30T16:53:08Z [349,853ms] [Warning] [isaacsim.ros2.nodes] ROS2 TF aggregation contributor '/World/Nova_Carter_ROS/transform_tree_odometry/ros2_publish_raw_transform_tree' did not submit transforms for topic '/tf' on flush cycle 18966
2026-09-30T16:53:08Z [349,853ms] [Warning] [isaacsim.ros2.nodes] ROS2 TF aggregation contributor '/World/Nova_Carter_ROS/chassis_link/sensors/front_RPLidar/ROS_TF/PublisherTF' did not submit transforms for topic '/tf' on flush cycle 18966
2026-09-30T16:53:08Z [349,853ms] [Warning] [isaacsim.ros2.nodes] ROS2 TF aggregation contributor '/World/Nova_Carter_ROS/transform_tree_odometry/tf_tree_base_link_to_sensors' did not submit transforms for topic '/tf' on flush cycle 18966
2026-09-30T16:53:08Z [349,853ms] [Warning] [isaacsim.ros2.nodes] ROS2 TF aggregation contributor '/World/Nova_Carter_ROS/transform_tree_odometry/tf_tree_base_link_to_wheel_base' did not submit transforms for topic '/tf' on flush cycle 18966
2026-09-30T16:53:08Z [349,853ms] [Warning] [isaacsim.ros2.nodes] ROS2 TF aggregation contributor '/World/Nova_Carter_ROS/transform_tree_odometry/tf_tree_base_link_to_chassis' did not submit transforms for topic '/tf' on flush cycle 18966
2026-09-30T16:53:10Z [351,902ms] [Warning] [isaacsim.ros2.nodes] ROS2 TF aggregation contributor '/World/Nova_Carter_ROS/chassis_link/sensors/XT_32/ROS_TF/PublisherTF' did not submit transforms for topic '/tf' on flush cycle 19086
2026-09-30T16:53:10Z [351,902ms] [Warning] [isaacsim.ros2.nodes] ROS2 TF aggregation contributor '/World/Nova_Carter_ROS/chassis_link/sensors/rear_RPLidar/ROS_TF/PublisherTF' did not submit transforms for topic '/tf' on flush cycle 19086
2026-09-30T16:53:10Z [351,902ms] [Warning] [isaacsim.ros2.nodes] ROS2 TF aggregation contributor '/World/Nova_Carter_ROS/chassis_link/sensors/front_hawk/ROS_TF/PublisherTF' did not submit transforms for topic '/tf' on flush cycle 19086
2026-09-30T16:53:10Z [351,902ms] [Warning] [isaacsim.ros2.nodes] ROS2 TF aggregation contributor '/World/Nova_Carter_ROS/chassis_link/sensors/left_owl/ROS_TF/PublisherTF' did not submit transforms for topic '/tf' on flush cycle 19086
2026-09-30T16:53:10Z [351,902ms] [Warning] [isaacsim.ros2.nodes] ROS2 TF aggregation contributor '/World/Nova_Carter_ROS/chassis_link/sensors/front_owl/ROS_TF/PublisherTF' did not submit transforms for topic '/tf' on flush cycle 19086
2026-09-30T16:53:10Z [351,902ms] [Warning] [isaacsim.ros2.nodes] ROS2 TF aggregation contributor '/World/Nova_Carter_ROS/chassis_link/sensors/back_hawk/ROS_TF/PublisherTF' did not submit transforms for topic '/tf' on flush cycle 19086
2026-09-30T16:53:10Z [351,902ms] [Warning] [isaacsim.ros2.nodes] ROS2 TF aggregation contributor '/World/Nova_Carter_ROS/chassis_link/sensors/right_owl/ROS_TF/PublisherTF' did not submit transforms for topic '/tf' on flush cycle 19086
2026-09-30T16:53:10Z [351,902ms] [Warning] [isaacsim.ros2.nodes] ROS2 TF aggregation contributor '/World/Nova_Carter_ROS/chassis_link/sensors/right_hawk/ROS_TF/PublisherTF' did not submit transforms for topic '/tf' on flush cycle 19086
2026-09-30T16:53:10Z [351,902ms] [Warning] [isaacsim.ros2.nodes] ROS2 TF aggregation contributor '/World/Nova_Carter_ROS/chassis_link/sensors/left_hawk/ROS_TF/PublisherTF' did not submit transforms for topic '/tf' on flush cycle 19086
2026-09-30T16:53:10Z [351,902ms] [Warning] [isaacsim.ros2.nodes] ROS2 TF aggregation contributor '/World/Nova_Carter_ROS/chassis_link/sensors/back_owl/ROS_TF/PublisherTF' did not submit transforms for topic '/tf' on flush cycle 19086
2026-09-30T16:53:10Z [351,903ms] [Warning] [isaacsim.ros2.nodes] ROS2 TF aggregation contributor '/World/Nova_Carter_ROS/transform_tree_odometry/ros2_publish_raw_transform_tree' did not submit transforms for topic '/tf' on flush cycle 19086
2026-09-30T16:53:10Z [351,903ms] [Warning] [isaacsim.ros2.nodes] ROS2 TF aggregation contributor '/World/Nova_Carter_ROS/chassis_link/sensors/front_RPLidar/ROS_TF/PublisherTF' did not submit transforms for topic '/tf' on flush cycle 19086
2026-09-30T16:53:10Z [351,903ms] [Warning] [isaacsim.ros2.nodes] ROS2 TF aggregation contributor '/World/Nova_Carter_ROS/transform_tree_odometry/tf_tree_base_link_to_sensors' did not submit transforms for topic '/tf' on flush cycle 19086
2026-09-30T16:53:10Z [351,903ms] [Warning] [isaacsim.ros2.nodes] ROS2 TF aggregation contributor '/World/Nova_Carter_ROS/transform_tree_odometry/tf_tree_base_link_to_wheel_base' did not submit transforms for topic '/tf' on flush cycle 19086
2026-09-30T16:53:10Z [351,903ms] [Warning] [isaacsim.ros2.nodes] ROS2 TF aggregation contributor '/World/Nova_Carter_ROS/transform_tree_odometry/tf_tree_base_link_to_chassis' did not submit transforms for topic '/tf' on flush cycle 19086
2026-09-30T16:53:12Z [353,954ms] [Warning] [isaacsim.ros2.nodes] ROS2 TF aggregation contributor '/World/Nova_Carter_ROS/chassis_link/sensors/XT_32/ROS_TF/PublisherTF' did not submit transforms for topic '/tf' on flush cycle 19206
2026-09-30T16:53:12Z [353,954ms] [Warning] [isaacsim.ros2.nodes] ROS2 TF aggregation contributor '/World/Nova_Carter_ROS/chassis_link/sensors/rear_RPLidar/ROS_TF/PublisherTF' did not submit transforms for topic '/tf' on flush cycle 19206
2026-09-30T16:53:12Z [353,954ms] [Warning] [isaacsim.ros2.nodes] ROS2 TF aggregation contributor '/World/Nova_Carter_ROS/chassis_link/sensors/front_hawk/ROS_TF/PublisherTF' did not submit transforms for topic '/tf' on flush cycle 19206
2026-09-30T16:53:12Z [353,954ms] [Warning] [isaacsim.ros2.nodes] ROS2 TF aggregation contributor '/World/Nova_Carter_ROS/chassis_link/sensors/left_owl/ROS_TF/PublisherTF' did not submit transforms for topic '/tf' on flush cycle 19206
2026-09-30T16:53:12Z [353,954ms] [Warning] [isaacsim.ros2.nodes] ROS2 TF aggregation contributor '/World/Nova_Carter_ROS/chassis_link/sensors/front_owl/ROS_TF/PublisherTF' did not submit transforms for topic '/tf' on flush cycle 19206
2026-09-30T16:53:12Z [353,954ms] [Warning] [isaacsim.ros2.nodes] ROS2 TF aggregation contributor '/World/Nova_Carter_ROS/chassis_link/sensors/back_hawk/ROS_TF/PublisherTF' did not submit transforms for topic '/tf' on flush cycle 19206
2026-09-30T16:53:12Z [353,954ms] [Warning] [isaacsim.ros2.nodes] ROS2 TF aggregation contributor '/World/Nova_Carter_ROS/chassis_link/sensors/right_owl/ROS_TF/PublisherTF' did not submit transforms for topic '/tf' on flush cycle 19206
2026-09-30T16:53:12Z [353,954ms] [Warning] [isaacsim.ros2.nodes] ROS2 TF aggregation contributor '/World/Nova_Carter_ROS/chassis_link/sensors/right_hawk/ROS_TF/PublisherTF' did not submit transforms for topic '/tf' on flush cycle 19206
2026-09-30T16:53:12Z [353,954ms] [Warning] [isaacsim.ros2.nodes] ROS2 TF aggregation contributor '/World/Nova_Carter_ROS/chassis_link/sensors/left_hawk/ROS_TF/PublisherTF' did not submit transforms for topic '/tf' on flush cycle 19206
2026-09-30T16:53:12Z [353,954ms] [Warning] [isaacsim.ros2.nodes] ROS2 TF aggregation contributor '/World/Nova_Carter_ROS/chassis_link/sensors/back_owl/ROS_TF/PublisherTF' did not submit transforms for topic '/tf' on flush cycle 19206
2026-09-30T16:53:12Z [353,954ms] [Warning] [isaacsim.ros2.nodes] ROS2 TF aggregation contributor '/World/Nova_Carter_ROS/transform_tree_odometry/ros2_publish_raw_transform_tree' did not submit transforms for topic '/tf' on flush cycle 19206
2026-09-30T16:53:12Z [353,954ms] [Warning] [isaacsim.ros2.nodes] ROS2 TF aggregation contributor '/World/Nova_Carter_ROS/chassis_link/sensors/front_RPLidar/ROS_TF/PublisherTF' did not submit transforms for topic '/tf' on flush cycle 19206
2026-09-30T16:53:12Z [353,954ms] [Warning] [isaacsim.ros2.nodes] ROS2 TF aggregation contributor '/World/Nova_Carter_ROS/transform_tree_odometry/tf_tree_base_link_to_sensors' did not submit transforms for topic '/tf' on flush cycle 19206
2026-09-30T16:53:12Z [353,954ms] [Warning] [isaacsim.ros2.nodes] ROS2 TF aggregation contributor '/World/Nova_Carter_ROS/transform_tree_odometry/tf_tree_base_link_to_wheel_base' did not submit transforms for topic '/tf' on flush cycle 19206
2026-09-30T16:53:12Z [353,954ms] [Warning] [isaacsim.ros2.nodes] ROS2 TF aggregation contributor '/World/Nova_Carter_ROS/transform_tree_odometry/tf_tree_base_link_to_chassis' did not submit transforms for topic '/tf' on flush cycle 19206
2026-09-30T16:53:14Z [356,003ms] [Warning] [isaacsim.ros2.nodes] ROS2 TF aggregation contributor '/World/Nova_Carter_ROS/chassis_link/sensors/XT_32/ROS_TF/PublisherTF' did not submit transforms for topic '/tf' on flush cycle 19326
2026-09-30T16:53:14Z [356,003ms] [Warning] [isaacsim.ros2.nodes] ROS2 TF aggregation contributor '/World/Nova_Carter_ROS/chassis_link/sensors/rear_RPLidar/ROS_TF/PublisherTF' did not submit transforms for topic '/tf' on flush cycle 19326
2026-09-30T16:53:14Z [356,003ms] [Warning] [isaacsim.ros2.nodes] ROS2 TF aggregation contributor '/World/Nova_Carter_ROS/chassis_link/sensors/front_hawk/ROS_TF/PublisherTF' did not submit transforms for topic '/tf' on flush cycle 19326
2026-09-30T16:53:14Z [356,003ms] [Warning] [isaacsim.ros2.nodes] ROS2 TF aggregation contributor '/World/Nova_Carter_ROS/chassis_link/sensors/left_owl/ROS_TF/PublisherTF' did not submit transforms for topic '/tf' on flush cycle 19326
2026-09-30T16:53:14Z [356,003ms] [Warning] [isaacsim.ros2.nodes] ROS2 TF aggregation contributor '/World/Nova_Carter_ROS/chassis_link/sensors/front_owl/ROS_TF/PublisherTF' did not submit transforms for topic '/tf' on flush cycle 19326
2026-09-30T16:53:14Z [356,003ms] [Warning] [isaacsim.ros2.nodes] ROS2 TF aggregation contributor '/World/Nova_Carter_ROS/chassis_link/sensors/back_hawk/ROS_TF/PublisherTF' did not submit transforms for topic '/tf' on flush cycle 19326
2026-09-30T16:53:14Z [356,003ms] [Warning] [isaacsim.ros2.nodes] ROS2 TF aggregation contributor '/World/Nova_Carter_ROS/chassis_link/sensors/right_owl/ROS_TF/PublisherTF' did not submit transforms for topic '/tf' on flush cycle 19326
2026-09-30T16:53:14Z [356,003ms] [Warning] [isaacsim.ros2.nodes] ROS2 TF aggregation contributor '/World/Nova_Carter_ROS/chassis_link/sensors/right_hawk/ROS_TF/PublisherTF' did not submit transforms for topic '/tf' on flush cycle 19326
2026-09-30T16:53:14Z [356,003ms] [Warning] [isaacsim.ros2.nodes] ROS2 TF aggregation contributor '/World/Nova_Carter_ROS/chassis_link/sensors/left_hawk/ROS_TF/PublisherTF' did not submit transforms for topic '/tf' on flush cycle 19326
2026-09-30T16:53:14Z [356,004ms] [Warning] [isaacsim.ros2.nodes] ROS2 TF aggregation contributor '/World/Nova_Carter_ROS/chassis_link/sensors/back_owl/ROS_TF/PublisherTF' did not submit transforms for topic '/tf' on flush cycle 19326
2026-09-30T16:53:14Z [356,004ms] [Warning] [isaacsim.ros2.nodes] ROS2 TF aggregation contributor '/World/Nova_Carter_ROS/transform_tree_odometry/ros2_publish_raw_transform_tree' did not submit transforms for topic '/tf' on flush cycle 19326
2026-09-30T16:53:14Z [356,004ms] [Warning] [isaacsim.ros2.nodes] ROS2 TF aggregation contributor '/World/Nova_Carter_ROS/chassis_link/sensors/front_RPLidar/ROS_TF/PublisherTF' did not submit transforms for topic '/tf' on flush cycle 19326
2026-09-30T16:53:14Z [356,004ms] [Warning] [isaacsim.ros2.nodes] ROS2 TF aggregation contributor '/World/Nova_Carter_ROS/transform_tree_odometry/tf_tree_base_link_to_sensors' did not submit transforms for topic '/tf' on flush cycle 19326
2026-09-30T16:53:14Z [356,004ms] [Warning] [isaacsim.ros2.nodes] ROS2 TF aggregation contributor '/World/Nova_Carter_ROS/transform_tree_odometry/tf_tree_base_link_to_wheel_base' did not submit transforms for topic '/tf' on flush cycle 19326
2026-09-30T16:53:14Z [356,004ms] [Warning] [isaacsim.ros2.nodes] ROS2 TF aggregation contributor '/World/Nova_Carter_ROS/transform_tree_odometry/tf_tree_base_link_to_chassis' did not submit transforms for topic '/tf' on flush cycle 19326
2026-09-30T16:53:16Z [358,052ms] [Warning] [isaacsim.ros2.nodes] ROS2 TF aggregation contributor '/World/Nova_Carter_ROS/chassis_link/sensors/XT_32/ROS_TF/PublisherTF' did not submit transforms for topic '/tf' on flush cycle 19446
2026-09-30T16:53:16Z [358,052ms] [Warning] [isaacsim.ros2.nodes] ROS2 TF aggregation contributor '/World/Nova_Carter_ROS/chassis_link/sensors/rear_RPLidar/ROS_TF/PublisherTF' did not submit transforms for topic '/tf' on flush cycle 19446
2026-09-30T16:53:16Z [358,052ms] [Warning] [isaacsim.ros2.nodes] ROS2 TF aggregation contributor '/World/Nova_Carter_ROS/chassis_link/sensors/front_hawk/ROS_TF/PublisherTF' did not submit transforms for topic '/tf' on flush cycle 19446
2026-09-30T16:53:16Z [358,052ms] [Warning] [isaacsim.ros2.nodes] ROS2 TF aggregation contributor '/World/Nova_Carter_ROS/chassis_link/sensors/left_owl/ROS_TF/PublisherTF' did not submit transforms for topic '/tf' on flush cycle 19446
2026-09-30T16:53:16Z [358,052ms] [Warning] [isaacsim.ros2.nodes] ROS2 TF aggregation contributor '/World/Nova_Carter_ROS/chassis_link/sensors/front_owl/ROS_TF/PublisherTF' did not submit transforms for topic '/tf' on flush cycle 19446
2026-09-30T16:53:16Z [358,052ms] [Warning] [isaacsim.ros2.nodes] ROS2 TF aggregation contributor '/World/Nova_Carter_ROS/chassis_link/sensors/back_hawk/ROS_TF/PublisherTF' did not submit transforms for topic '/tf' on flush cycle 19446
2026-09-30T16:53:16Z [358,052ms] [Warning] [isaacsim.ros2.nodes] ROS2 TF aggregation contributor '/World/Nova_Carter_ROS/chassis_link/sensors/right_owl/ROS_TF/PublisherTF' did not submit transforms for topic '/tf' on flush cycle 19446
2026-09-30T16:53:16Z [358,052ms] [Warning] [isaacsim.ros2.nodes] ROS2 TF aggregation contributor '/World/Nova_Carter_ROS/chassis_link/sensors/right_hawk/ROS_TF/PublisherTF' did not submit transforms for topic '/tf' on flush cycle 19446
2026-09-30T16:53:16Z [358,052ms] [Warning] [isaacsim.ros2.nodes] ROS2 TF aggregation contributor '/World/Nova_Carter_ROS/chassis_link/sensors/left_hawk/ROS_TF/PublisherTF' did not submit transforms for topic '/tf' on flush cycle 19446
2026-09-30T16:53:16Z [358,052ms] [Warning] [isaacsim.ros2.nodes] ROS2 TF aggregation contributor '/World/Nova_Carter_ROS/chassis_link/sensors/back_owl/ROS_TF/PublisherTF' did not submit transforms for topic '/tf' on flush cycle 19446
2026-09-30T16:53:16Z [358,052ms] [Warning] [isaacsim.ros2.nodes] ROS2 TF aggregation contributor '/World/Nova_Carter_ROS/transform_tree_odometry/ros2_publish_raw_transform_tree' did not submit transforms for topic '/tf' on flush cycle 19446
2026-09-30T16:53:16Z [358,052ms] [Warning] [isaacsim.ros2.nodes] ROS2 TF aggregation contributor '/World/Nova_Carter_ROS/chassis_link/sensors/front_RPLidar/ROS_TF/PublisherTF' did not submit transforms for topic '/tf' on flush cycle 19446
2026-09-30T16:53:16Z [358,052ms] [Warning] [isaacsim.ros2.nodes] ROS2 TF aggregation contributor '/World/Nova_Carter_ROS/transform_tree_odometry/tf_tree_base_link_to_sensors' did not submit transforms for topic '/tf' on flush cycle 19446
2026-09-30T16:53:16Z [358,052ms] [Warning] [isaacsim.ros2.nodes] ROS2 TF aggregation contributor '/World/Nova_Carter_ROS/transform_tree_odometry/tf_tree_base_link_to_wheel_base' did not submit transforms for topic '/tf' on flush cycle 19446
2026-09-30T16:53:16Z [358,052ms] [Warning] [isaacsim.ros2.nodes] ROS2 TF aggregation contributor '/World/Nova_Carter_ROS/transform_tree_odometry/tf_tree_base_link_to_chassis' did not submit transforms for topic '/tf' on flush cycle 19446
2026-09-30T16:53:18Z [360,194ms] [Warning] [isaacsim.ros2.nodes] ROS2 TF aggregation contributor '/World/Nova_Carter_ROS/chassis_link/sensors/XT_32/ROS_TF/PublisherTF' did not submit transforms for topic '/tf' on flush cycle 19566
2026-09-30T16:53:18Z [360,194ms] [Warning] [isaacsim.ros2.nodes] ROS2 TF aggregation contributor '/World/Nova_Carter_ROS/chassis_link/sensors/rear_RPLidar/ROS_TF/PublisherTF' did not submit transforms for topic '/tf' on flush cycle 19566
2026-09-30T16:53:18Z [360,194ms] [Warning] [isaacsim.ros2.nodes] ROS2 TF aggregation contributor '/World/Nova_Carter_ROS/chassis_link/sensors/front_hawk/ROS_TF/PublisherTF' did not submit transforms for topic '/tf' on flush cycle 19566
2026-09-30T16:53:18Z [360,194ms] [Warning] [isaacsim.ros2.nodes] ROS2 TF aggregation contributor '/World/Nova_Carter_ROS/chassis_link/sensors/left_owl/ROS_TF/PublisherTF' did not submit transforms for topic '/tf' on flush cycle 19566
2026-09-30T16:53:18Z [360,194ms] [Warning] [isaacsim.ros2.nodes] ROS2 TF aggregation contributor '/World/Nova_Carter_ROS/chassis_link/sensors/front_owl/ROS_TF/PublisherTF' did not submit transforms for topic '/tf' on flush cycle 19566
2026-09-30T16:53:18Z [360,194ms] [Warning] [isaacsim.ros2.nodes] ROS2 TF aggregation contributor '/World/Nova_Carter_ROS/chassis_link/sensors/back_hawk/ROS_TF/PublisherTF' did not submit transforms for topic '/tf' on flush cycle 19566
2026-09-30T16:53:18Z [360,194ms] [Warning] [isaacsim.ros2.nodes] ROS2 TF aggregation contributor '/World/Nova_Carter_ROS/chassis_link/sensors/right_owl/ROS_TF/PublisherTF' did not submit transforms for topic '/tf' on flush cycle 19566
2026-09-30T16:53:18Z [360,194ms] [Warning] [isaacsim.ros2.nodes] ROS2 TF aggregation contributor '/World/Nova_Carter_ROS/chassis_link/sensors/right_hawk/ROS_TF/PublisherTF' did not submit transforms for topic '/tf' on flush cycle 19566
2026-09-30T16:53:18Z [360,194ms] [Warning] [isaacsim.ros2.nodes] ROS2 TF aggregation contributor '/World/Nova_Carter_ROS/chassis_link/sensors/left_hawk/ROS_TF/PublisherTF' did not submit transforms for topic '/tf' on flush cycle 19566
2026-09-30T16:53:18Z [360,194ms] [Warning] [isaacsim.ros2.nodes] ROS2 TF aggregation contributor '/World/Nova_Carter_ROS/chassis_link/sensors/back_owl/ROS_TF/PublisherTF' did not submit transforms for topic '/tf' on flush cycle 19566
2026-09-30T16:53:18Z [360,194ms] [Warning] [isaacsim.ros2.nodes] ROS2 TF aggregation contributor '/World/Nova_Carter_ROS/transform_tree_odometry/ros2_publish_raw_transform_tree' did not submit transforms for topic '/tf' on flush cycle 19566
2026-09-30T16:53:18Z [360,194ms] [Warning] [isaacsim.ros2.nodes] ROS2 TF aggregation contributor '/World/Nova_Carter_ROS/chassis_link/sensors/front_RPLidar/ROS_TF/PublisherTF' did not submit transforms for topic '/tf' on flush cycle 19566
2026-09-30T16:53:18Z [360,194ms] [Warning] [isaacsim.ros2.nodes] ROS2 TF aggregation contributor '/World/Nova_Carter_ROS/transform_tree_odometry/tf_tree_base_link_to_sensors' did not submit transforms for topic '/tf' on flush cycle 19566
2026-09-30T16:53:18Z [360,194ms] [Warning] [isaacsim.ros2.nodes] ROS2 TF aggregation contributor '/World/Nova_Carter_ROS/transform_tree_odometry/tf_tree_base_link_to_wheel_base' did not submit transforms for topic '/tf' on flush cycle 19566
2026-09-30T16:53:18Z [360,194ms] [Warning] [isaacsim.ros2.nodes] ROS2 TF aggregation contributor '/World/Nova_Carter_ROS/transform_tree_odometry/tf_tree_base_link_to_chassis' did not submit transforms for topic '/tf' on flush cycle 19566
2026-09-30T16:53:25Z [367,300ms] [Warning] [omni.graph.core.plugin] /World/Nova_Carter_ROS/differential_drive/differential_controller_01: [/World/Nova_Carter_ROS/differential_drive] Invalid deltaTime 0.000000, cannot check for acceleration limits, skipping current step
2026-09-30T16:53:28Z [370,376ms] [Warning] [isaacsim.ros2.nodes] ROS2 TF aggregation contributor '/World/Nova_Carter_ROS/chassis_link/sensors/XT_32/ROS_TF/PublisherTF' did not submit transforms for topic '/tf' on flush cycle 20111
2026-09-30T16:53:28Z [370,376ms] [Warning] [isaacsim.ros2.nodes] ROS2 TF aggregation contributor '/World/Nova_Carter_ROS/chassis_link/sensors/rear_RPLidar/ROS_TF/PublisherTF' did not submit transforms for topic '/tf' on flush cycle 20111
2026-09-30T16:53:28Z [370,376ms] [Warning] [isaacsim.ros2.nodes] ROS2 TF aggregation contributor '/World/Nova_Carter_ROS/chassis_link/sensors/front_hawk/ROS_TF/PublisherTF' did not submit transforms for topic '/tf' on flush cycle 20111
2026-09-30T16:53:28Z [370,376ms] [Warning] [isaacsim.ros2.nodes] ROS2 TF aggregation contributor '/World/Nova_Carter_ROS/chassis_link/sensors/left_owl/ROS_TF/PublisherTF' did not submit transforms for topic '/tf' on flush cycle 20111
2026-09-30T16:53:28Z [370,376ms] [Warning] [isaacsim.ros2.nodes] ROS2 TF aggregation contributor '/World/Nova_Carter_ROS/chassis_link/sensors/front_owl/ROS_TF/PublisherTF' did not submit transforms for topic '/tf' on flush cycle 20111
2026-09-30T16:53:28Z [370,376ms] [Warning] [isaacsim.ros2.nodes] ROS2 TF aggregation contributor '/World/Nova_Carter_ROS/chassis_link/sensors/back_hawk/ROS_TF/PublisherTF' did not submit transforms for topic '/tf' on flush cycle 20111
2026-09-30T16:53:28Z [370,376ms] [Warning] [isaacsim.ros2.nodes] ROS2 TF aggregation contributor '/World/Nova_Carter_ROS/chassis_link/sensors/right_owl/ROS_TF/PublisherTF' did not submit transforms for topic '/tf' on flush cycle 20111
2026-09-30T16:53:28Z [370,376ms] [Warning] [isaacsim.ros2.nodes] ROS2 TF aggregation contributor '/World/Nova_Carter_ROS/chassis_link/sensors/right_hawk/ROS_TF/PublisherTF' did not submit transforms for topic '/tf' on flush cycle 20111
2026-09-30T16:53:28Z [370,376ms] [Warning] [isaacsim.ros2.nodes] ROS2 TF aggregation contributor '/World/Nova_Carter_ROS/chassis_link/sensors/left_hawk/ROS_TF/PublisherTF' did not submit transforms for topic '/tf' on flush cycle 20111
2026-09-30T16:53:28Z [370,376ms] [Warning] [isaacsim.ros2.nodes] ROS2 TF aggregation contributor '/World/Nova_Carter_ROS/chassis_link/sensors/back_owl/ROS_TF/PublisherTF' did not submit transforms for topic '/tf' on flush cycle 20111
2026-09-30T16:53:28Z [370,376ms] [Warning] [isaacsim.ros2.nodes] ROS2 TF aggregation contributor '/World/Nova_Carter_ROS/transform_tree_odometry/ros2_publish_raw_transform_tree' did not submit transforms for topic '/tf' on flush cycle 20111
2026-09-30T16:53:28Z [370,376ms] [Warning] [isaacsim.ros2.nodes] ROS2 TF aggregation contributor '/World/Nova_Carter_ROS/chassis_link/sensors/front_RPLidar/ROS_TF/PublisherTF' did not submit transforms for topic '/tf' on flush cycle 20111
2026-09-30T16:53:28Z [370,376ms] [Warning] [isaacsim.ros2.nodes] ROS2 TF aggregation contributor '/World/Nova_Carter_ROS/transform_tree_odometry/tf_tree_base_link_to_sensors' did not submit transforms for topic '/tf' on flush cycle 20111
2026-09-30T16:53:28Z [370,376ms] [Warning] [isaacsim.ros2.nodes] ROS2 TF aggregation contributor '/World/Nova_Carter_ROS/transform_tree_odometry/tf_tree_base_link_to_wheel_base' did not submit transforms for topic '/tf' on flush cycle 20111
2026-09-30T16:53:28Z [370,376ms] [Warning] [isaacsim.ros2.nodes] ROS2 TF aggregation contributor '/World/Nova_Carter_ROS/transform_tree_odometry/tf_tree_base_link_to_chassis' did not submit transforms for topic '/tf' on flush cycle 20111
2026-09-30T16:53:30Z [372,461ms] [Warning] [isaacsim.ros2.nodes] ROS2 TF aggregation contributor '/World/Nova_Carter_ROS/chassis_link/sensors/XT_32/ROS_TF/PublisherTF' did not submit transforms for topic '/tf' on flush cycle 20231
2026-09-30T16:53:30Z [372,461ms] [Warning] [isaacsim.ros2.nodes] ROS2 TF aggregation contributor '/World/Nova_Carter_ROS/chassis_link/sensors/rear_RPLidar/ROS_TF/PublisherTF' did not submit transforms for topic '/tf' on flush cycle 20231
2026-09-30T16:53:30Z [372,461ms] [Warning] [isaacsim.ros2.nodes] ROS2 TF aggregation contributor '/World/Nova_Carter_ROS/chassis_link/sensors/front_hawk/ROS_TF/PublisherTF' did not submit transforms for topic '/tf' on flush cycle 20231
2026-09-30T16:53:30Z [372,461ms] [Warning] [isaacsim.ros2.nodes] ROS2 TF aggregation contributor '/World/Nova_Carter_ROS/chassis_link/sensors/left_owl/ROS_TF/PublisherTF' did not submit transforms for topic '/tf' on flush cycle 20231
2026-09-30T16:53:30Z [372,461ms] [Warning] [isaacsim.ros2.nodes] ROS2 TF aggregation contributor '/World/Nova_Carter_ROS/chassis_link/sensors/front_owl/ROS_TF/PublisherTF' did not submit transforms for topic '/tf' on flush cycle 20231
2026-09-30T16:53:30Z [372,461ms] [Warning] [isaacsim.ros2.nodes] ROS2 TF aggregation contributor '/World/Nova_Carter_ROS/chassis_link/sensors/back_hawk/ROS_TF/PublisherTF' did not submit transforms for topic '/tf' on flush cycle 20231
2026-09-30T16:53:30Z [372,461ms] [Warning] [isaacsim.ros2.nodes] ROS2 TF aggregation contributor '/World/Nova_Carter_ROS/chassis_link/sensors/right_owl/ROS_TF/PublisherTF' did not submit transforms for topic '/tf' on flush cycle 20231
2026-09-30T16:53:30Z [372,461ms] [Warning] [isaacsim.ros2.nodes] ROS2 TF aggregation contributor '/World/Nova_Carter_ROS/chassis_link/sensors/right_hawk/ROS_TF/PublisherTF' did not submit transforms for topic '/tf' on flush cycle 20231
2026-09-30T16:53:30Z [372,461ms] [Warning] [isaacsim.ros2.nodes] ROS2 TF aggregation contributor '/World/Nova_Carter_ROS/chassis_link/sensors/left_hawk/ROS_TF/PublisherTF' did not submit transforms for topic '/tf' on flush cycle 20231
2026-09-30T16:53:30Z [372,461ms] [Warning] [isaacsim.ros2.nodes] ROS2 TF aggregation contributor '/World/Nova_Carter_ROS/chassis_link/sensors/back_owl/ROS_TF/PublisherTF' did not submit transforms for topic '/tf' on flush cycle 20231
2026-09-30T16:53:30Z [372,461ms] [Warning] [isaacsim.ros2.nodes] ROS2 TF aggregation contributor '/World/Nova_Carter_ROS/transform_tree_odometry/ros2_publish_raw_transform_tree' did not submit transforms for topic '/tf' on flush cycle 20231
2026-09-30T16:53:30Z [372,461ms] [Warning] [isaacsim.ros2.nodes] ROS2 TF aggregation contributor '/World/Nova_Carter_ROS/chassis_link/sensors/front_RPLidar/ROS_TF/PublisherTF' did not submit transforms for topic '/tf' on flush cycle 20231
2026-09-30T16:53:30Z [372,461ms] [Warning] [isaacsim.ros2.nodes] ROS2 TF aggregation contributor '/World/Nova_Carter_ROS/transform_tree_odometry/tf_tree_base_link_to_sensors' did not submit transforms for topic '/tf' on flush cycle 20231
2026-09-30T16:53:30Z [372,461ms] [Warning] [isaacsim.ros2.nodes] ROS2 TF aggregation contributor '/World/Nova_Carter_ROS/transform_tree_odometry/tf_tree_base_link_to_wheel_base' did not submit transforms for topic '/tf' on flush cycle 20231
2026-09-30T16:53:30Z [372,461ms] [Warning] [isaacsim.ros2.nodes] ROS2 TF aggregation contributor '/World/Nova_Carter_ROS/transform_tree_odometry/tf_tree_base_link_to_chassis' did not submit transforms for topic '/tf' on flush cycle 20231
2026-09-30T16:53:32Z [374,502ms] [Warning] [isaacsim.ros2.nodes] ROS2 TF aggregation contributor '/World/Nova_Carter_ROS/chassis_link/sensors/XT_32/ROS_TF/PublisherTF' did not submit transforms for topic '/tf' on flush cycle 20351
2026-09-30T16:53:32Z [374,502ms] [Warning] [isaacsim.ros2.nodes] ROS2 TF aggregation contributor '/World/Nova_Carter_ROS/chassis_link/sensors/rear_RPLidar/ROS_TF/PublisherTF' did not submit transforms for topic '/tf' on flush cycle 20351
2026-09-30T16:53:32Z [374,502ms] [Warning] [isaacsim.ros2.nodes] ROS2 TF aggregation contributor '/World/Nova_Carter_ROS/chassis_link/sensors/front_hawk/ROS_TF/PublisherTF' did not submit transforms for topic '/tf' on flush cycle 20351
2026-09-30T16:53:32Z [374,502ms] [Warning] [isaacsim.ros2.nodes] ROS2 TF aggregation contributor '/World/Nova_Carter_ROS/chassis_link/sensors/left_owl/ROS_TF/PublisherTF' did not submit transforms for topic '/tf' on flush cycle 20351
2026-09-30T16:53:32Z [374,502ms] [Warning] [isaacsim.ros2.nodes] ROS2 TF aggregation contributor '/World/Nova_Carter_ROS/chassis_link/sensors/front_owl/ROS_TF/PublisherTF' did not submit transforms for topic '/tf' on flush cycle 20351
2026-09-30T16:53:32Z [374,502ms] [Warning] [isaacsim.ros2.nodes] ROS2 TF aggregation contributor '/World/Nova_Carter_ROS/chassis_link/sensors/back_hawk/ROS_TF/PublisherTF' did not submit transforms for topic '/tf' on flush cycle 20351
2026-09-30T16:53:32Z [374,502ms] [Warning] [isaacsim.ros2.nodes] ROS2 TF aggregation contributor '/World/Nova_Carter_ROS/chassis_link/sensors/right_owl/ROS_TF/PublisherTF' did not submit transforms for topic '/tf' on flush cycle 20351
2026-09-30T16:53:32Z [374,502ms] [Warning] [isaacsim.ros2.nodes] ROS2 TF aggregation contributor '/World/Nova_Carter_ROS/chassis_link/sensors/right_hawk/ROS_TF/PublisherTF' did not submit transforms for topic '/tf' on flush cycle 20351
2026-09-30T16:53:32Z [374,502ms] [Warning] [isaacsim.ros2.nodes] ROS2 TF aggregation contributor '/World/Nova_Carter_ROS/chassis_link/sensors/left_hawk/ROS_TF/PublisherTF' did not submit transforms for topic '/tf' on flush cycle 20351
2026-09-30T16:53:32Z [374,502ms] [Warning] [isaacsim.ros2.nodes] ROS2 TF aggregation contributor '/World/Nova_Carter_ROS/chassis_link/sensors/back_owl/ROS_TF/PublisherTF' did not submit transforms for topic '/tf' on flush cycle 20351
2026-09-30T16:53:32Z [374,502ms] [Warning] [isaacsim.ros2.nodes] ROS2 TF aggregation contributor '/World/Nova_Carter_ROS/transform_tree_odometry/ros2_publish_raw_transform_tree' did not submit transforms for topic '/tf' on flush cycle 20351
2026-09-30T16:53:32Z [374,502ms] [Warning] [isaacsim.ros2.nodes] ROS2 TF aggregation contributor '/World/Nova_Carter_ROS/chassis_link/sensors/front_RPLidar/ROS_TF/PublisherTF' did not submit transforms for topic '/tf' on flush cycle 20351
2026-09-30T16:53:32Z [374,502ms] [Warning] [isaacsim.ros2.nodes] ROS2 TF aggregation contributor '/World/Nova_Carter_ROS/transform_tree_odometry/tf_tree_base_link_to_sensors' did not submit transforms for topic '/tf' on flush cycle 20351
2026-09-30T16:53:32Z [374,502ms] [Warning] [isaacsim.ros2.nodes] ROS2 TF aggregation contributor '/World/Nova_Carter_ROS/transform_tree_odometry/tf_tree_base_link_to_wheel_base' did not submit transforms for topic '/tf' on flush cycle 20351
2026-09-30T16:53:32Z [374,502ms] [Warning] [isaacsim.ros2.nodes] ROS2 TF aggregation contributor '/World/Nova_Carter_ROS/transform_tree_odometry/tf_tree_base_link_to_chassis' did not submit transforms for topic '/tf' on flush cycle 20351
2026-09-30T16:53:34Z [376,545ms] [Warning] [isaacsim.ros2.nodes] ROS2 TF aggregation contributor '/World/Nova_Carter_ROS/chassis_link/sensors/XT_32/ROS_TF/PublisherTF' did not submit transforms for topic '/tf' on flush cycle 20471
2026-09-30T16:53:34Z [376,545ms] [Warning] [isaacsim.ros2.nodes] ROS2 TF aggregation contributor '/World/Nova_Carter_ROS/chassis_link/sensors/rear_RPLidar/ROS_TF/PublisherTF' did not submit transforms for topic '/tf' on flush cycle 20471
2026-09-30T16:53:34Z [376,545ms] [Warning] [isaacsim.ros2.nodes] ROS2 TF aggregation contributor '/World/Nova_Carter_ROS/chassis_link/sensors/front_hawk/ROS_TF/PublisherTF' did not submit transforms for topic '/tf' on flush cycle 20471
2026-09-30T16:53:34Z [376,545ms] [Warning] [isaacsim.ros2.nodes] ROS2 TF aggregation contributor '/World/Nova_Carter_ROS/chassis_link/sensors/left_owl/ROS_TF/PublisherTF' did not submit transforms for topic '/tf' on flush cycle 20471
2026-09-30T16:53:34Z [376,545ms] [Warning] [isaacsim.ros2.nodes] ROS2 TF aggregation contributor '/World/Nova_Carter_ROS/chassis_link/sensors/front_owl/ROS_TF/PublisherTF' did not submit transforms for topic '/tf' on flush cycle 20471
2026-09-30T16:53:34Z [376,545ms] [Warning] [isaacsim.ros2.nodes] ROS2 TF aggregation contributor '/World/Nova_Carter_ROS/chassis_link/sensors/back_hawk/ROS_TF/PublisherTF' did not submit transforms for topic '/tf' on flush cycle 20471
2026-09-30T16:53:34Z [376,545ms] [Warning] [isaacsim.ros2.nodes] ROS2 TF aggregation contributor '/World/Nova_Carter_ROS/chassis_link/sensors/right_owl/ROS_TF/PublisherTF' did not submit transforms for topic '/tf' on flush cycle 20471
2026-09-30T16:53:34Z [376,545ms] [Warning] [isaacsim.ros2.nodes] ROS2 TF aggregation contributor '/World/Nova_Carter_ROS/chassis_link/sensors/right_hawk/ROS_TF/PublisherTF' did not submit transforms for topic '/tf' on flush cycle 20471
2026-09-30T16:53:34Z [376,545ms] [Warning] [isaacsim.ros2.nodes] ROS2 TF aggregation contributor '/World/Nova_Carter_ROS/chassis_link/sensors/left_hawk/ROS_TF/PublisherTF' did not submit transforms for topic '/tf' on flush cycle 20471
2026-09-30T16:53:34Z [376,546ms] [Warning] [isaacsim.ros2.nodes] ROS2 TF aggregation contributor '/World/Nova_Carter_ROS/chassis_link/sensors/back_owl/ROS_TF/PublisherTF' did not submit transforms for topic '/tf' on flush cycle 20471
2026-09-30T16:53:34Z [376,546ms] [Warning] [isaacsim.ros2.nodes] ROS2 TF aggregation contributor '/World/Nova_Carter_ROS/transform_tree_odometry/ros2_publish_raw_transform_tree' did not submit transforms for topic '/tf' on flush cycle 20471
2026-09-30T16:53:34Z [376,546ms] [Warning] [isaacsim.ros2.nodes] ROS2 TF aggregation contributor '/World/Nova_Carter_ROS/chassis_link/sensors/front_RPLidar/ROS_TF/PublisherTF' did not submit transforms for topic '/tf' on flush cycle 20471
2026-09-30T16:53:34Z [376,546ms] [Warning] [isaacsim.ros2.nodes] ROS2 TF aggregation contributor '/World/Nova_Carter_ROS/transform_tree_odometry/tf_tree_base_link_to_sensors' did not submit transforms for topic '/tf' on flush cycle 20471
2026-09-30T16:53:34Z [376,546ms] [Warning] [isaacsim.ros2.nodes] ROS2 TF aggregation contributor '/World/Nova_Carter_ROS/transform_tree_odometry/tf_tree_base_link_to_wheel_base' did not submit transforms for topic '/tf' on flush cycle 20471
2026-09-30T16:53:34Z [376,546ms] [Warning] [isaacsim.ros2.nodes] ROS2 TF aggregation contributor '/World/Nova_Carter_ROS/transform_tree_odometry/tf_tree_base_link_to_chassis' did not submit transforms for topic '/tf' on flush cycle 20471
2026-09-30T16:53:36Z [378,593ms] [Warning] [isaacsim.ros2.nodes] ROS2 TF aggregation contributor '/World/Nova_Carter_ROS/chassis_link/sensors/XT_32/ROS_TF/PublisherTF' did not submit transforms for topic '/tf' on flush cycle 20591
2026-09-30T16:53:36Z [378,593ms] [Warning] [isaacsim.ros2.nodes] ROS2 TF aggregation contributor '/World/Nova_Carter_ROS/chassis_link/sensors/rear_RPLidar/ROS_TF/PublisherTF' did not submit transforms for topic '/tf' on flush cycle 20591
2026-09-30T16:53:36Z [378,593ms] [Warning] [isaacsim.ros2.nodes] ROS2 TF aggregation contributor '/World/Nova_Carter_ROS/chassis_link/sensors/front_hawk/ROS_TF/PublisherTF' did not submit transforms for topic '/tf' on flush cycle 20591
2026-09-30T16:53:36Z [378,593ms] [Warning] [isaacsim.ros2.nodes] ROS2 TF aggregation contributor '/World/Nova_Carter_ROS/chassis_link/sensors/left_owl/ROS_TF/PublisherTF' did not submit transforms for topic '/tf' on flush cycle 20591
2026-09-30T16:53:36Z [378,593ms] [Warning] [isaacsim.ros2.nodes] ROS2 TF aggregation contributor '/World/Nova_Carter_ROS/chassis_link/sensors/front_owl/ROS_TF/PublisherTF' did not submit transforms for topic '/tf' on flush cycle 20591
2026-09-30T16:53:36Z [378,593ms] [Warning] [isaacsim.ros2.nodes] ROS2 TF aggregation contributor '/World/Nova_Carter_ROS/chassis_link/sensors/back_hawk/ROS_TF/PublisherTF' did not submit transforms for topic '/tf' on flush cycle 20591
2026-09-30T16:53:36Z [378,593ms] [Warning] [isaacsim.ros2.nodes] ROS2 TF aggregation contributor '/World/Nova_Carter_ROS/chassis_link/sensors/right_owl/ROS_TF/PublisherTF' did not submit transforms for topic '/tf' on flush cycle 20591
2026-09-30T16:53:36Z [378,593ms] [Warning] [isaacsim.ros2.nodes] ROS2 TF aggregation contributor '/World/Nova_Carter_ROS/chassis_link/sensors/right_hawk/ROS_TF/PublisherTF' did not submit transforms for topic '/tf' on flush cycle 20591
2026-09-30T16:53:36Z [378,593ms] [Warning] [isaacsim.ros2.nodes] ROS2 TF aggregation contributor '/World/Nova_Carter_ROS/chassis_link/sensors/left_hawk/ROS_TF/PublisherTF' did not submit transforms for topic '/tf' on flush cycle 20591
2026-09-30T16:53:36Z [378,593ms] [Warning] [isaacsim.ros2.nodes] ROS2 TF aggregation contributor '/World/Nova_Carter_ROS/chassis_link/sensors/back_owl/ROS_TF/PublisherTF' did not submit transforms for topic '/tf' on flush cycle 20591
2026-09-30T16:53:36Z [378,593ms] [Warning] [isaacsim.ros2.nodes] ROS2 TF aggregation contributor '/World/Nova_Carter_ROS/transform_tree_odometry/ros2_publish_raw_transform_tree' did not submit transforms for topic '/tf' on flush cycle 20591
2026-09-30T16:53:36Z [378,593ms] [Warning] [isaacsim.ros2.nodes] ROS2 TF aggregation contributor '/World/Nova_Carter_ROS/chassis_link/sensors/front_RPLidar/ROS_TF/PublisherTF' did not submit transforms for topic '/tf' on flush cycle 20591
2026-09-30T16:53:36Z [378,593ms] [Warning] [isaacsim.ros2.nodes] ROS2 TF aggregation contributor '/World/Nova_Carter_ROS/transform_tree_odometry/tf_tree_base_link_to_sensors' did not submit transforms for topic '/tf' on flush cycle 20591
2026-09-30T16:53:36Z [378,593ms] [Warning] [isaacsim.ros2.nodes] ROS2 TF aggregation contributor '/World/Nova_Carter_ROS/transform_tree_odometry/tf_tree_base_link_to_wheel_base' did not submit transforms for topic '/tf' on flush cycle 20591
2026-09-30T16:53:36Z [378,593ms] [Warning] [isaacsim.ros2.nodes] ROS2 TF aggregation contributor '/World/Nova_Carter_ROS/transform_tree_odometry/tf_tree_base_link_to_chassis' did not submit transforms for topic '/tf' on flush cycle 20591
2026-09-30T16:53:38Z [380,640ms] [Warning] [isaacsim.ros2.nodes] ROS2 TF aggregation contributor '/World/Nova_Carter_ROS/chassis_link/sensors/XT_32/ROS_TF/PublisherTF' did not submit transforms for topic '/tf' on flush cycle 20711
2026-09-30T16:53:38Z [380,640ms] [Warning] [isaacsim.ros2.nodes] ROS2 TF aggregation contributor '/World/Nova_Carter_ROS/chassis_link/sensors/rear_RPLidar/ROS_TF/PublisherTF' did not submit transforms for topic '/tf' on flush cycle 20711
2026-09-30T16:53:38Z [380,640ms] [Warning] [isaacsim.ros2.nodes] ROS2 TF aggregation contributor '/World/Nova_Carter_ROS/chassis_link/sensors/front_hawk/ROS_TF/PublisherTF' did not submit transforms for topic '/tf' on flush cycle 20711
2026-09-30T16:53:38Z [380,640ms] [Warning] [isaacsim.ros2.nodes] ROS2 TF aggregation contributor '/World/Nova_Carter_ROS/chassis_link/sensors/left_owl/ROS_TF/PublisherTF' did not submit transforms for topic '/tf' on flush cycle 20711
2026-09-30T16:53:38Z [380,640ms] [Warning] [isaacsim.ros2.nodes] ROS2 TF aggregation contributor '/World/Nova_Carter_ROS/chassis_link/sensors/front_owl/ROS_TF/PublisherTF' did not submit transforms for topic '/tf' on flush cycle 20711
2026-09-30T16:53:38Z [380,640ms] [Warning] [isaacsim.ros2.nodes] ROS2 TF aggregation contributor '/World/Nova_Carter_ROS/chassis_link/sensors/back_hawk/ROS_TF/PublisherTF' did not submit transforms for topic '/tf' on flush cycle 20711
2026-09-30T16:53:38Z [380,640ms] [Warning] [isaacsim.ros2.nodes] ROS2 TF aggregation contributor '/World/Nova_Carter_ROS/chassis_link/sensors/right_owl/ROS_TF/PublisherTF' did not submit transforms for topic '/tf' on flush cycle 20711
2026-09-30T16:53:38Z [380,640ms] [Warning] [isaacsim.ros2.nodes] ROS2 TF aggregation contributor '/World/Nova_Carter_ROS/chassis_link/sensors/right_hawk/ROS_TF/PublisherTF' did not submit transforms for topic '/tf' on flush cycle 20711
2026-09-30T16:53:38Z [380,640ms] [Warning] [isaacsim.ros2.nodes] ROS2 TF aggregation contributor '/World/Nova_Carter_ROS/chassis_link/sensors/left_hawk/ROS_TF/PublisherTF' did not submit transforms for topic '/tf' on flush cycle 20711
2026-09-30T16:53:38Z [380,640ms] [Warning] [isaacsim.ros2.nodes] ROS2 TF aggregation contributor '/World/Nova_Carter_ROS/chassis_link/sensors/back_owl/ROS_TF/PublisherTF' did not submit transforms for topic '/tf' on flush cycle 20711
2026-09-30T16:53:38Z [380,640ms] [Warning] [isaacsim.ros2.nodes] ROS2 TF aggregation contributor '/World/Nova_Carter_ROS/transform_tree_odometry/ros2_publish_raw_transform_tree' did not submit transforms for topic '/tf' on flush cycle 20711
2026-09-30T16:53:38Z [380,640ms] [Warning] [isaacsim.ros2.nodes] ROS2 TF aggregation contributor '/World/Nova_Carter_ROS/chassis_link/sensors/front_RPLidar/ROS_TF/PublisherTF' did not submit transforms for topic '/tf' on flush cycle 20711
2026-09-30T16:53:38Z [380,640ms] [Warning] [isaacsim.ros2.nodes] ROS2 TF aggregation contributor '/World/Nova_Carter_ROS/transform_tree_odometry/tf_tree_base_link_to_sensors' did not submit transforms for topic '/tf' on flush cycle 20711
2026-09-30T16:53:38Z [380,640ms] [Warning] [isaacsim.ros2.nodes] ROS2 TF aggregation contributor '/World/Nova_Carter_ROS/transform_tree_odometry/tf_tree_base_link_to_wheel_base' did not submit transforms for topic '/tf' on flush cycle 20711
2026-09-30T16:53:38Z [380,640ms] [Warning] [isaacsim.ros2.nodes] ROS2 TF aggregation contributor '/World/Nova_Carter_ROS/transform_tree_odometry/tf_tree_base_link_to_chassis' did not submit transforms for topic '/tf' on flush cycle 20711
2026-09-30T16:53:40Z [382,690ms] [Warning] [isaacsim.ros2.nodes] ROS2 TF aggregation contributor '/World/Nova_Carter_ROS/chassis_link/sensors/XT_32/ROS_TF/PublisherTF' did not submit transforms for topic '/tf' on flush cycle 20831
2026-09-30T16:53:40Z [382,690ms] [Warning] [isaacsim.ros2.nodes] ROS2 TF aggregation contributor '/World/Nova_Carter_ROS/chassis_link/sensors/rear_RPLidar/ROS_TF/PublisherTF' did not submit transforms for topic '/tf' on flush cycle 20831
2026-09-30T16:53:40Z [382,690ms] [Warning] [isaacsim.ros2.nodes] ROS2 TF aggregation contributor '/World/Nova_Carter_ROS/chassis_link/sensors/front_hawk/ROS_TF/PublisherTF' did not submit transforms for topic '/tf' on flush cycle 20831
2026-09-30T16:53:40Z [382,690ms] [Warning] [isaacsim.ros2.nodes] ROS2 TF aggregation contributor '/World/Nova_Carter_ROS/chassis_link/sensors/left_owl/ROS_TF/PublisherTF' did not submit transforms for topic '/tf' on flush cycle 20831
2026-09-30T16:53:40Z [382,690ms] [Warning] [isaacsim.ros2.nodes] ROS2 TF aggregation contributor '/World/Nova_Carter_ROS/chassis_link/sensors/front_owl/ROS_TF/PublisherTF' did not submit transforms for topic '/tf' on flush cycle 20831
2026-09-30T16:53:40Z [382,690ms] [Warning] [isaacsim.ros2.nodes] ROS2 TF aggregation contributor '/World/Nova_Carter_ROS/chassis_link/sensors/back_hawk/ROS_TF/PublisherTF' did not submit transforms for topic '/tf' on flush cycle 20831
2026-09-30T16:53:40Z [382,690ms] [Warning] [isaacsim.ros2.nodes] ROS2 TF aggregation contributor '/World/Nova_Carter_ROS/chassis_link/sensors/right_owl/ROS_TF/PublisherTF' did not submit transforms for topic '/tf' on flush cycle 20831
2026-09-30T16:53:40Z [382,690ms] [Warning] [isaacsim.ros2.nodes] ROS2 TF aggregation contributor '/World/Nova_Carter_ROS/chassis_link/sensors/right_hawk/ROS_TF/PublisherTF' did not submit transforms for topic '/tf' on flush cycle 20831
2026-09-30T16:53:40Z [382,690ms] [Warning] [isaacsim.ros2.nodes] ROS2 TF aggregation contributor '/World/Nova_Carter_ROS/chassis_link/sensors/left_hawk/ROS_TF/PublisherTF' did not submit transforms for topic '/tf' on flush cycle 20831
2026-09-30T16:53:40Z [382,690ms] [Warning] [isaacsim.ros2.nodes] ROS2 TF aggregation contributor '/World/Nova_Carter_ROS/chassis_link/sensors/back_owl/ROS_TF/PublisherTF' did not submit transforms for topic '/tf' on flush cycle 20831
2026-09-30T16:53:40Z [382,690ms] [Warning] [isaacsim.ros2.nodes] ROS2 TF aggregation contributor '/World/Nova_Carter_ROS/transform_tree_odometry/ros2_publish_raw_transform_tree' did not submit transforms for topic '/tf' on flush cycle 20831
2026-09-30T16:53:40Z [382,690ms] [Warning] [isaacsim.ros2.nodes] ROS2 TF aggregation contributor '/World/Nova_Carter_ROS/chassis_link/sensors/front_RPLidar/ROS_TF/PublisherTF' did not submit transforms for topic '/tf' on flush cycle 20831
2026-09-30T16:53:40Z [382,690ms] [Warning] [isaacsim.ros2.nodes] ROS2 TF aggregation contributor '/World/Nova_Carter_ROS/transform_tree_odometry/tf_tree_base_link_to_sensors' did not submit transforms for topic '/tf' on flush cycle 20831
2026-09-30T16:53:40Z [382,690ms] [Warning] [isaacsim.ros2.nodes] ROS2 TF aggregation contributor '/World/Nova_Carter_ROS/transform_tree_odometry/tf_tree_base_link_to_wheel_base' did not submit transforms for topic '/tf' on flush cycle 20831
2026-09-30T16:53:40Z [382,690ms] [Warning] [isaacsim.ros2.nodes] ROS2 TF aggregation contributor '/World/Nova_Carter_ROS/transform_tree_odometry/tf_tree_base_link_to_chassis' did not submit transforms for topic '/tf' on flush cycle 20831
