"ADAPTIVE_THRESHOLD_SIGMA","ESTIMATED_OBSERVATION_RADIUS","ESTIMATED_SENSOR_MAX_RANGE","ICP_ITERATION","INSTANTANEOUS_OBSERVATION_RADIUS","INSTANTANEOUS_SENSOR_MAX_RANGE","SENSOR_TIME_OFFSET","current_relative_timestamp","icp_iterations","icp_quality","robot_pitch","robot_roll","robot_x","robot_y","robot_yaw","robot_z","time_onLidar","timestamp","twistCorrectionCount","vx","vy","vz","wx","wy","wz",
0.200000,25.141832,25.141832,0.000000,20.000000,20.000000,0.000000,0.000000,0.000000,0.000000,0.000000,0.000000,0.000000,0.000000,0.000000,0.000000,0.000000,12.200000,0.000000,0.000000,0.000000,0.000000,0.000000,0.000000,0.000000,
0.200000,25.141458,25.141458,0.000000,25.134352,25.134352,0.000000,0.100000,0.000000,0.982800,-0.000038,0.000040,0.000292,0.000294,-0.000060,-0.000072,0.010537,12.300000,0.000000,0.000000,0.000000,0.000000,0.000000,0.000000,0.000000,
0.197500,25.141217,25.141217,0.000000,25.136627,25.136627,0.000000,0.200000,0.000000,0.998000,-0.000038,0.000040,0.000292,0.000294,-0.000060,-0.000072,0.011303,12.400000,0.000000,0.000000,0.000000,0.000000,0.000000,0.000000,0.000000,
0.195000,25.140962,25.140962,1.000000,25.136116,25.136116,0.000000,0.300000,1.000000,0.998400,-0.000000,0.000026,0.000306,0.000073,-0.000042,0.000083,0.012813,12.500000,0.000000,0.000000,0.000000,0.000000,0.000000,0.000000,0.000000,
0.192500,25.140020,25.140020,0.000000,25.122126,25.122126,0.000000,0.400000,0.000000,0.998400,0.000160,0.000001,-0.000214,0.000040,-0.000026,0.001056,0.008999,12.600000,0.000000,0.000000,0.000000,0.000000,0.000000,0.000000,0.000000,
0.190000,25.139569,25.139569,0.000000,25.130993,25.130993,0.000000,0.700000,0.000000,0.996800,-0.000021,0.000012,0.000428,0.000105,-0.000027,-0.000031,0.007078,12.900000,0.000000,0.000000,0.000000,0.000000,0.000000,0.000000,0.000000,
0.187500,25.138546,25.138546,1.000000,25.119123,25.119123,0.000000,0.800000,1.000000,0.997600,0.000036,0.000021,0.000915,0.000019,-0.000005,0.000199,0.006954,13.000000,0.000000,0.000000,0.000000,0.000000,0.000000,0.000000,0.000000,
0.185000,25.137920,25.137920,1.000000,25.126028,25.126028,0.000000,0.900000,1.000000,0.996000,0.000166,0.000036,0.000723,0.000243,-0.000041,0.001013,0.012602,13.100000,0.000000,0.000000,0.000000,0.000000,0.000000,0.000000,0.000000,
0.182500,25.137322,25.137322,0.000000,25.125956,25.125956,0.000000,1.000000,0.000000,0.994800,0.000056,-0.000011,0.001138,0.000117,-0.000035,0.000381,0.007177,13.200000,0.000000,0.000000,0.000000,0.000000,0.000000,0.000000,0.000000,
0.180000,25.136759,25.136759,0.000000,25.126055,25.126055,0.000000,1.100000,0.000000,0.996800,0.000027,0.000013,0.001260,-0.000079,0.000007,0.000144,0.009129,13.300000,0.000000,0.004146,-0.001257,-0.006319,-0.000478,-0.001101,0.000055,
0.177500,25.136222,25.136222,0.000000,25.126030,25.126030,0.000000,1.200000,0.000000,0.996000,0.000009,0.000041,0.001641,0.000090,0.000019,-0.000002,0.009654,13.400000,0.000000,0.002686,-0.001610,-0.004345,-0.000001,-0.000559,0.000300,
0.175000,25.135690,25.135690,0.000000,25.125566,25.125566,0.000000,1.300000,0.000000,0.992400,0.000009,-0.000024,0.001324,0.000073,-0.000025,0.000005,0.007675,13.500000,0.000000,0.003060,-0.000507,-0.003382,0.000177,-0.000322,0.000187,
0.172500,25.135177,25.135177,0.000000,25.125443,25.125443,0.000000,1.400000,0.000000,0.997600,0.000082,0.000003,0.001113,0.000012,-0.000011,0.000456,0.009831,13.600000,0.000000,0.001501,-0.000422,-0.002518,-0.000335,-0.000122,-0.000200,
0.170000,25.134766,25.134766,0.000000,25.126955,25.126955,0.000000,1.500000,0.000000,0.992400,0.000068,0.000028,0.001524,0.000135,-0.000026,0.000456,0.008874,13.700000,0.000000,0.000776,-0.000462,-0.001108,0.000041,0.000407,0.000009,
0.167500,25.134235,25.134235,0.000000,25.124146,25.124146,0.000000,1.600000,0.000000,0.992400,0.000062,0.000036,0.001996,0.000214,-0.000015,0.000180,0.006928,13.800000,0.000000,0.001335,-0.000178,-0.000923,0.000171,0.000065,-0.000090,
0.165000,25.133718,25.133718,0.000000,25.123898,25.123898,0.000000,1.700000,0.000000,0.990400,0.000076,-0.000006,0.001917,0.000202,-0.000039,0.000475,0.009445,13.900000,0.000000,0.001821,-0.000039,-0.001187,0.000111,-0.000010,0.000036,
0.162500,25.132943,25.132943,0.000000,25.118217,25.118217,0.000000,1.800000,0.000000,0.994400,0.000045,0.000006,0.001909,0.000036,-0.000003,0.000314,0.006868,14.000000,0.000000,0.001492,-0.000049,-0.000666,-0.000213,0.000083,-0.000134,
0.160000,25.133396,25.133396,0.000000,25.142008,25.142008,0.000000,1.900000,0.000000,0.991600,0.000038,0.000005,0.001856,0.000074,-0.000014,0.000333,0.006956,14.100000,0.000000,0.001315,-0.000229,-0.000772,-0.000010,-0.000159,0.000171,
0.157500,25.132933,25.132933,0.000000,25.124138,25.124138,0.000000,2.000000,0.000000,0.988800,0.000031,0.000009,0.001896,0.000205,-0.000038,0.000321,0.009724,14.200000,0.000000,0.001129,-0.000168,-0.000675,-0.000011,-0.000104,-0.000001,
0.155000,25.132642,25.132642,0.000000,25.127108,25.127108,0.000000,2.100000,0.000000,0.994000,0.000052,0.000011,0.002293,0.000097,-0.000044,0.000466,0.006961,14.300000,0.000000,0.001061,-0.000032,-0.000624,0.000023,-0.000086,-0.000151,
0.152500,25.132657,25.132657,0.000000,25.132938,25.132938,0.000000,2.200000,0.000000,0.991600,0.000021,0.000045,0.002537,0.000143,-0.000001,0.000239,0.006532,14.400000,0.000000,0.001308,-0.000121,-0.000448,0.000022,0.000100,-0.000093,
0.150000,25.132617,25.132617,0.000000,25.131866,25.131866,0.000000,2.300000,0.000000,0.990400,0.000032,0.000002,0.002594,-0.000061,0.000001,0.000257,0.006953,14.500000,0.000000,0.001397,-0.000075,-0.000590,0.000219,-0.000154,0.000227,
0.147500,25.132623,25.132623,0.000000,25.132727,25.132727,0.000000,2.400000,0.000000,0.992000,0.000040,0.000042,0.002526,-0.000077,0.000014,0.000398,0.006801,14.600000,0.000000,0.001337,-0.000219,-0.000535,-0.000182,0.000009,0.000102,
0.145000,25.132545,25.132545,0.000000,25.131056,25.131056,0.000000,2.500000,0.000000,0.986000,0.000035,0.000004,0.002625,-0.000038,0.000000,0.000315,0.006982,14.700000,0.000000,0.001198,-0.000215,-0.000402,0.000177,0.000054,0.000115,
0.142500,25.131944,25.131944,0.000000,25.120543,25.120543,0.000000,2.600000,0.000000,0.986400,0.000018,0.000043,0.002750,0.000208,-0.000015,0.000189,0.006937,14.800000,0.000000,0.001185,-0.000176,-0.000429,-0.000169,-0.000012,-0.000037,
0.140000,25.131968,25.131968,0.000000,25.132416,25.132416,0.000000,2.800000,0.000000,0.981600,0.000030,0.000042,0.002897,0.000206,-0.000015,0.000319,0.006565,15.000000,0.000000,0.001189,-0.000015,-0.000480,0.000180,-0.000113,-0.000107,
0.137500,25.131940,25.131940,0.000000,25.131409,25.131409,0.000000,2.900000,0.000000,0.983600,-0.000046,0.000008,0.003421,0.000075,-0.000026,-0.000038,0.008503,15.100000,0.000000,0.001205,-0.000016,-0.000377,0.000059,0.000035,-0.000043,
0.135000,25.131944,25.131944,0.000000,25.132023,25.132023,0.000000,3.000000,0.000000,0.977200,0.000042,0.000058,0.003234,0.000181,-0.000026,0.000325,0.007931,15.200000,0.000000,0.001476,-0.000138,-0.000647,-0.000158,-0.000360,-0.000054,
0.132500,25.132097,25.132097,0.000000,25.134998,25.134998,0.000000,3.100000,0.000000,0.965600,-0.000011,0.000036,0.003656,0.000154,-0.000000,0.000134,0.007176,15.300000,0.000000,0.001322,-0.000083,-0.000450,0.000204,0.000326,-0.000025,
0.130000,25.131625,25.131625,0.000000,25.122660,25.122660,0.000000,3.200000,0.000000,0.972400,-0.000016,0.000005,0.003476,0.000104,-0.000029,0.000078,0.007082,15.400000,0.000000,0.001451,-0.000091,-0.000515,-0.000049,-0.000192,0.000146,
0.127500,25.131121,25.131121,0.000000,25.121550,25.121550,0.000000,3.300000,0.000000,0.972000,-0.000063,0.000040,0.003981,0.000134,-0.000014,-0.000268,0.006882,15.500000,0.000000,0.001311,-0.000109,-0.000517,-0.000213,-0.000105,-0.000119,
0.125000,25.130397,25.130397,0.000000,25.116644,25.116644,0.000000,3.400000,0.000000,0.966000,0.000022,0.000023,0.003712,0.000107,-0.000011,0.000208,0.006976,15.600000,0.000000,0.001466,-0.000092,-0.000639,0.000138,-0.000331,0.000048,
0.122500,25.130355,25.130355,0.000000,25.129549,25.129549,0.000000,3.500000,0.000000,0.965200,-0.000015,0.000037,0.004023,0.000210,-0.000006,0.000100,0.006736,15.700000,0.000000,0.001299,-0.000099,-0.000421,-0.000053,0.000397,0.000034,
0.120000,25.130877,25.130877,0.000000,25.140791,25.140791,0.000000,3.600000,0.000000,0.962000,-0.000002,0.000035,0.004158,0.000064,-0.000004,0.000095,0.007548,15.800000,0.000000,0.001370,-0.000055,-0.000447,0.000064,-0.000078,0.000047,
0.117500,25.130647,25.130647,0.000000,25.126286,25.126286,0.000000,3.700000,0.000000,0.967600,-0.000050,0.000034,0.004123,0.000164,-0.000020,-0.000114,0.006458,15.900000,0.000000,0.001369,-0.000108,-0.000432,0.000014,0.000051,0.000030,
0.115000,25.130568,25.130568,0.000000,25.129070,25.129070,0.000000,3.800000,0.000000,0.962000,-0.000023,0.000021,0.004291,0.000110,-0.000011,0.000048,0.007876,16.000000,0.000000,0.001306,-0.000067,-0.000493,0.000001,-0.000277,-0.000090,
0.112500,25.130631,25.130631,0.000000,25.131824,25.131824,0.000000,3.900000,0.000000,0.964000,-0.000010,0.000026,0.004253,0.000097,-0.000010,0.000063,0.006968,16.100000,0.000000,0.001319,-0.000084,-0.000417,-0.000083,0.000061,0.000022,
0.110000,25.130226,25.130226,0.000000,25.122526,25.122526,0.000000,4.000000,0.000000,0.968800,-0.000059,0.000007,0.004895,0.000113,-0.000008,-0.000200,0.007338,16.200000,0.000000,0.001259,-0.000086,-0.000397,-0.000000,0.000106,0.000011,
0.107500,25.130488,25.130488,0.000000,25.135469,25.135469,0.000000,4.100000,0.000000,0.962000,-0.000093,0.000017,0.004615,0.000031,0.000006,-0.000437,0.006691,16.300000,0.000000,0.001436,-0.000077,-0.000474,-0.000120,-0.000261,0.000020,
0.105000,25.130073,25.130073,0.000000,25.122192,25.122192,0.000000,4.199999,0.000000,0.964800,-0.000022,0.000011,0.004701,-0.000040,-0.000001,0.000002,0.006750,16.400000,0.000000,0.001294,-0.000102,-0.000538,0.000019,-0.000310,0.000095,
0.102500,25.129991,25.129991,0.000000,25.128428,25.128428,0.000000,4.300000,0.000000,0.959600,-0.000040,0.000025,0.004549,0.000240,-0.000038,-0.000249,0.007665,16.500000,0.000000,0.001280,-0.000122,-0.000376,-0.000032,0.000318,-0.000009,
0.100000,25.130268,25.130268,1.000000,25.135527,25.135527,0.000000,4.400000,1.000000,0.944000,0.000029,0.000015,0.004796,0.000079,-0.000009,0.000371,0.006914,16.600000,0.000000,0.001190,-0.000028,-0.000445,0.000076,0.000011,-0.000235,
0.097500,25.130027,25.130027,0.000000,25.125450,25.125450,0.000000,4.500000,0.000000,0.946400,-0.000131,0.000027,0.005475,-0.000009,-0.000020,-0.000554,0.008643,16.700000,0.000000,0.001230,-0.000078,-0.000235,-0.000032,0.000429,0.000089,
0.095000,25.129941,25.129941,0.000000,25.128307,25.128307,0.000000,4.600000,0.000000,0.938800,0.000032,0.000056,0.005262,-0.000039,0.000003,0.000140,0.007923,16.800000,0.000000,0.001402,-0.000103,-0.000514,0.000063,-0.000826,-0.000032,
0.092500,25.129860,25.129860,0.000000,25.128315,25.128315,0.000000,4.699999,0.000000,0.936000,-0.000003,0.000022,0.004968,0.000206,-0.000035,0.000083,0.008492,16.900000,0.000000,0.001295,-0.000109,-0.000288,0.000201,0.000693,0.000128,
0.090000,25.130156,25.130156,0.000000,25.135782,25.135782,0.000000,4.800000,0.000000,0.941600,0.000017,0.000013,0.005177,0.000078,-0.000018,0.000202,0.006355,17.000000,0.000000,0.001169,-0.000032,-0.000296,-0.000133,0.000047,-0.000182,
0.087500,25.130397,25.130397,0.000000,25.134987,25.134987,0.000000,4.900000,0.000000,0.935600,0.000032,0.000025,0.005300,0.000035,-0.000004,0.000280,0.006725,17.100000,0.000000,0.001196,-0.000069,-0.000252,-0.000104,0.000145,0.000033,
0.085000,25.130133,25.130133,0.000000,25.125114,25.125114,0.000000,5.000000,0.000000,0.924800,0.000047,-0.000031,0.005444,-0.000156,-0.000006,0.000385,0.006942,17.200000,0.000000,0.001197,-0.000080,-0.000222,0.000029,0.000148,0.000100,
0.082500,25.129430,25.129430,0.000000,25.116074,25.116074,0.000000,5.100000,0.000000,0.916800,0.000024,0.000024,0.005806,-0.000133,0.000005,0.000195,0.008147,17.300000,0.000000,0.001204,-0.000132,-0.000186,-0.000333,0.000146,0.000028,
0.080000,25.129127,25.129127,0.000000,25.123360,25.123360,0.000000,5.200000,0.000000,0.884800,-0.000064,0.000019,0.005777,0.000140,-0.000025,-0.000312,0.006416,17.400000,0.000000,0.001272,-0.000122,-0.000234,0.000213,-0.000085,0.000078,
0.077500,25.128748,25.128748,0.000000,25.121563,25.121563,0.000000,5.300000,0.000000,0.886800,-0.000038,0.000020,0.006092,0.000003,0.000001,-0.000136,0.006831,17.500000,0.000000,0.001228,-0.000043,-0.000368,0.000050,-0.000574,-0.000157,
0.075000,25.128389,25.128389,0.000000,25.121557,25.121557,0.000000,5.500000,0.000000,0.879200,-0.000019,0.000028,0.005793,0.000170,-0.000024,0.000007,0.009202,17.700000,0.000000,0.001281,-0.000079,-0.000310,0.000027,-0.000064,0.000103,
0.072500,25.128481,25.128481,0.000000,25.130234,25.130234,0.000000,5.600000,0.000000,0.855200,-0.000006,0.000031,0.006575,0.000065,-0.000011,0.000011,0.008169,17.800000,0.000000,0.001166,-0.000032,-0.000263,0.000057,0.000093,-0.000117,
0.070000,25.128675,25.128675,0.000000,25.132362,25.132362,0.000000,5.700000,0.000000,0.824000,-0.000054,0.000028,0.006830,0.000068,-0.000016,-0.000237,0.006799,17.900000,0.000000,0.001447,-0.000082,-0.000234,0.000019,0.000069,0.000057,
0.067500,25.128798,25.128798,1.000000,25.131136,25.131136,0.000000,5.800000,1.000000,0.812400,0.000004,0.000026,0.006600,0.000110,-0.000010,0.000201,0.006677,18.000000,0.000000,0.001475,-0.000080,-0.000291,-0.000010,-0.000234,-0.000001,
0.065000,25.128715,25.128715,1.000000,25.127131,25.127131,0.000000,5.900000,1.000000,0.790400,-0.000144,0.000012,0.011621,0.001648,-0.000293,-0.000656,0.008843,18.100000,0.000000,0.001380,-0.000067,-0.000174,-0.000017,0.000256,0.000034,
0.062500,25.128233,25.128233,2.000000,25.119087,25.119087,0.000000,6.000000,2.000000,0.825600,-0.000333,0.000047,0.033039,0.004538,-0.000842,-0.001051,0.008067,18.200000,0.000000,0.002596,0.000318,-0.000383,-0.000090,-0.000811,-0.001735,
0.060000,25.127072,25.127072,3.000000,25.105000,25.105000,0.000000,6.100000,3.000000,0.730800,-0.000346,-0.000037,0.074749,0.007839,-0.001577,-0.001567,0.007631,18.300000,0.000000,0.007816,0.001024,-0.000472,0.000182,-0.001477,-0.004050,
0.057500,25.124471,25.124471,2.000000,25.075056,25.075056,0.000000,6.200000,2.000000,0.665200,-0.001369,0.000048,0.217874,0.009956,-0.003096,-0.002048,0.007180,18.400000,0.000000,0.017825,0.001815,-0.000590,-0.000452,-0.000643,-0.006093,
0.055000,25.119975,25.119975,3.000000,25.034544,25.034544,0.000000,6.300000,3.000000,0.835200,-0.001369,0.000048,0.217874,0.009956,-0.003096,-0.002048,0.012726,18.500000,0.000000,0.032943,0.002265,-0.000632,-0.000128,-0.001703,-0.007204,
0.052500,25.112996,25.112996,3.000000,24.980394,24.980394,0.000000,6.400000,3.000000,0.737200,-0.001544,-0.000014,0.298845,0.009596,-0.003530,-0.002056,0.014945,18.600000,0.000000,0.051161,0.002299,-0.000693,0.000426,-0.005517,-0.007260,
0.050000,25.105365,25.105365,3.000000,24.960381,24.960381,0.000000,6.500000,3.000000,0.722000,-0.001593,0.000015,0.457906,0.008588,-0.004308,-0.000028,0.007916,18.700000,0.000000,0.069274,0.002218,-0.000704,-0.000228,-0.003190,-0.005457,
0.047500,25.095366,25.095366,2.000000,24.905382,24.905382,0.000000,6.600000,2.000000,0.822000,-0.001593,0.000015,0.457906,0.008588,-0.004308,-0.000028,0.009018,18.800000,0.000000,0.086039,0.002266,-0.000352,0.000233,0.001556,-0.005324,
0.045000,25.084007,25.084007,2.000000,24.868189,24.868189,0.000000,6.700000,2.000000,0.740000,-0.001827,0.000062,0.538613,0.006690,-0.004318,-0.001090,0.017886,18.900000,0.000000,0.103173,0.002018,-0.000249,-0.000058,-0.002485,-0.003605,
0.042500,25.070785,25.070785,3.000000,24.819576,24.819576,0.000000,6.800000,3.000000,0.692000,-0.001739,0.000221,0.698715,0.006390,-0.004444,-0.002600,0.010473,19.000000,0.000000,0.119629,0.001608,-0.000521,0.000270,-0.002395,-0.001436,
0.040000,25.055483,25.055483,2.000000,24.764744,24.764744,0.000000,6.900000,2.000000,0.809600,-0.001739,0.000221,0.698715,0.006390,-0.004444,-0.002600,0.008026,19.100000,0.000000,0.135447,0.001783,-0.000532,0.000106,-0.000274,-0.001766,
0.040000,25.038493,25.038493,4.000000,24.715679,24.715679,0.000000,7.100000,4.000000,0.686400,-0.001937,0.000183,0.939660,0.004905,-0.003913,-0.002088,0.020544,19.300000,0.000000,0.150789,0.001625,-0.000911,0.001019,-0.000201,-0.000236,
0.040000,25.016860,25.016860,2.000000,24.605822,24.605822,0.000000,7.200000,2.000000,0.784800,-0.001937,0.000183,0.939660,0.004905,-0.003913,-0.002088,0.012002,19.400000,0.000000,0.165525,0.001665,-0.000959,-0.000041,-0.000447,0.000369,
0.040000,24.993886,24.993886,4.000000,24.557390,24.557390,0.000000,7.400000,4.000000,0.684400,-0.002114,0.000118,1.179723,0.003346,-0.002904,-0.002610,0.022762,19.600000,0.000000,0.222967,0.001175,-0.000702,0.000152,-0.000675,0.002188,
0.040000,24.965888,24.965888,2.000000,24.433924,24.433924,0.000000,7.500000,2.000000,0.794000,-0.002114,0.000118,1.179723,0.003346,-0.002904,-0.002610,0.012487,19.700000,0.000000,0.235772,0.001099,-0.000635,0.000170,-0.000115,0.002680,
0.040000,24.936741,24.936741,3.000000,24.382950,24.382950,0.000000,7.600000,3.000000,0.736000,-0.002228,0.000151,1.259440,0.004043,-0.002550,-0.002898,0.020599,19.800000,0.000000,0.284977,0.000809,-0.001109,-0.000378,-0.001005,0.003461,
0.040000,24.906581,24.906581,5.000000,24.333536,24.333536,0.000000,7.900000,5.000000,0.654000,-0.002406,0.000235,1.579853,0.004069,-0.001279,-0.002827,0.011183,20.100000,0.000000,0.296083,0.000993,-0.001184,0.000016,-0.001081,0.003504,
0.040000,24.869226,24.869226,2.000000,24.159479,24.159479,0.000000,8.000000,2.000000,0.733600,-0.002406,0.000235,1.579853,0.004069,-0.001279,-0.002827,0.012057,20.200000,0.000000,0.307051,0.000961,-0.001274,0.000064,-0.001600,0.003878,
0.040000,24.831663,24.831663,2.000000,24.117977,24.117977,0.000000,8.100000,2.000000,0.697600,-0.002324,0.000227,1.659992,0.003476,-0.000924,-0.001913,0.022510,20.300000,0.000000,0.398228,0.001272,-0.001132,0.000257,0.000035,0.002874,
0.040000,24.794049,24.794049,3.000000,24.079388,24.079388,0.000000,8.200000,3.000000,0.662000,-0.002150,0.000465,1.820496,0.003656,-0.000403,-0.001822,0.007270,20.400000,0.000000,0.406500,0.001145,-0.000961,0.000087,0.000445,0.003231,
0.040000,24.755640,24.755640,2.000000,24.025862,24.025862,0.000000,8.300000,2.000000,0.742800,-0.002150,0.000465,1.820496,0.003656,-0.000403,-0.001822,0.008878,20.500000,0.000000,0.414609,0.001170,-0.001220,0.000229,0.001033,0.002960,
0.040000,24.716641,24.716641,3.000000,23.975649,23.975649,0.000000,8.400000,3.000000,0.707200,-0.002317,0.000341,1.901371,0.003536,-0.000221,-0.002683,0.023100,20.600000,0.000000,0.422550,0.001160,-0.000972,0.001360,0.000597,0.002636,
0.040000,24.677242,24.677242,3.000000,23.928663,23.928663,0.000000,8.500000,3.000000,0.695200,-0.003032,0.000288,2.062972,0.003430,0.000067,-0.004088,0.021314,20.700000,0.000000,0.430441,0.001119,-0.001164,-0.000240,-0.000806,0.002130,
0.040000,24.637817,24.637817,2.000000,23.888746,23.888746,0.000000,8.600000,2.000000,0.786400,-0.003032,0.000288,2.062972,0.003430,0.000067,-0.004088,0.009457,20.800000,0.000000,0.437883,0.001159,-0.001189,0.000756,-0.000424,0.001653,
0.040000,24.597594,24.597594,2.000000,23.833353,23.833353,0.000000,8.700000,2.000000,0.726400,-0.002710,0.000316,2.142503,0.003350,0.000192,-0.002649,0.022466,20.900000,0.000000,0.445691,0.001056,-0.001479,-0.000883,-0.004462,0.001576,
0.040000,24.557352,24.557352,3.000000,23.792761,23.792761,0.000000,8.800000,3.000000,0.700800,-0.002761,0.000395,2.303414,0.003602,0.000315,-0.002511,0.007789,21.000000,0.000000,0.452810,0.001017,-0.001205,-0.000166,0.000287,0.001371,
0.040000,24.515630,24.515630,2.000000,23.722906,23.722906,0.000000,8.900000,2.000000,0.752000,-0.002761,0.000395,2.303414,0.003602,0.000315,-0.002511,0.010744,21.100000,0.000000,0.459909,0.001013,-0.001282,0.000304,0.000123,0.000845,
0.040000,24.473908,24.473908,2.000000,23.681204,23.681204,0.000000,9.000000,2.000000,0.738400,-0.002714,0.000384,2.383672,0.003400,0.000346,-0.002491,0.022171,21.200000,0.000000,0.466967,0.001020,-0.001215,0.000244,-0.000281,0.000764,
0.040000,24.432441,24.432441,3.000000,23.644560,23.644560,0.000000,9.100000,3.000000,0.704400,-0.002877,0.000320,2.543977,0.003517,0.000211,-0.003119,0.007898,21.300000,0.000000,0.473779,0.000953,-0.001231,0.000025,0.000184,0.000484,
0.040000,24.391236,24.391236,2.000000,23.608334,23.608334,0.000000,9.200000,2.000000,0.764400,-0.002877,0.000320,2.543977,0.003517,0.000211,-0.003119,0.010513,21.400000,0.000000,0.480477,0.001044,-0.001249,0.000301,-0.001119,-0.000428,
0.040000,24.349895,24.349895,2.000000,23.564419,23.564419,0.000000,9.300000,2.000000,0.715600,-0.002602,0.000325,2.623834,0.003611,0.000147,-0.002561,0.023038,21.500000,0.000000,0.486928,0.000926,-0.001400,-0.000574,-0.000245,-0.000385,
0.040000,24.307472,24.307472,2.000000,23.501432,23.501432,0.000000,9.400000,2.000000,0.687600,-0.002476,0.000360,2.784216,0.004105,-0.000091,-0.002527,0.008346,21.600000,0.000000,0.493236,0.000923,-0.001305,-0.000190,0.001602,-0.000542,
0.040000,24.263211,24.263211,2.000000,23.422266,23.422266,0.000000,9.500000,2.000000,0.780800,-0.002476,0.000360,2.784216,0.004105,-0.000091,-0.002527,0.010746,21.700000,0.000000,0.499461,0.000832,-0.001338,0.000213,0.001015,-0.000578,
0.040000,24.220480,24.220480,2.000000,23.408573,23.408573,0.000000,9.600000,2.000000,0.719200,-0.002584,0.000287,2.863953,0.003467,-0.000287,-0.002989,0.021791,21.800000,0.000000,0.505590,0.000984,-0.001328,0.000007,0.000766,-0.001323,
0.040000,24.177571,24.177571,2.000000,23.362305,23.362305,0.000000,9.700000,2.000000,0.706000,-0.002783,0.000587,3.024951,0.004022,-0.000722,-0.001921,0.011115,21.900000,0.000000,0.511481,0.000836,-0.001434,-0.000451,-0.000380,-0.001717,
0.040000,24.134815,24.134815,1.000000,23.322449,23.322449,0.000000,9.800000,1.000000,0.780000,-0.002783,0.000587,3.024951,0.004022,-0.000722,-0.001921,0.011040,22.000000,0.000000,0.517479,0.000875,-0.001479,0.000164,-0.000118,-0.002023,
0.040000,24.091763,24.091763,2.000000,23.273777,23.273777,0.000000,9.900000,2.000000,0.728000,-0.002847,0.000567,3.105237,0.003929,-0.000891,-0.002009,0.022322,22.100000,0.000000,0.523199,0.000927,-0.001244,0.001574,-0.001300,-0.002095,
0.040000,24.045987,24.045987,3.000000,23.176237,23.176237,0.000000,10.000000,3.000000,0.705200,-0.002662,0.000328,3.265769,0.003139,-0.001217,-0.002069,0.022060,22.200000,0.000000,0.528833,0.000901,-0.001282,0.000475,-0.000893,-0.001845,
0.040000,24.001701,24.001701,2.000000,23.160269,23.160269,0.000000,10.100000,2.000000,0.752800,-0.002662,0.000328,3.265769,0.003139,-0.001217,-0.002069,0.011869,22.300000,0.000000,0.534316,0.000819,-0.001533,-0.001092,-0.000341,-0.002006,
0.040000,23.957130,23.957130,2.000000,23.110298,23.110298,0.000000,10.200000,2.000000,0.717600,-0.002966,0.000308,3.345986,0.003268,-0.001464,-0.002047,0.021473,22.400000,0.000000,0.539744,0.000739,-0.001329,-0.000630,0.001009,-0.001479,
0.040000,23.913184,23.913184,2.000000,23.078205,23.078205,0.000000,10.300000,2.000000,0.689200,-0.002781,0.000319,3.506021,0.003085,-0.001830,-0.001567,0.020023,22.500000,0.000000,0.545021,0.000770,-0.001341,-0.000366,-0.001489,-0.002088,
0.040000,23.869359,23.869359,2.000000,23.036688,23.036688,0.000000,10.400000,2.000000,0.732800,-0.002781,0.000319,3.506021,0.003085,-0.001830,-0.001567,0.022575,22.600000,0.000000,0.550107,0.000739,-0.001360,-0.000215,0.000602,-0.001906,
0.040000,23.824475,23.824475,2.000000,22.971664,22.971664,0.000000,10.500000,2.000000,0.721600,-0.002917,0.000331,3.585973,0.002800,-0.001920,-0.001761,0.023227,22.700000,0.000000,0.555170,0.000753,-0.001282,0.000057,0.000200,-0.001884,
0.040000,23.780169,23.780169,2.000000,22.938360,22.938360,0.000000,10.600000,2.000000,0.695200,-0.003210,0.000431,3.746490,0.002634,-0.002105,-0.001584,0.009540,22.800000,0.000000,0.560075,0.000710,-0.001340,0.000092,-0.000762,-0.001278,
0.040000,23.735005,23.735005,2.000000,22.876881,22.876881,0.000000,10.700000,2.000000,0.748800,-0.003210,0.000431,3.746490,0.002634,-0.002105,-0.001584,0.026456,22.900000,0.000000,0.564989,0.000685,-0.001294,-0.000126,-0.001345,-0.001063,
0.040000,23.690487,23.690487,2.000000,22.844648,22.844648,0.000000,10.800000,2.000000,0.738400,-0.003167,0.000329,3.826860,0.002348,-0.002146,-0.001314,0.019757,23.000000,0.000000,0.569704,0.000712,-0.001349,0.000729,-0.001272,-0.000972,
0.040000,23.646258,23.646258,3.000000,22.805914,22.805914,0.000000,10.900000,3.000000,0.701200,-0.003439,0.000390,3.987372,0.002141,-0.002278,-0.001107,0.007164,23.100000,0.000000,0.574394,0.000675,-0.001319,-0.000356,-0.000224,-0.000625,
0.040000,23.601960,23.601960,2.000000,22.760294,22.760294,0.000000,11.000000,2.000000,0.791200,-0.003439,0.000390,3.987372,0.002141,-0.002278,-0.001107,0.008399,23.200000,0.000000,0.578932,0.000661,-0.001250,0.000395,-0.000090,-0.000761,
0.040000,23.557725,23.557725,2.000000,22.717258,22.717258,0.000000,11.100000,2.000000,0.723600,-0.003380,0.000369,4.067316,0.001799,-0.002278,-0.001033,0.020317,23.300000,0.000000,0.583442,0.000676,-0.001328,-0.000006,-0.001711,-0.000583,
0.040000,23.513517,23.513517,4.000000,22.673578,22.673578,0.000000,11.200000,4.000000,0.688000,-0.003633,0.000499,4.198306,0.000182,0.001902,0.000533,0.010627,23.400000,0.000000,0.587765,0.000631,-0.001342,-0.000129,-0.000289,-0.000222,
0.040000,23.470964,23.470964,1.000000,22.662457,22.662457,0.000000,11.300000,1.000000,0.727600,-0.003633,0.000499,4.198306,0.000182,0.001902,0.000533,0.013939,23.500000,0.000000,0.324506,0.026010,0.001865,-0.000231,-0.001706,0.152976,
0.040000,23.443008,23.443008,7.000000,22.911840,22.911840,0.000000,11.400000,7.000000,0.709200,-0.003974,0.000323,4.229351,0.002473,0.017445,0.000918,0.037788,23.600000,0.000000,0.590374,0.000342,-0.001063,0.000701,-0.002277,0.025481,
0.040000,23.432633,23.432633,6.000000,23.235498,23.235498,0.000000,11.500000,6.000000,0.685600,-0.003573,0.000269,4.260688,0.003446,0.036779,0.000414,0.011282,23.700000,0.000000,0.584779,0.000781,-0.000987,-0.000457,-0.002939,0.105794,
0.040000,23.440022,23.440022,4.000000,23.580410,23.580410,0.000000,11.600000,4.000000,0.669600,-0.003230,0.000274,4.271532,0.004561,0.056180,-0.000145,0.009160,23.800000,0.000000,0.579358,0.000850,-0.001093,-0.000056,0.001388,0.159898,
0.040000,23.459958,23.459958,4.000000,23.838741,23.838741,0.000000,11.700000,4.000000,0.690000,-0.003575,0.000146,4.276570,0.004453,0.074204,0.000452,0.009900,23.900000,0.000000,0.569958,0.000976,-0.001191,0.000415,0.002683,0.180978,
0.040000,23.492299,23.492299,5.000000,24.106792,24.106792,0.000000,11.800000,5.000000,0.670800,-0.003557,-0.000014,4.275908,0.003665,0.091706,-0.000029,0.009401,24.000000,0.000000,0.559580,0.000879,-0.001051,-0.000251,-0.001085,0.180522,
0.040000,23.537802,23.537802,5.000000,24.402359,24.402359,0.000000,11.900000,5.000000,0.654800,-0.003275,-0.000040,4.276172,0.006449,0.110572,-0.000280,0.010187,24.100000,0.000000,0.548267,0.000714,-0.001126,-0.000697,-0.000295,0.177126,
0.040000,23.595697,23.595697,6.000000,24.695694,24.695694,0.000000,12.000000,6.000000,0.664000,-0.003931,0.000010,4.274156,0.007448,0.131384,0.000972,0.010811,24.200000,0.000000,0.537429,0.001248,-0.001154,-0.000032,0.001625,0.184250,
0.040000,23.666378,23.666378,6.000000,25.009323,25.009323,0.000000,12.100000,6.000000,0.652000,-0.004558,-0.000281,4.271521,0.007734,0.176706,0.000966,0.009021,24.300000,0.000000,0.526331,0.001466,-0.000879,0.000764,-0.003431,0.199005,
0.040000,23.750046,23.750046,6.000000,25.339739,25.339739,0.000000,12.300000,6.000000,0.740000,-0.004558,-0.000281,4.271521,0.007734,0.176706,0.000966,0.011602,24.500000,0.000000,0.516012,0.001465,-0.001001,0.000761,-0.006440,0.211536,
0.040000,23.860475,23.860475,4.000000,25.958624,25.958624,0.000000,12.400000,4.000000,0.717600,-0.004966,-0.000574,4.272160,0.011537,0.227474,0.000664,0.023148,24.600000,0.000000,0.505035,0.001548,-0.000841,-0.000720,-0.001228,0.225378,
0.040000,23.982034,23.982034,5.000000,26.291651,26.291651,0.000000,12.500000,5.000000,0.716800,-0.004520,-0.000393,4.272825,0.013518,0.254124,0.000941,0.010135,24.700000,0.000000,0.465491,0.002865,-0.000896,-0.000276,-0.002102,0.252374,
0.040000,24.112671,24.112671,4.000000,26.594784,26.594784,0.000000,12.600000,4.000000,0.698000,-0.004254,-0.000200,4.268282,0.015631,0.281848,0.000585,0.009850,24.800000,0.000000,0.456478,0.003161,-0.000824,0.001574,0.001458,0.260184,
0.040000,24.254459,24.254459,5.000000,26.948420,26.948420,0.000000,12.700000,5.000000,0.705600,-0.004103,-0.000590,4.267916,0.014945,0.309745,0.000790,0.009144,24.900000,0.000000,0.446661,0.003731,-0.000874,0.002532,0.002136,0.270561,
0.040000,24.404023,24.404023,5.000000,27.245733,27.245733,0.000000,12.800000,5.000000,0.706000,-0.004574,-0.000761,4.266297,0.015032,0.366982,0.001058,0.009535,25.000000,0.000000,0.437698,0.003546,-0.000816,-0.000714,0.001684,0.275741,
0.040000,24.560955,24.560955,3.000000,27.542679,27.542679,0.000000,12.900000,3.000000,0.770000,-0.004574,-0.000761,4.266297,0.015032,0.366982,0.001058,0.010523,25.100000,0.000000,0.429328,0.003418,-0.000810,0.000997,-0.002071,0.282464,
0.040000,24.721488,24.721488,3.000000,27.771599,27.771599,0.000000,13.000000,3.000000,0.767600,-0.004177,-0.000817,4.265205,0.014501,0.395402,0.000808,0.021317,25.200000,0.000000,0.420214,0.003540,-0.000729,-0.000377,-0.001195,0.284491,
0.040000,24.885601,24.885601,5.000000,28.003752,28.003752,0.000000,13.200000,5.000000,0.745200,-0.004398,-0.000962,4.267211,0.014926,0.423783,0.000391,0.012620,25.400000,0.000000,0.411644,0.003449,-0.000763,0.000277,0.001856,0.284310,
0.040000,25.060880,25.060880,3.000000,28.391193,28.391193,0.000000,13.300000,3.000000,0.755600,-0.004557,-0.001139,4.266588,0.013370,0.480074,0.000939,0.012695,25.500000,0.000000,0.403883,0.003305,-0.000832,-0.000040,-0.000813,0.283997,
0.040000,25.235615,25.235615,3.000000,28.555580,28.555580,0.000000,13.400000,3.000000,0.741200,-0.004219,-0.001359,4.267647,0.013282,0.507866,0.000650,0.009183,25.600000,0.000000,0.371531,0.002586,-0.000548,0.000357,-0.001075,0.281584,
0.040000,25.409995,25.409995,5.000000,28.723200,28.723200,0.000000,13.600000,5.000000,0.741600,-0.004206,-0.001435,4.269564,0.012140,0.590930,0.000673,0.008818,25.800000,0.000000,0.364376,0.002423,-0.000596,-0.000384,0.001195,0.279559,
0.040000,25.592208,25.592208,3.000000,29.054270,29.054270,0.000000,13.700000,3.000000,0.801200,-0.004206,-0.001435,4.269564,0.012140,0.590930,0.000673,0.012079,25.900000,0.000000,0.357655,0.002215,-0.000595,0.000874,-0.000861,0.280310,
0.040000,25.766812,25.766812,3.000000,29.084274,29.084274,0.000000,13.800000,3.000000,0.781600,-0.004176,-0.001512,4.269512,0.012210,0.618447,0.000464,0.023161,26.000000,0.000000,0.329020,0.001615,-0.000520,0.000581,0.000518,0.275196,
0.040000,25.936716,25.936716,3.000000,29.164907,29.164907,0.000000,13.900000,3.000000,0.793600,-0.004106,-0.001691,4.272457,0.010341,0.645679,0.000587,0.010952,26.100000,0.000000,0.322549,0.001600,-0.000550,0.000474,0.000176,0.275179,
0.040000,26.103461,26.103461,3.000000,29.271610,29.271610,0.000000,14.000000,3.000000,0.775200,-0.004084,-0.001660,4.272371,0.009810,0.672838,0.000179,0.011653,26.200000,0.000000,0.316464,0.000933,-0.000517,-0.000222,0.000226,0.273441,
0.040000,26.261810,26.261810,3.000000,29.270432,29.270432,0.000000,14.100000,3.000000,0.768000,-0.004069,-0.001765,4.275363,0.008782,0.700058,0.000638,0.011205,26.300000,0.000000,0.310160,0.000842,-0.000587,0.000794,-0.000058,0.272297,
0.040000,26.416381,26.416381,3.000000,29.353228,29.353228,0.000000,14.200000,3.000000,0.750000,-0.004102,-0.001898,4.273397,0.008017,0.727000,0.000532,0.008100,26.400000,0.000000,0.304391,0.000300,-0.000488,0.000338,-0.000219,0.272233,
0.040000,26.563503,26.563503,3.000000,29.358828,29.358828,0.000000,14.300000,3.000000,0.755200,-0.004070,-0.002428,4.270606,0.006531,0.781157,0.000131,0.013063,26.500000,0.000000,0.298006,0.000428,-0.000497,-0.000011,-0.000591,0.270498,
0.040000,26.699832,26.699832,3.000000,29.290087,29.290087,0.000000,14.400000,3.000000,0.816400,-0.004070,-0.002428,4.270606,0.006531,0.781157,0.000131,0.012938,26.600000,0.000000,0.292428,0.000137,-0.000421,0.000046,-0.000156,0.270858,
0.040000,26.830525,26.830525,2.000000,29.313694,29.313694,0.000000,14.500000,2.000000,0.780000,-0.003803,-0.002109,4.270870,0.005075,0.808141,0.000276,0.020826,26.700000,0.000000,0.285786,0.000588,-0.000555,-0.001944,-0.000626,0.270622,
0.040000,26.951371,26.951371,2.000000,29.247442,29.247442,0.000000,14.600000,2.000000,0.795600,-0.003958,-0.002362,4.273284,0.004693,0.835329,0.000379,0.008558,26.800000,0.000000,0.279992,0.000336,-0.000516,0.001885,0.001034,0.270141,
0.040000,27.065778,27.065778,2.000000,29.239506,29.239506,0.000000,14.700000,2.000000,0.792000,-0.003902,-0.002356,4.273793,0.003741,0.862122,0.000104,0.009317,26.900000,0.000000,0.274750,-0.000066,-0.000487,-0.000191,-0.000939,0.271213,
0.040000,27.173272,27.173272,3.000000,29.215652,29.215652,0.000000,14.800000,3.000000,0.772400,-0.003938,-0.002578,4.274029,0.002244,0.889089,0.000057,0.009095,27.000000,0.000000,0.269264,-0.000265,-0.000532,0.000614,-0.000403,0.269184,
0.040000,27.270259,27.270259,2.000000,29.113018,29.113018,0.000000,14.900000,2.000000,0.761200,-0.003937,-0.002687,4.272807,0.001204,0.915958,0.000021,0.009826,27.100000,0.000000,0.263763,-0.000487,-0.000530,-0.000484,-0.000787,0.269483,
0.040000,27.355614,27.355614,2.000000,28.977365,28.977365,0.000000,15.000000,2.000000,0.732400,-0.003714,-0.002616,4.271760,-0.000435,0.969763,-0.000074,0.008660,27.200000,0.000000,0.258252,-0.000420,-0.000526,-0.000205,-0.000734,0.268988,
0.040000,27.427716,27.427716,3.000000,28.797644,28.797644,0.000000,15.200000,3.000000,0.790000,-0.003714,-0.002616,4.271760,-0.000435,0.969763,-0.000074,0.008268,27.400000,0.000000,0.253298,-0.000532,-0.000536,0.001083,0.002055,0.268459,
0.040000,27.476683,27.476683,2.000000,28.407053,28.407053,0.000000,15.400000,2.000000,0.760800,-0.003442,-0.002910,4.267710,-0.002693,1.024023,0.000018,0.019381,27.600000,0.000000,0.247786,-0.000420,-0.000522,0.000903,-0.001044,0.269361,
0.040000,27.504877,27.504877,2.000000,28.040579,28.040579,0.000000,15.500000,2.000000,0.766000,-0.003402,-0.002950,4.264529,-0.003844,1.078000,-0.000037,0.008540,27.700000,0.000000,0.226684,0.000423,-0.000437,-0.000426,0.000525,0.271202,
0.040000,27.520311,27.520311,2.000000,27.813551,27.813551,0.000000,15.600000,2.000000,0.754000,-0.003301,-0.002898,4.262009,-0.005676,1.105252,-0.000077,0.007863,27.800000,0.000000,0.207897,0.001220,-0.000418,0.000660,-0.000530,0.269957,
0.040000,27.525823,27.525823,2.000000,27.630550,27.630550,0.000000,15.700000,2.000000,0.749600,-0.003187,-0.003036,4.258152,-0.007022,1.159124,-0.000078,0.008390,27.900000,0.000000,0.203274,0.001461,-0.000415,0.001089,-0.000118,0.271375,
0.040000,27.519222,27.519222,2.000000,27.393812,27.393812,0.000000,15.800000,2.000000,0.790000,-0.003187,-0.003036,4.258152,-0.007022,1.159124,-0.000078,0.010572,28.000000,0.000000,0.199034,0.001540,-0.000433,-0.000949,-0.000072,0.270066,
0.040000,27.500693,27.500693,2.000000,27.148642,27.148642,0.000000,15.900000,2.000000,0.776800,-0.003030,-0.003318,4.259380,-0.006896,1.185911,-0.000523,0.022225,28.100000,0.000000,0.194826,0.001968,-0.000395,0.001251,-0.000322,0.269715,
0.040000,27.468420,27.468420,2.000000,26.855217,26.855217,0.000000,16.000000,2.000000,0.788400,-0.002997,-0.003315,4.258470,-0.008144,1.213006,-0.000023,0.007340,28.200000,0.000000,0.191123,0.001719,-0.000476,-0.000747,0.000317,0.268574,
0.040000,27.422076,27.422076,2.000000,26.541553,26.541553,0.000000,16.100000,2.000000,0.772000,-0.002937,-0.003248,4.257043,-0.008953,1.239941,0.000006,0.007499,28.300000,0.000000,0.187080,0.001758,-0.000367,0.000234,-0.000229,0.270043,
0.040000,27.361856,27.361856,2.000000,26.217669,26.217669,0.000000,16.200000,2.000000,0.763600,-0.002789,-0.003366,4.257112,-0.009144,1.266758,-0.000213,0.008594,28.400000,0.000000,0.183161,0.001931,-0.000353,0.000997,-0.000262,0.269616,
0.040000,27.285566,27.285566,2.000000,25.836065,25.836065,0.000000,16.300000,2.000000,0.758800,-0.002619,-0.003353,4.257929,-0.010407,1.293570,-0.000032,0.007240,28.500000,0.000000,0.179533,0.001868,-0.000389,0.000127,0.000263,0.268718,
0.040000,27.200419,27.200419,2.000000,25.582621,25.582621,0.000000,16.400000,2.000000,0.753600,-0.002369,-0.003526,4.258871,-0.009928,1.341295,-0.000443,0.008040,28.600000,0.000000,0.175819,0.001604,-0.000346,0.000576,0.000598,0.268356,
0.040000,27.103385,27.103385,2.000000,25.259731,25.259731,0.000000,16.500000,2.000000,0.791200,-0.002369,-0.003526,4.258871,-0.009928,1.341295,-0.000443,0.009749,28.700000,0.000000,0.172448,0.001606,-0.000315,0.000854,0.000918,0.255003,
0.040000,26.996722,26.996722,3.000000,24.970140,24.970140,0.000000,16.600000,3.000000,0.779600,-0.002301,-0.003367,4.260280,-0.010185,1.361939,0.000023,0.022040,28.800000,0.000000,0.169112,0.001387,-0.000414,-0.000647,0.000207,0.239861,
0.040000,26.884144,26.884144,3.000000,24.745159,24.745159,0.000000,16.700000,3.000000,0.788000,-0.002210,-0.003223,4.260348,-0.010888,1.380373,-0.000018,0.009103,28.900000,0.000000,0.165801,0.001078,-0.000316,0.001034,0.000064,0.219205,
0.040000,26.766487,26.766487,2.000000,24.531002,24.531002,0.000000,16.800000,2.000000,0.760800,-0.002270,-0.003449,4.259721,-0.009595,1.397412,-0.000217,0.008524,29.000000,0.000000,0.162408,0.001015,-0.000318,0.001540,0.000211,0.197659,
0.040000,26.644809,26.644809,6.000000,24.332914,24.332914,0.000000,16.900000,6.000000,0.769600,-0.002143,-0.003495,4.256251,-0.010384,1.413152,-0.000545,0.009283,29.100000,0.000000,0.159440,0.001165,-0.000350,-0.000575,-0.000643,0.180805,
0.040000,26.518064,26.518064,4.000000,24.109922,24.109922,0.000000,17.100000,4.000000,0.738800,-0.002103,-0.003216,4.259238,-0.010046,1.425826,-0.000128,0.010630,29.300000,0.000000,0.156032,0.001788,-0.000405,-0.000289,0.000204,0.166338,
0.040000,26.380929,26.380929,2.000000,23.775352,23.775352,0.000000,17.200000,2.000000,0.722800,-0.001919,-0.003741,4.255079,-0.010988,1.450403,-0.000276,0.009008,29.400000,0.000000,0.153120,0.001182,-0.000317,0.001782,0.000061,0.141865,
0.040000,26.241794,26.241794,2.000000,23.598227,23.598227,0.000000,17.300000,2.000000,0.726800,-0.001934,-0.003391,4.255848,-0.010316,1.460525,0.000069,0.008323,29.500000,0.000000,0.140507,0.002650,-0.000344,-0.002163,0.000471,0.123865,
0.040000,26.103732,26.103732,2.000000,23.480568,23.480568,0.000000,17.400000,2.000000,0.713200,-0.001899,-0.003501,4.255517,-0.010477,1.469545,-0.000154,0.008805,29.600000,0.000000,0.137900,0.002464,-0.000271,0.001074,-0.000074,0.111340,
0.040000,25.966123,25.966123,2.000000,23.351557,23.351557,0.000000,17.500000,2.000000,0.707600,-0.001731,-0.003599,4.254272,-0.011535,1.478253,0.000011,0.008728,29.700000,0.000000,0.135155,0.002477,-0.000309,-0.000141,-0.000004,0.098479,
0.040000,25.829048,25.829048,3.000000,23.224615,23.224615,0.000000,17.600000,3.000000,0.685600,-0.001926,-0.003459,4.253302,-0.012475,1.485767,-0.000389,0.009164,29.800000,0.000000,0.132270,0.002650,-0.000269,-0.000560,0.000840,0.091453,
0.040000,25.693729,25.693729,3.000000,23.122662,23.122662,0.000000,17.700000,3.000000,0.694400,-0.001825,-0.003582,4.254678,-0.012961,1.491934,-0.000285,0.007992,29.900000,0.000000,0.129471,0.002771,-0.000342,0.000737,-0.001048,0.081371,
0.040000,25.560070,25.560070,2.000000,23.020546,23.020546,0.000000,17.800000,2.000000,0.712000,-0.001815,-0.003321,4.253670,-0.014958,1.498386,-0.000117,0.008459,30.000000,0.000000,0.126856,0.002439,-0.000315,-0.000408,0.000094,0.069199,
0.040000,25.428323,25.428323,3.000000,22.925135,22.925135,0.000000,17.900000,3.000000,0.697200,-0.001856,-0.003484,4.253454,-0.012224,1.504035,-0.000334,0.007735,30.100000,0.000000,0.123956,0.002558,-0.000275,0.001530,-0.000041,0.066307,
0.040000,25.298638,25.298638,4.000000,22.834621,22.834621,0.000000,18.000000,4.000000,0.699600,-0.001885,-0.003573,4.254243,-0.013254,1.509260,-0.000446,0.010433,30.200000,0.000000,0.122052,0.002589,-0.000313,-0.000362,-0.000390,0.060239,
0.040000,25.171613,25.171613,3.000000,22.758137,22.758137,0.000000,18.100000,3.000000,0.704400,-0.001745,-0.003581,4.251477,-0.014866,1.518669,-0.000271,0.011930,30.300000,0.000000,0.119461,0.002370,-0.000329,-0.000630,-0.000440,0.055303,
0.040000,25.047244,25.047244,3.000000,22.684238,22.684238,0.000000,18.200000,3.000000,0.758000,-0.001745,-0.003581,4.251477,-0.014866,1.518669,-0.000271,0.009074,30.400000,0.000000,0.116800,0.003013,-0.000240,0.001439,-0.000414,0.052772,
0.040000,24.926888,24.926888,3.000000,22.640131,22.640131,0.000000,18.300000,3.000000,0.765200,-0.001625,-0.003732,4.250632,-0.015652,1.522710,-0.000128,0.025256,30.500000,0.000000,0.114463,0.002787,-0.000281,-0.001065,0.000752,0.046657,
0.040000,24.807469,24.807469,2.000000,22.538504,22.538504,0.000000,18.400000,2.000000,0.756800,-0.001656,-0.003651,4.249782,-0.017017,1.526709,-0.000405,0.009321,30.600000,0.000000,0.112047,0.002890,-0.000246,-0.001299,0.000941,0.042798,
0.040000,24.691324,24.691324,3.000000,22.484573,22.484573,0.000000,18.500000,3.000000,0.762400,-0.001701,-0.003443,4.249570,-0.014830,1.530282,-0.000138,0.008257,30.700000,0.000000,0.109565,0.002988,-0.000295,0.000041,0.000076,0.041066,
0.040000,24.577203,24.577203,4.000000,22.408894,22.408894,0.000000,18.600000,4.000000,0.748400,-0.001722,-0.003657,4.250061,-0.015979,1.534289,-0.000555,0.008211,30.800000,0.000000,0.107837,0.002990,-0.000237,0.001342,-0.000332,0.037767,
0.040000,24.466534,24.466534,2.000000,22.363829,22.363829,0.000000,18.700000,2.000000,0.762800,-0.001563,-0.003669,4.249694,-0.018435,1.538768,-0.000311,0.011342,30.900000,0.000000,0.105491,0.002825,-0.000314,-0.000771,-0.000344,0.039188,
0.040000,24.357379,24.357379,3.000000,22.283424,22.283424,0.000000,18.800000,3.000000,0.770400,-0.001508,-0.003664,4.250328,-0.016678,1.541875,-0.000297,0.008389,31.000000,0.000000,0.102927,0.002824,-0.000259,-0.000322,0.000752,0.042653,
0.040000,24.251189,24.251189,3.000000,22.233583,22.233583,0.000000,18.900000,3.000000,0.759600,-0.001490,-0.003628,4.249029,-0.016877,1.545448,-0.000140,0.011370,31.100000,0.000000,0.101249,0.002655,-0.000252,-0.000063,0.000560,0.035493,
0.040000,24.147387,24.147387,5.000000,22.175156,22.175156,0.000000,19.000000,5.000000,0.759600,-0.001669,-0.003584,4.250505,-0.017835,1.549669,-0.000318,0.008881,31.200000,0.000000,0.099208,0.002857,-0.000215,0.000235,0.000242,0.035640,
0.040000,24.045568,24.045568,4.000000,22.111006,22.111006,0.000000,19.100000,4.000000,0.760800,-0.001540,-0.003733,4.249670,-0.019905,1.553905,-0.000414,0.010677,31.300000,0.000000,0.097071,0.002505,-0.000247,0.000403,-0.001109,0.039697,
0.040000,23.945476,23.945476,3.000000,22.043730,22.043730,0.000000,19.200000,3.000000,0.762000,-0.001656,-0.003567,4.247913,-0.018214,1.557008,-0.000391,0.009174,31.400000,0.000000,0.094746,0.002612,-0.000260,-0.000730,0.000281,0.041349,
0.040000,23.845647,23.845647,3.000000,21.948895,21.948895,0.000000,19.300000,3.000000,0.763200,-0.001516,-0.003626,4.249330,-0.019307,1.560493,-0.000412,0.008557,31.500000,0.000000,0.093206,0.002912,-0.000249,0.000778,-0.000681,0.034966,
0.040000,23.749304,23.749304,4.000000,21.918787,21.918787,0.000000,19.400000,4.000000,0.771600,-0.001579,-0.003628,4.249613,-0.019587,1.564248,-0.000389,0.008642,31.600000,0.000000,0.091156,0.002573,-0.000249,-0.000034,0.000526,0.034898,
0.040000,23.652462,23.652462,3.000000,21.812452,21.812452,0.000000,19.500000,3.000000,0.758400,-0.001326,-0.003673,4.250917,-0.020573,1.567965,-0.000384,0.008975,31.700000,0.000000,0.089304,0.002465,-0.000240,0.000014,-0.000271,0.036538,
0.040000,23.559053,23.559053,3.000000,21.784298,21.784298,0.000000,19.600000,3.000000,0.756800,-0.001532,-0.003700,4.249430,-0.019893,1.571599,-0.000620,0.008102,31.800000,0.000000,0.087349,0.002158,-0.000235,-0.000241,0.001377,0.036933,
0.040000,23.467011,23.467011,4.000000,21.718204,21.718204,0.000000,19.700000,4.000000,0.768000,-0.001404,-0.003600,4.251517,-0.020415,1.575493,-0.000408,0.007865,31.900000,0.000000,0.085760,0.002410,-0.000276,-0.000226,-0.000831,0.036562,
0.040000,23.376719,23.376719,2.000000,21.661173,21.661173,0.000000,19.800000,2.000000,0.762400,-0.001442,-0.003731,4.248192,-0.020373,1.579520,-0.000535,0.008179,32.000000,0.000000,0.083964,0.001950,-0.000230,0.000569,0.000386,0.038034,
0.040000,23.288196,23.288196,5.000000,21.606262,21.606262,0.000000,19.900000,5.000000,0.758400,-0.001351,-0.003714,4.247161,-0.020843,1.582442,-0.000317,0.008544,32.100000,0.000000,0.082319,0.002568,-0.000248,-0.000556,-0.000177,0.039416,
0.040000,23.207367,23.207367,2.000000,21.671621,21.671621,0.000000,20.000000,2.000000,0.726000,-0.001609,-0.003584,4.251068,-0.020775,1.586009,-0.000120,0.012163,32.200000,0.000000,0.080603,0.002721,-0.000199,-0.000084,0.000426,0.033114,
0.040000,23.128999,23.128999,3.000000,21.640009,21.640009,0.000000,20.099999,3.000000,0.733600,-0.001429,-0.003782,4.250349,-0.020750,1.587631,-0.000479,0.008372,32.300000,0.000000,0.079017,0.001896,-0.000159,0.000804,-0.001513,0.034690,
0.040000,23.054754,23.054754,2.000000,21.644083,21.644083,0.000000,20.200000,2.000000,0.732800,-0.001478,-0.003723,4.246960,-0.019587,1.586856,-0.000233,0.008360,32.400000,0.000000,0.077464,0.002001,-0.000226,-0.000901,0.000499,0.023280,
0.040000,22.984799,22.984799,5.000000,21.655670,21.655670,0.000000,20.300000,5.000000,0.747200,-0.001444,-0.003493,4.247735,-0.020018,1.585925,-0.000365,0.010357,32.500000,0.000000,0.076175,0.002626,-0.000171,0.000012,-0.000095,0.004099,
0.040000,22.917214,22.917214,5.000000,21.633099,21.633099,0.000000,20.400000,5.000000,0.745200,-0.001636,-0.003494,4.248964,-0.020670,1.585278,-0.000509,0.011133,32.600000,0.000000,0.074583,0.002423,-0.000194,0.001418,0.000196,-0.004189,
0.040000,22.851645,22.851645,3.000000,21.605829,21.605829,0.000000,20.500000,3.000000,0.754000,-0.001470,-0.003530,4.245226,-0.019016,1.585210,-0.000401,0.008302,32.700000,0.000000,0.072978,0.002134,-0.000220,0.000526,-0.001102,-0.005600,
0.040000,22.791762,22.791762,3.000000,21.653975,21.653975,0.000000,20.599999,3.000000,0.728400,-0.001324,-0.003633,4.249163,-0.019438,1.584988,-0.000625,0.008415,32.800000,0.000000,0.071874,0.002826,-0.000192,-0.000017,0.000611,-0.002557,
0.040000,22.733075,22.733075,3.000000,21.618034,21.618034,0.000000,20.700000,3.000000,0.745200,-0.001380,-0.003787,4.247338,-0.015536,1.583840,-0.000538,0.007501,32.900000,0.000000,0.070360,0.001994,-0.000235,-0.000647,0.001138,-0.002343,
0.040000,22.676142,22.676142,6.000000,21.594400,21.594400,0.000000,20.800000,6.000000,0.777600,-0.001492,-0.003575,4.245443,-0.000707,1.581973,-0.000305,0.008699,33.000000,0.000000,0.069746,0.002304,-0.000213,-0.001210,0.000117,-0.007995,
0.040000,22.623666,22.623666,7.000000,21.626640,21.626640,0.000000,20.900000,7.000000,0.768000,-0.001340,-0.003778,4.256509,0.039357,1.583959,-0.000328,0.012237,33.100000,0.000000,0.071302,0.002594,-0.000165,0.000835,-0.000604,-0.014594,
0.040000,22.579743,22.579743,10.000000,21.745199,21.745199,0.000000,21.000000,10.000000,0.691600,-0.001265,-0.003466,4.258551,0.094291,1.597217,-0.000476,0.011081,33.200000,0.000000,0.077784,0.000268,-0.000187,-0.000919,0.000660,0.006705,
0.040000,22.542113,22.542113,5.000000,21.827145,21.827145,0.000000,21.099999,5.000000,0.648800,-0.002854,-0.004140,4.249263,0.252789,1.628136,-0.000133,0.012632,33.300000,0.000000,0.087095,-0.000283,-0.000229,0.001684,0.000421,0.084500,
0.040000,22.513093,22.513093,5.000000,21.961700,21.961700,0.000000,21.200000,5.000000,0.715200,-0.002854,-0.004140,4.249263,0.252789,1.628136,-0.000133,0.012694,33.400000,0.000000,0.100369,-0.000138,-0.000193,0.002492,-0.000777,0.139629,
0.040000,22.487371,22.487371,6.000000,21.998657,21.998657,0.000000,21.300000,6.000000,0.631200,-0.002695,-0.004176,4.238303,0.333277,1.639271,-0.000402,0.020851,33.500000,0.000000,0.114763,0.000448,-0.000192,-0.004745,-0.009845,0.137036,
0.040000,22.458336,22.458336,6.000000,21.906673,21.906673,0.000000,21.400000,6.000000,0.610400,-0.002810,-0.003857,4.223524,0.494887,1.649332,0.000986,0.012107,33.600000,0.000000,0.128500,0.001690,-0.000281,-0.001846,-0.003063,0.121165,
0.040000,22.432072,22.432072,4.000000,21.933062,21.933062,0.000000,21.500000,4.000000,0.678000,-0.002810,-0.003857,4.223524,0.494887,1.649332,0.000986,0.010425,33.700000,0.000000,0.141375,0.001922,-0.000274,0.001992,-0.001071,0.087945,
0.040000,22.403876,22.403876,5.000000,21.868139,21.868139,0.000000,21.599999,5.000000,0.604400,-0.002871,-0.003920,4.215960,0.576106,1.650286,0.000475,0.021880,33.800000,0.000000,0.155238,0.002235,-0.000079,0.000204,-0.001461,0.054099,
0.040000,22.369755,22.369755,4.000000,21.721470,21.721470,0.000000,21.700000,4.000000,0.552400,-0.002201,-0.002686,4.199562,0.733327,1.646530,0.000693,0.011016,33.900000,0.000000,0.168292,0.002422,-0.000223,-0.000295,-0.000960,0.026561,
0.040000,22.335047,22.335047,3.000000,21.675583,21.675583,0.000000,21.800000,3.000000,0.650000,-0.002201,-0.002686,4.199562,0.733327,1.646530,0.000693,0.010106,34.000000,0.000000,0.180730,0.003021,-0.000167,0.002023,0.001375,0.004756,
0.040000,22.295981,22.295981,4.000000,21.553740,21.553740,0.000000,21.900000,4.000000,0.612000,-0.002389,-0.002982,4.192894,0.818158,1.642276,0.000336,0.022999,34.100000,0.000000,0.192634,0.003092,-0.000255,0.006203,0.002998,-0.015994,
0.040000,22.251327,22.251327,3.000000,21.402889,21.402889,0.000000,22.000000,3.000000,0.578400,-0.003100,-0.003012,4.179382,0.977397,1.631570,0.001731,0.008774,34.200000,0.000000,0.205649,0.003076,-0.000357,0.000485,0.000063,-0.032405,
0.040000,22.200239,22.200239,3.000000,21.229572,21.229572,0.000000,22.099999,3.000000,0.659600,-0.003100,-0.003012,4.179382,0.977397,1.631570,0.001731,0.009217,34.300000,0.000000,0.217227,0.003233,-0.000300,-0.000805,-0.001701,-0.042670,
0.040000,22.146006,22.146006,3.000000,21.115572,21.115572,0.000000,22.200000,3.000000,0.610000,-0.002933,-0.003152,4.176219,1.058411,1.624919,0.001412,0.019227,34.400000,0.000000,0.228884,0.003445,-0.000147,0.000314,-0.003117,-0.052183,
0.040000,22.086165,22.086165,3.000000,20.949200,20.949200,0.000000,22.300000,3.000000,0.601600,-0.003571,-0.003017,4.168831,1.218621,1.611282,0.002370,0.020959,34.500000,0.000000,0.240387,0.003029,-0.000258,-0.000869,-0.000035,-0.061032,
0.040000,22.022085,22.022085,3.000000,20.804550,20.804550,0.000000,22.400000,3.000000,0.684800,-0.003571,-0.003017,4.168831,1.218621,1.611282,0.002370,0.020794,34.600000,0.000000,0.251291,0.002992,-0.000058,0.000275,-0.003151,-0.064891,
0.040000,21.952284,21.952284,4.000000,20.626068,20.626068,0.000000,22.500000,4.000000,0.642400,-0.003557,-0.003177,4.166637,1.299694,1.604621,0.002292,0.021287,34.700000,0.000000,0.262382,0.002763,-0.000164,0.000048,-0.001752,-0.067501,
0.040000,21.877067,21.877067,3.000000,20.447945,20.447945,0.000000,22.600000,3.000000,0.627600,-0.004022,-0.003184,4.162788,1.458859,1.593021,0.001499,0.008764,34.800000,0.000000,0.273231,0.002493,-0.000234,-0.001114,-0.000450,-0.066952,
0.040000,21.798083,21.798083,2.000000,20.297390,20.297390,0.000000,22.700000,2.000000,0.696800,-0.004022,-0.003184,4.162788,1.458859,1.593021,0.001499,0.020879,34.900000,0.000000,0.283406,0.002566,-0.000231,0.000813,-0.000629,-0.062239,
0.040000,21.719743,21.719743,3.000000,20.231279,20.231279,0.000000,22.800000,3.000000,0.649200,-0.003938,-0.003239,4.161748,1.537378,1.588084,0.001625,0.021266,35.000000,0.000000,0.293712,0.002184,-0.000496,-0.001238,-0.002442,-0.058808,
0.040000,21.637110,21.637110,3.000000,20.067083,20.067083,0.000000,22.900000,3.000000,0.623600,-0.004293,-0.003019,4.160794,1.696811,1.580145,0.003077,0.008191,35.100000,0.000000,0.303435,0.002001,-0.000524,-0.000935,-0.000314,-0.052968,
0.040000,21.556078,21.556078,2.000000,20.016472,20.016472,0.000000,23.000000,2.000000,0.696800,-0.004293,-0.003019,4.160794,1.696811,1.580145,0.003077,0.021188,35.200000,0.000000,0.313194,0.001903,-0.000319,0.000838,0.002543,-0.046795,
0.040000,21.480046,21.480046,3.000000,20.035435,20.035435,0.000000,23.100000,3.000000,0.647200,-0.004288,-0.002949,4.161014,1.776013,1.577089,0.003450,0.019459,35.300000,0.000000,0.322776,0.001635,-0.000339,0.000297,-0.003734,-0.040387,
0.040000,21.405761,21.405761,3.000000,19.994347,19.994347,0.000000,23.200000,3.000000,0.572000,-0.003515,-0.002755,4.161019,1.934485,1.572990,0.002963,0.008653,35.400000,0.000000,0.332058,0.001413,-0.000326,0.000466,-0.001336,-0.034314,
0.040000,21.331998,21.331998,2.000000,19.930504,19.930504,0.000000,23.300000,2.000000,0.684400,-0.003515,-0.002755,4.161019,1.934485,1.572990,0.002963,0.010974,35.500000,0.000000,0.341312,0.001383,-0.000477,0.001127,0.001487,-0.027287,
0.040000,21.260454,21.260454,2.000000,19.901125,19.901125,0.000000,23.400000,2.000000,0.639600,-0.003792,-0.002490,4.160377,2.014732,1.571760,0.003591,0.019801,35.600000,0.000000,0.350087,0.001195,-0.000537,0.000579,0.003417,-0.021561,
0.040000,21.188302,21.188302,2.000000,19.817400,19.817400,0.000000,23.500000,2.000000,0.594400,-0.004017,-0.003084,4.162769,2.174844,1.570647,0.003228,0.007929,35.700000,0.000000,0.359038,0.001264,-0.000457,0.001829,-0.000387,-0.015841,
0.040000,21.117101,21.117101,2.000000,19.764292,19.764292,0.000000,23.600000,2.000000,0.704000,-0.004017,-0.003084,4.162769,2.174844,1.570647,0.003228,0.011033,35.800000,0.000000,0.367914,0.001128,-0.000365,0.000228,-0.003537,-0.010887,
0.040000,21.045963,21.045963,3.000000,19.694340,19.694340,0.000000,23.700000,3.000000,0.656400,-0.004135,-0.002914,4.162815,2.254654,1.570771,0.003886,0.020954,35.900000,0.000000,0.376334,0.000725,-0.000643,-0.003141,0.000667,-0.006201,
0.040000,20.975083,20.975083,2.000000,19.628368,19.628368,0.000000,23.800000,2.000000,0.610800,-0.003982,-0.002862,4.163694,2.414591,1.572006,0.004195,0.007425,36.000000,0.000000,0.384680,0.000704,-0.000563,-0.000146,-0.000478,-0.001605,
0.040000,20.901706,20.901706,2.000000,19.507528,19.507528,0.000000,23.900000,2.000000,0.687600,-0.003982,-0.002862,4.163694,2.414591,1.572006,0.004195,0.009237,36.100000,0.000000,0.392891,0.000674,-0.000575,-0.001404,-0.000321,0.002073,
0.040000,20.829041,20.829041,2.000000,19.448416,19.448416,0.000000,24.000000,2.000000,0.641200,-0.004131,-0.002934,4.163381,2.494325,1.573029,0.004598,0.020540,36.200000,0.000000,0.400941,0.000497,-0.000611,0.001164,0.000938,0.005742,
0.040000,20.756428,20.756428,3.000000,19.376781,19.376781,0.000000,24.100000,3.000000,0.600400,-0.004197,-0.002922,4.163694,2.651490,1.575803,0.004577,0.008015,36.300000,0.000000,0.408785,0.000530,-0.000582,0.000028,-0.000579,0.008510,
0.040000,20.681403,20.681403,5.000000,19.255928,19.255928,0.000000,24.300000,5.000000,0.580000,-0.004197,-0.002922,4.163694,2.651490,1.575803,0.004577,0.012144,36.500000,0.000000,0.484365,-0.016866,0.002429,0.000722,0.004801,0.088077,
0.040000,20.615955,20.615955,6.000000,19.372444,19.372444,0.000000,24.400000,6.000000,0.574800,-0.004175,-0.002579,4.176864,2.749517,1.599658,0.004770,0.025080,36.600000,0.000000,0.423556,0.000354,-0.000690,-0.001067,-0.001265,0.013772,
0.040000,20.566503,20.566503,5.000000,19.626919,19.626919,0.000000,24.500000,5.000000,0.546400,-0.005043,-0.002933,4.174678,2.777148,1.618739,0.004978,0.010163,36.700000,0.000000,0.428777,-0.005057,-0.000737,0.002044,-0.000268,0.113856,
0.040000,20.531484,20.531484,4.000000,19.866108,19.866108,0.000000,24.600000,4.000000,0.573600,-0.003435,-0.003244,4.166685,2.779940,1.639008,0.004575,0.008970,36.800000,0.000000,0.425783,-0.004684,-0.000704,-0.000557,-0.005214,0.156397,
0.040000,20.509712,20.509712,7.000000,20.096048,20.096048,0.000000,24.700000,7.000000,0.566400,-0.004189,-0.003151,4.170051,2.782122,1.656333,0.005717,0.008086,36.900000,0.000000,0.418015,-0.003044,-0.000768,-0.001590,0.007362,0.184589,
0.040000,20.499604,20.499604,6.000000,20.307560,20.307560,0.000000,24.800000,6.000000,0.550400,-0.004295,-0.003207,4.163089,2.779185,1.675032,0.005131,0.012124,37.000000,0.000000,0.410159,-0.003676,-0.000531,0.000374,-0.002173,0.177580,
0.040000,20.499596,20.499596,6.000000,20.499435,20.499435,0.000000,24.900000,6.000000,0.528000,-0.003964,-0.003273,4.166626,2.781251,1.693515,0.005770,0.018163,37.100000,0.000000,0.401611,-0.002186,-0.000630,0.000289,-0.001852,0.183388,
0.040000,20.513171,20.513171,10.000000,20.771109,20.771109,0.000000,25.000000,10.000000,0.544800,-0.003915,-0.003726,4.168867,2.782775,1.714296,0.004936,0.011438,37.200000,0.000000,0.394024,-0.002879,-0.000495,0.000171,0.000972,0.184283,
0.040000,20.538954,20.538954,4.000000,21.028824,21.028824,0.000000,25.100000,4.000000,0.523200,-0.003334,-0.003408,4.165938,2.786770,1.759846,0.004952,0.013066,37.300000,0.000000,0.386495,-0.003297,-0.000652,-0.002228,0.000220,0.198823,
0.040000,20.575617,20.575617,3.000000,21.272209,21.272209,0.000000,25.200000,3.000000,0.674400,-0.003334,-0.003408,4.165938,2.786770,1.759846,0.004952,0.011035,37.400000,0.000000,0.378958,-0.002373,-0.000784,0.000700,-0.001415,0.215174,
0.040000,20.622743,20.622743,4.000000,21.518141,21.518141,0.000000,25.300000,4.000000,0.664000,-0.003464,-0.003460,4.166452,2.787554,1.784852,0.004899,0.020130,37.500000,0.000000,0.372248,-0.002744,-0.000623,0.001764,0.003548,0.224482,
0.040000,20.679571,20.679571,3.000000,21.759304,21.759304,0.000000,25.400000,3.000000,0.659600,-0.003581,-0.003597,4.168439,2.788383,1.811120,0.005166,0.012644,37.600000,0.000000,0.365035,-0.002818,-0.000622,0.000881,0.000024,0.240286,
0.040000,20.748289,20.748289,3.000000,22.053936,22.053936,0.000000,25.500000,3.000000,0.661600,-0.003237,-0.003460,4.170225,2.789822,1.837810,0.005006,0.008679,37.700000,0.000000,0.357908,-0.003181,-0.000558,0.000063,-0.001292,0.254120,
0.040000,20.830683,20.830683,3.000000,22.396173,22.396173,0.000000,25.600000,3.000000,0.649600,-0.003213,-0.003507,4.169205,2.790577,1.865037,0.004953,0.009744,37.800000,0.000000,0.351035,-0.003528,-0.000581,0.001429,0.001052,0.262025,
0.040000,20.928395,20.928395,3.000000,22.784916,22.784916,0.000000,25.700000,3.000000,0.647200,-0.003186,-0.003641,4.170889,2.792322,1.893188,0.005001,0.007660,37.900000,0.000000,0.344302,-0.003303,-0.000580,0.000798,-0.000033,0.268355,
0.040000,21.039194,21.039194,3.000000,23.144371,23.144371,0.000000,25.800000,3.000000,0.634400,-0.002957,-0.003665,4.172401,2.792165,1.949702,0.005205,0.008704,38.000000,0.000000,0.337738,-0.003656,-0.000561,0.000035,-0.000469,0.276486,
0.040000,21.159710,21.159710,3.000000,23.449524,23.449524,0.000000,25.900000,3.000000,0.741600,-0.002957,-0.003665,4.172401,2.792165,1.949702,0.005205,0.011434,38.100000,0.000000,0.331373,-0.002989,-0.000424,0.000906,-0.000148,0.281498,
0.040000,21.290382,21.290382,3.000000,23.773149,23.773149,0.000000,26.000000,3.000000,0.746000,-0.002738,-0.003761,4.172011,2.792337,1.978413,0.004851,0.021458,38.200000,0.000000,0.324377,-0.003786,-0.000502,0.000376,0.000064,0.280907,
0.040000,21.430666,21.430666,3.000000,24.096062,24.096062,0.000000,26.100000,3.000000,0.722800,-0.002467,-0.003790,4.173118,2.792495,2.006747,0.004846,0.009223,38.300000,0.000000,0.318030,-0.003652,-0.000562,0.000059,0.000717,0.284749,
0.040000,21.577378,21.577378,3.000000,24.364906,24.364906,0.000000,26.200000,3.000000,0.726000,-0.002666,-0.003897,4.171526,2.792539,2.034994,0.004964,0.010673,38.400000,0.000000,0.311691,-0.003793,-0.000553,0.000299,0.001290,0.283877,
0.040000,21.731878,21.731878,3.000000,24.667372,24.667372,0.000000,26.300000,3.000000,0.736800,-0.002530,-0.004055,4.172717,2.792244,2.063182,0.005081,0.011635,38.500000,0.000000,0.305674,-0.003437,-0.000518,-0.000099,-0.001408,0.283001,
0.040000,21.889380,21.889380,4.000000,24.881914,24.881914,0.000000,26.400000,4.000000,0.716000,-0.002256,-0.003943,4.171657,2.792401,2.091155,0.004860,0.010612,38.600000,0.000000,0.299478,-0.003553,-0.000485,-0.000559,-0.000392,0.282309,
0.040000,22.052730,22.052730,3.000000,25.156382,25.156382,0.000000,26.500000,3.000000,0.719600,-0.001986,-0.004269,4.173022,2.793266,2.146454,0.004883,0.010034,38.700000,0.000000,0.293688,-0.003313,-0.000519,0.000892,0.000852,0.280723,
0.040000,22.217987,22.217987,3.000000,25.357868,25.357868,0.000000,26.600000,3.000000,0.776000,-0.001986,-0.004269,4.173022,2.793266,2.146454,0.004883,0.008826,38.800000,0.000000,0.288189,-0.003479,-0.000464,0.000407,-0.001481,0.277697,
0.040000,22.381256,22.381256,3.000000,25.483376,25.483376,0.000000,26.700000,3.000000,0.752400,-0.001930,-0.004179,4.174010,2.792348,2.174203,0.005070,0.023330,38.900000,0.000000,0.282202,-0.003490,-0.000496,-0.001146,0.001525,0.277367,
0.040000,22.544986,22.544986,3.000000,25.655861,25.655861,0.000000,26.800000,3.000000,0.764400,-0.001935,-0.004086,4.174073,2.792618,2.201998,0.005210,0.008162,39.000000,0.000000,0.276367,-0.003486,-0.000449,0.000450,0.000203,0.277444,
0.040000,22.708947,22.708947,3.000000,25.824196,25.824196,0.000000,26.900000,3.000000,0.766000,-0.001691,-0.004068,4.176035,2.791245,2.229325,0.005026,0.011399,39.100000,0.000000,0.270942,-0.003458,-0.000412,0.001081,-0.000663,0.277759,
0.040000,22.869751,22.869751,3.000000,25.925035,25.925035,0.000000,27.000000,3.000000,0.749200,-0.001435,-0.004270,4.175339,2.790841,2.256545,0.004874,0.012777,39.200000,0.000000,0.265138,-0.003542,-0.000441,0.000828,0.000569,0.274988,
0.040000,23.027224,23.027224,3.000000,26.019201,26.019201,0.000000,27.100000,3.000000,0.745200,-0.001356,-0.004091,4.176867,2.790797,2.283794,0.005046,0.010151,39.300000,0.000000,0.259919,-0.003314,-0.000461,-0.000666,0.001094,0.273269,
0.040000,23.182367,23.182367,3.000000,26.130085,26.130085,0.000000,27.200000,3.000000,0.729600,-0.000972,-0.004149,4.180454,2.787606,2.338691,0.004770,0.011727,39.400000,0.000000,0.254582,-0.003477,-0.000419,0.001085,0.000206,0.272785,
0.040000,23.333374,23.333374,3.000000,26.202507,26.202507,0.000000,27.300000,3.000000,0.791600,-0.000972,-0.004149,4.180454,2.787606,2.338691,0.004770,0.010217,39.500000,0.000000,0.248985,-0.003684,-0.000363,0.000368,0.000818,0.273898,
0.040000,23.478282,23.478282,2.000000,26.231531,26.231531,0.000000,27.400000,2.000000,0.804400,-0.000889,-0.004160,4.182401,2.787643,2.365595,0.004455,0.024079,39.600000,0.000000,0.243690,-0.003449,-0.000457,0.000215,0.000547,0.274206,
0.040000,23.616569,23.616569,2.000000,26.244034,26.244034,0.000000,27.500000,2.000000,0.774400,-0.000805,-0.004092,4.181794,2.786985,2.392826,0.004704,0.007647,39.700000,0.000000,0.238610,-0.003663,-0.000511,0.000169,0.000029,0.271013,
0.040000,23.748400,23.748400,3.000000,26.253183,26.253183,0.000000,27.700000,3.000000,0.771200,-0.000825,-0.003932,4.181996,2.785646,2.419573,0.004833,0.010669,39.900000,0.000000,0.233887,-0.003413,-0.000451,0.000629,-0.000168,0.271818,
0.040000,23.873305,23.873305,2.000000,26.246502,26.246502,0.000000,27.800000,2.000000,0.770800,-0.000629,-0.004035,4.186349,2.784891,2.473477,0.004902,0.009960,40.000000,0.000000,0.229052,-0.003179,-0.000416,0.001364,-0.000848,0.269127,
0.040000,23.989465,23.989465,3.000000,26.196503,26.196503,0.000000,27.900000,3.000000,0.764000,-0.000313,-0.003872,4.184539,2.783669,2.527313,0.004963,0.012089,40.100000,0.000000,0.209529,-0.003839,-0.000359,-0.000233,-0.000132,0.269502,
0.040000,24.096229,24.096229,2.000000,26.124741,26.124741,0.000000,28.000000,2.000000,0.816000,-0.000313,-0.003872,4.184539,2.783669,2.527313,0.004963,0.011233,40.200000,0.000000,0.205716,-0.003175,-0.000374,-0.000118,-0.000005,0.269781,
0.040000,24.194270,24.194270,2.000000,26.057053,26.057053,0.000000,28.100000,2.000000,0.813600,-0.000260,-0.003845,4.184491,2.782657,2.554219,0.005005,0.023653,40.300000,0.000000,0.201476,-0.003286,-0.000330,0.001122,0.000547,0.268916,
0.040000,24.281390,24.281390,2.000000,25.936666,25.936666,0.000000,28.200000,2.000000,0.795200,-0.000040,-0.003913,4.186125,2.782662,2.581137,0.005039,0.007768,40.400000,0.000000,0.197399,-0.003053,-0.000315,0.000643,-0.000104,0.269008,
0.040000,24.358466,24.358466,2.000000,25.822910,25.822910,0.000000,28.300000,2.000000,0.787600,0.000027,-0.003680,4.185211,2.781290,2.607931,0.004924,0.009843,40.500000,0.000000,0.193241,-0.003172,-0.000303,-0.000146,0.000674,0.269115,
0.040000,24.425449,24.425449,2.000000,25.698120,25.698120,0.000000,28.400000,2.000000,0.789200,0.000025,-0.003878,4.186241,2.782095,2.634741,0.004964,0.008663,40.600000,0.000000,0.189441,-0.002785,-0.000318,0.001384,0.000047,0.268395,
0.040000,24.479001,24.479001,2.000000,25.496490,25.496490,0.000000,28.500000,2.000000,0.786800,0.000237,-0.003687,4.187192,2.780274,2.661676,0.004819,0.009394,40.700000,0.000000,0.185613,-0.002970,-0.000305,-0.000698,-0.000623,0.268210,
0.040000,24.523457,24.523457,2.000000,25.368118,25.368118,0.000000,28.600000,2.000000,0.782000,0.000300,-0.003697,4.189229,2.779100,2.715327,0.004849,0.013343,40.800000,0.000000,0.181615,-0.002688,-0.000326,0.000889,0.000442,0.268920,
0.040000,24.555608,24.555608,2.000000,25.166494,25.166494,0.000000,28.700000,2.000000,0.818400,0.000300,-0.003697,4.189229,2.779100,2.715327,0.004849,0.012016,40.900000,0.000000,0.177895,-0.002679,-0.000301,0.000369,0.000421,0.268178,
0.040000,24.575943,24.575943,2.000000,24.962307,24.962307,0.000000,28.800000,2.000000,0.803600,0.000478,-0.003581,4.190070,2.779221,2.741796,0.004867,0.023954,41.000000,0.000000,0.174063,-0.002554,-0.000308,-0.000057,-0.000922,0.268553,
0.040000,24.582710,24.582710,2.000000,24.711283,24.711283,0.000000,28.900000,2.000000,0.808800,0.000488,-0.003523,4.190548,2.779532,2.768741,0.004890,0.008583,41.100000,0.000000,0.170488,-0.002594,-0.000299,0.000632,0.000152,0.266169,
0.040000,24.577979,24.577979,2.000000,24.488077,24.488077,0.000000,29.000000,2.000000,0.785600,0.000577,-0.003451,4.192200,2.778524,2.795600,0.004937,0.007847,41.200000,0.000000,0.167061,-0.002636,-0.000289,0.000518,-0.000470,0.268197,
0.040000,24.559573,24.559573,2.000000,24.209858,24.209858,0.000000,29.100000,2.000000,0.790400,0.000619,-0.003496,4.192377,2.778867,2.822459,0.005068,0.008979,41.300000,0.000000,0.163389,-0.002517,-0.000274,0.000559,-0.000209,0.268438,
0.040000,24.528002,24.528002,2.000000,23.928154,23.928154,0.000000,29.200000,2.000000,0.775600,0.000748,-0.003484,4.193032,2.777743,2.849330,0.004818,0.007726,41.400000,0.000000,0.160154,-0.002543,-0.000243,-0.000164,-0.000400,0.268532,
0.040000,24.484282,24.484282,3.000000,23.653612,23.653612,0.000000,29.300000,3.000000,0.779200,0.001157,-0.003385,4.191104,2.777199,2.899352,0.004517,0.011851,41.500000,0.000000,0.156801,-0.002323,-0.000287,-0.000103,0.000068,0.268647,
0.040000,24.429286,24.429286,2.000000,23.384348,23.384348,0.000000,29.400000,2.000000,0.828000,0.001157,-0.003385,4.191104,2.777199,2.899352,0.004517,0.009344,41.600000,0.000000,0.153793,-0.002359,-0.000209,0.000635,-0.000905,0.263520,
0.040000,24.363540,24.363540,2.000000,23.114376,23.114376,0.000000,29.500000,2.000000,0.815600,0.001187,-0.003413,4.189299,2.777690,2.921333,0.004589,0.021708,41.700000,0.000000,0.151010,-0.002024,-0.000336,-0.000073,0.002058,0.248904,
0.040000,24.289522,24.289522,2.000000,22.883181,22.883181,0.000000,29.600000,2.000000,0.820800,0.001317,-0.003379,4.190140,2.777674,2.940963,0.004467,0.009358,41.800000,0.000000,0.148398,-0.001993,-0.000314,-0.000364,0.000515,0.230926,
0.040000,24.207549,24.207549,2.000000,22.650061,22.650061,0.000000,29.700000,2.000000,0.818000,0.001498,-0.003410,4.188096,2.777229,2.958690,0.004756,0.010090,41.900000,0.000000,0.145305,-0.001987,-0.000333,-0.000079,0.000587,0.209527,
0.040000,24.118366,24.118366,2.000000,22.423883,22.423883,0.000000,29.800000,2.000000,0.814800,0.001738,-0.003285,4.187676,2.776455,2.974676,0.004684,0.010603,42.000000,0.000000,0.142813,-0.001781,-0.000268,-0.000374,0.000972,0.189597,
0.040000,24.024518,24.024518,3.000000,22.241417,22.241417,0.000000,29.900000,3.000000,0.792000,0.001605,-0.003374,4.186749,2.776818,2.989000,0.004566,0.010577,42.100000,0.000000,0.140046,-0.001580,-0.000276,0.000467,0.001523,0.171218,
0.040000,23.926910,23.926910,3.000000,22.072355,22.072355,0.000000,30.000000,3.000000,0.792400,0.001610,-0.003202,4.186152,2.776397,3.001687,0.004358,0.011820,42.200000,0.000000,0.137472,-0.001589,-0.000294,-0.000520,-0.000534,0.153925,
0.040000,23.825623,23.825623,2.000000,21.901175,21.901175,0.000000,30.100000,2.000000,0.786000,0.001768,-0.003035,4.185180,2.777965,3.013114,0.004495,0.010308,42.300000,0.000000,0.134861,-0.001458,-0.000329,0.000741,-0.000436,0.137205,
0.040000,23.721907,23.721907,2.000000,21.751291,21.751291,0.000000,30.200000,2.000000,0.785200,0.001712,-0.003145,4.185753,2.776607,3.024066,0.004503,0.010644,42.400000,0.000000,0.132429,-0.001709,-0.000296,0.001196,0.000595,0.123030,
0.040000,23.616295,23.616295,3.000000,21.609669,21.609669,0.000000,30.300000,3.000000,0.778800,0.001930,-0.003044,4.184701,2.775405,3.033914,0.004147,0.009357,42.500000,0.000000,0.129666,-0.001424,-0.000288,-0.000343,-0.000329,0.114678,
0.040000,23.510129,23.510129,2.000000,21.492983,21.492983,0.000000,30.400000,2.000000,0.773600,0.002183,-0.003300,4.185230,2.776693,3.042270,0.004302,0.010104,42.600000,0.000000,0.127283,-0.001135,-0.000351,0.000385,0.001030,0.104674,
0.040000,23.403500,23.403500,3.000000,21.377552,21.377552,0.000000,30.500000,3.000000,0.782000,0.001880,-0.003031,4.184780,2.775704,3.050283,0.004327,0.008705,42.700000,0.000000,0.124691,-0.001377,-0.000315,-0.001545,0.001793,0.091632,
0.040000,23.296629,23.296629,3.000000,21.266079,21.266079,0.000000,30.600000,3.000000,0.762400,0.001984,-0.002959,4.184704,2.774931,3.057236,0.004316,0.009067,42.800000,0.000000,0.122296,-0.001146,-0.000303,0.000974,-0.001346,0.084513,
0.040000,23.190225,23.190225,2.000000,21.168550,21.168550,0.000000,30.700000,2.000000,0.774400,0.001946,-0.002975,4.186522,2.777494,3.063188,0.004638,0.009834,42.900000,0.000000,0.119879,-0.000970,-0.000298,0.000737,0.000003,0.075257,
0.040000,23.085010,23.085010,3.000000,21.085909,21.085909,0.000000,30.800000,3.000000,0.749200,0.001992,-0.002935,4.185830,2.775982,3.074157,0.004468,0.008586,43.000000,0.000000,0.117194,-0.001486,-0.000231,0.000109,-0.000345,0.065527,
0.040000,22.980931,22.980931,2.000000,21.003435,21.003435,0.000000,30.900000,2.000000,0.818000,0.001992,-0.002935,4.185830,2.775982,3.074157,0.004468,0.013310,43.100000,0.000000,0.115002,-0.001412,-0.000323,-0.001108,0.000294,0.058969,
0.040000,22.878316,22.878316,2.000000,20.928644,20.928644,0.000000,31.000000,2.000000,0.787600,0.002024,-0.002890,4.186516,2.777420,3.078849,0.004299,0.020564,43.200000,0.000000,0.112719,-0.001120,-0.000253,0.000839,-0.000236,0.056381,
0.040000,22.777685,22.777685,3.000000,20.865677,20.865677,0.000000,31.100000,3.000000,0.805200,0.001946,-0.002954,4.188124,2.777127,3.083091,0.004632,0.012486,43.300000,0.000000,0.110374,-0.001391,-0.000282,0.000539,0.000024,0.050533,
0.040000,22.678303,22.678303,2.000000,20.790060,20.790060,0.000000,31.200000,2.000000,0.808400,0.002142,-0.002853,4.186291,2.776157,3.087411,0.004659,0.009377,43.400000,0.000000,0.107871,-0.001326,-0.000211,-0.000241,-0.000548,0.045514,
0.040000,22.580593,22.580593,4.000000,20.724106,20.724106,0.000000,31.300000,4.000000,0.806000,0.001916,-0.002923,4.185892,2.776592,3.091292,0.004518,0.010750,43.500000,0.000000,0.106088,-0.001087,-0.000200,0.000476,0.000927,0.044087,
0.040000,22.484867,22.484867,2.000000,20.666059,20.666059,0.000000,31.400000,2.000000,0.796000,0.002080,-0.002972,4.189422,2.777728,3.095533,0.004640,0.012209,43.600000,0.000000,0.104074,-0.001147,-0.000224,-0.000302,-0.001114,0.040824,
0.040000,22.390507,22.390507,2.000000,20.597666,20.597666,0.000000,31.500000,2.000000,0.791600,0.002157,-0.002923,4.187626,2.775582,3.099197,0.004382,0.008660,43.700000,0.000000,0.101330,-0.001384,-0.000198,-0.000470,0.000507,0.041804,
0.040000,22.297980,22.297980,5.000000,20.539978,20.539978,0.000000,31.600000,5.000000,0.810800,0.002043,-0.002792,4.186595,2.775817,3.102829,0.004170,0.008946,43.800000,0.000000,0.099662,-0.000916,-0.000243,0.000077,0.000603,0.038616,
0.040000,22.206979,22.206979,2.000000,20.477955,20.477955,0.000000,31.700000,2.000000,0.810400,0.002287,-0.002936,4.189895,2.774387,3.107785,0.004337,0.010567,43.900000,0.000000,0.097897,-0.000935,-0.000280,0.000790,-0.000537,0.037197,
0.040000,22.117488,22.117488,3.000000,20.417168,20.417168,0.000000,31.800000,3.000000,0.805600,0.001924,-0.002791,4.188368,2.774602,3.110723,0.004601,0.012088,44.000000,0.000000,0.095297,-0.000660,-0.000242,-0.000652,0.001219,0.044842,
0.040000,22.029234,22.029234,3.000000,20.352406,20.352406,0.000000,31.900000,3.000000,0.795600,0.002134,-0.002819,4.185424,2.778187,3.114451,0.004662,0.007726,44.100000,0.000000,0.093715,-0.000679,-0.000184,0.000607,-0.001829,0.035279,
0.040000,21.942404,21.942404,3.000000,20.292620,20.292620,0.000000,32.000000,3.000000,0.786800,0.002348,-0.002916,4.190030,2.777416,3.118378,0.004238,0.009372,44.200000,0.000000,0.092466,-0.001356,-0.000169,0.000014,0.000534,0.036518,
0.040000,21.856913,21.856913,4.000000,20.232588,20.232588,0.000000,32.100000,4.000000,0.802800,0.002162,-0.002721,4.189000,2.778406,3.121961,0.004223,0.008812,44.300000,0.000000,0.089722,-0.001202,-0.000251,-0.000646,0.001455,0.038221,
0.040000,21.772489,21.772489,3.000000,20.168428,20.168428,0.000000,32.200000,3.000000,0.810800,0.002148,-0.002747,4.187927,2.775501,3.125838,0.004318,0.009215,44.400000,0.000000,0.088155,-0.001369,-0.000249,0.000904,-0.000654,0.036741,
0.040000,21.689307,21.689307,3.000000,20.108858,20.108858,0.000000,32.300000,3.000000,0.793600,0.002253,-0.002723,4.189312,2.777278,3.129284,0.004212,0.009285,44.500000,0.000000,0.086612,-0.000763,-0.000224,0.000135,-0.000404,0.037996,
0.040000,21.607218,21.607218,4.000000,20.047531,20.047531,0.000000,32.400000,4.000000,0.807600,0.002346,-0.002646,4.190136,2.777855,3.132946,0.004198,0.009676,44.600000,0.000000,0.084631,-0.001104,-0.000242,0.000152,0.000435,0.035813,
0.040000,21.526261,21.526261,3.000000,19.988077,19.988077,0.000000,32.500000,3.000000,0.798400,0.002092,-0.002637,4.190504,2.777992,3.136826,0.004488,0.011210,44.700000,0.000000,0.082795,-0.001198,-0.000240,0.000482,0.000683,0.036309,
0.040000,21.446319,21.446319,3.000000,19.927416,19.927416,0.000000,32.600000,3.000000,0.798000,0.002298,-0.002640,4.187413,2.776345,3.140314,0.004375,0.011312,44.800000,0.000000,0.081084,-0.001202,-0.000178,0.000187,-0.001374,0.037846,
0.040000,21.367371,21.367371,2.000000,19.867361,19.867361,0.000000,32.700000,2.000000,0.797600,0.002120,-0.002589,4.189866,2.774481,-3.139014,0.004324,0.012714,44.900000,0.000000,0.080090,-0.000850,-0.000195,0.000007,0.000694,0.036018,
0.040000,21.289309,21.289309,3.000000,19.806124,19.806124,0.000000,32.800000,3.000000,0.807200,0.002293,-0.002627,4.190938,2.777043,-3.135743,0.004558,0.008469,45.000000,0.000000,0.078020,-0.000465,-0.000202,0.000262,-0.000902,0.037594,
0.040000,21.212158,21.212158,3.000000,19.746298,19.746298,0.000000,32.900000,3.000000,0.784400,0.002159,-0.002675,4.192274,2.775632,-3.131693,0.004532,0.008942,45.100000,0.000000,0.076262,-0.000962,-0.000153,-0.000174,0.000676,0.034579,
0.040000,21.136990,21.136990,5.000000,19.708792,19.708792,0.000000,33.000000,5.000000,0.774000,0.002230,-0.002648,4.188743,2.776778,-3.129757,0.004640,0.018045,45.200000,0.000000,0.074491,-0.000662,-0.000155,-0.000420,-0.000638,0.038232,
0.040000,21.066142,21.066142,4.000000,19.720043,19.720043,0.000000,33.100000,4.000000,0.762400,0.002289,-0.002628,4.189212,2.778407,-3.130911,0.004438,0.009377,45.300000,0.000000,0.073713,-0.000883,-0.000130,-0.000019,0.000164,0.026572,
0.040000,20.999763,20.999763,6.000000,19.738554,19.738554,0.000000,33.200000,6.000000,0.746400,0.002217,-0.002780,4.189748,2.776151,-3.131029,0.004405,0.008462,45.400000,0.000000,0.072158,-0.001186,-0.000168,0.000131,0.000446,0.003019,
0.040000,20.939525,20.939525,5.000000,19.794998,19.794998,0.000000,33.300000,5.000000,0.801600,0.002406,-0.002709,4.177238,2.777364,-3.133887,0.004167,0.012621,45.500000,0.000000,0.070629,-0.000715,-0.000170,-0.000885,-0.000274,0.000421,
0.040000,20.881342,20.881342,4.000000,19.775875,19.775875,0.000000,33.400000,4.000000,0.798400,0.002314,-0.002624,4.140956,2.776756,-3.132216,0.004069,0.011595,45.600000,0.000000,0.071704,-0.000967,-0.000209,0.000140,0.001109,-0.017500,
0.040000,20.829832,20.829832,5.000000,19.851139,19.851139,0.000000,33.500000,5.000000,0.724400,0.002181,-0.002708,4.092004,2.777308,-3.120200,0.004555,0.009181,45.700000,0.000000,0.077466,-0.000883,-0.000207,0.000555,-0.000170,0.003643,
0.040000,20.796898,20.796898,4.000000,20.171144,20.171144,0.000000,33.600000,4.000000,0.697200,0.002965,-0.002828,3.934496,2.770988,-3.088502,0.002078,0.009720,45.800000,0.000000,0.085619,-0.001066,-0.000085,-0.000477,-0.001084,0.075649,
0.040000,20.779405,20.779405,4.000000,20.447052,20.447052,0.000000,33.700000,4.000000,0.732400,0.002965,-0.002828,3.934496,2.770988,-3.088502,0.002078,0.010486,45.900000,0.000000,0.099004,-0.000733,-0.000261,0.000421,0.002341,0.138283,
0.040000,20.773625,20.773625,4.000000,20.663795,20.663795,0.000000,33.800000,4.000000,0.666800,0.002846,-0.002777,3.851045,2.768415,-3.077598,0.002289,0.023502,46.000000,0.000000,0.113159,-0.000731,-0.000492,-0.001694,0.002464,0.139349,
0.040000,20.776731,20.776731,4.000000,20.835743,20.835743,0.000000,33.900000,4.000000,0.651600,0.002296,-0.002193,3.687708,2.755889,-3.066168,0.002430,0.011339,46.100000,0.000000,0.127439,-0.001085,-0.000392,-0.000524,0.000014,0.120613,
0.040000,20.785225,20.785225,3.000000,20.946621,20.946621,0.000000,34.000000,3.000000,0.700000,0.002296,-0.002193,3.687708,2.755889,-3.066168,0.002430,0.010224,46.200000,0.000000,0.140457,-0.000604,-0.000378,0.003780,0.000453,0.092847,
0.040000,20.796765,20.796765,4.000000,21.016016,21.016016,0.000000,34.100000,4.000000,0.654800,0.002258,-0.002016,3.605003,2.748377,-3.064868,0.002137,0.019750,46.300000,0.000000,0.154555,-0.000773,-0.000254,0.000872,-0.003838,0.059325,
0.040000,20.809978,20.809978,4.000000,21.061031,21.061031,0.000000,34.200000,4.000000,0.622400,0.002524,-0.001303,3.444133,2.737137,-3.068515,0.001588,0.008938,46.400000,0.000000,0.167931,-0.000508,-0.000269,0.001414,-0.001719,0.030693,
0.040000,20.823251,20.823251,3.000000,21.075424,21.075424,0.000000,34.300000,3.000000,0.713600,0.002524,-0.001303,3.444133,2.737137,-3.068515,0.001588,0.010986,46.500000,0.000000,0.180644,-0.000756,-0.000294,-0.000064,0.000251,0.005485,
0.040000,20.835082,20.835082,3.000000,21.059889,21.059889,0.000000,34.400000,3.000000,0.678400,0.002350,-0.001785,3.363597,2.731583,-3.072663,0.000872,0.020041,46.600000,0.000000,0.192949,-0.000689,-0.000293,0.005041,0.000873,-0.014201,
0.040000,20.845406,20.845406,3.000000,21.041555,21.041555,0.000000,34.500000,3.000000,0.627600,0.002387,-0.001903,3.201446,2.721343,-3.083400,-0.000142,0.008585,46.700000,0.000000,0.205108,-0.000743,-0.000388,-0.000996,-0.000703,-0.031062,
0.040000,20.852849,20.852849,3.000000,20.994274,20.994274,0.000000,34.600000,3.000000,0.724400,0.002387,-0.001903,3.201446,2.721343,-3.083400,-0.000142,0.025352,46.800000,0.000000,0.216985,-0.000936,-0.000431,0.000496,0.000891,-0.043752,
0.040000,20.857953,20.857953,3.000000,20.954922,20.954922,0.000000,34.700000,3.000000,0.676800,0.002314,-0.001706,3.120666,2.715971,-3.090014,-0.000141,0.019536,46.900000,0.000000,0.228912,-0.000815,-0.000495,-0.001251,-0.000471,-0.051182,
0.040000,20.860167,20.860167,3.000000,20.902222,20.902222,0.000000,34.800000,3.000000,0.654800,0.002271,-0.002094,2.961412,2.710927,-3.103632,-0.000359,0.008901,47.000000,0.000000,0.240406,-0.000667,-0.000446,0.000833,-0.000558,-0.060428,
0.040000,20.859458,20.859458,2.000000,20.845997,20.845997,0.000000,34.900000,2.000000,0.704800,0.002271,-0.002094,2.961412,2.710927,-3.103632,-0.000359,0.010205,47.100000,0.000000,0.251888,-0.001073,-0.000350,-0.000400,-0.003303,-0.065271,
0.040000,20.856032,20.856032,3.000000,20.790930,20.790930,0.000000,35.000000,3.000000,0.668800,0.002081,-0.002073,2.880619,2.708388,-3.110398,-0.000863,0.020261,47.200000,0.000000,0.262195,-0.001156,-0.000409,-0.001655,0.001719,-0.066904,
0.040000,20.850589,20.850589,2.000000,20.747177,20.747177,0.000000,35.100000,2.000000,0.662000,0.001734,-0.002207,2.722029,2.703910,-3.122066,-0.001832,0.008264,47.300000,0.000000,0.273005,-0.001238,-0.000465,-0.000416,-0.000432,-0.067374,
0.040000,20.843436,20.843436,2.000000,20.707529,20.707529,0.000000,35.200000,2.000000,0.728000,0.001734,-0.002207,2.722029,2.703910,-3.122066,-0.001832,0.010160,47.400000,0.000000,0.283462,-0.001151,-0.000519,-0.001015,-0.001402,-0.063611,
0.040000,20.835179,20.835179,2.000000,20.678293,20.678293,0.000000,35.300000,2.000000,0.688000,0.001534,-0.002223,2.641626,2.702671,-3.127093,-0.001992,0.022417,47.500000,0.000000,0.293397,-0.001188,-0.000575,-0.000218,-0.001286,-0.058539,
0.040000,20.830363,20.830363,2.000000,20.738865,20.738865,0.000000,35.400000,2.000000,0.648800,0.001185,-0.002083,2.483387,2.700170,-3.135086,-0.002175,0.020802,47.600000,0.000000,0.303507,-0.001230,-0.000568,-0.000132,-0.001655,-0.053429,
0.040000,20.831640,20.831640,2.000000,20.855904,20.855904,0.000000,35.500000,2.000000,0.736000,0.001185,-0.002083,2.483387,2.700170,-3.135086,-0.002175,0.008722,47.700000,0.000000,0.313261,-0.001132,-0.000587,0.000724,-0.002132,-0.046997,
0.040000,20.838135,20.838135,2.000000,20.961540,20.961540,0.000000,35.600000,2.000000,0.689200,0.001254,-0.002181,2.405505,2.700196,-3.138099,-0.002600,0.020704,47.800000,0.000000,0.322626,-0.001076,-0.000537,0.000428,-0.001370,-0.040768,
0.040000,20.849029,20.849029,2.000000,21.056017,21.056017,0.000000,35.700000,2.000000,0.678400,0.001132,-0.002022,2.246628,2.699442,3.140838,-0.002582,0.020045,47.900000,0.000000,0.331656,-0.001160,-0.000592,-0.000417,-0.000055,-0.034196,
0.040000,20.863578,20.863578,2.000000,21.140007,21.140007,0.000000,35.800000,2.000000,0.731600,0.001132,-0.002022,2.246628,2.699442,3.140838,-0.002582,0.024317,48.000000,0.000000,0.340929,-0.001086,-0.000689,0.000075,-0.000420,-0.028012,
0.040000,20.881008,20.881008,2.000000,21.212179,21.212179,0.000000,35.900000,2.000000,0.706400,0.001174,-0.002119,2.166784,2.699573,3.139512,-0.003493,0.023052,48.100000,0.000000,0.349794,-0.001038,-0.000525,0.000806,-0.000457,-0.022006,
0.040000,20.900856,20.900856,2.000000,21.277956,21.277956,0.000000,36.000000,2.000000,0.674800,0.000351,-0.001969,2.006458,2.700149,3.138338,-0.004440,0.021904,48.200000,0.000000,0.358676,-0.001031,-0.000677,-0.000277,0.000098,-0.016597,
0.040000,20.922617,20.922617,3.000000,21.336077,21.336077,0.000000,36.100000,3.000000,0.748000,0.000351,-0.001969,2.006458,2.700149,3.138338,-0.004440,0.009217,48.300000,0.000000,0.367550,-0.001175,-0.000648,-0.000294,-0.003906,-0.011020,
0.040000,20.945736,20.945736,2.000000,21.385006,21.385006,0.000000,36.200000,2.000000,0.715200,0.000563,-0.002114,1.926712,2.700872,3.138480,-0.004355,0.022645,48.400000,0.000000,0.376038,-0.001023,-0.000811,0.001008,-0.002618,-0.006795,
0.040000,20.969776,20.969776,3.000000,21.426542,21.426542,0.000000,36.300000,3.000000,0.692400,0.000220,-0.002075,1.767293,2.700797,3.139654,-0.003452,0.021453,48.500000,0.000000,0.384382,-0.001095,-0.000773,-0.000512,0.000309,-0.001719,
0.040000,20.994461,20.994461,2.000000,21.463478,21.463478,0.000000,36.400000,2.000000,0.744000,0.000220,-0.002075,1.767293,2.700797,3.139654,-0.003452,0.020902,48.600000,0.000000,0.392670,-0.000831,-0.000608,0.000877,-0.002161,0.001899,
0.040000,21.019482,21.019482,2.000000,21.494877,21.494877,0.000000,36.500000,2.000000,0.699600,0.000646,-0.002109,1.687842,2.700838,3.140669,-0.004826,0.020730,48.700000,0.000000,0.400559,-0.000951,-0.000554,-0.000502,-0.000685,0.005425,
0.040000,21.044752,21.044752,2.000000,21.524870,21.524870,0.000000,36.600000,2.000000,0.671200,0.000412,-0.001904,1.528294,2.700519,-3.139879,-0.004417,0.019191,48.800000,0.000000,0.408358,-0.000909,-0.000812,-0.000405,0.002361,0.008348,
0.040000,21.069974,21.069974,2.000000,21.549196,21.549196,0.000000,36.700000,2.000000,0.727600,0.000412,-0.001904,1.528294,2.700519,-3.139879,-0.004417,0.021774,48.900000,0.000000,0.415966,-0.000873,-0.000603,0.000119,-0.001710,0.010704,
0.040000,21.094988,21.094988,2.000000,21.570261,21.570261,0.000000,36.800000,2.000000,0.706800,0.000308,-0.001907,1.448192,2.700570,-3.138332,-0.004517,0.018958,49.000000,0.000000,0.423625,-0.000801,-0.000689,0.001033,0.000479,0.012872,
0.040000,21.119943,21.119943,2.000000,21.594090,21.594090,0.000000,36.900000,2.000000,0.698800,0.000027,-0.002024,1.286415,2.699965,-3.135417,-0.004480,0.008291,49.100000,0.000000,0.431097,-0.000822,-0.000689,0.000373,-0.000476,0.014472,
0.040000,21.144908,21.144908,2.000000,21.619238,21.619238,0.000000,37.000000,2.000000,0.751200,0.000027,-0.002024,1.286415,2.699965,-3.135417,-0.004480,0.007769,49.200000,0.000000,0.438696,-0.000848,-0.000592,-0.000515,-0.002728,0.014930,
0.040000,21.169983,21.169983,2.000000,21.646412,21.646412,0.000000,37.100000,2.000000,0.712400,-0.000050,-0.002052,1.206815,2.699297,-3.134148,-0.004738,0.020018,49.300000,0.000000,0.445905,-0.000798,-0.000653,-0.000263,-0.000269,0.014314,
0.040000,21.195236,21.195236,3.000000,21.675035,21.675035,0.000000,37.200000,3.000000,0.664000,-0.000251,-0.001926,1.046137,2.697845,-3.131701,-0.004645,0.008514,49.400000,0.000000,0.452837,-0.000747,-0.000691,-0.000273,-0.000599,0.013312,
0.040000,21.220721,21.220721,3.000000,21.704931,21.704931,0.000000,37.300000,3.000000,0.754800,-0.000251,-0.001926,1.046137,2.697845,-3.131701,-0.004645,0.009074,49.500000,0.000000,0.459908,-0.000723,-0.000698,0.000760,-0.001632,0.012301,
0.040000,21.246497,21.246497,3.000000,21.736242,21.736242,0.000000,37.400000,3.000000,0.703200,-0.000466,-0.001861,0.966062,2.697160,-3.130660,-0.003977,0.020511,49.600000,0.000000,0.466579,-0.000686,-0.000650,0.000210,-0.000488,0.012600,
0.040000,21.272783,21.272783,2.000000,21.772219,21.772219,0.000000,37.500000,2.000000,0.680400,-0.000465,-0.001922,0.805820,2.695002,-3.129098,-0.004116,0.007365,49.700000,0.000000,0.473196,-0.000694,-0.000509,0.000485,-0.001530,0.011244,
0.040000,21.300249,21.300249,2.000000,21.822109,21.822109,0.000000,37.600000,2.000000,0.758400,-0.000465,-0.001922,0.805820,2.695002,-3.129098,-0.004116,0.011443,49.800000,0.000000,0.479633,-0.000699,-0.000731,-0.000665,-0.000222,0.009847,
0.040000,21.328606,21.328606,2.000000,21.867378,21.867378,0.000000,37.700000,2.000000,0.704400,-0.000538,-0.001850,0.725370,2.693590,-3.128665,-0.004732,0.020642,49.900000,0.000000,0.486060,-0.000600,-0.000525,0.000220,-0.000457,0.007861,
0.040000,21.358331,21.358331,2.000000,21.923113,21.923113,0.000000,37.800000,2.000000,0.665600,-0.000233,-0.002071,0.566220,2.692090,-3.128006,-0.005300,0.017124,50.000000,0.000000,0.492367,-0.000507,-0.000644,0.000530,-0.000632,0.005677,
0.040000,21.389461,21.389461,3.000000,21.980930,21.980930,0.000000,37.900000,3.000000,0.747200,-0.000233,-0.002071,0.566220,2.692090,-3.128006,-0.005300,0.010582,50.100000,0.000000,0.498551,-0.000641,-0.000431,-0.000099,-0.001457,0.004058,
0.040000,21.421984,21.421984,2.000000,22.039923,22.039923,0.000000,38.000000,2.000000,0.714400,-0.000653,-0.001963,0.483959,2.690958,-3.127765,-0.004452,0.020545,50.200000,0.000000,0.504259,-0.000599,-0.000755,-0.001100,0.002537,0.003738,
0.040000,21.455641,21.455641,2.000000,22.095125,22.095125,0.000000,38.100000,2.000000,0.699600,-0.000685,-0.001743,0.324287,2.688167,-3.127672,-0.004679,0.020935,50.300000,0.000000,0.510564,-0.000585,-0.000576,0.000250,-0.001630,0.002917,
0.040000,21.490303,21.490303,2.000000,22.148870,22.148870,0.000000,38.200000,2.000000,0.775200,-0.000685,-0.001743,0.324287,2.688167,-3.127672,-0.004679,0.009425,50.400000,0.000000,0.516146,-0.000471,-0.000599,0.000552,-0.001749,0.002197,
0.040000,21.525952,21.525952,2.000000,22.203287,22.203287,0.000000,38.300000,2.000000,0.722000,-0.000764,-0.001769,0.244220,2.686802,-3.127821,-0.004660,0.021103,50.500000,0.000000,0.521854,-0.000451,-0.000621,0.001111,0.000257,0.000327,
0.040000,21.562314,21.562314,2.000000,22.253187,22.253187,0.000000,38.400000,2.000000,0.696800,-0.000846,-0.001746,0.084305,2.684616,-3.128173,-0.004077,0.020976,50.600000,0.000000,0.527377,-0.000393,-0.000616,0.000268,-0.000385,-0.000796,
0.040000,21.599468,21.599468,2.000000,22.305393,22.305393,0.000000,38.500000,2.000000,0.797200,-0.000846,-0.001746,0.084305,2.684616,-3.128173,-0.004077,0.021731,50.700000,0.000000,0.532706,-0.000381,-0.000606,0.000716,-0.000352,-0.001440,
0.040000,21.637518,21.637518,4.000000,22.360474,22.360474,0.000000,38.600000,4.000000,0.751600,-0.001071,-0.001808,0.009043,2.683930,-3.127630,-0.003541,0.020128,50.800000,0.000000,0.538053,-0.000378,-0.000501,-0.000203,-0.000438,-0.001588,
0.040000,21.681508,21.681508,4.000000,22.517324,22.517324,0.000000,38.700000,4.000000,0.708400,-0.001509,-0.002183,-0.042631,2.684101,-3.118131,-0.003688,0.007763,50.900000,0.000000,0.542302,-0.000435,-0.000398,-0.000454,-0.001561,0.002747,
0.040000,21.737330,21.737330,3.000000,22.797937,22.797937,0.000000,38.800000,3.000000,0.692000,-0.001063,-0.002143,-0.080627,2.682853,-3.099737,-0.004563,0.008970,51.000000,0.000000,0.541794,-0.000603,-0.000430,-0.002418,-0.003418,0.059749,
0.040000,21.804049,21.804049,3.000000,23.071712,23.071712,0.000000,38.900000,3.000000,0.687200,-0.000584,-0.002447,-0.100675,2.682597,-3.080531,-0.007224,0.021995,51.100000,0.000000,0.538593,-0.000520,-0.000606,-0.000527,0.001202,0.136506,
0.040000,21.879974,21.879974,3.000000,23.322544,23.322544,0.000000,39.000000,3.000000,0.675600,-0.000235,-0.002765,-0.103598,2.682206,-3.061855,-0.007907,0.008531,51.200000,0.000000,0.531897,-0.000624,-0.001126,-0.001985,0.003145,0.170850,
0.040000,21.963085,21.963085,3.000000,23.542210,23.542210,0.000000,39.100000,3.000000,0.686400,-0.000529,-0.002631,-0.104239,2.682368,-3.044399,-0.006511,0.008871,51.300000,0.000000,0.521948,-0.000570,-0.001239,-0.002679,0.003062,0.180684,
0.040000,22.053708,22.053708,3.000000,23.775539,23.775539,0.000000,39.200000,3.000000,0.665600,-0.000745,-0.002790,-0.105706,2.683016,-3.026178,-0.006424,0.008345,51.400000,0.000000,0.511737,-0.000601,-0.000938,-0.000153,-0.000938,0.176895,
0.040000,22.151694,22.151694,3.000000,24.013422,24.013422,0.000000,39.300000,3.000000,0.686400,-0.000782,-0.002910,-0.104003,2.682606,-3.006485,-0.005843,0.008864,51.500000,0.000000,0.501882,-0.000745,-0.000903,-0.000970,-0.002001,0.180178,
0.040000,22.256531,22.256531,5.000000,24.248436,24.248436,0.000000,39.400000,5.000000,0.682400,-0.000892,-0.002862,-0.106255,2.681643,-2.985549,-0.005290,0.009354,51.600000,0.000000,0.491619,-0.000611,-0.000769,-0.001018,-0.001341,0.190531,
0.040000,22.369092,22.369092,5.000000,24.507748,24.507748,0.000000,39.500000,5.000000,0.659600,0.000179,-0.003566,-0.103476,2.684979,-2.938929,-0.007551,0.009234,51.700000,0.000000,0.482353,-0.000470,-0.000644,0.000018,-0.001567,0.202163,
0.040000,22.488588,22.488588,3.000000,24.759012,24.759012,0.000000,39.600000,3.000000,0.758800,0.000179,-0.003566,-0.103476,2.684979,-2.938929,-0.007551,0.012185,51.800000,0.000000,0.472669,-0.000829,-0.000891,-0.001842,0.002134,0.217093,
0.040000,22.615199,22.615199,3.000000,25.020823,25.020823,0.000000,39.700000,3.000000,0.763600,-0.000061,-0.003214,-0.107644,2.684990,-2.913833,-0.007332,0.020237,51.900000,0.000000,0.462792,-0.000999,-0.001063,-0.003104,0.003779,0.231199,
0.040000,22.747620,22.747620,5.000000,25.263609,25.263609,0.000000,39.800000,5.000000,0.774800,0.000133,-0.003301,-0.107427,2.684171,-2.887743,-0.007415,0.008713,52.000000,0.000000,0.454437,-0.001147,-0.000999,0.000980,-0.000563,0.243402,
0.040000,22.885050,22.885050,4.000000,25.496220,25.496220,0.000000,39.900000,4.000000,0.756000,0.000154,-0.003171,-0.106676,2.687036,-2.860402,-0.006626,0.009334,52.100000,0.000000,0.445434,-0.000957,-0.000995,-0.000166,0.000456,0.254221,
0.040000,23.028089,23.028089,3.000000,25.745832,25.745832,0.000000,40.000000,3.000000,0.744000,0.000557,-0.003114,-0.107385,2.685581,-2.832823,-0.009428,0.008002,52.200000,0.000000,0.436328,-0.001450,-0.000821,0.000715,-0.000242,0.266083,
0.040000,23.173592,23.173592,5.000000,25.938141,25.938141,0.000000,40.100000,5.000000,0.739600,0.000342,-0.002467,-0.107460,2.684021,-2.804870,-0.006089,0.008854,52.300000,0.000000,0.427903,-0.001182,-0.001359,0.000564,0.001863,0.272085,
0.040000,23.321817,23.321817,6.000000,26.138098,26.138098,0.000000,40.200000,6.000000,0.721200,0.000707,-0.002329,-0.108246,2.684295,-2.747542,-0.007298,0.009802,52.400000,0.000000,0.419538,-0.000871,-0.000670,0.004139,-0.001101,0.276683,
0.040000,23.470469,23.470469,4.000000,26.294857,26.294857,0.000000,40.300000,4.000000,0.820800,0.000707,-0.002329,-0.108246,2.684295,-2.747542,-0.007298,0.011124,52.500000,0.000000,0.411567,-0.001278,-0.000904,-0.000730,0.000058,0.283528,
0.040000,23.622699,23.622699,3.000000,26.515064,26.515064,0.000000,40.400000,3.000000,0.808800,0.000764,-0.002695,-0.109246,2.685637,-2.719189,-0.007820,0.023363,52.600000,0.000000,0.403221,-0.000925,-0.000878,0.002704,0.000878,0.284766,
0.040000,23.774030,23.774030,4.000000,26.649319,26.649319,0.000000,40.500000,4.000000,0.809600,0.000802,-0.002559,-0.110225,2.684539,-2.691064,-0.007126,0.010410,52.700000,0.000000,0.395318,-0.001227,-0.000965,-0.001362,0.000249,0.283998,
0.040000,23.922813,23.922813,3.000000,26.749687,26.749687,0.000000,40.600000,3.000000,0.802400,0.000715,-0.002680,-0.110357,2.684805,-2.662758,-0.006994,0.010487,52.800000,0.000000,0.387756,-0.001085,-0.000808,0.000185,-0.000131,0.282301,
0.040000,24.069084,24.069084,5.000000,26.848232,26.848232,0.000000,40.700000,5.000000,0.814800,0.000989,-0.002439,-0.108710,2.685473,-2.634845,-0.007565,0.008623,52.900000,0.000000,0.380079,-0.001122,-0.000766,-0.000810,-0.001043,0.282770,
0.040000,24.213049,24.213049,4.000000,26.948395,26.948395,0.000000,40.800000,4.000000,0.803600,0.000893,-0.002955,-0.105122,2.685858,-2.606240,-0.006092,0.012980,53.000000,0.000000,0.372203,-0.001067,-0.000864,0.001033,0.000850,0.280522,
0.040000,24.352995,24.352995,6.000000,27.011969,27.011969,0.000000,40.900000,6.000000,0.799600,0.001030,-0.002474,-0.100926,2.679963,-2.550463,-0.006928,0.010694,53.100000,0.000000,0.364175,-0.000768,-0.000555,-0.002961,-0.000743,0.283941,
0.040000,24.487897,24.487897,3.000000,27.051027,27.051027,0.000000,41.000000,3.000000,0.860800,0.001030,-0.002474,-0.100926,2.679963,-2.550463,-0.006928,0.011391,53.200000,0.000000,0.357231,-0.000118,-0.000416,0.002403,-0.001721,0.279193,
0.040000,24.617061,24.617061,3.000000,27.071180,27.071180,0.000000,41.100000,3.000000,0.859600,0.001065,-0.002265,-0.101402,2.682298,-2.523140,-0.006519,0.022356,53.300000,0.000000,0.349794,0.000688,-0.000698,0.000069,0.000751,0.280626,
0.040000,24.738968,24.738968,4.000000,27.055204,27.055204,0.000000,41.200000,4.000000,0.851600,0.000947,-0.002576,-0.106627,2.682525,-2.495920,-0.005524,0.025894,53.400000,0.000000,0.342688,0.000238,-0.000604,0.001141,0.000105,0.276053,
0.040000,24.853071,24.853071,3.000000,27.021019,27.021019,0.000000,41.300000,3.000000,0.838800,0.001190,-0.002492,-0.104882,2.681092,-2.468049,-0.006796,0.008399,53.500000,0.000000,0.336719,-0.000404,-0.000396,-0.001656,-0.001099,0.273667,
0.040000,24.962200,24.962200,3.000000,27.035652,27.035652,0.000000,41.400000,3.000000,0.839200,0.001228,-0.002532,-0.104939,2.681865,-2.440964,-0.006354,0.010086,53.600000,0.000000,0.329947,0.000039,-0.000639,-0.000296,0.000648,0.276788,
0.040000,25.062159,25.062159,3.000000,26.961376,26.961376,0.000000,41.500000,3.000000,0.824800,0.001309,-0.002435,-0.103979,2.680631,-2.413854,-0.006348,0.008398,53.700000,0.000000,0.323327,-0.000088,-0.000539,-0.000564,0.000062,0.273116,
0.040000,25.153214,25.153214,3.000000,26.883278,26.883278,0.000000,41.600000,3.000000,0.830000,0.001843,-0.001737,-0.104234,2.681876,-2.359718,-0.007873,0.010009,53.800000,0.000000,0.316937,0.000223,-0.000526,0.000172,0.000107,0.271875,
0.040000,25.236981,25.236981,3.000000,26.828543,26.828543,0.000000,41.700000,3.000000,0.872800,0.001843,-0.001737,-0.104234,2.681876,-2.359718,-0.007873,0.010747,53.900000,0.000000,0.310627,0.000166,-0.000711,0.002351,0.000729,0.271222,
0.040000,25.308257,25.308257,3.000000,26.662512,26.662512,0.000000,41.800000,3.000000,0.877600,0.001822,-0.001997,-0.103922,2.681229,-2.332560,-0.007501,0.023085,54.000000,0.000000,0.304381,0.000001,-0.000804,0.002413,0.002203,0.270805,
0.040000,25.367706,25.367706,2.000000,26.497234,26.497234,0.000000,41.900000,2.000000,0.862400,0.002076,-0.001582,-0.102917,2.680124,-2.305211,-0.008249,0.011591,54.100000,0.000000,0.298400,0.000135,-0.000714,-0.000995,0.000395,0.271285,
0.040000,25.419311,25.419311,3.000000,26.399803,26.399803,0.000000,42.000000,3.000000,0.853600,0.001846,-0.001762,-0.102598,2.681951,-2.278500,-0.006926,0.008569,54.200000,0.000000,0.292513,0.000427,-0.000848,0.001857,0.001424,0.272649,
0.040000,25.461481,25.461481,3.000000,26.262711,26.262711,0.000000,42.100000,3.000000,0.865600,0.001974,-0.001645,-0.101177,2.683819,-2.251368,-0.007180,0.008537,54.300000,0.000000,0.286410,0.000223,-0.000570,-0.000726,-0.001154,0.269225,
0.040000,25.490545,25.490545,3.000000,26.042761,26.042761,0.000000,42.200000,3.000000,0.855200,0.002301,-0.001454,-0.098515,2.682406,-2.223974,-0.008666,0.011337,54.400000,0.000000,0.280275,0.000192,-0.000610,0.000128,0.000059,0.270517,
0.040000,25.509843,25.509843,3.000000,25.876505,25.876505,0.000000,42.400000,3.000000,0.848000,0.001590,-0.001471,-0.100152,2.687544,-2.143159,-0.005588,0.008122,54.600000,0.000000,0.274612,0.000775,-0.000891,0.000865,0.001782,0.272635,
0.040000,25.506305,25.506305,2.000000,25.439074,25.439074,0.000000,42.500000,2.000000,0.877600,0.001590,-0.001471,-0.100152,2.687544,-2.143159,-0.005588,0.010563,54.700000,0.000000,0.268777,0.000102,-0.000534,-0.002423,-0.001403,0.269334,
0.040000,25.500247,25.500247,3.000000,25.385145,25.385145,0.000000,42.700000,3.000000,0.865200,0.001953,-0.001152,-0.099754,2.690268,-2.116472,-0.006665,0.021978,54.900000,0.000000,0.247144,-0.000331,0.000040,0.001173,-0.002476,0.270366,
0.040000,25.489456,25.489456,3.000000,25.284433,25.284433,0.000000,42.900000,3.000000,0.855600,0.001981,-0.001281,-0.095866,2.693105,-2.062459,-0.006152,0.008875,55.100000,0.000000,0.241777,-0.000549,-0.000174,0.002025,0.000704,0.268433,
0.040000,25.470664,25.470664,2.000000,25.113621,25.113621,0.000000,43.000000,2.000000,0.831600,0.002033,-0.000653,-0.094359,2.696351,-2.008687,-0.006752,0.008702,55.200000,0.000000,0.221036,0.000221,0.000038,-0.001006,-0.000139,0.269982,
0.040000,25.446618,25.446618,2.000000,24.989733,24.989733,0.000000,43.100000,2.000000,0.838800,0.001778,-0.000845,-0.096043,2.700313,-1.955015,-0.004879,0.008273,55.300000,0.000000,0.202327,0.000124,-0.000202,0.002400,-0.000011,0.268921,
0.040000,25.421266,25.421266,2.000000,24.939594,24.939594,0.000000,43.200000,2.000000,0.878400,0.001778,-0.000845,-0.096043,2.700313,-1.955015,-0.004879,0.010434,55.400000,0.000000,0.198112,0.000335,-0.000019,-0.000157,-0.000116,0.269134,
0.040000,25.390263,25.390263,2.000000,24.801205,24.801205,0.000000,43.300000,2.000000,0.868800,0.001924,-0.000512,-0.095396,2.701711,-1.928098,-0.006071,0.021823,55.500000,0.000000,0.193896,-0.000505,0.000167,-0.000523,-0.001729,0.268085,
0.040000,25.352956,25.352956,2.000000,24.644106,24.644106,0.000000,43.400000,2.000000,0.860000,0.001773,-0.000683,-0.093693,2.702819,-1.901182,-0.004869,0.008002,55.600000,0.000000,0.189793,-0.000480,-0.000071,0.001546,0.000127,0.268755,
0.040000,25.309900,25.309900,2.000000,24.491838,24.491838,0.000000,43.500000,2.000000,0.854800,0.001787,-0.000546,-0.094395,2.703686,-1.874385,-0.004831,0.009668,55.700000,0.000000,0.185750,-0.000234,0.000166,-0.000770,-0.000984,0.269006,
0.040000,25.254241,25.254241,2.000000,24.196730,24.196730,0.000000,43.600000,2.000000,0.834400,0.001942,-0.000374,-0.094698,2.705580,-1.847596,-0.005356,0.008741,55.800000,0.000000,0.181990,-0.000414,0.000170,0.000253,-0.000393,0.268361,
0.040000,25.195523,25.195523,2.000000,24.079882,24.079882,0.000000,43.700000,2.000000,0.826400,0.001798,-0.000361,-0.094806,2.706471,-1.821969,-0.005092,0.010602,55.900000,0.000000,0.178082,-0.000574,0.000063,0.000853,0.000732,0.268074,
0.040000,25.129548,25.129548,3.000000,23.876026,23.876026,0.000000,43.800000,3.000000,0.825600,0.001581,-0.000094,-0.097100,2.705854,-1.777356,-0.004741,0.009301,56.000000,0.000000,0.174423,-0.000631,0.000113,0.000112,-0.000669,0.260774,
0.040000,25.059027,25.059027,2.000000,23.719131,23.719131,0.000000,43.900000,2.000000,0.879200,0.001581,-0.000094,-0.097100,2.705854,-1.777356,-0.004741,0.010221,56.100000,0.000000,0.170939,-0.000766,0.000160,0.000275,-0.000408,0.244010,
0.040000,24.984151,24.984151,2.000000,23.561497,23.561497,0.000000,44.000000,2.000000,0.870400,0.001716,0.000087,-0.098552,2.706105,-1.758401,-0.005290,0.020797,56.200000,0.000000,0.167862,-0.001017,0.000177,0.001045,-0.001412,0.224525,
0.040000,24.907107,24.907107,3.000000,23.443277,23.443277,0.000000,44.100000,3.000000,0.866000,0.001750,-0.000034,-0.098842,2.705617,-1.741087,-0.005116,0.010526,56.300000,0.000000,0.164574,-0.001286,0.000066,0.001320,0.000295,0.202912,
0.040000,24.826239,24.826239,2.000000,23.289747,23.289747,0.000000,44.200000,2.000000,0.870400,0.001703,0.000098,-0.100330,2.706384,-1.725878,-0.004922,0.008958,56.400000,0.000000,0.161444,-0.001299,0.000099,-0.000424,0.000324,0.184509,
0.040000,24.742980,24.742980,2.000000,23.161057,23.161057,0.000000,44.300000,2.000000,0.857600,0.001738,-0.000009,-0.100455,2.705870,-1.711770,-0.004451,0.008164,56.500000,0.000000,0.158170,-0.001587,0.000135,0.000490,-0.000167,0.164475,
0.040000,24.657623,24.657623,2.000000,23.035830,23.035830,0.000000,44.400000,2.000000,0.864800,0.001686,0.000185,-0.100608,2.705348,-1.699241,-0.004757,0.011949,56.600000,0.000000,0.155163,-0.001565,0.000225,-0.000623,0.000158,0.150013,
0.040000,24.570345,24.570345,2.000000,22.912071,22.912071,0.000000,44.500000,2.000000,0.857600,0.001820,-0.000029,-0.100538,2.705788,-1.687738,-0.004157,0.010044,56.700000,0.000000,0.152216,-0.001549,0.000160,0.000825,-0.000254,0.134736,
0.040000,24.482864,24.482864,2.000000,22.820719,22.820719,0.000000,44.600000,2.000000,0.866000,0.001714,0.000240,-0.101215,2.705157,-1.677530,-0.004708,0.010265,56.800000,0.000000,0.149133,-0.001516,0.000275,-0.001133,0.000737,0.122556,
0.040000,24.394341,24.394341,2.000000,22.712410,22.712410,0.000000,44.700000,2.000000,0.842400,0.001625,0.000145,-0.101806,2.704591,-1.668270,-0.004002,0.010455,56.900000,0.000000,0.146337,-0.001604,0.000162,0.001122,-0.000364,0.109902,
0.040000,24.305986,24.305986,2.000000,22.627249,22.627249,0.000000,44.800000,2.000000,0.852800,0.001701,0.000210,-0.103047,2.706558,-1.660135,-0.004559,0.008061,57.000000,0.000000,0.143579,-0.001676,0.000298,-0.000258,-0.000681,0.099208,
0.040000,24.218627,24.218627,2.000000,22.558802,22.558802,0.000000,44.900000,2.000000,0.851200,0.001538,0.000188,-0.102324,2.706722,-1.652570,-0.004065,0.007273,57.100000,0.000000,0.140390,-0.001924,0.000182,0.000220,0.000217,0.088169,
0.040000,24.132106,24.132106,2.000000,22.488207,22.488207,0.000000,45.000000,2.000000,0.858000,0.001819,0.000179,-0.102791,2.707923,-1.645782,-0.004441,0.008483,57.200000,0.000000,0.137579,-0.001747,0.000275,-0.000123,-0.000915,0.080433,
0.040000,24.046057,24.046057,2.000000,22.411119,22.411119,0.000000,45.100000,2.000000,0.848400,0.001378,0.000413,-0.102691,2.705526,-1.639416,-0.004377,0.008759,57.300000,0.000000,0.134641,-0.001824,0.000195,-0.000175,0.001396,0.072675,
0.040000,23.961537,23.961537,2.000000,22.355658,22.355658,0.000000,45.200000,2.000000,0.844400,0.001563,0.000515,-0.102404,2.708114,-1.633524,-0.004846,0.007822,57.400000,0.000000,0.132457,-0.001733,0.000205,0.001317,-0.002178,0.067108,
0.040000,23.878113,23.878113,2.000000,22.293060,22.293060,0.000000,45.400000,2.000000,0.842800,0.001650,0.000283,-0.104372,2.709498,-1.628779,-0.004327,0.009367,57.600000,0.000000,0.129334,-0.001677,0.000108,0.001076,0.000329,0.062044,
0.040000,23.793459,23.793459,2.000000,22.185026,22.185026,0.000000,45.500000,2.000000,0.856800,0.001361,0.000583,-0.105008,2.708007,-1.619612,-0.004946,0.010745,57.700000,0.000000,0.126537,-0.002049,0.000208,-0.001066,0.000673,0.053023,
0.040000,23.711213,23.711213,2.000000,22.148554,22.148554,0.000000,45.600000,2.000000,0.834800,0.001637,0.000623,-0.104359,2.708695,-1.616064,-0.005628,0.008473,57.800000,0.000000,0.117196,-0.002103,-0.000051,0.001302,-0.001320,0.046206,
0.040000,23.630939,23.630939,2.000000,22.105719,22.105719,0.000000,45.700000,2.000000,0.846800,0.001615,0.000271,-0.104743,2.709769,-1.612102,-0.004098,0.025234,57.900000,0.000000,0.114753,-0.001941,-0.000184,0.000775,0.000948,0.040272,
0.040000,23.552002,23.552002,2.000000,22.052195,22.052195,0.000000,45.800000,2.000000,0.838800,0.001475,0.000859,-0.103881,2.708443,-1.607866,-0.005486,0.008319,58.000000,0.000000,0.112290,-0.001988,0.000120,-0.001879,0.000251,0.039876,
0.040000,23.473978,23.473978,2.000000,21.991531,21.991531,0.000000,45.900000,2.000000,0.840400,0.001585,0.000438,-0.104339,2.711101,-1.600217,-0.004209,0.009421,58.100000,0.000000,0.110337,-0.001769,-0.000155,0.002864,-0.000751,0.041410,
0.040000,23.398524,23.398524,1.000000,21.964907,21.964907,0.000000,46.000000,1.000000,0.886800,0.001585,0.000438,-0.104339,2.711101,-1.600217,-0.004209,0.010508,58.200000,0.000000,0.108094,-0.001915,0.000003,-0.001160,-0.000628,0.037410,
0.040000,23.324342,23.324342,2.000000,21.914869,21.914869,0.000000,46.100000,2.000000,0.891600,0.001534,0.000328,-0.104665,2.710596,-1.596615,-0.003807,0.020677,58.300000,0.000000,0.105523,-0.001804,0.000099,-0.000861,0.000807,0.039969,
0.040000,23.250220,23.250220,2.000000,21.841906,21.841906,0.000000,46.200000,2.000000,0.886000,0.001577,0.000416,-0.104280,2.712402,-1.592684,-0.004324,0.008121,58.400000,0.000000,0.103548,-0.001829,0.000176,-0.001039,0.000003,0.037532,
0.040000,23.175811,23.175811,1.000000,21.762041,21.762041,0.000000,46.300000,1.000000,0.879600,0.001587,0.000459,-0.105404,2.712619,-1.588814,-0.004305,0.009504,58.500000,0.000000,0.101153,-0.001727,0.000071,0.000107,0.000273,0.038625,
0.040000,23.105111,23.105111,2.000000,21.761820,21.761820,0.000000,46.400000,2.000000,0.871600,0.001529,0.000454,-0.103518,2.712135,-1.585166,-0.004090,0.009422,58.600000,0.000000,0.099124,-0.001915,0.000073,0.000271,0.000174,0.038677,
0.040000,23.035943,23.035943,2.000000,21.721746,21.721746,0.000000,46.500000,2.000000,0.868400,0.001558,0.000503,-0.104405,2.710775,-1.581572,-0.004393,0.011641,58.700000,0.000000,0.097261,-0.001504,0.000114,0.000032,-0.000279,0.037316,
0.040000,22.967937,22.967937,1.000000,21.675816,21.675816,0.000000,46.600000,1.000000,0.862400,0.001514,0.000560,-0.105035,2.713514,-1.577868,-0.004711,0.008741,58.800000,0.000000,0.095617,-0.001646,0.000052,0.000284,0.000081,0.036466,
0.040000,22.900733,22.900733,2.000000,21.623863,21.623863,0.000000,46.700000,2.000000,0.867600,0.001566,0.000509,-0.104374,2.711068,-1.574334,-0.004248,0.008355,58.900000,0.000000,0.093195,-0.001743,-0.000012,0.000425,-0.000225,0.036818,
0.040000,22.832669,22.832669,2.000000,21.539446,21.539446,0.000000,46.800000,2.000000,0.857600,0.001457,0.000655,-0.103373,2.713715,-1.570683,-0.004567,0.008603,59.000000,0.000000,0.091840,-0.001575,0.000080,-0.000188,0.000248,0.035907,
0.040000,22.766926,22.766926,2.000000,21.517807,21.517807,0.000000,46.900000,2.000000,0.872400,0.001553,0.000572,-0.103486,2.715154,-1.566812,-0.004341,0.008296,59.100000,0.000000,0.089508,-0.001349,0.000015,0.000798,-0.000568,0.036277,
0.040000,22.702578,22.702578,2.000000,21.479982,21.479982,0.000000,47.000000,2.000000,0.864400,0.001508,0.000498,-0.104042,2.713229,-1.563332,-0.003938,0.008765,59.200000,0.000000,0.087461,-0.001344,0.000058,-0.000242,0.000390,0.037780,
0.040000,22.638505,22.638505,2.000000,21.421104,21.421104,0.000000,47.100000,2.000000,0.873600,0.001669,0.000549,-0.104157,2.716265,-1.559727,-0.004676,0.011737,59.300000,0.000000,0.086116,-0.001429,0.000137,-0.000583,-0.000114,0.035941,
0.040000,22.579784,22.579784,1.000000,21.464088,21.464088,0.000000,47.200000,1.000000,0.867200,0.001582,0.000656,-0.103819,2.715809,-1.556245,-0.004775,0.008164,59.400000,0.000000,0.083819,-0.001419,-0.000012,0.000055,0.000959,0.036009,
0.040000,22.527575,22.527575,2.000000,21.535604,21.535604,0.000000,47.300000,2.000000,0.866800,0.001662,0.000692,-0.104337,2.712875,-1.552724,-0.004830,0.007512,59.500000,0.000000,0.082257,-0.001325,-0.000031,0.000644,-0.000157,0.035272,
0.040000,22.480369,22.480369,3.000000,21.583454,21.583454,0.000000,47.400000,3.000000,0.863600,0.001475,0.000698,-0.106157,2.714184,-1.550152,-0.004295,0.010853,59.600000,0.000000,0.081212,-0.001410,-0.000040,0.000437,0.000451,0.035235,
0.040000,22.433871,22.433871,2.000000,21.550419,21.550419,0.000000,47.500000,2.000000,0.869600,0.001550,0.000660,-0.106711,2.714797,-1.550381,-0.004816,0.007651,59.700000,0.000000,0.079345,-0.001736,0.000066,0.000180,-0.000974,0.029357,
0.040000,22.390380,22.390380,3.000000,21.564047,21.564047,0.000000,47.600000,3.000000,0.853200,0.001554,0.000601,-0.107695,2.714042,-1.551053,-0.004638,0.007811,59.800000,0.000000,0.077657,-0.001809,-0.000038,-0.000163,0.000091,0.009795,
0.040000,22.345907,22.345907,2.000000,21.500917,21.500917,0.000000,47.700000,2.000000,0.879600,0.001622,0.000620,-0.107727,2.703986,-1.553804,-0.004492,0.011055,59.900000,0.000000,0.076270,-0.001970,-0.000002,-0.000422,0.000055,-0.000408,
0.040000,22.301475,22.301475,4.000000,21.457266,21.457266,0.000000,47.800000,4.000000,0.851600,0.001758,0.000630,-0.103122,2.678651,-1.553835,-0.004814,0.009040,60.000000,0.000000,0.076749,-0.001977,0.000030,-0.000018,0.000429,-0.017159,
0.040000,22.268287,22.268287,4.000000,21.637724,21.637724,0.000000,47.900000,4.000000,0.819600,0.001489,0.000235,-0.097337,2.630547,-1.544689,-0.003263,0.011978,60.100000,0.000000,0.080249,-0.001114,-0.000027,0.000054,0.001005,-0.006747,
0.040000,22.251950,22.251950,4.000000,21.941538,21.941538,0.000000,48.000000,4.000000,0.764400,0.001295,0.000308,-0.090765,2.486120,-1.512576,-0.005187,0.009652,60.200000,0.000000,0.088177,-0.000111,0.000296,-0.002509,-0.001252,0.053946,
0.040000,22.250989,22.250989,4.000000,22.232735,22.232735,0.000000,48.100000,4.000000,0.802400,0.001295,0.000308,-0.090765,2.486120,-1.512576,-0.005187,0.010897,60.300000,0.000000,0.099667,0.000739,-0.000043,0.001524,0.001049,0.123947,
0.040000,22.260033,22.260033,4.000000,22.431864,22.431864,0.000000,48.200000,4.000000,0.758800,0.001224,0.000668,-0.088370,2.404553,-1.500555,-0.006500,0.022404,60.400000,0.000000,0.112999,0.000173,-0.000042,-0.001759,-0.002230,0.142475,
0.040000,22.274987,22.274987,4.000000,22.559116,22.559116,0.000000,48.300000,4.000000,0.726800,-0.000078,0.000603,-0.079632,2.243616,-1.487410,-0.003689,0.012313,60.500000,0.000000,0.126874,-0.000296,-0.000280,0.001461,-0.001257,0.128712,
0.040000,22.292213,22.292213,3.000000,22.619495,22.619495,0.000000,48.400000,3.000000,0.792800,-0.000078,0.000603,-0.079632,2.243616,-1.487410,-0.003689,0.021246,60.600000,0.000000,0.139990,-0.000574,0.000017,0.001184,-0.001693,0.099882,
0.040000,22.307788,22.307788,3.000000,22.603720,22.603720,0.000000,48.500000,3.000000,0.736400,-0.000110,0.000757,-0.074322,2.163239,-1.485260,-0.004144,0.020858,60.700000,0.000000,0.153427,-0.000920,0.000317,-0.000648,-0.007422,0.068681,
0.040000,22.319682,22.319682,4.000000,22.545666,22.545666,0.000000,48.600000,4.000000,0.703200,-0.000200,0.000593,-0.062882,2.002606,-1.487627,-0.003270,0.020421,60.800000,0.000000,0.166304,-0.001179,0.000220,0.000704,-0.003027,0.039522,
0.040000,22.326706,22.326706,3.000000,22.460175,22.460175,0.000000,48.700000,3.000000,0.765600,-0.000200,0.000593,-0.062882,2.002606,-1.487627,-0.003270,0.022170,60.900000,0.000000,0.179017,-0.001094,-0.000139,0.002659,-0.001992,0.013040,
0.040000,22.326747,22.326747,4.000000,22.327518,22.327518,0.000000,48.800000,4.000000,0.728400,-0.000382,0.000589,-0.057484,1.922372,-1.491052,-0.003424,0.020012,61.000000,0.000000,0.191292,-0.001588,0.000386,-0.002390,-0.000492,-0.007596,
0.040000,22.317491,22.317491,4.000000,22.141619,22.141619,0.000000,48.900000,4.000000,0.704000,-0.000863,0.000419,-0.046321,1.761369,-1.501404,-0.002860,0.020608,61.100000,0.000000,0.203399,-0.001811,0.000344,-0.000944,-0.001327,-0.024063,
0.040000,22.301199,22.301199,3.000000,21.991655,21.991655,0.000000,49.000000,3.000000,0.760800,-0.000863,0.000419,-0.046321,1.761369,-1.501404,-0.002860,0.009338,61.200000,0.000000,0.215660,-0.001678,-0.000175,0.001883,-0.004496,-0.038128,
0.040000,22.276716,22.276716,3.000000,21.811544,21.811544,0.000000,49.100000,3.000000,0.722400,-0.000529,0.000546,-0.042114,1.680171,-1.507772,-0.004362,0.021862,61.300000,0.000000,0.227009,-0.002004,0.000431,-0.002631,-0.000746,-0.049604,
0.040000,22.244973,22.244973,3.000000,21.641861,21.641861,0.000000,49.200000,3.000000,0.712000,-0.000958,0.000540,-0.032932,1.521010,-1.521074,-0.005573,0.009187,61.400000,0.000000,0.238588,-0.002248,0.000112,-0.000249,0.001758,-0.058305,
0.040000,22.205465,22.205465,2.000000,21.454798,21.454798,0.000000,49.300000,2.000000,0.747600,-0.000958,0.000540,-0.032932,1.521010,-1.521074,-0.005573,0.011241,61.500000,0.000000,0.249911,-0.002038,0.000443,-0.001958,-0.004422,-0.062466,
0.040000,22.158932,22.158932,3.000000,21.274803,21.274803,0.000000,49.400000,3.000000,0.747600,-0.000941,0.000674,-0.028024,1.440041,-1.527620,-0.005474,0.020591,61.600000,0.000000,0.260444,-0.002233,-0.000168,0.000997,0.000725,-0.065874,
0.040000,22.105606,22.105606,3.000000,21.092417,21.092417,0.000000,49.500000,3.000000,0.691600,-0.000883,0.000298,-0.022131,1.280750,-1.539806,-0.002742,0.009071,61.700000,0.000000,0.271329,-0.002015,-0.000161,0.001168,0.000352,-0.065619,
0.040000,22.046632,22.046632,2.000000,20.926140,20.926140,0.000000,49.600000,2.000000,0.787600,-0.000883,0.000298,-0.022131,1.280750,-1.539806,-0.002742,0.028379,61.800000,0.000000,0.281976,-0.001947,0.000575,0.000303,-0.003523,-0.063650,
0.040000,21.983136,21.983136,3.000000,20.776712,20.776712,0.000000,49.700000,3.000000,0.727200,-0.000869,0.000258,-0.020623,1.200640,-1.544912,-0.003238,0.020864,61.900000,0.000000,0.291903,-0.002035,0.000333,-0.002160,0.002632,-0.061039,
0.040000,21.915639,21.915639,2.000000,20.633192,20.633192,0.000000,49.800000,2.000000,0.701200,-0.000694,0.000593,-0.015445,1.041377,-1.553460,-0.005817,0.009372,62.000000,0.000000,0.301971,-0.002187,0.000214,-0.001098,0.001084,-0.054874,
0.040000,21.845376,21.845376,2.000000,20.510366,20.510366,0.000000,49.900000,2.000000,0.776400,-0.000694,0.000593,-0.015445,1.041377,-1.553460,-0.005817,0.009217,62.100000,0.000000,0.311807,-0.001867,-0.000140,0.001543,-0.000780,-0.049510,
0.040000,21.774352,21.774352,2.000000,20.424896,20.424896,0.000000,50.000000,2.000000,0.722000,-0.000833,0.000421,-0.014290,0.961446,-1.556763,-0.005006,0.018859,62.200000,0.000000,0.321341,-0.001826,-0.000328,0.000649,0.001948,-0.043189,
0.040000,21.704147,21.704147,2.000000,20.370258,20.370258,0.000000,50.100000,2.000000,0.711600,-0.001015,0.000636,-0.010863,0.801943,-1.561492,-0.005467,0.006911,62.300000,0.000000,0.330794,-0.001836,-0.000172,-0.000829,-0.000126,-0.036909,
0.040000,21.636140,21.636140,2.000000,20.344004,20.344004,0.000000,50.200000,2.000000,0.787600,-0.001015,0.000636,-0.010863,0.801943,-1.561492,-0.005467,0.010034,62.400000,0.000000,0.339961,-0.001457,-0.000468,0.001295,0.000781,-0.030593,
0.040000,21.570094,21.570094,2.000000,20.315233,20.315233,0.000000,50.300000,2.000000,0.741200,-0.001093,0.000637,-0.009622,0.721093,-1.562930,-0.005919,0.020879,62.500000,0.000000,0.349079,-0.001494,-0.000275,0.000187,-0.001674,-0.024417,
0.040000,21.505232,21.505232,2.000000,20.272850,20.272850,0.000000,50.400000,2.000000,0.710800,-0.001074,0.000619,-0.008379,0.561302,-1.564372,-0.005314,0.008792,62.600000,0.000000,0.358166,-0.001367,-0.000375,0.000068,-0.001125,-0.018217,
0.040000,21.441755,21.441755,2.000000,20.235697,20.235697,0.000000,50.500000,2.000000,0.780800,-0.001074,0.000619,-0.008379,0.561302,-1.564372,-0.005314,0.008794,62.700000,0.000000,0.366942,-0.001371,-0.000295,-0.000302,-0.000763,-0.012642,
0.040000,21.378855,21.378855,2.000000,20.183748,20.183748,0.000000,50.600000,2.000000,0.725200,-0.001101,0.000788,-0.007294,0.481300,-1.564465,-0.006418,0.022198,62.800000,0.000000,0.375430,-0.001301,-0.000278,0.000092,0.000157,-0.008058,
0.040000,21.315078,21.315078,2.000000,20.103308,20.103308,0.000000,50.700000,2.000000,0.718800,-0.000990,0.000623,-0.006564,0.321569,-1.563492,-0.005077,0.008251,62.900000,0.000000,0.383829,-0.001163,-0.000507,0.001081,-0.000110,-0.003653,
0.040000,21.252737,21.252737,2.000000,20.068256,20.068256,0.000000,50.800000,2.000000,0.809200,-0.000990,0.000623,-0.006564,0.321569,-1.563492,-0.005077,0.012071,63.000000,0.000000,0.391965,-0.001097,-0.000406,-0.000132,-0.000099,0.000644,
0.040000,21.192107,21.192107,2.000000,20.040136,20.040136,0.000000,50.900000,2.000000,0.740000,-0.001065,0.000668,-0.005421,0.241516,-1.562642,-0.005441,0.020499,63.100000,0.000000,0.400080,-0.001179,-0.000259,-0.000523,0.000710,0.004221,
0.040000,21.131878,21.131878,2.000000,19.987537,19.987537,0.000000,51.000000,2.000000,0.717200,-0.000810,0.000847,-0.003575,0.081358,-1.560089,-0.006919,0.021356,63.200000,0.000000,0.408003,-0.001045,-0.000342,0.000086,-0.000187,0.006867,
0.040000,21.071382,21.071382,2.000000,19.921953,19.921953,0.000000,51.100000,2.000000,0.800400,-0.000810,0.000847,-0.003575,0.081358,-1.560089,-0.006919,0.009936,63.300000,0.000000,0.415554,-0.000956,-0.000680,0.001339,0.001804,0.010112,
0.040000,21.012543,21.012543,4.000000,19.894600,19.894600,0.000000,51.200000,4.000000,0.678800,-0.000573,0.000755,0.002500,0.012305,-1.556516,-0.006596,0.020831,63.400000,0.000000,0.423396,-0.000919,-0.000643,0.000328,0.000400,0.012153,
0.040000,20.972469,20.972469,6.000000,20.211069,20.211069,0.000000,51.300000,6.000000,0.685600,0.000492,0.000264,0.006831,-0.035947,-1.542599,-0.005237,0.019910,63.500000,0.000000,0.428693,0.000155,-0.000578,-0.000432,0.001637,0.026721,
0.040000,20.955016,20.955016,6.000000,20.623404,20.623404,0.000000,51.400000,6.000000,0.612000,0.000433,0.000860,0.010848,-0.065330,-1.523033,-0.008416,0.021230,63.600000,0.000000,0.429769,0.000873,-0.000304,-0.003195,0.007250,0.096216,
0.040000,20.959219,20.959219,6.000000,21.039082,21.039082,0.000000,51.500000,6.000000,0.639600,0.001254,0.001237,0.008810,-0.083057,-1.504501,-0.011931,0.022718,63.700000,0.000000,0.427100,0.001486,-0.000924,0.002408,0.002469,0.157676,
0.040000,20.982243,20.982243,4.000000,21.419703,21.419703,0.000000,51.600000,4.000000,0.632400,0.000810,0.001181,0.009799,-0.077358,-1.485732,-0.008629,0.009484,63.800000,0.000000,0.422134,0.000886,-0.001599,0.003151,0.006140,0.174758,
0.040000,21.022539,21.022539,11.000000,21.788157,21.788157,0.000000,51.700000,11.000000,0.642800,0.000310,0.000640,0.008705,-0.085233,-1.468709,-0.006715,0.008980,63.900000,0.000000,0.412669,0.001139,-0.000916,0.000738,-0.000257,0.182752,
0.040000,21.079153,21.079153,6.000000,22.154819,22.154819,0.000000,51.800000,6.000000,0.632000,0.000084,0.001082,0.012470,-0.079608,-1.449223,-0.008005,0.010530,64.000000,0.000000,0.406037,0.000769,-0.000517,-0.003119,-0.003091,0.175012,
0.040000,21.155457,21.155457,7.000000,22.605240,22.605240,0.000000,51.899999,7.000000,0.631600,0.000505,0.000795,0.009060,-0.087514,-1.429624,-0.007087,0.010800,64.100000,0.000000,0.396971,0.001608,-0.000763,0.001517,-0.002479,0.187281,
0.040000,21.252257,21.252257,14.000000,23.091444,23.091444,0.000000,52.000000,14.000000,0.568800,-0.000016,0.001749,0.013762,-0.087636,-1.380529,-0.009903,0.011939,64.200000,0.000000,0.390587,0.000717,-0.000566,-0.001230,0.001774,0.192660,
0.040000,21.367281,21.367281,4.000000,23.552746,23.552746,0.000000,52.100000,4.000000,0.719200,-0.000016,0.001749,0.013762,-0.087636,-1.380529,-0.009903,0.015280,64.300000,0.000000,0.384526,0.001373,-0.000776,0.001363,-0.003756,0.209931,
0.040000,21.501856,21.501856,4.000000,24.058784,24.058784,0.000000,52.200000,4.000000,0.732800,-0.000359,0.001668,0.012418,-0.088452,-1.355953,-0.008918,0.020058,64.400000,0.000000,0.375409,0.001626,-0.001096,0.004582,0.000143,0.247272,
0.040000,21.653990,21.653990,5.000000,24.544521,24.544521,0.000000,52.300000,5.000000,0.727600,-0.000314,0.001295,0.016212,-0.092414,-1.330122,-0.007726,0.008549,64.500000,0.000000,0.368088,0.001303,-0.000879,0.001279,-0.001807,0.246345,
0.040000,21.824037,21.824037,4.000000,25.054932,25.054932,0.000000,52.399999,4.000000,0.730800,-0.000359,0.001629,0.017391,-0.095163,-1.303596,-0.008176,0.009324,64.600000,0.000000,0.361729,0.001844,-0.000627,-0.001763,-0.000176,0.253736,
0.040000,22.009483,22.009483,4.000000,25.532955,25.532955,0.000000,52.500000,4.000000,0.746400,-0.000367,0.001483,0.017255,-0.096347,-1.276034,-0.008390,0.009412,64.700000,0.000000,0.355154,0.001904,-0.000704,0.001448,-0.000105,0.260861,
0.040000,22.211339,22.211339,4.000000,26.046606,26.046606,0.000000,52.600000,4.000000,0.742800,-0.000684,0.001536,0.017908,-0.096383,-1.248226,-0.008700,0.008931,64.800000,0.000000,0.348345,0.001778,-0.000732,-0.000285,0.000178,0.269980,
0.040000,22.426327,22.426327,5.000000,26.511106,26.511106,0.000000,52.700000,5.000000,0.738000,-0.000769,0.001535,0.017924,-0.099454,-1.191046,-0.008097,0.008687,64.900000,0.000000,0.341495,0.001865,-0.000779,0.000303,-0.001631,0.274995,
0.040000,22.653784,22.653784,3.000000,26.975460,26.975460,0.000000,52.800000,3.000000,0.824800,-0.000769,0.001535,0.017924,-0.099454,-1.191046,-0.008097,0.012783,65.000000,0.000000,0.335253,0.001676,-0.000625,-0.000373,-0.001847,0.281062,
0.040000,22.888522,22.888522,3.000000,27.348545,27.348545,0.000000,52.899999,3.000000,0.816800,-0.000923,0.001630,0.017506,-0.097177,-1.162595,-0.008628,0.021686,65.100000,0.000000,0.328677,0.001603,-0.000632,0.000632,0.000513,0.284721,
0.040000,23.132954,23.132954,4.000000,27.777159,27.777159,0.000000,53.000000,4.000000,0.799200,-0.000889,0.001476,0.018137,-0.099910,-1.134217,-0.007903,0.008718,65.200000,0.000000,0.321722,0.001662,-0.000724,0.000979,-0.000478,0.284591,
0.040000,23.385905,23.385905,4.000000,28.191971,28.191971,0.000000,53.100000,4.000000,0.784800,-0.001008,0.001548,0.017233,-0.099288,-1.106054,-0.008166,0.009196,65.300000,0.000000,0.315901,0.001529,-0.000567,-0.000415,0.000303,0.284095,
0.040000,23.645596,23.645596,3.000000,28.579727,28.579727,0.000000,53.200000,3.000000,0.805600,-0.001165,0.001834,0.017237,-0.099378,-1.077968,-0.009100,0.010096,65.400000,0.000000,0.309461,0.001389,-0.000608,0.000449,-0.000358,0.282570,
0.040000,23.908436,23.908436,3.000000,28.902407,28.902407,0.000000,53.300000,3.000000,0.773600,-0.001154,0.001276,0.015240,-0.100913,-1.050105,-0.007233,0.009257,65.500000,0.000000,0.303352,0.001354,-0.000780,0.002130,-0.000812,0.281515,
0.040000,24.174083,24.174083,4.000000,29.221367,29.221367,0.000000,53.399999,4.000000,0.782400,-0.001297,0.001649,0.015201,-0.096854,-0.994931,-0.008569,0.011658,65.600000,0.000000,0.297428,0.000835,-0.000394,-0.002436,0.000024,0.279733,
0.040000,24.440276,24.440276,3.000000,29.497952,29.497952,0.000000,53.500000,3.000000,0.874400,-0.001297,0.001649,0.015201,-0.096854,-0.994931,-0.008569,0.034278,65.700000,0.000000,0.291580,0.000923,-0.000591,0.001217,-0.001333,0.278572,
0.040000,24.706847,24.706847,3.000000,29.771683,29.771683,0.000000,53.600000,3.000000,0.851600,-0.001372,0.001399,0.013909,-0.099068,-0.967309,-0.007265,0.021876,65.800000,0.000000,0.285077,0.001214,-0.000639,0.001068,0.000470,0.275678,
0.040000,24.972188,24.972188,3.000000,30.013672,30.013672,0.000000,53.700000,3.000000,0.843600,-0.001211,0.001147,0.012939,-0.094385,-0.940040,-0.006686,0.009518,65.900000,0.000000,0.279662,0.000737,-0.000368,-0.000905,-0.000023,0.276011,
0.040000,25.239004,25.239004,4.000000,30.308521,30.308521,0.000000,53.800000,4.000000,0.834400,-0.001230,0.001215,0.012117,-0.094588,-0.912615,-0.006801,0.009513,66.000000,0.000000,0.273254,0.001090,-0.000245,-0.001689,0.001200,0.273958,
0.040000,25.504733,25.504733,3.000000,30.553583,30.553583,0.000000,53.899999,3.000000,0.822000,-0.001386,0.001281,0.010926,-0.092405,-0.885303,-0.007161,0.013573,66.100000,0.000000,0.267782,0.000914,-0.000263,-0.000019,0.000543,0.274137,
0.040000,25.766989,25.766989,4.000000,30.749840,30.749840,0.000000,54.000000,4.000000,0.800400,-0.001500,0.001483,0.012703,-0.093356,-0.858245,-0.007638,0.020078,66.200000,0.000000,0.261995,0.000974,-0.000329,0.000622,-0.000550,0.273508,
0.040000,26.023896,26.023896,4.000000,30.905136,30.905136,0.000000,54.100000,4.000000,0.794000,-0.001251,0.000723,0.010613,-0.092937,-0.804269,-0.005631,0.011717,66.300000,0.000000,0.257177,0.001107,-0.000417,0.001731,-0.000683,0.271702,
0.040000,26.277822,26.277822,3.000000,31.102419,31.102419,0.000000,54.200000,3.000000,0.856800,-0.001251,0.000723,0.010613,-0.092937,-0.804269,-0.005631,0.011847,66.400000,0.000000,0.251582,0.001108,-0.000226,-0.001048,0.001253,0.271295,
0.040000,26.522267,26.522267,2.000000,31.166719,31.166719,0.000000,54.300000,2.000000,0.855200,-0.001306,0.000986,0.008017,-0.089994,-0.777117,-0.006197,0.021524,66.500000,0.000000,0.246765,0.000800,-0.000006,-0.002945,0.000885,0.269703,
0.040000,26.761142,26.761142,2.000000,31.299767,31.299767,0.000000,54.399999,2.000000,0.846400,-0.001454,0.001041,0.007040,-0.086824,-0.749988,-0.006857,0.009332,66.600000,0.000000,0.241104,0.000819,-0.000117,0.000717,0.000140,0.270823,
0.040000,26.990421,26.990421,2.000000,31.346727,31.346727,0.000000,54.500000,2.000000,0.819200,-0.001287,0.001008,0.007369,-0.087314,-0.723083,-0.006004,0.008304,66.700000,0.000000,0.235753,0.001114,-0.000245,0.000847,-0.000688,0.271116,
0.040000,27.208930,27.208930,2.000000,31.360586,31.360586,0.000000,54.600000,2.000000,0.791200,-0.001341,0.000735,0.005101,-0.085281,-0.696030,-0.005929,0.008239,66.800000,0.000000,0.231200,0.001065,-0.000072,0.000343,0.000936,0.269837,
0.040000,27.418946,27.418946,2.000000,31.409256,31.409256,0.000000,54.700000,2.000000,0.785200,-0.001382,0.000442,0.003158,-0.086485,-0.669461,-0.004179,0.019078,66.900000,0.000000,0.226020,0.001049,-0.000055,-0.001337,0.000169,0.270265,
0.040000,27.617481,27.617481,2.000000,31.389650,31.389650,0.000000,54.800000,2.000000,0.766000,-0.001364,0.000457,0.000698,-0.086120,-0.615649,-0.005120,0.008521,67.000000,0.000000,0.221403,0.000599,0.000293,-0.002097,-0.000090,0.267439,
0.040000,27.804894,27.804894,2.000000,31.365734,31.365734,0.000000,54.899999,2.000000,0.851200,-0.001364,0.000457,0.000698,-0.086120,-0.615649,-0.005120,0.009529,67.100000,0.000000,0.217349,0.000070,0.000083,0.000148,0.000605,0.268255,
0.040000,27.983570,27.983570,3.000000,31.378428,31.378428,0.000000,55.000000,3.000000,0.809200,-0.001356,0.000436,0.000030,-0.085658,-0.588591,-0.004900,0.021774,67.200000,0.000000,0.212298,0.000360,0.000100,-0.000355,-0.000128,0.268936,
0.040000,28.153420,28.153420,2.000000,31.380568,31.380568,0.000000,55.100000,2.000000,0.817600,-0.001391,0.000405,-0.003502,-0.085688,-0.562016,-0.004949,0.019856,67.300000,0.000000,0.207935,0.000351,0.000142,-0.000038,0.000076,0.269956,
0.040000,28.309394,28.309394,2.000000,31.272884,31.272884,0.000000,55.200000,2.000000,0.797600,-0.001400,0.000217,-0.004405,-0.085475,-0.535238,-0.004017,0.007788,67.400000,0.000000,0.203240,-0.000049,0.000131,0.000018,-0.000123,0.267353,
0.040000,28.454012,28.454012,2.000000,31.201769,31.201769,0.000000,55.300000,2.000000,0.787200,-0.001390,0.000367,-0.003861,-0.086137,-0.508195,-0.004612,0.008779,67.500000,0.000000,0.199042,-0.000107,0.000313,-0.000921,-0.000048,0.267617,
0.040000,28.583011,28.583011,2.000000,31.033978,31.033978,0.000000,55.399999,2.000000,0.794800,-0.001390,0.000290,-0.005492,-0.085004,-0.481313,-0.004590,0.007152,67.600000,0.000000,0.195261,-0.000163,0.000189,0.000804,0.000091,0.269356,
0.040000,28.697899,28.697899,2.000000,30.880789,30.880789,0.000000,55.500000,2.000000,0.707200,-0.000981,0.000008,-0.004557,-0.084544,-0.428302,-0.002860,0.008250,67.700000,0.000000,0.191004,-0.000121,0.000190,0.000064,0.000093,0.269024,
0.040000,28.800503,28.800503,2.000000,30.749969,30.749969,0.000000,55.600000,2.000000,0.821600,-0.000981,0.000008,-0.004557,-0.084544,-0.428302,-0.002860,0.022281,67.800000,0.000000,0.186775,-0.000264,0.000391,0.000193,0.001470,0.269028,
0.040000,28.887565,28.887565,2.000000,30.541744,30.541744,0.000000,55.700000,2.000000,0.798000,-0.001148,0.000216,-0.006686,-0.085669,-0.401001,-0.003462,0.021122,67.900000,0.000000,0.183655,0.000038,0.000521,-0.001453,0.001721,0.264120,
0.040000,28.961213,28.961213,4.000000,30.360531,30.360531,0.000000,55.899999,4.000000,0.731600,-0.001180,-0.000057,-0.007347,-0.085488,-0.374062,-0.003226,0.008115,68.100000,0.000000,0.179728,-0.000340,0.000391,0.000915,-0.000354,0.269613,
0.040000,29.010110,29.010110,3.000000,29.939148,29.939148,0.000000,56.000000,3.000000,0.731200,-0.000963,-0.000239,-0.008769,-0.089002,-0.320770,-0.002363,0.020931,68.200000,0.000000,0.176036,-0.000352,0.000430,-0.001145,-0.000318,0.269475,
0.040000,29.043192,29.043192,4.000000,29.671747,29.671747,0.000000,56.100000,4.000000,0.722800,-0.000747,-0.000116,-0.005947,-0.085603,-0.293841,-0.001731,0.008593,68.300000,0.000000,0.162141,-0.001818,0.000737,-0.000651,0.000974,0.266616,
0.040000,29.061051,29.061051,4.000000,29.400377,29.400377,0.000000,56.200000,4.000000,0.716000,-0.000920,-0.000028,-0.011767,-0.085043,-0.242401,-0.002436,0.010538,68.400000,0.000000,0.159261,-0.000971,0.000847,0.000516,0.001605,0.268093,
0.040000,29.063576,29.063576,4.000000,29.111551,29.111551,0.000000,56.300000,4.000000,0.764400,-0.000920,-0.000028,-0.011767,-0.085043,-0.242401,-0.002436,0.008673,68.500000,0.000000,0.155546,-0.001042,0.000674,0.000371,-0.000374,0.267404,
0.040000,29.053176,29.053176,8.000000,28.855564,28.855564,0.000000,56.399999,8.000000,0.769600,-0.000748,-0.000194,-0.011213,-0.085315,-0.220654,-0.002013,0.022878,68.600000,0.000000,0.151919,-0.001143,0.000679,0.000786,-0.000227,0.255098,
0.040000,29.026024,29.026024,3.000000,28.510143,28.510143,0.000000,56.500000,3.000000,0.748800,-0.000819,-0.000268,-0.018732,-0.079664,-0.200883,-0.001613,0.011505,68.700000,0.000000,0.149042,-0.001147,0.000749,-0.000609,0.000960,0.231845,
0.040000,28.989588,28.989588,19.000000,28.297310,28.297310,0.000000,56.600000,19.000000,0.679600,-0.000791,-0.000112,-0.010803,-0.082042,-0.181845,-0.001696,0.011510,68.800000,0.000000,0.144410,-0.000361,0.000814,-0.000596,-0.000097,0.210752,
0.040000,28.943045,28.943045,4.000000,28.058718,28.058718,0.000000,56.700000,4.000000,0.688000,-0.000756,-0.000005,-0.042074,-0.068285,-0.169806,-0.001867,0.017386,68.900000,0.000000,0.143188,-0.000501,0.000780,0.000830,0.000111,0.198166,
0.040000,28.888632,28.888632,5.000000,27.854795,27.854795,0.000000,56.900000,5.000000,0.681600,-0.000732,-0.000093,-0.046780,-0.066162,-0.155065,-0.002049,0.010066,69.100000,0.000000,0.133802,0.001063,0.000737,0.001039,0.000254,0.150095,
0.040000,28.816977,28.816977,8.000000,27.455519,27.455519,0.000000,57.000000,8.000000,0.678800,-0.000814,-0.000067,-0.044229,-0.068634,-0.129397,-0.002193,0.010290,69.200000,0.000000,0.130175,0.001298,0.000687,-0.000080,0.000244,0.148436,
0.040000,28.740840,28.740840,7.000000,27.294247,27.294247,0.000000,57.100000,7.000000,0.692000,-0.000663,-0.000113,-0.042071,-0.075033,-0.118971,-0.001559,0.010389,69.300000,0.000000,0.121080,0.000390,0.000575,0.000214,-0.000389,0.129371,
0.040000,28.660976,28.660976,7.000000,27.143551,27.143551,0.000000,57.200000,7.000000,0.834000,-0.000900,0.000021,-0.038509,-0.071014,-0.109410,-0.002169,0.011844,