"ADAPTIVE_THRESHOLD_SIGMA","ESTIMATED_OBSERVATION_RADIUS","ESTIMATED_SENSOR_MAX_RANGE","ICP_ITERATION","INSTANTANEOUS_OBSERVATION_RADIUS","INSTANTANEOUS_SENSOR_MAX_RANGE","SENSOR_TIME_OFFSET","current_relative_timestamp","icp_iterations","icp_quality","robot_pitch","robot_roll","robot_x","robot_y","robot_yaw","robot_z","time_onLidar","timestamp","twistCorrectionCount","vx","vy","vz","wx","wy","wz",
0.200000,24.485458,24.485458,0.000000,20.000000,20.000000,0.000000,0.000000,0.000000,0.000000,0.000000,0.000000,0.000000,0.000000,0.000000,0.000000,0.000000,5.500000,0.000000,0.000000,0.000000,0.000000,0.000000,0.000000,0.000000,
0.200000,24.484875,24.484875,1.000000,24.473795,24.473795,0.000000,0.100000,1.000000,0.989200,0.000059,0.000183,0.000424,0.000336,-0.000057,-0.000400,0.013270,5.600000,0.000000,0.000000,0.000000,0.000000,0.000000,0.000000,0.000000,
0.197500,24.484325,24.484325,0.000000,24.473879,24.473879,0.000000,0.200000,0.000000,0.997600,0.000059,0.000183,0.000424,0.000336,-0.000057,-0.000400,0.012312,5.700000,0.000000,0.000000,0.000000,0.000000,0.000000,0.000000,0.000000,
0.195000,24.483793,24.483793,0.000000,24.473684,24.473684,0.000000,0.300000,0.000000,0.998000,-0.000041,0.000059,0.000444,0.000054,-0.000002,0.000236,0.012749,5.800000,0.000000,0.000000,0.000000,0.000000,0.000000,0.000000,0.000000,
0.192500,24.483301,24.483301,1.000000,24.473944,24.473944,0.000000,0.400000,1.000000,0.998400,0.000044,0.000063,0.000455,0.000225,-0.000006,-0.000438,0.006867,5.900000,0.000000,0.000000,0.000000,0.000000,0.000000,0.000000,0.000000,
0.190000,24.483187,24.483187,0.000000,24.481028,24.481028,0.000000,0.500000,0.000000,0.997200,0.000013,0.000144,0.000461,0.000364,-0.000046,-0.000214,0.007685,6.000000,0.000000,0.000000,0.000000,0.000000,0.000000,0.000000,0.000000,
0.187500,24.483107,24.483107,0.000000,24.481586,24.481586,0.000000,0.600000,0.000000,0.998400,0.000065,0.000055,0.000424,0.000051,-0.000027,-0.000384,0.007151,6.100000,0.000000,0.000000,0.000000,0.000000,0.000000,0.000000,0.000000,
0.185000,24.483060,24.483060,1.000000,24.482162,24.482162,0.000000,0.700000,1.000000,0.996800,0.000063,0.000036,0.000724,0.000117,0.000002,-0.000271,0.006894,6.200000,0.000000,0.000000,0.000000,0.000000,0.000000,0.000000,0.000000,
0.182500,24.483112,24.483112,0.000000,24.484102,24.484102,0.000000,0.800000,0.000000,0.996000,0.000015,0.000109,0.000730,0.000385,-0.000003,0.000054,0.007391,6.300000,0.000000,0.001207,0.000196,-0.000452,0.000060,0.000104,0.000004,
0.180000,24.482665,24.482665,0.000000,24.474163,24.474163,0.000000,0.900000,0.000000,0.995600,-0.000000,0.000080,0.001006,0.000224,-0.000012,0.000119,0.008832,6.400000,0.000000,0.001176,0.000264,-0.000351,0.000400,-0.000188,-0.000027,
0.177500,24.482240,24.482240,0.000000,24.474163,24.474163,0.000000,1.000000,0.000000,0.994000,0.000013,0.000056,0.001130,0.000239,-0.000000,-0.000190,0.006809,6.500000,0.000000,0.001219,0.000213,-0.000323,-0.000016,-0.000170,-0.000064,
0.175000,24.481849,24.481849,0.000000,24.474421,24.474421,0.000000,1.100000,0.000000,0.995600,-0.000023,0.000056,0.001255,0.000189,-0.000016,-0.000131,0.006674,6.600000,0.000000,0.001219,0.000211,-0.000397,-0.000156,0.000016,0.000050,
0.172500,24.481483,24.481483,1.000000,24.474545,24.474545,0.000000,1.400000,1.000000,0.996000,0.000036,0.000069,0.001324,0.000216,-0.000021,-0.000267,0.006963,6.900000,0.000000,0.001220,0.000192,-0.000371,-0.000057,-0.000214,-0.000078,
0.170000,24.481147,24.481147,1.000000,24.474762,24.474762,0.000000,1.500000,1.000000,0.994000,-0.000020,0.000142,0.001744,0.000164,-0.000048,-0.000010,0.007445,7.000000,0.000000,0.001206,0.000194,-0.000397,0.000058,0.000284,-0.000063,
0.167500,24.480832,24.480832,0.000000,24.474836,24.474836,0.000000,1.600000,0.000000,0.990800,-0.000022,0.000088,0.002009,0.000299,0.000005,0.000006,0.007514,7.100000,0.000000,0.001247,0.000117,-0.000133,0.000240,-0.000184,-0.000089,
0.165000,24.480536,24.480536,1.000000,24.474911,24.474911,0.000000,1.700000,1.000000,0.995600,-0.000027,0.000013,0.001906,-0.000059,-0.000032,0.000140,0.006750,7.200000,0.000000,0.001280,0.000146,-0.000126,-0.000168,-0.000096,0.000236,
0.162500,24.480258,24.480258,1.000000,24.474989,24.474989,0.000000,1.800000,1.000000,0.991600,-0.000032,0.000231,0.002203,0.000618,-0.000013,0.000198,0.010672,7.300000,0.000000,0.001226,0.000060,-0.000092,-0.000518,-0.000068,-0.000126,
0.160000,24.480215,24.480215,1.000000,24.479401,24.479401,0.000000,1.900000,1.000000,0.992000,-0.000056,0.000103,0.002021,0.000240,-0.000015,0.000310,0.007999,7.400000,0.000000,0.001266,0.000214,-0.000077,0.001145,-0.000059,0.000064,
0.157500,24.479962,24.479962,1.000000,24.475153,24.475153,0.000000,2.000000,1.000000,0.989200,-0.000103,0.000152,0.002728,0.000411,-0.000023,0.000633,0.009929,7.500000,0.000000,0.001196,0.000122,-0.000049,-0.000355,-0.000166,0.000013,
0.155000,24.479715,24.479715,1.000000,24.475008,24.475008,0.000000,2.100000,1.000000,0.993200,-0.000173,0.000170,0.002848,0.000663,0.000021,0.000717,0.007438,7.600000,0.000000,0.001330,0.000159,0.000025,0.000166,-0.000358,-0.000044,
0.152500,24.479693,24.479693,1.000000,24.479273,24.479273,0.000000,2.200000,1.000000,0.987200,-0.000154,0.000127,0.002874,0.000476,0.000005,0.000848,0.008745,7.700000,0.000000,0.001326,0.000212,0.000044,0.000174,-0.000565,0.000255,
0.150000,24.479463,24.479463,1.000000,24.475109,24.475109,0.000000,2.300000,1.000000,0.980000,-0.000161,0.000101,0.002660,0.000237,-0.000001,0.000740,0.008213,7.800000,0.000000,0.001303,0.000165,0.000072,-0.000199,-0.000101,-0.000000,
0.147500,24.479258,24.479258,1.000000,24.475363,24.475363,0.000000,2.400000,1.000000,0.983600,-0.000067,0.000116,0.002818,0.000250,-0.000017,0.000569,0.007389,7.900000,0.000000,0.001225,0.000108,0.000046,-0.000235,-0.000082,-0.000038,
0.145000,24.479158,24.479158,0.000000,24.477259,24.477259,0.000000,2.500000,0.000000,0.978800,-0.000120,0.000089,0.003074,0.000220,-0.000025,0.000562,0.008585,8.000000,0.000000,0.001233,0.000108,0.000007,0.000001,0.000548,-0.000114,
0.142500,24.478969,24.478969,1.000000,24.475380,24.475380,0.000000,2.600000,1.000000,0.982400,-0.000059,0.000070,0.002550,0.000277,0.000006,0.000371,0.009155,8.100000,0.000000,0.001263,0.000099,0.000006,-0.000168,-0.000116,-0.000089,
0.140000,24.478801,24.478801,1.000000,24.475611,24.475611,0.000000,2.699999,1.000000,0.968800,-0.000081,0.000169,0.003132,0.000352,-0.000028,0.000390,0.008108,8.200000,0.000000,0.001119,0.000110,-0.000037,-0.000178,0.000334,0.000157,
0.137500,24.479051,24.479051,1.000000,24.483784,24.483784,0.000000,2.800000,1.000000,0.973200,-0.000181,0.000124,0.003598,0.000478,-0.000006,0.000826,0.007208,8.300000,0.000000,0.001223,0.000124,-0.000032,0.000541,-0.000007,-0.000150,
0.135000,24.479027,24.479027,1.000000,24.478569,24.478569,0.000000,2.900000,1.000000,0.968400,-0.000197,0.000112,0.003556,0.000273,-0.000015,0.000962,0.007841,8.400000,0.000000,0.001298,0.000149,0.000064,-0.000071,-0.000624,0.000077,
0.132500,24.479015,24.479015,1.000000,24.478792,24.478792,0.000000,3.000000,1.000000,0.968000,-0.000191,0.000152,0.003809,0.000377,-0.000013,0.000914,0.009679,8.500000,0.000000,0.001260,0.000101,0.000093,-0.000100,-0.000338,-0.000027,
0.130000,24.478860,24.478860,1.000000,24.475925,24.475925,0.000000,3.100000,1.000000,0.962400,-0.000209,0.000114,0.003539,0.000267,-0.000016,0.001126,0.009401,8.600000,0.000000,0.001288,0.000121,0.000080,0.000207,-0.000093,0.000004,
0.127500,24.478716,24.478716,1.000000,24.475981,24.475981,0.000000,3.200000,1.000000,0.963600,-0.000096,0.000101,0.003868,0.000224,-0.000022,0.000429,0.007212,8.700000,0.000000,0.001202,0.000095,0.000124,-0.000153,-0.000145,-0.000016,
0.125000,24.478584,24.478584,1.000000,24.476061,24.476061,0.000000,3.300000,1.000000,0.968400,-0.000002,0.000106,0.003684,0.000133,-0.000034,0.000157,0.006834,8.800000,0.000000,0.001247,0.000084,-0.000029,-0.000142,0.000641,-0.000046,
0.122500,24.478547,24.478547,1.000000,24.477852,24.477852,0.000000,3.400000,1.000000,0.961200,-0.000058,0.000137,0.003971,0.000256,-0.000032,0.000376,0.007357,8.900000,0.000000,0.001180,0.000062,-0.000087,-0.000024,0.000829,-0.000089,
0.120000,24.478430,24.478430,1.000000,24.476212,24.476212,0.000000,3.500000,1.000000,0.951600,-0.000087,0.000109,0.004157,0.000258,-0.000021,0.000557,0.007675,9.000000,0.000000,0.001216,0.000087,-0.000038,0.000182,-0.000030,-0.000026,
0.117500,24.478322,24.478322,0.000000,24.476273,24.476273,0.000000,3.600000,0.000000,0.956000,-0.000022,0.000137,0.003913,0.000373,-0.000010,0.000148,0.009457,9.100000,0.000000,0.001230,0.000086,0.000002,-0.000100,-0.000193,0.000064,
0.115000,24.478223,24.478223,1.000000,24.476332,24.476332,0.000000,3.700000,1.000000,0.953600,-0.000061,0.000065,0.004312,0.000137,-0.000005,0.000320,0.007468,9.200000,0.000000,0.001152,0.000108,-0.000085,0.000136,0.000328,0.000091,
0.112500,24.478132,24.478132,1.000000,24.476398,24.476398,0.000000,3.900000,1.000000,0.936800,-0.000057,0.000143,0.004097,0.000333,-0.000021,0.000155,0.008204,9.400000,0.000000,0.001212,0.000056,-0.000047,-0.000396,-0.000114,0.000062,
0.110000,24.478037,24.478037,0.000000,24.476233,24.476233,0.000000,4.000000,0.000000,0.940800,-0.000094,0.000099,0.004287,0.000323,0.000014,0.000452,0.006985,9.500000,0.000000,0.001141,0.000096,-0.000081,0.000330,-0.000016,-0.000075,
0.107500,24.477952,24.477952,1.000000,24.476353,24.476353,0.000000,4.100000,1.000000,0.964000,0.000034,0.000054,0.004442,0.000094,-0.000002,-0.000131,0.007096,9.600000,0.000000,0.001125,0.000084,0.000050,-0.000190,-0.000178,0.000163,
0.105000,24.477866,24.477866,1.000000,24.476219,24.476219,0.000000,4.200000,1.000000,0.954800,-0.000053,0.000119,0.004777,0.000269,0.000008,0.000424,0.006901,9.700000,0.000000,0.001134,0.000035,-0.000073,-0.000334,0.000628,-0.000017,
0.102500,24.478138,24.478138,1.000000,24.483318,24.483318,0.000000,4.300000,1.000000,0.952400,-0.000087,0.000164,0.004929,0.000389,-0.000004,0.000492,0.007361,9.800000,0.000000,0.001180,0.000070,0.000044,0.000267,-0.000281,0.000057,
0.100000,24.478392,24.478392,1.000000,24.483219,24.483219,0.000000,4.400000,1.000000,0.946800,-0.000129,0.000096,0.004779,0.000152,-0.000015,0.000639,0.007762,9.900000,0.000000,0.001187,0.000094,0.000057,0.000378,-0.000322,-0.000054,
0.097500,24.478668,24.478668,1.000000,24.483898,24.483898,0.000000,4.500000,1.000000,0.942800,-0.000187,0.000077,0.005292,0.000116,-0.000016,0.000874,0.008350,10.000000,0.000000,0.001132,0.000043,0.000087,-0.000274,-0.000381,-0.000086,
0.095000,24.478561,24.478561,1.000000,24.476528,24.476528,0.000000,4.600000,1.000000,0.940400,-0.000081,0.000160,0.005531,0.000511,0.000016,0.000344,0.008198,10.100000,0.000000,0.001214,0.000034,0.000133,-0.000223,-0.000501,-0.000043,
0.092500,24.478768,24.478768,1.000000,24.482698,24.482698,0.000000,4.700000,1.000000,0.924400,-0.000154,0.000151,0.005609,0.000443,0.000004,0.000600,0.009238,10.200000,0.000000,0.001239,0.000115,0.000021,0.000429,0.000464,0.000185,
0.090000,24.479008,24.479008,1.000000,24.483582,24.483582,0.000000,4.800000,1.000000,0.910000,-0.000131,0.000134,0.005747,0.000456,0.000009,0.000713,0.010194,10.300000,0.000000,0.001229,0.000099,0.000073,0.000106,-0.000277,-0.000006,
0.087500,24.479324,24.479324,1.000000,24.485327,24.485327,0.000000,4.900000,1.000000,0.935600,-0.000085,0.000138,0.005358,0.000334,0.000000,0.000595,0.010557,10.400000,0.000000,0.001232,0.000099,0.000095,-0.000063,0.000035,0.000027,
0.085000,24.479209,24.479209,1.000000,24.477013,24.477013,0.000000,5.000000,1.000000,0.932400,-0.000043,0.000149,0.005582,0.000256,-0.000027,0.000185,0.008315,10.500000,0.000000,0.001127,0.000072,0.000069,0.000001,0.000297,-0.000040,
0.082500,24.479501,24.479501,1.000000,24.485060,24.485060,0.000000,5.100000,1.000000,0.913200,-0.000076,0.000101,0.005585,0.000280,0.000002,0.000436,0.007402,10.600000,0.000000,0.001150,0.000055,-0.000017,0.000068,0.000376,-0.000187,
0.080000,24.479714,24.479714,0.000000,24.483755,24.483755,0.000000,5.200000,0.000000,0.878400,-0.000099,0.000085,0.005895,0.000280,-0.000005,0.000557,0.008152,10.700000,0.000000,0.001127,0.000059,0.000035,-0.000271,-0.000061,0.000110,
0.077500,24.479588,24.479588,1.000000,24.477198,24.477198,0.000000,5.300000,1.000000,0.856800,0.000029,0.000068,0.006041,-0.000058,-0.000031,-0.000131,0.006906,10.800000,0.000000,0.001167,0.000057,0.000059,-0.000202,-0.000164,0.000001,
0.075000,24.479472,24.479472,1.000000,24.477268,24.477268,0.000000,5.400000,1.000000,0.853600,0.000034,0.000097,0.005936,0.000133,-0.000016,-0.000123,0.009815,10.900000,0.000000,0.001173,-0.000013,-0.000083,-0.000184,0.000725,-0.000165,
0.072500,24.479366,24.479366,1.000000,24.477343,24.477343,0.000000,5.500000,1.000000,0.805200,0.000016,0.000117,0.005965,0.000179,-0.000008,-0.000108,0.007204,11.000000,0.000000,0.001128,0.000026,-0.000079,0.000109,0.000309,0.000033,
0.070000,24.479597,24.479597,1.000000,24.483997,24.483997,0.000000,5.600000,1.000000,0.851600,-0.000012,0.000115,0.006055,0.000203,-0.000001,0.000199,0.007809,11.100000,0.000000,0.001111,0.000035,-0.000074,0.000165,0.000006,0.000064,
0.067500,24.479491,24.479491,0.000000,24.477470,24.477470,0.000000,5.700000,0.000000,0.794400,0.000027,0.000097,0.006181,0.000122,-0.000023,-0.000167,0.008505,11.200000,0.000000,0.001106,0.000039,-0.000011,0.000052,-0.000168,0.000062,
0.065000,24.479736,24.479736,1.000000,24.484392,24.484392,0.000000,5.800000,1.000000,0.786000,0.000003,0.000088,0.006098,0.000046,-0.000013,0.000115,0.006467,11.300000,0.000000,0.001110,0.000022,-0.000085,-0.000091,0.000174,-0.000108,
0.062500,24.479630,24.479630,1.000000,24.477619,24.477619,0.000000,5.900000,1.000000,0.765200,0.000032,0.000132,0.006574,0.000077,-0.000032,-0.000203,0.008036,11.400000,0.000000,0.001070,0.000006,-0.000026,-0.000092,-0.000083,0.000022,
0.060000,24.479533,24.479533,1.000000,24.477682,24.477682,0.000000,6.000000,1.000000,0.729600,-0.000040,0.000108,0.006697,0.000116,-0.000013,0.000077,0.009857,11.500000,0.000000,0.001145,0.000012,-0.000090,0.000235,0.000148,-0.000110,
0.057500,24.479806,24.479806,0.000000,24.484995,24.484995,0.000000,6.100000,0.000000,0.751200,0.000008,0.000129,0.006514,0.000193,-0.000003,0.000013,0.007080,11.600000,0.000000,0.001147,0.000020,-0.000031,-0.000054,-0.000384,0.000073,
0.055000,24.480123,24.480123,1.000000,24.486151,24.486151,0.000000,6.200000,1.000000,0.733200,-0.000015,0.000071,0.006879,0.000189,0.000003,-0.000011,0.006803,11.700000,0.000000,0.001086,0.000035,-0.000044,0.000110,0.000149,0.000092,
0.052500,24.480452,24.480452,0.000000,24.486700,24.486700,0.000000,6.300000,0.000000,0.713600,0.000079,0.000073,0.006849,-0.000045,-0.000022,-0.000372,0.006963,11.800000,0.000000,0.001138,0.000034,-0.000048,-0.000319,-0.000088,0.000072,
0.050000,24.480318,24.480318,0.000000,24.477781,24.477781,0.000000,6.400000,0.000000,0.729200,0.000009,0.000092,0.007371,0.000077,-0.000006,-0.000114,0.007105,11.900000,0.000000,0.001109,-0.000014,-0.000119,-0.000107,0.000549,-0.000129,
0.047500,24.480206,24.480206,1.000000,24.478069,24.478069,0.000000,6.500000,1.000000,0.694800,-0.000032,0.000088,0.007444,0.000261,0.000002,0.000119,0.006541,12.000000,0.000000,0.001192,0.000011,-0.000065,0.000074,-0.000224,0.000051,
0.045000,24.480452,24.480452,1.000000,24.485125,24.485125,0.000000,6.600000,1.000000,0.711600,0.000089,0.000129,0.007022,0.000180,-0.000015,-0.000488,0.008800,12.100000,0.000000,0.001183,0.000048,-0.000017,0.000002,-0.000337,0.000064,
0.042500,24.480338,24.480338,0.000000,24.478170,24.478170,0.000000,6.700000,0.000000,0.737200,-0.000036,0.000129,0.007389,0.000274,-0.000008,0.000181,0.007896,12.200000,0.000000,0.001074,0.000030,-0.000139,0.000254,0.000615,-0.000080,
0.040000,24.480235,24.480235,1.000000,24.478285,24.478285,0.000000,6.800000,1.000000,0.707200,0.000036,0.000086,0.007382,0.000186,-0.000017,-0.000263,0.006644,12.300000,0.000000,0.001126,0.000049,-0.000001,0.000097,-0.000537,0.000017,
0.040000,24.480530,24.480530,0.000000,24.486135,24.486135,0.000000,6.900000,0.000000,0.685600,-0.000007,0.000138,0.007700,0.000236,-0.000022,-0.000065,0.006921,12.400000,0.000000,0.001102,0.000030,-0.000090,-0.000226,0.000244,-0.000052,
0.040000,24.480783,24.480783,0.000000,24.485592,24.485592,0.000000,7.000000,0.000000,0.668800,-0.000006,0.000079,0.007449,0.000188,-0.000009,0.000101,0.006206,12.500000,0.000000,0.001144,0.000039,-0.000049,0.000237,-0.000177,-0.000047,
0.040000,24.480676,24.480676,0.000000,24.478634,24.478634,0.000000,7.100000,0.000000,0.710400,-0.000036,0.000071,0.007928,0.000119,-0.000017,0.000063,0.007339,12.600000,0.000000,0.001071,0.000029,-0.000014,-0.000274,-0.000060,0.000060,
0.040000,24.480576,24.480576,1.000000,24.478685,24.478685,0.000000,7.200000,1.000000,0.692000,-0.000026,0.000062,0.007845,0.000094,-0.000021,0.000166,0.007757,12.700000,0.000000,0.001145,0.000014,-0.000022,-0.000158,-0.000209,-0.000028,
0.040000,24.480930,24.480930,0.000000,24.487650,24.487650,0.000000,7.300000,0.000000,0.634000,-0.000024,0.000097,0.008070,0.000174,-0.000020,0.000180,0.006661,12.800000,0.000000,0.001106,0.000009,-0.000001,-0.000117,-0.000019,-0.000036,
0.040000,24.480825,24.480825,1.000000,24.478834,24.478834,0.000000,7.400000,1.000000,0.648000,-0.000015,0.000075,0.007921,0.000198,-0.000015,0.000263,0.007079,12.900000,0.000000,0.001129,0.000025,0.000002,0.000176,0.000008,-0.000003,
0.040000,24.481100,24.481100,1.000000,24.486317,24.486317,0.000000,7.500000,1.000000,0.710000,-0.000034,0.000101,0.008298,0.000263,-0.000010,0.000164,0.006529,13.000000,0.000000,0.001076,0.000029,0.000019,-0.000068,0.000060,0.000030,
0.040000,24.481304,24.481304,1.000000,24.485188,24.485188,0.000000,7.600000,1.000000,0.682400,-0.000072,0.000085,0.008523,0.000250,-0.000013,0.000393,0.007428,13.100000,0.000000,0.001130,0.000042,-0.000001,0.000129,-0.000094,0.000043,
0.040000,24.481526,24.481526,0.000000,24.485737,24.485737,0.000000,7.700000,0.000000,0.698400,-0.000034,0.000118,0.008454,0.000250,-0.000017,0.000131,0.008382,13.200000,0.000000,0.001153,0.000038,0.000044,-0.000046,-0.000270,-0.000004,
0.040000,24.481777,24.481777,1.000000,24.486553,24.486553,0.000000,7.800000,1.000000,0.730000,-0.000031,0.000079,0.008585,0.000229,-0.000020,0.000312,0.007083,13.300000,0.000000,0.001116,0.000038,-0.000009,0.000183,0.000131,-0.000029,
0.040000,24.481641,24.481641,1.000000,24.479046,24.479046,0.000000,7.900000,1.000000,0.657600,-0.000064,0.000085,0.008647,0.000256,-0.000003,0.000438,0.007392,13.400000,0.000000,0.001119,0.000033,0.000028,-0.000167,0.000065,-0.000030,
0.040000,24.481878,24.481878,1.000000,24.486399,24.486399,0.000000,8.000000,1.000000,0.712400,-0.000067,0.000113,0.009361,0.000303,-0.000004,0.000325,0.007544,13.500000,0.000000,0.001109,0.000037,0.000052,-0.000030,-0.000176,0.000097,
0.040000,24.482045,24.482045,0.000000,24.485218,24.485218,0.000000,8.100000,0.000000,0.644000,-0.000075,0.000089,0.009173,0.000256,-0.000013,0.000478,0.009662,13.600000,0.000000,0.001230,0.000046,0.000029,0.000162,-0.000089,0.000032,
0.040000,24.482263,24.482263,0.000000,24.486395,24.486395,0.000000,8.200000,0.000000,0.695200,-0.000051,0.000083,0.009215,0.000125,-0.000034,0.000230,0.006251,13.700000,0.000000,0.001168,0.000036,0.000059,-0.000084,-0.000081,-0.000044,
0.040000,24.482446,24.482446,0.000000,24.485920,24.485920,0.000000,8.300000,0.000000,0.667600,-0.000022,0.000088,0.009137,0.000198,-0.000022,0.000226,0.007410,13.800000,0.000000,0.001153,0.000009,0.000008,-0.000068,0.000116,-0.000150,
0.040000,24.482303,24.482303,1.000000,24.479589,24.479589,0.000000,8.400000,1.000000,0.683200,-0.000057,0.000046,0.009415,0.000144,-0.000031,0.000367,0.008010,13.900000,0.000000,0.001114,0.000023,0.000007,0.000003,0.000226,0.000017,
0.040000,24.482598,24.482598,1.000000,24.488207,24.488207,0.000000,8.600000,1.000000,0.679200,-0.000068,0.000092,0.009516,0.000225,-0.000019,0.000338,0.007135,14.100000,0.000000,0.001148,0.000012,0.000035,-0.000258,-0.000128,-0.000048,
0.040000,24.482457,24.482457,1.000000,24.479778,24.479778,0.000000,8.700000,1.000000,0.675200,-0.000073,0.000094,0.009448,0.000191,-0.000025,0.000429,0.006371,14.200000,0.000000,0.001145,0.000028,0.000028,0.000186,-0.000118,0.000058,
0.040000,24.482834,24.482834,1.000000,24.489990,24.489990,0.000000,8.800000,1.000000,0.695200,-0.000113,0.000083,0.009819,0.000134,-0.000019,0.000591,0.006249,14.300000,0.000000,0.001027,0.000012,0.000062,0.000018,-0.000033,-0.000027,
0.040000,24.483145,24.483145,0.000000,24.489052,24.489052,0.000000,8.900000,0.000000,0.653600,-0.000053,0.000089,0.009955,0.000127,-0.000033,0.000242,0.006477,14.400000,0.000000,0.001080,0.000001,0.000093,-0.000052,-0.000234,0.000023,
0.040000,24.483314,24.483314,1.000000,24.486530,24.486530,0.000000,9.000000,1.000000,0.690400,0.000021,0.000076,0.009524,0.000271,-0.000022,-0.000091,0.005824,14.500000,0.000000,0.001086,-0.000001,0.000022,0.000017,0.000275,-0.000077,
0.040000,24.483151,24.483151,1.000000,24.480057,24.480057,0.000000,9.100000,1.000000,0.675600,-0.000057,0.000093,0.010317,0.000158,-0.000034,0.000311,0.006794,14.600000,0.000000,0.000979,0.000028,-0.000045,-0.000077,0.000561,0.000038,
0.040000,24.482999,24.482999,1.000000,24.480101,24.480101,0.000000,9.200000,1.000000,0.682000,-0.000098,0.000069,0.010312,0.000074,-0.000025,0.000570,0.007144,14.700000,0.000000,0.001117,0.000005,0.000036,0.000079,-0.000270,-0.000059,
0.040000,24.483168,24.483168,1.000000,24.486382,24.486382,0.000000,9.300000,1.000000,0.678400,-0.000083,0.000086,0.010305,0.000263,-0.000010,0.000532,0.007844,14.800000,0.000000,0.001093,-0.000012,0.000087,-0.000123,-0.000358,0.000030,
0.040000,24.483346,24.483346,1.000000,24.486736,24.486736,0.000000,9.400000,1.000000,0.671200,-0.000127,0.000100,0.010612,0.000219,-0.000015,0.000569,0.007420,14.900000,0.000000,0.001070,0.000026,0.000078,0.000061,-0.000039,0.000104,
0.040000,24.483514,24.483514,1.000000,24.486712,24.486712,0.000000,9.500000,1.000000,0.681600,-0.000014,0.000125,0.010277,0.000380,-0.000015,0.000125,0.008782,15.000000,0.000000,0.001110,0.000017,0.000084,0.000107,-0.000288,0.000009,
0.040000,24.483670,24.483670,1.000000,24.486622,24.486622,0.000000,9.600000,1.000000,0.690000,-0.000078,0.000111,0.010650,0.000381,0.000003,0.000336,0.006876,15.100000,0.000000,0.001022,0.000048,-0.000006,0.000199,0.000588,0.000005,
0.040000,24.483866,24.483866,0.000000,24.487587,24.487587,0.000000,9.700000,0.000000,0.673200,0.000050,0.000088,0.010475,0.000176,-0.000029,-0.000171,0.007024,15.200000,0.000000,0.001075,0.000048,0.000036,-0.000013,-0.000170,0.000115,
0.040000,24.483701,24.483701,0.000000,24.480564,24.480564,0.000000,9.900000,0.000000,0.692400,0.000032,0.000062,0.010414,0.000152,-0.000019,-0.000144,0.006480,15.400000,0.000000,0.001019,0.000006,-0.000066,-0.000146,0.000726,-0.000155,
0.040000,24.483851,24.483851,1.000000,24.486704,24.486704,0.000000,10.000000,1.000000,0.686400,-0.000015,0.000071,0.010926,0.000091,-0.000024,0.000108,0.006410,15.500000,0.000000,0.000987,0.000001,-0.000059,-0.000215,0.000164,0.000005,
0.040000,24.484052,24.484052,0.000000,24.487869,24.487869,0.000000,10.100000,0.000000,0.698400,0.000006,0.000099,0.011019,0.000207,-0.000039,-0.000015,0.006390,15.600000,0.000000,0.001111,-0.000023,0.000045,0.000029,-0.000212,-0.000025,
0.040000,24.484272,24.484272,1.000000,24.488455,24.488455,0.000000,10.200000,1.000000,0.688000,-0.000016,0.000083,0.011057,0.000017,-0.000060,0.000147,0.006493,15.700000,0.000000,0.001108,0.000000,0.000020,0.000172,0.000022,-0.000092,
0.040000,24.484102,24.484102,1.000000,24.480871,24.480871,0.000000,10.300000,1.000000,0.694400,0.000002,0.000086,0.011119,0.000182,-0.000014,-0.000009,0.006518,15.800000,0.000000,0.001093,-0.000037,0.000052,-0.000033,-0.000127,-0.000165,
0.040000,24.484397,24.484397,1.000000,24.490005,24.490005,0.000000,10.400000,1.000000,0.664400,-0.000022,0.000091,0.011209,0.000203,-0.000032,0.000201,0.007356,15.900000,0.000000,0.001084,-0.000004,0.000020,0.000004,0.000064,0.000217,
0.040000,24.484659,24.484659,1.000000,24.489645,24.489645,0.000000,10.500000,1.000000,0.696800,-0.000104,0.000143,0.011440,0.000507,0.000006,0.000552,0.006899,16.000000,0.000000,0.001080,0.000000,0.000061,0.000033,-0.000126,-0.000029,
0.040000,24.484487,24.484487,1.000000,24.481205,24.481205,0.000000,10.600000,1.000000,0.722400,-0.000118,0.000121,0.011636,0.000289,-0.000006,0.000649,0.007762,16.100000,0.000000,0.001105,0.000060,0.000129,0.000335,-0.000555,0.000226,
0.040000,24.484645,24.484645,1.000000,24.487652,24.487652,0.000000,10.700000,1.000000,0.688000,-0.000057,0.000101,0.011943,0.000283,-0.000033,0.000344,0.006948,16.200000,0.000000,0.001121,0.000016,0.000146,-0.000006,-0.000297,0.000014,
0.040000,24.484909,24.484909,1.000000,24.489933,24.489933,0.000000,10.800000,1.000000,0.687200,-0.000129,0.000061,0.011922,0.000317,-0.000005,0.000724,0.007165,16.300000,0.000000,0.001160,0.000015,0.000082,-0.000126,0.000264,-0.000164,
0.040000,24.485134,24.485134,1.000000,24.489397,24.489397,0.000000,10.899999,1.000000,0.664400,-0.000048,0.000132,0.011722,0.000381,-0.000012,0.000249,0.006929,16.400000,0.000000,0.001133,0.000021,0.000156,-0.000295,-0.000344,0.000109,
0.040000,24.485325,24.485325,1.000000,24.488962,24.488962,0.000000,11.000000,1.000000,0.658400,-0.000098,0.000076,0.012314,0.000198,-0.000035,0.000452,0.007396,16.500000,0.000000,0.001071,0.000033,0.000059,0.000327,0.000369,-0.000003,
0.040000,24.485509,24.485509,0.000000,24.489004,24.489004,0.000000,11.100000,0.000000,0.694000,-0.000055,0.000108,0.012185,0.000314,-0.000032,0.000360,0.006404,16.600000,0.000000,0.001167,-0.000004,0.000098,-0.000225,-0.000171,-0.000138,
0.040000,24.485718,24.485718,1.000000,24.489681,24.489681,0.000000,11.200000,1.000000,0.682000,-0.000068,0.000063,0.012169,0.000218,-0.000017,0.000478,0.006223,16.700000,0.000000,0.001118,0.000019,0.000078,0.000110,0.000204,-0.000035,
0.040000,24.485997,24.485997,1.000000,24.491295,24.491295,0.000000,11.300000,1.000000,0.679200,-0.000071,0.000095,0.012555,0.000125,-0.000042,0.000454,0.007925,16.800000,0.000000,0.001093,0.000000,0.000100,-0.000230,-0.000004,0.000075,
0.040000,24.485791,24.485791,1.000000,24.481880,24.481880,0.000000,11.399999,1.000000,0.695600,-0.000067,0.000093,0.012495,0.000429,-0.000018,0.000364,0.007278,16.900000,0.000000,0.001148,-0.000018,0.000093,0.000109,-0.000022,-0.000121,
0.040000,24.485979,24.485979,0.000000,24.489559,24.489559,0.000000,11.500000,0.000000,0.702400,-0.000129,0.000033,0.012888,0.000038,-0.000034,0.000524,0.007458,17.000000,0.000000,0.001113,0.000042,0.000073,0.000030,0.000018,0.000100,
0.040000,24.485782,24.485782,1.000000,24.482044,24.482044,0.000000,11.600000,1.000000,0.664400,0.000003,0.000089,0.012586,0.000239,-0.000026,0.000074,0.006290,17.100000,0.000000,0.001169,-0.000036,0.000103,-0.000359,-0.000374,-0.000064,
0.040000,24.486011,24.486011,0.000000,24.490358,24.490358,0.000000,11.700000,0.000000,0.710400,-0.000044,0.000109,0.012779,0.000386,-0.000022,0.000230,0.007883,17.200000,0.000000,0.001086,0.000004,0.000012,0.000208,0.000672,0.000026,
0.040000,24.485818,24.485818,0.000000,24.482157,24.482157,0.000000,11.800000,0.000000,0.680000,0.000011,0.000049,0.012534,0.000255,-0.000015,-0.000083,0.006421,17.300000,0.000000,0.001103,0.000033,0.000043,0.000200,-0.000034,0.000034,
0.040000,24.485638,24.485638,1.000000,24.482203,24.482203,0.000000,11.900000,1.000000,0.654800,-0.000042,0.000066,0.012704,0.000261,-0.000011,0.000308,0.006647,17.400000,0.000000,0.001032,0.000007,-0.000020,-0.000293,0.000325,0.000056,
0.040000,24.485874,24.485874,1.000000,24.490368,24.490368,0.000000,12.000000,1.000000,0.667200,-0.000031,0.000098,0.013058,0.000265,-0.000021,0.000194,0.006849,17.500000,0.000000,0.001046,0.000008,0.000058,-0.000004,-0.000200,0.000051,
0.040000,24.486007,24.486007,1.000000,24.488533,24.488533,0.000000,12.100000,1.000000,0.675200,-0.000081,0.000066,0.013449,0.000365,-0.000010,0.000368,0.009365,17.600000,0.000000,0.001095,0.000008,0.000034,0.000196,-0.000012,-0.000042,
0.040000,24.486228,24.486228,0.000000,24.490429,24.490429,0.000000,12.200000,0.000000,0.701200,-0.000066,0.000079,0.013569,0.000339,-0.000022,0.000284,0.007384,17.700000,0.000000,0.001151,0.000028,0.000068,-0.000126,-0.000311,0.000049,
0.040000,24.486044,24.486044,0.000000,24.482540,24.482540,0.000000,12.300000,0.000000,0.698400,0.000007,0.000079,0.013477,0.000210,-0.000033,-0.000128,0.008891,17.800000,0.000000,0.001152,0.000022,0.000050,0.000034,-0.000025,-0.000058,
0.040000,24.485872,24.485872,0.000000,24.482603,24.482603,0.000000,12.400000,0.000000,0.649200,0.000034,0.000094,0.013230,0.000220,-0.000045,-0.000268,0.006478,17.900000,0.000000,0.001111,-0.000004,-0.000032,0.000015,0.000442,-0.000084,
0.040000,24.486083,24.486083,0.000000,24.490091,24.490091,0.000000,12.500000,0.000000,0.682400,-0.000041,0.000073,0.013432,0.000427,-0.000009,0.000294,0.006917,18.000000,0.000000,0.001040,-0.000001,-0.000059,0.000094,0.000333,-0.000111,
0.040000,24.486366,24.486366,0.000000,24.491749,24.491749,0.000000,12.600000,0.000000,0.694000,0.000022,0.000080,0.013437,0.000158,-0.000040,-0.000125,0.009124,18.100000,0.000000,0.001059,0.000039,0.000053,-0.000092,-0.000334,0.000179,
0.040000,24.486186,24.486186,1.000000,24.482769,24.482769,0.000000,12.700000,1.000000,0.659600,-0.000015,0.000083,0.013898,0.000185,-0.000036,0.000107,0.006032,18.200000,0.000000,0.001039,-0.000015,-0.000031,0.000011,0.000263,-0.000121,
0.040000,24.486018,24.486018,0.000000,24.482830,24.482830,0.000000,12.800000,0.000000,0.693200,-0.000090,0.000075,0.014293,0.000242,-0.000026,0.000394,0.006647,18.300000,0.000000,0.001110,-0.000009,0.000015,0.000022,-0.000131,-0.000018,
0.040000,24.486276,24.486276,1.000000,24.491177,24.491177,0.000000,12.900000,1.000000,0.684000,0.000016,0.000073,0.013916,0.000338,-0.000014,-0.000152,0.007658,18.400000,0.000000,0.001166,0.000003,0.000072,-0.000042,-0.000516,0.000054,
0.040000,24.486429,24.486429,1.000000,24.489330,24.489330,0.000000,13.000000,1.000000,0.666400,-0.000048,0.000120,0.014124,0.000394,-0.000032,0.000245,0.006781,18.500000,0.000000,0.001068,0.000022,-0.000038,-0.000029,0.000459,0.000091,
0.040000,24.486608,24.486608,1.000000,24.490015,24.490015,0.000000,13.100000,1.000000,0.692000,-0.000063,0.000095,0.014393,0.000319,-0.000025,0.000352,0.007123,18.600000,0.000000,0.001088,0.000032,0.000042,0.000281,-0.000221,-0.000073,
0.040000,24.486741,24.486741,1.000000,24.489258,24.489258,0.000000,13.300000,1.000000,0.696400,-0.000110,0.000073,0.014388,0.000300,-0.000038,0.000614,0.007322,18.800000,0.000000,0.001120,0.000017,0.000062,-0.000045,-0.000178,0.000013,
0.040000,24.486932,24.486932,0.000000,24.490559,24.490559,0.000000,13.400000,0.000000,0.660000,-0.000102,0.000123,0.014954,0.000386,-0.000038,0.000565,0.006377,18.900000,0.000000,0.001097,0.000013,0.000113,-0.000156,-0.000355,-0.000077,
0.040000,24.487191,24.487191,1.000000,24.492125,24.492125,0.000000,13.500000,1.000000,0.686400,-0.000055,0.000067,0.014652,0.000256,-0.000012,0.000460,0.006497,19.000000,0.000000,0.001234,0.000046,0.000085,0.000229,0.000021,-0.000000,
0.040000,24.486996,24.486996,1.000000,24.483280,24.483280,0.000000,13.600000,1.000000,0.690000,-0.000094,0.000088,0.014948,0.000270,-0.000008,0.000577,0.008818,19.100000,0.000000,0.001150,0.000019,0.000062,-0.000204,0.000269,0.000142,
0.040000,24.487198,24.487198,0.000000,24.491035,24.491035,0.000000,13.700000,0.000000,0.676000,-0.000096,0.000076,0.015178,0.000449,-0.000004,0.000512,0.007627,19.200000,0.000000,0.001186,0.000022,0.000084,0.000042,-0.000135,0.000078,
0.040000,24.487347,24.487347,0.000000,24.490191,24.490191,0.000000,13.800000,0.000000,0.689200,-0.000070,0.000062,0.014983,0.000312,-0.000013,0.000372,0.006239,19.300000,0.000000,0.001207,0.000056,0.000070,-0.000054,-0.000064,0.000055,
0.040000,24.487583,24.487583,1.000000,24.492052,24.492052,0.000000,13.900000,1.000000,0.673200,0.000004,0.000084,0.015058,0.000439,-0.000019,0.000105,0.006977,19.400000,0.000000,0.001145,0.000028,0.000041,-0.000110,0.000137,-0.000035,
0.040000,24.487778,24.487778,1.000000,24.491495,24.491495,0.000000,14.000000,1.000000,0.671600,-0.000127,0.000154,0.015584,0.000343,-0.000035,0.000703,0.008147,19.500000,0.000000,0.001137,0.000053,-0.000013,0.000094,0.000512,-0.000050,
0.040000,24.487579,24.487579,1.000000,24.483799,24.483799,0.000000,14.100000,1.000000,0.676400,-0.000052,0.000149,0.015222,0.000628,-0.000001,0.000402,0.008807,19.600000,0.000000,0.001219,0.000033,0.000105,0.000472,-0.000619,-0.000117,
0.040000,24.487802,24.487802,0.000000,24.492025,24.492025,0.000000,14.200000,0.000000,0.659200,-0.000115,0.000056,0.015228,0.000159,-0.000026,0.000667,0.006379,19.700000,0.000000,0.001123,0.000088,0.000044,0.000146,0.000229,0.000163,
0.040000,24.488053,24.488053,1.000000,24.492836,24.492836,0.000000,14.400000,1.000000,0.671600,-0.000042,0.000066,0.015567,0.000115,-0.000025,0.000165,0.006216,19.900000,0.000000,0.001102,-0.000006,0.000095,-0.000518,-0.000301,-0.000092,
0.040000,24.487844,24.487844,1.000000,24.483860,24.483860,0.000000,14.500000,1.000000,0.694000,-0.000092,0.000141,0.015773,0.000434,-0.000009,0.000611,0.006379,20.000000,0.000000,0.001147,-0.000014,-0.000006,-0.000135,0.000339,-0.000030,
0.040000,24.487664,24.487664,1.000000,24.484257,24.484257,0.000000,14.600000,1.000000,0.688000,-0.000050,0.000095,0.016238,0.000139,-0.000050,0.000278,0.008044,20.100000,0.000000,0.001138,0.000112,0.000170,0.000349,-0.000220,0.000077,
0.040000,24.487867,24.487867,1.000000,24.491711,24.491711,0.000000,14.700000,1.000000,0.685200,-0.000020,0.000084,0.015897,0.000523,-0.000012,0.000190,0.007419,20.200000,0.000000,0.001207,0.000052,0.000101,-0.000098,0.000133,-0.000195,
0.040000,24.487688,24.487688,0.000000,24.484303,24.484303,0.000000,14.800000,0.000000,0.685200,-0.000046,0.000109,0.016181,0.000343,-0.000032,0.000205,0.006926,20.300000,0.000000,0.001116,0.000126,0.000082,-0.000106,0.000231,0.000156,
0.040000,24.487523,24.487523,0.000000,24.484375,24.484375,0.000000,14.900000,0.000000,0.673600,-0.000059,0.000020,0.016344,0.000208,-0.000029,0.000369,0.006450,20.400000,0.000000,0.001150,0.000088,0.000083,0.000112,-0.000071,-0.000064,
0.040000,24.487368,24.487368,0.000000,24.484434,24.484434,0.000000,15.000000,0.000000,0.671200,-0.000021,0.000027,0.016433,0.000214,-0.000025,0.000080,0.006307,20.500000,0.000000,0.001160,0.000060,0.000114,-0.000509,-0.000105,-0.000003,
0.040000,24.487570,24.487570,1.000000,24.491405,24.491405,0.000000,15.100000,1.000000,0.670800,-0.000058,0.000046,0.016233,0.000128,-0.000030,0.000267,0.009357,20.600000,0.000000,0.001154,0.000060,0.000055,-0.000152,0.000195,0.000020,
0.040000,24.487843,24.487843,0.000000,24.493023,24.493023,0.000000,15.200000,0.000000,0.703200,0.000042,0.000108,0.016721,0.000341,-0.000019,-0.000222,0.007434,20.700000,0.000000,0.001092,0.000042,0.000091,0.000059,-0.000152,-0.000023,
0.040000,24.487682,24.487682,0.000000,24.484632,24.484632,0.000000,15.300000,0.000000,0.680400,-0.000028,0.000076,0.016890,0.000282,-0.000025,0.000037,0.006758,20.800000,0.000000,0.001167,0.000083,-0.000008,0.000407,0.000555,0.000063,
0.040000,24.487536,24.487536,0.000000,24.484751,24.484751,0.000000,15.400000,0.000000,0.695200,0.000030,0.000064,0.016622,0.000055,-0.000039,-0.000304,0.006627,20.900000,0.000000,0.001177,0.000070,0.000044,-0.000039,-0.000216,-0.000014,
0.040000,24.487713,24.487713,0.000000,24.491072,24.491072,0.000000,15.500000,0.000000,0.682800,0.000001,0.000075,0.017065,0.000329,-0.000024,-0.000095,0.006457,21.000000,0.000000,0.001101,0.000024,-0.000024,-0.000088,0.000272,-0.000094,
0.040000,24.487571,24.487571,1.000000,24.484880,24.484880,0.000000,15.600000,1.000000,0.687600,-0.000027,0.000075,0.017223,0.000282,-0.000024,-0.000047,0.006640,21.100000,0.000000,0.001167,0.000077,0.000017,0.000030,-0.000074,0.000056,
0.040000,24.487739,24.487739,0.000000,24.490940,24.490940,0.000000,15.700000,0.000000,0.676000,-0.000067,0.000075,0.017209,0.000304,-0.000033,0.000408,0.007253,21.200000,0.000000,0.001175,0.000066,0.000026,0.000013,-0.000201,0.000021,
0.040000,24.487603,24.487603,1.000000,24.485003,24.485003,0.000000,15.800000,1.000000,0.694000,0.000033,0.000090,0.017136,0.000272,-0.000036,-0.000193,0.006274,21.300000,0.000000,0.001149,0.000069,0.000116,0.000005,-0.000322,-0.000044,
0.040000,24.487959,24.487959,1.000000,24.494730,24.494730,0.000000,15.900000,1.000000,0.686000,-0.000046,0.000100,0.017664,0.000225,-0.000038,0.000221,0.006823,21.400000,0.000000,0.001112,0.000062,-0.000005,0.000097,0.000494,-0.000037,
0.040000,24.488248,24.488248,1.000000,24.493742,24.493742,0.000000,16.000000,1.000000,0.671200,-0.000071,0.000077,0.017838,0.000188,-0.000039,0.000401,0.006783,21.500000,0.000000,0.001194,0.000051,0.000077,0.000098,-0.000304,-0.000027,
0.040000,24.488508,24.488508,1.000000,24.493450,24.493450,0.000000,16.100000,1.000000,0.688000,-0.000126,0.000107,0.018036,0.000322,-0.000033,0.000863,0.007269,21.600000,0.000000,0.001205,0.000043,0.000111,-0.000108,-0.000265,-0.000017,
0.040000,24.488728,24.488728,1.000000,24.492910,24.492910,0.000000,16.200000,1.000000,0.693200,-0.000161,0.000099,0.017961,0.000606,-0.000006,0.000809,0.006384,21.700000,0.000000,0.001220,0.000069,0.000200,0.000146,-0.000442,0.000029,
0.040000,24.488932,24.488932,1.000000,24.492804,24.492804,0.000000,16.300000,1.000000,0.637600,-0.000078,0.000070,0.017978,0.000212,-0.000052,0.000438,0.009631,21.800000,0.000000,0.001181,0.000123,0.000185,0.000007,-0.000387,0.000183,
0.040000,24.489043,24.489043,1.000000,24.491148,24.491148,0.000000,16.400000,1.000000,0.660000,-0.000147,0.000149,0.018525,0.000366,-0.000041,0.000757,0.006618,21.900000,0.000000,0.001161,0.000043,0.000108,-0.000176,0.000366,-0.000215,
0.040000,24.489282,24.489282,1.000000,24.493816,24.493816,0.000000,16.500000,1.000000,0.690000,-0.000114,0.000069,0.017959,0.000292,-0.000051,0.000795,0.007233,22.000000,0.000000,0.001246,0.000073,0.000169,0.000421,-0.000286,-0.000013,
0.040000,24.489421,24.489421,1.000000,24.492081,24.492081,0.000000,16.600000,1.000000,0.680800,-0.000070,0.000077,0.017989,0.000343,-0.000046,0.000710,0.006517,22.100000,0.000000,0.001110,0.000057,0.000173,-0.000335,0.000095,-0.000071,
0.040000,24.489568,24.489568,1.000000,24.492344,24.492344,0.000000,16.700000,1.000000,0.666800,-0.000073,0.000130,0.018445,0.000412,-0.000038,0.000284,0.007289,22.200000,0.000000,0.001094,0.000066,0.000153,-0.000081,0.000307,0.000004,
0.040000,24.489388,24.489388,1.000000,24.485979,24.485979,0.000000,16.800000,1.000000,0.666000,-0.000098,0.000085,0.018828,0.000142,-0.000056,0.000600,0.006799,22.300000,0.000000,0.001163,0.000078,0.000066,0.000300,0.000099,0.000052,
0.040000,24.489624,24.489624,0.000000,24.494097,24.494097,0.000000,16.900000,0.000000,0.694000,-0.000053,0.000091,0.018433,0.000228,-0.000056,0.000420,0.007746,22.400000,0.000000,0.001215,0.000023,0.000127,-0.000163,-0.000115,-0.000094,
0.040000,24.489452,24.489452,1.000000,24.486185,24.486185,0.000000,17.000000,1.000000,0.659200,-0.000072,0.000048,0.018797,0.000237,-0.000044,0.000445,0.009662,22.500000,0.000000,0.001113,0.000040,0.000089,-0.000025,0.000229,-0.000034,
0.040000,24.489291,24.489291,1.000000,24.486240,24.486240,0.000000,17.100000,1.000000,0.660800,-0.000069,0.000112,0.018631,0.000221,-0.000055,0.000327,0.006795,22.600000,0.000000,0.001163,0.000041,0.000092,-0.000276,-0.000026,0.000062,
0.040000,24.489473,24.489473,1.000000,24.492920,24.492920,0.000000,17.200000,1.000000,0.664000,-0.000149,0.000089,0.019233,0.000296,-0.000051,0.000821,0.006588,22.700000,0.000000,0.001107,0.000037,0.000067,0.000286,0.000009,-0.000044,
0.040000,24.489682,24.489682,1.000000,24.493671,24.493671,0.000000,17.300000,1.000000,0.658000,-0.000153,0.000122,0.019464,0.000461,-0.000046,0.001001,0.007043,22.800000,0.000000,0.001204,0.000051,0.000163,-0.000030,-0.000493,0.000011,
0.040000,24.489521,24.489521,1.000000,24.486446,24.486446,0.000000,17.400000,1.000000,0.672400,-0.000160,0.000087,0.019236,0.000396,-0.000033,0.000891,0.008437,22.900000,0.000000,0.001226,0.000082,0.000195,0.000193,-0.000213,0.000036,
0.040000,24.489772,24.489772,1.000000,24.494545,24.494545,0.000000,17.500000,1.000000,0.674000,-0.000199,0.000109,0.019009,0.000387,-0.000039,0.000971,0.008227,23.000000,0.000000,0.001157,0.000068,0.000170,-0.000140,-0.000126,0.000093,
0.040000,24.489605,24.489605,1.000000,24.486433,24.486433,0.000000,17.600000,1.000000,0.667200,-0.000122,0.000156,0.019809,0.000175,-0.000055,0.000734,0.006888,23.100000,0.000000,0.001089,0.000065,0.000182,0.000082,-0.000284,-0.000006,
0.040000,24.489457,24.489457,1.000000,24.486654,24.486654,0.000000,17.700000,1.000000,0.676000,-0.000136,0.000130,0.019564,0.000313,-0.000038,0.000779,0.006876,23.200000,0.000000,0.001226,0.000022,0.000132,0.000321,0.000366,-0.000101,
0.040000,24.489740,24.489740,1.000000,24.495108,24.495108,0.000000,17.800000,1.000000,0.684000,-0.000129,0.000084,0.019846,0.000189,-0.000056,0.000622,0.007514,23.300000,0.000000,0.001153,0.000048,0.000138,-0.000041,0.000049,0.000070,
0.040000,24.489584,24.489584,0.000000,24.486628,24.486628,0.000000,17.900000,0.000000,0.694000,-0.000034,0.000138,0.019745,0.000289,-0.000051,0.000179,0.006838,23.400000,0.000000,0.001186,0.000023,0.000104,-0.000301,0.000062,-0.000084,
0.040000,24.489838,24.489838,0.000000,24.494667,24.494667,0.000000,18.000000,0.000000,0.654000,-0.000033,0.000072,0.020033,0.000155,-0.000054,0.000150,0.006303,23.500000,0.000000,0.001143,0.000042,0.000015,0.000223,0.000615,-0.000005,
0.040000,24.489979,24.489979,0.000000,24.492649,24.492649,0.000000,18.100000,0.000000,0.650400,-0.000045,0.000062,0.019539,0.000382,-0.000033,0.000090,0.008943,23.600000,0.000000,0.001177,0.000015,0.000009,-0.000326,0.000239,-0.000019,
0.040000,24.489823,24.489823,1.000000,24.486856,24.486856,0.000000,18.200000,1.000000,0.664800,-0.000046,0.000081,0.019408,0.000278,-0.000037,0.000226,0.007392,23.700000,0.000000,0.001056,0.000059,-0.000003,-0.000184,0.000019,0.000122,
0.040000,24.490062,24.490062,1.000000,24.494606,24.494606,0.000000,18.300000,1.000000,0.711200,0.000008,0.000102,0.019787,0.000294,-0.000051,-0.000007,0.006868,23.800000,0.000000,0.001009,0.000038,0.000024,0.000046,-0.000001,0.000025,
0.040000,24.489909,24.489909,0.000000,24.487003,24.487003,0.000000,18.400000,0.000000,0.653200,-0.000050,0.000202,0.020203,0.000399,-0.000049,0.000054,0.007593,23.900000,0.000000,0.001064,0.000040,-0.000023,0.000148,0.000333,-0.000079,
0.040000,24.490116,24.490116,1.000000,24.494040,24.494040,0.000000,18.500000,1.000000,0.660000,-0.000065,0.000025,0.020289,-0.000005,-0.000045,0.000249,0.007193,24.000000,0.000000,0.001125,0.000060,-0.000010,0.000674,-0.000233,-0.000015,
0.040000,24.489967,24.489967,0.000000,24.487152,24.487152,0.000000,18.600000,0.000000,0.682400,-0.000001,0.000107,0.020151,0.000167,-0.000055,-0.000061,0.008208,24.100000,0.000000,0.001120,-0.000021,0.000028,-0.000834,-0.000178,0.000019,
0.040000,24.490216,24.490216,1.000000,24.494934,24.494934,0.000000,18.700000,1.000000,0.675600,0.000026,0.000084,0.019882,0.000267,-0.000042,-0.000097,0.006012,24.200000,0.000000,0.001071,0.000013,-0.000033,0.000188,0.000324,-0.000055,
0.040000,24.490077,24.490077,1.000000,24.487436,24.487436,0.000000,18.800000,1.000000,0.669200,-0.000035,0.000119,0.020451,0.000312,-0.000050,0.000131,0.007713,24.300000,0.000000,0.000997,0.000033,-0.000040,-0.000072,0.000291,0.000059,
0.040000,24.489948,24.489948,0.000000,24.487509,24.487509,0.000000,18.900000,0.000000,0.673600,0.000038,0.000152,0.020767,0.000293,-0.000068,-0.000241,0.006784,24.400000,0.000000,0.001089,0.000041,0.000006,0.000190,-0.000265,-0.000030,
0.040000,24.489831,24.489831,0.000000,24.487610,24.487610,0.000000,19.000000,0.000000,0.691200,0.000001,0.000093,0.020851,0.000136,-0.000060,-0.000048,0.006287,24.500000,0.000000,0.001130,0.000037,-0.000068,0.000276,0.000350,-0.000122,
0.040000,24.490059,24.490059,0.000000,24.494373,24.494373,0.000000,19.100000,0.000000,0.688000,0.000012,0.000082,0.020823,0.000306,-0.000060,-0.000105,0.006488,24.600000,0.000000,0.001124,0.000005,-0.000028,-0.000260,-0.000094,0.000006,
0.040000,24.490268,24.490268,1.000000,24.494253,24.494253,0.000000,19.200000,1.000000,0.671200,0.000010,0.000048,0.021176,0.000137,-0.000079,-0.000076,0.008036,24.700000,0.000000,0.001097,0.000038,-0.000039,-0.000171,0.000028,-0.000001,
0.040000,24.490474,24.490474,0.000000,24.494373,24.494373,0.000000,19.300000,0.000000,0.677600,-0.000097,-0.000037,0.021191,-0.000034,-0.000063,0.000312,0.007794,24.800000,0.000000,0.001145,0.000004,-0.000032,-0.000270,0.000002,-0.000117,
0.040000,24.490700,24.490700,1.000000,24.495010,24.495010,0.000000,19.400000,1.000000,0.680400,-0.000015,0.000019,0.021153,0.000159,-0.000061,0.000033,0.005964,24.900000,0.000000,0.001125,-0.000030,0.000045,-0.000630,-0.000662,0.000058,
0.040000,24.490570,24.490570,0.000000,24.488102,24.488102,0.000000,19.500000,0.000000,0.668000,0.000030,0.000128,0.021428,0.000196,-0.000065,-0.000127,0.006683,25.000000,0.000000,0.001095,0.000009,-0.000011,0.000105,0.000252,0.000034,
0.040000,24.490735,24.490735,0.000000,24.493864,24.493864,0.000000,19.600000,0.000000,0.685600,-0.000034,0.000031,0.021490,0.000093,-0.000071,0.000071,0.007916,25.100000,0.000000,0.001128,0.000016,-0.000043,0.000711,0.000376,-0.000016,
0.040000,24.490607,24.490607,1.000000,24.488163,24.488163,0.000000,19.700000,1.000000,0.679600,-0.000003,0.000065,0.021331,0.000033,-0.000060,-0.000023,0.006682,25.200000,0.000000,0.001118,-0.000004,-0.000002,-0.000328,-0.000251,-0.000041,
0.040000,24.490477,24.490477,0.000000,24.488018,24.488018,0.000000,19.800000,0.000000,0.665600,-0.000072,0.000075,0.021695,0.000096,-0.000058,0.000542,0.006975,25.300000,0.000000,0.001065,-0.000016,-0.000021,0.000086,0.000092,0.000050,
0.040000,24.490723,24.490723,1.000000,24.495396,24.495396,0.000000,19.900000,1.000000,0.685200,-0.000038,0.000089,0.021728,0.000293,-0.000050,0.000104,0.006527,25.400000,0.000000,0.001116,-0.000003,0.000091,0.000096,-0.000390,0.000036,
0.040000,24.490615,24.490615,0.000000,24.488565,24.488565,0.000000,20.000000,0.000000,0.694400,0.000043,0.000150,0.021661,0.000380,-0.000068,-0.000249,0.006513,25.500000,0.000000,0.001100,0.000036,0.000003,0.000125,0.000063,0.000060,
0.040000,24.490496,24.490496,0.000000,24.488228,24.488228,0.000000,20.100000,0.000000,0.656000,-0.000010,0.000083,0.022148,0.000209,-0.000070,0.000024,0.006356,25.600000,0.000000,0.001065,0.000052,-0.000067,0.000423,0.000521,-0.000089,
0.040000,24.490726,24.490726,0.000000,24.495092,24.495092,0.000000,20.200000,0.000000,0.679200,-0.000035,0.000067,0.021737,0.000351,-0.000046,0.000177,0.005987,25.700000,0.000000,0.001140,0.000017,-0.000012,-0.000252,-0.000123,-0.000045,
0.040000,24.490986,24.490986,0.000000,24.495939,24.495939,0.000000,20.300000,0.000000,0.676000,0.000006,0.000074,0.022098,0.000242,-0.000067,-0.000004,0.006270,25.800000,0.000000,0.001036,0.000045,0.000019,-0.000194,-0.000202,0.000132,
0.040000,24.490876,24.490876,0.000000,24.488783,24.488783,0.000000,20.400000,0.000000,0.667600,-0.000043,0.000074,0.022404,0.000208,-0.000072,0.000100,0.005938,25.900000,0.000000,0.001087,0.000022,-0.000018,-0.000032,0.000172,-0.000079,
0.040000,24.490776,24.490776,1.000000,24.488865,24.488865,0.000000,20.500000,1.000000,0.692800,-0.000040,0.000060,0.022246,0.000225,-0.000071,0.000093,0.007708,26.000000,0.000000,0.001126,0.000015,0.000003,-0.000015,-0.000232,-0.000061,
0.040000,24.491022,24.491022,1.000000,24.495703,24.495703,0.000000,20.600000,1.000000,0.676400,0.000026,0.000104,0.022479,0.000461,-0.000061,-0.000165,0.006758,26.100000,0.000000,0.001073,0.000019,0.000002,-0.000088,-0.000074,-0.000020,
0.040000,24.491228,24.491228,1.000000,24.495136,24.495136,0.000000,20.700000,1.000000,0.681200,-0.000012,0.000113,0.022533,0.000305,-0.000075,-0.000015,0.006790,26.200000,0.000000,0.001098,0.000065,-0.000049,0.000237,0.000382,0.000053,
0.040000,24.491485,24.491485,0.000000,24.496382,24.496382,0.000000,20.800000,0.000000,0.681600,-0.000001,0.000111,0.022833,0.000229,-0.000076,-0.000064,0.006279,26.300000,0.000000,0.001086,0.000033,-0.000019,0.000143,-0.000088,-0.000064,
0.040000,24.491359,24.491359,1.000000,24.488968,24.488968,0.000000,20.900000,1.000000,0.698000,-0.000028,0.000026,0.022876,0.000028,-0.000080,0.000129,0.006696,26.400000,0.000000,0.001124,0.000017,-0.000028,0.000044,0.000029,-0.000033,
0.040000,24.491616,24.491616,0.000000,24.496487,24.496487,0.000000,21.000000,0.000000,0.668000,-0.000012,0.000112,0.023024,0.000404,-0.000061,-0.000001,0.006899,26.500000,0.000000,0.001111,-0.000023,0.000011,-0.000509,-0.000151,-0.000033,
0.040000,24.491852,24.491852,0.000000,24.496332,24.496332,0.000000,21.100000,0.000000,0.674400,0.000006,0.000076,0.022867,0.000236,-0.000075,-0.000051,0.010453,26.600000,0.000000,0.001118,0.000052,-0.000015,0.000339,0.000040,0.000103,
0.040000,24.492142,24.492142,0.000000,24.497663,24.497663,0.000000,21.200000,0.000000,0.670800,-0.000006,0.000081,0.022848,0.000245,-0.000067,0.000043,0.006392,26.700000,0.000000,0.001065,0.000017,-0.000025,-0.000095,0.000128,-0.000050,
0.040000,24.491996,24.491996,0.000000,24.489218,24.489218,0.000000,21.300000,0.000000,0.688400,-0.000009,0.000092,0.023254,0.000318,-0.000048,-0.000003,0.006250,26.800000,0.000000,0.001040,0.000019,-0.000005,-0.000007,-0.000028,0.000034,
0.040000,24.491863,24.491863,1.000000,24.489338,24.489338,0.000000,21.400000,1.000000,0.677600,0.000002,0.000089,0.023438,0.000142,-0.000068,-0.000072,0.006454,26.900000,0.000000,0.001100,0.000033,-0.000015,0.000070,-0.000027,0.000131,
0.040000,24.491740,24.491740,0.000000,24.489403,24.489403,0.000000,21.600000,0.000000,0.664400,-0.000002,0.000110,0.023332,0.000276,-0.000058,-0.000022,0.006909,27.100000,0.000000,0.001114,-0.000002,-0.000028,0.000007,0.000059,-0.000073,
0.040000,24.492017,24.492017,1.000000,24.497280,24.497280,0.000000,21.700000,1.000000,0.684800,-0.000020,0.000088,0.023694,0.000047,-0.000082,0.000072,0.009059,27.200000,0.000000,0.001071,0.000024,-0.000017,0.000133,-0.000004,0.000034,
0.040000,24.491897,24.491897,1.000000,24.489624,24.489624,0.000000,21.800000,1.000000,0.696000,-0.000048,0.000107,0.023827,0.000252,-0.000054,0.000097,0.007419,27.300000,0.000000,0.001130,-0.000068,0.000021,-0.000097,-0.000085,-0.000116,
0.040000,24.491794,24.491794,1.000000,24.489832,24.489832,0.000000,21.900000,1.000000,0.684800,0.000057,0.000144,0.023781,0.000335,-0.000076,-0.000329,0.007879,27.400000,0.000000,0.001133,-0.000026,0.000025,0.000057,-0.000193,0.000105,
0.040000,24.492022,24.492022,0.000000,24.496349,24.496349,0.000000,22.000000,0.000000,0.675200,0.000027,0.000100,0.024065,0.000308,-0.000067,-0.000253,0.006205,27.500000,0.000000,0.001102,-0.000010,-0.000059,0.000252,0.000559,-0.000095,
0.040000,24.491912,24.491912,0.000000,24.489817,24.489817,0.000000,22.100000,0.000000,0.686400,0.000009,0.000061,0.023666,0.000410,-0.000043,-0.000105,0.005916,27.600000,0.000000,0.001136,-0.000015,-0.000043,-0.000179,0.000031,0.000024,
0.040000,24.491812,24.491812,1.000000,24.489920,24.489920,0.000000,22.200000,1.000000,0.684800,0.000039,0.000063,0.023913,0.000193,-0.000059,-0.000230,0.006441,27.700000,0.000000,0.001035,0.000006,-0.000013,-0.000307,-0.000100,0.000158,
0.040000,24.491722,24.491722,1.000000,24.490007,24.490007,0.000000,22.400000,1.000000,0.691600,0.000052,0.000087,0.024621,0.000174,-0.000083,-0.000298,0.007645,27.900000,0.000000,0.001064,-0.000037,-0.000037,-0.000103,0.000146,-0.000039,
0.040000,24.491652,24.491652,1.000000,24.490324,24.490324,0.000000,22.600000,1.000000,0.685600,-0.000002,0.000097,0.024867,0.000345,-0.000058,-0.000191,0.007087,28.100000,0.000000,0.001182,-0.000040,-0.000050,0.000109,0.000136,-0.000166,
0.040000,24.491584,24.491584,1.000000,24.490292,24.490292,0.000000,22.700000,1.000000,0.681600,0.000028,0.000098,0.025156,0.000174,-0.000066,-0.000262,0.009983,28.200000,0.000000,0.001186,0.000030,-0.000004,0.000049,-0.000246,0.000112,
0.040000,24.491533,24.491533,0.000000,24.490568,24.490568,0.000000,22.800000,0.000000,0.677200,-0.000011,0.000109,0.024789,0.000360,-0.000066,-0.000124,0.008801,28.300000,0.000000,0.001206,-0.000039,-0.000032,0.000011,0.000130,-0.000036,
0.040000,24.491801,24.491801,1.000000,24.496893,24.496893,0.000000,22.900000,1.000000,0.676400,-0.000034,0.000092,0.025278,0.000145,-0.000082,-0.000002,0.007914,28.400000,0.000000,0.001111,-0.000002,-0.000004,0.000064,-0.000162,-0.000015,
0.040000,24.491753,24.491753,1.000000,24.490835,24.490835,0.000000,23.000000,1.000000,0.655600,-0.000061,0.000083,0.025123,0.000243,-0.000066,0.000142,0.006744,28.500000,0.000000,0.001185,-0.000044,0.000020,-0.000079,-0.000204,-0.000102,
0.040000,24.491997,24.491997,1.000000,24.496630,24.496630,0.000000,23.100000,1.000000,0.682000,-0.000048,0.000088,0.025436,0.000220,-0.000081,0.000238,0.006987,28.600000,0.000000,0.001131,-0.000024,0.000048,-0.000083,-0.000245,0.000062,
0.040000,24.491940,24.491940,1.000000,24.490854,24.490854,0.000000,23.200000,1.000000,0.672000,-0.000063,0.000126,0.025755,0.000470,-0.000083,0.000325,0.007326,28.700000,0.000000,0.001170,-0.000028,0.000066,-0.000001,-0.000012,-0.000072,
0.040000,24.491888,24.491888,1.000000,24.490900,24.490900,0.000000,23.300000,1.000000,0.665600,-0.000049,0.000093,0.025529,0.000390,-0.000052,0.000257,0.008154,28.800000,0.000000,0.001210,0.000022,0.000082,0.000233,-0.000097,-0.000040,
0.040000,24.491842,24.491842,1.000000,24.490976,24.490976,0.000000,23.400000,1.000000,0.664800,-0.000065,0.000093,0.025991,0.000294,-0.000059,0.000383,0.009669,28.900000,0.000000,0.001142,0.000006,0.000067,-0.000116,0.000052,0.000179,
0.040000,24.491803,24.491803,0.000000,24.491062,24.491062,0.000000,23.500000,0.000000,0.680000,-0.000043,0.000126,0.026087,0.000322,-0.000074,0.000214,0.006655,29.000000,0.000000,0.001210,-0.000013,0.000090,-0.000047,-0.000078,0.000022,
0.040000,24.492216,24.492216,0.000000,24.500072,24.500072,0.000000,23.600000,0.000000,0.680800,-0.000063,0.000077,0.025904,0.000170,-0.000092,0.000323,0.006011,29.100000,0.000000,0.001205,-0.000008,0.000055,0.000187,0.000102,-0.000085,
0.040000,24.492436,24.492436,1.000000,24.496601,24.496601,0.000000,23.700000,1.000000,0.662000,-0.000035,0.000058,0.025994,0.000200,-0.000070,0.000112,0.006263,29.200000,0.000000,0.001146,-0.000037,0.000075,-0.000230,-0.000081,-0.000140,
0.040000,24.492376,24.492376,1.000000,24.491238,24.491238,0.000000,23.800000,1.000000,0.686400,-0.000138,0.000121,0.026089,0.000419,-0.000066,0.000569,0.008098,29.300000,0.000000,0.001141,-0.000031,0.000032,-0.000204,0.000142,0.000083,
0.040000,24.492631,24.492631,1.000000,24.497471,24.497471,0.000000,23.900000,1.000000,0.695200,-0.000082,0.000104,0.026429,0.000201,-0.000085,0.000467,0.009559,29.400000,0.000000,0.001137,0.000013,0.000122,0.000312,-0.000581,0.000053,
0.040000,24.492570,24.492570,1.000000,24.491426,24.491426,0.000000,24.000000,1.000000,0.665600,-0.000043,0.000108,0.026289,0.000345,-0.000062,0.000235,0.007164,29.500000,0.000000,0.001182,-0.000030,0.000099,0.000012,0.000122,-0.000097,
0.040000,24.492795,24.492795,1.000000,24.497065,24.497065,0.000000,24.100000,1.000000,0.677600,-0.000022,0.000088,0.026430,0.000087,-0.000098,0.000082,0.006335,29.600000,0.000000,0.001131,-0.000001,0.000052,0.000030,0.000289,0.000106,
0.040000,24.493002,24.493002,1.000000,24.496935,24.496935,0.000000,24.200000,1.000000,0.660000,-0.000109,0.000090,0.026738,0.000170,-0.000088,0.000576,0.006742,29.700000,0.000000,0.001136,-0.000052,0.000020,-0.000112,0.000239,-0.000182,
0.040000,24.492936,24.492936,1.000000,24.491673,24.491673,0.000000,24.300000,1.000000,0.682800,-0.000057,0.000140,0.026765,0.000303,-0.000073,0.000247,0.008794,29.800000,0.000000,0.001175,-0.000035,0.000117,-0.000030,-0.000446,-0.000010,
0.040000,24.492866,24.492866,1.000000,24.491547,24.491547,0.000000,24.400000,1.000000,0.649200,-0.000121,0.000112,0.026567,0.000541,-0.000047,0.000585,0.008205,29.900000,0.000000,0.001157,-0.000008,0.000050,0.000295,0.000148,0.000090,
0.040000,24.492800,24.492800,1.000000,24.491541,24.491541,0.000000,24.500000,1.000000,0.690400,-0.000062,0.000132,0.026489,0.000525,-0.000042,0.000289,0.006339,30.000000,0.000000,0.001095,0.000039,0.000116,-0.000059,-0.000337,0.000195,
0.040000,24.493106,24.493106,0.000000,24.498919,24.498919,0.000000,24.700000,0.000000,0.677200,-0.000013,0.000143,0.026953,0.000365,-0.000065,0.000249,0.008876,30.200000,0.000000,0.001058,0.000035,0.000055,0.000102,0.000237,0.000105,
0.040000,24.493042,24.493042,0.000000,24.491837,24.491837,0.000000,24.800000,0.000000,0.668800,-0.000044,0.000088,0.026902,0.000142,-0.000080,0.000409,0.006573,30.300000,0.000000,0.001129,0.000003,0.000046,0.000106,0.000392,-0.000103,
0.040000,24.492993,24.492993,0.000000,24.492052,24.492052,0.000000,24.900000,0.000000,0.678000,0.000023,0.000088,0.027217,0.000350,-0.000080,-0.000229,0.006751,30.400000,0.000000,0.001020,-0.000084,0.000105,-0.000255,-0.000127,-0.000073,
0.040000,24.492936,24.492936,1.000000,24.491861,24.491861,0.000000,25.000000,1.000000,0.654800,-0.000025,0.000029,0.027161,0.000110,-0.000062,0.000276,0.006365,30.500000,0.000000,0.001062,-0.000042,-0.000022,-0.000112,0.000311,-0.000037,
0.040000,24.492891,24.492891,1.000000,24.492023,24.492023,0.000000,25.100000,1.000000,0.694400,-0.000083,0.000110,0.027461,0.000264,-0.000062,0.000354,0.007493,30.600000,0.000000,0.001030,-0.000088,0.000078,-0.000402,-0.000168,0.000096,
0.040000,24.492852,24.492852,1.000000,24.492115,24.492115,0.000000,25.200000,1.000000,0.669600,-0.000092,0.000091,0.027582,0.000233,-0.000069,0.000460,0.007685,30.700000,0.000000,0.001069,-0.000056,0.000091,0.000343,-0.000421,0.000037,
0.040000,24.493227,24.493227,1.000000,24.500362,24.500362,0.000000,25.300000,1.000000,0.676800,-0.000040,0.000103,0.027522,0.000210,-0.000065,0.000259,0.006947,30.800000,0.000000,0.001071,-0.000061,0.000111,0.000011,-0.000217,-0.000025,
0.040000,24.493489,24.493489,0.000000,24.498451,24.498451,0.000000,25.400000,0.000000,0.682400,-0.000046,0.000111,0.028049,0.000261,-0.000074,0.000224,0.008439,30.900000,0.000000,0.001038,-0.000065,0.000069,0.000078,0.000237,0.000014,
0.040000,24.493430,24.493430,1.000000,24.492311,24.492311,0.000000,25.500000,1.000000,0.658400,-0.000039,0.000072,0.028034,0.000133,-0.000080,0.000224,0.006849,31.000000,0.000000,0.001122,-0.000053,0.000061,0.000085,0.000053,-0.000050,
0.040000,24.493378,24.493378,1.000000,24.492401,24.492401,0.000000,25.600000,1.000000,0.683600,-0.000092,0.000077,0.028202,0.000475,-0.000039,0.000294,0.008299,31.100000,0.000000,0.001097,-0.000077,0.000059,-0.000213,0.000064,-0.000060,
0.040000,24.493761,24.493761,1.000000,24.501024,24.501024,0.000000,25.700000,1.000000,0.697600,-0.000085,0.000113,0.028464,0.000195,-0.000086,0.000586,0.007912,31.200000,0.000000,0.001108,-0.000009,0.000072,-0.000047,-0.000301,0.000232,
0.040000,24.493703,24.493703,1.000000,24.492617,24.492617,0.000000,25.800000,1.000000,0.656800,-0.000094,0.000092,0.028459,0.000136,-0.000079,0.000383,0.006848,31.300000,0.000000,0.001138,-0.000064,0.000128,0.000204,-0.000075,-0.000203,
0.040000,24.493651,24.493651,1.000000,24.492655,24.492655,0.000000,25.900000,1.000000,0.686400,-0.000060,0.000098,0.028279,0.000394,-0.000062,0.000224,0.008268,31.400000,0.000000,0.001115,-0.000074,0.000086,-0.000055,-0.000083,-0.000034,
0.040000,24.493603,24.493603,0.000000,24.492697,24.492697,0.000000,26.000000,0.000000,0.684800,-0.000028,0.000104,0.028651,0.000480,-0.000063,0.000085,0.006731,31.500000,0.000000,0.001057,-0.000022,0.000053,0.000020,0.000183,0.000095,
0.040000,24.493869,24.493869,1.000000,24.498928,24.498928,0.000000,26.100000,1.000000,0.682000,-0.000032,0.000092,0.028715,0.000319,-0.000059,0.000201,0.007599,31.600000,0.000000,0.001110,-0.000004,0.000024,0.000042,0.000264,0.000030,
0.040000,24.494261,24.494261,0.000000,24.501701,24.501701,0.000000,26.200000,0.000000,0.667600,-0.000068,0.000107,0.028758,0.000433,-0.000049,0.000181,0.008038,31.700000,0.000000,0.001100,-0.000036,0.000047,-0.000060,0.000075,0.000035,
0.040000,24.494192,24.494192,1.000000,24.492882,24.492882,0.000000,26.300000,1.000000,0.680800,0.000023,0.000087,0.028878,0.000118,-0.000073,0.000024,0.007056,31.800000,0.000000,0.001087,-0.000013,0.000042,0.000073,-0.000195,0.000076,
0.040000,24.494452,24.494452,1.000000,24.499384,24.499384,0.000000,26.400000,1.000000,0.680400,0.000018,0.000126,0.029047,0.000335,-0.000072,-0.000047,0.007246,31.900000,0.000000,0.001089,-0.000075,0.000010,-0.000096,0.000488,-0.000118,
0.040000,24.494755,24.494755,1.000000,24.500526,24.500526,0.000000,26.500000,1.000000,0.684800,-0.000037,0.000122,0.029237,0.000350,-0.000075,0.000114,0.006583,32.000000,0.000000,0.001101,-0.000030,-0.000004,0.000201,0.000160,-0.000038,
0.040000,24.494684,24.494684,1.000000,24.493332,24.493332,0.000000,26.600000,1.000000,0.661600,-0.000045,0.000090,0.029145,0.000470,-0.000076,0.000110,0.009344,32.100000,0.000000,0.001117,-0.000027,0.000028,0.000052,-0.000281,-0.000038,
0.040000,24.494622,24.494622,1.000000,24.493444,24.493444,0.000000,26.700000,1.000000,0.669200,-0.000084,0.000147,0.029106,0.000278,-0.000076,0.000323,0.006702,32.200000,0.000000,0.001077,-0.000003,0.000026,-0.000175,-0.000158,-0.000019,
0.040000,24.494964,24.494964,1.000000,24.501448,24.501448,0.000000,26.799999,1.000000,0.673200,-0.000096,0.000080,0.029406,0.000130,-0.000094,0.000154,0.007545,32.300000,0.000000,0.001048,-0.000040,0.000068,0.000288,-0.000297,-0.000004,
0.040000,24.494894,24.494894,1.000000,24.493574,24.493574,0.000000,26.900000,1.000000,0.682000,-0.000007,0.000117,0.029502,0.000277,-0.000089,-0.000007,0.007526,32.400000,0.000000,0.001086,-0.000069,0.000033,-0.000305,-0.000192,-0.000117,
0.040000,24.495217,24.495217,1.000000,24.501350,24.501350,0.000000,27.000000,1.000000,0.690000,0.000022,0.000111,0.029430,0.000122,-0.000094,-0.000135,0.007010,32.500000,0.000000,0.001084,-0.000038,0.000001,0.000110,0.000480,-0.000015,
0.040000,24.495141,24.495141,1.000000,24.493702,24.493702,0.000000,27.100000,1.000000,0.682400,-0.000017,0.000102,0.029759,0.000199,-0.000092,0.000105,0.006974,32.600000,0.000000,0.001048,-0.000068,-0.000025,0.000005,0.000359,-0.000033,
0.040000,24.495359,24.495359,1.000000,24.499500,24.499500,0.000000,27.200000,1.000000,0.674400,-0.000059,0.000100,0.029853,0.000333,-0.000081,0.000530,0.007186,32.700000,0.000000,0.001093,-0.000052,0.000023,-0.000053,-0.000105,-0.000003,
0.040000,24.495573,24.495573,0.000000,24.499638,24.499638,0.000000,27.299999,0.000000,0.679600,-0.000103,0.000089,0.029892,0.000263,-0.000076,0.000671,0.007435,32.800000,0.000000,0.001090,-0.000024,0.000107,-0.000032,-0.000296,0.000069,
0.040000,24.495491,24.495491,1.000000,24.493925,24.493925,0.000000,27.400000,1.000000,0.683200,-0.000074,0.000027,0.029938,0.000092,-0.000084,0.000292,0.007287,32.900000,0.000000,0.001076,-0.000038,0.000132,-0.000081,-0.000386,0.000059,
0.040000,24.495414,24.495414,1.000000,24.493959,24.493959,0.000000,27.500000,1.000000,0.679600,-0.000099,0.000092,0.030336,0.000349,-0.000083,0.000411,0.007127,33.000000,0.000000,0.001064,-0.000071,0.000055,-0.000413,0.000030,-0.000031,
0.040000,24.495744,24.495744,1.000000,24.502020,24.502020,0.000000,27.600000,1.000000,0.658000,-0.000059,0.000093,0.030500,0.000252,-0.000091,0.000299,0.006537,33.100000,0.000000,0.001121,-0.000018,0.000077,0.000243,-0.000143,-0.000002,
0.040000,24.495665,24.495665,1.000000,24.494156,24.494156,0.000000,27.700000,1.000000,0.672000,-0.000137,0.000077,0.030545,0.000184,-0.000074,0.000581,0.007059,33.200000,0.000000,0.001131,-0.000037,0.000054,0.000099,0.000195,-0.000054,
0.040000,24.495592,24.495592,1.000000,24.494207,24.494207,0.000000,27.799999,1.000000,0.670400,-0.000088,0.000080,0.030236,0.000169,-0.000095,0.000330,0.007483,33.300000,0.000000,0.001118,-0.000050,0.000108,-0.000062,-0.000410,0.000090,
0.040000,24.495955,24.495955,0.000000,24.502851,24.502851,0.000000,27.900000,0.000000,0.665600,-0.000048,0.000094,0.030478,0.000241,-0.000089,0.000101,0.007112,33.400000,0.000000,0.001035,-0.000052,0.000057,-0.000002,0.000147,-0.000095,
0.040000,24.495875,24.495875,0.000000,24.494364,24.494364,0.000000,28.000000,0.000000,0.656000,-0.000061,0.000074,0.030937,0.000420,-0.000078,0.000328,0.006455,33.500000,0.000000,0.001062,-0.000037,0.000010,0.000084,0.000302,-0.000004,
0.040000,24.495805,24.495805,0.000000,24.494457,24.494457,0.000000,28.100000,0.000000,0.676800,-0.000038,0.000047,0.030702,0.000072,-0.000069,0.000187,0.009672,33.600000,0.000000,0.001132,-0.000001,0.000055,-0.000095,0.000041,0.000069,
0.040000,24.496092,24.496092,1.000000,24.501560,24.501560,0.000000,28.299999,1.000000,0.691200,-0.000042,0.000053,0.031101,0.000036,-0.000103,0.000212,0.006834,33.800000,0.000000,0.001063,-0.000069,0.000026,-0.000203,0.000154,0.000080,
0.040000,24.496033,24.496033,1.000000,24.494905,24.494905,0.000000,28.400000,1.000000,0.679600,-0.000087,0.000091,0.031165,0.000120,-0.000128,0.000468,0.007915,33.900000,0.000000,0.001121,-0.000075,0.000030,-0.000036,0.000036,-0.000177,
0.040000,24.496310,24.496310,1.000000,24.501577,24.501577,0.000000,28.500000,1.000000,0.675200,-0.000176,0.000094,0.031545,0.000536,-0.000061,0.000939,0.007627,34.000000,0.000000,0.001058,-0.000036,0.000129,0.000176,-0.000211,-0.000130,
0.040000,24.496231,24.496231,1.000000,24.494730,24.494730,0.000000,28.600000,1.000000,0.672400,-0.000229,0.000151,0.031596,0.000313,-0.000083,0.001144,0.006389,34.100000,0.000000,0.001112,0.000046,0.000219,0.000095,-0.000589,0.000310,
0.040000,24.496168,24.496168,1.000000,24.494963,24.494963,0.000000,28.700000,1.000000,0.669200,-0.000172,0.000082,0.031609,0.000146,-0.000097,0.000922,0.007008,34.200000,0.000000,0.001100,0.000002,0.000255,0.000384,-0.000549,-0.000009,
0.040000,24.496393,24.496393,1.000000,24.500668,24.500668,0.000000,28.799999,1.000000,0.678800,-0.000155,0.000093,0.031619,0.000446,-0.000066,0.000759,0.006926,34.300000,0.000000,0.001081,-0.000031,0.000206,-0.000275,0.000138,-0.000088,
0.040000,24.496325,24.496325,1.000000,24.495047,24.495047,0.000000,28.900000,1.000000,0.674000,-0.000096,0.000132,0.031858,0.000204,-0.000094,0.000580,0.007780,34.400000,0.000000,0.001062,0.000029,0.000170,-0.000039,0.000160,0.000158,
0.040000,24.496268,24.496268,1.000000,24.495169,24.495169,0.000000,29.000000,1.000000,0.675200,-0.000106,0.000132,0.032060,0.000392,-0.000070,0.000524,0.006452,34.500000,0.000000,0.001088,-0.000020,0.000131,0.000226,0.000424,-0.000118,
0.040000,24.496213,24.496213,1.000000,24.495176,24.495176,0.000000,29.100000,1.000000,0.648000,-0.000142,0.000092,0.032118,0.000315,-0.000078,0.000873,0.008771,34.600000,0.000000,0.001106,0.000018,0.000118,0.000083,0.000097,0.000104,
0.040000,24.496175,24.496175,1.000000,24.495445,24.495445,0.000000,29.200000,1.000000,0.660800,-0.000166,0.000119,0.032593,0.000145,-0.000123,0.000937,0.007660,34.700000,0.000000,0.001096,0.000002,0.000184,-0.000215,-0.000186,-0.000007,
0.040000,24.496145,24.496145,1.000000,24.495573,24.495573,0.000000,29.300000,1.000000,0.682800,-0.000062,0.000071,0.032211,0.000118,-0.000108,0.000364,0.006986,34.800000,0.000000,0.001168,-0.000031,0.000193,0.000087,-0.000216,-0.000281,
0.040000,24.496120,24.496120,1.000000,24.495649,24.495649,0.000000,29.400000,1.000000,0.666000,-0.000106,0.000120,0.032509,0.000314,-0.000095,0.000617,0.007050,34.900000,0.000000,0.001070,-0.000036,0.000077,-0.000264,0.000556,-0.000018,
0.040000,24.496099,24.496099,1.000000,24.495703,24.495703,0.000000,29.600000,1.000000,0.681200,-0.000097,0.000136,0.032518,0.000180,-0.000115,0.000665,0.007323,35.100000,0.000000,0.001107,0.000003,0.000125,0.000201,-0.000059,0.000078,
0.040000,24.496076,24.496076,0.000000,24.495640,24.495640,0.000000,29.700000,0.000000,0.679200,-0.000092,0.000089,0.032661,0.000197,-0.000088,0.000558,0.007033,35.200000,0.000000,0.001087,-0.000023,0.000132,0.000180,0.000037,-0.000095,
0.040000,24.496057,24.496057,1.000000,24.495693,24.495693,0.000000,29.800000,1.000000,0.683200,-0.000021,0.000087,0.032359,0.000121,-0.000103,0.000258,0.007521,35.300000,0.000000,0.001058,-0.000015,0.000079,-0.000216,0.000025,0.000125,
0.040000,24.496044,24.496044,1.000000,24.495804,24.495804,0.000000,29.900000,1.000000,0.688800,-0.000143,0.000113,0.032930,0.000348,-0.000085,0.000979,0.007224,35.400000,0.000000,0.000978,-0.000029,0.000019,-0.000107,0.000405,-0.000032,
0.040000,24.496448,24.496448,1.000000,24.504129,24.504129,0.000000,30.000000,1.000000,0.681600,-0.000097,0.000107,0.033027,0.000403,-0.000087,0.000455,0.007616,35.500000,0.000000,0.001071,0.000016,0.000160,0.000117,-0.000583,0.000100,
0.040000,24.496434,24.496434,1.000000,24.496149,24.496149,0.000000,30.100000,1.000000,0.675600,-0.000209,0.000083,0.033186,0.000201,-0.000088,0.000949,0.006705,35.600000,0.000000,0.001069,0.000026,0.000054,0.000010,0.000058,0.000025,
0.040000,24.496423,24.496423,1.000000,24.496216,24.496216,0.000000,30.200000,1.000000,0.670400,-0.000185,0.000124,0.033610,0.000378,-0.000096,0.000794,0.009023,35.700000,0.000000,0.001079,-0.000014,0.000150,-0.000146,-0.000672,0.000007,
0.040000,24.496403,24.496403,1.000000,24.496037,24.496037,0.000000,30.300000,1.000000,0.684800,-0.000033,0.000092,0.033221,0.000294,-0.000089,0.000250,0.008477,35.800000,0.000000,0.001141,0.000021,0.000117,0.000197,-0.000103,-0.000049,
0.040000,24.496389,24.496389,1.000000,24.496117,24.496117,0.000000,30.400000,1.000000,0.676000,-0.000122,0.000136,0.033639,0.000369,-0.000093,0.000666,0.007055,35.900000,0.000000,0.001042,0.000004,0.000007,-0.000121,0.000896,0.000024,
0.040000,24.496378,24.496378,1.000000,24.496172,24.496172,0.000000,30.500000,1.000000,0.684400,-0.000081,0.000129,0.033725,0.000229,-0.000093,0.000403,0.006315,36.000000,0.000000,0.001104,0.000019,0.000089,0.000224,-0.000204,-0.000017,
0.040000,24.496375,24.496375,1.000000,24.496309,24.496309,0.000000,30.600000,1.000000,0.665200,-0.000135,0.000118,0.033801,0.000076,-0.000126,0.000525,0.006913,36.100000,0.000000,0.001099,-0.000009,0.000036,0.000041,0.000171,-0.000003,
0.040000,24.496376,24.496376,1.000000,24.496399,24.496399,0.000000,30.700000,1.000000,0.677600,-0.000019,0.000122,0.033770,0.000188,-0.000113,0.000140,0.006849,36.200000,0.000000,0.001092,-0.000039,0.000059,-0.000051,-0.000268,-0.000208,
0.040000,24.496380,24.496380,0.000000,24.496468,24.496468,0.000000,30.800000,0.000000,0.673200,-0.000153,0.000116,0.034275,0.000274,-0.000085,0.000821,0.009234,36.300000,0.000000,0.001065,-0.000016,-0.000018,0.000004,0.000615,0.000004,
0.040000,24.496386,24.496386,1.000000,24.496489,24.496489,0.000000,30.900000,1.000000,0.670800,-0.000040,0.000082,0.033794,0.000162,-0.000095,0.000304,0.008424,36.400000,0.000000,0.001143,0.000001,0.000116,-0.000032,-0.000591,0.000170,
0.040000,24.496740,24.496740,1.000000,24.503462,24.503462,0.000000,31.000000,1.000000,0.686400,-0.000074,0.000112,0.033922,0.000212,-0.000094,0.000350,0.007062,36.500000,0.000000,0.001026,-0.000021,0.000012,-0.000222,0.000470,0.000007,
0.040000,24.496736,24.496736,1.000000,24.496664,24.496664,0.000000,31.100000,1.000000,0.664400,-0.000115,0.000104,0.034055,0.000477,-0.000071,0.000528,0.010297,36.600000,0.000000,0.001031,-0.000011,0.000021,0.000095,-0.000031,0.000009,
0.040000,24.497016,24.497016,1.000000,24.502329,24.502329,0.000000,31.200000,1.000000,0.663600,-0.000197,0.000037,0.034483,0.000165,-0.000095,0.000799,0.006939,36.700000,0.000000,0.001037,0.000042,0.000056,-0.000012,-0.000265,0.000147,
0.040000,24.497023,24.497023,1.000000,24.497162,24.497162,0.000000,31.300000,1.000000,0.672000,-0.000117,0.000108,0.034497,0.000271,-0.000102,0.000545,0.007088,36.800000,0.000000,0.001101,-0.000020,0.000108,-0.000419,-0.000606,-0.000092,
0.040000,24.497014,24.497014,1.000000,24.496836,24.496836,0.000000,31.400000,1.000000,0.675200,-0.000137,0.000129,0.034446,0.000392,-0.000092,0.000637,0.007079,36.900000,0.000000,0.001082,0.000001,0.000056,0.000282,0.000262,-0.000078,
0.040000,24.497007,24.497007,1.000000,24.496878,24.496878,0.000000,31.500000,1.000000,0.679600,-0.000065,0.000155,0.034856,0.000441,-0.000068,0.000524,0.008342,37.000000,0.000000,0.001050,0.000025,0.000073,0.000236,-0.000025,0.000032,
0.040000,24.497005,24.497005,1.000000,24.496975,24.496975,0.000000,31.600000,1.000000,0.681600,-0.000035,0.000094,0.034710,0.000115,-0.000102,0.000097,0.006598,37.100000,0.000000,0.001111,0.000034,0.000049,0.000253,0.000434,0.000155,
0.040000,24.497315,24.497315,0.000000,24.503208,24.503208,0.000000,31.700000,0.000000,0.686400,-0.000066,0.000090,0.034676,0.000150,-0.000102,0.000196,0.008275,37.200000,0.000000,0.001060,-0.000031,-0.000036,-0.000280,0.000355,-0.000150,
0.040000,24.497302,24.497302,1.000000,24.497059,24.497059,0.000000,31.800000,1.000000,0.674000,-0.000025,0.000081,0.034732,0.000305,-0.000082,0.000092,0.006247,37.300000,0.000000,0.001032,-0.000024,-0.000016,-0.000135,-0.000060,-0.000055,
0.040000,24.497298,24.497298,1.000000,24.497215,24.497215,0.000000,31.900000,1.000000,0.684000,-0.000103,0.000092,0.035294,0.000192,-0.000087,0.000414,0.006811,37.400000,0.000000,0.001023,0.000007,-0.000036,-0.000105,0.000232,0.000100,
0.040000,24.497299,24.497299,1.000000,24.497322,24.497322,0.000000,32.000000,1.000000,0.685200,-0.000125,0.000125,0.035231,0.000229,-0.000089,0.000337,0.009883,37.500000,0.000000,0.001114,-0.000015,0.000028,0.000025,-0.000393,0.000011,
0.040000,24.497304,24.497304,0.000000,24.497395,24.497395,0.000000,32.100000,0.000000,0.673200,-0.000102,0.000063,0.035686,0.000108,-0.000105,0.000366,0.007072,37.600000,0.000000,0.001079,-0.000007,0.000013,0.000217,-0.000287,-0.000010,
0.040000,24.497312,24.497312,1.000000,24.497454,24.497454,0.000000,32.200000,1.000000,0.673200,-0.000035,0.000063,0.035304,0.000329,-0.000085,0.000229,0.006591,37.700000,0.000000,0.001148,-0.000031,0.000018,-0.000306,0.000036,-0.000105,
0.040000,24.497735,24.497735,1.000000,24.505779,24.505779,0.000000,32.300000,1.000000,0.673600,-0.000009,0.000101,0.035044,0.000317,-0.000085,0.000085,0.007106,37.800000,0.000000,0.001050,0.000013,-0.000009,-0.000112,0.000428,0.000087,
0.040000,24.497725,24.497725,1.000000,24.497543,24.497543,0.000000,32.400000,1.000000,0.674400,-0.000117,0.000105,0.035884,0.000152,-0.000087,0.000418,0.007596,37.900000,0.000000,0.000978,0.000010,-0.000038,0.000191,0.000326,0.000030,
0.040000,24.497720,24.497720,0.000000,24.497627,24.497627,0.000000,32.500000,0.000000,0.664800,-0.000045,0.000098,0.035839,0.000183,-0.000100,0.000118,0.007192,38.000000,0.000000,0.001124,-0.000022,0.000029,0.000095,-0.000545,0.000002,
0.040000,24.498023,24.498023,0.000000,24.503767,24.503767,0.000000,32.600000,0.000000,0.684000,-0.000070,0.000062,0.035806,0.000226,-0.000090,0.000494,0.006470,38.100000,0.000000,0.001093,-0.000016,-0.000031,-0.000007,0.000237,-0.000079,
0.040000,24.498009,24.498009,1.000000,24.497742,24.497742,0.000000,32.700000,1.000000,0.690000,-0.000049,0.000075,0.036185,0.000150,-0.000103,0.000241,0.006517,38.200000,0.000000,0.001065,-0.000007,0.000044,-0.000220,-0.000064,0.000033,
0.040000,24.498000,24.498000,0.000000,24.497828,24.497828,0.000000,32.800000,0.000000,0.676000,-0.000087,0.000065,0.035834,0.000313,-0.000088,0.000249,0.007271,38.300000,0.000000,0.001119,-0.000022,-0.000007,-0.000005,0.000105,-0.000070,
0.040000,24.497994,24.497994,1.000000,24.497885,24.497885,0.000000,32.900000,1.000000,0.681200,-0.000038,0.000089,0.036080,0.000227,-0.000078,0.000271,0.006511,38.400000,0.000000,0.001027,0.000011,-0.000005,-0.000063,-0.000194,0.000064,
0.040000,24.498290,24.498290,1.000000,24.503910,24.503910,0.000000,33.100000,1.000000,0.670000,-0.000153,0.000068,0.036312,0.000168,-0.000094,0.000582,0.007295,38.600000,0.000000,0.001056,-0.000006,-0.000001,0.000123,0.000230,0.000088,
0.040000,24.498565,24.498565,1.000000,24.503792,24.503792,0.000000,33.200000,1.000000,0.675600,-0.000068,0.000102,0.036191,0.000278,-0.000079,0.000424,0.008221,38.700000,0.000000,0.001081,-0.000018,0.000061,-0.000082,-0.000628,-0.000068,
0.040000,24.498555,24.498555,1.000000,24.498365,24.498365,0.000000,33.300000,1.000000,0.681600,-0.000099,0.000070,0.036813,0.000177,-0.000104,0.000364,0.007318,38.800000,0.000000,0.000948,0.000027,-0.000006,0.000153,0.000375,0.000071,
0.040000,24.499124,24.499124,1.000000,24.509941,24.509941,0.000000,33.500000,1.000000,0.676400,-0.000173,0.000142,0.036576,0.000465,-0.000080,0.000966,0.007295,39.000000,0.000000,0.001052,0.000006,-0.000018,-0.000105,-0.000004,-0.000109,
0.040000,24.499636,24.499636,1.000000,24.509361,24.509361,0.000000,33.600000,1.000000,0.683600,-0.000050,0.000084,0.036888,0.000328,-0.000086,0.000202,0.007107,39.100000,0.000000,0.000985,0.000063,0.000101,0.000394,-0.000456,0.000101,
0.040000,24.500153,24.500153,1.000000,24.509970,24.509970,0.000000,33.700000,1.000000,0.672000,-0.000132,0.000085,0.037032,0.000386,-0.000082,0.000471,0.006767,39.200000,0.000000,0.001030,0.000004,-0.000207,-0.000254,0.000560,-0.000022,
0.040000,24.500075,24.500075,0.000000,24.498602,24.498602,0.000000,33.800000,0.000000,0.676400,-0.000071,0.000083,0.037283,0.000142,-0.000108,0.000318,0.009622,39.300000,0.000000,0.001038,0.000016,-0.000150,-0.000107,-0.000204,0.000014,
0.040000,24.500477,24.500477,0.000000,24.508110,24.508110,0.000000,33.900000,0.000000,0.667600,-0.000045,0.000056,0.037182,0.000177,-0.000102,0.000153,0.006649,39.400000,0.000000,0.001067,-0.000033,-0.000177,-0.000055,0.000291,-0.000157,
0.040000,24.500671,24.500671,1.000000,24.504366,24.504366,0.000000,34.000000,1.000000,0.668000,0.000026,0.000081,0.037416,0.000196,-0.000100,-0.000144,0.007811,39.500000,0.000000,0.001026,-0.000025,-0.000206,-0.000187,0.000275,-0.000018,
0.040000,24.501066,24.501066,1.000000,24.508568,24.508568,0.000000,34.100000,1.000000,0.668800,-0.000042,0.000097,0.037802,0.000160,-0.000110,0.000095,0.007554,39.600000,0.000000,0.001052,-0.000021,-0.000260,0.000083,0.000542,0.000002,
0.040000,24.501532,24.501532,0.000000,24.510382,24.510382,0.000000,34.300000,0.000000,0.674400,-0.000091,0.000049,0.037322,0.000178,-0.000092,0.000302,0.007090,39.800000,0.000000,0.001107,-0.000028,-0.000208,0.000128,-0.000210,-0.000057,
0.040000,24.502019,24.502019,1.000000,24.511274,24.511274,0.000000,34.400000,1.000000,0.693600,-0.000041,0.000072,0.037747,0.000266,-0.000094,0.000152,0.009798,39.900000,0.000000,0.000991,-0.000024,-0.000163,-0.000248,-0.000384,0.000085,
0.040000,24.502488,24.502488,0.000000,24.511402,24.511402,0.000000,34.500000,0.000000,0.678000,-0.000245,0.000088,0.038125,0.000281,-0.000099,0.001054,0.007266,40.000000,0.000000,0.001079,0.000013,-0.000209,0.000097,0.000218,-0.000006,
0.040000,24.502345,24.502345,1.000000,24.499617,24.499617,0.000000,34.600000,1.000000,0.659600,-0.000008,0.000074,0.037999,0.000170,-0.000129,0.000052,0.006253,40.100000,0.000000,0.001132,0.000016,-0.000028,0.000136,-0.001034,-0.000028,
0.040000,24.502536,24.502536,1.000000,24.506170,24.506170,0.000000,34.700000,1.000000,0.686800,-0.000080,0.000063,0.037975,0.000202,-0.000112,0.000496,0.007421,40.200000,0.000000,0.001085,-0.000007,-0.000224,-0.000034,0.001037,-0.000195,
0.040000,24.502394,24.502394,1.000000,24.499704,24.499704,0.000000,34.800000,1.000000,0.676800,-0.000066,0.000103,0.037935,0.000343,-0.000107,0.000295,0.007285,40.300000,0.000000,0.001059,-0.000000,-0.000133,-0.000081,-0.000047,0.000034,
0.040000,24.502769,24.502769,1.000000,24.509895,24.509895,0.000000,34.900000,1.000000,0.670000,-0.000141,0.000123,0.038480,0.000365,-0.000113,0.000453,0.007181,40.400000,0.000000,0.001031,0.000028,-0.000170,0.000217,0.000068,0.000040,
0.040000,24.503176,24.503176,1.000000,24.510899,24.510899,0.000000,35.000000,1.000000,0.673600,-0.000138,0.000135,0.038441,0.000391,-0.000111,0.000854,0.008345,40.500000,0.000000,0.001117,0.000031,-0.000135,0.000206,-0.000434,-0.000021,
0.040000,24.503592,24.503592,1.000000,24.511507,24.511507,0.000000,35.100000,1.000000,0.675200,-0.000074,0.000105,0.038834,0.000217,-0.000123,0.000244,0.006933,40.600000,0.000000,0.001088,0.000036,-0.000054,0.000153,-0.000146,0.000007,
0.040000,24.503401,24.503401,0.000000,24.499756,24.499756,0.000000,35.200000,0.000000,0.661200,-0.000123,0.000126,0.039201,0.000103,-0.000132,0.000649,0.006845,40.700000,0.000000,0.001144,0.000001,-0.000173,-0.000128,0.000335,-0.000071,
0.040000,24.503757,24.503757,1.000000,24.510523,24.510523,0.000000,35.300000,1.000000,0.683200,0.000019,0.000064,0.038451,0.000247,-0.000099,0.000106,0.006376,40.800000,0.000000,0.001193,-0.000021,-0.000090,0.000084,-0.000170,-0.000085,
0.040000,24.504112,24.504112,1.000000,24.510860,24.510860,0.000000,35.400000,1.000000,0.682800,-0.000109,0.000079,0.039101,0.000118,-0.000117,0.000382,0.007949,40.900000,0.000000,0.001022,0.000007,-0.000195,-0.000352,0.000812,0.000169,
0.040000,24.503912,24.503912,0.000000,24.500109,24.500109,0.000000,35.500000,0.000000,0.678000,-0.000041,0.000109,0.038989,0.000213,-0.000114,0.000149,0.007868,41.000000,0.000000,0.001130,-0.000018,-0.000136,-0.000041,-0.000481,-0.000044,
0.040000,24.504281,24.504281,0.000000,24.511293,24.511293,0.000000,35.600000,0.000000,0.667200,0.000012,0.000083,0.038776,0.000272,-0.000107,-0.000099,0.005941,41.100000,0.000000,0.001086,0.000001,-0.000180,0.000167,0.000234,0.000004,
0.040000,24.504607,24.504607,1.000000,24.510798,24.510798,0.000000,35.700000,1.000000,0.669600,-0.000021,0.000085,0.039574,0.000150,-0.000121,0.000153,0.006996,41.200000,0.000000,0.001023,0.000012,-0.000225,-0.000097,0.000419,0.000043,
0.040000,24.504388,24.504388,0.000000,24.500229,24.500229,0.000000,35.800000,0.000000,0.664000,-0.000037,0.000104,0.039648,0.000135,-0.000123,0.000041,0.006933,41.300000,0.000000,0.001160,-0.000012,-0.000171,-0.000022,-0.000046,-0.000070,
0.040000,24.504771,24.504771,1.000000,24.512045,24.512045,0.000000,35.900000,1.000000,0.682000,-0.000002,0.000083,0.039394,0.000263,-0.000115,0.000139,0.008036,41.400000,0.000000,0.001151,-0.000015,-0.000190,0.000104,-0.000113,-0.000038,
0.040000,24.504557,24.504557,1.000000,24.500494,24.500494,0.000000,36.000000,1.000000,0.658400,-0.000134,0.000099,0.039593,0.000309,-0.000103,0.000825,0.006898,41.500000,0.000000,0.001079,0.000011,-0.000167,-0.000087,0.000169,0.000032,
0.040000,24.504358,24.504358,0.000000,24.500576,24.500576,0.000000,36.100000,0.000000,0.662800,-0.000080,0.000067,0.039774,0.000019,-0.000128,0.000503,0.007517,41.600000,0.000000,0.001097,0.000020,-0.000028,0.000065,-0.000749,0.000090,
0.040000,24.504187,24.504187,1.000000,24.500940,24.500940,0.000000,36.200000,1.000000,0.666400,-0.000049,0.000050,0.040033,0.000005,-0.000137,0.000261,0.007421,41.700000,0.000000,0.001111,-0.000038,-0.000091,-0.000173,0.000046,-0.000122,
0.040000,24.504563,24.504563,1.000000,24.511713,24.511713,0.000000,36.300000,1.000000,0.666800,-0.000058,0.000084,0.039765,0.000270,-0.000104,-0.000048,0.006187,41.800000,0.000000,0.001140,-0.000040,-0.000137,-0.000171,0.000211,-0.000100,
0.040000,24.504377,24.504377,1.000000,24.500845,24.500845,0.000000,36.400000,1.000000,0.668800,-0.000107,0.000096,0.040118,0.000246,-0.000117,0.000619,0.006884,41.900000,0.000000,0.001064,0.000013,-0.000195,0.000148,0.000024,0.000163,
0.040000,24.504199,24.504199,1.000000,24.500816,24.500816,0.000000,36.500000,1.000000,0.678000,-0.000116,0.000134,0.040290,0.000329,-0.000097,0.000643,0.006435,42.000000,0.000000,0.001113,0.000008,-0.000060,0.000130,-0.000293,-0.000021,
0.040000,24.504523,24.504523,1.000000,24.510668,24.510668,0.000000,36.600000,1.000000,0.666000,-0.000163,0.000077,0.040750,0.000185,-0.000119,0.000609,0.007314,42.100000,0.000000,0.001125,0.000025,-0.000054,0.000280,-0.000169,0.000120,
0.040000,24.504361,24.504361,0.000000,24.501289,24.501289,0.000000,36.700000,0.000000,0.673200,-0.000125,0.000117,0.040670,0.000311,-0.000134,0.000602,0.007233,42.200000,0.000000,0.001194,-0.000004,-0.000060,-0.000240,-0.000356,-0.000093,
0.040000,24.504738,24.504738,1.000000,24.511909,24.511909,0.000000,36.800000,1.000000,0.673600,-0.000034,0.000042,0.040537,0.000369,-0.000115,0.000156,0.006330,42.300000,0.000000,0.001154,0.000021,-0.000060,0.000153,0.000099,-0.000129,
0.040000,24.505144,24.505144,1.000000,24.512842,24.512842,0.000000,36.900000,1.000000,0.683200,-0.000113,0.000114,0.041002,0.000390,-0.000138,0.000481,0.007195,42.400000,0.000000,0.001105,0.000031,-0.000147,-0.000402,0.000602,0.000069,
0.040000,24.504957,24.504957,1.000000,24.501421,24.501421,0.000000,37.000000,1.000000,0.652400,-0.000116,0.000082,0.041091,0.000184,-0.000126,0.000481,0.007173,42.500000,0.000000,0.001175,0.000035,-0.000080,0.000288,-0.000262,-0.000114,
0.040000,24.504785,24.504785,0.000000,24.501514,24.501514,0.000000,37.100000,0.000000,0.668000,-0.000026,0.000099,0.040643,0.000279,-0.000123,0.000203,0.008763,42.600000,0.000000,0.001169,-0.000006,-0.000078,-0.000089,-0.000118,0.000028,
0.040000,24.505080,24.505080,1.000000,24.510683,24.510683,0.000000,37.200000,1.000000,0.664000,-0.000035,0.000090,0.041010,0.000205,-0.000125,0.000343,0.006314,42.700000,0.000000,0.001058,0.000013,-0.000131,0.000070,0.000514,0.000033,
0.040000,24.504896,24.504896,1.000000,24.501394,24.501394,0.000000,37.300000,1.000000,0.669600,-0.000110,0.000094,0.041395,0.000141,-0.000116,0.000511,0.008459,42.800000,0.000000,0.001110,-0.000002,-0.000101,-0.000026,0.000142,-0.000001,
0.040000,24.505293,24.505293,1.000000,24.512840,24.512840,0.000000,37.400000,1.000000,0.666400,-0.000048,0.000106,0.041228,0.000175,-0.000131,0.000350,0.007092,42.900000,0.000000,0.001164,-0.000015,-0.000066,0.000012,-0.000415,0.000056,
0.040000,24.505105,24.505105,1.000000,24.501532,24.501532,0.000000,37.500000,1.000000,0.692000,-0.000139,0.000123,0.041392,0.000385,-0.000090,0.000749,0.007628,43.000000,0.000000,0.001108,-0.000008,-0.000096,0.000079,0.000228,-0.000075,
0.040000,24.505427,24.505427,1.000000,24.511551,24.511551,0.000000,37.600000,1.000000,0.675600,-0.000136,0.000042,0.041251,0.000309,-0.000093,0.000545,0.007088,43.100000,0.000000,0.001118,0.000034,-0.000016,0.000138,-0.000478,0.000228,
0.040000,24.505245,24.505245,1.000000,24.501781,24.501781,0.000000,37.700000,1.000000,0.670400,-0.000183,0.000113,0.041849,0.000092,-0.000135,0.000938,0.007082,43.200000,0.000000,0.001068,0.000018,-0.000056,-0.000450,-0.000161,0.000069,
0.040000,24.505617,24.505617,1.000000,24.512691,24.512691,0.000000,37.800000,1.000000,0.675200,-0.000070,0.000087,0.041890,0.000215,-0.000132,0.000396,0.008790,43.300000,0.000000,0.001165,-0.000025,0.000023,0.000271,-0.000352,-0.000235,
0.040000,24.505964,24.505964,1.000000,24.512552,24.512552,0.000000,37.900000,1.000000,0.678400,-0.000069,0.000085,0.041542,0.000372,-0.000107,0.000318,0.006866,43.400000,0.000000,0.001150,-0.000000,-0.000085,-0.000057,0.000563,-0.000068,
0.040000,24.505758,24.505758,0.000000,24.501846,24.501846,0.000000,38.000000,0.000000,0.666400,-0.000105,0.000116,0.041919,0.000160,-0.000121,0.000389,0.008068,43.500000,0.000000,0.001059,0.000031,-0.000098,-0.000040,0.000222,0.000127,
0.040000,24.505574,24.505574,1.000000,24.502083,24.502083,0.000000,38.100000,1.000000,0.668000,-0.000034,0.000076,0.041857,0.000153,-0.000117,0.000149,0.006744,43.600000,0.000000,0.001112,-0.000012,-0.000082,0.000177,-0.000140,-0.000036,
0.040000,24.505401,24.505401,1.000000,24.502104,24.502104,0.000000,38.200000,1.000000,0.656800,-0.000102,0.000057,0.041776,0.000186,-0.000106,0.000446,0.007351,43.700000,0.000000,0.001078,-0.000013,-0.000128,-0.000177,0.000384,0.000011,
0.040000,24.505799,24.505799,1.000000,24.513355,24.513355,0.000000,38.300000,1.000000,0.668000,-0.000087,0.000054,0.042000,0.000200,-0.000106,0.000268,0.006432,43.800000,0.000000,0.001041,-0.000006,-0.000067,-0.000182,-0.000270,0.000067,
0.040000,24.506134,24.506134,0.000000,24.512499,24.512499,0.000000,38.400000,0.000000,0.667600,-0.000128,0.000042,0.042265,0.000176,-0.000109,0.000725,0.007370,43.900000,0.000000,0.001065,-0.000003,-0.000101,-0.000088,-0.000011,0.000030,
0.040000,24.505947,24.505947,1.000000,24.502392,24.502392,0.000000,38.500000,1.000000,0.676000,-0.000013,0.000075,0.041997,0.000159,-0.000113,0.000159,0.006498,44.000000,0.000000,0.001096,-0.000008,-0.000008,-0.000110,-0.000259,-0.000006,
0.040000,24.506311,24.506311,1.000000,24.513226,24.513226,0.000000,38.600000,1.000000,0.680000,-0.000087,0.000107,0.042439,0.000160,-0.000117,0.000312,0.010709,44.100000,0.000000,0.001021,-0.000011,-0.000120,0.000161,0.000615,-0.000032,
0.040000,24.506645,24.506645,1.000000,24.512993,24.512993,0.000000,38.700000,1.000000,0.672400,-0.000078,0.000082,0.042511,0.000406,-0.000100,0.000321,0.008410,44.200000,0.000000,0.001089,-0.000011,-0.000088,0.000256,-0.000222,-0.000036,
0.040000,24.506931,24.506931,1.000000,24.512365,24.512365,0.000000,38.800000,1.000000,0.671200,-0.000064,0.000099,0.042568,0.000539,-0.000092,0.000261,0.007311,44.300000,0.000000,0.001081,0.000038,-0.000084,-0.000051,-0.000029,0.000094,
0.040000,24.506718,24.506718,0.000000,24.502668,24.502668,0.000000,38.900000,0.000000,0.662000,0.000015,0.000089,0.042786,0.000051,-0.000134,-0.000149,0.009552,44.400000,0.000000,0.001071,0.000064,-0.000094,0.000082,0.000076,0.000083,
0.040000,24.506801,24.506801,1.000000,24.508390,24.508390,0.000000,39.000000,1.000000,0.666400,-0.000038,0.000080,0.042922,0.000021,-0.000130,0.000210,0.006523,44.500000,0.000000,0.001093,-0.000034,-0.000173,-0.000030,0.000512,-0.000224,
0.040000,24.506959,24.506959,1.000000,24.509966,24.509966,0.000000,39.100000,1.000000,0.679600,0.000003,0.000134,0.042998,0.000066,-0.000132,-0.000134,0.007251,44.600000,0.000000,0.001098,-0.000039,-0.000099,-0.000064,-0.000131,-0.000062,
0.040000,24.507365,24.507365,1.000000,24.515078,24.515078,0.000000,39.200000,1.000000,0.676800,-0.000155,0.000092,0.043457,0.000371,-0.000106,0.000778,0.006966,44.700000,0.000000,0.001092,-0.000030,-0.000165,0.000305,0.000205,-0.000041,
0.040000,24.507142,24.507142,0.000000,24.502893,24.502893,0.000000,39.300000,0.000000,0.678800,-0.000165,0.000109,0.043429,0.000243,-0.000119,0.000829,0.006780,44.800000,0.000000,0.001161,0.000031,0.000019,-0.000144,-0.000896,0.000150,
0.040000,24.507511,24.507511,1.000000,24.514519,24.514519,0.000000,39.400000,1.000000,0.678400,-0.000027,0.000078,0.043361,0.000111,-0.000126,0.000044,0.006768,44.900000,0.000000,0.001132,0.000005,0.000028,0.000052,-0.000404,-0.000025,
0.040000,24.507288,24.507288,1.000000,24.503059,24.503059,0.000000,39.500000,1.000000,0.687200,-0.000073,0.000122,0.043261,0.000229,-0.000107,0.000349,0.009730,45.000000,0.000000,0.001096,-0.000021,-0.000128,-0.000169,0.000697,-0.000055,
0.040000,24.507083,24.507083,0.000000,24.503178,24.503178,0.000000,39.600000,0.000000,0.688800,-0.000054,0.000087,0.043361,0.000144,-0.000102,0.000227,0.008668,45.100000,0.000000,0.001055,0.000003,-0.000065,0.000203,-0.000018,0.000098,
0.040000,24.506887,24.506887,1.000000,24.503168,24.503168,0.000000,39.700000,1.000000,0.671600,-0.000079,0.000049,0.043658,0.000052,-0.000114,0.000307,0.008258,45.200000,0.000000,0.001054,-0.000014,-0.000087,-0.000137,0.000109,0.000068,
0.040000,24.506699,24.506699,1.000000,24.503136,24.503136,0.000000,39.800000,1.000000,0.663200,-0.000080,0.000100,0.043508,0.000329,-0.000100,0.000427,0.008455,45.300000,0.000000,0.001092,-0.000032,-0.000070,-0.000290,-0.000114,-0.000046,
0.040000,24.506532,24.506532,1.000000,24.503353,24.503353,0.000000,39.900000,1.000000,0.680800,-0.000073,0.000058,0.043953,0.000209,-0.000101,0.000276,0.009378,45.400000,0.000000,0.001040,0.000024,-0.000045,0.000209,-0.000045,0.000067,
0.040000,24.506966,24.506966,1.000000,24.515217,24.515217,0.000000,40.000000,1.000000,0.679200,-0.000105,0.000090,0.043760,0.000178,-0.000117,0.000650,0.008591,45.500000,0.000000,0.001108,-0.000001,-0.000074,-0.000182,0.000022,0.000019,
0.040000,24.506810,24.506810,1.000000,24.503849,24.503849,0.000000,40.100000,1.000000,0.679600,-0.000126,0.000043,0.044175,0.000073,-0.000140,0.000568,0.007511,45.600000,0.000000,0.001048,-0.000007,0.000002,0.000131,-0.000191,-0.000090,
0.040000,24.507250,24.507250,1.000000,24.515606,24.515606,0.000000,40.200000,1.000000,0.674400,-0.000090,0.000052,0.044184,0.000095,-0.000139,0.000474,0.008625,45.700000,0.000000,0.001109,-0.000027,-0.000015,-0.000241,-0.000198,-0.000177,
0.040000,24.507080,24.507080,1.000000,24.503849,24.503849,0.000000,40.300000,1.000000,0.680000,-0.000110,0.000083,0.044410,-0.000046,-0.000148,0.000559,0.007288,45.800000,0.000000,0.001089,-0.000023,-0.000033,-0.000037,0.000143,-0.000062,
0.040000,24.507418,24.507418,1.000000,24.513836,24.513836,0.000000,40.400000,1.000000,0.671600,-0.000115,0.000112,0.044592,0.000379,-0.000123,0.000466,0.008569,45.900000,0.000000,0.001112,-0.000050,-0.000016,0.000175,-0.000065,-0.000076,
0.040000,24.507603,24.507603,1.000000,24.511124,24.511124,0.000000,40.600000,1.000000,0.674000,-0.000099,0.000090,0.044575,0.000318,-0.000111,0.000451,0.006996,46.100000,0.000000,0.001126,0.000035,-0.000033,0.000248,-0.000060,0.000125,
0.040000,24.507859,24.507859,1.000000,24.512730,24.512730,0.000000,40.700000,1.000000,0.688000,-0.000059,0.000077,0.044723,0.000116,-0.000138,0.000301,0.007370,46.200000,0.000000,0.001101,0.000022,-0.000036,-0.000042,0.000080,0.000118,
0.040000,24.508186,24.508186,1.000000,24.514393,24.514393,0.000000,40.800000,1.000000,0.685200,-0.000224,0.000098,0.045267,0.000239,-0.000122,0.000922,0.007103,46.300000,0.000000,0.001072,-0.000059,-0.000092,-0.000063,0.000194,-0.000123,
0.040000,24.508407,24.508407,1.000000,24.512598,24.512598,0.000000,40.900000,1.000000,0.686000,-0.000087,0.000096,0.045066,0.000166,-0.000140,0.000355,0.009294,46.400000,0.000000,0.001158,-0.000033,0.000032,0.000086,-0.000828,0.000036,
0.040000,24.508207,24.508207,1.000000,24.504416,24.504416,0.000000,41.000000,1.000000,0.680400,-0.000055,0.000085,0.045239,-0.000013,-0.000142,0.000265,0.007674,46.500000,0.000000,0.001096,-0.000047,-0.000080,0.000024,0.000513,-0.000096,
0.040000,24.508021,24.508021,1.000000,24.504492,24.504492,0.000000,41.100000,1.000000,0.691200,-0.000106,0.000073,0.044942,0.000288,-0.000118,0.000507,0.007945,46.600000,0.000000,0.001108,-0.000082,-0.000096,-0.000063,0.000392,-0.000051,
0.040000,24.508389,24.508389,1.000000,24.515366,24.515366,0.000000,41.200000,1.000000,0.680400,-0.000179,0.000092,0.045526,0.000323,-0.000108,0.000731,0.008606,46.700000,0.000000,0.001028,-0.000021,-0.000047,-0.000095,-0.000163,0.000129,
0.040000,24.508200,24.508200,0.000000,24.504620,24.504620,0.000000,41.300000,0.000000,0.674400,-0.000105,0.000078,0.045514,0.000265,-0.000122,0.000506,0.006527,46.800000,0.000000,0.001123,-0.000013,-0.000002,0.000079,-0.000514,0.000110,
0.040000,24.508384,24.508384,1.000000,24.511877,24.511877,0.000000,41.400000,1.000000,0.688400,-0.000040,0.000074,0.045545,0.000234,-0.000118,0.000164,0.006715,46.900000,0.000000,0.001098,-0.000025,-0.000046,-0.000055,0.000259,-0.000044,
0.040000,24.508205,24.508205,1.000000,24.504805,24.504805,0.000000,41.500000,1.000000,0.682800,-0.000111,0.000081,0.045517,0.000260,-0.000121,0.000593,0.007254,47.000000,0.000000,0.001083,-0.000030,-0.000113,-0.000044,0.000498,0.000008,
0.040000,24.508590,24.508590,1.000000,24.515896,24.515896,0.000000,41.600000,1.000000,0.685200,-0.000093,0.000115,0.046025,0.000273,-0.000124,0.000181,0.007198,47.100000,0.000000,0.001056,-0.000024,-0.000026,0.000025,-0.000248,-0.000012,
0.040000,24.509005,24.509005,1.000000,24.516899,24.516899,0.000000,41.700000,1.000000,0.668400,-0.000270,0.000132,0.046423,0.000134,-0.000142,0.001026,0.010162,47.200000,0.000000,0.001135,-0.000021,-0.000107,0.000220,0.000019,-0.000025,
0.040000,24.509263,24.509263,1.000000,24.514164,24.514164,0.000000,41.800000,1.000000,0.675200,0.000006,0.000101,0.045955,0.000086,-0.000150,-0.000090,0.007293,47.300000,0.000000,0.001191,-0.000048,0.000062,0.000187,-0.001084,-0.000118,
0.040000,24.509612,24.509612,1.000000,24.516235,24.516235,0.000000,41.900000,1.000000,0.657600,-0.000124,0.000072,0.046667,0.000153,-0.000142,0.000642,0.007895,47.400000,0.000000,0.001076,-0.000057,-0.000159,-0.000118,0.001290,-0.000099,
0.040000,24.509900,24.509900,1.000000,24.515385,24.515385,0.000000,42.100000,1.000000,0.687200,-0.000107,0.000105,0.046449,0.000259,-0.000131,0.000578,0.007324,47.600000,0.000000,0.001195,-0.000043,-0.000012,-0.000225,-0.000309,0.000012,
0.040000,24.509671,24.509671,0.000000,24.505322,24.505322,0.000000,42.200000,0.000000,0.682000,-0.000098,0.000054,0.046620,-0.000103,-0.000144,0.000521,0.010787,47.700000,0.000000,0.001128,-0.000021,-0.000024,0.000119,-0.000014,0.000072,
0.040000,24.510052,24.510052,1.000000,24.517290,24.517290,0.000000,42.300000,1.000000,0.680400,-0.000050,0.000080,0.046709,0.000193,-0.000145,0.000231,0.006297,47.800000,0.000000,0.001107,-0.000161,-0.000045,-0.000233,0.000041,-0.000055,
0.040000,24.509817,24.509817,1.000000,24.505339,24.505339,0.000000,42.400000,1.000000,0.681600,-0.000093,0.000107,0.046984,0.000278,-0.000142,0.000358,0.007761,47.900000,0.000000,0.001102,-0.000100,-0.000101,0.000038,0.000286,-0.000031,
0.040000,24.509850,24.509850,1.000000,24.510485,24.510485,0.000000,42.500000,1.000000,0.684400,-0.000154,0.000126,0.046696,0.000376,-0.000117,0.000976,0.007624,48.000000,0.000000,0.001135,-0.000081,-0.000074,0.000178,-0.000151,0.000003,
0.040000,24.509636,24.509636,1.000000,24.505562,24.505562,0.000000,42.600000,1.000000,0.687200,-0.000194,0.000080,0.047012,0.000252,-0.000129,0.000985,0.006866,48.100000,0.000000,0.001056,-0.000060,0.000049,0.000186,-0.000437,0.000159,
0.040000,24.509439,24.509439,1.000000,24.505699,24.505699,0.000000,42.700000,1.000000,0.660400,-0.000262,0.000135,0.047819,0.000102,-0.000153,0.001154,0.006979,48.200000,0.000000,0.001097,-0.000084,0.000050,-0.000215,-0.000412,-0.000012,
0.040000,24.509252,24.509252,1.000000,24.505705,24.505705,0.000000,42.800000,1.000000,0.675600,-0.000060,0.000078,0.046989,0.000157,-0.000120,0.000300,0.012662,48.300000,0.000000,0.001234,-0.000111,0.000082,0.000259,-0.000577,-0.000156,
0.040000,24.509425,24.509425,1.000000,24.512703,24.512703,0.000000,42.900000,1.000000,0.685200,-0.000046,0.000088,0.047167,0.000087,-0.000152,0.000241,0.009855,48.400000,0.000000,0.001047,-0.000098,-0.000088,-0.000256,0.001026,0.000146,
0.040000,24.509702,24.509702,1.000000,24.514977,24.514977,0.000000,43.000000,1.000000,0.680000,-0.000133,0.000101,0.047643,0.000248,-0.000134,0.000759,0.008719,48.500000,0.000000,0.001061,-0.000110,-0.000097,-0.000031,0.000480,-0.000142,
0.040000,24.509511,24.509511,1.000000,24.505884,24.505884,0.000000,43.100000,1.000000,0.686800,-0.000113,0.000116,0.047426,0.000319,-0.000121,0.000708,0.008506,48.600000,0.000000,0.001134,-0.000076,0.000006,0.000068,-0.000353,0.000054,
0.040000,24.509665,24.509665,1.000000,24.512594,24.512594,0.000000,43.200000,1.000000,0.698400,-0.000140,0.000098,0.047816,0.000162,-0.000134,0.000946,0.007747,48.700000,0.000000,0.001069,-0.000061,-0.000004,0.000120,-0.000016,0.000101,
0.040000,24.509787,24.509787,1.000000,24.512087,24.512087,0.000000,43.300000,1.000000,0.676000,-0.000128,0.000088,0.048005,0.000008,-0.000155,0.000432,0.008898,48.800000,0.000000,0.001125,-0.000091,0.000043,-0.000068,-0.000172,-0.000042,
0.040000,24.510093,24.510093,1.000000,24.515909,24.515909,0.000000,43.400000,1.000000,0.680000,-0.000209,0.000109,0.047987,0.000320,-0.000132,0.001024,0.008018,48.900000,0.000000,0.001140,-0.000119,-0.000059,-0.000086,0.000008,-0.000146,
0.040000,24.510355,24.510355,1.000000,24.515341,24.515341,0.000000,43.500000,1.000000,0.674800,-0.000154,0.000094,0.047922,0.000399,-0.000109,0.000950,0.008404,49.000000,0.000000,0.001114,-0.000055,0.000059,0.000093,-0.000495,0.000089,
0.040000,24.510624,24.510624,1.000000,24.515738,24.515738,0.000000,43.600000,1.000000,0.697600,-0.000148,0.000135,0.048069,0.000334,-0.000127,0.000808,0.007444,49.100000,0.000000,0.001079,-0.000039,0.000043,-0.000055,0.000148,0.000176,
0.040000,24.510411,24.510411,1.000000,24.506367,24.506367,0.000000,43.700000,1.000000,0.671600,-0.000129,0.000111,0.048305,0.000266,-0.000138,0.000669,0.009790,49.200000,0.000000,0.001087,-0.000051,0.000014,0.000233,0.000099,-0.000042,
0.040000,24.510670,24.510670,1.000000,24.515581,24.515581,0.000000,43.800000,1.000000,0.660400,-0.000213,0.000077,0.048362,0.000090,-0.000125,0.001193,0.006900,49.300000,0.000000,0.001112,-0.000063,-0.000013,-0.000061,0.000154,-0.000087,
0.040000,24.511051,24.511051,1.000000,24.518299,24.518299,0.000000,43.900000,1.000000,0.690000,-0.000200,0.000100,0.048601,0.000371,-0.000132,0.001233,0.009149,49.400000,0.000000,0.001101,-0.000097,0.000090,-0.000230,-0.000463,0.000045,
0.040000,24.510829,24.510829,1.000000,24.506601,24.506601,0.000000,44.000000,1.000000,0.700800,-0.000190,0.000113,0.048834,0.000123,-0.000143,0.001024,0.006933,49.500000,0.000000,0.001127,-0.000039,0.000096,0.000052,-0.000097,-0.000022,
0.040000,24.510626,24.510626,1.000000,24.506769,24.506769,0.000000,44.100000,1.000000,0.676800,-0.000212,0.000112,0.048884,0.000159,-0.000129,0.001063,0.009835,49.600000,0.000000,0.001150,-0.000087,0.000053,0.000099,0.000024,-0.000080,
0.040000,24.510432,24.510432,1.000000,24.506748,24.506748,0.000000,44.200000,1.000000,0.679600,-0.000112,0.000137,0.048750,0.000356,-0.000138,0.000767,0.006495,49.700000,0.000000,0.001138,-0.000079,0.000060,0.000031,-0.000126,0.000057,
0.040000,24.510691,24.510691,1.000000,24.515604,24.515604,0.000000,44.300000,1.000000,0.696800,-0.000103,0.000090,0.049088,0.000262,-0.000122,0.000741,0.007043,49.800000,0.000000,0.001089,-0.000038,0.000000,0.000171,0.000574,-0.000032,
0.040000,24.510734,24.510734,1.000000,24.511570,24.511570,0.000000,44.400000,1.000000,0.695600,-0.000253,0.000122,0.049366,0.000469,-0.000109,0.001168,0.007329,49.900000,0.000000,0.001134,-0.000056,-0.000005,-0.000228,0.000274,0.000088,
0.040000,24.511092,24.511092,1.000000,24.517881,24.517881,0.000000,44.500000,1.000000,0.686000,-0.000180,0.000101,0.049179,0.000364,-0.000115,0.000806,0.007257,50.000000,0.000000,0.001166,-0.000014,0.000080,0.000113,-0.000822,0.000111,
0.040000,24.510890,24.510890,1.000000,24.507048,24.507048,0.000000,44.600000,1.000000,0.677200,-0.000087,0.000080,0.049291,0.000134,-0.000150,0.000529,0.007607,50.100000,0.000000,0.001106,-0.000034,0.000006,-0.000090,0.000137,0.000008,
0.040000,24.510699,24.510699,0.000000,24.507072,24.507072,0.000000,44.700000,0.000000,0.682400,-0.000054,0.000111,0.049448,0.000289,-0.000129,0.000110,0.007044,50.200000,0.000000,0.001107,-0.000079,-0.000048,-0.000163,0.000626,-0.000215,
0.040000,24.510944,24.510944,0.000000,24.515608,24.515608,0.000000,44.800000,0.000000,0.687200,-0.000037,0.000077,0.049092,0.000073,-0.000133,0.000229,0.007037,50.300000,0.000000,0.001116,-0.000047,-0.000130,0.000130,0.000445,0.000047,
0.040000,24.511291,24.511291,0.000000,24.517874,24.517874,0.000000,44.900000,0.000000,0.691200,-0.000064,0.000074,0.049655,0.000309,-0.000120,0.000199,0.007759,50.400000,0.000000,0.001023,-0.000089,-0.000104,-0.000161,0.000275,-0.000006,
0.040000,24.511088,24.511088,1.000000,24.507240,24.507240,0.000000,45.000000,1.000000,0.708400,-0.000023,0.000083,0.049450,0.000154,-0.000128,-0.000082,0.006507,50.500000,0.000000,0.001114,-0.000040,-0.000108,-0.000082,-0.000063,0.000079,
0.040000,24.510908,24.510908,1.000000,24.507477,24.507477,0.000000,45.100000,1.000000,0.678400,-0.000119,0.000091,0.049691,0.000169,-0.000137,0.000323,0.008211,50.600000,0.000000,0.001052,-0.000070,-0.000161,0.000027,0.000227,-0.000021,
0.040000,24.511306,24.511306,1.000000,24.518883,24.518883,0.000000,45.200000,1.000000,0.688400,-0.000163,0.000120,0.049798,0.000120,-0.000136,0.000418,0.006166,50.700000,0.000000,0.001079,-0.000066,-0.000078,0.000057,-0.000503,-0.000065,
0.040000,24.511571,24.511571,0.000000,24.516594,24.516594,0.000000,45.300000,0.000000,0.681200,-0.000057,0.000088,0.049874,0.000169,-0.000141,0.000092,0.010363,50.800000,0.000000,0.001078,-0.000074,-0.000058,0.000205,-0.000467,-0.000018,
0.040000,24.511375,24.511375,0.000000,24.507647,24.507647,0.000000,45.400000,0.000000,0.687200,-0.000011,0.000073,0.049586,0.000194,-0.000137,0.000073,0.005910,50.900000,0.000000,0.001072,-0.000063,-0.000121,-0.000119,0.000478,-0.000037,
0.040000,24.511192,24.511192,1.000000,24.507725,24.507725,0.000000,45.500000,1.000000,0.701200,-0.000042,0.000076,0.050383,0.000281,-0.000117,-0.000076,0.006621,51.000000,0.000000,0.000994,-0.000057,-0.000122,-0.000142,0.000468,0.000010,
0.040000,24.511022,24.511022,1.000000,24.507793,24.507793,0.000000,45.600000,1.000000,0.675200,-0.000166,0.000055,0.050489,0.000096,-0.000151,0.000291,0.007909,51.100000,0.000000,0.001132,-0.000039,-0.000149,-0.000035,-0.000014,0.000130,
0.040000,24.511350,24.511350,1.000000,24.517576,24.517576,0.000000,45.700000,1.000000,0.694400,-0.000168,0.000120,0.050320,0.000317,-0.000140,0.000708,0.006676,51.200000,0.000000,0.001131,-0.000074,-0.000074,-0.000140,-0.000774,-0.000163,
0.040000,24.511201,24.511201,1.000000,24.508383,24.508383,0.000000,45.800000,1.000000,0.692000,-0.000051,0.000102,0.050429,0.000216,-0.000164,0.000320,0.007172,51.300000,0.000000,0.001075,-0.000029,0.000010,0.000343,-0.000304,0.000005,
0.040000,24.511033,24.511033,0.000000,24.507824,24.507824,0.000000,45.900000,0.000000,0.698800,-0.000211,0.000063,0.050771,0.000130,-0.000140,0.000530,0.008589,51.400000,0.000000,0.001075,-0.000049,-0.000067,0.000020,0.000603,-0.000143,
0.040000,24.510887,24.510887,1.000000,24.508118,24.508118,0.000000,46.100000,1.000000,0.694400,0.000020,0.000052,0.050523,0.000236,-0.000118,-0.000181,0.006345,51.600000,0.000000,0.001121,-0.000065,-0.000024,-0.000234,-0.000754,0.000095,
0.040000,24.511240,24.511240,0.000000,24.517956,24.517956,0.000000,46.200000,0.000000,0.691200,-0.000073,0.000090,0.050616,0.000337,-0.000130,0.000293,0.007327,51.700000,0.000000,0.001050,-0.000042,-0.000164,-0.000157,0.001136,0.000173,
0.040000,24.511095,24.511095,0.000000,24.508327,24.508327,0.000000,46.300000,0.000000,0.677200,-0.000082,0.000045,0.051114,0.000081,-0.000140,0.000211,0.008141,51.800000,0.000000,0.001004,0.000001,0.000035,0.000174,-0.000383,-0.000050,
0.040000,24.511442,24.511442,0.000000,24.518049,24.518049,0.000000,46.400000,0.000000,0.677600,-0.000019,0.000068,0.051184,0.000030,-0.000148,0.000065,0.006190,51.900000,0.000000,0.001082,-0.000050,0.000019,-0.000172,-0.000217,-0.000077,
0.040000,24.511848,24.511848,0.000000,24.519558,24.519558,0.000000,46.500000,0.000000,0.694000,-0.000023,0.000052,0.051156,0.000114,-0.000135,0.000112,0.006140,52.000000,0.000000,0.001075,-0.000059,-0.000010,0.000077,0.000297,-0.000079,
0.040000,24.511684,24.511684,1.000000,24.508560,24.508560,0.000000,46.600000,1.000000,0.698400,0.000002,0.000094,0.051280,0.000260,-0.000124,-0.000133,0.008878,52.100000,0.000000,0.001048,-0.000041,-0.000001,-0.000071,0.000085,0.000047,
0.040000,24.511963,24.511963,1.000000,24.517260,24.517260,0.000000,46.700000,1.000000,0.688000,-0.000117,0.000096,0.051675,0.000266,-0.000132,0.000267,0.007577,52.200000,0.000000,0.001052,-0.000011,-0.000049,0.000231,0.000191,0.000088,
0.040000,24.512136,24.512136,1.000000,24.515436,24.515436,0.000000,46.800000,1.000000,0.682000,-0.000123,0.000099,0.051620,0.000265,-0.000126,0.000416,0.010434,52.300000,0.000000,0.001109,-0.000010,0.000031,0.000103,-0.000664,-0.000014,
0.040000,24.512510,24.512510,0.000000,24.519619,24.519619,0.000000,46.900000,0.000000,0.677600,-0.000045,0.000126,0.051554,0.000329,-0.000130,0.000079,0.006921,52.400000,0.000000,0.001076,-0.000010,0.000059,0.000055,-0.000292,0.000028,
0.040000,24.512864,24.512864,1.000000,24.519585,24.519585,0.000000,47.100000,1.000000,0.702800,-0.000044,0.000086,0.051963,0.000191,-0.000146,0.000030,0.007714,52.600000,0.000000,0.001042,0.000003,-0.000008,0.000187,0.000372,-0.000010,
0.040000,24.513246,24.513246,0.000000,24.520502,24.520502,0.000000,47.200000,0.000000,0.674000,-0.000080,0.000057,0.052338,0.000231,-0.000132,0.000236,0.006813,52.700000,0.000000,0.001102,-0.000025,-0.000018,-0.000171,0.000149,-0.000105,
0.040000,24.513503,24.513503,1.000000,24.518394,24.518394,0.000000,47.300000,1.000000,0.677200,0.000016,0.000069,0.052520,0.000116,-0.000163,-0.000029,0.006355,52.800000,0.000000,0.001163,-0.000007,0.000064,-0.000149,-0.000161,0.000062,
0.040000,24.513280,24.513280,1.000000,24.509039,24.509039,0.000000,47.400000,1.000000,0.684400,-0.000144,0.000110,0.052575,0.000113,-0.000145,0.000604,0.007487,52.900000,0.000000,0.001176,-0.000029,0.000011,-0.000001,0.000457,-0.000144,
0.040000,24.513308,24.513308,0.000000,24.513844,24.513844,0.000000,47.500000,0.000000,0.685600,-0.000254,0.000091,0.052667,0.000218,-0.000140,0.000917,0.006423,53.000000,0.000000,0.001164,-0.000029,0.000135,0.000248,-0.000797,0.000055,
0.040000,24.513423,24.513423,1.000000,24.515610,24.515610,0.000000,47.600000,1.000000,0.693200,0.000004,0.000060,0.052493,-0.000049,-0.000158,-0.000149,0.009613,53.100000,0.000000,0.001159,-0.000008,0.000194,-0.000016,-0.000985,0.000052,
0.040000,24.513215,24.513215,1.000000,24.509262,24.509262,0.000000,47.700000,1.000000,0.682000,-0.000154,0.000133,0.052901,0.000268,-0.000156,0.000649,0.006542,53.200000,0.000000,0.001102,-0.000060,-0.000019,-0.000203,0.001223,-0.000092,
0.040000,24.513596,24.513596,1.000000,24.520836,24.520836,0.000000,47.800000,1.000000,0.675200,-0.000135,0.000053,0.052343,0.000063,-0.000145,0.000178,0.007575,53.300000,0.000000,0.001160,0.000003,0.000138,0.000374,-0.000515,-0.000028,
0.040000,24.513651,24.513651,1.000000,24.514690,24.514690,0.000000,47.900000,1.000000,0.693600,-0.000209,0.000113,0.052997,0.000451,-0.000117,0.001058,0.007769,53.400000,0.000000,0.001028,-0.000037,0.000043,-0.000350,-0.000077,0.000062,
0.040000,24.513692,24.513692,1.000000,24.514467,24.514467,0.000000,48.000000,1.000000,0.684800,-0.000240,0.000184,0.053440,0.000433,-0.000136,0.000660,0.006556,53.500000,0.000000,0.001136,0.000040,0.000215,0.000239,-0.000483,0.000195,
0.040000,24.513970,24.513970,1.000000,24.519257,24.519257,0.000000,48.100000,1.000000,0.670400,-0.000090,0.000099,0.052840,0.000225,-0.000137,0.000148,0.006843,53.600000,0.000000,0.001201,0.000035,0.000133,0.000530,-0.000376,-0.000044,
0.040000,24.514255,24.514255,1.000000,24.519672,24.519672,0.000000,48.200000,1.000000,0.675600,-0.000158,0.000070,0.053247,0.000147,-0.000144,0.000853,0.007832,53.700000,0.000000,0.001059,-0.000006,0.000029,-0.000322,0.000779,-0.000025,
0.040000,24.514304,24.514304,1.000000,24.515221,24.515221,0.000000,48.300000,1.000000,0.676000,-0.000067,0.000098,0.053249,0.000317,-0.000140,0.000223,0.008768,53.800000,0.000000,0.001119,-0.000022,0.000167,-0.000305,-0.000119,-0.000050,
0.040000,24.514426,24.514426,1.000000,24.516747,24.516747,0.000000,48.400000,1.000000,0.682400,0.000033,0.000128,0.053272,0.000440,-0.000138,-0.000226,0.007322,53.900000,0.000000,0.001097,0.000012,0.000040,0.000058,0.000518,0.000007,
0.040000,24.514573,24.514573,1.000000,24.517376,24.517376,0.000000,48.500000,1.000000,0.687600,-0.000111,0.000063,0.053748,0.000364,-0.000138,0.000339,0.007137,54.000000,0.000000,0.001080,0.000036,-0.000049,0.000206,0.000814,0.000014,
0.040000,24.514632,24.514632,0.000000,24.515759,24.515759,0.000000,48.600000,0.000000,0.674800,-0.000312,0.000140,0.053996,0.000436,-0.000129,0.001270,0.010805,54.100000,0.000000,0.001152,0.000021,0.000063,-0.000323,-0.000579,0.000004,
0.040000,24.514913,24.514913,1.000000,24.520243,24.520243,0.000000,48.700000,1.000000,0.689200,-0.000076,0.000042,0.054010,0.000093,-0.000155,0.000448,0.008269,54.200000,0.000000,0.001179,0.000035,0.000245,0.000356,-0.001463,0.000060,
0.040000,24.515214,24.515214,1.000000,24.520926,24.520926,0.000000,48.800000,1.000000,0.691200,-0.000078,0.000118,0.053866,0.000333,-0.000142,0.000223,0.007978,54.300000,0.000000,0.001158,-0.000034,0.000078,-0.000475,0.000896,-0.000142,
0.040000,24.515511,24.515511,1.000000,24.521154,24.521154,0.000000,49.000000,1.000000,0.692000,-0.000130,0.000141,0.054343,0.000247,-0.000154,0.000736,0.008992,54.500000,0.000000,0.001107,0.000014,0.000032,0.000291,0.000332,0.000026,
0.040000,24.515854,24.515854,1.000000,24.522373,24.522373,0.000000,49.100000,1.000000,0.682000,-0.000108,0.000091,0.054205,0.000431,-0.000113,0.000473,0.008292,54.600000,0.000000,0.001179,-0.000003,0.000133,0.000251,-0.000197,-0.000060,
0.040000,24.515867,24.515867,1.000000,24.516125,24.516125,0.000000,49.200000,1.000000,0.702400,-0.000098,0.000083,0.054239,0.000223,-0.000146,0.000325,0.006575,54.700000,0.000000,0.001032,0.000069,0.000019,-0.000222,0.000095,0.000190,
0.040000,24.515593,24.515593,1.000000,24.510376,24.510376,0.000000,49.300000,1.000000,0.702400,-0.000171,0.000097,0.054669,0.000249,-0.000133,0.000706,0.007276,54.800000,0.000000,0.001019,0.000027,-0.000010,-0.000145,0.000098,-0.000097,
0.040000,24.515341,24.515341,1.000000,24.510555,24.510555,0.000000,49.400000,1.000000,0.707600,-0.000160,0.000098,0.054689,0.000238,-0.000131,0.000695,0.007594,54.900000,0.000000,0.001083,0.000032,0.000065,0.000029,-0.000405,0.000042,
0.040000,24.515108,24.515108,1.000000,24.510691,24.510691,0.000000,49.500000,1.000000,0.677200,-0.000115,0.000067,0.054996,0.000057,-0.000166,0.000360,0.007372,55.000000,0.000000,0.001066,0.000029,0.000062,0.000020,-0.000088,0.000024,
0.040000,24.515413,24.515413,1.000000,24.521208,24.521208,0.000000,49.600000,1.000000,0.695600,-0.000105,0.000111,0.054800,0.000398,-0.000134,0.000712,0.008611,55.100000,0.000000,0.001105,-0.000007,-0.000006,-0.000187,0.000246,-0.000203,
0.040000,24.515184,24.515184,1.000000,24.510822,24.510822,0.000000,49.700000,1.000000,0.666400,-0.000170,0.000088,0.054946,0.000130,-0.000140,0.000645,0.008016,55.200000,0.000000,0.001045,0.000060,0.000064,0.000199,0.000154,0.000120,
0.040000,24.515538,24.515538,1.000000,24.522272,24.522272,0.000000,49.800000,1.000000,0.682000,-0.000014,0.000103,0.054735,0.000323,-0.000126,0.000185,0.008057,55.300000,0.000000,0.001053,0.000006,0.000049,-0.000065,-0.000344,0.000008,
0.040000,24.515921,24.515921,1.000000,24.523199,24.523199,0.000000,49.900000,1.000000,0.680800,-0.000087,0.000106,0.055002,0.000376,-0.000134,0.000293,0.009593,55.400000,0.000000,0.000991,0.000044,-0.000042,0.000069,0.000832,0.000090,
0.040000,24.515947,24.515947,1.000000,24.516430,24.516430,0.000000,50.000000,1.000000,0.674800,-0.000208,0.000072,0.055635,0.000127,-0.000164,0.000973,0.008172,55.500000,0.000000,0.001024,0.000054,-0.000020,0.000043,-0.000132,-0.000018,
0.040000,24.516144,24.516144,1.000000,24.519884,24.519884,0.000000,50.100000,1.000000,0.695600,-0.000205,0.000137,0.055544,0.000267,-0.000153,0.000866,0.006709,55.600000,0.000000,0.001128,0.000003,0.000114,-0.000195,-0.000796,-0.000189,
0.040000,24.516306,24.516306,1.000000,24.519396,24.519396,0.000000,50.200000,1.000000,0.684800,-0.000267,0.000121,0.055724,0.000282,-0.000145,0.000822,0.008002,55.700000,0.000000,0.001088,0.000031,0.000091,0.000329,-0.000287,-0.000006,
0.040000,24.516306,24.516306,1.000000,24.516300,24.516300,0.000000,50.300000,1.000000,0.686400,-0.000110,0.000109,0.055402,0.000307,-0.000138,0.000553,0.010429,55.800000,0.000000,0.001102,0.000033,0.000080,0.000027,-0.000491,0.000046,
0.040000,24.516571,24.516571,1.000000,24.521610,24.521610,0.000000,50.400000,1.000000,0.688800,-0.000195,0.000138,0.055700,0.000268,-0.000161,0.000829,0.006451,55.900000,0.000000,0.001017,0.000038,0.000026,-0.000060,0.000783,0.000063,
0.040000,24.516600,24.516600,1.000000,24.517149,24.517149,0.000000,50.500000,1.000000,0.684000,-0.000180,0.000078,0.055916,0.000218,-0.000141,0.000682,0.006775,56.000000,0.000000,0.001056,0.000029,0.000080,0.000155,-0.000230,-0.000119,
0.040000,24.516792,24.516792,1.000000,24.520441,24.520441,0.000000,50.600000,1.000000,0.688400,-0.000097,0.000104,0.055957,0.000171,-0.000155,0.000542,0.009686,56.100000,0.000000,0.001077,0.000019,0.000049,-0.000316,0.000010,0.000078,
0.040000,24.516874,24.516874,1.000000,24.518440,24.518440,0.000000,50.700000,1.000000,0.673200,-0.000214,0.000098,0.056250,0.000260,-0.000153,0.001142,0.008364,56.200000,0.000000,0.001064,0.000009,0.000021,0.000043,0.000513,-0.000057,
0.040000,24.516603,24.516603,1.000000,24.511444,24.511444,0.000000,50.800000,1.000000,0.690000,-0.000161,0.000093,0.056255,0.000172,-0.000159,0.000950,0.008851,56.300000,0.000000,0.001101,0.000027,0.000139,-0.000020,-0.000528,-0.000010,
0.040000,24.516578,24.516578,1.000000,24.516109,24.516109,0.000000,50.900000,1.000000,0.690400,-0.000139,0.000100,0.056586,0.000211,-0.000157,0.000947,0.008479,56.400000,0.000000,0.001080,0.000009,0.000098,-0.000038,0.000131,-0.000041,
0.040000,24.516808,24.516808,1.000000,24.521166,24.521166,0.000000,51.000000,1.000000,0.688800,-0.000161,0.000117,0.056187,0.000265,-0.000146,0.000626,0.006385,56.500000,0.000000,0.001124,0.000016,0.000095,0.000025,0.000184,-0.000002,
0.040000,24.516872,24.516872,0.000000,24.518085,24.518085,0.000000,51.100000,0.000000,0.671200,-0.000160,0.000093,0.056318,0.000260,-0.000137,0.000952,0.009962,56.600000,0.000000,0.001023,0.000026,0.000030,0.000118,-0.000065,0.000069,
0.040000,24.516621,24.516621,1.000000,24.511868,24.511868,0.000000,51.200000,1.000000,0.702000,-0.000075,0.000055,0.056212,0.000278,-0.000133,0.000354,0.008036,56.700000,0.000000,0.001029,0.000025,0.000094,-0.000101,-0.000018,0.000080,
0.040000,24.516393,24.516393,1.000000,24.512060,24.512060,0.000000,51.300000,1.000000,0.680400,-0.000059,0.000117,0.056379,0.000324,-0.000148,0.000294,0.007146,56.800000,0.000000,0.000988,0.000028,-0.000026,-0.000274,0.000516,0.000053,
0.040000,24.516547,24.516547,1.000000,24.519478,24.519478,0.000000,51.400000,1.000000,0.703200,-0.000124,0.000054,0.056666,0.000128,-0.000148,0.000426,0.007952,56.900000,0.000000,0.001001,0.000037,-0.000037,0.000279,0.000296,-0.000073,
0.040000,24.516710,24.516710,1.000000,24.519804,24.519804,0.000000,51.500000,1.000000,0.683200,-0.000182,0.000076,0.056749,0.000222,-0.000132,0.000520,0.007531,57.000000,0.000000,0.001038,-0.000003,-0.000010,-0.000284,-0.000289,-0.000024,
0.040000,24.517004,24.517004,1.000000,24.522591,24.522591,0.000000,51.600000,1.000000,0.689600,-0.000295,0.000034,0.057218,0.000135,-0.000141,0.001243,0.007018,57.100000,0.000000,0.001034,0.000016,0.000008,0.000026,-0.000466,0.000086,
0.040000,24.516764,24.516764,1.000000,24.512203,24.512203,0.000000,51.800000,1.000000,0.684400,-0.000114,0.000117,0.057007,0.000318,-0.000146,0.000184,0.006766,57.300000,0.000000,0.001106,-0.000002,0.000151,-0.000247,-0.000880,-0.000019,
0.040000,24.516916,24.516916,1.000000,24.519808,24.519808,0.000000,51.900000,1.000000,0.689200,-0.000241,0.000137,0.057774,0.000477,-0.000141,0.000769,0.007448,57.400000,0.000000,0.001043,0.000034,-0.000061,0.000417,0.000787,-0.000038,
0.040000,24.516695,24.516695,1.000000,24.512482,24.512482,0.000000,52.000000,1.000000,0.700400,-0.000086,0.000112,0.057378,0.000402,-0.000136,0.000524,0.009162,57.500000,0.000000,0.001262,0.000094,0.000174,0.000117,-0.000563,0.000019,
0.040000,24.516491,24.516491,1.000000,24.512613,24.512613,0.000000,52.100000,1.000000,0.692000,-0.000062,0.000123,0.057400,0.000480,-0.000135,0.000358,0.009476,57.600000,0.000000,0.001160,0.000078,0.000122,-0.000086,0.000602,0.000038,
0.040000,24.516299,24.516299,1.000000,24.512651,24.512651,0.000000,52.200000,1.000000,0.695600,-0.000092,0.000112,0.057665,0.000418,-0.000136,0.000515,0.008135,57.700000,0.000000,0.001141,0.000091,0.000087,0.000033,0.000385,0.000022,
0.040000,24.516114,24.516114,1.000000,24.512608,24.512608,0.000000,52.300000,1.000000,0.684400,0.000009,0.000126,0.057603,0.000200,-0.000153,-0.000108,0.007969,57.800000,0.000000,0.001171,0.000078,0.000116,-0.000055,-0.000040,-0.000001,
0.040000,24.515948,24.515948,1.000000,24.512789,24.512789,0.000000,52.400000,1.000000,0.682400,-0.000145,0.000114,0.057731,0.000317,-0.000153,0.000649,0.008851,57.900000,0.000000,0.001135,0.000033,-0.000009,0.000064,0.000610,-0.000105,
0.040000,24.515788,24.515788,1.000000,24.512749,24.512749,0.000000,52.500000,1.000000,0.688400,0.000032,0.000115,0.057579,0.000360,-0.000137,-0.000171,0.007291,58.000000,0.000000,0.001138,0.000056,0.000141,-0.000051,-0.000721,-0.000039,
0.040000,24.516034,24.516034,1.000000,24.520718,24.520718,0.000000,52.600000,1.000000,0.684000,-0.000255,0.000056,0.058591,0.000092,-0.000148,0.001292,0.008152,58.100000,0.000000,0.001086,0.000063,-0.000024,-0.000009,0.000822,0.000088,
0.040000,24.516172,24.516172,1.000000,24.518780,24.518780,0.000000,52.700000,1.000000,0.689200,-0.000071,0.000074,0.057865,0.000272,-0.000133,0.000340,0.009014,58.200000,0.000000,0.001264,0.000009,0.000265,-0.000371,-0.001462,-0.000038,
0.040000,24.516018,24.516018,1.000000,24.513103,24.513103,0.000000,52.800000,1.000000,0.692000,-0.000130,0.000081,0.058369,0.000382,-0.000124,0.000673,0.007126,58.300000,0.000000,0.001096,0.000044,0.000072,-0.000032,0.000581,0.000078,
0.040000,24.515873,24.515873,1.000000,24.513103,24.513103,0.000000,52.900000,1.000000,0.696800,-0.000026,0.000135,0.058342,0.000316,-0.000141,-0.000057,0.008542,58.400000,0.000000,0.001174,0.000065,0.000136,0.000034,-0.000142,0.000088,
0.040000,24.515739,24.515739,1.000000,24.513205,24.513205,0.000000,53.000000,1.000000,0.681200,-0.000097,0.000091,0.058555,0.000161,-0.000161,0.000382,0.006439,58.500000,0.000000,0.001145,0.000051,-0.000010,0.000347,0.000584,-0.000071,
0.040000,24.515614,24.515614,0.000000,24.513237,24.513237,0.000000,53.100000,0.000000,0.680000,-0.000101,0.000117,0.058732,0.000280,-0.000144,0.000421,0.008433,58.600000,0.000000,0.001165,0.000019,0.000077,-0.000139,-0.000212,-0.000155,
0.040000,24.515747,24.515747,1.000000,24.518267,24.518267,0.000000,53.200000,1.000000,0.688400,-0.000008,0.000096,0.058624,0.000279,-0.000144,0.000107,0.006886,58.700000,0.000000,0.001177,0.000042,0.000083,0.000106,-0.000104,0.000052,
0.040000,24.515632,24.515632,1.000000,24.513458,24.513458,0.000000,53.300000,1.000000,0.689600,-0.000184,0.000116,0.059159,0.000249,-0.000148,0.000581,0.007282,58.800000,0.000000,0.001132,0.000041,0.000019,-0.000087,0.000529,0.000016,
0.040000,24.515819,24.515819,1.000000,24.519363,24.519363,0.000000,53.400000,1.000000,0.694800,-0.000140,0.000053,0.058826,0.000194,-0.000146,0.000640,0.006473,58.900000,0.000000,0.001215,0.000034,0.000112,0.000086,-0.000882,-0.000020,
0.040000,24.515708,24.515708,0.000000,24.513609,24.513609,0.000000,53.500000,0.000000,0.691600,0.000052,0.000085,0.058508,0.000345,-0.000146,-0.000256,0.007823,59.000000,0.000000,0.001126,0.000023,0.000122,-0.000357,-0.000067,0.000006,
0.040000,24.515603,24.515603,1.000000,24.513605,24.513605,0.000000,53.600000,1.000000,0.685600,-0.000003,0.000081,0.059040,0.000191,-0.000151,-0.000040,0.008340,59.100000,0.000000,0.001041,0.000052,-0.000057,0.000063,0.001163,0.000003,
0.040000,24.515513,24.515513,0.000000,24.513805,24.513805,0.000000,53.700000,0.000000,0.689200,-0.000103,0.000042,0.059456,0.000005,-0.000162,0.000263,0.007677,59.200000,0.000000,0.001125,0.000021,-0.000014,-0.000002,0.000104,-0.000033,
0.040000,24.515756,24.515756,1.000000,24.520359,24.520359,0.000000,53.800000,1.000000,0.699200,0.000010,0.000080,0.059090,0.000170,-0.000148,0.000039,0.009930,59.300000,0.000000,0.001185,-0.000016,0.000046,-0.000241,-0.000577,-0.000077,
0.040000,24.515918,24.515918,0.000000,24.518997,24.518997,0.000000,53.900000,0.000000,0.686800,-0.000045,0.000111,0.059753,0.000270,-0.000149,-0.000048,0.006474,59.400000,0.000000,0.001089,0.000017,0.000001,0.000145,0.000477,0.000055,
0.040000,24.515816,24.515816,0.000000,24.513887,24.513887,0.000000,54.000000,0.000000,0.680800,0.000024,0.000079,0.059431,0.000280,-0.000149,-0.000022,0.007012,59.500000,0.000000,0.001199,0.000036,-0.000016,0.000244,-0.000158,0.000018,
0.040000,24.516110,24.516110,1.000000,24.521688,24.521688,0.000000,54.100000,1.000000,0.681200,-0.000029,0.000086,0.059793,0.000281,-0.000144,0.000198,0.009000,59.600000,0.000000,0.001112,0.000037,-0.000010,-0.000102,0.000368,0.000003,
0.040000,24.516291,24.516291,1.000000,24.519737,24.519737,0.000000,54.200000,1.000000,0.682400,-0.000005,0.000115,0.059577,0.000283,-0.000155,-0.000043,0.009461,59.700000,0.000000,0.001161,0.000037,0.000033,0.000004,-0.000191,0.000032,
0.040000,24.516531,24.516531,1.000000,24.521082,24.521082,0.000000,54.300000,1.000000,0.675200,0.000049,0.000101,0.059627,0.000227,-0.000147,-0.000216,0.008207,59.800000,0.000000,0.001095,0.000036,-0.000015,0.000182,0.000078,-0.000054,
0.040000,24.516713,24.516713,1.000000,24.520174,24.520174,0.000000,54.400000,1.000000,0.684800,-0.000068,0.000076,0.060055,0.000332,-0.000142,0.000119,0.007379,59.900000,0.000000,0.001084,0.000025,-0.000049,-0.000018,0.000362,0.000032,
0.040000,24.516863,24.516863,1.000000,24.519724,24.519724,0.000000,54.500000,1.000000,0.692000,0.000023,0.000119,0.059773,0.000185,-0.000152,-0.000145,0.007972,60.000000,0.000000,0.001147,0.000045,0.000018,-0.000163,-0.000584,0.000042,
0.040000,24.517068,24.517068,1.000000,24.520958,24.520958,0.000000,54.600000,1.000000,0.678800,0.000030,0.000115,0.059954,0.000371,-0.000133,-0.000209,0.007870,60.100000,0.000000,0.001069,0.000015,-0.000034,0.000205,0.000341,-0.000048,
0.040000,24.517183,24.517183,1.000000,24.519365,24.519365,0.000000,54.700000,1.000000,0.695200,-0.000020,0.000096,0.060083,0.000264,-0.000146,0.000071,0.006500,60.200000,0.000000,0.001083,0.000051,-0.000046,0.000054,0.000170,0.000103,
0.040000,24.517422,24.517422,1.000000,24.521971,24.521971,0.000000,54.800000,1.000000,0.691600,-0.000054,0.000128,0.060448,0.000269,-0.000156,0.000015,0.007314,60.300000,0.000000,0.001087,0.000029,0.000010,-0.000095,-0.000242,-0.000045,
0.040000,24.517625,24.517625,1.000000,24.521484,24.521484,0.000000,54.900000,1.000000,0.684400,-0.000086,0.000098,0.060658,0.000350,-0.000140,0.000325,0.007131,60.400000,0.000000,0.001138,0.000030,-0.000001,0.000160,-0.000301,-0.000077,
0.040000,24.517835,24.517835,1.000000,24.521807,24.521807,0.000000,55.000000,1.000000,0.687200,0.000039,0.000118,0.060442,0.000230,-0.000160,-0.000303,0.009543,60.500000,0.000000,0.001157,0.000045,0.000060,-0.000127,-0.000317,0.000067,
0.040000,24.518056,24.518056,1.000000,24.522266,24.522266,0.000000,55.100000,1.000000,0.686000,-0.000050,0.000145,0.060673,0.000249,-0.000158,0.000088,0.009975,60.600000,0.000000,0.001091,0.000021,-0.000065,0.000077,0.000655,-0.000096,
0.040000,24.517894,24.517894,0.000000,24.514818,24.514818,0.000000,55.200000,0.000000,0.684800,-0.000040,0.000119,0.060589,0.000345,-0.000140,0.000358,0.007670,60.700000,0.000000,0.001115,0.000024,0.000013,0.000198,-0.000301,-0.000024,
0.040000,24.518106,24.518106,1.000000,24.522123,24.522123,0.000000,55.300000,1.000000,0.692800,-0.000032,0.000091,0.060841,0.000218,-0.000152,0.000114,0.007276,60.800000,0.000000,0.001077,0.000042,0.000066,-0.000089,-0.000052,0.000101,
0.040000,24.518203,24.518203,1.000000,24.520052,24.520052,0.000000,55.400000,1.000000,0.681600,0.000029,0.000121,0.060693,0.000468,-0.000127,-0.000095,0.010264,60.900000,0.000000,0.001105,0.000016,0.000017,-0.000206,0.000031,-0.000037,
0.040000,24.518047,24.518047,0.000000,24.515081,24.515081,0.000000,55.600000,0.000000,0.688800,-0.000008,0.000101,0.061100,0.000209,-0.000149,0.000045,0.006791,61.100000,0.000000,0.001054,0.000066,-0.000025,0.000110,0.000386,0.000145,
0.040000,24.518186,24.518186,0.000000,24.520821,24.520821,0.000000,55.700000,0.000000,0.674400,-0.000002,0.000075,0.061315,0.000217,-0.000140,-0.000097,0.008392,61.200000,0.000000,0.001114,0.000013,0.000003,-0.000082,-0.000083,-0.000082,
0.040000,24.518338,24.518338,1.000000,24.521225,24.521225,0.000000,55.800000,1.000000,0.680000,-0.000029,0.000060,0.061442,0.000128,-0.000150,0.000088,0.006961,61.300000,0.000000,0.001111,0.000015,-0.000053,-0.000126,0.000023,0.000038,
0.040000,24.518192,24.518192,1.000000,24.515423,24.515423,0.000000,55.900000,1.000000,0.695200,-0.000179,0.000115,0.062035,0.000251,-0.000145,0.000375,0.006590,61.400000,0.000000,0.001114,-0.000003,-0.000015,-0.000139,-0.000137,-0.000041,
0.040000,24.518405,24.518405,0.000000,24.522448,24.522448,0.000000,56.000000,0.000000,0.689200,-0.000075,0.000086,0.061768,0.000198,-0.000157,0.000205,0.008283,61.500000,0.000000,0.001209,0.000022,0.000041,0.000274,-0.000963,0.000018,
0.040000,24.518550,24.518550,1.000000,24.521309,24.521309,0.000000,56.100000,1.000000,0.686800,-0.000042,0.000077,0.061852,0.000194,-0.000155,-0.000047,0.006068,61.600000,0.000000,0.001132,0.000011,0.000007,-0.000072,0.000272,-0.000069,
0.040000,24.518621,24.518621,1.000000,24.519970,24.519970,0.000000,56.200000,1.000000,0.680000,-0.000154,0.000008,0.061713,0.000208,-0.000142,0.000755,0.008438,61.700000,0.000000,0.001126,0.000010,-0.000043,-0.000079,0.000307,-0.000013,
0.040000,24.518472,24.518472,0.000000,24.515654,24.515654,0.000000,56.300000,0.000000,0.697600,-0.000097,0.000044,0.061904,0.000122,-0.000156,0.000336,0.007999,61.800000,0.000000,0.001077,0.000012,0.000116,-0.000458,-0.000579,0.000076,
0.040000,24.518657,24.518657,1.000000,24.522154,24.522154,0.000000,56.400000,1.000000,0.691600,-0.000019,0.000067,0.061809,0.000170,-0.000151,-0.000127,0.007501,61.900000,0.000000,0.001093,-0.000005,0.000031,0.000048,0.000135,-0.000057,
0.040000,24.518854,24.518854,0.000000,24.522606,24.522606,0.000000,56.500000,0.000000,0.692400,-0.000056,0.000083,0.062137,0.000252,-0.000154,-0.000006,0.009006,62.000000,0.000000,0.001053,0.000005,-0.000061,0.000158,0.000531,0.000009,
0.040000,24.519028,24.519028,0.000000,24.522335,24.522335,0.000000,56.600000,0.000000,0.695200,-0.000009,0.000075,0.062225,0.000154,-0.000160,-0.000115,0.006288,62.100000,0.000000,0.001097,0.000021,-0.000036,0.000162,-0.000026,-0.000018,
0.040000,24.518876,24.518876,1.000000,24.515991,24.515991,0.000000,56.700000,1.000000,0.694400,-0.000032,0.000065,0.062272,0.000150,-0.000148,0.000016,0.006410,62.200000,0.000000,0.001093,0.000001,-0.000056,0.000010,0.000284,-0.000040,
0.040000,24.518968,24.518968,0.000000,24.520714,24.520714,0.000000,56.800000,0.000000,0.676800,0.000023,0.000098,0.062431,0.000295,-0.000156,-0.000401,0.008245,62.300000,0.000000,0.001080,0.000000,-0.000029,-0.000056,-0.000034,0.000061,
0.040000,24.519085,24.519085,0.000000,24.521301,24.521301,0.000000,56.900000,0.000000,0.690000,-0.000035,0.000088,0.062492,0.000250,-0.000146,0.000078,0.007652,62.400000,0.000000,0.001090,0.000029,-0.000111,0.000179,0.000325,-0.000028,
0.040000,24.518941,24.518941,1.000000,24.516207,24.516207,0.000000,57.000000,1.000000,0.702000,-0.000048,0.000046,0.062631,0.000206,-0.000148,0.000050,0.006237,62.500000,0.000000,0.001081,0.000019,-0.000014,0.000010,-0.000233,0.000049,
0.040000,24.518808,24.518808,0.000000,24.516287,24.516287,0.000000,57.100000,0.000000,0.681200,0.000056,0.000093,0.062953,0.000245,-0.000162,-0.000466,0.007866,62.600000,0.000000,0.001087,0.000010,-0.000020,-0.000255,-0.000169,0.000006,
0.040000,24.518684,24.518684,0.000000,24.516321,24.516321,0.000000,57.300000,0.000000,0.690800,-0.000073,0.000011,0.062958,-0.000099,-0.000164,0.000406,0.006623,62.800000,0.000000,0.001129,0.000018,-0.000121,0.000193,0.000575,-0.000081,
0.040000,24.518806,24.518806,0.000000,24.521126,24.521126,0.000000,57.400000,0.000000,0.696400,-0.000006,0.000082,0.063074,0.000260,-0.000139,0.000085,0.009654,62.900000,0.000000,0.001108,-0.000050,0.000053,-0.000434,-0.000573,-0.000043,
0.040000,24.518941,24.518941,1.000000,24.521502,24.521502,0.000000,57.500000,1.000000,0.679200,-0.000011,0.000077,0.062966,0.000300,-0.000132,0.000161,0.008865,63.000000,0.000000,0.001066,0.000095,-0.000077,0.000314,0.000288,0.000114,
0.040000,24.519167,24.519167,1.000000,24.523470,24.523470,0.000000,57.600000,1.000000,0.680800,-0.000100,0.000128,0.063408,0.000407,-0.000145,0.000411,0.008697,63.100000,0.000000,0.001024,0.000101,-0.000060,0.000111,0.000098,0.000089,
0.040000,24.519360,24.519360,1.000000,24.523029,24.523029,0.000000,57.700000,1.000000,0.688800,-0.000089,0.000108,0.063756,0.000366,-0.000146,0.000393,0.007116,63.200000,0.000000,0.001091,0.000120,-0.000010,0.000356,-0.000505,-0.000040,
0.040000,24.519217,24.519217,1.000000,24.516487,24.516487,0.000000,57.800000,1.000000,0.691200,-0.000165,0.000095,0.063877,0.000352,-0.000142,0.000432,0.008623,63.300000,0.000000,0.001138,0.000109,-0.000013,0.000014,-0.000120,-0.000023,
0.040000,24.519346,24.519346,1.000000,24.521803,24.521803,0.000000,57.900000,1.000000,0.692400,-0.000104,0.000087,0.064121,0.000010,-0.000179,0.000552,0.009184,63.400000,0.000000,0.001139,0.000104,-0.000006,-0.000080,-0.000519,0.000015,
0.040000,24.519215,24.519215,1.000000,24.516731,24.516731,0.000000,58.200000,1.000000,0.685600,-0.000001,0.000107,0.064114,0.000220,-0.000174,-0.000178,0.008646,63.700000,0.000000,0.001165,0.000035,0.000018,-0.000080,0.000180,-0.000224,
0.040000,24.519112,24.519112,0.000000,24.517149,24.517149,0.000000,58.300000,0.000000,0.684400,-0.000109,0.000094,0.064468,0.000287,-0.000153,0.000495,0.007829,63.800000,0.000000,0.001141,0.000076,-0.000126,0.000095,0.000706,-0.000055,
0.040000,24.519011,24.519011,1.000000,24.517086,24.517086,0.000000,58.400000,1.000000,0.685200,-0.000022,0.000087,0.064423,0.000295,-0.000151,0.000124,0.007861,63.900000,0.000000,0.001147,0.000101,0.000285,-0.000042,-0.000348,0.000069,
0.040000,24.518929,24.518929,1.000000,24.517370,24.517370,0.000000,58.500000,1.000000,0.682800,-0.000085,0.000074,0.064780,0.000282,-0.000149,0.000453,0.006818,64.000000,0.000000,0.001116,0.000101,0.000208,-0.000054,0.000292,0.000042,
0.040000,24.519229,24.519229,1.000000,24.524935,24.524935,0.000000,58.599999,1.000000,0.680400,-0.000157,0.000086,0.064752,0.000171,-0.000162,0.000548,0.006507,64.100000,0.000000,0.001164,0.000097,0.000267,-0.000101,-0.000263,0.000029,
0.040000,24.519139,24.519139,1.000000,24.517441,24.517441,0.000000,58.700000,1.000000,0.688000,-0.000095,0.000064,0.064800,0.000250,-0.000155,0.000387,0.010038,64.200000,0.000000,0.001136,0.000073,0.000281,0.000034,-0.000544,-0.000064,
0.040000,24.519062,24.519062,1.000000,24.517599,24.517599,0.000000,58.800000,1.000000,0.691200,-0.000085,0.000094,0.064712,0.000153,-0.000162,0.000247,0.006995,64.300000,0.000000,0.001123,0.000087,0.000244,-0.000124,0.000172,0.000019,
0.040000,24.518989,24.518989,1.000000,24.517597,24.517597,0.000000,58.900000,1.000000,0.690800,-0.000192,0.000085,0.065359,0.000330,-0.000144,0.000571,0.007683,64.400000,0.000000,0.001084,0.000067,0.000212,0.000142,0.000129,-0.000041,
0.040000,24.518921,24.518921,1.000000,24.517622,24.517622,0.000000,59.000000,1.000000,0.684000,-0.000185,0.000119,0.065330,0.000313,-0.000152,0.000614,0.007399,64.500000,0.000000,0.001189,0.000100,0.000271,-0.000007,-0.000612,0.000096,
0.040000,24.519236,24.519236,1.000000,24.525230,24.525230,0.000000,59.099999,1.000000,0.693600,-0.000123,0.000120,0.065286,0.000349,-0.000151,0.000481,0.007963,64.600000,0.000000,0.001160,0.000094,0.000274,0.000208,-0.000194,-0.000013,
0.040000,24.519145,24.519145,1.000000,24.517420,24.517420,0.000000,59.200000,1.000000,0.680800,-0.000133,0.000131,0.065356,0.000476,-0.000136,0.000367,0.008341,64.700000,0.000000,0.001129,0.000100,0.000243,0.000088,0.000310,0.000003,
0.040000,24.519079,24.519079,0.000000,24.517811,24.517811,0.000000,59.300000,0.000000,0.692400,-0.000130,0.000038,0.065519,0.000214,-0.000148,0.000497,0.008849,64.800000,0.000000,0.001121,0.000122,0.000216,0.000104,0.000060,0.000095,
0.040000,24.519360,24.519360,1.000000,24.524710,24.524710,0.000000,59.400000,1.000000,0.698400,-0.000050,0.000083,0.065665,0.000348,-0.000147,0.000126,0.006925,64.900000,0.000000,0.001131,0.000069,0.000237,-0.000536,0.000041,-0.000041,
0.040000,24.519520,24.519520,1.000000,24.522554,24.522554,0.000000,59.500000,1.000000,0.694800,-0.000092,0.000161,0.065861,0.000507,-0.000138,-0.000104,0.008360,65.000000,0.000000,0.001137,0.000094,0.000160,0.000074,0.000512,-0.000007,
0.040000,24.519711,24.519711,0.000000,24.523342,24.523342,0.000000,59.599999,0.000000,0.686400,-0.000013,0.000102,0.065343,0.000290,-0.000158,-0.000043,0.010363,65.100000,0.000000,0.001153,0.000123,0.000112,0.000511,-0.000064,0.000050,
0.040000,24.519945,24.519945,0.000000,24.524395,24.524395,0.000000,59.700000,0.000000,0.690000,-0.000021,0.000080,0.065759,0.000450,-0.000128,-0.000011,0.008768,65.200000,0.000000,0.001030,0.000078,0.000122,-0.000174,0.000460,-0.000104,
0.040000,24.520103,24.520103,0.000000,24.523102,24.523102,0.000000,59.800000,0.000000,0.690800,-0.000061,0.000054,0.065619,0.000238,-0.000150,0.000357,0.006809,65.300000,0.000000,0.001091,0.000108,0.000126,-0.000202,0.000129,0.000145,
0.040000,24.520297,24.520297,1.000000,24.523983,24.523983,0.000000,59.900000,1.000000,0.688800,-0.000018,0.000057,0.066025,0.000161,-0.000172,-0.000151,0.006514,65.400000,0.000000,0.001042,0.000065,0.000195,-0.000236,-0.000199,-0.000078,
0.040000,24.520202,24.520202,1.000000,24.518389,24.518389,0.000000,60.000000,1.000000,0.691200,-0.000122,0.000116,0.066397,0.000412,-0.000147,0.000201,0.007457,65.500000,0.000000,0.001101,0.000048,0.000092,-0.000073,0.000193,-0.000163,
0.040000,24.520347,24.520347,0.000000,24.523113,24.523113,0.000000,60.099999,0.000000,0.682000,-0.000017,0.000101,0.066239,0.000254,-0.000151,-0.000006,0.007414,65.600000,0.000000,0.001152,0.000096,0.000159,0.000337,-0.000574,0.000092,
0.040000,24.520562,24.520562,0.000000,24.524643,24.524643,0.000000,60.200000,0.000000,0.704400,-0.000022,0.000079,0.066328,0.000430,-0.000140,-0.000060,0.007187,65.700000,0.000000,0.001099,0.000064,0.000116,0.000039,0.000434,0.000008,
0.040000,24.520819,24.520819,1.000000,24.525702,24.525702,0.000000,60.300000,1.000000,0.696000,0.000032,0.000092,0.066048,0.000541,-0.000128,-0.000287,0.007531,65.800000,0.000000,0.001095,0.000097,0.000103,-0.000126,0.000130,0.000070,
0.040000,24.521059,24.521059,1.000000,24.525616,24.525616,0.000000,60.400000,1.000000,0.686800,-0.000021,0.000135,0.066412,0.000438,-0.000145,-0.000008,0.007493,65.900000,0.000000,0.001019,0.000117,0.000056,0.000034,0.000385,0.000102,
0.040000,24.521100,24.521100,1.000000,24.521891,24.521891,0.000000,60.500000,1.000000,0.694800,0.000005,0.000123,0.066604,0.000432,-0.000152,-0.000170,0.007987,66.000000,0.000000,0.001070,0.000094,0.000110,0.000282,-0.000177,-0.000068,
0.040000,24.521232,24.521232,0.000000,24.523726,24.523726,0.000000,60.599999,0.000000,0.706800,0.000058,0.000115,0.066075,0.000626,-0.000119,-0.000397,0.010136,66.100000,0.000000,0.001086,0.000091,0.000076,0.000030,0.000093,-0.000067,
0.040000,24.521114,24.521114,1.000000,24.518879,24.518879,0.000000,60.700000,1.000000,0.690000,0.000012,0.000064,0.066542,0.000459,-0.000135,-0.000342,0.006549,66.200000,0.000000,0.000962,0.000127,0.000030,-0.000039,0.000364,0.000175,
0.040000,24.520995,24.520995,1.000000,24.518740,24.518740,0.000000,60.800000,1.000000,0.690800,-0.000130,0.000039,0.067490,0.000162,-0.000171,0.000465,0.007372,66.300000,0.000000,0.001034,0.000092,0.000040,-0.000331,-0.000149,-0.000027,
0.040000,24.521121,24.521121,0.000000,24.523510,24.523510,0.000000,60.900000,0.000000,0.708400,-0.000037,0.000105,0.067289,0.000413,-0.000138,-0.000145,0.008299,66.400000,0.000000,0.001200,0.000032,0.000198,-0.000276,-0.000931,-0.000237,
0.040000,24.521357,24.521357,0.000000,24.525835,24.525835,0.000000,61.000000,0.000000,0.709200,0.000004,0.000087,0.067123,0.000428,-0.000145,-0.000191,0.008783,66.500000,0.000000,0.001137,0.000081,0.000074,0.000300,0.000217,0.000114,
0.040000,24.521250,24.521250,1.000000,24.519215,24.519215,0.000000,61.200000,1.000000,0.711600,-0.000017,0.000061,0.067181,0.000252,-0.000150,-0.000192,0.006656,66.700000,0.000000,0.001082,0.000082,0.000064,0.000001,0.000338,0.000002,
0.040000,24.521153,24.521153,0.000000,24.519321,24.519321,0.000000,61.300000,0.000000,0.706800,0.000051,0.000079,0.066661,0.000515,-0.000121,-0.000358,0.006597,66.800000,0.000000,0.001072,0.000046,0.000062,-0.000158,-0.000004,-0.000033,
0.040000,24.521070,24.521070,0.000000,24.519485,24.519485,0.000000,61.400000,0.000000,0.710800,-0.000009,0.000031,0.067380,0.000273,-0.000138,-0.000052,0.006352,66.900000,0.000000,0.000785,0.000145,-0.000007,0.000080,0.000323,0.000139,
0.040000,24.521320,24.521320,0.000000,24.526068,24.526068,0.000000,61.500000,0.000000,