"ADAPTIVE_THRESHOLD_SIGMA","ESTIMATED_OBSERVATION_RADIUS","ESTIMATED_SENSOR_MAX_RANGE","ICP_ITERATION","INSTANTANEOUS_OBSERVATION_RADIUS","INSTANTANEOUS_SENSOR_MAX_RANGE","SENSOR_TIME_OFFSET","current_relative_timestamp","icp_iterations","icp_quality","robot_pitch","robot_roll","robot_x","robot_y","robot_yaw","robot_z","time_onLidar","timestamp","twistCorrectionCount","vx","vy","vz","wx","wy","wz",
0.200000,25.130789,25.130789,0.000000,20.000000,20.000000,0.000000,0.000000,0.000000,0.000000,0.000000,0.000000,0.000000,0.000000,0.000000,0.000000,0.000000,36.500000,0.000000,0.000000,0.000000,0.000000,0.000000,0.000000,0.000000,
0.200000,25.129935,25.129935,1.000000,25.113710,25.113710,0.000000,0.100000,1.000000,0.987600,0.000128,-0.000146,0.000318,-0.000505,0.000004,0.000782,0.013104,36.600000,0.000000,0.000000,0.000000,0.000000,0.000000,0.000000,0.000000,
0.197500,25.128972,25.128972,0.000000,25.110668,25.110668,0.000000,0.200000,0.000000,0.996400,0.000128,-0.000146,0.000318,-0.000505,0.000004,0.000782,0.010308,36.700000,0.000000,0.000000,0.000000,0.000000,0.000000,0.000000,0.000000,
0.195000,25.128592,25.128592,0.000000,25.121380,25.121380,0.000000,0.300000,0.000000,0.996800,-0.000073,-0.000062,0.000483,-0.000352,0.000009,-0.000408,0.012991,36.800000,0.000000,0.000000,0.000000,0.000000,0.000000,0.000000,0.000000,
0.192500,25.128398,25.128398,0.000000,25.124708,25.124708,0.000000,0.400000,0.000000,0.995600,-0.000004,-0.000088,0.000596,-0.000347,-0.000017,-0.000011,0.007749,36.900000,0.000000,0.000000,0.000000,0.000000,0.000000,0.000000,0.000000,
0.190000,25.127570,25.127570,1.000000,25.111837,25.111837,0.000000,0.500000,1.000000,0.994400,0.000037,-0.000042,0.000621,-0.000266,-0.000004,0.000092,0.006627,37.000000,0.000000,0.000000,0.000000,0.000000,0.000000,0.000000,0.000000,
0.187500,25.127263,25.127263,0.000000,25.121439,25.121439,0.000000,0.600000,0.000000,0.994000,0.000202,-0.000052,0.000477,-0.000309,-0.000006,0.001088,0.008290,37.100000,0.000000,0.000000,0.000000,0.000000,0.000000,0.000000,0.000000,
0.185000,25.127081,25.127081,0.000000,25.123621,25.123621,0.000000,0.900000,0.000000,0.993600,0.000060,-0.000064,0.000571,-0.000174,-0.000019,0.000224,0.007358,37.400000,0.000000,0.000000,0.000000,0.000000,0.000000,0.000000,0.000000,
0.182500,25.126495,25.126495,0.000000,25.115356,25.115356,0.000000,1.100000,0.000000,0.992800,0.000020,-0.000072,0.001247,-0.000098,-0.000037,-0.000028,0.007765,37.600000,0.000000,0.000952,-0.000291,0.000373,-0.000106,0.000100,-0.000031,
0.180000,25.126352,25.126352,1.000000,25.123634,25.123634,0.000000,1.200000,1.000000,0.992800,0.000045,-0.000046,0.001455,-0.000326,-0.000007,0.000320,0.007238,37.700000,0.000000,0.001239,-0.000171,0.000106,-0.000028,-0.000131,-0.000062,
0.177500,25.125718,25.125718,0.000000,25.113680,25.113680,0.000000,1.300000,0.000000,0.994400,0.000132,-0.000030,0.001319,-0.000014,-0.000030,0.000612,0.007799,37.800000,0.000000,0.001220,-0.000262,0.000260,0.000121,0.000110,0.000142,
0.175000,25.125403,25.125403,1.000000,25.119408,25.119408,0.000000,1.400000,1.000000,0.992800,0.000002,0.000005,0.001229,0.000133,-0.000031,-0.000151,0.006854,37.900000,0.000000,0.001159,-0.000183,0.000323,0.000140,0.000531,-0.000069,
0.172500,25.125214,25.125214,1.000000,25.121634,25.121634,0.000000,1.500000,1.000000,0.994400,0.000180,-0.000057,0.001857,-0.000439,0.000012,0.000775,0.008197,38.000000,0.000000,0.001111,-0.000145,0.000137,0.000268,-0.000586,-0.000029,
0.170000,25.125015,25.125015,1.000000,25.121231,25.121231,0.000000,1.600000,1.000000,0.997600,0.000199,-0.000107,0.001905,-0.000463,-0.000018,0.001121,0.009703,38.100000,0.000000,0.001231,-0.000273,0.000348,-0.000282,0.000875,0.000252,
0.167500,25.124968,25.124968,1.000000,25.124079,25.124079,0.000000,1.700000,1.000000,0.989600,0.000116,-0.000113,0.001610,-0.000356,-0.000029,0.000639,0.009426,38.200000,0.000000,0.001214,-0.000273,0.000420,-0.000415,0.000451,-0.000086,
0.165000,25.124667,25.124667,0.000000,25.118935,25.118935,0.000000,1.800000,0.000000,0.990800,0.000060,-0.000090,0.002101,-0.000240,-0.000020,0.000169,0.008421,38.300000,0.000000,0.001118,-0.000242,0.000300,-0.000193,-0.000337,-0.000106,
0.162500,25.124740,25.124740,1.000000,25.126135,25.126135,0.000000,1.900000,1.000000,0.992800,-0.000015,-0.000089,0.002275,-0.000383,-0.000014,-0.000148,0.007636,38.400000,0.000000,0.001205,-0.000210,0.000186,0.000068,-0.000478,0.000018,
0.160000,25.123973,25.123973,0.000000,25.109400,25.109400,0.000000,2.100000,0.000000,0.984000,0.000242,-0.000073,0.002086,-0.000142,-0.000035,0.001263,0.007164,38.600000,0.000000,0.001217,-0.000238,0.000111,0.000029,-0.000644,0.000043,
0.157500,25.123518,25.123518,1.000000,25.114870,25.114870,0.000000,2.400000,1.000000,0.983600,0.000081,-0.000056,0.002562,0.000037,-0.000040,0.000354,0.006747,38.900000,0.000000,0.001147,-0.000178,0.000425,0.000111,0.001339,-0.000111,
0.155000,25.123461,25.123461,0.000000,25.122381,25.122381,0.000000,2.500000,0.000000,0.985600,0.000096,-0.000109,0.002981,-0.000394,-0.000022,0.000654,0.007319,39.000000,0.000000,0.001255,-0.000084,-0.000011,0.000088,-0.000696,-0.000030,
0.152500,25.123721,25.123721,1.000000,25.128653,25.128653,0.000000,2.600000,1.000000,0.981600,0.000046,-0.000063,0.002876,-0.000135,-0.000012,0.000223,0.006413,39.100000,0.000000,0.001282,-0.000337,0.000178,-0.000174,0.000042,0.000057,
0.150000,25.123729,25.123729,1.000000,25.123898,25.123898,0.000000,2.700000,1.000000,0.971200,0.000212,-0.000079,0.002802,-0.000295,-0.000008,0.001167,0.006854,39.200000,0.000000,0.001233,-0.000276,0.000085,0.000159,-0.000245,0.000083,
0.147500,25.123429,25.123429,1.000000,25.117727,25.117727,0.000000,2.800000,1.000000,0.979600,0.000088,-0.000094,0.003342,-0.000439,-0.000014,0.000511,0.009006,39.300000,0.000000,0.001192,-0.000303,0.000278,-0.000035,0.000906,0.000056,
0.145000,25.123296,25.123296,1.000000,25.120766,25.120766,0.000000,2.900000,1.000000,0.970400,0.000095,-0.000143,0.003335,-0.000347,-0.000026,0.000503,0.007811,39.400000,0.000000,0.001279,-0.000327,0.000137,-0.000105,-0.000412,-0.000015,
0.142500,25.122970,25.122970,0.000000,25.116764,25.116764,0.000000,3.100000,0.000000,0.969200,0.000118,-0.000086,0.003554,-0.000168,-0.000008,0.000354,0.007440,39.600000,0.000000,0.001252,-0.000301,0.000133,-0.000344,-0.000117,-0.000079,
0.140000,25.122125,25.122125,1.000000,25.106079,25.106079,0.000000,3.200000,1.000000,0.960000,0.000086,-0.000027,0.003619,-0.000046,-0.000023,0.000368,0.007548,39.700000,0.000000,0.001271,-0.000258,0.000099,0.000220,0.000101,0.000078,
0.137500,25.121642,25.121642,1.000000,25.112461,25.112461,0.000000,3.300000,1.000000,0.953200,0.000131,-0.000100,0.003623,-0.000291,-0.000034,0.000776,0.010324,39.800000,0.000000,0.001194,-0.000187,0.000097,0.000293,-0.000147,-0.000066,
0.135000,25.121151,25.121151,1.000000,25.111830,25.111830,0.000000,3.400000,1.000000,0.968000,0.000138,-0.000125,0.003668,-0.000384,-0.000011,0.000712,0.010888,39.900000,0.000000,0.001170,-0.000233,0.000178,-0.000273,0.000184,-0.000090,
0.132500,25.121235,25.121235,0.000000,25.122818,25.122818,0.000000,3.500000,0.000000,0.948800,0.000166,-0.000131,0.004002,-0.000474,-0.000028,0.000955,0.009153,40.000000,0.000000,0.001156,-0.000248,0.000161,-0.000261,0.000111,0.000103,
0.130000,25.121580,25.121580,1.000000,25.128143,25.128143,0.000000,3.600000,1.000000,0.949200,0.000010,-0.000066,0.003957,-0.000266,-0.000036,-0.000061,0.009541,40.100000,0.000000,0.001200,-0.000261,0.000207,-0.000134,0.000219,-0.000061,
0.127500,25.121877,25.121877,1.000000,25.127529,25.127529,0.000000,3.700000,1.000000,0.948800,0.000151,-0.000069,0.004167,-0.000215,-0.000042,0.000800,0.007526,40.200000,0.000000,0.001166,-0.000213,-0.000003,0.000353,-0.000882,-0.000073,
0.125000,25.122075,25.122075,1.000000,25.125826,25.125826,0.000000,3.800000,1.000000,0.965200,0.000049,-0.000115,0.004433,-0.000283,-0.000052,0.000226,0.007701,40.300000,0.000000,0.001185,-0.000199,0.000172,0.000113,0.000533,-0.000070,
0.122500,25.121815,25.121815,1.000000,25.116880,25.116880,0.000000,3.900000,1.000000,0.942800,0.000152,-0.000115,0.004380,-0.000406,-0.000037,0.000975,0.007070,40.400000,0.000000,0.001215,-0.000208,0.000052,-0.000242,-0.000426,-0.000089,
0.120000,25.121337,25.121337,0.000000,25.112247,25.112247,0.000000,4.000000,0.000000,0.938000,0.000097,-0.000077,0.004698,-0.000207,-0.000040,0.000513,0.008170,40.500000,0.000000,0.001180,-0.000229,0.000202,-0.000087,0.000472,0.000064,
0.117500,25.121241,25.121241,1.000000,25.119419,25.119419,0.000000,4.100000,1.000000,0.946800,0.000005,-0.000081,0.004832,-0.000327,-0.000024,0.000024,0.007481,40.600000,0.000000,0.001221,-0.000184,0.000105,0.000195,-0.000155,0.000003,
0.115000,25.121309,25.121309,1.000000,25.122601,25.122601,0.000000,4.200000,1.000000,0.951600,0.000062,-0.000109,0.004843,-0.000352,-0.000031,0.000344,0.007443,40.700000,0.000000,0.001223,-0.000205,0.000004,0.000050,-0.000633,0.000102,
0.112500,25.120957,25.120957,1.000000,25.114275,25.114275,0.000000,4.300000,1.000000,0.948800,0.000163,-0.000053,0.004740,-0.000143,-0.000045,0.000935,0.008174,40.800000,0.000000,0.001200,-0.000206,0.000068,-0.000152,0.000116,-0.000003,
0.110000,25.120508,25.120508,0.000000,25.111973,25.111973,0.000000,4.400000,0.000000,0.958000,0.000127,-0.000074,0.004852,-0.000135,-0.000047,0.000705,0.008175,40.900000,0.000000,0.001156,-0.000159,0.000186,0.000286,0.000663,-0.000090,
0.107500,25.120448,25.120448,0.000000,25.119305,25.119305,0.000000,4.500000,0.000000,0.939200,0.000020,-0.000066,0.005054,-0.000208,-0.000046,0.000192,0.007176,41.000000,0.000000,0.001155,-0.000155,0.000136,-0.000020,0.000035,-0.000045,
0.105000,25.120259,25.120259,1.000000,25.116663,25.116663,0.000000,4.600000,1.000000,0.946400,0.000054,-0.000066,0.005178,-0.000229,-0.000042,0.000386,0.008634,41.100000,0.000000,0.001172,-0.000166,0.000030,0.000041,-0.000652,-0.000013,
0.102500,25.120255,25.120255,1.000000,25.120186,25.120186,0.000000,4.700000,1.000000,0.943200,0.000107,-0.000084,0.005185,-0.000342,-0.000036,0.000526,0.008332,41.200000,0.000000,0.001174,-0.000167,0.000069,0.000020,-0.000039,0.000020,
0.100000,25.119827,25.119827,1.000000,25.111689,25.111689,0.000000,4.800000,1.000000,0.942800,0.000082,-0.000086,0.005457,-0.000356,-0.000035,0.000460,0.008252,41.300000,0.000000,0.001151,-0.000186,0.000095,-0.000108,0.000314,0.000044,
0.097500,25.119643,25.119643,1.000000,25.116150,25.116150,0.000000,4.900000,1.000000,0.932800,0.000063,-0.000095,0.005507,-0.000349,-0.000020,0.000516,0.007295,41.400000,0.000000,0.001183,-0.000185,0.000080,-0.000049,-0.000036,0.000024,
0.095000,25.119683,25.119683,1.000000,25.120438,25.120438,0.000000,5.100000,1.000000,0.923200,0.000054,-0.000092,0.005636,-0.000373,-0.000039,0.000198,0.007482,41.600000,0.000000,0.001169,-0.000180,0.000090,-0.000077,-0.000127,0.000102,
0.092500,25.119564,25.119564,0.000000,25.117306,25.117306,0.000000,5.200000,0.000000,0.909600,0.000068,-0.000099,0.005970,-0.000558,-0.000017,0.000376,0.008767,41.700000,0.000000,0.001172,-0.000182,0.000024,-0.000010,-0.000103,-0.000075,
0.090000,25.119461,25.119461,1.000000,25.117508,25.117508,0.000000,5.300000,1.000000,0.910400,0.000062,-0.000069,0.006187,-0.000300,-0.000022,0.000429,0.007491,41.800000,0.000000,0.001211,-0.000241,0.000093,-0.000032,0.000060,0.000099,
0.087500,25.119579,25.119579,1.000000,25.121824,25.121824,0.000000,5.400000,1.000000,0.894000,0.000135,-0.000110,0.006122,-0.000323,-0.000031,0.000693,0.008403,41.900000,0.000000,0.001231,-0.000185,0.000102,0.000149,-0.000009,0.000017,
0.085000,25.119829,25.119829,0.000000,25.124571,25.124571,0.000000,5.500000,0.000000,0.892800,0.000090,-0.000105,0.006335,-0.000426,-0.000032,0.000503,0.007370,42.000000,0.000000,0.001193,-0.000185,0.000153,-0.000188,0.000444,-0.000052,
0.082500,25.119765,25.119765,0.000000,25.118549,25.118549,0.000000,5.600000,0.000000,0.868800,0.000028,-0.000063,0.006549,-0.000404,-0.000035,0.000216,0.006852,42.100000,0.000000,0.001212,-0.000202,0.000112,-0.000046,-0.000110,-0.000022,
0.080000,25.120030,25.120030,1.000000,25.125074,25.125074,0.000000,5.700000,1.000000,0.866000,0.000019,-0.000083,0.006924,-0.000381,-0.000026,0.000240,0.007251,42.200000,0.000000,0.001230,-0.000194,0.000052,0.000241,-0.000423,-0.000028,
0.077500,25.119573,25.119573,1.000000,25.110893,25.110893,0.000000,5.900000,1.000000,0.852800,0.000115,-0.000090,0.006891,-0.000403,-0.000033,0.000802,0.006583,42.400000,0.000000,0.001280,-0.000185,0.000056,-0.000027,-0.000217,0.000046,
0.075000,25.119707,25.119707,1.000000,25.122238,25.122238,0.000000,6.000000,1.000000,0.843200,0.000213,-0.000094,0.006941,-0.000257,-0.000036,0.001342,0.007138,42.500000,0.000000,0.001248,-0.000186,0.000167,-0.000054,0.000507,-0.000026,
0.072500,25.119724,25.119724,1.000000,25.120049,25.120049,0.000000,6.100000,1.000000,0.797600,0.000195,-0.000089,0.006844,-0.000252,-0.000036,0.001172,0.006843,42.600000,0.000000,0.001169,-0.000114,0.000368,-0.000022,0.000495,-0.000015,
0.070000,25.119458,25.119458,0.000000,25.114420,25.114420,0.000000,6.200000,0.000000,0.790800,0.000084,-0.000103,0.006614,-0.000352,-0.000045,0.000502,0.006949,42.700000,0.000000,0.001127,-0.000110,0.000327,0.000020,0.000118,-0.000009,
0.067500,25.119546,25.119546,1.000000,25.121208,25.121208,0.000000,6.300000,1.000000,0.788000,0.000026,-0.000075,0.007217,-0.000320,-0.000047,0.000263,0.006406,42.800000,0.000000,0.001059,-0.000128,0.000187,-0.000083,-0.000625,-0.000059,
0.065000,25.119503,25.119503,1.000000,25.118679,25.118679,0.000000,6.400000,1.000000,0.754800,0.000154,-0.000079,0.006830,-0.000348,-0.000048,0.000898,0.009708,42.900000,0.000000,0.001157,-0.000119,0.000136,0.000146,-0.000600,-0.000035,
0.062500,25.119017,25.119017,1.000000,25.109781,25.109781,0.000000,6.500000,1.000000,0.748000,-0.000004,-0.000100,0.008909,-0.000097,-0.000089,-0.000016,0.007371,43.000000,0.000000,0.001058,-0.000122,0.000259,0.000026,0.000562,-0.000015,
0.060000,25.118631,25.118631,2.000000,25.111305,25.111305,0.000000,6.600000,2.000000,0.762000,0.000057,-0.000109,0.020128,0.003460,-0.000628,0.000565,0.006380,43.100000,0.000000,0.001449,-0.000070,0.000073,-0.000117,-0.000762,-0.000264,
0.057500,25.117257,25.117257,2.000000,25.091148,25.091148,0.000000,6.700000,2.000000,0.720000,-0.000107,-0.000128,0.053895,0.005286,-0.001278,0.000261,0.008737,43.200000,0.000000,0.003643,0.000636,0.000187,-0.000099,0.000085,-0.003428,
0.055000,25.115236,25.115236,3.000000,25.076849,25.076849,0.000000,6.800000,3.000000,0.637600,-0.000231,-0.000121,0.106242,0.009710,-0.002231,-0.000777,0.006980,43.300000,0.000000,0.010261,0.000990,0.000124,-0.000157,-0.000977,-0.005331,
0.052500,25.112044,25.112044,0.000000,25.051386,25.051386,0.000000,7.000000,0.000000,0.571600,-0.001178,-0.000403,0.339564,0.011567,-0.004507,0.000041,0.007928,43.500000,0.000000,0.795209,0.001580,0.005812,-0.001362,-0.001043,-0.006520,
0.050000,25.104222,25.104222,2.000000,24.955612,24.955612,0.000000,7.100000,2.000000,0.791200,-0.001178,-0.000403,0.339564,0.011567,-0.004507,0.000041,0.010752,43.600000,0.000000,0.034602,0.002232,-0.000249,0.000028,-0.005152,-0.009026,
0.047500,25.095441,25.095441,2.000000,24.928589,24.928589,0.000000,7.200000,2.000000,0.685600,-0.001214,-0.000406,0.418638,0.009903,-0.004832,0.000247,0.012644,43.700000,0.000000,0.094881,0.002241,0.000353,-0.001370,-0.001133,-0.006655,
0.045000,25.084963,25.084963,2.000000,24.885878,24.885878,0.000000,7.300000,2.000000,0.653200,-0.001372,-0.000378,0.580037,0.008295,-0.005165,-0.000815,0.009146,43.800000,0.000000,0.108609,0.001938,0.000368,-0.000633,-0.000708,-0.004770,
0.042500,25.072587,25.072587,2.000000,24.837444,24.837444,0.000000,7.400000,2.000000,0.783200,-0.001372,-0.000378,0.580037,0.008295,-0.005165,-0.000815,0.010558,43.900000,0.000000,0.122409,0.001930,0.000081,-0.000173,-0.003244,-0.003636,
0.040000,25.057901,25.057901,2.000000,24.778872,24.778872,0.000000,7.500000,2.000000,0.693600,-0.001606,-0.000394,0.661585,0.007198,-0.005092,-0.001529,0.016831,44.000000,0.000000,0.135897,0.001703,0.000104,0.000029,0.000788,-0.001660,
0.040000,25.041282,25.041282,2.000000,24.725533,24.725533,0.000000,7.600000,2.000000,0.644800,-0.001434,-0.000235,0.820834,0.006235,-0.004815,-0.000931,0.011139,44.100000,0.000000,0.149309,0.001536,-0.000062,-0.000087,-0.001140,-0.000180,
0.040000,25.022712,25.022712,2.000000,24.669872,24.669872,0.000000,7.700000,2.000000,0.780000,-0.001434,-0.000235,0.820834,0.006235,-0.004815,-0.000931,0.010123,44.200000,0.000000,0.162049,0.001595,-0.000110,-0.000080,-0.001934,-0.000341,
0.040000,25.003041,25.003041,2.000000,24.629299,24.629299,0.000000,7.800000,2.000000,0.708000,-0.001393,-0.000242,0.900392,0.006306,-0.004749,-0.000471,0.019220,44.300000,0.000000,0.174597,0.001445,0.000006,0.000998,0.001821,0.001849,
0.040000,24.980991,24.980991,7.000000,24.562038,24.562038,0.000000,8.100000,7.000000,0.351600,-0.001558,-0.000167,0.980423,0.005167,-0.004487,-0.001689,0.008280,44.600000,0.000000,0.186857,0.001506,0.000074,0.000338,0.000949,0.001119,
0.042500,24.952628,24.952628,3.000000,24.413727,24.413727,0.000000,8.200000,3.000000,0.643200,-0.002236,-0.000167,1.301986,0.004145,-0.003263,-0.002619,0.008423,44.700000,0.000000,2.071308,-0.001317,-0.012744,0.001189,-0.007747,0.004958,
0.040000,24.922545,24.922545,2.000000,24.350967,24.350967,0.000000,8.300000,2.000000,0.718000,-0.002236,-0.000167,1.301986,0.004145,-0.003263,-0.002619,0.014632,44.800000,0.000000,0.186295,0.000420,0.000209,-0.000153,0.002077,0.003594,
0.040000,24.891609,24.891609,2.000000,24.303831,24.303831,0.000000,8.400000,2.000000,0.682400,-0.002047,-0.000172,1.382443,0.003834,-0.002850,-0.002302,0.019882,44.900000,0.000000,0.237497,0.000659,-0.000159,0.000192,-0.005909,0.002445,
0.040000,24.858733,24.858733,3.000000,24.234076,24.234076,0.000000,8.500000,3.000000,0.664400,-0.002612,-0.000232,1.543903,0.003563,-0.002213,-0.003076,0.007640,45.000000,0.000000,0.248459,0.000637,-0.000129,0.000054,-0.001201,0.003459,
0.040000,24.825586,24.825586,2.000000,24.195801,24.195801,0.000000,8.600000,2.000000,0.748800,-0.002612,-0.000232,1.543903,0.003563,-0.002213,-0.003076,0.010325,45.100000,0.000000,0.259022,0.000673,-0.000217,0.000393,-0.002200,0.002943,
0.040000,24.791340,24.791340,2.000000,24.140657,24.140657,0.000000,8.700000,2.000000,0.702000,-0.002714,-0.000217,1.623625,0.003054,-0.001919,-0.003106,0.021188,45.200000,0.000000,0.269890,0.000644,-0.000341,-0.000585,-0.002586,0.003443,
0.040000,24.756328,24.756328,2.000000,24.091108,24.091108,0.000000,8.800000,2.000000,0.679200,-0.002588,-0.000050,1.783067,0.003298,-0.001294,-0.001982,0.009849,45.300000,0.000000,0.280111,0.000567,-0.000380,-0.000129,-0.001620,0.003135,
0.040000,24.720392,24.720392,3.000000,24.037600,24.037600,0.000000,9.000000,3.000000,0.727200,-0.002588,-0.000050,1.783067,0.003298,-0.001294,-0.001982,0.009101,45.500000,0.000000,0.290063,0.000672,-0.000347,-0.000236,0.001198,0.002885,
0.040000,24.680698,24.680698,3.000000,23.926521,23.926521,0.000000,9.200000,3.000000,0.650000,-0.002737,-0.000051,2.104880,0.002870,-0.000869,-0.002438,0.019280,45.700000,0.000000,0.299988,0.000646,-0.000228,0.001137,-0.000579,0.003272,
0.040000,24.639101,24.639101,2.000000,23.848751,23.848751,0.000000,9.300000,2.000000,0.763600,-0.002737,-0.000051,2.104880,0.002870,-0.000869,-0.002438,0.009589,45.800000,0.000000,0.339446,0.000441,-0.000506,0.000440,-0.000250,0.001687,
0.040000,24.596862,24.596862,3.000000,23.794317,23.794317,0.000000,9.400000,3.000000,0.726000,-0.002905,-0.000054,2.185336,0.002825,-0.000777,-0.002184,0.019586,45.900000,0.000000,0.375127,0.000537,-0.000673,-0.000351,-0.000497,0.000591,
0.040000,24.554575,24.554575,3.000000,23.751127,23.751127,0.000000,9.600000,3.000000,0.692000,-0.002462,-0.000033,2.424862,0.002720,-0.000691,-0.002050,0.007576,46.100000,0.000000,0.383448,0.000531,-0.000653,-0.000176,-0.001151,0.000770,
0.040000,24.510011,24.510011,2.000000,23.663300,23.663300,0.000000,9.700000,2.000000,0.728000,-0.002462,-0.000033,2.424862,0.002720,-0.000691,-0.002050,0.010153,46.200000,0.000000,0.391764,0.000497,-0.000823,-0.000455,-0.003698,0.000371,
0.040000,24.464898,24.464898,2.000000,23.607742,23.607742,0.000000,9.800000,2.000000,0.716000,-0.002618,0.000040,2.505805,0.002399,-0.000655,-0.001977,0.023487,46.300000,0.000000,0.422732,0.000538,-0.000646,0.000381,0.004443,0.000375,
0.040000,24.419831,24.419831,2.000000,23.563566,23.563566,0.000000,9.900000,2.000000,0.676400,-0.002654,-0.000138,2.665935,0.002185,-0.000729,-0.002583,0.008700,46.400000,0.000000,0.430228,0.000476,-0.000658,0.000572,0.001122,0.000363,
0.040000,24.373955,24.373955,2.000000,23.502304,23.502304,0.000000,10.000000,2.000000,0.744800,-0.002654,-0.000138,2.665935,0.002185,-0.000729,-0.002583,0.009352,46.500000,0.000000,0.437433,0.000475,-0.000753,-0.000433,-0.000542,-0.000166,
0.040000,24.328956,24.328956,2.000000,23.473980,23.473980,0.000000,10.100000,2.000000,0.717200,-0.002699,-0.000029,2.746123,0.002444,-0.000750,-0.001990,0.023066,46.600000,0.000000,0.444466,0.000437,-0.000832,-0.000596,0.000563,-0.000203,
0.040000,24.283093,24.283093,2.000000,23.411694,23.411694,0.000000,10.200000,2.000000,0.691200,-0.002746,0.000040,2.907035,0.002500,-0.000821,-0.002727,0.008765,46.700000,0.000000,0.451411,0.000490,-0.000742,0.000446,-0.000061,-0.000211,
0.040000,24.237769,24.237769,2.000000,23.376608,23.376608,0.000000,10.300000,2.000000,0.769600,-0.002746,0.000040,2.907035,0.002500,-0.000821,-0.002727,0.010229,46.800000,0.000000,0.458242,0.000409,-0.000790,-0.000080,0.000012,-0.000093,
0.040000,24.189483,24.189483,2.000000,23.272047,23.272047,0.000000,10.400000,2.000000,0.726800,-0.002903,-0.000039,2.986966,0.002202,-0.000879,-0.002505,0.021265,46.900000,0.000000,0.465017,0.000507,-0.000940,0.000642,-0.000319,-0.000458,
0.040000,24.144369,24.144369,2.000000,23.287216,23.287216,0.000000,10.500000,2.000000,0.703600,-0.002930,-0.000198,3.147054,0.001933,-0.000979,-0.000885,0.007501,47.000000,0.000000,0.471526,0.000452,-0.000921,-0.000242,-0.001095,-0.000538,
0.040000,24.098051,24.098051,2.000000,23.218008,23.218008,0.000000,10.600000,2.000000,0.738800,-0.002930,-0.000198,3.147054,0.001933,-0.000979,-0.000885,0.010493,47.100000,0.000000,0.477985,0.000504,-0.000771,0.000463,-0.000967,-0.000659,
0.040000,24.051591,24.051591,2.000000,23.168844,23.168844,0.000000,10.700000,2.000000,0.717200,-0.002874,-0.000091,3.227564,0.001669,-0.000990,-0.001074,0.019460,47.200000,0.000000,0.484223,0.000409,-0.000664,-0.001367,0.000015,-0.000412,
0.040000,24.006319,24.006319,2.000000,23.146156,23.146156,0.000000,10.800000,2.000000,0.692800,-0.002542,0.000058,3.386921,0.001801,-0.001125,-0.001892,0.009738,47.300000,0.000000,0.490483,0.000365,-0.000734,0.000139,0.000353,-0.000227,
0.040000,23.958299,23.958299,2.000000,23.045908,23.045908,0.000000,10.900000,2.000000,0.749200,-0.002542,0.000058,3.386921,0.001801,-0.001125,-0.001892,0.011782,47.400000,0.000000,0.496509,0.000328,-0.000797,-0.000165,0.000256,-0.000416,
0.040000,23.910071,23.910071,2.000000,22.993752,22.993752,0.000000,11.000000,2.000000,0.713200,-0.002890,-0.000181,3.467541,0.001609,-0.001211,-0.002440,0.021429,47.500000,0.000000,0.502326,0.000409,-0.000953,0.001074,0.002027,-0.000665,
0.040000,23.862866,23.862866,2.000000,22.965975,22.965975,0.000000,11.100000,2.000000,0.698000,-0.002792,-0.000123,3.627714,0.001485,-0.001312,-0.000668,0.007517,47.600000,0.000000,0.508264,0.000381,-0.001081,-0.001065,-0.001380,-0.000787,
0.040000,23.816030,23.816030,2.000000,22.926140,22.926140,0.000000,11.200000,2.000000,0.756800,-0.002792,-0.000123,3.627714,0.001485,-0.001312,-0.000668,0.012376,47.700000,0.000000,0.513895,0.000417,-0.000957,0.000663,0.001045,-0.000540,
0.040000,23.768844,23.768844,3.000000,22.872305,22.872305,0.000000,11.300000,3.000000,0.707600,-0.002769,-0.000108,3.707729,0.001396,-0.001351,-0.001147,0.022333,47.800000,0.000000,0.519600,0.000380,-0.000782,-0.000465,-0.000566,-0.000588,
0.040000,23.722848,23.722848,3.000000,22.848934,22.848934,0.000000,11.400000,3.000000,0.706800,-0.003238,-0.000112,3.868565,0.001077,-0.001368,-0.000723,0.019819,47.900000,0.000000,0.525090,0.000376,-0.000904,-0.000085,-0.000073,-0.000466,
0.040000,23.676649,23.676649,2.000000,22.798872,22.798872,0.000000,11.500000,2.000000,0.758800,-0.003238,-0.000112,3.868565,0.001077,-0.001368,-0.000723,0.011888,48.000000,0.000000,0.530613,0.000358,-0.000970,0.000057,-0.002521,-0.000160,
0.040000,23.630593,23.630593,2.000000,22.755524,22.755524,0.000000,11.600000,2.000000,0.709200,-0.003263,-0.000067,3.948877,0.001055,-0.001372,-0.000886,0.019683,48.100000,0.000000,0.535914,0.000341,-0.000878,-0.000088,-0.001367,-0.000185,
0.040000,23.585116,23.585116,2.000000,22.721050,22.721050,0.000000,11.700000,2.000000,0.708000,-0.003210,-0.000098,4.108968,0.000919,-0.001354,0.000323,0.019094,48.200000,0.000000,0.541150,0.000352,-0.000943,0.000242,-0.000680,-0.000096,
0.040000,23.539470,23.539470,2.000000,22.672194,22.672194,0.000000,11.800000,2.000000,0.788000,-0.003210,-0.000098,4.108968,0.000919,-0.001354,0.000323,0.021588,48.300000,0.000000,0.546161,0.000340,-0.000890,0.000118,0.000270,0.000050,
0.040000,23.494535,23.494535,9.000000,22.640770,22.640770,0.000000,11.900000,9.000000,0.694000,-0.003324,-0.000134,4.175120,-0.000287,0.000382,0.000218,0.020219,48.400000,0.000000,0.551222,0.000354,-0.000771,-0.000172,-0.000100,0.000043,
0.040000,23.462172,23.462172,11.000000,22.847269,22.847269,0.000000,12.000000,11.000000,0.618000,-0.003727,-0.000232,4.206551,-0.000043,0.012331,0.000101,0.024261,48.500000,0.000000,0.553386,0.000129,-0.000819,-0.000255,-0.000743,0.010744,
0.040000,23.445349,23.445349,7.000000,23.125711,23.125711,0.000000,12.100000,7.000000,0.618000,-0.003351,-0.000039,4.241369,0.004640,0.031332,0.000500,0.013797,48.600000,0.000000,0.548693,0.000172,-0.000846,-0.000443,-0.002784,0.077955,
0.040000,23.446517,23.446517,5.000000,23.468718,23.468718,0.000000,12.200000,5.000000,0.653600,-0.003074,-0.000084,4.257213,0.004673,0.051044,0.000326,0.011957,48.700000,0.000000,0.544768,0.001003,-0.000776,0.001444,0.001243,0.147211,
0.040000,23.462015,23.462015,5.000000,23.756479,23.756479,0.000000,12.300000,5.000000,0.633600,-0.004481,-0.000353,4.268507,0.005626,0.069373,0.001213,0.022212,48.800000,0.000000,0.537179,0.000893,-0.000806,0.000665,0.002181,0.178055,
0.040000,23.491038,23.491038,7.000000,24.042463,24.042463,0.000000,12.400000,7.000000,0.611200,-0.003361,-0.000347,4.263608,0.004502,0.086920,0.000275,0.009555,48.900000,0.000000,0.528851,0.000949,-0.000622,-0.000982,-0.007887,0.181288,
0.040000,23.532454,23.532454,7.000000,24.319361,24.319361,0.000000,12.500000,7.000000,0.596800,-0.002391,-0.000097,4.264173,0.007127,0.105887,0.000203,0.012922,49.000000,0.000000,0.517481,0.000777,-0.000790,0.000083,0.003866,0.177694,
0.040000,23.586026,23.586026,11.000000,24.603891,24.603891,0.000000,12.600000,11.000000,0.603200,-0.003442,-0.000480,4.259718,0.008070,0.125598,0.000424,0.014403,49.100000,0.000000,0.507464,0.001266,-0.000789,0.001916,0.007446,0.185091,
0.040000,23.652382,23.652382,7.000000,24.913153,24.913153,0.000000,12.700000,7.000000,0.599200,-0.003387,-0.000339,4.263414,0.009412,0.146815,0.000518,0.022534,49.200000,0.000000,0.496633,0.001518,-0.000728,-0.001277,-0.003685,0.192521,
0.040000,23.730759,23.730759,8.000000,25.219927,25.219927,0.000000,12.800000,8.000000,0.586400,-0.004029,-0.000279,4.260510,0.015483,0.194907,0.000830,0.022156,49.300000,0.000000,0.487619,0.001659,-0.000698,0.000831,-0.001122,0.204661,
0.040000,23.820188,23.820188,8.000000,25.519339,25.519339,0.000000,13.100000,8.000000,0.671600,-0.004029,-0.000279,4.260510,0.015483,0.194907,0.000830,0.027287,49.600000,0.000000,0.477452,0.002134,-0.000396,-0.000549,-0.006107,0.220137,
0.040000,23.954092,23.954092,5.000000,26.498272,26.498272,0.000000,13.200000,5.000000,0.674400,-0.003998,-0.000522,4.257106,0.015063,0.273941,0.000523,0.025386,49.700000,0.000000,0.468257,0.002845,-0.000613,0.002216,-0.000748,0.239344,
0.040000,24.097565,24.097565,6.000000,26.823555,26.823555,0.000000,13.300000,6.000000,0.666800,-0.004066,-0.000539,4.256521,0.016803,0.301991,0.000822,0.018780,49.800000,0.000000,0.385168,0.002495,-0.000677,0.000272,-0.000012,0.263169,
0.040000,24.250908,24.250908,4.000000,27.164406,27.164406,0.000000,13.400000,4.000000,0.679200,-0.003706,-0.000574,4.256623,0.019465,0.330140,0.000611,0.010973,49.900000,0.000000,0.377729,0.002800,-0.000606,0.000634,-0.000442,0.272286,
0.040000,24.410704,24.410704,4.000000,27.446829,27.446829,0.000000,13.500000,4.000000,0.660000,-0.003680,-0.000842,4.254707,0.017440,0.387393,0.000687,0.011374,50.000000,0.000000,0.370614,0.003230,-0.000635,0.000697,0.001906,0.277844,
0.040000,24.574062,24.574062,3.000000,27.677872,27.677872,0.000000,13.600000,3.000000,0.740000,-0.003680,-0.000842,4.254707,0.017440,0.387393,0.000687,0.011789,50.100000,0.000000,0.363164,0.003166,-0.000683,0.000980,-0.002090,0.283482,
0.040000,24.744346,24.744346,3.000000,27.979740,27.979740,0.000000,13.700000,3.000000,0.745200,-0.003764,-0.000938,4.253871,0.018076,0.415855,0.000802,0.023068,50.200000,0.000000,0.355955,0.002862,-0.000593,-0.000608,0.001966,0.284745,
0.040000,24.916744,24.916744,3.000000,28.192312,28.192312,0.000000,13.800000,3.000000,0.730000,-0.003745,-0.000976,4.254680,0.016905,0.444088,0.000640,0.009572,50.300000,0.000000,0.348966,0.002982,-0.000559,-0.000169,0.000077,0.284668,
0.040000,25.088904,25.088904,3.000000,28.359941,28.359941,0.000000,13.900000,3.000000,0.721200,-0.003830,-0.001226,4.254886,0.015992,0.472315,0.000623,0.007923,50.400000,0.000000,0.342260,0.002653,-0.000580,0.000351,-0.000020,0.283224,
0.040000,25.261698,25.261698,3.000000,28.544786,28.544786,0.000000,14.000000,3.000000,0.708000,-0.003709,-0.001101,4.256066,0.017186,0.500234,0.000431,0.007983,50.500000,0.000000,0.335587,0.002425,-0.000572,-0.000749,-0.000727,0.282629,
0.040000,25.432682,25.432682,3.000000,28.681374,28.681374,0.000000,14.100000,3.000000,0.717200,-0.003650,-0.001133,4.256039,0.016572,0.528104,0.000800,0.012409,50.600000,0.000000,0.329386,0.002480,-0.000599,0.001138,0.000272,0.280501,
0.040000,25.603261,25.603261,3.000000,28.844257,28.844257,0.000000,14.200000,3.000000,0.694000,-0.003768,-0.001391,4.257349,0.016363,0.583256,0.000489,0.008542,50.700000,0.000000,0.322930,0.002330,-0.000516,0.000869,0.000274,0.279387,
0.040000,25.769297,25.769297,3.000000,28.923988,28.923988,0.000000,14.300000,3.000000,0.787600,-0.003768,-0.001391,4.257349,0.016363,0.583256,0.000489,0.010694,50.800000,0.000000,0.316678,0.002182,-0.000549,0.000644,0.000228,0.277414,
0.040000,25.935820,25.935820,3.000000,29.099760,29.099760,0.000000,14.400000,3.000000,0.770800,-0.003567,-0.001436,4.256967,0.014780,0.610804,0.000510,0.020410,50.900000,0.000000,0.310697,0.002074,-0.000556,-0.000413,-0.001181,0.276122,
0.040000,26.096501,26.096501,3.000000,29.149427,29.149427,0.000000,14.500000,3.000000,0.770400,-0.003677,-0.001479,4.259790,0.013775,0.638128,0.000694,0.008376,51.000000,0.000000,0.304420,0.001817,-0.000541,0.000186,0.000549,0.275725,
0.040000,26.252928,26.252928,3.000000,29.225056,29.225056,0.000000,14.600000,3.000000,0.765600,-0.003476,-0.001639,4.261428,0.012964,0.665449,0.000627,0.009826,51.100000,0.000000,0.298832,0.001306,-0.000496,0.000422,-0.000715,0.274188,
0.040000,26.407567,26.407567,3.000000,29.345709,29.345709,0.000000,14.700000,3.000000,0.747600,-0.003508,-0.001545,4.260917,0.012742,0.692546,0.000489,0.009344,51.200000,0.000000,0.293172,0.000964,-0.000501,-0.000226,0.000704,0.273587,
0.040000,26.554252,26.554252,3.000000,29.341253,29.341253,0.000000,14.800000,3.000000,0.748000,-0.003725,-0.002052,4.261665,0.011822,0.719861,0.000432,0.010525,51.300000,0.000000,0.287351,0.000973,-0.000518,0.001076,-0.000195,0.271966,
0.040000,26.692078,26.692078,3.000000,29.310778,29.310778,0.000000,14.900000,3.000000,0.748400,-0.003441,-0.001731,4.259674,0.010562,0.773724,0.000597,0.010525,51.400000,0.000000,0.281744,0.000722,-0.000519,-0.002107,-0.001719,0.272697,
0.040000,26.822987,26.822987,3.000000,29.310255,29.310255,0.000000,15.000000,3.000000,0.813600,-0.003441,-0.001731,4.259674,0.010562,0.773724,0.000597,0.010316,51.500000,0.000000,0.276251,0.000556,-0.000449,0.000608,-0.000054,0.270710,
0.040000,26.945260,26.945260,2.000000,29.268446,29.268446,0.000000,15.100000,2.000000,0.782400,-0.003409,-0.001784,4.261083,0.010136,0.800609,0.000795,0.019891,51.600000,0.000000,0.270401,0.000781,-0.000466,0.001993,0.000499,0.269743,
0.040000,27.062660,27.062660,2.000000,29.293261,29.293261,0.000000,15.300000,2.000000,0.773600,-0.003372,-0.001820,4.260744,0.008497,0.827750,0.000463,0.008575,51.800000,0.000000,0.265256,0.000514,-0.000419,0.001004,0.000093,0.269192,
0.040000,27.169144,27.169144,2.000000,29.192348,29.192348,0.000000,15.400000,2.000000,0.772000,-0.003450,-0.001942,4.262727,0.007215,0.881677,0.000718,0.010726,51.900000,0.000000,0.259794,0.000328,-0.000475,0.000731,-0.000039,0.270559,
0.040000,27.268064,27.268064,2.000000,29.147535,29.147535,0.000000,15.500000,2.000000,0.774800,-0.003326,-0.001949,4.261384,0.005697,0.908497,0.000061,0.007917,52.000000,0.000000,0.239685,-0.000605,-0.000341,0.000329,-0.000852,0.269681,
0.040000,27.353417,27.353417,2.000000,28.975126,28.975126,0.000000,15.600000,2.000000,0.736000,-0.003129,-0.002054,4.260418,0.003672,0.962364,0.000533,0.008871,52.100000,0.000000,0.234613,-0.000579,-0.000461,0.000610,0.000015,0.268863,
0.040000,27.424133,27.424133,2.000000,28.767735,28.767735,0.000000,15.700000,2.000000,0.804800,-0.003129,-0.002054,4.260418,0.003672,0.962364,0.000533,0.008401,52.200000,0.000000,0.229539,-0.000281,-0.000319,0.000711,0.000515,0.269899,
0.040000,27.487825,27.487825,2.000000,28.697971,28.697971,0.000000,15.800000,2.000000,0.779600,-0.003135,-0.002087,4.258809,0.003465,0.989159,0.000400,0.023839,52.300000,0.000000,0.225111,-0.000659,-0.000353,0.000214,0.000238,0.268791,
0.040000,27.538071,27.538071,2.000000,28.492752,28.492752,0.000000,15.900000,2.000000,0.778400,-0.003126,-0.002242,4.255558,0.002008,1.016366,0.000534,0.008203,52.400000,0.000000,0.220498,-0.000411,-0.000370,0.000396,-0.000286,0.268267,
0.040000,27.572016,27.572016,3.000000,28.216967,28.216967,0.000000,16.100000,3.000000,0.768000,-0.003020,-0.002294,4.253681,0.000790,1.043535,0.000296,0.007430,52.600000,0.000000,0.215599,-0.000028,-0.000334,-0.000277,-0.000421,0.270616,
0.040000,27.588436,27.588436,2.000000,27.900421,27.900421,0.000000,16.200000,2.000000,0.770000,-0.002938,-0.002420,4.251723,-0.000986,1.097490,0.000392,0.011257,52.700000,0.000000,0.210985,0.000159,-0.000373,0.000090,0.000115,0.271284,
0.040000,27.590256,27.590256,2.000000,27.624838,27.624838,0.000000,16.300000,2.000000,0.752400,-0.002698,-0.002450,4.247613,-0.003542,1.151505,0.000330,0.009022,52.800000,0.000000,0.193534,0.000458,-0.000302,0.000168,-0.000206,0.269852,
0.040000,27.583681,27.583681,2.000000,27.458742,27.458742,0.000000,16.400000,2.000000,0.791200,-0.002698,-0.002450,4.247613,-0.003542,1.151505,0.000330,0.012101,52.900000,0.000000,0.189402,0.000827,-0.000384,-0.000237,-0.000241,0.271376,
0.040000,27.563220,27.563220,2.000000,27.174465,27.174465,0.000000,16.500000,2.000000,0.795200,-0.002693,-0.002505,4.248023,-0.003973,1.178409,0.000466,0.020179,53.000000,0.000000,0.185249,0.000932,-0.000298,0.001006,0.000710,0.269040,
0.040000,27.532296,27.532296,2.000000,26.944748,26.944748,0.000000,16.600000,2.000000,0.789200,-0.002533,-0.002626,4.247174,-0.004151,1.205238,0.000095,0.011614,53.100000,0.000000,0.181584,0.000807,-0.000265,0.000493,-0.000108,0.269040,
0.040000,27.488052,27.488052,2.000000,26.647413,26.647413,0.000000,16.700000,2.000000,0.772800,-0.002565,-0.002623,4.246657,-0.004715,1.232138,-0.000014,0.010065,53.200000,0.000000,0.177937,0.000931,-0.000332,-0.000125,0.000519,0.268580,
0.040000,27.430709,27.430709,2.000000,26.341188,26.341188,0.000000,16.800000,2.000000,0.766800,-0.002377,-0.002787,4.245179,-0.005137,1.259269,0.000249,0.009219,53.300000,0.000000,0.174317,0.000968,-0.000346,0.000395,-0.000434,0.268838,
0.040000,27.360286,27.360286,2.000000,26.022257,26.022257,0.000000,16.900000,2.000000,0.748800,-0.002357,-0.002717,4.243986,-0.005933,1.286356,0.000316,0.007820,53.400000,0.000000,0.170731,0.001194,-0.000287,-0.000451,0.000540,0.270367,
0.040000,27.275379,27.275379,2.000000,25.662146,25.662146,0.000000,17.000000,2.000000,0.747200,-0.002111,-0.002697,4.245339,-0.005273,1.334867,0.000068,0.008026,53.500000,0.000000,0.167168,0.001345,-0.000267,0.000656,-0.000128,0.270679,
0.040000,27.180554,27.180554,2.000000,25.378866,25.378866,0.000000,17.100000,2.000000,0.804000,-0.002111,-0.002697,4.245339,-0.005273,1.334867,0.000068,0.012778,53.600000,0.000000,0.164136,0.001311,-0.000270,0.001487,0.000183,0.259304,
0.040000,27.075287,27.075287,3.000000,25.075212,25.075212,0.000000,17.200000,3.000000,0.786800,-0.002073,-0.002754,4.246719,-0.005209,1.355812,-0.000163,0.021376,53.700000,0.000000,0.160869,0.001076,-0.000306,0.000129,0.000564,0.242947,
0.040000,26.963141,26.963141,4.000000,24.832367,24.832367,0.000000,17.300000,4.000000,0.789600,-0.001960,-0.002686,4.248633,-0.006374,1.374635,0.000073,0.012098,53.800000,0.000000,0.157790,0.000795,-0.000346,-0.000034,0.000095,0.222246,
0.040000,26.845890,26.845890,4.000000,24.618135,24.618135,0.000000,17.400000,4.000000,0.774400,-0.001871,-0.002739,4.247845,-0.005979,1.391747,0.000231,0.009306,53.900000,0.000000,0.154552,0.000364,-0.000294,0.000643,0.000418,0.201220,
0.040000,26.724498,26.724498,6.000000,24.418037,24.418037,0.000000,17.500000,6.000000,0.751600,-0.001911,-0.002653,4.247573,-0.005712,1.407527,0.000344,0.009216,54.000000,0.000000,0.151565,0.000524,-0.000257,0.000119,0.000426,0.182619,
0.040000,26.598695,26.598695,2.000000,24.208443,24.208443,0.000000,17.600000,2.000000,0.748000,-0.001900,-0.002713,4.248699,-0.007612,1.421255,0.000029,0.011505,54.100000,0.000000,0.148633,0.000575,-0.000230,0.000766,-0.000350,0.167278,
0.040000,26.469185,26.469185,3.000000,24.008492,24.008492,0.000000,17.700000,3.000000,0.755200,-0.001804,-0.002713,4.244547,-0.005247,1.434801,0.000244,0.010038,54.200000,0.000000,0.145382,0.000285,-0.000287,0.000083,-0.000293,0.148743,
0.040000,26.338079,26.338079,2.000000,23.847067,23.847067,0.000000,17.800000,2.000000,0.735200,-0.001886,-0.002798,4.242211,-0.006927,1.446302,0.000183,0.008151,54.300000,0.000000,0.142864,0.001155,-0.000238,0.000185,0.000256,0.140530,
0.040000,26.205645,26.205645,2.000000,23.689396,23.689396,0.000000,17.900000,2.000000,0.715200,-0.001633,-0.002856,4.242798,-0.007280,1.457101,-0.000274,0.010094,54.400000,0.000000,0.139668,0.001542,-0.000243,-0.000321,-0.000603,0.124756,
0.040000,26.072272,26.072272,2.000000,23.538181,23.538181,0.000000,18.000000,2.000000,0.703600,-0.001744,-0.002691,4.241621,-0.007519,1.466752,0.000179,0.007819,54.500000,0.000000,0.136868,0.001389,-0.000328,-0.000363,0.001141,0.114397,
0.040000,25.939607,25.939607,2.000000,23.418989,23.418989,0.000000,18.100000,2.000000,0.707600,-0.001726,-0.002940,4.241019,-0.008348,1.474978,-0.000169,0.009174,54.600000,0.000000,0.134104,0.001586,-0.000232,0.000978,-0.000412,0.103341,
0.040000,25.806822,25.806822,2.000000,23.283897,23.283897,0.000000,18.200000,2.000000,0.699200,-0.001438,-0.002707,4.240844,-0.004956,1.482817,0.000277,0.007307,54.700000,0.000000,0.131293,0.001656,-0.000295,-0.001075,-0.000192,0.090317,
0.040000,25.675777,25.675777,3.000000,23.185921,23.185921,0.000000,18.300000,3.000000,0.712400,-0.001461,-0.002720,4.242906,-0.007126,1.489944,0.000173,0.008041,54.800000,0.000000,0.129371,0.001722,-0.000203,0.001103,0.001573,0.082950,
0.040000,25.545617,25.545617,2.000000,23.072575,23.072575,0.000000,18.400000,2.000000,0.713200,-0.001555,-0.002757,4.241551,-0.008794,1.496438,0.000222,0.010355,54.900000,0.000000,0.126436,0.001246,-0.000220,0.000408,0.000338,0.075728,
0.040000,25.418110,25.418110,3.000000,22.995476,22.995476,0.000000,18.500000,3.000000,0.681200,-0.001567,-0.002706,4.242132,-0.009130,1.502347,0.000280,0.009517,55.000000,0.000000,0.123599,0.001461,-0.000205,-0.000015,-0.000561,0.069058,
0.040000,25.292281,25.292281,3.000000,22.901539,22.901539,0.000000,18.600000,3.000000,0.698000,-0.001611,-0.002910,4.242384,-0.010601,1.512096,-0.000314,0.007993,55.100000,0.000000,0.121108,0.001313,-0.000190,0.000368,-0.000388,0.062898,
0.040000,25.168340,25.168340,2.000000,22.813465,22.813465,0.000000,18.700000,2.000000,0.744400,-0.001611,-0.002910,4.242384,-0.010601,1.512096,-0.000314,0.009269,55.200000,0.000000,0.118656,0.001438,-0.000168,0.000166,-0.001094,0.054950,
0.040000,25.047756,25.047756,2.000000,22.756651,22.756651,0.000000,18.800000,2.000000,0.768400,-0.001574,-0.002956,4.240173,-0.012324,1.516692,-0.000071,0.018930,55.300000,0.000000,0.116100,0.001191,-0.000299,-0.001122,0.000091,0.050318,
0.040000,24.927910,24.927910,2.000000,22.650848,22.650848,0.000000,18.900000,2.000000,0.767200,-0.001669,-0.002745,4.241529,-0.011096,1.520498,-0.000064,0.007302,55.400000,0.000000,0.113449,0.001582,-0.000244,-0.000668,0.000177,0.047622,
0.040000,24.812677,24.812677,4.000000,22.623236,22.623236,0.000000,19.000000,4.000000,0.758800,-0.001396,-0.002737,4.240889,-0.009316,1.524067,0.000039,0.007619,55.500000,0.000000,0.111469,0.001297,-0.000239,0.001085,-0.000587,0.041712,
0.040000,24.699015,24.699015,2.000000,22.539448,22.539448,0.000000,19.100000,2.000000,0.751200,-0.001494,-0.002957,4.239604,-0.012686,1.528664,-0.000127,0.010474,55.600000,0.000000,0.109617,0.001415,-0.000214,0.000501,0.001402,0.037997,
0.040000,24.588379,24.588379,3.000000,22.486296,22.486296,0.000000,19.200000,3.000000,0.755600,-0.001483,-0.002913,4.241776,-0.011328,1.532589,-0.000282,0.010104,55.700000,0.000000,0.106781,0.001609,-0.000241,-0.001129,-0.000152,0.042920,
0.040000,24.479820,24.479820,2.000000,22.417202,22.417202,0.000000,19.300000,2.000000,0.762000,-0.001561,-0.002803,4.238573,-0.014819,1.536363,-0.000053,0.008006,55.800000,0.000000,0.104961,0.001161,-0.000268,-0.000122,-0.000063,0.040649,
0.040000,24.373251,24.373251,4.000000,22.348438,22.348438,0.000000,19.400000,4.000000,0.760400,-0.001531,-0.002860,4.239469,-0.012260,1.539805,-0.000052,0.012204,55.900000,0.000000,0.102180,0.001743,-0.000215,0.000670,-0.000569,0.038850,
0.040000,24.268845,24.268845,3.000000,22.285120,22.285120,0.000000,19.500000,3.000000,0.739600,-0.001461,-0.002916,4.237720,-0.013004,1.543797,-0.000220,0.011188,56.000000,0.000000,0.100675,0.001549,-0.000212,-0.000068,-0.000092,0.036112,
0.040000,24.165997,24.165997,2.000000,22.211899,22.211899,0.000000,19.600000,2.000000,0.766000,-0.001461,-0.002843,4.238829,-0.011965,1.547806,-0.000032,0.007616,56.100000,0.000000,0.098532,0.001859,-0.000239,-0.000334,0.000328,0.038467,
0.040000,24.065326,24.065326,2.000000,22.152563,22.152563,0.000000,19.700000,2.000000,0.753200,-0.001156,-0.003091,4.239710,-0.014616,1.551423,-0.000412,0.010572,56.200000,0.000000,0.096799,0.001609,-0.000199,0.000359,0.000052,0.039474,
0.040000,23.966368,23.966368,5.000000,22.086174,22.086174,0.000000,19.900000,5.000000,0.760800,-0.001370,-0.002825,4.239861,-0.012521,1.554901,-0.000023,0.007280,56.400000,0.000000,0.094370,0.001392,-0.000269,-0.001362,0.001838,0.037433,
0.040000,23.866105,23.866105,2.000000,21.961111,21.961111,0.000000,20.000000,2.000000,0.753600,-0.001438,-0.002908,4.235585,-0.014090,1.562982,-0.000093,0.011513,56.500000,0.000000,0.092922,0.001342,-0.000188,0.001149,-0.000682,0.035794,
0.040000,23.766175,23.766175,2.000000,21.867500,21.867500,0.000000,20.100000,2.000000,0.743600,-0.001422,-0.002904,4.239122,-0.015522,1.566515,-0.000020,0.011360,56.600000,0.000000,0.084973,0.002908,-0.000195,-0.000284,-0.000471,0.040167,
0.040000,23.667802,23.667802,3.000000,21.798714,21.798714,0.000000,20.200000,3.000000,0.760400,-0.001252,-0.002875,4.240480,-0.016534,1.569981,-0.000139,0.007606,56.700000,0.000000,0.083027,0.002153,-0.000179,-0.000075,-0.000178,0.037489,
0.040000,23.572220,23.572220,2.000000,21.756159,21.756159,0.000000,20.300000,2.000000,0.763200,-0.001369,-0.002829,4.237405,-0.017135,1.573713,-0.000092,0.009443,56.800000,0.000000,0.081196,0.001843,-0.000199,0.000178,0.000903,0.035771,
0.040000,23.478575,23.478575,2.000000,21.699314,21.699314,0.000000,20.400000,2.000000,0.752800,-0.001320,-0.002871,4.240679,-0.016742,1.577149,-0.000070,0.011424,56.900000,0.000000,0.079480,0.002411,-0.000184,0.000380,-0.000437,0.036723,
0.040000,23.386836,23.386836,4.000000,21.643806,21.643806,0.000000,20.500000,4.000000,0.759200,-0.001374,-0.002841,4.240994,-0.015389,1.580476,-0.000243,0.008886,57.000000,0.000000,0.077992,0.001719,-0.000178,-0.000087,0.000073,0.035265,
0.040000,23.300514,23.300514,2.000000,21.660395,21.660395,0.000000,20.600000,2.000000,0.712400,-0.001354,-0.002939,4.240788,-0.017299,1.584732,-0.000037,0.009245,57.100000,0.000000,0.076722,0.001622,-0.000209,0.000182,-0.000364,0.034032,
0.040000,23.217952,23.217952,3.000000,21.649273,21.649273,0.000000,20.700000,3.000000,0.718000,-0.001135,-0.002923,4.239279,-0.016262,1.587363,-0.000058,0.007618,57.200000,0.000000,0.074837,0.001634,-0.000164,-0.000500,-0.000093,0.039305,
0.040000,23.141124,23.141124,4.000000,21.681391,21.681391,0.000000,20.800000,4.000000,0.703600,-0.001226,-0.002913,4.236221,-0.017714,1.587936,0.000105,0.010977,57.300000,0.000000,0.073571,0.001896,-0.000164,-0.000074,0.001268,0.031275,
0.040000,23.067632,23.067632,3.000000,21.671293,21.671293,0.000000,20.900000,3.000000,0.725600,-0.001332,-0.002790,4.235649,-0.015629,1.586850,-0.000075,0.009466,57.400000,0.000000,0.071846,0.002466,-0.000127,0.000039,-0.000083,0.015488,
0.040000,22.994855,22.994855,4.000000,21.612085,21.612085,0.000000,21.000000,4.000000,0.754000,-0.001274,-0.002873,4.234322,-0.004026,1.584488,-0.000215,0.008083,57.500000,0.000000,0.070844,0.002523,-0.000160,0.000769,-0.000669,-0.000802,
0.040000,22.926403,22.926403,8.000000,21.625818,21.625818,0.000000,21.100000,8.000000,0.760400,-0.001328,-0.002865,4.239941,0.025531,1.584609,-0.000106,0.009119,57.600000,0.000000,0.071738,0.002698,-0.000186,-0.000241,0.000142,-0.014903,
0.040000,22.864910,22.864910,7.000000,21.696533,21.696533,0.000000,21.200000,7.000000,0.709200,-0.001074,-0.002579,4.245438,0.076635,1.594308,0.000038,0.011093,57.700000,0.000000,0.076133,0.001458,-0.000172,-0.000039,-0.000278,-0.004941,
0.040000,22.813000,22.813000,5.000000,21.826723,21.826723,0.000000,21.300000,5.000000,0.663600,-0.002646,-0.002588,4.240842,0.227879,1.625836,0.000032,0.009361,57.800000,0.000000,0.084689,0.000207,-0.000157,0.001821,0.001299,0.058057,
0.040000,22.769003,22.769003,5.000000,21.933062,21.933062,0.000000,21.400000,5.000000,0.698000,-0.002646,-0.002588,4.240842,0.227879,1.625836,0.000032,0.010291,57.900000,0.000000,0.097242,0.000137,-0.000095,0.002471,-0.000308,0.126312,
0.040000,22.731289,22.731289,9.000000,22.014719,22.014719,0.000000,21.500000,9.000000,0.640400,-0.002400,-0.002617,4.232694,0.308642,1.637623,0.000313,0.022336,58.000000,0.000000,0.110937,0.000142,-0.000187,-0.000595,-0.009508,0.138937,
0.040000,22.694948,22.694948,6.000000,22.004463,22.004463,0.000000,21.600000,6.000000,0.608000,-0.003006,-0.002737,4.214504,0.471846,1.650194,0.002102,0.012224,58.100000,0.000000,0.124741,0.000867,-0.000168,-0.000221,-0.002300,0.125924,
0.040000,22.659098,22.659098,4.000000,21.977943,21.977943,0.000000,21.700000,4.000000,0.672800,-0.003006,-0.002737,4.214504,0.471846,1.650194,0.002102,0.011145,58.200000,0.000000,0.138469,0.001128,-0.000178,0.001325,0.001627,0.095692,
0.040000,22.621415,22.621415,4.000000,21.905447,21.905447,0.000000,21.800000,4.000000,0.614000,-0.002887,-0.003099,4.205911,0.551926,1.652011,0.002496,0.021891,58.300000,0.000000,0.151918,0.002133,0.000124,-0.001469,-0.005823,0.066639,
0.040000,22.582228,22.582228,4.000000,21.837667,21.837667,0.000000,21.900000,4.000000,0.552800,-0.002098,-0.002877,4.191895,0.715852,1.649380,-0.000230,0.009452,58.400000,0.000000,0.164805,0.002528,0.000153,-0.002768,-0.001521,0.036686,
0.040000,22.539491,22.539491,3.000000,21.727489,21.727489,0.000000,22.000000,3.000000,0.643200,-0.002098,-0.002877,4.191895,0.715852,1.649380,-0.000230,0.011855,58.500000,0.000000,0.177415,0.002708,-0.000303,0.000450,0.000862,0.010026,
0.040000,22.491966,22.491966,3.000000,21.589003,21.589003,0.000000,22.100000,3.000000,0.615200,-0.002131,-0.002983,4.183310,0.793376,1.645715,0.000395,0.021913,58.600000,0.000000,0.190517,0.002569,-0.000472,0.000002,0.003808,-0.008427,
0.040000,22.441048,22.441048,4.000000,21.473606,21.473606,0.000000,22.200000,4.000000,0.564400,-0.001912,-0.002132,4.171941,0.955567,1.635351,0.001367,0.011869,58.700000,0.000000,0.202145,0.003007,-0.000370,-0.000707,0.001316,-0.025873,
0.040000,22.385669,22.385669,3.000000,21.333460,21.333460,0.000000,22.300000,3.000000,0.657600,-0.001912,-0.002132,4.171941,0.955567,1.635351,0.001367,0.008454,58.800000,0.000000,0.214659,0.002898,-0.000222,-0.000151,-0.002342,-0.038218,
0.040000,22.326347,22.326347,3.000000,21.199221,21.199221,0.000000,22.400000,3.000000,0.600000,-0.002308,-0.002236,4.166864,1.036351,1.629010,0.001404,0.024529,58.900000,0.000000,0.226014,0.002802,-0.000243,0.004939,0.003477,-0.050312,
0.040000,22.260123,22.260123,3.000000,21.001873,21.001873,0.000000,22.500000,3.000000,0.582800,-0.002744,-0.002501,4.157632,1.198294,1.615993,0.001293,0.021477,59.000000,0.000000,0.237533,0.002719,-0.000261,0.001161,-0.001032,-0.058414,
0.040000,22.190523,22.190523,2.000000,20.868120,20.868120,0.000000,22.600000,2.000000,0.681600,-0.002744,-0.002501,4.157632,1.198294,1.615993,0.001293,0.009184,59.100000,0.000000,0.248885,0.002793,-0.000340,-0.000166,-0.001150,-0.062171,
0.040000,22.117392,22.117392,3.000000,20.727917,20.727917,0.000000,22.700000,3.000000,0.623600,-0.003013,-0.002450,4.154398,1.278020,1.609681,0.002070,0.020811,59.200000,0.000000,0.259961,0.002672,-0.000347,-0.001293,-0.002187,-0.064341,
0.040000,22.041092,22.041092,2.000000,20.591387,20.591387,0.000000,22.800000,2.000000,0.616400,-0.003242,-0.002459,4.150216,1.438312,1.598074,0.001556,0.022151,59.300000,0.000000,0.270587,0.002546,-0.000230,-0.000292,-0.002403,-0.063589,
0.040000,21.956346,21.956346,2.000000,20.346176,20.346176,0.000000,22.900000,2.000000,0.687600,-0.003242,-0.002459,4.150216,1.438312,1.598074,0.001556,0.009191,59.400000,0.000000,0.280973,0.002370,-0.000389,0.001653,-0.001134,-0.061483,
0.040000,21.872962,21.872962,2.000000,20.288656,20.288656,0.000000,23.000000,2.000000,0.657600,-0.003247,-0.002238,4.149265,1.517084,1.593087,0.002517,0.022376,59.500000,0.000000,0.291364,0.002140,-0.000416,-0.001410,-0.001466,-0.058032,
0.040000,21.787967,21.787967,3.000000,20.173061,20.173061,0.000000,23.100000,3.000000,0.614800,-0.003671,-0.002173,4.146483,1.677573,1.585000,0.003830,0.007957,59.600000,0.000000,0.301171,0.001861,-0.000269,0.000727,-0.000523,-0.052985,
0.040000,21.701880,21.701880,2.000000,20.066235,20.066235,0.000000,23.200000,2.000000,0.703600,-0.003671,-0.002173,4.146483,1.677573,1.585000,0.003830,0.020975,59.700000,0.000000,0.310863,0.001504,-0.000386,-0.001493,0.000808,-0.047891,
0.040000,21.617606,21.617606,3.000000,20.016388,20.016388,0.000000,23.300000,3.000000,0.642400,-0.003729,-0.002134,4.146118,1.757167,1.581841,0.003450,0.022259,59.800000,0.000000,0.320793,0.001708,-0.000098,0.001437,-0.003201,-0.040627,
0.040000,21.534228,21.534228,2.000000,19.950052,19.950052,0.000000,23.400000,2.000000,0.607600,-0.003524,-0.002468,4.145706,1.914816,1.577409,0.003249,0.023280,59.900000,0.000000,0.330182,0.001524,-0.000229,0.000718,-0.001538,-0.035042,
0.040000,21.451520,21.451520,2.000000,19.880074,19.880074,0.000000,23.500000,2.000000,0.700800,-0.003524,-0.002468,4.145706,1.914816,1.577409,0.003249,0.023722,60.000000,0.000000,0.339257,0.001292,-0.000427,-0.000411,-0.000324,-0.029474,
0.040000,21.372770,21.372770,2.000000,19.876507,19.876507,0.000000,23.600000,2.000000,0.635600,-0.003493,-0.002521,4.145924,1.994858,1.575972,0.002616,0.021692,60.100000,0.000000,0.348108,0.001246,-0.000372,-0.001632,0.000940,-0.022560,
0.040000,21.295177,21.295177,3.000000,19.820917,19.820917,0.000000,23.700000,3.000000,0.613200,-0.003672,-0.002085,4.143348,2.154226,1.574771,0.002921,0.007446,60.200000,0.000000,0.357047,0.001074,-0.000546,-0.000984,0.000572,-0.017494,
0.040000,21.217302,21.217302,2.000000,19.737673,19.737673,0.000000,23.800000,2.000000,0.696000,-0.003672,-0.002085,4.143348,2.154226,1.574771,0.002921,0.023356,60.300000,0.000000,0.365766,0.000978,-0.000496,0.000406,0.000306,-0.012408,
0.040000,21.141458,21.141458,2.000000,19.700434,19.700434,0.000000,23.900000,2.000000,0.646000,-0.003739,-0.002017,4.145290,2.234836,1.574619,0.003288,0.020280,60.400000,0.000000,0.374265,0.001395,-0.000574,0.002043,-0.001054,-0.006439,
0.040000,21.064111,21.064111,2.000000,19.594517,19.594517,0.000000,24.000000,2.000000,0.608800,-0.003829,-0.002241,4.144587,2.395058,1.575494,0.005010,0.010471,60.500000,0.000000,0.382801,0.000920,-0.000549,0.001194,-0.000815,-0.003402,
0.040000,20.984743,20.984743,2.000000,19.476742,19.476742,0.000000,24.100000,2.000000,0.678400,-0.003829,-0.002241,4.144587,2.395058,1.575494,0.005010,0.010265,60.600000,0.000000,0.391143,0.000885,-0.000502,-0.000103,-0.001959,0.000265,
0.040000,20.908329,20.908329,2.000000,19.456472,19.456472,0.000000,24.200000,2.000000,0.634000,-0.003938,-0.002252,4.145197,2.474624,1.576302,0.004426,0.019845,60.700000,0.000000,0.399179,0.000897,-0.000311,-0.000844,0.000328,0.003944,
0.040000,20.831437,20.831437,2.000000,19.370483,19.370483,0.000000,24.300000,2.000000,0.596400,-0.003579,-0.002242,4.143793,2.632758,1.578678,0.004506,0.007388,60.800000,0.000000,0.407017,0.000686,-0.000481,-0.000370,-0.000561,0.006500,
0.040000,20.753329,20.753329,4.000000,19.269270,19.269270,0.000000,24.400000,4.000000,0.668400,-0.003579,-0.002242,4.143793,2.632758,1.578678,0.004506,0.009906,60.900000,0.000000,0.414645,0.000922,-0.000361,0.000500,0.001136,0.009145,
0.040000,20.676182,20.676182,5.000000,19.210402,19.210402,0.000000,24.500000,5.000000,0.575600,-0.003660,-0.002147,4.148343,2.692355,1.584139,0.004520,0.021884,61.000000,0.000000,0.422041,0.000743,-0.000568,-0.000334,0.001273,0.011521,
0.040000,20.610548,20.610548,6.000000,19.363495,19.363495,0.000000,24.600000,6.000000,0.526000,-0.003609,-0.002035,4.158597,2.735868,1.599358,0.004925,0.010129,61.100000,0.000000,0.425473,-0.000265,-0.000598,0.000582,-0.000090,0.038151,
0.040000,20.562976,20.562976,6.000000,19.659105,19.659105,0.000000,24.700000,6.000000,0.534400,-0.003223,-0.002059,4.154099,2.764108,1.618909,0.004194,0.012082,61.200000,0.000000,0.425637,-0.002402,-0.000542,0.001254,0.000088,0.108627,
0.040000,20.529778,20.529778,4.000000,19.899017,19.899017,0.000000,24.800000,4.000000,0.530000,-0.003536,-0.002531,4.144799,2.774047,1.639345,0.004512,0.013632,61.300000,0.000000,0.422826,-0.001625,-0.000695,0.000744,0.002167,0.162326,
0.040000,20.509251,20.509251,4.000000,20.119247,20.119247,0.000000,24.900000,4.000000,0.537200,-0.003383,-0.002359,4.151416,2.777072,1.655939,0.004523,0.015377,61.400000,0.000000,0.416515,0.000150,-0.000621,-0.002206,-0.001396,0.188299,
0.040000,20.500506,20.500506,5.000000,20.334341,20.334341,0.000000,25.000000,5.000000,0.542000,-0.003393,-0.002278,4.148787,2.774305,1.674164,0.005732,0.008526,61.500000,0.000000,0.408784,-0.001199,-0.000612,0.000576,0.000162,0.174486,
0.040000,20.502470,20.502470,4.000000,20.539785,20.539785,0.000000,25.100000,4.000000,0.541200,-0.003420,-0.002439,4.149047,2.776476,1.693247,0.005212,0.008419,61.600000,0.000000,0.400197,-0.000612,-0.000358,0.001102,-0.000262,0.179284,
0.040000,20.516504,20.516504,5.000000,20.783157,20.783157,0.000000,25.200000,5.000000,0.534400,-0.003684,-0.002416,4.145579,2.776106,1.714393,0.004960,0.007711,61.700000,0.000000,0.392702,-0.000695,-0.000455,-0.000170,-0.000546,0.186415,
0.040000,20.542875,20.542875,4.000000,21.043911,21.043911,0.000000,25.300000,4.000000,0.502400,-0.003072,-0.002764,4.145766,2.778741,1.759236,0.004915,0.008589,61.800000,0.000000,0.384944,0.000009,-0.000494,0.000542,-0.002154,0.201889,
0.040000,20.580062,20.580062,3.000000,21.286631,21.286631,0.000000,25.400000,3.000000,0.652400,-0.003072,-0.002764,4.145766,2.778741,1.759236,0.004915,0.009723,61.900000,0.000000,0.377675,0.000490,-0.000666,-0.000858,-0.001258,0.213713,
0.040000,20.626567,20.626567,3.000000,21.510160,21.510160,0.000000,25.500000,3.000000,0.673600,-0.003239,-0.002779,4.147604,2.781294,1.783799,0.004799,0.020858,62.000000,0.000000,0.370354,-0.000116,-0.000483,-0.000433,0.003009,0.222183,
0.040000,20.685071,20.685071,3.000000,21.796644,21.796644,0.000000,25.600000,3.000000,0.672400,-0.003072,-0.002765,4.148846,2.780651,1.809721,0.004962,0.008107,62.100000,0.000000,0.363455,-0.000565,-0.000498,0.000222,-0.000308,0.236675,
0.040000,20.751303,20.751303,3.000000,22.009701,22.009701,0.000000,25.700000,3.000000,0.639600,-0.003090,-0.002830,4.148724,2.781123,1.836287,0.005528,0.011059,62.200000,0.000000,0.356087,-0.000767,-0.000456,0.000673,0.000473,0.250610,
0.040000,20.832524,20.832524,3.000000,22.375734,22.375734,0.000000,25.800000,3.000000,0.641200,-0.002900,-0.002889,4.147636,2.783259,1.863419,0.005108,0.007982,62.300000,0.000000,0.349139,-0.000751,-0.000336,0.000364,-0.000388,0.259905,
0.040000,20.927230,20.927230,3.000000,22.726637,22.726637,0.000000,25.900000,3.000000,0.638000,-0.003229,-0.002795,4.151756,2.784956,1.891457,0.004931,0.008170,62.400000,0.000000,0.342694,-0.000639,-0.000413,0.000277,0.000544,0.266965,
0.040000,21.034997,21.034997,3.000000,23.082579,23.082579,0.000000,26.000000,3.000000,0.644000,-0.002541,-0.003427,4.149159,2.784122,1.948274,0.004818,0.007740,62.500000,0.000000,0.336000,-0.001504,-0.000443,0.001217,-0.002318,0.275250,
0.040000,21.154718,21.154718,3.000000,23.429405,23.429405,0.000000,26.100000,3.000000,0.738400,-0.002541,-0.003427,4.149159,2.784122,1.948274,0.004818,0.013327,62.600000,0.000000,0.329320,-0.001700,-0.000402,-0.000279,0.001059,0.280491,
0.040000,21.285375,21.285375,3.000000,23.767866,23.767866,0.000000,26.200000,3.000000,0.740800,-0.002587,-0.003215,4.150792,2.786367,1.976758,0.004789,0.020544,62.700000,0.000000,0.322862,-0.000902,-0.000447,-0.002262,0.001637,0.282937,
0.040000,21.424144,21.424144,3.000000,24.060757,24.060757,0.000000,26.300000,3.000000,0.744800,-0.002343,-0.003469,4.150287,2.784568,2.005464,0.004647,0.008106,62.800000,0.000000,0.316766,-0.001348,-0.000446,0.000895,-0.000243,0.284110,
0.040000,21.570384,21.570384,3.000000,24.348936,24.348936,0.000000,26.400000,3.000000,0.734400,-0.002426,-0.003269,4.150749,2.784919,2.033833,0.004647,0.010265,62.900000,0.000000,0.310210,-0.001089,-0.000464,-0.000791,0.000823,0.285940,
0.040000,21.723963,21.723963,3.000000,24.641966,24.641966,0.000000,26.500000,3.000000,0.731200,-0.002116,-0.003455,4.151750,2.785378,2.061985,0.004488,0.011399,63.000000,0.000000,0.304096,-0.001180,-0.000455,0.001354,-0.000787,0.284548,
0.040000,21.881774,21.881774,3.000000,24.880180,24.880180,0.000000,26.600000,3.000000,0.711600,-0.002161,-0.003488,4.151441,2.784941,2.089807,0.004334,0.011505,63.100000,0.000000,0.298070,-0.001374,-0.000478,-0.000241,0.001027,0.282681,
0.040000,22.041671,22.041671,3.000000,25.079714,25.079714,0.000000,26.700000,3.000000,0.693200,-0.001752,-0.003518,4.152108,2.785650,2.145320,0.004349,0.009261,63.200000,0.000000,0.292124,-0.001252,-0.000499,0.000072,-0.000479,0.279918,
0.040000,22.204034,22.204034,3.000000,25.288929,25.288929,0.000000,26.800000,3.000000,0.783200,-0.001752,-0.003518,4.152108,2.785650,2.145320,0.004349,0.010515,63.300000,0.000000,0.286484,-0.001524,-0.000383,0.001539,-0.000400,0.276406,
0.040000,22.368615,22.368615,3.000000,25.495665,25.495665,0.000000,26.900000,3.000000,0.758000,-0.001633,-0.003504,4.151766,2.784149,2.173254,0.004442,0.022167,63.400000,0.000000,0.280732,-0.001379,-0.000479,-0.000413,0.001419,0.279188,
0.040000,22.531848,22.531848,3.000000,25.633272,25.633272,0.000000,27.000000,3.000000,0.754800,-0.001499,-0.003546,4.152396,2.783496,2.200526,0.004175,0.008479,63.500000,0.000000,0.274963,-0.001134,-0.000450,0.000220,0.000674,0.279285,
0.040000,22.694851,22.694851,3.000000,25.791903,25.791903,0.000000,27.100000,3.000000,0.752800,-0.001384,-0.003520,4.153588,2.784120,2.228075,0.004307,0.008128,63.600000,0.000000,0.269344,-0.001140,-0.000494,0.000092,0.000489,0.275228,
0.040000,22.856189,22.856189,3.000000,25.921625,25.921625,0.000000,27.200000,3.000000,0.755200,-0.001341,-0.003535,4.153066,2.784028,2.255043,0.004580,0.009294,63.700000,0.000000,0.263974,-0.001382,-0.000459,0.000441,0.000301,0.275391,
0.040000,23.012730,23.012730,3.000000,25.987009,25.987009,0.000000,27.300000,3.000000,0.758000,-0.001226,-0.003592,4.153924,2.783503,2.282594,0.004348,0.008042,63.800000,0.000000,0.258798,-0.001261,-0.000396,0.000302,-0.000208,0.271860,
0.040000,23.166650,23.166650,3.000000,26.091124,26.091124,0.000000,27.400000,3.000000,0.733600,-0.001147,-0.003759,4.159614,2.780758,2.337370,0.004362,0.010597,63.900000,0.000000,0.253488,-0.001302,-0.000434,-0.000016,0.000022,0.274115,
0.040000,23.316489,23.316489,2.000000,26.163425,26.163425,0.000000,27.500000,2.000000,0.798400,-0.001147,-0.003759,4.159614,2.780758,2.337370,0.004362,0.010086,64.000000,0.000000,0.247870,-0.001546,-0.000340,-0.001151,-0.000945,0.276682,
0.040000,23.459282,23.459282,2.000000,26.172344,26.172344,0.000000,27.599999,2.000000,0.798000,-0.001108,-0.003585,4.159962,2.779461,2.364657,0.004420,0.021122,64.100000,0.000000,0.242411,-0.001728,-0.000416,0.000087,-0.000183,0.272238,
0.040000,23.599414,23.599414,2.000000,26.261919,26.261919,0.000000,27.700000,2.000000,0.781600,-0.000931,-0.003607,4.159809,2.778525,2.391519,0.004747,0.007741,64.200000,0.000000,0.237380,-0.001566,-0.000395,0.001300,-0.000452,0.272632,
0.040000,23.728990,23.728990,2.000000,26.190947,26.190947,0.000000,27.800000,2.000000,0.780000,-0.000934,-0.003448,4.162435,2.778026,2.418609,0.004470,0.008879,64.300000,0.000000,0.232573,-0.001382,-0.000322,0.000531,0.000323,0.270153,
0.040000,23.855204,23.855204,2.000000,26.253262,26.253262,0.000000,27.900000,2.000000,0.754800,-0.000692,-0.003513,4.161940,2.776913,2.445536,0.004581,0.009238,64.400000,0.000000,0.227522,-0.001636,-0.000371,0.001341,-0.000485,0.270612,
0.040000,23.973496,23.973496,2.000000,26.221056,26.221056,0.000000,28.000000,2.000000,0.769200,-0.000673,-0.003474,4.162236,2.777063,2.472355,0.004637,0.009159,64.500000,0.000000,0.222945,-0.001374,-0.000341,0.000246,0.000735,0.269791,
0.040000,24.083340,24.083340,3.000000,26.170368,26.170368,0.000000,28.099999,3.000000,0.756000,-0.000506,-0.003333,4.163559,2.776334,2.526047,0.004338,0.008054,64.600000,0.000000,0.218506,-0.001407,-0.000323,0.000448,-0.000184,0.268800,
0.040000,24.184625,24.184625,2.000000,26.109039,26.109039,0.000000,28.200000,2.000000,0.805600,-0.000506,-0.003333,4.163559,2.776334,2.526047,0.004338,0.009032,64.700000,0.000000,0.214030,-0.001352,-0.000376,-0.000327,0.000529,0.269350,
0.040000,24.276833,24.276833,2.000000,26.028795,26.028795,0.000000,28.300000,2.000000,0.810400,-0.000481,-0.003449,4.164503,2.775857,2.552939,0.004372,0.018980,64.800000,0.000000,0.209647,-0.001398,-0.000369,0.001421,-0.000520,0.268043,
0.040000,24.359860,24.359860,2.000000,25.937366,25.937366,0.000000,28.400000,2.000000,0.805600,-0.000304,-0.003294,4.162812,2.773741,2.579852,0.004490,0.008715,64.900000,0.000000,0.205290,-0.001401,-0.000355,-0.000090,-0.000610,0.268584,
0.040000,24.432944,24.432944,2.000000,25.821533,25.821533,0.000000,28.500000,2.000000,0.791600,-0.000163,-0.003278,4.164733,2.774161,2.606742,0.004436,0.008743,65.000000,0.000000,0.201272,-0.000839,-0.000323,0.000987,0.000303,0.268922,
0.040000,24.494197,24.494197,2.000000,25.658018,25.658018,0.000000,28.599999,2.000000,0.790000,-0.000185,-0.003259,4.163429,2.773053,2.633754,0.004485,0.007429,65.100000,0.000000,0.197010,-0.001095,-0.000328,0.000514,0.000440,0.268910,
0.040000,24.546647,24.546647,2.000000,25.543186,25.543186,0.000000,28.700000,2.000000,0.776000,-0.000035,-0.003238,4.164552,2.773182,2.660448,0.004287,0.009016,65.200000,0.000000,0.193220,-0.000753,-0.000311,0.000343,-0.000516,0.269661,
0.040000,24.586471,24.586471,2.000000,25.343128,25.343128,0.000000,28.800000,2.000000,0.762800,0.000170,-0.003031,4.167201,2.772295,2.714203,0.004306,0.008155,65.300000,0.000000,0.189213,-0.000869,-0.000344,0.000281,0.000199,0.267978,
0.040000,24.614004,24.614004,2.000000,25.137136,25.137136,0.000000,28.900000,2.000000,0.801600,0.000170,-0.003031,4.167201,2.772295,2.714203,0.004306,0.015774,65.400000,0.000000,0.185226,-0.000925,-0.000291,0.000684,-0.000830,0.267631,
0.040000,24.632040,24.632040,2.000000,24.974714,24.974714,0.000000,29.000000,2.000000,0.786400,0.000209,-0.003034,4.168056,2.772221,2.740804,0.004188,0.021342,65.500000,0.000000,0.181254,-0.000912,-0.000328,0.000965,0.000812,0.269181,
0.040000,24.637005,24.637005,2.000000,24.731354,24.731354,0.000000,29.200000,2.000000,0.798400,0.000212,-0.002985,4.169923,2.772154,2.767561,0.004349,0.008957,65.700000,0.000000,0.177506,-0.000951,-0.000345,0.000323,0.000052,0.267223,
0.040000,24.616654,24.616654,2.000000,24.229973,24.229973,0.000000,29.300000,2.000000,0.781600,0.000354,-0.003060,4.171321,2.771352,2.821332,0.004304,0.008285,65.800000,0.000000,0.173646,-0.001064,-0.000307,0.000386,-0.000459,0.267439,
0.040000,24.584968,24.584968,2.000000,23.982939,23.982939,0.000000,29.400000,2.000000,0.773200,0.000362,-0.002848,4.171244,2.771440,2.848127,0.004372,0.007970,65.900000,0.000000,0.159327,-0.000887,-0.000300,-0.000407,-0.000123,0.268782,
0.040000,24.539819,24.539819,2.000000,23.681978,23.681978,0.000000,29.500000,2.000000,0.784000,0.000638,-0.002813,4.169099,2.770279,2.898437,0.004275,0.011670,66.000000,0.000000,0.156206,-0.000881,-0.000281,0.000941,-0.000450,0.268322,
0.040000,24.483438,24.483438,3.000000,23.412205,23.412205,0.000000,29.599999,3.000000,0.821200,0.000638,-0.002813,4.169099,2.770279,2.898437,0.004275,0.009827,66.100000,0.000000,0.153261,-0.000693,-0.000233,-0.000205,-0.000248,0.264530,
0.040000,24.417487,24.417487,3.000000,23.164423,23.164423,0.000000,29.700000,3.000000,0.814800,0.000772,-0.003049,4.169476,2.770418,2.920296,0.003891,0.020421,66.200000,0.000000,0.150447,-0.000514,-0.000289,0.000571,0.000786,0.250032,
0.040000,24.341718,24.341718,3.000000,22.902111,22.902111,0.000000,29.800000,3.000000,0.796800,0.000891,-0.002816,4.167700,2.769423,2.939970,0.003994,0.008232,66.300000,0.000000,0.147414,-0.000548,-0.000359,-0.001330,0.000731,0.230610,
0.040000,24.258245,24.258245,3.000000,22.672260,22.672260,0.000000,29.900000,3.000000,0.817200,0.001058,-0.002835,4.165008,2.769571,2.957704,0.003961,0.007844,66.400000,0.000000,0.144805,-0.000269,-0.000330,0.000827,0.000663,0.209676,
0.040000,24.169360,24.169360,2.000000,22.480545,22.480545,0.000000,30.000000,2.000000,0.808400,0.001014,-0.002729,4.164816,2.770723,2.973639,0.004003,0.010060,66.500000,0.000000,0.142474,-0.000186,-0.000330,0.000090,0.000974,0.189693,
0.040000,24.074518,24.074518,3.000000,22.272514,22.272514,0.000000,30.099999,3.000000,0.796400,0.001322,-0.002957,4.167416,2.769800,2.988447,0.003571,0.008893,66.600000,0.000000,0.139742,-0.000399,-0.000316,0.000593,-0.000176,0.170942,
0.040000,23.974920,23.974920,3.000000,22.082558,22.082558,0.000000,30.200000,3.000000,0.789600,0.001474,-0.002739,4.165304,2.767094,3.001438,0.003712,0.008428,66.700000,0.000000,0.136448,-0.000297,-0.000395,-0.001294,0.001574,0.156815,
0.040000,23.873076,23.873076,2.000000,21.938044,21.938044,0.000000,30.300000,2.000000,0.798000,0.001433,-0.002607,4.163500,2.770427,3.012818,0.004301,0.009929,66.800000,0.000000,0.134085,0.000300,-0.000357,0.000742,0.001313,0.140193,
0.040000,23.768596,23.768596,2.000000,21.783474,21.783474,0.000000,30.400000,2.000000,0.787600,0.001381,-0.002592,4.162907,2.770407,3.023824,0.004197,0.010036,66.900000,0.000000,0.131882,-0.000308,-0.000235,0.000999,0.000060,0.123877,
0.040000,23.662423,23.662423,5.000000,21.645142,21.645142,0.000000,30.500000,5.000000,0.783200,0.001561,-0.002646,4.163860,2.769756,3.033708,0.004165,0.009102,67.000000,0.000000,0.129394,-0.000283,-0.000250,0.000378,-0.000476,0.115340,
0.040000,23.554817,23.554817,2.000000,21.510292,21.510292,0.000000,30.599999,2.000000,0.779600,0.001503,-0.002663,4.164895,2.770403,3.041996,0.004192,0.010546,67.100000,0.000000,0.126638,-0.000172,-0.000252,-0.000279,0.000777,0.105142,
0.040000,23.446590,23.446590,3.000000,21.390274,21.390274,0.000000,30.700000,3.000000,0.768000,0.001167,-0.002418,4.163566,2.767847,3.050563,0.004068,0.008250,67.200000,0.000000,0.123947,-0.000317,-0.000242,-0.000291,-0.000201,0.091385,
0.040000,23.338200,23.338200,3.000000,21.278791,21.278791,0.000000,30.800000,3.000000,0.747200,0.001451,-0.002533,4.167955,2.768596,3.057444,0.004011,0.009047,67.300000,0.000000,0.121711,0.000217,-0.000260,0.001334,-0.002290,0.087845,
0.040000,23.230416,23.230416,2.000000,21.182518,21.182518,0.000000,30.900000,2.000000,0.760800,0.001463,-0.002364,4.163872,2.771211,3.063793,0.004005,0.010233,67.400000,0.000000,0.118457,-0.000013,-0.000268,-0.000256,0.000779,0.076085,
0.040000,23.123758,23.123758,3.000000,21.097265,21.097265,0.000000,31.000000,3.000000,0.753600,0.001638,-0.002683,4.166097,2.770805,3.075331,0.003897,0.008479,67.500000,0.000000,0.116964,-0.000460,-0.000264,0.000885,0.000272,0.068302,
0.040000,23.017961,23.017961,2.000000,21.007818,21.007818,0.000000,31.099999,2.000000,0.815200,0.001638,-0.002683,4.166097,2.770805,3.075331,0.003897,0.010674,67.600000,0.000000,0.114295,-0.000054,-0.000300,0.000447,0.000635,0.064358,
0.040000,22.913621,22.913621,2.000000,20.931152,20.931152,0.000000,31.200000,2.000000,0.806800,0.001481,-0.002569,4.164115,2.771366,3.080027,0.004106,0.021558,67.700000,0.000000,0.111949,-0.000403,-0.000274,-0.002017,0.000623,0.057625,
0.040000,22.810919,22.810919,2.000000,20.859577,20.859577,0.000000,31.300000,2.000000,0.813600,0.001342,-0.002469,4.164868,2.768260,3.084989,0.004036,0.008085,67.800000,0.000000,0.110135,-0.000480,-0.000227,-0.000110,-0.000810,0.051033,
0.040000,22.710169,22.710169,2.000000,20.795931,20.795931,0.000000,31.400000,2.000000,0.807200,0.001513,-0.002724,4.164114,2.770853,3.088804,0.004205,0.009228,67.900000,0.000000,0.107772,0.000133,-0.000235,0.000531,-0.001243,0.050155,
0.040000,22.611118,22.611118,4.000000,20.729141,20.729141,0.000000,31.500000,4.000000,0.800800,0.001692,-0.002532,4.166094,2.769705,3.092518,0.003803,0.008906,68.000000,0.000000,0.105820,-0.000373,-0.000198,-0.001406,0.000517,0.042740,
0.040000,22.514003,22.514003,2.000000,20.668814,20.668814,0.000000,31.599999,2.000000,0.803600,0.001643,-0.002682,4.167168,2.769319,3.097172,0.003728,0.010976,68.100000,0.000000,0.103326,-0.000159,-0.000274,0.000610,0.001244,0.039279,
0.040000,22.418566,22.418566,2.000000,20.605265,20.605265,0.000000,31.700000,2.000000,0.810000,0.001514,-0.002491,4.166335,2.769115,3.100529,0.003870,0.012034,68.200000,0.000000,0.101068,-0.000090,-0.000283,-0.000743,0.000099,0.043769,
0.040000,22.324770,22.324770,3.000000,20.542654,20.542654,0.000000,31.800000,3.000000,0.814000,0.001559,-0.002227,4.166320,2.769992,3.104414,0.003878,0.008350,68.300000,0.000000,0.099233,-0.000041,-0.000249,0.000865,-0.000814,0.037463,
0.040000,22.232464,22.232464,2.000000,20.478642,20.478642,0.000000,31.900000,2.000000,0.806000,0.001745,-0.002433,4.169518,2.768886,3.108494,0.003966,0.008765,68.400000,0.000000,0.097282,-0.000213,-0.000243,0.001926,-0.000090,0.038321,
0.040000,22.141691,22.141691,3.000000,20.417011,20.417011,0.000000,32.099999,3.000000,0.793600,0.002035,-0.002564,4.170395,2.771924,3.111894,0.003986,0.010119,68.600000,0.000000,0.094719,-0.000014,-0.000222,-0.000577,0.001054,0.039854,
0.040000,22.049609,22.049609,2.000000,20.300047,20.300047,0.000000,32.200000,2.000000,0.800800,0.001614,-0.002520,4.170068,2.769918,3.119881,0.004069,0.009696,68.700000,0.000000,0.092693,-0.000620,-0.000215,-0.001073,0.002146,0.036241,
0.040000,21.959042,21.959042,2.000000,20.238268,20.238268,0.000000,32.300000,2.000000,0.794000,0.001615,-0.002394,4.165640,2.769714,3.123287,0.003915,0.007348,68.800000,0.000000,0.085498,0.000222,-0.000163,0.000085,-0.001982,0.039742,
0.040000,21.869801,21.869801,2.000000,20.174234,20.174234,0.000000,32.400000,2.000000,0.810000,0.001560,-0.002290,4.169996,2.768906,3.127442,0.004081,0.008522,68.900000,0.000000,0.084686,0.000277,-0.000189,0.000704,-0.000929,0.036600,
0.040000,21.781962,21.781962,3.000000,20.113016,20.113016,0.000000,32.500000,3.000000,0.794000,0.001728,-0.002572,4.166705,2.771292,3.130552,0.003762,0.010579,69.000000,0.000000,0.082157,0.000415,-0.000153,0.000870,-0.000759,0.039609,
0.040000,21.695594,21.695594,2.000000,20.054592,20.054592,0.000000,32.600000,2.000000,0.794400,0.001807,-0.002301,4.169947,2.771199,3.134394,0.003795,0.008834,69.100000,0.000000,0.081193,-0.000054,-0.000213,-0.001438,0.000698,0.034367,
0.040000,21.610542,21.610542,3.000000,19.994556,19.994556,0.000000,32.700000,3.000000,0.800000,0.001774,-0.002256,4.170725,2.769104,3.137767,0.004087,0.009863,69.200000,0.000000,0.078955,-0.000042,-0.000204,0.001083,0.000697,0.036872,
0.040000,21.526579,21.526579,2.000000,19.931288,19.931288,0.000000,32.900000,2.000000,0.800000,0.001778,-0.002374,4.169983,2.769398,-3.141343,0.003901,0.009411,69.400000,0.000000,0.077242,0.000371,-0.000141,0.000652,0.000016,0.034925,
0.040000,21.440719,21.440719,3.000000,19.809368,19.809368,0.000000,33.000000,3.000000,0.778000,0.001759,-0.002115,4.170127,2.769914,-3.134336,0.004145,0.010982,69.500000,0.000000,0.075866,0.000306,-0.000175,-0.000523,-0.000029,0.038530,
0.040000,21.356108,21.356108,2.000000,19.748510,19.748510,0.000000,33.100000,2.000000,0.804000,0.002017,-0.002182,4.172907,2.771985,-3.130555,0.004391,0.008009,69.600000,0.000000,0.069850,0.000079,-0.000066,0.001144,-0.000164,0.035214,
0.040000,21.273099,21.273099,3.000000,19.695927,19.695927,0.000000,33.200000,3.000000,0.784400,0.001622,-0.002310,4.169099,2.771089,-3.127521,0.004003,0.010080,69.700000,0.000000,0.067929,-0.000325,-0.000018,0.000100,0.001305,0.036655,
0.040000,21.195097,21.195097,4.000000,19.713064,19.713064,0.000000,33.300000,4.000000,0.772000,0.001831,-0.002265,4.167148,2.770168,-3.125931,0.004495,0.016678,69.800000,0.000000,0.067344,-0.000151,-0.000092,-0.000775,-0.001933,0.032807,
0.040000,21.120613,21.120613,4.000000,19.705414,19.705414,0.000000,33.400000,4.000000,0.767600,0.001553,-0.002426,4.169113,2.769276,-3.126569,0.003749,0.008518,69.900000,0.000000,0.066407,0.000027,0.000007,-0.000034,0.000529,0.022384,
0.040000,21.050672,21.050672,3.000000,19.721786,19.721786,0.000000,33.500000,3.000000,0.783200,0.001879,-0.002202,4.161471,2.768696,-3.128355,0.003829,0.010921,70.000000,0.000000,0.064718,0.000209,-0.000140,-0.000998,-0.001507,0.004606,
0.040000,20.985905,20.985905,5.000000,19.755335,19.755335,0.000000,33.600000,5.000000,0.818000,0.001754,-0.002261,4.138167,2.771240,-3.129978,0.004126,0.009249,70.100000,0.000000,0.064949,0.000296,-0.000119,0.001018,0.001464,-0.009271,
0.040000,20.925792,20.925792,4.000000,19.783646,19.783646,0.000000,33.700000,4.000000,0.747600,0.001905,-0.002241,4.098268,2.769649,-3.122865,0.004193,0.011320,70.200000,0.000000,0.068249,-0.000271,-0.000051,0.000042,-0.000191,-0.013574,
0.040000,20.882448,20.882448,5.000000,20.058905,20.058905,0.000000,33.800000,5.000000,0.696400,0.002658,-0.002329,3.955577,2.766127,-3.091003,0.002628,0.012202,70.300000,0.000000,0.074760,-0.000044,-0.000022,0.000060,0.000761,0.038779,
0.040000,20.856834,20.856834,3.000000,20.370171,20.370171,0.000000,33.900000,3.000000,0.739200,0.002658,-0.002329,3.955577,2.766127,-3.091003,0.002628,0.011146,70.400000,0.000000,0.085539,-0.000164,-0.000046,-0.002227,-0.001576,0.110819,
0.040000,20.844424,20.844424,4.000000,20.608641,20.608641,0.000000,34.000000,4.000000,0.692800,0.002556,-0.002180,3.874318,2.762169,-3.078618,0.002742,0.023692,70.500000,0.000000,0.099704,-0.000118,-0.000280,0.000473,0.005439,0.143253,
0.040000,20.842152,20.842152,4.000000,20.798983,20.798983,0.000000,34.100000,4.000000,0.651200,0.001920,-0.001877,3.709321,2.749989,-3.064512,0.002000,0.011089,70.600000,0.000000,0.113761,-0.000147,-0.000209,0.000902,0.001273,0.131260,
0.040000,20.846845,20.846845,4.000000,20.936003,20.936003,0.000000,34.200000,4.000000,0.715200,0.001920,-0.001877,3.709321,2.749989,-3.064512,0.002000,0.011034,70.700000,0.000000,0.128139,-0.000092,-0.000110,0.001995,-0.005777,0.103258,
0.040000,20.855810,20.855810,4.000000,21.026161,21.026161,0.000000,34.300000,4.000000,0.659200,0.002064,-0.001584,3.626578,2.745003,-3.062531,0.001420,0.020721,70.800000,0.000000,0.141585,0.000070,-0.000282,0.000810,-0.000047,0.073486,
0.040000,20.866911,20.866911,4.000000,21.077822,21.077822,0.000000,34.400000,4.000000,0.645200,0.002050,-0.001512,3.465127,2.731669,-3.064530,0.000431,0.009461,70.900000,0.000000,0.155126,-0.000207,-0.000359,0.002099,0.000855,0.040317,
0.040000,20.878155,20.878155,3.000000,21.091787,21.091787,0.000000,34.500000,3.000000,0.725600,0.002050,-0.001512,3.465127,2.731669,-3.064530,0.000431,0.009300,71.000000,0.000000,0.168201,-0.000258,-0.000085,0.001600,-0.002043,0.014967,
0.040000,20.888997,20.888997,3.000000,21.095003,21.095003,0.000000,34.600000,3.000000,0.659200,0.002152,-0.001416,3.384774,2.725502,-3.067873,0.000314,0.021162,71.100000,0.000000,0.180682,-0.000090,-0.000486,0.000283,0.001517,-0.006204,
0.040000,20.898592,20.898592,3.000000,21.080893,21.080893,0.000000,34.700000,3.000000,0.645600,0.001517,-0.001512,3.222196,2.713980,-3.077827,0.000840,0.010027,71.200000,0.000000,0.193008,-0.000096,-0.000467,0.000744,0.001240,-0.023034,
0.040000,20.906149,20.906149,2.000000,21.049725,21.049725,0.000000,34.800000,2.000000,0.734800,0.001517,-0.001512,3.222196,2.713980,-3.077827,0.000840,0.008374,71.300000,0.000000,0.205152,-0.000154,-0.000198,-0.000580,-0.000153,-0.037165,
0.040000,20.910946,20.910946,3.000000,21.002104,21.002104,0.000000,34.900000,3.000000,0.682000,0.001473,-0.001543,3.141265,2.709405,-3.084011,0.000715,0.023877,71.400000,0.000000,0.217296,-0.000112,-0.000282,0.000169,-0.003258,-0.047349,
0.040000,20.913466,20.913466,3.000000,20.961336,20.961336,0.000000,35.000000,3.000000,0.631200,0.001883,-0.001767,2.982507,2.701159,-3.097083,-0.000823,0.007530,71.500000,0.000000,0.228998,-0.000227,-0.000277,-0.000075,-0.001464,-0.056310,
0.040000,20.913381,20.913381,2.000000,20.911774,20.911774,0.000000,35.100000,2.000000,0.719200,0.001883,-0.001767,2.982507,2.701159,-3.097083,-0.000823,0.008453,71.600000,0.000000,0.240375,-0.000308,-0.000288,-0.003998,-0.001003,-0.060954,
0.040000,20.910610,20.910610,3.000000,20.857954,20.857954,0.000000,35.200000,3.000000,0.664400,0.001561,-0.001782,2.901398,2.697742,-3.103652,-0.000373,0.022226,71.700000,0.000000,0.251102,-0.000295,-0.000525,0.001186,0.002753,-0.064621,
0.040000,20.905700,20.905700,2.000000,20.812405,20.812405,0.000000,35.300000,2.000000,0.671200,0.001453,-0.001822,2.742914,2.693549,-3.115557,-0.000865,0.008797,71.800000,0.000000,0.262166,-0.000328,-0.000396,0.000431,-0.000869,-0.065283,
0.040000,20.899086,20.899086,2.000000,20.773436,20.773436,0.000000,35.400000,2.000000,0.726400,0.001453,-0.001822,2.742914,2.693549,-3.115557,-0.000865,0.009105,71.900000,0.000000,0.273018,-0.000542,-0.000378,-0.000394,-0.005634,-0.062514,
0.040000,20.891292,20.891292,2.000000,20.743204,20.743204,0.000000,35.500000,2.000000,0.693600,0.001267,-0.001792,2.662883,2.691362,-3.120722,-0.001603,0.019005,72.000000,0.000000,0.282892,-0.000578,-0.000442,0.000239,0.002624,-0.059878,
0.040000,20.882811,20.882811,3.000000,20.721668,20.721668,0.000000,35.700000,3.000000,0.658400,0.000915,-0.001791,2.425694,2.687387,-3.132133,-0.001414,0.008070,72.200000,0.000000,0.293112,-0.000546,-0.000556,0.000319,-0.000091,-0.054793,
0.040000,20.881637,20.881637,2.000000,20.859331,20.859331,0.000000,35.800000,2.000000,0.708400,0.000915,-0.001791,2.425694,2.687387,-3.132133,-0.001414,0.008939,72.300000,0.000000,0.303067,-0.000569,-0.000653,-0.000348,-0.001170,-0.048173,
0.040000,20.885377,20.885377,2.000000,20.956432,20.956432,0.000000,35.900000,2.000000,0.692400,0.000848,-0.001778,2.346524,2.687018,-3.134788,-0.001907,0.019859,72.400000,0.000000,0.341167,-0.000567,-0.000207,0.000406,-0.000760,-0.035696,
0.040000,20.893371,20.893371,3.000000,21.045250,21.045250,0.000000,36.100000,3.000000,0.670000,0.000447,-0.001851,2.106820,2.686328,-3.139352,-0.002356,0.008153,72.600000,0.000000,0.350028,-0.000631,-0.000286,0.000265,-0.000685,-0.030639,
0.040000,20.908308,20.908308,2.000000,21.192114,21.192114,0.000000,36.200000,2.000000,0.720000,0.000447,-0.001851,2.106820,2.686328,-3.139352,-0.002356,0.020890,72.700000,0.000000,0.359039,-0.000585,-0.000273,-0.000200,0.000023,-0.024703,
0.040000,20.925469,20.925469,2.000000,21.251543,21.251543,0.000000,36.300000,2.000000,0.686800,0.000290,-0.001786,2.027709,2.685131,-3.139807,-0.002249,0.021660,72.800000,0.000000,0.393192,-0.000844,-0.000361,-0.000104,-0.002086,-0.013014,
0.040000,20.944439,20.944439,2.000000,21.304852,21.304852,0.000000,36.400000,2.000000,0.668000,-0.000032,-0.001893,1.866179,2.685287,-3.139736,-0.003912,0.009742,72.900000,0.000000,0.400997,-0.000628,-0.000325,0.000315,-0.001797,-0.008337,
0.040000,20.964734,20.964734,2.000000,21.350351,21.350351,0.000000,36.500000,2.000000,0.740000,-0.000032,-0.001893,1.866179,2.685287,-3.139736,-0.003912,0.010408,73.000000,0.000000,0.408939,-0.000795,-0.000458,-0.000502,0.000892,-0.004960,
0.040000,20.986085,20.986085,2.000000,21.391758,21.391758,0.000000,36.600000,2.000000,0.694000,-0.000009,-0.001877,1.786932,2.685063,-3.139156,-0.003457,0.019088,73.100000,0.000000,0.416802,-0.000682,-0.000623,-0.000215,-0.003263,0.000250,
0.040000,21.008049,21.008049,2.000000,21.425360,21.425360,0.000000,36.700000,2.000000,0.689600,-0.000314,-0.001793,1.626129,2.684504,-3.137381,-0.004258,0.008733,73.200000,0.000000,0.424179,-0.000654,-0.000522,0.000018,-0.001113,0.003680,
0.040000,21.030533,21.030533,2.000000,21.457731,21.457731,0.000000,36.800000,2.000000,0.733600,-0.000314,-0.001793,1.626129,2.684504,-3.137381,-0.004258,0.007997,73.300000,0.000000,0.431515,-0.000625,-0.000663,0.000846,-0.000665,0.006436,
0.040000,21.053304,21.053304,2.000000,21.485939,21.485939,0.000000,36.900000,2.000000,0.698400,-0.000190,-0.001785,1.547005,2.683474,-3.136113,-0.004192,0.018667,73.400000,0.000000,0.438958,-0.000608,-0.000657,0.000000,-0.001917,0.008393,
0.040000,21.076151,21.076151,2.000000,21.510260,21.510260,0.000000,37.000000,2.000000,0.670400,-0.000042,-0.001855,1.386763,2.682879,-3.133261,-0.003906,0.007748,73.500000,0.000000,0.445882,-0.000459,-0.000636,0.000053,0.000023,0.011042,
0.040000,21.099059,21.099059,2.000000,21.534307,21.534307,0.000000,37.100000,2.000000,0.739600,-0.000042,-0.001855,1.386763,2.682879,-3.133261,-0.003906,0.008084,73.600000,0.000000,0.453011,-0.000603,-0.000701,0.000075,-0.000988,0.012643,
0.040000,21.122045,21.122045,2.000000,21.558784,21.558784,0.000000,37.200000,2.000000,0.719200,-0.000171,-0.001714,1.305228,2.682355,-3.131886,-0.004093,0.018973,73.700000,0.000000,0.459716,-0.000516,-0.000562,-0.000454,0.001502,0.014036,
0.040000,21.145275,21.145275,2.000000,21.586628,21.586628,0.000000,37.300000,2.000000,0.690400,-0.000366,-0.001724,1.144889,2.680703,-3.129563,-0.004276,0.008043,73.800000,0.000000,0.466711,-0.000536,-0.000588,0.000701,-0.000239,0.013856,
0.040000,21.168933,21.168933,2.000000,21.618450,21.618450,0.000000,37.400000,2.000000,0.748400,-0.000366,-0.001724,1.144889,2.680703,-3.129563,-0.004276,0.009724,73.900000,0.000000,0.473150,-0.000572,-0.000524,-0.000392,-0.000834,0.012908,
0.040000,21.193071,21.193071,2.000000,21.651678,21.651678,0.000000,37.500000,2.000000,0.710800,-0.000549,-0.001700,1.064677,2.679378,-3.128488,-0.003819,0.018091,74.000000,0.000000,0.479770,-0.000515,-0.000610,0.000450,-0.000806,0.011670,
0.040000,21.218047,21.218047,2.000000,21.692593,21.692593,0.000000,37.600000,2.000000,0.684000,-0.000997,-0.001699,0.903399,2.677568,-3.126619,-0.003621,0.009923,74.100000,0.000000,0.486117,-0.000434,-0.000513,0.000324,-0.001450,0.011103,
0.040000,21.245079,21.245079,2.000000,21.758696,21.758696,0.000000,37.700000,2.000000,0.753600,-0.000997,-0.001699,0.903399,2.677568,-3.126619,-0.003621,0.023256,74.200000,0.000000,0.492569,-0.000522,-0.000610,-0.000425,-0.002575,0.009915,
0.040000,21.273812,21.273812,2.000000,21.819729,21.819729,0.000000,37.800000,2.000000,0.689200,-0.001102,-0.001656,0.822775,2.675794,-3.125898,-0.003364,0.018398,74.300000,0.000000,0.498606,-0.000489,-0.000475,0.000403,-0.001755,0.009658,
0.040000,21.304146,21.304146,2.000000,21.880507,21.880507,0.000000,37.900000,2.000000,0.683200,-0.000673,-0.001628,0.662275,2.673315,-3.125024,-0.004676,0.009017,74.400000,0.000000,0.504669,-0.000368,-0.000430,0.000420,-0.001324,0.008145,
0.040000,21.335918,21.335918,2.000000,21.939581,21.939581,0.000000,38.000000,2.000000,0.766000,-0.000673,-0.001628,0.662275,2.673315,-3.125024,-0.004676,0.008799,74.500000,0.000000,0.510542,-0.000423,-0.000560,-0.000191,-0.001208,0.006374,
0.040000,21.369015,21.369015,2.000000,21.997866,21.997866,0.000000,38.100000,2.000000,0.716400,-0.000880,-0.001599,0.582321,2.672269,-3.124744,-0.004270,0.022363,74.600000,0.000000,0.516294,-0.000368,-0.000706,0.000461,0.002881,0.004573,
0.040000,21.403360,21.403360,2.000000,22.055904,22.055904,0.000000,38.200000,2.000000,0.682000,-0.001179,-0.001518,0.421261,2.668957,-3.124212,-0.003470,0.007799,74.700000,0.000000,0.521878,-0.000416,-0.000623,0.000357,-0.000183,0.003481,
0.040000,21.438864,21.438864,1.000000,22.113445,22.113445,0.000000,38.300000,1.000000,0.794000,-0.001179,-0.001518,0.421261,2.668957,-3.124212,-0.003470,0.008640,74.800000,0.000000,0.527587,-0.000295,-0.000560,0.000273,-0.002121,0.003123,
0.040000,21.475404,21.475404,2.000000,22.169659,22.169659,0.000000,38.400000,2.000000,0.729200,-0.001182,-0.001486,0.341776,2.667377,-3.124079,-0.003903,0.020081,74.900000,0.000000,0.532947,-0.000289,-0.000475,0.000472,-0.000612,0.002681,
0.040000,21.512823,21.512823,2.000000,22.223785,22.223785,0.000000,38.500000,2.000000,0.682800,-0.001345,-0.001469,0.180380,2.665090,-3.124251,-0.003836,0.008722,75.000000,0.000000,0.538115,-0.000244,-0.000569,0.000377,-0.000252,0.001848,
0.040000,21.550996,21.550996,3.000000,22.276283,22.276283,0.000000,38.600000,3.000000,0.784800,-0.001345,-0.001469,0.180380,2.665090,-3.124251,-0.003836,0.009988,75.100000,0.000000,0.543498,-0.000281,-0.000424,0.000259,-0.002248,0.000642,
0.040000,21.589925,21.589925,3.000000,22.329580,22.329580,0.000000,38.800000,3.000000,0.694800,-0.001471,-0.001862,-0.037236,2.662258,-3.119068,-0.003670,0.018781,75.300000,0.000000,0.548618,-0.000340,-0.000580,0.000090,0.000289,-0.000756,
0.040000,21.634785,21.634785,1.000000,22.487125,22.487125,0.000000,38.900000,1.000000,0.772400,-0.001471,-0.001862,-0.037236,2.662258,-3.119068,-0.003670,0.010845,75.400000,0.000000,0.434098,0.011242,-0.008692,-0.002937,0.000087,0.167099,
0.040000,21.690319,21.690319,4.000000,22.745462,22.745462,0.000000,39.000000,4.000000,0.764400,-0.001364,-0.002226,-0.079788,2.661624,-3.102101,-0.004839,0.020947,75.500000,0.000000,0.564033,-0.000752,-0.000957,-0.001866,0.001492,0.024954,
0.040000,21.757180,21.757180,3.000000,23.027536,23.027536,0.000000,39.100000,3.000000,0.758000,-0.001537,-0.002042,-0.106790,2.657806,-3.082997,-0.004128,0.008424,75.600000,0.000000,0.561310,-0.000801,-0.001181,-0.002713,0.001067,0.104988,
0.040000,21.833823,21.833823,3.000000,23.290045,23.290045,0.000000,39.200000,3.000000,0.734800,-0.001407,-0.002065,-0.113851,2.659113,-3.063857,-0.003978,0.008486,75.700000,0.000000,0.555608,-0.000245,-0.001024,0.000224,-0.000881,0.157329,
0.040000,21.917892,21.917892,3.000000,23.515202,23.515202,0.000000,39.300000,3.000000,0.751600,-0.001072,-0.002065,-0.114602,2.657898,-3.046287,-0.005157,0.009481,75.800000,0.000000,0.546051,-0.000578,-0.000977,0.000120,0.000221,0.178339,
0.040000,22.008722,22.008722,3.000000,23.734489,23.734489,0.000000,39.400000,3.000000,0.738400,-0.001446,-0.002188,-0.116078,2.658304,-3.028431,-0.004773,0.008776,75.900000,0.000000,0.535473,-0.000339,-0.001189,0.000182,0.001928,0.176711,
0.040000,22.106560,22.106560,3.000000,23.965488,23.965488,0.000000,39.500000,3.000000,0.734000,-0.001333,-0.002133,-0.115355,2.659762,-3.009236,-0.004234,0.008541,76.000000,0.000000,0.525217,-0.000440,-0.001091,-0.000550,-0.001808,0.177849,
0.040000,22.211558,22.211558,3.000000,24.206512,24.206512,0.000000,39.600000,3.000000,0.726800,-0.001197,-0.001959,-0.116651,2.658341,-2.988623,-0.004491,0.008646,76.100000,0.000000,0.514705,-0.000701,-0.000964,0.000294,-0.000250,0.186563,
0.040000,22.324243,22.324243,4.000000,24.465260,24.465260,0.000000,39.700000,4.000000,0.743600,-0.001239,-0.002332,-0.116971,2.659054,-2.943220,-0.005243,0.009874,76.200000,0.000000,0.504861,-0.000443,-0.000995,0.001344,0.000485,0.198662,
0.040000,22.443764,22.443764,3.000000,24.714655,24.714655,0.000000,39.800000,3.000000,0.811200,-0.001239,-0.002332,-0.116971,2.659054,-2.943220,-0.005243,0.008763,76.300000,0.000000,0.494722,-0.000262,-0.000682,-0.000197,-0.002220,0.211365,
0.040000,22.569913,22.569913,3.000000,24.966761,24.966761,0.000000,39.900000,3.000000,0.814800,-0.001238,-0.002447,-0.118637,2.659907,-2.918363,-0.004972,0.020515,76.400000,0.000000,0.485208,-0.000582,-0.001111,-0.001280,0.000701,0.225852,
0.040000,22.702707,22.702707,4.000000,25.225780,25.225780,0.000000,40.000000,4.000000,0.808400,-0.001122,-0.002452,-0.119038,2.660536,-2.892652,-0.004960,0.008972,76.500000,0.000000,0.475937,-0.000800,-0.001036,-0.001012,-0.000094,0.239893,
0.040000,22.840992,22.840992,3.000000,25.468418,25.468418,0.000000,40.100000,3.000000,0.770400,-0.001153,-0.002707,-0.119021,2.660682,-2.865860,-0.004675,0.010161,76.600000,0.000000,0.466608,-0.000923,-0.001014,-0.000230,0.000296,0.250539,
0.040000,22.984383,22.984383,4.000000,25.708801,25.708801,0.000000,40.200000,4.000000,0.782800,-0.001017,-0.002527,-0.120001,2.659816,-2.838399,-0.004970,0.011271,76.700000,0.000000,0.457402,-0.000932,-0.000938,-0.001471,-0.000510,0.261277,
0.040000,23.131597,23.131597,4.000000,25.928671,25.928671,0.000000,40.300000,4.000000,0.762400,-0.000926,-0.002656,-0.121256,2.660726,-2.810260,-0.005411,0.010599,76.800000,0.000000,0.448618,-0.000802,-0.000978,0.000730,0.000204,0.269519,
0.040000,23.281437,23.281437,3.000000,26.128393,26.128393,0.000000,40.400000,3.000000,0.733600,-0.000189,-0.002515,-0.122846,2.661985,-2.753482,-0.007283,0.011023,76.900000,0.000000,0.439955,-0.001031,-0.001046,-0.000349,0.000187,0.276858,
0.040000,23.432620,23.432620,3.000000,26.305105,26.305105,0.000000,40.500000,3.000000,0.830000,-0.000189,-0.002515,-0.122846,2.661985,-2.753482,-0.007283,0.009326,77.000000,0.000000,0.431213,-0.001386,-0.000832,0.002318,-0.000963,0.281429,
0.040000,23.584575,23.584575,3.000000,26.471712,26.471712,0.000000,40.600000,3.000000,0.822000,-0.000506,-0.002535,-0.121177,2.662058,-2.724770,-0.005315,0.023527,77.100000,0.000000,0.422991,-0.001327,-0.001379,-0.000414,0.004371,0.282733,
0.040000,23.735649,23.735649,3.000000,26.606050,26.606050,0.000000,40.700000,3.000000,0.818800,-0.000586,-0.002444,-0.123336,2.661298,-2.696540,-0.004634,0.007720,77.200000,0.000000,0.414337,-0.001191,-0.000964,-0.000219,-0.000742,0.285441,
0.040000,23.886295,23.886295,4.000000,26.748573,26.748573,0.000000,40.800000,4.000000,0.820000,-0.000374,-0.002686,-0.123051,2.663639,-2.668283,-0.005628,0.007803,77.300000,0.000000,0.406613,-0.001203,-0.000811,0.000572,-0.001210,0.283498,
0.040000,24.033905,24.033905,4.000000,26.838495,26.838495,0.000000,40.900000,4.000000,0.830400,-0.000438,-0.002574,-0.121489,2.662106,-2.640149,-0.005476,0.008795,77.400000,0.000000,0.398340,-0.001572,-0.000991,-0.001195,0.000399,0.282925,
0.040000,24.178933,24.178933,5.000000,26.934458,26.934458,0.000000,41.000000,5.000000,0.821200,-0.000499,-0.002635,-0.120177,2.661619,-2.612081,-0.004826,0.009620,77.500000,0.000000,0.390343,-0.001131,-0.000941,0.000306,-0.000699,0.281942,
0.040000,24.320097,24.320097,5.000000,27.002226,27.002226,0.000000,41.100000,5.000000,0.832400,-0.000343,-0.002487,-0.114539,2.659591,-2.555866,-0.005098,0.011477,77.600000,0.000000,0.382458,-0.000900,-0.000793,-0.000176,-0.001097,0.281162,
0.040000,24.456261,24.456261,4.000000,27.043375,27.043375,0.000000,41.200000,4.000000,0.854800,-0.000343,-0.002487,-0.114539,2.659591,-2.555866,-0.005098,0.011505,77.700000,0.000000,0.374349,-0.000262,-0.000976,0.000314,0.001012,0.282097,
0.040000,24.586201,24.586201,3.000000,27.055067,27.055067,0.000000,41.300000,3.000000,0.860000,-0.000236,-0.002365,-0.117059,2.659992,-2.528754,-0.004660,0.022935,77.800000,0.000000,0.366768,0.000036,-0.000809,0.000761,-0.000972,0.280479,
0.040000,24.709286,24.709286,3.000000,27.047897,27.047897,0.000000,41.400000,3.000000,0.859200,-0.000592,-0.002611,-0.118342,2.659844,-2.501335,-0.003783,0.009030,77.900000,0.000000,0.359898,-0.000306,-0.000708,0.001092,-0.000120,0.274696,
0.040000,24.826607,24.826607,3.000000,27.055693,27.055693,0.000000,41.500000,3.000000,0.860400,-0.000238,-0.002472,-0.116928,2.656802,-2.473415,-0.004173,0.009025,78.000000,0.000000,0.353015,-0.000422,-0.000521,-0.001033,-0.002666,0.274379,
0.040000,24.937152,24.937152,4.000000,27.037518,27.037518,0.000000,41.600000,4.000000,0.840800,0.000073,-0.002273,-0.116490,2.657575,-2.445774,-0.005453,0.010685,78.100000,0.000000,0.346179,0.000235,-0.000586,0.000536,0.000732,0.277363,
0.040000,25.038554,25.038554,3.000000,26.965193,26.965193,0.000000,41.700000,3.000000,0.846800,0.000453,-0.002231,-0.116462,2.657988,-2.418710,-0.005654,0.021988,78.200000,0.000000,0.339179,0.000165,-0.000827,0.001450,0.001796,0.276776,
0.040000,25.133991,25.133991,3.000000,26.947298,26.947298,0.000000,41.800000,3.000000,0.852800,0.000575,-0.002562,-0.117544,2.657715,-2.364428,-0.005785,0.008299,78.300000,0.000000,0.332423,0.000103,-0.000851,0.000766,0.002657,0.272986,
0.040000,25.219501,25.219501,2.000000,26.844181,26.844181,0.000000,41.900000,2.000000,0.876000,0.000575,-0.002562,-0.117544,2.657715,-2.364428,-0.005785,0.010487,78.400000,0.000000,0.326121,0.000186,-0.000755,0.000793,0.000230,0.271249,
0.040000,25.295631,25.295631,3.000000,26.742102,26.742102,0.000000,42.000000,3.000000,0.875600,0.001151,-0.002252,-0.115162,2.658673,-2.337543,-0.007507,0.021665,78.500000,0.000000,0.319604,-0.000002,-0.000845,-0.002394,0.000868,0.272115,
0.040000,25.359158,25.359158,3.000000,26.566175,26.566175,0.000000,42.100000,3.000000,0.860000,0.000813,-0.002272,-0.116938,2.658519,-2.310297,-0.006499,0.009143,78.600000,0.000000,0.312821,0.000194,-0.001169,0.000860,0.003492,0.270105,
0.040000,25.415187,25.415187,3.000000,26.479734,26.479734,0.000000,42.200000,3.000000,0.870400,0.001162,-0.002312,-0.117209,2.659234,-2.283005,-0.006809,0.010751,78.700000,0.000000,0.306905,-0.000042,-0.000947,0.000041,-0.001137,0.271554,
0.040000,25.459662,25.459662,2.000000,26.304680,26.304680,0.000000,42.300000,2.000000,0.866800,0.001172,-0.002294,-0.113414,2.659380,-2.255936,-0.006608,0.008053,78.800000,0.000000,0.300772,-0.000176,-0.000989,-0.000402,0.001335,0.272402,
0.040000,25.489883,25.489883,3.000000,26.064087,26.064087,0.000000,42.400000,3.000000,0.858400,0.000669,-0.002001,-0.114397,2.659518,-2.229061,-0.005618,0.008601,78.900000,0.000000,0.294316,0.000376,-0.000929,-0.000233,0.000187,0.271345,
0.040000,25.510853,25.510853,3.000000,25.909285,25.909285,0.000000,42.500000,3.000000,0.856400,0.000806,-0.002475,-0.111830,2.663962,-2.174672,-0.004265,0.008829,79.000000,0.000000,0.288601,0.000201,-0.000716,0.001566,-0.003393,0.269732,
0.040000,25.520678,25.520678,2.000000,25.707355,25.707355,0.000000,42.600000,2.000000,0.875600,0.000806,-0.002475,-0.111830,2.663962,-2.174672,-0.004265,0.011370,79.100000,0.000000,0.282272,0.000033,-0.000667,-0.000305,-0.000750,0.270890,
0.040000,25.519643,25.519643,2.000000,25.499973,25.499973,0.000000,42.700000,2.000000,0.880400,0.001013,-0.002290,-0.111560,2.665486,-2.147799,-0.004605,0.020862,79.200000,0.000000,0.276312,0.000070,-0.000422,-0.002405,-0.000724,0.271756,
0.040000,25.513584,25.513584,2.000000,25.398468,25.398468,0.000000,42.800000,2.000000,0.861200,0.001035,-0.002068,-0.110513,2.666119,-2.120818,-0.005434,0.007842,79.300000,0.000000,0.270572,-0.000058,-0.000481,0.000078,0.000612,0.269884,
0.040000,25.502124,25.502124,2.000000,25.284382,25.284382,0.000000,42.900000,2.000000,0.845600,0.000836,-0.001866,-0.110204,2.667384,-2.093900,-0.004945,0.007756,79.400000,0.000000,0.265005,0.000048,-0.000636,0.001230,0.000003,0.269841,
0.040000,25.490416,25.490416,2.000000,25.267958,25.267958,0.000000,43.000000,2.000000,0.853200,0.000984,-0.001990,-0.110152,2.669790,-2.067000,-0.004905,0.007863,79.500000,0.000000,0.259520,-0.000031,-0.000527,0.001560,-0.001555,0.269430,
0.040000,25.474370,25.474370,2.000000,25.169497,25.169497,0.000000,43.100000,2.000000,0.844800,0.001196,-0.001721,-0.108068,2.670871,-2.039892,-0.005335,0.008415,79.600000,0.000000,0.253972,-0.000260,-0.000509,-0.000323,-0.000001,0.269167,
0.040000,25.454977,25.454977,3.000000,25.086514,25.086514,0.000000,43.200000,3.000000,0.842800,0.001150,-0.001649,-0.107249,2.674601,-1.986009,-0.004992,0.007566,79.700000,0.000000,0.248566,0.000006,-0.000584,0.001357,0.001000,0.270346,
0.040000,25.431917,25.431917,2.000000,24.993788,24.993788,0.000000,43.300000,2.000000,0.870400,0.001150,-0.001649,-0.107249,2.674601,-1.986009,-0.004992,0.009078,79.800000,0.000000,0.243420,-0.000199,-0.000574,0.000259,0.000265,0.268945,
0.040000,25.405734,25.405734,3.000000,24.908251,24.908251,0.000000,43.500000,3.000000,0.869200,0.001256,-0.001536,-0.106714,2.675569,-1.959046,-0.005326,0.017689,80.000000,0.000000,0.238106,-0.000166,-0.000495,0.000406,-0.000635,0.270064,
0.040000,25.368571,25.368571,2.000000,24.662462,24.662462,0.000000,43.600000,2.000000,0.858400,0.001535,-0.001405,-0.106995,2.679303,-1.905315,-0.005753,0.008913,80.100000,0.000000,0.233179,-0.000143,-0.000551,0.000651,0.000144,0.269797,
0.040000,25.323667,25.323667,2.000000,24.470491,24.470491,0.000000,43.700000,2.000000,0.839200,0.001216,-0.001414,-0.106512,2.680469,-1.878337,-0.004448,0.007336,80.200000,0.000000,0.213493,-0.000790,-0.000678,0.000302,0.000957,0.268712,
0.040000,25.269529,25.269529,2.000000,24.240915,24.240915,0.000000,43.800000,2.000000,0.844800,0.001373,-0.001269,-0.107242,2.681761,-1.851548,-0.005211,0.011253,80.300000,0.000000,0.209039,-0.000761,-0.000408,-0.000121,-0.001547,0.269300,
0.040000,25.210749,25.210749,3.000000,24.093937,24.093937,0.000000,43.900000,3.000000,0.831200,0.001164,-0.001254,-0.109114,2.682984,-1.801784,-0.003575,0.010478,80.400000,0.000000,0.204722,-0.000960,-0.000551,0.000624,0.000133,0.268442,
0.040000,25.144021,25.144021,3.000000,23.876188,23.876188,0.000000,44.000000,3.000000,0.869200,0.001164,-0.001254,-0.109114,2.682984,-1.801784,-0.003575,0.008707,80.500000,0.000000,0.200472,-0.001152,-0.000557,0.000545,-0.000617,0.262826,
0.040000,25.072715,25.072715,3.000000,23.717903,23.717903,0.000000,44.100000,3.000000,0.884400,0.001234,-0.001162,-0.110191,2.683810,-1.780304,-0.003892,0.020975,80.600000,0.000000,0.196602,-0.001342,-0.000208,-0.000403,-0.001233,0.247676,
0.040000,24.996560,24.996560,4.000000,23.549614,23.549614,0.000000,44.200000,4.000000,0.871600,0.001304,-0.001187,-0.110561,2.683143,-1.761086,-0.004013,0.009142,80.700000,0.000000,0.192617,-0.001559,-0.000266,0.000254,-0.000199,0.227360,
0.040000,24.917231,24.917231,3.000000,23.409971,23.409971,0.000000,44.400000,3.000000,0.855200,0.001195,-0.001348,-0.112899,2.683927,-1.743750,-0.002501,0.010111,80.900000,0.000000,0.188963,-0.001572,-0.000285,-0.000203,0.000217,0.205620,
0.040000,24.828491,24.828491,2.000000,23.142443,23.142443,0.000000,44.500000,2.000000,0.852400,0.001290,-0.000998,-0.112315,2.683159,-1.713430,-0.003622,0.011042,81.000000,0.000000,0.185172,-0.002024,0.000018,-0.001210,-0.000726,0.185682,
0.040000,24.738818,24.738818,2.000000,23.035028,23.035028,0.000000,44.600000,2.000000,0.842000,0.001234,-0.001050,-0.113114,2.682171,-1.700627,-0.003256,0.008685,81.100000,0.000000,0.170880,-0.001586,-0.000423,0.001420,0.000242,0.153350,
0.040000,24.647308,24.647308,3.000000,22.908615,22.908615,0.000000,44.800000,3.000000,0.848000,0.000986,-0.000707,-0.112037,2.681349,-1.689103,-0.003837,0.009677,81.300000,0.000000,0.167737,-0.001683,-0.000343,0.000257,-0.000269,0.139347,
0.040000,24.550657,24.550657,2.000000,22.714291,22.714291,0.000000,44.900000,2.000000,0.853600,0.001409,-0.000809,-0.113895,2.684865,-1.669312,-0.003813,0.009019,81.400000,0.000000,0.164572,-0.001419,-0.000450,0.002108,-0.001677,0.124683,
0.040000,24.452939,24.452939,3.000000,22.596296,22.596296,0.000000,45.000000,3.000000,0.859600,0.001231,-0.000863,-0.114515,2.684590,-1.660761,-0.003047,0.008587,81.500000,0.000000,0.150394,-0.002193,-0.000407,-0.000484,0.001845,0.100279,
0.040000,24.357209,24.357209,3.000000,22.538338,22.538338,0.000000,45.100000,3.000000,0.841200,0.001270,-0.000876,-0.115477,2.684429,-1.652957,-0.003763,0.008223,81.600000,0.000000,0.147512,-0.002266,-0.000249,-0.000582,-0.000196,0.092113,
0.040000,24.262789,24.262789,3.000000,22.468815,22.468815,0.000000,45.200000,3.000000,0.839200,0.001089,-0.000905,-0.116070,2.681446,-1.645673,-0.002765,0.008984,81.700000,0.000000,0.144669,-0.002406,-0.000384,-0.000362,0.000117,0.083551,
0.040000,24.168587,24.168587,3.000000,22.378748,22.378748,0.000000,45.300000,3.000000,0.846400,0.001371,-0.000836,-0.115644,2.683709,-1.638842,-0.003678,0.007667,81.800000,0.000000,0.142424,-0.002427,-0.000180,-0.000375,-0.001111,0.076947,
0.040000,24.076602,24.076602,2.000000,22.328876,22.328876,0.000000,45.400000,2.000000,0.834000,0.001339,-0.000747,-0.117933,2.685995,-1.633462,-0.003747,0.007710,81.900000,0.000000,0.139180,-0.002329,-0.000356,0.000236,0.001280,0.071609,
0.040000,23.983566,23.983566,3.000000,22.215883,22.215883,0.000000,45.500000,3.000000,0.842000,0.001285,-0.000538,-0.115914,2.685287,-1.623210,-0.003745,0.007998,82.000000,0.000000,0.136031,-0.002762,-0.000364,0.000593,0.000269,0.060601,
0.040000,23.891493,23.891493,2.000000,22.142103,22.142103,0.000000,45.600000,2.000000,0.880800,0.001285,-0.000538,-0.115914,2.685287,-1.623210,-0.003745,0.009609,82.100000,0.000000,0.133796,-0.002231,-0.000514,0.001917,0.000796,0.057476,
0.040000,23.805053,23.805053,1.000000,22.162689,22.162689,0.000000,45.700000,1.000000,0.865200,0.001149,-0.000610,-0.115754,2.685889,-1.618737,-0.003726,0.035867,82.200000,0.000000,0.130846,-0.002258,-0.000346,0.000249,-0.000762,0.050991,
0.040000,23.720651,23.720651,2.000000,22.117012,22.117012,0.000000,45.800000,2.000000,0.876800,0.001261,-0.000694,-0.116901,2.685764,-1.614655,-0.002884,0.007075,82.300000,0.000000,0.128155,-0.002188,-0.000335,-0.000384,-0.001146,0.047119,
0.040000,23.638222,23.638222,2.000000,22.072075,22.072075,0.000000,45.900000,2.000000,0.870800,0.001062,-0.000653,-0.115807,2.686612,-1.610737,-0.003141,0.008977,82.400000,0.000000,0.125671,-0.002369,-0.000164,-0.000697,0.000236,0.043227,
0.040000,23.556983,23.556983,2.000000,22.013453,22.013453,0.000000,46.000000,2.000000,0.876800,0.001475,-0.000598,-0.115168,2.687764,-1.606570,-0.004146,0.010655,82.500000,0.000000,0.123025,-0.002115,-0.000211,-0.000042,-0.001155,0.040726,
0.040000,23.477737,23.477737,1.000000,21.972065,21.972065,0.000000,46.100000,1.000000,0.857200,0.001367,-0.000492,-0.116084,2.687794,-1.602884,-0.003622,0.008392,82.600000,0.000000,0.120375,-0.001957,-0.000405,0.000288,0.002095,0.041311,
0.040000,23.399960,23.399960,2.000000,21.922197,21.922197,0.000000,46.200000,2.000000,0.882800,0.001194,-0.000583,-0.116243,2.687343,-1.598928,-0.003322,0.007555,82.700000,0.000000,0.118007,-0.002099,-0.000294,0.000733,0.000122,0.038557,
0.040000,23.324046,23.324046,2.000000,21.881676,21.881676,0.000000,46.300000,2.000000,0.884800,0.001233,-0.000570,-0.115833,2.687282,-1.595074,-0.003200,0.007436,82.800000,0.000000,0.115775,-0.002086,-0.000229,-0.000310,-0.001040,0.039180,
0.040000,23.247791,23.247791,2.000000,21.798933,21.798933,0.000000,46.400000,2.000000,0.872000,0.001370,-0.000716,-0.117389,2.687899,-1.591347,-0.003018,0.008232,82.900000,0.000000,0.113506,-0.001964,-0.000200,-0.000069,-0.000168,0.038785,
0.040000,23.173809,23.173809,2.000000,21.768169,21.768169,0.000000,46.500000,2.000000,0.871600,0.001377,-0.000417,-0.115840,2.690293,-1.587395,-0.004145,0.008701,83.000000,0.000000,0.111158,-0.002234,-0.000161,-0.000959,0.000771,0.037848,
0.040000,23.100352,23.100352,2.000000,21.704657,21.704657,0.000000,46.600000,2.000000,0.859600,0.001136,-0.000579,-0.116886,2.688946,-1.583686,-0.002984,0.008084,83.100000,0.000000,0.108492,-0.001895,-0.000380,0.001450,0.000320,0.038877,
0.040000,23.026050,23.026050,1.000000,21.614309,21.614309,0.000000,46.700000,1.000000,0.870000,0.001443,-0.000464,-0.115743,2.688446,-1.580068,-0.003824,0.008127,83.200000,0.000000,0.106623,-0.002059,-0.000144,-0.000478,-0.001378,0.037775,
0.040000,22.955688,22.955688,1.000000,21.618818,21.618818,0.000000,46.800000,1.000000,0.865600,0.001250,-0.000448,-0.115123,2.689034,-1.576182,-0.003601,0.007067,83.300000,0.000000,0.104619,-0.001792,-0.000306,0.000501,0.001361,0.036786,
0.040000,22.887258,22.887258,2.000000,21.587093,21.587093,0.000000,46.900000,2.000000,0.854400,0.001337,-0.000376,-0.115816,2.687751,-1.572518,-0.003771,0.008718,83.400000,0.000000,0.102441,-0.001636,-0.000256,0.000254,-0.000686,0.038070,
0.040000,22.819554,22.819554,2.000000,21.533180,21.533180,0.000000,47.100000,2.000000,0.862400,0.001019,-0.000572,-0.116050,2.689494,-1.568781,-0.002474,0.009292,83.600000,0.000000,0.100676,-0.001739,-0.000284,0.000513,0.000267,0.037189,
0.040000,22.750440,22.750440,1.000000,21.437269,21.437269,0.000000,47.200000,1.000000,0.871200,0.001139,-0.000373,-0.116659,2.690563,-1.561583,-0.003291,0.008838,83.700000,0.000000,0.098347,-0.001752,-0.000023,-0.001038,-0.001871,0.037300,
0.040000,22.681262,22.681262,2.000000,21.366882,21.366882,0.000000,47.300000,2.000000,0.869200,0.001186,-0.000378,-0.114765,2.691575,-1.557950,-0.003408,0.011408,83.800000,0.000000,0.090203,-0.001852,-0.000343,0.000852,0.000456,0.036053,
0.040000,22.617030,22.617030,2.000000,21.396610,21.396610,0.000000,47.400000,2.000000,0.861600,0.001418,-0.000458,-0.116446,2.692649,-1.554202,-0.003251,0.008353,83.900000,0.000000,0.088236,-0.001442,-0.000359,0.000332,0.000456,0.036207,
0.040000,22.560345,22.560345,2.000000,21.483335,21.483335,0.000000,47.500000,2.000000,0.849600,0.001351,-0.000434,-0.116343,2.690908,-1.550496,-0.003064,0.009585,84.000000,0.000000,0.086287,-0.001741,-0.000322,-0.000386,0.001578,0.036981,
0.040000,22.511033,22.511033,3.000000,21.574108,21.574108,0.000000,47.600000,3.000000,0.836800,0.001312,-0.000375,-0.117793,2.691910,-1.547306,-0.003567,0.007401,84.100000,0.000000,0.084933,-0.001692,-0.000278,-0.000031,0.000183,0.037031,
0.040000,22.462473,22.462473,3.000000,21.539839,21.539839,0.000000,47.700000,3.000000,0.844000,0.001222,-0.000067,-0.118128,2.692489,-1.547355,-0.004783,0.010081,84.200000,0.000000,0.083061,-0.001940,-0.000372,0.000321,-0.000177,0.033860,
0.040000,22.417588,22.417588,4.000000,21.564768,21.564768,0.000000,47.800000,4.000000,0.836800,0.001056,-0.000271,-0.119724,2.692029,-1.547894,-0.003262,0.009481,84.300000,0.000000,0.081312,-0.001965,-0.000604,0.002031,-0.000625,0.012633,
0.040000,22.371695,22.371695,2.000000,21.499720,21.499720,0.000000,47.900000,2.000000,0.866800,0.001312,0.000039,-0.118380,2.678359,-1.550735,-0.005159,0.009545,84.400000,0.000000,0.079796,-0.002242,-0.000293,-0.000481,-0.001262,0.001493,
0.040000,22.328279,22.328279,4.000000,21.503376,21.503376,0.000000,48.000000,4.000000,0.850400,0.001494,-0.000398,-0.114397,2.647566,-1.549516,-0.003808,0.007816,84.500000,0.000000,0.080921,-0.001995,-0.000657,0.001754,0.001102,-0.016984,
0.040000,22.297393,22.297393,3.000000,21.710569,21.710569,0.000000,48.100000,3.000000,0.794800,0.001591,-0.000703,-0.107335,2.597979,-1.538149,-0.002835,0.008758,84.600000,0.000000,0.085403,-0.001294,-0.000371,-0.002045,0.001541,0.001043,
0.040000,22.283864,22.283864,4.000000,22.026812,22.026812,0.000000,48.200000,4.000000,0.752000,0.000937,-0.000295,-0.100856,2.446554,-1.506642,-0.004106,0.009082,84.700000,0.000000,0.093510,-0.000086,-0.000157,-0.002771,0.001152,0.070655,
0.040000,22.283436,22.283436,4.000000,22.275305,22.275305,0.000000,48.300000,4.000000,0.814400,0.000937,-0.000295,-0.100856,2.446554,-1.506642,-0.004106,0.009188,84.800000,0.000000,0.105059,0.000057,-0.000237,-0.000523,0.000479,0.131324,
0.040000,22.293359,22.293359,4.000000,22.481892,22.481892,0.000000,48.400000,4.000000,0.757200,0.000723,-0.000412,-0.098529,2.367616,-1.495617,-0.004054,0.020415,84.900000,0.000000,0.119446,-0.000062,-0.000352,0.001501,-0.004006,0.140548,
0.040000,22.307791,22.307791,4.000000,22.582001,22.582001,0.000000,48.500000,4.000000,0.735600,0.000440,-0.000005,-0.089263,2.207297,-1.484198,-0.005152,0.008557,85.000000,0.000000,0.132640,-0.000600,-0.000320,-0.000208,-0.002879,0.121822,
0.040000,22.320559,22.320559,3.000000,22.563154,22.563154,0.000000,48.600000,3.000000,0.790000,0.000440,-0.000005,-0.089263,2.207297,-1.484198,-0.005152,0.023242,85.100000,0.000000,0.146392,-0.000759,-0.000416,0.001665,-0.001577,0.092750,
0.040000,22.333924,22.333924,3.000000,22.587854,22.587854,0.000000,48.700000,3.000000,0.724800,0.000276,-0.000015,-0.083128,2.125887,-1.482802,-0.004406,0.020149,85.200000,0.000000,0.158777,-0.001239,-0.000500,0.001365,-0.001883,0.059778,
0.040000,22.341538,22.341538,4.000000,22.486208,22.486208,0.000000,48.800000,4.000000,0.708800,0.000084,0.000237,-0.070134,1.966209,-1.486079,-0.005493,0.019316,85.300000,0.000000,0.171738,-0.001398,-0.000336,0.000457,-0.001733,0.031462,
0.040000,22.345190,22.345190,3.000000,22.414581,22.414581,0.000000,48.900000,3.000000,0.762400,0.000084,0.000237,-0.070134,1.966209,-1.486079,-0.005493,0.021305,85.400000,0.000000,0.183962,-0.001595,-0.000471,0.000283,0.001213,0.005909,
0.040000,22.342117,22.342117,3.000000,22.283724,22.283724,0.000000,49.000000,3.000000,0.729200,-0.000230,0.000522,-0.064512,1.886944,-1.489900,-0.006101,0.019373,85.500000,0.000000,0.196310,-0.001538,-0.000521,0.001565,-0.002603,-0.011889,
0.040000,22.330665,22.330665,4.000000,22.113085,22.113085,0.000000,49.100000,4.000000,0.701200,-0.000341,0.000645,-0.052888,1.725090,-1.500430,-0.007505,0.008292,85.600000,0.000000,0.208108,-0.001725,-0.000629,0.002358,-0.002946,-0.028156,
0.040000,22.311779,22.311779,3.000000,21.952936,21.952936,0.000000,49.200000,3.000000,0.763200,-0.000341,0.000645,-0.052888,1.725090,-1.500430,-0.007505,0.013163,85.700000,0.000000,0.220272,-0.002093,-0.000517,0.000266,-0.001581,-0.041470,
0.040000,22.284432,22.284432,3.000000,21.764839,21.764839,0.000000,49.300000,3.000000,0.742800,-0.000385,0.000433,-0.048164,1.643812,-1.506807,-0.005695,0.019099,85.800000,0.000000,0.231664,-0.001867,-0.000892,0.001475,-0.000861,-0.050201,
0.040000,22.250452,22.250452,3.000000,21.604828,21.604828,0.000000,49.400000,3.000000,0.709200,-0.000550,0.000382,-0.038742,1.484985,-1.519849,-0.006112,0.007270,85.900000,0.000000,0.243155,-0.002027,-0.000523,-0.000763,-0.000623,-0.058590,
0.040000,22.209088,22.209088,3.000000,21.423172,21.423172,0.000000,49.600000,3.000000,0.714400,-0.000550,0.000382,-0.038742,1.484985,-1.519849,-0.006112,0.010181,86.100000,0.000000,0.254263,-0.001986,-0.000931,0.000042,-0.002654,-0.061902,
0.040000,22.151581,22.151581,2.000000,21.058950,21.058950,0.000000,49.700000,2.000000,0.702000,-0.000759,0.000552,-0.027394,1.243544,-1.537607,-0.007411,0.020728,86.200000,0.000000,0.264737,-0.001998,-0.000594,-0.000682,0.000342,-0.064724,
0.040000,22.089099,22.089099,2.000000,20.901947,20.901947,0.000000,49.800000,2.000000,0.762400,-0.000759,0.000552,-0.027394,1.243544,-1.537607,-0.007411,0.007955,86.300000,0.000000,0.306840,-0.002020,-0.000854,-0.000393,-0.000141,-0.061323,
0.040000,22.021932,22.021932,2.000000,20.745752,20.745752,0.000000,49.900000,2.000000,0.738800,-0.000579,0.000477,-0.025119,1.165611,-1.542609,-0.005840,0.019879,86.400000,0.000000,0.316865,-0.001884,-0.000966,0.001126,-0.001069,-0.057992,
0.040000,21.952491,21.952491,2.000000,20.633112,20.633112,0.000000,50.000000,2.000000,0.695600,-0.000448,0.000763,-0.019898,1.005339,-1.550563,-0.008608,0.007967,86.500000,0.000000,0.325967,-0.001908,-0.000649,-0.000034,0.000662,-0.053142,
0.040000,21.880065,21.880065,2.000000,20.503973,20.503973,0.000000,50.100000,2.000000,0.780800,-0.000448,0.000763,-0.019898,1.005339,-1.550563,-0.008608,0.009805,86.600000,0.000000,0.335554,-0.001682,-0.000930,0.001051,-0.001308,-0.046438,
0.040000,21.806444,21.806444,2.000000,20.407652,20.407652,0.000000,50.200000,2.000000,0.714800,-0.000787,0.000553,-0.018275,0.924593,-1.553599,-0.007165,0.018680,86.700000,0.000000,0.344502,-0.001634,-0.001185,0.001064,0.001840,-0.040774,
0.040000,21.732677,21.732677,2.000000,20.331100,20.331100,0.000000,50.300000,2.000000,0.695200,-0.000527,0.000874,-0.014509,0.765605,-1.557931,-0.009057,0.007487,86.800000,0.000000,0.353618,-0.001604,-0.000885,-0.000901,-0.001405,-0.034339,
0.040000,21.659639,21.659639,2.000000,20.271917,20.271917,0.000000,50.400000,2.000000,0.777600,-0.000527,0.000874,-0.014509,0.765605,-1.557931,-0.009057,0.007703,86.900000,0.000000,0.362181,-0.001301,-0.001275,0.001800,0.001887,-0.028159,
0.040000,21.588647,21.588647,2.000000,20.239790,20.239790,0.000000,50.500000,2.000000,0.708800,-0.000573,0.000668,-0.013766,0.685019,-1.559279,-0.007995,0.020946,87.000000,0.000000,0.370837,-0.001305,-0.001234,0.000513,-0.000114,-0.022490,
0.040000,21.519664,21.519664,2.000000,20.208984,20.208984,0.000000,50.600000,2.000000,0.717200,-0.000885,0.000520,-0.012093,0.524515,-1.560653,-0.007290,0.008028,87.100000,0.000000,0.379406,-0.001337,-0.001008,-0.001080,-0.000333,-0.016916,
0.040000,21.452102,21.452102,1.000000,20.168428,20.168428,0.000000,50.700000,1.000000,0.820000,-0.000885,0.000520,-0.012093,0.524515,-1.560653,-0.007290,0.007935,87.200000,0.000000,0.387636,-0.001265,-0.001162,0.000629,-0.000134,-0.012030,
0.040000,21.385583,21.385583,2.000000,20.121731,20.121731,0.000000,50.800000,2.000000,0.749200,-0.000850,0.000529,-0.010827,0.444697,-1.560655,-0.007435,0.018264,87.300000,0.000000,0.395919,-0.001306,-0.000845,-0.001720,-0.001978,-0.007518,
0.040000,21.320200,21.320200,2.000000,20.077915,20.077915,0.000000,50.900000,2.000000,0.728000,-0.001093,0.000553,-0.008511,0.284501,-1.559650,-0.006896,0.007081,87.400000,0.000000,0.403849,-0.001190,-0.000871,-0.000607,-0.000542,-0.002882,
0.040000,21.255469,21.255469,2.000000,20.025583,20.025583,0.000000,51.000000,2.000000,0.816800,-0.001093,0.000553,-0.008511,0.284501,-1.559650,-0.006896,0.009448,87.500000,0.000000,0.411629,-0.001108,-0.001007,0.000037,0.000326,0.001105,
0.040000,21.190220,21.190220,2.000000,19.950495,19.950495,0.000000,51.100000,2.000000,0.745600,-0.001059,0.000413,-0.007791,0.204774,-1.558794,-0.007028,0.021583,87.600000,0.000000,0.419356,-0.001014,-0.000753,-0.000099,-0.001908,0.004426,
0.040000,21.126877,21.126877,2.000000,19.923353,19.923353,0.000000,51.200000,2.000000,0.714800,-0.000697,0.000630,-0.004614,0.047089,-1.556361,-0.007015,0.019404,87.700000,0.000000,0.426809,-0.001028,-0.000781,-0.000899,-0.000515,0.006979,
0.040000,21.064773,21.064773,3.000000,19.884796,19.884796,0.000000,51.300000,3.000000,0.807200,-0.000697,0.000630,-0.004614,0.047089,-1.556361,-0.007015,0.007976,87.800000,0.000000,0.434087,-0.000985,-0.000866,0.000532,0.000987,0.009398,
0.040000,21.009611,21.009611,5.000000,19.961529,19.961529,0.000000,51.400000,5.000000,0.692800,-0.000174,0.000693,0.003222,-0.014261,-1.549929,-0.008010,0.018729,87.900000,0.000000,0.440936,-0.000751,-0.000776,0.000683,0.001442,0.011895,
0.040000,20.977426,20.977426,8.000000,20.365908,20.365908,0.000000,51.500000,8.000000,0.646800,0.000313,0.000947,0.008341,-0.055836,-1.532820,-0.010243,0.019017,88.000000,0.000000,0.444361,0.000634,-0.000966,0.000669,0.003808,0.044295,
0.040000,20.966981,20.966981,7.000000,20.768543,20.768543,0.000000,51.600000,7.000000,0.662800,0.000999,0.001216,0.010795,-0.083300,-1.513525,-0.011700,0.011583,88.100000,0.000000,0.443816,0.001460,-0.001390,0.001819,0.004551,0.122654,
0.040000,20.977344,20.977344,4.000000,21.174225,21.174225,0.000000,51.700000,4.000000,0.639600,0.000480,0.000595,0.011083,-0.088791,-1.494231,-0.008442,0.018807,88.200000,0.000000,0.440492,0.001709,-0.001649,0.002277,0.006102,0.166097,
0.040000,21.005833,21.005833,6.000000,21.547134,21.547134,0.000000,51.800000,6.000000,0.649600,0.000958,0.000268,0.007543,-0.095479,-1.477439,-0.009189,0.009527,88.300000,0.000000,0.432883,0.001671,-0.000972,-0.003054,-0.000765,0.182689,
0.040000,21.051655,21.051655,10.000000,21.922272,21.922272,0.000000,51.900000,10.000000,0.655600,0.000478,0.000612,0.009302,-0.093345,-1.459285,-0.008891,0.009854,88.400000,0.000000,0.425601,0.000840,-0.001099,-0.003265,0.002705,0.173558,
0.040000,21.114550,21.114550,6.000000,22.309563,22.309563,0.000000,52.000000,6.000000,0.606000,0.000308,0.000578,0.012271,-0.093526,-1.439376,-0.008727,0.031210,88.500000,0.000000,0.416812,0.001209,-0.001019,0.000797,-0.001882,0.178492,
0.040000,21.195980,21.195980,16.000000,22.743137,22.743137,0.000000,52.100000,16.000000,0.624000,0.000504,0.001003,0.008675,-0.105392,-1.419595,-0.010861,0.010345,88.600000,0.000000,0.408683,0.001763,-0.000967,0.000050,-0.001696,0.191222,
0.040000,21.298908,21.298908,10.000000,23.254539,23.254539,0.000000,52.200000,10.000000,0.591200,-0.000126,0.000896,0.012782,-0.099603,-1.369941,-0.008267,0.012167,88.700000,0.000000,0.402843,0.000717,-0.001368,0.002596,0.000658,0.195293,
0.040000,21.421696,21.421696,5.000000,23.754669,23.754669,0.000000,52.300000,5.000000,0.752000,-0.000126,0.000896,0.012782,-0.099603,-1.369941,-0.008267,0.013038,88.800000,0.000000,0.393610,0.002404,-0.001260,0.004888,-0.010458,0.233512,
0.040000,21.562133,21.562133,7.000000,24.230444,24.230444,0.000000,52.400000,7.000000,0.753200,-0.000484,0.000605,0.010922,-0.103835,-1.344899,-0.005714,0.022808,88.900000,0.000000,0.386088,0.001624,-0.000805,-0.002532,0.003220,0.237159,
0.040000,21.720809,21.720809,5.000000,24.735645,24.735645,0.000000,52.500000,5.000000,0.779200,-0.000475,0.000794,0.014155,-0.105204,-1.318777,-0.007041,0.011112,89.000000,0.000000,0.379207,0.001065,-0.000285,-0.002715,-0.000871,0.245360,
0.040000,21.896615,21.896615,6.000000,25.236937,25.236937,0.000000,52.600000,6.000000,0.776000,-0.000784,0.000888,0.015031,-0.109006,-1.291816,-0.007747,0.009149,89.100000,0.000000,0.372123,0.001606,-0.000542,0.000209,-0.000160,0.255163,
0.040000,22.087452,22.087452,10.000000,25.713345,25.713345,0.000000,52.700000,10.000000,0.758400,-0.000659,0.000583,0.015657,-0.114148,-1.264302,-0.006685,0.009187,89.200000,0.000000,0.365542,0.001554,-0.000671,0.000762,-0.001832,0.264093,
0.040000,22.292974,22.292974,7.000000,26.197897,26.197897,0.000000,52.800000,7.000000,0.760800,-0.000509,0.000688,0.016082,-0.112137,-1.236338,-0.006713,0.010957,89.300000,0.000000,0.359331,0.001363,-0.000448,-0.001469,0.000197,0.270917,
0.040000,22.510935,22.510935,5.000000,26.652185,26.652185,0.000000,52.900000,5.000000,0.774000,-0.001115,0.000413,0.016897,-0.121224,-1.179868,-0.004920,0.011248,89.400000,0.000000,0.351877,0.001536,-0.000445,0.000189,0.001111,0.276309,
0.040000,22.740153,22.740153,4.000000,27.095310,27.095310,0.000000,53.000000,4.000000,0.853200,-0.001115,0.000413,0.016897,-0.121224,-1.179868,-0.004920,0.009807,89.500000,0.000000,0.345505,0.001350,-0.000448,0.000764,-0.000695,0.281435,
0.040000,22.978021,22.978021,5.000000,27.497503,27.497503,0.000000,53.100000,5.000000,0.825200,-0.000998,0.000564,0.016036,-0.120730,-1.151283,-0.005495,0.019986,89.600000,0.000000,0.339836,0.001009,-0.000074,-0.001833,-0.002659,0.280612,
0.040000,23.222671,23.222671,5.000000,27.871016,27.871016,0.000000,53.200000,5.000000,0.822800,-0.001150,0.000419,0.015648,-0.120074,-1.122863,-0.004776,0.010055,89.700000,0.000000,0.332965,0.000869,-0.000186,0.000415,-0.000206,0.283844,
0.040000,23.475995,23.475995,5.000000,28.289154,28.289154,0.000000,53.300000,5.000000,0.839600,-0.001210,0.000457,0.016236,-0.121134,-1.094954,-0.005090,0.011012,89.800000,0.000000,0.326234,0.000834,-0.000040,-0.000547,-0.000930,0.284070,
0.040000,23.734045,23.734045,6.000000,28.636997,28.636997,0.000000,53.400000,6.000000,0.818800,-0.001035,0.000216,0.013645,-0.122928,-1.066734,-0.004043,0.009920,89.900000,0.000000,0.320024,0.000832,-0.000101,0.000228,-0.000648,0.280990,
0.040000,23.997914,23.997914,4.000000,29.011425,29.011425,0.000000,53.500000,4.000000,0.811200,-0.001046,0.000326,0.013687,-0.121019,-1.038834,-0.004148,0.011084,90.000000,0.000000,0.313779,0.000198,0.000108,-0.001207,0.000892,0.281739,
0.040000,24.263293,24.263293,4.000000,29.305489,29.305489,0.000000,53.600000,4.000000,0.804400,-0.001272,0.000355,0.012595,-0.120998,-0.984085,-0.004422,0.010989,90.100000,0.000000,0.307249,0.000383,0.000085,0.000398,0.000316,0.280046,
0.040000,24.528077,24.528077,3.000000,29.558983,29.558983,0.000000,53.700000,3.000000,0.861200,-0.001272,0.000355,0.012595,-0.120998,-0.984085,-0.004422,0.013172,90.200000,0.000000,0.301056,0.000358,0.000020,0.000523,-0.001334,0.275731,
0.040000,24.795280,24.795280,3.000000,29.872133,29.872133,0.000000,53.800000,3.000000,0.858400,-0.001169,0.000313,0.012938,-0.118727,-0.956443,-0.004060,0.023000,90.300000,0.000000,0.295104,0.000185,0.000029,0.000424,-0.000330,0.274925,
0.040000,25.061994,25.061994,3.000000,30.129559,30.129559,0.000000,53.900000,3.000000,0.851600,-0.001098,0.000283,0.010820,-0.116060,-0.929287,-0.004122,0.008286,90.400000,0.000000,0.288933,0.000486,0.000100,0.000110,0.000565,0.275843,
0.040000,25.326929,25.326929,3.000000,30.360699,30.360699,0.000000,54.000000,3.000000,0.848800,-0.001220,0.000257,0.010360,-0.116159,-0.902090,-0.004288,0.008288,90.500000,0.000000,0.282547,0.000438,0.000087,0.000049,0.000703,0.273201,
0.040000,25.591659,25.591659,3.000000,30.621534,30.621534,0.000000,54.100000,3.000000,0.811200,-0.001203,0.000235,0.009448,-0.115784,-0.874849,-0.004334,0.009617,90.600000,0.000000,0.276921,0.000345,0.000052,0.000050,-0.000436,0.272436,
0.040000,25.851884,25.851884,4.000000,30.796158,30.796158,0.000000,54.200000,4.000000,0.814400,-0.001133,0.000023,0.009344,-0.116189,-0.847664,-0.002996,0.021224,90.700000,0.000000,0.271275,0.000243,0.000043,0.000088,-0.000023,0.272419,
0.040000,26.106140,26.106140,4.000000,30.937000,30.937000,0.000000,54.300000,4.000000,0.799600,-0.001244,0.000112,0.008541,-0.111031,-0.793517,-0.003695,0.008775,90.800000,0.000000,0.265958,0.000171,0.000306,-0.001077,0.000444,0.272070,
0.040000,26.353607,26.353607,2.000000,31.055471,31.055471,0.000000,54.400000,2.000000,0.868000,-0.001244,0.000112,0.008541,-0.111031,-0.793517,-0.003695,0.011195,90.900000,0.000000,0.259679,0.000811,0.000270,0.000168,0.000054,0.271420,
0.040000,26.595843,26.595843,3.000000,31.198330,31.198330,0.000000,54.500000,3.000000,0.840800,-0.001238,0.000148,0.007097,-0.110412,-0.766700,-0.003716,0.019154,91.000000,0.000000,0.254689,0.000703,0.000158,0.000425,-0.000519,0.270823,
0.040000,26.830281,26.830281,3.000000,31.284599,31.284599,0.000000,54.600000,3.000000,0.848400,-0.001258,0.000081,0.005948,-0.106775,-0.739623,-0.003658,0.009815,91.100000,0.000000,0.249364,0.000572,0.000151,0.000587,-0.000142,0.269179,
0.040000,27.051946,27.051946,2.000000,31.263588,31.263588,0.000000,54.700000,2.000000,0.836400,-0.001275,0.000052,0.005284,-0.106459,-0.712682,-0.003536,0.009946,91.200000,0.000000,0.243768,0.000921,0.000160,0.000025,-0.000158,0.270164,
0.040000,27.266262,27.266262,3.000000,31.338272,31.338272,0.000000,54.900000,3.000000,0.772000,-0.001267,-0.000261,0.002763,-0.108121,-0.685728,-0.002997,0.009310,91.400000,0.000000,0.238807,0.000860,0.000181,0.000039,-0.000157,0.269700,
0.040000,27.469728,27.469728,2.000000,31.335567,31.335567,0.000000,55.000000,2.000000,0.766800,-0.001192,-0.000157,0.000954,-0.106833,-0.605355,-0.002812,0.021544,91.500000,0.000000,0.233921,0.000269,0.000284,-0.001710,-0.000028,0.269601,
0.040000,27.661780,27.661780,2.000000,31.310770,31.310770,0.000000,55.100000,2.000000,0.862800,-0.001192,-0.000157,0.000954,-0.106833,-0.605355,-0.002812,0.009783,91.600000,0.000000,0.214714,0.000120,0.000248,0.000184,0.000004,0.267728,
0.040000,27.844848,27.844848,2.000000,31.323143,31.323143,0.000000,55.200000,2.000000,0.806000,-0.001238,-0.000119,-0.001131,-0.106207,-0.578497,-0.002876,0.021665,91.700000,0.000000,0.210437,0.000154,0.000287,0.000899,0.000301,0.268143,
0.040000,28.018923,28.018923,2.000000,31.326344,31.326344,0.000000,55.300000,2.000000,0.808000,-0.001241,-0.000067,-0.003083,-0.107190,-0.551812,-0.003293,0.018997,91.800000,0.000000,0.205883,0.000019,0.000269,0.000776,-0.000183,0.268406,
0.040000,28.179659,28.179659,2.000000,31.233650,31.233650,0.000000,55.400000,2.000000,0.794400,-0.001079,-0.000147,-0.004245,-0.107594,-0.525013,-0.002886,0.009045,91.900000,0.000000,0.201608,-0.000354,0.000182,0.000827,-0.000102,0.267449,
0.040000,28.328004,28.328004,2.000000,31.146566,31.146566,0.000000,55.500000,2.000000,0.804800,-0.000985,-0.000474,-0.007283,-0.106762,-0.498075,-0.002008,0.008185,92.000000,0.000000,0.197481,-0.000535,0.000259,0.000010,0.000944,0.267780,
0.040000,28.461484,28.461484,2.000000,30.997595,30.997595,0.000000,55.600000,2.000000,0.782400,-0.001142,-0.000181,-0.007391,-0.105148,-0.471242,-0.003044,0.007908,92.100000,0.000000,0.192987,-0.000683,0.000427,-0.001845,0.000888,0.268772,
0.040000,28.580486,28.580486,2.000000,30.841528,30.841528,0.000000,55.700000,2.000000,0.778400,-0.000915,-0.000370,-0.011350,-0.105957,-0.417727,-0.002157,0.007600,92.200000,0.000000,0.189010,-0.000400,0.000215,0.001282,-0.000684,0.268496,
0.040000,28.683765,28.683765,2.000000,30.646057,30.646057,0.000000,55.800000,2.000000,0.811200,-0.000915,-0.000370,-0.011350,-0.105957,-0.417727,-0.002157,0.009795,92.300000,0.000000,0.184875,-0.000669,0.000295,0.000111,0.000195,0.268134,
0.040000,28.772833,28.772833,2.000000,30.465134,30.465134,0.000000,55.900000,2.000000,0.803200,-0.001063,-0.000197,-0.010473,-0.104992,-0.390898,-0.002482,0.022123,92.400000,0.000000,0.181007,-0.000869,0.000380,-0.000397,0.000927,0.267583,
0.040000,28.847732,28.847732,2.000000,30.270813,30.270813,0.000000,56.000000,2.000000,0.815600,-0.001019,-0.000337,-0.011348,-0.106199,-0.363760,-0.002556,0.032314,92.500000,0.000000,0.177517,-0.000608,0.000309,0.001080,-0.000608,0.268020,
0.040000,28.908928,28.908928,2.000000,30.071653,30.071653,0.000000,56.100000,2.000000,0.724400,-0.000923,-0.000336,-0.015003,-0.107328,-0.336805,-0.002281,0.008377,92.600000,0.000000,0.173945,-0.000882,0.000288,-0.000277,-0.000002,0.270096,
0.040000,28.956236,28.956236,3.000000,29.855089,29.855089,0.000000,56.200000,3.000000,0.730000,-0.000764,-0.000402,-0.011785,-0.108575,-0.310257,-0.001406,0.021676,92.700000,0.000000,0.169918,-0.001329,0.000337,0.000056,0.000536,0.269755,
0.040000,28.987219,28.987219,3.000000,29.575886,29.575886,0.000000,56.300000,3.000000,0.719600,-0.000725,-0.000547,-0.008558,-0.107974,-0.283274,-0.001374,0.007289,92.800000,0.000000,0.167245,-0.001326,0.000503,-0.000244,0.001126,0.267117,
0.040000,29.002121,29.002121,4.000000,29.285255,29.285255,0.000000,56.400000,4.000000,0.702000,-0.000682,-0.000426,-0.016149,-0.103720,-0.234178,-0.001503,0.009025,92.900000,0.000000,0.164514,-0.000992,0.000499,-0.000868,0.000589,0.268793,
0.040000,29.002893,29.002893,4.000000,29.017569,29.017569,0.000000,56.500000,4.000000,0.763600,-0.000682,-0.000426,-0.016149,-0.103720,-0.234178,-0.001503,0.012036,93.000000,0.000000,0.160164,-0.000572,0.000493,0.000242,-0.000056,0.261238,
0.040000,28.989430,28.989430,6.000000,28.733635,28.733635,0.000000,56.600000,6.000000,0.736000,-0.000704,-0.000502,-0.020679,-0.102954,-0.213417,-0.001557,0.021738,93.100000,0.000000,0.156430,-0.000559,0.000455,0.000492,0.000384,0.244645,
0.040000,28.962455,28.962455,9.000000,28.449936,28.449936,0.000000,56.700000,9.000000,0.699600,-0.000685,-0.000516,-0.020673,-0.102278,-0.194016,-0.001381,0.010761,93.200000,0.000000,0.152436,-0.000608,0.000436,-0.000193,-0.000049,0.221753,
0.040000,28.924851,28.924851,1.000000,28.210371,28.210371,0.000000,56.800000,1.000000,0.711200,-0.000845,-0.000358,-0.042795,-0.095766,-0.179015,-0.001848,0.010167,93.300000,0.000000,0.149398,-0.000466,0.000462,-0.000078,0.000037,0.204610,
0.040000,28.877772,28.877772,8.000000,27.983265,27.983265,0.000000,56.900000,8.000000,0.688400,-0.000659,-0.000532,-0.027779,-0.101027,-0.161832,-0.001297,0.007404,93.400000,0.000000,0.141912,-0.000037,0.000364,0.001017,-0.001017,0.170865,
0.040000,28.821957,28.821957,4.000000,27.761471,27.761471,0.000000,57.000000,4.000000,0.672000,-0.000668,-0.000479,-0.045474,-0.092819,-0.149963,-0.001515,0.012051,93.500000,0.000000,0.142213,-0.000531,0.000463,-0.000609,0.000712,0.171460,
0.040000,28.759547,28.759547,4.000000,27.573761,27.573761,0.000000,57.100000,4.000000,0.660000,-0.000820,-0.000287,-0.047986,-0.087669,-0.137761,-0.002178,0.010372,93.600000,0.000000,0.135692,0.000517,0.000414,0.000148,0.000183,0.138846,
0.040000,28.692325,28.692325,3.000000,27.415115,27.415115,0.000000,57.200000,3.000000,0.690800,-0.000574,-0.000340,-0.048369,-0.088318,-0.126196,-0.001483,0.009776,93.700000,0.000000,0.132369,0.001439,0.000275,0.001296,-0.000903,0.128445,
0.040000,28.620388,28.620388,4.000000,27.253586,27.253586,0.000000,57.300000,4.000000,0.692800,-0.000478,-0.000381,-0.045081,-0.089160,-0.114894,-0.000754,0.008050,93.800000,0.000000,0.129696,0.001273,0.000407,0.000217,0.001153,0.120541,
0.040000,28.544611,28.544611,3.000000,27.104841,27.104841,0.000000,57.400000,3.000000,0.696800,-0.000761,-0.000457,-0.040697,-0.096177,-0.104587,-0.001509,0.009055,93.900000,0.000000,0.127799,0.001164,0.000543,-0.000132,0.001013,0.115894,
0.040000,28.465779,28.465779,3.000000,26.967970,26.967970,0.000000,57.500000,3.000000,0.679200,-0.000648,-0.000500,-0.039616,-0.089625,-0.096323,-0.001329,0.008587,94.000000,0.000000,0.126293,-0.000137,0.000382,-0.000479,-0.001388,0.107965,
0.040000,28.385098,28.385098,2.000000,26.852154,26.852154,0.000000,57.600000,2.000000,0.694800,-0.000440,-0.000346,-0.040725,-0.084539,-0.089144,-0.000824,0.008186,94.100000,0.000000,0.123875,0.001176,0.000411,-0.000418,0.000141,0.092315,
0.040000,28.303691,28.303691,2.000000,26.756956,26.756956,0.000000,57.700000,2.000000,0.712400,-0.000502,-0.000308,-0.041986,-0.091894,-0.081308,-0.000960,0.007995,94.200000,0.000000,0.121111,0.002132,0.000503,0.000820,0.001321,0.079632,
0.040000,28.221863,28.221863,3.000000,26.667145,26.667145,0.000000,57.800000,3.000000,0.687600,-0.000606,-0.000319,-0.037648,-0.089473,-0.074119,-0.001262,0.007415,94.300000,0.000000,0.118599,0.000620,0.000466,0.000568,0.000107,0.078842,
0.040000,28.138550,28.138550,1.000000,26.555599,26.555599,0.000000,57.900000,1.000000,0.843600,-0.000331,-0.000363,-0.036993,-0.092888,-0.068317,-0.000372,0.008523,94.400000,0.000000,0.446724,0.364406,0.006342,-0.001252,0.000684,-0.077651,
0.040000,28.055502,28.055502,3.000000,26.477583,26.477583,0.000000,58.000000,3.000000,0.835200,-0.000183,-0.000429,0.011091,-0.060239,-0.076234,0.000360,0.026301,94.500000,0.000000,0.114935,0.000468,0.000564,-0.000191,0.001454,0.064335,
0.040000,27.972357,27.972357,2.000000,26.392605,26.392605,0.000000,58.100000,2.000000,0.825200,-0.000179,-0.000359,0.002752,-0.057939,-0.071822,0.000229,0.008506,94.600000,0.000000,0.121706,0.007547,0.000698,-0.000491,0.001486,-0.024355,
0.040000,