"ADAPTIVE_THRESHOLD_SIGMA","ESTIMATED_OBSERVATION_RADIUS","ESTIMATED_SENSOR_MAX_RANGE","ICP_ITERATION","INSTANTANEOUS_OBSERVATION_RADIUS","INSTANTANEOUS_SENSOR_MAX_RANGE","SENSOR_TIME_OFFSET","current_relative_timestamp","icp_iterations","icp_quality","robot_pitch","robot_roll","robot_x","robot_y","robot_yaw","robot_z","time_onLidar","timestamp","twistCorrectionCount","vx","vy","vz","wx","wy","wz",
0.200000,25.152573,25.152573,0.000000,20.000000,20.000000,0.000000,0.000000,0.000000,0.000000,0.000000,0.000000,0.000000,0.000000,0.000000,0.000000,0.000000,3.500000,0.000000,0.000000,0.000000,0.000000,0.000000,0.000000,0.000000,
0.200000,25.152093,25.152093,0.000000,25.142984,25.142984,0.000000,0.100000,0.000000,0.994800,-0.000040,-0.000047,-0.000070,-0.000033,-0.000038,-0.000122,0.011683,3.600000,0.000000,0.000000,0.000000,0.000000,0.000000,0.000000,0.000000,
0.197500,25.151318,25.151318,0.000000,25.136593,25.136593,0.000000,0.200000,0.000000,0.996400,-0.000040,-0.000047,-0.000070,-0.000033,-0.000038,-0.000122,0.010040,3.700000,0.000000,0.000000,0.000000,0.000000,0.000000,0.000000,0.000000,
0.195000,25.150535,25.150535,0.000000,25.135656,25.135656,0.000000,0.300000,0.000000,0.992800,-0.000047,0.000011,0.000496,0.000189,-0.000007,-0.000354,0.013233,3.800000,0.000000,0.000000,0.000000,0.000000,0.000000,0.000000,0.000000,
0.192500,25.148582,25.148582,0.000000,25.111483,25.111483,0.000000,0.400000,0.000000,0.995600,0.000050,-0.000037,0.000173,-0.000026,-0.000019,0.000296,0.007624,3.900000,0.000000,0.000000,0.000000,0.000000,0.000000,0.000000,0.000000,
0.190000,25.147809,25.147809,0.000000,25.133116,25.133116,0.000000,0.500000,0.000000,0.997200,0.000031,-0.000048,0.000451,0.000203,-0.000035,0.000056,0.007835,4.000000,0.000000,0.000000,0.000000,0.000000,0.000000,0.000000,0.000000,
0.187500,25.147069,25.147069,1.000000,25.132999,25.132999,0.000000,0.599999,1.000000,0.989200,0.000074,-0.000010,0.000529,-0.000166,0.000001,0.000411,0.012358,4.100000,0.000000,0.000000,0.000000,0.000000,0.000000,0.000000,0.000000,
0.185000,25.146701,25.146701,1.000000,25.139725,25.139725,0.000000,0.700000,1.000000,0.998000,-0.000066,-0.000041,0.001525,0.000091,-0.000045,-0.000257,0.011563,4.200000,0.000000,0.000000,0.000000,0.000000,0.000000,0.000000,0.000000,
0.182500,25.146017,25.146017,1.000000,25.133003,25.133003,0.000000,0.800000,1.000000,0.988800,0.000146,-0.000048,0.000592,-0.000075,-0.000020,0.000687,0.010707,4.300000,0.000000,0.002541,0.000151,-0.000429,-0.000069,-0.000110,-0.000076,
0.180000,25.145670,25.145670,0.000000,25.139084,25.139084,0.000000,0.900000,0.000000,0.992400,0.000164,-0.000063,0.000664,0.000093,-0.000017,0.000667,0.007082,4.400000,0.000000,0.002216,0.000102,-0.000158,-0.000068,0.001021,0.000090,
0.177500,25.145004,25.145004,0.000000,25.132349,25.132349,0.000000,1.000000,0.000000,0.985200,-0.000016,0.000002,0.001144,-0.000096,-0.000010,-0.000305,0.006718,4.500000,0.000000,0.002176,0.000144,-0.000159,-0.000116,0.000516,0.000058,
0.175000,25.143957,25.143957,0.000000,25.124063,25.124063,0.000000,1.100000,0.000000,0.992800,-0.000042,0.000003,0.001438,-0.000274,0.000020,-0.000355,0.010384,4.600000,0.000000,0.002246,0.000090,-0.000415,0.000357,-0.000910,0.000065,
0.172500,25.143846,25.143846,1.000000,25.141748,25.141748,0.000000,1.200000,1.000000,0.980400,0.000076,-0.000042,0.001244,-0.000340,0.000017,0.000278,0.006759,4.700000,0.000000,0.002264,0.000041,-0.000417,0.000138,-0.000510,0.000209,
0.170000,25.143625,25.143625,1.000000,25.139408,25.139408,0.000000,1.300000,1.000000,0.988800,0.000214,-0.000009,0.000908,0.000043,-0.000031,0.000949,0.008942,4.800000,0.000000,0.002154,0.000022,-0.000241,-0.000222,0.000534,0.000059,
0.167500,25.142805,25.142805,0.000000,25.127232,25.127232,0.000000,1.400000,0.000000,0.981200,0.000134,-0.000003,0.001586,0.000081,-0.000034,0.000957,0.007169,4.900000,0.000000,0.002012,0.000121,-0.000062,0.000118,0.001058,-0.000271,
0.165000,25.142323,25.142323,0.000000,25.133171,25.133171,0.000000,1.500000,0.000000,0.976800,0.000001,-0.000007,0.001868,0.000095,-0.000015,0.000000,0.007193,5.000000,0.000000,0.002134,0.000127,-0.000058,0.000082,-0.000090,-0.000126,
0.162500,25.142551,25.142551,0.000000,25.146883,25.146883,0.000000,1.600000,0.000000,0.975200,0.000043,-0.000020,0.001582,0.000100,-0.000028,-0.000003,0.006657,5.100000,0.000000,0.002151,0.000128,-0.000298,0.000010,-0.000856,0.000071,
0.160000,25.142069,25.142069,1.000000,25.132908,25.132908,0.000000,1.700000,1.000000,0.986800,0.000062,-0.000003,0.001715,0.000157,-0.000021,0.000226,0.006513,5.200000,0.000000,0.002026,0.000126,-0.000292,-0.000077,-0.000071,-0.000052,
0.157500,25.142021,25.142021,0.000000,25.141106,25.141106,0.000000,1.800000,0.000000,0.960800,0.000148,-0.000046,0.001465,-0.000123,-0.000007,0.000627,0.007420,5.300000,0.000000,0.002008,0.000137,-0.000228,0.000076,0.000095,0.000023,
0.155000,25.142209,25.142209,0.000000,25.145792,25.145792,0.000000,1.900000,0.000000,0.967600,0.000076,0.000020,0.002041,-0.000002,0.000001,0.000402,0.006460,5.400000,0.000000,0.001898,0.000065,-0.000123,-0.000237,0.000564,0.000096,
0.152500,25.142476,25.142476,0.000000,25.147551,25.147551,0.000000,2.000000,0.000000,0.964000,0.000058,-0.000015,0.001866,-0.000191,0.000020,0.000062,0.006665,5.500000,0.000000,0.001992,0.000092,-0.000175,0.000314,-0.000225,0.000083,
0.150000,25.141977,25.141977,1.000000,25.132490,25.132490,0.000000,2.100000,1.000000,0.972400,0.000002,0.000019,0.002280,0.000019,-0.000007,0.000032,0.008561,5.600000,0.000000,0.001901,0.000045,-0.000253,-0.000096,-0.000198,0.000154,
0.147500,25.141469,25.141469,1.000000,25.131817,25.131817,0.000000,2.200000,1.000000,0.949200,0.000155,-0.000009,0.002223,-0.000061,-0.000012,0.000723,0.007102,5.700000,0.000000,0.001955,0.000094,-0.000254,0.000172,-0.000423,-0.000108,
0.145000,25.141016,25.141016,1.000000,25.132397,25.132397,0.000000,2.500000,1.000000,0.956000,0.000127,-0.000036,0.002392,-0.000202,0.000012,0.000587,0.008691,6.000000,0.000000,0.001895,0.000073,-0.000084,-0.000104,0.000782,-0.000076,
0.142500,25.140891,25.140891,1.000000,25.138529,25.138529,0.000000,2.600000,1.000000,0.944400,0.000044,-0.000004,0.002746,0.000121,-0.000044,0.000164,0.006969,6.100000,0.000000,0.001890,0.000038,-0.000114,-0.000209,0.000126,0.000120,
0.140000,25.140400,25.140400,1.000000,25.131060,25.131060,0.000000,2.700000,1.000000,0.943200,-0.000118,0.000004,0.003140,-0.000148,0.000020,-0.000518,0.006891,6.200000,0.000000,0.001750,0.000242,-0.000369,0.000105,-0.000273,-0.000182,
0.137500,25.139862,25.139862,0.000000,25.129650,25.129650,0.000000,2.800000,0.000000,0.932000,-0.000122,0.000005,0.002912,-0.000138,0.000006,-0.000595,0.007037,6.300000,0.000000,0.001798,0.000178,-0.000510,0.000091,-0.000982,0.000250,
0.135000,25.140145,25.140145,0.000000,25.145519,25.145519,0.000000,2.900000,0.000000,0.946800,-0.000054,-0.000056,0.003368,-0.000084,-0.000019,-0.000347,0.006479,6.400000,0.000000,0.001709,0.000176,-0.000515,0.000043,-0.000410,0.000013,
0.132500,25.139635,25.139635,0.000000,25.129948,25.129948,0.000000,3.000000,0.000000,0.930800,-0.000033,-0.000009,0.003161,-0.000206,-0.000012,-0.000141,0.006626,6.500000,0.000000,0.001771,0.000184,-0.000451,-0.000364,0.000260,-0.000149,
0.130000,25.139587,25.139587,0.000000,25.138676,25.138676,0.000000,3.100000,0.000000,0.935200,-0.000055,-0.000011,0.003364,-0.000181,-0.000004,-0.000323,0.009501,6.600000,0.000000,0.001688,0.000154,-0.000397,0.000154,0.000228,-0.000011,
0.127500,25.139121,25.139121,0.000000,25.130266,25.130266,0.000000,3.200000,0.000000,0.910800,0.000039,0.000029,0.003069,0.000054,-0.000035,0.000231,0.006803,6.700000,0.000000,0.001696,0.000156,-0.000427,0.000046,-0.000044,0.000040,
0.125000,25.139063,25.139063,0.000000,25.137957,25.137957,0.000000,3.400000,0.000000,0.922000,-0.000075,-0.000040,0.003788,-0.000124,-0.000013,-0.000445,0.007061,6.900000,0.000000,0.001596,0.000203,-0.000299,0.000262,0.000562,-0.000175,
0.122500,25.138668,25.138668,0.000000,25.131166,25.131166,0.000000,3.500000,0.000000,0.931200,-0.000072,-0.000022,0.004247,-0.000142,-0.000024,-0.000315,0.007438,7.000000,0.000000,0.001716,0.000161,-0.000437,-0.000322,-0.000489,0.000068,
0.120000,25.138336,25.138336,0.000000,25.132025,25.132025,0.000000,3.600000,0.000000,0.929200,-0.000061,0.000006,0.004096,-0.000026,-0.000049,-0.000318,0.008621,7.100000,0.000000,0.001764,0.000139,-0.000346,0.000068,-0.000014,-0.000046,
0.117500,25.137967,25.137967,0.000000,25.130955,25.130955,0.000000,3.700000,0.000000,0.941600,-0.000050,-0.000033,0.004269,-0.000162,-0.000033,-0.000257,0.007705,7.200000,0.000000,0.001696,0.000161,-0.000339,0.000184,0.000055,-0.000158,
0.115000,25.137608,25.137608,0.000000,25.130793,25.130793,0.000000,3.900000,0.000000,0.886400,-0.000019,-0.000031,0.004036,-0.000162,-0.000012,-0.000181,0.006535,7.400000,0.000000,0.001696,0.000129,-0.000319,-0.000164,0.000092,0.000031,
0.112500,25.137924,25.137924,0.000000,25.143934,25.143934,0.000000,4.100000,0.000000,0.910400,-0.000072,-0.000033,0.004573,0.000034,-0.000040,-0.000419,0.006911,7.600000,0.000000,0.001612,0.000126,-0.000297,-0.000052,0.000225,0.000144,
0.110000,25.137194,25.137194,0.000000,25.123314,25.123314,0.000000,4.200000,0.000000,0.893200,0.000045,-0.000042,0.004782,-0.000133,-0.000028,0.000325,0.007445,7.700000,0.000000,0.001701,0.000197,-0.000370,-0.000013,-0.000241,-0.000123,
0.107500,25.136853,25.136853,0.000000,25.130379,25.130379,0.000000,4.300000,0.000000,0.903600,0.000056,-0.000040,0.004612,0.000087,-0.000046,0.000337,0.007965,7.800000,0.000000,0.001647,0.000113,-0.000036,-0.000040,0.000540,0.000048,
0.105000,25.136891,25.136891,0.000000,25.137613,25.137613,0.000000,4.400000,0.000000,0.892000,-0.000089,-0.000035,0.004988,0.000065,-0.000039,-0.000494,0.007611,7.900000,0.000000,0.001579,0.000155,-0.000033,-0.000007,0.000305,-0.000078,
0.102500,25.136027,25.136027,0.000000,25.119612,25.119612,0.000000,4.500000,0.000000,0.897600,-0.000082,-0.000033,0.005433,-0.000164,-0.000040,-0.000458,0.006466,8.000000,0.000000,0.001623,0.000147,-0.000202,0.000024,-0.000762,0.000014,
0.100000,25.135007,25.135007,0.000000,25.115623,25.115623,0.000000,4.600000,0.000000,0.900400,-0.000021,-0.000031,0.005231,-0.000057,-0.000046,-0.000134,0.009825,8.100000,0.000000,0.001681,0.000098,-0.000190,0.000021,-0.000253,-0.000002,
0.097500,25.134521,25.134521,0.000000,25.125286,25.125286,0.000000,4.699999,0.000000,0.891200,-0.000036,-0.000034,0.005332,-0.000113,-0.000051,-0.000179,0.006733,8.200000,0.000000,0.001606,0.000118,-0.000121,0.000023,0.000281,-0.000040,
0.095000,25.134061,25.134061,0.000000,25.125330,25.125330,0.000000,4.800000,0.000000,0.896400,-0.000070,-0.000026,0.005414,0.000099,-0.000049,-0.000202,0.006611,8.300000,0.000000,0.001594,0.000104,-0.000127,-0.000010,0.000014,-0.000043,
0.092500,25.133865,25.133865,0.000000,25.130140,25.130140,0.000000,4.900000,0.000000,0.858400,0.000048,0.000003,0.005095,-0.000220,-0.000024,0.000338,0.010547,8.400000,0.000000,0.001578,0.000145,-0.000129,0.000044,-0.000203,-0.000004,
0.090000,25.132947,25.132947,1.000000,25.115507,25.115507,0.000000,5.000000,1.000000,0.868800,-0.000047,-0.000017,0.005559,-0.000106,-0.000023,-0.000219,0.007146,8.500000,0.000000,0.001481,0.000077,-0.000017,0.000198,0.000651,0.000152,
0.087500,25.132779,25.132779,0.000000,25.129581,25.129581,0.000000,5.100000,0.000000,0.878400,-0.000090,-0.000069,0.005730,-0.000342,-0.000022,-0.000510,0.007876,8.600000,0.000000,0.001545,0.000099,-0.000130,-0.000050,-0.000337,0.000065,
0.085000,25.132972,25.132972,0.000000,25.136639,25.136639,0.000000,5.200000,0.000000,0.854400,0.000006,-0.000084,0.005402,-0.000165,-0.000035,0.000355,0.009187,8.700000,0.000000,0.001549,0.000049,-0.000186,-0.000341,-0.000393,0.000030,
0.082500,25.133173,25.133173,1.000000,25.136984,25.136984,0.000000,5.300000,1.000000,0.840400,-0.000044,-0.000036,0.005764,-0.000124,-0.000033,-0.000148,0.009187,8.800000,0.000000,0.001451,0.000084,-0.000008,-0.000219,0.000438,-0.000070,
0.080000,25.133351,25.133351,0.000000,25.136732,25.136732,0.000000,5.400000,0.000000,0.830400,-0.000108,-0.000017,0.006335,-0.000003,-0.000024,-0.000525,0.006768,8.900000,0.000000,0.001495,0.000090,-0.000109,0.000208,-0.000139,-0.000017,
0.077500,25.132783,25.132783,0.000000,25.122002,25.122002,0.000000,5.500000,0.000000,0.806800,-0.000010,-0.000006,0.006235,-0.000115,-0.000047,0.000007,0.007320,9.000000,0.000000,0.001580,0.000113,-0.000183,0.000197,-0.000446,0.000050,
0.075000,25.132556,25.132556,1.000000,25.128231,25.128231,0.000000,5.600000,1.000000,0.808000,-0.000075,-0.000014,0.006111,-0.000273,-0.000009,-0.000394,0.006348,9.100000,0.000000,0.001528,0.000088,-0.000072,0.000146,0.000431,-0.000123,
0.072500,25.132012,25.132012,0.000000,25.121685,25.121685,0.000000,5.700000,0.000000,0.772000,0.000150,-0.000033,0.005622,-0.000085,-0.000044,0.001008,0.007564,9.200000,0.000000,0.001472,0.000054,-0.000151,0.000007,-0.000236,0.000191,
0.070000,25.132174,25.132174,0.000000,25.135256,25.135256,0.000000,5.800000,0.000000,0.806000,-0.000022,-0.000037,0.006546,-0.000184,-0.000029,-0.000150,0.006803,9.300000,0.000000,0.001344,0.000091,0.000134,-0.000117,0.001300,-0.000147,
0.067500,25.131638,25.131638,0.000000,25.121452,25.121452,0.000000,5.900000,0.000000,0.755600,0.000000,-0.000039,0.006294,-0.000016,-0.000048,0.000042,0.006938,9.400000,0.000000,0.001503,0.000069,-0.000102,-0.000069,-0.000568,0.000040,
0.065000,25.131523,25.131523,1.000000,25.129337,25.129337,0.000000,6.000000,1.000000,0.710800,-0.000022,-0.000038,0.006667,-0.000226,-0.000025,-0.000055,0.006948,9.500000,0.000000,0.001422,0.000102,-0.000061,-0.000040,-0.000078,-0.000102,
0.062500,25.131282,25.131282,0.000000,25.126709,25.126709,0.000000,6.100000,0.000000,0.677200,0.000114,-0.000009,0.006047,-0.000096,-0.000028,0.000621,0.006688,9.600000,0.000000,0.001468,0.000058,-0.000079,-0.000008,-0.000166,0.000100,
0.060000,25.131072,25.131072,0.000000,25.127073,25.127073,0.000000,6.200000,0.000000,0.746400,0.000017,-0.000010,0.006359,-0.000107,-0.000030,0.000113,0.006513,9.700000,0.000000,0.001314,0.000083,0.000058,0.000177,0.000779,0.000020,
0.057500,25.130886,25.130886,1.000000,25.127350,25.127350,0.000000,6.300000,1.000000,0.670800,0.000012,-0.000038,0.006552,-0.000079,-0.000043,0.000086,0.006790,9.800000,0.000000,0.001351,0.000079,-0.000045,0.000063,-0.000306,-0.000006,
0.055000,25.131524,25.131524,1.000000,25.143654,25.143654,0.000000,6.400000,1.000000,0.680800,-0.000110,-0.000010,0.011269,0.001617,-0.000307,-0.000491,0.007334,9.900000,0.000000,0.001362,0.000083,-0.000049,-0.000149,-0.000143,-0.000078,
0.052500,25.130750,25.130750,2.000000,25.116037,25.116037,0.000000,6.500000,2.000000,0.694400,-0.000167,-0.000038,0.032857,0.004404,-0.000860,-0.000820,0.007053,10.000000,0.000000,0.002281,0.000421,-0.000164,0.000112,-0.000809,-0.001664,
0.050000,25.129703,25.129703,2.000000,25.109806,25.109806,0.000000,6.600000,2.000000,0.546800,-0.000279,-0.000021,0.073007,0.007389,-0.001569,-0.001027,0.008036,10.100000,0.000000,0.006562,0.000973,-0.000227,-0.000131,-0.000664,-0.004057,
0.047500,25.127112,25.127112,3.000000,25.077883,25.077883,0.000000,6.700000,3.000000,0.524800,-0.001437,0.000143,0.217348,0.010635,-0.003152,-0.001001,0.008099,10.200000,0.000000,0.014473,0.001558,-0.000266,0.000059,-0.000946,-0.005929,
0.045000,25.123013,25.123013,3.000000,25.045147,25.045147,0.000000,6.800000,3.000000,0.732400,-0.001437,0.000143,0.217348,0.010635,-0.003152,-0.001001,0.010239,10.300000,0.000000,0.027349,0.001973,-0.000311,-0.000232,-0.001739,-0.007082,
0.042500,25.117319,25.117319,3.000000,25.009121,25.009121,0.000000,6.900000,3.000000,0.633200,-0.001534,0.000079,0.296890,0.009243,-0.003497,-0.000757,0.016087,10.400000,0.000000,0.042529,0.002195,-0.000260,0.001173,-0.006440,-0.007670,
0.040000,25.109458,25.109458,3.000000,24.960104,24.960104,0.000000,7.000000,3.000000,0.590800,-0.002013,-0.000074,0.458336,0.008207,-0.004267,0.000174,0.007887,10.500000,0.000000,0.057593,0.001923,-0.000229,0.000046,-0.003060,-0.005062,
0.040000,25.099792,25.099792,4.000000,24.916128,24.916128,0.000000,7.100000,4.000000,0.708000,-0.002013,-0.000074,0.458336,0.008207,-0.004267,0.000174,0.009490,10.600000,0.000000,0.072312,0.002000,-0.000516,0.000223,-0.004083,-0.005129,
0.040000,25.088270,25.088270,2.000000,24.869364,24.869364,0.000000,7.200000,2.000000,0.685200,-0.002059,0.000133,0.538813,0.006591,-0.004295,-0.000398,0.017100,10.700000,0.000000,0.087276,0.001758,-0.000085,-0.001075,-0.001606,-0.003525,
0.040000,25.074481,25.074481,3.000000,24.812477,24.812477,0.000000,7.300000,3.000000,0.646800,-0.002144,0.000158,0.697992,0.005716,-0.004462,-0.002528,0.007094,10.800000,0.000000,0.101615,0.001469,-0.000230,0.000868,-0.000900,-0.001514,
0.040000,25.058876,25.058876,2.000000,24.762381,24.762381,0.000000,7.400000,2.000000,0.768000,-0.002144,0.000158,0.697992,0.005716,-0.004462,-0.002528,0.011051,10.900000,0.000000,0.115458,0.001772,-0.000514,-0.000577,-0.001231,-0.002186,
0.040000,25.041677,25.041677,4.000000,24.714901,24.714901,0.000000,7.600000,4.000000,0.700800,-0.002411,0.000306,0.938953,0.005366,-0.004023,-0.001825,0.022425,11.100000,0.000000,0.129071,0.001370,-0.000709,0.000845,-0.000107,-0.000261,
0.040000,25.019713,25.019713,2.000000,24.602406,24.602406,0.000000,7.700000,2.000000,0.766400,-0.002411,0.000306,0.938953,0.005366,-0.004023,-0.001825,0.010029,11.200000,0.000000,0.142334,0.001448,-0.000488,0.000128,0.001310,0.000385,
0.040000,24.996363,24.996363,2.000000,24.552704,24.552704,0.000000,7.800000,2.000000,0.717200,-0.002467,0.000155,1.019219,0.004562,-0.003742,-0.001540,0.023565,11.300000,0.000000,0.195192,0.001407,-0.000772,0.000860,-0.002235,0.001729,
0.040000,24.970923,24.970923,3.000000,24.487570,24.487570,0.000000,7.900000,3.000000,0.675600,-0.002583,0.000449,1.179982,0.003753,-0.003150,-0.002733,0.009713,11.400000,0.000000,0.207250,0.001283,-0.000738,-0.000449,-0.001311,0.002327,
0.040000,24.945082,24.945082,2.000000,24.454098,24.454098,0.000000,8.000000,2.000000,0.778000,-0.002583,0.000449,1.179982,0.003753,-0.003150,-0.002733,0.011722,11.500000,0.000000,0.218841,0.001411,-0.000835,0.000341,0.000230,0.002141,
0.040000,24.917616,24.917616,2.000000,24.395761,24.395761,0.000000,8.100000,2.000000,0.717200,-0.002548,0.000305,1.259314,0.004213,-0.002901,-0.002395,0.019710,11.600000,0.000000,0.230698,0.001185,-0.001021,0.001432,-0.001377,0.003227,
0.040000,24.887240,24.887240,2.000000,24.310102,24.310102,0.000000,8.200000,2.000000,0.687600,-0.002240,0.000111,1.419142,0.003529,-0.002181,-0.002262,0.008237,11.700000,0.000000,0.241862,0.001303,-0.000974,-0.000337,-0.000313,0.002772,
0.040000,24.856948,24.856948,2.000000,24.281403,24.281403,0.000000,8.300000,2.000000,0.771200,-0.002240,0.000111,1.419142,0.003529,-0.002181,-0.002262,0.010019,11.800000,0.000000,0.252968,0.001240,-0.001082,-0.000487,-0.000656,0.003468,
0.040000,24.825268,24.825268,2.000000,24.223347,24.223347,0.000000,8.400000,2.000000,0.724400,-0.002606,0.000182,1.500259,0.003047,-0.001898,-0.002542,0.020913,11.900000,0.000000,0.263755,0.001202,-0.000989,-0.001019,0.002191,0.003365,
0.040000,24.792711,24.792711,2.000000,24.174129,24.174129,0.000000,8.500000,2.000000,0.705200,-0.002973,0.000252,1.661286,0.002917,-0.001341,-0.002387,0.006980,12.000000,0.000000,0.274614,0.001118,-0.001061,0.000055,-0.001424,0.003032,
0.040000,24.759831,24.759831,2.000000,24.135115,24.135115,0.000000,8.600000,2.000000,0.774800,-0.002973,0.000252,1.661286,0.002917,-0.001341,-0.002387,0.007781,12.100000,0.000000,0.284867,0.001112,-0.000965,0.000090,0.000574,0.002657,
0.040000,24.725351,24.725351,2.000000,24.070230,24.070230,0.000000,8.700000,2.000000,0.744400,-0.002879,0.000244,1.740989,0.002686,-0.001106,-0.002442,0.022489,12.200000,0.000000,0.295458,0.001105,-0.001070,0.000406,-0.003164,0.002960,
0.040000,24.690608,24.690608,2.000000,24.030491,24.030491,0.000000,8.800000,2.000000,0.713200,-0.002553,0.000219,1.900772,0.002837,-0.000736,-0.001839,0.009238,12.300000,0.000000,0.305406,0.001058,-0.001107,0.000113,-0.000628,0.002586,
0.040000,24.655005,24.655005,2.000000,23.978535,23.978535,0.000000,8.900000,2.000000,0.756400,-0.002553,0.000219,1.900772,0.002837,-0.000736,-0.001839,0.011312,12.400000,0.000000,0.315163,0.001040,-0.001213,0.000480,0.002222,0.002753,
0.040000,24.619027,24.619027,2.000000,23.935444,23.935444,0.000000,9.000000,2.000000,0.719200,-0.002753,0.000310,1.981643,0.002762,-0.000548,-0.002251,0.021291,12.500000,0.000000,0.324787,0.001077,-0.001026,-0.000403,0.000398,0.001574,
0.040000,24.582221,24.582221,2.000000,23.882910,23.882910,0.000000,9.100000,2.000000,0.696800,-0.002592,0.000319,2.141208,0.002786,-0.000425,-0.002459,0.010522,12.600000,0.000000,0.334383,0.001052,-0.001129,0.000411,-0.001079,0.001759,
0.040000,24.545184,24.545184,3.000000,23.841476,23.841476,0.000000,9.200000,3.000000,0.764800,-0.002592,0.000319,2.141208,0.002786,-0.000425,-0.002459,0.009724,12.700000,0.000000,0.343736,0.001083,-0.001136,0.000414,-0.002734,0.000916,
0.040000,24.506957,24.506957,2.000000,23.780653,23.780653,0.000000,9.300000,2.000000,0.722800,-0.002876,0.000319,2.222536,0.002533,-0.000303,-0.002157,0.021335,12.800000,0.000000,0.352576,0.001031,-0.001218,-0.000042,0.002271,0.000866,
0.040000,24.468472,24.468472,3.000000,23.737251,23.737251,0.000000,9.400000,3.000000,0.708800,-0.003054,0.000306,2.382979,0.002534,-0.000236,-0.001896,0.007333,12.900000,0.000000,0.361711,0.000968,-0.001176,-0.000015,-0.000891,0.001084,
0.040000,24.430295,24.430295,2.000000,23.704937,23.704937,0.000000,9.500000,2.000000,0.779200,-0.003054,0.000306,2.382979,0.002534,-0.000236,-0.001896,0.013270,13.000000,0.000000,0.370359,0.001016,-0.001211,-0.000116,0.001169,0.000420,
0.040000,24.391807,24.391807,2.000000,23.660526,23.660526,0.000000,9.600000,2.000000,0.726000,-0.003104,0.000293,2.463050,0.002893,-0.000317,-0.002103,0.021023,13.100000,0.000000,0.379006,0.000938,-0.001164,-0.000010,-0.002159,0.000568,
0.040000,24.352766,24.352766,2.000000,23.610996,23.610996,0.000000,9.700000,2.000000,0.705600,-0.002821,0.000332,2.623123,0.002693,-0.000388,-0.001665,0.007569,13.200000,0.000000,0.387365,0.000995,-0.001231,-0.000086,-0.001136,-0.000282,
0.040000,24.309541,24.309541,2.000000,23.488274,23.488274,0.000000,9.800000,2.000000,0.762400,-0.002821,0.000332,2.623123,0.002693,-0.000388,-0.001665,0.008743,13.300000,0.000000,0.395613,0.000910,-0.001290,-0.000014,-0.001492,-0.000329,
0.040000,24.270187,24.270187,2.000000,23.522446,23.522446,0.000000,9.900000,2.000000,0.716000,-0.002856,0.000293,2.703055,0.002243,-0.000447,-0.001550,0.023076,13.400000,0.000000,0.403575,0.000928,-0.001195,0.000213,0.002237,-0.000343,
0.040000,24.230360,24.230360,2.000000,23.473644,23.473644,0.000000,10.000000,2.000000,0.712400,-0.002709,0.000323,2.863799,0.002242,-0.000582,-0.002211,0.008152,13.500000,0.000000,0.411420,0.000826,-0.001193,-0.000157,0.000639,-0.000492,
0.040000,24.190036,24.190036,2.000000,23.423895,23.423895,0.000000,10.100000,2.000000,0.766400,-0.002709,0.000323,2.863799,0.002242,-0.000582,-0.002211,0.009818,13.600000,0.000000,0.419237,0.000946,-0.001137,0.000243,-0.000482,-0.000703,
0.040000,24.147082,24.147082,2.000000,23.330950,23.330950,0.000000,10.200000,2.000000,0.713600,-0.002743,0.000376,2.943903,0.002575,-0.000676,-0.001777,0.019239,13.700000,0.000000,0.426815,0.000806,-0.001371,-0.000028,0.001449,-0.000591,
0.040000,24.105179,24.105179,3.000000,23.309019,23.309019,0.000000,10.300000,3.000000,0.710000,-0.003385,0.000334,3.104335,0.002471,-0.000905,-0.001487,0.008851,13.800000,0.000000,0.434232,0.000866,-0.001301,0.000317,0.000346,-0.000804,
0.040000,24.062431,24.062431,2.000000,23.250229,23.250229,0.000000,10.400000,2.000000,0.744400,-0.003385,0.000334,3.104335,0.002471,-0.000905,-0.001487,0.011754,13.900000,0.000000,0.441521,0.000748,-0.001452,-0.000178,0.000064,-0.000812,
0.040000,24.020782,24.020782,2.000000,23.229441,23.229441,0.000000,10.500000,2.000000,0.729600,-0.003322,0.000396,3.184518,0.002433,-0.000953,-0.001407,0.021412,14.000000,0.000000,0.448671,0.000836,-0.001276,-0.000036,-0.003874,-0.001221,
0.040000,23.978990,23.978990,2.000000,23.184948,23.184948,0.000000,10.600000,2.000000,0.694000,-0.002912,0.000378,3.344352,0.002126,-0.001128,-0.001041,0.019629,14.100000,0.000000,0.455669,0.000826,-0.001289,0.000372,-0.001095,-0.000764,
0.040000,23.936335,23.936335,3.000000,23.125879,23.125879,0.000000,10.700000,3.000000,0.756400,-0.002912,0.000378,3.344352,0.002126,-0.001128,-0.001041,0.009343,14.200000,0.000000,0.462543,0.000804,-0.001381,0.000463,0.000608,-0.000707,
0.040000,23.891140,23.891140,2.000000,23.032436,23.032436,0.000000,10.800000,2.000000,0.731200,-0.003223,0.000257,3.425039,0.001772,-0.001213,-0.001450,0.020407,14.300000,0.000000,0.469147,0.000764,-0.001266,-0.000261,0.001740,-0.000938,
0.040000,23.847769,23.847769,2.000000,23.023726,23.023726,0.000000,10.900000,2.000000,0.700000,-0.002834,0.000391,3.584658,0.002179,-0.001391,-0.000419,0.020829,14.400000,0.000000,0.475839,0.000697,-0.001368,-0.000850,-0.001257,-0.000883,
0.040000,23.803045,23.803045,3.000000,22.953291,22.953291,0.000000,11.000000,3.000000,0.760000,-0.002834,0.000391,3.584658,0.002179,-0.001391,-0.000419,0.008936,14.500000,0.000000,0.482219,0.000775,-0.001214,0.000234,-0.000346,-0.001010,
0.040000,23.759656,23.759656,2.000000,22.935263,22.935263,0.000000,11.100000,2.000000,0.718800,-0.003206,0.000353,3.665158,0.001820,-0.001409,-0.000808,0.020482,14.600000,0.000000,0.488483,0.000789,-0.001215,0.000358,0.002140,-0.000813,
0.040000,23.716330,23.716330,2.000000,22.893143,22.893143,0.000000,11.200000,2.000000,0.723600,-0.003045,0.000372,3.825209,0.001641,-0.001500,-0.000384,0.007068,14.700000,0.000000,0.494754,0.000724,-0.001313,-0.000097,-0.001484,-0.000419,
0.040000,23.672581,23.672581,2.000000,22.841345,22.841345,0.000000,11.300000,2.000000,0.756000,-0.003045,0.000372,3.825209,0.001641,-0.001500,-0.000384,0.008780,14.800000,0.000000,0.500800,0.000682,-0.001270,-0.000444,-0.000690,-0.000484,
0.040000,23.629226,23.629226,3.000000,22.805479,22.805479,0.000000,11.400000,3.000000,0.739600,-0.003219,0.000328,3.905620,0.001514,-0.001537,-0.000447,0.020100,14.900000,0.000000,0.506741,0.000706,-0.001280,0.000348,0.000853,-0.000425,
0.040000,23.585465,23.585465,2.000000,22.754009,22.754009,0.000000,11.500000,2.000000,0.708000,-0.003761,0.000300,4.066626,0.001068,-0.001574,-0.000144,0.007514,15.000000,0.000000,0.512632,0.000691,-0.001315,-0.000135,-0.000749,-0.000392,
0.040000,23.542025,23.542025,3.000000,22.716661,22.716661,0.000000,11.700000,3.000000,0.733600,-0.003761,0.000300,4.066626,0.001068,-0.001574,-0.000144,0.009281,15.200000,0.000000,0.518363,0.000653,-0.001266,0.000223,-0.001251,-0.000331,
0.040000,23.499351,23.499351,3.000000,22.688543,22.688543,0.000000,11.800000,3.000000,0.662000,-0.003785,0.000085,4.197756,-0.001162,0.002670,-0.000176,0.021061,15.300000,0.000000,0.349883,0.041656,0.005943,0.000759,0.000168,0.149238,
0.040000,23.471235,23.471235,13.000000,22.937037,22.937037,0.000000,11.900000,13.000000,0.632000,-0.005206,0.000099,4.230145,0.003558,0.018179,0.001061,0.024268,15.400000,0.000000,0.534483,-0.000222,-0.001413,-0.000964,-0.000260,0.020121,
0.040000,23.460098,23.460098,9.000000,23.248491,23.248491,0.000000,12.000000,9.000000,0.596400,-0.003485,0.000232,4.268952,0.007299,0.056908,0.001453,0.013324,15.500000,0.000000,0.530332,0.000696,-0.001165,0.000030,-0.007964,0.094762,
0.040000,23.465104,23.465104,4.000000,23.560223,23.560223,0.000000,12.100000,4.000000,0.735600,-0.003485,0.000232,4.268952,0.007299,0.056908,0.001453,0.024287,15.600000,0.000000,0.525454,0.000810,-0.001277,0.002228,0.008334,0.154916,
0.040000,23.485012,23.485012,3.000000,23.863270,23.863270,0.000000,12.200000,3.000000,0.723200,-0.003810,0.000124,4.275096,0.005822,0.075192,0.001436,0.022164,15.700000,0.000000,0.517179,0.001225,-0.001076,0.000343,0.002260,0.178791,
0.040000,23.516551,23.516551,5.000000,24.115793,24.115793,0.000000,12.300000,5.000000,0.711200,-0.003672,0.000088,4.274774,0.007310,0.092607,0.001468,0.008888,15.800000,0.000000,0.508167,0.000841,-0.001062,-0.000121,-0.001123,0.181291,
0.040000,23.561509,23.561509,4.000000,24.415703,24.415703,0.000000,12.400000,4.000000,0.702000,-0.003509,-0.000082,4.272441,0.005120,0.112020,0.001102,0.011603,15.900000,0.000000,0.498096,0.001122,-0.001035,0.000131,0.000435,0.176878,
0.040000,23.618901,23.618901,8.000000,24.709358,24.709358,0.000000,12.600000,8.000000,0.681600,-0.004074,-0.000043,4.274587,0.009557,0.132530,0.001337,0.009186,16.100000,0.000000,0.487765,0.000712,-0.001085,-0.000568,0.001174,0.187538,
0.040000,23.701773,23.701773,6.000000,25.276325,25.276325,0.000000,12.700000,6.000000,0.677600,-0.004341,-0.000338,4.269308,0.009401,0.177737,0.001343,0.012641,16.200000,0.000000,0.478655,0.001521,-0.001019,0.000504,-0.003051,0.198392,
0.040000,23.798085,23.798085,5.000000,25.628019,25.628019,0.000000,12.800000,5.000000,0.677200,-0.004142,-0.000589,4.264460,0.011357,0.202369,0.001273,0.011238,16.300000,0.000000,0.438942,0.001615,-0.000928,-0.000471,-0.001464,0.224611,
0.040000,23.906249,23.906249,5.000000,25.961372,25.961372,0.000000,12.899999,5.000000,0.672800,-0.004340,-0.000253,4.268165,0.014715,0.254648,0.002071,0.008188,16.400000,0.000000,0.429439,0.002130,-0.000919,-0.001022,0.000386,0.236617,
0.040000,24.025793,24.025793,4.000000,26.297121,26.297121,0.000000,13.000000,4.000000,0.757200,-0.004340,-0.000253,4.268165,0.014715,0.254648,0.002071,0.012249,16.500000,0.000000,0.421987,0.002001,-0.000882,0.000946,-0.000143,0.251199,
0.040000,24.154886,24.154886,4.000000,26.607647,26.607647,0.000000,13.100000,4.000000,0.754400,-0.004200,-0.000415,4.265256,0.013224,0.282359,0.001524,0.023834,16.600000,0.000000,0.413549,0.002553,-0.000730,0.002428,-0.001126,0.257980,
0.040000,24.294797,24.294797,4.000000,26.953115,26.953115,0.000000,13.200000,4.000000,0.724000,-0.004247,-0.000634,4.265206,0.014199,0.310149,0.001695,0.009262,16.700000,0.000000,0.404780,0.002363,-0.000821,0.000658,0.000379,0.269800,
0.040000,24.443527,24.443527,4.000000,27.269392,27.269392,0.000000,13.300000,4.000000,0.725600,-0.004058,-0.000639,4.265099,0.013923,0.338581,0.001325,0.012583,16.800000,0.000000,0.396855,0.002504,-0.000771,-0.000374,-0.000236,0.274806,
0.040000,24.598966,24.598966,4.000000,27.552301,27.552301,0.000000,13.399999,4.000000,0.736400,-0.003953,-0.000669,4.265513,0.015129,0.367134,0.001412,0.011546,16.900000,0.000000,0.389003,0.002409,-0.000829,0.000552,0.000968,0.280679,
0.040000,24.758263,24.758263,4.000000,27.784922,27.784922,0.000000,13.500000,4.000000,0.735200,-0.004229,-0.000945,4.265025,0.015535,0.395733,0.002092,0.013296,17.000000,0.000000,0.381497,0.002559,-0.000796,0.000732,0.000900,0.283678,
0.040000,24.922814,24.922814,4.000000,28.049271,28.049271,0.000000,13.600000,4.000000,0.716800,-0.003967,-0.000918,4.264101,0.016594,0.452328,0.001713,0.009403,17.100000,0.000000,0.373921,0.002618,-0.000646,-0.000700,-0.001507,0.285109,
0.040000,25.090719,25.090719,3.000000,28.280910,28.280910,0.000000,13.700000,3.000000,0.792800,-0.003967,-0.000918,4.264101,0.016594,0.452328,0.001713,0.012240,17.200000,0.000000,0.366541,0.002771,-0.000742,0.001811,-0.000048,0.283556,
0.040000,25.256013,25.256013,3.000000,28.396603,28.396603,0.000000,13.800000,3.000000,0.800000,-0.003707,-0.001057,4.264777,0.014746,0.480469,0.001607,0.022799,17.300000,0.000000,0.359243,0.002776,-0.000692,0.000216,0.000789,0.283425,
0.040000,25.423396,25.423396,3.000000,28.603680,28.603680,0.000000,13.900000,3.000000,0.800000,-0.003862,-0.001179,4.264692,0.015237,0.508260,0.001496,0.008854,17.400000,0.000000,0.352122,0.002336,-0.000700,-0.000112,0.001731,0.282179,
0.040000,25.589502,25.589502,3.000000,28.745516,28.745516,0.000000,14.000000,3.000000,0.778000,-0.003725,-0.001183,4.264959,0.013843,0.536058,0.001387,0.010743,17.500000,0.000000,0.345210,0.002383,-0.000708,-0.000143,-0.000487,0.279543,
0.040000,25.754520,25.754520,3.000000,28.889862,28.889862,0.000000,14.100000,3.000000,0.758800,-0.003889,-0.001445,4.266271,0.012499,0.563676,0.001813,0.009181,17.600000,0.000000,0.338315,0.002071,-0.000716,0.000570,0.000459,0.278574,
0.040000,25.919093,25.919093,3.000000,29.045984,29.045984,0.000000,14.200000,3.000000,0.774000,-0.003916,-0.001305,4.267062,0.013746,0.591407,0.001500,0.009032,17.700000,0.000000,0.331730,0.001670,-0.000618,-0.000748,-0.001060,0.277095,
0.040000,26.078769,26.078769,3.000000,29.112614,29.112614,0.000000,14.300000,3.000000,0.758000,-0.003847,-0.001564,4.270798,0.011635,0.645849,0.001414,0.009074,17.800000,0.000000,0.325450,0.001761,-0.000668,0.001249,-0.000811,0.277224,
0.040000,26.235016,26.235016,3.000000,29.203701,29.203701,0.000000,14.400000,3.000000,0.820800,-0.003847,-0.001564,4.270798,0.011635,0.645849,0.001414,0.009114,17.900000,0.000000,0.318931,0.001345,-0.000637,0.000692,0.000505,0.273621,
0.040000,26.387349,26.387349,2.000000,29.281677,29.281677,0.000000,14.500000,2.000000,0.798800,-0.003641,-0.001566,4.269696,0.011355,0.673243,0.001268,0.022989,18.000000,0.000000,0.313106,0.000930,-0.000662,-0.000268,-0.000664,0.273248,
0.040000,26.532180,26.532180,3.000000,29.283974,29.283974,0.000000,14.600000,3.000000,0.806000,-0.003652,-0.001503,4.270999,0.010537,0.700294,0.001503,0.010527,18.100000,0.000000,0.306720,0.000999,-0.000677,0.000518,0.000752,0.273682,
0.040000,26.671631,26.671631,3.000000,29.321199,29.321199,0.000000,14.700000,3.000000,0.783600,-0.003697,-0.001779,4.271930,0.009285,0.727436,0.001568,0.008915,18.200000,0.000000,0.300767,0.000693,-0.000618,0.001194,-0.000038,0.271714,
0.040000,26.806841,26.806841,3.000000,29.375818,29.375818,0.000000,14.800000,3.000000,0.789200,-0.003587,-0.001574,4.270370,0.008815,0.754390,0.001204,0.009635,18.300000,0.000000,0.294812,0.000371,-0.000593,-0.000632,-0.000568,0.271535,
0.040000,26.930809,26.930809,3.000000,29.286201,29.286201,0.000000,14.900000,3.000000,0.786400,-0.003604,-0.001810,4.268042,0.006488,0.781502,0.001800,0.011038,18.400000,0.000000,0.288700,0.000500,-0.000652,0.001634,0.000185,0.270299,
0.040000,27.049180,27.049180,3.000000,29.298229,29.298229,0.000000,15.000000,3.000000,0.780000,-0.003480,-0.001904,4.271010,0.005862,0.835287,0.001404,0.008239,18.500000,0.000000,0.282351,0.000470,-0.000519,-0.000234,-0.000319,0.270804,
0.040000,27.158917,27.158917,2.000000,29.243917,29.243917,0.000000,15.100000,2.000000,0.800400,-0.003480,-0.001904,4.271010,0.005862,0.835287,0.001404,0.012992,18.600000,0.000000,0.277145,0.000007,-0.000575,-0.001069,-0.000514,0.269752,
0.040000,27.263302,27.263302,2.000000,29.246634,29.246634,0.000000,15.200000,2.000000,0.788800,-0.003553,-0.001780,4.271023,0.005725,0.862221,0.001184,0.020529,18.700000,0.000000,0.271630,-0.000039,-0.000578,0.001182,0.000312,0.269134,
0.040000,27.361034,27.361034,2.000000,29.217932,29.217932,0.000000,15.300000,2.000000,0.802800,-0.003654,-0.002173,4.272135,0.004151,0.889448,0.001511,0.007651,18.800000,0.000000,0.266246,-0.000058,-0.000610,0.001799,-0.000642,0.269257,
0.040000,27.449173,27.449173,2.000000,29.123808,29.123808,0.000000,15.400000,2.000000,0.786400,-0.003447,-0.001960,4.271083,0.002818,0.916223,0.000973,0.008205,18.900000,0.000000,0.260895,-0.000426,-0.000534,-0.001133,-0.001199,0.271118,
0.040000,27.525334,27.525334,2.000000,28.972395,28.972395,0.000000,15.500000,2.000000,0.771200,-0.003387,-0.002172,4.267980,0.002548,0.943039,0.000949,0.011661,19.000000,0.000000,0.255405,-0.000422,-0.000628,0.001471,0.000481,0.269039,
0.040000,27.587794,27.587794,2.000000,28.774548,28.774548,0.000000,15.600000,2.000000,0.774800,-0.003229,-0.002157,4.267532,0.001197,0.970047,0.001123,0.010853,19.100000,0.000000,0.249944,0.000040,-0.000618,-0.000184,0.000212,0.268495,
0.040000,27.636962,27.636962,2.000000,28.571154,28.571154,0.000000,15.700000,2.000000,0.761600,-0.003246,-0.002402,4.264699,-0.001078,1.024134,0.001528,0.008462,19.200000,0.000000,0.244738,-0.000046,-0.000571,0.000575,0.000693,0.269472,
0.040000,27.672437,27.672437,3.000000,28.346453,28.346453,0.000000,15.800000,3.000000,0.788000,-0.003246,-0.002402,4.264699,-0.001078,1.024134,0.001528,0.008856,19.300000,0.000000,0.239325,0.000269,-0.000544,0.000595,-0.000643,0.271371,
0.040000,27.690260,27.690260,2.000000,28.028894,28.028894,0.000000,15.900000,2.000000,0.784400,-0.003307,-0.002524,4.262292,-0.001848,1.051355,0.001253,0.021245,19.400000,0.000000,0.234483,0.000160,-0.000466,-0.000568,-0.000188,0.269487,
0.040000,27.706917,27.706917,2.000000,28.023411,28.023411,0.000000,16.000000,2.000000,0.784800,-0.003136,-0.002524,4.261611,-0.002319,1.078405,0.001271,0.011507,19.500000,0.000000,0.229471,0.000484,-0.000509,-0.000416,-0.000864,0.271168,
0.040000,27.711393,27.711393,2.000000,27.796431,27.796431,0.000000,16.100000,2.000000,0.788000,-0.003069,-0.002556,4.259078,-0.003909,1.105548,0.001383,0.007727,19.600000,0.000000,0.224788,0.000545,-0.000495,0.000380,0.000305,0.270753,
0.040000,27.705115,27.705115,2.000000,27.585831,27.585831,0.000000,16.300000,2.000000,0.761600,-0.002995,-0.002826,4.259817,-0.004502,1.132662,0.001310,0.010223,19.800000,0.000000,0.219832,0.000827,-0.000461,0.000465,0.000106,0.271173,
0.040000,27.676272,27.676272,2.000000,27.128262,27.128262,0.000000,16.400000,2.000000,0.755600,-0.002650,-0.003092,4.257418,-0.006929,1.213387,0.000660,0.013355,19.900000,0.000000,0.215447,0.000628,-0.000466,-0.000981,0.000046,0.271152,
0.040000,27.635387,27.635387,2.000000,26.858568,26.858568,0.000000,16.500000,2.000000,0.820400,-0.002650,-0.003092,4.257418,-0.006929,1.213387,0.000660,0.012649,20.000000,0.000000,0.197911,0.000819,-0.000579,0.000084,-0.000393,0.267635,
0.040000,27.578840,27.578840,2.000000,26.504444,26.504444,0.000000,16.600000,2.000000,0.800000,-0.002621,-0.002956,4.256651,-0.007161,1.240054,0.000903,0.020588,20.100000,0.000000,0.193673,0.000926,-0.000618,-0.000294,0.000883,0.270252,
0.040000,27.510488,27.510488,2.000000,26.211805,26.211805,0.000000,16.700000,2.000000,0.798800,-0.002510,-0.002980,4.255181,-0.008406,1.267106,0.001056,0.009784,20.200000,0.000000,0.189764,0.001033,-0.000558,0.001136,0.000035,0.268068,
0.040000,27.430021,27.430021,2.000000,25.901146,25.901146,0.000000,16.800000,2.000000,0.793200,-0.002511,-0.002816,4.255882,-0.007428,1.293420,0.001107,0.009154,20.300000,0.000000,0.185700,0.001207,-0.000515,0.000720,0.000201,0.269585,
0.040000,27.337390,27.337390,2.000000,25.577402,25.577402,0.000000,16.900000,2.000000,0.766400,-0.002348,-0.003054,4.256673,-0.008972,1.318599,0.000883,0.008311,20.400000,0.000000,0.182267,0.001109,-0.000496,0.001697,-0.000403,0.265598,
0.040000,27.233242,27.233242,2.000000,25.254433,25.254433,0.000000,17.000000,2.000000,0.760400,-0.002284,-0.003039,4.258079,-0.008585,1.341429,0.001119,0.010446,20.500000,0.000000,0.178425,0.000854,-0.000530,-0.000444,0.000399,0.257068,
0.040000,27.120079,27.120079,3.000000,24.969975,24.969975,0.000000,17.100000,3.000000,0.742000,-0.002136,-0.002915,4.259205,-0.008064,1.361974,0.000901,0.009158,20.600000,0.000000,0.175051,0.000588,-0.000474,0.000246,0.000118,0.239289,
0.040000,27.001578,27.001578,5.000000,24.750072,24.750072,0.000000,17.200000,5.000000,0.752800,-0.002087,-0.002908,4.261097,-0.007941,1.397322,0.001197,0.008720,20.700000,0.000000,0.171751,0.000384,-0.000509,0.001140,0.000582,0.218377,
0.040000,26.877620,26.877620,3.000000,24.522409,24.522409,0.000000,17.300000,3.000000,0.794400,-0.002087,-0.002908,4.261097,-0.007941,1.397322,0.001197,0.010011,20.800000,0.000000,0.168366,0.000773,-0.000498,-0.000356,0.001420,0.200703,
0.040000,26.750175,26.750175,3.000000,24.328712,24.328712,0.000000,17.400000,3.000000,0.782400,-0.001917,-0.003187,4.261925,-0.009068,1.412534,0.000879,0.021555,20.900000,0.000000,0.165131,-0.000001,-0.000432,0.001135,-0.001012,0.177832,
0.040000,26.618315,26.618315,3.000000,24.112980,24.112980,0.000000,17.500000,3.000000,0.766400,-0.001907,-0.003020,4.260363,-0.008879,1.426267,0.001173,0.009407,21.000000,0.000000,0.161684,-0.000200,-0.000486,-0.001098,0.000383,0.161947,
0.040000,26.484192,26.484192,2.000000,23.935863,23.935863,0.000000,17.600000,2.000000,0.779200,-0.001748,-0.003040,4.258600,-0.008068,1.439032,0.000999,0.009295,21.100000,0.000000,0.158483,0.000114,-0.000418,0.000776,-0.000057,0.146728,
0.040000,26.347929,26.347929,3.000000,23.758932,23.758932,0.000000,17.700000,3.000000,0.756000,-0.001837,-0.002992,4.255767,-0.008521,1.450457,0.001064,0.009760,21.200000,0.000000,0.155464,0.000479,-0.000443,0.000317,0.000721,0.134943,
0.040000,26.210507,26.210507,2.000000,23.599478,23.599478,0.000000,17.800000,2.000000,0.743600,-0.001870,-0.003011,4.256931,-0.008696,1.460203,0.000829,0.008962,21.300000,0.000000,0.152235,0.001012,-0.000419,0.000544,-0.000485,0.122153,
0.040000,26.073518,26.073518,2.000000,23.470730,23.470730,0.000000,17.900000,2.000000,0.749200,-0.001873,-0.002919,4.259343,-0.011110,1.469214,0.001033,0.010783,21.400000,0.000000,0.149223,0.000760,-0.000458,0.000198,-0.000574,0.106887,
0.040000,25.934295,25.934295,3.000000,23.289051,23.289051,0.000000,18.000000,3.000000,0.745200,-0.001606,-0.002999,4.253969,-0.010195,1.478462,0.001213,0.009388,21.500000,0.000000,0.145857,0.000219,-0.000410,0.000751,-0.000402,0.096518,
0.040000,25.798250,25.798250,2.000000,23.213404,23.213404,0.000000,18.100000,2.000000,0.744000,-0.001505,-0.003059,4.255233,-0.011765,1.485575,0.001032,0.009062,21.600000,0.000000,0.143050,0.001288,-0.000363,-0.000109,0.001326,0.094031,
0.040000,25.663515,25.663515,3.000000,23.103550,23.103550,0.000000,18.200000,3.000000,0.735200,-0.001608,-0.003200,4.255661,-0.011220,1.492493,0.000738,0.011395,21.700000,0.000000,0.139941,0.000986,-0.000392,-0.000342,0.000997,0.079876,
0.040000,25.531087,25.531087,2.000000,23.014948,23.014948,0.000000,18.300000,2.000000,0.727200,-0.001601,-0.003194,4.253002,-0.011019,1.498955,0.000898,0.009470,21.800000,0.000000,0.137292,0.000892,-0.000443,-0.000940,-0.000386,0.073262,
0.040000,25.400739,25.400739,3.000000,22.924133,22.924133,0.000000,18.400000,3.000000,0.715200,-0.001823,-0.003023,4.251658,-0.010565,1.504337,0.000810,0.010441,21.900000,0.000000,0.134579,0.001400,-0.000401,-0.000257,-0.000233,0.067926,
0.040000,25.271099,25.271099,2.000000,22.807932,22.807932,0.000000,18.500000,2.000000,0.716400,-0.001619,-0.003219,4.253987,-0.011032,1.509563,0.000912,0.009302,22.000000,0.000000,0.131992,0.001644,-0.000409,0.001015,-0.001561,0.059199,
0.040000,25.145804,25.145804,3.000000,22.765203,22.765203,0.000000,18.700000,3.000000,0.704400,-0.001612,-0.003102,4.254925,-0.013227,1.513690,0.000862,0.008740,22.200000,0.000000,0.129324,0.001146,-0.000382,-0.000764,0.000561,0.054918,
0.040000,25.018159,25.018159,3.000000,22.592901,22.592901,0.000000,18.800000,3.000000,0.718000,-0.001660,-0.003120,4.252519,-0.011357,1.522634,0.000956,0.009026,22.300000,0.000000,0.126348,0.000912,-0.000385,0.000471,0.000174,0.046481,
0.040000,24.894888,24.894888,2.000000,22.552736,22.552736,0.000000,18.900000,2.000000,0.736400,-0.001583,-0.003108,4.251968,-0.014573,1.526575,0.000975,0.014782,22.400000,0.000000,0.117086,0.001827,-0.000315,0.000005,-0.000347,0.044809,
0.040000,24.774727,24.774727,2.000000,22.491680,22.491680,0.000000,19.000000,2.000000,0.723600,-0.001533,-0.003170,4.254543,-0.013312,1.529951,0.001033,0.010046,22.500000,0.000000,0.114145,0.001869,-0.000304,0.000104,0.000204,0.041828,
0.040000,24.656796,24.656796,4.000000,22.416105,22.416105,0.000000,19.200000,4.000000,0.709600,-0.001512,-0.003046,4.257093,-0.012342,1.533602,0.001236,0.008461,22.700000,0.000000,0.112168,0.001337,-0.000289,-0.000302,0.000318,0.036921,
0.040000,24.537806,24.537806,3.000000,22.276987,22.276987,0.000000,19.400000,3.000000,0.721600,-0.001418,-0.003200,4.252464,-0.014371,1.541664,0.000869,0.008967,22.900000,0.000000,0.110172,0.000817,-0.000245,0.000685,0.000181,0.036662,
0.040000,24.418638,24.418638,4.000000,22.154451,22.154451,0.000000,19.500000,4.000000,0.713200,-0.001449,-0.003187,4.256454,-0.014928,1.549292,0.000892,0.010454,23.000000,0.000000,0.100664,0.002538,-0.000363,-0.000639,0.000337,0.040128,
0.040000,24.301874,24.301874,2.000000,22.083368,22.083368,0.000000,19.600000,2.000000,0.704000,-0.001569,-0.003094,4.251325,-0.017200,1.553127,0.000993,0.010583,23.100000,0.000000,0.092616,0.000774,-0.000330,0.000075,-0.000243,0.038247,
0.040000,24.188028,24.188028,5.000000,22.024954,22.024954,0.000000,19.700000,5.000000,0.695600,-0.001539,-0.003033,4.253423,-0.017801,1.556421,0.000752,0.008544,23.200000,0.000000,0.090338,0.001752,-0.000300,0.000580,-0.000839,0.038305,
0.040000,24.075692,24.075692,2.000000,21.941298,21.941298,0.000000,19.800000,2.000000,0.695600,-0.001636,-0.003165,4.252422,-0.017072,1.560425,0.000880,0.009188,23.300000,0.000000,0.088459,0.001305,-0.000343,0.000633,-0.000207,0.035041,
0.040000,23.966526,23.966526,2.000000,21.892368,21.892368,0.000000,19.900000,2.000000,0.708400,-0.001632,-0.003068,4.251375,-0.017457,1.564338,0.001201,0.010014,23.400000,0.000000,0.086867,0.001478,-0.000311,-0.000537,-0.000759,0.038120,
0.040000,23.859083,23.859083,3.000000,21.817669,21.817669,0.000000,20.000000,3.000000,0.702400,-0.001511,-0.003149,4.254017,-0.018364,1.567865,0.000837,0.007857,23.500000,0.000000,0.085088,0.001653,-0.000241,0.000434,-0.000337,0.038748,
0.040000,23.753952,23.753952,4.000000,21.756464,21.756464,0.000000,20.100000,4.000000,0.702800,-0.001484,-0.003158,4.251471,-0.018004,1.575595,0.001060,0.010843,23.600000,0.000000,0.083245,0.001102,-0.000309,-0.000301,0.000551,0.036595,
0.040000,23.651260,23.651260,2.000000,21.700104,21.700104,0.000000,20.200000,2.000000,0.781600,-0.001484,-0.003158,4.251471,-0.018004,1.575595,0.001060,0.010928,23.700000,0.000000,0.081974,0.001068,-0.000251,-0.000540,0.000823,0.035867,
0.040000,23.549835,23.549835,2.000000,21.622765,21.622765,0.000000,20.400000,2.000000,0.765200,-0.001375,-0.003068,4.250732,-0.018364,1.579227,0.001426,0.022557,23.900000,0.000000,0.080076,0.001560,-0.000253,0.000233,-0.000283,0.039591,
0.040000,23.456138,23.456138,2.000000,21.675903,21.675903,0.000000,20.500000,2.000000,0.755200,-0.001460,-0.003274,4.248670,-0.019915,1.586289,0.000869,0.007482,24.000000,0.000000,0.078435,0.001674,-0.000175,0.000679,0.000493,0.037566,
0.040000,23.366392,23.366392,3.000000,21.661222,21.661222,0.000000,20.600000,3.000000,0.757200,-0.001342,-0.003219,4.244678,-0.019055,1.587642,0.000908,0.009051,24.100000,0.000000,0.071697,0.002355,-0.000376,-0.000895,-0.000481,0.035424,
0.040000,23.280729,23.280729,2.000000,21.653118,21.653118,0.000000,20.700000,2.000000,0.757200,-0.001498,-0.003155,4.248090,-0.017357,1.586652,0.000955,0.009208,24.200000,0.000000,0.070474,0.003088,-0.000359,-0.000088,0.000411,0.023320,
0.040000,23.198472,23.198472,2.000000,21.635592,21.635592,0.000000,20.800000,2.000000,0.742000,-0.001366,-0.003256,4.250563,-0.017739,1.586150,0.000862,0.007378,24.300000,0.000000,0.069415,0.002354,-0.000345,0.000346,-0.000769,0.003109,
0.040000,23.121150,23.121150,3.000000,21.652033,21.652033,0.000000,20.900000,3.000000,0.762000,-0.001445,-0.003052,4.247289,-0.018082,1.585566,0.000826,0.009321,24.400000,0.000000,0.067973,0.001825,-0.000358,-0.000491,0.000529,-0.001900,
0.040000,23.046972,23.046972,4.000000,21.637596,21.637596,0.000000,21.000000,4.000000,0.766000,-0.001363,-0.003289,4.246297,-0.017267,1.585353,0.000987,0.009281,24.500000,0.000000,0.066583,0.002431,-0.000356,0.001068,-0.000274,-0.004334,
0.040000,22.977472,22.977472,3.000000,21.656977,21.656977,0.000000,21.100000,3.000000,0.758000,-0.001400,-0.003236,4.246198,-0.018248,1.585222,0.001257,0.009894,24.600000,0.000000,0.065441,0.002576,-0.000317,-0.001058,0.000408,-0.002971,
0.040000,22.910652,22.910652,3.000000,21.641071,21.641071,0.000000,21.200000,3.000000,0.738000,-0.001394,-0.003091,4.247112,-0.016804,1.584947,0.000823,0.012247,24.700000,0.000000,0.063965,0.002547,-0.000258,-0.000081,-0.000074,-0.001944,
0.040000,22.845668,22.845668,3.000000,21.610958,21.610958,0.000000,21.300000,3.000000,0.772400,-0.001462,-0.003216,4.243239,-0.008432,1.583207,0.001227,0.010699,24.800000,0.000000,0.062991,0.002314,-0.000339,0.000864,0.000016,-0.002444,
0.040000,22.782194,22.782194,5.000000,21.576197,21.576197,0.000000,21.400000,5.000000,0.793600,-0.001326,-0.003156,4.250501,0.020455,1.581726,0.000919,0.007678,24.900000,0.000000,0.063408,0.003005,-0.000253,-0.000457,-0.000379,-0.011690,
0.040000,22.726836,22.726836,6.000000,21.675037,21.675037,0.000000,21.500000,6.000000,0.733600,-0.001288,-0.002973,4.258287,0.064520,1.589367,0.001158,0.008669,25.000000,0.000000,0.067817,0.001451,-0.000321,0.000182,0.000726,-0.013615,
0.040000,22.680483,22.680483,6.000000,21.799770,21.799770,0.000000,21.600000,6.000000,0.685600,-0.001658,-0.002883,4.255546,0.211288,1.620911,-0.000165,0.011210,25.100000,0.000000,0.075122,-0.000202,-0.000285,0.001266,0.000366,0.042023,
0.040000,22.640828,22.640828,4.000000,21.887383,21.887383,0.000000,21.700000,4.000000,0.700400,-0.001658,-0.002883,4.255546,0.211288,1.620911,-0.000165,0.013155,25.200000,0.000000,0.086768,-0.000677,-0.000334,0.001262,0.000224,0.116260,
0.040000,22.605883,22.605883,7.000000,21.941938,21.941938,0.000000,21.800000,7.000000,0.666400,-0.002215,-0.003050,4.248046,0.294140,1.632952,0.000336,0.021943,25.300000,0.000000,0.100792,-0.000436,-0.000570,0.000517,-0.002852,0.139147,
0.040000,22.574731,22.574731,6.000000,21.982843,21.982843,0.000000,21.900000,6.000000,0.624000,-0.002050,-0.003041,4.227884,0.455936,1.647348,0.000899,0.010468,25.400000,0.000000,0.115152,0.000229,-0.000485,-0.000686,-0.004750,0.127552,
0.040000,22.540458,22.540458,5.000000,21.889257,21.889257,0.000000,22.000000,5.000000,0.667200,-0.002050,-0.003041,4.227884,0.455936,1.647348,0.000899,0.010831,25.500000,0.000000,0.128685,0.000890,-0.000305,-0.004745,-0.000481,0.105890,
0.040000,22.508730,22.508730,5.000000,21.905903,21.905903,0.000000,22.100000,5.000000,0.620800,-0.001669,-0.003127,4.221300,0.538296,1.649364,0.001568,0.022751,25.600000,0.000000,0.142374,0.002038,-0.000419,0.002907,-0.000800,0.072251,
0.040000,22.475253,22.475253,4.000000,21.839190,21.839190,0.000000,22.200000,4.000000,0.574400,-0.001691,-0.003401,4.206207,0.698225,1.647403,0.000104,0.009423,25.700000,0.000000,0.155829,0.002050,-0.000312,0.000602,0.002008,0.040069,
0.040000,22.438114,22.438114,3.000000,21.732475,21.732475,0.000000,22.300000,3.000000,0.664000,-0.001691,-0.003401,4.206207,0.698225,1.647403,0.000104,0.010841,25.800000,0.000000,0.168728,0.002607,-0.000476,-0.000452,0.000896,0.016907,
0.040000,22.397163,22.397163,5.000000,21.619093,21.619093,0.000000,22.500000,5.000000,0.593200,-0.002176,-0.003141,4.184786,0.940419,1.634270,0.000742,0.021013,26.000000,0.000000,0.181054,0.002447,-0.000636,-0.001204,0.000118,-0.007266,
0.040000,22.344290,22.344290,3.000000,21.339695,21.339695,0.000000,22.600000,3.000000,0.678000,-0.002176,-0.003141,4.184786,0.940419,1.634270,0.000742,0.011836,26.100000,0.000000,0.193619,0.002760,-0.000608,0.001409,-0.001562,-0.020777,
0.040000,22.286626,22.286626,3.000000,21.191013,21.191013,0.000000,22.700000,3.000000,0.630800,-0.002200,-0.002937,4.181291,1.021646,1.627694,0.000802,0.019528,26.200000,0.000000,0.241674,0.003114,-0.000515,-0.000254,-0.000951,-0.049550,
0.040000,22.224057,22.224057,3.000000,21.035250,21.035250,0.000000,22.800000,3.000000,0.594800,-0.002535,-0.002773,4.172092,1.182482,1.614324,0.000669,0.019081,26.300000,0.000000,0.252884,0.002727,-0.000529,0.000937,-0.000448,-0.058514,
0.040000,22.157377,22.157377,3.000000,20.890457,20.890457,0.000000,22.900000,3.000000,0.680000,-0.002535,-0.002773,4.172092,1.182482,1.614324,0.000669,0.021954,26.400000,0.000000,0.263691,0.002630,-0.000605,-0.001176,-0.001246,-0.062659,
0.040000,22.085862,22.085862,3.000000,20.727070,20.727070,0.000000,23.000000,3.000000,0.640000,-0.002409,-0.002834,4.169274,1.261843,1.607811,0.000911,0.021295,26.500000,0.000000,0.274373,0.002733,-0.000605,0.001924,-0.001207,-0.066189,
0.040000,22.009996,22.009996,3.000000,20.568554,20.568554,0.000000,23.100000,3.000000,0.608400,-0.002592,-0.002611,4.165049,1.420769,1.595305,0.001790,0.008271,26.600000,0.000000,0.284583,0.002554,-0.000585,0.000260,0.000425,-0.065534,
0.040000,21.930564,21.930564,3.000000,20.421349,20.421349,0.000000,23.200000,3.000000,0.712000,-0.002592,-0.002611,4.165049,1.420769,1.595305,0.001790,0.020747,26.700000,0.000000,0.294869,0.002380,-0.000483,-0.000364,-0.001810,-0.065307,
0.040000,21.844986,21.844986,3.000000,20.219006,20.219006,0.000000,23.300000,3.000000,0.647200,-0.002903,-0.002679,4.163993,1.501881,1.590055,0.001437,0.021332,26.800000,0.000000,0.304441,0.002231,-0.000473,0.001498,0.000372,-0.061967,
0.040000,21.762045,21.762045,4.000000,20.186169,20.186169,0.000000,23.500000,4.000000,0.608000,-0.003340,-0.002564,4.162135,1.740899,1.577970,0.003021,0.020896,27.000000,0.000000,0.314404,0.002004,-0.000574,0.000065,-0.001699,-0.056119,
0.040000,21.673693,21.673693,2.000000,19.994999,19.994999,0.000000,23.600000,2.000000,0.670400,-0.003340,-0.002564,4.162135,1.740899,1.577970,0.003021,0.022265,27.100000,0.000000,0.323804,0.001954,-0.000671,-0.000045,-0.001127,-0.049572,
0.040000,21.588723,21.588723,2.000000,19.974293,19.974293,0.000000,23.700000,2.000000,0.602800,-0.003112,-0.002646,4.163093,1.819747,1.575186,0.002219,0.019842,27.200000,0.000000,0.361057,0.001029,-0.000062,0.000419,-0.001610,-0.038277,
0.040000,21.507896,21.507896,3.000000,19.972179,19.972179,0.000000,23.800000,3.000000,0.603600,-0.003040,-0.002937,4.163311,1.978563,1.571637,0.002573,0.020940,27.300000,0.000000,0.369435,0.000711,-0.000270,-0.000312,0.000580,-0.032501,
0.040000,21.426894,21.426894,2.000000,19.887856,19.887856,0.000000,23.900000,2.000000,0.666400,-0.003040,-0.002937,4.163311,1.978563,1.571637,0.002573,0.021975,27.400000,0.000000,0.377602,0.000650,-0.000389,0.000676,-0.000294,-0.024247,
0.040000,21.346883,21.346883,3.000000,19.826683,19.826683,0.000000,24.000000,3.000000,0.664000,-0.003060,-0.002784,4.163645,2.058254,1.570637,0.002510,0.020585,27.500000,0.000000,0.385938,0.000535,-0.000287,-0.002414,0.000921,-0.019507,
0.040000,21.267864,21.267864,3.000000,19.766508,19.766508,0.000000,24.100000,3.000000,0.622800,-0.003470,-0.002837,4.164695,2.217419,1.569984,0.003300,0.028761,27.600000,0.000000,0.394005,0.000446,-0.000341,0.000001,0.000243,-0.013634,
0.040000,21.191854,21.191854,2.000000,19.747658,19.747658,0.000000,24.200000,2.000000,0.706400,-0.003470,-0.002837,4.164695,2.217419,1.569984,0.003300,0.021504,27.700000,0.000000,0.402118,0.000391,-0.000355,0.001529,-0.003121,-0.008312,
0.040000,21.115141,21.115141,3.000000,19.657587,19.657587,0.000000,24.300000,3.000000,0.630400,-0.003541,-0.002737,4.164708,2.297930,1.570249,0.002944,0.021494,27.800000,0.000000,0.409630,0.000236,-0.000277,-0.001287,-0.000500,-0.004114,
0.040000,21.038890,21.038890,3.000000,19.590122,19.590122,0.000000,24.400000,3.000000,0.619200,-0.003658,-0.002646,4.164104,2.457616,1.571904,0.003145,0.008776,27.900000,0.000000,0.417401,0.000242,-0.000396,0.000132,-0.000634,0.000070,
0.040000,20.961030,20.961030,2.000000,19.481689,19.481689,0.000000,24.500000,2.000000,0.692800,-0.003658,-0.002646,4.164104,2.457616,1.571904,0.003145,0.022355,28.000000,0.000000,0.424983,-0.000001,-0.000201,-0.000365,-0.001658,0.003465,
0.040000,20.882630,20.882630,3.000000,19.393026,19.393026,0.000000,24.600000,3.000000,0.639200,-0.003489,-0.002631,4.165353,2.537693,1.572917,0.003504,0.022122,28.100000,0.000000,0.432232,0.000364,-0.000459,0.000876,0.000029,0.008109,
0.040000,20.801552,20.801552,4.000000,19.261078,19.261078,0.000000,24.700000,4.000000,0.591200,-0.003612,-0.002846,4.168200,2.684474,1.577437,0.004159,0.008231,28.200000,0.000000,0.439480,0.000094,-0.000438,0.000453,0.001039,0.009361,
0.040000,20.722291,20.722291,5.000000,19.216339,19.216339,0.000000,24.900000,5.000000,0.619200,-0.003612,-0.002846,4.168200,2.684474,1.577437,0.004159,0.010440,28.400000,0.000000,0.416545,-0.041409,-0.002139,-0.000086,-0.000166,0.111660,
0.040000,20.661837,20.661837,4.000000,19.513203,19.513203,0.000000,25.000000,4.000000,0.593600,-0.003621,-0.002773,4.172576,2.763493,1.609316,0.004605,0.025101,28.500000,0.000000,0.450924,-0.000554,-0.000397,-0.001584,-0.000353,0.024243,
0.040000,20.612803,20.612803,4.000000,19.681166,19.681166,0.000000,25.100000,4.000000,0.591200,-0.002953,-0.002776,4.176267,2.781090,1.628143,0.004458,0.010045,28.600000,0.000000,0.446534,-0.002432,-0.000309,0.000810,-0.000487,0.152451,
0.040000,20.581513,20.581513,3.000000,19.987001,19.987001,0.000000,25.200000,3.000000,0.594000,-0.003231,-0.003072,4.170043,2.784047,1.647062,0.004319,0.009835,28.700000,0.000000,0.441196,-0.003241,-0.000346,0.000692,0.003185,0.172268,
0.040000,20.561565,20.561565,5.000000,20.182556,20.182556,0.000000,25.300000,5.000000,0.577600,-0.003412,-0.002641,4.171202,2.785906,1.664497,0.004449,0.011202,28.800000,0.000000,0.433188,-0.001991,-0.000366,-0.001173,-0.000780,0.182554,
0.040000,20.554616,20.554616,4.000000,20.422575,20.422575,0.000000,25.400000,4.000000,0.579200,-0.003232,-0.003015,4.170138,2.785150,1.683547,0.004260,0.009815,28.900000,0.000000,0.425031,-0.002207,-0.000335,0.002563,-0.001719,0.177494,
0.040000,20.560584,20.560584,6.000000,20.673981,20.673981,0.000000,25.600000,6.000000,0.568800,-0.003308,-0.003125,4.164762,2.783483,1.704013,0.004423,0.009207,29.100000,0.000000,0.416557,-0.001941,-0.000364,-0.000941,0.000118,0.185530,
0.040000,20.589265,20.589265,4.000000,21.134207,21.134207,0.000000,25.700000,4.000000,0.557200,-0.003079,-0.003235,4.168020,2.787447,1.771970,0.004540,0.009997,29.200000,0.000000,0.408168,-0.000817,-0.000321,-0.000623,-0.000807,0.197350,
0.040000,20.630198,20.630198,3.000000,21.407917,21.407917,0.000000,25.800000,3.000000,0.669200,-0.003079,-0.003235,4.168020,2.787447,1.771970,0.004540,0.009967,29.300000,0.000000,0.377667,-0.002881,-0.000233,0.001945,-0.002111,0.217277,
0.040000,20.681306,20.681306,3.000000,21.652351,21.652351,0.000000,25.900000,3.000000,0.680000,-0.002966,-0.003257,4.170155,2.789273,1.797331,0.004402,0.020506,29.400000,0.000000,0.370236,-0.002494,-0.000242,-0.000764,0.001602,0.231423,
0.040000,20.742783,20.742783,3.000000,21.910852,21.910852,0.000000,26.000000,3.000000,0.679200,-0.003039,-0.003352,4.172655,2.791602,1.823276,0.004429,0.011305,29.500000,0.000000,0.363247,-0.002927,-0.000267,0.000037,0.000815,0.244923,
0.040000,20.817793,20.817793,3.000000,22.242994,22.242994,0.000000,26.100000,3.000000,0.661600,-0.002957,-0.003388,4.171934,2.791566,1.850790,0.004248,0.008575,29.600000,0.000000,0.356461,-0.003449,-0.000259,-0.000093,-0.000668,0.253877,
0.040000,20.906549,20.906549,3.000000,22.592907,22.592907,0.000000,26.200000,3.000000,0.636400,-0.002910,-0.003419,4.173491,2.792241,1.878660,0.004358,0.007978,29.700000,0.000000,0.349499,-0.003243,-0.000289,0.000254,-0.000324,0.267012,
0.040000,21.009780,21.009780,3.000000,22.971167,22.971167,0.000000,26.300000,3.000000,0.646800,-0.002766,-0.003244,4.172861,2.793469,1.906911,0.004521,0.008450,29.800000,0.000000,0.342684,-0.003509,-0.000263,0.000408,-0.000419,0.274236,
0.040000,21.125511,21.125511,3.000000,23.324394,23.324394,0.000000,26.400000,3.000000,0.640800,-0.002314,-0.003508,4.172610,2.794601,1.963699,0.004057,0.008908,29.900000,0.000000,0.336226,-0.003396,-0.000226,0.001736,0.000151,0.279348,
0.040000,21.251399,21.251399,3.000000,23.643270,23.643270,0.000000,26.500000,3.000000,0.739200,-0.002314,-0.003508,4.172610,2.794601,1.963699,0.004057,0.010035,30.000000,0.000000,0.329806,-0.003227,-0.000244,0.000975,0.000497,0.281621,
0.040000,21.386416,21.386416,3.000000,23.951742,23.951742,0.000000,26.600000,3.000000,0.758000,-0.002360,-0.003500,4.172964,2.793306,1.992221,0.004371,0.019792,30.100000,0.000000,0.323370,-0.003293,-0.000309,-0.000670,0.001379,0.283625,
0.040000,21.528411,21.528411,3.000000,24.226320,24.226320,0.000000,26.700000,3.000000,0.730800,-0.002263,-0.003536,4.172697,2.794420,2.020260,0.004149,0.009672,30.200000,0.000000,0.316755,-0.003196,-0.000240,0.000205,-0.000379,0.284611,
0.040000,21.678765,21.678765,3.000000,24.535486,24.535486,0.000000,26.800000,3.000000,0.725600,-0.002143,-0.003887,4.172493,2.793809,2.048738,0.004279,0.009509,30.300000,0.000000,0.310751,-0.003175,-0.000280,0.000257,-0.000154,0.282002,
0.040000,21.834663,21.834663,3.000000,24.796724,24.796724,0.000000,26.900000,3.000000,0.732400,-0.001868,-0.003534,4.173622,2.794273,2.076559,0.003858,0.009158,30.400000,0.000000,0.304552,-0.003024,-0.000248,-0.001683,0.000031,0.283719,
0.040000,21.995465,21.995465,3.000000,25.050713,25.050713,0.000000,27.000000,3.000000,0.707600,-0.001757,-0.003716,4.174640,2.793280,2.104655,0.003877,0.008678,30.500000,0.000000,0.298542,-0.003203,-0.000327,0.001882,0.001075,0.280316,
0.040000,22.157115,22.157115,3.000000,25.228460,25.228460,0.000000,27.100000,3.000000,0.717200,-0.001566,-0.003712,4.174988,2.794045,2.160288,0.004135,0.009296,30.600000,0.000000,0.292402,-0.003221,-0.000317,-0.000092,0.000463,0.280716,
0.040000,22.319290,22.319290,2.000000,25.400608,25.400608,0.000000,27.200000,2.000000,0.786800,-0.001566,-0.003712,4.174988,2.794045,2.160288,0.004135,0.009962,30.700000,0.000000,0.287029,-0.002928,-0.000245,0.001632,-0.000333,0.280629,
0.040000,22.484857,22.484857,3.000000,25.630636,25.630636,0.000000,27.300000,3.000000,0.772000,-0.001581,-0.003724,4.173453,2.794533,2.187883,0.004277,0.021404,30.800000,0.000000,0.281086,-0.003228,-0.000256,-0.000431,0.000327,0.277622,
0.040000,22.648326,22.648326,3.000000,25.754232,25.754232,0.000000,27.400000,3.000000,0.770800,-0.001280,-0.003757,4.175825,2.793709,2.215236,0.004107,0.009836,30.900000,0.000000,0.275801,-0.002966,-0.000222,0.000028,-0.000604,0.276586,
0.040000,22.809665,22.809665,3.000000,25.875111,25.875111,0.000000,27.500000,3.000000,0.767200,-0.001356,-0.003700,4.174019,2.793895,2.242726,0.004038,0.008524,31.000000,0.000000,0.269968,-0.003195,-0.000252,0.000052,0.000997,0.274704,
0.040000,22.970453,22.970453,3.000000,26.025417,26.025417,0.000000,27.600000,3.000000,0.753200,-0.001029,-0.003786,4.176914,2.790899,2.270142,0.003939,0.011717,31.100000,0.000000,0.264895,-0.002870,-0.000260,0.000592,-0.000721,0.274818,
0.040000,23.124511,23.124511,3.000000,26.051628,26.051628,0.000000,27.700000,3.000000,0.753200,-0.001012,-0.003803,4.178219,2.789907,2.297764,0.003997,0.008342,31.200000,0.000000,0.258860,-0.002892,-0.000273,-0.000101,0.001111,0.274419,
0.040000,23.275274,23.275274,3.000000,26.139769,26.139769,0.000000,27.900000,3.000000,0.726800,-0.000798,-0.003656,4.181446,2.786629,2.379358,0.004066,0.009611,31.400000,0.000000,0.253445,-0.002906,-0.000256,0.000032,-0.000119,0.275532,
0.040000,23.425164,23.425164,2.000000,26.273075,26.273075,0.000000,28.000000,2.000000,0.805200,-0.000798,-0.003656,4.181446,2.786629,2.379358,0.004066,0.011013,31.500000,0.000000,0.248287,-0.003005,-0.000254,0.000800,-0.000557,0.273286,
0.040000,23.567722,23.567722,2.000000,26.276316,26.276316,0.000000,28.100000,2.000000,0.787600,-0.000685,-0.003579,4.181535,2.786648,2.406514,0.003971,0.029926,31.600000,0.000000,0.227319,-0.002509,-0.000200,0.000492,-0.000054,0.272084,
0.040000,23.703950,23.703950,3.000000,26.292274,26.292274,0.000000,28.200000,3.000000,0.780000,-0.000566,-0.003611,4.183602,2.785236,2.433546,0.004197,0.007767,31.700000,0.000000,0.222845,-0.002474,-0.000215,0.000755,0.000055,0.271800,
0.040000,23.830225,23.830225,2.000000,26.229462,26.229462,0.000000,28.300000,2.000000,0.772400,-0.000579,-0.003489,4.184837,2.786155,2.460116,0.004281,0.011413,31.800000,0.000000,0.217980,-0.002492,-0.000167,0.000206,0.000155,0.270898,
0.040000,23.948430,23.948430,2.000000,26.194323,26.194323,0.000000,28.400000,2.000000,0.793200,-0.000372,-0.003591,4.185757,2.784813,2.487285,0.003864,0.010339,31.900000,0.000000,0.213630,-0.002739,-0.000148,0.000929,-0.000600,0.267695,
0.040000,24.060111,24.060111,2.000000,26.182045,26.182045,0.000000,28.500000,2.000000,0.744000,-0.000234,-0.003545,4.183866,2.784631,2.514459,0.004252,0.012076,32.000000,0.000000,0.209124,-0.002593,-0.000226,-0.000197,0.000455,0.270162,
0.040000,24.160784,24.160784,2.000000,26.073574,26.073574,0.000000,28.600000,2.000000,0.759200,-0.000107,-0.003287,4.185235,2.782421,2.568202,0.004080,0.011913,32.100000,0.000000,0.205285,-0.002288,-0.000145,0.000259,0.000429,0.271144,
0.040000,24.251685,24.251685,2.000000,25.978800,25.978800,0.000000,28.700000,2.000000,0.796800,-0.000107,-0.003287,4.185235,2.782421,2.568202,0.004080,0.011497,32.200000,0.000000,0.200992,-0.002380,-0.000118,0.001135,-0.000766,0.269254,
0.040000,24.333746,24.333746,2.000000,25.892914,25.892914,0.000000,28.799999,2.000000,0.823200,0.000008,-0.003309,4.185390,2.782429,2.594986,0.004072,0.020471,32.300000,0.000000,0.196829,-0.001996,-0.000173,0.001065,0.000294,0.269308,
0.040000,24.405757,24.405757,2.000000,25.773966,25.773966,0.000000,28.900000,2.000000,0.806400,0.000031,-0.003288,4.185390,2.781634,2.621994,0.004061,0.008679,32.400000,0.000000,0.192931,-0.001975,-0.000171,0.000280,0.000277,0.268404,
0.040000,24.464956,24.464956,2.000000,25.589729,25.589729,0.000000,29.100000,2.000000,0.787600,0.000271,-0.003212,4.187955,2.781636,2.648875,0.004002,0.008077,32.600000,0.000000,0.189053,-0.001802,-0.000169,0.000235,-0.000307,0.269443,
0.040000,24.503858,24.503858,2.000000,25.242998,25.242998,0.000000,29.200000,2.000000,0.760400,0.000287,-0.003361,4.188661,2.781255,2.702649,0.004198,0.008464,32.700000,0.000000,0.184893,-0.002018,-0.000178,0.000534,0.000828,0.269053,
0.040000,24.531962,24.531962,2.000000,25.065947,25.065947,0.000000,29.299999,2.000000,0.768000,0.000519,-0.003089,4.189827,2.779365,2.756494,0.004125,0.008344,32.800000,0.000000,0.170069,-0.001859,-0.000088,-0.000748,-0.000719,0.268878,
0.040000,24.547798,24.547798,2.000000,24.848679,24.848679,0.000000,29.400000,2.000000,0.808800,0.000519,-0.003089,4.189827,2.779365,2.756494,0.004125,0.009217,32.900000,0.000000,0.166591,-0.001567,-0.000107,0.000908,-0.000210,0.269238,
0.040000,24.550866,24.550866,2.000000,24.609158,24.609158,0.000000,29.500000,2.000000,0.795200,0.000577,-0.003028,4.190639,2.779603,2.783125,0.004023,0.022355,33.000000,0.000000,0.163096,-0.001547,-0.000097,0.000512,0.000164,0.269049,
0.040000,24.541513,24.541513,2.000000,24.363800,24.363800,0.000000,29.600000,2.000000,0.789600,0.000656,-0.003090,4.191851,2.779715,2.810255,0.004188,0.009949,33.100000,0.000000,0.159763,-0.001620,-0.000116,0.000483,-0.000083,0.267364,
0.040000,24.518115,24.518115,2.000000,24.073547,24.073547,0.000000,29.700000,2.000000,0.796000,0.000685,-0.002913,4.192524,2.779080,2.836999,0.004069,0.007834,33.200000,0.000000,0.156410,-0.001692,-0.000082,-0.000304,-0.000053,0.269791,
0.040000,24.481357,24.481357,2.000000,23.782967,23.782967,0.000000,29.799999,2.000000,0.770800,0.000939,-0.003012,4.192330,2.779321,2.863775,0.004037,0.007513,33.300000,0.000000,0.153171,-0.001584,-0.000103,0.000867,-0.000336,0.268337,
0.040000,24.433648,24.433648,2.000000,23.527170,23.527170,0.000000,29.900000,2.000000,0.780400,0.000834,-0.002845,4.189948,2.778550,2.888764,0.004056,0.008918,33.400000,0.000000,0.150210,-0.001587,-0.000108,-0.000416,0.000946,0.267987,
0.040000,24.374477,24.374477,3.000000,23.250233,23.250233,0.000000,30.000000,3.000000,0.782800,0.001375,-0.003048,4.188635,2.779145,2.932439,0.003647,0.009173,33.500000,0.000000,0.147666,-0.001281,-0.000101,0.000735,-0.000735,0.256802,
0.040000,24.306036,24.306036,2.000000,23.005655,23.005655,0.000000,30.100000,2.000000,0.818400,0.001375,-0.003048,4.188635,2.779145,2.932439,0.003647,0.010386,33.600000,0.000000,0.144597,-0.001368,-0.000140,-0.000382,0.001169,0.239994,
0.040000,24.229616,24.229616,2.000000,22.777639,22.777639,0.000000,30.200000,2.000000,0.827200,0.001417,-0.002921,4.187302,2.777663,2.950758,0.003820,0.020081,33.700000,0.000000,0.142198,-0.001288,-0.000176,-0.001033,0.001543,0.219700,
0.040000,24.145334,24.145334,2.000000,22.543978,22.543978,0.000000,30.299999,2.000000,0.822400,0.001489,-0.002903,4.187658,2.778017,2.967431,0.003582,0.009898,33.800000,0.000000,0.139596,-0.000923,-0.000137,0.000231,0.000513,0.197133,
0.040000,24.055918,24.055918,2.000000,22.357016,22.357016,0.000000,30.400000,2.000000,0.810400,0.001515,-0.002821,4.186749,2.777177,2.982525,0.003825,0.007426,33.900000,0.000000,0.136793,-0.000986,-0.000182,0.000046,0.000340,0.178345,
0.040000,23.960886,23.960886,2.000000,22.155264,22.155264,0.000000,30.500000,2.000000,0.808400,0.001679,-0.002754,4.185966,2.778442,2.995641,0.003905,0.010446,34.000000,0.000000,0.134247,-0.000773,-0.000130,0.000387,0.000023,0.161408,
0.040000,23.862551,23.862551,2.000000,21.994196,21.994196,0.000000,30.600000,2.000000,0.798000,0.001693,-0.003070,4.186306,2.779014,3.007749,0.003248,0.010778,34.100000,0.000000,0.131795,-0.000979,-0.000112,0.000430,0.000796,0.142721,
0.040000,23.760717,23.760717,3.000000,21.825874,21.825874,0.000000,30.700000,3.000000,0.803200,0.001566,-0.002566,4.185445,2.779088,3.018950,0.003838,0.007534,34.200000,0.000000,0.129150,-0.001081,-0.000239,-0.001912,0.000176,0.129344,
0.040000,23.656613,23.656613,2.000000,21.678631,21.678631,0.000000,30.799999,2.000000,0.802800,0.001705,-0.002610,4.183800,2.777094,3.029212,0.003935,0.009063,34.300000,0.000000,0.126776,-0.001052,-0.000118,0.002274,-0.000914,0.118625,
0.040000,23.551124,23.551124,2.000000,21.546831,21.546831,0.000000,30.900000,2.000000,0.783600,0.001607,-0.002676,4.182926,2.779136,3.038234,0.003710,0.010242,34.400000,0.000000,0.124551,-0.000602,-0.000095,0.000487,0.000347,0.108738,
0.040000,23.445056,23.445056,3.000000,21.429775,21.429775,0.000000,31.000000,3.000000,0.797200,0.001794,-0.002552,4.185279,2.776939,3.046529,0.003967,0.007930,34.500000,0.000000,0.122313,-0.000970,-0.000138,-0.000311,-0.000620,0.097293,
0.040000,23.338223,23.338223,2.000000,21.308395,21.308395,0.000000,31.100000,2.000000,0.780000,0.001790,-0.002419,4.182664,2.777668,3.053824,0.003526,0.009855,34.600000,0.000000,0.119396,-0.000568,-0.000084,0.000563,0.000784,0.088433,
0.040000,23.232103,23.232103,2.000000,21.215826,21.215826,0.000000,31.200000,2.000000,0.771600,0.002059,-0.002761,4.185273,2.778557,3.060758,0.003191,0.007565,34.700000,0.000000,0.117569,-0.000651,-0.000169,0.000951,0.000164,0.078859,
0.040000,23.126226,23.126226,2.000000,21.114561,21.114561,0.000000,31.300000,2.000000,0.772400,0.001966,-0.002544,4.184363,2.778075,3.066465,0.003601,0.008643,34.800000,0.000000,0.114754,-0.000858,-0.000233,-0.001830,0.001612,0.072981,
0.040000,23.021724,23.021724,2.000000,21.036186,21.036186,0.000000,31.400000,2.000000,0.759200,0.001881,-0.002373,4.185072,2.778087,3.072075,0.003933,0.007397,34.900000,0.000000,0.112662,-0.000732,-0.000147,0.000570,-0.000052,0.063144,
0.040000,22.919067,22.919067,4.000000,20.968569,20.968569,0.000000,31.500000,4.000000,0.752800,0.001840,-0.002404,4.186737,2.776841,3.077318,0.003400,0.011025,35.000000,0.000000,0.110300,-0.000730,-0.000079,0.001208,-0.000630,0.058792,
0.040000,22.817487,22.817487,2.000000,20.887474,20.887474,0.000000,31.600000,2.000000,0.763600,0.002110,-0.002519,4.185208,2.778723,3.081220,0.003710,0.010077,35.100000,0.000000,0.107780,-0.000493,-0.000183,0.000213,-0.000574,0.054856,
0.040000,22.717835,22.717835,2.000000,20.824448,20.824448,0.000000,31.700000,2.000000,0.768800,0.002035,-0.002530,4.188139,2.779518,3.085171,0.003799,0.009574,35.200000,0.000000,0.105978,-0.000835,-0.000118,-0.000682,0.001389,0.045078,
0.040000,22.619984,22.619984,3.000000,20.760817,20.760817,0.000000,31.800000,3.000000,0.767200,0.001980,-0.002485,4.185076,2.780935,3.088930,0.003473,0.007455,35.300000,0.000000,0.103319,-0.001010,-0.000100,-0.000378,0.000006,0.041631,
0.040000,22.523807,22.523807,5.000000,20.696447,20.696447,0.000000,31.900000,5.000000,0.750800,0.001868,-0.002323,4.184861,2.780392,3.092865,0.003497,0.009502,35.400000,0.000000,0.101899,-0.001235,-0.000162,0.000091,-0.000396,0.039133,
0.040000,22.429331,22.429331,2.000000,20.634274,20.634274,0.000000,32.000000,2.000000,0.753200,0.002077,-0.002366,4.185205,2.778713,3.097579,0.003308,0.009946,35.500000,0.000000,0.099924,-0.001101,-0.000153,0.000988,-0.000900,0.039264,
0.040000,22.336391,22.336391,2.000000,20.570539,20.570539,0.000000,32.100000,2.000000,0.748400,0.001836,-0.002529,4.188642,2.778397,3.101205,0.003651,0.007164,35.600000,0.000000,0.097868,-0.000752,-0.000187,0.000052,0.000882,0.044140,
0.040000,22.245001,22.245001,5.000000,20.508598,20.508598,0.000000,32.200000,5.000000,0.760000,0.002195,-0.002638,4.190937,2.776825,3.109168,0.002726,0.008436,35.700000,0.000000,0.095255,-0.000705,-0.000117,-0.001033,-0.001212,0.039261,
0.040000,22.155026,22.155026,2.000000,20.445501,20.445501,0.000000,32.300000,2.000000,0.824400,0.002195,-0.002638,4.190937,2.776825,3.109168,0.002726,0.011399,35.800000,0.000000,0.093534,-0.000863,-0.000145,0.000030,0.001605,0.036698,
0.040000,22.066545,22.066545,2.000000,20.385401,20.385401,0.000000,32.400000,2.000000,0.799600,0.001922,-0.002748,4.190197,2.779176,3.112913,0.003321,0.031799,35.900000,0.000000,0.091064,-0.000379,-0.000295,-0.001188,0.000644,0.041535,
0.040000,21.979337,21.979337,2.000000,20.322382,20.322382,0.000000,32.500000,2.000000,0.808000,0.002211,-0.002391,4.189807,2.777287,3.116485,0.003406,0.008513,36.000000,0.000000,0.089426,-0.000831,-0.000172,-0.001181,-0.001508,0.039009,
0.040000,21.893521,21.893521,2.000000,20.263014,20.263014,0.000000,32.600000,2.000000,0.818000,0.002049,-0.002564,4.189331,2.778424,3.120162,0.003070,0.012126,36.100000,0.000000,0.087726,-0.000440,-0.000151,0.001711,0.001156,0.036978,
0.040000,21.808733,21.808733,2.000000,20.197773,20.197773,0.000000,32.700000,2.000000,0.794800,0.002024,-0.002315,4.190988,2.777055,3.124195,0.003280,0.008976,36.200000,0.000000,0.086093,-0.000653,-0.000215,-0.000466,-0.000614,0.036849,
0.040000,21.724948,21.724948,3.000000,20.133034,20.133034,0.000000,32.800000,3.000000,0.824000,0.001867,-0.002433,4.190655,2.777532,3.127755,0.003546,0.008402,36.300000,0.000000,0.084059,-0.000377,-0.000169,0.001307,-0.000449,0.039000,
0.040000,21.642500,21.642500,2.000000,20.075977,20.075977,0.000000,32.900000,2.000000,0.802400,0.002079,-0.002515,4.189909,2.778519,3.131994,0.003594,0.009657,36.400000,0.000000,0.082465,-0.000463,-0.000113,-0.000271,-0.001196,0.036894,
0.040000,21.561061,21.561061,2.000000,20.013720,20.013720,0.000000,33.000000,2.000000,0.805200,0.002031,-0.002350,4.189500,2.778615,3.135288,0.003674,0.011046,36.500000,0.000000,0.080986,-0.000646,-0.000102,-0.000661,0.000786,0.040295,
0.040000,21.480710,21.480710,2.000000,19.954046,19.954046,0.000000,33.100000,2.000000,0.796400,0.002166,-0.002441,4.188912,2.776445,3.138752,0.003361,0.011142,36.600000,0.000000,0.079467,-0.000652,-0.000084,0.000728,-0.000042,0.035751,
0.040000,21.401260,21.401260,2.000000,19.891705,19.891705,0.000000,33.200000,2.000000,0.792400,0.002348,-0.002521,4.191775,2.778890,-3.140599,0.003254,0.009350,36.700000,0.000000,0.078010,-0.000209,-0.000143,-0.000329,0.000767,0.035061,
0.040000,21.322796,21.322796,4.000000,19.831978,19.831978,0.000000,33.300000,4.000000,0.796400,0.002175,-0.002556,4.192156,2.777506,-3.137404,0.002984,0.007229,36.800000,0.000000,0.075904,-0.000690,-0.000163,-0.000675,0.001354,0.037095,
0.040000,21.245243,21.245243,3.000000,19.771738,19.771738,0.000000,33.400000,3.000000,0.788400,0.002259,-0.002342,4.192319,2.778736,-3.133113,0.003392,0.008231,36.900000,0.000000,0.074329,-0.000403,-0.000213,-0.000521,-0.000601,0.033914,
0.040000,21.168741,21.168741,4.000000,19.715212,19.715212,0.000000,33.500000,4.000000,0.776800,0.002397,-0.002421,4.193279,2.777519,-3.129561,0.003201,0.008698,37.000000,0.000000,0.072826,-0.000638,-0.000129,0.001067,0.000225,0.039471,
0.040000,21.095745,21.095745,3.000000,19.708822,19.708822,0.000000,33.600000,3.000000,0.792800,0.002234,-0.002274,4.192440,2.780068,-3.129584,0.003095,0.008207,37.100000,0.000000,0.071199,-0.000383,-0.000164,-0.000135,0.000886,0.037036,
0.040000,21.026852,21.026852,2.000000,19.717880,19.717880,0.000000,33.700000,2.000000,0.778000,0.002295,-0.002502,4.191984,2.778156,-3.130229,0.003353,0.010468,37.200000,0.000000,0.069951,-0.000881,-0.000183,0.000859,-0.000664,0.013997,
0.040000,20.961634,20.961634,3.000000,19.722483,19.722483,0.000000,33.800000,3.000000,0.784000,0.002204,-0.002402,4.189449,2.779725,-3.130832,0.003168,0.008687,37.300000,0.000000,0.068663,-0.000487,-0.000127,-0.001075,0.000132,0.001365,
0.040000,20.899852,20.899852,3.000000,19.725994,19.725994,0.000000,33.900000,3.000000,0.778000,0.002119,-0.002373,4.190737,2.779678,-3.131207,0.003242,0.010426,37.400000,0.000000,0.067803,-0.000793,-0.000161,0.000219,-0.000503,-0.003209,
0.040000,20.841327,20.841327,3.000000,19.729361,19.729361,0.000000,34.000000,3.000000,0.764800,0.002227,-0.002312,4.186244,2.779027,-3.131188,0.003258,0.008675,37.500000,0.000000,0.066208,-0.000765,-0.000143,0.000266,-0.000711,-0.003546,
0.040000,20.788144,20.788144,3.000000,19.777660,19.777660,0.000000,34.100000,3.000000,0.797200,0.002276,-0.002388,4.179504,2.778277,-3.132943,0.003437,0.009498,37.600000,0.000000,0.065788,-0.000631,-0.000135,0.000478,0.000393,-0.001235,
0.040000,20.738582,20.738582,4.000000,19.796907,19.796907,0.000000,34.200000,4.000000,0.790400,0.002460,-0.002243,4.153568,2.779403,-3.133653,0.003126,0.008776,37.700000,0.000000,0.065821,-0.000484,-0.000094,-0.000263,0.000478,-0.011316,
0.040000,20.690343,20.690343,6.000000,19.773798,19.773798,0.000000,34.300000,6.000000,0.744400,0.002156,-0.002422,4.111832,2.776627,-3.124826,0.003188,0.008555,37.800000,0.000000,0.069647,-0.000742,-0.000142,0.000810,0.001332,-0.008709,
0.040000,20.659219,20.659219,4.000000,20.067873,20.067873,0.000000,34.400000,4.000000,0.706800,0.002651,-0.002263,3.959762,2.774054,-3.092851,0.002792,0.011594,37.900000,0.000000,0.076528,-0.000243,-0.000106,-0.000922,-0.001496,0.051223,
0.040000,20.644631,20.644631,5.000000,20.367464,20.367464,0.000000,34.500000,5.000000,0.732800,0.002651,-0.002263,3.959762,2.774054,-3.092851,0.002792,0.010181,38.000000,0.000000,0.088730,-0.000204,-0.000042,0.000049,0.001439,0.121565,
0.040000,20.642565,20.642565,4.000000,20.603308,20.603308,0.000000,34.600000,4.000000,0.681600,0.002032,-0.002385,3.875720,2.770517,-3.081001,0.002535,0.022020,38.100000,0.000000,0.103338,-0.000500,-0.000111,0.000108,0.001134,0.142058,
0.040000,20.649912,20.649912,5.000000,20.789501,20.789501,0.000000,34.700000,5.000000,0.633600,0.002689,-0.001829,3.715326,2.759787,-3.067427,0.001257,0.010171,38.200000,0.000000,0.117931,-0.000601,-0.000116,-0.000882,-0.003562,0.127487,
0.040000,20.663423,20.663423,4.000000,20.920130,20.920130,0.000000,34.800000,4.000000,0.696000,0.002689,-0.001829,3.715326,2.759787,-3.067427,0.001257,0.010397,38.300000,0.000000,0.131017,-0.000389,-0.000174,0.001229,0.000145,0.101849,
0.040000,20.680305,20.680305,4.000000,21.001059,21.001059,0.000000,35.000000,4.000000,0.633200,0.002512,-0.001437,3.471481,2.740403,-3.067765,0.000596,0.022919,38.500000,0.000000,0.144805,-0.000525,-0.000294,0.002151,0.002432,0.069651,
0.040000,20.699917,20.699917,3.000000,21.072550,21.072550,0.000000,35.100000,3.000000,0.715200,0.002512,-0.001437,3.471481,2.740403,-3.067765,0.000596,0.011240,38.600000,0.000000,0.158097,-0.000414,-0.000256,0.003062,-0.001210,0.039150,
0.040000,20.718291,20.718291,3.000000,21.067398,21.067398,0.000000,35.200000,3.000000,0.679200,0.002572,-0.001476,3.391429,2.735718,-3.071404,0.000056,0.020260,38.700000,0.000000,0.209831,-0.000214,-0.000322,0.000297,0.000740,-0.009220,
0.040000,20.735111,20.735111,4.000000,21.054689,21.054689,0.000000,35.300000,4.000000,0.654800,0.002346,-0.001191,3.229379,2.724735,-3.081908,0.000209,0.011273,38.800000,0.000000,0.221493,-0.000452,-0.000383,-0.000029,0.000692,-0.024244,
0.040000,20.748799,20.748799,3.000000,21.008875,21.008875,0.000000,35.400000,3.000000,0.727600,0.002346,-0.001191,3.229379,2.724735,-3.081908,0.000209,0.012664,38.900000,0.000000,0.232990,-0.000582,-0.000377,-0.000698,-0.000135,-0.039151,
0.040000,20.759992,20.759992,3.000000,20.972652,20.972652,0.000000,35.500000,3.000000,0.665600,0.002057,-0.001159,3.146885,2.718861,-3.088303,-0.000530,0.023648,39.000000,0.000000,0.244545,-0.000434,-0.000256,0.002346,-0.000940,-0.049724,
0.040000,20.767855,20.767855,3.000000,20.917250,20.917250,0.000000,35.600000,3.000000,0.660400,0.002126,-0.001299,2.987645,2.712287,-3.101890,-0.000676,0.009621,39.100000,0.000000,0.256026,-0.000239,-0.000359,0.001180,-0.002098,-0.058514,
0.040000,20.772611,20.772611,2.000000,20.862972,20.862972,0.000000,35.700000,2.000000,0.728000,0.002126,-0.001299,2.987645,2.712287,-3.101890,-0.000676,0.011914,39.200000,0.000000,0.266943,-0.000362,-0.000392,0.000258,-0.001667,-0.064306,
0.040000,20.774432,20.774432,2.000000,20.809038,20.809038,0.000000,35.800000,2.000000,0.688000,0.002097,-0.001413,2.908339,2.709560,-3.108543,-0.001355,0.021788,39.300000,0.000000,0.277139,-0.000501,-0.000311,-0.000405,0.000756,-0.066577,
0.040000,20.773808,20.773808,2.000000,20.761951,20.761951,0.000000,35.900000,2.000000,0.641200,0.001518,-0.001604,2.748496,2.706173,-3.120684,-0.001793,0.020770,39.400000,0.000000,0.287323,-0.000574,-0.000405,-0.000771,0.000166,-0.066552,
0.040000,20.771023,20.771023,2.000000,20.718109,20.718109,0.000000,36.000000,2.000000,0.733200,0.001518,-0.001604,2.748496,2.706173,-3.120684,-0.001793,0.007973,39.500000,0.000000,0.297805,-0.000800,-0.000010,0.000900,-0.004823,-0.064660,
0.040000,20.766795,20.766795,2.000000,20.686472,20.686472,0.000000,36.100000,2.000000,0.705200,0.001449,-0.001533,2.669021,2.704362,-3.125997,-0.001373,0.020515,39.600000,0.000000,0.307318,-0.000824,-0.000430,-0.001914,-0.000430,-0.060499,
0.040000,20.764062,20.764062,2.000000,20.712126,20.712126,0.000000,36.200000,2.000000,0.659600,0.000952,-0.001744,2.509831,2.702757,-3.134417,-0.000997,0.008615,39.700000,0.000000,0.316940,-0.000778,-0.000315,-0.000245,-0.000544,-0.055943,
0.040000,20.767533,20.767533,2.000000,20.833492,20.833492,0.000000,36.300000,2.000000,0.754400,0.000952,-0.001744,2.509831,2.702757,-3.134417,-0.000997,0.007939,39.800000,0.000000,0.326429,-0.000794,-0.000455,0.000123,-0.001237,-0.050068,
0.040000,20.776321,20.776321,2.000000,20.943283,20.943283,0.000000,36.400000,2.000000,0.695200,0.001068,-0.001661,2.431353,2.702200,-3.137771,-0.002025,0.020933,39.900000,0.000000,0.335661,-0.000848,-0.000183,-0.001410,-0.002430,-0.042467,
0.040000,20.789619,20.789619,2.000000,21.042286,21.042286,0.000000,36.500000,2.000000,0.678400,0.001325,-0.001475,2.273066,2.701629,3.140644,-0.002594,0.007057,40.000000,0.000000,0.344527,-0.000832,-0.000367,-0.000000,-0.000177,-0.036951,
0.040000,20.806625,20.806625,2.000000,21.129744,21.129744,0.000000,36.600000,2.000000,0.712800,0.001325,-0.001475,2.273066,2.701629,3.140644,-0.002594,0.021866,40.100000,0.000000,0.353582,-0.000809,-0.000375,-0.000452,-0.000561,-0.030445,
0.040000,20.826727,20.826727,2.000000,21.208662,21.208662,0.000000,36.700000,2.000000,0.693200,0.000973,-0.001575,2.193771,2.701712,3.139227,-0.002133,0.021004,40.200000,0.000000,0.361995,-0.000765,-0.000433,0.001458,0.001915,-0.024775,
0.040000,20.849213,20.849213,2.000000,21.276451,21.276451,0.000000,36.800000,2.000000,0.683200,0.001167,-0.001489,2.033678,2.702653,3.137688,-0.003046,0.020025,40.300000,0.000000,0.370505,-0.000752,-0.000313,-0.000053,-0.001429,-0.018223,
0.040000,20.873463,20.873463,2.000000,21.334211,21.334211,0.000000,36.900000,2.000000,0.755600,0.001167,-0.001489,2.033678,2.702653,3.137688,-0.003046,0.020594,40.400000,0.000000,0.379153,-0.000709,-0.000469,0.000461,-0.001273,-0.013430,
0.040000,20.899019,20.899019,2.000000,21.384567,21.384567,0.000000,37.000000,2.000000,0.697600,0.000860,-0.001453,1.953481,2.702779,3.137626,-0.002758,0.022972,40.500000,0.000000,0.387318,-0.000818,-0.000449,0.000235,0.001455,-0.008170,
0.040000,20.925640,20.925640,2.000000,21.431440,21.431440,0.000000,37.100000,2.000000,0.691200,-0.000201,-0.001474,1.792662,2.703077,3.138743,-0.003630,0.020248,40.600000,0.000000,0.395508,-0.000765,-0.000364,0.000314,-0.001340,-0.003510,
0.040000,20.952901,20.952901,2.000000,21.470860,21.470860,0.000000,37.200000,2.000000,0.748800,-0.000201,-0.001474,1.792662,2.703077,3.138743,-0.003630,0.019516,40.700000,0.000000,0.403555,-0.000584,-0.000398,0.000585,-0.003098,0.000712,
0.040000,20.980468,20.980468,2.000000,21.504253,21.504253,0.000000,37.300000,2.000000,0.720000,-0.000007,-0.001522,1.712614,2.703772,3.139622,-0.003707,0.021400,40.800000,0.000000,0.411493,-0.000676,-0.000501,-0.000375,-0.005164,0.005111,
0.040000,21.008145,21.008145,2.000000,21.534008,21.534008,0.000000,37.400000,2.000000,0.693200,0.000006,-0.001432,1.552974,2.703177,-3.141057,-0.003928,0.019481,40.900000,0.000000,0.419178,-0.000755,-0.000509,-0.000439,-0.000786,0.007387,
0.040000,21.035696,21.035696,2.000000,21.559168,21.559168,0.000000,37.500000,2.000000,0.747200,0.000006,-0.001432,1.552974,2.703177,-3.141057,-0.003928,0.021410,41.000000,0.000000,0.426801,-0.000668,-0.000408,0.000191,-0.001110,0.009349,
0.040000,21.063077,21.063077,2.000000,21.583311,21.583311,0.000000,37.600000,2.000000,0.689200,0.000132,-0.001367,1.474172,2.702889,-3.139609,-0.003874,0.019135,41.100000,0.000000,0.434007,-0.000563,-0.000537,0.000272,0.000444,0.012534,
0.040000,21.090156,21.090156,2.000000,21.604652,21.604652,0.000000,37.700000,2.000000,0.682800,-0.000136,-0.001354,1.312157,2.702325,-3.136445,-0.004162,0.023060,41.200000,0.000000,0.441003,-0.000504,-0.000516,0.000508,0.000936,0.013737,
0.040000,21.117039,21.117039,2.000000,21.627819,21.627819,0.000000,37.800000,2.000000,0.735600,-0.000136,-0.001354,1.312157,2.702325,-3.136445,-0.004162,0.009332,41.300000,0.000000,0.448507,-0.000517,-0.000465,-0.000404,-0.001061,0.014807,
0.040000,21.143794,21.143794,2.000000,21.652145,21.652145,0.000000,37.900000,2.000000,0.704800,-0.000384,-0.001322,1.231950,2.701824,-3.135104,-0.003400,0.022398,41.400000,0.000000,0.455444,-0.000460,-0.000552,0.000523,-0.000669,0.015648,
0.040000,21.170753,21.170753,2.000000,21.682962,21.682962,0.000000,38.000000,2.000000,0.692800,-0.000351,-0.001307,1.070280,2.700363,-3.132812,-0.004655,0.007372,41.500000,0.000000,0.462297,-0.000433,-0.000393,0.000402,-0.001798,0.014267,
0.040000,21.197930,21.197930,2.000000,21.714291,21.714291,0.000000,38.100000,2.000000,0.764400,-0.000351,-0.001307,1.070280,2.700363,-3.132812,-0.004655,0.010930,41.600000,0.000000,0.469125,-0.000384,-0.000656,0.000147,0.000101,0.012419,
0.040000,21.225320,21.225320,2.000000,21.745728,21.745728,0.000000,38.200000,2.000000,0.714800,-0.000491,-0.001280,0.990288,2.699850,-3.131768,-0.003955,0.036366,41.700000,0.000000,0.475845,-0.000354,-0.000631,0.000157,-0.000565,0.011936,
0.040000,21.253025,21.253025,2.000000,21.779434,21.779434,0.000000,38.300000,2.000000,0.670000,-0.000331,-0.001280,0.828887,2.698711,-3.130114,-0.004960,0.009893,41.800000,0.000000,0.482253,-0.000384,-0.000485,0.000230,-0.001091,0.011014,
0.040000,21.281286,21.281286,2.000000,21.818239,21.818239,0.000000,38.400000,2.000000,0.756000,-0.000331,-0.001280,0.828887,2.698711,-3.130114,-0.004960,0.010408,41.900000,0.000000,0.488555,-0.000442,-0.000707,-0.000141,0.000231,0.009767,
0.040000,21.310319,21.310319,2.000000,21.861952,21.861952,0.000000,38.600000,2.000000,0.690400,-0.000987,-0.001111,0.587326,2.694854,-3.128849,-0.004352,0.020349,42.100000,0.000000,0.494971,-0.000470,-0.000675,0.000180,0.000420,0.008394,
0.040000,21.342932,21.342932,2.000000,21.962580,21.962580,0.000000,38.700000,2.000000,0.764800,-0.000987,-0.001111,0.587326,2.694854,-3.128849,-0.004352,0.011403,42.200000,0.000000,0.501169,-0.000405,-0.000453,-0.000229,-0.003091,0.006316,
0.040000,21.376625,21.376625,2.000000,22.016788,22.016788,0.000000,38.800000,2.000000,0.714400,-0.001058,-0.000982,0.507179,2.693743,-3.128547,-0.004302,0.021505,42.300000,0.000000,0.525001,-0.000090,-0.000657,0.001020,-0.000783,0.003932,
0.040000,21.411467,21.411467,2.000000,22.073456,22.073456,0.000000,38.900000,2.000000,0.712800,-0.001148,-0.001174,0.346725,2.692329,-3.128396,-0.004654,0.008782,42.400000,0.000000,0.530447,-0.000071,-0.000650,0.001173,-0.000747,0.003426,
0.040000,21.447388,21.447388,2.000000,22.129894,22.129894,0.000000,39.000000,2.000000,0.770800,-0.001148,-0.001174,0.346725,2.692329,-3.128396,-0.004654,0.010590,42.500000,0.000000,0.535807,-0.000148,-0.000614,-0.001370,-0.001119,0.002427,
0.040000,21.484005,21.484005,2.000000,22.179722,22.179722,0.000000,39.100000,2.000000,0.732000,-0.001375,-0.001182,0.266333,2.691059,-3.128564,-0.004152,0.022732,42.600000,0.000000,0.541053,-0.000203,-0.000730,0.000147,-0.000145,0.000761,
0.040000,21.521514,21.521514,2.000000,22.234192,22.234192,0.000000,39.200000,2.000000,0.722800,-0.001352,-0.001027,0.106172,2.688608,-3.129052,-0.003889,0.008758,42.700000,0.000000,0.546235,-0.000158,-0.000635,0.000003,-0.001458,-0.000745,
0.040000,21.560146,21.560146,2.000000,22.294149,22.294149,0.000000,39.300000,2.000000,0.791200,-0.001352,-0.001027,0.106172,2.688608,-3.129052,-0.003889,0.011001,42.800000,0.000000,0.551186,-0.000177,-0.000640,0.000309,-0.000765,-0.001766,
0.040000,21.599357,21.599357,3.000000,22.344360,22.344360,0.000000,39.400000,3.000000,0.717200,-0.001619,-0.001143,0.026782,2.688312,-3.129275,-0.003331,0.020651,42.900000,0.000000,0.556178,-0.000076,-0.000602,0.000769,0.000063,-0.002210,
0.040000,21.641220,21.641220,1.000000,22.436621,22.436621,0.000000,39.500000,1.000000,0.695200,-0.001711,-0.001320,-0.031847,2.687877,-3.123979,-0.003491,0.007525,43.000000,0.000000,0.433538,-0.004505,-0.029192,-0.005063,0.002359,0.165727,
0.040000,21.693924,21.693924,4.000000,22.695299,22.695299,0.000000,39.600000,4.000000,0.692800,-0.001513,-0.002226,-0.100574,2.686508,-3.087856,-0.006218,0.012200,43.100000,0.000000,0.561366,-0.000265,-0.000542,-0.001203,-0.001232,0.031879,
0.040000,21.758218,21.758218,3.000000,22.979809,22.979809,0.000000,39.700000,3.000000,0.782400,-0.001513,-0.002226,-0.100574,2.686508,-3.087856,-0.006218,0.011530,43.200000,0.000000,0.558560,-0.000448,-0.001041,-0.003444,0.000838,0.116590,
0.040000,21.832139,21.832139,2.000000,23.236633,23.236633,0.000000,39.800000,2.000000,0.795600,-0.001581,-0.002167,-0.108352,2.686438,-3.068803,-0.005415,0.018368,43.300000,0.000000,0.552837,-0.000308,-0.001070,-0.003588,-0.000168,0.163376,
0.040000,21.913714,21.913714,3.000000,23.463646,23.463646,0.000000,39.900000,3.000000,0.784800,-0.001545,-0.002257,-0.110432,2.685921,-3.051259,-0.005556,0.008136,43.400000,0.000000,0.543462,-0.000371,-0.000893,-0.000818,-0.000743,0.180155,
0.040000,22.002584,22.002584,3.000000,23.691118,23.691118,0.000000,40.000000,3.000000,0.776400,-0.001509,-0.002321,-0.110673,2.687111,-3.033384,-0.005950,0.009763,43.500000,0.000000,0.533155,-0.000292,-0.000904,-0.000700,-0.000304,0.177242,
0.040000,22.098695,22.098695,3.000000,23.924799,23.924799,0.000000,40.100000,3.000000,0.770800,-0.001830,-0.002173,-0.111044,2.686978,-3.014196,-0.005245,0.009423,43.600000,0.000000,0.522659,-0.000524,-0.000965,-0.000497,-0.000142,0.178172,
0.040000,22.202029,22.202029,3.000000,24.165380,24.165380,0.000000,40.200000,3.000000,0.770000,-0.001316,-0.002285,-0.111084,2.688032,-2.993770,-0.006026,0.007983,43.700000,0.000000,0.512419,-0.000495,-0.000806,0.000923,-0.002309,0.186641,
0.040000,22.312748,22.312748,4.000000,24.416410,24.416410,0.000000,40.300000,4.000000,0.770800,-0.001180,-0.002159,-0.109441,2.686095,-2.971568,-0.006162,0.010922,43.800000,0.000000,0.502284,-0.000693,-0.000945,-0.000142,0.002014,0.197534,
0.040000,22.430174,22.430174,4.000000,24.661266,24.661266,0.000000,40.400000,4.000000,0.762400,-0.001611,-0.002269,-0.111270,2.688104,-2.947881,-0.004516,0.011717,43.900000,0.000000,0.492103,-0.000253,-0.000952,0.000896,0.001305,0.212670,
0.040000,22.554604,22.554604,4.000000,24.918770,24.918770,0.000000,40.500000,4.000000,0.769600,-0.001423,-0.002675,-0.112579,2.688088,-2.897267,-0.005595,0.012343,44.000000,0.000000,0.482676,-0.000701,-0.000609,-0.000131,-0.002488,0.227622,
0.040000,22.685393,22.685393,3.000000,25.170387,25.170387,0.000000,40.600000,3.000000,0.820000,-0.001423,-0.002675,-0.112579,2.688088,-2.897267,-0.005595,0.012842,44.100000,0.000000,0.472974,-0.000557,-0.000796,0.002252,0.000302,0.239529,
0.040000,22.822672,22.822672,5.000000,25.430971,25.430971,0.000000,40.700000,5.000000,0.820000,-0.001511,-0.002341,-0.113668,2.685295,-2.870774,-0.004829,0.022234,44.200000,0.000000,0.464053,-0.000732,-0.000795,-0.003503,-0.000663,0.251717,
0.040000,22.964733,22.964733,3.000000,25.663887,25.663887,0.000000,40.800000,3.000000,0.798800,-0.001154,-0.002348,-0.114277,2.689391,-2.843155,-0.005675,0.011868,44.300000,0.000000,0.455230,-0.000235,-0.000627,0.000966,-0.001210,0.259886,
0.040000,23.109903,23.109903,3.000000,25.868145,25.868145,0.000000,40.900000,3.000000,0.788800,-0.001069,-0.002558,-0.114038,2.688484,-2.814902,-0.006478,0.009057,44.400000,0.000000,0.446136,-0.001042,-0.000784,0.000552,0.001345,0.269964,
0.040000,23.258514,23.258514,4.000000,26.082119,26.082119,0.000000,41.000000,4.000000,0.775600,-0.001123,-0.002551,-0.116292,2.688074,-2.786743,-0.005395,0.013649,44.500000,0.000000,0.437330,-0.000836,-0.000926,-0.000890,0.000612,0.277734,
0.040000,23.409826,23.409826,4.000000,26.284758,26.284758,0.000000,41.100000,4.000000,0.784400,-0.001192,-0.002415,-0.116774,2.689117,-2.758150,-0.004791,0.009268,44.600000,0.000000,0.429138,-0.000886,-0.000695,-0.000106,-0.000544,0.280114,
0.040000,23.560685,23.560685,7.000000,26.427002,26.427002,0.000000,41.200000,7.000000,0.798000,-0.000864,-0.002344,-0.112782,2.687192,-2.700850,-0.005820,0.008663,44.700000,0.000000,0.420677,-0.001095,-0.000562,0.001004,-0.001076,0.283704,
0.040000,23.711628,23.711628,3.000000,26.579546,26.579546,0.000000,41.300000,3.000000,0.842000,-0.000864,-0.002344,-0.112782,2.687192,-2.700850,-0.005820,0.013660,44.800000,0.000000,0.412293,-0.000948,-0.000891,0.000285,0.001958,0.285329,
0.040000,23.862903,23.862903,4.000000,26.737120,26.737120,0.000000,41.400000,4.000000,0.849200,-0.001177,-0.002743,-0.111873,2.689092,-2.672501,-0.003660,0.023022,44.900000,0.000000,0.403642,-0.000392,-0.000735,0.000961,-0.000452,0.286162,
0.040000,24.011861,24.011861,3.000000,26.842072,26.842072,0.000000,41.500000,3.000000,0.836800,-0.000681,-0.002653,-0.112752,2.688666,-2.644626,-0.006001,0.010013,45.000000,0.000000,0.395342,-0.000648,-0.000294,-0.001924,-0.002550,0.284503,
0.040000,24.154947,24.154947,3.000000,26.873585,26.873585,0.000000,41.600000,3.000000,0.827200,-0.000709,-0.002391,-0.112468,2.688239,-2.616758,-0.005810,0.009792,45.100000,0.000000,0.387720,-0.000637,-0.000751,-0.000018,0.001630,0.280954,
0.040000,24.293875,24.293875,3.000000,26.933508,26.933508,0.000000,41.700000,3.000000,0.837200,-0.000461,-0.002334,-0.111012,2.687358,-2.588790,-0.006140,0.010203,45.200000,0.000000,0.380048,-0.000524,-0.000698,0.001733,0.000009,0.279550,
0.040000,24.430671,24.430671,5.000000,27.029791,27.029791,0.000000,41.800000,5.000000,0.842800,-0.000861,-0.002966,-0.111294,2.687519,-2.561234,-0.004541,0.008854,45.300000,0.000000,0.372373,-0.000219,-0.000749,0.001117,0.001131,0.279632,
0.040000,24.561376,24.561376,5.000000,27.044760,27.044760,0.000000,41.900000,5.000000,0.833600,-0.000269,-0.002365,-0.109344,2.686381,-2.505835,-0.005957,0.012198,45.400000,0.000000,0.365042,-0.000271,-0.000418,-0.003366,-0.002489,0.277112,
0.040000,24.686480,24.686480,4.000000,27.063456,27.063456,0.000000,42.000000,4.000000,0.874000,-0.000269,-0.002365,-0.109344,2.686381,-2.505835,-0.005957,0.029176,45.500000,0.000000,0.358221,-0.000121,-0.000367,0.001074,-0.002475,0.278797,
0.040000,24.805213,24.805213,3.000000,27.061148,27.061148,0.000000,42.100000,3.000000,0.861200,-0.000376,-0.002620,-0.111182,2.685992,-2.478385,-0.005312,0.022015,45.600000,0.000000,0.350551,0.000153,-0.000681,0.002038,0.003332,0.275930,
0.040000,24.917331,24.917331,3.000000,27.047581,27.047581,0.000000,42.200000,3.000000,0.858400,-0.000158,-0.002630,-0.113511,2.686727,-2.451098,-0.005658,0.010885,45.700000,0.000000,0.343958,-0.000004,-0.000540,-0.000746,0.000189,0.275043,
0.040000,25.020045,25.020045,4.000000,26.971613,26.971613,0.000000,42.300000,4.000000,0.861600,0.000390,-0.002437,-0.109247,2.685263,-2.423597,-0.007381,0.012043,45.800000,0.000000,0.337430,-0.000402,-0.000599,-0.000297,0.000974,0.273703,
0.040000,25.111960,25.111960,3.000000,26.858326,26.858326,0.000000,42.400000,3.000000,0.865200,0.000034,-0.002565,-0.108048,2.685601,-2.396384,-0.005925,0.008508,45.900000,0.000000,0.330291,0.000367,-0.000926,0.001059,0.003329,0.274521,
0.040000,25.199229,25.199229,2.000000,26.857347,26.857347,0.000000,42.500000,2.000000,0.858400,0.000315,-0.002083,-0.109456,2.683731,-2.369353,-0.007129,0.010802,46.000000,0.000000,0.323537,0.000465,-0.000620,-0.000427,-0.001348,0.273034,
0.040000,25.275335,25.275335,3.000000,26.721344,26.721344,0.000000,42.600000,3.000000,0.840800,0.000383,-0.002135,-0.110397,2.684578,-2.315105,-0.006177,0.008247,46.100000,0.000000,0.317594,0.000539,-0.000845,0.002787,0.000835,0.271356,
0.040000,25.340609,25.340609,3.000000,26.580826,26.580826,0.000000,42.800000,3.000000,0.880400,0.000383,-0.002135,-0.110397,2.684578,-2.315105,-0.006177,0.011847,46.300000,0.000000,0.311508,-0.000398,-0.000790,-0.000609,0.001053,0.269719,
0.040000,25.389914,25.389914,3.000000,26.326706,26.326706,0.000000,43.000000,3.000000,0.862400,0.000370,-0.002175,-0.108513,2.687106,-2.261306,-0.005601,0.023005,46.500000,0.000000,0.305186,0.000291,-0.000625,0.000979,-0.000660,0.272223,
0.040000,25.418062,25.418062,2.000000,25.952869,25.952869,0.000000,43.100000,2.000000,0.858000,0.000481,-0.002003,-0.107025,2.688672,-2.207323,-0.005432,0.008188,46.600000,0.000000,0.279909,0.000139,-0.000350,-0.000233,-0.000644,0.269163,
0.040000,25.434369,25.434369,2.000000,25.744213,25.744213,0.000000,43.200000,2.000000,0.836000,0.000483,-0.002012,-0.104819,2.689353,-2.179973,-0.005881,0.010371,46.700000,0.000000,0.257092,0.000186,-0.000256,0.000691,-0.000044,0.269870,
0.040000,25.437482,25.437482,2.000000,25.496628,25.496628,0.000000,43.300000,2.000000,0.850400,0.000531,-0.001827,-0.103487,2.692737,-2.126185,-0.005795,0.007568,46.800000,0.000000,0.251681,0.000452,-0.000339,0.000184,-0.000313,0.271881,
0.040000,25.436527,25.436527,2.000000,25.418371,25.418371,0.000000,43.400000,2.000000,0.873200,0.000531,-0.001827,-0.103487,2.692737,-2.126185,-0.005795,0.012164,46.900000,0.000000,0.246253,0.000377,-0.000492,0.002895,-0.000106,0.269765,
0.040000,25.434649,25.434649,2.000000,25.398962,25.398962,0.000000,43.500000,2.000000,0.870000,0.000519,-0.001683,-0.104035,2.693781,-2.099410,-0.005582,0.021212,47.000000,0.000000,0.241204,0.000275,-0.000306,-0.000780,-0.000336,0.269587,
0.040000,25.428458,25.428458,2.000000,25.310839,25.310839,0.000000,43.600000,2.000000,0.864000,0.000633,-0.001576,-0.102024,2.694780,-2.072496,-0.005861,0.009536,47.100000,0.000000,0.236347,0.000070,-0.000259,0.000504,-0.000494,0.268448,
0.040000,25.419456,25.419456,2.000000,25.248417,25.248417,0.000000,43.700000,2.000000,0.853200,0.000581,-0.001572,-0.103064,2.697057,-2.045706,-0.005807,0.008662,47.200000,0.000000,0.231333,0.000311,-0.000308,0.000756,0.000250,0.268877,
0.040000,25.406268,25.406268,2.000000,25.155693,25.155693,0.000000,43.800000,2.000000,0.855600,0.000931,-0.001602,-0.101748,2.699274,-2.018499,-0.006329,0.008588,47.300000,0.000000,0.226490,-0.000089,-0.000292,0.000214,-0.000488,0.268274,
0.040000,25.391473,25.391473,3.000000,25.110367,25.110367,0.000000,44.000000,3.000000,0.854000,0.000899,-0.001400,-0.099435,2.703973,-1.937918,-0.005400,0.007661,47.500000,0.000000,0.221530,-0.000057,-0.000389,-0.000233,0.001710,0.270620,
0.040000,25.365054,25.365054,2.000000,24.863106,24.863106,0.000000,44.100000,2.000000,0.876400,0.000899,-0.001400,-0.099435,2.703973,-1.937918,-0.005400,0.013800,47.600000,0.000000,0.216847,-0.000123,-0.000364,0.001403,0.000184,0.268451,
0.040000,25.329927,25.329927,2.000000,24.662512,24.662512,0.000000,44.200000,2.000000,0.861600,0.000915,-0.001636,-0.097794,2.704931,-1.911073,-0.004785,0.023051,47.700000,0.000000,0.198442,0.000078,-0.000009,-0.000461,-0.000318,0.269307,
0.040000,25.291925,25.291925,2.000000,24.569889,24.569889,0.000000,44.300000,2.000000,0.859600,0.000860,-0.001297,-0.099870,2.707983,-1.884398,-0.005601,0.007606,47.800000,0.000000,0.194260,0.000309,0.000112,-0.001646,-0.000279,0.268833,
0.040000,25.242424,25.242424,2.000000,24.301889,24.301889,0.000000,44.400000,2.000000,0.853600,0.000720,-0.001235,-0.099019,2.709123,-1.857460,-0.004882,0.008520,47.900000,0.000000,0.190020,-0.000281,-0.000052,0.001279,-0.000686,0.267561,
0.040000,25.188127,25.188127,2.000000,24.156498,24.156498,0.000000,44.500000,2.000000,0.846400,0.000826,-0.001456,-0.101429,2.710465,-1.831211,-0.004016,0.009696,48.000000,0.000000,0.186026,-0.000185,0.000091,0.000737,-0.001337,0.268682,
0.040000,25.125420,25.125420,3.000000,23.933983,23.933983,0.000000,44.600000,3.000000,0.842000,0.000928,-0.001121,-0.101210,2.708694,-1.806894,-0.005168,0.010612,48.100000,0.000000,0.182255,-0.000710,0.000258,-0.001208,-0.000070,0.264859,
0.040000,25.059391,25.059391,3.000000,23.804842,23.804842,0.000000,44.700000,3.000000,0.840400,0.000778,-0.001017,-0.102468,2.710068,-1.784958,-0.004818,0.013253,48.200000,0.000000,0.179001,-0.000565,0.000027,0.001476,0.000408,0.251453,
0.040000,24.987131,24.987131,4.000000,23.614185,23.614185,0.000000,44.900000,4.000000,0.837200,0.000900,-0.000943,-0.105089,2.710031,-1.731463,-0.004608,0.012504,48.400000,0.000000,0.175280,-0.000857,0.000095,0.001093,-0.000914,0.231620,
0.040000,24.904650,24.904650,2.000000,23.337519,23.337519,0.000000,45.000000,2.000000,0.864000,0.000900,-0.000943,-0.105089,2.710031,-1.731463,-0.004608,0.012473,48.500000,0.000000,0.171617,-0.001009,-0.000010,0.000550,0.001002,0.209300,
0.040000,24.820374,24.820374,2.000000,23.219122,23.219122,0.000000,45.100000,2.000000,0.876800,0.000942,-0.000903,-0.104868,2.711275,-1.717002,-0.004669,0.020265,48.600000,0.000000,0.158825,-0.001608,0.000277,0.000038,-0.000654,0.171757,
0.040000,24.734212,24.734212,3.000000,23.097136,23.097136,0.000000,45.200000,3.000000,0.860800,0.000890,-0.000695,-0.104673,2.709437,-1.703989,-0.005177,0.007556,48.700000,0.000000,0.155466,-0.001572,0.000260,0.000168,-0.000135,0.156741,
0.040000,24.646755,24.646755,2.000000,22.985083,22.985083,0.000000,45.300000,2.000000,0.868000,0.001075,-0.000862,-0.106305,2.710191,-1.692282,-0.004724,0.011162,48.800000,0.000000,0.152769,-0.001451,0.000156,0.001257,-0.000434,0.140552,
0.040000,24.558170,24.558170,2.000000,22.875055,22.875055,0.000000,45.400000,2.000000,0.865200,0.000896,-0.000841,-0.106567,2.710390,-1.681663,-0.004583,0.008673,48.900000,0.000000,0.149669,-0.001760,0.000241,-0.000616,0.000918,0.126079,
0.040000,24.468637,24.468637,2.000000,22.767508,22.767508,0.000000,45.500000,2.000000,0.865600,0.000923,-0.000634,-0.106309,2.710522,-1.672306,-0.005151,0.011078,49.000000,0.000000,0.146700,-0.001781,0.000264,-0.000174,-0.000807,0.113787,
0.040000,24.378985,24.378985,2.000000,22.675587,22.675587,0.000000,45.600000,2.000000,0.847200,0.000862,-0.000740,-0.107601,2.711665,-1.663689,-0.004256,0.009225,49.100000,0.000000,0.143790,-0.001698,0.000147,0.001162,-0.000189,0.101296,
0.040000,24.290404,24.290404,2.000000,22.607368,22.607368,0.000000,45.700000,2.000000,0.866000,0.001127,-0.000713,-0.108297,2.711403,-1.655740,-0.005314,0.008167,49.200000,0.000000,0.140769,-0.001940,0.000320,-0.000261,-0.000484,0.091944,
0.040000,24.202393,24.202393,2.000000,22.530193,22.530193,0.000000,45.800000,2.000000,0.850400,0.000849,-0.000638,-0.107875,2.711153,-1.648651,-0.004576,0.010147,49.300000,0.000000,0.138069,-0.002033,0.000105,0.000018,0.001419,0.084248,
0.040000,24.113415,24.113415,2.000000,22.422829,22.422829,0.000000,45.900000,2.000000,0.855200,0.000924,-0.000558,-0.108409,2.710739,-1.642298,-0.005125,0.008902,49.400000,0.000000,0.135398,-0.001907,0.000248,0.000427,-0.001207,0.075992,
0.040000,24.026976,24.026976,2.000000,22.384626,22.384626,0.000000,46.000000,2.000000,0.844000,0.001083,-0.000582,-0.108846,2.712142,-1.636497,-0.005129,0.010616,49.500000,0.000000,0.132827,-0.001967,0.000136,0.000624,-0.000018,0.068290,
0.040000,23.941850,23.941850,2.000000,22.324459,22.324459,0.000000,46.100000,2.000000,0.855200,0.000909,-0.000618,-0.109956,2.712181,-1.631310,-0.004582,0.009262,49.600000,0.000000,0.129947,-0.002034,0.000132,0.000057,0.000953,0.061935,
0.040000,23.858701,23.858701,2.000000,22.278879,22.278879,0.000000,46.200000,2.000000,0.850000,0.000878,-0.000640,-0.109782,2.710620,-1.626482,-0.004698,0.008231,49.700000,0.000000,0.127399,-0.002213,0.000237,-0.000235,-0.000728,0.055717,
0.040000,23.777020,23.777020,2.000000,22.225069,22.225069,0.000000,46.300000,2.000000,0.846800,0.000917,-0.000541,-0.109616,2.712588,-1.621994,-0.005163,0.010499,49.800000,0.000000,0.125197,-0.002116,0.000210,-0.000249,-0.000493,0.051123,
0.040000,23.697065,23.697065,2.000000,22.177919,22.177919,0.000000,46.400000,2.000000,0.848000,0.000885,-0.000608,-0.111108,2.711145,-1.618301,-0.004937,0.009625,49.900000,0.000000,0.122346,-0.002064,0.000114,0.000493,0.000037,0.047263,
0.040000,23.619391,23.619391,2.000000,22.143591,22.143591,0.000000,46.500000,2.000000,0.856000,0.000920,-0.000661,-0.110107,2.712343,-1.614264,-0.004409,0.007742,50.000000,0.000000,0.120237,-0.002302,0.000156,-0.000247,-0.000198,0.040874,
0.040000,23.541583,23.541583,2.000000,22.063231,22.063231,0.000000,46.600000,2.000000,0.849600,0.001060,-0.000523,-0.109845,2.713440,-1.610258,-0.005027,0.008722,50.100000,0.000000,0.117625,-0.002071,0.000257,-0.000447,0.000125,0.040561,
0.040000,23.466758,23.466758,2.000000,22.045080,22.045080,0.000000,46.700000,2.000000,0.829600,0.000665,-0.000647,-0.110080,2.713583,-1.606521,-0.004114,0.007327,50.200000,0.000000,0.115092,-0.001988,0.000130,0.000655,0.000901,0.040254,
0.040000,23.393577,23.393577,2.000000,22.003136,22.003136,0.000000,46.800000,2.000000,0.848000,0.001002,-0.000666,-0.109612,2.714527,-1.602588,-0.004448,0.008635,50.300000,0.000000,0.112799,-0.001996,0.000307,-0.000532,-0.002114,0.038470,
0.040000,23.321855,23.321855,2.000000,21.959137,21.959137,0.000000,46.900000,2.000000,0.836400,0.000690,-0.000436,-0.110621,2.713893,-1.598765,-0.005084,0.008692,50.400000,0.000000,0.110388,-0.001871,0.000235,-0.000343,0.001262,0.039001,
0.040000,23.251171,23.251171,2.000000,21.908186,21.908186,0.000000,47.000000,2.000000,0.843200,0.000961,-0.000457,-0.109959,2.714657,-1.595138,-0.005123,0.007948,50.500000,0.000000,0.108344,-0.002029,0.000105,0.001274,-0.001461,0.038529,
0.040000,23.179538,23.179538,2.000000,21.818501,21.818501,0.000000,47.100000,2.000000,0.825600,0.000749,-0.000533,-0.109024,2.714384,-1.591373,-0.004537,0.009580,50.600000,0.000000,0.106055,-0.001863,0.000096,0.000338,0.001108,0.037133,
0.040000,23.110850,23.110850,2.000000,21.805788,21.805788,0.000000,47.200000,2.000000,0.838400,0.000902,-0.000455,-0.109740,2.715359,-1.587898,-0.004566,0.010367,50.700000,0.000000,0.104015,-0.001641,0.000209,-0.000366,-0.000898,0.037447,
0.040000,23.043100,23.043100,2.000000,21.755840,21.755840,0.000000,47.300000,2.000000,0.832800,0.000728,-0.000388,-0.108513,2.714602,-1.583852,-0.004378,0.008136,50.800000,0.000000,0.101775,-0.001753,0.000199,0.000330,0.000591,0.035785,
0.040000,22.975304,22.975304,2.000000,21.687187,21.687187,0.000000,47.500000,2.000000,0.843600,0.000824,-0.000366,-0.109473,2.716585,-1.580232,-0.005106,0.012206,51.000000,0.000000,0.099913,-0.001474,0.000233,0.000519,-0.000859,0.038672,
0.040000,22.907264,22.907264,2.000000,21.614510,21.614510,0.000000,47.600000,2.000000,0.830800,0.000884,-0.000239,-0.108575,2.714704,-1.572813,-0.005849,0.010466,51.100000,0.000000,0.097555,-0.001640,0.000084,0.000315,0.000259,0.037143,
0.040000,22.840203,22.840203,2.000000,21.566034,21.566034,0.000000,47.700000,2.000000,0.832800,0.000970,-0.000650,-0.110138,2.715572,-1.569550,-0.004227,0.008221,51.200000,0.000000,0.090626,-0.001151,-0.000214,0.000590,0.000285,0.037096,
0.040000,22.774239,22.774239,2.000000,21.520918,21.520918,0.000000,47.800000,2.000000,0.838000,0.001068,-0.000652,-0.110437,2.716639,-1.565639,-0.004266,0.007332,51.300000,0.000000,0.088674,-0.001436,0.000109,-0.002028,0.000598,0.034627,
0.040000,22.709010,22.709010,2.000000,21.469673,21.469673,0.000000,47.900000,2.000000,0.847200,0.000874,-0.000481,-0.109990,2.716399,-1.562100,-0.004100,0.007224,51.400000,0.000000,0.086722,-0.001466,0.000099,-0.000833,0.000812,0.037360,
0.040000,22.644507,22.644507,2.000000,21.418940,21.418940,0.000000,48.000000,2.000000,0.833200,0.000998,-0.000457,-0.109270,2.719406,-1.554713,-0.004757,0.009286,51.500000,0.000000,0.085064,-0.001350,0.000130,0.000718,-0.000898,0.036141,
0.040000,22.586663,22.586663,2.000000,21.487629,21.487629,0.000000,48.100000,2.000000,0.888400,0.000998,-0.000457,-0.109270,2.719406,-1.554713,-0.004757,0.012328,51.600000,0.000000,0.083105,-0.001553,0.000156,-0.000710,0.000005,0.036220,
0.040000,22.535714,22.535714,3.000000,21.567690,21.567690,0.000000,48.200000,3.000000,0.878000,0.000894,-0.000518,-0.111164,2.718108,-1.551540,-0.004322,0.022429,51.700000,0.000000,0.081168,-0.001145,-0.000005,0.000817,0.000396,0.037074,
0.040000,22.485676,22.485676,3.000000,21.534943,21.534943,0.000000,48.300000,3.000000,0.877200,0.001009,-0.000424,-0.112137,2.717516,-1.551075,-0.004898,0.008591,51.800000,0.000000,0.079820,-0.001499,0.000080,-0.000080,-0.000503,0.033774,
0.040000,22.439640,22.439640,3.000000,21.564959,21.564959,0.000000,48.400000,3.000000,0.864800,0.000877,-0.000401,-0.112300,2.716104,-1.551692,-0.004805,0.008125,51.900000,0.000000,0.078362,-0.001663,-0.000035,0.000545,0.000521,0.015773,
0.040000,22.393113,22.393113,2.000000,21.509096,21.509096,0.000000,48.500000,2.000000,0.877200,0.000937,-0.000374,-0.113793,2.710180,-1.553891,-0.004802,0.010252,52.000000,0.000000,0.077096,-0.001668,-0.000015,0.000351,-0.000619,0.002209,
0.040000,22.346492,22.346492,3.000000,21.460690,21.460690,0.000000,48.600000,3.000000,0.882800,0.001046,-0.000489,-0.110289,2.687048,-1.554821,-0.004710,0.009027,52.100000,0.000000,0.076739,-0.001951,-0.000014,0.000315,0.000140,-0.012742,
0.040000,22.309721,22.309721,4.000000,21.611082,21.611082,0.000000,48.700000,4.000000,0.814800,0.001267,-0.000736,-0.102131,2.644185,-1.547078,-0.004023,0.007727,52.200000,0.000000,0.079795,-0.001300,0.000009,-0.000583,0.000728,-0.010617,
0.040000,22.289443,22.289443,3.000000,21.904158,21.904158,0.000000,48.800000,3.000000,0.777200,0.000786,-0.000594,-0.096068,2.501714,-1.514870,-0.003576,0.008077,52.300000,0.000000,0.086691,0.000198,0.000154,-0.001806,0.001615,0.043802,
0.040000,22.285521,22.285521,4.000000,22.210997,22.210997,0.000000,48.900000,4.000000,0.811200,0.000786,-0.000594,-0.096068,2.501714,-1.514870,-0.003576,0.011968,52.400000,0.000000,0.097470,0.000996,0.000086,0.000148,-0.000198,0.115990,
0.040000,22.291995,22.291995,4.000000,22.415018,22.415018,0.000000,49.000000,4.000000,0.764800,0.000644,-0.000168,-0.092854,2.421571,-1.502425,-0.005727,0.022304,52.500000,0.000000,0.111151,0.000452,0.000271,-0.000119,-0.002357,0.144099,
0.040000,22.304886,22.304886,4.000000,22.549799,22.549799,0.000000,49.100000,4.000000,0.738000,-0.000115,-0.000001,-0.085891,2.257844,-1.488330,-0.005473,0.008440,52.600000,0.000000,0.124768,0.000193,-0.000146,0.002532,-0.001802,0.131953,
0.040000,22.320923,22.320923,4.000000,22.625639,22.625639,0.000000,49.200000,4.000000,0.794400,-0.000115,-0.000001,-0.085891,2.257844,-1.488330,-0.005473,0.011432,52.700000,0.000000,0.138629,-0.000333,-0.000338,0.002001,-0.003143,0.105351,
0.040000,22.334433,22.334433,4.000000,22.591112,22.591112,0.000000,49.300000,4.000000,0.735600,-0.000167,-0.000127,-0.080261,2.178454,-1.485870,-0.004369,0.018323,52.800000,0.000000,0.151870,-0.000782,-0.000072,0.000739,-0.003446,0.072401,
0.040000,22.344608,22.344608,5.000000,22.537947,22.537947,0.000000,49.400000,5.000000,0.710800,-0.000751,-0.000031,-0.069046,2.014764,-1.487640,-0.004167,0.020178,52.900000,0.000000,0.164570,-0.000950,0.000146,-0.000494,-0.001640,0.042860,
0.040000,22.351225,22.351225,6.000000,22.476934,22.476934,0.000000,49.600000,6.000000,0.729600,-0.000751,-0.000031,-0.069046,2.014764,-1.487640,-0.004167,0.022649,53.100000,0.000000,0.177187,-0.001206,-0.000020,0.001289,-0.003217,0.016060,
0.040000,22.343687,22.343687,4.000000,22.200474,22.200474,0.000000,49.700000,4.000000,0.691200,-0.001097,0.000389,-0.051721,1.774868,-1.500991,-0.003367,0.023127,53.200000,0.000000,0.190189,-0.001441,0.000171,-0.000401,-0.002246,-0.004494,
0.040000,22.328079,22.328079,3.000000,22.031525,22.031525,0.000000,49.800000,3.000000,0.757200,-0.001097,0.000389,-0.051721,1.774868,-1.500991,-0.003367,0.010775,53.300000,0.000000,0.238511,-0.001987,-0.000413,0.001718,-0.001758,-0.037563,
0.040000,22.303212,22.303212,3.000000,21.830746,21.830746,0.000000,49.900000,3.000000,0.732000,-0.001352,0.000488,-0.046648,1.692926,-1.507241,-0.004021,0.020605,53.400000,0.000000,0.249454,-0.002018,-0.000003,0.000988,-0.000799,-0.047094,
0.040000,22.271216,22.271216,3.000000,21.663275,21.663275,0.000000,50.000000,3.000000,0.676800,-0.000594,0.000815,-0.036625,1.535605,-1.520685,-0.007023,0.008066,53.500000,0.000000,0.260691,-0.002107,-0.000150,0.000944,-0.001881,-0.056470,
0.040000,22.232180,22.232180,3.000000,21.490515,21.490515,0.000000,50.100000,3.000000,0.751200,-0.000594,0.000815,-0.036625,1.535605,-1.520685,-0.007023,0.011873,53.600000,0.000000,0.271285,-0.002240,-0.000179,-0.000508,0.000282,-0.062475,
0.040000,22.183593,22.183593,3.000000,21.260437,21.260437,0.000000,50.200000,3.000000,0.727200,-0.001140,0.000959,-0.033339,1.453161,-1.527445,-0.006284,0.020536,53.700000,0.000000,0.281233,-0.001919,-0.000773,0.002608,0.003740,-0.066030,
0.040000,22.131045,22.131045,3.000000,21.132626,21.132626,0.000000,50.300000,3.000000,0.685200,-0.001252,0.000966,-0.026513,1.293654,-1.539685,-0.006137,0.011251,53.800000,0.000000,0.291934,-0.002047,-0.000622,0.001853,-0.001983,-0.066997,
0.040000,22.072518,22.072518,2.000000,20.960508,20.960508,0.000000,50.400000,2.000000,0.774400,-0.001252,0.000966,-0.026513,1.293654,-1.539685,-0.006137,0.011093,53.900000,0.000000,0.301658,-0.001925,-0.000540,0.000800,0.001817,-0.063698,
0.040000,22.009078,22.009078,2.000000,20.803707,20.803707,0.000000,50.500000,2.000000,0.717600,-0.001170,0.000638,-0.024665,1.213934,-1.544957,-0.004331,0.019699,54.000000,0.000000,0.311677,-0.001889,-0.000599,0.000183,-0.002643,-0.061874,
0.040000,21.939836,21.939836,3.000000,20.624247,20.624247,0.000000,50.600000,3.000000,0.703200,-0.001238,0.000470,-0.020016,1.053094,-1.553746,-0.004199,0.009956,54.100000,0.000000,0.321242,-0.001976,-0.000251,-0.001999,-0.000529,-0.056214,
0.040000,21.867984,21.867984,2.000000,20.502806,20.502806,0.000000,50.700000,2.000000,0.767200,-0.001238,0.000470,-0.020016,1.053094,-1.553746,-0.004199,0.010135,54.200000,0.000000,0.330609,-0.001865,-0.000565,-0.000306,-0.001074,-0.051445,
0.040000,21.796322,21.796322,3.000000,20.434731,20.434731,0.000000,50.800000,3.000000,0.730000,-0.001236,0.000351,-0.019383,0.974020,-1.557165,-0.003919,0.022686,54.300000,0.000000,0.340097,-0.001726,-0.000249,-0.001683,0.000007,-0.043994,
0.040000,21.725880,21.725880,2.000000,20.387478,20.387478,0.000000,50.900000,2.000000,0.703200,-0.001189,0.000642,-0.015989,0.814608,-1.562079,-0.005970,0.010367,54.400000,0.000000,0.348977,-0.001833,-0.000208,-0.001402,0.000004,-0.037935,
0.040000,21.657484,21.657484,2.000000,20.357960,20.357960,0.000000,51.000000,2.000000,0.785200,-0.001189,0.000642,-0.015989,0.814608,-1.562079,-0.005970,0.010657,54.500000,0.000000,0.357817,-0.001481,-0.000723,0.002731,-0.000623,-0.031426,
0.040000,21.591013,21.591013,2.000000,20.328079,20.328079,0.000000,51.100000,2.000000,0.731600,-0.001162,0.000661,-0.014413,0.734864,-1.563629,-0.005797,0.020291,54.600000,0.000000,0.366472,-0.001484,-0.000634,-0.000464,0.000654,-0.025442,
0.040000,21.526342,21.526342,2.000000,20.297577,20.297577,0.000000,51.200000,2.000000,0.700400,-0.001259,0.000514,-0.013550,0.574356,-1.565266,-0.004944,0.009827,54.700000,0.000000,0.374971,-0.001281,-0.000606,-0.000069,0.000413,-0.019298,
0.040000,21.463184,21.463184,2.000000,20.263189,20.263189,0.000000,51.300000,2.000000,0.779200,-0.001259,0.000514,-0.013550,0.574356,-1.565266,-0.004944,0.012375,54.800000,0.000000,0.383513,-0.001298,-0.000447,-0.000634,-0.001840,-0.013957,
0.040000,21.400949,21.400949,2.000000,20.218493,20.218493,0.000000,51.400000,2.000000,0.745600,-0.001292,0.000616,-0.012627,0.493983,-1.565355,-0.005772,0.021590,54.900000,0.000000,0.391666,-0.001270,-0.000459,-0.000560,0.000688,-0.008861,
0.040000,21.339532,21.339532,2.000000,20.172600,20.172600,0.000000,51.500000,2.000000,0.730800,-0.001468,0.000694,-0.011301,0.333623,-1.564456,-0.005577,0.007980,55.000000,0.000000,0.399794,-0.001151,-0.000633,0.000420,0.000063,-0.003935,
0.040000,21.278277,21.278277,2.000000,20.114433,20.114433,0.000000,51.600000,2.000000,0.820400,-0.001468,0.000694,-0.011301,0.333623,-1.564456,-0.005577,0.008564,55.100000,0.000000,0.407590,-0.001038,-0.000810,0.001181,-0.000258,-0.000098,
0.040000,21.217594,21.217594,2.000000,20.064627,20.064627,0.000000,51.700000,2.000000,0.737600,-0.001486,0.000637,-0.010595,0.253495,-1.563620,-0.005349,0.020230,55.200000,0.000000,0.415504,-0.001022,-0.000608,-0.000079,-0.000899,0.004117,
0.040000,21.157533,21.157533,2.000000,20.016359,20.016359,0.000000,51.800000,2.000000,0.710400,-0.001384,0.000919,-0.008675,0.094907,-1.561175,-0.006300,0.043128,55.300000,0.000000,0.423117,-0.000963,-0.000574,-0.000380,-0.000457,0.006739,
0.040000,21.097874,21.097874,2.000000,19.964354,19.964354,0.000000,51.900000,2.000000,0.814000,-0.001384,0.000919,-0.008675,0.094907,-1.561175,-0.006300,0.010429,55.400000,0.000000,0.430323,-0.000893,-0.000558,0.000658,0.000095,0.009324,
0.040000,21.037257,21.037257,4.000000,19.885538,19.885538,0.000000,52.000000,4.000000,0.682800,-0.001181,0.000723,-0.004756,0.022901,-1.558511,-0.005395,0.019756,55.500000,0.000000,0.437575,-0.000789,-0.000786,0.001215,0.000413,0.011923,
0.040000,20.992510,20.992510,4.000000,20.142323,20.142323,0.000000,52.100000,4.000000,0.645600,0.000312,0.001275,0.004022,-0.025445,-1.545793,-0.007885,0.021983,55.600000,0.000000,0.443159,-0.000137,-0.000612,-0.000724,0.001425,0.021018,
0.040000,20.970230,20.970230,6.000000,20.546906,20.546906,0.000000,52.200000,6.000000,0.640000,0.000390,0.000374,0.002518,-0.066082,-1.527624,-0.006623,0.021118,55.700000,0.000000,0.443975,0.001481,-0.001104,0.003168,0.009850,0.086616,
0.040000,20.966552,20.966552,7.000000,20.896675,20.896675,0.000000,52.300000,7.000000,0.625600,0.000063,0.001156,0.006817,-0.082079,-1.507947,-0.008519,0.022050,55.800000,0.000000,0.443222,0.000955,-0.000830,-0.004401,0.004336,0.145377,
0.040000,20.984891,20.984891,9.000000,21.333334,21.333334,0.000000,52.400000,9.000000,0.641600,0.000751,0.000292,0.004751,-0.079323,-1.489664,-0.003838,0.011540,55.900000,0.000000,0.437662,0.001648,-0.001187,0.003126,-0.000269,0.177144,
0.040000,21.021018,21.021018,5.000000,21.707418,21.707418,0.000000,52.500000,5.000000,0.603200,0.000166,0.001004,0.005292,-0.076805,-1.471897,-0.006378,0.013034,56.000000,0.000000,0.428450,0.001243,-0.000238,-0.004190,0.004227,0.180650,
0.040000,21.075484,21.075484,12.000000,22.110344,22.110344,0.000000,52.600000,12.000000,0.641200,0.000175,0.000458,0.003222,-0.088182,-1.454260,-0.006506,0.009496,56.100000,0.000000,0.419500,0.001365,-0.000736,0.002748,-0.001929,0.178814,
0.040000,21.148124,21.148124,6.000000,22.528278,22.528278,0.000000,52.700000,6.000000,0.609600,-0.000391,0.000869,0.008074,-0.082777,-1.433022,-0.006547,0.013398,56.200000,0.000000,0.413410,0.000710,-0.000745,-0.002343,-0.000603,0.177305,
0.040000,21.241888,21.241888,6.000000,23.023417,23.023417,0.000000,52.800000,6.000000,0.595600,-0.000051,0.000279,0.003611,-0.104309,-1.389557,-0.006748,0.009723,56.300000,0.000000,0.404293,0.001772,-0.000739,0.001657,-0.003636,0.198981,
0.040000,21.354663,21.354663,4.000000,23.497374,23.497374,0.000000,52.900000,4.000000,0.749600,-0.000051,0.000279,0.003611,-0.104309,-1.389557,-0.006748,0.011670,56.400000,0.000000,0.398566,0.001151,-0.001136,0.003073,-0.000231,0.201858,
0.040000,21.487027,21.487027,4.000000,24.001944,24.001944,0.000000,53.100000,4.000000,0.735200,-0.000131,0.000741,0.003880,-0.109543,-1.364664,-0.007888,0.021546,56.600000,0.000000,0.392505,0.000219,-0.000742,-0.004854,0.001098,0.219875,
0.040000,21.661252,21.661252,4.000000,24.971539,24.971539,0.000000,53.300000,4.000000,0.736000,-0.000230,0.000478,0.002993,-0.116578,-1.312484,-0.006767,0.020131,56.800000,0.000000,0.385776,0.000081,-0.000952,0.001017,0.000002,0.237831,
0.040000,21.875787,21.875787,3.000000,25.951948,25.951948,0.000000,53.400000,3.000000,0.725600,-0.000260,0.000357,0.005826,-0.121103,-1.256930,-0.006213,0.009048,56.900000,0.000000,0.358047,-0.000834,-0.000436,-0.001151,-0.000321,0.259715,
0.040000,22.103248,22.103248,3.000000,26.425013,26.425013,0.000000,53.500000,3.000000,0.723200,-0.000895,0.001349,0.008552,-0.125534,-1.199507,-0.008961,0.022702,57.000000,0.000000,0.331962,-0.000148,-0.000185,-0.000572,-0.000047,0.276766,
0.040000,22.344014,22.344014,2.000000,26.918554,26.918554,0.000000,53.600000,2.000000,0.832400,-0.000895,0.001349,0.008552,-0.125534,-1.199507,-0.008961,0.010475,57.100000,0.000000,0.325875,-0.000119,-0.000346,0.001765,0.000051,0.282031,
0.040000,22.594612,22.594612,2.000000,27.355986,27.355986,0.000000,53.700000,2.000000,0.846000,-0.000681,0.000852,0.007023,-0.124860,-1.171435,-0.006811,0.020456,57.200000,0.000000,0.320052,0.000082,-0.000714,0.004648,-0.003646,0.285631,
0.040000,22.852759,22.852759,3.000000,27.757545,27.757545,0.000000,53.800000,3.000000,0.820400,-0.000998,0.000654,0.007695,-0.126368,-1.142673,-0.006248,0.010020,57.300000,0.000000,0.313537,-0.000151,-0.000278,-0.001146,0.000110,0.282599,
0.040000,23.117730,23.117730,3.000000,28.152180,28.152180,0.000000,53.900000,3.000000,0.808400,-0.000858,0.000796,0.007376,-0.124109,-1.114447,-0.006922,0.008342,57.400000,0.000000,0.307704,-0.000142,-0.000162,-0.001508,-0.001782,0.285702,
0.040000,23.386506,23.386506,3.000000,28.493248,28.493248,0.000000,54.000000,3.000000,0.825200,-0.000905,0.000753,0.006277,-0.124948,-1.086162,-0.005939,0.008820,57.500000,0.000000,0.301229,-0.000012,-0.000291,0.000462,0.000306,0.283575,
0.040000,23.657571,23.657571,3.000000,28.807812,28.807812,0.000000,54.100000,3.000000,0.815600,-0.001189,0.000700,0.008318,-0.123298,-1.057904,-0.006873,0.010462,57.600000,0.000000,0.295363,-0.000278,-0.000092,0.000064,-0.000034,0.283124,
0.040000,23.934002,23.934002,3.000000,29.186192,29.186192,0.000000,54.200000,3.000000,0.807600,-0.000879,0.000306,0.006376,-0.120394,-1.002616,-0.005108,0.008906,57.700000,0.000000,0.289457,0.000233,-0.000274,-0.000119,-0.001643,0.282793,
0.040000,24.211571,24.211571,2.000000,29.485382,29.485382,0.000000,54.300000,2.000000,0.869200,-0.000879,0.000306,0.006376,-0.120394,-1.002616,-0.005108,0.011408,57.800000,0.000000,0.283199,0.000071,-0.000002,-0.000791,0.000666,0.279134,
0.040000,24.487419,24.487419,2.000000,29.728525,29.728525,0.000000,54.400000,2.000000,0.867600,-0.000943,0.000454,0.004129,-0.118682,-0.975293,-0.005321,0.020776,57.900000,0.000000,0.277514,0.000178,0.000080,-0.001642,0.001055,0.277198,
0.040000,24.762352,24.762352,2.000000,29.986090,29.986090,0.000000,54.500000,2.000000,0.856400,-0.000871,0.000405,0.005267,-0.118487,-0.947725,-0.005339,0.008096,58.000000,0.000000,0.271533,-0.000016,0.000037,0.000440,0.000072,0.274745,
0.040000,25.034641,25.034641,3.000000,30.208120,30.208120,0.000000,54.600000,3.000000,0.842400,-0.001085,0.000354,0.003693,-0.116240,-0.920588,-0.005501,0.011406,58.100000,0.000000,0.266283,0.000191,0.000032,0.000017,0.000546,0.275323,
0.040000,25.306352,25.306352,2.000000,30.468866,30.468866,0.000000,54.700000,2.000000,0.841600,-0.001105,0.000380,0.003727,-0.115688,-0.893320,-0.005274,0.008980,58.200000,0.000000,0.260502,0.000194,0.000000,-0.000143,-0.001049,0.272885,
0.040000,25.575820,25.575820,3.000000,30.695719,30.695719,0.000000,54.800000,3.000000,0.834400,-0.000944,0.000405,0.001160,-0.116406,-0.866266,-0.005320,0.009305,58.300000,0.000000,0.255291,0.000261,0.000045,0.000292,-0.000459,0.272758,
0.040000,25.840279,25.840279,3.000000,30.865000,30.865000,0.000000,54.900000,3.000000,0.810400,-0.000951,0.000377,-0.000037,-0.112977,-0.812431,-0.005615,0.022269,58.400000,0.000000,0.250057,-0.000227,0.000035,0.000435,0.000880,0.271385,
0.040000,26.100125,26.100125,2.000000,31.037193,31.037193,0.000000,55.000000,2.000000,0.871200,-0.000951,0.000377,-0.000037,-0.112977,-0.812431,-0.005615,0.011545,58.500000,0.000000,0.244351,0.000557,0.000169,-0.000452,-0.000004,0.269595,
0.040000,26.355027,26.355027,2.000000,31.198168,31.198168,0.000000,55.100000,2.000000,0.864000,-0.000929,0.000345,-0.001328,-0.110244,-0.785330,-0.005206,0.022535,58.600000,0.000000,0.239637,0.000022,-0.000026,0.000601,0.000410,0.269759,
0.040000,26.601510,26.601510,2.000000,31.284676,31.284676,0.000000,55.200000,2.000000,0.845600,-0.000956,0.000287,-0.001410,-0.108953,-0.758434,-0.004898,0.022156,58.700000,0.000000,0.234350,0.000207,0.000055,0.000187,0.000352,0.270531,
0.040000,26.836471,26.836471,3.000000,31.300730,31.300730,0.000000,55.400000,3.000000,0.823600,-0.000848,0.000272,-0.002251,-0.106703,-0.731529,-0.005261,0.010331,58.900000,0.000000,0.229540,0.000371,0.000115,-0.000133,0.000021,0.269559,
0.040000,27.064656,27.064656,2.000000,31.400169,31.400169,0.000000,55.500000,2.000000,0.800000,-0.000884,0.000281,-0.005759,-0.104747,-0.677567,-0.004432,0.008756,59.000000,0.000000,0.224590,0.000572,0.000041,0.000010,0.000721,0.269247,
0.040000,27.282331,27.282331,3.000000,31.418173,31.418173,0.000000,55.600000,3.000000,0.770800,-0.001131,0.000250,-0.007436,-0.105659,-0.623919,-0.004697,0.022284,59.100000,0.000000,0.205410,0.000178,0.000365,0.000264,-0.000062,0.269780,
0.040000,27.489032,27.489032,2.000000,31.416344,31.416344,0.000000,55.700000,2.000000,0.866800,-0.001131,0.000250,-0.007436,-0.105659,-0.623919,-0.004697,0.009241,59.200000,0.000000,0.201572,-0.000209,0.000390,0.000100,-0.001151,0.268957,
0.040000,27.686903,27.686903,2.000000,31.446455,31.446455,0.000000,55.800000,2.000000,0.825600,-0.000984,0.000124,-0.007773,-0.106127,-0.596970,-0.004539,0.047571,59.300000,0.000000,0.197271,-0.000158,0.000298,0.000215,-0.000635,0.268491,
0.040000,27.871891,27.871891,2.000000,31.386660,31.386660,0.000000,55.900000,2.000000,0.827200,-0.000866,-0.000095,-0.010256,-0.104499,-0.570084,-0.003065,0.019919,59.400000,0.000000,0.193393,-0.000268,0.000324,-0.000522,0.000694,0.269104,
0.040000,28.042233,28.042233,2.000000,31.278728,31.278728,0.000000,56.000000,2.000000,0.804000,-0.000759,-0.000088,-0.011518,-0.104785,-0.543370,-0.003182,0.008941,59.500000,0.000000,0.189007,-0.000273,0.000608,-0.001399,0.000997,0.268954,
0.040000,28.201718,28.201718,2.000000,31.231932,31.231932,0.000000,56.100000,2.000000,0.804000,-0.000927,0.000227,-0.010926,-0.103210,-0.516568,-0.003763,0.009543,59.600000,0.000000,0.185111,-0.000449,0.000573,-0.000357,0.001026,0.267834,
0.040000,28.348158,28.348158,2.000000,31.130526,31.130526,0.000000,56.200000,2.000000,0.787200,-0.000931,0.000081,-0.012960,-0.104803,-0.489438,-0.003674,0.007853,59.700000,0.000000,0.181409,-0.000114,0.000447,0.001949,-0.000637,0.267947,
0.040000,28.478352,28.478352,2.000000,30.952032,30.952032,0.000000,56.300000,2.000000,0.724800,-0.000741,0.000074,-0.008801,-0.103093,-0.436206,-0.002280,0.008540,59.800000,0.000000,0.177646,-0.000582,0.000456,0.000001,-0.000237,0.270020,
0.040000,28.594690,28.594690,3.000000,30.805105,30.805105,0.000000,56.500000,3.000000,0.830800,-0.000741,0.000074,-0.008801,-0.103093,-0.436206,-0.002280,0.018565,60.000000,0.000000,0.173592,-0.000578,0.000598,-0.001151,0.001172,0.268261,
0.040000,28.684325,28.684325,2.000000,30.387398,30.387398,0.000000,56.600000,2.000000,0.826800,-0.000755,0.000074,-0.014942,-0.103621,-0.382369,-0.003101,0.021233,60.100000,0.000000,0.171315,0.000092,0.000710,0.000926,0.000349,0.266336,
0.040000,28.761560,28.761560,2.000000,30.229015,30.229015,0.000000,56.700000,2.000000,0.731200,-0.000908,0.000282,-0.015432,-0.103888,-0.355390,-0.003443,0.009415,60.200000,0.000000,0.155777,-0.001121,0.000334,0.000240,-0.000030,0.269038,
0.040000,28.823330,28.823330,4.000000,29.996969,29.996969,0.000000,56.800000,4.000000,0.743200,-0.000771,-0.000063,-0.008880,-0.105176,-0.328553,-0.001838,0.020798,60.300000,0.000000,0.152650,-0.001183,0.000260,0.001379,-0.000832,0.269455,
0.040000,28.870458,28.870458,3.000000,29.765882,29.765882,0.000000,56.900000,3.000000,0.728000,-0.000478,-0.000127,-0.013387,-0.107385,-0.301813,-0.001180,0.011065,60.400000,0.000000,0.150947,-0.000949,0.000569,-0.001422,0.000522,0.268792,
0.040000,28.901513,28.901513,3.000000,29.491573,29.491573,0.000000,57.000000,3.000000,0.721200,-0.000751,-0.000139,-0.017944,-0.100542,-0.250450,-0.002232,0.008295,60.500000,0.000000,0.147286,-0.001627,0.000687,-0.000833,0.001996,0.267934,
0.040000,28.915721,28.915721,4.000000,29.185669,29.185669,0.000000,57.100000,4.000000,0.756800,-0.000751,-0.000139,-0.017944,-0.100542,-0.250450,-0.002232,0.009960,60.600000,0.000000,0.143888,-0.000162,0.000659,-0.000879,0.000528,0.263844,
0.040000,28.916572,28.916572,4.000000,28.932743,28.932743,0.000000,57.200000,4.000000,0.755200,-0.000658,-0.000120,-0.021769,-0.092112,-0.228662,-0.001712,0.023318,60.700000,0.000000,0.140300,-0.000555,0.000455,0.000326,-0.001311,0.256723,
0.040000,28.902828,28.902828,25.000000,28.641678,28.641678,0.000000,57.300000,25.000000,0.667200,-0.000653,-0.000140,-0.021679,-0.091948,-0.208197,-0.001774,0.010303,60.800000,0.000000,0.136403,0.000875,0.000549,0.000339,0.000055,0.232715,
0.040000,28.877856,28.877856,3.000000,28.403397,28.403397,0.000000,57.400000,3.000000,0.766800,-0.000561,-0.000012,-0.042385,-0.052901,-0.198970,-0.000790,0.018738,60.900000,0.000000,0.133731,0.000893,0.000526,0.000088,0.000035,0.215369,
0.040000,28.839960,28.839960,2.000000,28.119942,28.119942,0.000000,57.500000,2.000000,0.752800,-0.000362,-0.000200,-0.025181,-0.044111,-0.184986,-0.000705,0.009455,61.000000,0.000000,0.125530,0.007547,0.000714,0.000861,0.000580,0.139291,
0.040000,28.793766,28.793766,3.000000,27.916077,27.916077,0.000000,57.600000,3.000000,0.758800,-0.000481,-0.000055,-0.018319,-0.047022,-0.169771,-0.000788,0.008862,61.100000,0.000000,0.126036,0.009763,0.000715,-0.000795,0.001445,0.139633,
0.040000,28.738806,28.738806,2.000000,27.694567,27.694567,0.000000,57.700000,2.000000,0.760400,-0.000643,-0.000151,-0.016387,-0.044812,-0.156428,-0.001527,0.008887,61.200000,0.000000,0.124989,0.009256,0.000684,0.000630,-0.000199,0.147370,
0.040000,28.676723,28.676723,3.000000,27.497143,27.497143,0.000000,57.800000,3.000000,0.731600,-0.000414,-0.000083,-0.009760,-0.046983,-0.143789,-0.000671,0.008549,61.300000,0.000000,0.122830,0.009567,0.000525,-0.000304,-0.001082,0.138754,
0.040000,28.609915,28.609915,4.000000,27.340570,27.340570,0.000000,57.900000,4.000000,0.743600,-0.000528,0.000045,-0.009250,-0.045131,-0.132627,-0.001106,0.008582,61.400000,0.000000,0.121767,0.009160,0.000682,0.000342,0.000988,0.131111,
0.040000,28.540473,28.540473,5.000000,27.221075,27.221075,0.000000,58.000000,5.000000,0.789200,-0.000411,-0.000117,-0.012945,-0.047811,-0.122811,-0.000854,0.012530,61.500000,0.000000,0.119416,0.009355,0.000583,0.000958,-0.000327,0.119067,
0.040000,28.467140,28.467140,3.000000,27.073814,27.073814,0.000000,58.100000,3.000000,0.785200,-0.000538,-0.000177,-0.000826,-0.048497,-0.114522,