"ADAPTIVE_THRESHOLD_SIGMA","ESTIMATED_OBSERVATION_RADIUS","ESTIMATED_SENSOR_MAX_RANGE","ICP_ITERATION","INSTANTANEOUS_OBSERVATION_RADIUS","INSTANTANEOUS_SENSOR_MAX_RANGE","SENSOR_TIME_OFFSET","current_relative_timestamp","icp_iterations","icp_quality","robot_pitch","robot_roll","robot_x","robot_y","robot_yaw","robot_z","time_onLidar","timestamp","twistCorrectionCount","vx","vy","vz","wx","wy","wz",
0.200000,25.147915,25.147915,0.000000,20.000000,20.000000,0.000000,0.000000,0.000000,0.000000,0.000000,0.000000,0.000000,0.000000,0.000000,0.000000,0.000000,6.000000,0.000000,0.000000,0.000000,0.000000,0.000000,0.000000,0.000000,
0.200000,25.147446,25.147446,1.000000,25.138529,25.138529,0.000000,0.100000,1.000000,0.979200,-0.000108,0.000060,0.001846,0.000458,-0.000045,-0.001038,0.013128,6.100000,0.000000,0.000000,0.000000,0.000000,0.000000,0.000000,0.000000,
0.197500,25.146621,25.146621,1.000000,25.130945,25.130945,0.000000,0.200000,1.000000,0.997600,-0.000108,0.000060,0.001846,0.000458,-0.000045,-0.001038,0.011590,6.200000,0.000000,0.000000,0.000000,0.000000,0.000000,0.000000,0.000000,
0.195000,25.145772,25.145772,1.000000,25.129650,25.129650,0.000000,0.300000,1.000000,0.998000,-0.000050,0.000053,0.001146,0.000457,-0.000059,-0.000517,0.017003,6.300000,0.000000,0.000000,0.000000,0.000000,0.000000,0.000000,0.000000,
0.192500,25.145759,25.145759,1.000000,25.145519,25.145519,0.000000,0.400000,1.000000,0.997600,-0.000078,0.000016,0.001552,0.000053,-0.000013,-0.000805,0.007379,6.400000,0.000000,0.000000,0.000000,0.000000,0.000000,0.000000,0.000000,
0.190000,25.145049,25.145049,1.000000,25.131557,25.131557,0.000000,0.700000,1.000000,0.996400,0.000068,0.000081,0.001641,0.000513,-0.000090,-0.000088,0.012191,6.700000,0.000000,0.000000,0.000000,0.000000,0.000000,0.000000,0.000000,
0.187500,25.144712,25.144712,0.000000,25.138296,25.138296,0.000000,0.800000,0.000000,0.997600,0.000001,0.000004,0.001266,-0.000117,-0.000007,-0.000322,0.008970,6.800000,0.000000,0.000000,0.000000,0.000000,0.000000,0.000000,0.000000,
0.185000,25.144371,25.144371,0.000000,25.137897,25.137897,0.000000,0.900000,0.000000,0.996000,-0.000082,0.000037,0.001796,0.000078,-0.000022,-0.000835,0.007672,6.900000,0.000000,0.000000,0.000000,0.000000,0.000000,0.000000,0.000000,
0.182500,25.143713,25.143713,0.000000,25.131203,25.131203,0.000000,1.000000,0.000000,0.996800,-0.000034,0.000078,0.001786,0.000303,-0.000060,-0.000422,0.008601,7.000000,0.000000,0.000000,0.000000,0.000000,0.000000,0.000000,0.000000,
0.180000,25.143083,25.143083,0.000000,25.131130,25.131130,0.000000,1.200000,0.000000,0.995600,-0.000071,0.000016,0.001835,0.000136,-0.000045,-0.000741,0.007068,7.200000,0.000000,-0.000107,0.002243,0.004128,0.000412,0.000483,-0.000371,
0.177500,25.142469,25.142469,0.000000,25.130793,25.130793,0.000000,1.300000,0.000000,0.995600,-0.000022,0.000038,0.001921,0.000103,-0.000016,-0.000332,0.008862,7.300000,0.000000,0.000193,0.000287,0.000468,-0.000277,-0.000085,-0.000030,
0.175000,25.142234,25.142234,0.000000,25.137762,25.137762,0.000000,1.400000,0.000000,0.995600,0.000037,0.000054,0.002129,0.000092,-0.000007,0.000063,0.008538,7.400000,0.000000,0.000352,-0.000014,0.001523,0.000088,0.000229,0.000137,
0.172500,25.142101,25.142101,1.000000,25.139576,25.139576,0.000000,1.700000,1.000000,0.995600,-0.000065,0.000033,0.002511,0.000209,-0.000058,-0.000636,0.006726,7.700000,0.000000,0.000599,-0.000027,0.001869,0.000128,0.000428,0.000110,
0.170000,25.141311,25.141311,0.000000,25.126310,25.126310,0.000000,1.800000,0.000000,0.994800,-0.000078,0.000013,0.003098,0.000215,-0.000046,-0.000641,0.011203,7.800000,0.000000,0.001003,0.000122,0.000757,-0.000074,-0.000453,-0.000268,
0.167500,25.141126,25.141126,1.000000,25.137613,25.137613,0.000000,1.900000,1.000000,0.995600,-0.000052,-0.000016,0.003117,0.000221,-0.000050,-0.000576,0.009564,7.900000,0.000000,0.001516,0.000068,0.000340,-0.000068,-0.000050,0.000038,
0.165000,25.140143,25.140143,0.000000,25.121466,25.121466,0.000000,2.000000,0.000000,0.995600,-0.000127,0.000022,0.003175,0.000131,-0.000045,-0.000960,0.007390,8.000000,0.000000,0.001441,0.000067,0.000358,-0.000185,0.000115,-0.000004,
0.162500,25.139602,25.139602,0.000000,25.129318,25.129318,0.000000,2.100000,0.000000,0.996400,-0.000085,0.000017,0.003354,-0.000255,-0.000006,-0.000688,0.008932,8.100000,0.000000,0.001395,0.000015,0.000131,0.000157,-0.000407,0.000028,
0.160000,25.138456,25.138456,0.000000,25.116676,25.116676,0.000000,2.199999,0.000000,0.991600,-0.000014,0.000041,0.003324,-0.000082,-0.000011,-0.000389,0.006884,8.200000,0.000000,0.001415,-0.000185,0.000265,0.000028,0.000103,0.000255,
0.157500,25.137799,25.137799,1.000000,25.125330,25.125330,0.000000,2.300000,1.000000,0.995200,-0.000044,0.000054,0.003310,0.000328,-0.000052,-0.000584,0.008667,8.300000,0.000000,0.001330,-0.000090,0.000400,0.000157,0.000477,0.000067,
0.155000,25.137414,25.137414,0.000000,25.130095,25.130095,0.000000,2.400000,0.000000,0.990400,-0.000099,0.000044,0.003330,0.000123,-0.000038,-0.000854,0.008657,8.400000,0.000000,0.001261,0.000109,0.000288,0.000145,-0.000004,-0.000229,
0.152500,25.136499,25.136499,0.000000,25.119102,25.119102,0.000000,2.500000,0.000000,0.989200,-0.000028,0.000011,0.003664,0.000149,-0.000045,-0.000273,0.006811,8.500000,0.000000,0.001212,0.000010,0.000152,-0.000008,-0.000339,-0.000004,
0.150000,25.136170,25.136170,1.000000,25.129919,25.129919,0.000000,2.600000,1.000000,0.989200,-0.000044,0.000023,0.003766,0.000020,-0.000022,-0.000484,0.007759,8.600000,0.000000,0.001306,0.000021,0.000401,-0.000207,0.000311,-0.000042,
0.147500,25.136208,25.136208,1.000000,25.136930,25.136930,0.000000,2.800000,1.000000,0.985600,-0.000093,0.000048,0.003953,0.000390,-0.000054,-0.000660,0.008801,8.800000,0.000000,0.001294,-0.000035,0.000294,-0.000008,0.000019,0.000123,
0.145000,25.136234,25.136234,0.000000,25.136732,25.136732,0.000000,2.900000,0.000000,0.981600,-0.000113,0.000011,0.004241,0.000105,-0.000035,-0.000838,0.010723,8.900000,0.000000,0.001317,0.000119,0.000209,0.000156,-0.000294,-0.000148,
0.142500,25.136274,25.136274,0.000000,25.137035,25.137035,0.000000,3.100000,0.000000,0.979600,-0.000070,-0.000028,0.003987,0.000051,-0.000050,-0.000580,0.006943,9.100000,0.000000,0.001335,-0.000107,0.000048,-0.000171,-0.000112,0.000081,
0.140000,25.135544,25.135544,0.000000,25.121685,25.121685,0.000000,3.200000,0.000000,0.984800,-0.000081,0.000014,0.004387,0.000074,-0.000036,-0.000676,0.009741,9.200000,0.000000,0.001197,-0.000122,0.000138,-0.000287,0.000186,-0.000048,
0.137500,25.135539,25.135539,1.000000,25.135433,25.135433,0.000000,3.300000,1.000000,0.976000,-0.000074,0.000041,0.004586,0.000121,-0.000022,-0.000768,0.007158,9.300000,0.000000,0.001301,-0.000092,0.000059,0.000183,-0.000041,0.000065,
0.135000,25.134835,25.134835,1.000000,25.121454,25.121454,0.000000,3.400000,1.000000,0.982800,-0.000093,0.000034,0.004344,0.000284,-0.000040,-0.000820,0.007839,9.400000,0.000000,0.001323,-0.000074,0.000027,0.000231,0.000018,0.000109,
0.132500,25.134874,25.134874,1.000000,25.135630,25.135630,0.000000,3.500000,1.000000,0.983600,-0.000151,-0.000006,0.004850,0.000184,-0.000036,-0.001042,0.008855,9.500000,0.000000,0.001206,-0.000020,0.000010,0.000050,-0.000105,-0.000069,
0.130000,25.134871,25.134871,1.000000,25.134811,25.134811,0.000000,3.600000,1.000000,0.982400,-0.000132,-0.000006,0.004994,0.000103,-0.000020,-0.001127,0.012017,9.600000,0.000000,0.001324,-0.000051,-0.000058,-0.000231,-0.000403,-0.000002,
0.127500,25.134490,25.134490,1.000000,25.127254,25.127254,0.000000,3.700000,1.000000,0.972400,-0.000056,0.000034,0.006128,0.000570,-0.000123,-0.000729,0.008486,9.700000,0.000000,0.001328,-0.000073,-0.000082,-0.000090,-0.000032,0.000097,
0.125000,25.134834,25.134834,2.000000,25.141356,25.141356,0.000000,3.800000,2.000000,0.965200,-0.000125,-0.000014,0.017777,0.003395,-0.000601,-0.000674,0.007984,9.800000,0.000000,0.001624,0.000067,0.000038,0.000214,0.000453,-0.000599,
0.122500,25.134132,25.134132,2.000000,25.120808,25.120808,0.000000,3.900000,2.000000,0.964800,-0.000271,-0.000017,0.048945,0.006988,-0.001307,-0.001605,0.009816,9.900000,0.000000,0.004965,0.000887,0.000053,-0.000215,-0.000249,-0.003181,
0.120000,25.132425,25.132425,2.000000,25.099977,25.099977,0.000000,4.000000,2.000000,0.956800,-0.000316,-0.000067,0.100735,0.009639,-0.002114,-0.001519,0.010670,10.000000,0.000000,0.013751,0.001897,-0.000216,-0.000101,-0.001001,-0.005576,
0.117500,25.129369,25.129369,3.000000,25.071306,25.071306,0.000000,4.100000,3.000000,0.908000,-0.000699,0.000002,0.252277,0.012076,-0.003614,-0.002781,0.011071,10.100000,0.000000,0.027981,0.002610,-0.000190,-0.000348,-0.000659,-0.007117,
0.115000,25.124209,25.124209,2.000000,25.026176,25.026176,0.000000,4.200000,2.000000,0.971200,-0.000699,0.000002,0.252277,0.012076,-0.003614,-0.002781,0.012880,10.200000,0.000000,0.047071,0.003154,-0.000461,-0.000084,-0.001192,-0.008186,
0.112500,25.116777,25.116777,2.000000,24.975569,24.975569,0.000000,4.300000,2.000000,0.948400,-0.000793,-0.000040,0.331898,0.011125,-0.003969,-0.002766,0.013869,10.300000,0.000000,0.067782,0.003236,-0.000539,0.000342,-0.001878,-0.006934,
0.110000,25.107912,25.107912,2.000000,24.939472,24.939472,0.000000,4.400000,2.000000,0.916400,-0.001206,-0.000019,0.490528,0.011174,-0.004747,-0.003261,0.007406,10.400000,0.000000,0.087524,0.002969,-0.000535,-0.000134,-0.001301,-0.004837,
0.107500,25.097050,25.097050,2.000000,24.890680,24.890680,0.000000,4.500000,2.000000,0.972800,-0.001206,-0.000019,0.490528,0.011174,-0.004747,-0.003261,0.012268,10.500000,0.000000,0.106579,0.003029,-0.000731,-0.000067,-0.002129,-0.005036,
0.105000,25.084598,25.084598,2.000000,24.848000,24.848000,0.000000,4.600000,2.000000,0.956400,-0.001391,-0.000030,0.572353,0.010739,-0.004820,-0.003901,0.019639,10.600000,0.000000,0.124568,0.003001,-0.000674,0.000120,-0.001735,-0.003547,
0.102500,25.070120,25.070120,2.000000,24.795044,24.795044,0.000000,4.700000,2.000000,0.909200,-0.001372,-0.000072,0.732189,0.008971,-0.004830,-0.003679,0.009311,10.700000,0.000000,0.142704,0.002910,-0.000849,-0.000023,-0.001804,-0.001805,
0.100000,25.053478,25.053478,2.000000,24.737270,24.737270,0.000000,4.900000,2.000000,0.951600,-0.001372,-0.000072,0.732189,0.008971,-0.004830,-0.003679,0.010106,10.900000,0.000000,0.159778,0.002514,-0.000708,-0.000133,-0.000449,-0.000575,
0.097500,25.032835,25.032835,2.000000,24.640619,24.640619,0.000000,5.000000,2.000000,0.904000,-0.001582,-0.000067,0.973806,0.007646,-0.004268,-0.003984,0.020313,11.000000,0.000000,0.176041,0.002512,-0.000807,-0.000187,-0.000298,-0.000396,
0.095000,25.009076,25.009076,2.000000,24.557663,24.557663,0.000000,5.100000,2.000000,0.964000,-0.001582,-0.000067,0.973806,0.007646,-0.004268,-0.003984,0.012819,11.100000,0.000000,0.236895,0.002405,-0.000938,0.000333,-0.000874,0.001357,
0.092500,24.985369,24.985369,2.000000,24.534927,24.534927,0.000000,5.200000,2.000000,0.957200,-0.001575,0.000003,1.053080,0.007524,-0.004044,-0.003749,0.021757,11.200000,0.000000,0.251150,0.002233,-0.000969,-0.000218,-0.000546,0.002109,
0.090000,24.960241,24.960241,2.000000,24.482815,24.482815,0.000000,5.300000,2.000000,0.907600,-0.001679,-0.000045,1.213387,0.006486,-0.003440,-0.004146,0.009915,11.300000,0.000000,0.264212,0.002232,-0.000919,0.000339,-0.000171,0.002191,
0.087500,24.933035,24.933035,2.000000,24.416132,24.416132,0.000000,5.400000,2.000000,0.958400,-0.001679,-0.000045,1.213387,0.006486,-0.003440,-0.004146,0.010023,11.400000,0.000000,0.276914,0.002107,-0.001013,0.000116,-0.000430,0.002402,
0.085000,24.904439,24.904439,2.000000,24.361107,24.361107,0.000000,5.500000,2.000000,0.942400,-0.001638,-0.000030,1.292784,0.006479,-0.003076,-0.003821,0.020439,11.500000,0.000000,0.289531,0.002030,-0.001030,-0.000233,-0.000447,0.003083,
0.082500,24.875077,24.875077,2.000000,24.317204,24.317204,0.000000,5.600000,2.000000,0.898400,-0.001979,-0.000074,1.453782,0.005617,-0.002403,-0.004803,0.009048,11.600000,0.000000,0.301428,0.002045,-0.000960,0.000008,0.000083,0.003425,
0.080000,24.844181,24.844181,1.000000,24.257145,24.257145,0.000000,5.700000,1.000000,0.946800,-0.001979,-0.000074,1.453782,0.005617,-0.002403,-0.004803,0.023094,11.700000,0.000000,0.312991,0.001974,-0.001124,-0.000379,-0.000517,0.003412,
0.077500,24.812123,24.812123,2.000000,24.203032,24.203032,0.000000,5.800000,2.000000,0.916400,-0.001966,-0.000080,1.534097,0.005867,-0.002143,-0.004573,0.020767,11.800000,0.000000,0.324668,0.001859,-0.001204,-0.000024,-0.001753,0.003361,
0.075000,24.779617,24.779617,2.000000,24.162001,24.162001,0.000000,5.900000,2.000000,0.884400,-0.002131,-0.000083,1.694862,0.005115,-0.001529,-0.005118,0.019571,11.900000,0.000000,0.335730,0.001919,-0.001160,-0.000043,-0.000590,0.002887,
0.072500,24.745315,24.745315,2.000000,24.093567,24.093567,0.000000,6.000000,2.000000,0.923600,-0.002131,-0.000083,1.694862,0.005115,-0.001529,-0.005118,0.011188,12.000000,0.000000,0.346687,0.001826,-0.001308,0.000536,-0.002193,0.002913,
0.070000,24.707929,24.707929,2.000000,23.997612,23.997612,0.000000,6.100000,2.000000,0.888000,-0.002093,-0.000005,1.774494,0.005305,-0.001286,-0.004936,0.022086,12.100000,0.000000,0.356932,0.001734,-0.001307,-0.000357,0.000107,0.003098,
0.067500,24.672985,24.672985,2.000000,24.009033,24.009033,0.000000,6.200000,2.000000,0.854800,-0.002063,0.000141,1.936732,0.004939,-0.000820,-0.004342,0.008322,12.200000,0.000000,0.366914,0.001766,-0.001274,0.000348,0.000280,0.002684,
0.065000,24.637219,24.637219,2.000000,23.957676,23.957676,0.000000,6.300000,2.000000,0.917200,-0.002063,0.000141,1.936732,0.004939,-0.000820,-0.004342,0.011747,12.300000,0.000000,0.376808,0.001739,-0.001126,-0.000110,0.002014,0.002748,
0.062500,24.601349,24.601349,2.000000,23.919821,23.919821,0.000000,6.400000,2.000000,0.855200,-0.002144,0.000120,2.016233,0.005236,-0.000815,-0.004589,0.022494,12.400000,0.000000,0.386716,0.001646,-0.001157,0.001107,-0.000957,0.002212,
0.060000,24.564868,24.564868,2.000000,23.871716,23.871716,0.000000,6.500000,2.000000,0.821600,-0.001929,0.000107,2.176589,0.005147,-0.000750,-0.004434,0.008559,12.500000,0.000000,0.395848,0.001690,-0.001223,0.000295,-0.000862,0.000874,
0.057500,24.527766,24.527766,2.000000,23.822842,23.822842,0.000000,6.600000,2.000000,0.885600,-0.001929,0.000107,2.176589,0.005147,-0.000750,-0.004434,0.011686,12.600000,0.000000,0.405020,0.001546,-0.001144,0.000182,-0.000070,0.000736,
0.055000,24.490082,24.490082,2.000000,23.774090,23.774090,0.000000,6.700000,2.000000,0.820800,-0.001987,0.000170,2.257011,0.004807,-0.000675,-0.004460,0.021913,12.700000,0.000000,0.413676,0.001626,-0.001211,-0.000081,0.001040,0.000278,
0.052500,24.450086,24.450086,2.000000,23.690161,23.690161,0.000000,6.800000,2.000000,0.788000,-0.002487,0.000139,2.418160,0.004741,-0.000721,-0.004399,0.007763,12.800000,0.000000,0.422291,0.001528,-0.001224,0.000358,0.000039,0.000571,
0.050000,24.411560,24.411560,1.000000,23.679554,23.679554,0.000000,6.900000,1.000000,0.838000,-0.002487,0.000139,2.418160,0.004741,-0.000721,-0.004399,0.011242,12.900000,0.000000,0.430735,0.001550,-0.001251,-0.000121,-0.000143,0.000045,
0.047500,24.372540,24.372540,3.000000,23.631155,23.631155,0.000000,7.000000,3.000000,0.790400,-0.002462,0.000142,2.497971,0.004843,-0.000794,-0.004300,0.019911,13.000000,0.000000,0.438919,0.001471,-0.001227,0.000020,-0.002985,-0.000095,
0.045000,24.333260,24.333260,2.000000,23.586948,23.586948,0.000000,7.100000,2.000000,0.750000,-0.002318,0.000142,2.658193,0.004738,-0.000923,-0.003712,0.007587,13.100000,0.000000,0.446746,0.001474,-0.001223,0.000023,-0.000990,-0.000488,
0.042500,24.292344,24.292344,1.000000,23.514944,23.514944,0.000000,7.200000,1.000000,0.818400,-0.002318,0.000142,2.658193,0.004738,-0.000923,-0.003712,0.009208,13.200000,0.000000,0.454455,0.001430,-0.001224,-0.000254,0.000121,-0.000481,
0.040000,24.251692,24.251692,2.000000,23.479303,23.479303,0.000000,7.300000,2.000000,0.722400,-0.002334,0.000109,2.738204,0.004504,-0.000975,-0.003924,0.020160,13.300000,0.000000,0.461938,0.001416,-0.001126,0.000166,0.000441,-0.000684,
0.040000,24.209372,24.209372,2.000000,23.405291,23.405291,0.000000,7.400000,2.000000,0.709200,-0.002771,0.000101,2.899539,0.004377,-0.001219,-0.004356,0.010079,13.400000,0.000000,0.469228,0.001351,-0.001188,-0.000141,0.000068,-0.000583,
0.040000,24.168062,24.168062,2.000000,23.383167,23.383167,0.000000,7.500000,2.000000,0.759600,-0.002771,0.000101,2.899539,0.004377,-0.001219,-0.004356,0.010213,13.500000,0.000000,0.476521,0.001302,-0.001222,-0.000262,-0.002499,-0.000653,
0.040000,24.127556,24.127556,2.000000,23.357941,23.357941,0.000000,7.600000,2.000000,0.714800,-0.002761,0.000121,2.979497,0.004307,-0.001374,-0.004249,0.020125,13.600000,0.000000,0.483549,0.001302,-0.001316,0.000052,-0.001131,-0.001328,
0.040000,24.084875,24.084875,2.000000,23.273939,23.273939,0.000000,7.700000,2.000000,0.697200,-0.002621,0.000123,3.139472,0.004019,-0.001631,-0.003728,0.013244,13.700000,0.000000,0.490296,0.001280,-0.001313,0.000141,-0.000367,-0.001463,
0.040000,24.043040,24.043040,2.000000,23.248184,23.248184,0.000000,7.800000,2.000000,0.780800,-0.002621,0.000123,3.139472,0.004019,-0.001631,-0.003728,0.011484,13.800000,0.000000,0.496827,0.001280,-0.001141,0.000179,0.000888,-0.001444,
0.040000,24.001740,24.001740,2.000000,23.217035,23.217035,0.000000,7.900000,2.000000,0.736000,-0.002595,0.000129,3.219413,0.003924,-0.001730,-0.003634,0.017782,13.900000,0.000000,0.503320,0.001214,-0.001241,-0.000045,0.000171,-0.001255,
0.040000,23.959218,23.959218,2.000000,23.151300,23.151300,0.000000,8.000000,2.000000,0.685600,-0.002349,0.000125,3.379014,0.003681,-0.001980,-0.003458,0.008045,14.000000,0.000000,0.509588,0.001196,-0.001239,0.000016,0.000231,-0.001094,
0.040000,23.916953,23.916953,3.000000,23.113907,23.113907,0.000000,8.100000,3.000000,0.761200,-0.002349,0.000125,3.379014,0.003681,-0.001980,-0.003458,0.019203,14.100000,0.000000,0.515879,0.001116,-0.001348,-0.001216,-0.002209,-0.001309,
0.040000,23.873931,23.873931,2.000000,23.056528,23.056528,0.000000,8.200000,2.000000,0.726800,-0.002961,-0.000032,3.460083,0.003141,-0.002050,-0.003875,0.023595,14.200000,0.000000,0.521620,0.001156,-0.001241,0.000730,0.002973,-0.001151,
0.040000,23.830691,23.830691,2.000000,23.009117,23.009117,0.000000,8.300000,2.000000,0.708000,-0.002801,0.000114,3.620252,0.003113,-0.002155,-0.003892,0.021872,14.300000,0.000000,0.527693,0.001052,-0.001342,-0.000694,-0.002648,-0.000874,
0.040000,23.787224,23.787224,2.000000,22.961365,22.961365,0.000000,8.400000,2.000000,0.780000,-0.002801,0.000114,3.620252,0.003113,-0.002155,-0.003892,0.007894,14.400000,0.000000,0.533387,0.001078,-0.001087,0.000416,0.000121,-0.000813,
0.040000,23.743553,23.743553,2.000000,22.913794,22.913794,0.000000,8.500000,2.000000,0.725200,-0.002863,0.000135,3.700051,0.002897,-0.002186,-0.003430,0.019385,14.500000,0.000000,0.539012,0.001072,-0.001391,0.000377,-0.000100,-0.000478,
0.040000,23.699455,23.699455,2.000000,22.861597,22.861597,0.000000,8.600000,2.000000,0.707200,-0.002817,0.000087,3.860403,0.002546,-0.002147,-0.002850,0.007850,14.600000,0.000000,0.544417,0.001040,-0.001312,0.000273,-0.000420,-0.000378,
0.040000,23.654359,23.654359,2.000000,22.797531,22.797531,0.000000,8.700000,2.000000,0.760800,-0.002817,0.000087,3.860403,0.002546,-0.002147,-0.002850,0.009168,14.700000,0.000000,0.549735,0.001006,-0.001282,-0.000511,0.000463,-0.000109,
0.040000,23.610824,23.610824,3.000000,22.783670,22.783670,0.000000,8.800000,3.000000,0.716000,-0.002858,0.000093,3.940384,0.002325,-0.002093,-0.002828,0.018988,14.800000,0.000000,0.555015,0.000997,-0.001231,0.000127,-0.000162,0.000169,
0.040000,23.566605,23.566605,3.000000,22.726442,22.726442,0.000000,8.900000,3.000000,0.699200,-0.003072,0.000131,4.100858,0.002178,-0.001910,-0.002745,0.009320,14.900000,0.000000,0.560094,0.000966,-0.001248,0.000085,-0.000316,0.000398,
0.040000,23.523141,23.523141,2.000000,22.697315,22.697315,0.000000,9.000000,2.000000,0.772400,-0.003072,0.000131,4.100858,0.002178,-0.001910,-0.002745,0.022085,15.000000,0.000000,0.565200,0.000939,-0.001321,-0.000244,-0.002102,0.000655,
0.040000,23.480235,23.480235,7.000000,22.665024,22.665024,0.000000,9.100000,7.000000,0.686000,-0.003066,0.000146,4.172245,0.001260,-0.000791,-0.002579,0.019444,15.100000,0.000000,0.570014,0.000965,-0.001278,0.000422,-0.000140,0.000876,
0.040000,23.446841,23.446841,0.000000,22.812357,22.812357,0.000000,9.200000,0.000000,0.623600,-0.003267,-0.000028,4.205978,0.001453,0.009004,-0.002274,0.023341,15.200000,0.000000,0.356164,0.042888,-0.006115,0.003189,-0.002841,0.190395,
0.040000,23.430031,23.430031,8.000000,23.110634,23.110634,0.000000,9.300000,8.000000,0.616800,-0.003570,0.000231,4.241456,0.006010,0.028072,-0.002748,0.028138,15.300000,0.000000,0.568128,0.000812,-0.001195,-0.000776,-0.001242,0.063307,
0.040000,23.427236,23.427236,6.000000,23.374142,23.374142,0.000000,9.400000,6.000000,0.632400,-0.003493,0.000013,4.263670,0.006598,0.047313,-0.002257,0.011418,15.400000,0.000000,0.563747,0.001667,-0.001292,0.001706,-0.002339,0.142027,
0.040000,23.442043,23.442043,5.000000,23.723381,23.723381,0.000000,9.500000,5.000000,0.610800,-0.002845,0.000008,4.270782,0.006595,0.066206,-0.003003,0.010403,15.500000,0.000000,0.556732,0.001626,-0.001180,-0.000279,-0.000402,0.173165,
0.040000,23.469576,23.469576,5.000000,23.992693,23.992693,0.000000,9.600000,5.000000,0.594400,-0.002916,0.000004,4.272290,0.006689,0.083456,-0.002466,0.010357,15.600000,0.000000,0.546769,0.001523,-0.001314,0.000237,0.003854,0.182905,
0.040000,23.509965,23.509965,9.000000,24.277363,24.277363,0.000000,9.700000,9.000000,0.603200,-0.002898,-0.000127,4.271660,0.006882,0.101735,-0.002310,0.009047,15.700000,0.000000,0.535880,0.001490,-0.001178,0.000369,0.001029,0.176472,
0.040000,23.562118,23.562118,7.000000,24.553013,24.553013,0.000000,9.800000,7.000000,0.585600,-0.004725,-0.000368,4.270113,0.009020,0.121584,-0.001915,0.012897,15.800000,0.000000,0.524793,0.001510,-0.001122,-0.000340,0.000498,0.180378,
0.040000,23.626859,23.626859,7.000000,24.856947,24.856947,0.000000,9.900000,7.000000,0.568800,-0.003699,-0.000180,4.265635,0.011489,0.142973,-0.001150,0.010209,15.900000,0.000000,0.513802,0.001946,-0.001017,-0.001150,-0.011130,0.191566,
0.040000,23.705187,23.705187,6.000000,25.193419,25.193419,0.000000,10.000000,6.000000,0.575600,-0.002964,-0.000498,4.261512,0.014245,0.189709,-0.002949,0.010554,16.000000,0.000000,0.502473,0.002517,-0.000836,0.001282,0.002055,0.205364,
0.040000,23.794577,23.794577,4.000000,25.492983,25.492983,0.000000,10.100000,4.000000,0.686800,-0.002964,-0.000498,4.261512,0.014245,0.189709,-0.002949,0.010789,16.100000,0.000000,0.491980,0.002961,-0.000948,0.001532,0.000450,0.220314,
0.040000,23.895065,23.895065,6.000000,25.804331,25.804331,0.000000,10.300000,6.000000,0.673600,-0.002903,-0.000480,4.259097,0.015773,0.215298,-0.002577,0.022096,16.300000,0.000000,0.481468,0.003092,-0.001164,-0.001401,0.004988,0.231123,
0.040000,24.022113,24.022113,7.000000,26.436029,26.436029,0.000000,10.600000,7.000000,0.653200,-0.003129,-0.000386,4.261493,0.016593,0.269110,-0.002806,0.008846,16.600000,0.000000,0.471254,0.003427,-0.001063,0.000040,0.002201,0.246434,
0.040000,24.189959,24.189959,4.000000,27.379042,27.379042,0.000000,10.700000,4.000000,0.637200,-0.003148,-0.000643,4.257101,0.019643,0.381895,-0.002748,0.011709,16.700000,0.000000,0.434255,0.003268,-0.001072,0.001217,-0.001070,0.267893,
0.040000,24.363096,24.363096,3.000000,27.652699,27.652699,0.000000,10.800000,3.000000,0.736000,-0.003148,-0.000643,4.257101,0.019643,0.381895,-0.002748,0.011924,16.800000,0.000000,0.356441,0.004002,-0.000733,0.001088,0.000532,0.280195,
0.040000,24.540640,24.540640,3.000000,27.913963,27.913963,0.000000,10.899999,3.000000,0.736800,-0.002978,-0.000651,4.255948,0.017665,0.410397,-0.003028,0.023448,16.900000,0.000000,0.349253,0.004310,-0.000755,-0.000752,-0.000946,0.283678,
0.040000,24.721282,24.721282,3.000000,28.153488,28.153488,0.000000,11.000000,3.000000,0.733600,-0.003088,-0.000953,4.257773,0.017068,0.438657,-0.002515,0.008591,17.000000,0.000000,0.342055,0.003950,-0.000794,0.000183,0.000542,0.284492,
0.040000,24.901573,24.901573,3.000000,28.327103,28.327103,0.000000,11.100000,3.000000,0.724400,-0.003170,-0.000846,4.257491,0.018210,0.467245,-0.002609,0.011564,17.100000,0.000000,0.335631,0.003622,-0.000679,-0.001266,-0.000607,0.283324,
0.040000,25.079307,25.079307,3.000000,28.456244,28.456244,0.000000,11.200000,3.000000,0.716800,-0.003279,-0.001017,4.257022,0.018682,0.495000,-0.002835,0.009447,17.200000,0.000000,0.329094,0.003778,-0.000684,0.000732,-0.000900,0.284904,
0.040000,25.257335,25.257335,4.000000,28.639874,28.639874,0.000000,11.300000,4.000000,0.738400,-0.002948,-0.000903,4.259116,0.016814,0.522798,-0.002860,0.009159,17.300000,0.000000,0.322597,0.003828,-0.000715,-0.000224,-0.001176,0.280354,
0.040000,25.434716,25.434716,3.000000,28.804960,28.804960,0.000000,11.400000,3.000000,0.709200,-0.003103,-0.001229,4.259960,0.015625,0.578041,-0.003224,0.011682,17.400000,0.000000,0.316454,0.003235,-0.000707,0.001154,0.001432,0.278890,
0.040000,25.611530,25.611530,2.000000,28.970995,28.970995,0.000000,11.500000,2.000000,0.777600,-0.003103,-0.001229,4.259960,0.015625,0.578041,-0.003224,0.009940,17.500000,0.000000,0.309879,0.003215,-0.000702,-0.000215,0.001779,0.277514,
0.040000,25.786627,25.786627,3.000000,29.113476,29.113476,0.000000,11.600000,3.000000,0.774000,-0.002975,-0.001276,4.260748,0.015106,0.605489,-0.003021,0.020596,17.600000,0.000000,0.304173,0.002812,-0.000751,-0.000462,-0.001881,0.276433,
0.040000,25.955991,25.955991,3.000000,29.173901,29.173901,0.000000,11.700000,3.000000,0.762400,-0.002953,-0.001252,4.262409,0.015114,0.632884,-0.003087,0.008584,17.700000,0.000000,0.298271,0.002587,-0.000697,0.000049,-0.000137,0.275221,
0.040000,26.122678,26.122678,3.000000,29.289728,29.289728,0.000000,11.800000,3.000000,0.760400,-0.002829,-0.001167,4.262243,0.014053,0.660090,-0.003052,0.008549,17.800000,0.000000,0.292679,0.002352,-0.000697,0.000671,-0.000127,0.274437,
0.040000,26.279294,26.279294,3.000000,29.254995,29.254995,0.000000,11.900000,3.000000,0.744800,-0.002829,-0.001215,4.263675,0.014827,0.687286,-0.002900,0.011749,17.900000,0.000000,0.286776,0.002157,-0.000676,0.001269,0.000510,0.272968,
0.040000,26.432378,26.432378,3.000000,29.340986,29.340986,0.000000,12.000000,3.000000,0.756400,-0.003003,-0.001368,4.263724,0.012449,0.714651,-0.002721,0.008007,18.000000,0.000000,0.281453,0.002062,-0.000634,0.000663,-0.000003,0.272343,
0.040000,26.578883,26.578883,2.000000,29.362463,29.362463,0.000000,12.100000,2.000000,0.736000,-0.002777,-0.001294,4.263800,0.010728,0.768499,-0.002978,0.009411,18.100000,0.000000,0.275628,0.001653,-0.000586,-0.000202,-0.001298,0.273149,
0.040000,26.716928,26.716928,2.000000,29.339790,29.339790,0.000000,12.200000,2.000000,0.809200,-0.002777,-0.001294,4.263800,0.010728,0.768499,-0.002978,0.009135,18.200000,0.000000,0.270077,0.001302,-0.000579,0.000967,0.000495,0.270628,
0.040000,26.845952,26.845952,2.000000,29.297405,29.297405,0.000000,12.300000,2.000000,0.799200,-0.002769,-0.001449,4.261633,0.009969,0.795472,-0.003169,0.020157,18.300000,0.000000,0.264682,0.001332,-0.000613,0.000734,0.000166,0.269876,
0.040000,26.969329,26.969329,2.000000,29.313499,29.313499,0.000000,12.400000,2.000000,0.780400,-0.002924,-0.001315,4.264450,0.009534,0.822456,-0.003062,0.007691,18.400000,0.000000,0.259061,0.001495,-0.000638,-0.000215,-0.000116,0.269783,
0.040000,27.084479,27.084479,2.000000,29.272326,29.272326,0.000000,12.500000,2.000000,0.776400,-0.002952,-0.001678,4.265708,0.007936,0.849431,-0.003307,0.008655,18.500000,0.000000,0.254288,0.001010,-0.000606,0.001220,-0.001235,0.269816,
0.040000,27.192431,27.192431,2.000000,29.243511,29.243511,0.000000,12.600000,2.000000,0.767200,-0.002717,-0.001485,4.264302,0.006947,0.876334,-0.003272,0.009969,18.600000,0.000000,0.249218,0.000594,-0.000642,-0.001288,-0.000893,0.269776,
0.040000,27.288697,27.288697,2.000000,29.117756,29.117756,0.000000,12.700000,2.000000,0.759600,-0.002719,-0.001515,4.263035,0.005160,0.903374,-0.003317,0.008298,18.700000,0.000000,0.243980,0.000662,-0.000622,0.001171,0.000845,0.269316,
0.040000,27.376658,27.376658,2.000000,29.047915,29.047915,0.000000,12.800000,2.000000,0.755200,-0.002625,-0.001688,4.262933,0.004695,0.957072,-0.002904,0.011309,18.800000,0.000000,0.238744,0.000615,-0.000617,0.000713,0.000060,0.269982,
0.040000,27.451228,27.451228,2.000000,28.868065,28.868065,0.000000,12.900000,2.000000,0.790800,-0.002625,-0.001688,4.262933,0.004695,0.957072,-0.002904,0.010389,18.900000,0.000000,0.233943,0.000564,-0.000602,0.000594,-0.000083,0.269384,
0.040000,27.515332,27.515332,2.000000,28.733303,28.733303,0.000000,13.000000,2.000000,0.786400,-0.002528,-0.001578,4.260554,0.004076,0.984064,-0.003238,0.020950,19.000000,0.000000,0.229344,0.000550,-0.000511,-0.000273,0.000135,0.268508,
0.040000,27.564623,27.564623,3.000000,28.501156,28.501156,0.000000,13.100000,3.000000,0.776400,-0.002515,-0.001584,4.258480,0.001992,1.011246,-0.002843,0.008529,19.100000,0.000000,0.224453,0.000853,-0.000566,0.001008,0.000378,0.269386,
0.040000,27.601388,27.601388,2.000000,28.299923,28.299923,0.000000,13.200000,2.000000,0.760800,-0.002585,-0.001798,4.254203,0.000360,1.038557,-0.002938,0.009070,19.200000,0.000000,0.219460,0.000949,-0.000475,0.000774,-0.000042,0.270887,
0.040000,27.624111,27.624111,2.000000,28.055838,28.055838,0.000000,13.300000,2.000000,0.775200,-0.002603,-0.001814,4.252561,-0.000087,1.065587,-0.003031,0.008833,19.300000,0.000000,0.214412,0.001474,-0.000482,-0.000597,-0.000730,0.272260,
0.040000,27.638073,27.638073,2.000000,27.903366,27.903366,0.000000,13.400000,2.000000,0.768000,-0.002522,-0.002113,4.253962,-0.000607,1.092461,-0.003160,0.007631,19.400000,0.000000,0.209943,0.001679,-0.000490,0.000102,-0.000696,0.271047,
0.040000,27.642088,27.642088,3.000000,27.718359,27.718359,0.000000,13.600000,3.000000,0.738400,-0.002152,-0.001825,4.248584,-0.002984,1.173567,-0.003241,0.010365,19.600000,0.000000,0.205846,0.001355,-0.000506,-0.001382,-0.000090,0.269621,
0.040000,27.623895,27.623895,2.000000,27.278238,27.278238,0.000000,13.700000,2.000000,0.785200,-0.002152,-0.001825,4.248584,-0.002984,1.173567,-0.003241,0.009940,19.700000,0.000000,0.201767,0.001370,-0.000539,-0.000298,0.001198,0.268297,
0.040000,27.592314,27.592314,2.000000,26.992281,26.992281,0.000000,13.800000,2.000000,0.774800,-0.002211,-0.002042,4.251228,-0.003677,1.200336,-0.003582,0.019808,19.800000,0.000000,0.184177,0.002673,-0.000435,0.002046,0.000091,0.271611,
0.040000,27.548856,27.548856,2.000000,26.723143,26.723143,0.000000,13.900000,2.000000,0.760800,-0.002011,-0.002200,4.248877,-0.004555,1.227196,-0.003360,0.007860,19.900000,0.000000,0.180632,0.002088,-0.000495,0.000041,-0.000572,0.269446,
0.040000,27.490925,27.490925,2.000000,26.390245,26.390245,0.000000,14.000000,2.000000,0.770000,-0.002119,-0.002112,4.246607,-0.005011,1.254139,-0.003415,0.011004,20.000000,0.000000,0.176753,0.002416,-0.000440,-0.000601,0.000648,0.268933,
0.040000,27.417638,27.417638,2.000000,26.025181,26.025181,0.000000,14.100000,2.000000,0.760400,-0.001919,-0.002046,4.248274,-0.005518,1.281063,-0.003478,0.009182,20.100000,0.000000,0.173041,0.002758,-0.000441,0.000655,-0.000780,0.269233,
0.040000,27.332499,27.332499,2.000000,25.714863,25.714863,0.000000,14.200000,2.000000,0.761200,-0.001871,-0.001989,4.247936,-0.006223,1.306952,-0.003424,0.008196,20.200000,0.000000,0.169644,0.002361,-0.000445,0.000995,0.000594,0.269244,
0.040000,27.236586,27.236586,2.000000,25.414236,25.414236,0.000000,14.300000,2.000000,0.755200,-0.001733,-0.001956,4.250268,-0.006075,1.352497,-0.003392,0.008518,20.300000,0.000000,0.166154,0.002339,-0.000425,0.001034,0.000202,0.262842,
0.040000,27.130969,27.130969,2.000000,25.124247,25.124247,0.000000,14.400000,2.000000,0.794400,-0.001733,-0.001956,4.250268,-0.006075,1.352497,-0.003392,0.009677,20.400000,0.000000,0.163054,0.002182,-0.000390,0.000561,-0.000411,0.248183,
0.040000,27.015482,27.015482,3.000000,24.821224,24.821224,0.000000,14.500000,3.000000,0.796800,-0.001685,-0.001897,4.250082,-0.005955,1.372125,-0.003085,0.021905,20.500000,0.000000,0.159813,0.001815,-0.000404,0.000776,0.000619,0.228497,
0.040000,26.896852,26.896852,3.000000,24.642883,24.642883,0.000000,14.700000,3.000000,0.755600,-0.001659,-0.001975,4.251534,-0.006600,1.389679,-0.003253,0.012619,20.700000,0.000000,0.156681,0.001820,-0.000336,0.000868,0.000300,0.208584,
0.040000,26.762324,26.762324,3.000000,24.206293,24.206293,0.000000,14.800000,3.000000,0.755200,-0.001708,-0.002066,4.248606,-0.005963,1.420569,-0.003364,0.008540,20.800000,0.000000,0.153527,0.001479,-0.000363,0.000029,0.000070,0.188160,
0.040000,26.620909,26.620909,3.000000,23.934029,23.934029,0.000000,14.900000,3.000000,0.728800,-0.001465,-0.001980,4.247503,-0.006473,1.433824,-0.003465,0.008168,20.900000,0.000000,0.141514,0.002538,-0.000375,-0.000186,-0.000525,0.156183,
0.040000,26.482786,26.482786,2.000000,23.858437,23.858437,0.000000,15.000000,2.000000,0.737200,-0.001621,-0.002045,4.246603,-0.007507,1.445397,-0.003047,0.009260,21.000000,0.000000,0.138605,0.002687,-0.000387,0.000510,0.000960,0.143115,
0.040000,26.343804,26.343804,2.000000,23.703144,23.703144,0.000000,15.100000,2.000000,0.734800,-0.001377,-0.002136,4.247854,-0.008371,1.456180,-0.003644,0.009551,21.100000,0.000000,0.135657,0.002782,-0.000297,-0.000083,-0.000713,0.126453,
0.040000,26.202261,26.202261,3.000000,23.512959,23.512959,0.000000,15.200000,3.000000,0.732000,-0.001490,-0.002052,4.244927,-0.007450,1.466430,-0.003390,0.010945,21.200000,0.000000,0.132855,0.002462,-0.000409,-0.000499,0.001090,0.114973,
0.040000,26.057340,26.057340,3.000000,23.303827,23.303827,0.000000,15.300000,3.000000,0.709200,-0.001387,-0.001853,4.245610,-0.007825,1.474625,-0.003222,0.007642,21.300000,0.000000,0.130358,0.003006,-0.000350,0.000420,-0.000414,0.107267,
0.040000,25.918278,25.918278,2.000000,23.276098,23.276098,0.000000,15.400000,2.000000,0.689200,-0.001450,-0.002040,4.246947,-0.008412,1.482267,-0.003417,0.008288,21.400000,0.000000,0.127736,0.002806,-0.000310,0.001464,0.000376,0.091621,
0.040000,25.781076,25.781076,3.000000,23.174248,23.174248,0.000000,15.500000,3.000000,0.684400,-0.001420,-0.001936,4.244283,-0.010076,1.489760,-0.003445,0.007587,21.500000,0.000000,0.125135,0.002478,-0.000343,-0.000530,-0.000334,0.082225,
0.040000,25.644249,25.644249,2.000000,23.044529,23.044529,0.000000,15.600000,2.000000,0.688000,-0.001300,-0.002041,4.245689,-0.006771,1.495839,-0.003766,0.010178,21.600000,0.000000,0.122302,0.002922,-0.000340,0.000508,-0.000037,0.077715,
0.040000,25.510792,25.510792,3.000000,22.975121,22.975121,0.000000,15.700000,3.000000,0.696000,-0.001360,-0.001925,4.244868,-0.009531,1.501801,-0.003388,0.008485,21.700000,0.000000,0.120566,0.002642,-0.000398,-0.000401,0.000653,0.067260,
0.040000,25.379378,25.379378,2.000000,22.882504,22.882504,0.000000,15.800000,2.000000,0.685200,-0.001243,-0.001985,4.244382,-0.011791,1.507035,-0.003342,0.011152,21.800000,0.000000,0.117640,0.002710,-0.000314,0.000613,-0.000195,0.062535,
0.040000,25.248908,25.248908,2.000000,22.769985,22.769985,0.000000,15.900000,2.000000,0.695200,-0.001397,-0.001850,4.244404,-0.012098,1.512128,-0.003400,0.008013,21.900000,0.000000,0.114874,0.002721,-0.000298,-0.000096,0.000586,0.056236,
0.040000,25.123365,25.123365,2.000000,22.738035,22.738035,0.000000,16.000000,2.000000,0.684400,-0.001204,-0.001875,4.242890,-0.011130,1.516750,-0.003307,0.007565,22.000000,0.000000,0.112552,0.002660,-0.000304,0.000840,-0.000784,0.052954,
0.040000,24.998049,24.998049,3.000000,22.617056,22.617056,0.000000,16.100000,3.000000,0.674800,-0.001312,-0.002008,4.242085,-0.009902,1.520667,-0.003688,0.009199,22.100000,0.000000,0.110509,0.002916,-0.000279,0.000203,0.000835,0.048797,
0.040000,24.876503,24.876503,3.000000,22.567127,22.567127,0.000000,16.200000,3.000000,0.691600,-0.001299,-0.001937,4.242043,-0.010376,1.528682,-0.003296,0.010669,22.200000,0.000000,0.108565,0.003030,-0.000349,-0.000713,-0.000394,0.042844,
0.040000,24.759111,24.759111,2.000000,22.528669,22.528669,0.000000,16.300000,2.000000,0.765600,-0.001299,-0.001937,4.242043,-0.010376,1.528682,-0.003296,0.010560,22.300000,0.000000,0.106415,0.002714,-0.000341,-0.001978,0.000588,0.038525,
0.040000,24.644581,24.644581,2.000000,22.468512,22.468512,0.000000,16.400000,2.000000,0.754800,-0.001354,-0.002003,4.240227,-0.011200,1.532833,-0.003384,0.022071,22.400000,0.000000,0.104237,0.002921,-0.000258,0.001449,-0.000540,0.042092,
0.040000,24.529949,24.529949,2.000000,22.351925,22.351925,0.000000,16.600000,2.000000,0.755600,-0.001297,-0.002105,4.240811,-0.010231,1.536530,-0.003362,0.008396,22.600000,0.000000,0.102005,0.003214,-0.000269,0.000181,-0.000592,0.041730,
0.040000,24.416319,24.416319,2.000000,22.257366,22.257366,0.000000,16.700000,2.000000,0.759600,-0.001294,-0.002127,4.241160,-0.014178,1.544343,-0.003287,0.008615,22.700000,0.000000,0.100190,0.003043,-0.000260,-0.000535,0.000077,0.038787,
0.040000,24.305147,24.305147,2.000000,22.192881,22.192881,0.000000,16.800000,2.000000,0.757600,-0.001258,-0.002044,4.241450,-0.013128,1.547933,-0.003498,0.012267,22.800000,0.000000,0.090775,0.002613,-0.000209,-0.000081,-0.000058,0.039054,
0.040000,24.196252,24.196252,2.000000,22.127245,22.127245,0.000000,16.900000,2.000000,0.777200,-0.001134,-0.002123,4.244075,-0.011114,1.551021,-0.003253,0.009605,22.900000,0.000000,0.089200,0.002511,-0.000246,0.000448,0.000129,0.037309,
0.040000,24.088791,24.088791,2.000000,22.047016,22.047016,0.000000,17.000000,2.000000,0.753600,-0.001286,-0.002049,4.240530,-0.012501,1.554874,-0.003447,0.007942,23.000000,0.000000,0.087855,0.001955,-0.000195,-0.000282,0.000765,0.033397,
0.040000,23.983397,23.983397,2.000000,21.980919,21.980919,0.000000,17.100000,2.000000,0.741200,-0.001250,-0.002143,4.242425,-0.014252,1.559173,-0.003344,0.008565,23.100000,0.000000,0.085841,0.002608,-0.000227,0.000377,-0.000691,0.036563,
0.040000,23.879685,23.879685,3.000000,21.909164,21.909164,0.000000,17.200000,3.000000,0.750400,-0.001266,-0.001943,4.242252,-0.014431,1.562660,-0.003403,0.007121,23.200000,0.000000,0.083815,0.002178,-0.000203,-0.000407,-0.000098,0.040535,
0.040000,23.777403,23.777403,2.000000,21.834030,21.834030,0.000000,17.300000,2.000000,0.756400,-0.001335,-0.001856,4.239216,-0.014887,1.566569,-0.003031,0.008485,23.300000,0.000000,0.082131,0.002169,-0.000210,0.001111,-0.000179,0.037035,
0.040000,23.678591,23.678591,2.000000,21.801170,21.801170,0.000000,17.400000,2.000000,0.754400,-0.001293,-0.002005,4.240528,-0.016696,1.570271,-0.003389,0.007483,23.400000,0.000000,0.080421,0.002723,-0.000132,0.000988,-0.000545,0.038302,
0.040000,23.581657,23.581657,2.000000,21.739910,21.739910,0.000000,17.500000,2.000000,0.752000,-0.001204,-0.002267,4.243019,-0.016416,1.573955,-0.003202,0.008436,23.500000,0.000000,0.078483,0.002410,-0.000200,-0.000513,0.000009,0.037512,
0.040000,23.484131,23.484131,2.000000,21.631138,21.631138,0.000000,17.600000,2.000000,0.770000,-0.001185,-0.002171,4.241750,-0.016313,1.577559,-0.003253,0.009764,23.600000,0.000000,0.076994,0.001872,-0.000160,-0.001783,0.000505,0.037094,
0.040000,23.391519,23.391519,2.000000,21.631884,21.631884,0.000000,17.700000,2.000000,0.772800,-0.001224,-0.002006,4.239776,-0.016110,1.581063,-0.003492,0.008241,23.700000,0.000000,0.075500,0.002085,-0.000166,-0.000063,0.000260,0.036442,
0.040000,23.304191,23.304191,2.000000,21.644970,21.644970,0.000000,17.800000,2.000000,0.724400,-0.001174,-0.002017,4.243017,-0.016474,1.584558,-0.003269,0.007780,23.800000,0.000000,0.074055,0.002432,-0.000209,0.001021,-0.000184,0.035580,
0.040000,23.222008,23.222008,4.000000,21.660524,21.660524,0.000000,17.900000,4.000000,0.754400,-0.001205,-0.002043,4.242097,-0.014584,1.587957,-0.003355,0.007723,23.900000,0.000000,0.072519,0.001747,-0.000162,0.000348,0.000196,0.035190,
0.040000,23.145283,23.145283,4.000000,21.687515,21.687515,0.000000,18.000000,4.000000,0.722000,-0.001203,-0.001977,4.238196,-0.015337,1.588455,-0.003137,0.009022,24.000000,0.000000,0.071465,0.001888,-0.000176,0.000001,-0.000160,0.034449,
0.040000,23.070885,23.070885,3.000000,21.657328,21.657328,0.000000,18.100000,3.000000,0.718800,-0.001112,-0.001908,4.241045,-0.014693,1.587765,-0.003594,0.011596,24.100000,0.000000,0.069922,0.002622,-0.000128,0.000408,-0.000056,0.016235,
0.040000,22.999059,22.999059,3.000000,21.634359,21.634359,0.000000,18.200000,3.000000,0.742000,-0.001179,-0.001948,4.236448,-0.007417,1.585972,-0.003152,0.009024,24.200000,0.000000,0.068660,0.002007,-0.000217,0.000577,0.000548,0.001934,
0.040000,22.928956,22.928956,6.000000,21.597004,21.597004,0.000000,18.300000,6.000000,0.772400,-0.000971,-0.002140,4.241070,0.020704,1.584991,-0.003441,0.007663,24.300000,0.000000,0.068757,0.002849,-0.000125,-0.000036,-0.000183,-0.010339,
0.040000,22.868078,22.868078,7.000000,21.711382,21.711382,0.000000,18.400000,7.000000,0.718000,-0.000919,-0.001908,4.251463,0.066598,1.592396,-0.003412,0.011371,24.400000,0.000000,0.072930,0.001798,-0.000188,-0.001212,0.001227,-0.010011,
0.040000,22.815185,22.815185,9.000000,21.810221,21.810221,0.000000,18.500000,9.000000,0.661200,-0.001570,-0.001884,4.242926,0.213213,1.624408,-0.003618,0.011273,24.500000,0.000000,0.080512,-0.000415,-0.000192,0.001016,0.000701,0.041941,
0.040000,22.771411,22.771411,4.000000,21.939701,21.939701,0.000000,18.600000,4.000000,0.701200,-0.001570,-0.001884,4.242926,0.213213,1.624408,-0.003618,0.012671,24.600000,0.000000,0.092352,-0.000049,-0.000177,0.000760,-0.003177,0.116552,
0.040000,22.733227,22.733227,5.000000,22.007748,22.007748,0.000000,18.700000,5.000000,0.653200,-0.002053,-0.002028,4.234689,0.293933,1.636710,-0.003567,0.021638,24.700000,0.000000,0.106058,0.000400,-0.000259,0.000331,-0.002169,0.141826,
0.040000,22.696235,22.696235,5.000000,21.993385,21.993385,0.000000,18.800000,5.000000,0.595200,-0.001718,-0.001789,4.218350,0.456807,1.651040,-0.003703,0.009362,24.800000,0.000000,0.119954,0.001162,-0.000268,-0.000623,-0.003962,0.130196,
0.040000,22.659112,22.659112,6.000000,21.953760,21.953760,0.000000,18.900000,6.000000,0.663200,-0.001718,-0.001789,4.218350,0.456807,1.651040,-0.003703,0.010493,24.900000,0.000000,0.133897,0.001895,-0.000175,0.000452,-0.002502,0.105252,
0.040000,22.623432,22.623432,4.000000,21.945522,21.945522,0.000000,19.000000,4.000000,0.602400,-0.002051,-0.001759,4.208680,0.537535,1.653255,-0.002838,0.025433,25.000000,0.000000,0.147228,0.002058,-0.000352,0.001143,0.001934,0.073251,
0.040000,22.585478,22.585478,6.000000,21.864359,21.864359,0.000000,19.100000,6.000000,0.571200,-0.001904,-0.002405,4.192349,0.699865,1.651559,-0.003239,0.010215,25.100000,0.000000,0.160356,0.002643,-0.000201,0.000649,-0.001343,0.041662,
0.040000,22.543917,22.543917,3.000000,21.754250,21.754250,0.000000,19.200000,3.000000,0.674000,-0.001904,-0.002405,4.192349,0.699865,1.651559,-0.003239,0.012353,25.200000,0.000000,0.173158,0.002771,-0.000330,-0.000995,0.000515,0.016700,
0.040000,22.494107,22.494107,4.000000,21.547726,21.547726,0.000000,19.300000,4.000000,0.610400,-0.001962,-0.002187,4.184039,0.782080,1.648067,-0.002844,0.019840,25.300000,0.000000,0.185972,0.003107,-0.000332,-0.003153,0.000102,-0.004887,
0.040000,22.443413,22.443413,3.000000,21.480209,21.480209,0.000000,19.400000,3.000000,0.586800,-0.002054,-0.002048,4.172952,0.942328,1.638065,-0.002218,0.010305,25.400000,0.000000,0.198612,0.003372,-0.000278,0.000104,-0.000272,-0.023449,
0.040000,22.386268,22.386268,3.000000,21.300520,21.300520,0.000000,19.500000,3.000000,0.675600,-0.002054,-0.002048,4.172952,0.942328,1.638065,-0.002218,0.009951,25.500000,0.000000,0.210655,0.003056,-0.000152,0.000363,-0.003068,-0.036818,
0.040000,22.323782,22.323782,2.000000,21.136557,21.136557,0.000000,19.600000,2.000000,0.629600,-0.002241,-0.001966,4.167566,1.024248,1.631620,-0.002103,0.020768,25.600000,0.000000,0.222248,0.003056,-0.000216,0.000534,0.001355,-0.048022,
0.040000,22.261023,22.261023,3.000000,21.068594,21.068594,0.000000,19.700000,3.000000,0.605200,-0.002024,-0.001927,4.158174,1.181671,1.618276,-0.002256,0.018778,25.700000,0.000000,0.234073,0.002969,-0.000222,0.000627,-0.000557,-0.058175,
0.040000,22.192754,22.192754,2.000000,20.895653,20.895653,0.000000,19.800000,2.000000,0.663600,-0.002024,-0.001927,4.158174,1.181671,1.618276,-0.002256,0.020722,25.800000,0.000000,0.245187,0.003211,-0.000495,0.001551,0.000169,-0.062846,
0.040000,22.121117,22.121117,3.000000,20.760006,20.760006,0.000000,19.900000,3.000000,0.619200,-0.002294,-0.001954,4.154829,1.262260,1.611520,-0.002657,0.019683,25.900000,0.000000,0.255758,0.002910,-0.000307,-0.000659,0.001171,-0.065846,
0.040000,22.044443,22.044443,3.000000,20.587631,20.587631,0.000000,20.000000,3.000000,0.619200,-0.002573,-0.001865,4.151320,1.422391,1.599125,-0.002259,0.021483,26.000000,0.000000,0.266640,0.002758,-0.000413,-0.000510,-0.001141,-0.066911,
0.040000,21.965344,21.965344,2.000000,20.462463,20.462463,0.000000,20.100000,2.000000,0.698000,-0.002573,-0.001865,4.151320,1.422391,1.599125,-0.002259,0.021928,26.100000,0.000000,0.277399,0.002600,-0.000483,0.000201,-0.000919,-0.064294,
0.040000,21.883335,21.883335,3.000000,20.325167,20.325167,0.000000,20.200000,3.000000,0.649200,-0.002575,-0.001935,4.149023,1.501582,1.593912,-0.002307,0.019859,26.200000,0.000000,0.287534,0.002154,-0.000391,0.000052,-0.001447,-0.062430,
0.040000,21.798545,21.798545,2.000000,20.187536,20.187536,0.000000,20.300000,2.000000,0.636000,-0.003208,-0.001810,4.146925,1.662245,1.585200,-0.001775,0.022427,26.300000,0.000000,0.297507,0.002122,-0.000434,-0.000497,-0.000501,-0.056060,
0.040000,21.711476,21.711476,2.000000,20.057167,20.057167,0.000000,20.400000,2.000000,0.694400,-0.003208,-0.001810,4.146925,1.662245,1.585200,-0.001775,0.018355,26.400000,0.000000,0.307561,0.001880,-0.000427,-0.001066,-0.002435,-0.050021,
0.040000,21.626522,21.626522,5.000000,20.012398,20.012398,0.000000,20.600000,5.000000,0.607200,-0.002694,-0.001737,4.145336,1.899813,1.577005,-0.002053,0.020957,26.600000,0.000000,0.317303,0.001797,-0.000399,0.001087,-0.002490,-0.044353,
0.040000,21.539678,21.539678,2.000000,19.889645,19.889645,0.000000,20.700000,2.000000,0.691600,-0.002694,-0.001737,4.145336,1.899813,1.577005,-0.002053,0.021843,26.700000,0.000000,0.326705,0.001522,-0.000487,-0.000208,-0.001576,-0.037757,
0.040000,21.454409,21.454409,2.000000,19.834297,19.834297,0.000000,20.800000,2.000000,0.653600,-0.002854,-0.001677,4.145767,1.979168,1.575449,-0.001466,0.019632,26.800000,0.000000,0.363286,0.001368,-0.000676,0.000691,0.002905,-0.024826,
0.040000,21.373587,21.373587,3.000000,19.837955,19.837955,0.000000,20.900000,3.000000,0.600800,-0.003158,-0.001506,4.145357,2.140366,1.574010,-0.000475,0.008476,26.900000,0.000000,0.371756,0.001159,-0.000589,0.000618,0.000427,-0.019708,
0.040000,21.292076,21.292076,2.000000,19.743374,19.743374,0.000000,21.000000,2.000000,0.707600,-0.003158,-0.001506,4.145357,2.140366,1.574010,-0.000475,0.019935,27.000000,0.000000,0.380406,0.000865,-0.000530,-0.000501,-0.001845,-0.014301,
0.040000,21.212817,21.212817,2.000000,19.706894,19.706894,0.000000,21.100000,2.000000,0.656800,-0.003114,-0.001586,4.145817,2.219913,1.573790,-0.000552,0.020651,27.100000,0.000000,0.388690,0.001069,-0.000468,0.001587,-0.000524,-0.007687,
0.040000,21.131209,21.131209,2.000000,19.580654,19.580654,0.000000,21.200000,2.000000,0.612800,-0.002830,-0.001743,4.146100,2.379451,1.574744,-0.000971,0.007744,27.200000,0.000000,0.396703,0.000907,-0.000524,0.000111,0.000074,-0.004296,
0.040000,21.049531,21.049531,2.000000,19.497656,19.497656,0.000000,21.300000,2.000000,0.696800,-0.002830,-0.001743,4.146100,2.379451,1.574744,-0.000971,0.008026,27.300000,0.000000,0.404545,0.000724,-0.000756,-0.000700,0.001723,-0.000101,
0.040000,20.968532,20.968532,3.000000,19.429550,19.429550,0.000000,21.500000,3.000000,0.623600,-0.003271,-0.001710,4.145671,2.619729,1.578035,0.000103,0.018574,27.500000,0.000000,0.412352,0.000722,-0.000675,-0.000483,0.000707,0.004322,
0.040000,20.883686,20.883686,2.000000,19.271620,19.271620,0.000000,21.600000,2.000000,0.688000,-0.003271,-0.001710,4.145671,2.619729,1.578035,0.000103,0.011111,27.600000,0.000000,0.419960,0.000537,-0.000683,-0.000799,-0.000599,0.006731,
0.040000,20.796202,20.796202,7.000000,19.133991,19.133991,0.000000,21.800000,7.000000,0.554400,-0.003226,-0.001660,4.148365,2.686846,1.581308,-0.000058,0.019336,27.800000,0.000000,0.404452,-0.016697,-0.001857,0.000254,0.001122,0.114132,
0.040000,20.734671,20.734671,5.000000,19.565588,19.565588,0.000000,21.900000,5.000000,0.531600,-0.003522,-0.001697,4.155385,2.769744,1.612818,-0.000241,0.010794,27.900000,0.000000,0.454329,-0.000057,-0.000508,0.000617,-0.000444,0.023487,
0.040000,20.688134,20.688134,6.000000,19.803928,19.803928,0.000000,22.000000,6.000000,0.536400,-0.003657,-0.002220,4.154848,2.788114,1.631821,0.000397,0.007758,28.000000,0.000000,0.451177,-0.003143,-0.000650,0.000365,-0.001677,0.150572,
0.040000,20.654975,20.654975,4.000000,20.024967,20.024967,0.000000,22.100000,4.000000,0.540800,-0.002794,-0.001818,4.148798,2.788499,1.650509,-0.000425,0.013075,28.100000,0.000000,0.445939,-0.003127,-0.000525,-0.002352,-0.001702,0.172386,
0.040000,20.633583,20.633583,5.000000,20.227135,20.227135,0.000000,22.200000,5.000000,0.533200,-0.003366,-0.001885,4.153687,2.790798,1.667578,-0.000085,0.007979,28.200000,0.000000,0.437347,-0.001887,-0.000674,0.001891,0.004353,0.181213,
0.040000,20.625124,20.625124,4.000000,20.464390,20.464390,0.000000,22.300000,4.000000,0.521200,-0.003342,-0.001960,4.151317,2.788626,1.686792,-0.000133,0.009897,28.300000,0.000000,0.429146,-0.002841,-0.000597,0.000631,-0.002049,0.174719,
0.040000,20.628647,20.628647,4.000000,20.695593,20.695593,0.000000,22.400000,4.000000,0.513200,-0.003086,-0.001899,4.151032,2.789493,1.706588,0.000091,0.016085,28.400000,0.000000,0.420350,-0.002282,-0.000592,0.000176,-0.000863,0.185481,
0.040000,20.644310,20.644310,5.000000,20.941906,20.941906,0.000000,22.500000,5.000000,0.522400,-0.003441,-0.001723,4.151682,2.791854,1.727950,-0.000130,0.009435,28.500000,0.000000,0.412279,-0.002201,-0.000537,0.000839,0.001011,0.193195,
0.040000,20.669909,20.669909,4.000000,21.156281,21.156281,0.000000,22.600000,4.000000,0.502000,-0.002401,-0.002175,4.149414,2.792277,1.775879,-0.001085,0.011048,28.600000,0.000000,0.404629,-0.002347,-0.000572,0.001842,-0.002042,0.205809,
0.040000,20.706996,20.706996,2.000000,21.411655,21.411655,0.000000,22.700000,2.000000,0.652000,-0.002401,-0.002175,4.149414,2.792277,1.775879,-0.001085,0.010303,28.700000,0.000000,0.396353,-0.001980,-0.000379,-0.002649,-0.001798,0.223729,
0.040000,20.755434,20.755434,3.000000,21.675747,21.675747,0.000000,22.800000,3.000000,0.660800,-0.002697,-0.001996,4.150962,2.793436,1.801032,-0.000649,0.021497,28.800000,0.000000,0.389053,-0.001846,-0.000740,0.000502,0.006120,0.236575,
0.040000,20.816106,20.816106,3.000000,21.968880,21.968880,0.000000,22.900000,3.000000,0.656400,-0.002528,-0.002098,4.151351,2.794903,1.827570,-0.000927,0.010605,28.900000,0.000000,0.381571,-0.002154,-0.000641,0.001697,0.000185,0.245810,
0.040000,20.888857,20.888857,3.000000,22.271122,22.271122,0.000000,23.000000,3.000000,0.639600,-0.002721,-0.002213,4.151636,2.794451,1.854719,-0.000863,0.010469,29.000000,0.000000,0.374335,-0.002252,-0.000684,0.000446,0.000777,0.257904,
0.040000,20.977852,20.977852,3.000000,22.668756,22.668756,0.000000,23.100000,3.000000,0.632800,-0.002447,-0.002285,4.150451,2.796926,1.882342,-0.000864,0.007933,29.100000,0.000000,0.366876,-0.002239,-0.000658,-0.000104,-0.001259,0.266298,
0.040000,21.079446,21.079446,3.000000,23.009739,23.009739,0.000000,23.200000,3.000000,0.632400,-0.002433,-0.002173,4.153176,2.798611,1.910530,-0.000609,0.008434,29.200000,0.000000,0.360194,-0.002108,-0.000647,-0.000038,0.000829,0.272437,
0.040000,21.193244,21.193244,3.000000,23.355396,23.355396,0.000000,23.300000,3.000000,0.634400,-0.002540,-0.002236,4.154796,2.798077,1.967343,-0.000279,0.008174,29.300000,0.000000,0.353260,-0.002678,-0.000586,0.001099,0.000020,0.278278,
0.040000,21.319539,21.319539,3.000000,23.719158,23.719158,0.000000,23.400000,3.000000,0.732800,-0.002540,-0.002236,4.154796,2.798077,1.967343,-0.000279,0.011285,29.400000,0.000000,0.346032,-0.002975,-0.000584,0.000657,0.001212,0.284198,
0.040000,21.454656,21.454656,3.000000,24.021864,24.021864,0.000000,23.600000,3.000000,0.746000,-0.002292,-0.002250,4.154610,2.798527,1.996171,-0.000575,0.019531,29.600000,0.000000,0.339298,-0.002835,-0.000498,0.000446,-0.002177,0.281768,
0.040000,21.611471,21.611471,3.000000,24.590975,24.590975,0.000000,23.700000,3.000000,0.718800,-0.002144,-0.002457,4.152923,2.799049,2.052623,-0.000671,0.008967,29.700000,0.000000,0.332715,-0.002779,-0.000546,0.000510,0.000298,0.285794,
0.040000,21.773124,21.773124,3.000000,24.844515,24.844515,0.000000,23.800000,3.000000,0.715200,-0.002140,-0.002376,4.156092,2.799477,2.080235,-0.000691,0.008256,29.800000,0.000000,0.307070,-0.002043,-0.000541,-0.000358,0.000086,0.282440,
0.040000,21.935070,21.935070,3.000000,25.012051,25.012051,0.000000,23.900000,3.000000,0.720400,-0.001969,-0.002543,4.155095,2.799302,2.107964,-0.000525,0.010444,29.900000,0.000000,0.300831,-0.002593,-0.000535,0.000610,-0.000305,0.278944,
0.040000,22.100516,22.100516,3.000000,25.243994,25.243994,0.000000,24.000000,3.000000,0.716400,-0.001806,-0.002373,4.156352,2.799537,2.163980,-0.000629,0.008286,30.000000,0.000000,0.294992,-0.002354,-0.000492,-0.000425,0.000502,0.277940,
0.040000,22.267904,22.267904,2.000000,25.448271,25.448271,0.000000,24.100000,2.000000,0.779600,-0.001806,-0.002373,4.156352,2.799537,2.163980,-0.000629,0.010954,30.100000,0.000000,0.289129,-0.002252,-0.000534,-0.000336,0.000946,0.279424,
0.040000,22.434994,22.434994,3.000000,25.609701,25.609701,0.000000,24.200000,3.000000,0.757600,-0.001683,-0.002452,4.156028,2.798452,2.191531,-0.000508,0.019495,30.200000,0.000000,0.283426,-0.002499,-0.000493,0.001724,-0.000261,0.279665,
0.040000,22.599945,22.599945,3.000000,25.734028,25.734028,0.000000,24.300000,3.000000,0.757600,-0.001527,-0.002655,4.156338,2.797060,2.219149,-0.000743,0.008689,30.300000,0.000000,0.277716,-0.002278,-0.000458,0.000467,0.000248,0.277099,
0.040000,22.765496,22.765496,3.000000,25.910954,25.910954,0.000000,24.400000,3.000000,0.733600,-0.001498,-0.002534,4.156961,2.796920,2.246667,-0.000508,0.008686,30.400000,0.000000,0.272000,-0.002124,-0.000495,-0.000802,0.000620,0.276535,
0.040000,22.927988,22.927988,3.000000,26.015337,26.015337,0.000000,24.500000,3.000000,0.755600,-0.001271,-0.002350,4.159602,2.795789,2.274120,-0.000743,0.010493,30.500000,0.000000,0.266556,-0.002163,-0.000439,0.000701,-0.000026,0.275694,
0.040000,23.086557,23.086557,3.000000,26.099375,26.099375,0.000000,24.600000,3.000000,0.740000,-0.001433,-0.002291,4.160061,2.794040,2.301387,-0.000470,0.008754,30.600000,0.000000,0.260816,-0.002386,-0.000477,0.001638,0.000978,0.274980,
0.040000,23.239346,23.239346,2.000000,26.142324,26.142324,0.000000,24.700000,2.000000,0.745200,-0.001184,-0.002346,4.161581,2.794401,2.355595,-0.000570,0.008669,30.700000,0.000000,0.255365,-0.002186,-0.000413,0.001221,-0.001017,0.273552,
0.040000,23.388996,23.388996,2.000000,26.232355,26.232355,0.000000,24.800000,2.000000,0.807200,-0.001184,-0.002346,4.161581,2.794401,2.355595,-0.000570,0.010302,30.800000,0.000000,0.250112,-0.002577,-0.000357,-0.001274,0.000236,0.272524,
0.040000,23.533601,23.533601,3.000000,26.281099,26.281099,0.000000,24.900000,3.000000,0.795600,-0.001097,-0.002422,4.163813,2.791853,2.383158,-0.000558,0.019504,30.900000,0.000000,0.245276,-0.002364,-0.000418,0.001342,0.000179,0.271084,
0.040000,23.669573,23.669573,2.000000,26.253036,26.253036,0.000000,25.000000,2.000000,0.769600,-0.001106,-0.002187,4.163339,2.791699,2.409647,-0.000580,0.009320,31.000000,0.000000,0.239782,-0.002274,-0.000406,0.000237,0.000198,0.273893,
0.040000,23.800900,23.800900,2.000000,26.296104,26.296104,0.000000,25.100000,2.000000,0.775600,-0.001030,-0.002414,4.164277,2.790713,2.436851,-0.000467,0.008339,31.100000,0.000000,0.235107,-0.002143,-0.000402,0.001727,-0.000357,0.268331,
0.040000,23.919834,23.919834,2.000000,26.179579,26.179579,0.000000,25.200000,2.000000,0.759600,-0.001040,-0.002294,4.166662,2.790718,2.463577,-0.000556,0.009086,31.200000,0.000000,0.230210,-0.002080,-0.000372,-0.000567,-0.000051,0.270620,
0.040000,24.034499,24.034499,2.000000,26.213137,26.213137,0.000000,25.300000,2.000000,0.766400,-0.001034,-0.002222,4.165677,2.790493,2.490533,-0.000326,0.008598,31.300000,0.000000,0.225318,-0.002344,-0.000382,0.000696,-0.000467,0.268545,
0.040000,24.140851,24.140851,2.000000,26.161554,26.161554,0.000000,25.400000,2.000000,0.759200,-0.000791,-0.002215,4.166502,2.788914,2.544497,-0.000502,0.007981,31.400000,0.000000,0.221002,-0.002142,-0.000329,0.000884,-0.000517,0.269173,
0.040000,24.238776,24.238776,2.000000,26.099340,26.099340,0.000000,25.500000,2.000000,0.812400,-0.000791,-0.002215,4.166502,2.788914,2.544497,-0.000502,0.011400,31.500000,0.000000,0.216434,-0.001857,-0.000346,0.000490,-0.000117,0.269348,
0.040000,24.326817,24.326817,2.000000,25.999598,25.999598,0.000000,25.600000,2.000000,0.790000,-0.000692,-0.002236,4.167924,2.789411,2.571215,-0.000669,0.021019,31.600000,0.000000,0.212061,-0.001911,-0.000350,0.000390,0.000630,0.269862,
0.040000,24.404981,24.404981,2.000000,25.890089,25.890089,0.000000,25.700000,2.000000,0.792400,-0.000627,-0.002187,4.166346,2.788273,2.598059,-0.000647,0.009641,31.700000,0.000000,0.207703,-0.002112,-0.000376,0.000142,0.000489,0.268209,
0.040000,24.470492,24.470492,2.000000,25.715216,25.715216,0.000000,25.800000,2.000000,0.790400,-0.000689,-0.002129,4.167156,2.787665,2.624807,-0.000423,0.009072,31.800000,0.000000,0.203749,-0.001714,-0.000364,0.000465,0.000218,0.268352,
0.040000,24.527982,24.527982,2.000000,25.620287,25.620287,0.000000,25.900000,2.000000,0.770800,-0.000541,-0.002131,4.168171,2.786545,2.651765,-0.000669,0.008383,31.900000,0.000000,0.199532,-0.001660,-0.000312,0.000648,-0.000653,0.267810,
0.040000,24.572829,24.572829,2.000000,25.424917,25.424917,0.000000,26.000000,2.000000,0.781200,-0.000505,-0.002131,4.168177,2.786054,2.678441,-0.000599,0.008440,32.000000,0.000000,0.195314,-0.001534,-0.000354,0.000339,0.000308,0.268907,
0.040000,24.607129,24.607129,2.000000,25.258823,25.258823,0.000000,26.100000,2.000000,0.756400,-0.000509,-0.002013,4.170366,2.785281,2.732231,-0.000332,0.007978,32.100000,0.000000,0.191414,-0.001419,-0.000333,0.000213,-0.000010,0.267582,
0.040000,24.628420,24.628420,2.000000,25.032951,25.032951,0.000000,26.200000,2.000000,0.803600,-0.000509,-0.002013,4.170366,2.785281,2.732231,-0.000332,0.010682,32.200000,0.000000,0.187203,-0.001679,-0.000316,0.000057,-0.000459,0.268276,
0.040000,24.638704,24.638704,2.000000,24.834114,24.834114,0.000000,26.299999,2.000000,0.792400,-0.000527,-0.001996,4.171115,2.786104,2.758799,-0.000250,0.019601,32.300000,0.000000,0.183495,-0.001414,-0.000268,0.000950,-0.000448,0.268839,
0.040000,24.636411,24.636411,2.000000,24.592836,24.592836,0.000000,26.400000,2.000000,0.797200,-0.000455,-0.001976,4.173991,2.786151,2.785759,-0.000198,0.017312,32.400000,0.000000,0.179803,-0.001594,-0.000247,0.000550,-0.000609,0.266885,
0.040000,24.621897,24.621897,2.000000,24.346138,24.346138,0.000000,26.500000,2.000000,0.782800,-0.000416,-0.001885,4.173866,2.784459,2.812618,-0.000243,0.008386,32.500000,0.000000,0.175731,-0.001783,-0.000232,0.000418,-0.000120,0.268568,
0.040000,24.594852,24.594852,2.000000,24.080988,24.080988,0.000000,26.600000,2.000000,0.790000,-0.000385,-0.001959,4.174272,2.784296,2.839540,-0.000232,0.009826,32.600000,0.000000,0.172169,-0.001426,-0.000235,0.000789,-0.000122,0.268580,
0.040000,24.554934,24.554934,2.000000,23.796484,23.796484,0.000000,26.700000,2.000000,0.780400,-0.000245,-0.001959,4.173546,2.784299,2.866164,-0.000444,0.008258,32.700000,0.000000,0.168684,-0.001393,-0.000228,-0.000085,-0.000175,0.268977,
0.040000,24.502209,24.502209,2.000000,23.500441,23.500441,0.000000,26.799999,2.000000,0.784000,-0.000056,-0.002001,4.171387,2.784036,2.914162,-0.000581,0.009061,32.800000,0.000000,0.165490,-0.001324,-0.000266,0.000018,0.000474,0.267286,
0.040000,24.438998,24.438998,2.000000,23.237999,23.237999,0.000000,26.900000,2.000000,0.816800,-0.000056,-0.002001,4.171387,2.784036,2.914162,-0.000581,0.009103,32.900000,0.000000,0.162387,-0.001195,-0.000267,-0.000512,-0.000147,0.257661,
0.040000,24.366034,24.366034,3.000000,22.979710,22.979710,0.000000,27.000000,3.000000,0.814400,0.000034,-0.002130,4.171812,2.784155,2.934926,-0.000643,0.022448,33.000000,0.000000,0.159413,-0.001114,-0.000282,0.000123,0.000841,0.239502,
0.040000,24.284922,24.284922,3.000000,22.743797,22.743797,0.000000,27.100000,3.000000,0.811200,0.000243,-0.002062,4.168452,2.784241,2.953425,-0.000626,0.009554,33.100000,0.000000,0.156188,-0.001134,-0.000289,-0.000747,0.000613,0.219809,
0.040000,24.196686,24.196686,2.000000,22.520191,22.520191,0.000000,27.200000,2.000000,0.811600,0.000253,-0.002024,4.168351,2.782290,2.970130,-0.000694,0.009388,33.200000,0.000000,0.153756,-0.000992,-0.000280,0.000118,0.001287,0.198293,
0.040000,24.102454,24.102454,3.000000,22.312046,22.312046,0.000000,27.299999,3.000000,0.799600,0.000441,-0.001862,4.169452,2.782835,2.985504,-0.000646,0.009321,33.300000,0.000000,0.150666,-0.000590,-0.000287,0.000254,0.000344,0.178979,
0.040000,24.004319,24.004319,2.000000,22.139755,22.139755,0.000000,27.400000,2.000000,0.795200,0.000476,-0.001906,4.168131,2.782517,2.998841,-0.000676,0.009574,33.400000,0.000000,0.147494,-0.000721,-0.000272,0.001063,0.001109,0.163384,
0.040000,23.902342,23.902342,3.000000,21.964792,21.964792,0.000000,27.600000,3.000000,0.781600,0.000634,-0.001961,4.166500,2.783574,3.010963,-0.000986,0.008144,33.600000,0.000000,0.144827,-0.000604,-0.000272,0.000097,0.000483,0.144835,
0.040000,23.790618,23.790618,3.000000,21.667850,21.667850,0.000000,27.700000,3.000000,0.780400,0.000469,-0.001992,4.165584,2.782572,3.032404,-0.000925,0.009682,33.700000,0.000000,0.142314,-0.000753,-0.000328,-0.000343,0.001016,0.130246,
0.040000,23.677466,23.677466,3.000000,21.527580,21.527580,0.000000,27.799999,3.000000,0.786800,0.000473,-0.001732,4.165141,2.783597,3.040963,-0.000853,0.009152,33.800000,0.000000,0.131418,-0.000256,-0.000277,-0.000218,-0.000934,0.108386,
0.040000,23.563759,23.563759,2.000000,21.403326,21.403326,0.000000,27.900000,2.000000,0.768000,0.000375,-0.001807,4.166636,2.782544,3.049108,-0.000924,0.009213,33.900000,0.000000,0.128940,-0.000442,-0.000258,0.001314,-0.000483,0.095779,
0.040000,23.450190,23.450190,2.000000,21.292387,21.292387,0.000000,28.000000,2.000000,0.764400,0.000520,-0.001852,4.166531,2.784246,3.056740,-0.000810,0.008186,34.000000,0.000000,0.126088,-0.000256,-0.000267,0.000038,-0.000873,0.087062,
0.040000,23.336871,23.336871,3.000000,21.183796,21.183796,0.000000,28.100000,3.000000,0.776800,0.000675,-0.001748,4.166829,2.783728,3.063817,-0.001312,0.008161,34.100000,0.000000,0.123656,-0.000583,-0.000239,-0.000281,0.000475,0.080440,
0.040000,23.225004,23.225004,3.000000,21.099541,21.099541,0.000000,28.200000,3.000000,0.762800,0.000448,-0.001705,4.165085,2.784643,3.069895,-0.000300,0.008884,34.200000,0.000000,0.121154,-0.000475,-0.000334,0.000507,0.001064,0.074467,
0.040000,23.114270,23.114270,2.000000,21.010315,21.010315,0.000000,28.299999,2.000000,0.748400,0.000849,-0.001960,4.166451,2.783882,3.075418,-0.000730,0.008414,34.300000,0.000000,0.119123,-0.000619,-0.000128,0.000442,-0.001064,0.066008,
0.040000,23.004918,23.004918,5.000000,20.927246,20.927246,0.000000,28.500000,5.000000,0.749200,0.000581,-0.001786,4.167635,2.782546,3.089007,-0.000805,0.007758,34.500000,0.000000,0.116497,-0.000476,-0.000210,-0.001431,0.002010,0.059352,
0.040000,22.894045,22.894045,2.000000,20.787453,20.787453,0.000000,28.600000,2.000000,0.807600,0.000581,-0.001786,4.167635,2.782546,3.089007,-0.000805,0.012070,34.600000,0.000000,0.113679,0.000145,-0.000281,0.000578,-0.001659,0.056325,
0.040000,22.785685,22.785685,2.000000,20.726849,20.726849,0.000000,28.700000,2.000000,0.808800,0.000599,-0.001578,4.167037,2.782792,3.093105,-0.000445,0.019450,34.700000,0.000000,0.105288,-0.000596,-0.000138,-0.000048,0.000389,0.041515,
0.040000,22.679572,22.679572,2.000000,20.663424,20.663424,0.000000,28.800000,2.000000,0.818000,0.000709,-0.001909,4.167242,2.784185,3.096730,-0.000909,0.008190,34.800000,0.000000,0.103339,-0.000626,-0.000065,0.001118,0.000232,0.041218,
0.040000,22.575597,22.575597,2.000000,20.600060,20.600060,0.000000,28.900000,2.000000,0.816400,0.000566,-0.001681,4.167754,2.781790,3.100907,-0.000488,0.008256,34.900000,0.000000,0.101282,-0.000889,-0.000155,-0.001590,0.000722,0.038201,
0.040000,22.473693,22.473693,2.000000,20.537519,20.537519,0.000000,29.000000,2.000000,0.798400,0.000531,-0.001729,4.169745,2.781186,3.104740,-0.000654,0.008765,35.000000,0.000000,0.099170,-0.000406,-0.000068,0.000778,-0.000650,0.040399,
0.040000,22.374103,22.374103,2.000000,20.481907,20.481907,0.000000,29.100000,2.000000,0.808800,0.000596,-0.001607,4.170955,2.784086,3.108304,-0.000621,0.008395,35.100000,0.000000,0.096824,-0.000295,-0.000100,-0.000008,-0.000504,0.039119,
0.040000,22.276305,22.276305,3.000000,20.418127,20.418127,0.000000,29.200000,3.000000,0.810000,0.000675,-0.001642,4.171743,2.781774,3.112805,-0.000630,0.007503,35.200000,0.000000,0.094704,-0.000868,-0.000092,0.000737,0.000172,0.036968,
0.040000,22.180207,22.180207,3.000000,20.354351,20.354351,0.000000,29.300000,3.000000,0.799200,0.000611,-0.001940,4.168714,2.783582,3.115878,-0.000875,0.008649,35.300000,0.000000,0.092671,-0.000402,-0.000092,0.000045,0.000510,0.041943,
0.040000,22.085754,22.085754,2.000000,20.291140,20.291140,0.000000,29.400000,2.000000,0.806800,0.000628,-0.001704,4.171084,2.783584,3.120196,-0.000416,0.009296,35.400000,0.000000,0.091453,-0.000732,-0.000138,-0.001835,-0.000233,0.035007,
0.040000,21.993079,21.993079,2.000000,20.232256,20.232256,0.000000,29.500000,2.000000,0.798000,0.000622,-0.001643,4.174425,2.781714,3.123933,-0.000805,0.008891,35.500000,0.000000,0.089187,-0.000730,-0.000046,0.000744,-0.000038,0.040060,
0.040000,21.901957,21.901957,3.000000,20.170643,20.170643,0.000000,29.600000,3.000000,0.800000,0.000586,-0.001788,4.168835,2.782402,3.127157,-0.000768,0.008755,35.600000,0.000000,0.086766,-0.000362,-0.000121,0.000646,-0.000088,0.038398,
0.040000,21.812312,21.812312,2.000000,20.109060,20.109060,0.000000,29.700000,2.000000,0.808000,0.000631,-0.001699,4.170156,2.782421,3.131296,-0.000487,0.011689,35.700000,0.000000,0.086161,-0.000471,-0.000111,-0.000664,-0.000288,0.034592,
0.040000,21.724031,21.724031,2.000000,20.046692,20.046692,0.000000,29.800000,2.000000,0.796800,0.000612,-0.001702,4.172475,2.784233,3.134826,-0.000866,0.009523,35.800000,0.000000,0.084204,-0.000469,-0.000053,0.000279,0.000121,0.038796,
0.040000,21.637111,21.637111,2.000000,19.985626,19.985626,0.000000,29.900000,2.000000,0.802800,0.000746,-0.001637,4.171736,2.783389,3.138719,-0.000918,0.008020,35.900000,0.000000,0.082092,-0.000821,-0.000128,0.000076,-0.000108,0.036634,
0.040000,21.551409,21.551409,2.000000,19.923069,19.923069,0.000000,30.000000,2.000000,0.795200,0.000586,-0.001669,4.173106,2.781478,-3.140490,-0.000486,0.008544,36.000000,0.000000,0.080619,-0.000638,-0.000135,0.000414,0.000744,0.038051,
0.040000,21.466962,21.466962,3.000000,19.862471,19.862471,0.000000,30.100000,3.000000,0.792400,0.000647,-0.001733,4.172686,2.783267,-3.137247,-0.001045,0.009892,36.100000,0.000000,0.078759,-0.000250,-0.000047,-0.000052,-0.000743,0.039111,
0.040000,21.383597,21.383597,2.000000,19.799673,19.799673,0.000000,30.200000,2.000000,0.803200,0.000549,-0.001624,4.175660,2.782005,-3.133360,-0.000694,0.009100,36.200000,0.000000,0.077289,-0.000597,-0.000157,-0.000430,0.000060,0.034978,
0.040000,21.301428,21.301428,5.000000,19.740206,19.740206,0.000000,30.400000,5.000000,0.783600,0.000872,-0.001647,4.173864,2.782829,-3.129780,-0.001283,0.009647,36.400000,0.000000,0.075181,-0.000334,-0.000085,0.000492,-0.000624,0.037385,
0.040000,21.222894,21.222894,4.000000,19.730749,19.730749,0.000000,30.500000,4.000000,0.768800,0.000810,-0.001420,4.170283,2.785045,-3.125721,-0.000980,0.010345,36.500000,0.000000,0.074051,-0.000493,-0.000199,0.000035,0.001721,0.036411,
0.040000,21.147570,21.147570,4.000000,19.716410,19.716410,0.000000,30.600000,4.000000,0.764000,0.000670,-0.001464,4.170807,2.783141,-3.126080,-0.000626,0.009111,36.600000,0.000000,0.069629,-0.001342,-0.000065,0.001063,-0.000234,0.021121,
0.040000,21.075751,21.075751,3.000000,19.711187,19.711187,0.000000,30.700000,3.000000,0.774800,0.000756,-0.001424,4.167538,2.784673,-3.128067,-0.000756,0.012677,36.700000,0.000000,0.068164,-0.000940,0.000007,0.000230,-0.000874,0.007455,
0.040000,21.009818,21.009818,4.000000,19.757097,19.757097,0.000000,30.800000,4.000000,0.811200,0.000654,-0.001594,4.146408,2.784651,-3.130046,-0.000511,0.017545,36.800000,0.000000,0.067462,-0.001232,-0.000019,0.000342,0.000193,-0.009165,
0.040000,20.947152,20.947152,5.000000,19.756493,19.756493,0.000000,30.900000,5.000000,0.765600,0.000894,-0.001881,4.110717,2.782318,-3.124508,-0.001017,0.009361,36.900000,0.000000,0.070290,-0.001260,0.000033,-0.000906,-0.000536,-0.015722,
0.040000,20.900387,20.900387,5.000000,20.011868,20.011868,0.000000,31.000000,5.000000,0.709600,0.000980,-0.001693,4.046584,2.781688,-3.110287,-0.000916,0.008997,37.000000,0.000000,0.075931,-0.000857,-0.000062,-0.002145,0.001222,0.028215,
0.040000,20.871860,20.871860,6.000000,20.329836,20.329836,0.000000,31.100000,6.000000,0.679600,0.001416,-0.001511,3.889225,2.775513,-3.080466,-0.002280,0.009239,37.100000,0.000000,0.087053,-0.000932,-0.000030,0.000256,0.000841,0.098663,
0.040000,20.857300,20.857300,4.000000,20.580656,20.580656,0.000000,31.200000,4.000000,0.731200,0.001416,-0.001511,3.889225,2.775513,-3.080466,-0.002280,0.010429,37.200000,0.000000,0.100122,-0.000796,-0.000012,0.001967,0.001612,0.142410,
0.040000,20.853763,20.853763,4.000000,20.786564,20.786564,0.000000,31.300000,4.000000,0.681600,0.001204,-0.001560,3.805458,2.769422,-3.070593,-0.002193,0.020653,37.300000,0.000000,0.114358,-0.000927,-0.000264,-0.000213,0.001743,0.133977,
0.040000,20.858016,20.858016,5.000000,20.938816,20.938816,0.000000,31.400000,5.000000,0.609200,0.001080,0.000348,3.643473,2.756804,-3.061683,-0.000406,0.008952,37.400000,0.000000,0.128640,-0.000719,-0.000218,-0.000464,-0.000736,0.112195,
0.040000,20.866490,20.866490,5.000000,21.027506,21.027506,0.000000,31.500000,5.000000,0.693200,0.001080,0.000348,3.643473,2.756804,-3.061683,-0.000406,0.012943,37.500000,0.000000,0.141989,-0.000500,-0.000087,0.002076,-0.001352,0.079744,
0.040000,20.877841,20.877841,4.000000,21.093517,21.093517,0.000000,31.600000,4.000000,0.651200,0.000815,-0.000018,3.561985,2.750811,-3.061186,-0.001657,0.020286,37.600000,0.000000,0.155304,-0.000576,0.000176,0.010276,-0.000271,0.048631,
0.040000,20.890342,20.890342,4.000000,21.127848,21.127848,0.000000,31.700000,4.000000,0.638800,0.000765,-0.000294,3.398949,2.739885,-3.065704,-0.001230,0.009153,37.700000,0.000000,0.168340,-0.000670,-0.000056,0.001659,-0.001740,0.021651,
0.040000,20.902403,20.902403,3.000000,21.131573,21.131573,0.000000,31.800000,3.000000,0.712800,0.000765,-0.000294,3.398949,2.739885,-3.065704,-0.001230,0.010321,37.800000,0.000000,0.181101,-0.000613,0.000223,-0.000569,-0.001431,-0.000162,
0.040000,20.913385,20.913385,3.000000,21.122042,21.122042,0.000000,32.000000,3.000000,0.650000,0.000801,-0.000487,3.158484,2.723513,-3.081319,-0.002538,0.019712,38.000000,0.000000,0.193649,-0.001057,0.000049,-0.000701,-0.000084,-0.019553,
0.040000,20.920229,20.920229,3.000000,21.050261,21.050261,0.000000,32.100000,3.000000,0.704800,0.000801,-0.000487,3.158484,2.723513,-3.081319,-0.002538,0.011794,38.100000,0.000000,0.205725,-0.000802,-0.000137,-0.001228,-0.000365,-0.032742,
0.040000,20.924439,20.924439,2.000000,21.004433,21.004433,0.000000,32.200000,2.000000,0.674800,0.000713,-0.000476,3.076262,2.718498,-3.087894,-0.002740,0.019536,38.200000,0.000000,0.252557,-0.001697,-0.000203,-0.000184,0.000438,-0.056351,
0.040000,20.925682,20.925682,2.000000,20.949303,20.949303,0.000000,32.300000,2.000000,0.650800,0.000517,-0.000539,2.915686,2.710147,-3.101356,-0.003145,0.007764,38.300000,0.000000,0.263776,-0.001653,-0.000226,0.000003,-0.000272,-0.061552,
0.040000,20.924293,20.924293,2.000000,20.897896,20.897896,0.000000,32.400000,2.000000,0.738800,0.000517,-0.000539,2.915686,2.710147,-3.101356,-0.003145,0.008638,38.400000,0.000000,0.274199,-0.001715,-0.000319,0.000789,0.001751,-0.065394,
0.040000,20.920568,20.920568,2.000000,20.849798,20.849798,0.000000,32.500000,2.000000,0.680400,0.000328,-0.000531,2.837069,2.708108,-3.107712,-0.002561,0.018646,38.500000,0.000000,0.284802,-0.001533,-0.000268,-0.000816,-0.002385,-0.066231,
0.040000,20.914772,20.914772,3.000000,20.804646,20.804646,0.000000,32.600000,3.000000,0.664400,-0.000013,-0.000723,2.675888,2.704841,-3.119420,-0.002990,0.007822,38.600000,0.000000,0.294663,-0.001724,-0.000140,-0.000245,-0.002056,-0.064581,
0.040000,20.907496,20.907496,3.000000,20.769255,20.769255,0.000000,32.800000,3.000000,0.711600,-0.000013,-0.000723,2.675888,2.704841,-3.119420,-0.002990,0.010962,38.800000,0.000000,0.304643,-0.001948,-0.000298,-0.000355,-0.000947,-0.062955,
0.040000,20.899340,20.899340,2.000000,20.744379,20.744379,0.000000,32.900000,2.000000,0.693600,-0.000262,-0.000715,2.438733,2.699947,-3.131838,-0.002895,0.019167,38.900000,0.000000,0.314582,-0.001985,-0.000206,-0.001042,-0.002264,-0.058119,
0.040000,20.896398,20.896398,3.000000,20.840498,20.840498,0.000000,33.100000,3.000000,0.688400,-0.000262,-0.000715,2.438733,2.699947,-3.131838,-0.002895,0.009186,39.100000,0.000000,0.351409,-0.001747,-0.000444,0.000564,0.000885,-0.045196,
0.040000,20.903382,20.903382,2.000000,21.036081,21.036081,0.000000,33.200000,2.000000,0.677200,-0.000458,-0.000644,2.200156,2.698475,-3.138591,-0.003644,0.020746,39.200000,0.000000,0.360277,-0.001685,-0.000287,-0.000421,-0.002107,-0.039660,
0.040000,20.914005,20.914005,3.000000,21.115835,21.115835,0.000000,33.400000,3.000000,0.681600,-0.000458,-0.000644,2.200156,2.698475,-3.138591,-0.003644,0.013177,39.400000,0.000000,0.394025,-0.002123,-0.000726,-0.000731,-0.000742,-0.025899,
0.040000,20.930775,20.930775,2.000000,21.249401,21.249401,0.000000,33.500000,2.000000,0.685600,-0.001308,-0.000710,1.960624,2.697486,-3.140579,-0.002742,0.022403,39.500000,0.000000,0.402009,-0.001885,-0.000642,0.000878,-0.000650,-0.021116,
0.040000,20.949476,20.949476,2.000000,21.304789,21.304789,0.000000,33.600000,2.000000,0.756800,-0.001308,-0.000710,1.960624,2.697486,-3.140579,-0.002742,0.020787,39.600000,0.000000,0.432721,-0.001776,-0.000826,-0.000421,-0.000256,-0.009765,
0.040000,20.969574,20.969574,2.000000,21.351437,21.351437,0.000000,33.800000,2.000000,0.676000,-0.000980,-0.000608,1.721189,2.697319,-3.139081,-0.004060,0.020361,39.800000,0.000000,0.439974,-0.001641,-0.000539,-0.000015,-0.004544,-0.005253,
0.040000,20.992467,20.992467,2.000000,21.427439,21.427439,0.000000,33.900000,2.000000,0.735200,-0.000980,-0.000608,1.721189,2.697319,-3.139081,-0.004060,0.019869,39.900000,0.000000,0.446888,-0.001824,-0.000710,-0.000329,0.001035,-0.000973,
0.040000,21.015750,21.015750,2.000000,21.458120,21.458120,0.000000,34.000000,2.000000,0.698400,-0.000972,-0.000687,1.641286,2.697238,-3.137959,-0.003993,0.022406,40.000000,0.000000,0.474425,-0.001293,-0.000899,0.000726,-0.000593,0.006214,
0.040000,21.039222,21.039222,2.000000,21.485199,21.485199,0.000000,34.100000,2.000000,0.674000,-0.001652,-0.000613,1.480130,2.696176,-3.135239,-0.003567,0.019776,40.100000,0.000000,0.480754,-0.001291,-0.000883,-0.000107,-0.000225,0.008978,
0.040000,21.062690,21.062690,2.000000,21.508574,21.508574,0.000000,34.200000,2.000000,0.743200,-0.001652,-0.000613,1.480130,2.696176,-3.135239,-0.003567,0.009482,40.200000,0.000000,0.487109,-0.001223,-0.000929,-0.000028,-0.002911,0.011285,
0.040000,21.086091,21.086091,2.000000,21.530714,21.530714,0.000000,34.300000,2.000000,0.700800,-0.001486,-0.000673,1.401066,2.695896,-3.133627,-0.004019,0.019136,40.300000,0.000000,0.493317,-0.001169,-0.000803,0.000458,-0.002456,0.013226,
0.040000,21.109436,21.109436,2.000000,21.552986,21.552986,0.000000,34.400000,2.000000,0.696000,-0.001502,-0.000622,1.239860,2.694347,-3.130839,-0.003484,0.018618,40.400000,0.000000,0.499124,-0.001189,-0.000901,-0.000185,0.000076,0.015014,
0.040000,21.132959,21.132959,2.000000,21.579914,21.579914,0.000000,34.500000,2.000000,0.754400,-0.001502,-0.000622,1.239860,2.694347,-3.130839,-0.003484,0.009372,40.500000,0.000000,0.505482,-0.001194,-0.000766,-0.000631,-0.001753,0.014488,
0.040000,21.156724,21.156724,2.000000,21.608253,21.608253,0.000000,34.600000,2.000000,0.702800,-0.001616,-0.000614,1.159070,2.693498,-3.129599,-0.003277,0.019442,40.600000,0.000000,0.510999,-0.001113,-0.000815,0.000664,0.001002,0.014011,
0.040000,21.180921,21.180921,2.000000,21.640659,21.640659,0.000000,34.700000,2.000000,0.680800,-0.001570,-0.000456,0.998405,2.690976,-3.127327,-0.003372,0.007908,40.700000,0.000000,0.516808,-0.001095,-0.000782,0.000317,-0.000323,0.013015,
0.040000,21.206956,21.206956,2.000000,21.701616,21.701616,0.000000,34.800000,2.000000,0.738800,-0.001570,-0.000456,0.998405,2.690976,-3.127327,-0.003372,0.010611,40.800000,0.000000,0.522452,-0.001043,-0.000813,0.000197,-0.001209,0.011625,
0.040000,21.234926,21.234926,2.000000,21.766359,21.766359,0.000000,34.900000,2.000000,0.728000,-0.001581,-0.000566,0.917645,2.690056,-3.126388,-0.003669,0.019009,40.900000,0.000000,0.527919,-0.000953,-0.000823,0.001001,0.000901,0.011825,
0.040000,21.264792,21.264792,2.000000,21.832254,21.832254,0.000000,35.000000,2.000000,0.701600,-0.002224,-0.000454,0.756887,2.687400,-3.124866,-0.002629,0.007710,41.000000,0.000000,0.533398,-0.000980,-0.000890,-0.000292,0.000268,0.010319,
0.040000,21.296325,21.296325,2.000000,21.895439,21.895439,0.000000,35.100000,2.000000,0.750400,-0.002224,-0.000454,0.756887,2.687400,-3.124866,-0.002629,0.011354,41.100000,0.000000,0.538832,-0.000947,-0.000609,0.000026,-0.005935,0.009394,
0.040000,21.329277,21.329277,2.000000,21.955368,21.955368,0.000000,35.200000,2.000000,0.714800,-0.002182,-0.000460,0.677671,2.685737,-3.124394,-0.003074,0.019129,41.200000,0.000000,0.543896,-0.000915,-0.000722,0.000586,-0.000207,0.007542,
0.040000,21.363600,21.363600,2.000000,22.015745,22.015745,0.000000,35.300000,2.000000,0.678400,-0.002204,-0.000448,0.516406,2.683076,-3.123626,-0.002139,0.021329,41.300000,0.000000,0.548768,-0.000831,-0.000830,0.000192,0.000181,0.005800,
0.040000,21.399185,21.399185,2.000000,22.075287,22.075287,0.000000,35.400000,2.000000,0.761600,-0.002204,-0.000448,0.516406,2.683076,-3.123626,-0.002139,0.009219,41.400000,0.000000,0.553876,-0.000777,-0.000741,0.000336,-0.001280,0.005066,
0.040000,21.435927,21.435927,2.000000,22.134041,22.134041,0.000000,35.600000,2.000000,0.690800,-0.002535,-0.000358,0.274687,2.678428,-3.123313,-0.002487,0.022944,41.600000,0.000000,0.558781,-0.000829,-0.000688,-0.000049,0.000722,0.003827,
0.040000,21.476242,21.476242,2.000000,22.242228,22.242228,0.000000,35.700000,2.000000,0.796000,-0.002535,-0.000358,0.274687,2.678428,-3.123313,-0.002487,0.009378,41.700000,0.000000,0.563731,-0.000768,-0.000623,0.000073,-0.001781,0.003006,
0.040000,21.517152,21.517152,2.000000,22.294428,22.294428,0.000000,35.800000,2.000000,0.731200,-0.002675,-0.000407,0.194920,2.677177,-3.123549,-0.001756,0.021383,41.800000,0.000000,0.582491,-0.000692,-0.001042,0.000365,-0.000085,0.000456,
0.040000,21.558588,21.558588,3.000000,22.345875,22.345875,0.000000,35.900000,3.000000,0.700000,-0.003104,-0.000223,0.033343,2.673988,-3.123991,0.000413,0.008032,41.900000,0.000000,0.586706,-0.000719,-0.000918,-0.000110,-0.000809,-0.001103,
0.040000,21.600585,21.600585,2.000000,22.398521,22.398521,0.000000,36.000000,2.000000,0.804400,-0.003104,-0.000223,0.033343,2.673988,-3.123991,0.000413,0.010641,42.000000,0.000000,0.590920,-0.000687,-0.001035,-0.000077,-0.000364,-0.001367,
0.040000,21.643909,21.643909,4.000000,22.467075,22.467075,0.000000,36.100000,4.000000,0.728000,-0.002896,-0.000398,-0.033398,2.673597,-3.121802,-0.000536,0.021117,42.100000,0.000000,0.595298,-0.000636,-0.000540,0.001127,-0.002737,-0.002302,
0.040000,21.695785,21.695785,4.000000,22.681425,22.681425,0.000000,36.200000,4.000000,0.695200,-0.002893,-0.000701,-0.078450,2.673131,-3.108063,-0.000513,0.010491,42.200000,0.000000,0.596711,-0.000777,-0.000756,-0.000605,0.000234,0.012645,
0.040000,21.759117,21.759117,4.000000,22.962435,22.962435,0.000000,36.300000,4.000000,0.703200,-0.002273,-0.001291,-0.111626,2.672067,-3.089084,-0.003059,0.008538,42.300000,0.000000,0.593844,-0.000845,-0.000762,-0.001857,0.000061,0.089736,
0.040000,21.832856,21.832856,4.000000,23.233885,23.233885,0.000000,36.400000,4.000000,0.699200,-0.002938,-0.000866,-0.126728,2.669821,-3.069855,-0.001694,0.010488,42.400000,0.000000,0.588703,-0.000838,-0.001266,-0.004058,0.003737,0.151574,
0.040000,21.914430,21.914430,4.000000,23.464342,23.464342,0.000000,36.500000,4.000000,0.681600,-0.002938,-0.000698,-0.127491,2.669770,-3.051741,-0.000716,0.009566,42.500000,0.000000,0.580132,-0.000537,-0.000979,0.001387,-0.002811,0.176737,
0.040000,22.003240,22.003240,3.000000,23.690622,23.690622,0.000000,36.600000,3.000000,0.711200,-0.002462,-0.001389,-0.128061,2.669675,-3.034230,-0.002323,0.011736,42.600000,0.000000,0.568893,-0.000527,-0.000768,0.001897,-0.001161,0.179454,
0.040000,22.099286,22.099286,4.000000,23.924160,23.924160,0.000000,36.700000,4.000000,0.677200,-0.002729,-0.001239,-0.128674,2.670836,-3.015483,-0.001805,0.007877,42.700000,0.000000,0.557832,-0.000508,-0.001069,-0.003250,0.002385,0.176775,
0.040000,22.202095,22.202095,4.000000,24.155476,24.155476,0.000000,36.800000,4.000000,0.686000,-0.002563,-0.001275,-0.127060,2.674128,-2.995443,-0.001494,0.009511,42.800000,0.000000,0.546967,-0.000738,-0.000947,-0.000016,-0.000889,0.183383,
0.040000,22.311818,22.311818,5.000000,24.396559,24.396559,0.000000,37.000000,5.000000,0.697200,-0.002997,-0.001582,-0.129676,2.670890,-2.926437,-0.001039,0.009208,43.000000,0.000000,0.535822,-0.001326,-0.000867,0.000101,0.000531,0.193900,
0.040000,22.441616,22.441616,3.000000,24.907770,24.907770,0.000000,37.100000,3.000000,0.781200,-0.002997,-0.001582,-0.129676,2.670890,-2.926437,-0.001039,0.010744,43.100000,0.000000,0.526053,-0.000954,-0.000733,-0.000954,-0.004751,0.207965,
0.040000,22.576895,22.576895,4.000000,25.147192,25.147192,0.000000,37.200000,4.000000,0.782800,-0.003117,-0.001768,-0.132753,2.669275,-2.900930,-0.000767,0.022246,43.200000,0.000000,0.484510,-0.000456,-0.000732,0.000270,0.001007,0.235222,
0.040000,22.718713,22.718713,4.000000,25.413269,25.413269,0.000000,37.300000,4.000000,0.780800,-0.002923,-0.001465,-0.131852,2.670844,-2.874501,-0.000967,0.008765,43.300000,0.000000,0.475670,-0.000266,-0.000666,-0.000478,-0.000449,0.246194,
0.040000,22.865409,22.865409,4.000000,25.652628,25.652628,0.000000,37.500000,4.000000,0.748800,-0.002924,-0.001581,-0.130373,2.670356,-2.847141,-0.000456,0.012011,43.500000,0.000000,0.466098,-0.000518,-0.000691,0.002141,0.000749,0.257203,
0.040000,23.026443,23.026443,4.000000,26.086082,26.086082,0.000000,37.600000,4.000000,0.744400,-0.002746,-0.001262,-0.130501,2.670010,-2.791056,-0.000629,0.009726,43.600000,0.000000,0.456701,-0.000339,-0.000577,0.000597,0.000022,0.267311,
0.040000,23.188861,23.188861,4.000000,26.274813,26.274813,0.000000,37.700000,4.000000,0.748800,-0.002762,-0.001539,-0.133636,2.670473,-2.733742,-0.000526,0.012369,43.700000,0.000000,0.421062,-0.000197,-0.000599,0.002300,0.000466,0.279753,
0.040000,23.351179,23.351179,3.000000,26.435209,26.435209,0.000000,37.800000,3.000000,0.819200,-0.002762,-0.001539,-0.133636,2.670473,-2.733742,-0.000526,0.010050,43.800000,0.000000,0.413288,-0.000904,-0.000630,-0.001002,0.000024,0.282126,
0.040000,23.512770,23.512770,3.000000,26.583006,26.583006,0.000000,37.900000,3.000000,0.812400,-0.002607,-0.001591,-0.134705,2.670199,-2.705476,-0.001223,0.020187,43.900000,0.000000,0.405290,-0.000474,-0.000557,0.001112,-0.000425,0.286366,
0.040000,23.673050,23.673050,5.000000,26.718372,26.718372,0.000000,38.000000,5.000000,0.797600,-0.002611,-0.001891,-0.134255,2.670138,-2.677278,-0.000675,0.008808,44.000000,0.000000,0.397566,-0.000498,-0.000683,0.000571,0.000517,0.284080,
0.040000,23.830695,23.830695,4.000000,26.825941,26.825941,0.000000,38.100000,4.000000,0.813600,-0.002329,-0.001744,-0.133269,2.671852,-2.649232,-0.001329,0.009365,44.100000,0.000000,0.389702,-0.000440,-0.000562,-0.001179,-0.000131,0.282783,
0.040000,23.984703,23.984703,4.000000,26.910854,26.910854,0.000000,38.200000,4.000000,0.794000,-0.002509,-0.001943,-0.131354,2.671162,-2.620887,-0.001304,0.008307,44.200000,0.000000,0.381740,-0.000645,-0.000679,0.000890,0.001380,0.281348,
0.040000,24.134397,24.134397,5.000000,26.978582,26.978582,0.000000,38.300000,5.000000,0.821600,-0.002322,-0.001987,-0.129972,2.670563,-2.593052,-0.001097,0.008850,44.300000,0.000000,0.373988,-0.000336,-0.000660,-0.000466,-0.000906,0.282646,
0.040000,24.279380,24.279380,5.000000,27.034061,27.034061,0.000000,38.400000,5.000000,0.800400,-0.002261,-0.002005,-0.130536,2.670424,-2.537582,-0.002180,0.009961,44.400000,0.000000,0.366475,-0.000093,-0.000605,-0.000036,0.000467,0.279988,
0.040000,24.419762,24.419762,3.000000,27.087023,27.087023,0.000000,38.500000,3.000000,0.858800,-0.002261,-0.002005,-0.130536,2.670424,-2.537582,-0.002180,0.011662,44.500000,0.000000,0.358975,0.000240,-0.000634,-0.001123,0.000128,0.280351,
0.040000,24.551162,24.551162,3.000000,27.047752,27.047752,0.000000,38.600000,3.000000,0.844400,-0.002319,-0.002298,-0.129733,2.670295,-2.510056,-0.000499,0.019600,44.600000,0.000000,0.352335,-0.000141,-0.000794,0.001352,-0.000249,0.276503,
0.040000,24.677228,24.677228,4.000000,27.072495,27.072495,0.000000,38.700000,4.000000,0.847600,-0.002207,-0.002357,-0.134617,2.670212,-2.482719,-0.000958,0.008822,44.700000,0.000000,0.345302,-0.000029,-0.000447,-0.000904,-0.000818,0.275736,
0.040000,24.796196,24.796196,3.000000,27.056583,27.056583,0.000000,38.800000,3.000000,0.850400,-0.002223,-0.002212,-0.132162,2.666807,-2.455047,-0.001008,0.009129,44.800000,0.000000,0.339303,-0.000581,-0.000532,-0.000332,-0.000014,0.274273,
0.040000,24.905447,24.905447,4.000000,26.981211,26.981211,0.000000,38.900000,4.000000,0.849200,-0.001875,-0.002402,-0.131979,2.667995,-2.427764,-0.001554,0.009451,44.900000,0.000000,0.332664,0.000255,-0.000529,0.001152,-0.000492,0.275781,
0.040000,25.008034,25.008034,4.000000,26.957188,26.957188,0.000000,39.000000,4.000000,0.848000,-0.001882,-0.002410,-0.129498,2.669817,-2.400931,-0.001172,0.009079,45.000000,0.000000,0.325949,0.000092,-0.000626,-0.000392,0.001569,0.273964,
0.040000,25.101007,25.101007,3.000000,26.867489,26.867489,0.000000,39.100000,3.000000,0.822000,-0.001600,-0.002637,-0.132009,2.667328,-2.345940,-0.002680,0.010262,45.100000,0.000000,0.318937,0.000139,-0.000538,0.000112,0.000159,0.270481,
0.040000,25.183082,25.183082,2.000000,26.742523,26.742523,0.000000,39.200000,2.000000,0.890400,-0.001600,-0.002637,-0.132009,2.667328,-2.345940,-0.002680,0.012002,45.200000,0.000000,0.313306,0.000360,-0.000441,-0.000755,-0.001212,0.274562,
0.040000,25.256319,25.256319,3.000000,26.647823,26.647823,0.000000,39.300000,3.000000,0.872800,-0.001361,-0.002224,-0.133451,2.668351,-2.319189,-0.003165,0.036496,45.300000,0.000000,0.307190,0.000156,-0.000816,-0.000253,0.001681,0.273489,
0.040000,25.317707,25.317707,3.000000,26.484064,26.484064,0.000000,39.400000,3.000000,0.865600,-0.001350,-0.002231,-0.130433,2.668337,-2.291971,-0.002795,0.008221,45.400000,0.000000,0.301201,-0.000190,-0.000897,0.002703,0.001720,0.269802,
0.040000,25.368522,25.368522,3.000000,26.334005,26.334005,0.000000,39.500000,3.000000,0.854800,-0.001180,-0.002372,-0.130033,2.669068,-2.264717,-0.002867,0.009461,45.500000,0.000000,0.294870,0.000251,-0.000805,0.001213,0.000352,0.271266,
0.040000,25.408696,25.408696,2.000000,26.172010,26.172010,0.000000,39.600000,2.000000,0.856400,-0.001347,-0.002596,-0.128526,2.669834,-2.237788,-0.002146,0.008521,45.600000,0.000000,0.288905,0.000210,-0.000803,-0.000191,0.000799,0.272057,
0.040000,25.436389,25.436389,3.000000,25.962555,25.962555,0.000000,39.700000,3.000000,0.846400,-0.001380,-0.002274,-0.128284,2.670250,-2.210645,-0.001676,0.009064,45.700000,0.000000,0.282911,0.000337,-0.000645,-0.001246,-0.001141,0.270343,
0.040000,25.452984,25.452984,3.000000,25.768282,25.768282,0.000000,39.800000,3.000000,0.853600,-0.001202,-0.002236,-0.124781,2.673691,-2.156618,-0.002409,0.009479,45.800000,0.000000,0.277245,0.000317,-0.000539,0.001742,-0.001051,0.271016,
0.040000,25.456300,25.456300,2.000000,25.519316,25.519316,0.000000,39.900000,2.000000,0.886000,-0.001202,-0.002236,-0.124781,2.673691,-2.156618,-0.002409,0.011720,45.900000,0.000000,0.271429,0.000162,-0.000440,0.000039,-0.001450,0.271250,
0.040000,25.454303,25.454303,2.000000,25.416355,25.416355,0.000000,40.000000,2.000000,0.872000,-0.001379,-0.002365,-0.124905,2.674577,-2.129583,-0.001123,0.020882,46.000000,0.000000,0.265488,0.000473,-0.000662,0.001339,0.000818,0.269781,
0.040000,25.449413,25.449413,3.000000,25.356506,25.356506,0.000000,40.200000,3.000000,0.851600,-0.001185,-0.002366,-0.123974,2.677172,-2.102791,-0.001932,0.008202,46.200000,0.000000,0.260124,0.000346,-0.000396,-0.000073,-0.001168,0.270132,
0.040000,25.438389,25.438389,3.000000,25.228930,25.228930,0.000000,40.400000,3.000000,0.852800,-0.001006,-0.002230,-0.122481,2.680012,-2.048721,-0.002248,0.009668,46.400000,0.000000,0.254466,0.000224,-0.000547,0.000181,0.000360,0.268766,
0.040000,25.420535,25.420535,2.000000,25.081301,25.081301,0.000000,40.500000,2.000000,0.849200,-0.000955,-0.002177,-0.120268,2.684494,-1.967811,-0.001334,0.008767,46.500000,0.000000,0.233220,0.000147,-0.000627,0.000932,0.000277,0.270270,
0.040000,25.398747,25.398747,2.000000,24.984779,24.984779,0.000000,40.700000,2.000000,0.865200,-0.000955,-0.002177,-0.120268,2.684494,-1.967811,-0.001334,0.011356,46.700000,0.000000,0.213231,-0.000012,-0.000582,0.000586,0.000087,0.269461,
0.040000,25.364754,25.364754,2.000000,24.718882,24.718882,0.000000,40.800000,2.000000,0.865600,-0.000812,-0.002297,-0.121064,2.688688,-1.914069,-0.001164,0.019371,46.800000,0.000000,0.208944,0.000049,-0.000388,0.000351,-0.000741,0.269911,
0.040000,25.325194,25.325194,2.000000,24.573565,24.573565,0.000000,40.900000,2.000000,0.857200,-0.000671,-0.002204,-0.118967,2.688533,-1.887033,-0.001755,0.008457,46.900000,0.000000,0.191233,-0.000875,-0.000292,-0.000326,0.000069,0.268770,
0.040000,25.274503,25.274503,2.000000,24.311375,24.311375,0.000000,41.000000,2.000000,0.834400,-0.000719,-0.002334,-0.119782,2.691423,-1.860065,-0.001066,0.008470,47.000000,0.000000,0.187387,-0.000462,-0.000401,0.000477,0.000476,0.269653,
0.040000,25.220021,25.220021,3.000000,24.184870,24.184870,0.000000,41.100000,3.000000,0.838800,-0.000724,-0.002277,-0.120004,2.693354,-1.833472,-0.001030,0.009464,47.100000,0.000000,0.183236,-0.000780,-0.000259,-0.000488,-0.000481,0.269669,
0.040000,25.158288,25.158288,3.000000,23.985357,23.985357,0.000000,41.200000,3.000000,0.834400,-0.000730,-0.001831,-0.122163,2.693487,-1.786004,-0.001600,0.011271,47.200000,0.000000,0.179303,-0.000915,-0.000247,0.000280,-0.000593,0.267362,
0.040000,25.089986,25.089986,3.000000,23.792238,23.792238,0.000000,41.300000,3.000000,0.879600,-0.000730,-0.001831,-0.122163,2.693487,-1.786004,-0.001600,0.011981,47.300000,0.000000,0.175909,-0.000946,-0.000236,0.001229,-0.001527,0.256799,
0.040000,25.015009,25.015009,3.000000,23.590443,23.590443,0.000000,41.400000,3.000000,0.868800,-0.000622,-0.001948,-0.123606,2.694179,-1.765778,-0.001271,0.020532,47.400000,0.000000,0.172426,-0.001292,-0.000350,0.002342,0.000072,0.236786,
0.040000,24.938086,24.938086,3.000000,23.476564,23.476564,0.000000,41.500000,3.000000,0.872400,-0.000733,-0.001964,-0.124352,2.692916,-1.747493,-0.001079,0.008509,47.500000,0.000000,0.168977,-0.001572,-0.000279,0.000255,0.000456,0.215447,
0.040000,24.858520,24.858520,3.000000,23.346760,23.346760,0.000000,41.600000,3.000000,0.860400,-0.000631,-0.001978,-0.124553,2.691546,-1.730916,-0.001001,0.008526,47.600000,0.000000,0.165937,-0.001636,-0.000237,0.000073,-0.000732,0.195300,
0.040000,24.775431,24.775431,3.000000,23.196743,23.196743,0.000000,41.700000,3.000000,0.858800,-0.000601,-0.001908,-0.124846,2.693004,-1.716302,-0.001025,0.008863,47.700000,0.000000,0.162955,-0.001596,-0.000217,0.000013,0.000148,0.177053,
0.040000,24.690884,24.690884,3.000000,23.084484,23.084484,0.000000,41.800000,3.000000,0.860400,-0.000605,-0.001825,-0.125396,2.692803,-1.702728,-0.001355,0.008502,47.800000,0.000000,0.159487,-0.001667,-0.000217,0.000491,0.000069,0.157947,
0.040000,24.604095,24.604095,3.000000,22.955111,22.955111,0.000000,41.900000,3.000000,0.857200,-0.000555,-0.001793,-0.125082,2.691715,-1.690559,-0.001452,0.008760,47.900000,0.000000,0.156412,-0.001735,-0.000278,0.000754,-0.000160,0.144219,
0.040000,24.516088,24.516088,2.000000,22.843948,22.843948,0.000000,42.000000,2.000000,0.848800,-0.000459,-0.002094,-0.127626,2.691594,-1.679525,-0.000564,0.008841,48.000000,0.000000,0.153546,-0.001612,-0.000292,0.000526,0.000112,0.130299,
0.040000,24.425459,24.425459,2.000000,22.703514,22.703514,0.000000,42.100000,2.000000,0.837600,-0.000581,-0.001803,-0.126722,2.692375,-1.669767,-0.001667,0.008347,48.100000,0.000000,0.150615,-0.002074,-0.000113,-0.001621,0.000504,0.117964,
0.040000,24.336766,24.336766,2.000000,22.651592,22.651592,0.000000,42.200000,2.000000,0.845600,-0.000500,-0.001771,-0.126362,2.692537,-1.660844,-0.001367,0.008596,48.200000,0.000000,0.147486,-0.001873,-0.000327,0.001212,-0.000679,0.105366,
0.040000,24.248260,24.248260,2.000000,22.566643,22.566643,0.000000,42.300000,2.000000,0.850800,-0.000488,-0.001813,-0.127941,2.694256,-1.653010,-0.001231,0.010134,48.300000,0.000000,0.144550,-0.001769,-0.000261,0.000687,0.000142,0.095391,
0.040000,24.160226,24.160226,2.000000,22.487597,22.487597,0.000000,42.400000,2.000000,0.839200,-0.000693,-0.001975,-0.130196,2.694499,-1.645800,-0.000177,0.009078,48.400000,0.000000,0.141401,-0.002073,-0.000230,0.000026,0.000045,0.084855,
0.040000,24.072038,24.072038,2.000000,22.396450,22.396450,0.000000,42.500000,2.000000,0.835600,-0.000641,-0.001879,-0.128162,2.694710,-1.638749,-0.001048,0.009700,48.500000,0.000000,0.138610,-0.002479,-0.000019,-0.000960,-0.001335,0.076970,
0.040000,23.985610,23.985610,2.000000,22.343483,22.343483,0.000000,42.600000,2.000000,0.836800,-0.000412,-0.001753,-0.128238,2.695829,-1.632701,-0.001156,0.008219,48.600000,0.000000,0.135813,-0.002034,-0.000189,0.000253,-0.000271,0.072979,
0.040000,23.900384,23.900384,2.000000,22.281099,22.281099,0.000000,42.700000,2.000000,0.828400,-0.000328,-0.001790,-0.129577,2.694255,-1.627388,-0.001523,0.009521,48.700000,0.000000,0.132923,-0.002024,-0.000206,0.000896,0.001245,0.065255,
0.040000,23.816596,23.816596,2.000000,22.224623,22.224623,0.000000,42.800000,2.000000,0.843600,-0.000266,-0.001745,-0.128867,2.695824,-1.622435,-0.001417,0.009142,48.800000,0.000000,0.130634,-0.002228,-0.000275,0.000126,0.000931,0.057765,
0.040000,23.734741,23.734741,2.000000,22.179485,22.179485,0.000000,42.900000,2.000000,0.834800,-0.000405,-0.001903,-0.130005,2.695743,-1.617983,-0.001172,0.009574,48.900000,0.000000,0.127747,-0.002062,-0.000248,0.000335,0.000691,0.052675,
0.040000,23.654514,23.654514,2.000000,22.130215,22.130215,0.000000,43.000000,2.000000,0.844000,-0.000232,-0.001912,-0.129800,2.696059,-1.609936,-0.001068,0.010499,49.000000,0.000000,0.125260,-0.002244,-0.000196,-0.000838,-0.000648,0.047629,
0.040000,23.575800,23.575800,2.000000,22.080221,22.080221,0.000000,43.100000,2.000000,0.896400,-0.000232,-0.001912,-0.129800,2.696059,-1.609936,-0.001068,0.010234,49.100000,0.000000,0.122892,-0.002026,-0.000310,0.001549,-0.000955,0.043523,
0.040000,23.499022,23.499022,2.000000,22.040236,22.040236,0.000000,43.200000,2.000000,0.873200,-0.000353,-0.001745,-0.129854,2.696290,-1.606177,-0.001553,0.019247,49.200000,0.000000,0.120310,-0.002122,-0.000165,-0.001312,0.001324,0.041033,
0.040000,23.423777,23.423777,2.000000,21.994122,21.994122,0.000000,43.300000,2.000000,0.888000,-0.000274,-0.001972,-0.130566,2.695765,-1.602174,-0.000457,0.008235,49.300000,0.000000,0.117895,-0.002092,-0.000257,0.000532,-0.000287,0.038899,
0.040000,23.348853,23.348853,2.000000,21.925304,21.925304,0.000000,43.400000,2.000000,0.879200,-0.000331,-0.001818,-0.129536,2.697992,-1.598322,-0.001382,0.007839,49.400000,0.000000,0.115681,-0.002188,-0.000037,-0.001190,0.000332,0.039600,
0.040000,23.275919,23.275919,2.000000,21.890163,21.890163,0.000000,43.500000,2.000000,0.873600,-0.000270,-0.001946,-0.130906,2.696865,-1.594748,-0.000802,0.008351,49.500000,0.000000,0.112956,-0.001956,-0.000218,0.000503,-0.000271,0.038933,
0.040000,23.204158,23.204158,2.000000,21.840700,21.840700,0.000000,43.600000,2.000000,0.878000,-0.000353,-0.001853,-0.130087,2.697396,-1.590899,-0.000943,0.007437,49.600000,0.000000,0.110960,-0.002181,-0.000100,-0.000590,0.000237,0.036959,
0.040000,23.133635,23.133635,2.000000,21.793703,21.793703,0.000000,43.800000,2.000000,0.877600,-0.000385,-0.001732,-0.129346,2.699502,-1.586826,-0.001188,0.008349,49.800000,0.000000,0.108664,-0.001979,-0.000125,0.000359,-0.000471,0.037908,
0.040000,23.061347,23.061347,2.000000,21.687883,21.687883,0.000000,43.900000,2.000000,0.868400,-0.000430,-0.001799,-0.128796,2.699029,-1.579242,-0.001066,0.028702,49.900000,0.000000,0.106104,-0.001802,-0.000170,0.000894,-0.000419,0.039650,
0.040000,22.990251,22.990251,2.000000,21.639431,21.639431,0.000000,44.000000,2.000000,0.875600,-0.000321,-0.001861,-0.130222,2.698843,-1.575248,-0.000693,0.008460,50.000000,0.000000,0.097950,-0.001442,-0.000109,-0.000260,-0.000299,0.038007,
0.040000,22.920601,22.920601,2.000000,21.597244,21.597244,0.000000,44.100000,2.000000,0.854800,-0.000422,-0.001689,-0.128479,2.697662,-1.571853,-0.001328,0.008195,50.100000,0.000000,0.096065,-0.001693,-0.000034,-0.000450,0.000429,0.039078,
0.040000,22.851475,22.851475,1.000000,21.538078,21.538078,0.000000,44.200000,1.000000,0.862000,-0.000332,-0.001760,-0.129711,2.700452,-1.568275,-0.000951,0.008127,50.200000,0.000000,0.094407,-0.001316,-0.000157,0.000880,-0.000487,0.035959,
0.040000,22.783923,22.783923,2.000000,21.500443,21.500443,0.000000,44.300000,2.000000,0.876000,-0.000319,-0.001855,-0.130618,2.698069,-1.564496,-0.000445,0.011625,50.300000,0.000000,0.092003,-0.001533,-0.000081,-0.000094,0.000334,0.035850,
0.040000,22.717157,22.717157,2.000000,21.448589,21.448589,0.000000,44.400000,2.000000,0.867200,-0.000271,-0.001748,-0.130147,2.699733,-1.560878,-0.001374,0.009919,50.400000,0.000000,0.090662,-0.001683,0.000020,-0.000612,0.000164,0.037047,
0.040000,22.653230,22.653230,2.000000,21.438622,21.438622,0.000000,44.500000,2.000000,0.870000,-0.000361,-0.001994,-0.129808,2.700577,-1.556978,-0.000375,0.008252,50.500000,0.000000,0.088552,-0.001555,-0.000163,0.000430,0.000320,0.036511,
0.040000,22.596524,22.596524,2.000000,21.519108,21.519108,0.000000,44.600000,2.000000,0.878000,-0.000361,-0.001715,-0.129201,2.701167,-1.553582,-0.001089,0.007499,50.600000,0.000000,0.086644,-0.001456,0.000037,-0.001344,-0.000477,0.038049,
0.040000,22.545470,22.545470,2.000000,21.575443,21.575443,0.000000,44.700000,2.000000,0.854800,-0.000166,-0.001824,-0.130499,2.701224,-1.549799,-0.000945,0.008355,50.700000,0.000000,0.084825,-0.001306,-0.000104,0.001215,-0.000221,0.035522,
0.040000,22.501409,22.501409,3.000000,21.664253,21.664253,0.000000,44.800000,3.000000,0.870800,-0.000366,-0.001758,-0.130663,2.701740,-1.546270,-0.000788,0.009825,50.800000,0.000000,0.083140,-0.001536,-0.000074,-0.000201,0.001077,0.036949,
0.040000,22.459664,22.459664,2.000000,21.666512,21.666512,0.000000,44.900000,2.000000,0.854800,-0.000289,-0.001724,-0.132581,2.701785,-1.545813,-0.001066,0.007758,50.900000,0.000000,0.081400,-0.001536,-0.000041,0.000336,-0.000862,0.035923,
0.040000,22.418906,22.418906,3.000000,21.644505,21.644505,0.000000,45.000000,3.000000,0.862400,-0.000301,-0.001741,-0.132950,2.699459,-1.546096,-0.001085,0.010289,51.000000,0.000000,0.079779,-0.001883,-0.000096,0.000340,0.000139,0.016547,
0.040000,22.376751,22.376751,3.000000,21.575806,21.575806,0.000000,45.100000,3.000000,0.863200,-0.000360,-0.001622,-0.133334,2.695867,-1.548189,-0.001506,0.011624,51.100000,0.000000,0.078664,-0.001930,-0.000098,0.000023,-0.000018,0.004568,
0.040000,22.335562,22.335562,3.000000,21.552977,21.552977,0.000000,45.200000,3.000000,0.877200,-0.000457,-0.001662,-0.129521,2.668280,-1.549162,-0.001019,0.007844,51.200000,0.000000,0.077820,-0.001985,-0.000180,0.000741,-0.000346,-0.011191,
0.040000,22.305070,22.305070,4.000000,21.725710,21.725710,0.000000,45.300000,4.000000,0.810800,-0.000111,-0.002200,-0.123214,2.627930,-1.541366,0.000619,0.011605,51.300000,0.000000,0.081738,-0.001318,-0.000081,0.000032,-0.000721,-0.010286,
0.040000,22.290211,22.290211,3.000000,22.007889,22.007889,0.000000,45.400000,3.000000,0.776400,-0.000209,-0.001801,-0.115253,2.484322,-1.509423,-0.001417,0.009774,51.400000,0.000000,0.088105,-0.000221,0.000242,-0.003300,0.001771,0.044255,
0.040000,22.291021,22.291021,4.000000,22.306417,22.306417,0.000000,45.500000,4.000000,0.798000,-0.000209,-0.001801,-0.115253,2.484322,-1.509423,-0.001417,0.010808,51.500000,0.000000,0.099380,0.000853,-0.000026,-0.000628,0.001099,0.116470,
0.040000,22.301956,22.301956,4.000000,22.509714,22.509714,0.000000,45.600000,4.000000,0.750800,-0.000551,-0.001820,-0.112282,2.404871,-1.497134,-0.000757,0.021515,51.600000,0.000000,0.112747,0.000256,-0.000165,0.001610,-0.001015,0.142340,
0.040000,22.320186,22.320186,5.000000,22.666569,22.666569,0.000000,45.700000,5.000000,0.749200,-0.001017,-0.001496,-0.103634,2.241117,-1.482961,-0.000795,0.008499,51.700000,0.000000,0.126197,-0.000126,-0.000035,0.000527,-0.002638,0.130312,
0.040000,22.338417,22.338417,3.000000,22.684795,22.684795,0.000000,45.800000,3.000000,0.790800,-0.001017,-0.001496,-0.103634,2.241117,-1.482961,-0.000795,0.012333,51.800000,0.000000,0.139358,-0.000653,-0.000284,0.001204,-0.002437,0.104884,
0.040000,22.355718,22.355718,4.000000,22.684441,22.684441,0.000000,45.900000,4.000000,0.725200,-0.001106,-0.001619,-0.098882,2.163885,-1.480716,-0.000586,0.020892,51.900000,0.000000,0.153295,-0.000935,-0.000059,0.001524,-0.002533,0.072545,
0.040000,22.368646,22.368646,5.000000,22.614288,22.614288,0.000000,46.000000,5.000000,0.721600,-0.002355,-0.002170,-0.085863,1.998849,-1.482349,0.001781,0.021245,52.000000,0.000000,0.165531,-0.001319,-0.000033,-0.000162,-0.001534,0.041585,
0.040000,22.377629,22.377629,3.000000,22.548296,22.548296,0.000000,46.100000,3.000000,0.765200,-0.002355,-0.002170,-0.085863,1.998849,-1.482349,0.001781,0.022256,52.100000,0.000000,0.178451,-0.001335,-0.000503,0.003069,-0.000508,0.016806,
0.040000,22.381258,22.381258,4.000000,22.450209,22.450209,0.000000,46.200000,4.000000,0.718800,-0.001648,-0.001596,-0.078342,1.920270,-1.485597,-0.000377,0.020350,52.200000,0.000000,0.191409,-0.001641,0.000409,-0.005380,-0.007977,-0.004613,
0.040000,22.377246,22.377246,5.000000,22.301018,22.301018,0.000000,46.300000,5.000000,0.688800,-0.002124,-0.001553,-0.067455,1.759852,-1.495915,-0.000737,0.020878,52.300000,0.000000,0.203210,-0.001499,-0.000062,0.001449,0.001362,-0.021825,
0.040000,22.363851,22.363851,3.000000,22.109339,22.109339,0.000000,46.400000,3.000000,0.762400,-0.002124,-0.001553,-0.067455,1.759852,-1.495915,-0.000737,0.010657,52.400000,0.000000,0.215235,-0.001775,0.000248,0.000639,-0.004736,-0.036967,
0.040000,22.342059,22.342059,4.000000,21.928019,21.928019,0.000000,46.500000,4.000000,0.725600,-0.002426,-0.001577,-0.061552,1.676970,-1.502140,0.000159,0.019569,52.500000,0.000000,0.226686,-0.001914,-0.000203,0.000285,0.000605,-0.049265,
0.040000,22.312953,22.312953,5.000000,21.759937,21.759937,0.000000,46.700000,5.000000,0.676400,-0.002856,-0.001576,-0.048693,1.436374,-1.522593,0.000551,0.010027,52.700000,0.000000,0.238616,-0.001939,-0.000057,-0.000124,-0.001578,-0.057293,
0.040000,22.266879,22.266879,3.000000,21.391472,21.391472,0.000000,46.800000,3.000000,0.766400,-0.002856,-0.001576,-0.048693,1.436374,-1.522593,0.000551,0.011999,52.800000,0.000000,0.249691,-0.001783,-0.000752,0.002228,-0.003159,-0.063610,
0.040000,22.212275,22.212275,3.000000,21.174807,21.174807,0.000000,46.900000,3.000000,0.712000,-0.002686,-0.001689,-0.044041,1.357462,-1.528735,0.001543,0.021236,52.900000,0.000000,0.293372,-0.002895,0.000590,-0.001896,-0.000106,-0.068256,
0.040000,22.153703,22.153703,3.000000,21.040825,21.040825,0.000000,47.000000,3.000000,0.728000,-0.002611,-0.001576,-0.036827,1.197006,-1.540057,0.000588,0.007277,53.000000,0.000000,0.303151,-0.002672,0.000730,-0.001568,0.000953,-0.064474,
0.040000,22.089678,22.089678,3.000000,20.873209,20.873209,0.000000,47.100000,3.000000,0.753600,-0.002611,-0.001576,-0.036827,1.197006,-1.540057,0.000588,0.009343,53.100000,0.000000,0.312564,-0.002319,0.000394,0.003119,0.002368,-0.062021,
0.040000,22.022071,22.022071,3.000000,20.737535,20.737535,0.000000,47.200000,3.000000,0.719600,-0.002842,-0.001643,-0.034685,1.118237,-1.544749,0.001940,0.020434,53.200000,0.000000,0.322644,-0.002385,0.000440,-0.002069,-0.000558,-0.056321,
0.040000,21.951076,21.951076,3.000000,20.602163,20.602163,0.000000,47.300000,3.000000,0.688000,-0.002637,-0.001851,-0.030563,0.958494,-1.552176,0.002349,0.008277,53.300000,0.000000,0.331805,-0.002394,0.000657,-0.001280,-0.001595,-0.050515,
0.040000,21.878649,21.878649,2.000000,20.502554,20.502554,0.000000,47.400000,2.000000,0.780400,-0.002637,-0.001851,-0.030563,0.958494,-1.552176,0.002349,0.009142,53.400000,0.000000,0.341098,-0.002366,0.000816,-0.001252,0.001117,-0.044629,
0.040000,21.805170,21.805170,3.000000,20.409067,20.409067,0.000000,47.600000,3.000000,0.683200,-0.002580,-0.001761,-0.025150,0.718859,-1.558562,0.000578,0.019803,53.600000,0.000000,0.350023,-0.002243,0.000624,-0.001125,0.000048,-0.037614,
0.040000,21.726818,21.726818,2.000000,20.238119,20.238119,0.000000,47.700000,2.000000,0.769600,-0.002580,-0.001761,-0.025150,0.718859,-1.558562,0.000578,0.008462,53.700000,0.000000,0.358881,-0.002108,0.000422,0.000802,0.000262,-0.031227,
0.040000,21.652559,21.652559,2.000000,20.241652,20.241652,0.000000,47.800000,2.000000,0.729600,-0.002622,-0.001742,-0.024618,0.639304,-1.559629,0.001167,0.020413,53.800000,0.000000,0.393402,-0.001579,-0.000174,-0.000555,0.000148,-0.018954,
0.040000,21.579867,21.579867,3.000000,20.198719,20.198719,0.000000,47.900000,3.000000,0.714000,-0.002698,-0.001936,-0.022459,0.478789,-1.560189,0.002027,0.007759,53.900000,0.000000,0.401298,-0.001635,-0.000095,-0.000159,-0.000156,-0.014373,
0.040000,21.508282,21.508282,2.000000,20.148151,20.148151,0.000000,48.000000,2.000000,0.799600,-0.002698,-0.001936,-0.022459,0.478789,-1.560189,0.002027,0.009242,54.000000,0.000000,0.409092,-0.001503,-0.000082,-0.000102,0.000354,-0.008592,
0.040000,21.438026,21.438026,2.000000,20.103172,20.103172,0.000000,48.100000,2.000000,0.742800,-0.002780,-0.001948,-0.021651,0.398743,-1.559969,0.002766,0.020488,54.100000,0.000000,0.416913,-0.001493,-0.000004,-0.001203,-0.000746,-0.003747,
0.040000,21.369163,21.369163,2.000000,20.060772,20.060772,0.000000,48.200000,2.000000,0.729200,-0.002909,-0.001679,-0.018305,0.238546,-1.558397,0.001902,0.020188,54.200000,0.000000,0.424452,-0.001472,0.000098,-0.000535,-0.000794,-0.000070,
0.040000,21.301128,21.301128,2.000000,20.008461,20.008461,0.000000,48.300000,2.000000,0.800800,-0.002909,-0.001679,-0.018305,0.238546,-1.558397,0.001902,0.008438,54.300000,0.000000,0.431954,-0.001403,-0.000031,-0.000738,-0.001336,0.004209,
0.040000,21.235071,21.235071,2.000000,19.979973,19.979973,0.000000,48.400000,2.000000,0.732000,-0.002876,-0.001936,-0.018078,0.158477,-1.557235,0.002997,0.019251,54.400000,0.000000,0.439116,-0.001109,-0.000162,0.001947,-0.000294,0.007083,
0.040000,21.170085,21.170085,3.000000,19.935362,19.935362,0.000000,48.500000,3.000000,0.683600,-0.002070,-0.001295,-0.010076,0.008016,-1.553300,-0.000240,0.019018,54.500000,0.000000,0.446228,-0.001238,0.000010,-0.000824,0.000076,0.009892,
0.040000,21.109896,21.109896,4.000000,19.966305,19.966305,0.000000,48.600000,4.000000,0.768400,-0.002070,-0.001295,-0.010076,0.008016,-1.553300,-0.000240,0.021617,54.600000,0.000000,0.453131,-0.001007,-0.000195,0.001404,0.000668,0.011530,
0.040000,21.066296,21.066296,5.000000,20.237894,20.237894,0.000000,48.700000,5.000000,0.702800,-0.001573,-0.001328,-0.001466,-0.041918,-1.540828,-0.000507,0.022305,54.700000,0.000000,0.458156,-0.000037,-0.000705,0.002841,0.004558,0.020980,
0.040000,21.044326,21.044326,4.000000,20.626896,20.626896,0.000000,48.800000,4.000000,0.671200,-0.001342,-0.002012,-0.000936,-0.076026,-1.521859,0.002278,0.020583,54.800000,0.000000,0.458994,0.001486,-0.000762,0.001020,0.004711,0.085094,
0.040000,21.044940,21.044940,6.000000,21.056599,21.056599,0.000000,48.900000,6.000000,0.696400,-0.001179,-0.001565,-0.000426,-0.096238,-1.503002,0.001044,0.019372,54.900000,0.000000,0.456673,0.001359,-0.000209,-0.003670,0.003036,0.149741,
0.040000,21.065188,21.065188,6.000000,21.449913,21.449913,0.000000,49.100000,6.000000,0.669200,-0.001396,-0.001682,-0.000419,-0.092975,-1.484333,0.001503,0.011014,55.100000,0.000000,0.451660,0.001239,-0.000454,0.001508,0.001958,0.173740,
0.040000,21.121025,21.121025,7.000000,22.181927,22.181927,0.000000,49.200000,7.000000,0.656000,-0.001122,-0.001703,0.002572,-0.101368,-1.448184,0.000251,0.020653,55.200000,0.000000,0.442123,0.001259,-0.000354,0.000003,-0.000784,0.181741,
0.040000,21.195444,21.195444,6.000000,22.609406,22.609406,0.000000,49.300000,6.000000,0.675600,-0.001150,-0.002048,0.002113,-0.101435,-1.428299,0.003124,0.021084,55.300000,0.000000,0.410798,0.002046,-0.000821,0.000118,0.000971,0.180797,
0.040000,21.289461,21.289461,11.000000,23.075777,23.075777,0.000000,49.400000,11.000000,0.632800,-0.000708,-0.002850,0.002715,-0.104125,-1.406765,0.005099,0.009473,55.400000,0.000000,0.402735,0.001914,-0.000240,-0.001732,0.000071,0.190780,
0.040000,21.402753,21.402753,15.000000,23.555300,23.555300,0.000000,49.500000,15.000000,0.601600,-0.001403,-0.001948,0.003498,-0.110287,-1.356319,0.002246,0.010987,55.500000,0.000000,0.395366,0.001917,0.000152,-0.005435,0.002400,0.205730,
0.040000,21.536562,21.536562,4.000000,24.078941,24.078941,0.000000,49.600000,4.000000,0.769600,-0.001403,-0.001948,0.003498,-0.110287,-1.356319,0.002246,0.015147,55.600000,0.000000,0.388231,0.002211,-0.001114,0.010192,-0.004976,0.231679,
0.040000,21.688115,21.688115,5.000000,24.567610,24.567610,0.000000,49.700000,5.000000,0.771200,-0.001442,-0.001738,0.002520,-0.113286,-1.330902,0.001626,0.020103,55.700000,0.000000,0.381180,0.001779,-0.000391,-0.002414,-0.000800,0.247091,
0.040000,21.857369,21.857369,6.000000,25.073204,25.073204,0.000000,49.800000,6.000000,0.782800,-0.001416,-0.001531,0.004210,-0.114984,-1.304361,0.000259,0.010307,55.800000,0.000000,0.374222,0.001431,-0.000506,0.000596,-0.000836,0.251468,
0.040000,22.040482,22.040482,6.000000,25.519629,25.519629,0.000000,49.900000,6.000000,0.773600,-0.001430,-0.001473,0.005763,-0.118934,-1.277059,0.001150,0.009907,55.900000,0.000000,0.367266,0.001647,-0.000765,0.001744,-0.000427,0.260084,
0.040000,22.239180,22.239180,9.000000,26.014435,26.014435,0.000000,50.100000,9.000000,0.767200,-0.001346,-0.001520,0.006574,-0.120748,-1.249055,0.000649,0.011060,56.100000,0.000000,0.360873,0.001704,-0.000576,0.001263,-0.000504,0.268075,
0.040000,22.476560,22.476560,5.000000,26.986795,26.986795,0.000000,50.200000,5.000000,0.746800,-0.001457,-0.001658,0.006900,-0.123461,-1.163571,0.001615,0.013608,56.200000,0.000000,0.354161,0.001720,-0.000664,0.000436,0.000064,0.275471,
0.040000,22.722036,22.722036,4.000000,27.386070,27.386070,0.000000,50.300000,4.000000,0.854000,-0.001457,-0.001658,0.006900,-0.123461,-1.163571,0.001615,0.011460,56.300000,0.000000,0.326235,0.002174,-0.000466,0.000348,-0.000562,0.284069,
0.040000,22.976080,22.976080,3.000000,27.802912,27.802912,0.000000,50.400000,3.000000,0.838000,-0.001349,-0.001760,0.006954,-0.122827,-1.135250,0.002162,0.021150,56.400000,0.000000,0.320414,0.001696,-0.000341,-0.000336,-0.000935,0.285010,
0.040000,23.235953,23.235953,3.000000,28.173548,28.173548,0.000000,50.500000,3.000000,0.850000,-0.001387,-0.001876,0.005577,-0.123289,-1.107046,0.002211,0.009257,56.500000,0.000000,0.314018,0.001721,-0.000227,-0.000511,-0.000004,0.283914,
0.040000,23.502148,23.502148,4.000000,28.559858,28.559858,0.000000,50.600000,4.000000,0.827600,-0.001350,-0.001664,0.005779,-0.122387,-1.078974,0.001361,0.007814,56.600000,0.000000,0.307823,0.001404,-0.000213,-0.000675,-0.000551,0.282763,
0.040000,23.772344,23.772344,3.000000,28.906061,28.906061,0.000000,50.700000,3.000000,0.830400,-0.001216,-0.001737,0.005012,-0.121277,-1.051125,0.002108,0.009007,56.700000,0.000000,0.301638,0.001492,-0.000376,0.001292,-0.000287,0.281500,
0.040000,24.044645,24.044645,3.000000,29.218363,29.218363,0.000000,50.800000,3.000000,0.830400,-0.001300,-0.001648,0.004901,-0.119277,-1.023282,0.001258,0.008861,56.800000,0.000000,0.295450,0.001432,-0.000221,0.000262,0.000421,0.279641,
0.040000,24.319076,24.319076,3.000000,29.533274,29.533274,0.000000,50.900000,3.000000,0.812400,-0.001186,-0.001726,0.003000,-0.117653,-0.968272,0.001616,0.009993,56.900000,0.000000,0.289294,0.001580,-0.000383,0.000867,-0.000648,0.278888,
0.040000,24.591045,24.591045,3.000000,29.758440,29.758440,0.000000,51.000000,3.000000,0.859200,-0.001186,-0.001726,0.003000,-0.117653,-0.968272,0.001616,0.009786,57.000000,0.000000,0.283811,0.001295,-0.000366,0.000400,-0.000315,0.275973,
0.040000,24.862097,24.862097,2.000000,30.012083,30.012083,0.000000,51.100000,2.000000,0.850800,-0.001110,-0.001751,0.002826,-0.116049,-0.940885,0.001445,0.020911,57.100000,0.000000,0.277565,0.001389,-0.000298,0.000027,0.000079,0.275950,
0.040000,25.133197,25.133197,2.000000,30.284100,30.284100,0.000000,51.200000,2.000000,0.844400,-0.001006,-0.001869,0.002397,-0.116538,-0.913529,0.002320,0.007709,57.200000,0.000000,0.271827,0.001513,-0.000325,0.000048,0.000208,0.274659,
0.040000,25.404816,25.404816,3.000000,30.565586,30.565586,0.000000,51.300000,3.000000,0.840400,-0.001029,-0.001699,0.002879,-0.116229,-0.886206,0.001815,0.008165,57.300000,0.000000,0.266509,0.001358,-0.000147,-0.000532,0.000417,0.273980,
0.040000,25.670869,25.670869,2.000000,30.725864,30.725864,0.000000,51.400000,2.000000,0.836400,-0.001098,-0.001799,0.000799,-0.115070,-0.859138,0.001807,0.010468,57.400000,0.000000,0.261275,0.001444,-0.000243,0.001020,-0.000288,0.273518,
0.040000,25.931588,25.931588,5.000000,30.885254,30.885254,0.000000,51.600000,5.000000,0.754400,-0.000785,-0.001345,-0.002822,-0.109205,-0.778052,0.000051,0.019877,57.600000,0.000000,0.255698,0.001242,-0.000239,-0.000048,-0.000824,0.271763,
0.040000,26.193405,26.193405,2.000000,31.167934,31.167934,0.000000,51.700000,2.000000,0.871200,-0.000785,-0.001345,-0.002822,-0.109205,-0.778052,0.000051,0.022121,57.700000,0.000000,0.250363,0.001349,-0.000200,0.000980,0.001005,0.271417,
0.040000,26.446099,26.446099,2.000000,31.247278,31.247278,0.000000,51.800000,2.000000,0.845200,-0.000720,-0.001487,-0.002558,-0.108501,-0.750873,0.001099,0.020709,57.800000,0.000000,0.228656,0.001466,-0.000939,0.001769,-0.000086,0.269914,
0.040000,26.690492,26.690492,2.000000,31.333954,31.333954,0.000000,51.900000,2.000000,0.840000,-0.000733,-0.001506,-0.003822,-0.106248,-0.723811,0.001325,0.007855,57.900000,0.000000,0.224110,0.001572,-0.000715,0.000119,0.000110,0.270952,
0.040000,26.923328,26.923328,3.000000,31.347216,31.347216,0.000000,52.200000,3.000000,0.795600,-0.000614,-0.001607,-0.005083,-0.105320,-0.696875,0.001829,0.008426,58.200000,0.000000,0.219227,0.001695,-0.000656,0.000050,-0.000286,0.270746,
0.040000,27.148070,27.148070,2.000000,31.418167,31.418167,0.000000,52.300000,2.000000,0.784800,-0.000546,-0.001592,-0.011231,-0.105576,-0.589311,0.000785,0.019784,58.300000,0.000000,0.214617,0.001634,-0.000544,-0.000490,0.000367,0.269893,
0.040000,27.359574,27.359574,2.000000,31.378162,31.378162,0.000000,52.400000,2.000000,0.842000,-0.000546,-0.001592,-0.011231,-0.105576,-0.589311,0.000785,0.010610,58.400000,0.000000,0.175602,-0.000113,-0.000694,-0.000127,-0.000064,0.268882,
0.040000,27.561063,27.561063,2.000000,31.389345,31.389345,0.000000,52.500000,2.000000,0.814000,-0.000460,-0.001747,-0.012419,-0.105046,-0.562312,0.001844,0.019592,58.500000,0.000000,0.171957,-0.000398,-0.000801,0.000523,-0.000495,0.268961,
0.040000,27.748282,27.748282,2.000000,31.305443,31.305443,0.000000,52.600000,2.000000,0.809200,-0.000537,-0.001474,-0.013120,-0.105123,-0.535636,0.000727,0.019226,58.600000,0.000000,0.168398,-0.000433,-0.000581,-0.000647,0.000050,0.269582,
0.040000,27.921773,27.921773,2.000000,31.218102,31.218102,0.000000,52.700000,2.000000,0.806800,-0.000166,-0.001537,-0.014791,-0.104735,-0.508873,0.001947,0.008321,58.700000,0.000000,0.165044,-0.000509,-0.000785,0.001517,-0.000719,0.267841,
0.040000,28.080500,28.080500,3.000000,31.096315,31.096315,0.000000,52.900000,3.000000,0.771200,-0.000309,-0.001622,-0.016048,-0.106253,-0.481853,0.001250,0.009032,58.900000,0.000000,0.161543,-0.000600,-0.000535,0.000246,0.001767,0.267718,
0.040000,28.214676,28.214676,2.000000,30.764017,30.764017,0.000000,53.000000,2.000000,0.702000,-0.000347,-0.001168,-0.012937,-0.105898,-0.401524,0.000131,0.008811,59.000000,0.000000,0.158352,-0.000962,-0.000660,-0.000393,-0.000472,0.269250,
0.040000,28.332363,28.332363,2.000000,30.568424,30.568424,0.000000,53.100000,2.000000,0.822400,-0.000347,-0.001168,-0.012937,-0.105898,-0.401524,0.000131,0.022039,59.100000,0.000000,0.145238,-0.000728,-0.000575,0.001000,0.000105,0.269131,
0.040000,28.432604,28.432604,2.000000,30.337183,30.337183,0.000000,53.200000,2.000000,0.806000,-0.000162,-0.001206,-0.016105,-0.104268,-0.374365,0.001026,0.020565,59.200000,0.000000,0.143388,-0.000505,-0.000797,0.001886,-0.000953,0.266864,
0.040000,28.519475,28.519475,2.000000,30.170017,30.170017,0.000000,53.300000,2.000000,0.832000,-0.000280,-0.001159,-0.017767,-0.105535,-0.347449,0.000286,0.008588,59.300000,0.000000,0.139927,-0.000445,-0.000608,0.000548,0.000554,0.269740,
0.040000,28.591314,28.591314,2.000000,29.956255,29.956255,0.000000,53.400000,2.000000,0.732000,-0.000009,-0.001357,-0.019752,-0.106163,-0.320410,0.001140,0.008278,59.400000,0.000000,0.137008,-0.000782,-0.000740,0.000540,-0.000713,0.269382,
0.040000,28.647345,28.647345,3.000000,29.711929,29.711929,0.000000,53.500000,3.000000,0.726000,-0.000240,-0.001143,-0.013830,-0.106370,-0.293782,-0.000049,0.020472,59.500000,0.000000,0.134033,-0.001013,-0.000560,-0.000998,0.001194,0.270011,
0.040000,28.686701,28.686701,6.000000,29.434462,29.434462,0.000000,53.700000,6.000000,0.687200,-0.000044,-0.000922,-0.019863,-0.103439,-0.219527,0.000347,0.008839,59.700000,0.000000,0.132537,-0.000669,-0.000780,0.000964,-0.001180,0.267700,
0.040000,28.695497,28.695497,4.000000,28.862637,28.862637,0.000000,53.800000,4.000000,0.748800,-0.000044,-0.000922,-0.019863,-0.103439,-0.219527,0.000347,0.038331,59.800000,0.000000,0.130080,-0.000984,-0.000623,0.000362,0.000431,0.268182,
0.040000,28.688268,28.688268,7.000000,28.550919,28.550919,0.000000,54.100000,7.000000,0.690800,-0.000138,-0.000908,-0.018169,-0.099898,-0.199424,-0.000098,0.023613,60.100000,0.000000,0.034960,0.001841,-0.000331,0.000706,-0.000135,0.170710,
0.040000,28.644883,28.644883,4.000000,27.820562,27.820562,0.000000,54.200000,4.000000,0.686400,-0.000011,-0.000809,-0.057417,-0.081093,-0.153560,-0.000222,0.017330,60.200000,0.000000,0.115123,0.000970,-0.000775,0.000579,-0.000667,0.217839,
0.040000,28.592343,28.592343,4.000000,27.594080,27.594080,0.000000,54.300000,4.000000,0.681200,0.000043,-0.000805,-0.051302,-0.086597,-0.139912,0.000026,0.010425,60.300000,0.000000,0.071261,0.006896,-0.000704,0.000345,0.000281,0.153627,
0.040000,28.535668,28.535668,5.000000,27.458851,27.458851,0.000000,54.400000,5.000000,0.668000,-0.000095,-0.000877,-0.050877,-0.084242,-0.128382,-0.000440,0.010273,60.400000,0.000000,0.071215,0.005905,-0.000644,0.000186,0.000362,0.144605,
0.040000,28.471292,28.471292,6.000000,27.248148,27.248148,0.000000,54.500000,6.000000,0.660000,0.000021,-0.000901,-0.048725,-0.087740,-0.116794,0.000155,0.009031,60.500000,0.000000,0.069872,0.006249,-0.000720,-0.000360,-0.000754,0.126902,
0.040000,28.405575,28.405575,2.000000,27.156940,27.156940,0.000000,54.600000,2.000000,0.694000,-0.000055,-0.000701,-0.045127,-0.083238,-0.106988,-0.000169,0.011006,60.600000,0.000000,0.069029,0.005518,-0.000593,-0.000286,0.000361,0.120114,
0.040000,28.335943,28.335943,4.000000,27.012947,27.012947,0.000000,54.700000,4.000000,0.690000,-0.000029,-0.000831,-0.045205,-0.085190,-0.096586,-0.000436,0.009109,60.700000,0.000000,0.068290,0.006350,-0.000643,0.001129,-0.000380,0.106488,
0.040000,28.264504,28.264504,6.000000,26.907156,26.907156,0.000000,54.800000,6.000000,0.686000,-0.000084,-0.000820,-0.045193,-0.091227,-0.089663,-0.000532,0.010482,60.800000,0.000000,0.067005,0.005854,-0.000682,-0.000367,-0.000029,0.104962,
0.040000,28.189827,28.189827,5.000000,26.770971,26.770971,0.000000,54.900000,5.000000,0.849200,0.000061,-0.000714,-0.041201,-0.085487,-0.083662,0.000111,0.011193,60.900000,0.000000,0.065832,0.004587,-0.000688,-0.000074,-0.000391,0.082879,
0.040000,28.111389,28.111389,3.000000,26.621067,26.621067,0.000000,55.000000,3.000000,0.842000,-0.000224,-0.000440,0.004265,-0.062698,-0.087122,-0.000883,0.025097,61.000000,0.000000,0.065232,0.005667,-0.000551,0.000626,0.000719,0.068745,
0.040000,28.034111,28.034111,2.000000,26.565819,26.565819,0.000000,55.100000,2.000000,0.864400,-0.000189,-0.000305,0.003422,-0.062591,-0.080954,-0.000492,0.010277,61.100000,0.000000,0.072333,0.010663,-0.000727,0.001935,-0.001473,0.004877,
0.040000,27.956109,27.956109,1.000000,26.474083,26.474083,0.000000,55.200000,1.000000,0.868400,-0.000267,-0.000364,0.007265,-0.061705,-0.075301,-0.001005,0.009701,61.200000,0.000000,0.070775,0.010464,-0.000638,0.001577,-0.000358,0.039978,
0.040000,27.878117,27.878117,2.000000,26.396254,26.396254,0.000000,55.300000,2.000000,0.853200,-0.000214,-0.000296,0.007544,-0.063228,-0.069909,-0.000799,0.007805,61.300000,0.000000,0.070135,0.010492,-0.000725,0.000250,-0.000634,0.050208,
0.040000,27.799798,27.799798,2.000000,26.311737,26.311737,0.000000,55.400000,2.000000,0.856400,-0.000142,-0.000320,0.007326,-0.061171,-0.065494,-0.000553,0.007943,61.400000,0.000000,0.068856,0.010000,-0.000671,0.000524,0.000075,0.052501,
0.040000,27.721837,27.721837,1.000000,26.240580,26.240580,0.000000,55.500000,1.000000,0.855600,-0.000147,-0.000307,0.006107,-0.061911,-0.061351,-0.000534,0.008149,61.500000,0.000000,0.067455,0.010200,-0.000610,0.000054,0.000467,0.047341,
0.040000,27.643795,27.643795,1.000000,26.161007,26.161007,0.000000,55.600000,1.000000,0.842000,-0.000163,-0.000391,0.009581,-0.062506,-0.056995,-0.000735,0.007249,61.600000,0.000000,0.065923,0.009845,-0.000595,0.000108,0.000139,0.043689,
0.040000,27.566638,27.566638,2.000000,26.100645,26.100645,0.000000,55.700000,2.000000,0.851200,-0.000219,-0.000318,0.008928,-0.061125,-0.053280,-0.000807,0.008189,61.700000,0.000000,0.065325,0.009580,-0.000622,-0.000476,-0.000057,0.043609,
0.040000,27.490385,27.490385,2.000000,26.041590,26.041590,0.000000,55.800000,2.000000,0.857600,-0.000056,-0.000234,0.009167,-0.060720,-0.049088,-0.000321,0.007908,61.800000,