"ADAPTIVE_THRESHOLD_SIGMA","ESTIMATED_OBSERVATION_RADIUS","ESTIMATED_SENSOR_MAX_RANGE","ICP_ITERATION","INSTANTANEOUS_OBSERVATION_RADIUS","INSTANTANEOUS_SENSOR_MAX_RANGE","SENSOR_TIME_OFFSET","current_relative_timestamp","icp_iterations","icp_quality","robot_pitch","robot_roll","robot_x","robot_y","robot_yaw","robot_z","time_onLidar","timestamp","twistCorrectionCount","vx","vy","vz","wx","wy","wz",
0.200000,25.151031,25.151031,0.000000,20.000000,20.000000,0.000000,0.000000,0.000000,0.000000,0.000000,0.000000,0.000000,0.000000,0.000000,0.000000,0.000000,3.900000,0.000000,0.000000,0.000000,0.000000,0.000000,0.000000,0.000000,
0.200000,25.150136,25.150136,1.000000,25.133116,25.133116,0.000000,0.100000,1.000000,0.990400,0.000183,0.000053,0.000388,0.000187,-0.000033,0.000121,0.013396,4.000000,0.000000,0.000000,0.000000,0.000000,0.000000,0.000000,0.000000,
0.197500,25.149311,25.149311,0.000000,25.133640,25.133640,0.000000,0.199999,0.000000,0.996000,0.000183,0.000053,0.000388,0.000187,-0.000033,0.000121,0.011782,4.100000,0.000000,0.000000,0.000000,0.000000,0.000000,0.000000,0.000000,
0.195000,25.147790,25.147790,1.000000,25.118889,25.118889,0.000000,0.300000,1.000000,0.998000,0.000062,0.000016,0.000379,0.000373,-0.000040,0.000234,0.014477,4.200000,0.000000,0.000000,0.000000,0.000000,0.000000,0.000000,0.000000,
0.192500,25.147051,25.147051,0.000000,25.133003,25.133003,0.000000,0.500000,0.000000,0.995200,0.000170,0.000024,0.000914,0.000155,-0.000040,0.000383,0.011964,4.400000,0.000000,0.000000,0.000000,0.000000,0.000000,0.000000,0.000000,
0.190000,25.146781,25.146781,1.000000,25.141661,25.141661,0.000000,0.600000,1.000000,0.993600,-0.000055,-0.000028,0.000940,0.000285,-0.000044,-0.000126,0.008559,4.500000,0.000000,0.000000,0.000000,0.000000,0.000000,0.000000,0.000000,
0.187500,25.146711,25.146711,1.000000,25.145376,25.145376,0.000000,0.700000,1.000000,0.990800,0.000079,0.000022,0.001051,0.000242,-0.000035,0.000439,0.007270,4.600000,0.000000,0.000000,0.000000,0.000000,0.000000,0.000000,0.000000,
0.185000,25.145587,25.145587,0.000000,25.124243,25.124243,0.000000,0.800000,0.000000,0.989600,0.000133,0.000017,0.001229,0.000426,-0.000041,0.000347,0.007942,4.700000,0.000000,0.000000,0.000000,0.000000,0.000000,0.000000,0.000000,
0.182500,25.145278,25.145278,0.000000,25.139408,25.139408,0.000000,0.900000,0.000000,0.988400,0.000057,-0.000013,0.000944,0.000016,-0.000029,-0.000230,0.007110,4.800000,0.000000,0.001756,0.000609,0.000496,0.000025,0.000190,-0.000059,
0.180000,25.143559,25.143559,1.000000,25.110886,25.110886,0.000000,1.000000,1.000000,0.996000,0.000069,0.000039,0.001313,0.000221,-0.000030,0.000050,0.007778,4.900000,0.000000,0.001662,0.000513,0.000368,-0.000143,-0.000291,0.000030,
0.177500,25.143036,25.143036,1.000000,25.133095,25.133095,0.000000,1.100000,1.000000,0.987200,0.000196,-0.000041,0.001413,-0.000178,-0.000011,0.000648,0.010790,5.000000,0.000000,0.001703,0.000544,0.000418,0.000258,-0.000044,0.000010,
0.175000,25.142838,25.142838,1.000000,25.139076,25.139076,0.000000,1.200000,1.000000,0.995200,0.000219,0.000018,0.001639,-0.000052,-0.000010,0.000386,0.009905,5.100000,0.000000,0.001689,0.000452,0.000531,-0.000393,0.000764,0.000122,
0.172500,25.142341,25.142341,1.000000,25.132908,25.132908,0.000000,1.300000,1.000000,0.988800,0.000148,0.000027,0.001388,0.000126,-0.000038,0.000245,0.010403,5.200000,0.000000,0.001700,0.000468,0.000467,0.000213,0.000432,0.000052,
0.170000,25.142586,25.142586,1.000000,25.147242,25.147242,0.000000,1.400000,1.000000,0.985200,0.000199,0.000023,0.001902,0.000218,-0.000027,0.000709,0.011904,5.300000,0.000000,0.001615,0.000495,0.000429,0.000134,-0.000271,-0.000155,
0.167500,25.142833,25.142833,0.000000,25.147522,25.147522,0.000000,1.500000,0.000000,0.978800,0.000198,0.000014,0.001960,0.000035,-0.000001,0.000661,0.009680,5.400000,0.000000,0.001686,0.000503,0.000514,0.000027,0.000212,0.000008,
0.165000,25.142627,25.142627,1.000000,25.138714,25.138714,0.000000,1.600000,1.000000,0.990000,0.000007,0.000064,0.001937,0.000209,-0.000026,-0.000139,0.007515,5.500000,0.000000,0.001664,0.000456,0.000494,-0.000045,0.000075,0.000165,
0.162500,25.142068,25.142068,1.000000,25.131447,25.131447,0.000000,1.700000,1.000000,0.980000,0.000194,-0.000012,0.001865,0.000118,-0.000029,0.000687,0.010207,5.600000,0.000000,0.001626,0.000482,0.000322,0.000291,-0.001150,-0.000090,
0.160000,25.141555,25.141555,0.000000,25.131817,25.131817,0.000000,1.800000,0.000000,0.993200,0.000152,-0.000003,0.001941,0.000093,-0.000042,0.000628,0.007916,5.700000,0.000000,0.001578,0.000454,0.000483,-0.000355,0.000716,-0.000052,
0.157500,25.141096,25.141096,1.000000,25.132364,25.132364,0.000000,1.900000,1.000000,0.980000,0.000021,0.000024,0.002266,0.000184,-0.000027,-0.000116,0.007425,5.800000,0.000000,0.001562,0.000440,0.000461,-0.000083,0.000014,-0.000105,
0.155000,25.140653,25.140653,1.000000,25.132229,25.132229,0.000000,2.000000,1.000000,0.972800,0.000150,0.000058,0.002165,-0.000115,0.000014,0.000271,0.007331,5.900000,0.000000,0.001596,0.000449,0.000302,0.000138,-0.000806,0.000053,
0.152500,25.140546,25.140546,0.000000,25.138527,25.138527,0.000000,2.200000,0.000000,0.962400,0.000139,0.000074,0.002390,0.000097,-0.000016,0.000283,0.007993,6.100000,0.000000,0.001543,0.000380,0.000374,0.000261,0.000490,0.000277,
0.150000,25.140033,25.140033,0.000000,25.130272,25.130272,0.000000,2.300000,0.000000,0.970800,0.000023,0.000022,0.002668,0.000190,-0.000019,0.000050,0.007372,6.200000,0.000000,0.001558,0.000415,0.000368,0.000197,0.000117,-0.000083,
0.147500,25.140384,25.140384,1.000000,25.147062,25.147062,0.000000,2.400000,1.000000,0.957200,0.000083,0.000050,0.002874,0.000365,-0.000028,-0.000133,0.006690,6.300000,0.000000,0.001544,0.000419,0.000246,-0.000233,-0.000543,-0.000018,
0.145000,25.139978,25.139978,1.000000,25.132267,25.132267,0.000000,2.500000,1.000000,0.979200,0.000131,0.000017,0.002985,0.000274,-0.000041,0.000427,0.006984,6.400000,0.000000,0.001554,0.000446,0.000204,0.000046,0.000087,-0.000055,
0.142500,25.139557,25.139557,1.000000,25.131557,25.131557,0.000000,2.600000,1.000000,0.985600,0.000184,0.000052,0.002888,0.000381,-0.000065,0.000515,0.007122,6.500000,0.000000,0.001546,0.000418,0.000312,-0.000181,0.000331,-0.000105,
0.140000,25.139624,25.139624,0.000000,25.140898,25.140898,0.000000,2.700000,0.000000,0.945200,0.000264,-0.000026,0.002922,0.000237,-0.000068,0.000816,0.007036,6.600000,0.000000,0.001495,0.000431,0.000324,0.000146,0.000449,-0.000188,
0.137500,25.139563,25.139563,0.000000,25.138411,25.138411,0.000000,2.800000,0.000000,0.957200,0.000073,0.000040,0.003057,0.000289,-0.000064,0.000010,0.008276,6.700000,0.000000,0.001472,0.000394,0.000377,-0.000428,0.000670,-0.000088,
0.135000,25.138749,25.138749,1.000000,25.123266,25.123266,0.000000,2.900000,1.000000,0.953200,0.000001,0.000048,0.003369,0.000338,-0.000048,-0.000307,0.006492,6.800000,0.000000,0.001470,0.000397,0.000209,0.000244,-0.000928,-0.000008,
0.132500,25.138706,25.138706,0.000000,25.137897,25.137897,0.000000,3.000000,0.000000,0.937200,0.000156,-0.000038,0.003043,0.000087,-0.000045,0.000774,0.007171,6.900000,0.000000,0.001503,0.000399,0.000141,0.000148,-0.000801,0.000094,
0.130000,25.137927,25.137927,0.000000,25.123135,25.123135,0.000000,3.100000,0.000000,0.966400,0.000039,-0.000054,0.003405,0.000057,-0.000042,0.000187,0.007000,7.000000,0.000000,0.001407,0.000340,0.000354,-0.000475,0.000654,0.000059,
0.127500,25.137632,25.137632,0.000000,25.132025,25.132025,0.000000,3.200000,0.000000,0.958000,0.000053,0.000032,0.003669,0.000282,-0.000071,0.000027,0.006653,7.100000,0.000000,0.001452,0.000328,0.000230,-0.000280,-0.000472,0.000041,
0.125000,25.137282,25.137282,0.000000,25.130617,25.130617,0.000000,3.300000,0.000000,0.934000,-0.000064,0.000008,0.004045,0.000046,-0.000060,-0.000325,0.006990,7.200000,0.000000,0.001475,0.000366,0.000194,0.000419,-0.000094,-0.000168,
0.122500,25.136957,25.136957,1.000000,25.130793,25.130793,0.000000,3.400000,1.000000,0.942800,0.000049,0.000045,0.004208,0.000124,-0.000025,-0.000013,0.006814,7.300000,0.000000,0.001521,0.000312,0.000119,0.000017,-0.000757,0.000008,
0.120000,25.136997,25.136997,1.000000,25.137762,25.137762,0.000000,3.500000,1.000000,0.961200,0.000162,0.000014,0.003879,0.000182,-0.000044,0.000459,0.007311,7.400000,0.000000,0.001523,0.000321,0.000179,0.000233,0.000406,0.000214,
0.117500,25.136682,25.136682,0.000000,25.130690,25.130690,0.000000,3.600000,0.000000,0.948000,0.000153,0.000030,0.003805,0.000076,-0.000036,0.000388,0.007207,7.500000,0.000000,0.001427,0.000326,0.000270,-0.000105,0.000852,-0.000031,
0.115000,25.135925,25.135925,1.000000,25.121550,25.121550,0.000000,3.700000,1.000000,0.948800,0.000095,-0.000019,0.004242,0.000058,-0.000050,0.000073,0.006521,7.600000,0.000000,0.001384,0.000299,0.000250,0.000063,0.000270,0.000039,
0.112500,25.136021,25.136021,1.000000,25.137829,25.137829,0.000000,3.800000,1.000000,0.939200,0.000174,0.000002,0.004389,0.000085,-0.000044,0.000590,0.006914,7.700000,0.000000,0.001443,0.000289,0.000182,-0.000280,-0.000252,-0.000076,
0.110000,25.135516,25.135516,1.000000,25.125931,25.125931,0.000000,3.900000,1.000000,0.954400,0.000233,0.000041,0.004194,0.000274,-0.000055,0.000634,0.006943,7.800000,0.000000,0.001444,0.000289,0.000282,0.000022,0.000388,0.000012,
0.107500,25.135128,25.135128,1.000000,25.127750,25.127750,0.000000,4.000000,1.000000,0.933200,0.000122,0.000017,0.004290,0.000287,-0.000053,0.000215,0.007796,7.900000,0.000000,0.001376,0.000320,0.000285,0.000249,0.000517,-0.000064,
0.105000,25.134352,25.134352,1.000000,25.119612,25.119612,0.000000,4.100000,1.000000,0.908400,0.000134,-0.000023,0.004613,0.000062,-0.000047,0.000441,0.007809,8.000000,0.000000,0.001368,0.000317,0.000196,-0.000055,-0.000493,-0.000014,
0.102500,25.133748,25.133748,0.000000,25.122278,25.122278,0.000000,4.200000,0.000000,0.928000,0.000188,0.000038,0.004572,0.000049,-0.000023,0.000500,0.007026,8.100000,0.000000,0.001405,0.000266,0.000237,-0.000265,-0.000112,0.000031,
0.100000,25.133373,25.133373,0.000000,25.126242,25.126242,0.000000,4.299999,0.000000,0.932000,0.000055,0.000022,0.004787,0.000249,-0.000051,-0.000195,0.007380,8.200000,0.000000,0.001369,0.000258,0.000244,0.000273,0.000289,0.000160,
0.097500,25.132671,25.132671,0.000000,25.119335,25.119335,0.000000,4.400000,0.000000,0.903600,0.000011,-0.000016,0.005017,0.000037,-0.000036,-0.000190,0.007057,8.300000,0.000000,0.001385,0.000292,0.000101,0.000004,-0.000707,-0.000111,
0.095000,25.132900,25.132900,0.000000,25.137251,25.137251,0.000000,4.500000,0.000000,0.909200,0.000069,-0.000006,0.005117,0.000019,-0.000023,0.000054,0.006893,8.400000,0.000000,0.001403,0.000244,0.000100,-0.000231,-0.000545,0.000047,
0.092500,25.132210,25.132210,1.000000,25.119102,25.119102,0.000000,4.700000,1.000000,0.908000,0.000020,-0.000003,0.005353,-0.000312,-0.000004,-0.000382,0.009273,8.600000,0.000000,0.001395,0.000236,0.000147,-0.000024,0.000151,0.000102,
0.090000,25.132075,25.132075,1.000000,25.129503,25.129503,0.000000,4.800000,1.000000,0.886800,0.000121,0.000034,0.005273,0.000299,-0.000052,0.000430,0.009775,8.700000,0.000000,0.001414,0.000165,0.000057,0.000005,-0.000247,0.000155,
0.087500,25.131561,25.131561,1.000000,25.121803,25.121803,0.000000,4.900000,1.000000,0.880400,0.000167,0.000023,0.005077,0.000150,-0.000040,0.000491,0.007985,8.800000,0.000000,0.001270,0.000394,0.000373,0.000178,0.000465,-0.000219,
0.085000,25.131815,25.131815,1.000000,25.136631,25.136631,0.000000,5.100000,1.000000,0.910000,0.000104,0.000039,0.005424,0.000258,-0.000047,0.000052,0.007600,9.000000,0.000000,0.001207,0.000357,0.000378,0.000017,0.000466,-0.000029,
0.082500,25.131646,25.131646,1.000000,25.128443,25.128443,0.000000,5.200000,1.000000,0.907200,0.000186,0.000031,0.005812,-0.000188,-0.000018,0.000682,0.007926,9.100000,0.000000,0.001251,0.000371,0.000284,0.000105,-0.000200,-0.000056,
0.080000,25.131148,25.131148,0.000000,25.121685,25.121685,0.000000,5.300000,0.000000,0.866400,0.000185,0.000007,0.005770,0.000124,-0.000046,0.000520,0.009564,9.200000,0.000000,0.001306,0.000166,0.000510,-0.000032,0.000375,0.000132,
0.077500,25.131353,25.131353,0.000000,25.135256,25.135256,0.000000,5.400000,0.000000,0.854800,0.000073,-0.000008,0.005872,0.000013,-0.000042,-0.000273,0.008435,9.300000,0.000000,0.001272,0.000224,0.000468,-0.000149,0.000165,-0.000094,
0.075000,25.130853,25.130853,1.000000,25.121340,25.121340,0.000000,5.500000,1.000000,0.837600,0.000026,-0.000012,0.005988,0.000173,-0.000047,-0.000217,0.006520,9.400000,0.000000,0.001267,0.000198,0.000302,-0.000146,-0.000619,-0.000011,
0.072500,25.131447,25.131447,1.000000,25.142731,25.142731,0.000000,5.600000,1.000000,0.832000,0.000123,0.000023,0.007285,0.000552,-0.000120,0.000177,0.007403,9.500000,0.000000,0.001265,0.000226,0.000307,-0.000085,-0.000523,-0.000036,
0.070000,25.131430,25.131430,2.000000,25.131105,25.131105,0.000000,5.700000,2.000000,0.802400,-0.000120,-0.000006,0.019077,0.002971,-0.000583,-0.000656,0.007287,9.600000,0.000000,0.001495,0.000296,0.000379,0.000188,0.000400,-0.000467,
0.067500,25.131097,25.131097,3.000000,25.124775,25.124775,0.000000,5.800000,3.000000,0.764400,-0.000128,0.000023,0.049973,0.006777,-0.001313,-0.000647,0.008535,9.700000,0.000000,0.003791,0.000767,0.000207,-0.000113,-0.001350,-0.003038,
0.065000,25.129265,25.129265,3.000000,25.094452,25.094452,0.000000,5.900000,3.000000,0.686400,-0.000084,-0.000079,0.099984,0.010481,-0.002222,-0.000517,0.008567,9.800000,0.000000,0.009810,0.001506,0.000204,0.000141,-0.000569,-0.005671,
0.062500,25.125707,25.125707,2.000000,25.058119,25.058119,0.000000,6.000000,2.000000,0.641600,-0.001642,0.000005,0.255218,0.012510,-0.003718,-0.001841,0.009846,9.900000,0.000000,0.019480,0.002220,0.000225,-0.000577,0.000054,-0.007785,
0.060000,25.120469,25.120469,3.000000,25.020943,25.020943,0.000000,6.100000,3.000000,0.840800,-0.001642,0.000005,0.255218,0.012510,-0.003718,-0.001841,0.009142,10.000000,0.000000,0.033605,0.002622,-0.000325,0.000172,-0.005390,-0.008170,
0.057500,25.113375,25.113375,2.000000,24.978580,24.978580,0.000000,6.200000,2.000000,0.756800,-0.001580,0.000143,0.335748,0.010358,-0.003927,-0.001342,0.016918,10.100000,0.000000,0.049061,0.002607,-0.000051,0.000181,-0.006275,-0.007168,
0.055000,25.103252,25.103252,2.000000,24.910929,24.910929,0.000000,6.300000,2.000000,0.722400,-0.001621,-0.000055,0.494302,0.009646,-0.004628,-0.001733,0.007983,10.200000,0.000000,0.063987,0.002190,0.000022,0.000922,-0.002015,-0.004033,
0.052500,25.092652,25.092652,2.000000,24.891245,24.891245,0.000000,6.400000,2.000000,0.863600,-0.001621,-0.000055,0.494302,0.009646,-0.004628,-0.001733,0.008792,10.300000,0.000000,0.078596,0.002393,-0.000310,-0.000710,-0.004802,-0.005220,
0.050000,25.080002,25.080002,4.000000,24.839653,24.839653,0.000000,6.600000,4.000000,0.727200,-0.002203,0.000097,0.735186,0.008487,-0.004854,-0.002416,0.017633,10.500000,0.000000,0.092469,0.002091,-0.000109,-0.000440,0.001947,-0.002643,
0.047500,25.062928,25.062928,1.000000,24.738527,24.738527,0.000000,6.900000,1.000000,0.727200,-0.002045,0.000095,0.975074,0.006725,-0.004342,-0.002120,0.012552,10.800000,0.000000,0.779545,-0.001314,0.001502,-0.000053,0.001671,0.001545,
0.045000,25.038907,25.038907,2.000000,24.582493,24.582493,0.000000,7.000000,2.000000,0.848000,-0.002045,0.000095,0.975074,0.006725,-0.004342,-0.002120,0.026491,10.900000,0.000000,0.161435,0.001963,-0.000382,0.000595,-0.001869,-0.000388,
0.042500,25.013411,25.013411,2.000000,24.528990,24.528990,0.000000,7.100000,2.000000,0.751200,-0.002047,0.000090,1.055512,0.006537,-0.004080,-0.002602,0.022001,11.000000,0.000000,0.271925,0.001278,-0.000450,0.000003,0.000500,0.001683,
0.040000,24.986644,24.986644,2.000000,24.478069,24.478069,0.000000,7.200000,2.000000,0.687200,-0.002419,0.000108,1.215050,0.006100,-0.003465,-0.002368,0.007970,11.100000,0.000000,0.282178,0.001285,-0.000566,-0.000020,0.000226,0.002174,
0.040000,24.957910,24.957910,2.000000,24.411968,24.411968,0.000000,7.300000,2.000000,0.768800,-0.002419,0.000108,1.215050,0.006100,-0.003465,-0.002368,0.009131,11.200000,0.000000,0.292213,0.001050,-0.000538,0.000945,-0.000663,0.003152,
0.040000,24.928462,24.928462,2.000000,24.368946,24.368946,0.000000,7.400000,2.000000,0.724400,-0.002536,0.000118,1.295615,0.005827,-0.003103,-0.003115,0.020677,11.300000,0.000000,0.301872,0.001275,-0.000565,-0.000490,-0.001779,0.002662,
0.040000,24.897567,24.897567,2.000000,24.310564,24.310564,0.000000,7.500000,2.000000,0.698800,-0.002564,0.000123,1.455862,0.004961,-0.002425,-0.002550,0.007969,11.400000,0.000000,0.311604,0.001252,-0.000736,-0.000118,-0.001398,0.003256,
0.040000,24.865676,24.865676,2.000000,24.259754,24.259754,0.000000,7.600000,2.000000,0.766400,-0.002564,0.000123,1.455862,0.004961,-0.002425,-0.002550,0.009718,11.500000,0.000000,0.320965,0.001222,-0.000664,0.000083,0.000466,0.003606,
0.040000,24.832630,24.832630,2.000000,24.204760,24.204760,0.000000,7.700000,2.000000,0.735600,-0.002618,0.000073,1.536511,0.004984,-0.002154,-0.002673,0.022086,11.600000,0.000000,0.330369,0.001127,-0.000675,-0.000057,-0.000996,0.003202,
0.040000,24.799161,24.799161,3.000000,24.163252,24.163252,0.000000,7.800000,3.000000,0.694800,-0.002741,0.000284,1.696621,0.004952,-0.001572,-0.003285,0.007961,11.700000,0.000000,0.339592,0.001147,-0.000726,-0.000329,-0.000715,0.002901,
0.040000,24.764671,24.764671,2.000000,24.109356,24.109356,0.000000,7.900000,2.000000,0.771200,-0.002741,0.000284,1.696621,0.004952,-0.001572,-0.003285,0.012451,11.800000,0.000000,0.348499,0.001150,-0.000779,0.000493,-0.001869,0.002897,
0.040000,24.729461,24.729461,2.000000,24.060461,24.060461,0.000000,8.000000,2.000000,0.744400,-0.002811,0.000208,1.777219,0.004273,-0.001206,-0.003059,0.018079,11.900000,0.000000,0.357301,0.001159,-0.000901,0.000887,0.000125,0.002915,
0.040000,24.692960,24.692960,3.000000,23.999441,23.999441,0.000000,8.100000,3.000000,0.700800,-0.002724,0.000279,1.938542,0.004390,-0.000828,-0.002843,0.007802,12.000000,0.000000,0.366015,0.001029,-0.000883,-0.000126,-0.000385,0.003372,
0.040000,24.656222,24.656222,2.000000,23.958210,23.958210,0.000000,8.200000,2.000000,0.778400,-0.002724,0.000279,1.938542,0.004390,-0.000828,-0.002843,0.011711,12.100000,0.000000,0.374388,0.001111,-0.000972,0.000162,0.000879,0.002487,
0.040000,24.619333,24.619333,2.000000,23.918446,23.918446,0.000000,8.300000,2.000000,0.737600,-0.002764,0.000236,2.018377,0.004338,-0.000742,-0.002882,0.017234,12.200000,0.000000,0.382985,0.001045,-0.000890,0.000300,-0.000156,0.002091,
0.040000,24.581865,24.581865,3.000000,23.869963,23.869963,0.000000,8.400000,3.000000,0.709200,-0.003059,0.000210,2.178507,0.004284,-0.000552,-0.002548,0.009507,12.300000,0.000000,0.391069,0.001027,-0.000923,-0.000154,-0.000305,0.001328,
0.040000,24.541099,24.541099,2.000000,23.766546,23.766546,0.000000,8.500000,2.000000,0.776400,-0.003059,0.000210,2.178507,0.004284,-0.000552,-0.002548,0.021818,12.400000,0.000000,0.399118,0.000925,-0.000959,-0.000174,-0.000572,0.001403,
0.040000,24.499859,24.499859,2.000000,23.716301,23.716301,0.000000,8.600000,2.000000,0.731600,-0.002995,0.000281,2.258640,0.004148,-0.000423,-0.002308,0.021149,12.500000,0.000000,0.406872,0.001000,-0.000908,-0.000110,-0.001588,0.000814,
0.040000,24.460904,24.460904,2.000000,23.720764,23.720764,0.000000,8.700000,2.000000,0.712800,-0.003188,0.000206,2.419952,0.004040,-0.000341,-0.002483,0.009492,12.600000,0.000000,0.414564,0.000962,-0.000891,0.000400,-0.000210,0.001109,
0.040000,24.422234,24.422234,2.000000,23.687504,23.687504,0.000000,8.800000,2.000000,0.792800,-0.003188,0.000206,2.419952,0.004040,-0.000341,-0.002483,0.009165,12.700000,0.000000,0.422220,0.000994,-0.001006,0.000157,-0.000905,0.000636,
0.040000,24.382289,24.382289,2.000000,23.623325,23.623325,0.000000,8.900000,2.000000,0.740400,-0.003020,0.000310,2.499553,0.004018,-0.000394,-0.002072,0.019521,12.800000,0.000000,0.429717,0.000916,-0.000985,-0.000401,-0.000709,0.000537,
0.040000,24.342543,24.342543,2.000000,23.587368,23.587368,0.000000,9.000000,2.000000,0.702000,-0.003051,0.000125,2.660315,0.004023,-0.000468,-0.002034,0.008012,12.900000,0.000000,0.436872,0.000899,-0.000935,0.000488,0.000764,-0.000122,
0.040000,24.302490,24.302490,2.000000,23.541481,23.541481,0.000000,9.100000,2.000000,0.767600,-0.003051,0.000125,2.660315,0.004023,-0.000468,-0.002034,0.011255,13.000000,0.000000,0.443981,0.000928,-0.000960,0.000117,0.001419,-0.000156,
0.040000,24.262163,24.262163,2.000000,23.495951,23.495951,0.000000,9.200000,2.000000,0.727200,-0.003228,0.000185,2.740540,0.003954,-0.000519,-0.002718,0.026486,13.100000,0.000000,0.451081,0.000877,-0.000983,-0.001031,-0.000774,-0.000405,
0.040000,24.220812,24.220812,3.000000,23.435144,23.435144,0.000000,9.400000,3.000000,0.712800,-0.003119,0.000270,2.980437,0.003888,-0.000821,-0.002208,0.010239,13.300000,0.000000,0.457951,0.000854,-0.001145,-0.000026,-0.001394,-0.000472,
0.040000,24.176210,24.176210,2.000000,23.328770,23.328770,0.000000,9.500000,2.000000,0.733200,-0.003119,0.000270,2.980437,0.003888,-0.000821,-0.002208,0.019205,13.400000,0.000000,0.464624,0.000772,-0.001139,-0.000054,0.000835,-0.000548,
0.040000,24.132880,24.132880,2.000000,23.309626,23.309626,0.000000,9.600000,2.000000,0.726000,-0.003059,0.000281,3.061041,0.003921,-0.000954,-0.001690,0.023300,13.500000,0.000000,0.490814,0.000867,-0.001107,0.000432,-0.000486,-0.001181,
0.040000,24.089229,24.089229,2.000000,23.259848,23.259848,0.000000,9.700000,2.000000,0.686400,-0.003025,0.000171,3.220897,0.003500,-0.001123,-0.001948,0.008110,13.600000,0.000000,0.496971,0.000870,-0.001033,0.000249,0.000111,-0.001264,
0.040000,24.043968,24.043968,2.000000,23.184006,23.184006,0.000000,9.800000,2.000000,0.760400,-0.003025,0.000171,3.220897,0.003500,-0.001123,-0.001948,0.009483,13.700000,0.000000,0.503062,0.000786,-0.001036,-0.000089,-0.001454,-0.000673,
0.040000,23.999558,23.999558,3.000000,23.155769,23.155769,0.000000,10.000000,3.000000,0.698000,-0.003202,0.000231,3.461381,0.002988,-0.001471,-0.001434,0.023021,13.900000,0.000000,0.508670,0.000785,-0.001143,-0.000525,0.001171,-0.001118,
0.040000,23.950866,23.950866,2.000000,23.025713,23.025713,0.000000,10.200000,2.000000,0.713600,-0.003202,0.000231,3.461381,0.002988,-0.001471,-0.001434,0.013504,14.100000,0.000000,0.514362,0.000753,-0.001116,0.000531,0.000342,-0.000782,
0.040000,23.901697,23.901697,2.000000,22.967497,22.967497,0.000000,10.300000,2.000000,0.686400,-0.003107,0.000181,3.701821,0.002699,-0.001701,-0.001422,0.020847,14.200000,0.000000,0.536857,0.000637,-0.001122,-0.000257,-0.000741,-0.001418,
0.040000,23.851512,23.851512,2.000000,22.897989,22.897989,0.000000,10.400000,2.000000,0.755600,-0.003107,0.000181,3.701821,0.002699,-0.001701,-0.001422,0.023757,14.300000,0.000000,0.557466,0.000686,-0.001087,-0.000117,-0.000749,-0.000984,
0.040000,23.800861,23.800861,2.000000,22.838488,22.838488,0.000000,10.500000,2.000000,0.722400,-0.003080,0.000150,3.781804,0.002607,-0.001734,-0.000355,0.020601,14.400000,0.000000,0.562216,0.000639,-0.001189,-0.000209,0.001017,-0.000649,
0.040000,23.751390,23.751390,3.000000,22.811441,22.811441,0.000000,10.600000,3.000000,0.693600,-0.003369,0.000241,3.942480,0.002547,-0.001864,-0.000763,0.010095,14.500000,0.000000,0.566849,0.000635,-0.001006,-0.000272,0.000566,-0.000457,
0.040000,23.702626,23.702626,2.000000,22.776123,22.776123,0.000000,10.700000,2.000000,0.774400,-0.003369,0.000241,3.942480,0.002547,-0.001864,-0.000763,0.023832,14.600000,0.000000,0.571533,0.000641,-0.001165,0.000176,-0.001889,-0.000463,
0.040000,23.653947,23.653947,2.000000,22.729050,22.729050,0.000000,10.800000,2.000000,0.720400,-0.003414,0.000236,4.022489,0.002072,-0.001873,-0.000646,0.021878,14.700000,0.000000,0.575986,0.000654,-0.001146,0.000342,-0.000400,-0.000693,
0.040000,23.605987,23.605987,3.000000,22.694736,22.694736,0.000000,10.900000,3.000000,0.705200,-0.003543,0.000167,4.173984,0.000995,-0.000879,0.000018,0.008374,14.800000,0.000000,0.580362,0.000577,-0.001153,0.000103,-0.000428,-0.000319,
0.040000,23.557800,23.557800,6.000000,22.642254,22.642254,0.000000,11.000000,6.000000,0.733600,-0.003543,0.000167,4.173984,0.000995,-0.000879,0.000018,0.013167,14.900000,0.000000,0.584630,0.000596,-0.001109,0.000019,0.000827,-0.000366,
0.040000,23.520429,23.520429,1.000000,22.810373,22.810373,0.000000,11.100000,1.000000,0.667200,-0.003397,-0.000028,4.207473,0.000866,0.008536,-0.000117,0.022438,15.000000,0.000000,0.345767,0.042782,0.000108,0.002258,-0.002182,0.190103,
0.040000,23.499507,23.499507,7.000000,23.101986,23.101986,0.000000,11.200000,7.000000,0.658000,-0.003642,0.000148,4.241150,0.005607,0.027666,0.000046,0.025443,15.100000,0.000000,0.582267,0.000373,-0.001106,-0.001149,0.000342,0.060573,
0.040000,23.494671,23.494671,4.000000,23.402802,23.402802,0.000000,11.300000,4.000000,0.670000,-0.003991,0.000133,4.263670,0.005432,0.047540,0.000244,0.011663,15.200000,0.000000,0.577471,0.001237,-0.001075,0.001063,-0.001375,0.141369,
0.040000,23.506211,23.506211,5.000000,23.725458,23.725458,0.000000,11.400000,5.000000,0.650000,-0.003821,-0.000020,4.273124,0.006228,0.065934,0.000565,0.009385,15.300000,0.000000,0.570572,0.001056,-0.001031,0.000784,-0.002666,0.176827,
0.040000,23.530818,23.530818,5.000000,23.998348,23.998348,0.000000,11.500000,5.000000,0.646400,-0.003586,-0.000134,4.274830,0.005185,0.083324,-0.000348,0.011010,15.400000,0.000000,0.561255,0.001103,-0.000956,-0.000202,0.000043,0.181219,
0.040000,23.568177,23.568177,5.000000,24.278002,24.278002,0.000000,11.600000,5.000000,0.636800,-0.003631,-0.000140,4.272151,0.006847,0.101884,0.000362,0.010801,15.500000,0.000000,0.550577,0.000856,-0.001117,-0.000387,0.001457,0.176697,
0.040000,23.618309,23.618309,6.000000,24.570824,24.570824,0.000000,11.700000,6.000000,0.615600,-0.003565,-0.000024,4.271282,0.007671,0.121482,0.000504,0.011770,15.600000,0.000000,0.539289,0.001207,-0.000954,0.000231,0.000264,0.182198,
0.040000,23.679854,23.679854,6.000000,24.849209,24.849209,0.000000,11.800000,6.000000,0.612000,-0.003619,-0.000119,4.268676,0.009107,0.142746,0.000305,0.009892,15.700000,0.000000,0.528561,0.001362,-0.000907,0.001242,0.000500,0.190711,
0.040000,23.755521,23.755521,7.000000,25.193182,25.193182,0.000000,11.900000,7.000000,0.607200,-0.004168,-0.000210,4.265771,0.015032,0.189887,0.000660,0.010191,15.800000,0.000000,0.517719,0.001676,-0.000927,0.000358,-0.000153,0.204269,
0.040000,23.843441,23.843441,4.000000,25.513929,25.513929,0.000000,12.000000,4.000000,0.716000,-0.004168,-0.000210,4.265771,0.015032,0.189887,0.000660,0.013093,15.900000,0.000000,0.506803,0.001841,-0.001022,0.000108,0.001291,0.217250,
0.040000,23.941188,23.941188,4.000000,25.798388,25.798388,0.000000,12.100000,4.000000,0.705600,-0.004398,-0.000491,4.264946,0.015139,0.215273,0.000512,0.021422,16.000000,0.000000,0.497235,0.002831,-0.000817,0.000569,-0.004303,0.235096,
0.040000,24.049978,24.049978,4.000000,26.116983,26.116983,0.000000,12.200000,4.000000,0.705600,-0.004259,-0.000399,4.266306,0.016963,0.241359,0.000541,0.010865,16.100000,0.000000,0.487316,0.002827,-0.000829,-0.000842,-0.003121,0.246694,
0.040000,24.169151,24.169151,5.000000,26.433432,26.433432,0.000000,12.300000,5.000000,0.690400,-0.003983,-0.000412,4.264688,0.017616,0.268459,0.000771,0.009513,16.200000,0.000000,0.478080,0.003065,-0.000809,0.000944,-0.000406,0.255445,
0.040000,24.299874,24.299874,5.000000,26.783625,26.783625,0.000000,12.400000,5.000000,0.695600,-0.004273,-0.000826,4.263267,0.015687,0.296272,0.000268,0.009812,16.300000,0.000000,0.468408,0.003205,-0.000746,0.000969,0.001484,0.265062,
0.040000,24.440188,24.440188,5.000000,27.106153,27.106153,0.000000,12.499999,5.000000,0.684000,-0.004097,-0.000518,4.260430,0.018605,0.324722,0.000570,0.009776,16.400000,0.000000,0.458831,0.002850,-0.000829,-0.001482,-0.001333,0.273134,
0.040000,24.587025,24.587025,5.000000,27.376915,27.376915,0.000000,12.600000,5.000000,0.671200,-0.003648,-0.000793,4.258377,0.017190,0.381648,0.000252,0.009921,16.500000,0.000000,0.449444,0.003506,-0.000751,0.002073,0.000462,0.280159,
0.040000,24.740079,24.740079,3.000000,27.648117,27.648117,0.000000,12.700000,3.000000,0.776800,-0.003648,-0.000793,4.258377,0.017190,0.381648,0.000252,0.011956,16.600000,0.000000,0.441032,0.003292,-0.000854,0.001255,0.001783,0.282686,
0.040000,24.898549,24.898549,3.000000,27.909468,27.909468,0.000000,12.800000,3.000000,0.764800,-0.003882,-0.000864,4.258464,0.018991,0.409932,0.000416,0.022808,16.700000,0.000000,0.431457,0.003263,-0.000781,-0.000328,0.001632,0.284121,
0.040000,25.060956,25.060956,3.000000,28.146698,28.146698,0.000000,12.900000,3.000000,0.756400,-0.004007,-0.000925,4.260027,0.018934,0.438445,0.000421,0.011205,16.800000,0.000000,0.423115,0.003521,-0.000733,0.000093,-0.000966,0.283329,
0.040000,25.221779,25.221779,3.000000,28.277403,28.277403,0.000000,12.999999,3.000000,0.753600,-0.003693,-0.000872,4.259292,0.018201,0.466643,0.000284,0.011029,16.900000,0.000000,0.415065,0.003319,-0.000719,0.000354,-0.001297,0.284436,
0.040000,25.383608,25.383608,4.000000,28.458374,28.458374,0.000000,13.100000,4.000000,0.749600,-0.003972,-0.001101,4.260924,0.017212,0.494673,-0.000087,0.010231,17.000000,0.000000,0.406702,0.003184,-0.000731,0.001135,0.001288,0.282920,
0.040000,25.546031,25.546031,4.000000,28.632055,28.632055,0.000000,13.200000,4.000000,0.727200,-0.003888,-0.001263,4.261232,0.016586,0.522401,0.000201,0.011894,17.100000,0.000000,0.398892,0.002803,-0.000791,-0.000319,-0.001401,0.281301,
0.040000,25.709588,25.709588,3.000000,28.817181,28.817181,0.000000,13.300000,3.000000,0.719600,-0.003696,-0.001302,4.261834,0.016416,0.577685,0.000026,0.011070,17.200000,0.000000,0.391031,0.002611,-0.000719,-0.000449,-0.000221,0.278813,
0.040000,25.872601,25.872601,3.000000,28.969852,28.969852,0.000000,13.400000,3.000000,0.799200,-0.003696,-0.001302,4.261834,0.016416,0.577685,0.000026,0.010658,17.300000,0.000000,0.383045,0.002713,-0.000663,0.000394,0.001133,0.278157,
0.040000,26.033652,26.033652,3.000000,29.093611,29.093611,0.000000,13.500000,3.000000,0.770800,-0.003539,-0.001310,4.263372,0.014872,0.605346,0.000222,0.021781,17.400000,0.000000,0.375860,0.002407,-0.000726,0.000617,-0.000032,0.276260,
0.040000,26.191331,26.191331,3.000000,29.187229,29.187229,0.000000,13.600000,3.000000,0.784400,-0.003719,-0.001407,4.263402,0.013854,0.632651,0.000318,0.008580,17.500000,0.000000,0.368540,0.001940,-0.000674,0.000803,0.000730,0.276477,
0.040000,26.345501,26.345501,3.000000,29.274729,29.274729,0.000000,13.700000,3.000000,0.765600,-0.003673,-0.001584,4.265064,0.013607,0.660022,0.000023,0.008344,17.600000,0.000000,0.361167,0.001733,-0.000642,0.000323,-0.001063,0.274360,
0.040000,26.491375,26.491375,3.000000,29.262987,29.262987,0.000000,13.800000,3.000000,0.772400,-0.003543,-0.001587,4.265343,0.012674,0.687238,-0.000037,0.010285,17.700000,0.000000,0.354282,0.001466,-0.000689,-0.000345,-0.000371,0.273956,
0.040000,26.632162,26.632162,3.000000,29.307125,29.307125,0.000000,13.900000,3.000000,0.772800,-0.003478,-0.001658,4.266794,0.011751,0.714384,-0.000302,0.009537,17.800000,0.000000,0.347227,0.001258,-0.000687,0.000457,0.000396,0.272843,
0.040000,26.768577,26.768577,2.000000,29.360449,29.360449,0.000000,14.000000,2.000000,0.768000,-0.003555,-0.001744,4.266313,0.011816,0.768442,-0.000055,0.012348,17.900000,0.000000,0.340484,0.000911,-0.000727,0.000321,0.000281,0.271990,
0.040000,26.897109,26.897109,3.000000,29.339218,29.339218,0.000000,14.100000,3.000000,0.802400,-0.003555,-0.001744,4.266313,0.011816,0.768442,-0.000055,0.012397,18.000000,0.000000,0.333728,0.000954,-0.000671,0.000899,-0.000987,0.271985,
0.040000,27.016982,27.016982,3.000000,29.294569,29.294569,0.000000,14.200000,3.000000,0.798000,-0.003547,-0.001808,4.264646,0.009660,0.795498,0.000152,0.021907,18.100000,0.000000,0.327122,0.000946,-0.000650,0.000228,-0.000316,0.269888,
0.040000,27.131422,27.131422,2.000000,29.305788,29.305788,0.000000,14.300000,2.000000,0.782800,-0.003649,-0.001979,4.266905,0.008662,0.822756,0.000121,0.008160,18.200000,0.000000,0.320136,0.000850,-0.000594,0.000287,-0.000371,0.270303,
0.040000,27.239686,27.239686,2.000000,29.296698,29.296698,0.000000,14.400000,2.000000,0.786400,-0.003478,-0.001878,4.266819,0.008166,0.849561,-0.000096,0.009175,18.300000,0.000000,0.313990,0.000377,-0.000590,-0.000340,-0.001090,0.271710,
0.040000,27.340456,27.340456,2.000000,29.255091,29.255091,0.000000,14.500000,2.000000,0.778400,-0.003440,-0.001942,4.267104,0.006888,0.876581,0.000010,0.007862,18.400000,0.000000,0.307710,0.000316,-0.000621,0.001084,0.000324,0.269449,
0.040000,27.431690,27.431690,3.000000,29.165136,29.165136,0.000000,14.600000,3.000000,0.754400,-0.003282,-0.002041,4.266033,0.005979,0.903701,-0.000031,0.012110,18.500000,0.000000,0.301484,0.000101,-0.000588,0.000592,0.000038,0.269908,
0.040000,27.512963,27.512963,2.000000,29.057142,29.057142,0.000000,14.700000,2.000000,0.765600,-0.003209,-0.002162,4.263942,0.005572,0.957448,-0.000322,0.008253,18.600000,0.000000,0.295259,0.000147,-0.000583,0.000181,0.000655,0.270711,
0.040000,27.579971,27.579971,2.000000,28.853121,28.853121,0.000000,14.800000,2.000000,0.799600,-0.003209,-0.002162,4.263942,0.005572,0.957448,-0.000322,0.011101,18.700000,0.000000,0.289252,0.000233,-0.000578,-0.000684,0.000552,0.268872,
0.040000,27.634994,27.634994,3.000000,28.680433,28.680433,0.000000,14.900000,3.000000,0.798400,-0.003136,-0.002082,4.261865,0.004354,0.984354,-0.000227,0.026025,18.800000,0.000000,0.283405,0.000418,-0.000616,0.000809,-0.000359,0.269402,
0.040000,27.678434,27.678434,2.000000,28.503801,28.503801,0.000000,15.000000,2.000000,0.773600,-0.003143,-0.002315,4.259202,0.002075,1.011792,-0.000182,0.009391,18.900000,0.000000,0.277376,0.000606,-0.000584,0.001331,-0.000040,0.269187,
0.040000,27.708995,27.708995,2.000000,28.289660,28.289660,0.000000,15.100000,2.000000,0.767200,-0.003036,-0.002220,4.258269,0.001541,1.038784,-0.000265,0.008024,19.000000,0.000000,0.271232,0.000783,-0.000561,-0.000400,-0.000432,0.272399,
0.040000,27.727804,27.727804,3.000000,28.085161,28.085161,0.000000,15.200000,3.000000,0.777200,-0.003127,-0.002403,4.258018,0.000425,1.066022,-0.000077,0.010659,19.100000,0.000000,0.265687,0.000868,-0.000565,0.000953,0.000116,0.270866,
0.040000,27.736670,27.736670,3.000000,27.905125,27.905125,0.000000,15.400000,3.000000,0.739200,-0.002855,-0.002558,4.253375,-0.001472,1.147173,-0.000648,0.009239,19.300000,0.000000,0.260224,0.000782,-0.000516,-0.000250,-0.000903,0.271799,
0.040000,27.726457,27.726457,2.000000,27.532410,27.532410,0.000000,15.500000,2.000000,0.821200,-0.002855,-0.002558,4.253375,-0.001472,1.147173,-0.000648,0.011079,19.400000,0.000000,0.254860,0.001205,-0.000577,-0.000340,-0.000279,0.270906,
0.040000,27.702351,27.702351,2.000000,27.244345,27.244345,0.000000,15.600000,2.000000,0.788400,-0.002685,-0.002533,4.252583,-0.002295,1.173953,-0.000378,0.020728,19.500000,0.000000,0.233720,0.001504,-0.000608,0.000590,0.000253,0.270597,
0.040000,27.667003,27.667003,2.000000,26.995380,26.995380,0.000000,15.700000,2.000000,0.794400,-0.002589,-0.002601,4.252205,-0.003029,1.200995,-0.000615,0.011522,19.600000,0.000000,0.228909,0.001550,-0.000542,0.000811,0.000680,0.269048,
0.040000,27.618766,27.618766,2.000000,26.702261,26.702261,0.000000,15.800000,2.000000,0.792000,-0.002637,-0.002659,4.249893,-0.003451,1.228106,-0.000497,0.009435,19.700000,0.000000,0.224241,0.001532,-0.000577,0.000337,0.000424,0.269884,
0.040000,27.557298,27.557298,2.000000,26.389416,26.389416,0.000000,15.900000,2.000000,0.774800,-0.002530,-0.002819,4.252515,-0.005184,1.254716,-0.000579,0.008533,19.800000,0.000000,0.219584,0.001897,-0.000541,0.000207,-0.000571,0.270642,
0.040000,27.480298,27.480298,2.000000,26.017302,26.017302,0.000000,16.100000,2.000000,0.770400,-0.002151,-0.002742,4.251599,-0.005524,1.331900,-0.000222,0.009673,20.000000,0.000000,0.215112,0.001258,-0.000548,-0.000482,-0.000008,0.267834,
0.040000,27.375620,27.375620,2.000000,25.386732,25.386732,0.000000,16.200000,2.000000,0.806800,-0.002151,-0.002742,4.251599,-0.005524,1.331900,-0.000222,0.010606,20.100000,0.000000,0.210634,0.001959,-0.000524,0.000457,0.000729,0.271726,
0.040000,27.260491,27.260491,2.000000,25.073032,25.073032,0.000000,16.300000,2.000000,0.798000,-0.002054,-0.002888,4.252266,-0.005894,1.353540,-0.000732,0.023395,20.200000,0.000000,0.194308,0.000653,-0.000366,0.000742,0.000258,0.250030,
0.040000,27.140345,27.140345,5.000000,24.857584,24.857584,0.000000,16.400000,5.000000,0.775200,-0.002019,-0.002842,4.252476,-0.005137,1.373389,-0.000448,0.011245,20.300000,0.000000,0.190454,0.000496,-0.000460,-0.000222,0.000315,0.231433,
0.040000,27.013931,27.013931,3.000000,24.612070,24.612070,0.000000,16.500000,3.000000,0.758000,-0.002005,-0.002748,4.254417,-0.006002,1.390314,-0.000356,0.010650,20.400000,0.000000,0.186867,0.000478,-0.000395,0.000438,-0.000012,0.211395,
0.040000,26.881789,26.881789,2.000000,24.371092,24.371092,0.000000,16.600000,2.000000,0.760800,-0.001871,-0.002715,4.253056,-0.005311,1.406455,-0.000692,0.008689,20.500000,0.000000,0.183105,0.000061,-0.000370,0.000957,-0.000208,0.185411,
0.040000,26.747069,26.747069,2.000000,24.187372,24.187372,0.000000,16.700000,2.000000,0.738400,-0.001848,-0.002973,4.250115,-0.004864,1.421806,-0.000690,0.008334,20.600000,0.000000,0.179592,0.000348,-0.000428,0.000763,0.000478,0.170580,
0.040000,26.610593,26.610593,3.000000,24.017565,24.017565,0.000000,16.800000,3.000000,0.746800,-0.001745,-0.002861,4.249340,-0.005114,1.434765,-0.000513,0.009598,20.700000,0.000000,0.176054,0.000926,-0.000418,-0.001125,0.000051,0.160030,
0.040000,26.470240,26.470240,3.000000,23.803518,23.803518,0.000000,16.900000,3.000000,0.714000,-0.001862,-0.003074,4.250711,-0.005966,1.446272,-0.000704,0.007593,20.800000,0.000000,0.172521,0.001051,-0.000375,0.000404,0.000422,0.141218,
0.040000,26.330304,26.330304,4.000000,23.671528,23.671528,0.000000,17.000000,4.000000,0.721600,-0.001599,-0.003035,4.249418,-0.005723,1.457002,-0.000764,0.009285,20.900000,0.000000,0.168998,0.000740,-0.000405,-0.001035,-0.000773,0.125058,
0.040000,26.190577,26.190577,2.000000,23.535759,23.535759,0.000000,17.100000,2.000000,0.725600,-0.001843,-0.002669,4.249185,-0.007156,1.466671,-0.000412,0.009957,21.000000,0.000000,0.165689,0.000984,-0.000408,-0.000039,0.001127,0.114084,
0.040000,26.050316,26.050316,3.000000,23.385361,23.385361,0.000000,17.200000,3.000000,0.704000,-0.001677,-0.002965,4.245858,-0.005995,1.475596,-0.000411,0.008153,21.100000,0.000000,0.162143,0.000978,-0.000330,0.002352,-0.001247,0.103332,
0.040000,25.911352,25.911352,3.000000,23.271044,23.271044,0.000000,17.300000,3.000000,0.701200,-0.001593,-0.002728,4.247449,-0.007759,1.483325,-0.000263,0.008911,21.200000,0.000000,0.159111,0.001634,-0.000322,-0.000831,0.000398,0.094631,
0.040000,25.773489,25.773489,4.000000,23.154081,23.154081,0.000000,17.400000,4.000000,0.700000,-0.001509,-0.003112,4.244588,-0.007485,1.490415,-0.000830,0.009738,21.300000,0.000000,0.155662,0.001257,-0.000287,0.001220,0.000535,0.083914,
0.040000,25.637174,25.637174,3.000000,23.047194,23.047194,0.000000,17.500000,3.000000,0.696800,-0.001728,-0.002722,4.249267,-0.006632,1.496422,-0.000626,0.009909,21.400000,0.000000,0.152602,0.001798,-0.000392,-0.001840,0.000594,0.075873,
0.040000,25.501067,25.501067,3.000000,22.915024,22.915024,0.000000,17.600000,3.000000,0.679200,-0.001423,-0.002562,4.245522,-0.008422,1.507673,-0.000467,0.009516,21.500000,0.000000,0.149837,0.000858,-0.000347,0.001769,-0.001237,0.066102,
0.040000,25.369754,25.369754,4.000000,22.874815,22.874815,0.000000,17.700000,4.000000,0.775600,-0.001423,-0.002562,4.245522,-0.008422,1.507673,-0.000467,0.009503,21.600000,0.000000,0.146894,0.001093,-0.000264,-0.000009,0.000476,0.062184,
0.040000,25.240581,25.240581,3.000000,22.786285,22.786285,0.000000,17.800000,3.000000,0.776400,-0.001466,-0.002884,4.245364,-0.011806,1.512882,-0.000511,0.022850,21.700000,0.000000,0.143587,0.001531,-0.000301,0.001782,0.000931,0.056356,
0.040000,25.114900,25.114900,2.000000,22.726969,22.726969,0.000000,17.900000,2.000000,0.758800,-0.001654,-0.002904,4.244492,-0.009457,1.517076,-0.000499,0.013302,21.800000,0.000000,0.140090,0.001490,-0.000303,-0.001266,0.000002,0.053719,
0.040000,24.991357,24.991357,2.000000,22.644037,22.644037,0.000000,18.000000,2.000000,0.756800,-0.001555,-0.002874,4.245558,-0.010494,1.521055,-0.000533,0.009791,21.900000,0.000000,0.137781,0.001659,-0.000295,-0.000568,-0.001237,0.046437,
0.040000,24.868935,24.868935,3.000000,22.542929,22.542929,0.000000,18.100000,3.000000,0.774800,-0.001229,-0.002816,4.246005,-0.010351,1.525258,-0.000751,0.008349,22.000000,0.000000,0.134871,0.001406,-0.000296,0.000009,0.000070,0.042329,
0.040000,24.749946,24.749946,3.000000,22.489155,22.489155,0.000000,18.200000,3.000000,0.769600,-0.001526,-0.002828,4.246545,-0.011359,1.528750,-0.000510,0.012102,22.100000,0.000000,0.132244,0.001291,-0.000333,0.000398,0.001968,0.042152,
0.040000,24.635001,24.635001,2.000000,22.451042,22.451042,0.000000,18.300000,2.000000,0.772800,-0.001459,-0.002816,4.245583,-0.010584,1.533049,-0.000275,0.009117,22.200000,0.000000,0.129442,0.001150,-0.000279,0.000113,-0.001149,0.037677,
0.040000,24.521728,24.521728,2.000000,22.369528,22.369528,0.000000,18.400000,2.000000,0.756400,-0.001472,-0.002701,4.243245,-0.011337,1.536667,-0.000342,0.008762,22.300000,0.000000,0.127034,0.001324,-0.000227,0.000152,-0.000096,0.040959,
0.040000,24.411557,24.411557,3.000000,22.318316,22.318316,0.000000,18.500000,3.000000,0.755600,-0.001386,-0.002857,4.246104,-0.011193,1.540559,-0.000604,0.007989,22.400000,0.000000,0.124362,0.001753,-0.000234,0.000805,-0.000183,0.038005,
0.040000,24.301867,24.301867,2.000000,22.217754,22.217754,0.000000,18.600000,2.000000,0.770800,-0.001496,-0.002790,4.240101,-0.011687,1.545004,-0.000432,0.009225,22.500000,0.000000,0.121956,0.001156,-0.000283,-0.000622,0.000397,0.038573,
0.040000,24.196072,24.196072,2.000000,22.185966,22.185966,0.000000,18.700000,2.000000,0.763200,-0.001525,-0.002872,4.242681,-0.012319,1.548586,-0.000621,0.007228,22.600000,0.000000,0.119416,0.002314,-0.000240,0.000215,-0.000603,0.042206,
0.040000,24.092014,24.092014,3.000000,22.114918,22.114918,0.000000,18.800000,3.000000,0.745600,-0.001320,-0.002859,4.245231,-0.011970,1.551852,-0.000443,0.007206,22.700000,0.000000,0.116947,0.001756,-0.000274,-0.000391,-0.000473,0.038255,
0.040000,23.987756,23.987756,2.000000,22.006861,22.006861,0.000000,18.900000,2.000000,0.755200,-0.001426,-0.002720,4.242375,-0.013664,1.555907,-0.000439,0.009275,22.800000,0.000000,0.114719,0.001219,-0.000235,-0.000040,0.001027,0.034800,
0.040000,23.886758,23.886758,3.000000,21.967794,21.967794,0.000000,19.000000,3.000000,0.757600,-0.001429,-0.002703,4.244276,-0.012500,1.559154,-0.000726,0.008511,22.900000,0.000000,0.112109,0.001753,-0.000227,0.000878,-0.000332,0.038352,
0.040000,23.788967,23.788967,3.000000,21.930923,21.930923,0.000000,19.100000,3.000000,0.757600,-0.001396,-0.002861,4.245856,-0.014113,1.563225,-0.000464,0.009052,23.000000,0.000000,0.110131,0.001346,-0.000281,0.000469,-0.000201,0.034719,
0.040000,23.691965,23.691965,3.000000,21.848927,21.848927,0.000000,19.200000,3.000000,0.760000,-0.001428,-0.002801,4.245647,-0.016129,1.566655,-0.000651,0.010268,23.100000,0.000000,0.107642,0.001004,-0.000224,-0.000761,0.000054,0.038424,
0.040000,23.597370,23.597370,3.000000,21.800081,21.800081,0.000000,19.300000,3.000000,0.770000,-0.001529,-0.002636,4.243474,-0.014991,1.570712,-0.000448,0.011704,23.200000,0.000000,0.105118,0.001023,-0.000256,0.000109,-0.000234,0.035875,
0.040000,23.504345,23.504345,2.000000,21.736858,21.736858,0.000000,19.400000,2.000000,0.750000,-0.001290,-0.002818,4.243062,-0.013857,1.574130,-0.000775,0.010000,23.300000,0.000000,0.103265,0.001432,-0.000210,0.001097,-0.000784,0.038771,
0.040000,23.412360,23.412360,2.000000,21.664650,21.664650,0.000000,19.500000,2.000000,0.749600,-0.001200,-0.003080,4.247476,-0.015201,1.577716,-0.000856,0.010671,23.400000,0.000000,0.101449,0.001486,-0.000270,-0.000674,0.001123,0.035940,
0.040000,23.322792,23.322792,2.000000,21.621004,21.621004,0.000000,19.600000,2.000000,0.746400,-0.001399,-0.002832,4.245404,-0.016717,1.581399,-0.000393,0.007189,23.500000,0.000000,0.099176,0.000585,-0.000283,-0.001847,0.000921,0.035893,
0.040000,23.240068,23.240068,2.000000,21.668316,21.668316,0.000000,19.700000,2.000000,0.733200,-0.001296,-0.002749,4.240949,-0.016907,1.584696,-0.000615,0.008430,23.600000,0.000000,0.096920,0.000985,-0.000184,0.000853,-0.000949,0.036464,
0.040000,23.161551,23.161551,3.000000,21.669720,21.669720,0.000000,19.800000,3.000000,0.729600,-0.001181,-0.002778,4.241577,-0.014992,1.587196,-0.000594,0.009407,23.700000,0.000000,0.094977,0.001846,-0.000222,0.000870,0.000216,0.034309,
0.040000,23.087212,23.087212,2.000000,21.674772,21.674772,0.000000,19.900000,2.000000,0.733600,-0.001482,-0.002760,4.238110,-0.014602,1.586746,-0.000403,0.009214,23.800000,0.000000,0.093477,0.001680,-0.000214,0.000171,0.000756,0.028557,
0.040000,23.016358,23.016358,3.000000,21.670126,21.670126,0.000000,20.000000,3.000000,0.724800,-0.001339,-0.002810,4.242850,-0.015745,1.586550,-0.000497,0.009817,23.900000,0.000000,0.091718,0.002331,-0.000171,0.000171,-0.001569,0.008122,
0.040000,22.946403,22.946403,3.000000,21.617266,21.617266,0.000000,20.100000,3.000000,0.729200,-0.001357,-0.002757,4.240089,-0.013671,1.585799,-0.000560,0.009073,24.000000,0.000000,0.089665,0.001352,-0.000188,-0.000248,0.000290,0.001896,
0.040000,22.882155,22.882155,3.000000,21.661446,21.661446,0.000000,20.200000,3.000000,0.722000,-0.001347,-0.002732,4.239720,-0.016165,1.585857,-0.000661,0.008211,24.100000,0.000000,0.088311,0.001864,-0.000196,0.000228,0.000013,-0.003921,
0.040000,22.819959,22.819959,4.000000,21.638224,21.638224,0.000000,20.300000,4.000000,0.699600,-0.001446,-0.002690,4.239101,-0.015410,1.585871,-0.000510,0.007496,24.200000,0.000000,0.086074,0.001908,-0.000211,0.000247,0.000067,-0.001140,
0.040000,22.759551,22.759551,4.000000,21.611813,21.611813,0.000000,20.400000,4.000000,0.752000,-0.001392,-0.002650,4.239356,-0.004769,1.583580,-0.000441,0.008471,24.300000,0.000000,0.084524,0.001990,-0.000177,0.000353,-0.000587,-0.000350,
0.040000,22.700402,22.700402,5.000000,21.576571,21.576571,0.000000,20.500000,5.000000,0.778800,-0.001173,-0.002902,4.243637,0.022735,1.582806,-0.000459,0.009226,24.400000,0.000000,0.084955,0.001869,-0.000163,0.000360,0.000144,-0.014288,
0.040000,22.649163,22.649163,1.000000,21.675606,21.675606,0.000000,20.600000,1.000000,0.722000,-0.001109,-0.002639,4.255098,0.068170,1.589790,-0.000537,0.010235,24.500000,0.000000,0.678575,0.022703,0.004828,0.001159,-0.005083,0.167317,
0.040000,22.607326,22.607326,7.000000,21.812437,21.812437,0.000000,20.700000,7.000000,0.658400,-0.001753,-0.002245,4.247419,0.217076,1.622111,-0.001374,0.013135,24.600000,0.000000,0.095903,-0.001476,-0.000203,0.001131,0.000818,0.039256,
0.040000,22.571171,22.571171,5.000000,21.884214,21.884214,0.000000,20.800000,5.000000,0.692000,-0.001753,-0.002245,4.247419,0.217076,1.622111,-0.001374,0.010023,24.700000,0.000000,0.107388,-0.000924,-0.000134,0.001484,-0.002205,0.119201,
0.040000,22.542643,22.542643,5.000000,22.000620,22.000620,0.000000,20.900000,5.000000,0.638000,-0.001366,-0.002425,4.239388,0.296987,1.634334,-0.000820,0.020413,24.800000,0.000000,0.121354,-0.000740,-0.000398,0.002234,-0.002795,0.141070,
0.040000,22.515369,22.515369,10.000000,21.997158,21.997158,0.000000,21.000000,10.000000,0.566000,-0.000622,-0.002198,4.224897,0.461658,1.648335,-0.000647,0.010562,24.900000,0.000000,0.134817,0.000050,-0.000307,-0.000136,0.001148,0.129426,
0.040000,22.488555,22.488555,4.000000,21.979095,21.979095,0.000000,21.100000,4.000000,0.657200,-0.000622,-0.002198,4.224897,0.461658,1.648335,-0.000647,0.012673,25.000000,0.000000,0.148612,0.001198,-0.000144,-0.000629,-0.005642,0.108139,
0.040000,22.460311,22.460311,5.000000,21.923679,21.923679,0.000000,21.200000,5.000000,0.600000,-0.001006,-0.002068,4.213334,0.541505,1.650893,-0.000630,0.024121,25.100000,0.000000,0.161889,0.000663,-0.000322,0.001884,0.008314,0.069148,
0.040000,22.429062,22.429062,4.000000,21.835331,21.835331,0.000000,21.300000,4.000000,0.578800,-0.001517,-0.002116,4.200252,0.701840,1.648648,-0.000161,0.010360,25.200000,0.000000,0.174608,0.001707,-0.000320,0.001538,0.000763,0.042216,
0.040000,22.394641,22.394641,3.000000,21.740643,21.740643,0.000000,21.400000,3.000000,0.660800,-0.001517,-0.002116,4.200252,0.701840,1.648648,-0.000161,0.008320,25.300000,0.000000,0.187094,0.001544,-0.000294,-0.001690,0.000590,0.012994,
0.040000,22.355773,22.355773,3.000000,21.617283,21.617283,0.000000,21.500000,3.000000,0.617600,-0.001595,-0.002065,4.191516,0.784679,1.645419,-0.000130,0.019042,25.400000,0.000000,0.199272,0.001692,-0.000247,0.001318,-0.003197,-0.005788,
0.040000,22.308296,22.308296,3.000000,21.406221,21.406221,0.000000,21.600000,3.000000,0.592800,-0.001878,-0.002152,4.177336,0.945313,1.635337,-0.000174,0.008003,25.500000,0.000000,0.211800,0.002107,-0.000260,0.000792,-0.001659,-0.022167,
0.040000,22.260024,22.260024,3.000000,21.342865,21.342865,0.000000,21.700000,3.000000,0.701200,-0.001878,-0.002152,4.177336,0.945313,1.635337,-0.000174,0.010474,25.600000,0.000000,0.223365,0.002193,-0.000287,-0.000732,-0.000014,-0.036906,
0.040000,22.204384,22.204384,3.000000,21.147217,21.147217,0.000000,21.800000,3.000000,0.626800,-0.001889,-0.001950,4.172612,1.026230,1.628863,0.000331,0.021676,25.700000,0.000000,0.235087,0.002525,-0.000306,0.000113,-0.002239,-0.047974,
0.040000,22.146089,22.146089,3.000000,21.038488,21.038488,0.000000,21.900000,3.000000,0.597200,-0.001869,-0.002127,4.166121,1.186739,1.615294,-0.000174,0.019360,25.800000,0.000000,0.246470,0.002375,-0.000230,0.001214,-0.000843,-0.058337,
0.040000,22.083571,22.083571,2.000000,20.895733,20.895733,0.000000,22.000000,2.000000,0.669200,-0.001869,-0.002127,4.166121,1.186739,1.615294,-0.000174,0.022035,25.900000,0.000000,0.257467,0.002036,-0.000371,-0.000720,0.000220,-0.063513,
0.040000,22.016576,22.016576,2.000000,20.743666,20.743666,0.000000,22.100000,2.000000,0.644400,-0.002025,-0.002167,4.163140,1.267003,1.608612,-0.000477,0.022033,26.000000,0.000000,0.268277,0.001833,-0.000378,-0.000336,-0.000163,-0.066889,
0.040000,21.944731,21.944731,3.000000,20.579679,20.579679,0.000000,22.200000,3.000000,0.620400,-0.002388,-0.002074,4.159292,1.426353,1.596375,0.000487,0.021799,26.100000,0.000000,0.278859,0.001680,-0.000460,-0.000454,-0.000933,-0.066845,
0.040000,21.869231,21.869231,2.000000,20.434721,20.434721,0.000000,22.300000,2.000000,0.701600,-0.002388,-0.002074,4.159292,1.426353,1.596375,0.000487,0.020632,26.200000,0.000000,0.289086,0.001622,-0.000302,-0.000013,-0.002385,-0.064548,
0.040000,21.787550,21.787550,2.000000,20.235624,20.235624,0.000000,22.400000,2.000000,0.661200,-0.002407,-0.002156,4.157428,1.506078,1.591099,-0.000126,0.020001,26.300000,0.000000,0.299159,0.001283,-0.000325,0.000231,-0.000967,-0.061273,
0.040000,21.705365,21.705365,3.000000,20.143841,20.143841,0.000000,22.500000,3.000000,0.627600,-0.002502,-0.001840,4.154967,1.664568,1.582427,0.000026,0.020943,26.400000,0.000000,0.309019,0.001223,-0.000477,-0.000493,-0.000418,-0.056015,
0.040000,21.622721,21.622721,2.000000,20.052481,20.052481,0.000000,22.600000,2.000000,0.697200,-0.002502,-0.001840,4.154967,1.664568,1.582427,0.000026,0.022015,26.500000,0.000000,0.318616,0.000914,-0.000639,-0.000515,-0.000585,-0.050393,
0.040000,21.543004,21.543004,3.000000,20.028387,20.028387,0.000000,22.700000,3.000000,0.637200,-0.002709,-0.001857,4.155419,1.744993,1.578947,0.000250,0.021872,26.600000,0.000000,0.327963,0.001104,-0.000502,0.001948,-0.000274,-0.043845,
0.040000,21.464216,21.464216,2.000000,19.967239,19.967239,0.000000,22.800000,2.000000,0.600400,-0.002649,-0.002072,4.154647,1.903474,1.574262,0.000526,0.019535,26.700000,0.000000,0.337385,0.000808,-0.000488,0.000582,-0.001341,-0.038260,
0.040000,21.389362,21.389362,2.000000,19.967150,19.967150,0.000000,22.900000,2.000000,0.692000,-0.002649,-0.002072,4.154647,1.903474,1.574262,0.000526,0.008004,26.800000,0.000000,0.346518,0.000607,-0.000538,-0.000831,0.000833,-0.031522,
0.040000,21.315617,21.315617,2.000000,19.914455,19.914455,0.000000,23.000000,2.000000,0.638800,-0.002750,-0.001995,4.154997,1.983086,1.572720,0.000896,0.020488,26.900000,0.000000,0.355213,0.000720,-0.000495,-0.000667,-0.000604,-0.024084,
0.040000,21.242548,21.242548,2.000000,19.854231,19.854231,0.000000,23.100000,2.000000,0.615600,-0.002846,-0.001794,4.154310,2.142988,1.571206,0.001046,0.007097,27.000000,0.000000,0.363938,0.000581,-0.000454,0.000199,-0.000834,-0.018736,
0.040000,21.168249,21.168249,2.000000,19.756575,19.756575,0.000000,23.200000,2.000000,0.708800,-0.002846,-0.001794,4.154310,2.142988,1.571206,0.001046,0.021218,27.100000,0.000000,0.372590,0.000461,-0.000584,0.000625,-0.001735,-0.013338,
0.040000,21.096892,21.096892,4.000000,19.741108,19.741108,0.000000,23.400000,4.000000,0.613600,-0.002791,-0.002071,4.156290,2.382737,1.572064,0.001382,0.020301,27.300000,0.000000,0.381007,0.000652,-0.000494,0.000903,0.000177,-0.008271,
0.040000,21.018853,21.018853,2.000000,19.536112,19.536112,0.000000,23.500000,2.000000,0.700400,-0.002791,-0.002071,4.156290,2.382737,1.572064,0.001382,0.009017,27.400000,0.000000,0.389250,0.000321,-0.000503,-0.000304,-0.000144,-0.003858,
0.040000,20.941590,20.941590,2.000000,19.473595,19.473595,0.000000,23.600000,2.000000,0.642000,-0.003013,-0.001830,4.155412,2.462976,1.572932,0.001308,0.017308,27.500000,0.000000,0.421623,0.000118,-0.000566,-0.000821,0.000411,0.004410,
0.040000,20.864914,20.864914,3.000000,19.408066,19.408066,0.000000,23.700000,3.000000,0.621600,-0.002703,-0.002022,4.155559,2.622154,1.575365,0.001549,0.009121,27.600000,0.000000,0.429128,0.000268,-0.000613,0.000978,-0.001056,0.006769,
0.040000,20.786799,20.786799,2.000000,19.302622,19.302622,0.000000,23.800000,2.000000,0.668800,-0.002703,-0.002022,4.155559,2.622154,1.575365,0.001549,0.011961,27.700000,0.000000,0.436421,0.000162,-0.000507,0.000570,-0.000115,0.008777,
0.040000,20.708250,20.708250,6.000000,19.215815,19.215815,0.000000,24.000000,6.000000,0.526000,-0.002806,-0.001873,4.156326,2.688977,1.578812,0.001834,0.020601,27.900000,0.000000,0.426642,-0.017254,-0.002046,-0.000445,0.002240,0.106544,
0.040000,20.649699,20.649699,6.000000,19.537226,19.537226,0.000000,24.100000,6.000000,0.540000,-0.002306,-0.002103,4.168060,2.773236,1.609947,0.001463,0.014498,28.000000,0.000000,0.447876,-0.000066,-0.000605,0.000557,-0.000092,0.025940,
0.040000,20.605911,20.605911,4.000000,19.773951,19.773951,0.000000,24.200000,4.000000,0.548800,-0.002955,-0.002023,4.162175,2.788020,1.629756,0.001683,0.008964,28.100000,0.000000,0.445749,-0.004936,-0.000805,-0.000688,0.002074,0.149016,
0.040000,20.574473,20.574473,4.000000,19.977148,19.977148,0.000000,24.300000,4.000000,0.527600,-0.003174,-0.002209,4.158844,2.791879,1.648143,0.001740,0.008639,28.200000,0.000000,0.439938,-0.003797,-0.000750,0.000426,-0.002886,0.176148,
0.040000,20.556502,20.556502,6.000000,20.215044,20.215044,0.000000,24.500000,6.000000,0.541600,-0.002980,-0.002130,4.162336,2.791055,1.665404,0.001675,0.008540,28.400000,0.000000,0.432087,-0.003113,-0.000726,-0.000626,-0.002699,0.180844,
0.040000,20.562530,20.562530,4.000000,20.677074,20.677074,0.000000,24.600000,4.000000,0.519200,-0.003662,-0.002620,4.160295,2.792125,1.704234,0.001309,0.009313,28.500000,0.000000,0.423376,-0.003724,-0.000725,0.000575,-0.000070,0.175766,
0.040000,20.579890,20.579890,6.000000,20.909731,20.909731,0.000000,24.700000,6.000000,0.516400,-0.002414,-0.002250,4.163148,2.791050,1.725423,0.001379,0.009722,28.600000,0.000000,0.390685,-0.002676,-0.000811,-0.001680,-0.003675,0.193194,
0.040000,20.609033,20.609033,5.000000,21.162731,21.162731,0.000000,24.800000,5.000000,0.513600,-0.003234,-0.002750,4.158725,2.793693,1.773004,0.001604,0.008215,28.700000,0.000000,0.382743,-0.003149,-0.000782,0.001647,0.004973,0.203552,
0.040000,20.649015,20.649015,3.000000,21.408689,21.408689,0.000000,24.900000,3.000000,0.674400,-0.003234,-0.002750,4.158725,2.793693,1.773004,0.001604,0.011525,28.800000,0.000000,0.376133,-0.002269,-0.000501,0.000360,-0.005582,0.221834,
0.040000,20.699577,20.699577,3.000000,21.660244,21.660244,0.000000,25.000000,3.000000,0.659200,-0.003321,-0.002826,4.162302,2.797165,1.798400,0.001958,0.021632,28.900000,0.000000,0.368503,-0.002260,-0.000713,-0.001710,-0.000283,0.234381,
0.040000,20.759719,20.759719,4.000000,21.902430,21.902430,0.000000,25.200000,4.000000,0.645600,-0.003011,-0.002640,4.161063,2.796514,1.824748,0.001958,0.008664,29.100000,0.000000,0.361797,-0.003040,-0.000633,-0.000606,-0.001078,0.246477,
0.040000,20.851546,20.851546,3.000000,22.596245,22.596245,0.000000,25.300000,3.000000,0.648800,-0.002731,-0.002516,4.160408,2.798435,1.879830,0.002059,0.020904,29.200000,0.000000,0.354625,-0.002715,-0.000620,0.001432,0.001059,0.256987,
0.040000,20.958756,20.958756,3.000000,22.995754,22.995754,0.000000,25.400000,3.000000,0.655600,-0.002800,-0.002876,4.164369,2.800141,1.907792,0.001618,0.020712,29.300000,0.000000,0.327657,-0.002443,-0.000534,0.001411,0.000706,0.274464,
0.040000,21.077173,21.077173,3.000000,23.327101,23.327101,0.000000,25.500000,3.000000,0.643600,-0.002782,-0.003068,4.165475,2.801703,1.964391,0.001912,0.008021,29.400000,0.000000,0.321324,-0.003236,-0.000612,-0.000930,-0.000485,0.277316,
0.040000,21.205648,21.205648,3.000000,23.646675,23.646675,0.000000,25.600000,3.000000,0.738000,-0.002782,-0.003068,4.165475,2.801703,1.964391,0.001912,0.010282,29.500000,0.000000,0.315266,-0.003836,-0.000545,0.000791,-0.001078,0.280326,
0.040000,21.343264,21.343264,3.000000,23.957956,23.957956,0.000000,25.700000,3.000000,0.744800,-0.002649,-0.003039,4.164401,2.802338,1.992903,0.001604,0.021468,29.600000,0.000000,0.309079,-0.003402,-0.000533,-0.001064,-0.000399,0.282419,
0.040000,21.488656,21.488656,3.000000,24.251104,24.251104,0.000000,25.800000,3.000000,0.746800,-0.002456,-0.003112,4.166476,2.801031,2.021289,0.001625,0.008838,29.700000,0.000000,0.303215,-0.003189,-0.000583,0.000246,0.000130,0.284089,
0.040000,21.639609,21.639609,3.000000,24.507717,24.507717,0.000000,25.900000,3.000000,0.721600,-0.002456,-0.002862,4.165105,2.802161,2.049175,0.001974,0.007874,29.800000,0.000000,0.296868,-0.003392,-0.000567,0.000091,0.000700,0.283945,
0.040000,21.798691,21.798691,3.000000,24.821247,24.821247,0.000000,26.000000,3.000000,0.727600,-0.002242,-0.002924,4.165615,2.802287,2.077142,0.001354,0.007791,29.900000,0.000000,0.291361,-0.003180,-0.000488,0.002008,-0.000244,0.280804,
0.040000,21.961433,21.961433,3.000000,25.053526,25.053526,0.000000,26.100000,3.000000,0.720000,-0.002345,-0.002898,4.165635,2.803086,2.104958,0.001294,0.010812,30.000000,0.000000,0.285618,-0.003218,-0.000601,0.000786,0.000728,0.280106,
0.040000,22.124464,22.124464,3.000000,25.222061,25.222061,0.000000,26.200000,3.000000,0.718400,-0.002072,-0.003344,4.168468,2.799646,2.161451,0.001200,0.007676,30.100000,0.000000,0.280146,-0.003234,-0.000601,0.000854,-0.000856,0.278900,
0.040000,22.288225,22.288225,3.000000,25.399693,25.399693,0.000000,26.300000,3.000000,0.772000,-0.002072,-0.003344,4.168468,2.799646,2.161451,0.001200,0.011013,30.200000,0.000000,0.274566,-0.003280,-0.000571,-0.000008,-0.000555,0.279443,
0.040000,22.455333,22.455333,3.000000,25.630375,25.630375,0.000000,26.400000,3.000000,0.766400,-0.001953,-0.003530,4.168337,2.800190,2.188799,0.001321,0.021015,30.300000,0.000000,0.268384,-0.003219,-0.000595,-0.001639,0.000626,0.282973,
0.040000,22.620368,22.620368,3.000000,25.756029,25.756029,0.000000,26.500000,3.000000,0.769600,-0.001834,-0.003375,4.165800,2.800134,2.216372,0.001254,0.008953,30.400000,0.000000,0.263213,-0.003194,-0.000560,-0.001432,0.000393,0.277108,
0.040000,22.783314,22.783314,3.000000,25.879288,25.879288,0.000000,26.600000,3.000000,0.764800,-0.001570,-0.003353,4.169014,2.799185,2.243573,0.001212,0.011256,30.500000,0.000000,0.258319,-0.002718,-0.000561,0.000734,0.000298,0.276258,
0.040000,22.945429,22.945429,3.000000,26.025625,26.025625,0.000000,26.700000,3.000000,0.747600,-0.001554,-0.003327,4.169365,2.799404,2.271133,0.001641,0.008243,30.600000,0.000000,0.252710,-0.003057,-0.000559,0.000703,0.001180,0.273635,
0.040000,23.102592,23.102592,3.000000,26.088690,26.088690,0.000000,26.800000,3.000000,0.745600,-0.001455,-0.003244,4.168650,2.798078,2.298449,0.001444,0.008921,30.700000,0.000000,0.247730,-0.003078,-0.000463,0.000693,-0.000018,0.274851,
0.040000,23.254517,23.254517,3.000000,26.141090,26.141090,0.000000,26.900000,3.000000,0.737600,-0.001237,-0.003338,4.173212,2.795280,2.352742,0.000893,0.008731,30.800000,0.000000,0.242748,-0.002742,-0.000492,0.001029,0.000051,0.273805,
0.040000,23.401437,23.401437,2.000000,26.192917,26.192917,0.000000,27.000000,2.000000,0.795200,-0.001237,-0.003338,4.173212,2.795280,2.352742,0.000893,0.009915,30.900000,0.000000,0.237213,-0.003025,-0.000536,0.001570,0.000482,0.271838,
0.040000,23.545143,23.545143,2.000000,26.275557,26.275557,0.000000,27.100000,2.000000,0.779600,-0.001238,-0.003352,4.174334,2.793926,2.379845,0.001328,0.021343,31.000000,0.000000,0.232294,-0.002926,-0.000580,-0.000710,-0.000004,0.272132,
0.040000,23.681511,23.681511,2.000000,26.272503,26.272503,0.000000,27.200000,2.000000,0.772800,-0.001210,-0.003346,4.174681,2.793262,2.406872,0.001263,0.008801,31.100000,0.000000,0.227376,-0.002837,-0.000482,-0.000151,-0.000568,0.271451,
0.040000,23.812324,23.812324,3.000000,26.297771,26.297771,0.000000,27.500000,3.000000,0.758000,-0.001029,-0.003178,4.176215,2.793194,2.433750,0.001140,0.007979,31.400000,0.000000,0.222758,-0.002734,-0.000485,0.000182,-0.000602,0.270716,
0.040000,23.930931,23.930931,2.000000,26.184467,26.184467,0.000000,27.600000,2.000000,0.760000,-0.000706,-0.003208,4.178756,2.790671,2.541303,0.001174,0.010804,31.500000,0.000000,0.218138,-0.002872,-0.000500,0.001291,0.000347,0.269523,
0.040000,24.038889,24.038889,2.000000,26.090082,26.090082,0.000000,27.700000,2.000000,0.805600,-0.000706,-0.003208,4.178756,2.790671,2.541303,0.001174,0.011482,31.600000,0.000000,0.179364,-0.001226,-0.000267,0.000316,0.000418,0.268528,
0.040000,24.137119,24.137119,2.000000,26.003487,26.003487,0.000000,27.800000,2.000000,0.802800,-0.000663,-0.003118,4.177212,2.790320,2.568272,0.001304,0.022786,31.700000,0.000000,0.175513,-0.001504,-0.000303,-0.000034,-0.000559,0.269293,
0.040000,24.224091,24.224091,2.000000,25.876556,25.876556,0.000000,27.900000,2.000000,0.792800,-0.000580,-0.003112,4.178132,2.789978,2.594971,0.001206,0.008888,31.800000,0.000000,0.172334,-0.001251,-0.000272,0.000642,-0.000477,0.269533,
0.040000,24.301097,24.301097,2.000000,25.764212,25.764212,0.000000,28.000000,2.000000,0.787600,-0.000600,-0.002989,4.178373,2.788986,2.621903,0.001250,0.007619,31.900000,0.000000,0.168819,-0.001268,-0.000286,0.000382,-0.000186,0.267972,
0.040000,24.365824,24.365824,2.000000,25.595644,25.595644,0.000000,28.100000,2.000000,0.777200,-0.000283,-0.003056,4.179810,2.788138,2.648731,0.001115,0.011138,32.000000,0.000000,0.165415,-0.001104,-0.000271,0.001005,-0.000702,0.268801,
0.040000,24.418795,24.418795,2.000000,25.425247,25.425247,0.000000,28.200000,2.000000,0.787200,-0.000378,-0.002964,4.179915,2.788142,2.675470,0.001197,0.007495,32.100000,0.000000,0.161890,-0.001078,-0.000292,0.000043,0.001194,0.268486,
0.040000,24.459938,24.459938,2.000000,25.241653,25.241653,0.000000,28.300000,2.000000,0.759200,-0.000420,-0.002860,4.181991,2.787590,2.728978,0.001286,0.008956,32.200000,0.000000,0.158736,-0.001067,-0.000270,0.000639,-0.000629,0.267807,
0.040000,24.490130,24.490130,2.000000,25.063780,25.063780,0.000000,28.399999,2.000000,0.810800,-0.000420,-0.002860,4.181991,2.787590,2.728978,0.001286,0.008865,32.300000,0.000000,0.155235,-0.001011,-0.000244,0.000670,-0.000248,0.268811,
0.040000,24.507059,24.507059,2.000000,24.828707,24.828707,0.000000,28.500000,2.000000,0.816000,-0.000283,-0.002863,4.182452,2.787696,2.755841,0.001424,0.021101,32.400000,0.000000,0.152235,-0.001113,-0.000243,0.000592,-0.001309,0.266854,
0.040000,24.512280,24.512280,2.000000,24.611471,24.611471,0.000000,28.600000,2.000000,0.802800,-0.000196,-0.002856,4.185188,2.787157,2.782647,0.001234,0.009165,32.500000,0.000000,0.149205,-0.001146,-0.000212,0.000266,-0.000128,0.267952,
0.040000,24.504228,24.504228,2.000000,24.351238,24.351238,0.000000,28.700000,2.000000,0.786800,-0.000098,-0.002824,4.184549,2.786753,2.809621,0.001276,0.009110,32.600000,0.000000,0.145773,-0.001226,-0.000245,0.000181,0.000011,0.268024,
0.040000,24.483873,24.483873,2.000000,24.097126,24.097126,0.000000,28.800000,2.000000,0.776800,0.000002,-0.002854,4.184688,2.786693,2.836435,0.001417,0.017926,32.700000,0.000000,0.143026,-0.001086,-0.000231,0.000293,0.000135,0.269081,
0.040000,24.450507,24.450507,2.000000,23.816563,23.816563,0.000000,28.899999,2.000000,0.787200,0.000137,-0.002841,4.185206,2.786104,2.863139,0.001160,0.008612,32.800000,0.000000,0.140213,-0.001062,-0.000199,-0.000065,0.000200,0.268503,
0.040000,24.404603,24.404603,3.000000,23.532419,23.532419,0.000000,29.000000,3.000000,0.796800,0.000099,-0.002603,4.182838,2.785534,2.911041,0.001515,0.011785,32.900000,0.000000,0.137351,-0.000962,-0.000245,0.000044,0.000444,0.267602,
0.040000,24.347925,24.347925,3.000000,23.271044,23.271044,0.000000,29.100000,3.000000,0.826000,0.000099,-0.002603,4.182838,2.785534,2.911041,0.001515,0.011967,33.000000,0.000000,0.134833,-0.000900,-0.000207,-0.000268,-0.000377,0.257002,
0.040000,24.280907,24.280907,3.000000,23.007576,23.007576,0.000000,29.200000,3.000000,0.815200,0.000363,-0.002729,4.181158,2.785553,2.931872,0.001093,0.021951,33.100000,0.000000,0.132463,-0.000699,-0.000167,0.001617,-0.000661,0.239425,
0.040000,24.205856,24.205856,3.000000,22.779892,22.779892,0.000000,29.300000,3.000000,0.806800,0.000528,-0.002790,4.180098,2.784756,2.950600,0.001270,0.009289,33.200000,0.000000,0.130198,-0.000614,-0.000246,-0.000189,0.001030,0.220204,
0.040000,24.123185,24.123185,3.000000,22.552431,22.552431,0.000000,29.500000,3.000000,0.813600,0.000819,-0.002762,4.178995,2.784000,2.967516,0.000955,0.009025,33.400000,0.000000,0.127826,-0.000407,-0.000206,-0.000501,0.001099,0.199857,
0.040000,24.024991,24.024991,3.000000,22.159309,22.159309,0.000000,29.600000,3.000000,0.814400,0.000846,-0.002865,4.177169,2.785772,2.995929,0.000209,0.011169,33.500000,0.000000,0.125513,-0.000213,-0.000263,-0.000091,0.001927,0.180891,
0.040000,23.923669,23.923669,3.000000,21.998533,21.998533,0.000000,29.700000,3.000000,0.796400,0.001124,-0.002790,4.178336,2.784761,3.008262,0.000856,0.010764,33.600000,0.000000,0.116549,-0.000752,-0.000533,-0.000603,-0.000155,0.144056,
0.040000,23.818685,23.818685,2.000000,21.824007,21.824007,0.000000,29.800000,2.000000,0.788000,0.000860,-0.002797,4.177811,2.785686,3.019218,0.000629,0.009092,33.700000,0.000000,0.114023,-0.000576,-0.000397,0.000079,0.001279,0.132601,
0.040000,23.711758,23.711758,3.000000,21.680143,21.680143,0.000000,29.899999,3.000000,0.786800,0.000761,-0.002615,4.176194,2.784562,3.029806,0.001162,0.008295,33.800000,0.000000,0.111924,-0.000730,-0.000434,-0.000078,-0.001294,0.118581,
0.040000,23.603739,23.603739,2.000000,21.551374,21.551374,0.000000,30.000000,2.000000,0.779200,0.001103,-0.002776,4.178710,2.785538,3.038291,0.000991,0.010558,33.900000,0.000000,0.110025,-0.000459,-0.000320,0.001037,-0.001284,0.110748,
0.040000,23.495170,23.495170,3.000000,21.432364,21.432364,0.000000,30.100000,3.000000,0.787200,0.001086,-0.002380,4.178552,2.781459,3.046891,0.000975,0.009043,34.000000,0.000000,0.107409,-0.000695,-0.000348,-0.000647,0.001483,0.094751,
0.040000,23.385956,23.385956,3.000000,21.310892,21.310892,0.000000,30.200000,3.000000,0.786400,0.001197,-0.002661,4.178108,2.783958,3.054433,0.000810,0.011839,34.100000,0.000000,0.105258,0.000115,-0.000342,0.002139,0.000327,0.089346,
0.040000,23.277509,23.277509,2.000000,21.217016,21.217016,0.000000,30.300000,2.000000,0.785600,0.001010,-0.002470,4.176129,2.784808,3.060929,0.000916,0.007894,34.200000,0.000000,0.103332,-0.000365,-0.000369,-0.000969,0.000688,0.080739,
0.040000,23.169333,23.169333,3.000000,21.113981,21.113981,0.000000,30.399999,3.000000,0.763200,0.000950,-0.002513,4.178017,2.785409,3.067505,0.001178,0.007635,34.300000,0.000000,0.101711,-0.000490,-0.000341,0.000761,-0.000995,0.070982,
0.040000,23.062754,23.062754,2.000000,21.037745,21.037745,0.000000,30.500000,2.000000,0.758000,0.001032,-0.002279,4.178666,2.784060,3.072922,0.000927,0.009888,34.400000,0.000000,0.099361,-0.000628,-0.000284,-0.000014,-0.000851,0.067753,
0.040000,22.957773,22.957773,3.000000,20.963150,20.963150,0.000000,30.600000,3.000000,0.761200,0.000777,-0.002627,4.178716,2.783320,3.078006,0.001026,0.007959,34.500000,0.000000,0.097270,-0.000361,-0.000327,0.001408,0.000100,0.059364,
0.040000,22.853908,22.853908,5.000000,20.880472,20.880472,0.000000,30.700000,5.000000,0.762000,0.000921,-0.002389,4.179260,2.785464,3.086370,0.000859,0.010564,34.600000,0.000000,0.095344,-0.000210,-0.000301,-0.001643,-0.001613,0.054087,
0.040000,22.752122,22.752122,2.000000,20.818184,20.818184,0.000000,30.800000,2.000000,0.817200,0.000921,-0.002389,4.179260,2.785464,3.086370,0.000859,0.012925,34.700000,0.000000,0.093484,-0.000500,-0.000357,0.000024,0.000241,0.049708,
0.040000,22.651962,22.651962,2.000000,20.748926,20.748926,0.000000,30.900000,2.000000,0.819200,0.001003,-0.002469,4.181462,2.784672,3.090413,0.000720,0.020522,34.800000,0.000000,0.091562,-0.000622,-0.000322,0.000784,-0.000004,0.041637,
0.040000,22.553823,22.553823,2.000000,20.689178,20.689178,0.000000,31.000000,2.000000,0.811200,0.000950,-0.002437,4.183378,2.783970,3.094390,0.000714,0.008417,34.900000,0.000000,0.089327,-0.000479,-0.000343,-0.000217,0.000442,0.040890,
0.040000,22.457324,22.457324,2.000000,20.623844,20.623844,0.000000,31.200000,2.000000,0.806000,0.001071,-0.002334,4.181385,2.787021,3.098088,0.001054,0.008207,35.100000,0.000000,0.087191,-0.000351,-0.000337,0.000088,-0.000214,0.040197,
0.040000,22.359726,22.359726,2.000000,20.505356,20.505356,0.000000,31.300000,2.000000,0.803200,0.000855,-0.002275,4.179893,2.785488,3.105741,0.001247,0.008436,35.200000,0.000000,0.085899,-0.000924,-0.000265,0.000652,0.000609,0.038208,
0.040000,22.263730,22.263730,2.000000,20.439814,20.439814,0.000000,31.400000,2.000000,0.813200,0.000939,-0.002392,4.182862,2.782355,3.110042,0.000677,0.009620,35.300000,0.000000,0.079733,-0.000227,-0.000167,0.000277,-0.001076,0.038263,
0.040000,22.169616,22.169616,3.000000,20.381447,20.381447,0.000000,31.500000,3.000000,0.808800,0.001038,-0.002252,4.179068,2.785835,3.113168,0.001227,0.007955,35.400000,0.000000,0.077569,0.000370,-0.000274,-0.000545,-0.000071,0.040888,
0.040000,22.077090,22.077090,2.000000,20.319098,20.319098,0.000000,31.600000,2.000000,0.806800,0.001153,-0.002177,4.181420,2.785887,3.117116,0.000921,0.007898,35.500000,0.000000,0.076814,-0.000295,-0.000162,0.000617,0.000528,0.035033,
0.040000,21.986353,21.986353,2.000000,20.262339,20.262339,0.000000,31.700000,2.000000,0.804400,0.001015,-0.002320,4.182382,2.784028,3.120952,0.000974,0.008364,35.600000,0.000000,0.074849,-0.000313,-0.000219,0.000672,0.000857,0.037774,
0.040000,21.896856,21.896856,2.000000,20.196432,20.196432,0.000000,31.800000,2.000000,0.810000,0.001013,-0.002306,4.182106,2.783995,3.124524,0.000964,0.007956,35.700000,0.000000,0.073184,0.000053,-0.000204,-0.000651,-0.000575,0.038135,
0.040000,21.808700,21.808700,2.000000,20.133726,20.133726,0.000000,31.900000,2.000000,0.797200,0.001147,-0.002371,4.177521,2.785684,3.128342,0.000813,0.007454,35.800000,0.000000,0.071803,0.000060,-0.000202,-0.000185,-0.000289,0.036643,
0.040000,21.721966,21.721966,3.000000,20.074011,20.074011,0.000000,32.000000,3.000000,0.811200,0.001156,-0.002193,4.181263,2.786826,3.131876,0.001015,0.008321,35.900000,0.000000,0.071300,-0.000257,-0.000227,-0.000499,0.000666,0.037598,
0.040000,21.636662,21.636662,2.000000,20.015892,20.015892,0.000000,32.100000,2.000000,0.809600,0.001056,-0.002257,4.184148,2.785034,3.135824,0.001051,0.008244,36.000000,0.000000,0.069169,-0.000486,-0.000185,0.000889,0.000260,0.036198,
0.040000,21.552570,21.552570,2.000000,19.954819,19.954819,0.000000,32.200000,2.000000,0.800000,0.001226,-0.002213,4.183507,2.784252,3.139266,0.001133,0.008129,36.100000,0.000000,0.067242,-0.000130,-0.000174,-0.000081,-0.000573,0.038226,
0.040000,21.469605,21.469605,2.000000,19.893284,19.893284,0.000000,32.300000,2.000000,0.804800,0.001216,-0.002168,4.183412,2.784549,-3.140080,0.000902,0.007366,36.200000,0.000000,0.066046,0.000026,-0.000154,0.000214,0.000784,0.035878,
0.040000,21.387784,21.387784,2.000000,19.833187,19.833187,0.000000,32.500000,2.000000,0.795200,0.001150,-0.002328,4.184140,2.784421,-3.136493,0.000860,0.008258,36.400000,0.000000,0.064767,-0.000032,-0.000196,0.000333,0.000186,0.037428,
0.040000,21.304051,21.304051,3.000000,19.713108,19.713108,0.000000,32.600000,3.000000,0.784400,0.001165,-0.002359,4.183743,2.787678,-3.129470,0.000927,0.008788,36.500000,0.000000,0.063352,-0.000006,-0.000201,-0.000891,-0.000390,0.036468,
0.040000,21.223574,21.223574,4.000000,19.694515,19.694515,0.000000,32.700000,4.000000,0.775200,0.001150,-0.002333,4.182390,2.785289,-3.128298,0.000875,0.009186,36.600000,0.000000,0.058538,-0.001282,-0.000162,-0.000231,-0.000023,0.035182,
0.040000,21.147544,21.147544,4.000000,19.702971,19.702971,0.000000,32.800000,4.000000,0.779600,0.001116,-0.002257,4.180052,2.787829,-3.128905,0.001009,0.009496,36.700000,0.000000,0.057661,-0.000792,-0.000167,0.000036,-0.000112,0.022210,
0.040000,21.076509,21.076509,5.000000,19.726852,19.726852,0.000000,32.900000,5.000000,0.776000,0.001066,-0.002257,4.178135,2.785956,-3.130384,0.001011,0.009640,36.800000,0.000000,0.056983,-0.001281,-0.000138,0.000479,-0.000240,0.005004,
0.040000,21.011680,21.011680,5.000000,19.779936,19.779936,0.000000,33.000000,5.000000,0.806800,0.001479,-0.002206,4.160408,2.785918,-3.132932,0.000600,0.020726,36.900000,0.000000,0.056246,-0.000893,-0.000134,0.000190,-0.000380,-0.007202,
0.040000,20.948228,20.948228,5.000000,19.742638,19.742638,0.000000,33.100000,5.000000,0.776000,0.001243,-0.002277,4.123892,2.784580,-3.129019,0.000632,0.011421,37.000000,0.000000,0.058620,-0.000907,-0.000208,0.000412,0.002439,-0.018486,
0.040000,20.897369,20.897369,5.000000,19.931049,19.931049,0.000000,33.200000,5.000000,0.723200,0.001235,-0.002256,4.073678,2.784020,-3.115304,0.000905,0.011423,37.100000,0.000000,0.064638,-0.000689,-0.000187,-0.000317,-0.000581,0.017115,
0.040000,20.864885,20.864885,4.000000,20.247675,20.247675,0.000000,33.300000,4.000000,0.680800,0.001548,-0.002313,3.912161,2.778579,-3.085126,0.000144,0.010494,37.200000,0.000000,0.073227,-0.000689,-0.000117,-0.000094,-0.000460,0.091302,
0.040000,20.847304,20.847304,4.000000,20.513277,20.513277,0.000000,33.400000,4.000000,0.736400,0.001548,-0.002313,3.912161,2.778579,-3.085126,0.000144,0.011223,37.300000,0.000000,0.087201,-0.000396,-0.000250,-0.000466,0.003017,0.140355,
0.040000,20.841247,20.841247,4.000000,20.726166,20.726166,0.000000,33.500000,4.000000,0.665600,0.001297,-0.001932,3.830301,2.772664,-3.074468,-0.000025,0.021178,37.400000,0.000000,0.101813,-0.000712,-0.000211,-0.000396,-0.000534,0.134643,
0.040000,20.843373,20.843373,5.000000,20.883753,20.883753,0.000000,33.600000,5.000000,0.637200,0.001511,-0.001211,3.668412,2.762800,-3.064503,-0.001061,0.007983,37.500000,0.000000,0.115938,-0.000445,-0.000215,0.002110,-0.001896,0.117295,
0.040000,20.850667,20.850667,4.000000,20.989254,20.989254,0.000000,33.700000,4.000000,0.705600,0.001511,-0.001211,3.668412,2.762800,-3.064503,-0.001061,0.010198,37.600000,0.000000,0.129763,-0.000474,-0.000118,0.001276,0.000051,0.085701,
0.040000,20.860955,20.860955,3.000000,21.056435,21.056435,0.000000,33.800000,3.000000,0.662800,0.001411,-0.001208,3.584801,2.755722,-3.063886,-0.000090,0.022436,37.700000,0.000000,0.142991,-0.000731,-0.000369,0.004388,0.000462,0.053429,
0.040000,20.872243,20.872243,4.000000,21.086710,21.086710,0.000000,33.900000,4.000000,0.648000,0.001014,-0.001037,3.424501,2.743342,-3.067525,-0.000224,0.007919,37.800000,0.000000,0.156681,-0.000596,-0.000146,0.001689,-0.000449,0.024216,
0.040000,20.883518,20.883518,3.000000,21.097738,21.097738,0.000000,34.000000,3.000000,0.693600,0.001014,-0.001037,3.424501,2.743342,-3.067525,-0.000224,0.008919,37.900000,0.000000,0.169458,-0.000816,-0.000349,0.000576,-0.001240,0.003785,
0.040000,20.893650,20.893650,3.000000,21.086163,21.086163,0.000000,34.100000,3.000000,0.669600,0.001054,-0.001382,3.343302,2.738424,-3.071783,-0.001040,0.019499,38.000000,0.000000,0.181897,-0.000574,-0.000121,0.001367,-0.001834,-0.015578,
0.040000,20.902068,20.902068,3.000000,21.062014,21.062014,0.000000,34.200000,3.000000,0.641600,0.001209,-0.001370,3.182973,2.727931,-3.083020,-0.001134,0.008381,38.100000,0.000000,0.194326,-0.000780,-0.000263,-0.001582,-0.000421,-0.032269,
0.040000,20.907950,20.907950,3.000000,21.019701,21.019701,0.000000,34.300000,3.000000,0.732000,0.001209,-0.001370,3.182973,2.727931,-3.083020,-0.001134,0.025433,38.200000,0.000000,0.206372,-0.000813,-0.000343,0.000595,0.000795,-0.044353,
0.040000,20.911286,20.911286,3.000000,20.974686,20.974686,0.000000,34.400000,3.000000,0.668400,0.000882,-0.001223,3.100269,2.722393,-3.089633,-0.000931,0.020848,38.300000,0.000000,0.218072,-0.000808,-0.000234,-0.000811,0.000394,-0.054362,
0.040000,20.911532,20.911532,4.000000,20.916187,20.916187,0.000000,34.600000,4.000000,0.631200,0.000582,-0.001116,2.862020,2.712119,-3.109572,-0.002302,0.007485,38.500000,0.000000,0.230102,-0.000657,-0.000169,0.000641,-0.001814,-0.061635,
0.040000,20.906547,20.906547,3.000000,20.811834,20.811834,0.000000,34.800000,3.000000,0.675200,0.000582,-0.001116,2.862020,2.712119,-3.109572,-0.002302,0.009075,38.700000,0.000000,0.241352,-0.000985,-0.000339,-0.000112,-0.001788,-0.065904,
0.040000,20.897736,20.897736,2.000000,20.730339,20.730339,0.000000,34.900000,2.000000,0.659600,0.000356,-0.001365,2.622809,2.707832,-3.126136,-0.002321,0.021363,38.800000,0.000000,0.284561,-0.000630,-0.000435,0.000840,-0.000560,-0.065449,
0.040000,20.888025,20.888025,2.000000,20.703505,20.703505,0.000000,35.000000,2.000000,0.719600,0.000356,-0.001365,2.622809,2.707832,-3.126136,-0.002321,0.010257,38.900000,0.000000,0.324521,-0.001459,-0.000654,-0.001251,0.000687,-0.059089,
0.040000,20.880752,20.880752,3.000000,20.742569,20.742569,0.000000,35.100000,3.000000,0.686400,0.000372,-0.001316,2.543229,2.706610,-3.130483,-0.002570,0.020780,39.000000,0.000000,0.333869,-0.001467,-0.000490,-0.000363,-0.001666,-0.053082,
0.040000,20.879644,20.879644,2.000000,20.858597,20.858597,0.000000,35.200000,2.000000,0.667200,-0.000180,-0.001549,2.386119,2.705243,-3.136891,-0.002167,0.009606,39.100000,0.000000,0.342917,-0.001440,-0.000523,0.000168,-0.000519,-0.047231,
0.040000,20.883793,20.883793,2.000000,20.962629,20.962629,0.000000,35.300000,2.000000,0.730800,-0.000180,-0.001549,2.386119,2.705243,-3.136891,-0.002167,0.020909,39.200000,0.000000,0.351552,-0.001423,-0.000489,0.000009,0.000126,-0.039693,
0.040000,20.892407,20.892407,2.000000,21.056055,21.056055,0.000000,35.400000,2.000000,0.690000,-0.000210,-0.001481,2.305605,2.704953,-3.139257,-0.002418,0.019924,39.300000,0.000000,0.360097,-0.001404,-0.000412,-0.001373,-0.003631,-0.033142,
0.040000,20.904722,20.904722,2.000000,21.138723,21.138723,0.000000,35.500000,2.000000,0.672400,-0.000341,-0.001329,2.145768,2.705267,3.140834,-0.001829,0.008370,39.400000,0.000000,0.368824,-0.001394,-0.000456,-0.000103,-0.001555,-0.027278,
0.040000,20.920013,20.920013,2.000000,21.210527,21.210527,0.000000,35.600000,2.000000,0.736000,-0.000341,-0.001329,2.145768,2.705267,3.140834,-0.001829,0.021895,39.500000,0.000000,0.377134,-0.001328,-0.000569,0.000639,-0.000829,-0.021280,
0.040000,20.937718,20.937718,2.000000,21.274124,21.274124,0.000000,35.700000,2.000000,0.700800,-0.000362,-0.001303,2.066081,2.704543,3.140149,-0.001936,0.019973,39.600000,0.000000,0.385548,-0.001448,-0.000328,0.000501,-0.000861,-0.016396,
0.040000,20.957217,20.957217,2.000000,21.327690,21.327690,0.000000,35.800000,2.000000,0.685600,-0.000461,-0.001187,1.906315,2.704990,3.139968,-0.002840,0.009069,39.700000,0.000000,0.393622,-0.001265,-0.000348,0.000345,-0.000457,-0.010496,
0.040000,20.978148,20.978148,2.000000,21.375841,21.375841,0.000000,35.900000,2.000000,0.742800,-0.000461,-0.001187,1.906315,2.704990,3.139968,-0.002840,0.010651,39.800000,0.000000,0.401489,-0.001273,-0.000561,0.000019,-0.000504,-0.005382,
0.040000,21.000287,21.000287,2.000000,21.420921,21.420921,0.000000,36.000000,2.000000,0.700800,-0.000608,-0.001253,1.827231,2.705347,3.140489,-0.002437,0.024909,39.900000,0.000000,0.409385,-0.001254,-0.000520,0.000838,-0.000473,-0.001802,
0.040000,21.023004,21.023004,2.000000,21.454638,21.454638,0.000000,36.100000,2.000000,0.706400,-0.001115,-0.001165,1.666334,2.704661,-3.140863,-0.002516,0.020483,40.000000,0.000000,0.416880,-0.001275,-0.000437,-0.000087,-0.001091,0.002534,
0.040000,21.046204,21.046204,2.000000,21.487000,21.487000,0.000000,36.200000,2.000000,0.741200,-0.001115,-0.001165,1.666334,2.704661,-3.140863,-0.002516,0.021711,40.100000,0.000000,0.424321,-0.001085,-0.000493,0.000619,-0.000371,0.005865,
0.040000,21.069591,21.069591,2.000000,21.513948,21.513948,0.000000,36.300000,2.000000,0.695600,-0.000989,-0.001318,1.586164,2.705165,-3.139623,-0.002761,0.020458,40.200000,0.000000,0.431973,-0.001071,-0.000453,0.000137,-0.003335,0.008668,
0.040000,21.093007,21.093007,2.000000,21.537910,21.537910,0.000000,36.400000,2.000000,0.672400,-0.001231,-0.001259,1.426143,2.703749,-3.136586,-0.002852,0.020265,40.300000,0.000000,0.439244,-0.001161,-0.000510,-0.000881,-0.000502,0.010974,
0.040000,21.116411,21.116411,2.000000,21.561083,21.561083,0.000000,36.500000,2.000000,0.735600,-0.001231,-0.001259,1.426143,2.703749,-3.136586,-0.002852,0.009457,40.400000,0.000000,0.446363,-0.001076,-0.000538,0.000427,0.001019,0.012603,
0.040000,21.139705,21.139705,2.000000,21.582294,21.582294,0.000000,36.600000,2.000000,0.714400,-0.001072,-0.001298,1.346395,2.703764,-3.135023,-0.003412,0.017379,40.500000,0.000000,0.453304,-0.000921,-0.000535,-0.000220,-0.002340,0.015175,
0.040000,21.163079,21.163079,2.000000,21.607182,21.607182,0.000000,36.700000,2.000000,0.661200,-0.000790,-0.001199,1.185139,2.702433,-3.132387,-0.003464,0.019723,40.600000,0.000000,0.460078,-0.000985,-0.000655,-0.000311,0.000075,0.015455,
0.040000,21.186620,21.186620,2.000000,21.633902,21.633902,0.000000,36.800000,2.000000,0.755600,-0.000790,-0.001199,1.185139,2.702433,-3.132387,-0.003464,0.009166,40.700000,0.000000,0.466934,-0.000938,-0.000632,0.000261,-0.000319,0.014224,
0.040000,21.210516,21.210516,2.000000,21.664537,21.664537,0.000000,36.900000,2.000000,0.711200,-0.000938,-0.001212,1.105493,2.701607,-3.131199,-0.002785,0.021311,40.800000,0.000000,0.473576,-0.000915,-0.000674,0.000347,0.001950,0.013404,
0.040000,21.234761,21.234761,2.000000,21.695427,21.695427,0.000000,37.000000,2.000000,0.683200,-0.001513,-0.001073,0.943746,2.699511,-3.129038,-0.003059,0.007561,40.900000,0.000000,0.479936,-0.000878,-0.000540,0.000057,-0.000180,0.012461,
0.040000,21.259489,21.259489,2.000000,21.729303,21.729303,0.000000,37.100000,2.000000,0.747600,-0.001513,-0.001073,0.943746,2.699511,-3.129038,-0.003059,0.009915,41.000000,0.000000,0.486433,-0.000902,-0.000771,0.000221,-0.000981,0.011460,
0.040000,21.285548,21.285548,2.000000,21.780682,21.780682,0.000000,37.200000,2.000000,0.709200,-0.001636,-0.001099,0.863084,2.698477,-3.128173,-0.002495,0.034842,41.100000,0.000000,0.492766,-0.000779,-0.000600,0.000763,-0.003033,0.011031,
0.040000,21.313453,21.313453,2.000000,21.843639,21.843639,0.000000,37.300000,2.000000,0.691600,-0.001563,-0.000989,0.702786,2.696039,-3.127231,-0.003000,0.008640,41.200000,0.000000,0.498953,-0.000759,-0.000501,0.000135,-0.001924,0.009560,
0.040000,21.342939,21.342939,2.000000,21.903168,21.903168,0.000000,37.400000,2.000000,0.766000,-0.001563,-0.000989,0.702786,2.696039,-3.127231,-0.003000,0.008902,41.300000,0.000000,0.505102,-0.000725,-0.000440,0.000474,-0.002229,0.007223,
0.040000,21.373775,21.373775,2.000000,21.959669,21.959669,0.000000,37.500000,2.000000,0.717600,-0.001730,-0.001002,0.622783,2.695111,-3.126994,-0.002772,0.019454,41.400000,0.000000,0.510763,-0.000682,-0.000638,0.000451,0.001090,0.005010,
0.040000,21.405937,21.405937,2.000000,22.017008,22.017008,0.000000,37.600000,2.000000,0.704800,-0.002291,-0.000949,0.460102,2.692231,-3.126639,-0.000608,0.008743,41.500000,0.000000,0.516467,-0.000712,-0.000605,0.000092,-0.000619,0.003375,
0.040000,21.439304,21.439304,3.000000,22.073284,22.073284,0.000000,37.700000,3.000000,0.760800,-0.002291,-0.000949,0.460102,2.692231,-3.126639,-0.000608,0.009315,41.600000,0.000000,0.522355,-0.000590,-0.000475,-0.000170,-0.001907,0.002947,
0.040000,21.473750,21.473750,2.000000,22.128231,22.128231,0.000000,37.800000,2.000000,0.718400,-0.002557,-0.000852,0.379921,2.690900,-3.126590,-0.000464,0.017786,41.700000,0.000000,0.528070,-0.000592,-0.000216,0.000473,-0.002531,0.001660,
0.040000,21.509137,21.509137,2.000000,22.181488,22.181488,0.000000,37.900000,2.000000,0.691200,-0.001996,-0.000822,0.220702,2.688516,-3.126736,-0.001830,0.010518,41.800000,0.000000,0.533472,-0.000554,-0.000220,0.000781,-0.002606,0.000933,
0.040000,21.545437,21.545437,3.000000,22.235134,22.235134,0.000000,38.000000,3.000000,0.775200,-0.001996,-0.000822,0.220702,2.688516,-3.126736,-0.001830,0.009668,41.900000,0.000000,0.538493,-0.000562,-0.000878,-0.000521,0.003324,0.000316,
0.040000,21.582531,21.582531,2.000000,22.287321,22.287321,0.000000,38.100000,2.000000,0.737200,-0.002459,-0.001020,0.139839,2.687709,-3.126906,-0.000806,0.019918,42.000000,0.000000,0.543739,-0.000533,-0.000537,0.000802,0.000413,-0.000737,
0.040000,21.620368,21.620368,2.000000,22.339270,22.339270,0.000000,38.200000,2.000000,0.700400,-0.002031,-0.001285,-0.011027,2.686170,-3.125845,-0.002398,0.009299,42.100000,0.000000,0.548968,-0.000600,-0.000356,-0.000915,-0.002702,-0.001332,
0.040000,21.659412,21.659412,4.000000,22.401234,22.401234,0.000000,38.300000,4.000000,0.778400,-0.002031,-0.001285,-0.011027,2.686170,-3.125845,-0.002398,0.010426,42.200000,0.000000,0.553992,-0.000476,-0.000498,0.001056,-0.001622,-0.001769,
0.040000,21.705821,21.705821,4.000000,22.587597,22.587597,0.000000,38.400000,4.000000,0.735200,-0.002360,-0.001280,-0.059932,2.684389,-3.114119,-0.001121,0.022083,42.300000,0.000000,0.556976,-0.000709,-0.000728,-0.002626,0.002613,0.007139,
0.040000,21.763995,21.763995,3.000000,22.869308,22.869308,0.000000,38.500000,3.000000,0.735600,-0.002505,-0.001589,-0.094774,2.684201,-3.095441,-0.001149,0.008553,42.400000,0.000000,0.555640,-0.000496,-0.000481,-0.000814,-0.001132,0.075200,
0.040000,21.832959,21.832959,4.000000,23.143280,23.143280,0.000000,38.600000,4.000000,0.734400,-0.002342,-0.001422,-0.111932,2.683263,-3.076174,-0.001118,0.008677,42.500000,0.000000,0.551547,-0.000638,-0.000493,-0.001941,-0.001492,0.144153,
0.040000,21.910719,21.910719,4.000000,23.388153,23.388153,0.000000,38.700000,4.000000,0.724000,-0.002618,-0.001700,-0.116800,2.682178,-3.057739,-0.000802,0.011247,42.600000,0.000000,0.544048,-0.000597,-0.000486,0.000582,0.000259,0.174143,
0.040000,21.995473,21.995473,3.000000,23.605804,23.605804,0.000000,38.800000,3.000000,0.719600,-0.002188,-0.001618,-0.116288,2.683462,-3.040483,-0.001983,0.007889,42.700000,0.000000,0.534277,-0.000434,-0.000416,-0.001213,-0.001785,0.180449,
0.040000,22.087437,22.087437,4.000000,23.834747,23.834747,0.000000,38.900000,4.000000,0.724000,-0.002409,-0.001890,-0.117048,2.684402,-3.021908,-0.001553,0.008668,42.800000,0.000000,0.523602,-0.000669,-0.000641,0.000299,0.001798,0.175576,
0.040000,22.186429,22.186429,3.000000,24.067270,24.067270,0.000000,39.000000,3.000000,0.705600,-0.002381,-0.001911,-0.116385,2.684481,-3.002009,-0.001195,0.009860,42.900000,0.000000,0.513390,-0.000856,-0.000544,-0.001306,-0.000879,0.181863,
0.040000,22.292973,22.292973,4.000000,24.317322,24.317322,0.000000,39.100000,4.000000,0.702000,-0.001774,-0.001919,-0.114749,2.683875,-2.980743,-0.002067,0.010756,43.000000,0.000000,0.503116,-0.000839,-0.000462,-0.000332,-0.000398,0.192444,
0.040000,22.406037,22.406037,5.000000,24.554253,24.554253,0.000000,39.300000,5.000000,0.703600,-0.002337,-0.002641,-0.118723,2.685962,-2.908286,-0.001562,0.010801,43.200000,0.000000,0.492872,-0.000659,-0.000625,0.000098,0.003348,0.204943,
0.040000,22.538872,22.538872,3.000000,25.062735,25.062735,0.000000,39.400000,3.000000,0.794400,-0.002337,-0.002641,-0.118723,2.685962,-2.908286,-0.001562,0.012336,43.300000,0.000000,0.483237,-0.000906,-0.000804,-0.000523,0.000824,0.217960,
0.040000,22.678388,22.678388,3.000000,25.329184,25.329184,0.000000,39.500000,3.000000,0.793600,-0.002488,-0.002970,-0.120617,2.685767,-2.882028,-0.001183,0.022019,43.400000,0.000000,0.446396,-0.001405,-0.000164,-0.002343,-0.003045,0.247669,
0.040000,22.822215,22.822215,4.000000,25.554941,25.554941,0.000000,39.600000,4.000000,0.782400,-0.002357,-0.002409,-0.121887,2.684285,-2.855051,-0.000905,0.009228,43.500000,0.000000,0.437981,-0.001427,-0.000088,-0.002517,-0.002603,0.255910,
0.040000,22.971078,22.971078,3.000000,25.799461,25.799461,0.000000,39.700000,3.000000,0.762800,-0.002068,-0.002408,-0.120222,2.684386,-2.826830,-0.001567,0.007940,43.600000,0.000000,0.429675,-0.001181,-0.000031,0.002825,-0.000667,0.264342,
0.040000,23.121953,23.121953,4.000000,25.988586,25.988586,0.000000,39.800000,4.000000,0.775600,-0.001813,-0.002397,-0.122609,2.686603,-2.798841,-0.002447,0.007508,43.700000,0.000000,0.420894,-0.001084,-0.000160,0.001477,0.001109,0.275362,
0.040000,23.275165,23.275165,3.000000,26.186180,26.186180,0.000000,39.900000,3.000000,0.747200,-0.001951,-0.002543,-0.123529,2.688583,-2.770355,-0.002654,0.009910,43.800000,0.000000,0.412916,-0.001623,-0.000332,0.000969,0.001585,0.278164,
0.040000,23.431333,23.431333,4.000000,26.398527,26.398527,0.000000,40.000000,4.000000,0.758400,-0.002006,-0.003233,-0.124967,2.689362,-2.713272,-0.001163,0.008496,43.900000,0.000000,0.404821,-0.002019,-0.000368,-0.000201,-0.000685,0.282297,
0.040000,23.586786,23.586786,3.000000,26.540403,26.540403,0.000000,40.100000,3.000000,0.838800,-0.002006,-0.003233,-0.124967,2.689362,-2.713272,-0.001163,0.012077,44.000000,0.000000,0.396878,-0.001876,-0.000524,0.000351,0.001932,0.282781,
0.040000,23.742019,23.742019,3.000000,26.691441,26.691441,0.000000,40.200000,3.000000,0.837600,-0.001784,-0.003014,-0.123868,2.687484,-2.685105,-0.001886,0.022676,44.100000,0.000000,0.389222,-0.002193,-0.000057,-0.003945,-0.002747,0.285853,
0.040000,23.893942,23.893942,4.000000,26.780489,26.780489,0.000000,40.300000,4.000000,0.818000,-0.001484,-0.003061,-0.121848,2.687732,-2.656884,-0.001500,0.009402,44.200000,0.000000,0.381506,-0.001723,-0.000197,0.000181,-0.000227,0.283268,
0.040000,24.044177,24.044177,4.000000,26.898636,26.898636,0.000000,40.400000,4.000000,0.816800,-0.001779,-0.002946,-0.121811,2.686335,-2.628720,-0.000707,0.008348,44.300000,0.000000,0.373606,-0.001558,-0.000116,0.000061,0.001239,0.282620,
0.040000,24.190786,24.190786,6.000000,26.976349,26.976349,0.000000,40.500000,6.000000,0.817200,-0.001564,-0.002837,-0.121160,2.685877,-2.600924,-0.001230,0.009364,44.400000,0.000000,0.366361,-0.001280,0.000043,0.001019,-0.001871,0.282009,
0.040000,24.330633,24.330633,6.000000,26.987732,26.987732,0.000000,40.600000,6.000000,0.802400,-0.001795,-0.003004,-0.120684,2.686707,-2.573218,-0.000201,0.011092,44.500000,0.000000,0.359068,-0.001113,-0.000060,0.001352,0.000119,0.279506,
0.040000,24.465135,24.465135,5.000000,27.020676,27.020676,0.000000,40.700000,5.000000,0.816000,-0.001353,-0.002514,-0.118561,2.683946,-2.517588,-0.001599,0.010289,44.600000,0.000000,0.351821,-0.001184,0.000144,-0.000228,-0.001886,0.277989,
0.040000,24.595543,24.595543,3.000000,27.073292,27.073292,0.000000,40.800000,3.000000,0.855200,-0.001353,-0.002514,-0.118561,2.683946,-2.517588,-0.001599,0.012879,44.700000,0.000000,0.344303,-0.000583,-0.000250,0.000819,0.003092,0.278487,
0.040000,24.719361,24.719361,3.000000,27.071896,27.071896,0.000000,40.900000,3.000000,0.864400,-0.001303,-0.002823,-0.118897,2.683848,-2.489963,-0.000834,0.020847,44.800000,0.000000,0.338030,-0.000478,-0.000127,0.002894,-0.000872,0.277888,
0.040000,24.833709,24.833709,3.000000,27.006325,27.006325,0.000000,41.000000,3.000000,0.857600,-0.000649,-0.002876,-0.120531,2.684024,-2.462530,-0.003309,0.008406,44.900000,0.000000,0.331425,-0.000492,0.000026,-0.000581,-0.000480,0.276877,
0.040000,24.941586,24.941586,4.000000,26.991255,26.991255,0.000000,41.100000,4.000000,0.860800,-0.001011,-0.003156,-0.118226,2.682903,-2.435467,-0.001990,0.025158,45.000000,0.000000,0.325118,-0.000704,-0.000464,-0.000381,0.003378,0.275310,
0.040000,25.042020,25.042020,3.000000,26.950264,26.950264,0.000000,41.200000,3.000000,0.857200,-0.000924,-0.002950,-0.118004,2.683594,-2.408273,-0.001829,0.011122,45.100000,0.000000,0.318486,-0.000233,-0.000193,-0.001739,-0.001454,0.272414,
0.040000,25.134170,25.134170,4.000000,26.885015,26.885015,0.000000,41.300000,4.000000,0.855600,-0.000901,-0.003086,-0.121312,2.685015,-2.381372,-0.001302,0.008679,45.200000,0.000000,0.312077,-0.000304,-0.000157,0.000770,-0.000530,0.272119,
0.040000,25.215678,25.215678,4.000000,26.764328,26.764328,0.000000,41.500000,4.000000,0.832800,-0.000035,-0.002495,-0.118169,2.684165,-2.299627,-0.003234,0.011632,45.400000,0.000000,0.306213,-0.000944,-0.000052,-0.000394,-0.000561,0.270201,
0.040000,25.280312,25.280312,3.000000,26.508354,26.508354,0.000000,41.700000,3.000000,0.879600,-0.000035,-0.002495,-0.118169,2.684165,-2.299627,-0.003234,0.010685,45.600000,0.000000,0.300255,-0.000461,-0.000748,0.003173,0.004720,0.274535,
0.040000,25.328106,25.328106,2.000000,26.236195,26.236195,0.000000,41.800000,2.000000,0.864400,-0.000106,-0.002735,-0.117013,2.685624,-2.245268,-0.002719,0.023229,45.700000,0.000000,0.275798,-0.000229,-0.000058,0.000483,-0.000457,0.270354,
0.040000,25.361189,25.361189,3.000000,25.989767,25.989767,0.000000,41.900000,3.000000,0.859600,-0.000103,-0.002395,-0.114417,2.685726,-2.218315,-0.002921,0.008311,45.800000,0.000000,0.253449,-0.000254,0.000149,-0.001088,-0.001030,0.271712,
0.040000,25.384534,25.384534,3.000000,25.828098,25.828098,0.000000,42.000000,3.000000,0.862400,-0.000069,-0.002759,-0.114497,2.687051,-2.191072,-0.002334,0.007862,45.900000,0.000000,0.248146,0.000136,0.000107,0.001412,-0.000825,0.270504,
0.040000,25.394492,25.394492,3.000000,25.583689,25.583689,0.000000,42.100000,3.000000,0.855200,-0.000142,-0.002305,-0.114350,2.688379,-2.164156,-0.002249,0.010126,46.000000,0.000000,0.243081,-0.000036,0.000220,-0.001646,-0.000548,0.271674,
0.040000,25.395031,25.395031,3.000000,25.405273,25.405273,0.000000,42.300000,3.000000,0.838400,-0.000171,-0.002255,-0.110921,2.693317,-2.082964,-0.001437,0.007822,46.200000,0.000000,0.238082,-0.000164,0.000232,0.002183,-0.001079,0.270124,
0.040000,25.393096,25.393096,3.000000,25.356337,25.356337,0.000000,42.400000,3.000000,0.868400,-0.000171,-0.002255,-0.110921,2.693317,-2.082964,-0.001437,0.011365,46.300000,0.000000,0.232998,-0.000225,0.000251,0.000945,-0.000913,0.270989,
0.040000,25.384687,25.384687,2.000000,25.224905,25.224905,0.000000,42.500000,2.000000,0.863200,0.000157,-0.002301,-0.109284,2.695287,-2.056007,-0.001792,0.021564,46.400000,0.000000,0.213233,-0.000006,0.000503,0.000265,-0.000678,0.270236,
0.040000,25.374143,25.374143,2.000000,25.173805,25.173805,0.000000,42.600000,2.000000,0.859600,0.000028,-0.002161,-0.108300,2.697607,-2.029101,-0.001377,0.008347,46.500000,0.000000,0.208565,0.000084,0.000423,-0.000135,0.001169,0.269874,
0.040000,25.359678,25.359678,2.000000,25.084854,25.084854,0.000000,42.700000,2.000000,0.852800,0.000134,-0.002313,-0.109657,2.698061,-2.002267,-0.001329,0.007590,46.600000,0.000000,0.203989,0.000041,0.000496,0.000783,-0.000691,0.269377,
0.040000,25.342921,25.342921,2.000000,25.024542,25.024542,0.000000,42.800000,2.000000,0.849200,0.000230,-0.002096,-0.108223,2.699556,-1.975298,-0.001953,0.007790,46.700000,0.000000,0.200030,-0.000238,0.000495,-0.000653,0.000020,0.268738,
0.040000,25.321135,25.321135,2.000000,24.907185,24.907185,0.000000,42.900000,2.000000,0.829200,0.000314,-0.002043,-0.108272,2.701457,-1.948404,-0.001522,0.011728,46.800000,0.000000,0.195725,-0.000100,0.000364,0.001063,0.000232,0.269325,
0.040000,25.293385,25.293385,2.000000,24.766134,24.766134,0.000000,43.000000,2.000000,0.840000,0.000491,-0.001921,-0.107886,2.705276,-1.894451,-0.001814,0.011331,46.900000,0.000000,0.191548,-0.000254,0.000441,0.000690,0.000263,0.269092,
0.040000,25.258743,25.258743,2.000000,24.600561,24.600561,0.000000,43.100000,2.000000,0.867200,0.000491,-0.001921,-0.107886,2.705276,-1.894451,-0.001814,0.010890,47.000000,0.000000,0.187475,-0.000231,0.000408,0.001191,-0.000276,0.269888,
0.040000,25.215334,25.215334,2.000000,24.390547,24.390547,0.000000,43.200000,2.000000,0.865200,0.000232,-0.002006,-0.107653,2.705725,-1.867663,-0.000673,0.019828,47.100000,0.000000,0.183381,-0.000439,0.000366,0.000161,0.000721,0.269433,
0.040000,25.165850,25.165850,2.000000,24.225670,24.225670,0.000000,43.300000,2.000000,0.855200,0.000503,-0.002063,-0.106777,2.708871,-1.840803,-0.001428,0.008248,47.200000,0.000000,0.179683,-0.000415,0.000583,-0.000520,-0.001653,0.268464,
0.040000,25.109166,25.109166,2.000000,24.032167,24.032167,0.000000,43.400000,2.000000,0.850000,0.000317,-0.002073,-0.110619,2.708658,-1.815782,-0.000518,0.007626,47.300000,0.000000,0.175513,-0.000423,0.000423,-0.000617,0.000711,0.268555,
0.040000,25.045715,25.045715,3.000000,23.840145,23.840145,0.000000,43.500000,3.000000,0.834800,0.000567,-0.001732,-0.109811,2.707596,-1.792560,-0.001684,0.009580,47.400000,0.000000,0.172307,-0.001131,0.000592,-0.000356,-0.001197,0.257210,
0.040000,24.977283,24.977283,3.000000,23.677074,23.677074,0.000000,43.600000,3.000000,0.838000,0.000258,-0.001544,-0.112202,2.707212,-1.771817,-0.001321,0.010486,47.500000,0.000000,0.169085,-0.000904,0.000352,0.001908,0.000811,0.241772,
0.040000,24.902461,24.902461,3.000000,23.480844,23.480844,0.000000,43.700000,3.000000,0.842000,0.000458,-0.001660,-0.113000,2.707396,-1.753136,-0.001342,0.007636,47.600000,0.000000,0.165939,-0.001328,0.000415,0.001833,-0.001812,0.220544,
0.040000,24.826011,24.826011,3.000000,23.373459,23.373459,0.000000,43.800000,3.000000,0.838800,0.000387,-0.001574,-0.113127,2.707827,-1.736325,-0.000704,0.008187,47.700000,0.000000,0.162672,-0.001463,0.000403,-0.000053,0.000363,0.199696,
0.040000,24.747384,24.747384,3.000000,23.253464,23.253464,0.000000,43.900000,3.000000,0.837200,0.000586,-0.001739,-0.112872,2.709136,-1.707528,-0.000956,0.009167,47.800000,0.000000,0.159394,-0.001474,0.000520,0.000467,-0.000470,0.180173,
0.040000,24.665698,24.665698,3.000000,23.113678,23.113678,0.000000,44.000000,3.000000,0.890000,0.000586,-0.001739,-0.112872,2.709136,-1.707528,-0.000956,0.008587,47.900000,0.000000,0.156225,-0.001518,0.000491,-0.001021,0.000794,0.161321,
0.040000,24.583026,24.583026,2.000000,23.012241,23.012241,0.000000,44.100000,2.000000,0.883200,0.000641,-0.001645,-0.114101,2.708853,-1.695390,-0.001256,0.021556,48.000000,0.000000,0.152923,-0.001405,0.000451,-0.000306,0.000254,0.147093,
0.040000,24.498850,24.498850,2.000000,22.899523,22.899523,0.000000,44.200000,2.000000,0.867600,0.000640,-0.001601,-0.114691,2.709660,-1.684047,-0.001159,0.008016,48.100000,0.000000,0.150001,-0.001609,0.000382,0.000416,0.000315,0.131203,
0.040000,24.413378,24.413378,3.000000,22.789408,22.789408,0.000000,44.300000,3.000000,0.877200,0.000620,-0.001437,-0.115067,2.710179,-1.674200,-0.001875,0.008511,48.200000,0.000000,0.146905,-0.001713,0.000394,0.000390,-0.000004,0.120222,
0.040000,24.327929,24.327929,2.000000,22.704388,22.704388,0.000000,44.400000,2.000000,0.859600,0.000598,-0.001723,-0.115610,2.708707,-1.665176,-0.000673,0.009472,48.300000,0.000000,0.143919,-0.001764,0.000245,0.001119,-0.000218,0.106776,
0.040000,24.242009,24.242009,2.000000,22.609531,22.609531,0.000000,44.500000,2.000000,0.862800,0.000538,-0.001714,-0.116105,2.708890,-1.657037,-0.000164,0.007333,48.400000,0.000000,0.141384,-0.001806,0.000477,-0.001370,-0.000305,0.096560,
0.040000,24.156601,24.156601,3.000000,22.533859,22.533859,0.000000,44.700000,3.000000,0.854000,0.000502,-0.001491,-0.115173,2.708803,-1.649423,-0.000970,0.008506,48.600000,0.000000,0.138572,-0.001871,0.000568,-0.000497,-0.000572,0.087181,
0.040000,24.067697,24.067697,2.000000,22.378515,22.378515,0.000000,44.800000,2.000000,0.863600,0.000700,-0.001577,-0.117615,2.710414,-1.636604,-0.001133,0.009263,48.700000,0.000000,0.135843,-0.001649,0.000398,0.001164,-0.000517,0.080357,
0.040000,23.980066,23.980066,2.000000,22.315069,22.315069,0.000000,44.900000,2.000000,0.871200,0.000481,-0.001452,-0.116181,2.711263,-1.630847,-0.001260,0.008187,48.800000,0.000000,0.124621,-0.002525,0.000301,-0.000384,0.000820,0.064931,
0.040000,23.894454,23.894454,2.000000,22.267834,22.267834,0.000000,45.000000,2.000000,0.864400,0.000635,-0.001418,-0.115927,2.710658,-1.625720,-0.000628,0.008695,48.900000,0.000000,0.121989,-0.002205,0.000270,0.000500,-0.000893,0.060859,
0.040000,23.810205,23.810205,2.000000,22.209480,22.209480,0.000000,45.100000,2.000000,0.855600,0.000505,-0.001265,-0.118059,2.710204,-1.621277,-0.001687,0.008290,49.000000,0.000000,0.119708,-0.002105,0.000389,0.000385,0.000537,0.055029,
0.040000,23.724996,23.724996,2.000000,22.106024,22.106024,0.000000,45.200000,2.000000,0.864400,0.000482,-0.001465,-0.117981,2.711669,-1.617136,-0.000744,0.009501,49.100000,0.000000,0.117468,-0.002477,0.000173,0.001078,-0.000627,0.048491,
0.040000,23.644529,23.644529,2.000000,22.115643,22.115643,0.000000,45.300000,2.000000,0.830800,0.000632,-0.001321,-0.117163,2.711395,-1.613275,-0.001620,0.009113,49.200000,0.000000,0.114870,-0.002428,0.000355,-0.000837,-0.000416,0.044117,
0.040000,23.566036,23.566036,2.000000,22.074678,22.074678,0.000000,45.400000,2.000000,0.866400,0.000618,-0.001159,-0.117206,2.710093,-1.609321,-0.002048,0.010974,49.300000,0.000000,0.112658,-0.002217,0.000176,0.000554,0.000733,0.040713,
0.040000,23.489213,23.489213,2.000000,22.029583,22.029583,0.000000,45.500000,2.000000,0.862000,0.000645,-0.001232,-0.117471,2.712119,-1.605179,-0.001716,0.023698,49.400000,0.000000,0.110699,-0.002171,0.000089,0.001201,0.000160,0.039992,
0.040000,23.414155,23.414155,2.000000,21.988037,21.988037,0.000000,45.600000,2.000000,0.871600,0.000683,-0.001365,-0.117180,2.711639,-1.601419,-0.001095,0.009093,49.500000,0.000000,0.108125,-0.002195,0.000152,-0.000010,0.000200,0.040873,
0.040000,23.337951,23.337951,2.000000,21.890076,21.890076,0.000000,45.700000,2.000000,0.857600,0.000723,-0.001357,-0.117878,2.713206,-1.597693,-0.001341,0.012029,49.600000,0.000000,0.106090,-0.002092,0.000271,-0.000843,0.000281,0.038850,
0.040000,23.265650,23.265650,2.000000,21.891937,21.891937,0.000000,45.800000,2.000000,0.856000,0.000590,-0.001209,-0.116919,2.712917,-1.593790,-0.001569,0.007394,49.700000,0.000000,0.103698,-0.002197,0.000217,-0.000289,0.000320,0.037865,
0.040000,23.194210,23.194210,2.000000,21.836849,21.836849,0.000000,45.900000,2.000000,0.844800,0.000634,-0.001398,-0.118989,2.712907,-1.590082,-0.001147,0.007453,49.800000,0.000000,0.101708,-0.001964,0.000168,0.000791,-0.000730,0.038588,
0.040000,23.123711,23.123711,2.000000,21.784231,21.784231,0.000000,46.000000,2.000000,0.850400,0.000536,-0.001175,-0.117850,2.713190,-1.586552,-0.001254,0.008797,49.900000,0.000000,0.099717,-0.002333,0.000247,-0.000880,-0.000033,0.037657,
0.040000,23.053011,23.053011,2.000000,21.709703,21.709703,0.000000,46.100000,2.000000,0.845600,0.000624,-0.001232,-0.118008,2.714448,-1.582738,-0.001824,0.009337,50.000000,0.000000,0.097693,-0.002064,0.000222,0.001028,-0.000649,0.036199,
0.040000,22.984193,22.984193,2.000000,21.676647,21.676647,0.000000,46.200000,2.000000,0.844400,0.000442,-0.001095,-0.116959,2.713411,-1.579071,-0.001701,0.007447,50.100000,0.000000,0.095521,-0.002058,0.000105,0.000028,0.000271,0.037395,
0.040000,22.917452,22.917452,2.000000,21.649382,21.649382,0.000000,46.300000,2.000000,0.850000,0.000754,-0.001115,-0.117838,2.715565,-1.575335,-0.001584,0.008132,50.200000,0.000000,0.093841,-0.001808,0.000127,0.000845,-0.001047,0.036946,
0.040000,22.850208,22.850208,1.000000,21.572567,21.572567,0.000000,46.400000,1.000000,0.855200,0.000765,-0.001232,-0.118890,2.715468,-1.571752,-0.001582,0.007310,50.300000,0.000000,0.091568,-0.001949,0.000148,0.000183,0.001498,0.037208,
0.040000,22.784946,22.784946,2.000000,21.544975,21.544975,0.000000,46.500000,2.000000,0.861600,0.000612,-0.001149,-0.118726,2.714151,-1.567951,-0.001798,0.006803,50.400000,0.000000,0.089783,-0.002118,0.000145,-0.000666,0.000616,0.036357,
0.040000,22.719165,22.719165,2.000000,21.469326,21.469326,0.000000,46.600000,2.000000,0.842000,0.000842,-0.001452,-0.119245,2.715007,-1.564220,-0.000620,0.010023,50.500000,0.000000,0.088273,-0.002044,0.000100,0.000240,-0.000737,0.037375,
0.040000,22.655534,22.655534,2.000000,21.446552,21.446552,0.000000,46.700000,2.000000,0.853200,0.000694,-0.001462,-0.118976,2.715921,-1.560707,-0.000709,0.008906,50.600000,0.000000,0.086363,-0.002106,0.000330,-0.001799,0.001112,0.037339,
0.040000,22.594983,22.594983,2.000000,21.444498,21.444498,0.000000,46.800000,2.000000,0.848800,0.000737,-0.001184,-0.117774,2.715314,-1.557135,-0.001711,0.010118,50.700000,0.000000,0.084480,-0.002010,0.000306,-0.000763,-0.000522,0.035967,
0.040000,22.541561,22.541561,1.000000,21.526545,21.526545,0.000000,46.900000,1.000000,0.850400,0.000676,-0.001153,-0.117895,2.717364,-1.553293,-0.001436,0.008377,50.800000,0.000000,0.082936,-0.001734,0.000102,0.001413,0.000033,0.035816,
0.040000,22.494338,22.494338,3.000000,21.597103,21.597103,0.000000,47.000000,3.000000,0.842800,0.000597,-0.001243,-0.117039,2.714461,-1.549509,-0.001063,0.006938,50.900000,0.000000,0.080895,-0.001718,0.000154,0.000710,-0.000393,0.037425,
0.040000,22.449849,22.449849,3.000000,21.604567,21.604567,0.000000,47.100000,3.000000,0.847600,0.000737,-0.001359,-0.120018,2.716119,-1.548523,-0.000939,0.010199,51.000000,0.000000,0.079875,-0.001525,0.000225,-0.000295,-0.000663,0.037682,
0.040000,22.407258,22.407258,4.000000,21.598022,21.598022,0.000000,47.200000,4.000000,0.826800,0.000611,-0.000791,-0.118985,2.716286,-1.549401,-0.002482,0.011432,51.100000,0.000000,0.077959,-0.002076,0.000245,-0.000837,0.000606,0.020485,
0.040000,22.364202,22.364202,3.000000,21.546148,21.546148,0.000000,47.300000,3.000000,0.846800,0.000603,-0.001195,-0.119912,2.711951,-1.551262,-0.001717,0.012289,51.200000,0.000000,0.076392,-0.001830,-0.000065,0.003195,-0.000545,0.002400,
0.040000,22.320488,22.320488,3.000000,21.489922,21.489922,0.000000,47.400000,3.000000,0.850800,0.000850,-0.001222,-0.118128,2.691184,-1.553089,-0.001645,0.009183,51.300000,0.000000,0.075736,-0.001996,0.000088,-0.001270,-0.000243,-0.010583,
0.040000,22.284216,22.284216,4.000000,21.595034,21.595034,0.000000,47.500000,4.000000,0.818000,0.001042,-0.001449,-0.105484,2.590317,-1.532215,-0.000936,0.008678,51.400000,0.000000,0.078346,-0.001684,0.000103,-0.000643,0.001443,-0.015331,
0.040000,22.263858,22.263858,3.000000,21.877058,21.877058,0.000000,47.600000,3.000000,0.806000,0.001042,-0.001449,-0.105484,2.590317,-1.532215,-0.000936,0.010920,51.500000,0.000000,0.084773,-0.000605,0.000308,-0.002116,0.000440,0.030694,
0.040000,22.259242,22.259242,4.000000,22.171551,22.171551,0.000000,47.700000,4.000000,0.776000,0.000653,-0.001234,-0.104777,2.510186,-1.515697,-0.001712,0.020730,51.600000,0.000000,0.095088,0.000433,0.000255,-0.000462,0.001282,0.104184,
0.040000,22.267109,22.267109,5.000000,22.416582,22.416582,0.000000,47.800000,5.000000,0.763200,0.000111,-0.000703,-0.098789,2.351336,-1.493431,-0.003282,0.007830,51.700000,0.000000,0.109028,-0.000046,0.000112,0.001070,-0.002050,0.141873,
0.040000,22.282177,22.282177,4.000000,22.568459,22.568459,0.000000,47.900000,4.000000,0.795600,0.000111,-0.000703,-0.098789,2.351336,-1.493431,-0.003282,0.012225,51.800000,0.000000,0.122802,-0.000158,0.000085,0.001001,-0.004818,0.133839,
0.040000,22.298568,22.298568,8.000000,22.610001,22.610001,0.000000,48.100000,8.000000,0.702400,-0.000472,-0.000367,-0.081445,2.107196,-1.484118,-0.003717,0.022712,52.000000,0.000000,0.135834,-0.000788,-0.000192,0.003037,-0.001305,0.109082,
0.040000,22.313749,22.313749,4.000000,22.602180,22.602180,0.000000,48.200000,4.000000,0.750800,-0.000472,-0.000367,-0.081445,2.107196,-1.484118,-0.003717,0.025421,52.100000,0.000000,0.148988,-0.000970,-0.000293,0.002376,-0.001855,0.078398,
0.040000,22.324274,22.324274,4.000000,22.524254,22.524254,0.000000,48.300000,4.000000,0.714800,-0.000822,-0.000570,-0.073863,2.025302,-1.485363,-0.001477,0.021939,52.200000,0.000000,0.202016,-0.001504,-0.000236,0.000789,-0.001842,0.020007,
0.040000,22.326791,22.326791,5.000000,22.374605,22.374605,0.000000,48.400000,5.000000,0.697600,-0.000832,-0.000151,-0.063434,1.868917,-1.493126,-0.003764,0.020511,52.300000,0.000000,0.214225,-0.001384,0.000201,-0.000773,-0.002756,0.002061,
0.040000,22.321782,22.321782,3.000000,22.226624,22.226624,0.000000,48.500000,3.000000,0.746400,-0.000832,-0.000151,-0.063434,1.868917,-1.493126,-0.003764,0.010949,52.400000,0.000000,0.225256,-0.001575,0.000020,0.000720,-0.000749,-0.019654,
0.040000,22.308376,22.308376,4.000000,22.053667,22.053667,0.000000,48.600000,4.000000,0.722400,-0.000678,-0.000347,-0.057972,1.786578,-1.498481,-0.003405,0.021211,52.500000,0.000000,0.236422,-0.001854,-0.000278,0.001781,-0.000670,-0.034662,
0.040000,22.285504,22.285504,3.000000,21.850922,21.850922,0.000000,48.700000,3.000000,0.705200,-0.001460,-0.000795,-0.047975,1.623799,-1.511062,-0.000680,0.009515,52.600000,0.000000,0.248016,-0.002003,-0.000215,-0.000550,0.000703,-0.046332,
0.040000,22.257003,22.257003,2.000000,21.715490,21.715490,0.000000,48.800000,2.000000,0.770400,-0.001460,-0.000795,-0.047975,1.623799,-1.511062,-0.000680,0.009555,52.700000,0.000000,0.258868,-0.002080,-0.000484,0.001456,-0.003264,-0.055776,
0.040000,22.221665,22.221665,4.000000,21.550247,21.550247,0.000000,48.900000,4.000000,0.702000,-0.001317,-0.000394,-0.042822,1.544604,-1.517964,-0.003735,0.020921,52.800000,0.000000,0.270156,-0.002174,0.000304,-0.003974,-0.002522,-0.060979,
0.040000,22.178696,22.178696,3.000000,21.362274,21.362274,0.000000,49.000000,3.000000,0.702000,-0.001506,-0.000766,-0.035517,1.385525,-1.530916,-0.001601,0.010508,52.900000,0.000000,0.280470,-0.002049,-0.000326,0.000900,-0.000050,-0.065952,
0.040000,22.128663,22.128663,3.000000,21.178047,21.178047,0.000000,49.200000,3.000000,0.719200,-0.001506,-0.000766,-0.035517,1.385525,-1.530916,-0.001601,0.008275,53.100000,0.000000,0.290588,-0.002305,-0.000037,-0.002449,0.000190,-0.065895,
0.040000,22.062831,22.062831,3.000000,20.812010,20.812010,0.000000,49.300000,3.000000,0.722800,-0.001837,-0.000272,-0.026104,1.144585,-1.547140,-0.001274,0.020135,53.200000,0.000000,0.300600,-0.002078,0.000060,-0.000551,-0.001250,-0.064511,
0.040000,21.995403,21.995403,2.000000,20.714289,20.714289,0.000000,49.400000,2.000000,0.769200,-0.001837,-0.000272,-0.026104,1.144585,-1.547140,-0.001274,0.011373,53.300000,0.000000,0.339380,-0.002160,0.000416,0.000205,0.001111,-0.057471,
0.040000,21.924321,21.924321,2.000000,20.573750,20.573750,0.000000,49.500000,2.000000,0.744400,-0.001882,-0.000378,-0.024698,1.065206,-1.551259,-0.001414,0.019968,53.400000,0.000000,0.348872,-0.001850,0.000225,0.002425,-0.002647,-0.052267,
0.040000,21.850851,21.850851,2.000000,20.454920,20.454920,0.000000,49.600000,2.000000,0.694800,-0.001459,-0.000772,-0.021944,0.906764,-1.557536,-0.001389,0.006948,53.500000,0.000000,0.357616,-0.001906,0.000164,0.000257,-0.001299,-0.045529,
0.040000,21.775814,21.775814,2.000000,20.350107,20.350107,0.000000,49.700000,2.000000,0.774000,-0.001459,-0.000772,-0.021944,0.906764,-1.557536,-0.001389,0.007639,53.600000,0.000000,0.366183,-0.001752,-0.000021,-0.000064,0.001148,-0.038463,
0.040000,21.704126,21.704126,3.000000,20.342060,20.342060,0.000000,49.800000,3.000000,0.725600,-0.001589,-0.000645,-0.019867,0.825852,-1.559701,-0.001489,0.019817,53.700000,0.000000,0.374540,-0.001848,0.000112,-0.002361,0.001423,-0.032432,
0.040000,21.634717,21.634717,2.000000,20.315943,20.315943,0.000000,49.900000,2.000000,0.712000,-0.002047,-0.000463,-0.017969,0.665070,-1.562462,-0.000966,0.007988,53.800000,0.000000,0.383091,-0.001615,0.000067,-0.000135,-0.000255,-0.025769,
0.040000,21.567177,21.567177,2.000000,20.283926,20.283926,0.000000,50.000000,2.000000,0.769200,-0.002047,-0.000463,-0.017969,0.665070,-1.562462,-0.000966,0.010833,53.900000,0.000000,0.391366,-0.001437,-0.000026,0.000829,-0.001576,-0.019863,
0.040000,21.500795,21.500795,2.000000,20.239527,20.239527,0.000000,50.100000,2.000000,0.730000,-0.002074,-0.000427,-0.016595,0.584434,-1.563043,-0.001156,0.020568,54.000000,0.000000,0.399490,-0.001507,0.000115,0.000530,-0.001945,-0.014633,
0.040000,21.435324,21.435324,2.000000,20.191372,20.191372,0.000000,50.200000,2.000000,0.706400,-0.001828,-0.000573,-0.015344,0.425351,-1.562939,-0.000763,0.008163,54.100000,0.000000,0.407500,-0.001339,0.000043,0.000420,-0.000905,-0.009182,
0.040000,21.371291,21.371291,2.000000,20.154682,20.154682,0.000000,50.300000,2.000000,0.807200,-0.001828,-0.000573,-0.015344,0.425351,-1.562939,-0.000763,0.009528,54.200000,0.000000,0.415038,-0.001296,0.000118,-0.000284,-0.000615,-0.004461,
0.040000,21.307990,21.307990,2.000000,20.105272,20.105272,0.000000,50.400000,2.000000,0.735600,-0.001806,-0.000539,-0.014292,0.345408,-1.562337,-0.001046,0.020978,54.300000,0.000000,0.422628,-0.001281,0.000051,-0.000565,0.001556,-0.000103,
0.040000,21.244102,21.244102,3.000000,20.030224,20.030224,0.000000,50.500000,3.000000,0.712800,-0.001855,-0.000405,-0.012707,0.186015,-1.560478,-0.002533,0.019774,54.400000,0.000000,0.430050,-0.001172,-0.000034,-0.000000,0.000727,0.003680,
0.040000,21.181976,21.181976,2.000000,20.001589,20.001589,0.000000,50.600000,2.000000,0.794800,-0.001855,-0.000405,-0.012707,0.186015,-1.560478,-0.002533,0.011600,54.500000,0.000000,0.437236,-0.001064,-0.000244,0.001414,0.002101,0.006662,
0.040000,21.120291,21.120291,2.000000,19.948263,19.948263,0.000000,50.700000,2.000000,0.728800,-0.001910,-0.000430,-0.011855,0.105754,-1.559158,-0.002354,0.021934,54.600000,0.000000,0.444367,-0.001095,-0.000374,-0.000028,-0.001331,0.008780,
0.040000,21.059776,21.059776,4.000000,19.909994,19.909994,0.000000,50.800000,4.000000,0.680400,-0.001125,-0.000110,0.000886,-0.020806,-1.546616,-0.003089,0.019846,54.700000,0.000000,0.451428,-0.001069,-0.000360,-0.000152,-0.000851,0.011506,
0.040000,21.012805,21.012805,4.000000,20.120358,20.120358,0.000000,50.900000,4.000000,0.784800,-0.001125,-0.000110,0.000886,-0.020806,-1.546616,-0.003089,0.021122,54.800000,0.000000,0.457143,-0.000532,-0.000338,-0.000766,0.002689,0.016864,
0.040000,20.988143,20.988143,6.000000,20.519567,20.519567,0.000000,51.100000,6.000000,0.769600,-0.000879,-0.000230,0.001393,-0.060060,-1.528257,-0.002938,0.022530,55.000000,0.000000,0.458497,0.001163,-0.000533,0.002501,0.002837,0.071494,
0.040000,21.005626,21.005626,3.000000,21.337791,21.337791,0.000000,51.200000,3.000000,0.748000,-0.000952,-0.000026,0.004390,-0.083343,-1.490131,-0.003568,0.019702,55.100000,0.000000,0.457196,0.001053,-0.000502,0.000325,0.002585,0.140771,
0.040000,21.039565,21.039565,4.000000,21.684416,21.684416,0.000000,51.300000,4.000000,0.714800,-0.000882,-0.000302,0.003630,-0.084569,-1.472861,-0.002989,0.007954,55.200000,0.000000,0.430462,0.001758,-0.000718,0.001149,-0.000237,0.188071,
0.040000,21.092040,21.092040,5.000000,22.089062,22.089062,0.000000,51.400000,5.000000,0.734400,-0.000849,-0.000118,0.006976,-0.087831,-1.454398,-0.003637,0.008810,55.300000,0.000000,0.422232,0.001555,-0.000590,-0.000925,0.000268,0.179568,
0.040000,21.160935,21.160935,6.000000,22.469950,22.469950,0.000000,51.500000,6.000000,0.733200,-0.001052,-0.000474,0.007421,-0.086116,-1.434241,-0.001648,0.031772,55.400000,0.000000,0.414635,0.002116,-0.000706,0.000854,0.000282,0.182647,
0.040000,21.251106,21.251106,6.000000,22.964355,22.964355,0.000000,51.600000,6.000000,0.729200,-0.000987,-0.000637,0.006373,-0.092871,-1.413325,-0.000628,0.010867,55.500000,0.000000,0.406159,0.002201,-0.000301,-0.001748,-0.001182,0.194315,
0.040000,21.360566,21.360566,5.000000,23.440296,23.440296,0.000000,51.700000,5.000000,0.718400,-0.000975,-0.000503,0.008488,-0.097732,-1.366266,-0.002209,0.011136,55.600000,0.000000,0.399459,0.001772,-0.000096,-0.001543,-0.000123,0.203490,
0.040000,21.489369,21.489369,5.000000,23.936632,23.936632,0.000000,51.800000,5.000000,0.832000,-0.000975,-0.000503,0.008488,-0.097732,-1.366266,-0.002209,0.013838,55.700000,0.000000,0.391947,0.002291,-0.000252,0.000712,-0.001318,0.222033,
0.040000,21.636270,21.636270,4.000000,24.427391,24.427391,0.000000,51.900000,4.000000,0.823200,-0.001080,-0.000600,0.007379,-0.104249,-1.340592,-0.001536,0.024261,55.800000,0.000000,0.384892,0.001938,-0.000401,0.000113,0.000695,0.231336,
0.040000,21.800571,21.800571,4.000000,24.922279,24.922279,0.000000,52.000000,4.000000,0.810000,-0.001064,-0.000351,0.008802,-0.105203,-1.313953,-0.002325,0.010472,55.900000,0.000000,0.378528,0.001426,-0.000262,-0.000394,-0.000469,0.247040,
0.040000,21.982663,21.982663,4.000000,25.442415,25.442415,0.000000,52.100000,4.000000,0.803600,-0.001147,-0.000434,0.010664,-0.111146,-1.286702,-0.001727,0.009536,56.000000,0.000000,0.371323,0.001628,-0.000412,0.001567,-0.000162,0.259000,
0.040000,22.179596,22.179596,4.000000,25.921320,25.921320,0.000000,52.200000,4.000000,0.813600,-0.001118,-0.000499,0.009871,-0.112679,-1.258835,-0.001463,0.011837,56.100000,0.000000,0.365237,0.001653,-0.000288,0.000269,-0.000639,0.267349,
0.040000,22.390132,22.390132,3.000000,26.390318,26.390318,0.000000,52.300000,3.000000,0.803600,-0.001269,-0.000229,0.010695,-0.113192,-1.230362,-0.002282,0.009693,56.200000,0.000000,0.358289,0.001386,-0.000230,-0.000106,-0.000149,0.274342,
0.040000,22.610552,22.610552,3.000000,26.798527,26.798527,0.000000,52.400000,3.000000,0.789600,-0.001300,-0.000157,0.009773,-0.118831,-1.173255,-0.002123,0.010634,56.300000,0.000000,0.351377,0.001482,-0.000387,0.001843,-0.001052,0.280764,
0.040000,22.842527,22.842527,3.000000,27.250067,27.250067,0.000000,52.500000,3.000000,0.852800,-0.001300,-0.000157,0.009773,-0.118831,-1.173255,-0.002123,0.010196,56.400000,0.000000,0.344516,0.001033,-0.000344,0.000134,-0.000174,0.283533,
0.040000,23.082848,23.082848,3.000000,27.648941,27.648941,0.000000,52.600000,3.000000,0.858400,-0.001155,-0.000266,0.010718,-0.116482,-1.144647,-0.002397,0.020063,56.500000,0.000000,0.338647,0.000864,-0.000343,0.001510,-0.000581,0.284949,
0.040000,23.331912,23.331912,3.000000,28.064131,28.064131,0.000000,52.700000,3.000000,0.860000,-0.001291,-0.000553,0.009848,-0.117829,-1.116467,-0.001257,0.008631,56.600000,0.000000,0.331618,0.001198,-0.000390,0.000121,0.000634,0.285649,
0.040000,23.588025,23.588025,3.000000,28.454170,28.454170,0.000000,52.800000,3.000000,0.848400,-0.001353,-0.000348,0.010663,-0.114873,-1.087973,-0.001624,0.008430,56.700000,0.000000,0.325251,0.000908,-0.000158,-0.001517,-0.000668,0.283268,
0.040000,23.850928,23.850928,3.000000,28.846085,28.846085,0.000000,52.900000,3.000000,0.844400,-0.001338,-0.000491,0.009310,-0.115805,-1.060133,-0.001644,0.009488,56.800000,0.000000,0.318385,0.001290,-0.000226,0.000918,-0.000714,0.284300,
0.040000,24.116406,24.116406,3.000000,29.160477,29.160477,0.000000,53.000000,3.000000,0.822000,-0.001230,-0.000497,0.007226,-0.113197,-1.032356,-0.001256,0.012255,56.900000,0.000000,0.312145,0.000943,-0.000226,-0.000297,-0.000258,0.280658,
0.040000,24.381739,24.381739,3.000000,29.423075,29.423075,0.000000,53.100000,3.000000,0.832400,-0.001254,-0.000778,0.008143,-0.112786,-0.977085,-0.000358,0.007914,57.000000,0.000000,0.305339,0.000817,-0.000144,0.000067,0.000486,0.278871,
0.040000,24.648200,24.648200,2.000000,29.710962,29.710962,0.000000,53.200000,2.000000,0.884400,-0.001254,-0.000778,0.008143,-0.112786,-0.977085,-0.000358,0.011249,57.100000,0.000000,0.299234,0.001068,-0.000224,0.000893,0.000161,0.278656,
0.040000,24.913664,24.913664,3.000000,29.957479,29.957479,0.000000,53.300000,3.000000,0.864800,-0.001239,-0.000644,0.006639,-0.110911,-0.949725,-0.001135,0.020112,57.200000,0.000000,0.293433,0.000974,0.000041,-0.001844,-0.000236,0.275892,
0.040000,25.177652,25.177652,3.000000,30.193426,30.193426,0.000000,53.400000,3.000000,0.867600,-0.001130,-0.000486,0.006569,-0.108648,-0.922350,-0.001438,0.009006,57.300000,0.000000,0.287169,0.000916,-0.000113,0.000335,-0.000117,0.274477,
0.040000,25.439529,25.439529,2.000000,30.415184,30.415184,0.000000,53.500000,2.000000,0.852000,-0.001114,-0.000759,0.005916,-0.108030,-0.895163,-0.000665,0.008709,57.400000,0.000000,0.281131,0.001147,-0.000170,0.001305,0.000535,0.274027,
0.040000,25.700288,25.700288,2.000000,30.654720,30.654720,0.000000,53.600000,2.000000,0.850000,-0.001266,-0.000731,0.004534,-0.107979,-0.867941,-0.001395,0.008467,57.500000,0.000000,0.275407,0.001095,-0.000014,-0.000998,0.000194,0.272693,
0.040000,25.958214,25.958214,3.000000,30.858793,30.858793,0.000000,53.700000,3.000000,0.834800,-0.001038,-0.000492,0.004632,-0.104157,-0.840882,-0.001391,0.010030,57.600000,0.000000,0.269792,0.000867,-0.000157,-0.000010,-0.000987,0.272402,
0.040000,26.212035,26.212035,2.000000,31.034643,31.034643,0.000000,53.800000,2.000000,0.830800,-0.000986,-0.000746,0.001953,-0.103203,-0.786698,-0.000479,0.021807,57.700000,0.000000,0.263902,0.001352,-0.000153,0.001668,0.000931,0.271286,
0.040000,26.458749,26.458749,2.000000,31.146317,31.146317,0.000000,53.900000,2.000000,0.864800,-0.000986,-0.000746,0.001953,-0.103203,-0.786698,-0.000479,0.021812,57.800000,0.000000,0.258598,0.001178,0.000159,-0.001953,-0.001051,0.272024,
0.040000,26.698144,26.698144,2.000000,31.246647,31.246647,0.000000,54.000000,2.000000,0.857600,-0.000974,-0.000784,0.000878,-0.102990,-0.759782,-0.000545,0.019937,57.900000,0.000000,0.253089,0.001045,0.000028,0.000652,0.001063,0.270378,
0.040000,26.928413,26.928413,2.000000,31.303518,31.303518,0.000000,54.100000,2.000000,0.840000,-0.000960,-0.000731,0.000952,-0.100804,-0.732589,-0.000706,0.008015,58.000000,0.000000,0.247911,0.000903,0.000014,0.000177,0.000353,0.269624,
0.040000,27.151014,27.151014,2.000000,31.380445,31.380445,0.000000,54.200000,2.000000,0.844000,-0.001032,-0.000783,-0.001018,-0.099937,-0.705798,-0.000414,0.008920,58.100000,0.000000,0.242727,0.001209,-0.000017,0.000555,0.000095,0.271046,
0.040000,27.363506,27.363506,2.000000,31.400846,31.400846,0.000000,54.300000,2.000000,0.788000,-0.000913,-0.000940,-0.002422,-0.099380,-0.678822,0.000116,0.007970,58.200000,0.000000,0.237529,0.001052,0.000041,0.000056,-0.000535,0.269107,
0.040000,27.564301,27.564301,2.000000,31.379412,31.379412,0.000000,54.400000,2.000000,0.795200,-0.000900,-0.000847,-0.004099,-0.100001,-0.652046,-0.000487,0.019803,58.300000,0.000000,0.232554,0.000935,0.000145,-0.000785,0.000389,0.269513,
0.040000,27.756829,27.756829,3.000000,31.414846,31.414846,0.000000,54.500000,3.000000,0.767200,-0.000677,-0.001054,-0.006910,-0.099661,-0.598234,0.000259,0.007449,58.400000,0.000000,0.227778,0.000613,0.000023,0.000426,0.000078,0.268428,
0.040000,27.937445,27.937445,2.000000,31.369165,31.369165,0.000000,54.600000,2.000000,0.862000,-0.000677,-0.001054,-0.006910,-0.099661,-0.598234,0.000259,0.011500,58.500000,0.000000,0.223355,0.000361,-0.000035,0.000205,-0.000737,0.269462,
0.040000,28.110520,28.110520,2.000000,31.398945,31.398945,0.000000,54.700000,2.000000,0.821200,-0.000742,-0.001002,-0.007505,-0.098497,-0.571181,0.000008,0.021516,58.600000,0.000000,0.218381,0.000325,0.000171,-0.000946,0.001562,0.268572,
0.040000,28.270900,28.270900,2.000000,31.318108,31.318108,0.000000,54.800000,2.000000,0.825200,-0.000720,-0.000897,-0.007307,-0.097883,-0.544495,-0.000142,0.019166,58.700000,0.000000,0.213839,0.000442,0.000118,0.000078,0.000022,0.269783,
0.040000,28.419659,28.419659,2.000000,31.246086,31.246086,0.000000,54.900000,2.000000,0.812400,-0.000711,-0.000941,-0.008265,-0.098854,-0.517536,0.000152,0.008755,58.800000,0.000000,0.209580,0.000557,0.000087,0.000801,-0.000013,0.267976,
0.040000,28.555299,28.555299,3.000000,31.132450,31.132450,0.000000,55.100000,3.000000,0.787200,-0.000557,-0.000980,-0.010179,-0.098219,-0.490644,0.000185,0.007595,59.000000,0.000000,0.205375,0.000284,0.000143,0.000149,-0.000102,0.268974,
0.040000,28.667801,28.667801,3.000000,30.805349,30.805349,0.000000,55.200000,3.000000,0.724400,-0.000171,-0.001082,-0.009014,-0.096796,-0.410389,0.001325,0.007542,59.100000,0.000000,0.200925,0.000200,0.000147,-0.000076,0.000753,0.268939,
0.040000,28.766040,28.766040,2.000000,30.632578,30.632578,0.000000,55.300000,2.000000,0.824800,-0.000171,-0.001082,-0.009014,-0.096796,-0.410389,0.001325,0.022214,59.200000,0.000000,0.184334,0.000026,0.000086,0.000552,-0.000481,0.269266,
0.040000,28.849089,28.849089,2.000000,30.427023,30.427023,0.000000,55.400000,2.000000,0.809600,-0.000150,-0.001027,-0.012581,-0.099204,-0.383063,0.001087,0.020960,59.300000,0.000000,0.181183,0.000434,0.000333,-0.000735,0.002103,0.266348,
0.040000,28.919514,28.919514,2.000000,30.257578,30.257578,0.000000,55.500000,2.000000,0.808000,-0.000041,-0.001030,-0.014806,-0.098715,-0.356053,0.001687,0.030768,59.400000,0.000000,0.177160,-0.000289,0.000279,0.000077,0.000777,0.270552,
0.040000,28.974778,28.974778,2.000000,30.024811,30.024811,0.000000,55.600000,2.000000,0.737200,-0.000204,-0.000967,-0.014946,-0.098150,-0.329314,0.000647,0.007257,59.500000,0.000000,0.173228,-0.000358,0.000392,0.000024,0.000797,0.270276,
0.040000,29.013004,29.013004,3.000000,29.739286,29.739286,0.000000,55.700000,3.000000,0.745600,-0.000191,-0.000926,-0.008936,-0.097107,-0.302841,0.000753,0.021092,59.600000,0.000000,0.169750,-0.000256,0.000179,0.000421,-0.000868,0.268492,
0.040000,29.036613,29.036613,3.000000,29.485180,29.485180,0.000000,55.800000,3.000000,0.726000,-0.000244,-0.000892,-0.004389,-0.095488,-0.276168,0.000618,0.008572,59.700000,0.000000,0.167460,0.000326,0.000197,0.000444,-0.000403,0.266167,
0.040000,29.045202,29.045202,17.000000,29.208395,29.208395,0.000000,55.900000,17.000000,0.660800,-0.000624,-0.000805,-0.073349,-0.080261,-0.232029,-0.000755,0.007533,59.800000,0.000000,0.164919,0.000892,0.000167,0.000418,-0.000633,0.266510,
0.040000,29.040086,29.040086,3.000000,28.942883,28.942883,0.000000,56.000000,3.000000,0.745600,-0.000624,-0.000805,-0.073349,-0.080261,-0.232029,-0.000755,0.016917,59.900000,0.000000,0.159698,0.000007,0.000356,-0.000044,0.001112,0.262385,
0.040000,29.020749,29.020749,3.000000,28.653341,28.653341,0.000000,56.100000,3.000000,0.744400,-0.000285,-0.000815,-0.068488,-0.075257,-0.212143,-0.000019,0.022584,60.000000,0.000000,0.144626,0.000365,-0.000114,0.000778,-0.003517,0.212432,
0.040000,28.989145,28.989145,3.000000,28.388680,28.388680,0.000000,56.200000,3.000000,0.738000,-0.000408,-0.000678,-0.068731,-0.073717,-0.193109,-0.000425,0.011212,60.100000,0.000000,0.142480,0.001539,0.000034,0.000290,0.000648,0.204040,
0.040000,28.947183,28.947183,4.000000,28.149902,28.149902,0.000000,56.300000,4.000000,0.729200,-0.000086,-0.000788,-0.059993,-0.077486,-0.175554,0.000205,0.010190,60.200000,0.000000,0.139559,0.001795,-0.000047,0.001000,-0.000599,0.195574,
0.040000,28.895076,28.895076,5.000000,27.905035,27.905035,0.000000,56.400000,5.000000,0.724000,-0.000417,-0.000740,-0.052399,-0.083801,-0.160054,-0.000761,0.008589,60.300000,0.000000,0.138641,0.001361,0.000078,-0.000270,0.001680,0.183202,
0.040000,28.835177,28.835177,4.000000,27.697111,27.697111,0.000000,56.500000,4.000000,0.724800,-0.000171,-0.000750,-0.056097,-0.074944,-0.147454,0.000019,0.008252,60.400000,0.000000,0.137598,0.000369,-0.000115,0.000217,-0.001477,0.165767,
0.040000,28.768593,28.768593,7.000000,27.503500,27.503500,0.000000,56.600000,7.000000,0.726800,-0.000055,-0.000738,-0.052827,-0.080930,-0.134462,0.000256,0.010167,60.500000,0.000000,0.133884,0.001971,0.000042,0.000045,0.000898,0.141195,
0.040000,28.697739,28.697739,3.000000,27.351511,27.351511,0.000000,56.700000,3.000000,0.695200,-0.000285,-0.000633,-0.048190,-0.071653,-0.124301,-0.000112,0.011436,60.600000,0.000000,0.132054,0.000858,0.000087,0.000097,0.000999,0.134225,
0.040000,28.622762,28.622762,8.000000,27.198189,27.198189,0.000000,56.800000,8.000000,0.715200,-0.000034,-0.000660,-0.040872,-0.070328,-0.113402,0.000341,0.009445,60.700000,0.000000,0.130109,0.002778,0.000014,0.000699,-0.001083,0.114067,
0.040000,28.543823,28.543823,3.000000,27.043987,27.043987,0.000000,56.900000,3.000000,0.696000,-0.000174,-0.000670,-0.043216,-0.071942,-0.105183,-0.000018,0.011191,60.800000,0.000000,0.128942,0.003162,0.000103,0.000107,0.001097,0.110933,
0.040000,28.464314,28.464314,7.000000,26.953640,26.953640,0.000000,57.000000,7.000000,0.691200,-0.000178,-0.000511,-0.042031,-0.063793,-0.097225,-0.000209,0.007896,60.900000,0.000000,0.125973,0.002731,0.000030,-0.000013,-0.000482,0.093168,
0.040000,28.383305,28.383305,6.000000,26.844143,26.844143,0.000000,57.100000,6.000000,0.801600,0.000019,-0.000617,-0.042492,-0.064915,-0.090146,0.000793,0.009278,61.000000,0.000000,0.123549,0.004302,-0.000007,0.000986,-0.000237,0.084768,
0.040000,28.300651,28.300651,3.000000,26.730219,26.730219,0.000000,57.200000,3.000000,0.827600,-0.000031,-0.000356,0.001317,-0.050559,-0.090692,0.000270,0.022533,61.100000,0.000000,0.121041,0.003987,0.000191,-0.000276,0.001106,0.076130,
0.040000,28.216845,28.216845,2.000000,26.624527,26.624527,0.000000,57.300000,2.000000,0.811200,-0.000274,-0.000473,0.004826,-0.052817,-0.084445,-0.000353,0.008325,61.200000,0.000000,0.127011,0.007511,0.000086,0.001512,0.000111,0.025703,
0.040000,28.132832,28.132832,2.000000,26.536583,26.536583,0.000000,57.400000,2.000000,0.824000,-0.000246,-0.000360,0.006561,-0.052209,-0.078485,-0.000337,0.008148,61.300000,0.000000,0.125234,0.006981,-0.000039,-0.000145,-0.001475,0.048425,
0.040000,28.048788,28.048788,2.000000,26.451958,26.451958,0.000000,57.500000,2.000000,0.828800,-0.000386,-0.000339,0.007372,-0.052421,-0.073557,-0.001133,0.007180,61.400000,0.000000,0.123091,0.006992,-0.000035,0.000655,-0.000407,0.055334,
0.040000,27.965093,27.965093,2.000000,26.374878,26.374878,0.000000,57.600000,2.000000,0.831600,-0.000192,-0.000339,0.008615,-0.053771,-0.068681,-0.000421,0.007183,61.500000,0.000000,0.120823,0.006825,-0.000191,0.000392,-0.001028,0.051594,
0.040000,27.881139,27.881139,3.000000,26.286018,26.286018,0.000000,57.800000,3.000000,0.840400,-0.000370,-0.000389,0.008683,-0.049762,-0.064877,-0.000847,0.007875,61.700000,0.000000,0.118700,0.006442,-0.000047,0.000155,0.000793,0.049840,
0.040000,27.794829,27.794829,2.000000,26.154936,26.154936,0.000000,57.900000,2.000000,0.833200,-0.000167,-0.000345,0.006729,-0.052099,-0.056479,0.000024,0.008789,61.800000,0.000000,0.116314,0.007106,-0.000130,-0.000242,-0.000805,0.042546,
0.040000,27.708416,27.708416,2.000000,26.066570,26.066570,0.000000,58.000000,2.000000,0.835600,-0.000272,-0.000319,0.008286,-0.052217,-0.052576,-0.000386,0.008476,61.900000,0.000000,0.106452,0.005579,0.000223,0.000206,0.000909,0.042018,
0.040000,27.624621,27.624621,2.000000,26.032528,26.032528,0.000000,58.100000,2.000000,0.841600,-0.000299,-0.000278,0.008997,-0.051244,-0.048745,-0.000458,0.007452,62.000000,0.000000,0.104664,0.005463,0.000138,0.000241,-0.000184,0.040370,
0.040000,27.541756,27.541756,2.000000,25.967306,25.967306,0.000000,58.200000,2.000000,0.835600,-0.000203,-0.000434,0.007955,-0.050980,-0.045064,-0.000294,0.007880,62.100000,0.000000,0.102733,0.005554,0.000121,0.000350,-0.000242,0.039112,
0.040000,27.459395,27.459395,2.000000,25.894541,25.894541,0.000000,58.300000,2.000000,0.831600,-0.000161,-0.000315,0.007753,-0.052629,-0.041008,-0.000299,0.007969,62.200000,