"ADAPTIVE_THRESHOLD_SIGMA","ESTIMATED_OBSERVATION_RADIUS","ESTIMATED_SENSOR_MAX_RANGE","ICP_ITERATION","INSTANTANEOUS_OBSERVATION_RADIUS","INSTANTANEOUS_SENSOR_MAX_RANGE","SENSOR_TIME_OFFSET","current_relative_timestamp","icp_iterations","icp_quality","robot_pitch","robot_roll","robot_x","robot_y","robot_yaw","robot_z","time_onLidar","timestamp","twistCorrectionCount","vx","vy","vz","wx","wy","wz",
0.200000,25.037621,25.037621,0.000000,20.000000,20.000000,0.000000,0.000000,0.000000,0.000000,0.000000,0.000000,0.000000,0.000000,0.000000,0.000000,0.000000,713.300000,0.000000,0.000000,0.000000,0.000000,0.000000,0.000000,0.000000,
0.200000,25.037605,25.037605,0.000000,25.037300,25.037300,0.000000,0.100000,0.000000,0.988000,-0.000046,-0.000055,0.000078,-0.000500,-0.000021,0.000058,0.012591,713.400000,0.000000,0.000000,0.000000,0.000000,0.000000,0.000000,0.000000,
0.197500,25.037608,25.037608,0.000000,25.037670,25.037670,0.000000,0.200000,0.000000,0.998800,-0.000046,-0.000055,0.000078,-0.000500,-0.000021,0.000058,0.011465,713.500000,0.000000,0.000000,0.000000,0.000000,0.000000,0.000000,0.000000,
0.195000,25.037600,25.037600,0.000000,25.037460,25.037460,0.000000,0.300000,0.000000,0.998000,-0.000070,-0.000029,0.000005,-0.000358,-0.000035,0.000500,0.010711,713.600000,0.000000,0.000000,0.000000,0.000000,0.000000,0.000000,0.000000,
0.192500,25.037596,25.037596,1.000000,25.037516,25.037516,0.000000,0.400000,1.000000,0.998800,-0.000079,0.000018,0.000209,0.000325,0.000029,0.000467,0.006421,713.700000,0.000000,0.000000,0.000000,0.000000,0.000000,0.000000,0.000000,
0.190000,25.037596,25.037596,0.000000,25.037582,25.037582,0.000000,0.500000,0.000000,0.997200,-0.000190,-0.000046,0.000622,-0.000399,-0.000023,0.000873,0.006961,713.800000,0.000000,0.000000,0.000000,0.000000,0.000000,0.000000,0.000000,
0.187500,25.037544,25.037544,1.000000,25.036562,25.036562,0.000000,0.600000,1.000000,0.996800,-0.000070,-0.000061,0.000495,-0.000182,-0.000007,0.000264,0.006851,713.900000,0.000000,0.000000,0.000000,0.000000,0.000000,0.000000,0.000000,
0.185000,25.037569,25.037569,0.000000,25.038042,25.038042,0.000000,0.700000,0.000000,0.996400,-0.000140,-0.000029,0.000697,-0.000369,-0.000027,0.000488,0.010587,714.000000,0.000000,0.000000,0.000000,0.000000,0.000000,0.000000,0.000000,
0.182500,25.037599,25.037599,0.000000,25.038176,25.038176,0.000000,0.800000,0.000000,0.997200,-0.000004,-0.000060,0.000711,-0.000269,-0.000015,-0.000180,0.007435,714.100000,0.000000,0.001162,-0.000615,0.000813,-0.000048,-0.000233,-0.000046,
0.180000,25.037634,25.037634,0.000000,25.038307,25.038307,0.000000,1.100000,0.000000,0.995200,-0.000027,-0.000021,0.000714,-0.000236,-0.000023,0.000014,0.006521,714.400000,0.000000,0.001134,-0.000571,0.000607,-0.000182,0.000573,0.000040,
0.177500,25.037681,25.037681,0.000000,25.038574,25.038574,0.000000,1.300000,0.000000,0.996000,-0.000083,-0.000021,0.001216,-0.000239,-0.000043,0.000342,0.007265,714.600000,0.000000,0.001104,-0.000547,0.000643,0.000163,0.000091,-0.000034,
0.175000,25.037681,25.037681,0.000000,25.037670,25.037670,0.000000,1.400000,0.000000,0.998000,0.000078,-0.000012,0.001317,-0.000143,-0.000035,-0.000606,0.006605,714.700000,0.000000,0.001227,-0.000431,0.000741,-0.000000,-0.000183,-0.000066,
0.172500,25.037686,25.037686,0.000000,25.037775,25.037775,0.000000,1.500000,0.000000,0.997200,0.000052,-0.000071,0.001313,-0.000585,-0.000059,-0.000456,0.010349,714.800000,0.000000,0.001160,-0.000346,0.000232,0.000047,0.000745,0.000037,
0.170000,25.037718,25.037718,0.000000,25.038332,25.038332,0.000000,1.600000,0.000000,0.995600,0.000017,-0.000029,0.001577,-0.000421,-0.000056,-0.000471,0.006539,714.900000,0.000000,0.001133,-0.000440,0.000261,-0.000310,0.000193,-0.000118,
0.167500,25.037746,25.037746,0.000000,25.038271,25.038271,0.000000,1.800000,0.000000,0.996800,0.000044,-0.000066,0.001325,-0.000526,-0.000039,-0.000523,0.007504,715.100000,0.000000,0.001167,-0.000393,0.000251,0.000135,-0.000137,-0.000031,
0.165000,25.037763,25.037763,0.000000,25.038101,25.038101,0.000000,1.900000,0.000000,0.990800,0.000001,-0.000036,0.001945,-0.000449,-0.000037,-0.000310,0.007878,715.200000,0.000000,0.001083,-0.000407,0.000234,-0.000177,0.000115,0.000096,
0.162500,25.037786,25.037786,0.000000,25.038214,25.038214,0.000000,2.000000,0.000000,0.990400,-0.000006,-0.000028,0.001956,-0.000341,-0.000045,-0.000109,0.007020,715.300000,0.000000,0.001263,-0.000337,0.000308,0.000135,-0.000199,0.000013,
0.160000,25.037812,25.037812,0.000000,25.038303,25.038303,0.000000,2.200000,0.000000,0.990800,-0.000079,-0.000047,0.002257,-0.000186,-0.000028,0.000358,0.009745,715.500000,0.000000,0.001237,-0.000306,0.000345,0.000104,-0.000129,-0.000038,
0.157500,25.037848,25.037848,0.000000,25.038530,25.038530,0.000000,2.300000,0.000000,0.989600,-0.000042,-0.000058,0.002164,-0.000584,-0.000058,0.000083,0.007619,715.600000,0.000000,0.001276,-0.000265,0.000441,-0.000074,-0.000493,0.000091,
0.155000,25.037936,25.037936,0.000000,25.039612,25.039612,0.000000,2.400000,0.000000,0.984000,0.000002,-0.000014,0.002246,-0.000141,-0.000038,-0.000157,0.007361,715.700000,0.000000,0.001125,-0.000414,0.000284,-0.000057,0.000147,-0.000137,
0.152500,25.037991,25.037991,0.000000,25.039043,25.039043,0.000000,2.500000,0.000000,0.988000,-0.000063,-0.000074,0.002445,-0.000217,-0.000018,0.000183,0.006921,715.800000,0.000000,0.001119,-0.000310,0.000226,0.000218,0.000310,0.000046,
0.150000,25.038065,25.038065,1.000000,25.039459,25.039459,0.000000,2.600000,1.000000,0.982400,0.000007,-0.000047,0.002733,-0.000457,-0.000047,-0.000028,0.007925,715.900000,0.000000,0.001138,-0.000319,0.000294,-0.000278,-0.000275,0.000142,
0.147500,25.038105,25.038105,1.000000,25.038864,25.038864,0.000000,2.700000,1.000000,0.976400,-0.000225,-0.000059,0.002812,0.000086,0.000005,0.001172,0.007726,716.000000,0.000000,0.001175,-0.000364,0.000243,0.000060,0.000332,-0.000128,
0.145000,25.038181,25.038181,1.000000,25.039629,25.039629,0.000000,2.800000,1.000000,0.976000,-0.000145,-0.000040,0.003157,-0.000379,-0.000059,0.000659,0.007887,716.100000,0.000000,0.001167,-0.000240,0.000494,-0.000053,-0.001309,0.000275,
0.142500,25.038257,25.038257,0.000000,25.039707,25.039707,0.000000,2.900000,0.000000,0.970000,-0.000146,-0.000010,0.003174,-0.000351,-0.000050,0.000781,0.009741,716.200000,0.000000,0.001215,-0.000334,0.000374,0.000098,-0.000004,-0.000290,
0.140000,25.038319,25.038319,1.000000,25.039495,25.039495,0.000000,3.000000,1.000000,0.976400,-0.000053,-0.000043,0.002892,-0.000235,-0.000038,0.000072,0.007724,716.300000,0.000000,0.001193,-0.000321,0.000392,0.000225,-0.000008,-0.000056,
0.137500,25.038383,25.038383,0.000000,25.039600,25.039600,0.000000,3.100000,0.000000,0.974400,-0.000116,-0.000073,0.003284,-0.000351,-0.000045,0.000672,0.007032,716.400000,0.000000,0.001108,-0.000290,0.000233,-0.000123,0.000568,0.000054,
0.135000,25.038480,25.038480,0.000000,25.040323,25.040323,0.000000,3.300000,0.000000,0.964400,-0.000015,-0.000028,0.003464,-0.000554,-0.000062,0.000254,0.007999,716.600000,0.000000,0.001167,-0.000308,0.000355,-0.000229,-0.000171,-0.000022,
0.132500,25.038533,25.038533,1.000000,25.039534,25.039534,0.000000,3.400000,1.000000,0.973600,0.000012,0.000003,0.003356,-0.000466,-0.000065,-0.000083,0.007087,716.700000,0.000000,0.001181,-0.000344,0.000260,0.000187,0.000560,-0.000118,
0.130000,25.038584,25.038584,0.000000,25.039555,25.039555,0.000000,3.500000,0.000000,0.963200,-0.000117,-0.000046,0.003893,-0.000282,-0.000049,0.000499,0.007982,716.800000,0.000000,0.001038,-0.000279,0.000098,0.000158,0.000156,-0.000020,
0.127500,25.038660,25.038660,0.000000,25.040113,25.040113,0.000000,3.600000,0.000000,0.980400,-0.000062,-0.000045,0.003908,-0.000440,-0.000064,0.000171,0.006788,716.900000,0.000000,0.001128,-0.000235,0.000217,-0.000198,-0.000640,0.000082,
0.125000,25.038753,25.038753,1.000000,25.040522,25.040522,0.000000,3.700000,1.000000,0.952800,-0.000083,-0.000016,0.003793,-0.000285,-0.000051,0.000292,0.006942,717.000000,0.000000,0.001107,-0.000263,0.000144,-0.000070,0.000083,-0.000059,
0.122500,25.038860,25.038860,0.000000,25.040880,25.040880,0.000000,3.800000,0.000000,0.968800,-0.000099,-0.000057,0.004343,-0.000581,-0.000071,0.000355,0.008639,717.100000,0.000000,0.001061,-0.000226,0.000166,0.000150,-0.000102,0.000055,
0.120000,25.038914,25.038914,0.000000,25.039938,25.039938,0.000000,3.900000,0.000000,0.944800,-0.000062,-0.000028,0.004277,-0.000246,-0.000050,0.000211,0.006520,717.200000,0.000000,0.001152,-0.000282,0.000176,-0.000195,-0.000136,-0.000104,
0.117500,25.038966,25.038966,1.000000,25.039953,25.039953,0.000000,4.000000,1.000000,0.959600,-0.000059,-0.000042,0.003792,-0.000310,-0.000050,0.000149,0.007300,717.300000,0.000000,0.001115,-0.000207,0.000143,0.000106,0.000180,0.000096,
0.115000,25.039039,25.039039,0.000000,25.040442,25.040442,0.000000,4.100000,0.000000,0.945200,0.000067,-0.000119,0.003871,-0.000594,-0.000080,-0.000514,0.007501,717.400000,0.000000,0.000992,-0.000216,0.000127,-0.000047,0.000084,0.000032,
0.112500,25.039098,25.039098,1.000000,25.040209,25.040209,0.000000,4.200000,1.000000,0.956400,0.000009,-0.000039,0.004038,-0.000459,-0.000068,-0.000264,0.009887,717.500000,0.000000,0.000988,-0.000270,-0.000012,-0.000497,0.000810,-0.000174,
0.110000,25.039159,25.039159,1.000000,25.040316,25.040316,0.000000,4.400000,1.000000,0.945200,0.000075,-0.000084,0.004328,-0.000507,-0.000066,-0.000574,0.010064,717.700000,0.000000,0.001002,-0.000237,0.000040,0.000307,-0.000046,0.000009,
0.107500,25.039258,25.039258,0.000000,25.041138,25.041138,0.000000,4.500000,0.000000,0.952000,-0.000091,-0.000045,0.004779,-0.000157,-0.000039,0.000334,0.008168,717.800000,0.000000,0.001041,-0.000242,-0.000025,-0.000163,0.000390,0.000014,
0.105000,25.039342,25.039342,0.000000,25.040941,25.040941,0.000000,4.600000,0.000000,0.949600,-0.000083,-0.000020,0.005138,-0.000323,-0.000059,0.000357,0.007140,717.900000,0.000000,0.001140,-0.000080,0.000346,0.000179,-0.000767,0.000131,
0.102500,25.039444,25.039444,0.000000,25.041384,25.041384,0.000000,4.700000,0.000000,0.942400,0.000008,-0.000050,0.004673,-0.000363,-0.000056,-0.000268,0.006406,718.000000,0.000000,0.001189,-0.000112,0.000344,0.000216,-0.000299,-0.000051,
0.100000,25.039545,25.039545,0.000000,25.041470,25.041470,0.000000,4.800000,0.000000,0.940000,-0.000073,-0.000043,0.005055,-0.000451,-0.000077,0.000356,0.006635,718.100000,0.000000,0.001071,-0.000118,0.000210,-0.000098,0.000435,-0.000004,
0.097500,25.039630,25.039630,0.000000,25.041239,25.041239,0.000000,4.900000,0.000000,0.937200,-0.000091,-0.000017,0.005383,-0.000472,-0.000078,0.000507,0.006866,718.200000,0.000000,0.001127,-0.000134,0.000332,0.000008,-0.000331,-0.000127,
0.095000,25.039745,25.039745,0.000000,25.041925,25.041925,0.000000,5.000000,0.000000,0.944400,-0.000083,-0.000025,0.005342,-0.000359,-0.000053,0.000521,0.008376,718.300000,0.000000,0.001170,-0.000135,0.000356,0.000161,-0.000242,-0.000058,
0.092500,25.039844,25.039844,0.000000,25.041727,25.041727,0.000000,5.100000,0.000000,0.933600,-0.000063,-0.000039,0.005411,-0.000311,-0.000058,0.000195,0.006440,718.400000,0.000000,0.001138,-0.000109,0.000351,0.000013,-0.000038,0.000134,
0.090000,25.039958,25.039958,0.000000,25.042118,25.042118,0.000000,5.200000,0.000000,0.931600,-0.000062,-0.000040,0.005475,-0.000336,-0.000053,0.000261,0.008030,718.500000,0.000000,0.001129,-0.000098,0.000279,-0.000080,0.000107,0.000019,
0.087500,25.040051,25.040051,1.000000,25.041830,25.041830,0.000000,5.300000,1.000000,0.906400,-0.000065,-0.000067,0.005570,-0.000257,-0.000038,0.000104,0.006780,718.600000,0.000000,0.001119,-0.000101,0.000286,-0.000041,0.000044,0.000037,
0.085000,25.040145,25.040145,0.000000,25.041925,25.041925,0.000000,5.400000,0.000000,0.903200,-0.000143,-0.000054,0.005791,-0.000348,-0.000057,0.000840,0.007292,718.700000,0.000000,0.001116,-0.000083,0.000249,-0.000177,-0.000001,0.000105,
0.082500,25.040239,25.040239,0.000000,25.042032,25.042032,0.000000,5.500000,0.000000,0.906800,-0.000085,-0.000049,0.005742,-0.000372,-0.000071,0.000428,0.008677,718.800000,0.000000,0.001138,-0.000099,0.000392,0.000013,-0.000479,-0.000074,
0.080000,25.040335,25.040335,0.000000,25.042145,25.042145,0.000000,5.600000,0.000000,0.907200,0.000038,-0.000077,0.005831,-0.000277,-0.000055,-0.000525,0.006907,718.900000,0.000000,0.001105,-0.000102,0.000301,0.000036,0.000172,-0.000116,
0.077500,25.040429,25.040429,0.000000,25.042223,25.042223,0.000000,5.700000,0.000000,0.873200,-0.000060,-0.000024,0.006117,-0.000149,-0.000066,0.000244,0.006753,719.000000,0.000000,0.001101,-0.000081,0.000104,-0.000164,0.000830,0.000052,
0.075000,25.040539,25.040539,1.000000,25.042635,25.042635,0.000000,5.800000,1.000000,0.860400,-0.000087,-0.000013,0.005933,-0.000129,-0.000059,0.000490,0.006372,719.100000,0.000000,0.001136,-0.000054,0.000256,0.000266,-0.000291,-0.000047,
0.072500,25.040611,25.040611,1.000000,25.041969,25.041969,0.000000,5.900000,1.000000,0.831200,-0.000177,-0.000042,0.006370,-0.000177,-0.000030,0.000911,0.008215,719.200000,0.000000,0.001076,-0.000049,0.000300,0.000172,-0.000275,0.000028,
0.070000,25.040683,25.040683,0.000000,25.042057,25.042057,0.000000,6.000000,0.000000,0.835200,-0.000127,-0.000073,0.006559,-0.000270,-0.000053,0.000699,0.006988,719.300000,0.000000,0.001143,-0.000057,0.000379,-0.000117,-0.000663,0.000191,
0.067500,25.040759,25.040759,0.000000,25.042198,25.042198,0.000000,6.100000,0.000000,0.802400,0.000041,-0.000086,0.006383,-0.000340,-0.000070,-0.000602,0.006643,719.400000,0.000000,0.001157,-0.000075,0.000329,-0.000237,0.000055,-0.000071,
0.065000,25.040832,25.040832,0.000000,25.042227,25.042227,0.000000,6.200000,0.000000,0.793600,-0.000028,-0.000044,0.006832,-0.000481,-0.000091,-0.000004,0.006802,719.500000,0.000000,0.001099,-0.000087,0.000061,-0.000170,0.001059,-0.000132,
0.062500,25.040927,25.040927,0.000000,25.042732,25.042732,0.000000,6.300000,0.000000,0.764400,-0.000003,-0.000063,0.006583,-0.000287,-0.000071,-0.000141,0.007105,719.600000,0.000000,0.001167,-0.000114,0.000180,0.000196,-0.000023,-0.000180,
0.060000,25.041007,25.041007,0.000000,25.042530,25.042530,0.000000,6.400000,0.000000,0.755200,0.000061,-0.000048,0.006395,-0.000446,-0.000082,-0.000498,0.007255,719.700000,0.000000,0.001094,-0.000073,0.000149,-0.000044,0.000149,0.000055,
0.057500,25.041088,25.041088,0.000000,25.042622,25.042622,0.000000,6.500000,0.000000,0.713600,-0.000000,-0.000050,0.006749,-0.000461,-0.000086,-0.000200,0.009084,719.800000,0.000000,0.001034,-0.000103,0.000074,0.000076,0.000452,-0.000047,
0.055000,25.041168,25.041168,0.000000,25.042677,25.042677,0.000000,6.600000,0.000000,0.707600,0.000018,-0.000041,0.006764,-0.000404,-0.000081,-0.000297,0.006052,719.900000,0.000000,0.001084,-0.000104,0.000132,0.000016,-0.000208,-0.000044,
0.052500,25.041280,25.041280,0.000000,25.043425,25.043425,0.000000,6.700000,0.000000,0.747200,0.000017,-0.000033,0.007033,-0.000502,-0.000086,-0.000221,0.006331,720.000000,0.000000,0.001066,-0.000091,0.000110,0.000063,0.000036,0.000015,
0.050000,25.041373,25.041373,0.000000,25.043125,25.043125,0.000000,6.900000,0.000000,0.720400,-0.000062,-0.000046,0.007488,-0.000297,-0.000065,0.000187,0.009954,720.200000,0.000000,0.001098,-0.000108,0.000123,0.000075,0.000008,-0.000027,
0.047500,25.041468,25.041468,1.000000,25.043280,25.043280,0.000000,7.000000,1.000000,0.751200,-0.000064,-0.000038,0.007630,-0.000081,-0.000048,0.000173,0.006886,720.300000,0.000000,0.001167,-0.000065,0.000202,-0.000054,-0.000484,0.000120,
0.045000,25.041566,25.041566,0.000000,25.043436,25.043436,0.000000,7.100000,0.000000,0.702000,-0.000105,-0.000020,0.007885,-0.000208,-0.000066,0.000447,0.007234,720.400000,0.000000,0.001131,0.000026,0.000181,0.000036,-0.000038,0.000088,
0.042500,25.041665,25.041665,0.000000,25.043543,25.043543,0.000000,7.200000,0.000000,0.696800,-0.000036,-0.000046,0.007784,-0.000120,-0.000057,0.000033,0.007625,720.500000,0.000000,0.001159,0.000000,0.000232,0.000114,-0.000241,-0.000058,
0.040000,25.041725,25.041725,1.000000,25.042860,25.042860,0.000000,7.300000,1.000000,0.676800,-0.000069,-0.000038,0.007909,-0.000205,-0.000067,0.000215,0.005852,720.600000,0.000000,0.001116,0.000018,0.000145,-0.000111,0.000321,0.000029,
0.040000,25.041786,25.041786,0.000000,25.042936,25.042936,0.000000,7.400000,0.000000,0.644400,-0.000095,-0.000059,0.007997,-0.000230,-0.000065,0.000467,0.006447,720.700000,0.000000,0.001119,0.000000,0.000178,0.000004,-0.000080,-0.000050,
0.040000,25.041902,25.041902,0.000000,25.044119,25.044119,0.000000,7.500000,0.000000,0.681600,-0.000033,-0.000027,0.008027,-0.000296,-0.000072,0.000054,0.007023,720.800000,0.000000,0.001114,-0.000005,0.000225,-0.000126,-0.000189,-0.000007,
0.040000,25.042016,25.042016,0.000000,25.044170,25.044170,0.000000,7.600000,0.000000,0.717600,-0.000064,-0.000052,0.008069,-0.000268,-0.000074,0.000185,0.006856,720.900000,0.000000,0.001098,-0.000018,0.000138,0.000149,0.000311,-0.000044,
0.040000,25.042113,25.042113,0.000000,25.043959,25.043959,0.000000,7.700000,0.000000,0.675200,-0.000036,-0.000066,0.008378,-0.000217,-0.000064,0.000071,0.006235,721.000000,0.000000,0.001084,-0.000012,0.000162,-0.000098,-0.000075,-0.000032,
0.040000,25.042193,25.042193,1.000000,25.043722,25.043722,0.000000,7.800000,1.000000,0.710800,-0.000054,-0.000058,0.008398,-0.000228,-0.000065,0.000104,0.006405,721.100000,0.000000,0.001124,-0.000001,0.000136,-0.000124,0.000148,0.000053,
0.040000,25.042287,25.042287,0.000000,25.044064,25.044064,0.000000,7.900000,0.000000,0.694000,-0.000096,-0.000036,0.008565,-0.000233,-0.000070,0.000473,0.008007,721.200000,0.000000,0.001106,-0.000003,0.000139,0.000006,-0.000054,0.000013,
0.040000,25.042382,25.042382,1.000000,25.044188,25.044188,0.000000,8.000000,1.000000,0.714000,-0.000034,-0.000040,0.008589,-0.000175,-0.000070,-0.000055,0.006182,721.300000,0.000000,0.001117,-0.000004,0.000210,0.000139,-0.000280,-0.000028,
0.040000,25.042492,25.042492,1.000000,25.044596,25.044596,0.000000,8.100000,1.000000,0.678000,-0.000091,-0.000077,0.008770,-0.000157,-0.000062,0.000258,0.006823,721.400000,0.000000,0.001099,0.000007,0.000101,0.000024,0.000272,-0.000010,
0.040000,25.042587,25.042587,0.000000,25.044388,25.044388,0.000000,8.200000,0.000000,0.679600,-0.000116,-0.000055,0.008869,-0.000280,-0.000073,0.000496,0.006580,721.500000,0.000000,0.001113,0.000011,0.000161,-0.000220,-0.000243,0.000047,
0.040000,25.042698,25.042698,1.000000,25.044809,25.044809,0.000000,8.300000,1.000000,0.698000,-0.000028,-0.000075,0.008686,-0.000473,-0.000085,0.000040,0.006279,721.600000,0.000000,0.001111,-0.000014,0.000205,0.000056,-0.000249,-0.000047,
0.040000,25.042789,25.042789,0.000000,25.044518,25.044518,0.000000,8.400000,0.000000,0.637600,-0.000088,-0.000046,0.008796,-0.000289,-0.000074,0.000449,0.006178,721.700000,0.000000,0.001053,-0.000052,0.000111,-0.000103,0.000448,-0.000098,
0.040000,25.042882,25.042882,0.000000,25.044647,25.044647,0.000000,8.500000,0.000000,0.666000,-0.000069,-0.000033,0.009090,-0.000121,-0.000066,0.000398,0.006004,721.800000,0.000000,0.001053,-0.000015,0.000190,0.000137,-0.000203,0.000032,
0.040000,25.042991,25.042991,0.000000,25.045059,25.045059,0.000000,8.600000,0.000000,0.660000,-0.000084,-0.000032,0.009216,-0.000328,-0.000087,0.000463,0.008095,721.900000,0.000000,0.001091,0.000019,0.000176,0.000132,0.000044,0.000061,
0.040000,25.043065,25.043065,0.000000,25.044470,25.044470,0.000000,8.700000,0.000000,0.674800,-0.000073,-0.000021,0.009452,-0.000130,-0.000073,0.000359,0.005915,722.000000,0.000000,0.001094,-0.000022,0.000185,0.000059,-0.000079,-0.000103,
0.040000,25.043174,25.043174,0.000000,25.045242,25.045242,0.000000,8.800000,0.000000,0.682000,-0.000059,-0.000009,0.009519,-0.000188,-0.000087,0.000292,0.006190,722.100000,0.000000,0.001120,0.000017,0.000161,0.000090,0.000040,0.000044,
0.040000,25.043265,25.043265,0.000000,25.045006,25.045006,0.000000,8.900000,0.000000,0.702000,-0.000050,-0.000045,0.009572,-0.000265,-0.000083,0.000100,0.006259,722.200000,0.000000,0.001110,0.000006,0.000144,0.000107,0.000099,-0.000068,
0.040000,25.043357,25.043357,0.000000,25.045099,25.045099,0.000000,9.000000,0.000000,0.705200,-0.000053,-0.000026,0.009748,-0.000235,-0.000087,0.000171,0.007074,722.300000,0.000000,0.001099,-0.000010,0.000103,-0.000180,0.000093,-0.000004,
0.040000,25.043448,25.043448,0.000000,25.045181,25.045181,0.000000,9.100000,0.000000,0.716000,-0.000051,-0.000048,0.009728,-0.000358,-0.000090,0.000087,0.008571,722.400000,0.000000,0.001112,-0.000004,0.000115,0.000050,0.000021,-0.000025,
0.040000,25.043520,25.043520,0.000000,25.044886,25.044886,0.000000,9.200000,0.000000,0.656400,-0.000047,-0.000044,0.009804,-0.000243,-0.000082,0.000150,0.006892,722.500000,0.000000,0.001086,-0.000028,0.000096,-0.000118,0.000018,-0.000026,
0.040000,25.043628,25.043628,0.000000,25.045679,25.045679,0.000000,9.300000,0.000000,0.700800,-0.000068,-0.000065,0.009974,-0.000221,-0.000078,0.000278,0.006475,722.600000,0.000000,0.001080,-0.000005,0.000107,-0.000019,0.000032,0.000037,
0.040000,25.043737,25.043737,0.000000,25.045797,25.045797,0.000000,9.400000,0.000000,0.691200,-0.000061,-0.000043,0.009965,-0.000151,-0.000076,0.000242,0.006277,722.700000,0.000000,0.001092,-0.000000,0.000130,-0.000135,-0.000115,0.000037,
0.040000,25.043846,25.043846,0.000000,25.045933,25.045933,0.000000,9.500000,0.000000,0.698800,-0.000036,-0.000059,0.010285,-0.000321,-0.000091,0.000031,0.006346,722.800000,0.000000,0.001069,0.000014,0.000121,0.000081,-0.000002,0.000031,
0.040000,25.043954,25.043954,0.000000,25.046007,25.046007,0.000000,9.600000,0.000000,0.674800,-0.000027,-0.000044,0.010350,-0.000197,-0.000085,-0.000060,0.007401,722.900000,0.000000,0.001111,-0.000020,0.000076,-0.000068,0.000150,-0.000083,
0.040000,25.044046,25.044046,1.000000,25.045784,25.045784,0.000000,9.700000,1.000000,0.704400,-0.000047,-0.000038,0.010543,-0.000201,-0.000088,0.000109,0.008618,723.000000,0.000000,0.001102,0.000005,0.000057,0.000070,0.000117,0.000005,
0.040000,25.044151,25.044151,0.000000,25.046148,25.046148,0.000000,9.800000,0.000000,0.685200,-0.000109,-0.000043,0.010866,-0.000177,-0.000086,0.000444,0.007142,723.100000,0.000000,0.001118,0.000004,0.000089,0.000060,-0.000083,-0.000013,
0.040000,25.044239,25.044239,0.000000,25.045908,25.045908,0.000000,9.900000,0.000000,0.690400,-0.000065,-0.000038,0.010632,-0.000299,-0.000107,0.000189,0.006107,723.200000,0.000000,0.001160,0.000008,0.000154,-0.000008,-0.000414,0.000008,
0.040000,25.044346,25.044346,0.000000,25.046391,25.046391,0.000000,10.000000,0.000000,0.675600,-0.000056,-0.000031,0.010914,-0.000275,-0.000105,0.000111,0.006135,723.300000,0.000000,0.001091,-0.000016,0.000100,0.000030,0.000115,-0.000131,
0.040000,25.044421,25.044421,0.000000,25.045843,25.045843,0.000000,10.100000,0.000000,0.688400,-0.000035,-0.000059,0.010968,-0.000203,-0.000085,-0.000004,0.006496,723.400000,0.000000,0.001125,-0.000011,0.000083,0.000053,0.000102,-0.000034,
0.040000,25.044494,25.044494,0.000000,25.045883,25.045883,0.000000,10.200000,0.000000,0.675600,-0.000037,-0.000061,0.011205,-0.000294,-0.000100,0.000086,0.005981,723.500000,0.000000,0.001113,0.000004,0.000058,-0.000149,0.000166,0.000107,
0.040000,25.044586,25.044586,0.000000,25.046322,25.046322,0.000000,10.500000,0.000000,0.671200,-0.000018,-0.000052,0.011110,-0.000287,-0.000101,-0.000057,0.006234,723.800000,0.000000,0.001138,-0.000014,0.000075,-0.000074,0.000051,-0.000053,
0.040000,25.044690,25.044690,1.000000,25.046663,25.046663,0.000000,10.600000,1.000000,0.715200,-0.000049,-0.000036,0.011452,-0.000158,-0.000092,0.000201,0.006450,723.900000,0.000000,0.001097,-0.000013,0.000045,0.000028,0.000137,-0.000023,
0.040000,25.044806,25.044806,0.000000,25.047012,25.047012,0.000000,10.700000,0.000000,0.697200,0.000033,-0.000097,0.011388,-0.000389,-0.000103,-0.000452,0.007253,724.000000,0.000000,0.001105,0.000064,0.000187,0.000055,-0.000099,0.000028,
0.040000,25.044901,25.044901,0.000000,25.046717,25.046717,0.000000,10.800000,0.000000,0.666000,-0.000049,-0.000058,0.011515,-0.000325,-0.000107,0.000185,0.006549,724.100000,0.000000,0.001071,0.000018,0.000057,-0.000294,0.000385,-0.000042,
0.040000,25.045001,25.045001,0.000000,25.046894,25.046894,0.000000,10.900000,0.000000,0.677600,-0.000078,-0.000033,0.011880,-0.000235,-0.000103,0.000320,0.005801,724.200000,0.000000,0.001075,0.000030,0.000179,0.000116,-0.000346,-0.000041,
0.040000,25.045117,25.045117,0.000000,25.047323,25.047323,0.000000,11.000000,0.000000,0.692800,-0.000034,-0.000058,0.011720,-0.000278,-0.000099,0.000091,0.006605,724.300000,0.000000,0.001125,0.000047,0.000202,0.000199,-0.000310,0.000006,
0.040000,25.045215,25.045215,1.000000,25.047066,25.047066,0.000000,11.100000,1.000000,0.691600,-0.000072,-0.000046,0.012120,-0.000213,-0.000104,0.000316,0.006434,724.400000,0.000000,0.001072,0.000038,0.000154,-0.000077,0.000151,0.000026,
0.040000,25.045327,25.045327,1.000000,25.047470,25.047470,0.000000,11.200000,1.000000,0.659600,-0.000101,-0.000052,0.012356,-0.000323,-0.000105,0.000414,0.006832,724.500000,0.000000,0.001129,0.000050,0.000194,0.000044,-0.000175,-0.000016,
0.040000,25.045423,25.045423,0.000000,25.047234,25.047234,0.000000,11.300000,0.000000,0.704800,-0.000093,-0.000063,0.012325,-0.000265,-0.000098,0.000320,0.007499,724.600000,0.000000,0.001153,0.000028,0.000210,-0.000022,-0.000245,-0.000013,
0.040000,25.045518,25.045518,1.000000,25.047340,25.047340,0.000000,11.400000,1.000000,0.686400,-0.000018,-0.000053,0.012193,-0.000295,-0.000107,-0.000099,0.006580,724.700000,0.000000,0.001124,0.000038,0.000187,-0.000072,-0.000045,0.000035,
0.040000,25.045609,25.045609,1.000000,25.047331,25.047331,0.000000,11.500000,1.000000,0.685200,-0.000098,-0.000033,0.012708,-0.000073,-0.000094,0.000415,0.006656,724.800000,0.000000,0.001077,0.000032,0.000102,0.000029,0.000444,-0.000039,
0.040000,25.045704,25.045704,1.000000,25.047497,25.047497,0.000000,11.600000,1.000000,0.706400,-0.000091,-0.000056,0.012569,-0.000342,-0.000113,0.000446,0.008026,724.900000,0.000000,0.001156,0.000074,0.000200,0.000135,-0.000325,0.000063,
0.040000,25.045814,25.045814,0.000000,25.047922,25.047922,0.000000,11.700000,0.000000,0.677200,-0.000090,-0.000053,0.012680,-0.000131,-0.000100,0.000370,0.008062,725.000000,0.000000,0.001106,0.000020,0.000202,-0.000090,-0.000081,-0.000095,
0.040000,25.045905,25.045905,0.000000,25.047632,25.047632,0.000000,11.800000,0.000000,0.656800,-0.000043,-0.000021,0.012789,-0.000263,-0.000113,0.000147,0.005854,725.100000,0.000000,0.001106,0.000061,0.000184,-0.000017,-0.000024,0.000049,
0.040000,25.045983,25.045983,0.000000,25.047453,25.047453,0.000000,11.900000,0.000000,0.689600,-0.000080,-0.000018,0.012857,-0.000303,-0.000121,0.000416,0.006487,725.200000,0.000000,0.001106,0.000034,0.000137,0.000197,0.000278,-0.000064,
0.040000,25.046075,25.046075,0.000000,25.047823,25.047823,0.000000,12.000000,0.000000,0.692400,-0.000089,-0.000033,0.013108,-0.000218,-0.000102,0.000361,0.006654,725.300000,0.000000,0.001098,0.000026,0.000186,0.000089,-0.000121,-0.000075,
0.040000,25.046149,25.046149,0.000000,25.047552,25.047552,0.000000,12.100000,0.000000,0.674400,-0.000071,-0.000020,0.013105,-0.000122,-0.000102,0.000265,0.008301,725.400000,0.000000,0.001125,0.000042,0.000172,-0.000056,-0.000103,0.000090,
0.040000,25.046257,25.046257,0.000000,25.048323,25.048323,0.000000,12.200000,0.000000,0.688400,-0.000080,-0.000034,0.013226,-0.000209,-0.000114,0.000353,0.006641,725.500000,0.000000,0.001103,0.000060,0.000150,0.000055,0.000072,0.000035,
0.040000,25.046337,25.046337,0.000000,25.047855,25.047855,0.000000,12.300000,0.000000,0.686800,-0.000057,-0.000038,0.013164,-0.000206,-0.000116,0.000208,0.009005,725.600000,0.000000,0.001105,0.000042,0.000164,-0.000063,-0.000028,-0.000059,
0.040000,25.046428,25.046428,0.000000,25.048147,25.048147,0.000000,12.400000,0.000000,0.689200,-0.000083,-0.000037,0.013589,-0.000324,-0.000122,0.000343,0.008609,725.700000,0.000000,0.001071,0.000041,0.000132,-0.000051,0.000137,-0.000035,
0.040000,25.046504,25.046504,0.000000,25.047953,25.047953,0.000000,12.500000,0.000000,0.688400,-0.000080,-0.000036,0.013709,-0.000328,-0.000122,0.000347,0.006136,725.800000,0.000000,0.001133,0.000017,0.000156,-0.000014,-0.000108,-0.000053,
0.040000,25.046596,25.046596,0.000000,25.048340,25.048340,0.000000,12.600000,0.000000,0.702400,-0.000045,-0.000035,0.013542,-0.000202,-0.000121,0.000140,0.006539,725.900000,0.000000,0.001135,0.000016,0.000154,0.000005,-0.000026,-0.000022,
0.040000,25.046686,25.046686,1.000000,25.048410,25.048410,0.000000,12.700000,1.000000,0.710000,-0.000069,-0.000020,0.013963,-0.000278,-0.000120,0.000294,0.006346,726.000000,0.000000,0.001080,0.000041,0.000111,0.000007,0.000204,0.000000,
0.040000,25.046799,25.046799,0.000000,25.048939,25.048939,0.000000,12.800000,0.000000,0.702800,-0.000142,-0.000049,0.014184,-0.000265,-0.000120,0.000745,0.006795,726.100000,0.000000,0.001141,0.000025,0.000138,0.000096,-0.000068,0.000003,
0.040000,25.046908,25.046908,0.000000,25.048975,25.048975,0.000000,12.900000,0.000000,0.694000,-0.000066,-0.000025,0.013905,-0.000303,-0.000119,0.000256,0.006453,726.200000,0.000000,0.001162,0.000027,0.000224,-0.000146,-0.000477,0.000004,
0.040000,25.046980,25.046980,0.000000,25.048351,25.048351,0.000000,13.000000,0.000000,0.695600,-0.000021,-0.000049,0.014200,-0.000290,-0.000123,-0.000065,0.006468,726.300000,0.000000,0.001085,0.000019,0.000124,0.000097,0.000288,0.000008,
0.040000,25.047056,25.047056,0.000000,25.048502,25.048502,0.000000,13.100000,0.000000,0.666800,-0.000048,-0.000035,0.014281,-0.000295,-0.000125,0.000170,0.006030,726.400000,0.000000,0.001121,0.000021,0.000058,-0.000112,0.000388,-0.000021,
0.040000,25.047149,25.047149,0.000000,25.048910,25.048910,0.000000,13.200000,0.000000,0.700400,-0.000056,-0.000018,0.014410,-0.000337,-0.000129,0.000211,0.009607,726.500000,0.000000,0.001115,0.000020,0.000103,0.000040,-0.000019,-0.000022,
0.040000,25.047218,25.047218,0.000000,25.048536,25.048536,0.000000,13.300000,0.000000,0.696400,-0.000070,-0.000038,0.014534,-0.000233,-0.000116,0.000291,0.006343,726.600000,0.000000,0.001118,0.000011,0.000109,0.000121,-0.000056,-0.000035,
0.040000,25.047293,25.047293,0.000000,25.048708,25.048708,0.000000,13.400000,0.000000,0.666400,-0.000076,-0.000036,0.014503,-0.000282,-0.000125,0.000332,0.007045,726.700000,0.000000,0.001121,0.000031,0.000123,-0.000076,-0.000110,0.000066,
0.040000,25.047368,25.047368,0.000000,25.048807,25.048807,0.000000,13.500000,0.000000,0.667200,-0.000002,-0.000018,0.014646,-0.000178,-0.000113,-0.000148,0.007240,726.800000,0.000000,0.001093,0.000021,0.000129,-0.000018,-0.000080,-0.000028,
0.040000,25.047462,25.047462,0.000000,25.049236,25.049236,0.000000,13.600000,0.000000,0.677600,-0.000083,-0.000045,0.014827,-0.000224,-0.000114,0.000384,0.006304,726.900000,0.000000,0.001099,0.000041,0.000032,0.000106,0.000429,0.000061,
0.040000,25.047554,25.047554,0.000000,25.049305,25.049305,0.000000,13.700000,0.000000,0.650400,-0.000002,-0.000041,0.014642,-0.000298,-0.000126,-0.000197,0.006445,727.000000,0.000000,0.001113,0.000031,0.000136,-0.000126,-0.000339,0.000019,
0.040000,25.047630,25.047630,0.000000,25.049078,25.049078,0.000000,13.800000,0.000000,0.656400,-0.000006,-0.000047,0.014861,-0.000394,-0.000134,-0.000129,0.006099,727.100000,0.000000,0.001055,0.000016,0.000019,-0.000022,0.000375,-0.000063,
0.040000,25.047722,25.047722,0.000000,25.049458,25.049458,0.000000,13.900000,0.000000,0.695600,0.000004,-0.000075,0.014789,-0.000397,-0.000130,-0.000130,0.006059,727.200000,0.000000,0.001077,-0.000003,0.000032,-0.000048,0.000119,-0.000075,
0.040000,25.047815,25.047815,0.000000,25.049599,25.049599,0.000000,14.000000,0.000000,0.683200,0.000013,-0.000046,0.014936,-0.000374,-0.000135,-0.000176,0.007372,727.300000,0.000000,0.001042,-0.000004,0.000031,-0.000192,0.000107,-0.000005,
0.040000,25.047894,25.047894,0.000000,25.049377,25.049377,0.000000,14.100000,0.000000,0.684800,-0.000022,-0.000036,0.015161,-0.000436,-0.000141,-0.000040,0.006107,727.400000,0.000000,0.001050,0.000001,0.000021,0.000105,0.000098,-0.000030,
0.040000,25.047986,25.047986,1.000000,25.049749,25.049749,0.000000,14.200000,1.000000,0.670800,-0.000015,-0.000063,0.015288,-0.000259,-0.000126,-0.000098,0.006125,727.500000,0.000000,0.001074,-0.000011,0.000048,0.000103,-0.000183,-0.000050,
0.040000,25.048096,25.048096,0.000000,25.050182,25.050182,0.000000,14.300000,0.000000,0.695200,-0.000113,-0.000030,0.015549,-0.000263,-0.000123,0.000562,0.008787,727.600000,0.000000,0.001078,0.000024,0.000035,-0.000125,-0.000024,0.000073,
0.040000,25.048187,25.048187,0.000000,25.049915,25.049915,0.000000,14.400000,0.000000,0.688000,0.000010,-0.000051,0.015428,-0.000400,-0.000140,-0.000207,0.006874,727.700000,0.000000,0.001108,0.000023,0.000165,0.000153,-0.000618,0.000045,
0.040000,25.048296,25.048296,0.000000,25.050369,25.050369,0.000000,14.500000,0.000000,0.701200,-0.000070,-0.000029,0.015690,-0.000367,-0.000142,0.000236,0.006136,727.800000,0.000000,0.001062,-0.000005,0.000010,-0.000071,0.000525,-0.000085,
0.040000,25.048386,25.048386,1.000000,25.050093,25.050093,0.000000,14.600000,1.000000,0.708000,-0.000018,-0.000049,0.015584,-0.000444,-0.000144,-0.000092,0.006588,727.900000,0.000000,0.001093,0.000002,0.000097,0.000108,-0.000295,-0.000047,
0.040000,25.048477,25.048477,0.000000,25.050207,25.050207,0.000000,14.700000,0.000000,0.686000,-0.000078,-0.000062,0.016045,-0.000210,-0.000128,0.000318,0.006904,728.000000,0.000000,0.001051,-0.000013,0.000030,-0.000082,0.000212,-0.000032,
0.040000,25.048568,25.048568,0.000000,25.050301,25.050301,0.000000,14.800000,0.000000,0.672000,-0.000004,-0.000059,0.016003,-0.000311,-0.000140,-0.000234,0.005841,728.100000,0.000000,0.001121,0.000033,0.000111,-0.000110,-0.000291,0.000088,
0.040000,25.048664,25.048664,0.000000,25.050478,25.050478,0.000000,14.900000,0.000000,0.700000,0.000020,-0.000077,0.016024,-0.000337,-0.000135,-0.000242,0.006230,728.200000,0.000000,0.001090,0.000012,-0.000000,-0.000023,0.000346,-0.000041,
0.040000,25.048772,25.048772,0.000000,25.050819,25.050819,0.000000,15.000000,0.000000,0.649600,-0.000080,-0.000036,0.016487,-0.000246,-0.000132,0.000318,0.005965,728.300000,0.000000,0.001073,0.000007,-0.000002,-0.000119,0.000279,0.000015,
0.040000,25.048848,25.048848,0.000000,25.050293,25.050293,0.000000,15.100000,0.000000,0.644000,-0.000082,-0.000035,0.016470,-0.000404,-0.000152,0.000371,0.006425,728.400000,0.000000,0.001143,0.000025,0.000109,0.000204,-0.000510,0.000027,
0.040000,25.048925,25.048925,0.000000,25.050388,25.050388,0.000000,15.200000,0.000000,0.667200,-0.000067,-0.000002,0.016515,-0.000188,-0.000145,0.000212,0.006538,728.500000,0.000000,0.001117,-0.000007,0.000117,0.000084,-0.000206,-0.000118,
0.040000,25.049018,25.049018,0.000000,25.050789,25.050789,0.000000,15.300000,0.000000,0.680800,-0.000054,-0.000036,0.016660,-0.000099,-0.000134,0.000177,0.008828,728.600000,0.000000,0.001104,0.000036,0.000083,0.000238,0.000011,0.000000,
0.040000,25.049114,25.049114,0.000000,25.050949,25.050949,0.000000,15.400000,0.000000,0.660800,-0.000053,-0.000031,0.016794,-0.000242,-0.000145,0.000073,0.006000,728.700000,0.000000,0.001111,0.000053,0.000075,-0.000122,0.000089,0.000069,
0.040000,25.049206,25.049206,0.000000,25.050943,25.050943,0.000000,15.500000,0.000000,0.706000,-0.000065,-0.000057,0.016811,-0.000460,-0.000155,0.000212,0.005799,728.800000,0.000000,0.001115,0.000024,0.000053,-0.000015,0.000037,-0.000041,
0.040000,25.049282,25.049282,0.000000,25.050737,25.050737,0.000000,15.600000,0.000000,0.710800,-0.000077,-0.000055,0.016956,-0.000418,-0.000157,0.000305,0.008084,728.900000,0.000000,0.001097,-0.000020,0.000079,-0.000164,-0.000056,-0.000076,
0.040000,25.049376,25.049376,0.000000,25.051159,25.051159,0.000000,15.700000,0.000000,0.706400,-0.000068,-0.000051,0.017159,-0.000315,-0.000149,0.000223,0.007089,729.000000,0.000000,0.001104,-0.000011,0.000096,-0.000048,-0.000101,-0.000043,
0.040000,25.049471,25.049471,0.000000,25.051273,25.051273,0.000000,15.800000,0.000000,0.688000,-0.000037,-0.000037,0.017047,-0.000563,-0.000170,0.000127,0.006934,729.100000,0.000000,0.001122,0.000009,0.000078,0.000003,0.000022,0.000032,
0.040000,25.049548,25.049548,0.000000,25.051010,25.051010,0.000000,16.000000,0.000000,0.683600,-0.000076,-0.000035,0.017572,-0.000386,-0.000153,0.000230,0.005867,729.300000,0.000000,0.001078,-0.000040,0.000057,0.000087,0.000195,-0.000119,
0.040000,25.049631,25.049631,0.000000,25.051201,25.051201,0.000000,16.100000,0.000000,0.668800,-0.000036,-0.000027,0.017406,-0.000347,-0.000159,-0.000038,0.006451,729.400000,0.000000,0.001160,-0.000004,0.000076,0.000048,-0.000164,0.000059,
0.040000,25.049748,25.049748,0.000000,25.051979,25.051979,0.000000,16.200000,0.000000,0.670800,0.000015,-0.000046,0.017506,-0.000797,-0.000189,-0.000256,0.006312,729.500000,0.000000,0.001003,0.000012,-0.000035,0.000038,0.000182,-0.000024,
0.040000,25.049849,25.049849,0.000000,25.051775,25.051775,0.000000,16.300000,0.000000,0.705200,-0.000072,-0.000034,0.017705,-0.000213,-0.000148,0.000207,0.006479,729.600000,0.000000,0.001003,-0.000077,-0.000077,-0.000085,0.000363,-0.000177,
0.040000,25.049949,25.049949,0.000000,25.051838,25.051838,0.000000,16.400000,0.000000,0.693600,-0.000009,-0.000020,0.017616,-0.000409,-0.000164,-0.000072,0.006239,729.700000,0.000000,0.001023,0.000039,0.000015,0.000036,-0.000386,0.000179,
0.040000,25.050045,25.050045,0.000000,25.051865,25.051865,0.000000,16.500000,0.000000,0.716800,-0.000046,-0.000049,0.017988,-0.000207,-0.000143,0.000093,0.006252,729.800000,0.000000,0.000985,0.000000,-0.000040,0.000105,0.000237,-0.000028,
0.040000,25.050140,25.050140,0.000000,25.051945,25.051945,0.000000,16.600000,0.000000,0.672800,0.000009,-0.000055,0.017670,-0.000260,-0.000148,-0.000241,0.008886,729.900000,0.000000,0.001039,0.000040,-0.000006,-0.000139,-0.000138,0.000119,
0.040000,25.050252,25.050252,0.000000,25.052393,25.052393,0.000000,16.700000,0.000000,0.698800,-0.000060,-0.000044,0.018269,-0.000225,-0.000154,0.000136,0.008020,730.000000,0.000000,0.000956,0.000029,-0.000072,-0.000090,0.000292,0.000015,
0.040000,25.050365,25.050365,0.000000,25.052502,25.052502,0.000000,16.800000,0.000000,0.689200,-0.000035,-0.000054,0.018220,-0.000424,-0.000169,-0.000015,0.007853,730.100000,0.000000,0.001055,0.000035,0.000004,0.000032,-0.000316,-0.000033,
0.040000,25.050460,25.050460,0.000000,25.052263,25.052263,0.000000,16.900000,0.000000,0.662800,-0.000068,-0.000037,0.018347,-0.000258,-0.000150,0.000238,0.006433,730.200000,0.000000,0.001025,-0.000005,-0.000026,-0.000050,0.000032,-0.000106,
0.040000,25.050552,25.050552,0.000000,25.052311,25.052311,0.000000,17.000000,0.000000,0.691200,-0.000057,-0.000037,0.018317,-0.000284,-0.000166,0.000174,0.005892,730.300000,0.000000,0.001030,0.000028,0.000024,0.000087,-0.000191,0.000078,
0.040000,25.050648,25.050648,0.000000,25.052473,25.052473,0.000000,17.100000,0.000000,0.664000,-0.000083,-0.000039,0.018631,-0.000316,-0.000170,0.000314,0.006277,730.400000,0.000000,0.001003,0.000022,0.000011,0.000032,-0.000007,-0.000065,
0.040000,25.050724,25.050724,0.000000,25.052164,25.052164,0.000000,17.200000,0.000000,0.702400,-0.000062,-0.000035,0.018851,-0.000306,-0.000164,0.000180,0.006501,730.500000,0.000000,0.001045,0.000015,0.000039,-0.000000,-0.000164,-0.000054,
0.040000,25.050818,25.050818,0.000000,25.052608,25.052608,0.000000,17.300000,0.000000,0.677600,-0.000009,-0.000034,0.018714,-0.000252,-0.000161,-0.000172,0.005908,730.600000,0.000000,0.001068,0.000017,0.000011,0.000025,0.000071,0.000016,
0.040000,25.050929,25.050929,0.000000,25.053034,25.053034,0.000000,17.400000,0.000000,0.682800,-0.000040,-0.000061,0.018950,-0.000299,-0.000156,0.000001,0.006713,730.700000,0.000000,0.001020,0.000028,-0.000058,0.000015,0.000350,0.000024,
0.040000,25.051039,25.051039,0.000000,25.053122,25.053122,0.000000,17.500000,0.000000,0.666800,-0.000064,-0.000047,0.018879,-0.000383,-0.000169,0.000228,0.007276,730.800000,0.000000,0.001046,0.000018,-0.000023,-0.000162,-0.000057,0.000041,
0.040000,25.051127,25.051127,0.000000,25.052813,25.052813,0.000000,17.700000,0.000000,0.700000,-0.000007,-0.000032,0.018908,-0.000257,-0.000158,-0.000131,0.006716,731.000000,0.000000,0.001012,0.000001,0.000022,0.000023,-0.000167,-0.000061,
0.040000,25.051240,25.051240,0.000000,25.053381,25.053381,0.000000,17.800000,0.000000,0.693200,0.000004,-0.000056,0.019041,-0.000323,-0.000167,-0.000243,0.008523,731.100000,0.000000,0.000998,0.000026,-0.000049,0.000103,0.000284,0.000044,
0.040000,25.051351,25.051351,0.000000,25.053461,25.053461,0.000000,17.900000,0.000000,0.666800,0.000001,-0.000027,0.019323,-0.000199,-0.000158,-0.000234,0.006251,731.200000,0.000000,0.000971,-0.000003,-0.000089,-0.000108,0.000071,-0.000042,
0.040000,25.051423,25.051423,0.000000,25.052795,25.052795,0.000000,18.000000,0.000000,0.664800,-0.000011,-0.000052,0.019362,-0.000433,-0.000175,-0.000102,0.007642,731.300000,0.000000,0.001008,0.000022,-0.000086,0.000111,0.000013,0.000032,
0.040000,25.051500,25.051500,0.000000,25.052952,25.052952,0.000000,18.100000,0.000000,0.682800,-0.000035,-0.000058,0.019709,-0.000397,-0.000164,0.000016,0.007148,731.400000,0.000000,0.000996,-0.000024,-0.000058,-0.000108,-0.000069,-0.000094,
0.040000,25.051593,25.051593,0.000000,25.053368,25.053368,0.000000,18.200000,0.000000,0.684400,-0.000017,-0.000035,0.019712,-0.000476,-0.000182,-0.000087,0.008538,731.500000,0.000000,0.001044,-0.000017,-0.000034,-0.000081,-0.000172,0.000035,
0.040000,25.051688,25.051688,0.000000,25.053488,25.053488,0.000000,18.300000,0.000000,0.704000,-0.000055,-0.000044,0.020123,-0.000442,-0.000169,0.000040,0.006078,731.600000,0.000000,0.001024,-0.000032,-0.000053,0.000111,0.000042,-0.000096,
0.040000,25.051783,25.051783,0.000000,25.053593,25.053593,0.000000,18.400000,0.000000,0.680800,-0.000066,-0.000032,0.020161,-0.000334,-0.000167,0.000176,0.006474,731.700000,0.000000,0.001085,-0.000025,-0.000027,-0.000007,-0.000221,0.000039,
0.040000,25.051861,25.051861,0.000000,25.053331,25.053331,0.000000,18.500000,0.000000,0.674400,-0.000001,-0.000068,0.019945,-0.000510,-0.000184,-0.000249,0.006966,731.800000,0.000000,0.001071,-0.000003,0.000000,0.000066,-0.000153,0.000031,
0.040000,25.051939,25.051939,0.000000,25.053434,25.053434,0.000000,18.600000,0.000000,0.694000,-0.000023,-0.000039,0.020082,-0.000333,-0.000179,-0.000064,0.006260,731.900000,0.000000,0.001008,-0.000038,-0.000084,-0.000197,0.000349,-0.000094,
0.040000,25.052032,25.052032,0.000000,25.053789,25.053789,0.000000,18.700000,0.000000,0.686000,-0.000004,-0.000029,0.020574,-0.000257,-0.000177,-0.000177,0.005803,732.000000,0.000000,0.001015,-0.000002,-0.000046,0.000105,-0.000003,-0.000003,
0.040000,25.052144,25.052144,0.000000,25.054276,25.054276,0.000000,18.800000,0.000000,0.688400,-0.000007,-0.000038,0.020532,-0.000355,-0.000173,-0.000148,0.006303,732.100000,0.000000,0.001092,0.000013,-0.000067,0.000100,0.000117,0.000010,
0.040000,25.052220,25.052220,0.000000,25.053659,25.053659,0.000000,18.900000,0.000000,0.690800,-0.000032,-0.000059,0.020416,-0.000582,-0.000196,0.000013,0.006667,732.200000,0.000000,0.001062,-0.000007,-0.000060,-0.000013,0.000022,0.000030,
0.040000,25.052314,25.052314,0.000000,25.054100,25.054100,0.000000,19.000000,0.000000,0.703200,-0.000020,-0.000042,0.020886,-0.000313,-0.000181,-0.000087,0.006157,732.300000,0.000000,0.001018,-0.000051,-0.000027,-0.000138,-0.000148,-0.000135,
0.040000,25.052390,25.052390,0.000000,25.053839,25.053839,0.000000,19.100000,0.000000,0.692800,-0.000049,-0.000061,0.020867,-0.000418,-0.000176,0.000097,0.006366,732.400000,0.000000,0.001091,0.000003,-0.000046,0.000056,0.000024,0.000045,
0.040000,25.052504,25.052504,0.000000,25.054676,25.054676,0.000000,19.200000,0.000000,0.674800,-0.000042,-0.000052,0.021018,-0.000409,-0.000187,0.000053,0.005863,732.500000,0.000000,0.001065,-0.000018,-0.000009,-0.000097,-0.000173,0.000046,
0.040000,25.052616,25.052616,0.000000,25.054737,25.054737,0.000000,19.300000,0.000000,0.675200,-0.000077,-0.000050,0.021337,-0.000329,-0.000174,0.000275,0.009184,732.600000,0.000000,0.001074,-0.000016,-0.000017,0.000015,-0.000022,-0.000050,
0.040000,25.052691,25.052691,0.000000,25.054125,25.054125,0.000000,19.400000,0.000000,0.678800,-0.000060,-0.000034,0.021213,-0.000403,-0.000193,0.000149,0.008668,732.700000,0.000000,0.001116,0.000000,0.000027,0.000019,-0.000222,0.000061,
0.040000,25.052785,25.052785,0.000000,25.054565,25.054565,0.000000,19.500000,0.000000,0.678800,-0.000039,-0.000056,0.021394,-0.000316,-0.000178,-0.000160,0.006094,732.800000,0.000000,0.001069,-0.000014,0.000001,0.000106,0.000014,-0.000092,
0.040000,25.052879,25.052879,0.000000,25.054659,25.054659,0.000000,19.600000,0.000000,0.704000,-0.000065,-0.000021,0.021473,-0.000321,-0.000188,0.000242,0.006145,732.900000,0.000000,0.001084,0.000003,-0.000060,-0.000095,0.000136,0.000053,
0.040000,25.052954,25.052954,0.000000,25.054386,25.054386,0.000000,19.700000,0.000000,0.703600,-0.000086,-0.000017,0.021703,-0.000518,-0.000211,0.000392,0.006342,733.000000,0.000000,0.001078,0.000002,0.000021,0.000182,-0.000105,-0.000041,
0.040000,25.053030,25.053030,1.000000,25.054482,25.054482,0.000000,19.800000,1.000000,0.696400,-0.000080,-0.000041,0.021757,-0.000311,-0.000188,0.000274,0.008472,733.100000,0.000000,0.001102,-0.000037,0.000050,0.000091,-0.000171,-0.000154,
0.040000,25.053109,25.053109,0.000000,25.054607,25.054607,0.000000,19.900000,0.000000,0.683600,-0.000092,-0.000049,0.021620,-0.000214,-0.000171,0.000359,0.007496,733.200000,0.000000,0.001091,0.000005,0.000026,-0.000113,-0.000029,0.000079,
0.040000,25.053206,25.053206,0.000000,25.055035,25.055035,0.000000,20.000000,0.000000,0.684800,-0.000076,-0.000032,0.022114,-0.000354,-0.000191,0.000283,0.006274,733.300000,0.000000,0.001043,0.000024,0.000042,-0.000090,-0.000087,0.000135,
0.040000,25.053302,25.053302,0.000000,25.055132,25.055132,0.000000,20.100000,0.000000,0.675600,-0.000072,-0.000028,0.021929,-0.000231,-0.000184,0.000278,0.006131,733.400000,0.000000,0.001120,-0.000004,0.000026,0.000068,0.000067,-0.000069,
0.040000,25.053378,25.053378,0.000000,25.054832,25.054832,0.000000,20.200000,0.000000,0.702000,-0.000077,-0.000030,0.022242,-0.000419,-0.000195,0.000200,0.006900,733.500000,0.000000,0.001061,0.000020,0.000025,0.000053,0.000050,0.000018,
0.040000,25.053473,25.053473,0.000000,25.055277,25.055277,0.000000,20.400000,0.000000,0.705600,-0.000024,-0.000027,0.022202,-0.000357,-0.000200,0.000044,0.005868,733.700000,0.000000,0.001102,-0.000017,0.000009,0.000008,-0.000010,-0.000060,
0.040000,25.053591,25.053591,0.000000,25.055834,25.055834,0.000000,20.500000,0.000000,0.715600,-0.000023,-0.000037,0.022457,-0.000433,-0.000201,-0.000086,0.006523,733.800000,0.000000,0.001072,-0.000005,-0.000022,0.000019,0.000322,-0.000054,
0.040000,25.053694,25.053694,0.000000,25.055649,25.055649,0.000000,20.600000,0.000000,0.690800,-0.000075,-0.000017,0.022612,-0.000266,-0.000193,0.000235,0.007263,733.900000,0.000000,0.001088,-0.000034,-0.000071,-0.000044,0.000023,-0.000011,
0.040000,25.053778,25.053778,0.000000,25.055372,25.055372,0.000000,20.700000,0.000000,0.676800,-0.000014,-0.000019,0.022609,-0.000390,-0.000205,-0.000054,0.006679,734.000000,0.000000,0.001097,-0.000001,-0.000007,0.000088,-0.000279,0.000042,
0.040000,25.053859,25.053859,0.000000,25.055387,25.055387,0.000000,20.800000,0.000000,0.693200,-0.000028,-0.000016,0.022784,-0.000204,-0.000183,0.000074,0.006103,734.100000,0.000000,0.001075,-0.000025,-0.000064,0.000025,0.000266,-0.000057,
0.040000,25.053957,25.053957,0.000000,25.055836,25.055836,0.000000,20.900000,0.000000,0.700800,-0.000014,-0.000034,0.022881,-0.000302,-0.000200,-0.000099,0.006222,734.200000,0.000000,0.001088,0.000012,-0.000037,0.000027,0.000011,0.000112,
0.040000,25.054042,25.054042,0.000000,25.055639,25.055639,0.000000,21.000000,0.000000,0.658000,-0.000070,-0.000030,0.022980,-0.000449,-0.000211,0.000200,0.006258,734.300000,0.000000,0.001086,-0.000007,-0.000071,-0.000099,0.000094,-0.000062,
0.040000,25.054126,25.054126,0.000000,25.055735,25.055735,0.000000,21.100000,0.000000,0.669600,-0.000041,-0.000027,0.022735,-0.000276,-0.000197,0.000080,0.007668,734.400000,0.000000,0.001084,-0.000036,-0.000010,-0.000015,-0.000310,-0.000092,
0.040000,25.054209,25.054209,1.000000,25.055780,25.055780,0.000000,21.200000,1.000000,0.713600,-0.000069,-0.000031,0.023355,-0.000395,-0.000200,0.000195,0.007032,734.500000,0.000000,0.001015,-0.000002,-0.000034,0.000012,0.000060,0.000052,
0.040000,25.054310,25.054310,0.000000,25.056229,25.056229,0.000000,21.300000,0.000000,0.704000,-0.000125,-0.000033,0.023722,-0.000254,-0.000199,0.000452,0.007878,734.600000,0.000000,0.001117,-0.000025,-0.000010,-0.000018,-0.000152,0.000002,
0.040000,25.054428,25.054428,0.000000,25.056662,25.056662,0.000000,21.400000,0.000000,0.694800,-0.000059,-0.000028,0.023412,-0.000319,-0.000218,0.000200,0.006748,734.700000,0.000000,0.001167,0.000003,0.000040,-0.000023,-0.000401,0.000004,
0.040000,25.054512,25.054512,0.000000,25.056122,25.056122,0.000000,21.500000,0.000000,0.696000,-0.000048,-0.000035,0.023669,-0.000376,-0.000203,0.000045,0.006586,734.800000,0.000000,0.001083,-0.000010,-0.000010,0.000027,0.000251,-0.000111,
0.040000,25.054627,25.054627,1.000000,25.056799,25.056799,0.000000,21.600000,1.000000,0.645600,-0.000040,-0.000029,0.023567,-0.000485,-0.000223,0.000124,0.006267,734.900000,0.000000,0.001112,-0.000021,-0.000040,-0.000035,0.000165,0.000049,
0.040000,25.054710,25.054710,0.000000,25.056297,25.056297,0.000000,21.700000,0.000000,0.680400,-0.000106,-0.000027,0.023835,-0.000359,-0.000214,0.000329,0.007031,735.000000,0.000000,0.001070,-0.000042,-0.000024,0.000025,0.000111,-0.000108,
0.040000,25.054794,25.054794,0.000000,25.056381,25.056381,0.000000,21.800000,0.000000,0.705200,-0.000045,-0.000025,0.023619,-0.000280,-0.000206,0.000022,0.006291,735.100000,0.000000,0.001102,-0.000016,0.000017,0.000017,-0.000365,0.000018,
0.040000,25.054894,25.054894,0.000000,25.056810,25.056810,0.000000,21.900000,0.000000,0.670400,-0.000026,-0.000032,0.023956,-0.000334,-0.000215,-0.000024,0.005865,735.200000,0.000000,0.001038,-0.000000,-0.000044,0.000019,0.000238,0.000052,
0.040000,25.055013,25.055013,0.000000,25.057261,25.057261,0.000000,22.000000,0.000000,0.700800,-0.000011,-0.000029,0.023876,-0.000330,-0.000219,-0.000098,0.007821,735.300000,0.000000,0.001084,-0.000011,-0.000052,-0.000033,0.000212,-0.000036,
0.040000,25.055106,25.055106,0.000000,25.056883,25.056883,0.000000,22.100000,0.000000,0.688800,0.000033,-0.000035,0.024015,-0.000272,-0.000210,-0.000342,0.006298,735.400000,0.000000,0.001047,-0.000010,-0.000066,0.000004,0.000172,-0.000034,
0.040000,25.055188,25.055188,0.000000,25.056747,25.056747,0.000000,22.200000,0.000000,0.688800,-0.000052,-0.000051,0.024283,-0.000323,-0.000214,0.000053,0.006808,735.500000,0.000000,0.001053,0.000002,-0.000112,-0.000032,0.000339,0.000038,
0.040000,25.055289,25.055289,0.000000,25.057209,25.057209,0.000000,22.300000,0.000000,0.684800,-0.000031,-0.000029,0.024257,-0.000399,-0.000227,0.000021,0.006594,735.600000,0.000000,0.001085,-0.000008,-0.000032,-0.000114,-0.000399,-0.000006,
0.040000,25.055371,25.055371,0.000000,25.056931,25.056931,0.000000,22.400000,0.000000,0.692400,-0.000072,-0.000028,0.024576,-0.000408,-0.000230,0.000250,0.006325,735.700000,0.000000,0.001059,-0.000023,-0.000038,0.000095,-0.000021,-0.000087,
0.040000,25.055470,25.055470,0.000000,25.057339,25.057339,0.000000,22.500000,0.000000,0.694400,-0.000048,-0.000033,0.024675,-0.000351,-0.000214,0.000143,0.005791,735.800000,0.000000,0.001101,-0.000024,0.000008,0.000040,-0.000264,-0.000046,
0.040000,25.055566,25.055566,1.000000,25.057388,25.057388,0.000000,22.600000,1.000000,0.683600,-0.000055,-0.000030,0.024702,-0.000328,-0.000221,0.000094,0.006472,735.900000,0.000000,0.001099,-0.000013,-0.000013,-0.000019,0.000051,0.000081,
0.040000,25.055646,25.055646,0.000000,25.057169,25.057169,0.000000,22.800000,0.000000,0.670800,-0.000100,-0.000056,0.024845,-0.000374,-0.000223,0.000354,0.006961,736.100000,0.000000,0.001082,-0.000008,-0.000023,0.000014,-0.000023,-0.000014,
0.040000,25.055768,25.055768,0.000000,25.058084,25.058084,0.000000,22.900000,0.000000,0.662400,-0.000035,-0.000030,0.025185,-0.000451,-0.000223,-0.000004,0.007373,736.200000,0.000000,0.001089,-0.000017,0.000029,-0.000154,-0.000291,-0.000019,
0.040000,25.055852,25.055852,1.000000,25.057442,25.057442,0.000000,23.000000,1.000000,0.672000,-0.000088,-0.000028,0.025197,-0.000248,-0.000214,0.000387,0.009949,736.300000,0.000000,0.001137,-0.000046,-0.000114,0.000115,0.000294,-0.000000,
0.040000,25.055934,25.055934,0.000000,25.057491,25.057491,0.000000,23.100000,0.000000,0.668800,-0.000114,-0.000024,0.025202,-0.000442,-0.000236,0.000459,0.006882,736.400000,0.000000,0.001117,-0.000005,-0.000035,0.000064,-0.000162,0.000051,
0.040000,25.056017,25.056017,0.000000,25.057594,25.057594,0.000000,23.200000,0.000000,0.677200,-0.000001,-0.000032,0.025481,-0.000304,-0.000225,-0.000134,0.007157,736.500000,0.000000,0.001096,-0.000043,-0.000020,0.000049,-0.000223,-0.000114,
0.040000,25.056100,25.056100,1.000000,25.057682,25.057682,0.000000,23.300000,1.000000,0.700400,-0.000016,-0.000037,0.025333,-0.000425,-0.000227,-0.000080,0.006848,736.600000,0.000000,0.001130,-0.000015,-0.000136,-0.000033,0.000612,0.000024,
0.040000,25.056197,25.056197,0.000000,25.058050,25.058050,0.000000,23.400000,0.000000,0.702400,-0.000096,-0.000036,0.025647,-0.000466,-0.000239,0.000343,0.006517,736.700000,0.000000,0.001078,-0.000038,-0.000123,-0.000046,0.000143,-0.000003,
0.040000,25.056298,25.056298,0.000000,25.058207,25.058207,0.000000,23.500000,0.000000,0.690400,-0.000003,-0.000031,0.025520,-0.000368,-0.000227,-0.000139,0.006368,736.800000,0.000000,0.001119,-0.000046,-0.000037,-0.000012,-0.000441,-0.000076,
0.040000,25.056416,25.056416,0.000000,25.058659,25.058659,0.000000,23.600000,0.000000,0.676800,-0.000059,-0.000017,0.025796,-0.000141,-0.000222,0.000152,0.006777,736.900000,0.000000,0.001072,-0.000026,-0.000132,0.000030,0.000410,0.000044,
0.040000,25.056515,25.056515,0.000000,25.058403,25.058403,0.000000,23.700000,0.000000,0.677200,-0.000062,-0.000054,0.026054,-0.000306,-0.000213,0.000168,0.006999,737.000000,0.000000,0.001105,0.000020,-0.000072,0.000095,-0.000190,0.000047,
0.040000,25.056612,25.056612,1.000000,25.058456,25.058456,0.000000,23.800000,1.000000,0.703600,-0.000081,-0.000022,0.026141,-0.000433,-0.000241,0.000289,0.009388,737.100000,0.000000,0.001134,-0.000013,-0.000067,-0.000187,-0.000093,0.000075,
0.040000,25.056713,25.056713,0.000000,25.058624,25.058624,0.000000,23.900000,0.000000,0.695600,-0.000091,-0.000051,0.026156,-0.000385,-0.000228,0.000385,0.007007,737.200000,0.000000,0.001129,-0.000038,-0.000042,0.000125,-0.000154,-0.000143,
0.040000,25.056826,25.056826,0.000000,25.058981,25.058981,0.000000,24.000000,0.000000,0.696000,-0.000078,-0.000026,0.026405,-0.000311,-0.000228,0.000351,0.006283,737.300000,0.000000,0.001110,-0.000028,-0.000022,-0.000132,-0.000122,0.000021,
0.040000,25.056939,25.056939,0.000000,25.059090,25.059090,0.000000,24.100000,0.000000,0.676000,-0.000045,-0.000055,0.026509,-0.000399,-0.000234,0.000066,0.006434,737.400000,0.000000,0.001137,-0.000012,-0.000028,0.000102,0.000039,0.000010,
0.040000,25.057053,25.057053,0.000000,25.059202,25.059202,0.000000,24.200000,0.000000,0.698400,-0.000040,-0.000039,0.026478,0.000071,-0.000196,0.000009,0.006311,737.500000,0.000000,0.001135,-0.000030,-0.000084,-0.000136,0.000214,-0.000031,
0.040000,25.057149,25.057149,0.000000,25.058985,25.058985,0.000000,24.300000,0.000000,0.702800,-0.000054,-0.000042,0.026522,-0.000090,-0.000215,0.000030,0.009424,737.600000,0.000000,0.001106,0.000064,-0.000094,0.000045,0.000113,0.000223,
0.040000,25.057222,25.057222,0.000000,25.058615,25.058615,0.000000,24.400000,0.000000,0.668000,-0.000029,-0.000018,0.026707,-0.000159,-0.000219,-0.000094,0.006322,737.700000,0.000000,0.001093,0.000031,-0.000088,-0.000002,-0.000040,-0.000032,
0.040000,25.057299,25.057299,0.000000,25.058760,25.058760,0.000000,24.500000,0.000000,0.656400,-0.000047,-0.000049,0.026819,-0.000139,-0.000217,0.000057,0.006237,737.800000,0.000000,0.001108,0.000016,-0.000110,0.000148,0.000140,-0.000041,
0.040000,25.057411,25.057411,0.000000,25.059530,25.059530,0.000000,24.600000,0.000000,0.703600,-0.000060,-0.000047,0.027087,-0.000262,-0.000222,0.000095,0.006492,737.900000,0.000000,0.001108,0.000020,-0.000078,-0.000136,-0.000063,-0.000004,
0.040000,25.057489,25.057489,0.000000,25.058975,25.058975,0.000000,24.700000,0.000000,0.665600,-0.000051,-0.000043,0.027343,-0.000488,-0.000241,-0.000005,0.006170,738.000000,0.000000,0.001139,-0.000005,-0.000069,-0.000042,-0.000101,-0.000028,
0.040000,25.057568,25.057568,0.000000,25.059071,25.059071,0.000000,24.800000,0.000000,0.677200,0.000001,-0.000007,0.026810,-0.000400,-0.000242,-0.000198,0.008810,738.100000,0.000000,0.001168,-0.000049,-0.000088,0.000010,0.000017,-0.000132,
0.040000,25.057649,25.057649,0.000000,25.059195,25.059195,0.000000,24.900000,0.000000,0.686800,-0.000035,-0.000034,0.027207,-0.000352,-0.000231,0.000011,0.006274,738.200000,0.000000,0.001039,-0.000031,-0.000124,0.000227,0.000329,-0.000051,
0.040000,25.057745,25.057745,1.000000,25.059565,25.059565,0.000000,25.000000,1.000000,0.691200,0.000004,-0.000016,0.027302,-0.000286,-0.000241,-0.000234,0.006482,738.300000,0.000000,0.001097,-0.000021,-0.000080,-0.000077,-0.000100,0.000044,
0.040000,25.057824,25.057824,0.000000,25.059326,25.059326,0.000000,25.100000,0.000000,0.668000,-0.000101,-0.000057,0.027647,-0.000327,-0.000233,0.000350,0.006435,738.400000,0.000000,0.001094,-0.000007,-0.000127,0.000080,0.000206,-0.000045,
0.040000,25.057901,25.057901,0.000000,25.059366,25.059366,0.000000,25.200000,0.000000,0.686800,-0.000067,-0.000031,0.027527,-0.000329,-0.000238,0.000162,0.008617,738.500000,0.000000,0.001141,-0.000015,-0.000009,-0.000224,-0.000570,0.000037,
0.040000,25.057981,25.057981,0.000000,25.059494,25.059494,0.000000,25.300000,0.000000,0.687200,-0.000038,-0.000042,0.027892,-0.000402,-0.000238,0.000021,0.006396,738.600000,0.000000,0.001094,-0.000015,-0.000046,0.000077,-0.000007,-0.000021,
0.040000,25.058079,25.058079,0.000000,25.059933,25.059933,0.000000,25.400000,0.000000,0.702800,-0.000050,-0.000031,0.027741,-0.000242,-0.000238,0.000069,0.006357,738.700000,0.000000,0.001145,-0.000029,-0.000073,-0.000041,0.000175,-0.000007,
0.040000,25.058157,25.058157,0.000000,25.059645,25.059645,0.000000,25.500000,0.000000,0.699200,-0.000029,-0.000042,0.027771,-0.000266,-0.000240,-0.000054,0.007167,738.800000,0.000000,0.001092,0.000003,-0.000062,0.000054,-0.000008,-0.000005,
0.040000,25.058236,25.058236,0.000000,25.059736,25.059736,0.000000,25.600000,0.000000,0.682800,-0.000007,-0.000037,0.027810,-0.000438,-0.000252,-0.000116,0.006892,738.900000,0.000000,0.001077,-0.000002,-0.000085,-0.000046,0.000130,-0.000013,
0.040000,25.058312,25.058312,0.000000,25.059765,25.059765,0.000000,25.800000,0.000000,0.698800,-0.000039,-0.000034,0.028105,-0.000177,-0.000234,0.000117,0.006502,739.100000,0.000000,0.001063,-0.000036,-0.000096,0.000010,0.000180,-0.000076,
0.040000,25.058413,25.058413,0.000000,25.060329,25.060329,0.000000,25.900000,0.000000,0.674800,-0.000077,-0.000035,0.028513,-0.000565,-0.000267,0.000219,0.006583,739.200000,0.000000,0.001101,0.000016,-0.000048,0.000027,-0.000123,0.000080,
0.040000,25.058513,25.058513,0.000000,25.060415,25.060415,0.000000,26.000000,0.000000,0.675200,-0.000055,-0.000054,0.028493,-0.000342,-0.000239,-0.000055,0.007019,739.300000,0.000000,0.001175,-0.000138,-0.000004,-0.000007,-0.000188,-0.000152,
0.040000,25.058614,25.058614,0.000000,25.060537,25.060537,0.000000,26.100000,0.000000,0.696400,-0.000070,-0.000025,0.028670,-0.000471,-0.000263,0.000199,0.006520,739.400000,0.000000,0.001148,-0.000091,-0.000058,-0.000108,0.000039,0.000090,
0.040000,25.058732,25.058732,0.000000,25.060961,25.060961,0.000000,26.200000,0.000000,0.673200,-0.000034,-0.000044,0.028672,-0.000420,-0.000255,0.000006,0.006255,739.500000,0.000000,0.001160,-0.000115,-0.000007,0.000133,-0.000076,-0.000115,
0.040000,25.058816,25.058816,0.000000,25.060425,25.060425,0.000000,26.300000,0.000000,0.694800,-0.000023,-0.000031,0.028692,-0.000334,-0.000246,-0.000041,0.006220,739.600000,0.000000,0.001137,-0.000102,-0.000045,-0.000062,0.000191,0.000006,
0.040000,25.058916,25.058916,0.000000,25.060812,25.060812,0.000000,26.400000,0.000000,0.683600,-0.000084,-0.000043,0.028993,-0.000302,-0.000243,0.000245,0.008743,739.700000,0.000000,0.001119,-0.000083,-0.000053,0.000055,0.000141,0.000058,
0.040000,25.059034,25.059034,0.000000,25.061268,25.061268,0.000000,26.500000,0.000000,0.706000,-0.000041,-0.000036,0.028920,-0.000187,-0.000237,0.000010,0.006274,739.800000,0.000000,0.001156,-0.000075,0.000004,-0.000056,-0.000322,0.000039,
0.040000,25.059113,25.059113,0.000000,25.060625,25.060625,0.000000,26.600000,0.000000,0.675600,-0.000016,-0.000028,0.028946,-0.000270,-0.000248,-0.000104,0.007155,739.900000,0.000000,0.001119,-0.000051,-0.000042,0.000027,0.000138,0.000055,
0.040000,25.059200,25.059200,0.000000,25.060837,25.060837,0.000000,26.700000,0.000000,0.684000,-0.000030,-0.000045,0.029101,-0.000602,-0.000273,-0.000025,0.006269,740.000000,0.000000,0.001102,-0.000067,-0.000064,0.000060,0.000208,-0.000046,
0.040000,25.059317,25.059317,0.000000,25.061546,25.061546,0.000000,26.800000,0.000000,0.688800,-0.000076,-0.000032,0.029546,-0.000262,-0.000238,0.000332,0.008402,740.100000,0.000000,0.001111,-0.000131,-0.000047,-0.000083,-0.000002,-0.000176,
0.040000,25.059416,25.059416,0.000000,25.061295,25.061295,0.000000,26.900000,0.000000,0.684400,-0.000003,-0.000055,0.029270,-0.000428,-0.000270,-0.000247,0.006380,740.200000,0.000000,0.001177,-0.000061,0.000024,0.000046,-0.000289,0.000150,
0.040000,25.059493,25.059493,0.000000,25.060968,25.060968,0.000000,27.000000,0.000000,0.673600,-0.000034,-0.000030,0.029722,-0.000397,-0.000258,0.000047,0.007302,740.300000,0.000000,0.001099,-0.000093,-0.000090,-0.000125,0.000343,-0.000140,
0.040000,25.059595,25.059595,0.000000,25.061518,25.061518,0.000000,27.100000,0.000000,0.675200,-0.000034,-0.000032,0.029683,-0.000365,-0.000267,-0.000030,0.008361,740.400000,0.000000,0.001167,-0.000085,-0.000031,0.000111,-0.000061,0.000020,
0.040000,25.059693,25.059693,0.000000,25.061556,25.061556,0.000000,27.200000,0.000000,0.689600,-0.000001,-0.000016,0.029581,-0.000235,-0.000264,-0.000299,0.006799,740.500000,0.000000,0.001136,-0.000077,-0.000045,0.000025,-0.000026,-0.000045,
0.040000,25.059791,25.059791,0.000000,25.061657,25.061657,0.000000,27.300000,0.000000,0.690000,-0.000065,-0.000030,0.029896,-0.000170,-0.000253,0.000149,0.008198,740.600000,0.000000,0.001093,-0.000050,-0.000097,0.000109,0.000195,-0.000001,
0.040000,25.059874,25.059874,0.000000,25.061460,25.061460,0.000000,27.400000,0.000000,0.694000,-0.000055,-0.000044,0.030174,-0.000244,-0.000261,0.000149,0.006464,740.700000,0.000000,0.001134,-0.000036,-0.000007,-0.000043,-0.000317,0.000071,
0.040000,25.059987,25.059987,0.000000,25.062120,25.062120,0.000000,27.500000,0.000000,0.675200,-0.000033,-0.000048,0.030281,-0.000329,-0.000260,-0.000053,0.006281,740.800000,0.000000,0.001166,-0.000050,-0.000007,-0.000101,-0.000061,-0.000024,
0.040000,25.060084,25.060084,0.000000,25.061943,25.061943,0.000000,27.600000,0.000000,0.684400,-0.000015,-0.000028,0.030072,-0.000353,-0.000277,-0.000166,0.006333,740.900000,0.000000,0.001165,-0.000065,-0.000047,-0.000066,0.000114,-0.000003,
0.040000,25.060181,25.060181,0.000000,25.062023,25.062023,0.000000,27.700000,0.000000,0.682800,-0.000082,-0.000034,0.030292,-0.000500,-0.000291,0.000263,0.006278,741.000000,0.000000,0.001100,-0.000069,-0.000068,0.000099,0.000154,-0.000105,
0.040000,25.060275,25.060275,0.000000,25.062048,25.062048,0.000000,27.800000,0.000000,0.686800,0.000000,-0.000044,0.030453,-0.000445,-0.000276,-0.000273,0.008962,741.100000,0.000000,0.001122,-0.000097,0.000018,0.000003,-0.000360,-0.000131,
0.040000,25.060350,25.060350,0.000000,25.061777,25.061777,0.000000,27.900000,0.000000,0.698000,-0.000040,-0.000006,0.030513,-0.000331,-0.000274,0.000121,0.008067,741.200000,0.000000,0.001131,-0.000084,-0.000088,-0.000061,0.000374,0.000048,
0.040000,25.060442,25.060442,0.000000,25.062187,25.062187,0.000000,28.000000,0.000000,0.706000,-0.000042,-0.000049,0.030573,-0.000280,-0.000250,-0.000081,0.006217,741.300000,0.000000,0.001121,-0.000060,-0.000009,0.000213,-0.000107,0.000027,
0.040000,25.060534,25.060534,0.000000,25.062296,25.062296,0.000000,28.100000,0.000000,0.693200,-0.000002,-0.000060,0.030661,-0.000435,-0.000274,-0.000288,0.008414,741.400000,0.000000,0.001111,-0.000048,-0.000048,-0.000184,-0.000053,0.000158,
0.040000,25.060627,25.060627,0.000000,25.062380,25.062380,0.000000,28.200000,0.000000,0.687600,-0.000032,-0.000048,0.030930,-0.000410,-0.000268,-0.000102,0.006183,741.500000,0.000000,0.001106,-0.000078,-0.000088,-0.000137,0.000229,-0.000085,
0.040000,25.060740,25.060740,0.000000,25.062883,25.062883,0.000000,28.300000,0.000000,0.686800,-0.000018,-0.000041,0.031010,-0.000392,-0.000268,-0.000141,0.006291,741.600000,0.000000,0.001138,-0.000071,-0.000050,0.000020,-0.000103,0.000004,
0.040000,25.060830,25.060830,0.000000,25.062550,25.062550,0.000000,28.400000,0.000000,0.683200,-0.000033,-0.000055,0.031051,-0.000388,-0.000268,-0.000067,0.006447,741.700000,0.000000,0.001131,-0.000067,-0.000056,0.000052,0.000048,0.000002,
0.040000,25.060926,25.060926,0.000000,25.062752,25.062752,0.000000,28.500000,0.000000,0.696400,-0.000036,-0.000058,0.031280,-0.000464,-0.000269,-0.000059,0.005938,741.800000,0.000000,0.001117,-0.000064,-0.000041,-0.000066,-0.000071,0.000000,
0.040000,25.061007,25.061007,0.000000,25.062551,25.062551,0.000000,28.600000,0.000000,0.695600,-0.000024,-0.000037,0.031210,-0.000436,-0.000285,-0.000119,0.006085,741.900000,0.000000,0.001140,-0.000078,-0.000038,-0.000049,-0.000048,-0.000004,
0.040000,25.061102,25.061102,0.000000,25.062895,25.062895,0.000000,28.700000,0.000000,0.689200,-0.000040,-0.000055,0.031602,-0.000089,-0.000242,-0.000069,0.006584,742.000000,0.000000,0.001103,-0.000071,-0.000049,0.000111,0.000059,-0.000100,
0.040000,25.061197,25.061197,0.000000,25.063002,25.063002,0.000000,28.800000,0.000000,0.684400,-0.000033,-0.000031,0.031578,-0.000278,-0.000272,-0.000152,0.007912,742.100000,0.000000,0.001159,-0.000001,-0.000039,-0.000065,-0.000080,0.000227,
0.040000,25.061292,25.061292,0.000000,25.063105,25.063105,0.000000,29.000000,0.000000,0.692400,-0.000065,-0.000057,0.031807,-0.000522,-0.000288,0.000093,0.006332,742.300000,0.000000,0.001131,-0.000038,-0.000054,0.000124,0.000014,-0.000100,
0.040000,25.061391,25.061391,0.000000,25.063259,25.063259,0.000000,29.100000,0.000000,0.674400,-0.000051,-0.000065,0.031770,-0.000296,-0.000266,0.000011,0.006340,742.400000,0.000000,0.001154,-0.000086,-0.000005,-0.000117,-0.000192,-0.000136,
0.040000,25.061504,25.061504,0.000000,25.063665,25.063665,0.000000,29.200000,0.000000,0.676000,-0.000055,-0.000051,0.032009,-0.000459,-0.000284,0.000031,0.008066,742.500000,0.000000,0.001049,0.000010,-0.000037,-0.000044,0.000055,0.000094,
0.040000,25.061600,25.061600,0.000000,25.063412,25.063412,0.000000,29.300000,0.000000,0.671200,-0.000038,-0.000040,0.032324,-0.000233,-0.000262,-0.000019,0.007257,742.600000,0.000000,0.001075,-0.000022,-0.000032,0.000060,0.000005,-0.000054,
0.040000,25.061710,25.061710,0.000000,25.063812,25.063812,0.000000,29.500000,0.000000,0.690400,-0.000041,-0.000050,0.032132,-0.000238,-0.000267,-0.000148,0.006190,742.800000,0.000000,0.001116,0.000023,-0.000041,0.000093,0.000103,0.000111,
0.040000,25.061809,25.061809,0.000000,25.063688,25.063688,0.000000,29.600000,0.000000,0.685600,-0.000013,-0.000046,0.032438,-0.000418,-0.000276,-0.000206,0.007542,742.900000,0.000000,0.001056,0.000021,-0.000066,-0.000026,0.000024,0.000009,
0.040000,25.061908,25.061908,0.000000,25.063780,25.063780,0.000000,29.700000,0.000000,0.682800,-0.000025,-0.000054,0.032521,-0.000433,-0.000286,-0.000169,0.006511,743.000000,0.000000,0.001093,-0.000051,-0.000083,0.000014,0.000134,-0.000041,
0.040000,25.062007,25.062007,0.000000,25.063896,25.063896,0.000000,29.800000,0.000000,0.685200,-0.000032,-0.000063,0.032660,-0.000161,-0.000253,-0.000117,0.006473,743.100000,0.000000,0.001088,-0.000053,-0.000074,-0.000035,-0.000008,-0.000074,
0.040000,25.062107,25.062107,0.000000,25.063999,25.063999,0.000000,29.900000,0.000000,0.707600,-0.000022,-0.000056,0.032901,-0.000346,-0.000279,-0.000158,0.007829,743.200000,0.000000,0.001094,0.000002,-0.000063,-0.000072,-0.000044,0.000174,
0.040000,25.062205,25.062205,0.000000,25.064066,25.064066,0.000000,30.000000,0.000000,0.691200,-0.000025,-0.000047,0.032965,-0.000442,-0.000287,-0.000093,0.006253,743.300000,0.000000,0.001120,-0.000035,-0.000070,0.000019,0.000042,-0.000092,
0.040000,25.062321,25.062321,0.000000,25.064526,25.064526,0.000000,30.100000,0.000000,0.683600,-0.000082,-0.000043,0.033135,-0.000206,-0.000274,0.000223,0.007877,743.400000,0.000000,0.001111,-0.000053,-0.000055,0.000061,-0.000002,-0.000089,
0.040000,25.062399,25.062399,0.000000,25.063896,25.063896,0.000000,30.200000,0.000000,0.687600,-0.000067,-0.000063,0.033137,-0.000358,-0.000284,0.000076,0.005761,743.500000,0.000000,0.001122,-0.000006,0.000008,0.000049,-0.000351,0.000051,
0.040000,25.062514,25.062514,0.000000,25.064690,25.064690,0.000000,30.300000,0.000000,0.688000,-0.000016,-0.000073,0.033097,-0.000426,-0.000289,-0.000148,0.006630,743.600000,0.000000,0.001101,-0.000035,-0.000021,-0.000103,-0.000044,-0.000047,
0.040000,25.062626,25.062626,0.000000,25.064747,25.064747,0.000000,30.400000,0.000000,0.680800,-0.000022,-0.000081,0.033232,-0.000364,-0.000281,-0.000179,0.007403,743.700000,0.000000,0.001071,-0.000048,-0.000065,-0.000101,0.000296,-0.000049,
0.040000,25.062717,25.062717,0.000000,25.064463,25.064463,0.000000,30.500000,0.000000,0.678000,0.000000,-0.000055,0.033461,-0.000494,-0.000299,-0.000253,0.006345,743.800000,0.000000,0.001077,-0.000035,-0.000070,-0.000094,0.000078,0.000034,
0.040000,25.062796,25.062796,0.000000,25.064297,25.064297,0.000000,30.600000,0.000000,0.696000,0.000017,-0.000048,0.033491,-0.000167,-0.000275,-0.000332,0.006445,743.900000,0.000000,0.001100,-0.000060,-0.000083,0.000130,0.000167,-0.000100,
0.040000,25.062875,25.062875,0.000000,25.064367,25.064367,0.000000,30.700000,0.000000,0.686800,0.000037,-0.000054,0.033579,-0.000270,-0.000281,-0.000460,0.006290,744.000000,0.000000,0.001085,0.000006,-0.000097,0.000092,0.000170,0.000110,
0.040000,25.062952,25.062952,1.000000,25.064413,25.064413,0.000000,30.800000,1.000000,0.697200,0.000012,-0.000034,0.033870,-0.000108,-0.000273,-0.000337,0.008034,744.100000,0.000000,0.001081,-0.000015,-0.000120,-0.000005,0.000189,0.000006,
0.040000,25.063048,25.063048,0.000000,25.064869,25.064869,0.000000,30.900000,0.000000,0.693600,-0.000002,-0.000099,0.033579,-0.000457,-0.000296,-0.000365,0.007252,744.200000,0.000000,0.001117,0.000018,-0.000094,0.000126,-0.000085,0.000051,
0.040000,25.063143,25.063143,0.000000,25.064953,25.064953,0.000000,31.000000,0.000000,0.671600,-0.000026,-0.000029,0.034010,-0.000359,-0.000294,-0.000154,0.006375,744.300000,0.000000,0.001037,-0.000052,-0.000097,-0.000355,-0.000116,-0.000124,
0.040000,25.063222,25.063222,0.000000,25.064732,25.064732,0.000000,31.100000,0.000000,0.663600,-0.000082,-0.000049,0.034159,-0.000303,-0.000288,0.000190,0.006244,744.400000,0.000000,0.001102,-0.000031,-0.000054,0.000293,-0.000193,-0.000032,
0.040000,25.063303,25.063303,0.000000,25.064827,25.064827,0.000000,31.200000,0.000000,0.682000,-0.000016,-0.000066,0.034087,-0.000154,-0.000271,-0.000173,0.008373,744.500000,0.000000,0.001109,-0.000020,0.000015,-0.000010,-0.000422,0.000025,
0.040000,25.063402,25.063402,0.000000,25.065283,25.065283,0.000000,31.300000,0.000000,0.692400,0.000009,-0.000046,0.034480,-0.000276,-0.000284,-0.000242,0.008082,744.600000,0.000000,0.001073,0.000010,-0.000057,-0.000107,0.000246,0.000111,
0.040000,25.063494,25.063494,0.000000,25.065243,25.065243,0.000000,31.400000,0.000000,0.690000,-0.000045,-0.000049,0.034503,-0.000358,-0.000286,0.000068,0.008374,744.700000,0.000000,0.001130,-0.000014,-0.000069,0.000084,0.000248,-0.000038,
0.040000,25.063585,25.063585,0.000000,25.065319,25.065319,0.000000,31.500000,0.000000,0.682400,-0.000036,-0.000057,0.034496,-0.000210,-0.000276,-0.000110,0.006597,744.800000,0.000000,0.001112,-0.000030,-0.000007,0.000013,-0.000236,-0.000023,
0.040000,25.063657,25.063657,0.000000,25.065035,25.065035,0.000000,31.600000,0.000000,0.680000,-0.000036,-0.000052,0.034682,-0.000102,-0.000265,-0.000049,0.007443,744.900000,0.000000,0.001089,-0.000000,-0.000042,-0.000045,-0.000040,0.000053,
0.040000,25.063750,25.063750,0.000000,25.065502,25.065502,0.000000,31.700000,0.000000,0.680000,-0.000039,-0.000061,0.035049,-0.000434,-0.000290,-0.000058,0.007205,745.000000,0.000000,0.001104,0.000021,-0.000029,0.000015,-0.000010,0.000087,
0.040000,25.063843,25.063843,0.000000,25.065619,25.065619,0.000000,31.800000,0.000000,0.693600,-0.000037,-0.000036,0.035047,-0.000246,-0.000285,0.000024,0.007074,745.100000,0.000000,0.001155,-0.000045,-0.000030,-0.000053,-0.000026,-0.000122,
0.040000,25.063936,25.063936,0.000000,25.065708,25.065708,0.000000,31.900000,0.000000,0.685200,-0.000045,-0.000057,0.034954,-0.000233,-0.000285,0.000005,0.006320,745.200000,0.000000,0.001131,-0.000007,-0.000013,0.000137,0.000004,-0.000015,
0.040000,25.064031,25.064031,0.000000,25.065826,25.065826,0.000000,32.000000,0.000000,0.668000,-0.000022,-0.000038,0.034944,-0.000383,-0.000308,-0.000163,0.006074,745.300000,0.000000,0.001091,-0.000004,-0.000017,-0.000082,-0.000050,-0.000004,
0.040000,25.064105,25.064105,1.000000,25.065519,25.065519,0.000000,32.100000,1.000000,0.683200,-0.000003,-0.000061,0.035050,-0.000081,-0.000267,-0.000297,0.006804,745.400000,0.000000,0.001067,-0.000034,-0.000050,0.000089,0.000122,-0.000144,
0.040000,25.064200,25.064200,0.000000,25.065996,25.065996,0.000000,32.200000,0.000000,0.676000,-0.000092,-0.000029,0.035404,-0.000226,-0.000293,0.000323,0.008898,745.500000,0.000000,0.001067,0.000027,-0.000075,-0.000108,0.000164,0.000195,
0.040000,25.064292,25.064292,1.000000,25.066040,25.066040,0.000000,32.300000,1.000000,0.670800,-0.000073,-0.000051,0.035654,-0.000126,-0.000281,0.000260,0.007075,745.600000,0.000000,0.001116,-0.000002,0.000049,0.000157,-0.000487,-0.000084,
0.040000,25.064371,25.064371,0.000000,25.065882,25.065882,0.000000,32.400000,0.000000,0.691200,-0.000033,-0.000075,0.035529,-0.000754,-0.000341,-0.000065,0.007562,745.700000,0.000000,0.001143,0.000017,0.000035,-0.000077,-0.000064,0.000041,
0.040000,25.064483,25.064483,0.000000,25.066612,25.066612,0.000000,32.500000,0.000000,0.685600,-0.000043,-0.000028,0.035644,-0.000214,-0.000292,0.000001,0.008049,745.800000,0.000000,0.001096,-0.000107,-0.000030,-0.000175,0.000221,-0.000355,
0.040000,25.064560,25.064560,0.000000,25.066010,25.066010,0.000000,32.600000,0.000000,0.691200,-0.000003,-0.000063,0.035761,-0.000184,-0.000291,-0.000237,0.006953,745.900000,0.000000,0.001097,0.000002,-0.000016,0.000224,0.000019,0.000169,
0.040000,25.064637,25.064637,0.000000,25.066107,25.066107,0.000000,32.700000,0.000000,0.693600,-0.000048,-0.000035,0.035885,-0.000455,-0.000309,0.000084,0.008300,746.000000,0.000000,0.001098,0.000008,-0.000063,-0.000132,0.000260,0.000072,
0.040000,25.064714,25.064714,1.000000,25.066172,25.066172,0.000000,32.800000,1.000000,0.682400,-0.000069,-0.000029,0.036007,-0.000443,-0.000316,0.000290,0.007980,746.100000,0.000000,0.001101,-0.000046,0.000002,0.000124,-0.000181,-0.000085,
0.040000,25.064808,25.064808,0.000000,25.066601,25.066601,0.000000,32.900000,0.000000,0.682800,-0.000093,-0.000050,0.036252,-0.000474,-0.000319,0.000298,0.008782,746.200000,0.000000,0.001103,-0.000043,0.000043,0.000083,-0.000199,-0.000079,
0.040000,25.064904,25.064904,0.000000,25.066715,25.066715,0.000000,33.000000,0.000000,0.690800,-0.000075,-0.000043,0.036387,-0.000312,-0.000313,0.000143,0.007462,746.300000,0.000000,0.001130,-0.000048,0.000043,-0.000101,-0.000224,-0.000046,
0.040000,25.064980,25.064980,0.000000,25.066435,25.066435,0.000000,33.100000,0.000000,0.673200,-0.000041,-0.000041,0.036416,-0.000224,-0.000301,-0.000038,0.009148,746.400000,0.000000,0.001135,-0.000015,0.000012,0.000009,0.000027,0.000018,
0.040000,25.065077,25.065077,0.000000,25.066912,25.066912,0.000000,33.200000,0.000000,0.688400,-0.000017,-0.000045,0.036349,-0.000605,-0.000333,-0.000114,0.005863,746.500000,0.000000,0.001118,0.000003,-0.000024,0.000011,0.000221,0.000081,
0.040000,25.065191,25.065191,0.000000,25.067373,25.067373,0.000000,33.300000,0.000000,0.686000,-0.000061,-0.000042,0.036459,-0.000176,-0.000300,0.000055,0.005829,746.600000,0.000000,0.001082,-0.000073,-0.000039,-0.000018,0.000233,-0.000167,
0.040000,25.065285,25.065285,0.000000,25.067055,25.067055,0.000000,33.400000,0.000000,0.673200,-0.000000,-0.000047,0.036594,-0.000323,-0.000311,-0.000245,0.006202,746.700000,0.000000,0.001083,0.000014,-0.000004,0.000010,-0.000184,0.000143,
0.040000,25.065379,25.065379,0.000000,25.067179,25.067179,0.000000,33.600000,0.000000,0.685200,0.000002,-0.000049,0.036700,-0.000489,-0.000326,-0.000281,0.006183,746.900000,0.000000,0.001088,-0.000016,-0.000064,-0.000024,0.000304,-0.000014,
0.040000,25.065497,25.065497,0.000000,25.067728,25.067728,0.000000,33.700000,0.000000,0.680400,-0.000068,-0.000055,0.037025,-0.000346,-0.000315,-0.000001,0.005979,747.000000,0.000000,0.001088,-0.000048,-0.000069,-0.000025,0.000132,-0.000099,
0.040000,25.065610,25.065610,0.000000,25.067753,25.067753,0.000000,33.800000,0.000000,0.696800,-0.000018,-0.000035,0.037106,-0.000249,-0.000301,-0.000226,0.007768,747.100000,0.000000,0.001130,0.000012,0.000046,-0.000027,-0.000328,0.000045,
0.040000,25.065719,25.065719,0.000000,25.067797,25.067797,0.000000,33.900000,0.000000,0.684800,0.000031,-0.000064,0.037019,-0.000618,-0.000336,-0.000592,0.009675,747.200000,0.000000,0.001124,0.000031,0.000001,0.000097,0.000133,0.000100,
0.040000,25.065796,25.065796,0.000000,25.067255,25.067255,0.000000,34.000000,0.000000,0.683200,0.000052,-0.000043,0.037087,-0.000470,-0.000327,-0.000660,0.006552,747.300000,0.000000,0.001084,-0.000042,-0.000071,-0.000140,0.000347,-0.000177,
0.040000,25.065855,25.065855,0.000000,25.066973,25.066973,0.000000,34.100000,0.000000,0.678800,0.000067,-0.000047,0.036904,-0.000382,-0.000322,-0.000664,0.006225,747.400000,0.000000,0.001076,-0.000012,-0.000083,0.000078,0.000265,-0.000012,
0.040000,25.065951,25.065951,0.000000,25.067780,25.067780,0.000000,34.200000,0.000000,0.681600,0.000043,-0.000057,0.036931,-0.000342,-0.000330,-0.000631,0.007141,747.500000,0.000000,0.001019,0.000005,-0.000082,0.000005,0.000196,0.000028,
0.040000,25.066029,25.066029,0.000000,25.067514,25.067514,0.000000,34.300000,0.000000,0.669200,-0.000017,-0.000034,0.037676,-0.000180,-0.000310,-0.000224,0.007255,747.600000,0.000000,0.001004,0.000013,-0.000074,-0.000057,-0.000079,-0.000040,
0.040000,25.066105,25.066105,0.000000,25.067558,25.067558,0.000000,34.400000,0.000000,0.702000,0.000076,-0.000059,0.037429,-0.000311,-0.000313,-0.000786,0.008714,747.700000,0.000000,0.001131,0.000045,0.000008,0.000117,-0.000396,0.000107,
0.040000,25.066201,25.066201,0.000000,25.068022,25.068022,0.000000,34.500000,0.000000,0.686000,-0.000013,-0.000056,0.037966,-0.000281,-0.000305,-0.000236,0.007735,747.800000,0.000000,0.001060,0.000018,-0.000103,-0.000108,0.000420,0.000027,
0.040000,25.066277,25.066277,0.000000,25.067722,25.067722,0.000000,34.600000,0.000000,0.676400,-0.000003,-0.000046,0.037790,-0.000297,-0.000316,-0.000311,0.008135,747.900000,0.000000,0.001145,0.000023,0.000007,-0.000025,-0.000388,0.000055,
0.040000,25.066370,25.066370,0.000000,25.068130,25.068130,0.000000,34.700000,0.000000,0.686800,0.000016,-0.000035,0.038191,-0.000360,-0.000320,-0.000355,0.005812,748.000000,0.000000,0.001088,0.000020,-0.000008,0.000057,-0.000085,-0.000044,
0.040000,25.066466,25.066466,0.000000,25.068291,25.068291,0.000000,34.800000,0.000000,0.677600,-0.000045,-0.000044,0.038281,-0.000344,-0.000322,0.000019,0.005859,748.100000,0.000000,0.001146,0.000007,-0.000016,0.000086,0.000082,-0.000040,
0.040000,25.066562,25.066562,0.000000,25.068382,25.068382,0.000000,34.900000,0.000000,0.678800,-0.000047,-0.000045,0.038366,-0.000402,-0.000322,0.000089,0.007016,748.200000,0.000000,0.001141,0.000010,0.000058,-0.000019,-0.000344,-0.000027,
0.040000,25.066657,25.066657,0.000000,25.068466,25.068466,0.000000,35.000000,0.000000,0.690400,-0.000039,-0.000075,0.038447,-0.000429,-0.000321,0.000053,0.008395,748.300000,0.000000,0.001135,-0.000002,0.000070,-0.000014,-0.000144,-0.000014,
0.040000,25.066736,25.066736,0.000000,25.068232,25.068232,0.000000,35.100000,0.000000,0.684800,-0.000032,-0.000059,0.038778,-0.000205,-0.000303,-0.000085,0.006581,748.400000,0.000000,0.001129,-0.000007,0.000062,-0.000191,-0.000007,0.000004,
0.040000,25.066816,25.066816,0.000000,25.068336,25.068336,0.000000,35.200000,0.000000,0.689600,-0.000011,-0.000032,0.038824,-0.000243,-0.000311,-0.000090,0.006801,748.500000,0.000000,0.001172,0.000037,0.000034,0.000026,0.000044,0.000109,
0.040000,25.066910,25.066910,0.000000,25.068697,25.068697,0.000000,35.300000,0.000000,0.680800,-0.000031,-0.000071,0.038963,-0.000545,-0.000332,-0.000023,0.006414,748.600000,0.000000,0.001158,0.000029,0.000032,0.000173,0.000146,-0.000008,
0.040000,25.067020,25.067020,0.000000,25.069113,25.069113,0.000000,35.400000,0.000000,0.695200,-0.000059,-0.000030,0.038809,-0.000469,-0.000342,0.000085,0.006248,748.700000,0.000000,0.001162,-0.000031,0.000044,-0.000175,-0.000073,-0.000129,
0.040000,25.067134,25.067134,0.000000,25.069304,25.069304,0.000000,35.500000,0.000000,0.690800,0.000018,-0.000056,0.038949,-0.000421,-0.000333,-0.000371,0.007801,748.800000,0.000000,0.001109,-0.000015,0.000065,0.000191,-0.000198,-0.000112,
0.040000,25.067246,25.067246,0.000000,25.069376,25.069376,0.000000,35.700000,0.000000,0.683200,0.000025,-0.000071,0.038739,-0.000493,-0.000335,-0.000419,0.007471,749.000000,0.000000,0.001115,-0.000005,-0.000026,-0.000090,0.000402,0.000009,
0.040000,25.067357,25.067357,0.000000,25.069450,25.069450,0.000000,35.800000,0.000000,0.695200,-0.000007,-0.000061,0.039389,-0.000345,-0.000332,-0.000275,0.007825,749.100000,0.000000,0.001051,-0.000020,-0.000035,-0.000128,0.000192,-0.000010,
0.040000,25.067454,25.067454,0.000000,25.069300,25.069300,0.000000,35.900000,0.000000,0.690400,-0.000009,-0.000057,0.039377,-0.000340,-0.000332,-0.000308,0.005829,749.200000,0.000000,0.001224,0.000040,0.000024,0.000042,-0.000140,0.000017,
0.040000,25.067567,25.067567,0.000000,25.069714,25.069714,0.000000,36.000000,0.000000,0.710400,-0.000002,-0.000088,0.039456,-0.000519,-0.000344,-0.000261,0.006364,749.300000,0.000000,0.001198,0.000040,0.000017,0.000043,-0.000076,0.000006,
0.040000,25.067644,25.067644,0.000000,25.069109,25.069109,0.000000,36.100000,0.000000,0.678800,-0.000051,-0.000058,0.039802,-0.000362,-0.000331,0.000008,0.010112,749.400000,0.000000,0.001190,0.000004,0.000026,-0.000176,0.000014,-0.000070,
0.040000,25.067740,25.067740,0.000000,25.069569,25.069569,0.000000,36.200000,0.000000,0.674400,-0.000065,-0.000048,0.040023,-0.000570,-0.000345,0.000069,0.006867,749.500000,0.000000,0.001234,0.000035,0.000079,0.000118,-0.000295,0.000052,
0.040000,25.067852,25.067852,0.000000,25.069981,25.069981,0.000000,36.300000,0.000000,0.691600,0.000014,-0.000065,0.039820,-0.000426,-0.000335,-0.000381,0.006575,749.600000,0.000000,0.001254,-0.000006,0.000089,0.000110,-0.000202,-0.000063,
0.040000,25.067949,25.067949,0.000000,25.069782,25.069782,0.000000,36.400000,0.000000,0.684000,-0.000026,-0.000054,0.040226,-0.000225,-0.000319,-0.000208,0.006474,749.700000,0.000000,0.001189,0.000022,-0.000001,-0.000066,0.000412,0.000034,
0.040000,25.068059,25.068059,0.000000,25.070152,25.070152,0.000000,36.500000,0.000000,0.672400,-0.000017,-0.000046,0.039988,-0.000302,-0.000323,-0.000238,0.006652,749.800000,0.000000,0.001245,0.000061,0.000033,0.000046,-0.000086,0.000112,
0.040000,25.068168,25.068168,0.000000,25.070244,25.070244,0.000000,36.600000,0.000000,0.698800,0.000054,-0.000060,0.039961,-0.000289,-0.000335,-0.000689,0.005793,749.900000,0.000000,0.001174,0.000045,0.000026,0.000062,0.000023,0.000022,
0.040000,25.068242,25.068242,0.000000,25.069656,25.069656,0.000000,36.700000,0.000000,0.695600,-0.000014,-0.000077,0.040278,-0.000254,-0.000333,-0.000255,0.006237,750.000000,0.000000,0.001146,0.000046,-0.000063,-0.000060,0.000444,-0.000066,
0.040000,25.068334,25.068334,0.000000,25.070068,25.070068,0.000000,36.800000,0.000000,0.679200,0.000046,-0.000052,0.040090,-0.000558,-0.000357,-0.000638,0.006450,750.100000,0.000000,0.001185,0.000053,0.000023,-0.000131,-0.000250,-0.000015,
0.040000,25.068424,25.068424,0.000000,25.070135,25.070135,0.000000,36.900000,0.000000,0.675200,-0.000014,-0.000053,0.040585,-0.000510,-0.000356,-0.000260,0.009490,750.200000,0.000000,0.001125,-0.000008,-0.000052,0.000104,0.000275,-0.000156,
0.040000,25.068534,25.068534,0.000000,25.070627,25.070627,0.000000,37.000000,0.000000,0.678000,-0.000050,-0.000058,0.040785,-0.000471,-0.000353,-0.000086,0.006313,750.300000,0.000000,0.001200,0.000001,0.000023,0.000039,-0.000264,-0.000054,
0.040000,25.068608,25.068608,0.000000,25.070005,25.070005,0.000000,37.100000,0.000000,0.687600,0.000054,-0.000064,0.040422,-0.000617,-0.000358,-0.000660,0.006428,750.400000,0.000000,0.001216,0.000009,0.000057,-0.000019,-0.000326,0.000000,
0.040000,25.068683,25.068683,1.000000,25.070122,25.070122,0.000000,37.200000,1.000000,0.689200,0.000058,-0.000062,0.040632,-0.000443,-0.000357,-0.000739,0.005896,750.500000,0.000000,0.001121,-0.000020,-0.000057,-0.000043,0.000519,-0.000031,
0.040000,25.068758,25.068758,0.000000,25.070177,25.070177,0.000000,37.300000,0.000000,0.680800,0.000046,-0.000087,0.040720,-0.000290,-0.000330,-0.000729,0.006232,750.600000,0.000000,0.001140,0.000015,-0.000072,-0.000003,0.000226,-0.000004,
0.040000,25.068834,25.068834,0.000000,25.070286,25.070286,0.000000,37.400000,0.000000,0.671600,0.000056,-0.000047,0.041088,-0.000319,-0.000346,-0.000662,0.006330,750.700000,0.000000,0.001135,0.000044,-0.000068,-0.000157,0.000010,0.000164,
0.040000,25.068913,25.068913,0.000000,25.070402,25.070402,0.000000,37.500000,0.000000,0.690400,0.000087,-0.000044,0.041012,-0.000494,-0.000357,-0.000858,0.006652,750.800000,0.000000,0.001185,0.000038,-0.000054,0.000187,0.000065,-0.000033,
0.040000,25.069007,25.069007,1.000000,25.070799,25.070799,0.000000,37.600000,1.000000,0.673200,0.000041,-0.000064,0.041236,-0.000522,-0.000362,-0.000668,0.006427,750.900000,0.000000,0.001147,0.000003,-0.000091,0.000089,0.000221,-0.000084,
0.040000,25.069088,25.069088,1.000000,25.070633,25.070633,0.000000,37.700000,1.000000,0.688000,0.000134,-0.000077,0.041023,-0.000339,-0.000337,-0.001072,0.008167,751.000000,0.000000,0.001168,-0.000003,-0.000052,-0.000089,-0.000203,-0.000061,
0.040000,25.069185,25.069185,0.000000,25.071018,25.071018,0.000000,37.800000,0.000000,0.678400,0.000093,-0.000050,0.041137,-0.000353,-0.000346,-0.001072,0.006892,751.100000,0.000000,0.001103,0.000033,-0.000131,-0.000118,0.000495,0.000129,
0.040000,25.069280,25.069280,1.000000,25.071095,25.071095,0.000000,37.900000,1.000000,0.680800,0.000048,-0.000066,0.041607,-0.000325,-0.000335,-0.000693,0.006948,751.200000,0.000000,0.001104,0.000030,-0.000128,0.000125,-0.000064,-0.000003,
0.040000,25.069394,25.069394,1.000000,25.071554,25.071554,0.000000,38.000000,1.000000,0.698800,0.000112,-0.000053,0.041483,-0.000447,-0.000362,-0.001054,0.007647,751.300000,0.000000,0.001175,0.000035,-0.000051,-0.000051,-0.000303,0.000064,
0.040000,25.069507,25.069507,0.000000,25.071648,25.071648,0.000000,38.100000,0.000000,0.708400,0.000068,-0.000079,0.041574,-0.000466,-0.000363,-0.000833,0.007160,751.400000,0.000000,0.001127,0.000010,-0.000121,0.000062,0.000281,-0.000144,
0.040000,25.069617,25.069617,0.000000,25.071709,25.071709,0.000000,38.200000,0.000000,0.675200,0.000051,-0.000045,0.041542,-0.000459,-0.000367,-0.000642,0.006199,751.500000,0.000000,0.001123,0.000006,-0.000075,-0.000140,-0.000165,-0.000056,
0.040000,25.069692,25.069692,0.000000,25.071129,25.071129,0.000000,38.300000,0.000000,0.680800,0.000068,-0.000061,0.041638,-0.000722,-0.000384,-0.000693,0.005793,751.600000,0.000000,0.001094,0.000007,-0.000036,0.000161,-0.000166,-0.000050,
0.040000,25.069802,25.069802,0.000000,25.071882,25.071882,0.000000,38.400000,0.000000,0.684400,0.000053,-0.000046,0.041975,-0.000465,-0.000363,-0.000610,0.007646,751.700000,0.000000,0.001092,-0.000045,-0.000045,-0.000041,0.000039,-0.000125,
0.040000,25.069878,25.069878,0.000000,25.071320,25.071320,0.000000,38.500000,0.000000,0.682000,0.000003,-0.000067,0.042250,-0.000276,-0.000348,-0.000357,0.007335,751.800000,0.000000,0.001137,0.000007,-0.000028,0.000077,-0.000076,0.000085,
0.040000,25.069971,25.069971,0.000000,25.071745,25.071745,0.000000,38.600000,0.000000,0.681200,0.000037,-0.000055,0.042293,-0.000515,-0.000362,-0.000593,0.006201,751.900000,0.000000,0.001169,0.000044,0.000023,-0.000100,-0.000337,0.000126,
0.040000,25.070081,25.070081,0.000000,25.072163,25.072163,0.000000,38.700000,0.000000,0.694000,0.000002,-0.000054,0.042551,-0.000405,-0.000358,-0.000377,0.005879,752.000000,0.000000,0.001154,-0.000004,-0.000025,0.000035,0.000083,-0.000038,
0.040000,25.070171,25.070171,0.000000,25.071896,25.071896,0.000000,38.800000,0.000000,0.681200,0.000074,-0.000055,0.042426,-0.000407,-0.000356,-0.000835,0.006150,752.100000,0.000000,0.001182,0.000018,0.000019,0.000018,-0.000184,0.000011,
0.040000,25.070244,25.070244,0.000000,25.071630,25.071630,0.000000,38.900000,0.000000,0.685600,0.000048,-0.000054,0.042571,-0.000237,-0.000343,-0.000574,0.005813,752.200000,0.000000,0.001134,0.000017,-0.000072,0.000006,0.000370,0.000015,
0.040000,25.070352,25.070352,0.000000,25.072395,25.072395,0.000000,39.000000,0.000000,0.691600,0.000044,-0.000058,0.042649,-0.000356,-0.000354,-0.000650,0.007326,752.300000,0.000000,0.001140,0.000050,-0.000019,0.000007,-0.000017,0.000086,
0.040000,25.070459,25.070459,1.000000,25.072493,25.072493,0.000000,39.100000,1.000000,0.684000,-0.000076,-0.000064,0.042902,-0.000310,-0.000352,0.000016,0.006312,752.400000,0.000000,0.001133,0.000026,-0.000034,-0.000023,-0.000032,-0.000035,
0.040000,25.070531,25.070531,1.000000,25.071905,25.071905,0.000000,39.200000,1.000000,0.677600,-0.000103,-0.000065,0.043057,-0.000498,-0.000360,0.000254,0.007785,752.500000,0.000000,0.001161,0.000034,0.000098,-0.000048,-0.000755,-0.000002,
0.040000,25.070639,25.070639,1.000000,25.072685,25.072685,0.000000,39.300000,1.000000,0.693200,-0.000126,-0.000087,0.043106,-0.000434,-0.000365,0.000373,0.007096,752.600000,0.000000,0.001168,-0.000003,0.000144,-0.000024,-0.000453,-0.000050,
0.040000,25.070729,25.070729,1.000000,25.072439,25.072439,0.000000,39.400000,1.000000,0.688800,-0.000113,-0.000065,0.043461,-0.000510,-0.000370,0.000285,0.007568,752.700000,0.000000,0.001155,0.000009,0.000164,-0.000145,-0.000314,-0.000050,
0.040000,25.070819,25.070819,1.000000,25.072529,25.072529,0.000000,39.500000,1.000000,0.672400,-0.000098,-0.000052,0.043606,-0.000132,-0.000332,0.000266,0.007892,752.800000,0.000000,0.001202,-0.000006,0.000144,0.000084,-0.000044,-0.000051,
0.040000,25.070927,25.070927,0.000000,25.072983,25.072983,0.000000,39.600000,0.000000,0.673600,-0.000060,-0.000067,0.043176,-0.000396,-0.000357,0.000076,0.006952,752.900000,0.000000,0.001207,0.000069,0.000137,0.000114,0.000079,0.000215,
0.040000,25.071035,25.071035,0.000000,25.073092,25.073092,0.000000,39.700000,0.000000,0.680800,-0.000033,-0.000026,0.043321,-0.000360,-0.000363,-0.000101,0.006302,753.000000,0.000000,0.001099,0.000015,0.000097,-0.000050,0.000265,-0.000071,
0.040000,25.071108,25.071108,1.000000,25.072485,25.072485,0.000000,39.800000,1.000000,0.692000,-0.000076,-0.000049,0.043597,-0.000276,-0.000352,0.000170,0.007314,753.100000,0.000000,0.001105,0.000022,0.000060,0.000232,0.000267,-0.000067,
0.040000,25.071160,25.071160,0.000000,25.072147,25.072147,0.000000,39.900000,0.000000,0.690000,-0.000065,-0.000079,0.043688,-0.000429,-0.000371,-0.000022,0.007330,753.200000,0.000000,0.001138,0.000039,0.000112,-0.000055,-0.000165,0.000042,
0.040000,25.071268,25.071268,0.000000,25.073332,25.073332,0.000000,40.000000,0.000000,0.694400,-0.000034,-0.000063,0.043791,-0.000440,-0.000383,-0.000118,0.006501,753.300000,0.000000,0.001134,0.000008,0.000072,-0.000205,0.000003,-0.000101,
0.040000,25.071326,25.071326,1.000000,25.072416,25.072416,0.000000,40.100000,1.000000,0.684000,-0.000047,-0.000044,0.043865,-0.000508,-0.000390,0.000050,0.005824,753.400000,0.000000,0.001131,0.000005,0.000052,0.000019,0.000198,-0.000111,
0.040000,25.071401,25.071401,1.000000,25.072834,25.072834,0.000000,40.200000,1.000000,0.695200,-0.000118,-0.000045,0.044381,-0.000306,-0.000365,0.000462,0.008067,753.500000,0.000000,0.001124,-0.000008,0.000084,0.000127,-0.000005,-0.000084,
0.040000,25.071493,25.071493,0.000000,25.073231,25.073231,0.000000,40.300000,0.000000,0.687200,-0.000110,-0.000024,0.044503,-0.000305,-0.000368,0.000493,0.010035,753.600000,0.000000,0.001204,0.000032,0.000164,0.000042,-0.000444,0.000119,
0.040000,25.071567,25.071567,0.000000,25.072975,25.072975,0.000000,40.400000,0.000000,0.686400,-0.000070,-0.000053,0.044427,-0.000379,-0.000366,0.000212,0.010448,753.700000,0.000000,0.001204,0.000031,0.000166,0.000149,-0.000121,0.000026,
0.040000,25.071643,25.071643,0.000000,25.073099,25.073099,0.000000,40.500000,0.000000,0.702000,-0.000079,-0.000033,0.044190,-0.000343,-0.000368,0.000170,0.009208,753.800000,0.000000,0.001165,0.000016,0.000108,-0.000127,0.000202,0.000022,
0.040000,25.071720,25.071720,0.000000,25.073174,25.073174,0.000000,40.600000,0.000000,0.683200,-0.000061,-0.000051,0.044550,-0.000310,-0.000372,0.000022,0.007484,753.900000,0.000000,0.001095,0.000023,0.000097,0.000076,0.000023,-0.000001,
0.040000,25.071797,25.071797,1.000000,25.073265,25.073265,0.000000,40.700000,1.000000,0.671200,-0.000062,-0.000025,0.044733,-0.000629,-0.000411,0.000127,0.006719,754.000000,0.000000,0.001145,0.000029,0.000066,-0.000080,0.000117,-0.000026,
0.040000,25.071908,25.071908,1.000000,25.074018,25.074018,0.000000,40.800000,1.000000,0.680400,-0.000141,-0.000053,0.044862,-0.000570,-0.000390,0.000487,0.009239,754.100000,0.000000,0.001158,-0.000035,0.000085,0.000130,0.000038,-0.000250,
0.040000,25.071982,25.071982,1.000000,25.073389,25.073389,0.000000,40.900000,1.000000,0.683200,-0.000124,-0.000055,0.044987,-0.000193,-0.000359,0.000406,0.007286,754.200000,0.000000,0.001161,-0.000022,0.000155,-0.000123,-0.000469,0.000034,
0.040000,25.072091,25.072091,1.000000,25.074146,25.074146,0.000000,41.000000,1.000000,0.679200,-0.000078,-0.000082,0.044858,-0.000505,-0.000381,0.000208,0.006584,754.300000,0.000000,0.001163,0.000053,0.000136,-0.000063,-0.000078,0.000207,
0.040000,25.072202,25.072202,1.000000,25.074318,25.074318,0.000000,41.100000,1.000000,0.681200,-0.000101,-0.000043,0.045210,-0.000587,-0.000397,0.000374,0.007328,754.400000,0.000000,0.001114,-0.000010,0.000094,-0.000192,0.000254,-0.000056,
0.040000,25.072312,25.072312,1.000000,25.074406,25.074406,0.000000,41.200000,1.000000,0.687600,-0.000176,-0.000060,0.045380,-0.000225,-0.000359,0.000616,0.009195,754.500000,0.000000,0.001162,-0.000026,0.000125,0.000172,-0.000042,-0.000121,
0.040000,25.072367,25.072367,0.000000,25.073418,25.073418,0.000000,41.300000,0.000000,0.694400,-0.000095,-0.000035,0.045281,-0.000181,-0.000365,0.000247,0.007910,754.600000,0.000000,0.001172,0.000046,0.000170,-0.000043,-0.000483,0.000186,
0.040000,25.072440,25.072440,0.000000,25.073822,25.073822,0.000000,41.400000,0.000000,0.690800,-0.000029,-0.000032,0.045776,-0.000404,-0.000378,-0.000026,0.007839,754.700000,0.000000,0.001130,0.000054,0.000094,0.000138,0.000320,0.000033,
0.040000,25.072533,25.072533,0.000000,25.074301,25.074301,0.000000,41.500000,0.000000,0.681200,-0.000037,-0.000055,0.045361,-0.000412,-0.000378,-0.000139,0.005825,754.800000,0.000000,0.001205,0.000009,0.000038,0.000074,0.000531,-0.000066,
0.040000,25.072607,25.072607,0.000000,25.074011,25.074011,0.000000,41.600000,0.000000,0.680000,-0.000045,-0.000048,0.045602,-0.000412,-0.000377,-0.000107,0.005764,754.900000,0.000000,0.001099,0.000007,0.000015,-0.000113,0.000153,-0.000022,
0.040000,25.072697,25.072697,0.000000,25.074411,25.074411,0.000000,41.700000,0.000000,0.682800,-0.000033,-0.000076,0.045753,-0.000419,-0.000377,-0.000157,0.006556,755.000000,0.000000,0.001125,0.000007,0.000021,-0.000003,0.000011,-0.000007,
0.040000,25.072808,25.072808,0.000000,25.074921,25.074921,0.000000,41.800000,0.000000,0.675200,0.000001,-0.000041,0.045884,-0.000422,-0.000392,-0.000171,0.005958,755.100000,0.000000,0.001133,0.000005,0.000011,-0.000171,0.000074,-0.000003,
0.040000,25.072885,25.072885,0.000000,25.074337,25.074337,0.000000,41.900000,0.000000,0.690000,-0.000037,-0.000031,0.045969,-0.000531,-0.000395,-0.000048,0.007695,755.200000,0.000000,0.001136,0.000005,0.000008,0.000151,0.000237,-0.000094,
0.040000,25.072979,25.072979,1.000000,25.074774,25.074774,0.000000,42.000000,1.000000,0.696400,-0.000066,-0.000049,0.046194,-0.000417,-0.000393,0.000008,0.006370,755.300000,0.000000,0.001131,-0.000017,0.000032,0.000118,-0.000144,-0.000054,
0.040000,25.073074,25.073074,0.000000,25.074873,25.074873,0.000000,42.100000,0.000000,0.691200,-0.000114,-0.000033,0.046450,-0.000369,-0.000387,0.000350,0.007725,755.400000,0.000000,0.001153,0.000006,0.000042,-0.000067,-0.000230,-0.000007,
0.040000,25.073151,25.073151,0.000000,25.074615,25.074615,0.000000,42.300000,0.000000,0.693600,-0.000046,-0.000021,0.046454,-0.000184,-0.000375,-0.000025,0.007058,755.600000,0.000000,0.001181,0.000015,0.000109,0.000073,-0.000384,0.000034,
0.040000,25.073250,25.073250,0.000000,25.075121,25.075121,0.000000,42.400000,0.000000,0.665600,-0.000042,-0.000054,0.046428,-0.000455,-0.000401,0.000021,0.006265,755.700000,0.000000,0.001158,0.000052,0.000033,0.000101,0.000269,0.000088,
0.040000,25.073346,25.073346,0.000000,25.075178,25.075178,0.000000,42.500000,0.000000,0.706400,-0.000054,-0.000043,0.046405,-0.000453,-0.000403,0.000077,0.007249,755.800000,0.000000,0.001057,-0.000059,0.000049,-0.000150,0.000036,-0.000116,
0.040000,25.073425,25.073425,0.000000,25.074932,25.074932,0.000000,42.700000,0.000000,0.686800,-0.000035,-0.000050,0.046650,-0.000145,-0.000375,-0.000045,0.007462,756.000000,0.000000,0.001031,-0.000058,0.000059,-0.000008,-0.000049,-0.000066,
0.040000,25.073527,25.073527,0.000000,25.075462,25.075462,0.000000,42.800000,0.000000,0.674000,-0.000012,-0.000050,0.047041,-0.000462,-0.000400,-0.000157,0.006904,756.100000,0.000000,0.001059,0.000004,0.000033,-0.000046,0.000096,0.000147,
0.040000,25.073628,25.073628,0.000000,25.075548,25.075548,0.000000,42.900000,0.000000,0.712800,-0.000059,-0.000057,0.047305,-0.000461,-0.000394,0.000136,0.007448,756.200000,0.000000,0.001130,-0.000121,-0.000013,-0.000001,0.000111,-0.000114,
0.040000,25.073732,25.073732,0.000000,25.075710,25.075710,0.000000,43.000000,0.000000,0.694000,-0.000065,-0.000051,0.047304,-0.000336,-0.000386,0.000080,0.007536,756.300000,0.000000,0.001159,-0.000118,0.000045,-0.000038,-0.000207,-0.000018,
0.040000,25.073832,25.073832,0.000000,25.075735,25.075735,0.000000,43.100000,0.000000,0.684000,-0.000061,-0.000049,0.047340,-0.000393,-0.000392,0.000007,0.006256,756.400000,0.000000,0.001136,-0.000091,0.000033,0.000020,-0.000120,0.000045,
0.040000,25.073935,25.073935,0.000000,25.075891,25.075891,0.000000,43.200000,0.000000,0.684800,-0.000051,-0.000048,0.047210,-0.000407,-0.000400,-0.000119,0.006291,756.500000,0.000000,0.001121,-0.000101,0.000018,0.000023,-0.000022,-0.000019,
0.040000,25.074035,25.074035,0.000000,25.075928,25.075928,0.000000,43.300000,0.000000,0.680800,-0.000072,-0.000052,0.047627,-0.000347,-0.000401,0.000110,0.008141,756.600000,0.000000,0.001073,-0.000101,-0.000008,0.000014,0.000055,-0.000059,
0.040000,25.074132,25.074132,0.000000,25.075972,25.075972,0.000000,43.400000,0.000000,0.684000,0.000038,-0.000035,0.047325,-0.000289,-0.000398,-0.000457,0.006538,756.700000,0.000000,0.001134,-0.000088,0.000038,-0.000022,-0.000112,-0.000028,
0.040000,25.074227,25.074227,0.000000,25.076044,25.076044,0.000000,43.500000,0.000000,0.710000,-0.000026,-0.000057,0.047697,-0.000529,-0.000417,-0.000132,0.007567,756.800000,0.000000,0.001053,-0.000074,-0.000075,0.000096,0.000641,0.000008,
0.040000,25.074329,25.074329,0.000000,25.076267,25.076267,0.000000,43.600000,0.000000,0.700800,-0.000037,-0.000049,0.047862,-0.000287,-0.000391,-0.000073,0.007182,756.900000,0.000000,0.001105,-0.000120,-0.000009,-0.000095,-0.000153,-0.000112,
0.040000,25.074429,25.074429,0.000000,25.076324,25.076324,0.000000,43.700000,0.000000,0.684800,-0.000002,-0.000046,0.047977,-0.000486,-0.000417,-0.000278,0.006214,757.000000,0.000000,0.001116,-0.000070,0.000003,0.000015,-0.000123,0.000115,
0.040000,25.074529,25.074529,0.000000,25.076429,25.076429,0.000000,43.800000,0.000000,0.668800,-0.000038,-0.000038,0.048081,-0.000335,-0.000407,0.000013,0.007653,757.100000,0.000000,0.001116,-0.000108,-0.000038,0.000019,0.000169,-0.000113,
0.040000,25.074645,25.074645,1.000000,25.076839,25.076839,0.000000,43.900000,1.000000,0.690400,-0.000089,-0.000044,0.048472,-0.000253,-0.000396,0.000274,0.006213,757.200000,0.000000,0.001115,-0.000076,0.000020,0.000062,-0.000158,0.000016,
0.040000,25.074741,25.074741,1.000000,25.076567,25.076567,0.000000,44.000000,1.000000,0.692000,-0.000113,-0.000027,0.048583,-0.000264,-0.000397,0.000360,0.008707,757.300000,0.000000,0.001170,-0.000059,0.000071,-0.000017,-0.000376,0.000074,
0.040000,25.074839,25.074839,1.000000,25.076702,25.076702,0.000000,44.100000,1.000000,0.694800,-0.000106,-0.000029,0.048765,-0.000415,-0.000409,0.000354,0.007524,757.400000,0.000000,0.001169,-0.000060,0.000087,0.000098,-0.000295,0.000023,
0.040000,25.074919,25.074919,1.000000,25.076433,25.076433,0.000000,44.200000,1.000000,0.678800,-0.000134,-0.000050,0.048674,-0.000235,-0.000403,0.000487,0.007245,757.500000,0.000000,0.001182,-0.000088,0.000084,0.000026,-0.000065,-0.000067,
0.040000,25.074977,25.074977,0.000000,25.076090,25.076090,0.000000,44.300000,0.000000,0.696000,-0.000118,-0.000023,0.049084,-0.000423,-0.000416,0.000421,0.006946,757.600000,0.000000,0.001140,-0.000051,0.000108,-0.000117,-0.000203,0.000012,
0.040000,25.075057,25.075057,0.000000,25.076567,25.076567,0.000000,44.400000,0.000000,0.686400,-0.000079,-0.000029,0.048925,-0.000293,-0.000400,0.000185,0.006128,757.700000,0.000000,0.001199,-0.000087,0.000093,0.000121,0.000023,-0.000078,
0.040000,25.075153,25.075153,0.000000,25.076982,25.076982,0.000000,44.500000,0.000000,0.696000,-0.000080,-0.000028,0.048956,-0.000409,-0.000409,0.000210,0.005799,757.800000,0.000000,0.001144,-0.000060,0.000045,0.000008,0.000249,0.000074,
0.040000,25.075252,25.075252,1.000000,25.077127,25.077127,0.000000,44.600000,1.000000,0.684800,-0.000033,-0.000051,0.048915,-0.000415,-0.000409,-0.000104,0.006661,757.900000,0.000000,0.001127,-0.000081,0.000049,0.000008,0.000089,-0.000032,
0.040000,25.075337,25.075337,0.000000,25.076962,25.076962,0.000000,44.700000,0.000000,0.691600,-0.000107,-0.000011,0.049128,-0.000303,-0.000411,0.000238,0.008324,758.000000,0.000000,0.001097,-0.000081,-0.000014,-0.000136,0.000326,-0.000008,
0.040000,25.075401,25.075401,0.000000,25.076607,25.076607,0.000000,44.800000,0.000000,0.697200,-0.000037,0.000008,0.049491,-0.000134,-0.000398,-0.000073,0.005861,758.100000,0.000000,0.001117,-0.000057,0.000054,0.000194,-0.000336,-0.000015,
0.040000,25.075498,25.075498,0.000000,25.077341,25.077341,0.000000,44.900000,0.000000,0.697200,-0.000053,-0.000054,0.049368,-0.000363,-0.000418,0.000019,0.006759,758.200000,0.000000,0.001167,-0.000023,-0.000009,0.000193,0.000308,0.000071,
0.040000,25.075597,25.075597,0.000000,25.077480,25.077480,0.000000,45.000000,0.000000,0.679200,-0.000053,-0.000025,0.049680,-0.000603,-0.000437,0.000155,0.008041,758.300000,0.000000,0.001120,-0.000067,0.000010,-0.000310,0.000015,-0.000093,
0.040000,25.075694,25.075694,1.000000,25.077536,25.077536,0.000000,45.100000,1.000000,0.695200,-0.000034,-0.000044,0.049650,-0.000186,-0.000394,0.000019,0.006444,758.400000,0.000000,0.001159,-0.000113,0.000036,0.000057,0.000008,-0.000154,
0.040000,25.075770,25.075770,0.000000,25.077229,25.077229,0.000000,45.200000,0.000000,0.681200,-0.000087,-0.000064,0.049784,-0.000523,-0.000424,0.000296,0.007127,758.500000,0.000000,0.001130,-0.000029,0.000009,-0.000095,0.000122,0.000205,
0.040000,25.075867,25.075867,0.000000,25.077707,25.077707,0.000000,45.300000,0.000000,0.691200,-0.000071,-0.000037,0.049830,-0.000606,-0.000433,0.000104,0.008882,758.600000,0.000000,0.001135,-0.000095,0.000063,-0.000161,-0.000283,-0.000109,
0.040000,25.075964,25.075964,0.000000,25.077810,25.077810,0.000000,45.400000,0.000000,0.698400,-0.000073,-0.000064,0.050035,-0.000431,-0.000422,0.000152,0.008133,758.700000,0.000000,0.001121,-0.000109,0.000024,0.000110,-0.000011,-0.000095,
0.040000,25.076063,25.076063,0.000000,25.077934,25.077934,0.000000,45.500000,0.000000,0.708800,-0.000017,-0.000046,0.049676,-0.000460,-0.000430,-0.000102,0.006820,758.800000,0.000000,0.001140,-0.000073,0.000033,-0.000126,-0.000013,0.000030,
0.040000,25.076110,25.076110,0.000000,25.077003,25.077003,0.000000,45.600000,0.000000,0.684000,-0.000054,-0.000059,0.050091,-0.000489,-0.000429,0.000011,0.005839,758.900000,0.000000,0.001046,-0.000077,-0.000018,0.000063,0.000343,-0.000038,
0.040000,25.076175,25.076175,1.000000,25.077406,25.077406,0.000000,45.700000,1.000000,0.691200,-0.000040,-0.000048,0.050126,-0.000240,-0.000408,0.000023,0.008575,759.000000,0.000000,0.001107,-0.000081,0.000005,-0.000056,-0.000103,-0.000007,
0.040000,25.076277,25.076277,0.000000,25.078220,25.078220,0.000000,45.800000,0.000000,0.694000,-0.000066,-0.000064,0.050075,-0.000768,-0.000448,0.000058,0.009532,759.100000,0.000000,0.001092,-0.000030,0.000007,0.000045,0.000051,0.000128,
0.040000,25.076358,25.076358,1.000000,25.077904,25.077904,0.000000,45.900000,1.000000,0.698000,-0.000026,-0.000039,0.050257,-0.000289,-0.000414,-0.000154,0.007176,759.200000,0.000000,0.001061,-0.000134,0.000014,-0.000083,-0.000141,-0.000201,
0.040000,25.076440,25.076440,0.000000,25.077995,25.077995,0.000000,46.000000,0.000000,0.685600,-0.000122,-0.000065,0.050628,-0.000363,-0.000412,0.000434,0.008199,759.300000,0.000000,0.001076,-0.000037,-0.000028,0.000127,0.000189,0.000133,
0.040000,25.076524,25.076524,0.000000,25.078119,25.078119,0.000000,46.100000,0.000000,0.705600,-0.000022,-0.000040,0.050856,-0.000449,-0.000428,-0.000200,0.006301,759.400000,0.000000,0.001128,-0.000050,0.000089,-0.000117,-0.000518,0.000067,
0.040000,25.076608,25.076608,0.000000,25.078201,25.078201,0.000000,46.200000,0.000000,0.699200,0.000007,-0.000072,0.050777,-0.000429,-0.000421,-0.000333,0.006324,759.500000,0.000000,0.001151,-0.000066,-0.000038,0.000110,0.000421,-0.000074,
0.040000,25.076693,25.076693,0.000000,25.078306,25.078306,0.000000,46.300000,0.000000,0.708000,-0.000029,-0.000069,0.050803,-0.000552,-0.000438,-0.000203,0.007174,759.600000,0.000000,0.001112,-0.000061,-0.000064,-0.000153,0.000340,0.000016,
0.040000,25.076794,25.076794,1.000000,25.078714,25.078714,0.000000,46.400000,1.000000,0.693200,-0.000066,-0.000050,0.051168,-0.000749,-0.000455,-0.000020,0.005917,759.700000,0.000000,0.001095,-0.000084,-0.000037,-0.000037,-0.000092,-0.000101,
0.040000,25.076861,25.076861,1.000000,25.078133,25.078133,0.000000,46.500000,1.000000,0.702000,-0.000095,-0.000010,0.051182,-0.000358,-0.000424,0.000399,0.007071,759.800000,0.000000,0.001146,-0.000122,0.000000,0.000103,-0.000263,-0.000145,
0.040000,25.076966,25.076966,0.000000,25.078972,25.078972,0.000000,46.600000,0.000000,0.714800,-0.000116,-0.000027,0.051608,-0.000554,-0.000441,0.000368,0.007789,759.900000,0.000000,0.001126,-0.000042,0.000083,0.000285,-0.000283,0.000138,
0.040000,25.077033,25.077033,1.000000,25.078300,25.078300,0.000000,46.700000,1.000000,0.697600,-0.000065,-0.000030,0.051477,-0.000197,-0.000414,0.000202,0.006248,760.000000,0.000000,0.001188,-0.000080,0.000075,0.000004,-0.000239,-0.000055,
0.040000,25.077120,25.077120,1.000000,25.078762,25.078762,0.000000,46.800000,1.000000,0.695200,-0.000131,-0.000033,0.051796,-0.000187,-0.000413,0.000524,0.007072,760.100000,0.000000,0.001139,-0.000008,0.000041,-0.000016,0.000226,0.000149,
0.040000,25.077189,25.077189,0.000000,25.078506,25.078506,0.000000,46.900000,0.000000,0.690400,-0.000175,-0.000063,0.051905,-0.000505,-0.000441,0.000541,0.007853,760.200000,0.000000,0.001179,-0.000006,0.000104,-0.000030,-0.000324,0.000061,
0.040000,25.077280,25.077280,0.000000,25.079000,25.079000,0.000000,47.000000,0.000000,0.700400,-0.000025,-0.000041,0.051706,-0.000277,-0.000426,-0.000110,0.008297,760.300000,0.000000,0.001177,-0.000068,0.000105,-0.000195,-0.000393,-0.000147,
0.040000,25.077368,25.077368,0.000000,25.079058,25.079058,0.000000,47.100000,0.000000,0.723600,-0.000077,-0.000035,0.051880,-0.000219,-0.000430,0.000178,0.008560,760.400000,0.000000,0.001115,-0.000022,-0.000026,0.000064,0.000778,0.000033,
0.040000,25.077439,25.077439,1.000000,25.078772,25.078772,0.000000,47.200000,1.000000,0.692400,-0.000065,-0.000024,0.051919,-0.000159,-0.000424,0.000116,0.006350,760.500000,0.000000,0.001127,-0.000010,0.000032,0.000062,-0.000023,-0.000010,
0.040000,25.077528,25.077528,1.000000,25.079227,25.079227,0.000000,47.300000,1.000000,0.686800,-0.000122,-0.000040,0.052027,-0.000352,-0.000428,0.000496,0.007869,760.600000,0.000000,0.001112,0.000002,0.000019,0.000088,0.000061,0.000034,
0.040000,25.077581,25.077581,1.000000,25.078594,25.078594,0.000000,47.400000,1.000000,0.708400,-0.000103,-0.000059,0.052093,-0.000315,-0.000430,0.000302,0.006895,760.700000,0.000000,0.001112,-0.000036,0.000093,-0.000065,-0.000326,-0.000012,
0.040000,25.077691,25.077691,0.000000,25.079781,25.079781,0.000000,47.500000,0.000000,0.690000,-0.000097,-0.000043,0.052113,-0.000588,-0.000468,0.000290,0.006890,760.800000,0.000000,0.001103,-0.000028,0.000053,-0.000140,-0.000010,-0.000019,
0.040000,25.077785,25.077785,0.000000,25.079556,25.079556,0.000000,47.600000,0.000000,0.683200,-0.000065,-0.000059,0.052250,-0.000486,-0.000451,0.000039,0.006637,760.900000,0.000000,0.001085,-0.000081,0.000050,0.000043,0.000034,-0.000240,
0.040000,25.077876,25.077876,0.000000,25.079609,25.079609,0.000000,47.700000,0.000000,0.696400,-0.000034,-0.000081,0.052340,-0.000377,-0.000441,-0.000265,0.008280,761.000000,0.000000,0.001091,-0.000060,-0.000001,-0.000082,0.000212,0.000012,
0.040000,25.077968,25.077968,0.000000,25.079727,25.079727,0.000000,47.800000,0.000000,0.687200,-0.000056,-0.000078,0.052549,-0.000343,-0.000429,-0.000161,0.009874,761.100000,0.000000,0.001087,-0.000037,-0.000061,-0.000168,0.000271,0.000065,
0.040000,25.078077,25.078077,0.000000,25.080147,25.080147,0.000000,47.900000,0.000000,0.704400,-0.000048,-0.000045,0.052538,-0.000730,-0.000471,-0.000057,0.008241,761.200000,0.000000,0.001107,-0.000029,-0.000039,-0.000044,-0.000034,0.000101,
0.040000,25.078187,25.078187,0.000000,25.080265,25.080265,0.000000,48.000000,0.000000,0.689600,0.000044,-0.000044,0.052698,-0.000516,-0.000462,-0.000527,0.006128,761.300000,0.000000,0.001083,-0.000105,-0.000018,0.000185,0.000036,-0.000219,
0.040000,25.078291,25.078291,1.000000,25.080265,25.080265,0.000000,48.100000,1.000000,0.687600,-0.000051,-0.000050,0.052856,-0.000354,-0.000453,-0.000026,0.006176,761.400000,0.000000,0.001093,-0.000061,-0.000110,0.000080,0.000587,-0.000032,
0.040000,25.078342,25.078342,1.000000,25.079313,25.079313,0.000000,48.200000,1.000000,0.701200,-0.000098,-0.000070,0.053240,-0.000398,-0.000450,0.000201,0.006571,761.500000,0.000000,0.001103,-0.000028,-0.000009,-0.000008,-0.000367,0.000047,
0.040000,25.078448,25.078448,0.000000,25.080460,25.080460,0.000000,48.300000,0.000000,0.689200,-0.000047,-0.000091,0.053249,-0.000671,-0.000459,0.000057,0.008581,761.600000,0.000000,0.001157,-0.000036,0.000036,-0.000123,-0.000430,0.000035,
0.040000,25.078537,25.078537,1.000000,25.080238,25.080238,0.000000,48.400000,1.000000,0.697200,-0.000014,-0.000026,0.053321,-0.000392,-0.000454,-0.000151,0.006354,761.700000,0.000000,0.001136,-0.000089,0.000007,-0.000180,0.000151,-0.000045,
0.040000,25.078626,25.078626,0.000000,25.080317,25.080317,0.000000,48.500000,0.000000,0.696800,-0.000080,-0.000081,0.053573,-0.000391,-0.000443,-0.000044,0.007200,761.800000,0.000000,0.001127,-0.000032,-0.000035,0.000335,0.000262,0.000014,
0.040000,25.078701,25.078701,0.000000,25.080130,25.080130,0.000000,48.600000,0.000000,0.699600,-0.000042,-0.000036,0.053547,-0.000395,-0.000463,-0.000126,0.006254,761.900000,0.000000,0.001155,-0.000031,-0.000013,-0.000211,-0.000305,0.000079,
0.040000,25.078795,25.078795,0.000000,25.080580,25.080580,0.000000,48.700000,0.000000,0.686400,-0.000062,-0.000041,0.053436,-0.000300,-0.000452,0.000103,0.006209,762.000000,0.000000,0.001127,-0.000031,-0.000029,0.000198,0.000117,-0.000098,
0.040000,25.078905,25.078905,1.000000,25.080990,25.080990,0.000000,48.800000,1.000000,0.692800,-0.000058,-0.000059,0.053707,-0.000772,-0.000491,0.000021,0.006643,762.100000,0.000000,0.001083,-0.000012,0.000017,0.000039,-0.000083,0.000032,
0.040000,25.078997,25.078997,1.000000,25.080742,25.080742,0.000000,48.900000,1.000000,0.708400,-0.000065,-0.000076,0.053737,-0.000535,-0.000475,0.000135,0.006263,762.200000,0.000000,0.001115,-0.000105,0.000001,-0.000096,-0.000004,-0.000231,
0.040000,25.079106,25.079106,1.000000,25.081177,25.081177,0.000000,49.000000,1.000000,0.691600,-0.000118,-0.000029,0.054261,-0.000396,-0.000465,0.000255,0.007097,762.300000,0.000000,0.001099,-0.000056,0.000023,-0.000140,-0.000044,0.000014,
0.040000,25.079178,25.079178,1.000000,25.080555,25.080555,0.000000,49.100000,1.000000,0.689200,-0.000099,-0.000061,0.054154,-0.000434,-0.000460,0.000164,0.008931,762.400000,0.000000,0.001181,-0.000027,0.000046,0.000241,-0.000342,0.000065,
0.040000,25.079270,25.079270,1.000000,25.081015,25.081015,0.000000,49.200000,1.000000,0.698000,-0.000090,-0.000049,0.054388,-0.000479,-0.000474,0.000152,0.006723,762.500000,0.000000,0.001136,-0.000035,0.000028,-0.000109,-0.000014,0.000059,
0.040000,25.079346,25.079346,1.000000,25.080782,25.080782,0.000000,49.300000,1.000000,0.702400,-0.000090,-0.000054,0.054250,-0.000273,-0.000453,0.000235,0.006918,762.600000,0.000000,0.001160,-0.000043,0.000025,0.000034,0.000050,-0.000063,
0.040000,25.079423,25.079423,1.000000,25.080889,25.080889,0.000000,49.400000,1.000000,0.704400,-0.000107,-0.000073,0.054737,-0.000328,-0.000445,0.000409,0.007806,762.700000,0.000000,0.001110,-0.000001,0.000041,-0.000019,0.000018,0.000103,
0.040000,25.079519,25.079519,0.000000,25.081341,25.081341,0.000000,49.500000,0.000000,0.697600,-0.000088,-0.000048,0.054755,-0.000581,-0.000480,0.000247,0.008355,762.800000,0.000000,0.001184,-0.000012,0.000074,-0.000125,-0.000102,0.000088,
0.040000,25.079596,25.079596,1.000000,25.081055,25.081055,0.000000,49.600000,1.000000,0.692400,-0.000073,-0.000023,0.054855,-0.000493,-0.000466,0.000145,0.008897,762.900000,0.000000,0.001164,-0.000062,0.000041,0.000105,0.000083,-0.000180,
0.040000,25.079694,25.079694,1.000000,25.081572,25.081572,0.000000,49.700000,1.000000,0.681600,-0.000132,-0.000067,0.054944,-0.000452,-0.000480,0.000363,0.009270,763.000000,0.000000,0.001161,-0.000043,0.000020,0.000200,0.000119,0.000016,
0.040000,25.079792,25.079792,0.000000,25.081650,25.081650,0.000000,49.800000,0.000000,0.702000,-0.000138,-0.000119,0.054844,-0.000505,-0.000467,0.000399,0.010236,763.100000,0.000000,0.001156,-0.000034,0.000062,-0.000198,-0.000318,-0.000081,
0.040000,25.079872,25.079872,1.000000,25.081390,25.081390,0.000000,49.900000,1.000000,0.701600,-0.000087,-0.000036,0.055244,-0.000316,-0.000462,0.000238,0.006562,763.200000,0.000000,0.001113,-0.000044,0.000068,-0.000400,-0.000154,0.000052,
0.040000,25.079933,25.079933,0.000000,25.081095,25.081095,0.000000,50.000000,0.000000,0.708400,-0.000142,-0.000033,0.055453,-0.000187,-0.000448,0.000505,0.007266,763.300000,0.000000,0.001170,-0.000006,0.000035,0.000365,0.000252,0.000050,
0.040000,25.080028,25.080028,1.000000,25.081825,25.081825,0.000000,50.100000,1.000000,0.697600,-0.000081,-0.000042,0.055253,-0.000236,-0.000460,0.000207,0.006859,763.400000,0.000000,0.001188,0.000020,0.000087,0.000158,-0.000244,0.000105,
0.040000,25.080090,25.080090,1.000000,25.081280,25.081280,0.000000,50.200000,1.000000,0.703200,-0.000113,-0.000036,0.055410,-0.000302,-0.000469,0.000357,0.006382,763.500000,0.000000,0.001125,0.000010,0.000027,0.000004,0.000284,-0.000032,
0.040000,25.080187,25.080187,0.000000,25.082016,25.082016,0.000000,50.300000,0.000000,0.682800,-0.000101,-0.000056,0.055615,-0.000351,-0.000472,0.000289,0.007321,763.600000,0.000000,0.001134,-0.000003,0.000056,0.000039,-0.000085,-0.000068,
0.040000,25.080287,25.080287,0.000000,25.082186,25.082186,0.000000,50.400000,0.000000,0.686800,-0.000049,-0.000038,0.055365,-0.000408,-0.000480,-0.000035,0.006252,763.700000,0.000000,0.001152,-0.000013,0.000041,-0.000110,0.000041,-0.000046,
0.040000,25.080387,25.080387,0.000000,25.082287,25.082287,0.000000,50.500000,0.000000,0.698800,-0.000050,-0.000029,0.055718,-0.000218,-0.000460,-0.000026,0.007447,763.800000,0.000000,0.001080,-0.000024,-0.000024,0.000068,0.000335,-0.000070,
0.040000,25.080465,25.080465,0.000000,25.081955,25.081955,0.000000,50.600000,0.000000,0.690800,-0.000067,-0.000068,0.055786,-0.000382,-0.000462,0.000119,0.006254,763.900000,0.000000,0.001128,0.000014,-0.000022,0.000080,0.000124,0.000098,
0.040000,25.080548,25.080548,0.000000,25.082129,25.082129,0.000000,50.700000,0.000000,0.682800,-0.000057,-0.000014,0.056031,-0.000152,-0.000461,-0.000032,0.005872,764.000000,0.000000,0.001119,-0.000019,0.000008,-0.000205,-0.000061,0.000024,
0.040000,25.080631,25.080631,1.000000,25.082199,25.082199,0.000000,50.800000,1.000000,0.698400,-0.000043,-0.000039,0.055833,-0.000212,-0.000462,-0.000019,0.007990,764.100000,0.000000,0.001146,0.000027,-0.000022,0.000253,0.000042,0.000020,
0.040000,25.080730,25.080730,0.000000,25.082609,25.082609,0.000000,50.900000,0.000000,0.688000,-0.000095,-0.000066,0.056068,-0.000481,-0.000487,0.000269,0.006927,764.200000,0.000000,0.001084,0.000015,-0.000019,-0.000054,0.000102,-0.000001,
0.040000,25.080827,25.080827,1.000000,25.082676,25.082676,0.000000,51.000000,1.000000,0.675200,-0.000035,-0.000056,0.056252,-0.000147,-0.000455,-0.000045,0.007116,764.300000,0.000000,0.001109,-0.000039,0.000038,-0.000190,-0.000287,-0.000154,
0.040000,25.080943,25.080943,0.000000,25.083155,25.083155,0.000000,51.100000,0.000000,0.700800,-0.000110,-0.000051,0.056428,-0.000522,-0.000492,0.000158,0.006228,764.400000,0.000000,0.001124,0.000028,-0.000025,-0.000013,0.000266,0.000136,
0.040000,25.081005,25.081005,0.000000,25.082180,25.082180,0.000000,51.200000,0.000000,0.703200,-0.000084,-0.000041,0.056424,-0.000345,-0.000479,0.000079,0.009306,764.500000,0.000000,0.001136,-0.000046,0.000016,0.000026,-0.000366,-0.000175,
0.040000,25.081121,25.081121,0.000000,25.083326,25.083326,0.000000,51.300000,0.000000,0.688400,-0.000083,-0.000037,0.056663,-0.000386,-0.000481,0.000245,0.006419,764.600000,0.000000,0.001113,-0.000011,-0.000000,0.000075,0.000025,0.000012,
0.040000,25.081200,25.081200,0.000000,25.082693,25.082693,0.000000,51.400000,0.000000,0.710000,0.000005,0.000023,0.057120,-0.000230,-0.000482,-0.000349,0.006358,764.700000,0.000000,0.001138,-0.000018,0.000033,0.000051,0.000016,-0.000006,
0.040000,25.081295,25.081295,0.000000,25.083111,25.083111,0.000000,51.500000,0.000000,0.686000,-0.000050,-0.000042,0.056683,-0.000294,-0.000479,-0.000075,0.006662,764.800000,0.000000,0.001206,0.000013,-0.000086,0.000389,0.000546,-0.000008,
0.040000,25.081375,25.081375,0.000000,25.082897,25.082897,0.000000,51.600000,0.000000,0.692000,-0.000087,0.000001,0.056711,-0.000159,-0.000473,0.000079,0.006368,764.900000,0.000000,0.001096,-0.000000,-0.000030,-0.000252,-0.000129,0.000017,
0.040000,25.081492,25.081492,0.000000,25.083698,25.083698,0.000000,51.700000,0.000000,0.702800,-0.000063,-0.000054,0.056989,-0.000296,-0.000472,0.000076,0.007310,765.000000,0.000000,0.001079,0.000027,0.000001,0.000171,-0.000276,0.000041,
0.040000,25.081571,25.081571,0.000000,25.083076,25.083076,0.000000,51.800000,0.000000,0.680800,-0.000020,-0.000046,0.057152,-0.000272,-0.000479,-0.000098,0.007036,765.100000,0.000000,0.001113,-0.000001,0.000001,-0.000277,0.000039,0.000023,
0.040000,25.081687,25.081687,0.000000,25.083885,25.083885,0.000000,51.900000,0.000000,0.699600,-0.000066,-0.000016,0.057307,-0.000301,-0.000482,0.000094,0.006615,765.200000,0.000000,0.001123,0.000004,-0.000034,-0.000055,0.000280,-0.000035,
0.040000,25.081800,25.081800,0.000000,25.083956,25.083956,0.000000,52.000000,0.000000,0.690000,0.000017,-0.000053,0.056989,-0.000336,-0.000499,-0.000402,0.006353,765.300000,0.000000,0.001132,-0.000002,0.000005,0.000163,-0.000176,-0.000030,
0.040000,25.081861,25.081861,0.000000,25.083012,25.083012,0.000000,52.100000,0.000000,0.697200,-0.000026,-0.000031,0.057415,-0.000420,-0.000498,-0.000254,0.007769,765.400000,0.000000,0.001046,-0.000009,-0.000093,-0.000167,0.000445,-0.000117,
0.040000,25.081975,25.081975,0.000000,25.084141,25.084141,0.000000,52.200000,0.000000,0.701600,-0.000021,-0.000041,0.057659,-0.000441,-0.000495,-0.000151,0.005993,765.500000,0.000000,0.001110,-0.000025,-0.000062,0.000076,-0.000092,-0.000041,
0.040000,25.082085,25.082085,0.000000,25.084179,25.084179,0.000000,52.300000,0.000000,0.710800,-0.000031,-0.000035,0.057332,-0.000025,-0.000457,-0.000168,0.006871,765.600000,0.000000,0.001136,-0.000029,-0.000041,-0.000031,-0.000008,0.000003,
0.040000,25.082160,25.082160,0.000000,25.083586,25.083586,0.000000,52.400000,0.000000,0.677600,-0.000032,-0.000018,0.057565,0.000002,-0.000465,-0.000085,0.005864,765.700000,0.000000,0.001049,0.000054,-0.000043,0.000021,-0.000065,0.000238,
0.040000,25.082235,25.082235,0.000000,25.083666,25.083666,0.000000,52.500000,0.000000,0.702800,-0.000036,-0.000067,0.057942,-0.000416,-0.000490,-0.000064,0.006617,765.800000,0.000000,0.001074,0.000058,-0.000026,0.000114,-0.000033,0.000038,
0.040000,25.082331,25.082331,1.000000,25.084156,25.084156,0.000000,52.600000,1.000000,0.705600,-0.000067,-0.000027,0.057863,-0.000103,-0.000474,0.000065,0.006749,765.900000,0.000000,0.001128,-0.000026,-0.000021,-0.000258,-0.000034,-0.000136,
0.040000,25.082424,25.082424,1.000000,25.084187,25.084187,0.000000,52.700000,1.000000,0.683600,-0.000112,-0.000036,0.058132,-0.000308,-0.000492,0.000219,0.009586,766.000000,0.000000,0.001090,0.000037,0.000005,0.000151,-0.000203,0.000047,
0.040000,25.082517,25.082517,1.000000,25.084276,25.084276,0.000000,52.800000,1.000000,0.688800,-0.000103,-0.000075,0.058260,-0.000379,-0.000473,0.000119,0.006931,766.100000,0.000000,0.001122,-0.000005,0.000035,0.000002,-0.000356,-0.000094,
0.040000,25.082605,25.082605,0.000000,25.084293,25.084293,0.000000,52.900000,0.000000,0.686400,-0.000099,-0.000052,0.058317,-0.000142,-0.000470,-0.000011,0.010914,766.200000,0.000000,0.001125,-0.000018,0.000015,-0.000245,-0.000085,0.000083,
0.040000,25.082699,25.082699,0.000000,25.084471,25.084471,0.000000,53.000000,0.000000,0.710800,-0.000029,-0.000048,0.058213,-0.000441,-0.000492,-0.000197,0.005810,766.300000,0.000000,0.001114,0.000029,-0.000011,0.000049,-0.000005,0.000047,
0.040000,25.082755,25.082755,0.000000,25.083820,25.083820,0.000000,53.100000,0.000000,0.702400,-0.000002,-0.000031,0.058392,-0.000312,-0.000494,-0.000304,0.006610,766.400000,0.000000,0.001071,-0.000031,-0.000048,0.000042,0.000433,-0.000120,
0.040000,25.082866,25.082866,1.000000,25.084982,25.084982,0.000000,53.200000,1.000000,0.703200,-0.000042,-0.000064,0.058739,-0.000597,-0.000506,0.000013,0.006644,766.500000,0.000000,0.001085,-0.000005,-0.000068,0.000122,0.000329,-0.000054,
0.040000,25.082957,25.082957,1.000000,25.084677,25.084677,0.000000,53.300000,1.000000,0.669600,-0.000093,-0.000009,0.059078,-0.000051,-0.000471,0.000165,0.007025,766.600000,0.000000,0.001133,-0.000061,-0.000004,-0.000153,-0.000119,-0.000099,
0.040000,25.083048,25.083048,0.000000,25.084784,25.084784,0.000000,53.400000,0.000000,0.687200,-0.000073,-0.000039,0.058726,-0.000500,-0.000511,0.000182,0.006662,766.700000,0.000000,0.001177,0.000048,0.000026,0.000281,-0.000364,0.000181,
0.040000,25.083156,25.083156,0.000000,25.085201,25.085201,0.000000,53.500000,0.000000,0.680800,0.000038,-0.000041,0.058968,-0.000320,-0.000503,-0.000510,0.006733,766.800000,0.000000,0.001084,-0.000042,0.000029,-0.000082,-0.000014,-0.000175,
0.040000,25.083263,25.083263,0.000000,25.085293,25.085293,0.000000,53.600000,0.000000,0.680400,-0.000013,-0.000034,0.059281,-0.000092,-0.000474,-0.000331,0.006222,766.900000,0.000000,0.001111,-0.000005,-0.000109,-0.000043,0.000683,-0.000017,
0.040000,25.083351,25.083351,0.000000,25.085033,25.085033,0.000000,53.700000,0.000000,0.713600,-0.000059,-0.000051,0.059490,-0.000360,-0.000494,-0.000164,0.009152,767.000000,0.000000,0.001151,0.000040,-0.000071,0.000026,-0.000054,0.000168,
0.040000,25.083457,25.083457,0.000000,25.085476,25.085476,0.000000,53.800000,0.000000,0.701200,-0.000063,-0.000060,0.059050,-0.000536,-0.000511,0.000012,0.009330,767.100000,0.000000,0.001169,-0.000014,-0.000037,-0.000096,-0.000310,-0.000055,
0.040000,25.083564,25.083564,0.000000,25.085592,25.085592,0.000000,53.900000,0.000000,0.708400,-0.000023,-0.000055,0.059548,-0.000555,-0.000521,-0.000260,0.008970,767.200000,0.000000,0.001059,-0.000048,-0.000001,-0.000088,-0.000139,-0.000128,
0.040000,25.083653,25.083653,0.000000,25.085335,25.085335,0.000000,54.000000,0.000000,0.698000,-0.000073,-0.000045,0.059725,-0.000398,-0.000506,0.000033,0.006528,767.300000,0.000000,0.001137,-0.000051,-0.000055,-0.000008,0.000194,-0.000109,
0.040000,25.083758,25.083758,1.000000,25.085760,25.085760,0.000000,54.100000,1.000000,0.704000,-0.000008,-0.000044,0.059891,-0.000429,-0.000512,-0.000370,0.006524,767.400000,0.000000,0.001149,-0.000019,0.000004,0.000063,-0.000234,0.000050,
0.040000,25.083811,25.083811,1.000000,25.084820,25.084820,0.000000,54.300000,1.000000,0.692800,-0.000135,-0.000053,0.060076,-0.000338,-0.000500,0.000447,0.007813,767.600000,0.000000,0.001159,-0.000025,-0.000076,0.000030,0.000312,-0.000016,
0.040000,25.083890,25.083890,0.000000,25.085390,25.085390,0.000000,54.400000,0.000000,0.695600,-0.000109,-0.000044,0.060035,-0.000158,-0.000485,0.000297,0.007971,767.700000,0.000000,0.001173,-0.000006,0.000088,-0.000048,-0.000668,0.000066,
0.040000,25.084003,25.084003,1.000000,25.086155,25.086155,0.000000,54.500000,1.000000,0.703200,-0.000067,-0.000041,0.060150,-0.000290,-0.000495,0.000105,0.007169,767.800000,0.000000,0.001064,0.000065,0.000021,0.000040,0.000087,0.000073,
0.040000,25.084114,25.084114,1.000000,25.086227,25.086227,0.000000,54.600000,1.000000,0.683200,-0.000126,-0.000034,0.060216,-0.000456,-0.000515,0.000485,0.006662,767.900000,0.000000,0.001066,0.000038,-0.000017,0.000035,0.000276,-0.000019,
0.040000,25.084209,25.084209,1.000000,25.086000,25.086000,0.000000,54.700000,1.000000,0.696000,-0.000176,-0.000048,0.060408,-0.000133,-0.000490,0.000721,0.006782,768.000000,0.000000,0.001058,0.000004,0.000058,0.000058,-0.000255,-0.000132,
0.040000,25.084267,25.084267,1.000000,25.085371,25.085371,0.000000,54.800000,1.000000,0.704800,-0.000156,-0.000056,0.060662,-0.000222,-0.000503,0.000623,0.006971,768.100000,0.000000,0.001075,0.000068,0.000104,-0.000064,-0.000402,0.000106,
0.040000,25.084382,25.084382,1.000000,25.086561,25.086561,0.000000,54.900000,1.000000,0.704000,-0.000101,-0.000018,0.060877,-0.000108,-0.000502,0.000361,0.006861,768.200000,0.000000,0.001104,0.000049,0.000082,-0.000073,-0.000035,-0.000039,
0.040000,25.084496,25.084496,1.000000,25.086668,25.086668,0.000000,55.000000,1.000000,0.709200,-0.000098,-0.000015,0.060831,-0.000352,-0.000528,0.000363,0.008027,768.300000,0.000000,0.001124,0.000071,0.000029,0.000208,0.000328,-0.000014,
0.040000,25.084606,25.084606,1.000000,25.086695,25.086695,0.000000,55.100000,1.000000,0.691200,-0.000178,-0.000012,0.061252,-0.000203,-0.000517,0.000732,0.007393,768.400000,0.000000,0.001093,0.000021,0.000029,0.000099,0.000146,-0.000164,
0.040000,25.084719,25.084719,1.000000,25.086876,25.086876,0.000000,55.200000,1.000000,0.704000,-0.000126,-0.000024,0.061129,-0.000258,-0.000505,0.000506,0.006301,768.500000,0.000000,0.001155,0.000050,0.000101,0.000054,-0.000442,0.000006,
0.040000,25.084778,25.084778,0.000000,25.085890,25.085890,0.000000,55.300000,0.000000,0.700000,-0.000098,-0.000034,0.061226,-0.000102,-0.000504,0.000301,0.006239,768.600000,0.000000,0.001108,0.000039,0.000055,-0.000056,0.000156,0.000074,
0.040000,25.084872,25.084872,0.000000,25.086653,25.086653,0.000000,55.400000,0.000000,0.685200,-0.000066,0.000018,0.061179,-0.000103,-0.000508,0.000045,0.006062,768.700000,0.000000,0.001105,0.000069,0.000013,-0.000082,0.000229,0.000037,
0.040000,25.084947,25.084947,1.000000,25.086374,25.086374,0.000000,55.500000,1.000000,0.696400,-0.000072,-0.000016,0.061449,-0.000378,-0.000524,0.000167,0.006338,768.800000,0.000000,0.001074,0.000067,-0.000038,0.000290,0.000290,-0.000008,
0.040000,25.085042,25.085042,1.000000,25.086849,25.086849,0.000000,55.600000,1.000000,0.685200,-0.000093,-0.000050,0.061364,-0.000514,-0.000538,0.000361,0.008089,768.900000,0.000000,0.001106,0.000011,-0.000013,-0.000097,0.000070,-0.000107,
0.040000,25.085133,25.085133,0.000000,25.086870,25.086870,0.000000,55.700000,0.000000,0.707200,-0.000137,-0.000036,0.061602,-0.000243,-0.000511,0.000549,0.007070,769.000000,0.000000,0.001067,-0.000016,0.000026,-0.000249,-0.000099,-0.000126,
0.040000,25.085246,25.085246,0.000000,25.087381,25.087381,0.000000,55.800000,0.000000,0.707600,-0.000072,-0.000023,0.061679,-0.000285,-0.000518,0.000173,0.007010,769.100000,0.000000,0.001093,0.000038,0.000062,-0.000007,-0.000310,0.000119,
0.040000,25.085342,25.085342,1.000000,25.087168,25.087168,0.000000,55.900000,1.000000,0.695200,-0.000076,-0.000043,0.061556,-0.000234,-0.000511,0.000116,0.006801,769.200000,0.000000,0.001087,0.000029,-0.000013,0.000078,0.000282,0.000003,
0.040000,25.085436,25.085436,0.000000,25.087231,25.087231,0.000000,56.000000,0.000000,0.700400,-0.000116,-0.000037,0.062043,-0.000336,-0.000528,0.000360,0.007457,769.300000,0.000000,0.001041,0.000039,-0.000024,-0.000095,0.000082,0.000046,
0.040000,25.085511,25.085511,1.000000,25.086924,25.086924,0.000000,56.100000,1.000000,0.681200,-0.000079,-0.000017,0.062066,-0.000238,-0.000519,0.000176,0.005878,769.400000,0.000000,0.001117,0.000018,0.000024,-0.000002,-0.000216,-0.000086,
0.040000,25.085568,25.085568,1.000000,25.086664,25.086664,0.000000,56.200000,1.000000,0.709600,-0.000104,-0.000029,0.062119,-0.000468,-0.000557,0.000247,0.006179,769.500000,0.000000,0.001099,0.000037,-0.000012,0.000128,0.000144,0.000022,
0.040000,25.085628,25.085628,1.000000,25.086754,25.086754,0.000000,56.300000,1.000000,0.690400,-0.000095,-0.000017,0.062064,-0.000385,-0.000541,0.000381,0.006290,769.600000,0.000000,0.001088,-0.000009,0.000002,-0.000026,-0.000097,-0.000225,
0.040000,25.085725,25.085725,1.000000,25.087568,25.087568,0.000000,56.400000,1.000000,0.710000,-0.000125,-0.000047,0.062167,-0.000323,-0.000526,0.000383,0.006165,769.700000,0.000000,0.001056,0.000007,0.000028,0.000066,0.000020,0.000008,
0.040000,25.085803,25.085803,1.000000,25.087288,25.087288,0.000000,56.500000,1.000000,0.687600,-0.000157,-0.000038,0.062639,-0.000225,-0.000507,0.000819,0.006978,769.800000,0.000000,0.001055,0.000019,0.000028,-0.000165,-0.000180,0.000099,
0.040000,25.085898,25.085898,1.000000,25.087713,25.087713,0.000000,56.600000,1.000000,0.702400,-0.000184,-0.000044,0.062542,-0.000222,-0.000511,0.000689,0.008421,769.900000,0.000000,0.001128,0.000038,0.000114,-0.000004,-0.000262,0.000154,
0.040000,25.085979,25.085979,1.000000,25.087503,25.087503,0.000000,56.700000,1.000000,0.690800,-0.000120,-0.000023,0.062606,-0.000131,-0.000513,0.000480,0.007202,770.000000,0.000000,0.001086,0.000038,0.000086,-0.000042,-0.000268,0.000035,
0.040000,25.086076,25.086076,1.000000,25.087923,25.087923,0.000000,56.800000,1.000000,0.690400,-0.000186,-0.000041,0.062661,-0.000531,-0.000538,0.000585,0.008314,770.100000,0.000000,0.001077,0.000055,0.000043,0.000113,0.000294,-0.000001,
0.040000,25.086170,25.086170,1.000000,25.087967,25.087967,0.000000,56.900000,1.000000,0.705200,-0.000166,-0.000042,0.062568,-0.000386,-0.000525,0.000579,0.006788,770.200000,0.000000,0.001067,-0.000025,0.000063,-0.000068,-0.000301,-0.000155,
0.040000,25.086231,25.086231,1.000000,25.087374,25.087374,0.000000,57.000000,1.000000,0.684800,-0.000129,-0.000019,0.062902,-0.000244,-0.000535,0.000513,0.006837,770.300000,0.000000,0.001027,0.000004,0.000060,-0.000032,0.000011,0.000019,
0.040000,25.086329,25.086329,1.000000,25.088196,25.088196,0.000000,57.100000,1.000000,0.695600,-0.000148,-0.000025,0.063420,-0.000300,-0.000527,0.000694,0.006865,770.400000,0.000000,0.001073,0.000032,0.000046,0.000134,0.000236,-0.000050,
0.040000,25.086426,25.086426,1.000000,25.088270,25.088270,0.000000,57.200000,1.000000,0.665600,-0.000153,-0.000040,0.063249,-0.000298,-0.000526,0.000689,0.006760,770.500000,0.000000,0.001154,0.000021,0.000081,0.000011,-0.000032,0.000027,
0.040000,25.086524,25.086524,0.000000,25.088388,25.088388,0.000000,57.300000,0.000000,0.689200,-0.000101,-0.000050,0.063616,-0.000489,-0.000539,0.000322,0.009734,770.600000,0.000000,0.001098,0.000021,0.000078,-0.000086,-0.000040,0.000017,
0.040000,25.086621,25.086621,0.000000,25.088459,25.088459,0.000000,57.400000,0.000000,0.699200,-0.000094,-0.000029,0.063319,-0.000340,-0.000535,0.000264,0.006782,770.700000,0.000000,0.001148,-0.000017,0.000004,-0.000093,0.000304,-0.000075,
0.040000,25.086716,25.086716,0.000000,25.088535,25.088535,0.000000,57.500000,0.000000,0.695200,-0.000035,-0.000014,0.063424,-0.000271,-0.000534,-0.000043,0.006275,770.800000,0.000000,0.001067,0.000012,-0.000007,0.000093,0.000160,-0.000004,
0.040000,25.086828,25.086828,1.000000,25.088947,25.088947,0.000000,57.600000,1.000000,0.706000,-0.000065,-0.000034,0.063928,-0.000105,-0.000514,0.000118,0.007132,770.900000,0.000000,0.001067,0.000026,-0.000068,0.000126,0.000423,0.000008,
0.040000,25.086922,25.086922,1.000000,25.088715,25.088715,0.000000,57.700000,1.000000,0.695600,-0.000113,-0.000038,0.063728,-0.000167,-0.000522,0.000277,0.007316,771.000000,0.000000,0.001145,0.000058,-0.000035,-0.000073,-0.000019,0.000127,
0.040000,25.087035,25.087035,0.000000,25.089167,25.089167,0.000000,57.800000,0.000000,0.698000,-0.000098,-0.000052,0.064008,-0.000556,-0.000539,0.000420,0.007302,771.100000,0.000000,0.001083,0.000045,-0.000002,-0.000056,-0.000307,0.000001,
0.040000,25.087129,25.087129,1.000000,25.088917,25.088917,0.000000,57.900000,1.000000,0.695600,-0.000045,-0.000036,0.063641,-0.000273,-0.000528,-0.000075,0.007076,771.200000,0.000000,0.001117,-0.000033,0.000026,-0.000105,-0.000024,-0.000108,
0.040000,25.087222,25.087222,1.000000,25.089005,25.089005,0.000000,58.000000,1.000000,0.703200,-0.000093,-0.000057,0.064189,-0.000388,-0.000534,0.000221,0.008232,771.300000,0.000000,0.001022,0.000024,-0.000073,0.000054,0.000317,0.000028,
0.040000,25.087334,25.087334,0.000000,25.089462,25.089462,0.000000,58.100000,0.000000,0.696400,-0.000137,-0.000043,0.064268,-0.000302,-0.000525,0.000403,0.008059,771.400000,0.000000,0.001111,0.000000,-0.000013,-0.000104,-0.000171,-0.000028,
0.040000,25.087425,25.087425,0.000000,25.089136,25.089136,0.000000,58.200000,0.000000,0.688400,-0.000041,-0.000035,0.063969,-0.000405,-0.000544,0.000012,0.005954,771.500000,0.000000,0.001104,0.000017,0.000023,0.000047,-0.000342,0.000049,
0.040000,25.087514,25.087514,0.000000,25.089212,25.089212,0.000000,58.300000,0.000000,0.711200,-0.000070,-0.000058,0.064393,-0.000358,-0.000532,0.000101,0.010749,771.600000,0.000000,0.001023,-0.000003,-0.000054,0.000068,0.000464,-0.000099,
0.040000,25.087622,25.087622,0.000000,25.089680,25.089680,0.000000,58.400000,0.000000,0.700800,-0.000071,-0.000036,0.064565,-0.000323,-0.000533,0.000166,0.006493,771.700000,0.000000,0.001087,0.000006,-0.000036,-0.000122,-0.000001,0.000033,
0.040000,25.087696,25.087696,1.000000,25.089102,25.089102,0.000000,58.500000,1.000000,0.684000,-0.000083,-0.000046,0.064730,-0.000375,-0.000538,0.000102,0.006234,771.800000,0.000000,0.001099,0.000013,-0.000022,0.000092,-0.000010,0.000010,
0.040000,25.087789,25.087789,1.000000,25.089552,25.089552,0.000000,58.600000,1.000000,0.698400,-0.000096,-0.000039,0.064732,-0.000475,-0.000556,0.000383,0.009007,771.900000,0.000000,0.001110,0.000002,-0.000034,-0.000027,-0.000074,-0.000026,
0.040000,25.087846,25.087846,1.000000,25.088921,25.088921,0.000000,58.800000,1.000000,0.691200,-0.000074,-0.000052,0.064815,-0.000099,-0.000518,0.000139,0.006225,772.100000,0.000000,0.001089,-0.000018,0.000022,0.000032,-0.000112,-0.000121,
0.040000,25.087922,25.087922,0.000000,25.089371,25.089371,0.000000,59.000000,0.000000,0.679200,-0.000093,-0.000095,0.064897,-0.000584,-0.000545,0.000239,0.006347,772.300000,0.000000,0.001083,0.000057,-0.000027,-0.000067,0.000093,0.000186,
0.040000,25.088004,25.088004,0.000000,25.089560,25.089560,0.000000,59.100000,0.000000,0.677200,-0.000078,-0.000055,0.065122,-0.000507,-0.000547,0.000053,0.006038,772.400000,0.000000,0.001031,-0.000138,0.000015,-0.000206,-0.000086,-0.000120,
0.040000,25.088121,25.088121,1.000000,25.090355,25.090355,0.000000,59.200000,1.000000,0.703200,-0.000052,-0.000035,0.065507,-0.000339,-0.000549,-0.000045,0.007323,772.500000,0.000000,0.001038,-0.000097,-0.000059,0.000177,0.000067,-0.000016,
0.040000,25.088200,25.088200,1.000000,25.089701,25.089701,0.000000,59.300000,1.000000,0.691600,-0.000128,-0.000053,0.065862,-0.000231,-0.000536,0.000484,0.006193,772.600000,0.000000,0.001093,-0.000062,-0.000077,0.000187,0.000176,-0.000014,
0.040000,25.088320,25.088320,1.000000,25.090595,25.090595,0.000000,59.400000,1.000000,0.677600,-0.000127,-0.000048,0.066037,-0.000319,-0.000549,0.000254,0.006195,772.700000,0.000000,0.001141,-0.000040,0.000028,-0.000034,-0.000397,0.000071,
0.040000,25.088437,25.088437,0.000000,25.090654,25.090654,0.000000,59.500000,0.000000,0.699600,-0.000148,-0.000047,0.066123,-0.000458,-0.000558,0.000602,0.006982,772.800000,0.000000,0.001153,-0.000056,-0.000018,0.000017,-0.000146,-0.000053,
0.040000,25.088527,25.088527,1.000000,25.090239,25.090239,0.000000,59.600000,1.000000,0.684400,-0.000063,-0.000071,0.065981,-0.000455,-0.000569,-0.000003,0.005885,772.900000,0.000000,0.001148,-0.000082,0.000051,0.000016,-0.000186,-0.000072,
0.040000,25.088617,25.088617,0.000000,25.090338,25.090338,0.000000,59.700000,0.000000,0.683600,-0.000120,-0.000057,0.066172,-0.000199,-0.000552,0.000296,0.006787,773.000000,0.000000,0.001097,-0.000080,-0.000069,-0.000147,0.000458,-0.000096,
0.040000,25.088690,25.088690,1.000000,25.090075,25.090075,0.000000,59.800000,1.000000,0.697200,-0.000091,-0.000033,0.066196,-0.000237,-0.000562,0.000334,0.006763,773.100000,0.000000,0.001113,-0.000028,-0.000009,0.000031,-0.000180,0.000066,
0.040000,25.088801,25.088801,1.000000,25.090900,25.090900,0.000000,59.900000,1.000000,0.675600,-0.000110,-0.000040,0.066256,-0.000225,-0.000560,0.000322,0.006874,773.200000,0.000000,0.001096,-0.000035,-0.000001,0.000160,0.000112,-0.000036,
0.040000,25.088894,25.088894,1.000000,25.090666,25.090666,0.000000,60.000000,1.000000,0.669600,-0.000168,0.000011,0.066830,-0.000252,-0.000569,0.000492,0.008477,773.300000,0.000000,0.001086,-0.000032,-0.000003,0.000022,-0.000074,-0.000002,
0.040000,25.089004,25.089004,1.000000,25.091103,25.091103,0.000000,60.100000,1.000000,0.680400,-0.000120,-0.000027,0.066849,-0.000422,-0.000560,0.000376,0.006953,773.400000,0.000000,0.001178,-0.000037,0.000030,0.000320,-0.000385,-0.000054,
0.040000,25.089080,25.089080,1.000000,25.090508,25.090508,0.000000,60.200000,1.000000,0.710400,-0.000125,0.000001,0.066716,-0.000283,-0.000578,0.000378,0.007262,773.500000,0.000000,0.001158,-0.000069,0.000007,-0.000109,0.000149,0.000035,
0.040000,25.089155,25.089155,1.000000,25.090595,25.090595,0.000000,60.300000,1.000000,0.669600,-0.000102,-0.000042,0.066708,-0.000385,-0.000574,0.000330,0.006444,773.600000,