"ADAPTIVE_THRESHOLD_SIGMA","ESTIMATED_OBSERVATION_RADIUS","ESTIMATED_SENSOR_MAX_RANGE","ICP_ITERATION","INSTANTANEOUS_OBSERVATION_RADIUS","INSTANTANEOUS_SENSOR_MAX_RANGE","SENSOR_TIME_OFFSET","current_relative_timestamp","icp_iterations","icp_quality","robot_pitch","robot_roll","robot_x","robot_y","robot_yaw","robot_z","time_onLidar","timestamp","twistCorrectionCount","vx","vy","vz","wx","wy","wz",
0.200000,24.824652,24.824652,0.000000,20.000000,20.000000,0.000000,0.000000,0.000000,0.000000,0.000000,0.000000,0.000000,0.000000,0.000000,0.000000,0.000000,470.300000,0.000000,0.000000,0.000000,0.000000,0.000000,0.000000,0.000000,
0.200000,24.824630,24.824630,0.000000,24.824217,24.824217,0.000000,0.100000,0.000000,0.987200,-0.000064,0.000015,0.000754,0.000123,-0.000003,0.000244,0.013012,470.400000,0.000000,0.000000,0.000000,0.000000,0.000000,0.000000,0.000000,
0.197500,24.824619,24.824619,0.000000,24.824408,24.824408,0.000000,0.200000,0.000000,0.999200,-0.000064,0.000015,0.000754,0.000123,-0.000003,0.000244,0.013373,470.500000,0.000000,0.000000,0.000000,0.000000,0.000000,0.000000,0.000000,
0.195000,24.824623,24.824623,0.000000,24.824705,24.824705,0.000000,0.300000,0.000000,0.998400,-0.000023,-0.000031,0.000424,-0.000187,-0.000033,0.000132,0.014069,470.600000,0.000000,0.000000,0.000000,0.000000,0.000000,0.000000,0.000000,
0.192500,24.824627,24.824627,0.000000,24.824696,24.824696,0.000000,0.400000,0.000000,0.998800,-0.000057,0.000009,0.000657,0.000030,0.000004,0.000224,0.008308,470.700000,0.000000,0.000000,0.000000,0.000000,0.000000,0.000000,0.000000,
0.190000,24.824647,24.824647,0.000000,24.825033,24.825033,0.000000,0.500000,0.000000,0.998000,-0.000044,-0.000001,0.000823,-0.000053,-0.000018,0.000154,0.006895,470.800000,0.000000,0.000000,0.000000,0.000000,0.000000,0.000000,0.000000,
0.187500,24.824655,24.824655,0.000000,24.824814,24.824814,0.000000,0.600000,0.000000,0.998400,0.000026,-0.000001,0.000452,-0.000037,-0.000005,-0.000276,0.007207,470.900000,0.000000,0.000000,0.000000,0.000000,0.000000,0.000000,0.000000,
0.185000,24.824658,24.824658,0.000000,24.824713,24.824713,0.000000,0.700000,0.000000,0.999200,-0.000067,-0.000019,0.000831,0.000065,0.000015,0.000399,0.006833,471.000000,0.000000,0.000000,0.000000,0.000000,0.000000,0.000000,0.000000,
0.182500,24.824682,24.824682,0.000000,24.825132,24.825132,0.000000,0.800000,0.000000,0.998000,-0.000049,-0.000002,0.001328,-0.000102,-0.000026,0.000073,0.006617,471.100000,0.000000,0.001384,0.000109,0.000664,-0.000032,-0.000112,0.000026,
0.180000,24.824716,24.824716,0.000000,24.825361,24.825361,0.000000,0.900000,0.000000,0.998000,0.000013,-0.000007,0.001232,-0.000090,-0.000025,-0.000172,0.006846,471.200000,0.000000,0.001483,0.000060,0.000557,0.000072,0.000039,-0.000198,
0.177500,24.824742,24.824742,0.000000,24.825233,24.825233,0.000000,1.000000,0.000000,0.997600,0.000023,0.000017,0.000991,0.000232,0.000005,-0.000272,0.007303,471.300000,0.000000,0.001417,0.000062,0.000476,-0.000000,0.000386,-0.000070,
0.175000,24.824757,24.824757,1.000000,24.825045,24.825045,0.000000,1.100000,1.000000,0.995200,-0.000037,-0.000013,0.001387,-0.000012,-0.000006,0.000122,0.006826,471.400000,0.000000,0.001314,0.000146,0.000436,0.000147,0.000210,0.000154,
0.172500,24.824787,24.824787,0.000000,24.825365,24.825365,0.000000,1.200000,0.000000,0.994400,-0.000114,0.000053,0.001424,0.000031,-0.000019,0.000574,0.007409,471.500000,0.000000,0.001384,0.000078,0.000529,-0.000132,-0.000291,-0.000010,
0.170000,24.824791,24.824791,0.000000,24.824863,24.824863,0.000000,1.300000,0.000000,0.994400,0.000028,0.000002,0.001441,0.000213,0.000008,-0.000331,0.006539,471.600000,0.000000,0.001358,0.000087,0.000633,0.000357,-0.000584,-0.000084,
0.167500,24.824810,24.824810,0.000000,24.825174,24.825174,0.000000,1.400000,0.000000,0.996400,0.000021,-0.000013,0.001647,0.000006,-0.000007,-0.000258,0.006647,471.700000,0.000000,0.001327,0.000132,0.000383,-0.000174,0.000650,0.000137,
0.165000,24.824850,24.824850,0.000000,24.825607,24.825607,0.000000,1.500000,0.000000,0.994400,0.000061,0.000023,0.001677,0.000161,-0.000021,-0.000340,0.009413,471.800000,0.000000,0.001346,0.000075,0.000392,-0.000158,0.000206,-0.000042,
0.162500,24.824899,24.824899,0.000000,24.825829,24.825829,0.000000,1.600000,0.000000,0.994400,-0.000084,0.000001,0.001909,0.000006,-0.000016,0.000442,0.008188,471.900000,0.000000,0.001319,0.000113,0.000361,0.000158,0.000325,-0.000103,
0.160000,24.824949,24.824949,0.000000,24.825897,24.825897,0.000000,1.700000,0.000000,0.990000,-0.000090,0.000012,0.002238,0.000119,-0.000008,0.000501,0.008316,472.000000,0.000000,0.001344,0.000071,0.000548,-0.000073,-0.000770,-0.000005,
0.157500,24.824973,24.824973,0.000000,24.825426,24.825426,0.000000,1.800000,0.000000,0.996800,-0.000074,-0.000004,0.002415,0.000095,-0.000016,0.000307,0.009001,472.100000,0.000000,0.001393,0.000097,0.000549,0.000041,-0.000332,0.000045,
0.155000,24.825016,24.825016,0.000000,24.825844,24.825844,0.000000,1.900000,0.000000,0.993600,-0.000006,0.000012,0.002110,0.000102,-0.000014,0.000071,0.007823,472.200000,0.000000,0.001402,0.000089,0.000488,-0.000085,-0.000025,-0.000030,
0.152500,24.825071,24.825071,0.000000,24.826111,24.826111,0.000000,2.000000,0.000000,0.995600,0.000001,-0.000049,0.002055,0.000007,-0.000006,-0.000145,0.007199,472.300000,0.000000,0.001293,0.000089,0.000418,0.000067,0.000409,0.000001,
0.150000,24.825118,24.825118,0.000000,24.826008,24.826008,0.000000,2.100000,0.000000,0.983600,-0.000065,0.000022,0.002323,0.000247,0.000006,0.000311,0.007078,472.400000,0.000000,0.001249,0.000063,0.000356,-0.000354,0.000199,0.000051,
0.147500,24.825166,24.825166,0.000000,24.826080,24.826080,0.000000,2.200000,0.000000,0.990000,0.000044,-0.000025,0.002400,-0.000337,-0.000037,-0.000155,0.006883,472.500000,0.000000,0.001283,0.000120,0.000457,0.000307,-0.000332,0.000090,
0.145000,24.825211,24.825211,0.000000,24.826063,24.826063,0.000000,2.300000,0.000000,0.979200,0.000029,-0.000008,0.002765,-0.000038,-0.000031,-0.000256,0.007802,472.600000,0.000000,0.001271,-0.000022,0.000335,-0.000178,0.000547,-0.000228,
0.142500,24.825251,24.825251,0.000000,24.826014,24.826014,0.000000,2.400000,0.000000,0.979600,0.000031,-0.000014,0.002978,-0.000193,-0.000051,-0.000257,0.008899,472.700000,0.000000,0.001327,0.000049,0.000303,0.000038,0.000119,-0.000051,
0.140000,24.825305,24.825305,0.000000,24.826324,24.826324,0.000000,2.500000,0.000000,0.985600,-0.000020,0.000019,0.002547,-0.000216,-0.000041,0.000208,0.008664,472.800000,0.000000,0.001346,0.000011,0.000296,-0.000021,0.000055,-0.000146,
0.137500,24.825361,24.825361,0.000000,24.826422,24.826422,0.000000,2.600000,0.000000,0.982800,0.000066,0.000009,0.002642,0.000070,-0.000001,-0.000470,0.006871,472.900000,0.000000,0.001214,0.000006,0.000397,0.000198,-0.000295,0.000006,
0.135000,24.825418,24.825418,0.000000,24.826506,24.826506,0.000000,2.700000,0.000000,0.984000,0.000047,0.000009,0.002615,0.000055,-0.000016,-0.000364,0.007105,473.000000,0.000000,0.001208,0.000072,0.000231,0.000012,0.000417,0.000254,
0.132500,24.825475,24.825475,0.000000,24.826553,24.826553,0.000000,3.000000,0.000000,0.976400,0.000005,0.000013,0.002981,0.000217,0.000002,-0.000076,0.006913,473.300000,0.000000,0.001174,0.000067,0.000250,0.000004,0.000042,0.000004,
0.130000,24.825564,24.825564,0.000000,24.827265,24.827265,0.000000,3.100000,0.000000,0.978400,-0.000016,0.000021,0.003395,0.000232,-0.000026,0.000048,0.006563,473.400000,0.000000,0.001231,0.000102,0.000310,0.000029,-0.000242,0.000109,
0.127500,24.825654,24.825654,0.000000,24.827362,24.827362,0.000000,3.200000,0.000000,0.974400,0.000003,0.000024,0.003385,0.000105,-0.000020,-0.000150,0.006831,473.500000,0.000000,0.001259,0.000092,0.000330,0.000027,-0.000070,-0.000090,
0.125000,24.825737,24.825737,0.000000,24.827318,24.827318,0.000000,3.300000,0.000000,0.976400,0.000009,0.000005,0.003862,0.000163,-0.000032,-0.000091,0.008359,473.600000,0.000000,0.001230,0.000063,0.000281,0.000025,0.000063,-0.000014,
0.122500,24.825821,24.825821,0.000000,24.827406,24.827406,0.000000,3.400000,0.000000,0.970800,0.000011,0.000016,0.003684,0.000235,-0.000013,-0.000154,0.007030,473.700000,0.000000,0.001306,0.000074,0.000287,-0.000104,0.000061,-0.000078,
0.120000,24.825911,24.825911,0.000000,24.827621,24.827621,0.000000,3.500000,0.000000,0.973600,-0.000074,-0.000004,0.003823,0.000005,-0.000040,0.000210,0.010187,473.800000,0.000000,0.001240,0.000088,0.000268,0.000030,0.000038,0.000091,
0.117500,24.825982,24.825982,0.000000,24.827339,24.827339,0.000000,3.600000,0.000000,0.966400,-0.000017,-0.000003,0.003883,0.000014,-0.000034,-0.000019,0.007575,473.900000,0.000000,0.001244,0.000037,0.000339,-0.000115,-0.000509,-0.000136,
0.115000,24.826030,24.826030,0.000000,24.826946,24.826946,0.000000,3.700000,0.000000,0.958800,0.000030,-0.000001,0.004008,-0.000072,-0.000048,-0.000310,0.008271,474.000000,0.000000,0.001230,0.000038,0.000284,-0.000033,0.000154,-0.000012,
0.112500,24.826109,24.826109,0.000000,24.827604,24.827604,0.000000,3.800000,0.000000,0.976800,-0.000049,0.000057,0.004286,-0.000040,-0.000047,0.000253,0.006504,474.100000,0.000000,0.001230,0.000019,0.000216,-0.000005,0.000349,-0.000091,
0.110000,24.826194,24.826194,0.000000,24.827814,24.827814,0.000000,3.900000,0.000000,0.966400,-0.000034,0.000016,0.004337,0.000096,-0.000037,0.000156,0.007965,474.200000,0.000000,0.001263,0.000026,0.000330,0.000357,-0.000354,-0.000030,
0.107500,24.826281,24.826281,1.000000,24.827919,24.827919,0.000000,4.000000,1.000000,0.961200,-0.000078,0.000012,0.004682,-0.000049,-0.000047,0.000445,0.006837,474.300000,0.000000,0.001247,0.000054,0.000303,-0.000114,-0.000040,0.000049,
0.105000,24.826360,24.826360,1.000000,24.827864,24.827864,0.000000,4.100000,1.000000,0.955600,-0.000125,-0.000003,0.004924,0.000226,-0.000015,0.000717,0.007889,474.400000,0.000000,0.001293,0.000022,0.000357,-0.000067,-0.000287,-0.000042,
0.102500,24.826434,24.826434,0.000000,24.827841,24.827841,0.000000,4.200000,0.000000,0.960000,-0.000141,-0.000005,0.004672,0.000018,-0.000038,0.000729,0.007675,474.500000,0.000000,0.001317,0.000079,0.000406,-0.000118,-0.000402,0.000182,
0.100000,24.826521,24.826521,0.000000,24.828175,24.828175,0.000000,4.300000,0.000000,0.948800,0.000018,0.000021,0.004402,0.000101,-0.000046,0.000027,0.008963,474.600000,0.000000,0.001237,0.000034,0.000400,-0.000061,-0.000254,-0.000069,
0.097500,24.826585,24.826585,0.000000,24.827812,24.827812,0.000000,4.400000,0.000000,0.967600,-0.000059,0.000017,0.004918,0.000121,-0.000042,0.000352,0.007403,474.700000,0.000000,0.001155,0.000051,0.000246,0.000140,0.000889,-0.000076,
0.095000,24.826670,24.826670,0.000000,24.828285,24.828285,0.000000,4.500000,0.000000,0.952400,-0.000069,0.000014,0.004941,0.000213,-0.000025,0.000285,0.007768,474.800000,0.000000,0.001238,0.000054,0.000308,0.000025,-0.000137,-0.000009,
0.092500,24.826766,24.826766,1.000000,24.828590,24.828590,0.000000,4.600000,1.000000,0.931600,-0.000040,0.000010,0.005042,0.000174,-0.000030,0.000214,0.006483,474.900000,0.000000,0.001217,0.000072,0.000288,-0.000006,-0.000112,0.000105,
0.090000,24.826851,24.826851,0.000000,24.828465,24.828465,0.000000,4.700000,0.000000,0.930000,-0.000131,-0.000004,0.005269,0.000223,-0.000017,0.000718,0.006754,475.000000,0.000000,0.001213,0.000062,0.000267,-0.000027,0.000137,0.000009,
0.087500,24.826919,24.826919,1.000000,24.828203,24.828203,0.000000,4.800000,1.000000,0.913600,-0.000056,0.000028,0.005281,0.000117,-0.000045,0.000269,0.007084,475.100000,0.000000,0.001235,0.000071,0.000366,-0.000099,-0.000515,0.000086,
0.085000,24.827001,24.827001,0.000000,24.828568,24.828568,0.000000,4.900000,0.000000,0.940800,-0.000133,0.000039,0.005647,0.000088,-0.000032,0.000633,0.008267,475.200000,0.000000,0.001212,0.000048,0.000266,0.000162,0.000267,-0.000141,
0.082500,24.827069,24.827069,1.000000,24.828354,24.828354,0.000000,5.000000,1.000000,0.912400,-0.000063,0.000029,0.005485,0.000159,-0.000043,0.000349,0.007298,475.300000,0.000000,0.001262,0.000041,0.000335,0.000129,-0.000370,0.000023,
0.080000,24.827164,24.827164,1.000000,24.828966,24.828966,0.000000,5.100000,1.000000,0.923200,-0.000165,0.000028,0.005875,0.000062,-0.000043,0.000915,0.007981,475.400000,0.000000,0.001203,0.000055,0.000270,-0.000013,0.000291,-0.000060,
0.077500,24.827254,24.827254,1.000000,24.828959,24.828959,0.000000,5.300000,1.000000,0.879600,-0.000112,0.000019,0.005678,0.000079,-0.000054,0.000660,0.007314,475.600000,0.000000,0.001258,0.000034,0.000381,-0.000010,-0.000519,-0.000022,
0.075000,24.827353,24.827353,1.000000,24.829243,24.829243,0.000000,5.400000,1.000000,0.885200,-0.000126,0.000020,0.006150,0.000065,-0.000044,0.000707,0.009378,475.700000,0.000000,0.001192,0.000036,0.000321,-0.000059,0.000130,-0.000074,
0.072500,24.827451,24.827451,1.000000,24.829323,24.829323,0.000000,5.500000,1.000000,0.903200,-0.000099,0.000027,0.006190,0.000057,-0.000051,0.000614,0.008339,475.800000,0.000000,0.001287,0.000027,0.000314,-0.000001,-0.000064,0.000043,
0.070000,24.827549,24.827549,1.000000,24.829395,24.829395,0.000000,5.600000,1.000000,0.864000,-0.000163,0.000017,0.006544,0.000183,-0.000039,0.000964,0.007086,475.900000,0.000000,0.001269,0.000026,0.000288,0.000040,0.000121,-0.000021,
0.067500,24.827646,24.827646,0.000000,24.829496,24.829496,0.000000,5.700000,0.000000,0.845200,-0.000117,0.000015,0.006473,-0.000068,-0.000053,0.000597,0.008454,476.000000,0.000000,0.001315,0.000050,0.000353,-0.000044,-0.000341,0.000067,
0.065000,24.827734,24.827734,1.000000,24.829401,24.829401,0.000000,5.800000,1.000000,0.812400,-0.000097,0.000021,0.006627,0.000016,-0.000059,0.000575,0.006621,476.100000,0.000000,0.001274,-0.000001,0.000272,-0.000031,0.000153,-0.000063,
0.062500,24.827814,24.827814,1.000000,24.829332,24.829332,0.000000,5.900000,1.000000,0.799600,-0.000128,0.000047,0.007149,-0.000011,-0.000065,0.000696,0.009166,476.200000,0.000000,0.001279,0.000016,0.000262,0.000025,0.000184,-0.000060,
0.060000,24.827928,24.827928,0.000000,24.830093,24.830093,0.000000,6.000000,0.000000,0.741200,-0.000140,-0.000010,0.007065,-0.000153,-0.000081,0.000683,0.007355,476.300000,0.000000,0.001359,0.000010,0.000281,0.000169,-0.000118,-0.000061,
0.057500,24.828008,24.828008,0.000000,24.829536,24.829536,0.000000,6.100000,0.000000,0.748800,-0.000087,0.000027,0.006881,-0.000097,-0.000055,0.000378,0.006207,476.400000,0.000000,0.001314,-0.000019,0.000273,-0.000286,-0.000119,-0.000118,
0.055000,24.828087,24.828087,0.000000,24.829580,24.829580,0.000000,6.300000,0.000000,0.784000,-0.000054,0.000030,0.006876,-0.000003,-0.000049,0.000265,0.007755,476.600000,0.000000,0.001251,-0.000007,0.000206,0.000123,0.000282,0.000111,
0.052500,24.828188,24.828188,0.000000,24.830107,24.830107,0.000000,6.400000,0.000000,0.799200,-0.000042,0.000001,0.007269,-0.000021,-0.000062,0.000235,0.006934,476.700000,0.000000,0.001225,0.000012,0.000179,0.000063,0.000307,0.000079,
0.050000,24.828275,24.828275,0.000000,24.829943,24.829943,0.000000,6.500000,0.000000,0.704000,-0.000083,0.000012,0.007506,0.000049,-0.000058,0.000456,0.006717,476.800000,0.000000,0.001284,0.000004,0.000153,-0.000133,0.000072,-0.000058,
0.047500,24.828363,24.828363,1.000000,24.830017,24.830017,0.000000,6.600000,1.000000,0.673200,-0.000075,0.000031,0.007365,0.000155,-0.000058,0.000370,0.006376,476.900000,0.000000,0.001305,0.000018,0.000194,-0.000001,-0.000192,-0.000001,
0.045000,24.828451,24.828451,0.000000,24.830137,24.830137,0.000000,6.700000,0.000000,0.611600,-0.000128,0.000024,0.007941,0.000179,-0.000054,0.000742,0.008744,477.000000,0.000000,0.001251,0.000039,0.000173,0.000114,-0.000029,-0.000003,
0.042500,24.828538,24.828538,0.000000,24.830183,24.830183,0.000000,6.800000,0.000000,0.710000,-0.000076,0.000019,0.007723,0.000046,-0.000061,0.000347,0.006475,477.100000,0.000000,0.001341,0.000043,0.000244,0.000004,-0.000335,0.000023,
0.040000,24.828638,24.828638,0.000000,24.830532,24.830532,0.000000,6.900000,0.000000,0.712000,-0.000022,-0.000000,0.007727,0.000034,-0.000055,0.000000,0.007969,477.200000,0.000000,0.001271,0.000015,0.000160,-0.000028,0.000191,-0.000033,
0.040000,24.828730,24.828730,0.000000,24.830479,24.830479,0.000000,7.000000,0.000000,0.695200,-0.000049,-0.000006,0.007846,0.000038,-0.000058,0.000198,0.006063,477.300000,0.000000,0.001246,0.000012,0.000087,-0.000133,0.000407,0.000026,
0.040000,24.828810,24.828810,0.000000,24.830338,24.830338,0.000000,7.100000,0.000000,0.687600,0.000021,0.000010,0.007757,0.000132,-0.000053,-0.000221,0.006033,477.400000,0.000000,0.001245,0.000013,0.000125,-0.000089,-0.000008,-0.000007,
0.040000,24.828891,24.828891,0.000000,24.830421,24.830421,0.000000,7.200000,0.000000,0.702400,0.000021,0.000015,0.007839,0.000182,-0.000054,-0.000199,0.006263,477.500000,0.000000,0.001203,0.000031,0.000039,0.000070,0.000429,0.000026,
0.040000,24.828990,24.828990,0.000000,24.830881,24.830881,0.000000,7.300000,0.000000,0.680000,-0.000054,0.000002,0.008241,-0.000003,-0.000069,0.000231,0.007340,477.600000,0.000000,0.001195,0.000041,0.000043,0.000053,0.000159,0.000004,
0.040000,24.829071,24.829071,0.000000,24.830605,24.830605,0.000000,7.400000,0.000000,0.682000,-0.000030,0.000005,0.008283,0.000059,-0.000059,0.000079,0.007452,477.700000,0.000000,0.001251,0.000003,0.000128,-0.000054,-0.000400,-0.000089,
0.040000,24.829151,24.829151,0.000000,24.830673,24.830673,0.000000,7.500000,0.000000,0.683600,-0.000034,0.000008,0.008466,0.000071,-0.000058,0.000077,0.006181,477.800000,0.000000,0.001235,0.000015,0.000095,-0.000002,-0.000007,0.000026,
0.040000,24.829226,24.829226,0.000000,24.830650,24.830650,0.000000,7.600000,0.000000,0.727600,-0.000037,0.000008,0.008580,0.000138,-0.000057,0.000129,0.007097,477.900000,0.000000,0.001247,0.000018,0.000092,0.000013,-0.000023,0.000016,
0.040000,24.829302,24.829302,0.000000,24.830746,24.830746,0.000000,7.700000,0.000000,0.738800,-0.000032,0.000006,0.008556,0.000141,-0.000057,0.000138,0.007862,478.000000,0.000000,0.001245,0.000031,0.000101,0.000007,-0.000032,0.000012,
0.040000,24.829389,24.829389,0.000000,24.831047,24.831047,0.000000,7.800000,0.000000,0.702800,-0.000034,0.000005,0.008694,0.000023,-0.000068,0.000114,0.007475,478.100000,0.000000,0.001215,0.000031,0.000101,-0.000013,0.000022,0.000003,
0.040000,24.829488,24.829488,0.000000,24.831371,24.831371,0.000000,7.900000,0.000000,0.736000,-0.000048,-0.000000,0.008833,0.000025,-0.000066,0.000200,0.006322,478.200000,0.000000,0.001218,0.000006,0.000094,-0.000008,-0.000005,-0.000067,
0.040000,24.829588,24.829588,0.000000,24.831480,24.831480,0.000000,8.000000,0.000000,0.665600,-0.000031,-0.000000,0.009007,-0.000149,-0.000086,0.000056,0.006551,478.300000,0.000000,0.001222,0.000007,0.000109,-0.000035,-0.000087,-0.000008,
0.040000,24.829677,24.829677,0.000000,24.831364,24.831364,0.000000,8.100000,0.000000,0.704800,-0.000012,0.000002,0.009268,0.000111,-0.000060,0.000002,0.006321,478.400000,0.000000,0.001232,-0.000028,0.000078,-0.000013,0.000073,-0.000130,
0.040000,24.829773,24.829773,0.000000,24.831602,24.831602,0.000000,8.200000,0.000000,0.676800,-0.000040,0.000010,0.009115,0.000106,-0.000064,0.000141,0.006176,478.500000,0.000000,0.001259,0.000024,0.000066,0.000010,0.000140,0.000113,
0.040000,24.829863,24.829863,0.000000,24.831577,24.831577,0.000000,8.300000,0.000000,0.713600,-0.000039,0.000001,0.009279,-0.000049,-0.000072,0.000116,0.006496,478.600000,0.000000,0.001204,0.000023,0.000092,0.000053,-0.000119,0.000018,
0.040000,24.829942,24.829942,0.000000,24.831446,24.831446,0.000000,8.400000,0.000000,0.686800,0.000013,0.000010,0.009356,0.000044,-0.000072,-0.000216,0.006827,478.700000,0.000000,0.001213,-0.000009,0.000086,-0.000039,-0.000034,-0.000045,
0.040000,24.830028,24.830028,0.000000,24.831648,24.831648,0.000000,8.500000,0.000000,0.718800,0.000012,-0.000008,0.009427,-0.000060,-0.000074,-0.000217,0.006221,478.800000,0.000000,0.001204,0.000010,0.000018,0.000042,0.000308,-0.000014,
0.040000,24.830118,24.830118,0.000000,24.831839,24.831839,0.000000,8.600000,0.000000,0.684800,-0.000000,0.000020,0.009496,0.000137,-0.000065,-0.000135,0.006500,478.900000,0.000000,0.001194,-0.000011,0.000017,-0.000097,0.000111,-0.000019,
0.040000,24.830208,24.830208,0.000000,24.831907,24.831907,0.000000,8.700000,0.000000,0.657200,0.000010,0.000017,0.009629,0.000034,-0.000074,-0.000145,0.007649,479.000000,0.000000,0.001184,0.000029,0.000033,0.000137,-0.000035,0.000047,
0.040000,24.830304,24.830304,0.000000,24.832129,24.832129,0.000000,8.800000,0.000000,0.734400,0.000006,-0.000013,0.009674,0.000041,-0.000067,-0.000159,0.006956,479.100000,0.000000,0.001187,0.000008,0.000031,0.000033,0.000046,-0.000038,
0.040000,24.830376,24.830376,0.000000,24.831758,24.831758,0.000000,8.900000,0.000000,0.643200,-0.000001,0.000018,0.009927,0.000233,-0.000058,-0.000154,0.008353,479.200000,0.000000,0.001172,0.000009,0.000027,-0.000173,-0.000006,0.000031,
0.040000,24.830448,24.830448,0.000000,24.831810,24.831810,0.000000,9.000000,0.000000,0.767200,-0.000023,0.000009,0.009909,0.000065,-0.000073,0.000044,0.007498,479.300000,0.000000,0.001199,0.000047,0.000028,0.000125,-0.000046,0.000066,
0.040000,24.830540,24.830540,0.000000,24.832285,24.832285,0.000000,9.100000,0.000000,0.668400,0.000008,-0.000024,0.010037,-0.000009,-0.000070,-0.000116,0.006292,479.400000,0.000000,0.001172,0.000013,0.000066,-0.000007,-0.000149,-0.000065,
0.040000,24.830614,24.830614,0.000000,24.832012,24.832012,0.000000,9.200000,0.000000,0.717200,-0.000008,0.000006,0.010103,0.000083,-0.000077,-0.000047,0.006151,479.500000,0.000000,0.001174,-0.000002,0.000033,-0.000205,0.000131,-0.000009,
0.040000,24.830711,24.830711,0.000000,24.832563,24.832563,0.000000,9.300000,0.000000,0.679600,-0.000020,-0.000021,0.010330,-0.000091,-0.000077,0.000054,0.006561,479.600000,0.000000,0.001164,0.000016,0.000046,0.000108,-0.000046,-0.000049,
0.040000,24.830789,24.830789,0.000000,24.832275,24.832275,0.000000,9.400000,0.000000,0.725200,-0.000014,0.000010,0.010506,0.000007,-0.000078,-0.000029,0.007686,479.700000,0.000000,0.001186,-0.000019,0.000066,-0.000127,-0.000093,-0.000017,
0.040000,24.830874,24.830874,0.000000,24.832479,24.832479,0.000000,9.500000,0.000000,0.735600,-0.000011,-0.000009,0.010565,-0.000017,-0.000079,-0.000027,0.006315,479.800000,0.000000,0.001197,0.000001,0.000048,0.000148,0.000000,-0.000012,
0.040000,24.830971,24.830971,0.000000,24.832809,24.832809,0.000000,9.600000,0.000000,0.758800,0.000027,0.000024,0.010629,-0.000008,-0.000084,-0.000248,0.010445,479.900000,0.000000,0.001185,-0.000004,0.000047,-0.000065,0.000019,-0.000008,
0.040000,24.831066,24.831066,0.000000,24.832890,24.832890,0.000000,9.800000,0.000000,0.697200,-0.000001,0.000006,0.010705,0.000054,-0.000076,-0.000122,0.007157,480.100000,0.000000,0.001174,-0.000002,0.000002,0.000180,0.000243,-0.000036,
0.040000,24.831148,24.831148,0.000000,24.832695,24.832695,0.000000,9.900000,0.000000,0.726800,-0.000011,-0.000007,0.010919,-0.000025,-0.000086,-0.000051,0.006443,480.200000,0.000000,0.001166,0.000010,0.000027,-0.000041,-0.000083,0.000033,
0.040000,24.831259,24.831259,0.000000,24.833376,24.833376,0.000000,10.000000,0.000000,0.687600,0.000001,0.000017,0.011014,-0.000055,-0.000105,-0.000111,0.006262,480.300000,0.000000,0.001158,-0.000022,0.000053,-0.000063,-0.000048,-0.000044,
0.040000,24.831332,24.831332,0.000000,24.832710,24.832710,0.000000,10.100000,0.000000,0.703200,-0.000030,-0.000011,0.011304,0.000056,-0.000072,0.000036,0.007404,480.400000,0.000000,0.001154,-0.000027,0.000040,0.000104,0.000043,-0.000124,
0.040000,24.831426,24.831426,0.000000,24.833214,24.833214,0.000000,10.200000,0.000000,0.641200,-0.000015,0.000011,0.011225,0.000196,-0.000068,-0.000021,0.006724,480.500000,0.000000,0.001189,-0.000005,0.000069,-0.000132,-0.000168,0.000151,
0.040000,24.831522,24.831522,0.000000,24.833355,24.833355,0.000000,10.300000,0.000000,0.641200,-0.000000,-0.000003,0.011404,-0.000049,-0.000093,-0.000076,0.006310,480.600000,0.000000,0.001150,0.000023,0.000056,0.000085,0.000029,0.000082,
0.040000,24.831608,24.831608,0.000000,24.833239,24.833239,0.000000,10.400000,0.000000,0.690400,-0.000033,-0.000009,0.011633,-0.000093,-0.000096,0.000042,0.006647,480.700000,0.000000,0.001162,-0.000026,0.000044,-0.000054,0.000100,-0.000121,
0.040000,24.831696,24.831696,0.000000,24.833364,24.833364,0.000000,10.500000,0.000000,0.724000,0.000001,0.000018,0.011652,0.000032,-0.000082,-0.000116,0.007366,480.800000,0.000000,0.001185,-0.000034,0.000066,-0.000055,-0.000168,-0.000066,
0.040000,24.831783,24.831783,0.000000,24.833441,24.833441,0.000000,10.600000,0.000000,0.680800,-0.000010,0.000010,0.011787,-0.000132,-0.000100,-0.000074,0.006015,480.900000,0.000000,0.001165,-0.000009,0.000034,0.000145,0.000150,0.000059,
0.040000,24.831882,24.831882,0.000000,24.833755,24.833755,0.000000,10.700000,0.000000,0.649200,-0.000007,-0.000018,0.011757,-0.000108,-0.000095,-0.000053,0.006293,481.000000,0.000000,0.001169,-0.000041,0.000041,0.000009,-0.000010,-0.000090,
0.040000,24.831956,24.831956,0.000000,24.833368,24.833368,0.000000,10.800000,0.000000,0.695200,-0.000054,-0.000032,0.012095,-0.000233,-0.000095,0.000177,0.006668,481.100000,0.000000,0.001140,-0.000036,0.000045,-0.000170,0.000014,-0.000000,
0.040000,24.832030,24.832030,0.000000,24.833439,24.833439,0.000000,10.900000,0.000000,0.617200,-0.000012,-0.000005,0.012068,-0.000041,-0.000093,-0.000068,0.006467,481.200000,0.000000,0.001184,-0.000059,0.000090,-0.000152,-0.000288,-0.000002,
0.040000,24.832123,24.832123,0.000000,24.833885,24.833885,0.000000,11.000000,0.000000,0.718400,-0.000036,-0.000015,0.012134,-0.000138,-0.000090,0.000107,0.006207,481.300000,0.000000,0.001155,-0.000020,0.000039,0.000106,0.000154,0.000010,
0.040000,24.832208,24.832208,0.000000,24.833824,24.833824,0.000000,11.100000,0.000000,0.702400,-0.000012,-0.000018,0.012280,-0.000065,-0.000091,-0.000018,0.006623,481.400000,0.000000,0.001145,-0.000039,0.000073,-0.000020,-0.000091,0.000027,
0.040000,24.832300,24.832300,0.000000,24.834042,24.834042,0.000000,11.200000,0.000000,0.675200,-0.000020,0.000007,0.012368,0.000086,-0.000082,0.000039,0.005938,481.500000,0.000000,0.001152,-0.000024,0.000047,-0.000027,0.000109,0.000004,
0.040000,24.832391,24.832391,0.000000,24.834129,24.834129,0.000000,11.300000,0.000000,0.644800,-0.000036,-0.000019,0.012579,-0.000002,-0.000087,0.000088,0.006334,481.600000,0.000000,0.001146,0.000007,0.000057,0.000143,-0.000006,0.000057,
0.040000,24.832470,24.832470,0.000000,24.833963,24.833963,0.000000,11.400000,0.000000,0.678400,-0.000005,-0.000003,0.012551,0.000078,-0.000083,-0.000064,0.006080,481.700000,0.000000,0.001165,-0.000011,0.000066,-0.000104,-0.000100,-0.000009,
0.040000,24.832551,24.832551,0.000000,24.834084,24.834084,0.000000,11.500000,0.000000,0.738000,0.000006,0.000002,0.012700,-0.000195,-0.000103,-0.000123,0.006602,481.800000,0.000000,0.001137,0.000005,0.000034,0.000058,0.000154,0.000020,
0.040000,24.832648,24.832648,0.000000,24.834492,24.834492,0.000000,11.700000,0.000000,0.677200,-0.000003,-0.000002,0.012893,-0.000008,-0.000095,-0.000100,0.006378,482.000000,0.000000,0.001144,-0.000049,0.000022,0.000050,0.000129,-0.000116,
0.040000,24.832745,24.832745,0.000000,24.834591,24.834591,0.000000,11.800000,0.000000,0.767200,-0.000027,-0.000001,0.013215,-0.000092,-0.000108,0.000053,0.006069,482.100000,0.000000,0.001159,-0.000011,0.000026,0.000000,-0.000008,0.000008,
0.040000,24.832826,24.832826,0.000000,24.834375,24.834375,0.000000,11.900000,0.000000,0.722400,-0.000022,-0.000004,0.013237,0.000028,-0.000092,0.000011,0.006678,482.200000,0.000000,0.001195,-0.000043,0.000085,0.000003,-0.000115,-0.000063,
0.040000,24.832928,24.832928,0.000000,24.834862,24.834862,0.000000,12.000000,0.000000,0.782000,0.000004,-0.000007,0.013142,-0.000257,-0.000123,-0.000092,0.008152,482.300000,0.000000,0.001175,-0.000019,0.000075,-0.000014,-0.000024,0.000062,
0.040000,24.833010,24.833010,0.000000,24.834572,24.834572,0.000000,12.100000,0.000000,0.697200,0.000022,0.000011,0.013382,-0.000067,-0.000111,-0.000215,0.006622,482.400000,0.000000,0.001134,-0.000075,0.000053,-0.000027,0.000150,-0.000165,
0.040000,24.833101,24.833101,0.000000,24.834833,24.834833,0.000000,12.200000,0.000000,0.703600,-0.000034,-0.000072,0.013469,-0.000028,-0.000094,0.000026,0.006774,482.500000,0.000000,0.001158,-0.000036,0.000028,0.000100,0.000166,0.000009,
0.040000,24.833194,24.833194,0.000000,24.834948,24.834948,0.000000,12.300000,0.000000,0.704800,0.000001,-0.000002,0.013481,0.000122,-0.000097,-0.000115,0.006900,482.600000,0.000000,0.001153,-0.000027,0.000074,-0.000473,-0.000279,0.000112,
0.040000,24.833292,24.833292,0.000000,24.835159,24.835159,0.000000,12.400000,0.000000,0.676000,-0.000033,-0.000014,0.013755,-0.000109,-0.000107,0.000001,0.006733,482.700000,0.000000,0.001132,0.000003,0.000045,0.000251,0.000108,0.000019,
0.040000,24.833405,24.833405,0.000000,24.835545,24.835545,0.000000,12.500000,0.000000,0.742400,-0.000028,-0.000010,0.013926,-0.000017,-0.000119,0.000021,0.006323,482.800000,0.000000,0.001164,-0.000043,0.000067,0.000023,-0.000168,-0.000051,
0.040000,24.833493,24.833493,0.000000,24.835173,24.835173,0.000000,12.600000,0.000000,0.676800,-0.000009,0.000009,0.013875,0.000129,-0.000099,-0.000098,0.006874,482.900000,0.000000,0.001175,-0.000024,0.000070,0.000034,-0.000032,-0.000094,
0.040000,24.833606,24.833606,0.000000,24.835743,24.835743,0.000000,12.700000,0.000000,0.758800,-0.000040,0.000012,0.014061,-0.000151,-0.000130,0.000163,0.006677,483.000000,0.000000,0.001142,0.000005,0.000045,0.000133,0.000107,0.000086,
0.040000,24.833702,24.833702,0.000000,24.835531,24.835531,0.000000,12.800000,0.000000,0.642800,-0.000019,-0.000013,0.013990,-0.000179,-0.000118,-0.000056,0.006553,483.100000,0.000000,0.001156,-0.000050,0.000096,0.000067,-0.000152,-0.000159,
0.040000,24.833804,24.833804,0.000000,24.835745,24.835745,0.000000,13.000000,0.000000,0.689200,-0.000075,-0.000009,0.014462,-0.000038,-0.000107,0.000293,0.005924,483.300000,0.000000,0.001119,-0.000054,0.000051,-0.000130,0.000072,0.000015,
0.040000,24.833916,24.833916,0.000000,24.836054,24.836054,0.000000,13.200000,0.000000,0.740000,-0.000025,-0.000036,0.014529,-0.000103,-0.000128,0.000144,0.009359,483.500000,0.000000,0.001190,-0.000026,0.000118,-0.000025,-0.000317,0.000071,
0.040000,24.834010,24.834010,0.000000,24.835794,24.835794,0.000000,13.300000,0.000000,0.750000,-0.000042,-0.000011,0.014760,-0.000079,-0.000114,0.000095,0.007752,483.600000,0.000000,0.001123,-0.000049,0.000050,-0.000127,0.000218,-0.000093,
0.040000,24.834110,24.834110,0.000000,24.836012,24.836012,0.000000,13.400000,0.000000,0.697600,-0.000042,0.000020,0.014953,-0.000141,-0.000129,0.000183,0.008274,483.700000,0.000000,0.001125,-0.000036,0.000027,0.000111,-0.000067,0.000062,
0.040000,24.834204,24.834204,0.000000,24.835983,24.835983,0.000000,13.600000,0.000000,0.745600,-0.000001,0.000030,0.014863,-0.000155,-0.000123,-0.000117,0.006131,483.900000,0.000000,0.001141,-0.000047,0.000044,0.000216,-0.000028,-0.000058,
0.040000,24.834302,24.834302,1.000000,24.836161,24.836161,0.000000,13.700000,1.000000,0.691200,-0.000035,-0.000000,0.015165,-0.000070,-0.000120,0.000114,0.006840,484.000000,0.000000,0.001101,-0.000049,-0.000016,0.000151,0.000239,0.000015,
0.040000,24.834400,24.834400,0.000000,24.836256,24.836256,0.000000,13.800000,0.000000,0.716000,-0.000149,-0.000029,0.015528,0.000011,-0.000106,0.000736,0.007890,484.100000,0.000000,0.001133,-0.000012,0.000076,-0.000136,-0.000152,0.000016,
0.040000,24.834496,24.834496,0.000000,24.836327,24.836327,0.000000,13.900000,0.000000,0.659200,0.000005,0.000013,0.015258,-0.000044,-0.000115,-0.000177,0.008723,484.200000,0.000000,0.001182,0.000004,0.000196,-0.000222,-0.000697,0.000083,
0.040000,24.834605,24.834605,0.000000,24.836678,24.836678,0.000000,14.000000,0.000000,0.588800,-0.000004,0.000002,0.015300,0.000160,-0.000101,-0.000094,0.006385,484.300000,0.000000,0.001106,-0.000006,0.000013,0.000169,0.000666,-0.000024,
0.040000,24.834712,24.834712,0.000000,24.836740,24.836740,0.000000,14.100000,0.000000,0.705200,0.000030,0.000002,0.015188,0.000062,-0.000119,-0.000247,0.005719,484.400000,0.000000,0.001092,0.000034,0.000029,-0.000002,0.000200,0.000079,
0.040000,24.834811,24.834811,0.000000,24.836689,24.836689,0.000000,14.200000,0.000000,0.663200,-0.000049,0.000007,0.015822,0.000050,-0.000116,0.000168,0.008707,484.500000,0.000000,0.001049,0.000014,-0.000001,-0.000001,0.000283,-0.000081,
0.040000,24.834910,24.834910,0.000000,24.836794,24.836794,0.000000,14.300000,0.000000,0.738800,-0.000031,0.000014,0.015695,0.000042,-0.000126,0.000084,0.007050,484.600000,0.000000,0.001153,0.000011,0.000080,0.000030,-0.000380,-0.000013,
0.040000,24.835002,24.835002,0.000000,24.836746,24.836746,0.000000,14.400000,0.000000,0.743200,-0.000024,0.000005,0.015860,0.000136,-0.000111,0.000038,0.006425,484.700000,0.000000,0.001105,0.000009,0.000062,0.000055,-0.000035,-0.000067,
0.040000,24.835100,24.835100,0.000000,24.836977,24.836977,0.000000,14.500000,0.000000,0.749600,-0.000044,-0.000001,0.015945,0.000102,-0.000116,0.000188,0.006653,484.800000,0.000000,0.001116,0.000028,0.000052,-0.000031,0.000034,0.000067,
0.040000,24.835191,24.835191,0.000000,24.836916,24.836916,0.000000,14.600000,0.000000,0.658800,-0.000026,0.000019,0.016060,0.000107,-0.000112,0.000101,0.007293,484.900000,0.000000,0.001111,0.000020,0.000080,-0.000054,-0.000116,-0.000008,
0.040000,24.835287,24.835287,0.000000,24.837107,24.837107,0.000000,14.700000,0.000000,0.713200,-0.000028,0.000031,0.016267,0.000091,-0.000113,0.000048,0.006113,485.000000,0.000000,0.001112,0.000021,0.000062,0.000106,0.000068,0.000021,
0.040000,24.835377,24.835377,1.000000,24.837095,24.837095,0.000000,14.800000,1.000000,0.704800,-0.000091,-0.000008,0.016536,0.000097,-0.000111,0.000338,0.008344,485.100000,0.000000,0.001130,0.000018,0.000050,0.000111,0.000017,0.000007,
0.040000,24.835478,24.835478,0.000000,24.837391,24.837391,0.000000,14.900000,0.000000,0.654000,-0.000095,-0.000044,0.016596,0.000164,-0.000109,0.000364,0.006862,485.200000,0.000000,0.001161,0.000018,0.000106,-0.000197,-0.000386,0.000010,
0.040000,24.835579,24.835579,0.000000,24.837492,24.837492,0.000000,15.000000,0.000000,0.778400,-0.000065,-0.000014,0.016720,-0.000073,-0.000122,0.000326,0.008592,485.300000,0.000000,0.001150,0.000031,0.000109,-0.000294,-0.000170,0.000016,
0.040000,24.835678,24.835678,0.000000,24.837555,24.837555,0.000000,15.100000,0.000000,0.652000,-0.000040,-0.000009,0.016670,-0.000005,-0.000116,0.000160,0.006677,485.400000,0.000000,0.001152,-0.000016,0.000099,0.000071,0.000118,-0.000069,
0.040000,24.835786,24.835786,0.000000,24.837847,24.837847,0.000000,15.300000,0.000000,0.712000,-0.000057,0.000013,0.017070,-0.000037,-0.000133,0.000236,0.006157,485.600000,0.000000,0.001119,-0.000002,0.000065,0.000060,0.000202,0.000010,
0.040000,24.835872,24.835872,1.000000,24.837509,24.837509,0.000000,15.400000,1.000000,0.691600,-0.000048,0.000001,0.017022,-0.000142,-0.000142,0.000170,0.007212,485.700000,0.000000,0.001176,-0.000009,0.000078,0.000158,-0.000027,-0.000101,
0.040000,24.835982,24.835982,0.000000,24.838070,24.838070,0.000000,15.500000,0.000000,0.716400,-0.000115,-0.000036,0.017341,0.000140,-0.000119,0.000517,0.006682,485.800000,0.000000,0.001065,-0.000049,0.000046,-0.000051,0.000040,-0.000052,
0.040000,24.836093,24.836093,0.000000,24.838202,24.838202,0.000000,15.600000,0.000000,0.663200,-0.000046,0.000030,0.017362,0.000074,-0.000139,0.000214,0.005939,485.900000,0.000000,0.001107,0.000007,0.000114,-0.000228,-0.000354,0.000106,
0.040000,24.836190,24.836190,0.000000,24.838028,24.838028,0.000000,15.700000,0.000000,0.683600,-0.000065,-0.000006,0.017472,0.000064,-0.000132,0.000259,0.006183,486.000000,0.000000,0.001089,-0.000006,0.000052,0.000316,0.000282,-0.000080,
0.040000,24.836292,24.836292,0.000000,24.838232,24.838232,0.000000,15.800000,0.000000,0.706400,-0.000091,-0.000022,0.017435,-0.000025,-0.000136,0.000481,0.007546,486.100000,0.000000,0.001089,-0.000008,0.000060,-0.000102,-0.000007,0.000016,
0.040000,24.836401,24.836401,0.000000,24.838474,24.838474,0.000000,15.900000,0.000000,0.680800,-0.000038,0.000003,0.017613,0.000100,-0.000125,0.000141,0.006476,486.200000,0.000000,0.001061,-0.000025,0.000102,-0.000141,-0.000165,-0.000024,
0.040000,24.836509,24.836509,0.000000,24.838556,24.838556,0.000000,16.000000,0.000000,0.734400,-0.000069,-0.000004,0.017662,0.000003,-0.000139,0.000316,0.007446,486.300000,0.000000,0.001075,-0.000000,0.000033,0.000102,0.000265,0.000063,
0.040000,24.836598,24.836598,0.000000,24.838301,24.838301,0.000000,16.100000,0.000000,0.706400,-0.000027,-0.000008,0.017759,0.000001,-0.000134,0.000144,0.007431,486.400000,0.000000,0.001063,-0.000019,0.000067,-0.000002,-0.000088,-0.000061,
0.040000,24.836705,24.836705,0.000000,24.838730,24.838730,0.000000,16.200000,0.000000,0.693600,-0.000030,0.000005,0.017847,0.000017,-0.000136,0.000113,0.005987,486.500000,0.000000,0.001062,-0.000019,0.000032,-0.000027,0.000225,0.000004,
0.040000,24.836791,24.836791,0.000000,24.838427,24.838427,0.000000,16.300000,0.000000,0.686000,-0.000044,0.000014,0.018013,0.000024,-0.000139,0.000198,0.007476,486.600000,0.000000,0.001058,-0.000016,0.000025,0.000067,0.000069,-0.000011,
0.040000,24.836894,24.836894,0.000000,24.838854,24.838854,0.000000,16.400000,0.000000,0.730800,-0.000024,0.000015,0.017914,0.000130,-0.000128,0.000057,0.006532,486.700000,0.000000,0.001070,-0.000014,0.000042,0.000084,-0.000061,-0.000023,
0.040000,24.836996,24.836996,0.000000,24.838940,24.838940,0.000000,16.600000,0.000000,0.745200,-0.000035,0.000004,0.018291,-0.000019,-0.000143,0.000113,0.006632,486.900000,0.000000,0.001029,0.000007,0.000013,0.000040,0.000096,0.000061,
0.040000,24.837086,24.837086,0.000000,24.838783,24.838783,0.000000,16.700000,0.000000,0.679600,-0.000036,-0.000008,0.018338,-0.000007,-0.000137,0.000106,0.006315,487.000000,0.000000,0.001083,-0.000022,0.000024,-0.000053,-0.000027,-0.000071,
0.040000,24.837185,24.837185,0.000000,24.839073,24.839073,0.000000,16.800000,0.000000,0.677600,-0.000080,-0.000040,0.018673,-0.000104,-0.000144,0.000334,0.006445,487.100000,0.000000,0.001017,-0.000016,0.000019,-0.000059,-0.000009,0.000026,
0.040000,24.837267,24.837267,0.000000,24.838825,24.838825,0.000000,16.900000,0.000000,0.699600,-0.000031,0.000003,0.018779,-0.000043,-0.000147,0.000040,0.005903,487.200000,0.000000,0.001062,-0.000035,0.000063,-0.000206,-0.000244,-0.000028,
0.040000,24.837356,24.837356,0.000000,24.839050,24.839050,0.000000,17.000000,0.000000,0.714800,-0.000044,0.000005,0.019016,-0.000120,-0.000146,0.000143,0.007398,487.300000,0.000000,0.001062,-0.000022,0.000004,0.000179,0.000202,-0.000027,
0.040000,24.837445,24.837445,0.000000,24.839132,24.839132,0.000000,17.100000,0.000000,0.663600,0.000025,0.000015,0.018768,0.000044,-0.000142,-0.000259,0.006274,487.400000,0.000000,0.001088,-0.000037,0.000024,0.000083,-0.000007,-0.000009,
0.040000,24.837532,24.837532,0.000000,24.839174,24.839174,0.000000,17.200000,0.000000,0.674400,0.000013,0.000005,0.018828,0.000070,-0.000142,-0.000211,0.008584,487.500000,0.000000,0.001018,-0.000004,-0.000055,0.000094,0.000428,0.000022,
0.040000,24.837631,24.837631,0.000000,24.839514,24.839514,0.000000,17.300000,0.000000,0.677200,-0.000001,0.000017,0.019056,0.000159,-0.000146,-0.000128,0.006702,487.600000,0.000000,0.001010,0.000001,-0.000044,-0.000026,0.000088,0.000008,
0.040000,24.837730,24.837730,0.000000,24.839613,24.839613,0.000000,17.400000,0.000000,0.704800,-0.000010,-0.000004,0.019207,0.000084,-0.000140,-0.000093,0.007662,487.700000,0.000000,0.001035,0.000019,-0.000027,0.000064,-0.000054,-0.000019,
0.040000,24.837827,24.837827,0.000000,24.839676,24.839676,0.000000,17.500000,0.000000,0.687200,-0.000060,0.000017,0.019439,0.000235,-0.000129,0.000260,0.006494,487.800000,0.000000,0.001044,0.000004,-0.000020,-0.000103,-0.000078,0.000032,
0.040000,24.837925,24.837925,0.000000,24.839775,24.839775,0.000000,17.600000,0.000000,0.685200,-0.000023,-0.000001,0.019410,-0.000015,-0.000148,0.000064,0.007355,487.900000,0.000000,0.001069,0.000034,0.000050,0.000085,-0.000337,0.000076,
0.040000,24.838020,24.838020,0.000000,24.839844,24.839844,0.000000,17.700000,0.000000,0.686000,-0.000036,0.000008,0.019557,-0.000017,-0.000147,0.000068,0.007842,488.000000,0.000000,0.001043,-0.000016,0.000010,-0.000077,0.000103,-0.000084,
0.040000,24.838123,24.838123,0.000000,24.840069,24.840069,0.000000,17.800000,0.000000,0.682800,-0.000033,-0.000013,0.019630,-0.000133,-0.000156,0.000093,0.006746,488.100000,0.000000,0.001051,-0.000016,0.000011,0.000027,-0.000043,-0.000030,
0.040000,24.838225,24.838225,1.000000,24.840162,24.840162,0.000000,17.900000,1.000000,0.685200,-0.000059,-0.000009,0.019771,-0.000157,-0.000158,0.000311,0.006556,488.200000,0.000000,0.001044,-0.000039,0.000016,-0.000121,-0.000001,-0.000064,
0.040000,24.838328,24.838328,0.000000,24.840286,24.840286,0.000000,18.000000,0.000000,0.693200,-0.000131,-0.000056,0.020157,-0.000136,-0.000161,0.000627,0.006943,488.300000,0.000000,0.001052,-0.000043,0.000058,-0.000021,-0.000161,-0.000036,
0.040000,24.838418,24.838418,0.000000,24.840132,24.840132,0.000000,18.100000,0.000000,0.676000,-0.000026,0.000011,0.020060,-0.000174,-0.000163,0.000043,0.006475,488.400000,0.000000,0.001107,-0.000038,0.000119,-0.000297,-0.000503,-0.000037,
0.040000,24.838488,24.838488,0.000000,24.839825,24.839825,0.000000,18.200000,0.000000,0.664400,-0.000063,-0.000012,0.020139,0.000234,-0.000138,0.000247,0.008274,488.500000,0.000000,0.001066,-0.000045,0.000002,0.000303,0.000459,-0.000022,
0.040000,24.838591,24.838591,0.000000,24.840548,24.840548,0.000000,18.300000,0.000000,0.735200,-0.000047,0.000013,0.020359,-0.000008,-0.000156,0.000207,0.006565,488.600000,0.000000,0.001061,0.000037,0.000042,-0.000025,-0.000058,0.000146,
0.040000,24.838688,24.838688,0.000000,24.840532,24.840532,0.000000,18.400000,0.000000,0.700000,-0.000059,-0.000001,0.020339,0.000068,-0.000158,0.000332,0.007176,488.700000,0.000000,0.001083,-0.000012,0.000033,0.000139,0.000077,-0.000060,
0.040000,24.838774,24.838774,0.000000,24.840397,24.840397,0.000000,18.500000,0.000000,0.654400,-0.000050,0.000017,0.020521,-0.000057,-0.000163,0.000210,0.006485,488.800000,0.000000,0.001058,0.000003,0.000057,-0.000032,-0.000042,-0.000035,
0.040000,24.838869,24.838869,0.000000,24.840683,24.840683,0.000000,18.600000,0.000000,0.698800,-0.000031,0.000016,0.020767,-0.000050,-0.000167,0.000108,0.006148,488.900000,0.000000,0.001073,-0.000021,0.000032,0.000101,0.000037,-0.000042,
0.040000,24.838963,24.838963,0.000000,24.840734,24.840734,0.000000,18.700000,0.000000,0.730000,-0.000035,0.000007,0.020526,0.000176,-0.000157,0.000148,0.006670,489.000000,0.000000,0.001100,-0.000020,0.000011,0.000033,0.000131,-0.000043,
0.040000,24.839056,24.839056,0.000000,24.840837,24.840837,0.000000,18.800000,0.000000,0.683600,-0.000032,0.000022,0.020770,0.000046,-0.000157,0.000086,0.007141,489.100000,0.000000,0.001031,0.000025,0.000019,-0.000046,0.000029,0.000050,
0.040000,24.839150,24.839150,0.000000,24.840939,24.840939,0.000000,18.900000,0.000000,0.711200,-0.000067,0.000003,0.020798,0.000014,-0.000160,0.000285,0.006758,489.200000,0.000000,0.001059,-0.000001,0.000007,0.000074,0.000028,0.000018,
0.040000,24.839239,24.839239,0.000000,24.840916,24.840916,0.000000,19.000000,0.000000,0.634000,0.000006,0.000003,0.020823,0.000033,-0.000157,-0.000172,0.005999,489.300000,0.000000,0.001043,-0.000007,0.000046,-0.000086,-0.000208,-0.000012,
0.040000,24.839315,24.839315,0.000000,24.840767,24.840767,0.000000,19.100000,0.000000,0.719600,-0.000068,0.000008,0.021152,0.000156,-0.000151,0.000288,0.006107,489.400000,0.000000,0.001028,-0.000003,-0.000045,-0.000034,0.000374,0.000012,
0.040000,24.839403,24.839403,1.000000,24.841068,24.841068,0.000000,19.200000,1.000000,0.708400,-0.000059,0.000010,0.021398,0.000031,-0.000158,0.000160,0.006507,489.500000,0.000000,0.001072,0.000021,0.000046,0.000018,-0.000311,0.000041,
0.040000,24.839503,24.839503,1.000000,24.841410,24.841410,0.000000,19.300000,1.000000,0.654400,-0.000109,0.000002,0.021519,-0.000070,-0.000164,0.000521,0.007008,489.600000,0.000000,0.001100,-0.000004,0.000020,0.000021,-0.000065,-0.000025,
0.040000,24.839579,24.839579,0.000000,24.841019,24.841019,0.000000,19.400000,0.000000,0.666000,-0.000110,0.000005,0.021675,0.000040,-0.000162,0.000522,0.007432,489.700000,0.000000,0.001102,-0.000024,0.000091,-0.000043,-0.000333,-0.000047,
0.040000,24.839656,24.839656,0.000000,24.841118,24.841118,0.000000,19.500000,0.000000,0.734800,-0.000048,-0.000007,0.021537,-0.000134,-0.000181,0.000230,0.009269,489.800000,0.000000,0.001111,-0.000002,0.000089,0.000003,-0.000133,-0.000005,
0.040000,24.839749,24.839749,1.000000,24.841518,24.841518,0.000000,19.600000,1.000000,0.668000,-0.000087,0.000015,0.021890,0.000040,-0.000167,0.000424,0.006409,489.900000,0.000000,0.001062,-0.000036,0.000030,-0.000071,0.000331,-0.000118,
0.040000,24.839842,24.839842,0.000000,24.841616,24.841616,0.000000,19.700000,0.000000,0.748400,-0.000127,0.000017,0.022098,0.000110,-0.000161,0.000514,0.007021,490.000000,0.000000,0.001111,-0.000001,0.000068,0.000106,-0.000119,0.000038,
0.040000,24.839936,24.839936,0.000000,24.841715,24.841715,0.000000,19.800000,0.000000,0.682800,-0.000077,0.000004,0.022005,-0.000147,-0.000188,0.000386,0.007023,490.100000,0.000000,0.001130,0.000013,0.000084,0.000051,-0.000288,0.000052,
0.040000,24.840024,24.840024,1.000000,24.841694,24.841694,0.000000,19.900000,1.000000,0.704800,-0.000077,0.000001,0.022137,-0.000090,-0.000173,0.000409,0.006394,490.200000,0.000000,0.001089,-0.000038,0.000057,-0.000060,0.000196,-0.000146,
0.040000,24.840111,24.840111,0.000000,24.841759,24.841759,0.000000,20.000000,0.000000,0.702000,-0.000114,-0.000008,0.022106,-0.000085,-0.000167,0.000649,0.007887,490.300000,0.000000,0.001094,-0.000026,0.000061,-0.000042,0.000075,0.000035,
0.040000,24.840211,24.840211,1.000000,24.842119,24.842119,0.000000,20.100000,1.000000,0.664400,-0.000072,0.000028,0.022231,0.000081,-0.000168,0.000315,0.007357,490.400000,0.000000,0.001066,-0.000024,0.000107,-0.000073,-0.000199,0.000049,
0.040000,24.840310,24.840310,1.000000,24.842196,24.842196,0.000000,20.200000,1.000000,0.670400,-0.000174,0.000010,0.022658,-0.000041,-0.000172,0.000813,0.008849,490.500000,0.000000,0.001069,0.000009,0.000039,0.000200,0.000184,0.000016,
0.040000,24.840391,24.840391,0.000000,24.841925,24.841925,0.000000,20.300000,0.000000,0.632000,-0.000106,0.000019,0.022649,0.000140,-0.000165,0.000456,0.007105,490.600000,0.000000,0.001133,-0.000015,0.000136,-0.000036,-0.000559,-0.000019,
0.040000,24.840474,24.840474,0.000000,24.842043,24.842043,0.000000,20.400000,0.000000,0.720400,-0.000068,0.000010,0.022559,-0.000175,-0.000183,0.000371,0.005784,490.700000,0.000000,0.001108,0.000021,0.000063,0.000038,0.000209,0.000038,
0.040000,24.840547,24.840547,1.000000,24.841940,24.841940,0.000000,20.500000,1.000000,0.671600,-0.000086,0.000012,0.022551,0.000123,-0.000162,0.000496,0.006556,490.800000,0.000000,0.001069,-0.000042,0.000045,-0.000036,0.000310,-0.000098,
0.040000,24.840638,24.840638,1.000000,24.842379,24.842379,0.000000,20.600000,1.000000,0.721200,-0.000126,0.000012,0.022786,0.000072,-0.000173,0.000728,0.007512,490.900000,0.000000,0.001046,0.000018,0.000069,-0.000004,0.000011,0.000090,
0.040000,24.840723,24.840723,0.000000,24.842321,24.842321,0.000000,20.700000,0.000000,0.672800,-0.000102,0.000008,0.022865,0.000124,-0.000163,0.000479,0.007643,491.000000,0.000000,0.001072,0.000007,0.000113,-0.000002,-0.000244,-0.000030,
0.040000,24.840819,24.840819,0.000000,24.842649,24.842649,0.000000,20.800000,0.000000,0.695600,-0.000070,0.000005,0.023110,0.000044,-0.000175,0.000358,0.006712,491.100000,0.000000,0.001066,0.000017,0.000062,-0.000022,0.000056,0.000051,
0.040000,24.840917,24.840917,0.000000,24.842781,24.842781,0.000000,20.900000,0.000000,0.716000,-0.000060,0.000011,0.022994,-0.000010,-0.000185,0.000321,0.005918,491.200000,0.000000,0.001094,0.000001,0.000037,-0.000029,0.000216,-0.000059,
0.040000,24.840990,24.840990,0.000000,24.842382,24.842382,0.000000,21.000000,0.000000,0.659600,-0.000064,0.000007,0.023168,-0.000173,-0.000189,0.000261,0.005893,491.300000,0.000000,0.001049,-0.000009,0.000029,0.000026,0.000144,-0.000080,
0.040000,24.841083,24.841083,0.000000,24.842850,24.842850,0.000000,21.100000,0.000000,0.725600,-0.000067,-0.000002,0.023239,-0.000085,-0.000196,0.000369,0.007205,491.400000,0.000000,0.001063,-0.000042,0.000016,-0.000017,0.000028,-0.000056,
0.040000,24.841173,24.841173,0.000000,24.842882,24.842882,0.000000,21.200000,0.000000,0.691600,-0.000084,0.000020,0.023496,0.000033,-0.000176,0.000402,0.006396,491.500000,0.000000,0.001056,-0.000023,0.000037,-0.000058,-0.000003,-0.000066,
0.040000,24.841254,24.841254,0.000000,24.842785,24.842785,0.000000,21.300000,0.000000,0.690800,-0.000044,0.000016,0.023487,0.000109,-0.000180,0.000219,0.006368,491.600000,0.000000,0.001086,0.000000,0.000043,0.000113,-0.000108,0.000098,
0.040000,24.841345,24.841345,0.000000,24.843075,24.843075,0.000000,21.400000,0.000000,0.691200,-0.000055,0.000000,0.023618,0.000119,-0.000179,0.000245,0.008200,491.700000,0.000000,0.001063,0.000016,0.000006,0.000016,0.000203,0.000014,
0.040000,24.841434,24.841434,0.000000,24.843119,24.843119,0.000000,21.500000,0.000000,0.689600,-0.000093,-0.000004,0.023756,-0.000116,-0.000190,0.000374,0.006629,491.800000,0.000000,0.001067,0.000017,0.000011,-0.000090,0.000014,0.000012,
0.040000,24.841498,24.841498,0.000000,24.842722,24.842722,0.000000,21.700000,0.000000,0.660400,-0.000036,0.000029,0.023719,0.000080,-0.000171,0.000161,0.006489,492.000000,0.000000,0.001074,-0.000029,0.000036,-0.000061,-0.000230,-0.000063,
0.040000,24.841601,24.841601,0.000000,24.843557,24.843557,0.000000,21.800000,0.000000,0.745600,-0.000059,-0.000002,0.023836,0.000030,-0.000195,0.000297,0.008234,492.100000,0.000000,0.001045,0.000010,-0.000007,0.000179,0.000264,0.000089,
0.040000,24.841701,24.841701,0.000000,24.843603,24.843603,0.000000,21.900000,0.000000,0.664400,-0.000015,-0.000004,0.024020,-0.000032,-0.000207,0.000016,0.006529,492.200000,0.000000,0.001009,-0.000010,0.000047,-0.000138,-0.000094,-0.000106,
0.040000,24.841813,24.841813,0.000000,24.843939,24.843939,0.000000,22.000000,0.000000,0.705600,-0.000013,0.000040,0.024246,-0.000106,-0.000214,0.000072,0.007003,492.300000,0.000000,0.001025,-0.000023,-0.000009,-0.000071,0.000199,-0.000117,
0.040000,24.841898,24.841898,0.000000,24.843521,24.843521,0.000000,22.100000,0.000000,0.662400,-0.000058,0.000041,0.024233,-0.000096,-0.000202,0.000301,0.006732,492.400000,0.000000,0.001050,-0.000037,0.000002,0.000241,0.000093,-0.000086,
0.040000,24.842001,24.842001,0.000000,24.843960,24.843960,0.000000,22.200000,0.000000,0.671600,-0.000040,0.000001,0.024563,-0.000184,-0.000218,0.000255,0.006634,492.500000,0.000000,0.001026,-0.000034,0.000048,0.000101,-0.000241,0.000041,
0.040000,24.842087,24.842087,0.000000,24.843710,24.843710,0.000000,22.300000,0.000000,0.732000,-0.000056,0.000025,0.024445,0.000018,-0.000199,0.000327,0.006271,492.600000,0.000000,0.001071,-0.000051,0.000038,-0.000215,0.000014,-0.000084,
0.040000,24.842183,24.842183,0.000000,24.844011,24.844011,0.000000,22.400000,0.000000,0.730400,-0.000040,0.000022,0.024659,-0.000008,-0.000195,0.000258,0.006699,492.700000,0.000000,0.001027,-0.000010,0.000051,0.000071,-0.000090,0.000084,
0.040000,24.842257,24.842257,0.000000,24.843655,24.843655,0.000000,22.500000,0.000000,0.683600,-0.000084,0.000004,0.024708,0.000197,-0.000176,0.000428,0.007313,492.800000,0.000000,0.001049,-0.000015,0.000036,0.000004,0.000060,0.000060,
0.040000,24.842347,24.842347,0.000000,24.844063,24.844063,0.000000,22.600000,0.000000,0.689200,-0.000010,0.000021,0.024865,0.000049,-0.000188,0.000022,0.007705,492.900000,0.000000,0.001038,0.000026,0.000069,-0.000106,-0.000249,0.000140,
0.040000,24.842429,24.842429,0.000000,24.843979,24.843979,0.000000,22.700000,0.000000,0.698000,-0.000063,0.000011,0.025143,0.000015,-0.000191,0.000284,0.005807,493.000000,0.000000,0.001048,-0.000004,-0.000012,0.000066,0.000367,-0.000025,
0.040000,24.842526,24.842526,0.000000,24.844387,24.844387,0.000000,22.800000,0.000000,0.714400,-0.000049,0.000039,0.025289,-0.000027,-0.000204,0.000189,0.007156,493.100000,0.000000,0.001082,-0.000010,0.000040,-0.000038,-0.000191,-0.000027,
0.040000,24.842624,24.842624,0.000000,24.844473,24.844473,0.000000,22.900000,0.000000,0.674000,-0.000007,-0.000005,0.025183,-0.000102,-0.000209,-0.000065,0.007486,493.200000,0.000000,0.001090,-0.000018,0.000020,0.000158,0.000017,-0.000088,
0.040000,24.842718,24.842718,0.000000,24.844511,24.844511,0.000000,23.000000,0.000000,0.702400,-0.000018,-0.000017,0.025433,0.000092,-0.000187,-0.000065,0.006622,493.300000,0.000000,0.001047,-0.000033,-0.000030,-0.000214,0.000262,-0.000062,
0.040000,24.842807,24.842807,0.000000,24.844486,24.844486,0.000000,23.100000,0.000000,0.706800,-0.000029,0.000014,0.025520,0.000054,-0.000195,0.000116,0.006107,493.400000,0.000000,0.001076,0.000006,-0.000030,-0.000154,0.000036,0.000109,
0.040000,24.842890,24.842890,0.000000,24.844469,24.844469,0.000000,23.200000,0.000000,0.678400,0.000027,-0.000004,0.025306,0.000066,-0.000196,-0.000210,0.006272,493.500000,0.000000,0.001072,-0.000001,0.000007,0.000131,-0.000053,-0.000006,
0.040000,24.842987,24.842987,0.000000,24.844835,24.844835,0.000000,23.300000,0.000000,0.684000,0.000001,-0.000006,0.025439,-0.000047,-0.000194,-0.000059,0.005824,493.600000,0.000000,0.001009,0.000001,-0.000058,-0.000058,0.000323,-0.000013,
0.040000,24.843080,24.843080,0.000000,24.844856,24.844856,0.000000,23.400000,0.000000,0.707600,0.000010,-0.000010,0.025557,0.000015,-0.000193,-0.000248,0.006917,493.700000,0.000000,0.001015,-0.000021,-0.000027,-0.000034,-0.000038,0.000010,
0.040000,24.843175,24.843175,0.000000,24.844963,24.844963,0.000000,23.500000,0.000000,0.710400,0.000003,-0.000018,0.025665,-0.000038,-0.000195,-0.000271,0.007268,493.800000,0.000000,0.001018,-0.000009,-0.000064,-0.000043,0.000045,0.000012,
0.040000,24.843255,24.843255,0.000000,24.844780,24.844780,0.000000,23.600000,0.000000,0.721200,0.000002,-0.000018,0.025713,0.000059,-0.000190,-0.000127,0.007449,493.900000,0.000000,0.001019,-0.000019,-0.000067,-0.000063,-0.000028,-0.000009,
0.040000,24.843337,24.843337,0.000000,24.844889,24.844889,0.000000,23.700000,0.000000,0.695200,-0.000011,-0.000015,0.026068,0.000113,-0.000185,-0.000071,0.006923,494.000000,0.000000,0.001009,0.000001,-0.000037,-0.000022,-0.000015,0.000024,
0.040000,24.843432,24.843432,0.000000,24.845242,24.845242,0.000000,23.800000,0.000000,0.691200,-0.000032,-0.000015,0.026290,-0.000176,-0.000219,0.000076,0.006572,494.100000,0.000000,0.001059,0.000011,-0.000025,0.000011,-0.000088,0.000042,
0.040000,24.843508,24.843508,0.000000,24.844952,24.844952,0.000000,23.900000,0.000000,0.695600,-0.000023,-0.000005,0.026164,0.000094,-0.000193,0.000027,0.006505,494.200000,0.000000,0.001082,-0.000046,0.000004,0.000003,-0.000166,-0.000191,
0.040000,24.843604,24.843604,0.000000,24.845442,24.845442,0.000000,24.000000,0.000000,0.683600,0.000029,-0.000011,0.026205,0.000002,-0.000213,-0.000240,0.010949,494.300000,0.000000,0.001036,0.000008,-0.000006,0.000062,-0.000005,0.000085,
0.040000,24.843691,24.843691,0.000000,24.845333,24.845333,0.000000,24.100000,0.000000,0.697600,-0.000064,0.000028,0.026600,-0.000102,-0.000214,0.000385,0.006169,494.400000,0.000000,0.001023,-0.000010,-0.000058,-0.000012,0.000319,-0.000093,
0.040000,24.843775,24.843775,0.000000,24.845381,24.845381,0.000000,24.200000,0.000000,0.720000,-0.000052,-0.000012,0.026728,0.000008,-0.000201,0.000349,0.007994,494.500000,0.000000,0.001081,-0.000030,0.000066,0.000232,-0.000453,-0.000042,
0.040000,24.843868,24.843868,0.000000,24.845619,24.845619,0.000000,24.300000,0.000000,0.722400,-0.000007,-0.000002,0.026725,0.000192,-0.000186,-0.000203,0.006850,494.600000,0.000000,0.001085,-0.000008,0.000058,-0.000156,-0.000096,0.000066,
0.040000,24.843955,24.843955,0.000000,24.845608,24.845608,0.000000,24.400000,0.000000,0.709200,-0.000043,0.000012,0.026780,-0.000040,-0.000213,0.000190,0.006478,494.700000,0.000000,0.001063,0.000028,-0.000052,0.000005,0.000237,0.000117,
0.040000,24.844049,24.844049,0.000000,24.845837,24.845837,0.000000,24.500000,0.000000,0.710400,-0.000045,0.000034,0.027188,0.000035,-0.000208,0.000193,0.006530,494.800000,0.000000,0.001053,-0.000018,0.000026,0.000083,-0.000128,-0.000121,
0.040000,24.844140,24.844140,0.000000,24.845884,24.845884,0.000000,24.600000,0.000000,0.672000,-0.000060,0.000010,0.027166,-0.000102,-0.000214,0.000254,0.005904,494.900000,0.000000,0.001113,-0.000003,0.000026,0.000171,-0.000062,-0.000017,
0.040000,24.844231,24.844231,0.000000,24.845945,24.845945,0.000000,24.800000,0.000000,0.700000,-0.000044,0.000013,0.027076,-0.000169,-0.000218,0.000272,0.005825,495.100000,0.000000,0.001086,-0.000030,0.000038,-0.000083,-0.000119,-0.000040,
0.040000,24.844329,24.844329,0.000000,24.846201,24.846201,0.000000,24.900000,0.000000,0.720800,-0.000022,-0.000003,0.027364,0.000084,-0.000214,0.000055,0.006928,495.200000,0.000000,0.001047,-0.000042,0.000041,-0.000013,0.000055,-0.000039,
0.040000,24.844435,24.844435,0.000000,24.846437,24.846437,0.000000,25.000000,0.000000,0.739200,-0.000017,0.000010,0.027648,0.000070,-0.000220,0.000063,0.008085,495.300000,0.000000,0.001078,0.000060,-0.000048,-0.000079,0.000107,0.000016,
0.040000,24.844516,24.844516,0.000000,24.846058,24.846058,0.000000,25.100000,0.000000,0.712800,-0.000049,0.000015,0.027399,0.000029,-0.000223,0.000173,0.006886,495.400000,0.000000,0.001113,0.000056,-0.000045,0.000038,0.000076,-0.000029,
0.040000,24.844621,24.844621,0.000000,24.846611,24.846611,0.000000,25.200000,0.000000,0.709600,-0.000062,0.000003,0.027918,-0.000071,-0.000225,0.000320,0.008738,495.500000,0.000000,0.001042,0.000047,-0.000023,0.000048,-0.000163,-0.000028,
0.040000,24.844701,24.844701,0.000000,24.846222,24.846222,0.000000,25.300000,0.000000,0.710000,-0.000083,0.000009,0.027850,-0.000210,-0.000225,0.000387,0.008250,495.600000,0.000000,0.001123,0.000027,0.000006,-0.000058,-0.000145,-0.000022,
0.040000,24.844791,24.844791,0.000000,24.846502,24.846502,0.000000,25.400000,0.000000,0.685200,-0.000085,0.000002,0.027940,0.000158,-0.000195,0.000480,0.006474,495.700000,0.000000,0.001088,-0.000001,0.000020,0.000017,-0.000186,-0.000008,
0.040000,24.844866,24.844866,0.000000,24.846287,24.846287,0.000000,25.500000,0.000000,0.659600,-0.000044,0.000029,0.028041,-0.000087,-0.000214,0.000225,0.007298,495.800000,0.000000,0.001084,0.000071,0.000038,-0.000038,-0.000082,0.000182,
0.040000,24.844950,24.844950,0.000000,24.846563,24.846563,0.000000,25.600000,0.000000,0.697600,-0.000043,0.000018,0.027898,-0.000425,-0.000241,0.000247,0.006247,495.900000,0.000000,0.001083,0.000021,-0.000013,0.000149,0.000224,-0.000049,
0.040000,24.845042,24.845042,0.000000,24.846783,24.846783,0.000000,25.700000,0.000000,0.695600,-0.000075,-0.000017,0.028438,0.000063,-0.000202,0.000363,0.007473,496.000000,0.000000,0.001033,-0.000046,-0.000009,-0.000008,0.000088,-0.000185,
0.040000,24.845124,24.845124,1.000000,24.846676,24.846676,0.000000,25.900000,1.000000,0.708000,-0.000089,0.000008,0.028385,-0.000170,-0.000220,0.000381,0.006398,496.200000,0.000000,0.001119,0.000052,0.000014,-0.000220,-0.000165,0.000172,
0.040000,24.845209,24.845209,0.000000,24.846836,24.846836,0.000000,26.000000,0.000000,0.708000,-0.000124,-0.000007,0.028597,0.000107,-0.000201,0.000452,0.007584,496.300000,0.000000,0.001087,0.000005,0.000017,0.000072,-0.000148,-0.000045,
0.040000,24.845294,24.845294,0.000000,24.846907,24.846907,0.000000,26.100000,0.000000,0.692400,-0.000087,0.000018,0.028554,-0.000037,-0.000224,0.000366,0.007293,496.400000,0.000000,0.001085,0.000113,0.000044,-0.000067,-0.000173,0.000087,
0.040000,24.845380,24.845380,0.000000,24.847015,24.847015,0.000000,26.200000,0.000000,0.680400,-0.000074,0.000030,0.028908,0.000004,-0.000228,0.000409,0.006334,496.500000,0.000000,0.001055,0.000083,0.000026,0.000105,0.000127,-0.000089,
0.040000,24.845469,24.845469,0.000000,24.847155,24.847155,0.000000,26.300000,0.000000,0.691600,-0.000066,0.000026,0.029155,-0.000072,-0.000224,0.000401,0.006160,496.600000,0.000000,0.001104,0.000089,0.000034,0.000117,0.000128,-0.000062,
0.040000,24.845566,24.845566,0.000000,24.847404,24.847404,0.000000,26.400000,0.000000,0.692400,-0.000043,0.000007,0.029227,-0.000137,-0.000239,0.000137,0.006818,496.700000,0.000000,0.001131,0.000072,0.000032,0.000020,0.000098,0.000004,
0.040000,24.845664,24.845664,0.000000,24.847523,24.847523,0.000000,26.500000,0.000000,0.702400,-0.000060,0.000009,0.029340,-0.000147,-0.000235,0.000271,0.009179,496.800000,0.000000,0.001122,0.000058,-0.000021,-0.000114,0.000184,-0.000091,
0.040000,24.845746,24.845746,0.000000,24.847311,24.847311,0.000000,26.600000,0.000000,0.718400,-0.000027,0.000044,0.029307,-0.000103,-0.000244,0.000095,0.006446,496.900000,0.000000,0.001123,0.000055,0.000006,-0.000030,-0.000037,-0.000010,
0.040000,24.845827,24.845827,0.000000,24.847359,24.847359,0.000000,26.700000,0.000000,0.687600,-0.000082,-0.000020,0.029449,0.000040,-0.000219,0.000408,0.006486,497.000000,0.000000,0.001094,0.000062,-0.000029,0.000208,0.000186,-0.000061,
0.040000,24.845934,24.845934,0.000000,24.847980,24.847980,0.000000,26.800000,0.000000,0.670000,-0.000058,0.000048,0.029892,-0.000055,-0.000248,0.000255,0.007312,497.100000,0.000000,0.001100,0.000089,0.000034,-0.000317,-0.000269,0.000132,
0.040000,24.846045,24.846045,0.000000,24.848145,24.848145,0.000000,26.900000,0.000000,0.726000,-0.000061,-0.000013,0.029514,-0.000093,-0.000240,-0.000015,0.006290,497.200000,0.000000,0.001166,0.000069,0.000003,0.000300,0.000049,-0.000126,
0.040000,24.846155,24.846155,1.000000,24.848253,24.848253,0.000000,27.000000,1.000000,0.688800,-0.000056,0.000004,0.029779,-0.000051,-0.000249,0.000238,0.006934,497.300000,0.000000,0.001069,0.000060,-0.000051,-0.000265,-0.000003,0.000001,
0.040000,24.846263,24.846263,0.000000,24.848309,24.848309,0.000000,27.100000,0.000000,0.666800,-0.000110,0.000039,0.030231,0.000009,-0.000247,0.000417,0.007816,497.400000,0.000000,0.001100,0.000067,0.000000,0.000003,0.000034,-0.000058,
0.040000,24.846359,24.846359,0.000000,24.848181,24.848181,0.000000,27.200000,0.000000,0.730400,-0.000053,0.000001,0.030086,0.000108,-0.000233,0.000238,0.006687,497.500000,0.000000,0.001167,0.000078,0.000036,0.000218,-0.000321,-0.000010,
0.040000,24.846462,24.846462,0.000000,24.848413,24.848413,0.000000,27.300000,0.000000,0.666800,-0.000043,0.000008,0.030099,0.000033,-0.000249,0.000166,0.008461,497.600000,0.000000,0.001116,0.000096,-0.000000,-0.000147,0.000228,0.000082,
0.040000,24.846556,24.846556,0.000000,24.848356,24.848356,0.000000,27.400000,0.000000,0.714800,-0.000040,-0.000016,0.030172,-0.000003,-0.000258,0.000023,0.007398,497.700000,0.000000,0.001096,0.000079,-0.000015,-0.000018,0.000148,-0.000069,
0.040000,24.846663,24.846663,0.000000,24.848688,24.848688,0.000000,27.500000,0.000000,0.696400,-0.000045,0.000013,0.030339,0.000038,-0.000249,0.000148,0.007596,497.800000,0.000000,0.001089,0.000070,-0.000042,-0.000154,0.000077,-0.000082,
0.040000,24.846757,24.846757,0.000000,24.848541,24.848541,0.000000,27.600000,0.000000,0.729200,-0.000026,-0.000009,0.030292,-0.000124,-0.000264,0.000071,0.007057,497.900000,0.000000,0.001100,0.000077,-0.000017,0.000119,-0.000003,0.000027,
0.040000,24.846845,24.846845,0.000000,24.848522,24.848522,0.000000,27.700000,0.000000,0.724400,0.000006,-0.000002,0.030551,0.000185,-0.000240,-0.000209,0.006952,498.000000,0.000000,0.001069,0.000044,-0.000032,-0.000091,0.000116,-0.000081,
0.040000,24.846943,24.846943,0.000000,24.848806,24.848806,0.000000,27.800000,0.000000,0.714800,-0.000024,-0.000027,0.030609,-0.000048,-0.000242,0.000012,0.007356,498.100000,0.000000,0.001099,0.000104,-0.000086,0.000013,0.000241,0.000118,
0.040000,24.847047,24.847047,0.000000,24.849026,24.849026,0.000000,27.900000,0.000000,0.696400,-0.000002,-0.000002,0.030669,0.000075,-0.000240,-0.000070,0.009400,498.200000,0.000000,0.001089,0.000056,-0.000041,-0.000150,-0.000090,0.000031,
0.040000,24.847155,24.847155,0.000000,24.849209,24.849209,0.000000,28.000000,0.000000,0.679600,-0.000061,0.000040,0.031020,0.000335,-0.000233,0.000202,0.006890,498.300000,0.000000,0.001079,0.000079,-0.000056,0.000095,0.000100,0.000027,
0.040000,24.847252,24.847252,0.000000,24.849098,24.849098,0.000000,28.100000,0.000000,0.718000,-0.000033,0.000044,0.030857,-0.000029,-0.000261,0.000039,0.006549,498.400000,0.000000,0.001127,0.000129,-0.000002,0.000297,-0.000328,0.000051,
0.040000,24.847357,24.847357,0.000000,24.849350,24.849350,0.000000,28.200000,0.000000,0.707200,-0.000021,0.000005,0.031008,-0.000126,-0.000267,0.000045,0.005936,498.500000,0.000000,0.001073,0.000054,-0.000034,0.000137,0.000048,-0.000155,
0.040000,24.847438,24.847438,0.000000,24.848970,24.848970,0.000000,28.300000,0.000000,0.666000,-0.000039,0.000018,0.031365,-0.000032,-0.000264,0.000222,0.006230,498.600000,0.000000,0.001082,0.000034,-0.000032,-0.000188,0.000093,-0.000095,
0.040000,24.847527,24.847527,0.000000,24.849222,24.849222,0.000000,28.400000,0.000000,0.699200,-0.000068,0.000014,0.031518,-0.000009,-0.000261,0.000270,0.006456,498.700000,0.000000,0.001131,0.000052,0.000004,0.000012,-0.000077,-0.000019,
0.040000,24.847630,24.847630,0.000000,24.849585,24.849585,0.000000,28.500000,0.000000,0.682800,-0.000021,0.000021,0.031498,0.000002,-0.000265,0.000028,0.005928,498.800000,0.000000,0.001139,0.000055,0.000013,-0.000021,-0.000209,0.000015,
0.040000,24.847734,24.847734,0.000000,24.849699,24.849699,0.000000,28.600000,0.000000,0.727600,-0.000030,0.000036,0.031681,-0.000237,-0.000270,0.000074,0.006253,498.900000,0.000000,0.001112,0.000057,-0.000035,0.000032,0.000213,-0.000024,
0.040000,24.847815,24.847815,0.000000,24.849371,24.849371,0.000000,28.700000,0.000000,0.717600,-0.000052,0.000016,0.031617,0.000048,-0.000255,0.000289,0.006070,499.000000,0.000000,0.001126,0.000008,-0.000025,0.000108,0.000026,-0.000037,
0.040000,24.847919,24.847919,0.000000,24.849880,24.849880,0.000000,28.800000,0.000000,0.724400,-0.000090,-0.000014,0.031880,-0.000139,-0.000265,0.000528,0.007502,499.100000,0.000000,0.001092,0.000064,0.000018,-0.000086,-0.000124,0.000075,
0.040000,24.848012,24.848012,0.000000,24.849789,24.849789,0.000000,28.900000,0.000000,0.712400,-0.000066,0.000024,0.031860,0.000127,-0.000250,0.000366,0.006242,499.200000,0.000000,0.001122,0.000026,0.000064,-0.000219,-0.000285,-0.000028,
0.040000,24.848113,24.848113,0.000000,24.850023,24.850023,0.000000,29.000000,0.000000,0.671600,-0.000033,-0.000009,0.032083,-0.000085,-0.000274,0.000085,0.006386,499.300000,0.000000,0.001096,0.000078,0.000031,0.000151,0.000037,0.000081,
0.040000,24.848189,24.848189,0.000000,24.849636,24.849636,0.000000,29.100000,0.000000,0.675600,-0.000092,0.000009,0.032119,-0.000058,-0.000262,0.000375,0.006240,499.400000,0.000000,0.001118,0.000035,-0.000025,-0.000142,0.000221,-0.000119,
0.040000,24.848272,24.848272,0.000000,24.849854,24.849854,0.000000,29.200000,0.000000,0.679200,-0.000082,-0.000002,0.032424,-0.000014,-0.000255,0.000448,0.005840,499.500000,0.000000,0.001103,0.000039,0.000033,0.000054,-0.000281,0.000030,
0.040000,24.848367,24.848367,0.000000,24.850170,24.850170,0.000000,29.300000,0.000000,0.672000,-0.000057,-0.000007,0.032239,-0.000047,-0.000264,0.000255,0.008470,499.600000,0.000000,0.001142,0.000047,0.000047,-0.000047,-0.000043,0.000052,
0.040000,24.848467,24.848467,0.000000,24.850374,24.850374,0.000000,29.400000,0.000000,0.720400,-0.000050,-0.000024,0.032348,-0.000316,-0.000280,0.000319,0.005770,499.700000,0.000000,0.001083,0.000040,0.000008,-0.000048,0.000137,-0.000036,
0.040000,24.848552,24.848552,0.000000,24.850164,24.850164,0.000000,29.500000,0.000000,0.692000,-0.000064,0.000004,0.032582,0.000053,-0.000265,0.000321,0.006730,499.800000,0.000000,0.001083,-0.000014,0.000020,-0.000126,0.000093,-0.000110,
0.040000,24.848652,24.848652,0.000000,24.850554,24.850554,0.000000,29.600000,0.000000,0.699600,-0.000051,0.000019,0.032814,0.000034,-0.000256,0.000227,0.006411,499.900000,0.000000,0.001108,0.000059,0.000020,0.000125,-0.000046,0.000052,
0.040000,24.848738,24.848738,0.000000,24.850363,24.850363,0.000000,29.700000,0.000000,0.700800,-0.000085,-0.000029,0.033065,0.000179,-0.000247,0.000449,0.006255,500.000000,0.000000,0.001131,0.000054,0.000001,0.000142,0.000059,0.000075,
0.040000,24.848817,24.848817,0.000000,24.850315,24.850315,0.000000,29.800000,0.000000,0.666000,-0.000040,0.000035,0.032886,0.000098,-0.000260,0.000176,0.006372,500.100000,0.000000,0.001159,0.000082,0.000045,-0.000244,-0.000189,0.000083,
0.040000,24.848910,24.848910,0.000000,24.850689,24.850689,0.000000,29.900000,0.000000,0.686000,-0.000020,0.000012,0.032732,-0.000176,-0.000285,0.000090,0.009619,500.200000,0.000000,0.001100,0.000064,-0.000010,0.000302,0.000210,-0.000052,
0.040000,24.849007,24.849007,0.000000,24.850851,24.850851,0.000000,30.100000,0.000000,0.700400,-0.000088,-0.000031,0.033304,-0.000157,-0.000278,0.000299,0.006208,500.400000,0.000000,0.001048,0.000009,-0.000027,-0.000023,0.000203,-0.000171,
0.040000,24.849110,24.849110,0.000000,24.851070,24.851070,0.000000,30.200000,0.000000,0.720800,0.000001,0.000001,0.033112,0.000089,-0.000257,-0.000091,0.006317,500.500000,0.000000,0.001141,0.000012,0.000015,-0.000277,-0.000345,-0.000024,
0.040000,24.849202,24.849202,0.000000,24.850941,24.850941,0.000000,30.300000,0.000000,0.642400,-0.000025,0.000019,0.033238,0.000018,-0.000269,0.000150,0.005976,500.600000,0.000000,0.000975,0.000108,-0.000140,0.000137,0.000405,0.000100,
0.040000,24.849300,24.849300,0.000000,24.851164,24.851164,0.000000,30.400000,0.000000,0.727600,-0.000002,0.000009,0.033100,0.000043,-0.000270,-0.000016,0.006881,500.700000,0.000000,0.000981,0.000092,-0.000089,0.000165,0.000041,-0.000023,
0.040000,24.849404,24.849404,0.000000,24.851381,24.851381,0.000000,30.500000,0.000000,0.668800,-0.000065,-0.000011,0.033310,0.000020,-0.000266,0.000396,0.006622,500.800000,0.000000,0.000934,0.000095,-0.000120,0.000003,0.000150,-0.000011,
0.040000,24.849507,24.849507,0.000000,24.851469,24.851469,0.000000,30.600000,0.000000,0.720400,-0.000032,-0.000032,0.033414,-0.000290,-0.000277,0.000246,0.007745,500.900000,0.000000,0.000957,0.000089,-0.000037,-0.000124,-0.000326,0.000015,
0.040000,24.849610,24.849610,0.000000,24.851564,24.851564,0.000000,30.700000,0.000000,0.674000,-0.000085,-0.000002,0.034001,-0.000259,-0.000297,0.000365,0.006537,501.000000,0.000000,0.000959,0.000026,-0.000066,-0.000179,0.000080,-0.000063,
0.040000,24.849698,24.849698,0.000000,24.851364,24.851364,0.000000,30.800000,0.000000,0.696800,-0.000061,0.000046,0.034017,-0.000107,-0.000284,0.000273,0.009235,501.100000,0.000000,0.001056,0.000032,-0.000041,0.000122,-0.000297,-0.000146,
0.040000,24.849781,24.849781,0.000000,24.851357,24.851357,0.000000,30.900000,0.000000,0.675600,-0.000054,0.000015,0.034091,-0.000073,-0.000285,0.000271,0.006536,501.200000,0.000000,0.001038,0.000061,-0.000058,0.000340,0.000035,0.000024,
0.040000,24.849869,24.849869,0.000000,24.851551,24.851551,0.000000,31.000000,0.000000,0.728800,-0.000038,0.000019,0.034166,0.000066,-0.000282,0.000195,0.006250,501.300000,0.000000,0.001032,0.000066,-0.000058,-0.000064,0.000054,0.000002,
0.040000,24.849956,24.849956,0.000000,24.851595,24.851595,0.000000,31.100000,0.000000,0.655600,-0.000022,0.000006,0.034182,-0.000044,-0.000277,0.000023,0.007932,501.400000,0.000000,0.001027,0.000093,-0.000071,0.000004,0.000119,0.000025,
0.040000,24.850056,24.850056,0.000000,24.851969,24.851969,0.000000,31.200000,0.000000,0.722800,-0.000047,0.000018,0.034128,-0.000262,-0.000298,0.000242,0.006436,501.500000,0.000000,0.001009,0.000069,-0.000104,-0.000078,0.000143,0.000037,
0.040000,24.850150,24.850150,0.000000,24.851938,24.851938,0.000000,31.300000,0.000000,0.683200,-0.000075,0.000009,0.034488,0.000078,-0.000286,0.000339,0.009204,501.600000,0.000000,0.000979,0.000025,-0.000059,0.000040,-0.000100,-0.000115,
0.040000,24.850251,24.850251,1.000000,24.852171,24.852171,0.000000,31.400000,1.000000,0.708400,-0.000087,0.000015,0.034704,-0.000337,-0.000301,0.000568,0.006697,501.700000,0.000000,0.001031,0.000091,-0.000038,-0.000039,-0.000206,0.000030,
0.040000,24.850335,24.850335,0.000000,24.851915,24.851915,0.000000,31.500000,0.000000,0.697200,-0.000119,0.000040,0.034852,0.000022,-0.000273,0.000577,0.008247,501.800000,0.000000,0.001053,0.000008,0.000008,0.000026,-0.000158,-0.000082,
0.040000,24.850427,24.850427,1.000000,24.852188,24.852188,0.000000,31.600000,1.000000,0.697200,-0.000073,-0.000006,0.035084,-0.000072,-0.000282,0.000398,0.006292,501.900000,0.000000,0.001061,0.000078,0.000009,0.000162,-0.000258,0.000142,
0.040000,24.850513,24.850513,0.000000,24.852142,24.852142,0.000000,31.700000,0.000000,0.689200,-0.000116,0.000006,0.035100,0.000000,-0.000279,0.000523,0.009038,502.000000,0.000000,0.001086,0.000058,-0.000026,-0.000220,0.000187,-0.000002,
0.040000,24.850578,24.850578,1.000000,24.851810,24.851810,0.000000,31.800000,1.000000,0.673600,-0.000069,0.000023,0.035131,0.000053,-0.000271,0.000359,0.006957,502.100000,0.000000,0.001068,0.000071,-0.000001,-0.000013,-0.000193,0.000018,
0.040000,24.850661,24.850661,1.000000,24.852236,24.852236,0.000000,31.900000,1.000000,0.704000,-0.000102,0.000054,0.035195,0.000017,-0.000285,0.000656,0.007147,502.200000,0.000000,0.001053,0.000080,-0.000033,0.000101,0.000219,0.000057,
0.040000,24.850762,24.850762,0.000000,24.852690,24.852690,0.000000,32.000000,0.000000,0.688000,-0.000103,0.000006,0.035489,0.000011,-0.000287,0.000514,0.006946,502.300000,0.000000,0.001045,0.000072,0.000026,0.000229,-0.000123,-0.000067,
0.040000,24.850845,24.850845,0.000000,24.852415,24.852415,0.000000,32.100000,0.000000,0.701200,-0.000066,-0.000023,0.035391,0.000033,-0.000279,0.000322,0.006761,502.400000,0.000000,0.001082,0.000069,-0.000003,-0.000205,-0.000054,-0.000037,
0.040000,24.850922,24.850922,0.000000,24.852392,24.852392,0.000000,32.200000,0.000000,0.700800,0.000035,-0.000005,0.035186,-0.000134,-0.000298,-0.000338,0.006503,502.500000,0.000000,0.001041,0.000072,-0.000040,-0.000258,0.000209,0.000037,
0.040000,24.850997,24.850997,0.000000,24.852413,24.852413,0.000000,32.300000,0.000000,0.678400,-0.000033,0.000004,0.035658,0.000055,-0.000280,0.000074,0.006713,502.600000,0.000000,0.000980,0.000038,-0.000170,0.000010,0.000703,-0.000105,
0.040000,24.851074,24.851074,0.000000,24.852539,24.852539,0.000000,32.400000,0.000000,0.712400,-0.000026,-0.000001,0.035676,0.000137,-0.000281,0.000071,0.008014,502.700000,0.000000,0.001054,0.000074,-0.000085,0.000063,-0.000150,0.000073,
0.040000,24.851178,24.851178,0.000000,24.853149,24.853149,0.000000,32.500000,0.000000,0.734400,-0.000043,-0.000019,0.036021,-0.000103,-0.000293,0.000229,0.006265,502.800000,0.000000,0.001037,0.000089,-0.000084,-0.000011,-0.000016,0.000021,
0.040000,24.851261,24.851261,1.000000,24.852852,24.852852,0.000000,32.600000,1.000000,0.705600,-0.000085,-0.000004,0.036160,-0.000014,-0.000292,0.000325,0.006566,502.900000,0.000000,0.001085,0.000040,-0.000051,-0.000116,-0.000107,-0.000064,
0.040000,24.851338,24.851338,0.000000,24.852795,24.852795,0.000000,32.700000,0.000000,0.698400,-0.000126,0.000018,0.036416,0.000225,-0.000282,0.000737,0.007255,503.000000,0.000000,0.001091,0.000057,-0.000031,0.000054,-0.000304,-0.000019,
0.040000,24.851426,24.851426,1.000000,24.853102,24.853102,0.000000,32.800000,1.000000,0.671600,-0.000087,0.000044,0.036250,0.000286,-0.000278,0.000478,0.006368,503.100000,0.000000,0.001120,0.000103,0.000051,0.000154,-0.000368,0.000054,
0.040000,24.851521,24.851521,0.000000,24.853312,24.853312,0.000000,32.900000,0.000000,0.686000,-0.000173,-0.000001,0.036801,0.000081,-0.000274,0.000882,0.009033,503.200000,0.000000,0.001065,0.000113,-0.000002,0.000221,0.000101,0.000042,
0.040000,24.851616,24.851616,1.000000,24.853437,24.853437,0.000000,33.000000,1.000000,0.680400,-0.000076,0.000018,0.036493,0.000021,-0.000302,0.000378,0.007207,503.300000,0.000000,0.001153,0.000070,0.000078,-0.000193,-0.000492,0.000044,
0.040000,24.851712,24.851712,1.000000,24.853519,24.853519,0.000000,33.100000,1.000000,0.701600,-0.000102,0.000029,0.036651,0.000042,-0.000290,0.000613,0.008437,503.400000,0.000000,0.001069,0.000057,-0.000023,0.000038,0.000412,-0.000154,
0.040000,24.851780,24.851780,0.000000,24.853086,24.853086,0.000000,33.200000,0.000000,0.670800,-0.000110,0.000034,0.036811,0.000127,-0.000279,0.000703,0.007117,503.500000,0.000000,0.001079,0.000060,0.000024,0.000083,-0.000003,0.000015,
0.040000,24.851885,24.851885,0.000000,24.853880,24.853880,0.000000,33.300000,0.000000,0.688400,-0.000026,0.000062,0.036582,0.000256,-0.000297,0.000223,0.009060,503.600000,0.000000,0.001089,0.000076,0.000041,0.000063,-0.000055,0.000071,
0.040000,24.851974,24.851974,0.000000,24.853657,24.853657,0.000000,33.400000,0.000000,0.708800,-0.000095,0.000000,0.036914,0.000178,-0.000288,0.000483,0.006754,503.700000,0.000000,0.001023,0.000099,-0.000054,0.000199,0.000501,-0.000081,
0.040000,24.852064,24.852064,0.000000,24.853781,24.853781,0.000000,33.500000,0.000000,0.688800,-0.000068,0.000009,0.037182,0.000110,-0.000299,0.000340,0.007634,503.800000,0.000000,0.001068,0.000082,-0.000002,-0.000306,-0.000238,0.000022,
0.040000,24.852138,24.852138,0.000000,24.853542,24.853542,0.000000,33.600000,0.000000,0.739200,-0.000085,0.000048,0.037274,0.000238,-0.000299,0.000432,0.006555,503.900000,0.000000,0.001100,0.000067,-0.000030,-0.000064,0.000081,-0.000059,
0.040000,24.852230,24.852230,0.000000,24.853968,24.853968,0.000000,33.700000,0.000000,0.669200,-0.000057,0.000014,0.037101,0.000206,-0.000287,0.000341,0.007450,504.000000,0.000000,0.001096,0.000091,-0.000011,0.000220,-0.000075,-0.000024,
0.040000,24.852320,24.852320,1.000000,24.854040,24.854040,0.000000,33.800000,1.000000,0.719200,-0.000053,0.000021,0.037183,0.000092,-0.000304,0.000204,0.007855,504.100000,0.000000,0.001040,0.000083,-0.000029,-0.000129,0.000146,0.000065,
0.040000,24.852429,24.852429,1.000000,24.854492,24.854492,0.000000,33.900000,1.000000,0.718000,-0.000141,0.000004,0.037741,0.000165,-0.000291,0.000694,0.007053,504.200000,0.000000,0.001036,0.000059,-0.000056,-0.000003,0.000077,-0.000079,
0.040000,24.852518,24.852518,1.000000,24.854221,24.854221,0.000000,34.000000,1.000000,0.729600,-0.000099,0.000030,0.037631,0.000204,-0.000293,0.000497,0.007577,504.300000,0.000000,0.001126,0.000072,0.000042,-0.000110,-0.000514,0.000048,
0.040000,24.852609,24.852609,0.000000,24.854340,24.854340,0.000000,34.100000,0.000000,0.668400,-0.000104,0.000058,0.037905,0.000068,-0.000302,0.000528,0.007216,504.400000,0.000000,0.001082,0.000078,0.000003,0.000121,0.000064,0.000007,
0.040000,24.852711,24.852711,0.000000,24.854635,24.854635,0.000000,34.200000,0.000000,0.695200,-0.000045,0.000032,0.037889,-0.000004,-0.000308,0.000236,0.007633,504.500000,0.000000,0.001115,0.000050,0.000009,0.000221,-0.000006,-0.000054,
0.040000,24.852802,24.852802,1.000000,24.854540,24.854540,0.000000,34.300000,1.000000,0.697200,-0.000002,-0.000007,0.037601,0.000263,-0.000281,-0.000182,0.009128,504.600000,0.000000,0.001090,0.000035,-0.000049,-0.000079,0.000363,-0.000056,
0.040000,24.852890,24.852890,0.000000,24.854557,24.854557,0.000000,34.400000,0.000000,0.710400,-0.000102,0.000039,0.038134,-0.000013,-0.000303,0.000504,0.006830,504.700000,0.000000,0.001011,0.000087,-0.000131,-0.000267,0.000403,0.000147,
0.040000,24.852993,24.852993,0.000000,24.854956,24.854956,0.000000,34.500000,0.000000,0.724800,-0.000006,-0.000025,0.037843,0.000126,-0.000281,-0.000205,0.006280,504.800000,0.000000,0.001096,0.000030,0.000007,0.000179,-0.000463,-0.000083,
0.040000,24.853079,24.853079,0.000000,24.854702,24.854702,0.000000,34.600000,0.000000,0.728800,-0.000033,0.000023,0.037824,0.000157,-0.000298,0.000107,0.006344,504.900000,0.000000,0.001017,0.000057,-0.000133,-0.000326,0.000413,0.000106,
0.040000,24.853169,24.853169,1.000000,24.854883,24.854883,0.000000,34.700000,1.000000,0.619600,-0.000059,0.000015,0.038421,0.000082,-0.000325,0.000255,0.006664,505.000000,0.000000,0.000993,0.000062,-0.000069,0.000173,-0.000009,-0.000065,
0.040000,24.853256,24.853256,0.000000,24.854916,24.854916,0.000000,34.800000,0.000000,0.677200,-0.000100,0.000020,0.038678,-0.000023,-0.000301,0.000610,0.009545,505.100000,0.000000,0.001092,0.000046,-0.000038,0.000012,-0.000161,-0.000192,
0.040000,24.853362,24.853362,0.000000,24.855377,24.855377,0.000000,34.900000,0.000000,0.705600,-0.000086,0.000040,0.038534,0.000039,-0.000312,0.000453,0.006308,505.200000,0.000000,0.001121,0.000025,0.000033,0.000038,-0.000317,0.000076,
0.040000,24.853444,24.853444,1.000000,24.854998,24.854998,0.000000,35.000000,1.000000,0.692400,-0.000044,0.000009,0.038932,-0.000002,-0.000326,0.000213,0.006468,505.300000,0.000000,0.001070,0.000036,0.000001,0.000137,-0.000034,-0.000038,
0.040000,24.853548,24.853548,1.000000,24.855528,24.855528,0.000000,35.100000,1.000000,0.735200,-0.000141,0.000038,0.038845,0.000064,-0.000309,0.000819,0.007944,505.400000,0.000000,0.001128,0.000028,-0.000046,-0.000139,0.000246,-0.000100,
0.040000,24.853637,24.853637,0.000000,24.855316,24.855316,0.000000,35.200000,0.000000,0.749200,-0.000128,0.000001,0.039153,-0.000055,-0.000325,0.000709,0.009058,505.500000,0.000000,0.001088,0.000040,0.000075,0.000126,-0.000503,0.000061,
0.040000,24.853734,24.853734,1.000000,24.855579,24.855579,0.000000,35.300000,1.000000,0.679200,-0.000079,-0.000009,0.038975,0.000228,-0.000299,0.000400,0.006638,505.600000,0.000000,0.001128,0.000016,0.000051,-0.000181,-0.000112,-0.000074,
0.040000,24.853837,24.853837,0.000000,24.855803,24.855803,0.000000,35.400000,0.000000,0.684400,-0.000150,0.000014,0.039322,-0.000174,-0.000325,0.000785,0.010283,505.700000,0.000000,0.001070,0.000071,-0.000011,-0.000131,0.000259,0.000136,
0.040000,24.853939,24.853939,0.000000,24.855877,24.855877,0.000000,35.500000,0.000000,0.680000,-0.000034,0.000003,0.038914,0.000067,-0.000313,-0.000014,0.008662,505.800000,0.000000,0.001118,-0.000009,0.000066,0.000097,-0.000338,-0.000108,
0.040000,24.854018,24.854018,0.000000,24.855522,24.855522,0.000000,35.600000,0.000000,0.656000,-0.000054,0.000036,0.039137,0.000063,-0.000307,0.000205,0.009415,505.900000,0.000000,0.001015,0.000038,-0.000094,-0.000031,0.000584,0.000029,
0.040000,24.854121,24.854121,0.000000,24.856068,24.856068,0.000000,35.700000,0.000000,0.696800,-0.000069,0.000039,0.039281,0.000078,-0.000310,0.000335,0.007451,506.000000,0.000000,0.001039,0.000037,-0.000049,0.000188,0.000103,0.000051,
0.040000,24.854202,24.854202,0.000000,24.855751,24.855751,0.000000,35.800000,0.000000,0.715600,-0.000032,0.000016,0.039384,0.000008,-0.000322,0.000096,0.007717,506.100000,0.000000,0.001047,0.000039,-0.000022,0.000093,-0.000053,-0.000003,
0.040000,24.854305,24.854305,0.000000,24.856247,24.856247,0.000000,35.900000,0.000000,0.709200,-0.000062,-0.000018,0.039507,0.000142,-0.000318,0.000287,0.006549,506.200000,0.000000,0.001046,0.000024,-0.000069,-0.000106,0.000208,-0.000071,
0.040000,24.854390,24.854390,0.000000,24.856018,24.856018,0.000000,36.000000,0.000000,0.638400,-0.000066,0.000004,0.039917,-0.000194,-0.000340,0.000313,0.006403,506.300000,0.000000,0.001050,0.000051,-0.000030,-0.000251,-0.000107,-0.000002,
0.040000,24.854469,24.854469,0.000000,24.855963,24.855963,0.000000,36.100000,0.000000,0.687600,-0.000035,0.000034,0.039755,0.000140,-0.000317,0.000203,0.006068,506.400000,0.000000,0.001111,-0.000017,-0.000024,0.000036,-0.000069,-0.000137,
0.040000,24.854550,24.854550,0.000000,24.856092,24.856092,0.000000,36.200000,0.000000,0.660000,-0.000022,0.000006,0.039851,-0.000004,-0.000337,0.000222,0.006427,506.500000,0.000000,0.001056,0.000049,-0.000045,0.000202,0.000170,0.000085,
0.040000,24.854632,24.854632,0.000000,24.856192,24.856192,0.000000,36.300000,0.000000,0.645600,-0.000063,-0.000015,0.039992,-0.000020,-0.000324,0.000266,0.007141,506.600000,0.000000,0.001055,0.000020,-0.000041,-0.000093,0.000141,-0.000087,
0.040000,24.854734,24.854734,0.000000,24.856672,24.856672,0.000000,36.400000,0.000000,0.690800,-0.000028,0.000005,0.040114,0.000042,-0.000326,0.000090,0.006027,506.700000,0.000000,0.001061,0.000016,-0.000031,-0.000170,-0.000196,0.000046,
0.040000,24.854836,24.854836,0.000000,24.856773,24.856773,0.000000,36.500000,0.000000,0.696400,-0.000037,-0.000001,0.040334,0.000035,-0.000318,0.000099,0.006206,506.800000,0.000000,0.001065,0.000028,-0.000065,0.000058,0.000139,0.000007,
0.040000,24.854919,24.854919,0.000000,24.856485,24.856485,0.000000,36.600000,0.000000,0.691200,-0.000091,-0.000009,0.040221,0.000023,-0.000320,0.000340,0.007130,506.900000,0.000000,0.001087,0.000027,-0.000062,-0.000015,-0.000002,0.000053,
0.040000,24.855003,24.855003,0.000000,24.856604,24.856604,0.000000,36.700000,0.000000,0.699200,-0.000048,0.000039,0.040431,0.000010,-0.000329,0.000183,0.008203,507.000000,0.000000,0.001043,0.000024,-0.000013,-0.000054,-0.000337,0.000008,
0.040000,24.855103,24.855103,0.000000,24.857014,24.857014,0.000000,36.800000,0.000000,0.677200,0.000027,0.000016,0.040384,-0.000015,-0.000332,-0.000170,0.007117,507.100000,0.000000,0.001064,0.000021,-0.000044,0.000278,0.000137,-0.000057,
0.040000,24.855204,24.855204,0.000000,24.857109,24.857109,0.000000,36.900000,0.000000,0.697600,-0.000043,0.000010,0.040395,-0.000021,-0.000336,0.000099,0.006475,507.200000,0.000000,0.001034,0.000015,-0.000113,-0.000039,0.000522,-0.000038,
0.040000,24.855304,24.855304,0.000000,24.857214,24.857214,0.000000,37.000000,0.000000,0.683600,-0.000043,-0.000024,0.040769,-0.000248,-0.000350,0.000208,0.006366,507.300000,0.000000,0.001016,0.000014,-0.000058,-0.000050,-0.000234,-0.000041,
0.040000,24.855382,24.855382,0.000000,24.856869,24.856869,0.000000,37.100000,0.000000,0.694400,-0.000029,-0.000012,0.040665,-0.000037,-0.000319,0.000026,0.006325,507.400000,0.000000,0.001069,-0.000031,-0.000035,-0.000228,-0.000089,-0.000099,
0.040000,24.855481,24.855481,0.000000,24.857365,24.857365,0.000000,37.300000,0.000000,0.712400,-0.000017,-0.000010,0.041174,0.000043,-0.000325,-0.000039,0.005984,507.600000,0.000000,0.001028,0.000011,-0.000070,-0.000016,0.000051,0.000153,
0.040000,24.855585,24.855585,0.000000,24.857546,24.857546,0.000000,37.400000,0.000000,0.723600,-0.000038,0.000027,0.041233,-0.000025,-0.000327,0.000029,0.005954,507.700000,0.000000,0.001108,0.000027,-0.000082,0.000005,0.000093,0.000021,
0.040000,24.855670,24.855670,0.000000,24.857283,24.857283,0.000000,37.500000,0.000000,0.677600,-0.000024,0.000018,0.041460,-0.000109,-0.000333,0.000044,0.006665,507.800000,0.000000,0.001044,-0.000002,-0.000048,0.000179,-0.000095,-0.000008,
0.040000,24.855755,24.855755,0.000000,24.857368,24.857368,0.000000,37.600000,0.000000,0.698800,-0.000059,0.000004,0.041565,0.000174,-0.000319,0.000192,0.005898,507.900000,0.000000,0.001068,-0.000019,-0.000044,0.000030,0.000033,-0.000036,
0.040000,24.855841,24.855841,0.000000,24.857481,24.857481,0.000000,37.700000,0.000000,0.678800,-0.000024,0.000036,0.041629,0.000170,-0.000328,-0.000084,0.006320,508.000000,0.000000,0.001068,0.000037,-0.000014,-0.000072,-0.000200,0.000070,
0.040000,24.855922,24.855922,0.000000,24.857462,24.857462,0.000000,37.800000,0.000000,0.659200,-0.000046,0.000010,0.041803,0.000104,-0.000330,0.000055,0.006581,508.100000,0.000000,0.001059,0.000036,-0.000068,0.000166,0.000139,-0.000029,
0.040000,24.856001,24.856001,0.000000,24.857504,24.857504,0.000000,37.900000,0.000000,0.691600,-0.000006,0.000008,0.041723,-0.000022,-0.000337,-0.000010,0.007048,508.200000,0.000000,0.001073,0.000022,-0.000040,-0.000097,-0.000080,-0.000024,
0.040000,24.856089,24.856089,0.000000,24.857769,24.857769,0.000000,38.000000,0.000000,0.708000,-0.000009,0.000016,0.041943,-0.000016,-0.000345,-0.000064,0.009873,508.300000,0.000000,0.001036,-0.000003,-0.000052,-0.000051,0.000218,-0.000056,
0.040000,24.856171,24.856171,0.000000,24.857714,24.857714,0.000000,38.100000,0.000000,0.704000,-0.000023,0.000002,0.042173,0.000007,-0.000336,0.000031,0.008640,508.400000,0.000000,0.001059,-0.000002,-0.000061,0.000033,0.000062,-0.000071,
0.040000,24.856278,24.856278,0.000000,24.858315,24.858315,0.000000,38.200000,0.000000,0.673200,-0.000046,0.000000,0.042447,-0.000191,-0.000343,0.000101,0.006082,508.500000,0.000000,0.001083,0.000002,-0.000042,-0.000072,-0.000060,0.000031,
0.040000,24.856376,24.856376,0.000000,24.858242,24.858242,0.000000,38.300000,0.000000,0.666800,-0.000027,-0.000007,0.042395,0.000029,-0.000340,0.000022,0.008233,508.600000,0.000000,0.001116,-0.000037,-0.000027,-0.000039,-0.000170,-0.000031,
0.040000,24.856462,24.856462,0.000000,24.858105,24.858105,0.000000,38.400000,0.000000,0.696400,-0.000025,0.000016,0.042486,0.000061,-0.000342,0.000105,0.007321,508.700000,0.000000,0.001084,0.000008,-0.000042,-0.000064,0.000053,0.000005,
0.040000,24.856567,24.856567,0.000000,24.858559,24.858559,0.000000,38.500000,0.000000,0.732000,-0.000062,-0.000002,0.042506,0.000021,-0.000341,0.000211,0.006202,508.800000,0.000000,0.001080,0.000014,-0.000025,0.000118,0.000036,-0.000009,
0.040000,24.856637,24.856637,0.000000,24.857960,24.857960,0.000000,38.600000,0.000000,0.737600,-0.000030,0.000029,0.042522,0.000023,-0.000348,0.000095,0.006465,508.900000,0.000000,0.001063,0.000006,-0.000003,-0.000062,-0.000219,0.000004,
0.040000,24.856734,24.856734,0.000000,24.858585,24.858585,0.000000,38.700000,0.000000,0.691200,-0.000082,0.000017,0.042722,-0.000015,-0.000351,0.000342,0.007472,509.000000,0.000000,0.001045,0.000006,-0.000026,0.000165,0.000115,-0.000041,
0.040000,24.856831,24.856831,0.000000,24.858669,24.858669,0.000000,38.800000,0.000000,0.669200,-0.000076,-0.000002,0.042943,0.000057,-0.000350,0.000237,0.007224,509.100000,0.000000,0.001064,-0.000002,0.000023,-0.000013,-0.000273,-0.000039,
0.040000,24.856918,24.856918,0.000000,24.858574,24.858574,0.000000,38.900000,0.000000,0.695200,0.000009,0.000028,0.042753,0.000058,-0.000356,-0.000208,0.006262,509.200000,0.000000,0.001087,0.000013,0.000002,-0.000122,-0.000067,-0.000005,
0.040000,24.857022,24.857022,0.000000,24.858997,24.858997,0.000000,39.000000,0.000000,0.683600,-0.000065,0.000040,0.043272,0.000072,-0.000355,0.000200,0.006219,509.300000,0.000000,0.001028,0.000013,-0.000086,0.000143,0.000500,-0.000039,
0.040000,24.857107,24.857107,0.000000,24.858723,24.858723,0.000000,39.100000,0.000000,0.712800,-0.000044,0.000018,0.043263,0.000051,-0.000349,0.000024,0.007534,509.400000,0.000000,0.001110,0.000015,-0.000004,0.000125,-0.000270,-0.000009,
0.040000,24.857202,24.857202,1.000000,24.858995,24.858995,0.000000,39.200000,1.000000,0.704000,-0.000047,-0.000009,0.043119,-0.000111,-0.000346,0.000175,0.006312,509.500000,0.000000,0.001086,0.000011,-0.000038,-0.000086,0.000026,0.000030,
0.040000,24.857286,24.857286,1.000000,24.858894,24.858894,0.000000,39.300000,1.000000,0.719200,-0.000111,0.000013,0.043533,0.000083,-0.000346,0.000506,0.008973,509.600000,0.000000,0.001036,-0.000022,-0.000008,-0.000201,-0.000007,0.000030,
0.040000,24.857368,24.857368,0.000000,24.858925,24.858925,0.000000,39.400000,0.000000,0.694400,-0.000113,0.000035,0.043738,0.000095,-0.000350,0.000440,0.008112,509.700000,0.000000,0.001097,0.000017,0.000058,0.000063,-0.000395,0.000012,
0.040000,24.857456,24.857456,0.000000,24.859133,24.859133,0.000000,39.500000,0.000000,0.702400,-0.000058,0.000044,0.043781,0.000081,-0.000359,0.000239,0.006257,509.800000,0.000000,0.001116,0.000019,0.000043,0.000159,-0.000165,-0.000016,
0.040000,24.857555,24.857555,0.000000,24.859426,24.859426,0.000000,39.600000,0.000000,0.722000,-0.000058,0.000043,0.043851,0.000187,-0.000344,0.000096,0.007704,509.900000,0.000000,0.001103,0.000016,0.000003,0.000112,0.000274,-0.000062,
0.040000,24.857646,24.857646,1.000000,24.859383,24.859383,0.000000,39.700000,1.000000,0.668800,-0.000095,-0.000010,0.044096,0.000130,-0.000335,0.000468,0.009113,510.000000,0.000000,0.001095,0.000037,-0.000025,0.000039,0.000103,0.000066,
0.040000,24.857727,24.857727,1.000000,24.859251,24.859251,0.000000,39.800000,1.000000,0.646800,-0.000100,0.000021,0.043841,0.000166,-0.000338,0.000600,0.006323,510.100000,0.000000,0.001122,0.000025,0.000049,-0.000313,-0.000186,0.000082,
0.040000,24.857788,24.857788,1.000000,24.858959,24.858959,0.000000,39.900000,1.000000,0.680000,-0.000136,0.000037,0.044114,0.000153,-0.000345,0.000691,0.006862,510.200000,0.000000,0.001049,0.000031,0.000074,0.000073,-0.000103,0.000014,
0.040000,24.857885,24.857885,0.000000,24.859728,24.859728,0.000000,40.000000,0.000000,0.663200,-0.000131,0.000036,0.044372,0.000265,-0.000329,0.000570,0.006681,510.300000,0.000000,0.001082,0.000028,0.000090,0.000125,-0.000264,-0.000039,
0.040000,24.857948,24.857948,0.000000,24.859150,24.859150,0.000000,40.100000,0.000000,0.655200,-0.000055,0.000016,0.044201,0.000112,-0.000337,0.000261,0.006357,510.400000,0.000000,0.001112,0.000050,0.000065,0.000044,-0.000067,0.000082,
0.040000,24.858030,24.858030,0.000000,24.859589,24.859589,0.000000,40.200000,0.000000,0.698400,-0.000076,0.000009,0.044215,0.000373,-0.000317,0.000211,0.007174,510.500000,0.000000,0.001056,0.000018,0.000002,-0.000109,0.000445,-0.000015,
0.040000,24.858123,24.858123,0.000000,24.859882,24.859882,0.000000,40.300000,0.000000,0.734400,-0.000033,0.000027,0.044388,0.000269,-0.000327,0.000053,0.005961,510.600000,0.000000,0.001038,0.000070,-0.000008,-0.000082,0.000037,0.000118,
0.040000,24.858225,24.858225,0.000000,24.860163,24.860163,0.000000,40.400000,0.000000,0.662800,-0.000064,0.000051,0.044441,0.000058,-0.000354,0.000246,0.006500,510.700000,0.000000,0.001052,0.000048,-0.000039,0.000079,0.000281,-0.000019,
0.040000,24.858307,24.858307,1.000000,24.859869,24.859869,0.000000,40.500000,1.000000,0.671600,-0.000071,0.000032,0.044893,0.000200,-0.000342,0.000284,0.005806,510.800000,0.000000,0.001041,0.000005,0.000000,0.000180,-0.000086,-0.000170,
0.040000,24.858397,24.858397,0.000000,24.860094,24.860094,0.000000,40.600000,0.000000,0.746000,-0.000128,0.000046,0.044627,0.000102,-0.000343,0.000729,0.007341,510.900000,0.000000,0.001110,0.000033,0.000008,-0.000052,-0.000071,0.000004,
0.040000,24.858476,24.858476,1.000000,24.859978,24.859978,0.000000,40.700000,1.000000,0.708000,-0.000040,0.000010,0.044516,0.000052,-0.000358,0.000104,0.007440,511.000000,0.000000,0.001036,0.000013,0.000095,0.000068,-0.000382,-0.000004,
0.040000,24.858556,24.858556,0.000000,24.860086,24.860086,0.000000,40.800000,0.000000,0.691600,-0.000120,-0.000013,0.045222,0.000109,-0.000340,0.000583,0.007532,511.100000,0.000000,0.000993,0.000003,-0.000030,-0.000196,0.000398,-0.000095,
0.040000,24.858648,24.858648,0.000000,24.860390,24.860390,0.000000,40.900000,0.000000,0.708000,-0.000074,0.000038,0.044870,-0.000083,-0.000372,0.000361,0.006324,511.200000,0.000000,0.001113,0.000014,0.000065,-0.000218,-0.000341,0.000076,
0.040000,24.858745,24.858745,0.000000,24.860592,24.860592,0.000000,41.000000,0.000000,0.700800,-0.000047,0.000010,0.044867,0.000018,-0.000359,0.000055,0.007018,511.300000,0.000000,0.001022,-0.000024,0.000020,0.000231,0.000154,-0.000167,
0.040000,24.858829,24.858829,0.000000,24.860418,24.860418,0.000000,41.100000,0.000000,0.716000,-0.000065,0.000062,0.045359,0.000003,-0.000364,0.000269,0.006337,511.400000,0.000000,0.001001,-0.000004,-0.000041,-0.000085,0.000223,0.000013,
0.040000,24.858894,24.858894,0.000000,24.860144,24.860144,0.000000,41.200000,0.000000,0.695600,-0.000082,0.000025,0.045434,-0.000005,-0.000359,0.000226,0.005983,511.500000,0.000000,0.001078,-0.000007,0.000002,0.000291,-0.000027,-0.000021,
0.040000,24.858993,24.858993,1.000000,24.860857,24.860857,0.000000,41.300000,1.000000,0.688400,-0.000072,0.000050,0.045657,-0.000035,-0.000364,0.000324,0.007430,511.600000,0.000000,0.001072,-0.000008,-0.000006,-0.000118,-0.000116,0.000018,
0.040000,24.859091,24.859091,0.000000,24.860964,24.860964,0.000000,41.400000,0.000000,0.682000,-0.000104,0.000025,0.045801,0.000048,-0.000358,0.000437,0.009765,511.700000,0.000000,0.001095,-0.000014,0.000013,0.000107,0.000020,-0.000024,
0.040000,24.859174,24.859174,0.000000,24.860752,24.860752,0.000000,41.500000,0.000000,0.718000,-0.000069,0.000019,0.045782,0.000366,-0.000340,0.000336,0.006162,511.800000,0.000000,0.001102,0.000003,0.000036,-0.000113,-0.000190,0.000033,
0.040000,24.859271,24.859271,1.000000,24.861120,24.861120,0.000000,41.600000,1.000000,0.718400,-0.000058,0.000023,0.045950,-0.000084,-0.000374,0.000197,0.006244,511.900000,0.000000,0.001076,0.000066,0.000015,-0.000077,0.000141,0.000119,
0.040000,24.859349,24.859349,0.000000,24.860819,24.860819,0.000000,41.700000,0.000000,0.714800,-0.000108,0.000027,0.046220,-0.000032,-0.000375,0.000509,0.006697,512.000000,0.000000,0.001088,-0.000024,-0.000013,-0.000008,0.000122,-0.000160,
0.040000,24.859424,24.859424,0.000000,24.860861,24.860861,0.000000,41.800000,0.000000,0.674000,-0.000054,0.000012,0.046035,-0.000045,-0.000379,0.000181,0.007318,512.100000,0.000000,0.001120,-0.000014,0.000049,0.000026,-0.000259,-0.000071,
0.040000,24.859525,24.859525,0.000000,24.861429,24.861429,0.000000,41.900000,0.000000,0.660800,-0.000079,0.000014,0.046398,0.000040,-0.000364,0.000322,0.007439,512.200000,0.000000,0.001061,-0.000016,-0.000017,-0.000084,0.000236,-0.000050,
0.040000,24.859623,24.859623,0.000000,24.861492,24.861492,0.000000,41.999999,0.000000,0.702000,-0.000095,0.000019,0.046419,0.000021,-0.000372,0.000441,0.006794,512.300000,0.000000,0.001112,0.000001,0.000011,-0.000023,-0.000064,0.000075,
0.040000,24.859705,24.859705,0.000000,24.861254,24.861254,0.000000,42.100000,0.000000,0.677200,-0.000046,0.000049,0.046293,0.000019,-0.000384,0.000165,0.005917,512.400000,0.000000,0.001094,-0.000003,0.000035,0.000021,-0.000127,-0.000020,
0.040000,24.859788,24.859788,1.000000,24.861378,24.861378,0.000000,42.200000,1.000000,0.680400,0.000013,0.000013,0.046157,-0.000120,-0.000386,-0.000055,0.006720,512.500000,0.000000,0.001047,-0.000003,-0.000021,0.000199,0.000254,-0.000082,
0.040000,24.859884,24.859884,1.000000,24.861702,24.861702,0.000000,42.300000,1.000000,0.724400,-0.000127,-0.000001,0.046913,0.000105,-0.000370,0.000451,0.009300,512.600000,0.000000,0.001000,-0.000030,-0.000064,-0.000149,0.000464,-0.000044,
0.040000,24.859964,24.859964,0.000000,24.861494,24.861494,0.000000,42.400000,0.000000,0.689200,-0.000122,0.000013,0.047121,0.000059,-0.000373,0.000456,0.007129,512.700000,0.000000,0.001130,0.000015,0.000038,-0.000145,-0.000688,0.000078,
0.040000,24.860041,24.860041,0.000000,24.861502,24.861502,0.000000,42.499999,0.000000,0.696400,-0.000092,-0.000005,0.046754,0.000267,-0.000353,0.000294,0.009071,512.800000,0.000000,0.001148,0.000005,0.000038,0.000032,-0.000236,0.000013,
0.040000,24.860133,24.860133,0.000000,24.861874,24.861874,0.000000,42.600000,0.000000,0.718800,-0.000064,0.000026,0.046951,0.000093,-0.000364,0.000231,0.006935,512.900000,0.000000,0.001053,0.000046,0.000005,-0.000098,0.000098,0.000128,
0.040000,24.860226,24.860226,0.000000,24.861988,24.861988,0.000000,42.700000,0.000000,0.735200,-0.000061,-0.000016,0.047095,0.000040,-0.000362,0.000244,0.006537,513.000000,0.000000,0.001071,0.000011,-0.000008,0.000153,0.000213,-0.000016,
0.040000,24.860315,24.860315,0.000000,24.862017,24.862017,0.000000,42.800000,0.000000,0.732000,-0.000070,0.000015,0.047421,0.000124,-0.000379,0.000276,0.007570,513.100000,0.000000,0.001079,0.000000,-0.000005,-0.000203,0.000096,0.000003,
0.040000,24.860402,24.860402,0.000000,24.862041,24.862041,0.000000,42.900000,0.000000,0.686000,-0.000058,-0.000006,0.047343,-0.000068,-0.000382,0.000267,0.006553,513.200000,0.000000,0.001122,0.000017,0.000002,0.000119,-0.000021,-0.000105,
0.040000,24.860506,24.860506,0.000000,24.862486,24.862486,0.000000,42.999999,0.000000,0.705200,-0.000048,0.000014,0.047505,-0.000093,-0.000394,0.000153,0.006937,513.300000,0.000000,0.001084,-0.000021,-0.000000,-0.000087,0.000067,-0.000054,
0.040000,24.860592,24.860592,0.000000,24.862228,24.862228,0.000000,43.100000,0.000000,0.726000,-0.000004,-0.000005,0.047374,-0.000019,-0.000379,0.000012,0.006543,513.400000,0.000000,0.001095,-0.000026,-0.000023,0.000088,0.000089,-0.000098,
0.040000,24.860678,24.860678,1.000000,24.862322,24.862322,0.000000,43.200000,1.000000,0.682400,-0.000023,0.000019,0.047530,-0.000064,-0.000396,-0.000019,0.006118,513.500000,0.000000,0.001047,-0.000011,-0.000050,-0.000080,0.000307,0.000057,
0.040000,24.860774,24.860774,1.000000,24.862597,24.862597,0.000000,43.300000,1.000000,0.686400,-0.000215,-0.000020,0.047882,0.000034,-0.000384,0.001193,0.008045,513.600000,0.000000,0.001057,-0.000019,-0.000055,0.000115,-0.000001,-0.000081,
0.040000,24.860861,24.860861,1.000000,24.862518,24.862518,0.000000,43.400000,1.000000,0.741200,-0.000141,0.000014,0.047997,0.000020,-0.000399,0.000631,0.006291,513.700000,0.000000,0.001106,0.000000,0.000186,-0.000196,-0.001188,0.000041,
0.040000,24.860948,24.860948,1.000000,24.862587,24.862587,0.000000,43.499999,1.000000,0.741200,-0.000112,0.000001,0.048133,-0.000037,-0.000397,0.000394,0.008626,513.800000,0.000000,0.001107,-0.000002,0.000071,0.000137,0.000006,-0.000075,
0.040000,24.861033,24.861033,1.000000,24.862652,24.862652,0.000000,43.600000,1.000000,0.688400,-0.000134,-0.000009,0.048196,-0.000043,-0.000395,0.000585,0.007316,513.900000,0.000000,0.001112,-0.000014,0.000022,-0.000029,0.000181,-0.000016,
0.040000,24.861129,24.861129,1.000000,24.862963,24.862963,0.000000,43.800000,1.000000,0.712000,-0.000209,-0.000007,0.048484,0.000128,-0.000388,0.001035,0.006232,514.100000,0.000000,0.001102,-0.000014,0.000060,-0.000072,-0.000066,0.000001,
0.040000,24.861220,24.861220,1.000000,24.862947,24.862947,0.000000,43.900000,1.000000,0.688400,-0.000187,0.000005,0.048528,0.000135,-0.000386,0.000940,0.006600,514.200000,0.000000,0.001138,0.000020,0.000148,-0.000016,-0.000488,0.000044,
0.040000,24.861329,24.861329,1.000000,24.863396,24.863396,0.000000,43.999999,1.000000,0.706400,-0.000159,-0.000001,0.048864,0.000116,-0.000377,0.000877,0.007102,514.300000,0.000000,0.001065,0.000021,0.000099,0.000054,0.000079,0.000013,
0.040000,24.861420,24.861420,1.000000,24.863155,24.863155,0.000000,44.100000,1.000000,0.681200,-0.000160,0.000050,0.048754,0.000197,-0.000390,0.000784,0.007392,514.400000,0.000000,0.001110,0.000017,0.000084,-0.000006,0.000189,0.000057,
0.040000,24.861529,24.861529,1.000000,24.863598,24.863598,0.000000,44.200000,1.000000,0.719200,-0.000221,-0.000019,0.049188,0.000102,-0.000382,0.000995,0.006978,514.500000,0.000000,0.001067,0.000032,0.000064,0.000306,0.000067,-0.000057,
0.040000,24.861637,24.861637,1.000000,24.863674,24.863674,0.000000,44.300000,1.000000,0.707200,-0.000181,0.000023,0.049253,0.000222,-0.000374,0.000806,0.007500,514.600000,0.000000,0.001131,0.000013,0.000105,-0.000305,-0.000351,0.000024,
0.040000,24.861729,24.861729,1.000000,24.863487,24.863487,0.000000,44.400000,1.000000,0.716000,-0.000145,0.000048,0.049378,0.000183,-0.000396,0.000718,0.008796,514.700000,0.000000,0.001122,0.000037,0.000065,0.000143,0.000113,0.000062,
0.040000,24.861827,24.861827,1.000000,24.863697,24.863697,0.000000,44.499999,1.000000,0.720400,-0.000146,0.000012,0.049212,0.000212,-0.000385,0.000699,0.006779,514.800000,0.000000,0.001124,0.000028,0.000047,0.000209,0.000270,-0.000115,
0.040000,24.861917,24.861917,1.000000,24.863623,24.863623,0.000000,44.600000,1.000000,0.725600,-0.000173,0.000017,0.049458,0.000102,-0.000396,0.000762,0.007237,514.900000,0.000000,0.001069,0.000033,0.000042,-0.000142,0.000094,0.000027,
0.040000,24.862021,24.862021,1.000000,24.863998,24.863998,0.000000,44.700000,1.000000,0.710000,-0.000131,0.000026,0.049764,0.000099,-0.000397,0.000663,0.007025,515.000000,0.000000,0.001097,0.000011,0.000054,-0.000022,-0.000128,-0.000057,
0.040000,24.862102,24.862102,1.000000,24.863636,24.863636,0.000000,44.800000,1.000000,0.698000,-0.000153,0.000032,0.049629,0.000228,-0.000386,0.000761,0.009794,515.100000,0.000000,0.001135,0.000010,0.000033,0.000043,0.000208,-0.000028,
0.040000,24.862189,24.862189,1.000000,24.863832,24.863832,0.000000,44.900000,1.000000,0.688400,-0.000188,0.000005,0.050084,0.000123,-0.000395,0.000979,0.007099,515.200000,0.000000,0.001086,0.000035,0.000052,0.000056,-0.000059,0.000055,
0.040000,24.862285,24.862285,1.000000,24.864119,24.864119,0.000000,44.999999,1.000000,0.704800,-0.000242,-0.000008,0.050073,-0.000007,-0.000405,0.001209,0.008479,515.300000,0.000000,0.001155,0.000014,0.000094,-0.000144,-0.000238,-0.000037,
0.040000,24.862371,24.862371,1.000000,24.864006,24.864006,0.000000,45.100000,1.000000,0.725200,-0.000181,0.000003,0.050193,0.000065,-0.000397,0.000796,0.006935,515.400000,0.000000,0.001130,-0.000012,0.000137,-0.000137,-0.000423,-0.000072,
0.040000,24.862457,24.862457,0.000000,24.864084,24.864084,0.000000,45.200000,0.000000,0.731200,-0.000136,0.000017,0.050012,0.000116,-0.000392,0.000619,0.006995,515.500000,0.000000,0.001131,0.000002,0.000053,0.000015,0.000215,0.000018,
0.040000,24.862543,24.862543,0.000000,24.864189,24.864189,0.000000,45.300000,0.000000,0.710000,-0.000060,0.000020,0.049933,0.000121,-0.000394,0.000138,0.007600,515.600000,0.000000,0.001073,0.000013,0.000017,0.000093,0.000358,0.000042,
0.040000,24.862625,24.862625,0.000000,24.864170,24.864170,0.000000,45.400000,0.000000,0.700000,-0.000066,-0.000023,0.050368,-0.000030,-0.000409,0.000230,0.005887,515.700000,0.000000,0.001036,0.000013,-0.000078,0.000053,0.000612,0.000004,
0.040000,24.862703,24.862703,1.000000,24.864197,24.864197,0.000000,45.499999,1.000000,0.728400,-0.000092,0.000025,0.050088,0.000191,-0.000388,0.000423,0.006567,515.800000,0.000000,0.001102,-0.000017,-0.000059,-0.000247,0.000194,-0.000090,
0.040000,24.862777,24.862777,1.000000,24.864183,24.864183,0.000000,45.600000,1.000000,0.739600,-0.000186,0.000004,0.050701,-0.000153,-0.000417,0.000808,0.006872,515.900000,0.000000,0.001025,0.000027,-0.000019,0.000205,-0.000086,0.000095,
0.040000,24.862848,24.862848,1.000000,24.864199,24.864199,0.000000,45.700000,1.000000,0.706400,-0.000115,0.000027,0.050887,0.000017,-0.000408,0.000463,0.006862,516.000000,0.000000,0.001125,-0.000041,0.000057,-0.000053,-0.000612,-0.000147,
0.040000,24.862938,24.862938,1.000000,24.864632,24.864632,0.000000,45.800000,1.000000,0.669200,-0.000122,0.000028,0.050787,0.000039,-0.000402,0.000606,0.007536,516.100000,0.000000,0.001140,-0.000007,-0.000012,0.000119,0.000204,0.000001,
0.040000,24.863009,24.863009,0.000000,24.864357,24.864357,0.000000,45.900000,0.000000,0.704400,-0.000212,0.000005,0.050875,0.000052,-0.000379,0.000921,0.006934,516.200000,0.000000,0.001098,-0.000002,0.000016,0.000052,0.000033,0.000040,
0.040000,24.863098,24.863098,1.000000,24.864796,24.864796,0.000000,45.999999,1.000000,0.676400,-0.000083,0.000036,0.050666,0.000133,-0.000390,0.000430,0.006612,516.300000,0.000000,0.001094,0.000000,0.000078,-0.000117,-0.000546,0.000157,
0.040000,24.863168,24.863168,1.000000,24.864504,24.864504,0.000000,46.100000,1.000000,0.715200,-0.000168,0.000022,0.051264,-0.000038,-0.000395,0.000798,0.006402,516.400000,0.000000,0.001031,0.000016,-0.000020,0.000144,0.000593,-0.000010,
0.040000,24.863250,24.863250,1.000000,24.864803,24.864803,0.000000,46.200000,1.000000,0.726000,-0.000154,0.000037,0.051516,0.000006,-0.000406,0.000689,0.007404,516.500000,0.000000,0.001128,-0.000018,0.000053,-0.000032,-0.000300,-0.000033,
0.040000,24.863341,24.863341,1.000000,24.865072,24.865072,0.000000,46.300000,1.000000,0.704800,-0.000137,0.000002,0.051397,0.000142,-0.000393,0.000758,0.007072,516.600000,0.000000,0.001156,-0.000009,0.000030,0.000079,-0.000029,-0.000084,
0.040000,24.863422,24.863422,1.000000,24.864969,24.864969,0.000000,46.400000,1.000000,0.707600,-0.000258,-0.000013,0.051727,0.000138,-0.000383,0.001302,0.006709,516.700000,0.000000,0.001109,0.000018,0.000043,-0.000187,0.000095,0.000052,
0.040000,24.863506,24.863506,1.000000,24.865093,24.865093,0.000000,46.499999,1.000000,0.706400,-0.000126,0.000041,0.051237,0.000017,-0.000421,0.000698,0.006736,516.800000,0.000000,0.001153,0.000017,0.000150,-0.000162,-0.000714,0.000078,
0.040000,24.863601,24.863601,1.000000,24.865414,24.865414,0.000000,46.600000,1.000000,0.689200,-0.000193,0.000008,0.051796,0.000092,-0.000409,0.000938,0.007009,516.900000,0.000000,0.001033,-0.000007,0.000027,0.000271,0.000546,-0.000205,
0.040000,24.863688,24.863688,1.000000,24.865326,24.865326,0.000000,46.700000,1.000000,0.659200,-0.000244,0.000068,0.051548,0.000420,-0.000394,0.001254,0.006767,517.000000,0.000000,0.001123,0.000008,0.000074,-0.000097,-0.000205,-0.000001,
0.040000,24.863799,24.863799,1.000000,24.865911,24.865911,0.000000,46.800000,1.000000,0.701600,-0.000159,0.000034,0.051739,0.000098,-0.000408,0.000898,0.009607,517.100000,0.000000,0.001052,0.000072,0.000135,0.000333,-0.000395,0.000091,
0.040000,24.863882,24.863882,1.000000,24.865454,24.865454,0.000000,46.900000,1.000000,0.710400,-0.000184,0.000029,0.051943,0.000269,-0.000401,0.001012,0.006940,517.200000,0.000000,0.001069,0.000007,0.000062,-0.000082,0.000377,-0.000054,
0.040000,24.863976,24.863976,1.000000,24.865778,24.865778,0.000000,46.999999,1.000000,0.664000,-0.000133,0.000043,0.052109,0.000209,-0.000408,0.000705,0.007034,517.300000,0.000000,0.001088,0.000041,0.000084,-0.000064,-0.000013,0.000025,
0.040000,24.864086,24.864086,1.000000,24.866179,24.866179,0.000000,47.100000,1.000000,0.666800,-0.000140,0.000032,0.052248,0.000248,-0.000409,0.000907,0.006891,517.400000,0.000000,0.001099,0.000028,0.000021,0.000060,0.000309,-0.000033,
0.040000,24.864194,24.864194,1.000000,24.866240,24.866240,0.000000,47.300000,1.000000,0.714400,-0.000125,0.000012,0.051966,0.000253,-0.000408,0.000674,0.006925,517.600000,0.000000,0.001105,0.000036,0.000061,-0.000042,0.000073,-0.000021,
0.040000,24.864292,24.864292,1.000000,24.866154,24.866154,0.000000,47.400000,1.000000,0.668000,-0.000179,0.000033,0.052569,0.000243,-0.000401,0.000918,0.007619,517.700000,0.000000,0.001027,0.000036,0.000014,-0.000142,0.000122,-0.000002,
0.040000,24.864391,24.864391,1.000000,24.866270,24.866270,0.000000,47.499999,1.000000,0.703200,-0.000144,0.000011,0.052438,0.000152,-0.000401,0.000754,0.006771,517.800000,0.000000,0.001184,0.000029,0.000108,0.000094,-0.000249,0.000033,
0.040000,24.864474,24.864474,1.000000,24.866051,24.866051,0.000000,47.600000,1.000000,0.676800,-0.000253,0.000032,0.052800,0.000158,-0.000419,0.001169,0.007591,517.900000,0.000000,0.001135,0.000011,0.000074,-0.000082,0.000085,0.000017,
0.040000,24.864573,24.864573,1.000000,24.866455,24.866455,0.000000,47.700000,1.000000,0.703200,-0.000101,0.000035,0.052350,0.000220,-0.000414,0.000480,0.006917,518.000000,0.000000,0.001184,0.000012,0.000154,0.000098,-0.000633,-0.000107,
0.040000,24.864671,24.864671,1.000000,24.866535,24.866535,0.000000,47.800000,1.000000,0.718400,-0.000152,0.000017,0.052969,-0.000012,-0.000430,0.000730,0.007203,518.100000,0.000000,0.001072,0.000024,0.000016,0.000057,0.000697,-0.000007,
0.040000,24.864760,24.864760,1.000000,24.866457,24.866457,0.000000,47.900000,1.000000,0.730800,-0.000167,0.000019,0.053020,0.000009,-0.000419,0.000898,0.007576,518.200000,0.000000,0.001173,-0.000023,0.000064,-0.000091,-0.000050,-0.000100,
0.040000,24.864842,24.864842,1.000000,24.866385,24.866385,0.000000,47.999999,1.000000,0.725600,-0.000187,0.000019,0.053095,0.000275,-0.000386,0.001048,0.007430,518.300000,0.000000,0.001160,-0.000018,0.000096,-0.000023,-0.000110,0.000030,
0.040000,24.864941,24.864941,1.000000,24.866821,24.866821,0.000000,48.100000,1.000000,0.682800,-0.000105,0.000022,0.053039,0.000300,-0.000396,0.000602,0.006950,518.400000,0.000000,0.001152,0.000035,0.000124,-0.000007,-0.000167,0.000210,
0.040000,24.865030,24.865030,1.000000,24.866737,24.866737,0.000000,48.200000,1.000000,0.713600,-0.000154,0.000034,0.053450,0.000050,-0.000415,0.000764,0.006975,518.500000,0.000000,0.001118,0.000039,0.000034,0.000016,0.000444,0.000022,
0.040000,24.865111,24.865111,1.000000,24.866634,24.866634,0.000000,48.300000,1.000000,0.687200,-0.000140,0.000045,0.053307,0.000281,-0.000403,0.000644,0.009973,518.600000,0.000000,0.001177,-0.000011,0.000065,0.000080,-0.000136,-0.000110,
0.040000,24.865192,24.865192,1.000000,24.866741,24.866741,0.000000,48.400000,1.000000,0.685600,-0.000200,0.000077,0.053616,0.000067,-0.000420,0.000942,0.007462,518.700000,0.000000,0.001126,0.000035,0.000040,0.000097,0.000034,0.000033,
0.040000,24.865270,24.865270,1.000000,24.866739,24.866739,0.000000,48.499999,1.000000,0.720000,-0.000189,0.000025,0.053586,0.000352,-0.000404,0.000965,0.008030,518.800000,0.000000,0.001164,-0.000008,0.000098,0.000234,-0.000356,-0.000094,
0.040000,24.865364,24.865364,1.000000,24.867159,24.867159,0.000000,48.600000,1.000000,0.731200,-0.000174,0.000044,0.053918,0.000298,-0.000403,0.000825,0.007387,518.900000,0.000000,0.001135,0.000048,0.000100,-0.000234,-0.000067,0.000067,
0.040000,24.865456,24.865456,1.000000,24.867207,24.867207,0.000000,48.700000,1.000000,0.714800,-0.000229,-0.000002,0.053911,0.000134,-0.000406,0.001170,0.007852,519.000000,0.000000,0.001179,0.000037,0.000071,0.000034,0.000062,0.000031,
0.040000,24.865539,24.865539,1.000000,24.867117,24.867117,0.000000,48.800000,1.000000,0.694800,-0.000156,0.000042,0.054244,0.000343,-0.000390,0.000947,0.009355,519.100000,0.000000,0.001154,0.000004,0.000137,-0.000277,-0.000313,-0.000006,
0.040000,24.865622,24.865622,1.000000,24.867189,24.867189,0.000000,48.900000,1.000000,0.715600,-0.000232,0.000043,0.054136,0.000197,-0.000413,0.001276,0.008725,519.200000,0.000000,0.001197,0.000045,0.000091,0.000167,0.000333,0.000095,
0.040000,24.865711,24.865711,1.000000,24.867416,24.867416,0.000000,48.999999,1.000000,0.666400,-0.000191,0.000032,0.054732,0.000168,-0.000429,0.000944,0.007080,519.300000,0.000000,0.001152,0.000015,0.000154,0.000070,-0.000342,-0.000108,
0.040000,24.865788,24.865788,1.000000,24.867250,24.867250,0.000000,49.100000,1.000000,0.748400,-0.000147,0.000065,0.054262,0.000189,-0.000413,0.000910,0.008504,519.400000,0.000000,0.001247,0.000009,0.000085,-0.000038,0.000121,-0.000138,
0.040000,24.865863,24.865863,1.000000,24.867275,24.867275,0.000000,49.300000,1.000000,0.688000,-0.000285,0.000003,0.054739,0.000146,-0.000400,0.001357,0.006969,519.600000,0.000000,0.001129,0.000013,0.000077,0.000190,0.000317,0.000047,
0.040000,24.865945,24.865945,1.000000,24.867516,24.867516,0.000000,49.400000,1.000000,0.730400,-0.000154,0.000032,0.054420,-0.000086,-0.000446,0.000989,0.006988,519.700000,0.000000,0.001201,0.000004,0.000164,-0.000316,-0.000733,0.000095,
0.040000,24.866010,24.866010,1.000000,24.867231,24.867231,0.000000,49.499999,1.000000,0.754400,-0.000185,0.000013,0.054916,0.000400,-0.000379,0.000956,0.009715,519.800000,0.000000,0.000981,-0.000087,0.000006,0.000124,0.000588,-0.000210,
0.040000,24.866095,24.866095,1.000000,24.867710,24.867710,0.000000,49.600000,1.000000,0.734800,-0.000136,0.000010,0.054689,0.000165,-0.000407,0.000792,0.007643,519.900000,0.000000,0.001060,0.000010,-0.000001,-0.000048,0.000090,0.000273,
0.040000,24.866171,24.866171,1.000000,24.867628,24.867628,0.000000,49.800000,1.000000,0.679600,-0.000217,-0.000005,0.055085,0.000155,-0.000406,0.001106,0.007592,520.100000,0.000000,0.000994,-0.000036,-0.000033,-0.000039,0.000335,-0.000063,
0.040000,24.866279,24.866279,1.000000,24.868319,24.868319,0.000000,49.900000,1.000000,0.718800,-0.000192,-0.000004,0.055254,0.000143,-0.000420,0.001090,0.008028,520.200000,0.000000,0.001053,-0.000038,0.000030,-0.000108,-0.000375,-0.000014,
0.040000,24.866359,24.866359,1.000000,24.867878,24.867878,0.000000,49.999999,1.000000,0.731600,-0.000135,-0.000014,0.055214,0.000128,-0.000411,0.000755,0.007307,520.300000,0.000000,0.001036,-0.000040,0.000021,0.000001,0.000099,-0.000068,
0.040000,24.866460,24.866460,1.000000,24.868376,24.868376,0.000000,50.100000,1.000000,0.742000,-0.000217,0.000034,0.055584,0.000116,-0.000423,0.001177,0.010054,520.400000,0.000000,0.001008,-0.000042,-0.000045,-0.000059,0.000362,0.000016,
0.040000,24.866539,24.866539,1.000000,24.868050,24.868050,0.000000,50.200000,1.000000,0.736000,-0.000187,-0.000004,0.055455,0.000243,-0.000397,0.000932,0.006432,520.500000,0.000000,0.001061,-0.000043,0.000039,0.000273,-0.000359,-0.000064,
0.040000,24.866627,24.866627,1.000000,24.868298,24.868298,0.000000,50.300000,1.000000,0.700000,-0.000151,0.000038,0.055769,0.000142,-0.000425,0.000794,0.008955,520.600000,0.000000,0.001015,-0.000017,-0.000010,-0.000132,0.000046,0.000136,
0.040000,24.866725,24.866725,1.000000,24.868578,24.868578,0.000000,50.400000,1.000000,0.701600,-0.000156,0.000043,0.055828,0.000195,-0.000427,0.000863,0.010019,520.700000,0.000000,0.001056,-0.000037,-0.000037,0.000208,0.000241,-0.000124,
0.040000,24.866817,24.866817,1.000000,24.868584,24.868584,0.000000,50.499999,1.000000,0.701200,-0.000178,0.000017,0.055894,0.000309,-0.000410,0.000940,0.010004,520.800000,0.000000,0.001047,-0.000026,-0.000023,0.000113,0.000062,-0.000057,
0.040000,24.866888,24.866888,1.000000,24.868227,24.868227,0.000000,50.600000,1.000000,0.727200,-0.000194,0.000010,0.056500,0.000138,-0.000421,0.000937,0.008526,520.900000,0.000000,0.001039,-0.000003,-0.000007,-0.000115,-0.000110,0.000082,
0.040000,24.866974,24.866974,1.000000,24.868618,24.868618,0.000000,50.700000,1.000000,0.694000,-0.000188,0.000012,0.056175,0.000315,-0.000401,0.000845,0.007020,521.000000,0.000000,0.001138,-0.000036,-0.000008,-0.000090,-0.000142,-0.000034,
0.040000,24.867053,24.867053,1.000000,24.868536,24.868536,0.000000,50.800000,1.000000,0.682800,-0.000159,0.000028,0.056489,-0.000034,-0.000443,0.000895,0.007273,521.100000,0.000000,0.001052,-0.000001,-0.000026,-0.000023,-0.000020,0.000107,
0.040000,24.867143,24.867143,1.000000,24.868872,24.868872,0.000000,50.900000,1.000000,0.716400,-0.000156,0.000001,0.056387,0.000030,-0.000433,0.000865,0.006906,521.200000,0.000000,0.001093,-0.000070,-0.000015,0.000092,0.000172,-0.000217,
0.040000,24.867241,24.867241,1.000000,24.869099,24.869099,0.000000,50.999999,1.000000,0.713600,-0.000189,0.000033,0.056089,0.000192,-0.000417,0.001005,0.008123,521.300000,0.000000,0.001052,-0.000055,-0.000021,-0.000134,0.000085,-0.000020,
0.040000,24.867324,24.867324,1.000000,24.868893,24.868893,0.000000,51.100000,1.000000,0.700000,-0.000123,0.000036,0.056325,0.000126,-0.000436,0.000752,0.007772,521.400000,0.000000,0.000972,-0.000023,0.000007,0.000148,-0.000168,0.000092,
0.040000,24.867430,24.867430,1.000000,24.869440,24.869440,0.000000,51.200000,1.000000,0.704400,-0.000234,0.000032,0.056697,0.000251,-0.000431,0.001109,0.006781,521.500000,0.000000,0.000999,-0.000035,-0.000043,0.000074,0.000339,-0.000083,
0.040000,24.867525,24.867525,1.000000,24.869329,24.869329,0.000000,51.300000,1.000000,0.700000,-0.000109,0.000005,0.056593,0.000100,-0.000440,0.000525,0.012232,521.600000,0.000000,0.001053,-0.000010,0.000028,0.000005,-0.000554,0.000001,
0.040000,24.867627,24.867627,0.000000,24.869579,24.869579,0.000000,51.400000,0.000000,0.702000,-0.000153,0.000001,0.056616,0.000162,-0.000418,0.000761,0.009215,521.700000,0.000000,0.001012,-0.000039,-0.000087,-0.000164,0.000562,-0.000055,
0.040000,24.867711,24.867711,0.000000,24.869307,24.869307,0.000000,51.499999,0.000000,0.705600,-0.000058,0.000013,0.057005,0.000003,-0.000447,0.000193,0.007790,521.800000,0.000000,0.000996,-0.000026,-0.000039,-0.000088,-0.000055,0.000109,
0.040000,24.867796,24.867796,1.000000,24.869398,24.869398,0.000000,51.600000,1.000000,0.735600,-0.000068,0.000016,0.056942,0.000124,-0.000430,0.000256,0.006487,521.900000,0.000000,0.001053,-0.000057,-0.000150,0.000043,0.000566,-0.000132,
0.040000,24.867873,24.867873,1.000000,24.869347,24.869347,0.000000,51.700000,1.000000,0.701200,-0.000105,0.000045,0.057344,-0.000088,-0.000458,0.000378,0.008076,522.000000,0.000000,0.001020,-0.000032,-0.000135,0.000032,0.000150,0.000055,
0.040000,24.867959,24.867959,1.000000,24.869598,24.869598,0.000000,51.800000,1.000000,0.726400,-0.000202,-0.000040,0.057679,0.000053,-0.000433,0.000711,0.008744,522.100000,0.000000,0.001079,-0.000073,-0.000108,0.000190,-0.000168,-0.000153,
0.040000,24.868062,24.868062,1.000000,24.870010,24.870010,0.000000,51.900000,1.000000,0.726000,-0.000142,0.000004,0.057508,0.000149,-0.000434,0.000781,0.007640,522.200000,0.000000,0.001124,-0.000044,-0.000040,-0.000449,-0.000667,0.000095,
0.040000,24.868164,24.868164,1.000000,24.870102,24.870102,0.000000,51.999999,1.000000,0.711200,-0.000122,-0.000003,0.057299,0.000132,-0.000418,0.000657,0.007325,522.300000,0.000000,0.001068,-0.000024,-0.000026,0.000099,0.000119,0.000032,
0.040000,24.868242,24.868242,1.000000,24.869734,24.869734,0.000000,52.100000,1.000000,0.708400,-0.000238,0.000102,0.057874,0.000089,-0.000459,0.001009,0.007034,522.400000,0.000000,0.001006,-0.000027,-0.000050,-0.000004,0.000167,0.000111,
0.040000,24.868326,24.868326,1.000000,24.869913,24.869913,0.000000,52.200000,1.000000,0.711600,-0.000190,-0.000003,0.057813,0.000167,-0.000437,0.000801,0.006771,522.500000,0.000000,0.001100,-0.000035,0.000021,0.000644,-0.000651,-0.000211,
0.040000,24.868410,24.868410,1.000000,24.870003,24.870003,0.000000,52.300000,1.000000,0.704000,-0.000105,0.000013,0.057972,-0.000029,-0.000457,0.000418,0.009067,522.600000,0.000000,0.001066,-0.000019,-0.000021,-0.000405,0.000050,0.000054,
0.040000,24.868511,24.868511,1.000000,24.870430,24.870430,0.000000,52.400000,1.000000,0.728400,-0.000094,0.000035,0.058030,0.000206,-0.000429,0.000374,0.009074,522.700000,0.000000,0.001076,-0.000057,-0.000096,-0.000052,0.000544,-0.000103,
0.040000,24.868593,24.868593,1.000000,24.870148,24.870148,0.000000,52.499999,1.000000,0.698800,-0.000122,0.000019,0.058387,0.000066,-0.000461,0.000482,0.006929,522.800000,0.000000,0.001066,-0.000010,-0.000103,0.000112,0.000270,0.000133,
0.040000,24.868694,24.868694,1.000000,24.870619,24.870619,0.000000,52.600000,1.000000,0.705200,-0.000112,0.000020,0.058078,0.000045,-0.000448,0.000632,0.007322,522.900000,0.000000,0.001116,-0.000037,-0.000079,-0.000056,-0.000068,-0.000148,
0.040000,24.868769,24.868769,1.000000,24.870197,24.870197,0.000000,52.700000,1.000000,0.686400,-0.000165,0.000026,0.057927,0.000421,-0.000410,0.001033,0.007454,523.000000,0.000000,0.001033,-0.000041,-0.000048,-0.000013,0.000034,0.000025,
0.040000,24.868870,24.868870,1.000000,24.870789,24.870789,0.000000,52.800000,1.000000,0.690400,-0.000207,-0.000001,0.058795,0.000029,-0.000458,0.000913,0.006821,523.100000,0.000000,0.000982,0.000034,0.000032,0.000035,-0.000314,0.000245,
0.040000,24.868965,24.868965,1.000000,24.870773,24.870773,0.000000,52.900000,1.000000,0.709600,-0.000126,0.000013,0.058683,0.000161,-0.000441,0.000782,0.006592,523.200000,0.000000,0.001135,-0.000043,0.000007,-0.000158,-0.000377,-0.000203,
0.040000,24.869031,24.869031,1.000000,24.870283,24.870283,0.000000,52.999999,1.000000,0.731200,-0.000176,0.000065,0.059057,0.000148,-0.000455,0.000624,0.007117,523.300000,0.000000,0.001090,-0.000017,-0.000019,0.000030,0.000355,0.000026,
0.040000,24.869132,24.869132,1.000000,24.871052,24.871052,0.000000,53.100000,1.000000,0.668400,-0.000170,-0.000020,0.059088,0.000005,-0.000453,0.000585,0.007321,523.400000,0.000000,0.001142,-0.000019,-0.000049,0.000328,-0.000172,-0.000078,
0.040000,24.869213,24.869213,1.000000,24.870754,24.870754,0.000000,53.200000,1.000000,0.718800,-0.000100,0.000010,0.058996,0.000080,-0.000455,0.000285,0.006759,523.500000,0.000000,0.001126,-0.000047,-0.000056,-0.000399,-0.000028,-0.000018,
0.040000,24.869316,24.869316,0.000000,24.871269,24.871269,0.000000,53.300000,0.000000,0.716400,-0.000142,-0.000007,0.059209,-0.000046,-0.000466,0.000568,0.008821,523.600000,0.000000,0.001085,-0.000031,-0.000114,0.000034,0.000420,-0.000019,
0.040000,24.869415,24.869415,0.000000,24.871302,24.871302,0.000000,53.400000,0.000000,0.671600,-0.000089,0.000017,0.059375,0.000203,-0.000444,0.000278,0.007957,523.700000,0.000000,0.001106,-0.000055,-0.000056,-0.000090,-0.000099,-0.000070,
0.040000,24.869513,24.869513,1.000000,24.871359,24.871359,0.000000,53.499999,1.000000,0.712000,-0.000071,0.000010,0.059080,0.000009,-0.000457,0.000219,0.006721,523.800000,0.000000,0.001117,-0.000005,-0.000112,0.000111,0.000292,0.000104,
0.040000,24.869612,24.869612,1.000000,24.871500,24.871500,0.000000,53.600000,1.000000,0.685200,-0.000130,0.000024,0.058801,-0.000065,-0.000471,0.000648,0.007040,523.900000,0.000000,0.001037,-0.000043,-0.000122,0.000003,0.000224,-0.000041,
0.040000,24.869683,24.869683,1.000000,24.871033,24.871033,0.000000,53.700000,1.000000,0.712400,-0.000123,0.000005,0.059390,0.000148,-0.000438,0.000411,0.007091,524.000000,0.000000,0.000961,-0.000057,-0.000035,0.000088,-0.000281,-0.000102,
0.040000,24.869783,24.869783,1.000000,24.871674,24.871674,0.000000,53.800000,1.000000,0.674400,-0.000192,0.000037,0.059349,0.000068,-0.000460,0.000755,0.006961,524.100000,0.000000,0.001058,-0.000014,-0.000081,-0.000087,-0.000066,0.000167,
0.040000,24.869881,24.869881,0.000000,24.871761,24.871761,0.000000,53.900000,0.000000,0.710400,-0.000153,0.000031,0.059758,0.000296,-0.000440,0.000698,0.006238,524.200000,0.000000,0.001029,-0.000029,-0.000011,0.000163,-0.000451,-0.000070,
0.040000,24.869956,24.869956,1.000000,24.871363,24.871363,0.000000,53.999999,1.000000,0.703200,-0.000039,0.000001,0.059337,0.000034,-0.000467,0.000038,0.006798,524.300000,0.000000,0.001090,0.000016,-0.000022,0.000026,0.000071,0.000095,
0.040000,24.870030,24.870030,0.000000,24.871454,24.871454,0.000000,54.100000,0.000000,0.694400,-0.000138,0.000011,0.059432,0.000153,-0.000453,0.000772,0.006365,524.400000,0.000000,0.000985,-0.000036,-0.000152,-0.000171,0.000731,-0.000130,
0.040000,24.870129,24.870129,1.000000,24.872005,24.872005,0.000000,54.200000,1.000000,0.690400,-0.000072,0.000007,0.059569,0.000024,-0.000446,0.000032,0.006385,524.500000,0.000000,0.000984,-0.000011,-0.000004,-0.000008,-0.000333,0.000033,
0.040000,24.870206,24.870206,0.000000,24.871672,24.871672,0.000000,54.300000,0.000000,0.718400,-0.000156,0.000012,0.059950,0.000040,-0.000456,0.000726,0.006251,524.600000,0.000000,0.000992,-0.000037,-0.000150,-0.000028,0.000279,0.000057,
0.040000,24.870297,24.870297,1.000000,24.872011,24.872011,0.000000,54.400000,1.000000,0.707600,-0.000080,0.000010,0.060115,0.000011,-0.000464,0.000313,0.006360,524.700000,0.000000,0.001048,-0.000033,-0.000010,0.000022,-0.000408,-0.000037,
0.040000,24.870377,24.870377,0.000000,24.871906,24.871906,0.000000,54.499999,0.000000,0.730400,-0.000149,0.000005,0.060032,0.000257,-0.000433,0.000611,0.006328,524.800000,0.000000,0.001060,-0.000038,-0.000091,-0.000006,0.000311,-0.000065,
0.040000,24.870448,24.870448,1.000000,24.871798,24.871798,0.000000,54.600000,1.000000,0.678000,-0.000090,-0.000002,0.060282,0.000223,-0.000456,0.000248,0.006288,524.900000,0.000000,0.001022,0.000011,-0.000031,-0.000032,-0.000309,0.000164,
0.040000,24.870548,24.870548,1.000000,24.872446,24.872446,0.000000,54.700000,1.000000,0.694000,-0.000104,-0.000006,0.060465,0.000143,-0.000446,0.000222,0.006785,525.000000,0.000000,0.001052,0.000005,-0.000102,-0.000053,0.000245,-0.000079,
0.040000,24.870635,24.870635,1.000000,24.872292,24.872292,0.000000,54.800000,1.000000,0.694800,-0.000178,0.000025,0.060898,0.000113,-0.000443,0.000922,0.008090,525.100000,0.000000,0.001067,-0.000011,-0.000105,-0.000045,0.000007,0.000033,
0.040000,24.870731,24.870731,1.000000,24.872561,24.872561,0.000000,54.900000,1.000000,0.706000,-0.000117,0.000015,0.060781,0.000101,-0.000458,0.000422,0.007787,525.200000,0.000000,0.001131,-0.000017,0.000035,0.000177,-0.000453,0.000030,
0.040000,24.870828,24.870828,1.000000,24.872663,24.872663,0.000000,54.999999,1.000000,0.694800,-0.000148,0.000034,0.061006,0.000094,-0.000464,0.000690,0.006900,525.300000,0.000000,0.001086,-0.000019,-0.000064,0.000001,0.000207,-0.000079,
0.040000,24.870917,24.870917,1.000000,24.872599,24.872599,0.000000,55.100000,1.000000,0.724400,-0.000185,0.000026,0.061179,0.000226,-0.000449,0.000932,0.008306,525.400000,0.000000,0.001109,-0.000020,-0.000010,0.000119,-0.000112,-0.000070,
0.040000,24.870985,24.870985,1.000000,24.872284,24.872284,0.000000,55.200000,1.000000,0.700000,-0.000196,0.000052,0.061207,0.000396,-0.000434,0.000878,0.007153,525.500000,0.000000,0.001121,0.000006,0.000038,-0.000002,-0.000272,0.000067,
0.040000,24.871064,24.871064,1.000000,24.872564,24.872564,0.000000,55.300000,1.000000,0.690000,-0.000184,0.000022,0.061526,0.000105,-0.000478,0.001001,0.006766,525.600000,0.000000,0.001105,0.000040,0.000027,0.000156,-0.000174,0.000117,
0.040000,24.871163,24.871163,1.000000,24.873053,24.873053,0.000000,55.400000,1.000000,0.698800,-0.000242,0.000004,0.061612,-0.000010,-0.000480,0.001039,0.006212,525.700000,0.000000,0.001146,-0.000018,0.000050,-0.000126,0.000010,-0.000228,
0.040000,24.871254,24.871254,1.000000,24.872967,24.872967,0.000000,55.499999,1.000000,0.701200,-0.000184,0.000029,0.061272,0.000390,-0.000448,0.000975,0.006962,525.800000,0.000000,0.001140,-0.000041,0.000057,-0.000155,-0.000357,-0.000094,
0.040000,24.871326,24.871326,1.000000,24.872711,24.872711,0.000000,55.600000,1.000000,0.710000,-0.000136,0.000014,0.061364,0.000174,-0.000445,0.000795,0.007166,525.900000,0.000000,0.001050,0.000039,0.000043,0.000095,0.000220,0.000160,
0.040000,24.871427,24.871427,1.000000,24.873333,24.873333,0.000000,55.700000,1.000000,0.722000,-0.000231,0.000093,0.061694,0.000329,-0.000457,0.001147,0.007212,526.000000,0.000000,0.001048,-0.000004,0.000007,-0.000057,0.000385,0.000081,
0.040000,24.871505,24.871505,1.000000,24.872986,24.872986,0.000000,55.800000,1.000000,0.716400,-0.000170,0.000006,0.061787,0.000127,-0.000472,0.000800,0.006706,526.100000,0.000000,0.001092,0.000027,0.000076,0.000468,-0.000444,-0.000048,
0.040000,24.871577,24.871577,1.000000,24.872946,24.872946,0.000000,55.900000,1.000000,0.712400,-0.000180,0.000020,0.062046,0.000007,-0.000478,0.000976,0.007593,526.200000,0.000000,0.001089,-0.000014,0.000006,-0.000363,0.000207,-0.000107,
0.040000,24.871651,24.871651,1.000000,24.873055,24.873055,0.000000,55.999999,1.000000,0.729200,-0.000166,0.000025,0.062172,0.000007,-0.000480,0.000875,0.006913,526.300000,0.000000,0.001119,-0.000037,0.000041,-0.000047,0.000020,-0.000079,
0.040000,24.871743,24.871743,1.000000,24.873507,24.873507,0.000000,56.100000,1.000000,0.694000,-0.000268,-0.000006,0.062335,0.000323,-0.000451,0.001304,0.007187,526.400000,0.000000,0.001122,-0.000037,0.000020,0.000007,0.000096,-0.000042,
0.040000,24.871842,24.871842,1.000000,24.873709,24.873709,0.000000,56.200000,1.000000,0.696800,-0.000140,0.000034,0.062056,0.000206,-0.000469,0.000809,0.008007,526.500000,0.000000,0.001132,0.000027,0.000104,-0.000184,-0.000599,0.000162,
0.040000,24.871939,24.871939,1.000000,24.873793,24.873793,0.000000,56.300000,1.000000,0.720000,-0.000168,0.000024,0.062531,0.000121,-0.000481,0.000639,0.006861,526.600000,0.000000,0.001054,0.000003,0.000004,0.000172,0.000564,-0.000051,
0.040000,24.872021,24.872021,1.000000,24.873571,24.873571,0.000000,56.400000,1.000000,0.700000,-0.000168,0.000020,0.062439,0.000246,-0.000465,0.001003,0.007048,526.700000,0.000000,0.001127,-0.000014,-0.000029,0.000005,0.000046,-0.000090,
0.040000,24.872106,24.872106,1.000000,24.873722,24.873722,0.000000,56.499999,1.000000,0.722000,-0.000205,0.000037,0.063283,0.000215,-0.000470,0.001071,0.007031,526.800000,0.000000,0.001087,0.000011,0.000043,-0.000021,0.000013,0.000065,
0.040000,24.872202,24.872202,0.000000,24.874025,24.874025,0.000000,56.600000,0.000000,0.713200,-0.000208,0.000026,0.062811,0.000176,-0.000463,0.001078,0.006973,526.900000,0.000000,0.001232,0.000005,0.000056,0.000095,-0.000222,-0.000008,
0.040000,24.872298,24.872298,1.000000,24.874123,24.874123,0.000000,56.700000,1.000000,0.729200,-0.000090,0.000031,0.062871,0.000118,-0.000483,0.000357,0.008120,527.000000,0.000000,0.001114,-0.000003,0.000056,-0.000032,-0.000104,0.000039,
0.040000,24.872395,24.872395,1.000000,24.874241,24.874241,0.000000,56.800000,1.000000,0.710800,-0.000125,0.000023,0.062478,0.000139,-0.000478,0.000590,0.006552,527.100000,0.000000,0.001104,-0.000014,-0.000088,0.000018,0.000688,-0.000106,
0.040000,24.872493,24.872493,1.000000,24.874361,24.874361,0.000000,56.900000,1.000000,0.714400,-0.000192,0.000018,0.063263,-0.000076,-0.000490,0.000830,0.006502,527.200000,0.000000,0.001005,-0.000010,