"ADAPTIVE_THRESHOLD_SIGMA","ESTIMATED_OBSERVATION_RADIUS","ESTIMATED_SENSOR_MAX_RANGE","ICP_ITERATION","INSTANTANEOUS_OBSERVATION_RADIUS","INSTANTANEOUS_SENSOR_MAX_RANGE","SENSOR_TIME_OFFSET","current_relative_timestamp","icp_iterations","icp_quality","robot_pitch","robot_roll","robot_x","robot_y","robot_yaw","robot_z","time_onLidar","timestamp","twistCorrectionCount","vx","vy","vz","wx","wy","wz",
0.200000,25.146523,25.146523,0.000000,20.000000,20.000000,0.000000,0.000000,0.000000,0.000000,0.000000,0.000000,0.000000,0.000000,0.000000,0.000000,0.000000,8.200000,0.000000,0.000000,0.000000,0.000000,0.000000,0.000000,0.000000,
0.200000,25.145163,25.145163,0.000000,25.119335,25.119335,0.000000,0.100000,0.000000,0.984400,0.000044,-0.000077,-0.000018,-0.000153,0.000005,0.000822,0.012412,8.300000,0.000000,0.000000,0.000000,0.000000,0.000000,0.000000,0.000000,
0.197500,25.144412,25.144412,1.000000,25.130140,25.130140,0.000000,0.400000,1.000000,1.000000,0.000044,-0.000077,-0.000018,-0.000153,0.000005,0.000822,0.009732,8.600000,0.000000,0.000000,0.000000,0.000000,0.000000,0.000000,0.000000,
0.195000,25.144023,25.144023,0.000000,25.136639,25.136639,0.000000,0.500000,0.000000,0.998000,0.000098,-0.000105,0.000087,-0.000343,0.000021,0.001026,0.012796,8.700000,0.000000,0.000000,0.000000,0.000000,0.000000,0.000000,0.000000,
0.192500,25.143672,25.143672,0.000000,25.136993,25.136993,0.000000,0.600000,0.000000,0.996400,-0.000002,-0.000011,0.000466,-0.000205,0.000030,0.000200,0.006874,8.800000,0.000000,0.000000,0.000000,0.000000,0.000000,0.000000,0.000000,
0.190000,25.143325,25.143325,0.000000,25.136734,25.136734,0.000000,0.700000,0.000000,0.996400,-0.000005,-0.000050,0.000687,-0.000452,0.000049,0.000214,0.006873,8.900000,0.000000,0.000000,0.000000,0.000000,0.000000,0.000000,0.000000,
0.187500,25.142263,25.142263,1.000000,25.122087,25.122087,0.000000,0.800000,1.000000,0.997600,0.000038,-0.000003,0.000770,-0.000215,0.000027,0.000541,0.007988,9.000000,0.000000,0.000000,0.000000,0.000000,0.000000,0.000000,0.000000,
0.185000,25.141413,25.141413,0.000000,25.125271,25.125271,0.000000,0.900000,0.000000,0.997200,0.000148,-0.000059,0.000870,-0.000554,0.000059,0.001442,0.008362,9.100000,0.000000,0.000000,0.000000,0.000000,0.000000,0.000000,0.000000,
0.182500,25.140427,25.140427,0.000000,25.121685,25.121685,0.000000,1.000000,0.000000,0.997600,0.000093,-0.000082,0.000891,-0.000397,0.000025,0.000814,0.007252,9.200000,0.000000,0.000000,0.000000,0.000000,0.000000,0.000000,0.000000,
0.180000,25.140168,25.140168,1.000000,25.135256,25.135256,0.000000,1.100000,1.000000,0.998400,0.000001,-0.000046,0.001629,-0.000255,0.000023,0.000191,0.010626,9.300000,0.000000,0.000204,0.001574,-0.006277,-0.000231,-0.000549,-0.000345,
0.177500,25.139233,25.139233,0.000000,25.121454,25.121454,0.000000,1.200000,0.000000,0.997200,0.000127,0.000017,0.000716,-0.000041,0.000008,0.000815,0.007094,9.400000,0.000000,0.003795,0.001497,-0.006253,0.000167,-0.000795,-0.000123,
0.175000,25.139121,25.139121,0.000000,25.137005,25.137005,0.000000,1.300000,0.000000,0.996800,0.000078,-0.000013,0.001437,-0.000131,0.000019,0.000514,0.007414,9.500000,0.000000,-0.000517,0.001711,-0.002088,0.000458,0.000488,-0.000144,
0.172500,25.139063,25.139063,1.000000,25.137955,25.137955,0.000000,1.500000,1.000000,0.989600,0.000024,-0.000061,0.001375,-0.000199,0.000020,0.000341,0.010435,9.700000,0.000000,0.001419,0.001058,-0.002318,-0.000014,-0.000120,0.000013,
0.170000,25.138467,25.138467,0.000000,25.127146,25.127146,0.000000,1.600000,0.000000,0.994400,0.000142,-0.000075,0.001570,-0.000138,0.000004,0.000969,0.008507,9.800000,0.000000,0.001010,0.000709,-0.002200,-0.000300,-0.000378,0.000014,
0.167500,25.138737,25.138737,1.000000,25.143858,25.143858,0.000000,1.700000,1.000000,0.993200,-0.000002,-0.000045,0.002290,-0.000369,0.000051,0.000306,0.006867,9.900000,0.000000,0.000993,0.000528,0.000187,-0.000082,0.000541,-0.000077,
0.165000,25.138185,25.138185,0.000000,25.127707,25.127707,0.000000,1.800000,0.000000,0.986400,0.000127,-0.000031,0.001696,-0.000139,0.000039,0.001029,0.007407,10.000000,0.000000,0.001619,0.000242,-0.000501,0.000128,-0.000556,0.000226,
0.162500,25.138075,25.138075,0.000000,25.135990,25.135990,0.000000,1.900000,0.000000,0.990400,0.000076,-0.000021,0.001846,0.000093,0.000004,0.000780,0.008406,10.100000,0.000000,0.000925,0.000432,0.000210,0.000135,0.000567,0.000014,
0.160000,25.137974,25.137974,0.000000,25.136045,25.136045,0.000000,2.000000,0.000000,0.984000,0.000026,-0.000059,0.002287,-0.000065,-0.000003,0.000536,0.007532,10.200000,0.000000,0.000973,0.000591,-0.000017,0.000111,-0.000099,-0.000207,
0.157500,25.137126,25.137126,0.000000,25.121012,25.121012,0.000000,2.100000,0.000000,0.992800,0.000036,-0.000047,0.002230,-0.000155,0.000005,0.000436,0.007142,10.300000,0.000000,0.001242,0.000421,-0.000207,-0.000193,-0.000344,-0.000123,
0.155000,25.136603,25.136603,0.000000,25.126671,25.126671,0.000000,2.200000,0.000000,0.988800,0.000078,-0.000034,0.002053,-0.000102,0.000013,0.000734,0.006924,10.400000,0.000000,0.001110,0.000325,-0.000265,0.000003,-0.000067,-0.000001,
0.152500,25.136538,25.136538,0.000000,25.135311,25.135311,0.000000,2.400000,0.000000,0.991600,0.000027,-0.000063,0.002293,-0.000344,0.000044,0.000409,0.007147,10.600000,0.000000,0.000913,0.000339,-0.000044,0.000080,0.000230,0.000052,
0.150000,25.136497,25.136497,0.000000,25.135717,25.135717,0.000000,2.500000,0.000000,0.985600,-0.000054,-0.000042,0.002947,-0.000178,0.000015,0.000009,0.007340,10.700000,0.000000,0.001008,0.000161,-0.000250,-0.000145,-0.000228,0.000211,
0.147500,25.136406,25.136406,0.000000,25.134659,25.134659,0.000000,2.600000,0.000000,0.972000,0.000046,-0.000023,0.002742,-0.000208,0.000013,0.000502,0.007012,10.800000,0.000000,0.001481,0.000301,-0.000615,0.000090,-0.000395,-0.000129,
0.145000,25.136371,25.136371,0.000000,25.135717,25.135717,0.000000,2.700000,0.000000,0.973600,0.000000,-0.000037,0.002838,-0.000315,0.000028,0.000306,0.008273,10.900000,0.000000,0.001305,0.000271,-0.000338,0.000146,0.000377,-0.000066,
0.142500,25.136315,25.136315,0.000000,25.135242,25.135242,0.000000,2.800000,0.000000,0.973600,0.000052,-0.000027,0.002857,-0.000201,0.000033,0.000690,0.006781,11.000000,0.000000,0.001288,0.000207,-0.000416,-0.000027,-0.000130,0.000064,
0.140000,25.136235,25.136235,0.000000,25.134729,25.134729,0.000000,3.000000,0.000000,0.964400,0.000054,-0.000032,0.002919,-0.000127,0.000028,0.000671,0.010504,11.200000,0.000000,0.001237,0.000250,-0.000219,0.000047,0.000267,0.000054,
0.137500,25.136070,25.136070,0.000000,25.132927,25.132927,0.000000,3.100000,0.000000,0.963600,-0.000034,-0.000059,0.003360,-0.000391,0.000031,-0.000011,0.010797,11.300000,0.000000,0.001210,0.000272,-0.000218,-0.000011,0.000118,-0.000011,
0.135000,25.135835,25.135835,0.000000,25.131361,25.131361,0.000000,3.200000,0.000000,0.970400,-0.000017,-0.000048,0.003754,-0.000310,0.000031,0.000230,0.007158,11.400000,0.000000,0.001365,0.000024,-0.000715,-0.000129,-0.000410,0.000016,
0.132500,25.135971,25.135971,0.000000,25.138569,25.138569,0.000000,3.300000,0.000000,0.970000,0.000049,-0.000039,0.003612,-0.000204,0.000023,0.000427,0.007849,11.500000,0.000000,0.001462,0.000053,-0.000596,0.000002,-0.000091,0.000005,
0.130000,25.136221,25.136221,1.000000,25.140963,25.140963,0.000000,3.400000,1.000000,0.960000,0.000011,-0.000026,0.003770,-0.000189,0.000020,0.000363,0.007201,11.600000,0.000000,0.001356,0.000090,-0.000502,0.000061,0.000367,-0.000042,
0.127500,25.136562,25.136562,0.000000,25.143047,25.143047,0.000000,3.500000,0.000000,0.963200,0.000149,0.000001,0.003727,0.000034,0.000022,0.001212,0.008500,11.700000,0.000000,0.001364,0.000093,-0.000507,0.000102,-0.000093,-0.000040,
0.125000,25.135716,25.135716,0.000000,25.119631,25.119631,0.000000,3.600000,0.000000,0.954000,0.000018,-0.000041,0.003944,-0.000252,0.000016,0.000302,0.007316,11.800000,0.000000,0.001301,0.000167,-0.000192,0.000208,0.000815,-0.000003,
0.122500,25.134923,25.134923,0.000000,25.119867,25.119867,0.000000,3.700000,0.000000,0.956800,0.000044,-0.000082,0.003872,-0.000193,0.000008,0.000598,0.007597,11.900000,0.000000,0.001331,0.000064,-0.000497,-0.000184,-0.000501,-0.000038,
0.120000,25.134890,25.134890,0.000000,25.134253,25.134253,0.000000,3.800000,0.000000,0.962400,-0.000040,-0.000056,0.004256,-0.000114,0.000015,-0.000018,0.007215,12.000000,0.000000,0.001262,0.000082,-0.000381,-0.000320,-0.000029,-0.000062,
0.117500,25.134433,25.134433,0.000000,25.125759,25.125759,0.000000,3.900000,0.000000,0.960000,0.000017,-0.000025,0.004413,-0.000032,0.000003,0.000390,0.010572,12.100000,0.000000,0.001347,0.000105,-0.000570,0.000035,-0.000526,0.000019,
0.115000,25.133699,25.133699,0.000000,25.119757,25.119757,0.000000,4.000000,0.000000,0.952400,0.000097,-0.000017,0.004140,-0.000140,0.000007,0.000808,0.008832,12.200000,0.000000,0.001354,0.000127,-0.000421,0.000206,0.000150,-0.000066,
0.112500,25.133752,25.133752,0.000000,25.134758,25.134758,0.000000,4.100000,0.000000,0.956000,0.000025,-0.000067,0.004365,-0.000244,0.000009,0.000497,0.009379,12.300000,0.000000,0.001226,0.000090,-0.000277,0.000130,0.000548,-0.000001,
0.110000,25.133792,25.133792,0.000000,25.134554,25.134554,0.000000,4.200000,0.000000,0.960800,0.000064,-0.000069,0.004632,-0.000247,0.000013,0.000834,0.007253,12.400000,0.000000,0.001257,0.000055,-0.000364,-0.000261,-0.000231,0.000012,
0.107500,25.133225,25.133225,1.000000,25.122440,25.122440,0.000000,4.300000,1.000000,0.952000,0.000076,-0.000062,0.004531,-0.000215,0.000023,0.000940,0.007479,12.500000,0.000000,0.001300,0.000052,-0.000251,-0.000113,0.000153,0.000030,
0.105000,25.133254,25.133254,0.000000,25.133802,25.133802,0.000000,4.400000,0.000000,0.954800,0.000105,-0.000067,0.004720,-0.000240,0.000020,0.000989,0.007345,12.600000,0.000000,0.001231,0.000060,-0.000212,0.000001,0.000131,0.000074,
0.102500,25.133057,25.133057,1.000000,25.129320,25.129320,0.000000,4.500000,1.000000,0.960800,-0.000019,-0.000040,0.004929,-0.000192,0.000023,0.000151,0.006790,12.700000,0.000000,0.001250,0.000051,-0.000191,-0.000032,0.000230,0.000008,
0.100000,25.133142,25.133142,1.000000,25.134766,25.134766,0.000000,4.600000,1.000000,0.946000,0.000008,-0.000037,0.009625,0.001597,-0.000270,0.000215,0.008070,12.800000,0.000000,0.001275,0.000063,-0.000427,0.000153,-0.000678,0.000020,
0.097500,25.132491,25.132491,2.000000,25.120111,25.120111,0.000000,4.700000,2.000000,0.922000,-0.000195,-0.000099,0.030969,0.004891,-0.000894,-0.000545,0.007583,12.900000,0.000000,0.002573,0.000570,-0.000397,0.000080,-0.000091,-0.001800,
0.095000,25.131140,25.131140,2.000000,25.105467,25.105467,0.000000,4.800000,2.000000,0.931200,-0.000129,-0.000042,0.072434,0.008601,-0.001655,-0.000359,0.008174,13.000000,0.000000,0.008478,0.001478,-0.000599,-0.000356,-0.001292,-0.004548,
0.092500,25.128565,25.128565,3.000000,25.079655,25.079655,0.000000,4.900000,3.000000,0.854800,-0.000819,-0.000194,0.210627,0.012014,-0.003366,-0.002253,0.010356,13.100000,0.000000,0.019697,0.002472,-0.000533,0.000220,-0.000088,-0.006439,
0.090000,25.124484,25.124484,2.000000,25.046940,25.046940,0.000000,5.000000,2.000000,0.940400,-0.000819,-0.000194,0.210627,0.012014,-0.003366,-0.002253,0.011046,13.200000,0.000000,0.036288,0.002951,-0.000697,-0.000274,-0.001786,-0.007640,
0.087500,25.118694,25.118694,2.000000,25.008675,25.008675,0.000000,5.100000,2.000000,0.914000,-0.000974,-0.000173,0.292450,0.011410,-0.003798,-0.002531,0.015635,13.300000,0.000000,0.055592,0.003330,-0.001022,-0.000696,-0.003191,-0.008314,
0.085000,25.110080,25.110080,2.000000,24.946428,24.946428,0.000000,5.200000,2.000000,0.850400,-0.001375,-0.000157,0.452372,0.011011,-0.004740,-0.002557,0.009388,13.400000,0.000000,0.075870,0.003154,-0.001087,-0.000135,-0.002175,-0.005846,
0.082500,25.100171,25.100171,2.000000,24.911900,24.911900,0.000000,5.300000,2.000000,0.945600,-0.001375,-0.000157,0.452372,0.011011,-0.004740,-0.002557,0.011825,13.500000,0.000000,0.094999,0.002984,-0.001093,-0.000165,-0.001826,-0.005247,
0.080000,25.088634,25.088634,2.000000,24.869429,24.869429,0.000000,5.400000,2.000000,0.896400,-0.001571,-0.000141,0.534142,0.009203,-0.004879,-0.003048,0.018856,13.600000,0.000000,0.113200,0.003057,-0.001081,0.000142,-0.002181,-0.004807,
0.077500,25.075797,25.075797,2.000000,24.831898,24.831898,0.000000,5.500000,2.000000,0.869200,-0.001700,-0.000151,0.693135,0.008579,-0.005466,-0.003039,0.007820,13.700000,0.000000,0.131313,0.002613,-0.001208,0.000154,-0.002041,-0.002701,
0.075000,25.060863,25.060863,2.000000,24.777115,24.777115,0.000000,5.600000,2.000000,0.935200,-0.001700,-0.000151,0.693135,0.008579,-0.005466,-0.003039,0.010037,13.800000,0.000000,0.148063,0.002791,-0.001315,-0.000295,-0.001301,-0.003663,
0.072500,25.044080,25.044080,3.000000,24.725197,24.725197,0.000000,5.800000,3.000000,0.850800,-0.001862,-0.000100,0.933653,0.006714,-0.005898,-0.003256,0.018928,14.000000,0.000000,0.164494,0.002525,-0.001208,0.000171,-0.000771,-0.002393,
0.070000,25.023913,25.023913,2.000000,24.640736,24.640736,0.000000,5.900000,2.000000,0.926400,-0.001862,-0.000100,0.933653,0.006714,-0.005898,-0.003256,0.012347,14.100000,0.000000,0.180415,0.002364,-0.001184,0.000050,-0.000076,-0.001788,
0.067500,25.002584,25.002584,2.000000,24.597330,24.597330,0.000000,6.000000,2.000000,0.873600,-0.001975,-0.000067,1.013912,0.006984,-0.006018,-0.003589,0.024122,14.200000,0.000000,0.240036,0.002073,-0.001356,0.000254,-0.000942,-0.001472,
0.065000,24.979898,24.979898,2.000000,24.548870,24.548870,0.000000,6.100000,2.000000,0.836800,-0.001407,0.000051,1.173114,0.005635,-0.006187,-0.002522,0.009398,14.300000,0.000000,0.253437,0.002201,-0.001439,0.000296,-0.001046,-0.001320,
0.062500,24.955844,24.955844,2.000000,24.498827,24.498827,0.000000,6.200000,2.000000,0.912400,-0.001407,0.000051,1.173114,0.005635,-0.006187,-0.002522,0.009171,14.400000,0.000000,0.266351,0.001961,-0.001452,-0.000028,0.000229,-0.001048,
0.060000,24.930411,24.930411,2.000000,24.447176,24.447176,0.000000,6.300000,2.000000,0.850800,-0.001689,-0.000012,1.253643,0.005175,-0.006273,-0.003473,0.021655,14.500000,0.000000,0.278710,0.002011,-0.001192,0.000861,0.002943,-0.000903,
0.057500,24.903783,24.903783,2.000000,24.397854,24.397854,0.000000,6.400000,2.000000,0.818000,-0.002105,-0.000201,1.414453,0.003482,-0.006348,-0.002903,0.007597,14.600000,0.000000,0.290994,0.001973,-0.001413,-0.000061,-0.000617,-0.000875,
0.055000,24.875558,24.875558,2.000000,24.339283,24.339283,0.000000,6.500000,2.000000,0.885600,-0.002105,-0.000201,1.414453,0.003482,-0.006348,-0.002903,0.012123,14.700000,0.000000,0.303031,0.001904,-0.001516,-0.000645,-0.002698,-0.000671,
0.052500,24.847024,24.847024,2.000000,24.304876,24.304876,0.000000,6.600000,2.000000,0.806800,-0.002157,-0.000107,1.494688,0.003272,-0.006388,-0.003301,0.024623,14.800000,0.000000,0.314429,0.001727,-0.001284,-0.000796,-0.001142,-0.000389,
0.050000,24.817766,24.817766,2.000000,24.261856,24.261856,0.000000,6.700000,2.000000,0.778800,-0.002359,-0.000079,1.655124,0.002117,-0.006414,-0.002916,0.009010,14.900000,0.000000,0.325601,0.001756,-0.001385,0.000276,-0.000754,-0.000395,
0.047500,24.787381,24.787381,2.000000,24.210068,24.210068,0.000000,6.800000,2.000000,0.840000,-0.002359,-0.000079,1.655124,0.002117,-0.006414,-0.002916,0.011316,15.000000,0.000000,0.336430,0.001739,-0.001289,0.000500,0.000296,-0.000224,
0.045000,24.754475,24.754475,2.000000,24.129272,24.129272,0.000000,6.900000,2.000000,0.768800,-0.002316,-0.000030,1.734989,0.001686,-0.006392,-0.003087,0.021720,15.100000,0.000000,0.346999,0.001647,-0.001313,-0.000030,-0.001720,-0.000169,
0.042500,24.722396,24.722396,3.000000,24.112881,24.112881,0.000000,7.000000,3.000000,0.726400,-0.002612,-0.000007,1.896517,0.000632,-0.006339,-0.003230,0.007988,15.200000,0.000000,0.357172,0.001629,-0.001365,0.000289,-0.000390,0.000072,
0.040000,24.689654,24.689654,2.000000,24.067574,24.067574,0.000000,7.100000,2.000000,0.784000,-0.002612,-0.000007,1.896517,0.000632,-0.006339,-0.003230,0.011118,15.300000,0.000000,0.367186,0.001492,-0.001343,0.000188,0.001463,0.000381,
0.040000,24.655665,24.655665,2.000000,24.009872,24.009872,0.000000,7.200000,2.000000,0.720400,-0.002363,0.000016,1.975957,-0.000138,-0.006336,-0.002394,0.020661,15.400000,0.000000,0.377090,0.001552,-0.001415,0.000137,-0.002887,0.000115,
0.040000,24.619884,24.619884,2.000000,23.940031,23.940031,0.000000,7.300000,2.000000,0.699600,-0.002100,0.000042,2.135839,-0.001208,-0.006254,-0.002644,0.007586,15.500000,0.000000,0.386355,0.001459,-0.001244,0.000195,0.000438,0.000066,
0.040000,24.582459,24.582459,2.000000,23.871382,23.871382,0.000000,7.400000,2.000000,0.758800,-0.002100,0.000042,2.135839,-0.001208,-0.006254,-0.002644,0.008285,15.600000,0.000000,0.395508,0.001473,-0.001408,-0.000237,-0.000736,0.000069,
0.040000,24.547326,24.547326,2.000000,23.879808,23.879808,0.000000,7.500000,2.000000,0.722800,-0.002150,0.000076,2.216154,-0.001620,-0.006208,-0.002610,0.018486,15.700000,0.000000,0.404370,0.001382,-0.001327,0.000384,0.002250,0.000486,
0.040000,24.509447,24.509447,2.000000,23.789743,23.789743,0.000000,7.600000,2.000000,0.692800,-0.002435,0.000031,2.376634,-0.002645,-0.006068,-0.002411,0.010051,15.800000,0.000000,0.413109,0.001371,-0.001327,0.000358,0.000551,0.000470,
0.040000,24.473082,24.473082,2.000000,23.782139,23.782139,0.000000,7.700000,2.000000,0.764000,-0.002435,0.000031,2.376634,-0.002645,-0.006068,-0.002411,0.010761,15.900000,0.000000,0.421664,0.001225,-0.001350,0.000210,-0.000986,0.000810,
0.040000,24.436078,24.436078,2.000000,23.733004,23.733004,0.000000,7.800000,2.000000,0.744000,-0.002632,0.000028,2.457199,-0.003343,-0.005975,-0.002465,0.022717,16.000000,0.000000,0.429884,0.001306,-0.001304,-0.000272,-0.000946,0.000544,
0.040000,24.398553,24.398553,2.000000,23.685585,23.685585,0.000000,7.900000,2.000000,0.713600,-0.002536,-0.000028,2.617402,-0.004518,-0.005787,-0.002681,0.007140,16.100000,0.000000,0.438025,0.001233,-0.001330,-0.000121,-0.001575,0.000783,
0.040000,24.360583,24.360583,2.000000,23.639156,23.639156,0.000000,8.000000,2.000000,0.777600,-0.002536,-0.000028,2.617402,-0.004518,-0.005787,-0.002681,0.009191,16.200000,0.000000,0.445737,0.001256,-0.001140,-0.000086,0.001267,0.000763,
0.040000,24.321613,24.321613,2.000000,23.581175,23.581175,0.000000,8.100000,2.000000,0.710400,-0.002480,0.000034,2.697309,-0.004773,-0.005686,-0.002959,0.024738,16.300000,0.000000,0.453504,0.001131,-0.001408,-0.000335,-0.000797,0.000994,
0.040000,24.282796,24.282796,3.000000,23.545269,23.545269,0.000000,8.200000,3.000000,0.700000,-0.002380,0.000063,2.857844,-0.005442,-0.005569,-0.002049,0.007756,16.400000,0.000000,0.460914,0.001151,-0.001481,0.000260,0.000044,0.001000,
0.040000,24.242408,24.242408,2.000000,23.475037,23.475037,0.000000,8.400000,2.000000,0.718000,-0.002380,0.000063,2.857844,-0.005442,-0.005569,-0.002049,0.010008,16.600000,0.000000,0.468254,0.001112,-0.001435,0.000047,-0.000043,0.001113,
0.040000,24.198800,24.198800,2.000000,23.370260,23.370260,0.000000,8.500000,2.000000,0.700800,-0.002962,-0.000113,3.099045,-0.007112,-0.005507,-0.002010,0.018689,16.700000,0.000000,0.475348,0.001153,-0.001310,0.000246,0.000661,0.000418,
0.040000,24.155620,24.155620,2.000000,23.335199,23.335199,0.000000,8.600000,2.000000,0.764400,-0.002962,-0.000113,3.099045,-0.007112,-0.005507,-0.002010,0.010067,16.800000,0.000000,0.502642,0.000918,-0.001308,0.000004,-0.001005,0.000150,
0.040000,24.110720,24.110720,2.000000,23.257622,23.257622,0.000000,8.700000,2.000000,0.715600,-0.002935,-0.000045,3.178874,-0.007318,-0.005490,-0.002011,0.020021,16.900000,0.000000,0.509102,0.000899,-0.001343,-0.000958,-0.002457,0.000262,
0.040000,24.064954,24.064954,2.000000,23.195389,23.195389,0.000000,8.800000,2.000000,0.701600,-0.002558,0.000144,3.338899,-0.008108,-0.005396,-0.002435,0.026046,17.000000,0.000000,0.515145,0.000929,-0.001364,0.000039,-0.000796,0.000203,
0.040000,24.021016,24.021016,2.000000,23.186199,23.186199,0.000000,8.900000,2.000000,0.799200,-0.002558,0.000144,3.338899,-0.008108,-0.005396,-0.002435,0.009795,17.100000,0.000000,0.520948,0.000909,-0.001393,0.000576,0.001958,0.000568,
0.040000,23.977282,23.977282,2.000000,23.146339,23.146339,0.000000,9.000000,2.000000,0.714400,-0.002688,0.000071,3.418872,-0.008283,-0.005404,-0.002160,0.020436,17.200000,0.000000,0.526896,0.000907,-0.001487,0.000827,0.000806,0.000309,
0.040000,23.933309,23.933309,2.000000,23.097813,23.097813,0.000000,9.100000,2.000000,0.698400,-0.002801,0.000078,3.579296,-0.009293,-0.005326,-0.001774,0.008378,17.300000,0.000000,0.532562,0.000942,-0.001441,-0.000138,-0.000496,0.000069,
0.040000,23.888029,23.888029,1.000000,23.027706,23.027706,0.000000,9.200000,1.000000,0.779200,-0.002801,0.000078,3.579296,-0.009293,-0.005326,-0.001774,0.010285,17.400000,0.000000,0.538219,0.000899,-0.001400,0.000220,-0.002112,0.000364,
0.040000,23.843422,23.843422,2.000000,22.995903,22.995903,0.000000,9.300000,2.000000,0.725200,-0.002810,0.000147,3.659469,-0.009764,-0.005276,-0.001823,0.020608,17.500000,0.000000,0.543612,0.000873,-0.001397,-0.000143,0.000423,0.000280,
0.040000,23.798602,23.798602,3.000000,22.947008,22.947008,0.000000,9.400000,3.000000,0.700800,-0.003257,0.000034,3.820366,-0.010799,-0.005227,-0.002199,0.022849,17.600000,0.000000,0.548944,0.000846,-0.001425,0.000374,0.000105,0.000421,
0.040000,23.753951,23.753951,2.000000,22.905590,22.905590,0.000000,9.500000,2.000000,0.758400,-0.003257,0.000034,3.820366,-0.010799,-0.005227,-0.002199,0.012967,17.700000,0.000000,0.554190,0.000801,-0.001432,-0.000725,-0.000919,0.000458,
0.040000,23.709087,23.709087,2.000000,22.856680,22.856680,0.000000,9.600000,2.000000,0.720800,-0.003017,0.000089,3.900200,-0.011057,-0.005224,-0.001793,0.020258,17.800000,0.000000,0.559367,0.000773,-0.001539,-0.000105,-0.002158,0.000175,
0.040000,23.664239,23.664239,3.000000,22.812126,22.812126,0.000000,9.700000,3.000000,0.704400,-0.002876,0.000108,4.060303,-0.011830,-0.005258,-0.001352,0.009405,17.900000,0.000000,0.564280,0.000790,-0.001477,0.000297,0.000663,0.000087,
0.040000,23.619788,23.619788,2.000000,22.775206,22.775206,0.000000,9.800000,2.000000,0.809600,-0.002876,0.000108,4.060303,-0.011830,-0.005258,-0.001352,0.011385,18.000000,0.000000,0.569159,0.000733,-0.001515,-0.000568,0.000120,-0.000120,
0.040000,23.575383,23.575383,3.000000,22.731686,22.731686,0.000000,9.900000,3.000000,0.713600,-0.003032,0.000075,4.139947,-0.012333,-0.005199,-0.001309,0.021032,18.100000,0.000000,0.573872,0.000772,-0.001425,0.000585,0.001048,-0.000101,
0.040000,23.529860,23.529860,2.000000,22.664938,22.664938,0.000000,10.000000,2.000000,0.633600,-0.003541,-0.000185,4.193710,-0.015398,-0.001119,-0.000564,0.009008,18.200000,0.000000,0.300141,0.052333,-0.003720,0.002470,0.004482,0.154171,
0.040000,23.498080,23.498080,8.000000,22.894251,22.894251,0.000000,10.100000,8.000000,0.596400,-0.003783,0.000259,4.223728,-0.009545,0.014614,-0.000091,0.032076,18.300000,0.000000,0.577598,0.000154,-0.001285,-0.001519,-0.003363,0.025340,
0.040000,23.483931,23.483931,9.000000,23.215105,23.215105,0.000000,10.200000,9.000000,0.615200,-0.004004,0.000066,4.268325,-0.008215,0.053657,0.000189,0.012780,18.400000,0.000000,0.571933,0.001353,-0.001184,0.002523,-0.002775,0.106915,
0.040000,23.485212,23.485212,4.000000,23.509552,23.509552,0.000000,10.300000,4.000000,0.715600,-0.004004,0.000066,4.268325,-0.008215,0.053657,0.000189,0.013299,18.500000,0.000000,0.565962,0.001370,-0.001339,0.001088,0.013658,0.160927,
0.040000,23.501601,23.501601,3.000000,23.812984,23.812984,0.000000,10.400000,3.000000,0.715600,-0.004158,0.000038,4.271038,-0.006408,0.071684,0.000201,0.019869,18.600000,0.000000,0.557835,0.001370,-0.001102,-0.000264,-0.010822,0.182675,
0.040000,23.530961,23.530961,4.000000,24.088802,24.088802,0.000000,10.500000,4.000000,0.712000,-0.004072,0.000089,4.268694,-0.006904,0.089182,0.000629,0.007865,18.700000,0.000000,0.547055,0.001679,-0.001080,0.000181,-0.005081,0.181189,
0.040000,23.573196,23.573196,4.000000,24.375662,24.375662,0.000000,10.600000,4.000000,0.712000,-0.004266,-0.000341,4.269591,-0.008576,0.108490,-0.000162,0.010230,18.800000,0.000000,0.535454,0.001579,-0.000969,0.000829,-0.001400,0.177347,
0.040000,23.628339,23.628339,4.000000,24.676050,24.676050,0.000000,10.700000,4.000000,0.695600,-0.003929,-0.000096,4.268970,-0.004402,0.128616,0.000097,0.009151,18.900000,0.000000,0.524732,0.001192,-0.001110,-0.001845,-0.001746,0.187074,
0.040000,23.696146,23.696146,5.000000,24.984482,24.984482,0.000000,10.800000,5.000000,0.700800,-0.003852,-0.000266,4.263371,-0.006048,0.150382,-0.000046,0.011854,19.000000,0.000000,0.514054,0.002023,-0.001035,0.001321,0.001388,0.195841,
0.040000,23.776628,23.776628,5.000000,25.305794,25.305794,0.000000,10.900000,5.000000,0.680800,-0.004252,-0.000363,4.265040,-0.002687,0.173885,0.000598,0.008503,19.100000,0.000000,0.502468,0.001797,-0.001038,-0.000025,0.000982,0.209324,
0.040000,23.869054,23.869054,6.000000,25.625137,25.625137,0.000000,11.100000,6.000000,0.674800,-0.004321,-0.000579,4.266937,0.001050,0.251257,0.000068,0.012134,19.300000,0.000000,0.492731,0.002383,-0.000888,-0.000019,-0.002146,0.225210,
0.040000,23.987713,23.987713,4.000000,26.242235,26.242235,0.000000,11.200000,4.000000,0.763200,-0.004321,-0.000579,4.266937,0.001050,0.251257,0.000068,0.010726,19.400000,0.000000,0.482329,0.002427,-0.001006,0.000888,-0.000233,0.240335,
0.040000,24.117866,24.117866,3.000000,26.590784,26.590784,0.000000,11.300000,3.000000,0.772000,-0.004193,-0.000657,4.263106,0.000209,0.278915,-0.000294,0.024286,19.500000,0.000000,0.445493,0.003348,-0.000872,-0.000114,-0.000940,0.260900,
0.040000,24.260032,24.260032,4.000000,26.961185,26.961185,0.000000,11.400000,4.000000,0.744800,-0.004039,-0.000730,4.263517,0.001410,0.306849,-0.000217,0.011078,19.600000,0.000000,0.435767,0.003308,-0.000924,0.000168,0.000191,0.269573,
0.040000,24.409316,24.409316,3.000000,27.245703,27.245703,0.000000,11.500000,3.000000,0.724400,-0.003848,-0.000723,4.264043,0.000567,0.335418,0.000073,0.009527,19.700000,0.000000,0.427173,0.003451,-0.000891,0.000321,0.000894,0.275509,
0.040000,24.562419,24.562419,4.000000,27.471388,27.471388,0.000000,11.600000,4.000000,0.717600,-0.004015,-0.000926,4.262363,0.000850,0.363868,0.000102,0.007702,19.800000,0.000000,0.418660,0.003189,-0.000815,0.000859,0.001394,0.281787,
0.040000,24.724403,24.724403,4.000000,27.802097,27.802097,0.000000,11.700000,4.000000,0.744000,-0.004176,-0.001101,4.260367,0.002103,0.392226,-0.000118,0.008044,19.900000,0.000000,0.409972,0.003289,-0.000792,-0.000237,-0.000642,0.283460,
0.040000,24.888621,24.888621,3.000000,28.008753,28.008753,0.000000,11.800000,3.000000,0.730000,-0.004009,-0.001060,4.262008,0.001416,0.449126,-0.000209,0.021013,20.000000,0.000000,0.401478,0.003600,-0.000818,-0.000452,-0.001419,0.283532,
0.040000,25.057369,25.057369,3.000000,28.263580,28.263580,0.000000,11.900000,3.000000,0.793200,-0.004009,-0.001060,4.262008,0.001416,0.449126,-0.000209,0.010615,20.100000,0.000000,0.393785,0.003441,-0.000827,0.001113,0.000782,0.286134,
0.040000,25.225700,25.225700,3.000000,28.423994,28.423994,0.000000,12.000000,3.000000,0.793600,-0.003862,-0.001371,4.262334,-0.000386,0.477265,-0.000190,0.023350,20.200000,0.000000,0.385808,0.003209,-0.000805,0.000807,-0.000363,0.283123,
0.040000,25.394118,25.394118,3.000000,28.594053,28.594053,0.000000,12.100000,3.000000,0.793600,-0.004048,-0.001353,4.262610,0.000581,0.505104,-0.000248,0.008474,20.300000,0.000000,0.377994,0.002792,-0.000785,-0.000934,0.000559,0.282048,
0.040000,25.561982,25.561982,3.000000,28.751408,28.751408,0.000000,12.200000,3.000000,0.782000,-0.004028,-0.001684,4.264542,-0.000897,0.532665,-0.000168,0.008776,20.400000,0.000000,0.370574,0.002883,-0.000781,0.000436,-0.001169,0.279784,
0.040000,25.726001,25.726001,3.000000,28.842361,28.842361,0.000000,12.300000,3.000000,0.765600,-0.003765,-0.001367,4.263134,-0.001256,0.560455,-0.000070,0.008256,20.500000,0.000000,0.363363,0.002380,-0.000751,-0.001188,-0.000580,0.277207,
0.040000,25.891221,25.891221,3.000000,29.030399,29.030399,0.000000,12.400000,3.000000,0.752400,-0.003683,-0.001542,4.264799,-0.003064,0.587946,-0.000436,0.008057,20.600000,0.000000,0.355825,0.002413,-0.000715,0.002176,0.001139,0.277633,
0.040000,26.053286,26.053286,3.000000,29.132528,29.132528,0.000000,12.500000,3.000000,0.763200,-0.003546,-0.001563,4.267227,-0.003734,0.642590,-0.000318,0.012530,20.700000,0.000000,0.348808,0.001882,-0.000775,0.000381,0.000694,0.275947,
0.040000,26.211751,26.211751,3.000000,29.222580,29.222580,0.000000,12.600000,3.000000,0.798000,-0.003546,-0.001563,4.267227,-0.003734,0.642590,-0.000318,0.011734,20.800000,0.000000,0.341615,0.002056,-0.000708,0.001145,-0.000376,0.274187,
0.040000,26.367564,26.367564,2.000000,29.328003,29.328003,0.000000,12.700000,2.000000,0.798800,-0.003582,-0.001475,4.265913,-0.003819,0.669850,-0.000106,0.022582,20.900000,0.000000,0.335339,0.001409,-0.000723,0.000551,0.000835,0.273665,
0.040000,26.516345,26.516345,3.000000,29.343184,29.343184,0.000000,12.800000,3.000000,0.805600,-0.003590,-0.001825,4.267843,-0.004403,0.697008,-0.000447,0.008272,21.000000,0.000000,0.328429,0.001524,-0.000666,0.001356,-0.000161,0.273008,
0.040000,26.655949,26.655949,2.000000,29.308437,29.308437,0.000000,12.900000,2.000000,0.794000,-0.003688,-0.002027,4.269652,-0.006186,0.724140,-0.000418,0.010341,21.100000,0.000000,0.322107,0.001164,-0.000722,-0.001044,-0.000392,0.272122,
0.040000,26.790097,26.790097,3.000000,29.338894,29.338894,0.000000,13.000000,3.000000,0.779600,-0.003450,-0.001762,4.269821,-0.005801,0.751136,-0.000136,0.009064,21.200000,0.000000,0.315733,0.000636,-0.000703,-0.001037,-0.001076,0.271625,
0.040000,26.917598,26.917598,3.000000,29.340120,29.340120,0.000000,13.100000,3.000000,0.782000,-0.003545,-0.002048,4.268572,-0.007778,0.778041,-0.000330,0.010413,21.300000,0.000000,0.309515,0.000659,-0.000633,0.001833,0.000747,0.270599,
0.040000,27.038587,27.038587,3.000000,29.337376,29.337376,0.000000,13.200000,3.000000,0.787600,-0.003612,-0.002142,4.269653,-0.008631,0.832041,-0.000439,0.009576,21.400000,0.000000,0.302895,0.000527,-0.000657,-0.000486,-0.000620,0.269638,
0.040000,27.149471,27.149471,3.000000,29.256275,29.256275,0.000000,13.400000,3.000000,0.799600,-0.003612,-0.002142,4.269653,-0.008631,0.832041,-0.000439,0.010770,21.600000,0.000000,0.296598,0.000637,-0.000696,-0.000739,0.001741,0.269564,
0.040000,27.252573,27.252573,2.000000,29.211502,29.211502,0.000000,13.500000,2.000000,0.799200,-0.003420,-0.002216,4.268771,-0.010562,0.885989,-0.000475,0.022041,21.700000,0.000000,0.290976,0.000224,-0.000653,0.000819,-0.002452,0.270126,
0.040000,27.345523,27.345523,2.000000,29.111584,29.111584,0.000000,13.600000,2.000000,0.788000,-0.003414,-0.002363,4.267424,-0.011748,0.912911,-0.000184,0.008417,21.800000,0.000000,0.267113,-0.000050,-0.000613,0.000593,0.000230,0.269760,
0.040000,27.427068,27.427068,2.000000,28.976416,28.976416,0.000000,13.700000,2.000000,0.781200,-0.003341,-0.002258,4.267335,-0.012038,0.939669,-0.000419,0.009332,21.900000,0.000000,0.261470,0.000009,-0.000542,-0.000041,-0.000207,0.269462,
0.040000,27.497223,27.497223,3.000000,28.830179,28.830179,0.000000,13.800000,3.000000,0.771200,-0.003268,-0.002226,4.266754,-0.012679,0.966843,-0.000516,0.007481,22.000000,0.000000,0.256233,-0.000013,-0.000578,0.001172,-0.000010,0.268314,
0.040000,27.555609,27.555609,3.000000,28.664927,28.664927,0.000000,14.000000,3.000000,0.735200,-0.003084,-0.002376,4.259545,-0.016463,1.048341,-0.000522,0.008764,22.200000,0.000000,0.250986,0.000006,-0.000585,0.001201,0.000067,0.270427,
0.040000,27.585422,27.585422,2.000000,28.151876,28.151876,0.000000,14.100000,2.000000,0.808000,-0.003084,-0.002376,4.259545,-0.016463,1.048341,-0.000522,0.010891,22.300000,0.000000,0.245419,0.000355,-0.000587,-0.000875,-0.001080,0.270845,
0.040000,27.607823,27.607823,2.000000,28.033440,28.033440,0.000000,14.200000,2.000000,0.778400,-0.002956,-0.002655,4.259985,-0.017743,1.075316,-0.000846,0.023398,22.400000,0.000000,0.224419,0.001169,-0.000503,0.001529,0.000728,0.271881,
0.040000,27.620448,27.620448,2.000000,27.860331,27.860331,0.000000,14.300000,2.000000,0.778800,-0.002938,-0.002757,4.258101,-0.018202,1.102272,-0.000700,0.007721,22.500000,0.000000,0.219816,0.000945,-0.000556,-0.000410,0.000656,0.270701,
0.040000,27.621054,27.621054,2.000000,27.632566,27.632566,0.000000,14.400000,2.000000,0.753600,-0.002978,-0.002701,4.257287,-0.018696,1.129244,-0.000628,0.008535,22.600000,0.000000,0.215223,0.001210,-0.000515,-0.000298,-0.000077,0.270006,
0.040000,27.610835,27.610835,2.000000,27.416664,27.416664,0.000000,14.500000,2.000000,0.759200,-0.002710,-0.003177,4.257044,-0.020392,1.156124,-0.001594,0.009100,22.700000,0.000000,0.210817,0.001285,-0.000490,0.000723,-0.000730,0.269830,
0.040000,27.588256,27.588256,2.000000,27.159260,27.159260,0.000000,14.600000,2.000000,0.751600,-0.002705,-0.002642,4.254914,-0.020409,1.183243,-0.000741,0.009510,22.800000,0.000000,0.206333,0.001161,-0.000670,-0.002193,0.000887,0.269195,
0.040000,27.554256,27.554256,2.000000,26.908260,26.908260,0.000000,14.700000,2.000000,0.748800,-0.002530,-0.003217,4.254065,-0.021856,1.237150,-0.001096,0.008296,22.900000,0.000000,0.202089,0.001521,-0.000487,0.002922,-0.000118,0.270431,
0.040000,27.506448,27.506448,2.000000,26.598097,26.598097,0.000000,14.800000,2.000000,0.800400,-0.002530,-0.003217,4.254065,-0.021856,1.237150,-0.001096,0.010180,23.000000,0.000000,0.198009,0.001381,-0.000551,0.000492,-0.000081,0.267653,
0.040000,27.445193,27.445193,2.000000,26.281353,26.281353,0.000000,14.900000,2.000000,0.788000,-0.002509,-0.003066,4.252471,-0.022271,1.263810,-0.000968,0.019171,23.100000,0.000000,0.193867,0.001517,-0.000536,-0.001864,0.000130,0.271040,
0.040000,27.369661,27.369661,2.000000,25.934555,25.934555,0.000000,15.000000,2.000000,0.786000,-0.002338,-0.002893,4.251461,-0.022585,1.290509,-0.000651,0.008027,23.200000,0.000000,0.189859,0.001758,-0.000499,0.000640,-0.000338,0.268293,
0.040000,27.279279,27.279279,2.000000,25.562012,25.562012,0.000000,15.100000,2.000000,0.763600,-0.002255,-0.003056,4.254451,-0.023123,1.315451,-0.000582,0.008658,23.300000,0.000000,0.185990,0.001894,-0.000425,0.001713,0.000440,0.267491,
0.040000,27.181521,27.181521,3.000000,25.324121,25.324121,0.000000,15.200000,3.000000,0.771600,-0.002145,-0.003056,4.255221,-0.022281,1.338184,-0.001152,0.011146,23.400000,0.000000,0.182379,0.001260,-0.000405,0.000000,0.000219,0.256322,
0.040000,27.074212,27.074212,3.000000,25.035330,25.035330,0.000000,15.300000,3.000000,0.747200,-0.001901,-0.002931,4.256844,-0.022213,1.358792,-0.000817,0.009754,23.500000,0.000000,0.178976,0.001130,-0.000510,0.000309,0.000337,0.238404,
0.040000,26.957701,26.957701,4.000000,24.744007,24.744007,0.000000,15.400000,4.000000,0.746000,-0.001900,-0.003027,4.254918,-0.023170,1.377901,-0.001123,0.008938,23.600000,0.000000,0.175527,0.000799,-0.000435,0.001147,0.001256,0.218430,
0.040000,26.840195,26.840195,3.000000,24.607573,24.607573,0.000000,15.500000,3.000000,0.725200,-0.001929,-0.002993,4.254587,-0.022446,1.394848,-0.000934,0.009714,23.700000,0.000000,0.171795,0.001115,-0.000486,0.000067,0.000131,0.201532,
0.040000,26.715004,26.715004,3.000000,24.336378,24.336378,0.000000,15.700000,3.000000,0.726000,-0.001806,-0.002928,4.251241,-0.022098,1.436206,-0.000924,0.008314,23.900000,0.000000,0.168529,0.001185,-0.000439,0.000438,-0.000443,0.181717,
0.040000,26.579501,26.579501,2.000000,24.004944,24.004944,0.000000,15.800000,2.000000,0.773600,-0.001806,-0.002928,4.251241,-0.022098,1.436206,-0.000924,0.011860,24.000000,0.000000,0.165126,0.000661,-0.000397,0.000620,-0.000744,0.160249,
0.040000,26.441282,26.441282,2.000000,23.815125,23.815125,0.000000,15.900000,2.000000,0.766800,-0.001857,-0.003046,4.249536,-0.022517,1.447586,-0.000875,0.021699,24.100000,0.000000,0.152214,0.002925,-0.000424,0.000367,0.000408,0.134684,
0.040000,26.302165,26.302165,2.000000,23.658943,23.658943,0.000000,16.000000,2.000000,0.761600,-0.001762,-0.003142,4.250590,-0.024726,1.457784,-0.001040,0.010148,24.200000,0.000000,0.149091,0.003189,-0.000405,-0.000373,-0.000289,0.123137,
0.040000,26.163678,26.163678,3.000000,23.532427,23.532427,0.000000,16.100000,3.000000,0.759600,-0.001697,-0.003078,4.249544,-0.023370,1.467262,-0.000818,0.008813,24.300000,0.000000,0.145750,0.002867,-0.000429,-0.000617,0.000273,0.110267,
0.040000,26.025306,26.025306,2.000000,23.396225,23.396225,0.000000,16.200000,2.000000,0.757200,-0.001711,-0.003037,4.250948,-0.024123,1.475153,-0.000728,0.009837,24.400000,0.000000,0.143122,0.003045,-0.000377,0.000258,0.000325,0.100716,
0.040000,25.888624,25.888624,3.000000,23.291677,23.291677,0.000000,16.400000,3.000000,0.739200,-0.001743,-0.003120,4.248272,-0.026289,1.482887,-0.001068,0.007822,24.600000,0.000000,0.140184,0.002695,-0.000352,0.000435,-0.000110,0.087242,
0.040000,25.748328,25.748328,2.000000,23.082705,23.082705,0.000000,16.500000,2.000000,0.725200,-0.001560,-0.003024,4.248565,-0.025472,1.495540,-0.000921,0.009146,24.700000,0.000000,0.136948,0.003126,-0.000410,-0.000265,-0.000386,0.081126,
0.040000,25.610897,25.610897,2.000000,22.999697,22.999697,0.000000,16.600000,2.000000,0.738800,-0.001524,-0.003180,4.249442,-0.022659,1.501254,-0.001157,0.014551,24.800000,0.000000,0.126526,0.002794,-0.000321,0.000545,0.000664,0.064184,
0.040000,25.475219,25.475219,4.000000,22.897339,22.897339,0.000000,16.700000,4.000000,0.747600,-0.001203,-0.002860,4.247193,-0.025174,1.506661,-0.000868,0.007323,24.900000,0.000000,0.124605,0.002609,-0.000363,-0.000574,0.000395,0.060287,
0.040000,25.341021,25.341021,3.000000,22.791258,22.791258,0.000000,16.800000,3.000000,0.727200,-0.001716,-0.003052,4.251448,-0.026422,1.510494,-0.000925,0.007952,25.000000,0.000000,0.121635,0.002964,-0.000296,0.001766,0.002009,0.056513,
0.040000,25.212270,25.212270,2.000000,22.765997,22.765997,0.000000,16.900000,2.000000,0.748400,-0.001645,-0.003029,4.247144,-0.025735,1.515288,-0.000922,0.009136,25.100000,0.000000,0.119054,0.002056,-0.000304,-0.000469,-0.002464,0.045291,
0.040000,25.086433,25.086433,3.000000,22.695532,22.695532,0.000000,17.000000,3.000000,0.718000,-0.001524,-0.002979,4.248467,-0.026085,1.519098,-0.000917,0.010060,25.200000,0.000000,0.116798,0.002868,-0.000295,0.000011,-0.000594,0.046930,
0.040000,24.963121,24.963121,2.000000,22.620203,22.620203,0.000000,17.100000,2.000000,0.722000,-0.001488,-0.003080,4.249629,-0.027956,1.522708,-0.001158,0.011102,25.300000,0.000000,0.114447,0.002548,-0.000289,0.000350,0.000452,0.041473,
0.040000,24.843561,24.843561,2.000000,22.571922,22.571922,0.000000,17.200000,2.000000,0.719200,-0.001681,-0.003008,4.250083,-0.028212,1.526577,-0.000874,0.007854,25.400000,0.000000,0.111841,0.002251,-0.000331,-0.000458,0.000326,0.038154,
0.040000,24.726621,24.726621,2.000000,22.504765,22.504765,0.000000,17.300000,2.000000,0.736400,-0.001592,-0.002965,4.248439,-0.026957,1.530723,-0.000992,0.007447,25.500000,0.000000,0.109595,0.002115,-0.000269,0.000312,-0.001141,0.038484,
0.040000,24.611417,24.611417,3.000000,22.422531,22.422531,0.000000,17.400000,3.000000,0.724400,-0.001467,-0.003251,4.248618,-0.028441,1.534182,-0.000747,0.009741,25.600000,0.000000,0.107671,0.002407,-0.000286,0.000426,0.000037,0.040325,
0.040000,24.499007,24.499007,4.000000,22.363226,22.363226,0.000000,17.500000,4.000000,0.713200,-0.001389,-0.003062,4.245743,-0.027174,1.538237,-0.000810,0.009140,25.700000,0.000000,0.105262,0.002313,-0.000232,-0.001573,0.000720,0.036783,
0.040000,24.389311,24.389311,2.000000,22.305084,22.305084,0.000000,17.600000,2.000000,0.718800,-0.001519,-0.003370,4.246775,-0.027483,1.542474,-0.001534,0.012166,25.800000,0.000000,0.103419,0.002842,-0.000238,0.000602,0.000678,0.039107,
0.040000,24.279369,24.279369,2.000000,22.190477,22.190477,0.000000,17.700000,2.000000,0.723600,-0.001544,-0.002922,4.246742,-0.029574,1.546267,-0.000845,0.009086,25.900000,0.000000,0.101328,0.002582,-0.000377,-0.001638,-0.000624,0.041123,
0.040000,24.173524,24.173524,4.000000,22.162457,22.162457,0.000000,17.800000,4.000000,0.730400,-0.001564,-0.003133,4.248310,-0.029465,1.549376,-0.001086,0.008573,26.000000,0.000000,0.098921,0.002525,-0.000233,0.002181,-0.000469,0.039147,
0.040000,24.069107,24.069107,3.000000,22.085196,22.085196,0.000000,17.900000,3.000000,0.723600,-0.001511,-0.003067,4.248565,-0.028889,1.553053,-0.000626,0.008857,26.100000,0.000000,0.097002,0.002167,-0.000277,-0.000442,-0.000362,0.034171,
0.040000,23.968054,23.968054,2.000000,22.048042,22.048042,0.000000,18.000000,2.000000,0.718800,-0.001511,-0.002958,4.245638,-0.031084,1.557118,-0.000896,0.008284,26.200000,0.000000,0.095205,0.002076,-0.000181,0.000274,0.000122,0.035778,
0.040000,23.868860,23.868860,3.000000,21.984169,21.984169,0.000000,18.100000,3.000000,0.708800,-0.001352,-0.003080,4.250568,-0.028379,1.560425,-0.001477,0.008511,26.300000,0.000000,0.092886,0.002605,-0.000228,0.000820,-0.000028,0.038791,
0.040000,23.770820,23.770820,2.000000,21.908066,21.908066,0.000000,18.200000,2.000000,0.701200,-0.001287,-0.002970,4.249002,-0.033173,1.564094,-0.000951,0.011141,26.400000,0.000000,0.091602,0.001589,-0.000342,-0.000417,0.000910,0.035254,
0.040000,23.673509,23.673509,3.000000,21.824600,21.824600,0.000000,18.300000,3.000000,0.715200,-0.001465,-0.002834,4.248225,-0.032090,1.567780,-0.000942,0.008679,26.500000,0.000000,0.088848,0.001857,-0.000229,0.000553,0.000676,0.036142,
0.040000,23.578938,23.578938,2.000000,21.782082,21.782082,0.000000,18.400000,2.000000,0.731200,-0.001413,-0.003042,4.246460,-0.033177,1.572254,-0.000667,0.009103,26.600000,0.000000,0.087309,0.001975,-0.000223,0.001085,-0.000908,0.036585,
0.040000,23.486028,23.486028,3.000000,21.720749,21.720749,0.000000,18.500000,3.000000,0.724800,-0.001260,-0.003188,4.248026,-0.031469,1.575425,-0.000959,0.010441,26.700000,0.000000,0.085372,0.002283,-0.000163,-0.000831,-0.000103,0.041624,
0.040000,23.395077,23.395077,4.000000,21.667007,21.667007,0.000000,18.600000,4.000000,0.717600,-0.001382,-0.003016,4.247810,-0.033227,1.579158,-0.000941,0.008526,26.800000,0.000000,0.084024,0.001929,-0.000219,-0.001197,0.000845,0.035501,
0.040000,23.308241,23.308241,3.000000,21.658360,21.658360,0.000000,18.700000,3.000000,0.677200,-0.001388,-0.003043,4.246970,-0.033698,1.582905,-0.000891,0.010366,26.900000,0.000000,0.082020,0.001935,-0.000210,0.000637,-0.000506,0.036629,
0.040000,23.224863,23.224863,5.000000,21.640676,21.640676,0.000000,18.800000,5.000000,0.675600,-0.001356,-0.003036,4.243275,-0.029564,1.584717,-0.000890,0.009068,27.000000,0.000000,0.080311,0.002063,-0.000196,0.000107,-0.000298,0.037147,
0.040000,23.144105,23.144105,3.000000,21.609705,21.609705,0.000000,18.900000,3.000000,0.720000,-0.001266,-0.002907,4.241668,-0.017630,1.581559,-0.000376,0.009459,27.100000,0.000000,0.079550,0.002742,-0.000191,0.000103,0.000048,0.025390,
0.040000,23.067320,23.067320,10.000000,21.608398,21.608398,0.000000,19.000000,10.000000,0.751600,-0.001213,-0.003073,4.248996,0.011231,1.581448,-0.000822,0.011482,27.200000,0.000000,0.080340,0.002971,-0.000088,0.000807,0.000633,-0.009816,
0.040000,22.998247,22.998247,8.000000,21.685858,21.685858,0.000000,19.100000,8.000000,0.692800,-0.000972,-0.002841,4.251911,0.063974,1.591369,-0.000678,0.011688,27.300000,0.000000,0.084435,0.001406,-0.000185,-0.000716,0.000570,-0.004435,
0.040000,22.939029,22.939029,6.000000,21.813900,21.813900,0.000000,19.200000,6.000000,0.654800,-0.000989,-0.002688,4.247215,0.212524,1.623049,-0.000235,0.011165,27.400000,0.000000,0.093172,0.000691,-0.000168,0.001227,0.001526,0.059625,
0.040000,22.887881,22.887881,5.000000,21.916067,21.916067,0.000000,19.300000,5.000000,0.680400,-0.000989,-0.002688,4.247215,0.212524,1.623049,-0.000235,0.012425,27.500000,0.000000,0.104915,-0.000289,-0.000197,0.002463,0.001307,0.120648,
0.040000,22.844426,22.844426,4.000000,22.018782,22.018782,0.000000,19.400000,4.000000,0.641600,-0.001575,-0.002671,4.241279,0.293954,1.635842,-0.000335,0.021379,27.600000,0.000000,0.118621,0.000757,-0.000100,0.000071,-0.000848,0.144002,
0.040000,22.804656,22.804656,8.000000,22.049026,22.049026,0.000000,19.500000,8.000000,0.614000,-0.001930,-0.002524,4.227859,0.454473,1.653641,0.000266,0.008039,27.700000,0.000000,0.132397,0.001073,-0.000132,0.000228,-0.004152,0.134059,
0.040000,22.766664,22.766664,3.000000,22.044802,22.044802,0.000000,19.600000,3.000000,0.668400,-0.001930,-0.002524,4.227859,0.454473,1.653641,0.000266,0.037555,27.800000,0.000000,0.145355,0.001790,-0.000090,0.000296,-0.003649,0.114717,
0.040000,22.730557,22.730557,4.000000,22.044535,22.044535,0.000000,19.700000,4.000000,0.623200,-0.001804,-0.002220,4.218384,0.533223,1.660329,0.000368,0.023216,27.900000,0.000000,0.158717,0.001434,-0.000063,0.001014,-0.001816,0.090302,
0.040000,22.694250,22.694250,5.000000,22.004410,22.004410,0.000000,19.900000,5.000000,0.560800,-0.001641,-0.002364,4.193090,0.773559,1.673252,-0.000143,0.021723,28.100000,0.000000,0.171238,0.001984,-0.000071,0.002343,-0.000015,0.075831,
0.040000,22.657119,22.657119,3.000000,21.951626,21.951626,0.000000,20.000000,3.000000,0.648400,-0.001641,-0.002364,4.193090,0.773559,1.673252,-0.000143,0.023268,28.200000,0.000000,0.184118,0.002061,-0.000086,-0.001111,0.002211,0.060852,
0.040000,22.620032,22.620032,3.000000,21.915390,21.915390,0.000000,20.100000,3.000000,0.609600,-0.001805,-0.002348,4.185100,0.856068,1.676112,0.000070,0.021473,28.300000,0.000000,0.232320,0.002801,-0.000393,0.000893,-0.000965,0.039949,
0.040000,22.581480,22.581480,3.000000,21.848984,21.848984,0.000000,20.200000,3.000000,0.564000,-0.001434,-0.002301,4.166266,1.014001,1.680860,-0.001212,0.020748,28.400000,0.000000,0.244061,0.002649,-0.000370,0.000519,-0.001373,0.033673,
0.040000,22.540907,22.540907,2.000000,21.770025,21.770025,0.000000,20.300000,2.000000,0.671200,-0.001434,-0.002301,4.166266,1.014001,1.680860,-0.001212,0.011167,28.500000,0.000000,0.255196,0.003088,-0.000495,-0.000542,-0.000264,0.029561,
0.040000,22.501256,22.501256,2.000000,21.747892,21.747892,0.000000,20.400000,2.000000,0.627200,-0.001539,-0.002352,4.157562,1.094375,1.682359,-0.000403,0.018187,28.600000,0.000000,0.265540,0.002915,-0.000660,0.000884,0.001837,0.024021,
0.040000,22.460688,22.460688,3.000000,21.689880,21.689880,0.000000,20.500000,3.000000,0.596000,-0.001778,-0.002273,4.137788,1.255629,1.684278,-0.000561,0.007935,28.700000,0.000000,0.276231,0.002822,-0.000511,0.000034,0.000035,0.018440,
0.040000,22.418223,22.418223,2.000000,21.611397,21.611397,0.000000,20.600000,2.000000,0.687600,-0.001778,-0.002273,4.137788,1.255629,1.684278,-0.000561,0.011721,28.800000,0.000000,0.287043,0.002873,-0.000336,-0.000099,-0.001990,0.013533,
0.040000,22.375452,22.375452,3.000000,21.562796,21.562796,0.000000,20.700000,3.000000,0.662000,-0.001797,-0.002341,4.130207,1.335331,1.685067,-0.000391,0.021208,28.900000,0.000000,0.297137,0.003028,-0.000579,0.000586,-0.000263,0.010533,
0.040000,22.332068,22.332068,2.000000,21.507784,21.507784,0.000000,20.800000,2.000000,0.632800,-0.001987,-0.002617,4.112475,1.493646,1.686224,0.000294,0.009527,29.000000,0.000000,0.307055,0.002674,-0.000563,-0.000185,-0.000229,0.008903,
0.040000,22.287703,22.287703,2.000000,21.444771,21.444771,0.000000,20.900000,2.000000,0.683200,-0.001987,-0.002617,4.112475,1.493646,1.686224,0.000294,0.013090,29.100000,0.000000,0.316965,0.002792,-0.000607,-0.000932,-0.002021,0.007108,
0.040000,22.241845,22.241845,2.000000,21.370527,21.370527,0.000000,21.000000,2.000000,0.674000,-0.002135,-0.002505,4.102365,1.574049,1.686722,0.000592,0.020221,29.200000,0.000000,0.326155,0.002471,-0.000466,-0.001189,-0.000030,0.006154,
0.040000,22.194200,22.194200,3.000000,21.288961,21.288961,0.000000,21.100000,3.000000,0.614400,-0.002256,-0.002318,4.083201,1.732945,1.687335,-0.000245,0.008344,29.300000,0.000000,0.335701,0.002577,-0.000429,0.000245,-0.000935,0.005424,
0.040000,22.146223,22.146223,2.000000,21.234652,21.234652,0.000000,21.200000,2.000000,0.714000,-0.002256,-0.002318,4.083201,1.732945,1.687335,-0.000245,0.009412,29.400000,0.000000,0.344864,0.002510,-0.000372,0.000132,-0.000807,0.004637,
0.040000,22.097174,22.097174,2.000000,21.165245,21.165245,0.000000,21.300000,2.000000,0.646000,-0.002299,-0.002489,4.074232,1.812684,1.687552,-0.000166,0.021497,29.500000,0.000000,0.353841,0.002600,-0.000647,0.001173,-0.000616,0.002992,
0.040000,22.044730,22.044730,3.000000,21.048294,21.048294,0.000000,21.400000,3.000000,0.638000,-0.002619,-0.002278,4.055041,1.972071,1.687914,0.000188,0.007228,29.600000,0.000000,0.362689,0.002477,-0.000654,-0.000605,-0.000504,0.002484,
0.040000,21.993191,21.993191,2.000000,21.013945,21.013945,0.000000,21.500000,2.000000,0.694800,-0.002619,-0.002278,4.055041,1.972071,1.687914,0.000188,0.009127,29.700000,0.000000,0.371268,0.002360,-0.000654,-0.000126,-0.000736,0.002148,
0.040000,21.940028,21.940028,2.000000,20.929934,20.929934,0.000000,21.600000,2.000000,0.657600,-0.002504,-0.002487,4.046034,2.051957,1.688213,0.000637,0.023771,29.800000,0.000000,0.379882,0.002476,-0.000633,0.001156,-0.001725,0.001856,
0.040000,21.887467,21.887467,3.000000,20.888803,20.888803,0.000000,21.700000,3.000000,0.634800,-0.002755,-0.002650,4.028547,2.211242,1.688547,0.000994,0.023132,29.900000,0.000000,0.388250,0.002350,-0.000573,-0.000846,0.000047,0.002559,
0.040000,21.833508,21.833508,2.000000,20.808302,20.808302,0.000000,21.800000,2.000000,0.715200,-0.002755,-0.002650,4.028547,2.211242,1.688547,0.000994,0.009780,30.000000,0.000000,0.396408,0.002354,-0.000549,0.001492,-0.002886,0.002128,
0.040000,21.778787,21.778787,2.000000,20.739080,20.739080,0.000000,21.900000,2.000000,0.674800,-0.002812,-0.002486,4.018038,2.290674,1.688668,0.000495,0.022644,30.100000,0.000000,0.404390,0.001999,-0.000568,-0.002247,0.000245,0.001720,
0.040000,21.723662,21.723662,2.000000,20.676277,20.676277,0.000000,22.000000,2.000000,0.626000,-0.002831,-0.002409,3.999314,2.449943,1.688965,0.001069,0.020377,30.200000,0.000000,0.412223,0.002178,-0.000698,0.000162,-0.000255,0.001406,
0.040000,21.667339,21.667339,2.000000,20.597202,20.597202,0.000000,22.100000,2.000000,0.720800,-0.002831,-0.002409,3.999314,2.449943,1.688965,0.001069,0.020997,30.300000,0.000000,0.419845,0.002029,-0.000732,-0.000797,0.000967,0.001604,
0.040000,21.610589,21.610589,3.000000,20.532337,20.532337,0.000000,22.200000,3.000000,0.658800,-0.002967,-0.002500,3.990313,2.527895,1.689170,0.001009,0.019891,30.400000,0.000000,0.427458,0.002065,-0.000643,0.001034,-0.000819,0.001381,
0.040000,21.555538,21.555538,4.000000,20.509584,20.509584,0.000000,22.300000,4.000000,0.549600,-0.003132,-0.002347,3.981049,2.587590,1.690974,0.001189,0.021297,30.500000,0.000000,0.434512,0.001975,-0.000686,-0.000164,-0.001156,0.001794,
0.040000,21.510204,21.510204,7.000000,20.648844,20.648844,0.000000,22.400000,7.000000,0.534800,-0.002600,-0.002341,3.987819,2.653363,1.718333,0.001502,0.021651,30.600000,0.000000,0.437854,0.002360,-0.000671,0.000913,-0.001487,0.011831,
0.040000,21.474647,21.474647,4.000000,20.799070,20.799070,0.000000,22.500000,4.000000,0.673600,-0.002600,-0.002341,3.987819,2.653363,1.718333,0.001502,0.024581,30.700000,0.000000,0.437031,-0.000126,-0.000896,0.001945,0.004257,0.061566,
0.040000,21.452541,21.452541,2.000000,21.032518,21.032518,0.000000,22.600000,2.000000,0.640000,-0.002532,-0.002483,3.986244,2.660236,1.737468,0.001309,0.023446,30.800000,0.000000,0.433306,-0.000614,-0.000621,-0.000384,-0.000288,0.135559,
0.040000,21.439386,21.439386,3.000000,21.189451,21.189451,0.000000,22.700000,3.000000,0.670400,-0.002396,-0.002356,3.981848,2.663939,1.754521,0.000985,0.008776,30.900000,0.000000,0.426135,-0.000494,-0.000650,-0.000717,0.000025,0.170043,
0.040000,21.435348,21.435348,3.000000,21.358624,21.358624,0.000000,22.800000,3.000000,0.650000,-0.002710,-0.002393,3.983866,2.663909,1.772351,0.001328,0.022181,31.000000,0.000000,0.418580,0.000251,-0.000702,0.000772,0.000593,0.170348,
0.040000,21.441297,21.441297,3.000000,21.554321,21.554321,0.000000,22.900000,3.000000,0.637200,-0.002427,-0.002502,3.985350,2.661575,1.791440,0.001427,0.008974,31.100000,0.000000,0.410231,-0.000145,-0.000621,0.000347,-0.001979,0.175254,
0.040000,21.458798,21.458798,3.000000,21.791334,21.791334,0.000000,23.000000,3.000000,0.655200,-0.002356,-0.002446,3.984952,2.663420,1.812040,0.001422,0.026677,31.200000,0.000000,0.401614,-0.000337,-0.000588,-0.000238,0.000707,0.184924,
0.040000,21.489948,21.489948,3.000000,22.081783,22.081783,0.000000,23.100000,3.000000,0.642800,-0.002354,-0.002353,3.983917,2.662134,1.834133,0.001922,0.009704,31.300000,0.000000,0.394050,-0.000333,-0.000579,0.000555,0.000392,0.197948,
0.040000,21.535851,21.535851,3.000000,22.408012,22.408012,0.000000,23.200000,3.000000,0.625600,-0.002368,-0.002491,3.985353,2.662813,1.857368,0.001108,0.009540,31.400000,0.000000,0.386064,-0.000068,-0.000467,0.001111,-0.000164,0.212149,
0.040000,21.596169,21.596169,3.000000,22.742203,22.742203,0.000000,23.300000,3.000000,0.637600,-0.002218,-0.002401,3.986411,2.665946,1.907475,0.001521,0.010704,31.500000,0.000000,0.378489,-0.000375,-0.000620,-0.000092,-0.000497,0.224634,
0.040000,21.669577,21.669577,3.000000,23.064337,23.064337,0.000000,23.400000,3.000000,0.733600,-0.002218,-0.002401,3.986411,2.665946,1.907475,0.001521,0.008499,31.600000,0.000000,0.371238,-0.000052,-0.000574,0.000413,0.000338,0.238263,
0.040000,21.758037,21.758037,3.000000,23.438786,23.438786,0.000000,23.500000,3.000000,0.724400,-0.002111,-0.002719,3.986150,2.667443,1.934115,0.001419,0.022155,31.700000,0.000000,0.364186,-0.000750,-0.000517,0.000965,-0.000234,0.248227,
0.040000,21.857642,21.857642,3.000000,23.750135,23.750135,0.000000,23.600000,3.000000,0.724800,-0.002027,-0.002830,3.985817,2.666301,1.961604,0.000926,0.009021,31.800000,0.000000,0.357283,-0.000784,-0.000527,-0.001237,0.000153,0.259457,
0.040000,21.966932,21.966932,3.000000,24.043434,24.043434,0.000000,23.700000,3.000000,0.710400,-0.002126,-0.002594,3.985316,2.667890,1.989473,0.001789,0.010638,31.900000,0.000000,0.350031,-0.000626,-0.000614,-0.000806,0.000106,0.268995,
0.040000,22.085310,22.085310,3.000000,24.334494,24.334494,0.000000,23.800000,3.000000,0.717200,-0.001879,-0.002619,3.984850,2.668706,2.017855,0.001558,0.010642,32.000000,0.000000,0.343439,-0.000643,-0.000432,0.001506,-0.001038,0.274985,
0.040000,22.214661,22.214661,3.000000,24.672327,24.672327,0.000000,23.900000,3.000000,0.726400,-0.001719,-0.002758,3.983880,2.667677,2.046282,0.001011,0.007870,32.100000,0.000000,0.336833,-0.000611,-0.000469,0.000771,0.000673,0.280448,
0.040000,22.352115,22.352115,4.000000,24.963745,24.963745,0.000000,24.100000,4.000000,0.691200,-0.001525,-0.002548,3.986311,2.670923,2.132002,0.001127,0.009375,32.300000,0.000000,0.330072,-0.000338,-0.000567,-0.000250,0.000771,0.282815,
0.040000,22.504990,22.504990,3.000000,25.409616,25.409616,0.000000,24.200000,3.000000,0.762800,-0.001525,-0.002548,3.986311,2.670923,2.132002,0.001127,0.013183,32.400000,0.000000,0.323790,-0.000689,-0.000488,0.002219,-0.000249,0.284636,
0.040000,22.657662,22.657662,3.000000,25.558422,25.558422,0.000000,24.300000,3.000000,0.771600,-0.001561,-0.002522,3.985385,2.671125,2.160262,0.001357,0.021555,32.500000,0.000000,0.298475,-0.001364,-0.000544,0.000013,0.000298,0.285664,
0.040000,22.811608,22.811608,3.000000,25.736595,25.736595,0.000000,24.400000,3.000000,0.756000,-0.001351,-0.002699,3.987738,2.670635,2.188226,0.001235,0.010634,32.600000,0.000000,0.292727,-0.001205,-0.000488,0.000388,-0.000464,0.283966,
0.040000,22.967650,22.967650,3.000000,25.932444,25.932444,0.000000,24.500000,3.000000,0.739600,-0.001296,-0.002763,3.986819,2.670144,2.216333,0.001050,0.009703,32.700000,0.000000,0.286622,-0.001512,-0.000503,-0.000674,0.000650,0.281342,
0.040000,23.123530,23.123530,3.000000,26.085249,26.085249,0.000000,24.600000,3.000000,0.756000,-0.001290,-0.002688,3.988192,2.669527,2.243985,0.001326,0.008395,32.800000,0.000000,0.281001,-0.001279,-0.000529,-0.000428,0.000115,0.281170,
0.040000,23.275489,23.275489,3.000000,26.162712,26.162712,0.000000,24.700000,3.000000,0.724800,-0.000876,-0.002702,3.989249,2.669424,2.271474,0.001067,0.011060,32.900000,0.000000,0.275203,-0.001397,-0.000464,0.000519,-0.000382,0.278298,
0.040000,23.425546,23.425546,3.000000,26.276623,26.276623,0.000000,24.800000,3.000000,0.750400,-0.000773,-0.002653,3.994122,2.667577,2.326756,0.000636,0.009612,33.000000,0.000000,0.269633,-0.001519,-0.000506,0.000297,0.001957,0.276197,
0.040000,23.573350,23.573350,2.000000,26.381622,26.381622,0.000000,24.900000,2.000000,0.787200,-0.000773,-0.002653,3.994122,2.667577,2.326756,0.000636,0.011926,33.100000,0.000000,0.264270,-0.001707,-0.000440,0.000964,-0.001800,0.276886,
0.040000,23.714896,23.714896,2.000000,26.404274,26.404274,0.000000,25.000000,2.000000,0.766800,-0.000852,-0.002625,3.994623,2.666960,2.354364,0.000882,0.021715,33.200000,0.000000,0.258200,-0.001931,-0.000572,0.000171,0.001591,0.276039,
0.040000,23.850068,23.850068,2.000000,26.418333,26.418333,0.000000,25.100000,2.000000,0.766800,-0.000798,-0.002412,3.993967,2.665650,2.381367,0.001172,0.010093,33.300000,0.000000,0.252952,-0.001882,-0.000513,0.000379,-0.000326,0.276062,
0.040000,23.982218,23.982218,2.000000,26.493073,26.493073,0.000000,25.200000,2.000000,0.766400,-0.000772,-0.002563,3.995460,2.666227,2.408431,0.001144,0.009789,33.400000,0.000000,0.247871,-0.001571,-0.000444,0.001597,-0.000216,0.272330,
0.040000,24.105521,24.105521,2.000000,26.448282,26.448282,0.000000,25.300000,2.000000,0.764000,-0.000779,-0.002484,3.997097,2.665436,2.435736,0.001294,0.010922,33.500000,0.000000,0.242846,-0.001825,-0.000442,-0.000194,-0.000334,0.271287,
0.040000,24.223205,24.223205,2.000000,26.459194,26.459194,0.000000,25.400000,2.000000,0.754400,-0.000753,-0.002357,3.998079,2.663795,2.462827,0.001143,0.010622,33.600000,0.000000,0.237710,-0.001889,-0.000403,0.000544,-0.000599,0.272379,
0.040000,24.332736,24.332736,2.000000,26.413837,26.413837,0.000000,25.500000,2.000000,0.740800,-0.000673,-0.002394,3.998715,2.663607,2.517058,0.001064,0.010128,33.700000,0.000000,0.232662,-0.001731,-0.000425,0.001122,-0.000472,0.271471,
0.040000,24.433489,24.433489,2.000000,26.347782,26.347782,0.000000,25.600000,2.000000,0.810000,-0.000673,-0.002394,3.998715,2.663607,2.517058,0.001064,0.008396,33.800000,0.000000,0.228247,-0.001695,-0.000442,-0.001186,0.000242,0.270868,
0.040000,24.526015,24.526015,2.000000,26.284016,26.284016,0.000000,25.700000,2.000000,0.808000,-0.000495,-0.002303,3.999698,2.662475,2.543978,0.001208,0.023057,33.900000,0.000000,0.223442,-0.001706,-0.000423,0.001157,-0.000677,0.271452,
0.040000,24.609417,24.609417,2.000000,26.194052,26.194052,0.000000,25.900000,2.000000,0.800400,-0.000396,-0.002253,3.999296,2.661238,2.570780,0.001008,0.009165,34.100000,0.000000,0.218743,-0.001604,-0.000386,0.001099,0.000452,0.270066,
0.040000,24.673746,24.673746,2.000000,25.895988,25.895988,0.000000,26.100000,2.000000,0.767600,-0.000236,-0.002234,4.001348,2.661303,2.624676,0.001280,0.009452,34.300000,0.000000,0.214353,-0.001326,-0.000417,0.000805,0.000408,0.268800,
0.040000,24.721154,24.721154,2.000000,25.621916,25.621916,0.000000,26.400000,2.000000,0.762000,-0.000022,-0.002066,4.003482,2.659453,2.759129,0.001100,0.009949,34.600000,0.000000,0.196827,-0.001679,-0.000279,0.000214,0.000206,0.269449,
0.040000,24.737624,24.737624,2.000000,25.050556,25.050556,0.000000,26.600000,2.000000,0.802800,-0.000022,-0.002066,4.003482,2.659453,2.759129,0.001100,0.012650,34.800000,0.000000,0.181273,-0.000877,-0.000289,0.000436,-0.000804,0.268606,
0.040000,24.727553,24.727553,2.000000,24.536205,24.536205,0.000000,26.700000,2.000000,0.791600,0.000016,-0.002004,4.005247,2.658376,2.812919,0.001124,0.022114,34.900000,0.000000,0.148520,-0.001315,-0.000294,0.000350,0.000314,0.269134,
0.040000,24.704882,24.704882,2.000000,24.274120,24.274120,0.000000,26.800000,2.000000,0.789200,0.000089,-0.002024,4.005274,2.657504,2.839924,0.000907,0.008964,35.000000,0.000000,0.136333,-0.001083,-0.000262,0.000312,-0.000321,0.268960,
0.040000,24.667892,24.667892,2.000000,23.965082,23.965082,0.000000,26.900000,2.000000,0.778800,0.000178,-0.001926,4.006064,2.657155,2.867090,0.001093,0.008339,35.100000,0.000000,0.133654,-0.000906,-0.000298,0.000019,-0.000043,0.269564,
0.040000,24.618396,24.618396,2.000000,23.677988,23.677988,0.000000,27.000000,2.000000,0.774400,0.000131,-0.001866,4.008040,2.656821,2.894031,0.001168,0.007949,35.200000,0.000000,0.130918,-0.000869,-0.000257,0.000584,0.000199,0.270835,
0.040000,24.555057,24.555057,2.000000,23.351618,23.351618,0.000000,27.100000,2.000000,0.766400,0.000334,-0.002130,4.007683,2.656448,2.948108,0.001153,0.010648,35.300000,0.000000,0.128012,-0.000894,-0.000237,0.000565,-0.000528,0.269961,
0.040000,24.477696,24.477696,2.000000,23.007818,23.007818,0.000000,27.200000,2.000000,0.806800,0.000334,-0.002130,4.007683,2.656448,2.948108,0.001153,0.012331,35.400000,0.000000,0.125530,-0.000947,-0.000216,-0.000006,0.000168,0.270542,
0.040000,24.388042,24.388042,2.000000,22.684622,22.684622,0.000000,27.300000,2.000000,0.808800,0.000395,-0.001993,4.007063,2.657094,2.974081,0.001125,0.021544,35.500000,0.000000,0.123174,-0.000773,-0.000231,-0.001488,0.000301,0.270125,
0.040000,24.285787,24.285787,3.000000,22.342951,22.342951,0.000000,27.400000,3.000000,0.806800,0.000629,-0.001956,4.007117,2.655864,2.998039,0.000935,0.009356,35.600000,0.000000,0.120936,-0.000858,-0.000233,0.000217,0.000158,0.263698,
0.040000,24.173172,24.173172,3.000000,22.033476,22.033476,0.000000,27.500000,3.000000,0.801200,0.000631,-0.001975,4.005067,2.656476,3.019719,0.000605,0.008922,35.700000,0.000000,0.118547,-0.000608,-0.000264,0.000241,0.001214,0.248795,
0.040000,24.051410,24.051410,3.000000,21.737947,21.737947,0.000000,27.600000,3.000000,0.794400,0.000762,-0.001986,4.003537,2.656666,3.039770,0.000740,0.017545,35.800000,0.000000,0.116661,-0.000657,-0.000323,-0.000113,0.000215,0.229025,
0.040000,23.922730,23.922730,3.000000,21.477798,21.477798,0.000000,27.700000,3.000000,0.789200,0.000853,-0.001908,4.001722,2.655216,3.057694,0.000994,0.008747,35.900000,0.000000,0.114700,-0.000645,-0.000290,-0.000199,0.000642,0.211401,
0.040000,23.788021,23.788021,3.000000,21.228546,21.228546,0.000000,27.800000,3.000000,0.790400,0.000881,-0.001695,4.004372,2.655774,3.074054,0.000944,0.008352,36.000000,0.000000,0.112797,-0.000317,-0.000235,0.000321,0.000598,0.191522,
0.040000,23.648126,23.648126,3.000000,20.990135,20.990135,0.000000,27.900000,3.000000,0.780400,0.000970,-0.001785,4.002065,2.655902,3.088701,0.001085,0.010770,36.100000,0.000000,0.110104,-0.000462,-0.000241,0.001349,0.000219,0.174267,
0.040000,23.504093,23.504093,3.000000,20.767466,20.767466,0.000000,28.000000,3.000000,0.769600,0.001021,-0.001701,4.001892,2.655586,3.102163,0.000382,0.009755,36.200000,0.000000,0.108414,-0.000447,-0.000208,-0.000128,0.000476,0.157092,
0.040000,23.357430,23.357430,2.000000,20.570831,20.570831,0.000000,28.100000,2.000000,0.778000,0.001158,-0.001586,4.004190,2.657143,3.125431,0.000226,0.009875,36.300000,0.000000,0.106338,-0.000375,-0.000340,0.000389,0.000350,0.143204,
0.040000,23.208979,23.208979,3.000000,20.388411,20.388411,0.000000,28.200000,3.000000,0.807600,0.001158,-0.001586,4.004190,2.657143,3.125431,0.000226,0.010382,36.400000,0.000000,0.104069,-0.000457,-0.000329,0.000162,-0.000109,0.127581,
0.040000,23.059530,23.059530,3.000000,20.219997,20.219997,0.000000,28.300000,3.000000,0.812800,0.001098,-0.001522,3.999795,2.656576,3.135556,0.000252,0.020648,36.500000,0.000000,0.101806,-0.000677,-0.000359,0.000608,0.000811,0.119655,
0.040000,22.909740,22.909740,2.000000,20.063734,20.063734,0.000000,28.400000,2.000000,0.793600,0.001119,-0.001415,4.002522,2.656359,-3.138532,0.000880,0.007680,36.600000,0.000000,0.100677,-0.000539,-0.000346,0.000560,-0.000158,0.108274,
0.040000,22.760779,22.760779,3.000000,19.930511,19.930511,0.000000,28.500000,3.000000,0.812800,0.001103,-0.001441,4.000749,2.656082,-3.129928,0.000759,0.008663,36.700000,0.000000,0.098182,-0.000490,-0.000217,0.000810,-0.000014,0.097586,
0.040000,22.622399,22.622399,3.000000,19.993187,19.993187,0.000000,28.600000,3.000000,0.790400,0.001183,-0.001720,3.999538,2.657734,-3.122754,0.000612,0.008579,36.800000,0.000000,0.096614,-0.000427,-0.000236,0.000094,-0.000184,0.090446,
0.040000,22.496539,22.496539,3.000000,20.105185,20.105185,0.000000,28.700000,3.000000,0.792400,0.001252,-0.001386,3.999817,2.657688,-3.115767,0.000475,0.008615,36.900000,0.000000,0.094961,-0.000744,-0.000260,-0.001740,0.000356,0.078889,
0.040000,22.382052,22.382052,2.000000,20.206808,20.206808,0.000000,28.800000,2.000000,0.794400,0.001046,-0.001562,4.002751,2.658674,-3.109522,0.000674,0.008811,37.000000,0.000000,0.093052,-0.000719,-0.000282,0.001344,0.000493,0.073316,
0.040000,22.278013,22.278013,3.000000,20.301277,20.301277,0.000000,28.900000,3.000000,0.796000,0.001180,-0.001360,4.001343,2.656256,-3.103491,0.000591,0.007863,37.100000,0.000000,0.090656,-0.000883,-0.000238,-0.000617,-0.001139,0.066598,
0.040000,22.183058,22.183058,2.000000,20.378897,20.378897,0.000000,29.000000,2.000000,0.780800,0.001236,-0.001309,4.005226,2.659553,-3.098408,0.000743,0.008906,37.200000,0.000000,0.089174,-0.000402,-0.000249,0.000969,0.000340,0.062712,
0.040000,22.096914,22.096914,3.000000,20.460178,20.460178,0.000000,29.100000,3.000000,0.791200,0.001165,-0.001307,4.001900,2.656738,-3.092922,0.000428,0.007430,37.300000,0.000000,0.086647,-0.001010,-0.000216,0.000653,0.000430,0.055366,
0.040000,22.018507,22.018507,3.000000,20.528780,20.528780,0.000000,29.200000,3.000000,0.780400,0.001132,-0.001412,4.003824,2.657854,-3.088695,0.000649,0.009162,37.400000,0.000000,0.085626,-0.000468,-0.000272,0.000217,-0.000318,0.055053,
0.040000,21.947434,21.947434,2.000000,20.597057,20.597057,0.000000,29.300000,2.000000,0.769200,0.001155,-0.001473,4.004392,2.659569,-3.085113,0.000631,0.009734,37.500000,0.000000,0.083563,-0.000659,-0.000224,-0.000593,-0.000362,0.047157,
0.040000,21.882574,21.882574,2.000000,20.650223,20.650223,0.000000,29.400000,2.000000,0.785200,0.001292,-0.001192,4.003690,2.658052,-3.080960,0.000196,0.007384,37.600000,0.000000,0.081797,-0.000975,-0.000224,-0.000631,-0.000025,0.040146,
0.040000,21.823972,21.823972,2.000000,20.710543,20.710543,0.000000,29.500000,2.000000,0.783200,0.001314,-0.001472,4.003695,2.659116,-3.076884,0.000340,0.008419,37.700000,0.000000,0.080349,-0.000667,-0.000304,0.001466,0.000805,0.041006,
0.040000,21.771403,21.771403,2.000000,20.772587,20.772587,0.000000,29.600000,2.000000,0.784400,0.001295,-0.001179,4.006195,2.656999,-3.072945,0.000557,0.008821,37.800000,0.000000,0.078760,-0.000862,-0.000270,-0.001205,0.000409,0.040854,
0.040000,21.724414,21.724414,1.000000,20.831615,20.831615,0.000000,29.700000,1.000000,0.780000,0.001193,-0.001358,4.006301,2.657669,-3.068884,0.000405,0.007564,37.900000,0.000000,0.076753,-0.000399,-0.000222,0.001320,0.000006,0.039950,
0.040000,21.682881,21.682881,2.000000,20.893763,20.893763,0.000000,29.800000,2.000000,0.785200,0.001288,-0.001239,4.004045,2.658960,-3.065036,0.000020,0.008241,38.000000,0.000000,0.075218,-0.000521,-0.000248,-0.000634,-0.000663,0.040357,
0.040000,21.645759,21.645759,2.000000,20.940432,20.940432,0.000000,29.900000,2.000000,0.787600,0.001671,-0.001098,4.006766,2.658276,-3.061147,0.000308,0.008378,38.100000,0.000000,0.074165,-0.000796,-0.000319,0.000462,0.000304,0.039194,
0.040000,21.613666,21.613666,2.000000,21.003899,21.003899,0.000000,30.000000,2.000000,0.772000,0.001273,-0.001250,4.007424,2.656933,-3.057250,0.000653,0.008872,38.200000,0.000000,0.072187,-0.000605,-0.000256,0.001013,0.002458,0.039010,
0.040000,21.585895,21.585895,3.000000,21.058260,21.058260,0.000000,30.100000,3.000000,0.773200,0.001185,-0.001312,4.004156,2.657138,-3.053652,0.000631,0.008184,38.300000,0.000000,0.070662,-0.000320,-0.000183,-0.000588,-0.001552,0.038981,
0.040000,21.562584,21.562584,2.000000,21.119677,21.119677,0.000000,30.200000,2.000000,0.756000,0.001282,-0.001348,4.008493,2.657394,-3.049438,0.000679,0.012099,38.400000,0.000000,0.069910,-0.000408,-0.000183,-0.000638,-0.001163,0.037124,
0.040000,21.543247,21.543247,2.000000,21.175829,21.175829,0.000000,30.300000,2.000000,0.787600,0.001289,-0.001105,4.007636,2.660186,-3.046101,0.000332,0.009090,38.500000,0.000000,0.067683,-0.000376,-0.000171,-0.000493,0.000120,0.040230,
0.040000,21.527431,21.527431,2.000000,21.226927,21.226927,0.000000,30.400000,2.000000,0.779600,0.001144,-0.001179,4.005164,2.660235,-3.042395,0.000427,0.011206,38.600000,0.000000,0.066470,-0.000930,-0.000237,0.001287,0.000062,0.035988,
0.040000,21.515325,21.515325,2.000000,21.285324,21.285324,0.000000,30.500000,2.000000,0.774000,0.001378,-0.001163,4.007060,2.658350,-3.038544,0.000886,0.008993,38.700000,0.000000,0.065646,-0.000968,-0.000213,0.000003,-0.000899,0.036650,
0.040000,21.506031,21.506031,2.000000,21.329445,21.329445,0.000000,30.600000,2.000000,0.777600,0.001252,-0.001276,4.010778,2.658639,-3.034584,0.000640,0.008837,38.800000,0.000000,0.064020,-0.000543,-0.000118,0.000070,0.001076,0.037799,
0.040000,21.500560,21.500560,2.000000,21.396610,21.396610,0.000000,30.700000,2.000000,0.771600,0.001541,-0.001364,4.010897,2.660126,-3.030955,0.000594,0.007558,38.900000,0.000000,0.062028,-0.000513,-0.000165,-0.000702,-0.000395,0.038914,
0.040000,21.498163,21.498163,2.000000,21.452614,21.452614,0.000000,30.800000,2.000000,0.787600,0.001285,-0.001131,4.009666,2.658873,-3.027254,0.000881,0.009622,39.000000,0.000000,0.060752,-0.000792,-0.000172,-0.000843,0.001605,0.037291,
0.040000,21.497907,21.497907,2.000000,21.493048,21.493048,0.000000,30.900000,2.000000,0.777600,0.001589,-0.001168,4.008564,2.661064,-3.023747,0.000473,0.010097,39.100000,0.000000,0.059825,-0.000558,-0.000111,0.001083,-0.000999,0.037120,
0.040000,21.500868,21.500868,2.000000,21.557117,21.557117,0.000000,31.000000,2.000000,0.743600,0.001334,-0.001223,4.010731,2.660676,-3.019848,0.000635,0.008678,39.200000,0.000000,0.058813,-0.001000,-0.000189,0.000157,0.001472,0.035851,
0.040000,21.505783,21.505783,8.000000,21.599182,21.599182,0.000000,31.200000,8.000000,0.736800,0.001411,-0.001180,4.011342,2.657883,-3.015925,0.000520,0.008862,39.400000,0.000000,0.057240,-0.000854,-0.000154,-0.000316,-0.001042,0.037795,
0.040000,21.509575,21.509575,4.000000,21.581625,21.581625,0.000000,31.300000,4.000000,0.773600,0.001324,-0.001253,3.990418,2.656618,-3.019165,0.000460,0.012577,39.500000,0.000000,0.056061,-0.000277,-0.000173,0.000112,0.000047,0.038679,
0.040000,21.515913,21.515913,4.000000,21.636328,21.636328,0.000000,31.400000,4.000000,0.756800,0.001404,-0.001062,3.954847,2.653322,-3.015615,0.000682,0.009401,39.600000,0.000000,0.059870,-0.000792,-0.000172,-0.000319,-0.000389,-0.013384,
0.040000,21.532571,21.532571,5.000000,21.849062,21.849062,0.000000,31.500000,5.000000,0.711600,0.001422,-0.001064,3.900464,2.644505,-3.002111,0.000351,0.009394,39.700000,0.000000,0.065704,-0.000987,-0.000116,0.000886,0.000246,0.013654,
0.040000,21.562739,21.562739,4.000000,22.135939,22.135939,0.000000,31.600000,4.000000,0.697200,0.001522,-0.000876,3.742559,2.619460,-2.970955,0.000192,0.009654,39.800000,0.000000,0.075226,-0.000592,-0.000164,0.000219,0.000114,0.087491,
0.040000,21.603471,21.603471,4.000000,22.377386,22.377386,0.000000,31.700000,4.000000,0.728800,0.001522,-0.000876,3.742559,2.619460,-2.970955,0.000192,0.010341,39.900000,0.000000,0.089238,-0.000383,-0.000338,0.000996,0.001812,0.137918,
0.040000,21.652677,21.652677,5.000000,22.587589,22.587589,0.000000,31.800000,5.000000,0.678400,0.001380,-0.001038,3.663045,2.606939,-2.959716,0.000001,0.026638,40.000000,0.000000,0.103405,-0.000282,-0.000135,0.000322,-0.000638,0.140620,
0.040000,21.707465,21.707465,4.000000,22.748425,22.748425,0.000000,31.900000,4.000000,0.636800,0.001344,-0.000556,3.502079,2.576511,-2.943221,-0.000706,0.018422,40.100000,0.000000,0.117192,-0.000505,-0.000146,-0.000978,-0.001187,0.123172,
0.040000,21.766741,21.766741,4.000000,22.892992,22.892992,0.000000,32.000000,4.000000,0.718400,0.001344,-0.000556,3.502079,2.576511,-2.943221,-0.000706,0.024052,40.200000,0.000000,0.131284,-0.000201,-0.000142,0.002107,-0.003975,0.103640,
0.040000,21.829368,21.829368,3.000000,23.019285,23.019285,0.000000,32.100000,3.000000,0.676000,0.000836,-0.000494,3.421496,2.559957,-2.937725,-0.000973,0.021435,40.300000,0.000000,0.144517,-0.000477,-0.000244,0.001193,0.001708,0.084937,
0.040000,21.893784,21.893784,3.000000,23.117683,23.117683,0.000000,32.200000,3.000000,0.657200,0.001234,-0.000318,3.263939,2.525714,-2.928693,-0.001751,0.022130,40.400000,0.000000,0.157858,-0.000399,-0.000270,0.000798,-0.002509,0.066412,
0.040000,21.960809,21.960809,3.000000,23.234278,23.234278,0.000000,32.300000,3.000000,0.740400,0.001234,-0.000318,3.263939,2.525714,-2.928693,-0.001751,0.019645,40.500000,0.000000,0.170571,-0.000196,-0.000272,0.000330,0.000323,0.056712,
0.040000,22.029561,22.029561,3.000000,23.335855,23.335855,0.000000,32.400000,3.000000,0.692400,0.000924,-0.000285,3.184615,2.508478,-2.925376,-0.001318,0.020768,40.600000,0.000000,0.183123,-0.000146,-0.000382,0.001130,0.001276,0.046137,
0.040000,22.099327,22.099327,3.000000,23.424891,23.424891,0.000000,32.500000,3.000000,0.645600,0.001076,-0.000234,3.027408,2.473477,-2.920714,-0.001947,0.017837,40.700000,0.000000,0.195499,-0.000126,-0.000270,0.000613,-0.001434,0.038122,
0.040000,22.168581,22.168581,2.000000,23.484392,23.484392,0.000000,32.600000,2.000000,0.750400,0.001076,-0.000234,3.027408,2.473477,-2.920714,-0.001947,0.022784,40.800000,0.000000,0.207630,0.000013,-0.000187,0.000925,-0.004789,0.031071,
0.040000,22.238383,22.238383,3.000000,23.564625,23.564625,0.000000,32.700000,3.000000,0.680800,0.001190,-0.000250,2.949143,2.454993,-2.918732,-0.002574,0.022877,40.900000,0.000000,0.219277,-0.000076,-0.000366,-0.000039,0.003346,0.024170,
0.040000,22.308199,22.308199,3.000000,23.634706,23.634706,0.000000,32.800000,3.000000,0.669600,0.001015,-0.000353,2.790814,2.420127,-2.916593,-0.002837,0.008680,41.000000,0.000000,0.230798,0.000101,-0.000465,-0.000127,0.001982,0.021481,
0.040000,22.378350,22.378350,2.000000,23.711224,23.711224,0.000000,32.900000,2.000000,0.726400,0.001015,-0.000353,2.790814,2.420127,-2.916593,-0.002837,0.008430,41.100000,0.000000,0.242509,-0.000074,-0.000300,-0.001122,-0.002686,0.015722,
0.040000,22.447906,22.447906,2.000000,23.769461,23.769461,0.000000,33.000000,2.000000,0.690400,0.000991,-0.000506,2.712854,2.402245,-2.915816,-0.003047,0.020908,41.200000,0.000000,0.253418,-0.000114,-0.000473,-0.000002,0.001328,0.011709,
0.040000,22.516929,22.516929,2.000000,23.828377,23.828377,0.000000,33.100000,2.000000,0.658000,0.001003,-0.000230,2.556837,2.366060,-2.914652,-0.003727,0.008399,41.300000,0.000000,0.264189,-0.000104,-0.000489,-0.000954,0.000360,0.009274,
0.040000,22.585778,22.585778,2.000000,23.893904,23.893904,0.000000,33.200000,2.000000,0.729600,0.001003,-0.000230,2.556837,2.366060,-2.914652,-0.003727,0.009513,41.400000,0.000000,0.274850,-0.000065,-0.000634,-0.000834,-0.001512,0.008113,
0.040000,22.653340,22.653340,2.000000,23.937010,23.937010,0.000000,33.300000,2.000000,0.698000,0.000830,-0.000263,2.477463,2.347855,-2.914111,-0.003665,0.023761,41.500000,0.000000,0.285138,-0.000045,-0.000574,0.001855,0.001142,0.005724,
0.040000,22.721030,22.721030,2.000000,24.007154,24.007154,0.000000,33.400000,2.000000,0.673200,0.000725,-0.000423,2.320892,2.311580,-2.913779,-0.003972,0.007848,41.600000,0.000000,0.295575,-0.000068,-0.000534,0.000501,-0.000636,0.005524,
0.040000,22.788285,22.788285,2.000000,24.066132,24.066132,0.000000,33.500000,2.000000,0.759600,0.000725,-0.000423,2.320892,2.311580,-2.913779,-0.003972,0.011312,41.700000,0.000000,0.305554,-0.000092,-0.000568,-0.000298,-0.000613,0.003517,
0.040000,22.854999,22.854999,2.000000,24.122547,24.122547,0.000000,33.600000,2.000000,0.709200,0.000676,-0.000373,2.243557,2.294002,-2.913713,-0.004311,0.021031,41.800000,0.000000,0.315420,-0.000063,-0.000548,-0.000617,-0.000512,0.001994,
0.040000,22.921407,22.921407,2.000000,24.183172,24.183172,0.000000,33.700000,2.000000,0.692000,0.000417,-0.000340,2.086325,2.256770,-2.913399,-0.005151,0.018734,41.900000,0.000000,0.324844,-0.000129,-0.000592,0.000072,-0.000502,0.001165,
0.040000,22.986957,22.986957,2.000000,24.232397,24.232397,0.000000,33.800000,2.000000,0.760000,0.000417,-0.000340,2.086325,2.256770,-2.913399,-0.005151,0.010269,42.000000,0.000000,0.334358,-0.000001,-0.000690,0.000239,-0.000582,0.001779,
0.040000,23.052113,23.052113,2.000000,24.290081,24.290081,0.000000,33.900000,2.000000,0.725600,0.000451,-0.000289,2.008999,2.239033,-2.913277,-0.005110,0.020637,42.100000,0.000000,0.343722,0.000018,-0.000712,0.000083,-0.001434,0.001286,
0.040000,23.116695,23.116695,2.000000,24.343752,24.343752,0.000000,34.000000,2.000000,0.678000,0.000530,-0.000317,1.852506,2.202561,-2.913089,-0.005554,0.019461,42.200000,0.000000,0.352596,-0.000025,-0.000684,0.000349,-0.000333,0.001246,
0.040000,23.181274,23.181274,2.000000,24.408279,24.408279,0.000000,34.100000,2.000000,0.752800,0.000530,-0.000317,1.852506,2.202561,-2.913089,-0.005554,0.009036,42.300000,0.000000,0.361455,-0.000014,-0.000704,-0.000786,0.000130,0.000863,
0.040000,23.244656,23.244656,2.000000,24.448902,24.448902,0.000000,34.200000,2.000000,0.706000,-0.000027,-0.000473,1.774223,2.184628,-2.912969,-0.004255,0.021976,42.400000,0.000000,0.370222,-0.000004,-0.000729,0.000443,0.000278,0.001102,
0.040000,23.308174,23.308174,2.000000,24.515024,24.515024,0.000000,34.300000,2.000000,0.708800,0.000202,-0.000277,1.618258,2.147387,-2.912731,-0.005545,0.008028,42.500000,0.000000,0.378769,-0.000057,-0.000449,-0.000794,-0.003335,0.001166,
0.040000,23.371202,23.371202,2.000000,24.568739,24.568739,0.000000,34.400000,2.000000,0.740800,0.000202,-0.000277,1.618258,2.147387,-2.912731,-0.005545,0.022014,42.600000,0.000000,0.387210,-0.000054,-0.000801,0.000054,-0.001883,0.001402,
0.040000,23.434260,23.434260,2.000000,24.632366,24.632366,0.000000,34.500000,2.000000,0.718400,0.000050,-0.000316,1.539514,2.129779,-2.912671,-0.005298,0.021034,42.700000,0.000000,0.395308,0.000126,-0.000682,0.000877,0.001305,0.001046,
0.040000,23.497068,23.497068,2.000000,24.690403,24.690403,0.000000,34.600000,2.000000,0.703200,-0.000519,-0.000392,1.382314,2.093194,-2.912811,-0.005216,0.012546,42.800000,0.000000,0.403437,-0.000018,-0.000616,0.000090,-0.000446,0.000770,
0.040000,23.558960,23.558960,4.000000,24.734915,24.734915,0.000000,34.900000,4.000000,0.698000,-0.000411,-0.000549,1.148561,2.038931,-2.912965,-0.005711,0.012157,43.100000,0.000000,0.411401,0.000088,-0.000746,-0.000217,-0.002909,0.000147,
0.040000,23.626233,23.626233,2.000000,24.904421,24.904421,0.000000,35.000000,2.000000,0.754800,-0.000411,-0.000549,1.148561,2.038931,-2.912965,-0.005711,0.027055,43.200000,0.000000,0.419224,-0.000028,-0.000579,-0.000302,-0.001887,-0.000662,
0.040000,23.692942,23.692942,2.000000,24.960407,24.960407,0.000000,35.100000,2.000000,0.724800,-0.000467,-0.000447,1.070396,2.020658,-2.913015,-0.005674,0.021969,43.300000,0.000000,0.485343,-0.000118,-0.000837,-0.000520,0.000337,-0.000514,
0.040000,23.758453,23.758453,2.000000,25.003172,25.003172,0.000000,35.200000,2.000000,0.696400,-0.000654,-0.000429,0.913733,1.984413,-2.913157,-0.005571,0.007093,43.400000,0.000000,0.491474,-0.000100,-0.000820,0.000288,-0.000137,-0.000505,
0.040000,23.824247,23.824247,2.000000,25.074329,25.074329,0.000000,35.300000,2.000000,0.784800,-0.000654,-0.000429,0.913733,1.984413,-2.913157,-0.005571,0.008668,43.500000,0.000000,0.497666,-0.000117,-0.000698,0.000138,-0.002867,-0.000951,
0.040000,23.889062,23.889062,2.000000,25.120548,25.120548,0.000000,35.400000,2.000000,0.726800,-0.000662,-0.000454,0.835843,1.966201,-2.913230,-0.005742,0.020541,43.600000,0.000000,0.503446,-0.000132,-0.000793,0.000142,0.000614,-0.000477,
0.040000,23.954013,23.954013,3.000000,25.188091,25.188091,0.000000,35.500000,3.000000,0.691600,0.000525,-0.000303,0.680971,1.930620,-2.913287,-0.009277,0.007057,43.700000,0.000000,0.509190,-0.000110,-0.000820,-0.000102,0.000189,-0.000636,
0.040000,24.018738,24.018738,3.000000,25.248503,25.248503,0.000000,35.600000,3.000000,0.745200,0.000525,-0.000303,0.680971,1.930620,-2.913287,-0.009277,0.010308,43.800000,0.000000,0.514949,-0.000097,-0.000778,-0.000164,-0.001752,-0.000086,
0.040000,24.082595,24.082595,2.000000,25.295885,25.295885,0.000000,35.700000,2.000000,0.732400,-0.000396,-0.000239,0.601382,1.911693,-2.913276,-0.006324,0.021366,43.900000,0.000000,0.520146,-0.000184,-0.001500,0.000996,0.008491,-0.000536,
0.040000,24.145995,24.145995,2.000000,25.350590,25.350590,0.000000,35.800000,2.000000,0.719200,-0.000887,-0.000418,0.444389,1.875139,-2.913296,-0.006071,0.021403,44.000000,0.000000,0.525932,-0.000098,-0.000889,0.000778,-0.002452,-0.000139,
0.040000,24.209337,24.209337,2.000000,25.412838,25.412838,0.000000,35.900000,2.000000,0.785200,-0.000887,-0.000418,0.444389,1.875139,-2.913296,-0.006071,0.011751,44.100000,0.000000,0.531364,-0.000163,-0.001037,-0.000625,-0.001800,0.000005,
0.040000,24.272382,24.272382,2.000000,25.470232,25.470232,0.000000,36.000000,2.000000,0.739600,-0.000954,-0.000436,0.366522,1.857504,-2.913347,-0.005879,0.017571,44.200000,0.000000,0.536715,-0.000079,-0.000817,-0.000425,-0.002859,-0.000182,
0.040000,24.334955,24.334955,2.000000,25.523840,25.523840,0.000000,36.100000,2.000000,0.704000,-0.001045,-0.000445,0.210211,1.821099,-2.913341,-0.005598,0.008124,44.300000,0.000000,0.541808,-0.000165,-0.000778,-0.000275,-0.001505,-0.000385,
0.040000,24.397603,24.397603,2.000000,25.587919,25.587919,0.000000,36.200000,2.000000,0.769600,-0.001045,-0.000445,0.210211,1.821099,-2.913341,-0.005598,0.009826,44.400000,0.000000,0.546896,-0.000144,-0.000944,-0.000753,-0.000118,-0.000133,
0.040000,24.459844,24.459844,2.000000,25.642431,25.642431,0.000000,36.300000,2.000000,0.736800,-0.001167,-0.000499,0.131706,1.802836,-2.913393,-0.004862,0.021737,44.500000,0.000000,0.551865,-0.000140,-0.000718,0.000305,-0.001061,-0.000027,
0.040000,24.521628,24.521628,2.000000,25.695507,25.695507,0.000000,36.400000,2.000000,0.718000,-0.000907,-0.000658,-0.013164,1.768647,-2.913306,-0.007193,0.007086,44.600000,0.000000,0.556822,-0.000133,-0.000577,-0.000214,-0.001161,-0.000335,
0.040000,24.583335,24.583335,2.000000,25.755772,25.755772,0.000000,36.500000,2.000000,0.810800,-0.000907,-0.000658,-0.013164,1.768647,-2.913306,-0.007193,0.008930,44.700000,0.000000,0.561486,-0.000141,-0.000781,0.000287,-0.000262,-0.000207,
0.040000,24.644118,24.644118,4.000000,25.798992,25.798992,0.000000,36.600000,4.000000,0.768800,-0.000956,-0.000802,-0.058640,1.758920,-2.911877,-0.007321,0.022397,44.800000,0.000000,0.564046,-0.000024,-0.001039,-0.001247,0.001322,0.000541,
0.040000,24.708213,24.708213,4.000000,25.926029,25.926029,0.000000,36.700000,4.000000,0.758800,-0.000912,-0.001135,-0.080207,1.754653,-2.900707,-0.007170,0.008762,44.900000,0.000000,0.562110,-0.000183,-0.001052,-0.001352,0.000197,0.009036,
0.040000,24.777152,24.777152,3.000000,26.086987,26.086987,0.000000,36.800000,3.000000,0.742400,-0.001037,-0.001034,-0.089316,1.751352,-2.882329,-0.006724,0.009273,45.000000,0.000000,0.555418,-0.000327,-0.001006,-0.002514,0.000280,0.072490,
0.040000,24.851091,24.851091,3.000000,26.255924,26.255924,0.000000,36.900000,3.000000,0.732000,-0.000912,-0.001175,-0.092211,1.752734,-2.864965,-0.007784,0.008711,45.100000,0.000000,0.546441,-0.000119,-0.000901,-0.000222,-0.000786,0.141269,
0.040000,24.929548,24.929548,4.000000,26.420233,26.420233,0.000000,37.000000,4.000000,0.740800,-0.000989,-0.001415,-0.092170,1.752219,-2.848038,-0.006487,0.008205,45.200000,0.000000,0.536228,-0.000523,-0.001091,-0.000852,0.000354,0.161277,
0.040000,25.010188,25.010188,5.000000,26.542347,26.542347,0.000000,37.100000,5.000000,0.744800,-0.000758,-0.001288,-0.091778,1.753346,-2.829653,-0.007274,0.008828,45.300000,0.000000,0.525752,-0.000414,-0.000816,-0.001710,-0.000480,0.166215,
0.040000,25.096305,25.096305,4.000000,26.732534,26.732534,0.000000,37.200000,4.000000,0.713200,-0.001117,-0.001376,-0.093031,1.752137,-2.810151,-0.006913,0.011961,45.400000,0.000000,0.515319,-0.000594,-0.000954,0.000230,0.001095,0.177113,
0.040000,25.185975,25.185975,4.000000,26.889700,26.889700,0.000000,37.300000,4.000000,0.704800,-0.000968,-0.001233,-0.092910,1.752662,-2.789695,-0.007443,0.011888,45.500000,0.000000,0.505530,-0.000433,-0.000865,-0.000342,-0.001966,0.188180,
0.040000,25.277886,25.277886,4.000000,27.024199,27.024199,0.000000,37.400000,4.000000,0.721200,-0.001250,-0.001118,-0.093491,1.751780,-2.767250,-0.006839,0.009050,45.600000,0.000000,0.495566,-0.000514,-0.000952,0.000885,0.000005,0.198306,
0.040000,25.372536,25.372536,4.000000,27.170895,27.170895,0.000000,37.500000,4.000000,0.692400,-0.000915,-0.001171,-0.096168,1.751162,-2.718443,-0.006851,0.008951,45.700000,0.000000,0.486016,-0.000381,-0.000815,0.001203,-0.001901,0.214458,
0.040000,25.471099,25.471099,4.000000,27.343781,27.343781,0.000000,37.600000,4.000000,0.793200,-0.000915,-0.001171,-0.096168,1.751162,-2.718443,-0.006851,0.008819,45.800000,0.000000,0.476457,-0.000445,-0.001161,0.001348,0.004089,0.229543,
0.040000,25.569094,25.569094,3.000000,27.431000,27.431000,0.000000,37.700000,3.000000,0.775200,-0.000865,-0.001040,-0.096057,1.748751,-2.692403,-0.006445,0.022965,45.900000,0.000000,0.467666,-0.000457,-0.000779,-0.000474,-0.001508,0.241698,
0.040000,25.670601,25.670601,3.000000,27.599236,27.599236,0.000000,37.800000,3.000000,0.780400,-0.000943,-0.001066,-0.097177,1.748501,-2.665495,-0.006305,0.008582,46.000000,0.000000,0.458661,-0.000008,-0.000683,0.000770,-0.000443,0.253256,
0.040000,25.772101,25.772101,4.000000,27.700613,27.700613,0.000000,37.900000,4.000000,0.756800,-0.000789,-0.000967,-0.097280,1.748724,-2.637867,-0.006887,0.007529,46.100000,0.000000,0.449874,-0.000059,-0.000643,0.000288,-0.000823,0.263037,
0.040000,25.873134,25.873134,3.000000,27.792746,27.792746,0.000000,38.000000,3.000000,0.768800,-0.001144,-0.001319,-0.097012,1.747149,-2.609451,-0.006374,0.011726,46.200000,0.000000,0.441036,-0.000106,-0.000744,0.000865,0.000458,0.271218,
0.040000,25.971268,25.971268,4.000000,27.835819,27.835819,0.000000,38.100000,4.000000,0.775600,-0.000720,-0.001349,-0.098167,1.749506,-2.580961,-0.006576,0.008848,46.300000,0.000000,0.432473,0.000193,-0.000629,-0.001673,-0.002216,0.279215,
0.040000,26.066670,26.066670,4.000000,27.879314,27.879314,0.000000,38.200000,4.000000,0.772400,-0.000660,-0.001146,-0.094931,1.745527,-2.523504,-0.007144,0.009689,46.400000,0.000000,0.423934,-0.000325,-0.000657,-0.000659,0.001540,0.282736,
0.040000,26.159226,26.159226,4.000000,27.917793,27.917793,0.000000,38.300000,4.000000,0.828400,-0.000660,-0.001146,-0.094931,1.745527,-2.523504,-0.007144,0.011411,46.500000,0.000000,0.415062,0.000374,-0.000985,0.001465,0.001719,0.288022,
0.040000,26.249445,26.249445,4.000000,27.963604,27.963604,0.000000,38.400000,4.000000,0.835200,-0.000265,-0.000722,-0.091132,1.745376,-2.495016,-0.008414,0.022406,46.600000,0.000000,0.407323,0.000663,-0.000734,0.000308,-0.000518,0.285091,
0.040000,26.334336,26.334336,3.000000,27.947268,27.947268,0.000000,38.500000,3.000000,0.827200,-0.000397,-0.001237,-0.094490,1.745301,-2.466395,-0.007835,0.009135,46.700000,0.000000,0.398718,0.001107,-0.000969,0.002818,0.002074,0.284959,
0.040000,26.413304,26.413304,5.000000,27.913683,27.913683,0.000000,38.600000,5.000000,0.824800,-0.000528,-0.001044,-0.091051,1.744125,-2.438309,-0.007008,0.008418,46.800000,0.000000,0.391409,0.000699,-0.000837,-0.002049,-0.000192,0.285734,
0.040000,26.483866,26.483866,4.000000,27.824554,27.824554,0.000000,38.700000,4.000000,0.816800,-0.000775,-0.001337,-0.093196,1.742695,-2.410078,-0.004981,0.009358,46.900000,0.000000,0.383322,0.001289,-0.000656,0.000490,-0.001081,0.282721,
0.040000,26.549531,26.549531,3.000000,27.797157,27.797157,0.000000,38.800000,3.000000,0.812400,-0.000551,-0.001181,-0.093350,1.741772,-2.382161,-0.007174,0.008889,47.000000,0.000000,0.376281,0.001204,-0.000245,-0.001506,-0.002147,0.282466,
0.040000,26.604843,26.604843,3.000000,27.655777,27.655777,0.000000,38.900000,3.000000,0.790000,-0.000403,-0.000933,-0.096284,1.745157,-2.327945,-0.006806,0.010284,47.100000,0.000000,0.369016,0.001296,-0.000672,0.000502,0.000345,0.280433,
0.040000,26.651614,26.651614,3.000000,27.540258,27.540258,0.000000,39.000000,3.000000,0.864400,-0.000403,-0.000933,-0.096284,1.745157,-2.327945,-0.006806,0.011859,47.200000,0.000000,0.361487,0.000987,-0.000361,0.002378,-0.000523,0.274616,
0.040000,26.689284,26.689284,3.000000,27.405012,27.405012,0.000000,39.100000,3.000000,0.851200,0.000009,-0.000982,-0.100062,1.742255,-2.300052,-0.008417,0.021076,47.300000,0.000000,0.354571,0.000364,-0.000580,0.000439,0.001050,0.272463,
0.040000,26.718627,26.718627,3.000000,27.276148,27.276148,0.000000,39.200000,3.000000,0.862800,0.000086,-0.001244,-0.099268,1.743582,-2.272695,-0.008935,0.009380,47.400000,0.000000,0.348512,0.000209,-0.000886,-0.000101,0.002781,0.276465,
0.040000,26.737292,26.737292,3.000000,27.091927,27.091927,0.000000,39.300000,3.000000,0.858800,0.000352,-0.000700,-0.096571,1.744525,-2.245545,-0.009039,0.008312,47.500000,0.000000,0.341345,0.000147,-0.000971,-0.001667,0.001350,0.274678,
0.040000,26.747658,26.747658,3.000000,26.944618,26.944618,0.000000,39.400000,3.000000,0.853200,0.000102,-0.000816,-0.095063,1.745559,-2.218028,-0.008641,0.008494,47.600000,0.000000,0.334131,0.000430,-0.000972,0.002690,0.001996,0.272711,
0.040000,26.746130,26.746130,3.000000,26.717096,26.717096,0.000000,39.500000,3.000000,0.840800,-0.000133,-0.000711,-0.093534,1.746192,-2.190830,-0.007228,0.025749,47.700000,0.000000,0.327200,0.000526,-0.000874,0.000271,-0.000907,0.274230,
0.040000,26.734428,26.734428,3.000000,26.512094,26.512094,0.000000,39.600000,3.000000,0.848000,-0.000047,-0.001100,-0.092480,1.749154,-2.136496,-0.007088,0.008814,47.800000,0.000000,0.320467,0.000681,-0.000578,0.000753,-0.001932,0.272842,
0.040000,26.711906,26.711906,2.000000,26.283989,26.283989,0.000000,39.700000,2.000000,0.881600,-0.000047,-0.001100,-0.092480,1.749154,-2.136496,-0.007088,0.011209,47.900000,0.000000,0.313782,0.000590,-0.000601,0.001180,-0.000968,0.272470,
0.040000,26.676183,26.676183,3.000000,25.997429,25.997429,0.000000,39.800000,3.000000,0.886000,-0.000071,-0.000870,-0.093545,1.749840,-2.109586,-0.007138,0.020050,48.000000,0.000000,0.307360,0.000492,-0.000527,-0.002803,0.000147,0.271622,
0.040000,26.630307,26.630307,3.000000,25.758682,25.758682,0.000000,39.900000,3.000000,0.870400,0.000030,-0.000698,-0.090459,1.750752,-2.082487,-0.007417,0.007847,48.100000,0.000000,0.301295,0.000233,-0.000527,0.000358,-0.000255,0.270061,
0.040000,26.570732,26.570732,2.000000,25.438805,25.438805,0.000000,40.000000,2.000000,0.857600,-0.000289,-0.000440,-0.090040,1.752325,-2.055571,-0.007152,0.007776,48.200000,0.000000,0.294883,0.000658,-0.000571,0.001204,0.000394,0.270636,
0.040000,26.499540,26.499540,3.000000,25.146893,25.146893,0.000000,40.100000,3.000000,0.875200,-0.000218,-0.000613,-0.091318,1.755070,-2.028756,-0.006558,0.008533,48.300000,0.000000,0.288754,0.000565,-0.000508,0.002079,-0.001918,0.269724,
0.040000,26.417475,26.417475,2.000000,24.858229,24.858229,0.000000,40.200000,2.000000,0.859200,0.000294,-0.000918,-0.088423,1.757025,-2.001720,-0.007721,0.008501,48.400000,0.000000,0.282693,0.000079,-0.000381,-0.000234,-0.000381,0.268749,
0.040000,26.321442,26.321442,3.000000,24.496824,24.496824,0.000000,40.300000,3.000000,0.840400,0.000004,-0.000724,-0.087609,1.759680,-1.947842,-0.006727,0.007599,48.500000,0.000000,0.276515,0.000419,-0.000603,-0.001978,0.002890,0.269751,
0.040000,26.213125,26.213125,2.000000,24.155090,24.155090,0.000000,40.400000,2.000000,0.891600,0.000004,-0.000724,-0.087609,1.759680,-1.947842,-0.006727,0.011166,48.600000,0.000000,0.271003,0.000149,-0.000487,0.000080,-0.000966,0.269698,
0.040000,26.101219,26.101219,2.000000,23.975008,23.975008,0.000000,40.600000,2.000000,0.880400,-0.000075,-0.000639,-0.087562,1.761433,-1.920928,-0.006501,0.019944,48.800000,0.000000,0.265168,0.000348,-0.000385,0.000370,-0.000357,0.269334,
0.040000,25.973431,25.973431,3.000000,23.545465,23.545465,0.000000,40.800000,3.000000,0.866800,0.000004,-0.000751,-0.087365,1.764423,-1.867253,-0.005961,0.009686,49.000000,0.000000,0.259607,0.000222,-0.000333,0.000673,-0.000734,0.269214,
0.040000,25.842020,25.842020,2.000000,23.345207,23.345207,0.000000,40.900000,2.000000,0.862400,-0.000013,-0.000734,-0.086031,1.767755,-1.813368,-0.005649,0.009642,49.100000,0.000000,0.238055,-0.000126,-0.000094,-0.000487,0.000160,0.268420,
0.040000,25.705116,25.705116,2.000000,23.103937,23.103937,0.000000,41.000000,2.000000,0.864400,0.000024,-0.000771,-0.087097,1.771202,-1.759500,-0.005361,0.009957,49.200000,0.000000,0.217991,0.000002,0.000036,0.000055,-0.000263,0.269367,
0.040000,25.563209,25.563209,2.000000,22.866980,22.866980,0.000000,41.100000,2.000000,0.878800,0.000024,-0.000771,-0.087097,1.771202,-1.759500,-0.005361,0.012363,49.300000,0.000000,0.213382,-0.000404,0.000089,-0.000810,0.000020,0.268987,
0.040000,25.416075,25.416075,2.000000,22.620537,22.620537,0.000000,41.200000,2.000000,0.879200,0.000015,-0.000876,-0.088016,1.770974,-1.732741,-0.004809,0.020560,49.400000,0.000000,0.208927,-0.000348,0.000089,0.000370,-0.000184,0.269601,
0.040000,25.266056,25.266056,2.000000,22.415695,22.415695,0.000000,41.300000,2.000000,0.862800,0.000078,-0.000562,-0.086774,1.771529,-1.705841,-0.006109,0.008796,49.500000,0.000000,0.204905,-0.000510,0.000196,-0.000510,-0.000262,0.268362,
0.040000,25.111504,25.111504,2.000000,22.175003,22.175003,0.000000,41.400000,2.000000,0.869600,0.000083,-0.000775,-0.085225,1.773254,-1.679025,-0.004865,0.008474,49.600000,0.000000,0.200736,-0.000277,-0.000063,0.001736,0.000168,0.268758,
0.040000,24.950507,24.950507,2.000000,21.891571,21.891571,0.000000,41.600000,2.000000,0.863600,0.000057,-0.000859,-0.086028,1.772972,-1.652084,-0.004196,0.009180,49.800000,0.000000,0.196418,-0.000015,0.000183,-0.000666,-0.000012,0.268385,
0.040000,24.769724,24.769724,3.000000,21.334846,21.334846,0.000000,41.700000,3.000000,0.860800,-0.000055,-0.000917,-0.087864,1.772702,-1.577847,-0.004041,0.008124,49.900000,0.000000,0.192632,-0.000166,0.000310,-0.000785,-0.000305,0.269023,
0.040000,24.585337,24.585337,2.000000,21.081991,21.081991,0.000000,41.800000,2.000000,0.895600,-0.000055,-0.000917,-0.087864,1.772702,-1.577847,-0.004041,0.011702,50.000000,0.000000,0.177555,-0.000493,0.000291,0.000577,-0.000307,0.257885,
0.040000,24.403697,24.403697,3.000000,20.952530,20.952530,0.000000,41.900000,3.000000,0.888400,0.000026,-0.000693,-0.087291,1.773073,-1.557240,-0.004661,0.019970,50.100000,0.000000,0.174145,-0.000671,0.000313,-0.000795,-0.000746,0.241248,
0.040000,24.249454,24.249454,2.000000,21.318836,21.318836,0.000000,42.000000,2.000000,0.896000,0.000055,-0.000676,-0.089816,1.772164,-1.538833,-0.004312,0.011344,50.200000,0.000000,0.170660,-0.000546,0.000186,0.001052,0.000100,0.219847,
0.040000,24.119589,24.119589,3.000000,21.652153,21.652153,0.000000,42.200000,3.000000,0.886400,-0.000050,-0.000651,-0.091913,1.771754,-1.522353,-0.004126,0.008491,50.400000,0.000000,0.167486,-0.001033,0.000250,0.000507,0.000139,0.197789,
0.040000,24.025282,24.025282,2.000000,22.233459,22.233459,0.000000,42.300000,2.000000,0.882400,-0.000199,-0.000307,-0.092965,1.770705,-1.494069,-0.005056,0.008985,50.500000,0.000000,0.164268,-0.001427,0.000281,0.000347,-0.000664,0.177405,
0.040000,23.948656,23.948656,2.000000,22.492762,22.492762,0.000000,42.400000,2.000000,0.868400,-0.000088,-0.000725,-0.094190,1.771794,-1.481884,-0.003968,0.008599,50.600000,0.000000,0.151811,-0.001745,-0.000105,0.001667,-0.000805,0.143270,
0.040000,23.889056,23.889056,2.000000,22.756649,22.756649,0.000000,42.500000,2.000000,0.885200,-0.000172,-0.000286,-0.094715,1.772823,-1.471030,-0.005142,0.009821,50.700000,0.000000,0.148610,-0.001934,0.000110,-0.001561,0.000221,0.131424,
0.040000,23.842405,23.842405,2.000000,22.956041,22.956041,0.000000,42.600000,2.000000,0.870800,-0.000264,-0.000404,-0.095543,1.773703,-1.461027,-0.004403,0.007288,50.800000,0.000000,0.145492,-0.001980,-0.000122,0.002067,-0.000457,0.117504,
0.040000,23.807897,23.807897,2.000000,23.152229,23.152229,0.000000,42.700000,2.000000,0.863600,0.000006,-0.000638,-0.095804,1.773025,-1.451895,-0.003603,0.009767,50.900000,0.000000,0.142456,-0.002086,0.000025,0.000080,-0.000763,0.106729,
0.040000,23.784290,23.784290,2.000000,23.335766,23.335766,0.000000,42.800000,2.000000,0.861600,-0.000204,-0.000478,-0.095777,1.773367,-1.443530,-0.003870,0.008070,51.000000,0.000000,0.139792,-0.002110,0.000181,-0.001403,0.001345,0.097209,
0.040000,23.769109,23.769109,2.000000,23.480667,23.480667,0.000000,42.900000,2.000000,0.850400,-0.000086,-0.000209,-0.095065,1.772829,-1.436124,-0.005278,0.011075,51.100000,0.000000,0.136986,-0.002056,0.000125,0.000452,-0.000815,0.088827,
0.040000,23.761262,23.761262,2.000000,23.612181,23.612181,0.000000,43.000000,2.000000,0.866000,-0.000067,-0.000120,-0.096334,1.774022,-1.429410,-0.005535,0.008436,51.200000,0.000000,0.134423,-0.001890,-0.000153,0.001844,0.000402,0.079703,
0.040000,23.759576,23.759576,2.000000,23.727539,23.727539,0.000000,43.100000,2.000000,0.864400,-0.000436,-0.000598,-0.098199,1.773505,-1.423326,-0.003308,0.010549,51.300000,0.000000,0.131521,-0.002068,-0.000200,0.001261,0.000265,0.071941,
0.040000,23.763632,23.763632,2.000000,23.840685,23.840685,0.000000,43.200000,2.000000,0.852400,-0.000322,-0.000101,-0.097112,1.775353,-1.417909,-0.005462,0.007111,51.400000,0.000000,0.128990,-0.002404,0.000240,-0.002467,-0.002190,0.065077,
0.040000,23.772790,23.772790,2.000000,23.946800,23.946800,0.000000,43.300000,2.000000,0.848800,-0.000068,-0.000688,-0.099039,1.775355,-1.412790,-0.004024,0.008047,51.500000,0.000000,0.126131,-0.002093,-0.000187,0.002141,-0.000141,0.058336,
0.040000,23.784941,23.784941,2.000000,24.015810,24.015810,0.000000,43.400000,2.000000,0.861200,-0.000233,-0.000205,-0.098298,1.776008,-1.407940,-0.005008,0.010303,51.600000,0.000000,0.123596,-0.002425,0.000099,-0.002800,0.001502,0.053918,
0.040000,23.801487,23.801487,2.000000,24.115858,24.115858,0.000000,43.500000,2.000000,0.852800,-0.000063,-0.000526,-0.099102,1.775679,-1.399692,-0.004327,0.007943,51.700000,0.000000,0.121065,-0.002214,-0.000096,0.001922,-0.000458,0.050570,
0.040000,23.818684,23.818684,2.000000,24.145432,24.145432,0.000000,43.600000,2.000000,0.900800,-0.000063,-0.000526,-0.099102,1.775679,-1.399692,-0.004327,0.009876,51.800000,0.000000,0.118807,-0.002083,-0.000022,-0.000253,-0.001057,0.046158,
0.040000,23.840060,23.840060,2.000000,24.246199,24.246199,0.000000,43.700000,2.000000,0.882800,0.000030,-0.000266,-0.098751,1.777324,-1.395664,-0.005533,0.038068,51.900000,0.000000,0.116389,-0.002295,0.000040,-0.001081,0.001510,0.041763,
0.040000,23.864246,23.864246,2.000000,24.323784,24.323784,0.000000,43.800000,2.000000,0.905200,0.000012,-0.000489,-0.100300,1.775646,-1.391557,-0.003773,0.008005,52.000000,0.000000,0.113794,-0.002127,-0.000198,0.001194,0.001141,0.040847,
0.040000,23.892340,23.892340,2.000000,24.426130,24.426130,0.000000,43.900000,2.000000,0.901200,-0.000030,-0.000332,-0.098638,1.777951,-1.387604,-0.004818,0.010715,52.100000,0.000000,0.111828,-0.002443,0.000152,-0.000921,0.000311,0.040985,
0.040000,23.922135,23.922135,2.000000,24.488232,24.488232,0.000000,44.000000,2.000000,0.897200,-0.000090,-0.000282,-0.099132,1.777648,-1.383727,-0.004758,0.008484,52.200000,0.000000,0.109241,-0.001992,-0.000056,0.000617,-0.000148,0.040085,
0.040000,23.953747,23.953747,2.000000,24.554384,24.554384,0.000000,44.100000,2.000000,0.892800,-0.000056,-0.000422,-0.100295,1.777153,-1.379794,-0.004401,0.008215,52.300000,0.000000,0.107132,-0.002059,-0.000043,0.000547,-0.000433,0.039275,
0.040000,23.988225,23.988225,2.000000,24.643293,24.643293,0.000000,44.200000,2.000000,0.888400,-0.000075,-0.000284,-0.099469,1.779656,-1.375948,-0.004812,0.008692,52.400000,0.000000,0.105077,-0.002262,0.000028,-0.000654,0.000034,0.039310,
0.040000,24.023619,24.023619,2.000000,24.696102,24.696102,0.000000,44.300000,2.000000,0.886000,-0.000175,-0.000223,-0.099704,1.777898,-1.372318,-0.005244,0.008260,52.500000,0.000000,0.102556,-0.001964,-0.000053,0.000605,-0.000115,0.038785,
0.040000,24.060533,24.060533,1.000000,24.761915,24.761915,0.000000,44.400000,1.000000,0.888400,0.000002,-0.000310,-0.098950,1.778707,-1.368359,-0.004510,0.011709,52.600000,0.000000,0.100867,-0.002038,-0.000138,0.000607,-0.000666,0.037245,
0.040000,24.099488,24.099488,2.000000,24.839617,24.839617,0.000000,44.500000,2.000000,0.892800,-0.000205,-0.000377,-0.099548,1.777888,-1.364553,-0.004472,0.008789,52.700000,0.000000,0.098754,-0.001821,0.000010,-0.000303,0.000833,0.038700,
0.040000,24.139838,24.139838,2.000000,24.906494,24.906494,0.000000,44.600000,2.000000,0.887600,-0.000241,-0.000641,-0.101291,1.778712,-1.360811,-0.003456,0.008875,52.800000,0.000000,0.096943,-0.001933,0.000017,-0.000523,-0.000966,0.038303,
0.040000,24.181983,24.181983,2.000000,24.982737,24.982737,0.000000,44.700000,2.000000,0.879600,-0.000097,-0.000314,-0.099248,1.782513,-1.356968,-0.004921,0.007429,52.900000,0.000000,0.094804,-0.002198,0.000217,-0.001828,-0.000607,0.037756,
0.040000,24.225741,24.225741,2.000000,25.057154,25.057154,0.000000,44.800000,2.000000,0.888000,-0.000166,-0.000238,-0.099180,1.780407,-1.353145,-0.004556,0.009307,53.000000,0.000000,0.092287,-0.001604,-0.000076,0.001328,0.000646,0.038174,
0.040000,24.269662,24.269662,2.000000,25.104164,25.104164,0.000000,44.900000,2.000000,0.881600,-0.000106,-0.000118,-0.099857,1.781811,-1.349502,-0.005494,0.009198,53.100000,0.000000,0.090877,-0.001648,-0.000002,0.000976,-0.000186,0.038207,
0.040000,24.315480,24.315480,2.000000,25.186014,25.186014,0.000000,45.000000,2.000000,0.882000,-0.000185,-0.000345,-0.100033,1.780293,-1.345349,-0.004504,0.007345,53.200000,0.000000,0.088786,-0.001686,-0.000187,0.001121,0.000296,0.037107,
0.040000,24.362352,24.362352,2.000000,25.252913,25.252913,0.000000,45.100000,2.000000,0.881200,-0.000006,-0.000286,-0.100837,1.779661,-1.341771,-0.004825,0.008345,53.300000,0.000000,0.087320,-0.001752,0.000012,-0.000972,-0.000382,0.039843,
0.040000,24.411252,24.411252,2.000000,25.340351,25.340351,0.000000,45.200000,2.000000,0.885600,-0.000132,-0.000446,-0.100497,1.780640,-1.338022,-0.004126,0.007315,53.400000,0.000000,0.085684,-0.001900,-0.000052,-0.000008,0.000956,0.037332,
0.040000,24.458265,24.458265,4.000000,25.351511,25.351511,0.000000,45.400000,4.000000,0.872000,-0.000070,-0.000355,-0.103600,1.782748,-1.335462,-0.004344,0.008006,53.600000,0.000000,0.083822,-0.001753,0.000087,-0.000990,-0.000425,0.037426,
0.040000,24.499021,24.499021,3.000000,25.273392,25.273392,0.000000,45.500000,3.000000,0.896400,-0.000006,-0.000358,-0.094576,1.760124,-1.338238,-0.004660,0.009547,53.700000,0.000000,0.081622,-0.002218,0.000042,0.000190,0.000214,0.030118,
0.040000,24.541180,24.541180,4.000000,25.342197,25.342197,0.000000,45.600000,4.000000,0.844800,0.000342,-0.000557,-0.080761,1.718611,-1.332379,-0.003566,0.009237,53.800000,0.000000,0.084680,-0.000668,-0.000086,-0.000005,0.000322,-0.011620,
0.040000,24.594433,24.594433,3.000000,25.606245,25.606245,0.000000,45.700000,3.000000,0.791600,0.000369,-0.000569,-0.063766,1.658430,-1.317476,-0.003980,0.009388,53.900000,0.000000,0.091581,0.000106,0.000131,-0.001106,0.002052,0.027210,
0.040000,24.655501,24.655501,4.000000,25.815802,25.815802,0.000000,45.800000,4.000000,0.768000,0.000006,0.000054,-0.022516,1.507874,-1.287499,-0.007054,0.009631,54.000000,0.000000,0.102067,0.000557,0.000052,-0.000542,0.000916,0.101309,
0.040000,24.720639,24.720639,3.000000,25.958261,25.958261,0.000000,45.900000,3.000000,0.818800,0.000006,0.000054,-0.022516,1.507874,-1.287499,-0.007054,0.010189,54.100000,0.000000,0.115177,0.000762,0.000288,-0.001306,-0.000616,0.140549,
0.040000,24.790526,24.790526,3.000000,26.118366,26.118366,0.000000,46.000000,3.000000,0.772000,-0.000650,-0.000260,0.000227,1.431632,-1.276330,-0.004845,0.025713,54.200000,0.000000,0.128497,0.000707,-0.000551,0.004411,-0.001600,0.137013,
0.040000,24.860452,24.860452,4.000000,26.189051,26.189051,0.000000,46.100000,4.000000,0.747600,-0.000631,-0.000024,0.046967,1.281751,-1.261040,-0.004064,0.009021,54.300000,0.000000,0.141624,0.000797,-0.000105,-0.000232,-0.004675,0.121361,
0.040000,24.928470,24.928470,3.000000,26.220810,26.220810,0.000000,46.200000,3.000000,0.810000,-0.000631,-0.000024,0.046967,1.281751,-1.261040,-0.004064,0.008691,54.400000,0.000000,0.154500,0.000543,0.000085,-0.000093,-0.002022,0.099109,
0.040000,24.996833,24.996833,4.000000,26.295738,26.295738,0.000000,46.300000,4.000000,0.757200,-0.000799,-0.000054,0.070926,1.205966,-1.255526,-0.004072,0.022091,54.500000,0.000000,0.166701,0.000882,0.000028,0.001490,-0.000437,0.079603,
0.040000,25.062450,25.062450,4.000000,26.309172,26.309172,0.000000,46.400000,4.000000,0.735200,-0.001387,-0.000567,0.120942,1.052873,-1.247378,-0.003642,0.009242,54.600000,0.000000,0.179070,0.000809,0.000016,0.000405,-0.001205,0.064483,
0.040000,25.124537,25.124537,3.000000,26.304176,26.304176,0.000000,46.500000,3.000000,0.785600,-0.001387,-0.000567,0.120942,1.052873,-1.247378,-0.003642,0.011270,54.700000,0.000000,0.191315,0.000792,-0.000353,0.001735,-0.002470,0.052699,
0.040000,25.185020,25.185020,4.000000,26.334200,26.334200,0.000000,46.600000,4.000000,0.728800,-0.001339,-0.000168,0.145301,0.977250,-1.244564,-0.005504,0.023669,54.800000,0.000000,0.203498,0.000721,0.000077,-0.004029,-0.002570,0.042420,
0.040000,25.242796,25.242796,3.000000,26.340548,26.340548,0.000000,46.700000,3.000000,0.736000,-0.001707,-0.000827,0.197155,0.825892,-1.240109,-0.004286,0.021144,54.900000,0.000000,0.215141,0.000522,-0.000313,0.000948,-0.000694,0.033594,
0.040000,25.295074,25.295074,2.000000,26.288363,26.288363,0.000000,46.800000,2.000000,0.802800,-0.001707,-0.000827,0.197155,0.825892,-1.240109,-0.004286,0.022800,55.000000,0.000000,0.226484,0.000626,0.000556,-0.002479,0.001093,0.028619,
0.040000,25.343285,25.343285,2.000000,26.259295,26.259295,0.000000,46.900000,2.000000,0.740800,-0.001785,-0.000767,0.222802,0.749692,-1.238678,-0.003686,0.020662,55.100000,0.000000,0.237970,0.000580,-0.000116,-0.002143,-0.003231,0.022672,
0.040000,25.388765,25.388765,3.000000,26.252876,26.252876,0.000000,47.000000,3.000000,0.726000,-0.002242,-0.000851,0.275243,0.598129,-1.236723,-0.002354,0.021030,55.200000,0.000000,0.249129,0.000473,-0.000023,-0.000433,-0.001724,0.017505,
0.040000,25.430420,25.430420,2.000000,26.221872,26.221872,0.000000,47.100000,2.000000,0.813200,-0.002242,-0.000851,0.275243,0.598129,-1.236723,-0.002354,0.023715,55.300000,0.000000,0.260131,0.000596,-0.000142,0.001400,-0.002579,0.013319,
0.040000,25.467889,25.467889,3.000000,26.179783,26.179783,0.000000,47.200000,3.000000,0.759600,-0.002222,-0.000616,0.301844,0.523042,-1.236032,-0.003061,0.019508,55.400000,0.000000,0.270713,0.000466,0.000182,-0.001520,-0.001894,0.010537,
0.040000,25.502284,25.502284,4.000000,26.155792,26.155792,0.000000,47.300000,4.000000,0.738800,-0.002683,-0.000758,0.354501,0.370235,-1.234961,-0.001479,0.019681,55.500000,0.000000,0.281085,0.000558,0.000003,0.000877,-0.000603,0.008296,
0.040000,25.533580,25.533580,2.000000,26.128210,26.128210,0.000000,47.400000,2.000000,0.815200,-0.002683,-0.000758,0.354501,0.370235,-1.234961,-0.001479,0.023121,55.600000,0.000000,0.291524,0.000452,0.000101,-0.001435,-0.000800,0.007249,
0.040000,25.560859,25.560859,3.000000,26.079163,26.079163,0.000000,47.500000,3.000000,0.761600,-0.002557,-0.000608,0.381004,0.295275,-1.234619,-0.002347,0.019166,55.700000,0.000000,0.301675,0.000434,0.000241,0.000361,-0.002592,0.005303,
0.040000,25.584063,25.584063,3.000000,26.024935,26.024935,0.000000,47.600000,3.000000,0.719600,-0.002636,-0.000527,0.434120,0.143792,-1.233968,-0.002555,0.019358,55.800000,0.000000,0.311410,0.000489,0.000023,0.001073,-0.000213,0.004139,
0.040000,25.605269,25.605269,2.000000,26.008179,26.008179,0.000000,47.700000,2.000000,0.787200,-0.002636,-0.000527,0.434120,0.143792,-1.233968,-0.002555,0.021137,55.900000,0.000000,0.321078,0.000598,-0.000483,0.001553,0.000796,0.003955,
0.040000,25.623561,25.623561,3.000000,25.971111,25.971111,0.000000,47.800000,3.000000,0.744400,-0.002495,-0.000638,0.460119,0.068214,-1.233731,-0.002505,0.019305,56.000000,0.000000,0.330609,0.000495,-0.000088,-0.000039,-0.001060,0.003164,
0.040000,25.638921,25.638921,3.000000,25.930765,25.930765,0.000000,47.900000,3.000000,0.698400,-0.002507,-0.000313,0.513657,-0.083119,-1.233465,-0.003240,0.023371,56.100000,0.000000,0.339860,0.000399,-0.000118,-0.000697,0.000463,0.002668,
0.040000,25.652089,25.652089,2.000000,25.902271,25.902271,0.000000,48.000000,2.000000,0.814800,-0.002507,-0.000313,0.513657,-0.083119,-1.233465,-0.003240,0.021836,56.200000,0.000000,0.349059,0.000499,-0.000082,-0.000428,-0.000198,0.002086,
0.040000,25.662474,25.662474,3.000000,25.859800,25.859800,0.000000,48.100000,3.000000,0.733600,-0.002543,-0.000364,0.540777,-0.158538,-1.233407,-0.003600,0.020056,56.300000,0.000000,0.357951,0.000473,-0.000339,0.002008,0.000225,0.001379,
0.040000,25.669282,25.669282,2.000000,25.798634,25.798634,0.000000,48.200000,2.000000,0.706000,-0.002407,-0.000450,0.593074,-0.309842,-1.233300,-0.002860,0.019678,56.400000,0.000000,0.366709,0.000587,-0.000443,0.000456,-0.000138,0.000883,
0.040000,25.672549,25.672549,2.000000,25.734615,25.734615,0.000000,48.300000,2.000000,0.784800,-0.002407,-0.000450,0.593074,-0.309842,-1.233300,-0.002860,0.022725,56.500000,0.000000,0.375314,0.000512,-0.000439,0.000955,-0.000895,0.000530,
0.040000,25.672075,25.672075,3.000000,25.663078,25.663078,0.000000,48.400000,3.000000,0.747600,-0.002332,-0.000656,0.619525,-0.385428,-1.233201,-0.001843,0.020278,56.600000,0.000000,0.383672,0.000420,-0.000362,-0.000950,0.001341,0.000671,
0.040000,25.672719,25.672719,3.000000,25.684942,25.684942,0.000000,48.500000,3.000000,0.711200,-0.002635,-0.000564,0.672672,-0.536394,-1.233247,-0.000997,0.020739,56.700000,0.000000,0.391912,0.000398,-0.000192,-0.001635,0.000976,0.000867,
0.040000,25.671002,25.671002,2.000000,25.638393,25.638393,0.000000,48.600000,2.000000,0.796800,-0.002635,-0.000564,0.672672,-0.536394,-1.233247,-0.000997,0.020902,56.800000,0.000000,0.400072,0.000466,-0.000485,0.001362,-0.002116,0.000151,
0.040000,25.666311,25.666311,2.000000,25.577175,25.577175,0.000000,48.800000,2.000000,0.712000,-0.001940,-0.000287,0.743791,-0.733158,-1.231813,-0.002811,0.022048,57.000000,0.000000,0.407885,0.000410,-0.000091,-0.000899,-0.000194,-0.000046,
0.040000,25.659598,25.659598,4.000000,25.532051,25.532051,0.000000,48.900000,4.000000,0.771200,-0.001940,-0.000287,0.743791,-0.733158,-1.231813,-0.002811,0.018297,57.100000,0.000000,0.415708,0.000374,-0.000076,-0.000818,0.000368,0.000491,
0.040000,25.661497,25.661497,5.000000,25.697577,25.697577,0.000000,49.000000,5.000000,0.738800,-0.001587,-0.000131,0.759202,-0.763673,-1.221461,-0.003415,0.023073,57.200000,0.000000,0.433687,0.001160,-0.001023,0.001653,0.002972,0.006437,
0.040000,25.675867,25.675867,5.000000,25.948906,25.948906,0.000000,49.100000,5.000000,0.716800,-0.001591,0.000468,0.763229,-0.779610,-1.203488,-0.004864,0.009474,57.300000,0.000000,0.431824,0.002001,-0.001135,0.001703,0.003272,0.060127,
0.040000,25.702262,25.702262,4.000000,26.203764,26.203764,0.000000,49.200000,4.000000,0.713200,-0.001611,0.000318,0.763986,-0.780967,-1.185515,-0.004271,0.009751,57.400000,0.000000,0.426541,0.001632,-0.001403,0.004482,0.001275,0.132884,
0.040000,25.739852,25.739852,5.000000,26.454052,26.454052,0.000000,49.300000,5.000000,0.723600,-0.001595,0.000078,0.763897,-0.784770,-1.168634,-0.003663,0.008874,57.500000,0.000000,0.418445,0.001644,-0.001259,0.000972,0.000406,0.161766,
0.040000,25.790831,25.790831,4.000000,26.759432,26.759432,0.000000,49.400000,4.000000,0.707600,-0.001684,0.000132,0.764074,-0.787114,-1.150737,-0.004113,0.010146,57.600000,0.000000,0.410891,0.001313,-0.001115,-0.000943,0.000277,0.166120,
0.040000,25.852040,25.852040,7.000000,27.015009,27.015009,0.000000,49.500000,7.000000,0.688000,-0.001419,0.000047,0.765040,-0.787011,-1.131236,-0.003891,0.009013,57.700000,0.000000,0.403235,0.001139,-0.001183,0.000155,-0.000432,0.174061,
0.040000,25.925202,25.925202,5.000000,27.315285,27.315285,0.000000,49.600000,5.000000,0.708400,-0.001968,0.000371,0.768181,-0.786962,-1.110010,-0.004176,0.037150,57.800000,0.000000,0.395349,0.001298,-0.001116,-0.000283,0.001486,0.187004,
0.040000,26.010927,26.010927,6.000000,27.639700,27.639700,0.000000,49.700000,6.000000,0.678800,-0.001974,0.000083,0.769238,-0.786713,-1.087375,-0.003418,0.010084,57.900000,0.000000,0.387812,0.001837,-0.001151,0.002117,-0.002804,0.202617,
0.040000,26.108847,26.108847,8.000000,27.969341,27.969341,0.000000,49.800000,8.000000,0.690400,-0.002190,0.000007,0.771513,-0.790115,-1.038508,-0.003765,0.012389,58.000000,0.000000,0.380217,0.002009,-0.000978,-0.000695,-0.001076,0.217286,
0.040000,26.216366,26.216366,4.000000,28.259209,28.259209,0.000000,49.900000,4.000000,0.767600,-0.002190,0.000007,0.771513,-0.790115,-1.038508,-0.003765,0.014034,58.100000,0.000000,0.374221,0.000586,-0.000995,-0.001141,0.001045,0.226952,
0.040000,26.334524,26.334524,4.000000,28.579533,28.579533,0.000000,50.000000,4.000000,0.774000,-0.002234,-0.000101,0.771312,-0.791718,-1.012585,-0.003482,0.023349,58.200000,0.000000,0.366179,0.002060,-0.001010,0.000549,-0.002400,0.244746,
0.040000,26.460964,26.460964,4.000000,28.863331,28.863331,0.000000,50.100000,4.000000,0.759200,-0.002402,-0.000168,0.772613,-0.794753,-0.985512,-0.003358,0.009269,58.300000,0.000000,0.359210,0.001824,-0.000934,-0.000102,-0.001194,0.253695,
0.040000,26.594351,26.594351,3.000000,29.128700,29.128700,0.000000,50.200000,3.000000,0.752800,-0.002385,-0.000173,0.771925,-0.792855,-0.957858,-0.003474,0.009870,58.400000,0.000000,0.352768,0.001689,-0.000893,-0.000065,-0.001514,0.264224,
0.040000,26.733734,26.733734,3.000000,29.382015,29.382015,0.000000,50.300000,3.000000,0.732800,-0.002445,-0.000506,0.772633,-0.794936,-0.929536,-0.002775,0.007562,58.500000,0.000000,0.345422,0.001750,-0.000897,0.000351,-0.000505,0.271833,
0.040000,26.880045,26.880045,3.000000,29.659948,29.659948,0.000000,50.400000,3.000000,0.737600,-0.002356,-0.000608,0.771007,-0.795889,-0.901185,-0.002384,0.008600,58.600000,0.000000,0.339023,0.001593,-0.000743,-0.001500,-0.000625,0.278873,
0.040000,27.030583,27.030583,4.000000,29.890800,29.890800,0.000000,50.500000,4.000000,0.710400,-0.002304,-0.000265,0.771879,-0.792708,-0.844026,-0.003612,0.008500,58.700000,0.000000,0.332292,0.001192,-0.000651,-0.000781,0.000215,0.281737,
0.040000,27.185984,27.185984,2.000000,30.138611,30.138611,0.000000,50.600000,2.000000,0.805600,-0.002304,-0.000265,0.771879,-0.792708,-0.844026,-0.003612,0.012248,58.800000,0.000000,0.325675,0.001532,-0.000790,0.001347,0.000448,0.285339,
0.040000,27.343336,27.343336,3.000000,30.333019,30.333019,0.000000,50.700000,3.000000,0.803200,-0.002427,-0.000365,0.770432,-0.792420,-0.815637,-0.003891,0.022013,58.900000,0.000000,0.318924,0.001672,-0.000864,0.001804,-0.000021,0.284527,
0.040000,27.503379,27.503379,3.000000,30.544199,30.544199,0.000000,50.800000,3.000000,0.794800,-0.002321,-0.000522,0.771228,-0.791415,-0.787218,-0.003145,0.007703,59.000000,0.000000,0.312396,0.001464,-0.000901,0.000485,-0.000823,0.284132,
0.040000,27.660527,27.660527,2.000000,30.646334,30.646334,0.000000,50.900000,2.000000,0.794400,-0.002307,-0.000513,0.769165,-0.790892,-0.759456,-0.003120,0.007785,59.100000,0.000000,0.306192,0.001685,-0.000736,-0.000372,0.000260,0.284168,
0.040000,27.813381,27.813381,2.000000,30.717621,30.717621,0.000000,51.000000,2.000000,0.801200,-0.002043,-0.000737,0.769162,-0.791104,-0.731544,-0.002519,0.010496,59.200000,0.000000,0.299785,0.001436,-0.000716,0.000314,0.000095,0.280119,
0.040000,27.963653,27.963653,3.000000,30.818821,30.818821,0.000000,51.100000,3.000000,0.778400,-0.002151,-0.000657,0.769061,-0.790391,-0.703898,-0.002619,0.010727,59.300000,0.000000,0.293894,0.001377,-0.000583,-0.000892,0.001561,0.279499,
0.040000,28.107576,28.107576,2.000000,30.842108,30.842108,0.000000,51.200000,2.000000,0.766800,-0.002139,-0.000783,0.766406,-0.790957,-0.648960,-0.002644,0.008862,59.400000,0.000000,0.287981,0.001441,-0.000591,0.000512,-0.000191,0.277622,
0.040000,28.242606,28.242606,2.000000,30.808167,30.808167,0.000000,51.300000,2.000000,0.826800,-0.002139,-0.000783,0.766406,-0.790957,-0.648960,-0.002644,0.010386,59.500000,0.000000,0.282110,0.001209,-0.000645,0.000310,-0.000307,0.275471,
0.040000,28.370320,28.370320,3.000000,30.796890,30.796890,0.000000,51.500000,3.000000,0.827600,-0.002208,-0.000830,0.766067,-0.790249,-0.621634,-0.002916,0.022082,59.700000,0.000000,0.276386,0.000968,-0.000571,-0.000037,-0.000049,0.275327,
0.040000,28.496563,28.496563,2.000000,30.895176,30.895176,0.000000,51.600000,2.000000,0.815200,-0.002080,-0.000811,0.762389,-0.788580,-0.567222,-0.002934,0.008882,59.800000,0.000000,0.270788,0.001020,-0.000613,0.000060,-0.000582,0.274049,
0.040000,28.614125,28.614125,2.000000,30.847803,30.847803,0.000000,51.700000,2.000000,0.790000,-0.002141,-0.000685,0.760864,-0.787624,-0.540099,-0.003044,0.019958,59.900000,0.000000,0.247918,0.000631,-0.000569,0.000648,0.000365,0.272163,
0.040000,28.721464,28.721464,2.000000,30.760908,30.760908,0.000000,51.800000,2.000000,0.757600,-0.002087,-0.000849,0.761356,-0.786523,-0.512957,-0.002865,0.021189,60.000000,0.000000,0.242685,0.000616,-0.000579,0.001299,-0.000283,0.271646,
0.040000,28.821060,28.821060,3.000000,30.713394,30.713394,0.000000,51.900000,3.000000,0.785200,-0.001505,-0.001280,0.755500,-0.785437,-0.458903,-0.002298,0.020770,60.100000,0.000000,0.237880,0.000839,-0.000532,-0.000137,0.000093,0.271509,
0.040000,28.907636,28.907636,2.000000,30.552582,30.552582,0.000000,52.000000,2.000000,0.821600,-0.001505,-0.001280,0.755500,-0.785437,-0.458903,-0.002298,0.010254,60.200000,0.000000,0.233330,0.000703,-0.000520,0.000800,0.000964,0.272318,
0.040000,28.985347,28.985347,2.000000,30.461849,30.461849,0.000000,52.100000,2.000000,0.816000,-0.001576,-0.001103,0.757472,-0.786060,-0.431662,-0.002345,0.021212,60.300000,0.000000,0.227485,0.000463,-0.000398,-0.002589,0.002729,0.269478,
0.040000,29.047991,29.047991,2.000000,30.238220,30.238220,0.000000,52.200000,2.000000,0.814000,-0.001646,-0.001134,0.756800,-0.786215,-0.404731,-0.002413,0.007305,60.400000,0.000000,0.223406,0.000516,-0.000400,0.000363,0.000402,0.271290,
0.040000,29.097144,29.097144,2.000000,30.031057,30.031057,0.000000,52.300000,2.000000,0.799200,-0.001712,-0.000979,0.755717,-0.786265,-0.377714,-0.002658,0.008130,60.500000,0.000000,0.218897,0.000423,-0.000405,0.000217,-0.000467,0.270062,
0.040000,29.136509,29.136509,2.000000,29.884438,29.884438,0.000000,52.400000,2.000000,0.797600,-0.001667,-0.001184,0.752924,-0.786853,-0.350614,-0.002453,0.008749,60.600000,0.000000,0.214392,0.000322,-0.000445,0.001320,-0.000764,0.270132,
0.040000,29.163192,29.163192,3.000000,29.670177,29.670177,0.000000,52.500000,3.000000,0.747600,-0.001652,-0.001127,0.753511,-0.786930,-0.323465,-0.002354,0.009343,60.700000,0.000000,0.209697,0.000005,-0.000395,-0.000483,-0.000194,0.270666,
0.040000,29.179451,29.179451,3.000000,29.488371,29.488371,0.000000,52.600000,3.000000,0.748400,-0.001602,-0.001066,0.751152,-0.788900,-0.269758,-0.002688,0.019837,60.800000,0.000000,0.205677,0.000030,-0.000368,0.000450,-0.000175,0.271175,
0.040000,29.182075,29.182075,2.000000,29.231918,29.231918,0.000000,52.700000,2.000000,0.831200,-0.001602,-0.001066,0.751152,-0.788900,-0.269758,-0.002688,0.010944,60.900000,0.000000,0.202127,0.000011,-0.000579,0.002788,-0.001447,0.271117,
0.040000,29.171022,29.171022,2.000000,28.961033,28.961033,0.000000,52.800000,2.000000,0.777200,-0.001558,-0.001003,0.747457,-0.788115,-0.242803,-0.002894,0.019641,61.000000,0.000000,0.197305,-0.000464,-0.000415,-0.000598,0.000829,0.267945,
0.040000,29.144006,29.144006,4.000000,28.630690,28.630690,0.000000,52.900000,4.000000,0.782800,-0.001369,-0.001041,0.748776,-0.788897,-0.215583,-0.002664,0.020776,61.100000,0.000000,0.192670,-0.000500,-0.000446,0.000424,0.000414,0.268938,
0.040000,29.102946,29.102946,3.000000,28.322819,28.322819,0.000000,53.000000,3.000000,0.760000,-0.001493,-0.001021,0.743089,-0.787163,-0.189214,-0.002655,0.007963,61.200000,0.000000,0.189159,-0.000578,-0.000393,0.000174,0.001159,0.270954,
0.040000,29.044853,29.044853,4.000000,27.941076,27.941076,0.000000,53.100000,4.000000,0.753200,-0.001470,-0.001076,0.738760,-0.787779,-0.162440,-0.002729,0.009491,61.300000,0.000000,0.184258,-0.000472,-0.000382,0.000424,-0.000493,0.266463,
0.040000,28.973178,28.973178,6.000000,27.611351,27.611351,0.000000,53.200000,6.000000,0.626800,-0.001492,-0.000992,0.734802,-0.788187,-0.135244,-0.003032,0.009881,61.400000,0.000000,0.179806,-0.000743,-0.000388,0.000061,-0.000217,0.267252,
0.040000,28.884727,28.884727,6.000000,27.204159,27.204159,0.000000,53.300000,6.000000,0.640400,-0.001289,-0.001109,0.730585,-0.784326,-0.082674,-0.002489,0.021972,61.500000,0.000000,0.175500,-0.000934,-0.000439,0.000791,-0.000395,0.270162,
0.040000,28.780307,28.780307,2.000000,26.796322,26.796322,0.000000,53.400000,2.000000,0.776800,-0.001289,-0.001109,0.730585,-0.784326,-0.082674,-0.002489,0.011188,61.600000,0.000000,0.172523,-0.000308,-0.000359,-0.000054,0.000673,0.259405,
0.040000,28.660600,28.660600,3.000000,26.386169,26.386169,0.000000,53.500000,3.000000,0.775200,-0.001130,-0.001056,0.735922,-0.785184,-0.055135,-0.002545,0.019483,61.700000,0.000000,0.167705,-0.000231,-0.000314,0.000055,0.000337,0.267778,
0.040000,28.527555,28.527555,3.000000,25.999702,25.999702,0.000000,53.600000,3.000000,0.685600,-0.001165,-0.001070,0.729341,-0.784087,-0.028292,-0.002505,0.031822,61.800000,0.000000,0.165458,-0.000308,-0.000320,0.000560,0.000927,0.272480,
0.040000,28.379564,28.379564,3.000000,25.567734,25.567734,0.000000,53.700000,3.000000,0.679200,-0.001187,-0.000943,0.733298,-0.785094,-0.001417,-0.002128,0.020261,61.900000,0.000000,0.160882,-0.000157,-0.000305,0.000315,-0.000034,0.269980,
0.040000,28.235409,28.235409,3.000000,25.496464,25.496464,0.000000,53.800000,3.000000,0.680400,-0.000999,-0.001043,0.731746,-0.785396,0.025337,-0.001951,0.008593,62.000000,0.000000,0.158492,-0.000331,-0.000225,0.001100,-0.000318,0.269214,
0.040000,28.118146,28.118146,3.000000,25.890156,25.890156,0.000000,53.900000,3.000000,0.660800,-0.001014,-0.000989,0.731689,-0.784758,0.052168,-0.001734,0.007503,62.100000,0.000000,0.155055,-0.000384,-0.000186,-0.000018,0.000874,0.268185,
0.040000,28.024846,28.024846,4.000000,26.252151,26.252151,0.000000,54.000000,4.000000,0.647600,-0.001139,-0.000986,0.736832,-0.783383,0.100409,-0.002292,0.007317,62.200000,0.000000,0.151985,-0.000251,-0.000139,0.000494,0.000071,0.268261,
0.040000,27.950293,27.950293,2.000000,26.533779,26.533779,0.000000,54.100000,2.000000,0.806000,-0.001139,-0.000986,0.736832,-0.783383,0.100409,-0.002292,0.008728,62.300000,0.000000,0.150497,-0.000417,-0.000186,0.000005,-0.000260,0.261231,
0.040000,27.893472,27.893472,3.000000,26.813864,26.813864,0.000000,54.200000,3.000000,0.804400,-0.000871,-0.000928,0.741814,-0.783150,0.122125,-0.002188,0.019088,62.400000,0.000000,0.147048,-0.000007,-0.000244,0.000521,-0.000882,0.239159,
0.040000,27.849171,27.849171,3.000000,27.007465,27.007465,0.000000,54.300000,3.000000,0.759600,-0.000877,-0.001017,0.745527,-0.782415,0.140973,-0.001983,0.008637,62.500000,0.000000,0.145127,-0.000059,-0.000219,0.000694,0.001189,0.225564,
0.040000,27.819880,27.819880,3.000000,27.263340,27.263340,0.000000,54.400000,3.000000,0.772000,-0.000895,-0.000821,0.749861,-0.782596,0.158080,