"ADAPTIVE_THRESHOLD_SIGMA","ESTIMATED_OBSERVATION_RADIUS","ESTIMATED_SENSOR_MAX_RANGE","ICP_ITERATION","INSTANTANEOUS_OBSERVATION_RADIUS","INSTANTANEOUS_SENSOR_MAX_RANGE","SENSOR_TIME_OFFSET","current_relative_timestamp","icp_iterations","icp_quality","robot_pitch","robot_roll","robot_x","robot_y","robot_yaw","robot_z","time_onLidar","timestamp","twistCorrectionCount","vx","vy","vz","wx","wy","wz",
0.200000,24.348314,24.348314,0.000000,20.000000,20.000000,0.000000,0.000000,0.000000,0.000000,0.000000,0.000000,0.000000,0.000000,0.000000,0.000000,0.000000,8.100000,0.000000,0.000000,0.000000,0.000000,0.000000,0.000000,0.000000,
0.200000,24.347701,24.347701,1.000000,24.336042,24.336042,0.000000,0.099999,1.000000,0.989600,0.000298,0.000067,-0.000758,-0.000099,-0.000037,-0.001117,0.010688,8.200000,0.000000,0.000000,0.000000,0.000000,0.000000,0.000000,0.000000,
0.197500,24.347123,24.347123,1.000000,24.336138,24.336138,0.000000,0.200000,1.000000,0.998800,0.000298,0.000067,-0.000758,-0.000099,-0.000037,-0.001117,0.012735,8.300000,0.000000,0.000000,0.000000,0.000000,0.000000,0.000000,0.000000,
0.195000,24.346713,24.346713,1.000000,24.338923,24.338923,0.000000,0.300000,1.000000,0.999600,0.000253,0.000026,-0.000279,-0.000241,-0.000067,-0.001036,0.010836,8.400000,0.000000,0.000000,0.000000,0.000000,0.000000,0.000000,0.000000,
0.192500,24.346191,24.346191,1.000000,24.336290,24.336290,0.000000,0.400000,1.000000,0.997600,0.000131,0.000053,0.000117,-0.000015,-0.000006,-0.000379,0.006746,8.500000,0.000000,0.000000,0.000000,0.000000,0.000000,0.000000,0.000000,
0.190000,24.345700,24.345700,1.000000,24.336365,24.336365,0.000000,0.500000,1.000000,0.995600,0.000146,0.000017,-0.000363,-0.000201,-0.000022,-0.000248,0.006658,8.600000,0.000000,0.000000,0.000000,0.000000,0.000000,0.000000,0.000000,
0.187500,24.345236,24.345236,1.000000,24.336416,24.336416,0.000000,0.600000,1.000000,0.996800,0.000140,0.000039,0.000212,-0.000079,-0.000022,-0.000650,0.006561,8.700000,0.000000,0.000000,0.000000,0.000000,0.000000,0.000000,0.000000,
0.185000,24.345408,24.345408,0.000000,24.348675,24.348675,0.000000,0.700000,0.000000,0.995600,0.000116,0.000034,0.000416,-0.000036,-0.000010,-0.000439,0.006799,8.800000,0.000000,0.000000,0.000000,0.000000,0.000000,0.000000,0.000000,
0.182500,24.344966,24.344966,1.000000,24.336569,24.336569,0.000000,0.800000,1.000000,0.996000,-0.000010,0.000057,0.000490,0.000089,-0.000004,-0.000006,0.007646,8.900000,0.000000,0.000694,-0.000060,-0.000732,0.000056,0.000193,-0.000017,
0.180000,24.345143,24.345143,0.000000,24.348513,24.348513,0.000000,0.900000,0.000000,0.992800,0.000142,0.000033,0.000377,-0.000120,-0.000041,-0.000631,0.007681,9.000000,0.000000,0.000695,-0.000024,-0.000593,0.000142,-0.000542,0.000026,
0.177500,24.344721,24.344721,0.000000,24.336695,24.336695,0.000000,1.000000,0.000000,0.992800,-0.000031,0.000024,0.000673,0.000105,-0.000017,0.000147,0.006849,9.100000,0.000000,0.000646,-0.000080,-0.000746,-0.000084,0.000698,-0.000215,
0.175000,24.344324,24.344324,0.000000,24.336775,24.336775,0.000000,1.100000,0.000000,0.996400,0.000032,0.000057,0.000973,-0.000117,-0.000047,0.000028,0.006257,9.200000,0.000000,0.000708,-0.000018,-0.000518,-0.000086,-0.000796,0.000067,
0.172500,24.344519,24.344519,0.000000,24.348238,24.348238,0.000000,1.200000,0.000000,0.991200,-0.000019,0.000034,0.000975,-0.000047,-0.000030,0.000041,0.008458,9.300000,0.000000,0.000768,-0.000076,-0.000536,0.000169,0.000086,-0.000163,
0.170000,24.344745,24.344745,0.000000,24.349028,24.349028,0.000000,1.300000,0.000000,0.993600,0.000027,-0.000040,0.001015,-0.000161,-0.000024,-0.000133,0.006556,9.400000,0.000000,0.000749,-0.000056,-0.000519,-0.000080,-0.000286,0.000045,
0.167500,24.344341,24.344341,1.000000,24.336662,24.336662,0.000000,1.400000,1.000000,0.992400,0.000055,0.000027,0.001082,-0.000099,-0.000011,0.000028,0.006959,9.500000,0.000000,0.000740,-0.000084,-0.000550,-0.000488,0.000175,0.000056,
0.165000,24.343962,24.343962,1.000000,24.336765,24.336765,0.000000,1.500000,1.000000,0.990000,0.000124,0.000033,0.001279,-0.000133,-0.000035,-0.000407,0.008033,9.600000,0.000000,0.000738,-0.000066,-0.000495,0.000232,0.000240,0.000102,
0.162500,24.344130,24.344130,0.000000,24.347317,24.347317,0.000000,1.600000,0.000000,0.990800,0.000100,0.000043,0.001347,0.000090,0.000020,-0.000426,0.008633,9.700000,0.000000,0.000769,-0.000073,-0.000593,0.000122,0.000518,-0.000112,
0.160000,24.343770,24.343770,0.000000,24.336933,24.336933,0.000000,1.700000,0.000000,0.986800,0.000024,0.000028,0.001557,-0.000135,0.000006,-0.000109,0.006197,9.800000,0.000000,0.000767,-0.000015,-0.000582,0.000112,0.000050,0.000295,
0.157500,24.343432,24.343432,0.000000,24.337009,24.337009,0.000000,1.800000,0.000000,0.984800,0.000058,0.000020,0.001246,0.000100,0.000012,-0.000111,0.006457,9.900000,0.000000,0.000800,-0.000070,-0.000489,-0.000052,-0.000448,0.000031,
0.155000,24.343106,24.343106,0.000000,24.336916,24.336916,0.000000,1.900000,0.000000,0.992400,0.000063,0.000012,0.001479,-0.000035,-0.000009,-0.000120,0.006979,10.000000,0.000000,0.000704,-0.000011,-0.000478,-0.000069,0.000040,0.000044,
0.152500,24.343476,24.343476,0.000000,24.350515,24.350515,0.000000,2.000000,0.000000,0.987600,0.000052,0.000010,0.001278,-0.000010,0.000017,-0.000101,0.006722,10.100000,0.000000,0.000743,-0.000043,-0.000468,-0.000076,0.000043,-0.000110,
0.150000,24.343154,24.343154,0.000000,24.337021,24.337021,0.000000,2.100000,0.000000,0.985200,0.000043,0.000035,0.001808,-0.000034,0.000022,-0.000279,0.006790,10.200000,0.000000,0.000677,-0.000036,-0.000452,-0.000042,-0.000049,0.000120,
0.147500,24.343427,24.343427,1.000000,24.348629,24.348629,0.000000,2.200000,1.000000,0.979600,0.000082,0.000022,0.001471,0.000012,0.000004,-0.000299,0.007808,10.300000,0.000000,0.000788,-0.000041,-0.000484,0.000140,-0.000077,0.000075,
0.145000,24.343775,24.343775,0.000000,24.350376,24.350376,0.000000,2.300000,0.000000,0.974000,0.000146,0.000056,0.001657,0.000031,0.000003,-0.000582,0.008767,10.400000,0.000000,0.000689,-0.000029,-0.000478,-0.000026,0.000213,-0.000079,
0.142500,24.344141,24.344141,1.000000,24.351107,24.351107,0.000000,2.400000,1.000000,0.968800,0.000085,0.000030,0.002192,-0.000005,-0.000005,-0.000324,0.006605,10.500000,0.000000,0.000716,-0.000024,-0.000533,0.000197,0.000473,-0.000041,
0.140000,24.344490,24.344490,0.000000,24.351105,24.351105,0.000000,2.500000,0.000000,0.975600,0.000116,0.000020,0.002152,-0.000151,-0.000008,-0.000404,0.009483,10.600000,0.000000,0.000825,-0.000032,-0.000460,-0.000082,-0.000196,-0.000066,
0.137500,24.344143,24.344143,0.000000,24.337563,24.337563,0.000000,2.600000,0.000000,0.965200,0.000025,0.000006,0.002369,-0.000010,0.000016,-0.000046,0.006857,10.700000,0.000000,0.000797,-0.000065,-0.000468,-0.000093,0.000119,-0.000040,
0.135000,24.344283,24.344283,0.000000,24.346935,24.346935,0.000000,2.700000,0.000000,0.957600,-0.000013,0.000012,0.002281,0.000028,0.000011,0.000201,0.006957,10.800000,0.000000,0.000828,-0.000031,-0.000374,-0.000124,-0.000515,0.000130,
0.132500,24.344405,24.344405,0.000000,24.346733,24.346733,0.000000,2.800000,0.000000,0.955600,-0.000002,0.000035,0.002891,-0.000070,-0.000005,0.000079,0.007535,10.900000,0.000000,0.000789,-0.000022,-0.000309,-0.000008,-0.000430,0.000020,
0.130000,24.344073,24.344073,0.000000,24.337757,24.337757,0.000000,2.900000,0.000000,0.950800,-0.000061,0.000003,0.003062,-0.000162,-0.000003,0.000310,0.006904,11.000000,0.000000,0.000911,-0.000044,-0.000330,0.000140,-0.000102,-0.000093,
0.127500,24.344356,24.344356,0.000000,24.349730,24.349730,0.000000,3.000000,0.000000,0.954400,0.000041,0.000028,0.002445,-0.000132,-0.000006,-0.000204,0.006028,11.100000,0.000000,0.000929,-0.000063,-0.000269,-0.000145,-0.000401,-0.000021,
0.125000,24.344671,24.344671,0.000000,24.350662,24.350662,0.000000,3.100000,0.000000,0.946400,-0.000006,0.000001,0.003098,-0.000121,-0.000010,0.000178,0.007615,11.200000,0.000000,0.000768,-0.000055,-0.000380,0.000098,0.000479,-0.000025,
0.122500,24.344809,24.344809,0.000000,24.347422,24.347422,0.000000,3.200000,0.000000,0.949600,-0.000090,0.000033,0.002838,-0.000027,0.000002,0.000457,0.006075,11.300000,0.000000,0.000898,-0.000051,-0.000285,-0.000127,-0.000107,-0.000035,
0.120000,24.344812,24.344812,0.000000,24.344872,24.344872,0.000000,3.300000,0.000000,0.956800,0.000031,0.000058,0.003186,-0.000019,-0.000002,-0.000102,0.006353,11.400000,0.000000,0.000820,-0.000029,-0.000216,0.000146,-0.000561,0.000057,
0.117500,24.344855,24.344855,0.000000,24.345678,24.345678,0.000000,3.400000,0.000000,0.950400,-0.000061,0.000027,0.003271,-0.000101,-0.000017,0.000113,0.006575,11.500000,0.000000,0.000879,-0.000027,-0.000336,0.000212,0.000532,-0.000000,
0.115000,24.344883,24.344883,0.000000,24.345421,24.345421,0.000000,3.500000,0.000000,0.947600,0.000002,0.000023,0.003457,-0.000015,0.000012,0.000069,0.006802,11.600000,0.000000,0.000878,-0.000044,-0.000281,-0.000113,-0.000368,-0.000092,
0.112500,24.344904,24.344904,0.000000,24.345303,24.345303,0.000000,3.600000,0.000000,0.958800,0.000033,0.000036,0.003417,-0.000157,-0.000003,0.000025,0.006459,11.700000,0.000000,0.000900,-0.000025,-0.000284,-0.000064,0.000250,0.000141,
0.110000,24.344565,24.344565,0.000000,24.338108,24.338108,0.000000,3.700000,0.000000,0.937200,0.000022,0.000052,0.003767,-0.000015,0.000005,0.000003,0.006866,11.800000,0.000000,0.000871,-0.000055,-0.000288,0.000051,0.000286,-0.000036,
0.107500,24.344631,24.344631,1.000000,24.345898,24.345898,0.000000,3.800000,1.000000,0.948800,0.000055,0.000008,0.003400,-0.000005,0.000009,-0.000136,0.006410,11.900000,0.000000,0.000929,-0.000023,-0.000286,0.000121,0.000042,0.000034,
0.105000,24.344634,24.344634,0.000000,24.344696,24.344696,0.000000,3.900000,0.000000,0.928800,0.000112,0.000039,0.003764,-0.000066,-0.000018,-0.000662,0.007720,12.000000,0.000000,0.000829,-0.000020,-0.000310,-0.000227,0.000222,0.000037,
0.102500,24.344681,24.344681,1.000000,24.345575,24.345575,0.000000,4.000000,1.000000,0.930000,0.000058,-0.000013,0.003389,-0.000187,-0.000004,-0.000218,0.006044,12.100000,0.000000,0.000890,-0.000033,-0.000418,0.000107,0.000436,-0.000154,
0.100000,24.344992,24.344992,1.000000,24.350895,24.350895,0.000000,4.100000,1.000000,0.939600,0.000134,0.000039,0.003696,-0.000091,-0.000001,-0.000562,0.009170,12.200000,0.000000,0.000789,-0.000059,-0.000313,-0.000285,-0.000165,0.000030,
0.097500,24.344976,24.344976,1.000000,24.344671,24.344671,0.000000,4.200000,1.000000,0.913600,0.000263,0.000077,0.003331,-0.000011,-0.000005,-0.001259,0.007351,12.300000,0.000000,0.000838,-0.000037,-0.000380,0.000218,0.000404,0.000031,
0.095000,24.345320,24.345320,0.000000,24.351845,24.351845,0.000000,4.300000,0.000000,0.931600,0.000157,0.000013,0.003849,-0.000068,0.000006,-0.000657,0.007359,12.400000,0.000000,0.000742,-0.000019,-0.000522,0.000316,0.000955,-0.000010,
0.092500,24.345337,24.345337,0.000000,24.345665,24.345665,0.000000,4.400000,0.000000,0.947200,0.000045,0.000017,0.004084,-0.000054,-0.000000,-0.000134,0.006383,12.500000,0.000000,0.000837,-0.000030,-0.000382,-0.000275,-0.000292,0.000063,
0.090000,24.345352,24.345352,1.000000,24.345642,24.345642,0.000000,4.500000,1.000000,0.906400,-0.000003,0.000002,0.004406,-0.000011,-0.000006,0.000071,0.009286,12.600000,0.000000,0.000869,-0.000027,-0.000262,-0.000082,-0.000806,-0.000015,
0.087500,24.345729,24.345729,0.000000,24.352882,24.352882,0.000000,4.600000,0.000000,0.892400,0.000118,0.000027,0.004320,-0.000060,-0.000002,-0.000515,0.007665,12.700000,0.000000,0.000919,-0.000017,-0.000212,-0.000123,-0.000604,-0.000040,
0.085000,24.345983,24.345983,0.000000,24.350817,24.350817,0.000000,4.700000,0.000000,0.883200,0.000075,0.000016,0.004466,-0.000096,-0.000011,-0.000339,0.008043,12.800000,0.000000,0.000882,-0.000027,-0.000333,0.000108,0.000516,0.000007,
0.082500,24.345646,24.345646,0.000000,24.339233,24.339233,0.000000,4.800000,0.000000,0.898000,0.000092,0.000030,0.004768,-0.000154,-0.000018,-0.000381,0.007270,12.900000,0.000000,0.000894,-0.000034,-0.000288,-0.000026,-0.000067,-0.000051,
0.080000,24.345948,24.345948,1.000000,24.351688,24.351688,0.000000,4.900000,1.000000,0.878800,0.000073,0.000020,0.004684,0.000121,0.000009,-0.000401,0.007436,13.000000,0.000000,0.000939,-0.000046,-0.000291,0.000074,0.000079,-0.000067,
0.077500,24.346010,24.346010,1.000000,24.347200,24.347200,0.000000,5.000000,1.000000,0.868400,0.000097,0.000017,0.005183,-0.000061,-0.000028,-0.000588,0.007547,13.100000,0.000000,0.000901,0.000013,-0.000289,-0.000028,-0.000085,0.000143,
0.075000,24.345681,24.345681,1.000000,24.339432,24.339432,0.000000,5.100000,1.000000,0.850400,0.000202,0.000043,0.005224,-0.000235,-0.000024,-0.000864,0.006998,13.200000,0.000000,0.000987,-0.000025,-0.000322,-0.000035,0.000115,-0.000173,
0.072500,24.345741,24.345741,0.000000,24.346876,24.346876,0.000000,5.200000,0.000000,0.840000,0.000164,0.000015,0.004893,-0.000137,-0.000020,-0.000875,0.006769,13.300000,0.000000,0.000975,-0.000061,-0.000373,0.000148,0.000692,-0.000042,
0.070000,24.345427,24.345427,1.000000,24.339453,24.339453,0.000000,5.300000,1.000000,0.797600,0.000088,0.000028,0.005342,-0.000240,-0.000022,-0.000431,0.006780,13.400000,0.000000,0.000886,-0.000039,-0.000368,-0.000118,0.000029,0.000009,
0.067500,24.345697,24.345697,1.000000,24.350842,24.350842,0.000000,5.400000,1.000000,0.810800,0.000156,0.000018,0.005309,-0.000224,-0.000020,-0.000693,0.009977,13.500000,0.000000,0.000961,-0.000060,-0.000267,0.000040,-0.000459,-0.000009,
0.065000,24.345974,24.345974,0.000000,24.351236,24.351236,0.000000,5.500000,0.000000,0.741600,0.000129,0.000020,0.005662,-0.000173,-0.000026,-0.000668,0.006916,13.600000,0.000000,0.000934,-0.000056,-0.000317,-0.000048,0.000247,0.000007,
0.062500,24.346148,24.346148,1.000000,24.349455,24.349455,0.000000,5.600000,1.000000,0.736800,0.000080,0.000033,0.005784,-0.000279,-0.000046,-0.000472,0.005554,13.700000,0.000000,0.000988,-0.000044,-0.000305,-0.000008,-0.000076,-0.000030,
0.060000,24.346469,24.346469,1.000000,24.352570,24.352570,0.000000,5.700000,1.000000,0.746400,0.000112,-0.000004,0.005706,-0.000202,-0.000025,-0.000720,0.006304,13.800000,0.000000,0.000993,-0.000065,-0.000258,0.000078,-0.000327,-0.000139,
0.057500,24.346566,24.346566,1.000000,24.348406,24.348406,0.000000,5.800000,1.000000,0.763200,0.000148,0.000034,0.005641,-0.000097,-0.000017,-0.000678,0.006981,13.900000,0.000000,0.000956,-0.000047,-0.000304,-0.000197,0.000071,0.000079,
0.055000,24.346238,24.346238,1.000000,24.340002,24.340002,0.000000,6.100000,1.000000,0.694000,0.000127,0.000019,0.005942,-0.000182,-0.000039,-0.000730,0.007866,14.200000,0.000000,0.000923,-0.000025,-0.000289,0.000160,0.000248,0.000077,
0.052500,24.345936,24.345936,1.000000,24.340200,24.340200,0.000000,6.200000,1.000000,0.706800,0.000105,0.000038,0.006179,-0.000044,-0.000006,-0.000486,0.006178,14.300000,0.000000,0.000966,-0.000042,-0.000294,-0.000031,-0.000032,-0.000103,
0.050000,24.345654,24.345654,0.000000,24.340296,24.340296,0.000000,6.300000,0.000000,0.729200,0.000108,-0.000011,0.006168,-0.000102,-0.000008,-0.000459,0.006510,14.400000,0.000000,0.000934,0.000048,-0.000095,0.000060,-0.000074,0.000107,
0.047500,24.345679,24.345679,1.000000,24.346142,24.346142,0.000000,6.400000,1.000000,0.715200,0.000084,0.000017,0.006540,0.000051,0.000000,-0.000371,0.006041,14.500000,0.000000,0.000914,0.000036,-0.000088,-0.000230,-0.000021,0.000042,
0.045000,24.345417,24.345417,1.000000,24.340452,24.340452,0.000000,6.500000,1.000000,0.721200,0.000139,0.000016,0.006371,-0.000137,-0.000020,-0.000487,0.006793,14.600000,0.000000,0.000969,0.000065,-0.000069,0.000083,-0.000148,0.000063,
0.042500,24.345171,24.345171,0.000000,24.340492,24.340492,0.000000,6.600000,0.000000,0.702000,0.000101,0.000030,0.006805,0.000020,-0.000008,-0.000479,0.008327,14.700000,0.000000,0.000917,0.000027,-0.000090,0.000025,0.000280,-0.000101,
0.040000,24.345312,24.345312,0.000000,24.347984,24.347984,0.000000,6.700000,0.000000,0.700000,0.000087,0.000004,0.006948,-0.000024,-0.000009,-0.000353,0.006097,14.800000,0.000000,0.000985,0.000057,-0.000087,0.000097,-0.000128,0.000039,
0.040000,24.345078,24.345078,0.000000,24.340645,24.340645,0.000000,6.800000,0.000000,0.664000,0.000044,0.000004,0.007039,-0.000008,-0.000010,-0.000182,0.008309,14.900000,0.000000,0.000993,0.000047,-0.000060,-0.000125,-0.000136,0.000006,
0.040000,24.344860,24.344860,0.000000,24.340719,24.340719,0.000000,7.000000,0.000000,0.689600,0.000095,0.000011,0.006982,-0.000034,-0.000004,-0.000426,0.006967,15.100000,0.000000,0.000992,0.000050,-0.000025,-0.000051,-0.000317,-0.000005,
0.040000,24.344661,24.344661,1.000000,24.340878,24.340878,0.000000,7.100000,1.000000,0.632800,0.000094,0.000013,0.007355,-0.000025,-0.000004,-0.000365,0.008824,15.200000,0.000000,0.000961,0.000044,-0.000073,0.000026,0.000193,0.000038,
0.040000,24.344476,24.344476,1.000000,24.340952,24.340952,0.000000,7.200000,1.000000,0.678000,0.000123,0.000027,0.007389,-0.000050,-0.000005,-0.000534,0.006653,15.300000,0.000000,0.001032,0.000043,-0.000043,0.000011,0.000006,0.000001,
0.040000,24.344591,24.344591,1.000000,24.346783,24.346783,0.000000,7.300000,1.000000,0.680400,0.000112,-0.000001,0.007364,-0.000104,-0.000015,-0.000500,0.008882,15.400000,0.000000,0.001019,0.000038,-0.000076,0.000080,0.000162,-0.000003,
0.040000,24.344747,24.344747,0.000000,24.347702,24.347702,0.000000,7.400000,0.000000,0.706400,0.000108,0.000024,0.007524,0.000087,0.000006,-0.000413,0.006261,15.500000,0.000000,0.000994,0.000026,-0.000068,-0.000135,-0.000004,-0.000066,
0.040000,24.344575,24.344575,0.000000,24.341309,24.341309,0.000000,7.500000,0.000000,0.699200,0.000057,0.000016,0.007641,0.000060,-0.000009,-0.000319,0.006184,15.600000,0.000000,0.001006,0.000063,-0.000049,0.000098,-0.000026,0.000106,
0.040000,24.344424,24.344424,0.000000,24.341557,24.341557,0.000000,7.600000,0.000000,0.663600,0.000079,0.000018,0.007796,-0.000093,-0.000027,-0.000453,0.006768,15.700000,0.000000,0.001009,0.000057,-0.000030,-0.000009,-0.000325,-0.000050,
0.040000,24.344581,24.344581,0.000000,24.347576,24.347576,0.000000,7.700000,0.000000,0.709200,0.000078,0.000008,0.008012,-0.000013,-0.000011,-0.000247,0.006635,15.800000,0.000000,0.001020,0.000026,-0.000055,0.000007,0.000014,-0.000132,
0.040000,24.344776,24.344776,0.000000,24.348469,24.348469,0.000000,7.800000,0.000000,0.662000,0.000093,0.000016,0.008106,-0.000130,-0.000029,-0.000359,0.007697,15.900000,0.000000,0.001042,0.000041,-0.000014,-0.000056,-0.000001,0.000050,
0.040000,24.345042,24.345042,1.000000,24.350090,24.350090,0.000000,7.900000,1.000000,0.635600,0.000052,0.000002,0.008229,-0.000032,0.000001,-0.000272,0.006179,16.000000,0.000000,0.001040,0.000017,-0.000035,0.000027,0.000090,-0.000092,
0.040000,24.345272,24.345272,0.000000,24.349642,24.349642,0.000000,8.000000,0.000000,0.678400,0.000148,0.000015,0.008078,-0.000162,-0.000019,-0.000466,0.006502,16.100000,0.000000,0.001044,0.000036,-0.000017,-0.000074,-0.000216,0.000145,
0.040000,24.345565,24.345565,0.000000,24.351141,24.351141,0.000000,8.100000,0.000000,0.689200,0.000097,-0.000011,0.008306,-0.000134,-0.000033,-0.000391,0.006645,16.200000,0.000000,0.000993,0.000009,-0.000056,0.000051,0.000510,-0.000067,
0.040000,24.345763,24.345763,0.000000,24.349533,24.349533,0.000000,8.200000,0.000000,0.721200,0.000091,0.000024,0.008319,0.000020,-0.000015,-0.000413,0.006559,16.300000,0.000000,0.001019,0.000015,-0.000040,-0.000140,-0.000123,-0.000113,
0.040000,24.345967,24.345967,0.000000,24.349838,24.349838,0.000000,8.299999,0.000000,0.694800,0.000082,-0.000005,0.008596,0.000026,-0.000014,-0.000356,0.005995,16.400000,0.000000,0.001001,0.000045,-0.000043,0.000163,-0.000083,0.000070,
0.040000,24.345768,24.345768,1.000000,24.341978,24.341978,0.000000,8.400000,1.000000,0.718800,0.000068,-0.000006,0.008727,-0.000036,-0.000015,-0.000344,0.006141,16.500000,0.000000,0.001036,0.000045,-0.000031,-0.000121,-0.000089,0.000032,
0.040000,24.345582,24.345582,0.000000,24.342054,24.342054,0.000000,8.500000,0.000000,0.678000,0.000122,-0.000003,0.008657,-0.000025,-0.000018,-0.000568,0.009806,16.600000,0.000000,0.001042,0.000032,-0.000028,-0.000048,-0.000116,0.000010,
0.040000,24.345765,24.345765,0.000000,24.349247,24.349247,0.000000,8.600000,0.000000,0.683200,0.000064,-0.000001,0.008966,-0.000006,-0.000016,-0.000201,0.005751,16.700000,0.000000,0.001007,0.000034,-0.000072,0.000000,0.000287,-0.000017,
0.040000,24.346064,24.346064,0.000000,24.351742,24.351742,0.000000,8.700000,0.000000,0.684000,0.000097,0.000014,0.009136,-0.000079,-0.000028,-0.000278,0.007950,16.800000,0.000000,0.001048,0.000037,0.000002,0.000008,-0.000251,0.000009,
0.040000,24.345874,24.345874,0.000000,24.342264,24.342264,0.000000,8.799999,0.000000,0.712400,0.000043,0.000011,0.009245,0.000013,-0.000011,-0.000050,0.006387,16.900000,0.000000,0.001061,0.000022,-0.000013,0.000099,0.000113,-0.000072,
0.040000,24.346127,24.346127,0.000000,24.350933,24.350933,0.000000,8.900000,0.000000,0.609200,0.000036,0.000016,0.009419,-0.000099,-0.000030,0.000041,0.006404,17.000000,0.000000,0.001062,0.000039,0.000032,0.000016,-0.000292,0.000074,
0.040000,24.345942,24.345942,0.000000,24.342434,24.342434,0.000000,9.000000,0.000000,0.628400,0.000097,0.000012,0.009326,-0.000032,-0.000023,-0.000289,0.005944,17.100000,0.000000,0.001075,0.000016,0.000050,0.000040,-0.000156,-0.000088,
0.040000,24.346074,24.346074,1.000000,24.348568,24.348568,0.000000,9.100000,1.000000,0.704400,0.000040,0.000024,0.009700,0.000025,-0.000017,-0.000028,0.008510,17.200000,0.000000,0.001036,0.000029,-0.000017,-0.000014,0.000319,0.000012,
0.040000,24.346216,24.346216,0.000000,24.348928,24.348928,0.000000,9.200000,0.000000,0.714800,0.000120,0.000035,0.009421,0.000057,-0.000017,-0.000398,0.007185,17.300000,0.000000,0.001089,0.000040,0.000035,0.000074,-0.000234,0.000042,
0.040000,24.346375,24.346375,0.000000,24.349382,24.349382,0.000000,9.300000,0.000000,0.674800,0.000058,0.000003,0.009883,-0.000031,-0.000023,-0.000188,0.006286,17.400000,0.000000,0.001012,0.000046,-0.000039,0.000095,0.000405,0.000016,
0.040000,24.346593,24.346593,0.000000,24.350735,24.350735,0.000000,9.500000,0.000000,0.714000,0.000097,-0.000002,0.009737,-0.000079,-0.000018,-0.000397,0.007956,17.600000,0.000000,0.001084,0.000027,0.000004,-0.000166,-0.000229,-0.000032,
0.040000,24.346405,24.346405,0.000000,24.342844,24.342844,0.000000,9.600000,0.000000,0.685600,0.000011,0.000001,0.010056,-0.000022,-0.000022,0.000045,0.006213,17.700000,0.000000,0.001033,0.000017,-0.000038,-0.000094,0.000155,0.000017,
0.040000,24.346648,24.346648,0.000000,24.351269,24.351269,0.000000,9.700000,0.000000,0.647200,-0.000006,-0.000006,0.010361,-0.000044,-0.000014,0.000073,0.005983,17.800000,0.000000,0.001078,0.000038,0.000139,0.000011,-0.000400,-0.000017,
0.040000,24.346927,24.346927,0.000000,24.352219,24.352219,0.000000,9.800000,0.000000,0.729600,0.000029,0.000027,0.010412,-0.000068,-0.000021,-0.000143,0.005652,17.900000,0.000000,0.001116,0.000033,0.000142,-0.000034,-0.000271,0.000034,
0.040000,24.347116,24.347116,0.000000,24.350706,24.350706,0.000000,9.900000,0.000000,0.642000,0.000067,0.000005,0.010422,0.000041,-0.000019,-0.000172,0.007014,18.000000,0.000000,0.001105,0.000028,0.000097,0.000187,0.000103,-0.000026,
0.040000,24.346917,24.346917,1.000000,24.343138,24.343138,0.000000,10.000000,1.000000,0.676800,0.000070,0.000011,0.010498,-0.000018,-0.000021,-0.000327,0.005424,18.100000,0.000000,0.001085,0.000049,0.000089,-0.000065,0.000278,0.000002,
0.040000,24.347193,24.347193,1.000000,24.352446,24.352446,0.000000,10.100000,1.000000,0.631200,0.000149,0.000039,0.010493,0.000041,-0.000012,-0.000516,0.006573,18.200000,0.000000,0.001078,0.000036,0.000057,0.000012,0.000121,-0.000009,
0.040000,24.347383,24.347383,1.000000,24.350977,24.350977,0.000000,10.200000,1.000000,0.670800,0.000115,0.000029,0.010747,-0.000021,-0.000018,-0.000438,0.006861,18.300000,0.000000,0.001056,0.000047,0.000018,0.000179,0.000537,0.000053,
0.040000,24.347623,24.347623,0.000000,24.352180,24.352180,0.000000,10.400000,0.000000,0.714800,0.000116,0.000014,0.010685,-0.000018,-0.000022,-0.000424,0.006642,18.500000,0.000000,0.001085,0.000034,0.000033,0.000007,-0.000005,-0.000023,
0.040000,24.347861,24.347861,0.000000,24.352390,24.352390,0.000000,10.500000,0.000000,0.661600,0.000049,-0.000004,0.011137,0.000065,0.000001,-0.000261,0.007538,18.600000,0.000000,0.001052,0.000034,0.000035,-0.000090,0.000000,-0.000032,
0.040000,24.347650,24.347650,0.000000,24.343639,24.343639,0.000000,10.600000,0.000000,0.688000,0.000064,0.000022,0.011128,0.000010,-0.000012,-0.000386,0.005546,18.700000,0.000000,0.001147,0.000064,0.000097,-0.000092,-0.000317,0.000110,
0.040000,24.347755,24.347755,1.000000,24.349756,24.349756,0.000000,10.700000,1.000000,0.713600,0.000050,0.000017,0.011387,-0.000059,-0.000024,-0.000303,0.006065,18.800000,0.000000,0.001122,0.000052,0.000070,0.000105,-0.000059,-0.000025,
0.040000,24.347916,24.347916,0.000000,24.350965,24.350965,0.000000,10.800000,0.000000,0.760400,0.000168,0.000023,0.011199,0.000012,-0.000024,-0.000863,0.008520,18.900000,0.000000,0.001151,0.000037,0.000085,0.000013,-0.000109,-0.000081,
0.040000,24.348148,24.348148,0.000000,24.352568,24.352568,0.000000,10.900000,0.000000,0.672800,0.000089,0.000013,0.011532,-0.000099,-0.000020,-0.000208,0.006443,19.000000,0.000000,0.001091,0.000050,-0.000026,0.000042,0.000689,-0.000030,
0.040000,24.347923,24.347923,0.000000,24.343636,24.343636,0.000000,11.000000,0.000000,0.691600,0.000071,0.000006,0.011616,-0.000144,-0.000020,-0.000186,0.005932,19.100000,0.000000,0.001135,0.000028,0.000103,-0.000049,-0.000227,0.000013,
0.040000,24.348048,24.348048,0.000000,24.350439,24.350439,0.000000,11.100000,0.000000,0.672800,0.000069,0.000006,0.011675,-0.000045,-0.000023,-0.000267,0.006396,19.200000,0.000000,0.001130,0.000018,0.000105,-0.000058,-0.000195,0.000000,
0.040000,24.348134,24.348134,0.000000,24.349760,24.349760,0.000000,11.200000,0.000000,0.754400,0.000062,0.000021,0.011985,-0.000020,-0.000023,-0.000263,0.005583,19.300000,0.000000,0.001119,0.000037,0.000087,-0.000026,-0.000087,-0.000018,
0.040000,24.348323,24.348323,0.000000,24.351919,24.351919,0.000000,11.300000,0.000000,0.651200,0.000047,0.000012,0.012284,0.000061,-0.000019,-0.000274,0.006542,19.400000,0.000000,0.001158,0.000041,0.000086,0.000083,-0.000077,-0.000008,
0.040000,24.348504,24.348504,0.000000,24.351934,24.351934,0.000000,11.400000,0.000000,0.656000,0.000063,0.000015,0.012362,-0.000181,-0.000030,-0.000410,0.005530,19.500000,0.000000,0.001194,0.000057,0.000082,-0.000026,-0.000123,0.000024,
0.040000,24.348287,24.348287,0.000000,24.344172,24.344172,0.000000,11.500000,0.000000,0.686800,0.000092,0.000013,0.012386,-0.000014,-0.000023,-0.000336,0.005985,19.600000,0.000000,0.001186,0.000008,0.000054,0.000009,0.000051,-0.000058,
0.040000,24.348536,24.348536,1.000000,24.353262,24.353262,0.000000,11.600000,1.000000,0.652400,0.000057,-0.000010,0.012278,-0.000158,-0.000032,-0.000320,0.006018,19.700000,0.000000,0.001167,0.000041,0.000068,-0.000005,0.000201,0.000021,
0.040000,24.348643,24.348643,0.000000,24.350670,24.350670,0.000000,11.700000,0.000000,0.644400,0.000108,0.000016,0.012183,-0.000072,-0.000020,-0.000494,0.007576,19.800000,0.000000,0.001123,0.000011,0.000069,-0.000143,-0.000141,-0.000049,
0.040000,24.348868,24.348868,0.000000,24.353157,24.353157,0.000000,11.800000,0.000000,0.659600,0.000080,0.000005,0.012558,0.000066,0.000004,-0.000386,0.006199,19.900000,0.000000,0.001082,0.000028,0.000034,0.000101,0.000260,0.000057,
0.040000,24.348637,24.348637,1.000000,24.344234,24.344234,0.000000,11.900000,1.000000,0.654000,0.000064,0.000004,0.012728,-0.000138,-0.000008,-0.000366,0.008564,20.000000,0.000000,0.001135,0.000055,0.000054,-0.000025,-0.000073,0.000170,
0.040000,24.348437,24.348437,0.000000,24.344641,24.344641,0.000000,12.000000,0.000000,0.748400,0.000137,0.000027,0.012568,-0.000124,-0.000033,-0.000523,0.007000,20.100000,0.000000,0.001146,0.000014,0.000057,-0.000018,-0.000127,-0.000011,
0.040000,24.348621,24.348621,0.000000,24.352123,24.352123,0.000000,12.100000,0.000000,0.679200,0.000069,-0.000010,0.012784,-0.000099,-0.000028,-0.000372,0.007148,20.200000,0.000000,0.001092,0.000016,0.000025,0.000136,0.000401,-0.000156,
0.040000,24.348423,24.348423,0.000000,24.344650,24.344650,0.000000,12.200000,0.000000,0.653600,0.000087,0.000010,0.013062,-0.000016,-0.000019,-0.000472,0.006828,20.300000,0.000000,0.001113,0.000021,0.000054,-0.000177,-0.000262,-0.000030,
0.040000,24.348237,24.348237,0.000000,24.344702,24.344702,0.000000,12.300000,0.000000,0.641200,0.000085,0.000014,0.013141,-0.000083,-0.000026,-0.000289,0.005984,20.400000,0.000000,0.001146,0.000037,0.000034,0.000057,0.000012,0.000042,
0.040000,24.348062,24.348062,0.000000,24.344751,24.344751,0.000000,12.400000,0.000000,0.701200,0.000018,0.000001,0.013274,-0.000009,-0.000021,0.000033,0.006096,20.500000,0.000000,0.001139,0.000023,0.000069,0.000043,-0.000009,-0.000027,
0.040000,24.348203,24.348203,0.000000,24.350882,24.350882,0.000000,12.500000,0.000000,0.738000,0.000035,-0.000008,0.013126,0.000038,-0.000004,-0.000200,0.006196,20.600000,0.000000,0.001142,0.000037,0.000131,-0.000060,-0.000416,0.000023,
0.040000,24.348451,24.348451,0.000000,24.353149,24.353149,0.000000,12.600000,0.000000,0.701600,0.000071,0.000019,0.013251,-0.000138,-0.000024,-0.000322,0.006328,20.700000,0.000000,0.001091,0.000045,0.000083,-0.000078,-0.000055,0.000113,
0.040000,24.348733,24.348733,0.000000,24.354099,24.354099,0.000000,12.700000,0.000000,0.734800,0.000028,0.000010,0.013496,-0.000050,-0.000027,-0.000225,0.007219,20.800000,0.000000,0.001094,0.000010,0.000057,0.000135,0.000200,-0.000081,
0.040000,24.349001,24.349001,0.000000,24.354086,24.354086,0.000000,12.800000,0.000000,0.721600,0.000061,0.000027,0.013518,0.000091,-0.000012,-0.000304,0.006422,20.900000,0.000000,0.001121,0.000027,0.000075,-0.000006,-0.000187,-0.000046,
0.040000,24.349138,24.349138,0.000000,24.351744,24.351744,0.000000,12.900000,0.000000,0.716400,0.000040,-0.000000,0.013751,-0.000020,-0.000021,-0.000221,0.007841,21.000000,0.000000,0.001103,0.000054,0.000058,0.000104,0.000132,0.000074,
0.040000,24.349402,24.349402,1.000000,24.354422,24.354422,0.000000,13.000000,1.000000,0.678800,0.000045,-0.000002,0.013924,-0.000045,-0.000019,-0.000272,0.007464,21.100000,0.000000,0.001127,0.000031,0.000073,-0.000129,-0.000083,-0.000031,
0.040000,24.349493,24.349493,1.000000,24.351229,24.351229,0.000000,13.200000,1.000000,0.684800,0.000103,0.000002,0.013892,-0.000061,-0.000029,-0.000442,0.008252,21.300000,0.000000,0.001139,0.000026,0.000062,-0.000058,0.000000,0.000000,
0.040000,24.349723,24.349723,0.000000,24.354084,24.354084,0.000000,13.300000,0.000000,0.654400,0.000123,0.000012,0.013901,0.000055,-0.000018,-0.000454,0.009443,21.400000,0.000000,0.001110,0.000022,0.000027,0.000003,0.000360,-0.000059,
0.040000,24.349885,24.349885,0.000000,24.352974,24.352974,0.000000,13.400000,0.000000,0.654000,0.000048,0.000005,0.014061,0.000071,-0.000010,-0.000162,0.006382,21.500000,0.000000,0.001026,0.000066,0.000020,0.000045,0.000114,0.000046,
0.040000,24.349988,24.349988,0.000000,24.351936,24.351936,0.000000,13.500000,0.000000,0.662000,0.000037,-0.000004,0.014140,0.000064,-0.000009,-0.000072,0.006068,21.600000,0.000000,0.001038,0.000068,0.000077,-0.000019,-0.000366,0.000066,
0.040000,24.350171,24.350171,0.000000,24.353647,24.353647,0.000000,13.600000,0.000000,0.687600,0.000082,-0.000005,0.014602,-0.000085,-0.000042,-0.000330,0.006905,21.700000,0.000000,0.001033,0.000065,0.000093,-0.000062,-0.000210,0.000036,
0.040000,24.350403,24.350403,0.000000,24.354818,24.354818,0.000000,13.700000,0.000000,0.681600,0.000049,0.000040,0.014636,0.000117,-0.000026,-0.000234,0.007991,21.800000,0.000000,0.001103,0.000034,0.000041,-0.000026,0.000199,-0.000191,
0.040000,24.350171,24.350171,0.000000,24.345749,24.345749,0.000000,13.800000,0.000000,0.709600,0.000052,0.000002,0.014760,-0.000040,-0.000027,-0.000161,0.006262,21.900000,0.000000,0.001088,0.000073,0.000059,0.000266,-0.000129,0.000026,
0.040000,24.350284,24.350284,0.000000,24.352436,24.352436,0.000000,13.900000,0.000000,0.682800,0.000082,-0.000002,0.014863,-0.000027,-0.000030,-0.000399,0.005941,22.000000,0.000000,0.001091,0.000041,0.000072,-0.000136,-0.000032,0.000002,
0.040000,24.350431,24.350431,0.000000,24.353233,24.353233,0.000000,14.000000,0.000000,0.660000,0.000058,-0.000005,0.015018,-0.000057,-0.000032,-0.000324,0.006686,22.100000,0.000000,0.001090,0.000043,0.000024,-0.000076,0.000176,-0.000015,
0.040000,24.350638,24.350638,0.000000,24.354567,24.354567,0.000000,14.100000,0.000000,0.725200,0.000075,0.000003,0.014646,0.000072,-0.000027,-0.000316,0.005891,22.200000,0.000000,0.001099,0.000036,0.000038,-0.000043,-0.000082,-0.000018,
0.040000,24.350422,24.350422,1.000000,24.346325,24.346325,0.000000,14.200000,1.000000,0.711200,0.000073,0.000011,0.014936,-0.000088,-0.000051,-0.000271,0.008433,22.300000,0.000000,0.001004,0.000061,0.000039,0.000030,0.000071,0.000019,
0.040000,24.350522,24.350522,0.000000,24.352421,24.352421,0.000000,14.300000,0.000000,0.713600,0.000111,0.000010,0.015283,-0.000017,-0.000029,-0.000445,0.008658,22.400000,0.000000,0.001042,0.000028,0.000047,0.000064,0.000014,-0.000136,
0.040000,24.350317,24.350317,0.000000,24.346422,24.346422,0.000000,14.400000,0.000000,0.654800,0.000058,0.000024,0.015255,0.000076,-0.000026,-0.000327,0.006391,22.500000,0.000000,0.001089,0.000041,0.000012,0.000016,0.000243,0.000079,
0.040000,24.350128,24.350128,0.000000,24.346537,24.346537,0.000000,14.500000,0.000000,0.711600,0.000084,0.000010,0.015330,0.000101,-0.000029,-0.000332,0.006592,22.600000,0.000000,0.001063,0.000059,0.000035,0.000094,-0.000238,0.000053,
0.040000,24.350244,24.350244,0.000000,24.352442,24.352442,0.000000,14.600000,0.000000,0.703200,0.000051,-0.000018,0.015642,-0.000102,-0.000033,-0.000211,0.006095,22.700000,0.000000,0.001056,0.000063,0.000033,-0.000053,0.000071,-0.000000,
0.040000,24.350421,24.350421,0.000000,24.353790,24.353790,0.000000,14.700000,0.000000,0.653600,0.000039,0.000014,0.015797,-0.000032,-0.000033,-0.000292,0.005739,22.800000,0.000000,0.001097,0.000021,0.000056,-0.000193,-0.000173,-0.000023,
0.040000,24.350238,24.350238,0.000000,24.346750,24.346750,0.000000,14.800000,0.000000,0.653200,0.000080,-0.000001,0.015813,-0.000165,-0.000047,-0.000320,0.006732,22.900000,0.000000,0.001106,0.000035,0.000039,0.000126,-0.000142,-0.000012,
0.040000,24.350415,24.350415,0.000000,24.353790,24.353790,0.000000,15.000000,0.000000,0.633200,0.000066,0.000010,0.015987,-0.000125,-0.000044,-0.000462,0.005516,23.100000,0.000000,0.001087,0.000008,0.000033,-0.000047,0.000200,-0.000088,
0.040000,24.350656,24.350656,1.000000,24.355228,24.355228,0.000000,15.100000,1.000000,0.678800,0.000083,0.000004,0.015894,-0.000035,-0.000030,-0.000411,0.005699,23.200000,0.000000,0.001100,0.000016,0.000004,0.000049,-0.000014,-0.000020,
0.040000,24.350466,24.350466,0.000000,24.346853,24.346853,0.000000,15.200000,0.000000,0.663200,0.000109,-0.000000,0.016233,-0.000021,-0.000023,-0.000400,0.007257,23.300000,0.000000,0.000977,0.000050,0.000024,-0.000024,0.000082,0.000070,
0.040000,24.350290,24.350290,0.000000,24.346956,24.346956,0.000000,15.300000,0.000000,0.758000,0.000092,0.000004,0.016118,0.000036,-0.000020,-0.000293,0.006040,23.400000,0.000000,0.001024,0.000052,0.000026,-0.000034,0.000178,0.000065,
0.040000,24.350125,24.350125,0.000000,24.346977,24.346977,0.000000,15.400000,0.000000,0.651600,0.000091,0.000000,0.016368,-0.000134,-0.000037,-0.000277,0.007815,23.500000,0.000000,0.000982,0.000062,0.000046,0.000014,-0.000029,0.000049,
0.040000,24.349969,24.349969,0.000000,24.347017,24.347017,0.000000,15.500000,0.000000,0.687200,0.000028,-0.000007,0.016658,-0.000027,-0.000026,-0.000291,0.007618,23.600000,0.000000,0.001012,0.000027,0.000048,-0.000019,-0.000016,-0.000091,
0.040000,24.350263,24.350263,0.000000,24.355848,24.355848,0.000000,15.600000,0.000000,0.731200,0.000068,0.000015,0.016655,-0.000115,-0.000037,-0.000349,0.005930,23.700000,0.000000,0.001049,0.000048,0.000045,-0.000053,-0.000400,0.000036,
0.040000,24.350110,24.350110,1.000000,24.347204,24.347204,0.000000,15.700000,1.000000,0.682800,0.000029,0.000014,0.016786,-0.000020,-0.000025,-0.000118,0.006323,23.800000,0.000000,0.001027,0.000029,0.000033,0.000116,0.000098,-0.000053,
0.040000,24.350257,24.350257,0.000000,24.353052,24.353052,0.000000,15.800000,0.000000,0.713600,0.000100,0.000041,0.016771,-0.000049,-0.000033,-0.000385,0.005980,23.900000,0.000000,0.001033,0.000048,0.000077,0.000036,-0.000208,0.000051,
0.040000,24.350466,24.350466,0.000000,24.354433,24.354433,0.000000,15.900000,0.000000,0.667200,0.000087,0.000017,0.016922,-0.000006,-0.000025,-0.000348,0.006245,24.000000,0.000000,0.001010,0.000041,0.000023,0.000182,0.000360,-0.000028,
0.040000,24.350315,24.350315,0.000000,24.347435,24.347435,0.000000,16.000000,0.000000,0.697200,-0.000014,-0.000001,0.017251,-0.000044,-0.000034,-0.000085,0.006043,24.100000,0.000000,0.001019,0.000048,0.000030,-0.000074,0.000060,0.000040,
0.040000,24.350184,24.350184,0.000000,24.347698,24.347698,0.000000,16.100000,0.000000,0.744400,0.000004,0.000011,0.017194,-0.000005,-0.000037,-0.000029,0.008306,24.200000,0.000000,0.001064,0.000040,0.000081,-0.000140,-0.000604,-0.000042,
0.040000,24.350063,24.350063,0.000000,24.347759,24.347759,0.000000,16.200000,0.000000,0.654400,0.000059,0.000003,0.017222,0.000062,-0.000038,-0.000181,0.006015,24.300000,0.000000,0.001032,0.000047,0.000091,0.000016,-0.000115,-0.000034,
0.040000,24.350355,24.350355,0.000000,24.355919,24.355919,0.000000,16.300000,0.000000,0.661600,0.000073,0.000040,0.017084,-0.000069,-0.000046,-0.000258,0.005870,24.400000,0.000000,0.001017,0.000059,0.000059,-0.000038,0.000291,-0.000019,
0.040000,24.350645,24.350645,1.000000,24.356142,24.356142,0.000000,16.400000,1.000000,0.666800,0.000066,0.000002,0.017474,-0.000029,-0.000048,-0.000148,0.005867,24.500000,0.000000,0.000970,0.000032,0.000043,0.000212,0.000202,-0.000056,
0.040000,24.350961,24.350961,1.000000,24.356970,24.356970,0.000000,16.500000,1.000000,0.625200,0.000099,0.000034,0.017601,-0.000038,-0.000042,-0.000394,0.006727,24.600000,0.000000,0.001028,0.000040,0.000063,-0.000154,0.000034,-0.000033,
0.040000,24.351282,24.351282,0.000000,24.357374,24.357374,0.000000,16.600000,0.000000,0.697200,0.000114,-0.000022,0.017313,0.000007,-0.000042,-0.000270,0.007090,24.700000,0.000000,0.001033,0.000037,0.000014,0.000137,0.000217,0.000020,
0.040000,24.351129,24.351129,0.000000,24.348225,24.348225,0.000000,16.700000,0.000000,0.718400,0.000023,-0.000027,0.017760,0.000006,-0.000037,-0.000133,0.007103,24.800000,0.000000,0.000955,0.000045,0.000038,-0.000294,0.000171,0.000007,
0.040000,24.351370,24.351370,0.000000,24.355944,24.355944,0.000000,16.800000,0.000000,0.722800,0.000059,0.000003,0.017916,0.000050,-0.000032,-0.000249,0.006075,24.900000,0.000000,0.001025,0.000044,0.000064,-0.000140,-0.000494,0.000037,
0.040000,24.351223,24.351223,0.000000,24.348429,24.348429,0.000000,16.900000,0.000000,0.723600,0.000073,-0.000015,0.017789,0.000023,-0.000039,-0.000372,0.006886,25.000000,0.000000,0.001035,0.000052,0.000040,0.000132,0.000036,0.000041,
0.040000,24.351371,24.351371,0.000000,24.354193,24.354193,0.000000,17.000000,0.000000,0.739200,0.000096,-0.000012,0.018091,-0.000070,-0.000052,-0.000423,0.006232,25.100000,0.000000,0.000990,0.000046,0.000015,-0.000061,0.000098,-0.000027,
0.040000,24.351226,24.351226,0.000000,24.348465,24.348465,0.000000,17.100000,0.000000,0.610800,0.000047,-0.000060,0.018215,-0.000252,-0.000060,-0.000208,0.007085,25.200000,0.000000,0.001030,0.000026,0.000005,-0.000007,0.000180,-0.000089,
0.040000,24.351393,24.351393,0.000000,24.354567,24.354567,0.000000,17.200000,0.000000,0.734000,0.000070,-0.000019,0.018368,0.000022,-0.000029,-0.000375,0.006253,25.300000,0.000000,0.001034,-0.000010,0.000047,-0.000296,-0.000233,-0.000080,
0.040000,24.351248,24.351248,0.000000,24.348507,24.348507,0.000000,17.300000,0.000000,0.694800,0.000064,-0.000003,0.018552,-0.000154,-0.000054,-0.000314,0.006439,25.400000,0.000000,0.001044,0.000044,0.000013,0.000138,0.000053,0.000156,
0.040000,24.351130,24.351130,0.000000,24.348885,24.348885,0.000000,17.400000,0.000000,0.713600,0.000094,-0.000005,0.018272,-0.000102,-0.000057,-0.000324,0.006849,25.500000,0.000000,0.001060,0.000008,0.000025,0.000152,-0.000020,-0.000093,
0.040000,24.351377,24.351377,0.000000,24.356064,24.356064,0.000000,17.500000,0.000000,0.566400,0.000087,0.000029,0.018598,0.000028,-0.000044,-0.000311,0.006066,25.600000,0.000000,0.000983,0.000019,0.000022,0.000043,0.000179,-0.000053,
0.040000,24.351243,24.351243,0.000000,24.348703,24.348703,0.000000,17.600000,0.000000,0.692000,0.000009,-0.000041,0.018964,-0.000370,-0.000060,-0.000014,0.005733,25.700000,0.000000,0.001028,0.000044,0.000024,0.000228,0.000027,0.000062,
0.040000,24.351407,24.351407,0.000000,24.354525,24.354525,0.000000,17.700000,0.000000,0.749200,0.000069,0.000005,0.018788,0.000028,-0.000032,-0.000131,0.007154,25.800000,0.000000,0.001080,-0.000035,0.000083,-0.000343,-0.000477,-0.000076,
0.040000,24.351659,24.351659,0.000000,24.356432,24.356432,0.000000,17.800000,0.000000,0.690000,0.000090,0.000029,0.018777,0.000062,-0.000048,-0.000239,0.008369,25.900000,0.000000,0.001024,0.000044,0.000058,0.000155,0.000189,0.000141,
0.040000,24.351535,24.351535,0.000000,24.349190,24.349190,0.000000,17.900000,0.000000,0.638000,0.000082,-0.000003,0.019232,-0.000083,-0.000058,-0.000361,0.006099,26.000000,0.000000,0.001002,0.000050,0.000035,0.000204,0.000204,-0.000044,
0.040000,24.351420,24.351420,0.000000,24.349226,24.349226,0.000000,18.000000,0.000000,0.693600,0.000085,-0.000026,0.018987,-0.000191,-0.000062,-0.000374,0.005649,26.100000,0.000000,0.001072,0.000020,0.000011,-0.000122,0.000027,-0.000077,
0.040000,24.351735,24.351735,0.000000,24.357729,24.357729,0.000000,18.100000,0.000000,0.676000,0.000039,-0.000007,0.019130,0.000025,-0.000033,-0.000360,0.006334,26.200000,0.000000,0.001002,-0.000002,0.000008,-0.000187,0.000029,-0.000054,
0.040000,24.351890,24.351890,1.000000,24.354824,24.354824,0.000000,18.200000,1.000000,0.688800,0.000071,0.000009,0.019123,0.000007,-0.000035,-0.000372,0.006637,26.300000,0.000000,0.001011,0.000041,0.000011,0.000047,-0.000272,0.000157,
0.040000,24.351759,24.351759,0.000000,24.349272,24.349272,0.000000,18.300000,0.000000,0.725200,0.000086,-0.000058,0.019205,-0.000201,-0.000054,-0.000374,0.006034,26.400000,0.000000,0.000989,0.000037,0.000008,0.000115,0.000095,0.000047,
0.040000,24.352005,24.352005,0.000000,24.356686,24.356686,0.000000,18.400000,0.000000,0.698800,0.000057,0.000014,0.019730,-0.000062,-0.000059,-0.000279,0.006100,26.500000,0.000000,0.000986,-0.000005,0.000007,-0.000368,0.000127,-0.000096,
0.040000,24.351892,24.351892,0.000000,24.349745,24.349745,0.000000,18.500000,0.000000,0.718000,0.000040,0.000002,0.019532,-0.000079,-0.000060,-0.000058,0.006104,26.600000,0.000000,0.001070,0.000022,0.000026,0.000302,-0.000129,-0.000070,
0.040000,24.351777,24.351777,1.000000,24.349594,24.349594,0.000000,18.600000,1.000000,0.650000,0.000076,-0.000020,0.019683,-0.000201,-0.000068,-0.000284,0.008041,26.700000,0.000000,0.001010,0.000019,0.000069,0.000041,-0.000152,-0.000034,
0.040000,24.351666,24.351666,1.000000,24.349554,24.349554,0.000000,18.700000,1.000000,0.668800,0.000148,-0.000008,0.019930,-0.000136,-0.000053,-0.000626,0.007120,26.800000,0.000000,0.001020,-0.000006,0.000023,-0.000118,0.000163,-0.000064,
0.040000,24.351835,24.351835,1.000000,24.355040,24.355040,0.000000,18.800000,1.000000,0.637600,0.000157,0.000007,0.019781,0.000044,-0.000030,-0.000586,0.007986,26.900000,0.000000,0.001049,0.000007,-0.000045,0.000030,0.000509,0.000068,
0.040000,24.351729,24.351729,1.000000,24.349722,24.349722,0.000000,19.000000,1.000000,0.675200,0.000127,0.000001,0.019872,0.000051,-0.000037,-0.000724,0.009986,27.100000,0.000000,0.000998,0.000043,-0.000036,0.000104,0.000245,0.000168,
0.040000,24.352025,24.352025,1.000000,24.357647,24.357647,0.000000,19.100000,1.000000,0.656000,0.000114,0.000036,0.020098,-0.000010,-0.000060,-0.000365,0.006659,27.200000,0.000000,0.000997,0.000043,-0.000063,-0.000001,-0.000088,0.000024,
0.040000,24.352306,24.352306,1.000000,24.357647,24.357647,0.000000,19.200000,1.000000,0.694400,0.000180,0.000006,0.020036,-0.000076,-0.000046,-0.000722,0.007748,27.300000,0.000000,0.001007,0.000015,0.000083,0.000168,-0.000065,-0.000109,
0.040000,24.352195,24.352195,1.000000,24.350080,24.350080,0.000000,19.300000,1.000000,0.638000,0.000101,-0.000007,0.020519,-0.000208,-0.000075,-0.000387,0.006080,27.400000,0.000000,0.000975,0.000002,0.000012,-0.000093,0.000333,0.000028,
0.040000,24.352437,24.352437,1.000000,24.357038,24.357038,0.000000,19.400000,1.000000,0.683200,0.000209,0.000047,0.020199,0.000108,-0.000034,-0.000825,0.006893,27.500000,0.000000,0.001051,-0.000024,0.000077,-0.000112,-0.000352,-0.000161,
0.040000,24.352742,24.352742,0.000000,24.358545,24.358545,0.000000,19.500000,0.000000,0.690000,0.000120,0.000014,0.020266,0.000043,-0.000038,-0.000477,0.006180,27.600000,0.000000,0.000967,0.000039,-0.000011,0.000289,0.000537,0.000188,
0.040000,24.352613,24.352613,1.000000,24.350149,24.350149,0.000000,19.600000,1.000000,0.693200,0.000080,0.000023,0.021027,-0.000161,-0.000055,-0.000393,0.005712,27.700000,0.000000,0.000961,0.000025,0.000058,-0.000096,-0.000345,0.000049,
0.040000,24.352496,24.352496,1.000000,24.350275,24.350275,0.000000,19.700000,1.000000,0.680400,0.000148,-0.000008,0.020338,-0.000037,-0.000039,-0.000598,0.006694,27.800000,0.000000,0.001092,-0.000015,0.000074,0.000021,-0.000383,-0.000088,
0.040000,24.352397,24.352397,1.000000,24.350515,24.350515,0.000000,19.900000,1.000000,0.694800,0.000099,-0.000024,0.020806,-0.000131,-0.000069,-0.000310,0.006308,28.000000,0.000000,0.000935,0.000009,0.000032,-0.000187,0.000277,0.000064,
0.040000,24.352302,24.352302,1.000000,24.350508,24.350508,0.000000,20.000000,1.000000,0.719200,0.000087,-0.000011,0.021190,-0.000055,-0.000048,-0.000293,0.007226,28.100000,0.000000,0.001009,-0.000009,0.000088,-0.000168,-0.000202,-0.000158,
0.040000,24.352217,24.352217,1.000000,24.350590,24.350590,0.000000,20.100000,1.000000,0.684000,0.000108,0.000023,0.021431,-0.000210,-0.000065,-0.000635,0.009013,28.200000,0.000000,0.001080,0.000021,0.000088,0.000055,-0.000066,0.000089,
0.040000,24.352147,24.352147,1.000000,24.350828,24.350828,0.000000,20.200000,1.000000,0.714800,0.000124,0.000040,0.021530,-0.000078,-0.000071,-0.000459,0.006836,28.300000,0.000000,0.001107,-0.000009,0.000019,0.000210,0.000089,-0.000053,
0.040000,24.352388,24.352388,1.000000,24.356955,24.356955,0.000000,20.300000,1.000000,0.682800,0.000127,-0.000014,0.021576,-0.000118,-0.000077,-0.000472,0.006032,28.400000,0.000000,0.001104,0.000017,0.000053,0.000185,0.000129,-0.000056,
0.040000,24.352324,24.352324,0.000000,24.351120,24.351120,0.000000,20.400000,0.000000,0.674400,0.000121,0.000019,0.021290,0.000052,-0.000054,-0.000553,0.006681,28.500000,0.000000,0.001092,0.000008,0.000049,-0.000262,0.000070,-0.000058,
0.040000,24.352263,24.352263,0.000000,24.351089,24.351089,0.000000,20.500000,0.000000,0.672800,0.000072,0.000036,0.021864,-0.000041,-0.000067,-0.000367,0.006116,28.600000,0.000000,0.001014,0.000042,0.000033,0.000105,-0.000014,0.000117,
0.040000,24.352208,24.352208,0.000000,24.351175,24.351175,0.000000,20.600000,0.000000,0.692000,0.000083,-0.000008,0.021871,-0.000177,-0.000077,-0.000382,0.005936,28.700000,0.000000,0.001107,0.000023,0.000068,0.000145,-0.000306,-0.000034,
0.040000,24.352160,24.352160,1.000000,24.351238,24.351238,0.000000,20.700000,1.000000,0.658000,0.000081,-0.000002,0.021952,-0.000190,-0.000068,-0.000259,0.005896,28.800000,0.000000,0.001086,-0.000005,0.000064,-0.000218,-0.000049,-0.000072,
0.040000,24.352482,24.352482,1.000000,24.358614,24.358614,0.000000,20.800000,1.000000,0.702400,0.000096,0.000048,0.022270,-0.000060,-0.000065,-0.000552,0.009233,28.900000,0.000000,0.001081,-0.000007,0.000087,-0.000046,-0.000031,0.000024,
0.040000,24.352823,24.352823,1.000000,24.359304,24.359304,0.000000,20.900000,1.000000,0.659600,0.000111,-0.000007,0.022213,-0.000074,-0.000060,-0.000514,0.006241,29.000000,0.000000,0.001122,0.000019,0.000028,0.000294,0.000083,0.000029,
0.040000,24.352748,24.352748,1.000000,24.351305,24.351305,0.000000,21.000000,1.000000,0.658400,0.000104,-0.000006,0.022134,-0.000142,-0.000059,-0.000549,0.007436,29.100000,0.000000,0.001089,0.000016,0.000035,-0.000229,0.000125,0.000041,
0.040000,24.352677,24.352677,1.000000,24.351337,24.351337,0.000000,21.100000,1.000000,0.673600,0.000126,0.000017,0.022424,-0.000074,-0.000065,-0.000559,0.006602,29.200000,0.000000,0.001052,0.000002,0.000027,-0.000083,0.000004,0.000021,
0.040000,24.352618,24.352618,0.000000,24.351505,24.351505,0.000000,21.200000,0.000000,0.670800,0.000107,0.000031,0.022290,0.000019,-0.000047,-0.000424,0.008035,29.300000,0.000000,0.001088,0.000015,0.000025,0.000111,0.000136,-0.000023,
0.040000,24.352568,24.352568,0.000000,24.351610,24.351610,0.000000,21.300000,0.000000,0.693600,0.000082,0.000039,0.022530,0.000036,-0.000061,-0.000376,0.005820,29.400000,0.000000,0.001040,0.000033,0.000051,0.000129,-0.000066,0.000098,
0.040000,24.352526,24.352526,1.000000,24.351736,24.351736,0.000000,21.500000,1.000000,0.690000,0.000068,0.000051,0.022847,0.000063,-0.000051,-0.000373,0.006964,29.600000,0.000000,0.001067,0.000036,0.000059,0.000101,-0.000180,-0.000045,
0.040000,24.352494,24.352494,1.000000,24.351873,24.351873,0.000000,21.600000,1.000000,0.682400,0.000099,0.000015,0.022986,-0.000200,-0.000081,-0.000291,0.007328,29.700000,0.000000,0.001109,0.000041,0.000059,0.000115,-0.000152,0.000043,
0.040000,24.352461,24.352461,0.000000,24.351847,24.351847,0.000000,21.700000,0.000000,0.668000,0.000128,0.000014,0.022913,-0.000076,-0.000069,-0.000481,0.006696,29.800000,0.000000,0.001076,-0.000066,0.000086,-0.000167,0.000136,-0.000140,
0.040000,24.352433,24.352433,1.000000,24.351883,24.351883,0.000000,21.800000,1.000000,0.706000,0.000083,-0.000010,0.023226,-0.000308,-0.000085,-0.000283,0.006446,29.900000,0.000000,0.001041,-0.000040,0.000047,-0.000080,0.000220,0.000006,
0.040000,24.352795,24.352795,1.000000,24.359676,24.359676,0.000000,22.000000,1.000000,0.702000,0.000112,0.000008,0.023297,-0.000055,-0.000062,-0.000460,0.006691,30.100000,0.000000,0.001082,-0.000085,0.000085,-0.000178,-0.000186,-0.000100,
0.040000,24.352756,24.352756,1.000000,24.352018,24.352018,0.000000,22.100000,1.000000,0.702000,0.000117,-0.000013,0.023400,-0.000129,-0.000052,-0.000359,0.006588,30.200000,0.000000,0.001074,-0.000034,0.000049,0.000040,0.000106,0.000107,
0.040000,24.352724,24.352724,1.000000,24.352118,24.352118,0.000000,22.200000,1.000000,0.692000,0.000158,0.000012,0.023483,0.000002,-0.000044,-0.000624,0.008913,30.300000,0.000000,0.001031,-0.000060,0.000085,-0.000095,0.000030,0.000050,
0.040000,24.352705,24.352705,1.000000,24.352346,24.352346,0.000000,22.300000,1.000000,0.655200,0.000137,0.000010,0.023530,-0.000109,-0.000063,-0.000525,0.008908,30.400000,0.000000,0.001027,-0.000033,0.000031,0.000093,0.000241,0.000067,
0.040000,24.352677,24.352677,0.000000,24.352146,24.352146,0.000000,22.400000,0.000000,0.672800,0.000187,0.000003,0.023529,-0.000098,-0.000046,-0.000666,0.006572,30.500000,0.000000,0.001016,-0.000054,0.000050,0.000028,-0.000032,-0.000087,
0.040000,24.353086,24.353086,1.000000,24.360863,24.360863,0.000000,22.500000,1.000000,0.664800,0.000093,-0.000003,0.023921,0.000017,-0.000041,-0.000355,0.007969,30.600000,0.000000,0.000996,-0.000051,0.000021,-0.000034,0.000294,0.000070,
0.040000,24.353051,24.353051,1.000000,24.352375,24.352375,0.000000,22.600000,1.000000,0.672800,0.000109,0.000032,0.024227,-0.000041,-0.000049,-0.000486,0.008339,30.700000,0.000000,0.001053,-0.000028,0.000082,-0.000049,-0.000470,0.000056,
0.040000,24.353327,24.353327,1.000000,24.358566,24.358566,0.000000,22.700000,1.000000,0.660800,0.000127,0.000017,0.024230,-0.000131,-0.000070,-0.000494,0.007625,30.800000,0.000000,0.001092,-0.000038,0.000054,0.000194,-0.000081,-0.000028,
0.040000,24.353282,24.353282,1.000000,24.352432,24.352432,0.000000,22.800000,1.000000,0.679200,0.000144,-0.000005,0.024379,-0.000317,-0.000076,-0.000627,0.006252,30.900000,0.000000,0.001072,-0.000055,0.000052,-0.000014,0.000080,-0.000137,
0.040000,24.353578,24.353578,0.000000,24.359196,24.359196,0.000000,22.900000,0.000000,0.702800,0.000112,0.000031,0.024629,-0.000194,-0.000073,-0.000383,0.007297,31.000000,0.000000,0.001080,-0.000091,0.000025,-0.000144,0.000136,-0.000090,
0.040000,24.353532,24.353532,1.000000,24.352665,24.352665,0.000000,23.000000,1.000000,0.667200,0.000088,0.000033,0.024487,-0.000143,-0.000060,-0.000381,0.007670,31.100000,0.000000,0.001108,-0.000065,0.000072,0.000171,-0.000146,-0.000018,
0.040000,24.353492,24.353492,0.000000,24.352734,24.352734,0.000000,23.100000,0.000000,0.636800,0.000175,0.000020,0.024121,0.000101,-0.000038,-0.000650,0.006639,31.200000,0.000000,0.001058,-0.000053,0.000071,0.000073,-0.000200,0.000077,
0.040000,24.353460,24.353460,0.000000,24.352856,24.352856,0.000000,23.200000,0.000000,0.685600,0.000068,0.000024,0.024403,-0.000051,-0.000042,-0.000307,0.008506,31.300000,0.000000,0.000965,-0.000005,0.000017,-0.000053,0.000457,0.000162,
0.040000,24.353432,24.353432,0.000000,24.352896,24.352896,0.000000,23.300000,0.000000,0.656800,0.000045,0.000019,0.024778,-0.000104,-0.000057,-0.000305,0.006530,31.400000,0.000000,0.001002,-0.000034,0.000084,0.000008,-0.000483,0.000038,
0.040000,24.353406,24.353406,1.000000,24.352921,24.352921,0.000000,23.400000,1.000000,0.675600,0.000018,0.000009,0.024944,-0.000005,-0.000045,-0.000159,0.006291,31.500000,0.000000,0.001056,-0.000044,0.000083,-0.000027,-0.000325,-0.000079,
0.040000,24.353751,24.353751,1.000000,24.360289,24.360289,0.000000,23.500000,1.000000,0.674800,0.000136,0.000021,0.025020,0.000064,-0.000046,-0.000612,0.006982,31.600000,0.000000,0.001068,-0.000024,0.000110,-0.000077,-0.000295,0.000046,
0.040000,24.354053,24.354053,1.000000,24.359795,24.359795,0.000000,23.600000,1.000000,0.664000,0.000181,0.000057,0.025043,-0.000017,-0.000064,-0.000864,0.006120,31.700000,0.000000,0.001062,-0.000010,0.000018,0.000049,0.000618,0.000012,
0.040000,24.354324,24.354324,1.000000,24.359486,24.359486,0.000000,23.700000,1.000000,0.682800,0.000140,0.000021,0.025282,-0.000193,-0.000066,-0.000570,0.006808,31.800000,0.000000,0.001045,-0.000025,-0.000032,0.000238,0.000516,-0.000108,
0.040000,24.354636,24.354636,0.000000,24.360558,24.360558,0.000000,23.800000,0.000000,0.651600,0.000162,0.000010,0.024989,-0.000208,-0.000060,-0.000730,0.008288,31.900000,0.000000,0.001072,-0.000060,0.000027,-0.000131,-0.000058,-0.000056,
0.040000,24.354939,24.354939,1.000000,24.360689,24.360689,0.000000,23.900000,1.000000,0.659600,0.000087,0.000007,0.025389,-0.000152,-0.000067,-0.000395,0.006967,32.000000,0.000000,0.000993,-0.000061,-0.000005,-0.000114,0.000113,0.000016,
0.040000,24.354870,24.354870,0.000000,24.353567,24.353567,0.000000,24.000000,0.000000,0.685200,0.000182,0.000049,0.025247,0.000089,-0.000057,-0.000716,0.006082,32.100000,0.000000,0.001052,-0.000049,0.000061,-0.000065,-0.000423,-0.000032,
0.040000,24.354809,24.354809,0.000000,24.353655,24.353655,0.000000,24.100000,0.000000,0.688000,0.000096,0.000024,0.025562,0.000032,-0.000065,-0.000388,0.005988,32.200000,0.000000,0.001004,-0.000001,-0.000003,0.000235,0.000426,0.000046,
0.040000,24.355134,24.355134,0.000000,24.361301,24.361301,0.000000,24.199999,0.000000,0.690000,0.000050,-0.000006,0.025625,-0.000134,-0.000065,-0.000307,0.005892,32.300000,0.000000,0.001046,-0.000012,0.000061,-0.000065,-0.000369,-0.000031,
0.040000,24.355068,24.355068,0.000000,24.353806,24.353806,0.000000,24.300000,0.000000,0.678000,0.000069,0.000012,0.026047,-0.000073,-0.000065,-0.000269,0.005509,32.400000,0.000000,0.001038,-0.000044,0.000076,-0.000210,-0.000421,-0.000011,
0.040000,24.355007,24.355007,0.000000,24.353867,24.353867,0.000000,24.500000,0.000000,0.663200,0.000091,-0.000009,0.026089,-0.000077,-0.000069,-0.000528,0.006124,32.600000,0.000000,0.001100,-0.000031,0.000082,0.000033,-0.000045,-0.000006,
0.040000,24.354959,24.354959,0.000000,24.354034,24.354034,0.000000,24.600000,0.000000,0.664000,0.000089,-0.000010,0.026062,-0.000130,-0.000080,-0.000151,0.006287,32.700000,0.000000,0.001087,-0.000032,0.000029,-0.000118,0.000117,-0.000026,
0.040000,24.354913,24.354913,0.000000,24.354052,24.354052,0.000000,24.699999,0.000000,0.682800,0.000058,0.000052,0.026152,0.000186,-0.000048,-0.000219,0.005990,32.800000,0.000000,0.000991,-0.000050,0.000175,-0.000013,-0.000003,-0.000052,
0.040000,24.355241,24.355241,0.000000,24.361471,24.361471,0.000000,24.800000,0.000000,0.653600,0.000065,0.000026,0.026398,-0.000155,-0.000079,-0.000144,0.006105,32.900000,0.000000,0.000989,0.000013,0.000158,0.000337,-0.000171,0.000152,
0.040000,24.355190,24.355190,0.000000,24.354221,24.354221,0.000000,24.900000,0.000000,0.664400,0.000052,0.000016,0.026654,-0.000173,-0.000068,-0.000075,0.005850,33.000000,0.000000,0.001018,-0.000054,0.000170,-0.000027,-0.000026,-0.000127,
0.040000,24.355146,24.355146,1.000000,24.354294,24.354294,0.000000,25.000000,1.000000,0.684800,0.000002,0.000035,0.026831,-0.000159,-0.000082,-0.000055,0.005534,33.100000,0.000000,0.001048,-0.000057,0.000180,-0.000069,-0.000090,0.000016,
0.040000,24.355108,24.355108,0.000000,24.354395,24.354395,0.000000,25.100000,0.000000,0.687200,0.000131,0.000026,0.026808,-0.000153,-0.000077,-0.000484,0.007736,33.200000,0.000000,0.001063,-0.000053,0.000181,0.000089,-0.000342,-0.000080,
0.040000,24.355075,24.355075,0.000000,24.354456,24.354456,0.000000,25.199999,0.000000,0.692800,0.000079,0.000041,0.026951,-0.000155,-0.000083,-0.000154,0.006097,33.300000,0.000000,0.001037,-0.000050,0.000093,-0.000019,0.000664,0.000002,
0.040000,24.355048,24.355048,0.000000,24.354527,24.354527,0.000000,25.300000,0.000000,0.689200,0.000048,0.000027,0.027087,-0.000076,-0.000068,-0.000137,0.008687,33.400000,0.000000,0.001045,-0.000050,0.000156,0.000084,-0.000062,-0.000037,
0.040000,24.355023,24.355023,1.000000,24.354557,24.354557,0.000000,25.400000,1.000000,0.677600,0.000040,0.000010,0.026931,-0.000119,-0.000064,-0.000113,0.006072,33.500000,0.000000,0.001051,-0.000033,0.000156,-0.000054,-0.000221,0.000077,
0.040000,24.355006,24.355006,0.000000,24.354673,24.354673,0.000000,25.500000,0.000000,0.674000,0.000118,0.000031,0.027024,-0.000104,-0.000074,-0.000364,0.007044,33.600000,0.000000,0.001000,-0.000041,0.000158,-0.000127,-0.000128,0.000053,
0.040000,24.354991,24.354991,0.000000,24.354708,24.354708,0.000000,25.600000,0.000000,0.679600,0.000090,0.000008,0.027079,-0.000124,-0.000070,-0.000230,0.008064,33.700000,0.000000,0.000998,-0.000037,0.000105,0.000082,0.000433,-0.000043,
0.040000,24.354982,24.354982,0.000000,24.354816,24.354816,0.000000,25.699999,0.000000,0.677600,0.000060,0.000037,0.027380,0.000156,-0.000044,-0.000190,0.007924,33.800000,0.000000,0.000990,-0.000041,0.000130,-0.000108,-0.000013,0.000009,
0.040000,24.355381,24.355381,0.000000,24.362957,24.362957,0.000000,25.800000,0.000000,0.683200,0.000074,-0.000001,0.027450,-0.000022,-0.000083,-0.000111,0.006362,33.900000,0.000000,0.001029,0.000015,0.000135,0.000135,-0.000190,0.000166,
0.040000,24.355708,24.355708,0.000000,24.361914,24.361914,0.000000,25.900000,0.000000,0.676800,0.000060,0.000040,0.027889,0.000022,-0.000064,-0.000176,0.006170,34.000000,0.000000,0.001023,-0.000020,0.000148,-0.000185,0.000019,-0.000177,
0.040000,24.355966,24.355966,0.000000,24.360872,24.360872,0.000000,26.000000,0.000000,0.720400,0.000032,0.000021,0.028024,-0.000032,-0.000064,-0.000066,0.008052,34.100000,0.000000,0.001089,-0.000011,0.000132,0.000183,-0.000085,0.000052,
0.040000,24.356297,24.356297,1.000000,24.362581,24.362581,0.000000,26.100000,1.000000,0.654800,0.000019,0.000044,0.028378,-0.000167,-0.000082,0.000027,0.006086,34.200000,0.000000,0.001094,-0.000021,0.000151,-0.000048,-0.000204,0.000016,
0.040000,24.356527,24.356527,1.000000,24.360903,24.360903,0.000000,26.199999,1.000000,0.668400,0.000110,0.000034,0.027510,-0.000092,-0.000095,-0.000395,0.006491,34.300000,0.000000,0.001142,-0.000048,0.000167,0.000126,-0.000155,-0.000105,
0.040000,24.356831,24.356831,0.000000,24.362602,24.362602,0.000000,26.300000,0.000000,0.677600,0.000108,0.000001,0.027929,-0.000081,-0.000057,-0.000417,0.007106,34.400000,0.000000,0.000949,-0.000032,0.000080,-0.000012,0.000504,-0.000119,
0.040000,24.357065,24.357065,1.000000,24.361513,24.361513,0.000000,26.400000,1.000000,0.677600,0.000070,0.000030,0.027918,0.000070,-0.000045,-0.000323,0.006034,34.500000,0.000000,0.001013,-0.000029,0.000074,-0.000211,0.000176,0.000190,
0.040000,24.357350,24.357350,1.000000,24.362759,24.362759,0.000000,26.500000,1.000000,0.667600,0.000143,0.000018,0.028165,-0.000290,-0.000071,-0.000413,0.006791,34.600000,0.000000,0.000991,0.000001,0.000091,0.000100,-0.000163,0.000147,
0.040000,24.357268,24.357268,0.000000,24.355715,24.355715,0.000000,26.600000,0.000000,0.684000,0.000170,-0.000006,0.028345,-0.000183,-0.000087,-0.000867,0.007001,34.700000,0.000000,0.001020,-0.000070,0.000072,-0.000034,0.000384,-0.000104,
0.040000,24.357194,24.357194,0.000000,24.355799,24.355799,0.000000,26.700000,0.000000,0.706800,0.000086,0.000032,0.028485,0.000079,-0.000071,-0.000444,0.006057,34.800000,0.000000,0.001035,-0.000047,-0.000019,-0.000161,0.000317,-0.000138,
0.040000,24.357556,24.357556,0.000000,24.364431,24.364431,0.000000,26.800000,0.000000,0.663600,0.000057,-0.000004,0.028982,-0.000253,-0.000099,-0.000110,0.006093,34.900000,0.000000,0.001042,0.000005,0.000064,0.000170,-0.000402,0.000045,
0.040000,24.357838,24.357838,1.000000,24.363192,24.363192,0.000000,26.900000,1.000000,0.685200,0.000072,0.000037,0.028910,-0.000214,-0.000098,-0.000283,0.006149,35.000000,0.000000,0.001120,-0.000060,0.000129,-0.000158,-0.000329,-0.000156,
0.040000,24.357746,24.357746,0.000000,24.355999,24.355999,0.000000,27.000000,0.000000,0.692800,-0.000058,-0.000104,0.028906,-0.000435,-0.000097,0.000449,0.006713,35.100000,0.000000,0.001084,-0.000051,0.000092,0.000193,-0.000036,-0.000053,
0.040000,24.357652,24.357652,1.000000,24.355871,24.355871,0.000000,27.100000,1.000000,0.676800,0.000031,0.000017,0.029196,-0.000192,-0.000090,-0.000055,0.006432,35.200000,0.000000,0.001061,-0.000094,0.000235,-0.000796,-0.000815,-0.000017,
0.040000,24.357989,24.357989,0.000000,24.364382,24.364382,0.000000,27.200000,0.000000,0.678000,0.000098,0.000040,0.028898,0.000206,-0.000047,-0.000366,0.006535,35.300000,0.000000,0.001098,-0.000044,0.000131,0.000441,0.000239,0.000040,
0.040000,24.358213,24.358213,1.000000,24.362467,24.362467,0.000000,27.300000,1.000000,0.676000,0.000004,-0.000017,0.028895,-0.000200,-0.000078,0.000228,0.007817,35.400000,0.000000,0.001017,0.000035,0.000067,0.000313,0.000503,0.000277,
0.040000,24.358116,24.358116,0.000000,24.356277,24.356277,0.000000,27.400000,0.000000,0.688400,0.000094,0.000040,0.029175,-0.000051,-0.000081,-0.000308,0.006615,35.500000,0.000000,0.000997,-0.000045,0.000183,-0.000232,-0.000386,-0.000082,
0.040000,24.358028,24.358028,0.000000,24.356365,24.356365,0.000000,27.500000,0.000000,0.662800,0.000020,0.000001,0.029345,-0.000118,-0.000085,-0.000003,0.006373,35.600000,0.000000,0.001032,-0.000015,0.000074,0.000264,0.000411,-0.000052,
0.040000,24.357944,24.357944,1.000000,24.356350,24.356350,0.000000,27.600000,1.000000,0.674400,0.000076,0.000008,0.029574,-0.000150,-0.000093,-0.000262,0.006015,35.700000,0.000000,0.001045,-0.000028,0.000132,-0.000143,-0.000303,-0.000042,
0.040000,24.357858,24.357858,0.000000,24.356222,24.356222,0.000000,27.700000,0.000000,0.692400,0.000111,0.000037,0.029642,-0.000102,-0.000071,-0.000387,0.006854,35.800000,0.000000,0.001070,-0.000034,0.000078,-0.000011,0.000231,-0.000070,
0.040000,24.357785,24.357785,1.000000,24.356398,24.356398,0.000000,27.800000,1.000000,0.668800,0.000019,-0.000012,0.029925,-0.000351,-0.000094,-0.000009,0.006095,35.900000,0.000000,0.001062,-0.000024,0.000052,0.000175,0.000304,0.000115,
0.040000,24.357715,24.357715,0.000000,24.356382,24.356382,0.000000,27.900000,0.000000,0.700800,0.000142,0.000041,0.029634,-0.000092,-0.000075,-0.000528,0.006256,36.000000,0.000000,0.001097,-0.000072,0.000126,-0.000233,-0.000453,-0.000103,
0.040000,24.357656,24.357656,0.000000,24.356537,24.356537,0.000000,28.000000,0.000000,0.700800,0.000090,0.000011,0.029572,-0.000216,-0.000087,-0.000375,0.005905,36.100000,0.000000,0.001018,-0.000020,0.000021,0.000240,0.000588,0.000079,
0.040000,24.357934,24.357934,1.000000,24.363218,24.363218,0.000000,28.100000,1.000000,0.664400,0.000073,-0.000007,0.029972,-0.000249,-0.000086,-0.000305,0.007794,36.200000,0.000000,0.000985,-0.000044,0.000051,-0.000095,-0.000095,-0.000043,
0.040000,24.357873,24.357873,1.000000,24.356703,24.356703,0.000000,28.200000,1.000000,0.687600,0.000167,0.000001,0.030142,-0.000166,-0.000082,-0.000625,0.007335,36.300000,0.000000,0.001045,-0.000050,0.000064,-0.000150,-0.000147,-0.000011,
0.040000,24.357815,24.357815,0.000000,24.356714,24.356714,0.000000,28.300000,0.000000,0.686800,0.000151,0.000011,0.030031,-0.000092,-0.000069,-0.000601,0.008340,36.400000,0.000000,0.001058,-0.000032,-0.000001,-0.000010,0.000527,0.000020,
0.040000,24.357764,24.357764,0.000000,24.356806,24.356806,0.000000,28.400000,0.000000,0.670800,0.000056,0.000017,0.030502,-0.000165,-0.000078,-0.000101,0.006351,36.500000,0.000000,0.001015,-0.000017,0.000004,0.000063,0.000104,0.000087,
0.040000,24.357721,24.357721,1.000000,24.356892,24.356892,0.000000,28.500000,1.000000,0.659600,0.000055,-0.000006,0.030368,-0.000099,-0.000070,-0.000273,0.005657,36.600000,0.000000,0.001088,-0.000031,0.000103,0.000060,-0.000551,-0.000019,
0.040000,24.357681,24.357681,0.000000,24.356916,24.356916,0.000000,28.600000,0.000000,0.654000,0.000163,0.000042,0.030636,-0.000183,-0.000092,-0.000664,0.009688,36.700000,0.000000,0.001040,-0.000017,0.000067,-0.000119,-0.000216,0.000041,
0.040000,24.357665,24.357665,1.000000,24.357378,24.357378,0.000000,28.700000,1.000000,0.675200,0.000075,-0.000000,0.030689,-0.000234,-0.000109,-0.000149,0.007157,36.800000,0.000000,0.001073,-0.000034,-0.000012,0.000250,0.000585,-0.000123,
0.040000,24.357997,24.357997,0.000000,24.364294,24.364294,0.000000,28.800000,0.000000,0.669200,0.000093,0.000029,0.030822,-0.000166,-0.000075,-0.000320,0.006556,36.900000,0.000000,0.001062,-0.000043,0.000090,-0.000166,-0.000318,-0.000151,
0.040000,24.357951,24.357951,0.000000,24.357086,24.357086,0.000000,28.900000,0.000000,0.683200,0.000074,0.000007,0.031021,0.000006,-0.000065,-0.000090,0.006064,37.000000,0.000000,0.001067,-0.000029,0.000054,0.000116,-0.000012,0.000152,
0.040000,24.358190,24.358190,1.000000,24.362728,24.362728,0.000000,29.000000,1.000000,0.680800,0.000027,-0.000014,0.031115,-0.000254,-0.000076,0.000015,0.006180,37.100000,0.000000,0.001085,0.000006,0.000099,-0.000089,-0.000123,0.000119,
0.040000,24.358145,24.358145,1.000000,24.357279,24.357279,0.000000,29.200000,1.000000,0.679200,0.000137,0.000016,0.031257,-0.000118,-0.000069,-0.000538,0.007835,37.300000,0.000000,0.001083,-0.000046,0.000118,-0.000166,-0.000333,-0.000018,
0.040000,24.358482,24.358482,1.000000,24.364887,24.364887,0.000000,29.300000,1.000000,0.669200,0.000116,0.000020,0.031268,-0.000099,-0.000073,-0.000414,0.006498,37.400000,0.000000,0.001089,-0.000018,0.000006,0.000121,0.000553,0.000033,
0.040000,24.358436,24.358436,0.000000,24.357567,24.357567,0.000000,29.400000,0.000000,0.683600,0.000102,0.000041,0.031485,-0.000013,-0.000064,-0.000501,0.006559,37.500000,0.000000,0.001008,-0.000009,0.000054,0.000026,-0.000075,-0.000017,
0.040000,24.358737,24.358737,0.000000,24.364450,24.364450,0.000000,29.500000,0.000000,0.675200,0.000092,0.000006,0.031397,-0.000236,-0.000081,-0.000212,0.006241,37.600000,0.000000,0.001031,0.000008,0.000036,0.000128,-0.000110,0.000045,
0.040000,24.358684,24.358684,0.000000,24.357676,24.357676,0.000000,29.600000,0.000000,0.665600,0.000027,0.000040,0.032088,-0.000027,-0.000077,-0.000284,0.006098,37.700000,0.000000,0.000993,-0.000036,0.000092,-0.000159,-0.000104,-0.000085,
0.040000,24.359059,24.359059,0.000000,24.366192,24.366192,0.000000,29.700000,0.000000,0.683200,0.000044,-0.000015,0.032021,-0.000279,-0.000094,-0.000193,0.006108,37.800000,0.000000,0.001110,0.000006,0.000076,0.000149,-0.000437,-0.000009,
0.040000,24.358999,24.358999,0.000000,24.357849,24.357849,0.000000,29.800000,0.000000,0.684800,0.000076,-0.000008,0.032072,-0.000222,-0.000075,-0.000214,0.005907,37.900000,0.000000,0.001075,-0.000044,0.000093,-0.000286,-0.000065,-0.000109,
0.040000,24.358945,24.358945,0.000000,24.357925,24.357925,0.000000,29.900000,0.000000,0.684400,0.000060,0.000021,0.032162,-0.000092,-0.000077,-0.000283,0.007192,38.000000,0.000000,0.001063,-0.000032,0.000087,-0.000068,0.000173,0.000074,
0.040000,24.358897,24.358897,0.000000,24.357981,24.357981,0.000000,30.000000,0.000000,0.688800,-0.000051,-0.000039,0.032591,-0.000239,-0.000083,0.000302,0.009366,38.100000,0.000000,0.001060,-0.000005,0.000072,0.000157,-0.000033,0.000019,
0.040000,24.358850,24.358850,0.000000,24.357960,24.357960,0.000000,30.100000,0.000000,0.668400,0.000019,0.000051,0.032639,-0.000061,-0.000072,0.000052,0.005961,38.200000,0.000000,0.001124,-0.000034,0.000185,-0.000310,-0.000695,-0.000033,
0.040000,24.359181,24.359181,0.000000,24.365475,24.365475,0.000000,30.200000,0.000000,0.669600,0.000034,-0.000008,0.032572,-0.000001,-0.000080,-0.000028,0.007436,38.300000,0.000000,0.001111,0.000002,0.000133,0.000437,0.000165,0.000057,
0.040000,24.359472,24.359472,0.000000,24.364990,24.364990,0.000000,30.300000,0.000000,0.663200,0.000055,0.000006,0.032735,0.000041,-0.000077,-0.000146,0.006284,38.400000,0.000000,0.001076,0.000013,0.000114,-0.000198,0.000152,-0.000025,
0.040000,24.359411,24.359411,0.000000,24.358257,24.358257,0.000000,30.500000,0.000000,0.694800,0.000016,0.000014,0.032634,-0.000096,-0.000075,0.000115,0.005900,38.600000,0.000000,0.001087,0.000021,0.000089,0.000007,0.000190,0.000007,
0.040000,24.359359,24.359359,0.000000,24.358370,24.358370,0.000000,30.600000,0.000000,0.666800,0.000068,-0.000017,0.033072,-0.000118,-0.000085,-0.000222,0.008272,38.700000,0.000000,0.001046,-0.000006,0.000138,0.000055,-0.000170,0.000014,
0.040000,24.359322,24.359322,0.000000,24.358618,24.358618,0.000000,30.700000,0.000000,0.693600,0.000049,0.000002,0.033374,-0.000076,-0.000095,-0.000323,0.008293,38.800000,0.000000,0.001136,-0.000014,-0.000005,-0.000146,0.000239,-0.000047,
0.040000,24.359589,24.359589,0.000000,24.364676,24.364676,0.000000,30.800000,0.000000,0.681600,0.000042,0.000031,0.033146,0.000004,-0.000078,-0.000123,0.006029,38.900000,0.000000,0.001173,-0.000006,-0.000025,0.000041,0.000004,-0.000074,
0.040000,24.359888,24.359888,0.000000,24.365555,24.365555,0.000000,30.900000,0.000000,0.694400,-0.000004,0.000026,0.033575,-0.000133,-0.000090,-0.000040,0.006343,39.000000,0.000000,0.001105,0.000010,0.000015,0.000194,-0.000043,0.000071,
0.040000,24.360300,24.360300,1.000000,24.368124,24.368124,0.000000,31.000000,1.000000,0.677200,0.000048,-0.000007,0.033319,-0.000302,-0.000097,-0.000068,0.006222,39.100000,0.000000,0.001167,-0.000017,0.000031,0.000042,-0.000301,-0.000048,
0.040000,24.360224,24.360224,0.000000,24.358789,24.358789,0.000000,31.100000,0.000000,0.692000,0.000125,0.000043,0.033403,-0.000275,-0.000102,-0.000459,0.007659,39.200000,0.000000,0.001094,-0.000050,0.000025,-0.000186,0.000204,-0.000063,
0.040000,24.360512,24.360512,0.000000,24.365993,24.365993,0.000000,31.200000,0.000000,0.699200,0.000042,0.000005,0.033713,-0.000271,-0.000088,-0.000150,0.006345,39.300000,0.000000,0.001089,-0.000044,-0.000052,0.000233,0.000557,-0.000054,
0.040000,24.360773,24.360773,0.000000,24.365723,24.365723,0.000000,31.300000,0.000000,0.689600,0.000032,0.000037,0.033895,-0.000062,-0.000077,-0.000185,0.007646,39.400000,0.000000,0.001129,-0.000042,0.000009,-0.000141,-0.000302,0.000069,
0.040000,24.360683,24.360683,1.000000,24.358969,24.358969,0.000000,31.400000,1.000000,0.685600,0.000048,0.000012,0.033882,-0.000143,-0.000079,-0.000241,0.006725,39.500000,0.000000,0.001142,-0.000000,0.000002,0.000144,-0.000177,0.000094,
0.040000,24.360601,24.360601,0.000000,24.359053,24.359053,0.000000,31.500000,0.000000,0.664800,0.000107,-0.000018,0.033651,-0.000356,-0.000091,-0.000366,0.006291,39.600000,0.000000,0.001117,-0.000016,-0.000009,-0.000104,0.000036,0.000024,
0.040000,24.360529,24.360529,0.000000,24.359146,24.359146,0.000000,31.600000,0.000000,0.682400,0.000015,-0.000009,0.034259,-0.000255,-0.000100,0.000141,0.006548,39.700000,0.000000,0.001050,-0.000058,-0.000033,-0.000223,0.000373,-0.000067,
0.040000,24.360465,24.360465,0.000000,24.359257,24.359257,0.000000,31.700000,0.000000,0.680400,0.000061,-0.000007,0.034221,-0.000473,-0.000114,-0.000202,0.006536,39.800000,0.000000,0.001149,-0.000037,0.000067,-0.000031,-0.000425,-0.000082,
0.040000,24.360416,24.360416,0.000000,24.359480,24.359480,0.000000,31.800000,0.000000,0.649600,0.000031,0.000010,0.034421,-0.000048,-0.000095,-0.000181,0.005982,39.900000,0.000000,0.001119,-0.000079,-0.000002,-0.000001,0.000122,-0.000114,
0.040000,24.360379,24.360379,0.000000,24.359688,24.359688,0.000000,31.900000,0.000000,0.677200,0.000090,0.000015,0.034548,0.000027,-0.000097,-0.000442,0.008662,40.000000,0.000000,0.001136,0.000007,0.000003,0.000107,-0.000139,0.000068,
0.040000,24.360593,24.360593,0.000000,24.364645,24.364645,0.000000,32.000000,0.000000,0.689600,0.000043,0.000022,0.034719,-0.000107,-0.000115,-0.000378,0.008682,40.100000,0.000000,0.001139,0.000021,-0.000049,0.000074,0.000311,0.000019,
0.040000,24.360559,24.360559,1.000000,24.359917,24.359917,0.000000,32.100000,1.000000,0.695600,0.000080,-0.000045,0.034621,-0.000295,-0.000122,-0.000322,0.005667,40.200000,0.000000,0.001150,-0.000006,-0.000035,0.000072,-0.000169,-0.000106,
0.040000,24.360817,24.360817,0.000000,24.365721,24.365721,0.000000,32.200000,0.000000,0.672000,0.000103,0.000033,0.034711,-0.000120,-0.000119,-0.000519,0.009722,40.300000,0.000000,0.001108,-0.000043,-0.000023,-0.000391,0.000162,-0.000081,
0.040000,24.360782,24.360782,1.000000,24.360115,24.360115,0.000000,32.300000,1.000000,0.676800,0.000079,-0.000003,0.034983,-0.000115,-0.000111,-0.000423,0.005559,40.400000,0.000000,0.001104,-0.000007,-0.000062,0.000335,0.000208,-0.000017,
0.040000,24.360750,24.360750,1.000000,24.360140,24.360140,0.000000,32.400000,1.000000,0.688400,0.000148,0.000036,0.034634,0.000031,-0.000099,-0.000672,0.008846,40.500000,0.000000,0.001136,-0.000006,-0.000042,-0.000096,-0.000072,0.000044,
0.040000,24.360725,24.360725,1.000000,24.360249,24.360249,0.000000,32.500000,1.000000,0.668800,0.000126,0.000025,0.034978,-0.000174,-0.000114,-0.000516,0.005984,40.600000,0.000000,0.001044,0.000023,-0.000090,0.000208,0.000401,0.000093,
0.040000,24.360693,24.360693,0.000000,24.360085,24.360085,0.000000,32.600000,0.000000,0.698000,0.000109,0.000002,0.034891,-0.000082,-0.000085,-0.000380,0.007057,40.700000,0.000000,0.001092,-0.000018,-0.000057,0.000010,0.000014,-0.000056,
0.040000,24.360666,24.360666,0.000000,24.360153,24.360153,0.000000,32.700000,0.000000,0.676400,0.000052,0.000030,0.035155,-0.000002,-0.000088,-0.000195,0.007327,40.800000,0.000000,0.001053,0.000000,-0.000030,-0.000136,-0.000101,0.000153,
0.040000,24.360938,24.360938,0.000000,24.366106,24.366106,0.000000,32.800000,0.000000,0.659200,0.000075,-0.000008,0.035363,-0.000027,-0.000090,-0.000278,0.005921,40.900000,0.000000,0.001084,0.000016,0.000008,0.000121,-0.000388,0.000042,
0.040000,24.360907,24.360907,0.000000,24.360325,24.360325,0.000000,32.900000,0.000000,0.677200,0.000021,0.000000,0.035560,-0.000150,-0.000097,0.000043,0.006370,41.000000,0.000000,0.001104,0.000011,-0.000009,-0.000193,-0.000005,0.000006,
0.040000,24.360884,24.360884,0.000000,24.360441,24.360441,0.000000,33.000000,0.000000,0.696800,0.000050,0.000019,0.035781,-0.000245,-0.000112,-0.000098,0.009895,41.100000,0.000000,0.001121,-0.000013,0.000055,-0.000022,-0.000338,-0.000043,
0.040000,24.360863,24.360863,0.000000,24.360462,24.360462,0.000000,33.200000,0.000000,0.701200,-0.000014,0.000028,0.035801,-0.000083,-0.000089,-0.000040,0.005707,41.300000,0.000000,0.001143,-0.000032,0.000026,0.000109,0.000051,-0.000110,
0.040000,24.360849,24.360849,1.000000,24.360582,24.360582,0.000000,33.300000,1.000000,0.677200,0.000008,0.000014,0.036110,-0.000122,-0.000094,-0.000094,0.006987,41.400000,0.000000,0.001124,0.000001,0.000037,0.000096,-0.000378,0.000103,
0.040000,24.361278,24.361278,0.000000,24.369432,24.369432,0.000000,33.400000,0.000000,0.675200,0.000117,0.000049,0.035859,0.000094,-0.000089,-0.000437,0.005969,41.500000,0.000000,0.001157,-0.000015,0.000012,-0.000063,0.000087,-0.000018,
0.040000,24.361649,24.361649,0.000000,24.368692,24.368692,0.000000,33.500000,0.000000,0.670000,-0.000015,0.000017,0.036045,-0.000112,-0.000091,-0.000086,0.005744,41.600000,0.000000,0.001085,0.000028,-0.000055,0.000165,0.000643,0.000016,
0.040000,24.361624,24.361624,0.000000,24.361155,24.361155,0.000000,33.600000,0.000000,0.670000,0.000036,0.000011,0.036143,0.000037,-0.000098,-0.000184,0.005843,41.700000,0.000000,0.001100,-0.000013,0.000015,-0.000125,-0.000550,-0.000001,
0.040000,24.361587,24.361587,1.000000,24.360878,24.360878,0.000000,33.700000,1.000000,0.672400,0.000034,0.000018,0.036398,-0.000086,-0.000094,-0.000131,0.007072,41.800000,0.000000,0.001098,0.000016,-0.000005,-0.000087,0.000103,-0.000044,
0.040000,24.361835,24.361835,0.000000,24.366556,24.366556,0.000000,33.800000,0.000000,0.682800,0.000137,0.000015,0.036549,-0.000242,-0.000116,-0.000584,0.007085,41.900000,0.000000,0.001126,-0.000008,0.000006,0.000009,0.000027,0.000004,
0.040000,24.361792,24.361792,0.000000,24.360968,24.360968,0.000000,33.900000,0.000000,0.676000,0.000072,-0.000002,0.036597,0.000058,-0.000083,-0.000380,0.007930,42.000000,0.000000,0.001134,-0.000039,-0.000083,-0.000014,0.000643,-0.000132,
0.040000,24.362133,24.362133,0.000000,24.368626,24.368626,0.000000,34.000000,0.000000,0.659200,0.000089,0.000019,0.036708,-0.000115,-0.000102,-0.000352,0.008659,42.100000,0.000000,0.001121,0.000021,-0.000042,-0.000112,-0.000152,0.000153,
0.040000,24.362101,24.362101,1.000000,24.361494,24.361494,0.000000,34.100000,1.000000,0.693200,0.000068,0.000012,0.036649,-0.000121,-0.000122,-0.000277,0.005994,42.200000,0.000000,0.001121,-0.000013,-0.000035,0.000090,0.000048,-0.000059,
0.040000,24.362072,24.362072,1.000000,24.361521,24.361521,0.000000,34.200000,1.000000,0.674400,0.000171,0.000008,0.036764,-0.000210,-0.000121,-0.000820,0.006680,42.300000,0.000000,0.001087,-0.000014,-0.000020,-0.000014,-0.000115,-0.000149,
0.040000,24.362372,24.362372,0.000000,24.368063,24.368063,0.000000,34.300000,0.000000,0.672400,0.000179,0.000013,0.036846,-0.000158,-0.000121,-0.000817,0.008138,42.400000,0.000000,0.001089,-0.000032,-0.000127,-0.000028,0.000592,-0.000047,
0.040000,24.362337,24.362337,0.000000,24.361666,24.361666,0.000000,34.400000,0.000000,0.674400,0.000095,-0.000010,0.036842,-0.000023,-0.000101,-0.000414,0.006837,42.500000,0.000000,0.001083,-0.000021,-0.000123,0.000023,0.000275,-0.000016,
0.040000,24.362302,24.362302,0.000000,24.361643,24.361643,0.000000,34.500000,0.000000,0.670400,0.000058,0.000009,0.037274,-0.000091,-0.000120,-0.000388,0.006160,42.600000,0.000000,0.001061,0.000006,-0.000042,-0.000133,-0.000414,0.000114,
0.040000,24.362266,24.362266,1.000000,24.361593,24.361593,0.000000,34.600000,1.000000,0.691600,0.000064,0.000016,0.037625,-0.000121,-0.000106,-0.000282,0.005638,42.700000,0.000000,0.001125,-0.000007,-0.000035,0.000065,-0.000382,-0.000076,
0.040000,24.362233,24.362233,0.000000,24.361607,24.361607,0.000000,34.700000,0.000000,0.653200,0.000144,0.000032,0.037571,-0.000212,-0.000113,-0.000647,0.006718,42.800000,0.000000,0.001172,-0.000013,-0.000014,0.000070,-0.000113,0.000061,
0.040000,24.362625,24.362625,0.000000,24.370058,24.370058,0.000000,34.800000,0.000000,0.677200,-0.000012,-0.000018,0.037538,-0.000126,-0.000097,0.000090,0.006030,42.900000,0.000000,0.001138,-0.000031,-0.000086,0.000121,0.000452,-0.000022,
0.040000,24.362888,24.362888,0.000000,24.367891,24.367891,0.000000,35.000000,0.000000,0.678800,0.000042,-0.000021,0.037825,-0.000291,-0.000109,-0.000147,0.006330,43.100000,0.000000,0.001110,-0.000013,0.000062,-0.000259,-0.000793,0.000092,
0.040000,24.363225,24.363225,1.000000,24.369637,24.369637,0.000000,35.100000,1.000000,0.675200,0.000040,-0.000030,0.037915,-0.000154,-0.000093,-0.000256,0.005763,43.200000,0.000000,0.001144,-0.000045,0.000014,-0.000117,0.000030,-0.000041,
0.040000,24.363170,24.363170,1.000000,24.362114,24.362114,0.000000,35.200000,1.000000,0.669200,0.000125,-0.000004,0.037767,-0.000049,-0.000096,-0.000599,0.006713,43.300000,0.000000,0.001089,0.000012,-0.000030,-0.000048,-0.000004,0.000076,
0.040000,24.363113,24.363113,1.000000,24.362038,24.362038,0.000000,35.300000,1.000000,0.674000,0.000099,0.000034,0.038173,-0.000213,-0.000122,-0.000472,0.006282,43.400000,0.000000,0.001039,0.000032,-0.000097,0.000121,0.000467,0.000016,
0.040000,24.363499,24.363499,1.000000,24.370825,24.370825,0.000000,35.400000,1.000000,0.670400,0.000113,0.000014,0.037801,0.000020,-0.000093,-0.000564,0.005950,43.500000,0.000000,0.001099,-0.000000,-0.000070,0.000278,0.000026,-0.000148,
0.040000,24.363438,24.363438,0.000000,24.362272,24.362272,0.000000,35.500000,0.000000,0.676000,0.000131,0.000022,0.038475,-0.000071,-0.000107,-0.000646,0.006030,43.600000,0.000000,0.001004,0.000045,-0.000087,-0.000016,0.000093,0.000117,
0.040000,24.363373,24.363373,0.000000,24.362150,24.362150,0.000000,35.600000,0.000000,0.682000,0.000032,0.000027,0.038862,-0.000022,-0.000101,-0.000231,0.009438,43.700000,0.000000,0.001117,0.000027,-0.000101,0.000040,0.000149,-0.000037,
0.040000,24.363704,24.363704,1.000000,24.369989,24.369989,0.000000,35.700000,1.000000,0.658000,0.000001,-0.000020,0.038475,-0.000136,-0.000095,-0.000135,0.006008,43.800000,0.000000,0.001171,0.000036,-0.000018,0.000047,-0.000557,0.000022,
0.040000,24.363642,24.363642,1.000000,24.362465,24.362465,0.000000,35.800000,1.000000,0.659600,0.000124,0.000021,0.038594,-0.000138,-0.000109,-0.000483,0.008967,43.900000,0.000000,0.001072,0.000013,0.000001,-0.000272,-0.000406,0.000041,
0.040000,24.363589,24.363589,1.000000,24.362585,24.362585,0.000000,35.900000,1.000000,0.670800,0.000192,0.000058,0.038610,-0.000070,-0.000115,-0.000722,0.006793,44.000000,0.000000,0.001074,0.000012,-0.000067,0.000148,0.000610,-0.000069,
0.040000,24.363542,24.363542,1.000000,24.362640,24.362640,0.000000,36.000000,1.000000,0.654400,0.000148,0.000030,0.038771,-0.000052,-0.000103,-0.000703,0.007017,44.100000,0.000000,0.001056,0.000025,-0.000113,0.000289,0.000653,-0.000062,
0.040000,24.363757,24.363757,1.000000,24.367844,24.367844,0.000000,36.100000,1.000000,0.663600,0.000201,-0.000003,0.038680,-0.000153,-0.000103,-0.000836,0.006625,44.200000,0.000000,0.001067,0.000028,-0.000107,-0.000066,-0.000025,0.000052,
0.040000,24.364072,24.364072,1.000000,24.370062,24.370062,0.000000,36.200000,1.000000,0.672400,0.000216,0.000012,0.038760,-0.000114,-0.000102,-0.000920,0.006831,44.300000,0.000000,0.001028,0.000008,-0.000131,-0.000225,0.000317,0.000015,
0.040000,24.364012,24.364012,1.000000,24.362867,24.362867,0.000000,36.300000,1.000000,0.676400,0.000169,0.000048,0.038735,-0.000059,-0.000096,-0.000941,0.007032,44.400000,0.000000,0.001023,0.000015,-0.000145,0.000005,0.000217,0.000015,
0.040000,24.363951,24.363951,1.000000,24.362795,24.362795,0.000000,36.400000,1.000000,0.678800,0.000182,-0.000022,0.039009,-0.000117,-0.000103,-0.000735,0.008442,44.500000,0.000000,0.000998,0.000026,-0.000146,0.000223,-0.000208,0.000044,
0.040000,24.363905,24.363905,1.000000,24.363029,24.363029,0.000000,36.500000,1.000000,0.667200,0.000196,0.000012,0.038925,-0.000160,-0.000114,-0.000759,0.006743,44.600000,0.000000,0.001033,0.000014,-0.000103,-0.000346,-0.000004,-0.000031,
0.040000,24.364250,24.364250,0.000000,24.370810,24.370810,0.000000,36.600000,0.000000,0.684400,0.000131,0.000009,0.039594,-0.000103,-0.000112,-0.000546,0.007626,44.700000,0.000000,0.000996,0.000005,-0.000105,0.000080,0.000089,-0.000078,
0.040000,24.364511,24.364511,1.000000,24.369459,24.369459,0.000000,36.700000,1.000000,0.679200,0.000014,0.000032,0.039710,-0.000061,-0.000115,-0.000324,0.006507,44.800000,0.000000,0.001108,0.000016,-0.000061,0.000007,-0.000367,-0.000016,
0.040000,24.364446,24.364446,0.000000,24.363220,24.363220,0.000000,36.900000,0.000000,0.686400,0.000165,0.000030,0.039737,-0.000174,-0.000121,-0.000777,0.006355,45.000000,0.000000,0.001109,0.000024,-0.000016,0.000146,-0.000869,-0.000026,
0.040000,24.364393,24.364393,1.000000,24.363379,24.363379,0.000000,37.000000,1.000000,0.668000,0.000093,0.000011,0.039937,-0.000296,-0.000122,-0.000646,0.006024,45.100000,0.000000,0.001092,0.000001,-0.000105,0.000047,0.000603,-0.000045,
0.040000,24.364342,24.364342,0.000000,24.363369,24.363369,0.000000,37.100000,0.000000,0.672000,0.000188,-0.000006,0.040042,-0.000244,-0.000111,-0.000615,0.007769,45.200000,0.000000,0.001085,-0.000046,-0.000046,-0.000092,-0.000309,-0.000010,
0.040000,24.364543,24.364543,1.000000,24.368370,24.368370,0.000000,37.200000,1.000000,0.680400,0.000068,0.000021,0.040254,-0.000233,-0.000112,-0.000395,0.006879,45.300000,0.000000,0.001084,-0.000035,-0.000039,-0.000134,0.000387,0.000059,
0.040000,24.364494,24.364494,1.000000,24.363558,24.363558,0.000000,37.300000,1.000000,0.669600,0.000165,0.000010,0.040227,-0.000473,-0.000132,-0.000731,0.007465,45.400000,0.000000,0.001105,-0.000033,0.000005,0.000113,-0.000580,0.000019,
0.040000,24.364453,24.364453,1.000000,24.363670,24.363670,0.000000,37.400000,1.000000,0.689600,0.000156,-0.000003,0.040102,-0.000485,-0.000132,-0.000668,0.006811,45.500000,0.000000,0.001078,-0.000079,-0.000061,-0.000026,0.000378,-0.000116,
0.040000,24.364433,24.364433,0.000000,24.364054,24.364054,0.000000,37.500000,0.000000,0.690800,0.000124,-0.000040,0.040375,-0.000274,-0.000136,-0.000600,0.006922,45.600000,0.000000,0.001032,-0.000080,-0.000047,-0.000088,0.000086,-0.000049,
0.040000,24.364413,24.364413,0.000000,24.364044,24.364044,0.000000,37.600000,0.000000,0.694400,0.000045,0.000012,0.040679,-0.000078,-0.000115,-0.000165,0.007319,45.700000,0.000000,0.001065,-0.000037,-0.000033,-0.000261,-0.000161,-0.000043,
0.040000,24.364727,24.364727,1.000000,24.370684,24.370684,0.000000,37.700000,1.000000,0.687600,0.000096,0.000023,0.040590,-0.000106,-0.000117,-0.000558,0.006059,45.800000,0.000000,0.001104,0.000003,0.000053,0.000220,-0.000554,0.000113,
0.040000,24.365095,24.365095,0.000000,24.372093,24.372093,0.000000,37.800000,0.000000,0.686000,0.000129,0.000034,0.040809,-0.000195,-0.000128,-0.000573,0.006575,45.900000,0.000000,0.001065,-0.000003,-0.000025,0.000149,0.000102,0.000036,
0.040000,24.365373,24.365373,1.000000,24.370661,24.370661,0.000000,37.900000,1.000000,0.674400,0.000010,0.000029,0.041110,-0.000115,-0.000118,-0.000103,0.006292,46.000000,0.000000,0.001087,-0.000021,-0.000027,0.000129,0.000249,-0.000057,
0.040000,24.365324,24.365324,1.000000,24.364388,24.364388,0.000000,38.000000,1.000000,0.683200,0.000132,0.000003,0.040954,-0.000296,-0.000142,-0.000467,0.007332,46.100000,0.000000,0.001125,-0.000004,0.000066,0.000014,-0.000643,0.000039,
0.040000,24.365282,24.365282,0.000000,24.364487,24.364487,0.000000,38.200000,0.000000,0.659600,0.000109,0.000038,0.041165,0.000126,-0.000092,-0.000535,0.007211,46.300000,0.000000,0.001072,-0.000040,-0.000007,-0.000150,0.000510,-0.000135,
0.040000,24.365661,24.365661,1.000000,24.372856,24.372856,0.000000,38.300000,1.000000,0.664400,0.000033,0.000036,0.041271,0.000052,-0.000095,-0.000087,0.005922,46.400000,0.000000,0.001093,0.000044,-0.000021,0.000159,0.000053,0.000261,
0.040000,24.365957,24.365957,0.000000,24.371584,24.371584,0.000000,38.400000,0.000000,0.670400,0.000127,0.000059,0.041644,0.000092,-0.000107,-0.000616,0.005932,46.500000,0.000000,0.001048,0.000011,0.000157,-0.000002,-0.000360,0.000001,
0.040000,24.366262,24.366262,0.000000,24.372049,24.372049,0.000000,38.500000,0.000000,0.672400,0.000051,0.000038,0.041594,0.000183,-0.000098,-0.000226,0.005609,46.600000,0.000000,0.001101,0.000019,0.000050,0.000124,0.000362,-0.000069,
0.040000,24.366588,24.366588,0.000000,24.372795,24.372795,0.000000,38.600000,0.000000,0.671200,0.000044,0.000028,0.041631,0.000104,-0.000105,-0.000100,0.008743,46.700000,0.000000,0.001070,0.000036,0.000125,-0.000077,-0.000326,0.000030,
0.040000,24.366502,24.366502,0.000000,24.364855,24.364855,0.000000,38.700000,0.000000,0.704800,0.000058,0.000027,0.041636,0.000087,-0.000107,-0.000272,0.006909,46.800000,0.000000,0.001056,0.000020,0.000148,-0.000094,-0.000168,-0.000034,
0.040000,24.366422,24.366422,0.000000,24.364916,24.364916,0.000000,38.800000,0.000000,0.666000,0.000006,0.000036,0.042042,0.000135,-0.000090,0.000016,0.006961,46.900000,0.000000,0.001036,0.000016,0.000111,-0.000042,0.000026,-0.000023,
0.040000,24.366347,24.366347,0.000000,24.364912,24.364912,0.000000,38.900000,0.000000,0.664400,0.000007,0.000011,0.042339,-0.000144,-0.000136,-0.000075,0.005851,47.000000,0.000000,0.001095,0.000026,0.000166,0.000040,-0.000313,0.000093,
0.040000,24.366282,24.366282,0.000000,24.365055,24.365055,0.000000,39.000000,0.000000,0.668400,0.000087,0.000025,0.042122,-0.000097,-0.000132,-0.000302,0.006186,47.100000,0.000000,0.001132,-0.000030,0.000144,-0.000140,-0.000115,-0.000247,
0.040000,24.366225,24.366225,0.000000,24.365135,24.365135,0.000000,39.100000,0.000000,0.686400,-0.000074,0.000034,0.042707,0.000084,-0.000121,0.000127,0.007261,47.200000,0.000000,0.001067,-0.000020,0.000097,0.000036,0.000450,-0.000067,
0.040000,24.366175,24.366175,0.000000,24.365219,24.365219,0.000000,39.200000,0.000000,0.678000,0.000085,0.000030,0.042306,-0.000073,-0.000122,-0.000270,0.006221,47.300000,0.000000,0.001162,0.000016,0.000179,0.000069,-0.000823,0.000038,
0.040000,24.366374,24.366374,0.000000,24.370165,24.370165,0.000000,39.300000,0.000000,0.679200,0.000095,0.000010,0.042332,-0.000141,-0.000119,-0.000254,0.006073,47.400000,0.000000,0.001060,-0.000015,0.000098,-0.000001,0.000669,0.000007,
0.040000,24.366323,24.366323,1.000000,24.365355,24.365355,0.000000,39.400000,1.000000,0.689600,-0.000046,0.000017,0.042921,-0.000077,-0.000126,0.000012,0.006199,47.500000,0.000000,0.001044,-0.000028,0.000099,-0.000121,0.000322,0.000024,
0.040000,24.366278,24.366278,0.000000,24.365429,24.365429,0.000000,39.500000,0.000000,0.693200,0.000210,0.000018,0.042407,-0.000278,-0.000127,-0.000748,0.007740,47.600000,0.000000,0.001139,-0.000015,0.000149,-0.000003,-0.000749,-0.000035,
0.040000,24.366548,24.366548,0.000000,24.371668,24.371668,0.000000,39.600000,0.000000,0.680800,0.000026,0.000045,0.043003,0.000045,-0.000123,-0.000168,0.005599,47.700000,0.000000,0.001016,-0.000054,-0.000003,0.000006,0.001296,-0.000021,
0.040000,24.366792,24.366792,1.000000,24.371429,24.371429,0.000000,39.700000,1.000000,0.694400,0.000018,0.000009,0.042994,-0.000024,-0.000110,-0.000240,0.006059,47.800000,0.000000,0.001113,0.000010,0.000111,0.000168,-0.000643,0.000022,
0.040000,24.367073,24.367073,0.000000,24.372406,24.372406,0.000000,39.800000,0.000000,0.688000,0.000154,0.000035,0.042873,-0.000124,-0.000125,-0.000784,0.006364,47.900000,0.000000,0.001089,-0.000003,0.000095,-0.000159,-0.000298,0.000083,
0.040000,24.367004,24.367004,0.000000,24.365707,24.365707,0.000000,39.900000,0.000000,0.677200,0.000034,-0.000008,0.042971,-0.000048,-0.000112,-0.000286,0.006135,48.000000,0.000000,0.001044,-0.000023,-0.000014,0.000098,0.000728,-0.000057,
0.040000,24.367350,24.367350,0.000000,24.373920,24.373920,0.000000,40.000000,0.000000,0.681600,0.000009,0.000009,0.043051,0.000037,-0.000120,-0.000119,0.005516,48.100000,0.000000,0.001043,-0.000008,0.000084,-0.000225,-0.000466,0.000058,
0.040000,24.367595,24.367595,1.000000,24.372246,24.372246,0.000000,40.100000,1.000000,0.673200,0.000033,-0.000009,0.043303,-0.000221,-0.000134,-0.000121,0.005835,48.200000,0.000000,0.001038,0.000009,0.000115,0.000019,-0.000327,-0.000026,
0.040000,24.367777,24.367777,0.000000,24.371233,24.371233,0.000000,40.200000,0.000000,0.674800,0.000103,0.000033,0.043169,-0.000108,-0.000125,-0.000495,0.006718,48.300000,0.000000,0.001067,-0.000042,0.000113,-0.000107,0.000018,-0.000096,
0.040000,24.368005,24.368005,1.000000,24.372349,24.372349,0.000000,40.300000,1.000000,0.667600,0.000050,0.000005,0.043740,-0.000031,-0.000112,-0.000207,0.006593,48.400000,0.000000,0.001020,-0.000019,0.000037,0.000220,0.000443,0.000018,
0.040000,24.368215,24.368215,1.000000,24.372206,24.372206,0.000000,40.400000,1.000000,0.686400,0.000103,-0.000036,0.043699,-0.000001,-0.000109,-0.000416,0.006850,48.500000,0.000000,0.001112,-0.000003,0.000093,-0.000090,-0.000156,0.000084,
0.040000,24.368471,24.368471,0.000000,24.373323,24.373323,0.000000,40.500000,0.000000,0.692800,0.000119,0.000042,0.043416,0.000035,-0.000110,-0.000483,0.006033,48.600000,0.000000,0.001082,0.000003,0.000050,-0.000285,0.000263,0.000050,
0.040000,24.368742,24.368742,0.000000,24.373888,24.373888,0.000000,40.600000,0.000000,0.672400,0.000029,-0.000005,0.043979,-0.000127,-0.000111,-0.000119,0.005985,48.700000,0.000000,0.001005,0.000010,0.000036,0.000369,0.000200,0.000014,
0.040000,24.369021,24.369021,0.000000,24.374323,24.374323,0.000000,40.700000,0.000000,0.681200,0.000084,0.000019,0.044380,-0.000092,-0.000119,-0.000500,0.009317,48.800000,0.000000,0.001096,-0.000022,0.000107,-0.000145,-0.000479,-0.000002,
0.040000,24.369277,24.369277,0.000000,24.374138,24.374138,0.000000,40.800000,0.000000,0.682800,0.000083,-0.000004,0.044242,-0.000221,-0.000125,-0.000511,0.005911,48.900000,0.000000,0.001154,-0.000015,0.000029,0.000089,0.000155,-0.000047,
0.040000,24.369508,24.369508,0.000000,24.373894,24.373894,0.000000,40.900000,0.000000,0.674800,0.000070,0.000006,0.044127,-0.000023,-0.000108,-0.000322,0.006927,49.000000,0.000000,0.001104,-0.000040,0.000027,-0.000105,0.000054,-0.000059,
0.040000,24.369711,24.369711,1.000000,24.373579,24.373579,0.000000,41.000000,1.000000,0.682400,0.000088,-0.000003,0.044364,-0.000032,-0.000121,-0.000474,0.007138,49.100000,0.000000,0.001059,-0.000000,0.000063,0.000022,-0.000059,0.000082,
0.040000,24.369901,24.369901,1.000000,24.373518,24.373518,0.000000,41.100000,1.000000,0.677200,0.000135,-0.000029,0.043666,-0.000125,-0.000119,-0.000689,0.006502,49.200000,0.000000,0.001085,-0.000002,0.000032,-0.000050,0.000091,-0.000046,
0.040000,24.369742,24.369742,1.000000,24.366714,24.366714,0.000000,41.200000,1.000000,0.672800,0.000160,-0.000021,0.044122,-0.000311,-0.000148,-0.000735,0.006512,49.300000,0.000000,0.000926,-0.000020,-0.000011,-0.000179,0.000323,-0.000002,
0.040000,24.369963,24.369963,1.000000,24.374163,24.374163,0.000000,41.300000,1.000000,0.685600,0.000153,0.000023,0.044558,0.000071,-0.000113,-0.000819,0.007914,49.400000,0.000000,0.000998,-0.000056,-0.000020,-0.000022,0.000277,-0.000184,
0.040000,24.369802,24.369802,0.000000,24.366741,24.366741,0.000000,41.500000,0.000000,0.678800,0.000181,0.000035,0.044396,0.000096,-0.000106,-0.000704,0.006924,49.600000,0.000000,0.001064,0.000020,-0.000036,0.000263,0.000065,0.000150,
0.040000,24.369964,24.369964,1.000000,24.373043,24.373043,0.000000,41.600000,1.000000,0.681200,-0.000011,0.000030,0.045247,-0.000094,-0.000136,-0.000100,0.006620,49.700000,0.000000,0.001011,0.000025,-0.000013,0.000178,0.000197,0.000097,
0.040000,24.369817,24.369817,1.000000,24.367018,24.367018,0.000000,41.700000,1.000000,0.689200,0.000217,0.000013,0.044840,0.000054,-0.000117,-0.000657,0.007356,49.800000,0.000000,0.001266,-0.000052,0.000226,-0.000015,-0.000901,-0.000136,
0.040000,24.369913,24.369913,1.000000,24.371748,24.371748,0.000000,41.800000,1.000000,0.669200,0.000181,0.000032,0.044709,0.000001,-0.000105,-0.000605,0.007590,49.900000,0.000000,0.001161,-0.000022,0.000112,-0.000098,0.000858,0.000044,
0.040000,24.369776,24.369776,1.000000,24.367174,24.367174,0.000000,42.000000,1.000000,0.690000,0.000131,0.000031,0.045123,0.000022,-0.000121,-0.000569,0.008142,50.100000,0.000000,0.001113,-0.000032,0.000120,0.000078,0.000118,0.000087,
0.040000,24.369653,24.369653,0.000000,24.367310,24.367310,0.000000,42.100000,0.000000,0.661200,0.000287,0.000025,0.045018,-0.000376,-0.000161,-0.001022,0.007446,50.200000,0.000000,0.001172,-0.000027,0.000125,0.000019,-0.000263,-0.000063,
0.040000,24.369887,24.369887,0.000000,24.374323,24.374323,0.000000,42.200000,0.000000,0.693200,0.000065,0.000032,0.045611,0.000057,-0.000113,-0.000383,0.006240,50.300000,0.000000,0.001039,-0.000181,-0.000063,-0.000024,0.000724,-0.000194,
0.040000,24.369770,24.369770,0.000000,24.367565,24.367565,0.000000,42.300000,0.000000,0.698400,0.000081,0.000020,0.045683,-0.000101,-0.000121,-0.000400,0.008466,50.400000,0.000000,0.001135,-0.000093,0.000064,0.000025,-0.000901,0.000179,
0.040000,24.369659,24.369659,0.000000,24.367533,24.367533,0.000000,42.400000,0.000000,0.681600,0.000067,0.000011,0.046016,-0.000160,-0.000141,-0.000279,0.005621,50.500000,0.000000,0.001127,-0.000122,0.000059,-0.000065,-0.000256,0.000021,
0.040000,24.369558,24.369558,0.000000,24.367649,24.367649,0.000000,42.500000,0.000000,0.701200,0.000095,0.000009,0.045986,-0.000180,-0.000134,-0.000536,0.006319,50.600000,0.000000,0.001170,-0.000131,0.000082,-0.000077,-0.000185,-0.000111,
0.040000,24.369467,24.369467,0.000000,24.367741,24.367741,0.000000,42.600000,0.000000,0.672400,0.000069,0.000005,0.046207,-0.000131,-0.000129,-0.000323,0.007470,50.700000,0.000000,0.001141,-0.000132,0.000030,-0.000042,0.000105,0.000000,
0.040000,24.369685,24.369685,1.000000,24.373819,24.373819,0.000000,42.700000,1.000000,0.686400,0.000032,-0.000014,0.046641,-0.000041,-0.000121,-0.000285,0.006496,50.800000,0.000000,0.001162,-0.000120,0.000071,-0.000042,-0.000124,0.000029,
0.040000,24.369592,24.369592,0.000000,24.367819,24.367819,0.000000,42.800000,0.000000,0.688400,0.000139,0.000007,0.045872,-0.000161,-0.000124,-0.000644,0.007642,50.900000,0.000000,0.001225,-0.000100,0.000077,-0.000136,-0.000276,0.000060,
0.040000,24.369508,24.369508,0.000000,24.367922,24.367922,0.000000,43.000000,0.000000,0.692000,0.000098,-0.000008,0.046340,-0.000104,-0.000125,-0.000528,0.005892,51.100000,0.000000,0.001049,-0.000122,0.000005,0.000082,0.000554,0.000004,
0.040000,24.369454,24.369454,0.000000,24.368418,24.368418,0.000000,43.100000,0.000000,0.667600,0.000078,-0.000004,0.046479,-0.000231,-0.000135,-0.000299,0.006079,51.200000,0.000000,0.001121,-0.000108,0.000028,-0.000065,-0.000038,-0.000001,
0.040000,24.369410,24.369410,0.000000,24.368589,24.368589,0.000000,43.300000,0.000000,0.683200,0.000075,0.000009,0.046660,-0.000060,-0.000138,-0.000499,0.006256,51.400000,0.000000,0.001087,-0.000149,0.000115,0.000016,-0.000099,-0.000049,
0.040000,24.369355,24.369355,0.000000,24.368311,24.368311,0.000000,43.400000,0.000000,0.669600,0.000075,-0.000003,0.046849,-0.000001,-0.000111,-0.000416,0.006930,51.500000,0.000000,0.001101,-0.000113,0.000074,0.000082,-0.000056,-0.000041,
0.040000,24.369299,24.369299,1.000000,24.368227,24.368227,0.000000,43.500000,1.000000,0.670800,0.000040,0.000006,0.047242,-0.000009,-0.000127,-0.000312,0.006339,51.600000,0.000000,0.001089,-0.000081,0.000101,-0.000052,-0.000004,0.000126,
0.040000,24.369264,24.369264,0.000000,24.368607,24.368607,0.000000,43.600000,0.000000,0.676800,0.000207,-0.000009,0.046923,0.000065,-0.000127,-0.000961,0.006655,51.700000,0.000000,0.001145,-0.000081,0.000119,0.000025,-0.000198,-0.000031,
0.040000,24.369226,24.369226,0.000000,24.368504,24.368504,0.000000,43.700000,0.000000,0.676800,0.000025,-0.000007,0.047555,-0.000028,-0.000116,-0.000208,0.006027,51.800000,0.000000,0.001060,-0.000065,-0.000010,-0.000086,0.000938,-0.000010,
0.040000,24.369193,24.369193,0.000000,24.368565,24.368565,0.000000,43.800000,0.000000,0.688400,0.000031,-0.000049,0.047577,-0.000170,-0.000137,-0.000265,0.005892,51.900000,0.000000,0.001163,-0.000082,0.000137,-0.000017,-0.000759,0.000061,
0.040000,24.369440,24.369440,0.000000,24.374121,24.374121,0.000000,43.900000,0.000000,0.696000,0.000030,0.000000,0.047668,0.000080,-0.000108,-0.000300,0.005981,52.000000,0.000000,0.001145,-0.000108,0.000123,-0.000267,-0.000257,-0.000106,
0.040000,24.369402,24.369402,0.000000,24.368679,24.368679,0.000000,44.000000,0.000000,0.691600,0.000018,-0.000002,0.047485,0.000060,-0.000123,-0.000409,0.008247,52.100000,0.000000,0.001140,-0.000057,0.000114,0.000203,-0.000103,0.000139,
0.040000,24.369677,24.369677,0.000000,24.374918,24.374918,0.000000,44.100000,0.000000,0.685600,0.000083,0.000004,0.047982,-0.000161,-0.000128,-0.000496,0.005804,52.200000,0.000000,0.001082,-0.000060,0.000091,0.000064,-0.000111,-0.000037,
0.040000,24.369975,24.369975,1.000000,24.375622,24.375622,0.000000,44.200000,1.000000,0.682800,0.000008,0.000004,0.047870,-0.000178,-0.000133,-0.000059,0.007106,52.300000,0.000000,0.001158,-0.000102,0.000072,0.000061,0.000359,-0.000043,
0.040000,24.370238,24.370238,0.000000,24.375238,24.375238,0.000000,44.300000,0.000000,0.714000,0.000100,0.000034,0.048009,-0.000235,-0.000136,-0.000259,0.006446,52.400000,0.000000,0.001113,-0.000103,0.000156,0.000025,-0.000327,-0.000052,
0.040000,24.370170,24.370170,0.000000,24.368885,24.368885,0.000000,44.400000,0.000000,0.692000,0.000051,-0.000018,0.047869,-0.000037,-0.000112,-0.000031,0.006586,52.500000,0.000000,0.001119,-0.000113,0.000114,0.000196,0.000443,-0.000036,
0.040000,24.370367,24.370367,0.000000,24.374107,24.374107,0.000000,44.500000,0.000000,0.688800,0.000031,0.000047,0.048344,-0.000163,-0.000126,-0.000279,0.006272,52.600000,0.000000,0.001069,-0.000071,0.000156,-0.000248,-0.000134,0.000133,
0.040000,24.370628,24.370628,0.000000,24.375593,24.375593,0.000000,44.600000,0.000000,0.662800,-0.000033,0.000036,0.047987,0.000070,-0.000107,0.000034,0.007904,52.700000,0.000000,0.001142,-0.000095,0.000105,0.000304,-0.000172,-0.000036,
0.040000,24.370852,24.370852,1.000000,24.375111,24.375111,0.000000,44.700000,1.000000,0.682800,0.000048,0.000025,0.048517,-0.000079,-0.000143,-0.000292,0.007104,52.800000,0.000000,0.001049,-0.000047,0.000164,0.000051,-0.000464,0.000103,
0.040000,24.371022,24.371022,0.000000,24.374250,24.374250,0.000000,44.800000,0.000000,0.672400,-0.000148,-0.000035,0.048838,-0.000001,-0.000115,0.000300,0.007069,52.900000,0.000000,0.001133,-0.000075,0.000097,-0.000051,0.000324,-0.000184,
0.040000,24.370934,24.370934,0.000000,24.369265,24.369265,0.000000,45.000000,0.000000,0.678000,-0.000076,0.000009,0.049106,-0.000007,-0.000123,0.000033,0.005548,53.100000,0.000000,0.001173,-0.000059,0.000211,-0.000390,-0.001086,0.000104,
0.040000,24.371253,24.371253,0.000000,24.377300,24.377300,0.000000,45.100000,0.000000,0.669200,0.000062,0.000032,0.049105,-0.000085,-0.000139,-0.000056,0.006305,53.200000,0.000000,0.001203,-0.000059,0.000155,0.000122,0.000028,-0.000011,
0.040000,24.371465,24.371465,0.000000,24.375504,24.375504,0.000000,45.200000,0.000000,0.666400,0.000075,0.000008,0.049089,-0.000074,-0.000127,-0.000145,0.009144,53.300000,0.000000,0.001108,-0.000085,0.000107,0.000117,0.000657,-0.000077,
0.040000,24.371599,24.371599,0.000000,24.374138,24.374138,0.000000,45.300000,0.000000,0.674400,0.000012,0.000016,0.048919,-0.000089,-0.000128,0.000013,0.006037,53.400000,0.000000,0.001084,-0.000081,0.000088,-0.000083,0.000365,0.000033,
0.040000,24.371491,24.371491,1.000000,24.369446,24.369446,0.000000,45.400000,1.000000,0.674000,0.000073,0.000049,0.049138,-0.000050,-0.000143,-0.000344,0.006626,53.500000,0.000000,0.001029,-0.000082,0.000117,0.000021,-0.000238,0.000011,
0.040000,24.371779,24.371779,1.000000,24.377253,24.377253,0.000000,45.500000,1.000000,0.675200,0.000130,0.000027,0.048643,0.000136,-0.000106,-0.000204,0.006569,53.600000,0.000000,0.001052,-0.000073,0.000045,0.000206,0.000284,-0.000092,
0.040000,24.372020,24.372020,1.000000,24.376591,24.376591,0.000000,45.600000,1.000000,0.684400,0.000125,0.000018,0.048801,0.000209,-0.000109,-0.000283,0.006572,53.700000,0.000000,0.000934,-0.000035,0.000071,-0.000052,0.000459,0.000194,
0.040000,24.372299,24.372299,0.000000,24.377604,24.377604,0.000000,45.700000,0.000000,0.712800,0.000119,0.000046,0.048665,0.000029,-0.000129,-0.000249,0.005939,53.800000,0.000000,0.000947,-0.000020,0.000054,-0.000080,0.000147,0.000054,
0.040000,24.372183,24.372183,0.000000,24.369987,24.369987,0.000000,45.800000,0.000000,0.661600,-0.000002,0.000054,0.049556,0.000104,-0.000105,-0.000167,0.006220,53.900000,0.000000,0.000901,-0.000055,0.000060,0.000142,0.000019,-0.000100,
0.040000,24.372374,24.372374,0.000000,24.375992,24.375992,0.000000,45.900000,0.000000,0.690800,0.000085,-0.000012,0.049168,0.000172,-0.000095,-0.000383,0.006179,54.000000,0.000000,0.001059,-0.000039,0.000075,0.000107,-0.000742,0.000106,
0.040000,24.372576,24.372576,0.000000,24.376410,24.376410,0.000000,46.000000,0.000000,0.704400,-0.000021,-0.000018,0.049696,-0.000102,-0.000121,0.000157,0.006709,54.100000,0.000000,0.000962,-0.000025,0.000031,-0.000365,0.000250,0.000103,
0.040000,24.372823,24.372823,1.000000,24.377523,24.377523,0.000000,46.100000,1.000000,0.683600,-0.000003,0.000062,0.050262,-0.000065,-0.000140,0.000080,0.008064,54.200000,0.000000,0.001046,-0.000078,0.000137,-0.000179,-0.000556,-0.000117,
0.040000,24.372948,24.372948,0.000000,24.375328,24.375328,0.000000,46.200000,0.000000,0.676400,0.000125,0.000031,0.049496,0.000030,-0.000110,-0.000419,0.007423,54.300000,0.000000,0.001137,-0.000069,0.000119,0.000424,-0.000104,-0.000162,
0.040000,24.372818,24.372818,1.000000,24.370333,24.370333,0.000000,46.300000,1.000000,0.678000,0.000073,-0.000010,0.049994,-0.000211,-0.000130,-0.000269,0.006480,54.400000,0.000000,0.000964,-0.000049,0.000018,-0.000027,0.000756,0.000122,
0.040000,24.372696,24.372696,0.000000,24.370380,24.370380,0.000000,46.400000,0.000000,0.696000,0.000135,0.000011,0.049868,0.000094,-0.000115,-0.000611,0.006726,54.500000,0.000000,0.001043,-0.000096,0.000047,-0.000262,-0.000032,-0.000079,
0.040000,24.372985,24.372985,0.000000,24.378477,24.378477,0.000000,46.500000,0.000000,0.683600,0.000073,0.000053,0.050253,0.000100,-0.000107,-0.000519,0.006317,54.600000,0.000000,0.000998,-0.000034,-0.000021,0.000029,0.000369,0.000060,
0.040000,24.372864,24.372864,1.000000,24.370575,24.370575,0.000000,46.600000,1.000000,0.679600,0.000051,0.000024,0.050643,0.000031,-0.000130,-0.000229,0.006309,54.700000,0.000000,0.001054,-0.000032,-0.000002,0.000270,-0.000240,0.000075,
0.040000,24.373065,24.373065,0.000000,24.376886,24.376886,0.000000,46.700000,0.000000,0.707600,0.000128,0.000018,0.050513,-0.000080,-0.000133,-0.000751,0.008309,54.800000,0.000000,0.001110,-0.000045,0.000055,-0.000077,-0.000230,-0.000113,
0.040000,24.373333,24.373333,0.000000,24.378426,24.378426,0.000000,46.800000,0.000000,0.696800,0.000020,0.000011,0.050699,0.000097,-0.000105,-0.000195,0.005654,54.900000,0.000000,0.001063,-0.000066,-0.000049,-0.000066,0.000387,-0.000062,
0.040000,24.373556,24.373556,0.000000,24.377781,24.377781,0.000000,46.900000,0.000000,0.691200,0.000081,0.000011,0.050905,-0.000209,-0.000146,-0.000456,0.005890,55.000000,0.000000,0.001078,-0.000030,0.000062,-0.000069,-0.000522,0.000150,
0.040000,24.373421,24.373421,0.000000,24.370871,24.370871,0.000000,47.000000,0.000000,0.692800,0.000069,-0.000002,0.051001,-0.000051,-0.000130,-0.000471,0.006256,55.100000,0.000000,0.001098,-0.000090,0.000009,-0.000029,0.000183,-0.000194,
0.040000,24.373689,24.373689,0.000000,24.378769,24.378769,0.000000,47.100000,0.000000,0.672800,0.000032,0.000034,0.050994,0.000016,-0.000112,-0.000225,0.008620,55.200000,0.000000,0.001095,-0.000057,0.000006,-0.000091,-0.000009,0.000023,
0.040000,24.373872,24.373872,0.000000,24.377352,24.377352,0.000000,47.300000,0.000000,0.682800,0.000023,0.000022,0.051406,-0.000192,-0.000151,-0.000081,0.006044,55.400000,0.000000,0.001072,-0.000042,0.000054,0.000192,-0.000232,0.000120,
0.040000,24.373975,24.373975,0.000000,24.375927,24.375927,0.000000,47.400000,0.000000,0.674800,-0.000004,0.000042,0.051676,0.000165,-0.000103,-0.000311,0.007089,55.500000,0.000000,0.001132,-0.000082,0.000081,-0.000004,-0.000143,-0.000197,
0.040000,24.374083,24.374083,0.000000,24.376131,24.376131,0.000000,47.500000,0.000000,0.683600,0.000079,0.000012,0.051438,0.000073,-0.000128,-0.000315,0.005821,55.600000,0.000000,0.001149,0.000064,-0.000015,0.000093,-0.000137,0.000217,
0.040000,24.373944,24.373944,0.000000,24.371321,24.371321,0.000000,47.600000,0.000000,0.678400,0.000064,0.000044,0.051158,0.000017,-0.000126,-0.000177,0.007118,55.700000,0.000000,0.001080,0.000045,-0.000016,-0.000119,0.000398,-0.000039,
0.040000,24.374088,24.374088,0.000000,24.376820,24.376820,0.000000,47.800000,0.000000,0.666000,0.000032,0.000029,0.051814,0.000049,-0.000114,-0.000377,0.007976,55.900000,0.000000,0.001004,0.000033,0.000012,0.000147,0.000065,-0.000004,
0.040000,24.373953,24.373953,0.000000,24.371386,24.371386,0.000000,47.900000,0.000000,0.671200,0.000020,0.000011,0.051859,0.000030,-0.000121,0.000011,0.005785,56.000000,0.000000,0.001113,0.000038,-0.000028,-0.000037,-0.000170,0.000073,
0.040000,24.373831,24.373831,1.000000,24.371506,24.371506,0.000000,48.000000,1.000000,0.686000,0.000011,0.000037,0.052115,-0.000003,-0.000120,-0.000088,0.005682,56.100000,0.000000,0.001043,0.000028,0.000126,-0.000088,-0.000068,-0.000028,
0.040000,24.374044,24.374044,0.000000,24.378092,24.378092,0.000000,48.100000,0.000000,0.697600,0.000180,-0.000015,0.051808,-0.000109,-0.000133,-0.000689,0.011399,56.200000,0.000000,0.001073,0.000021,0.000105,0.000102,-0.000079,-0.000009,
0.040000,24.374296,24.374296,0.000000,24.379082,24.379082,0.000000,48.200000,0.000000,0.698800,0.000057,0.000020,0.052594,-0.000042,-0.000147,-0.000259,0.007226,56.300000,0.000000,0.000992,-0.000000,-0.000015,-0.000273,0.001000,-0.000084,
0.040000,24.374171,24.374171,0.000000,24.371803,24.371803,0.000000,48.300000,0.000000,0.682000,0.000033,0.000001,0.052546,-0.000008,-0.000137,-0.000083,0.005735,56.400000,0.000000,0.001126,0.000013,0.000069,0.000109,-0.000378,-0.000116,
0.040000,24.374375,24.374375,1.000000,24.378256,24.378256,0.000000,48.400000,1.000000,0.672800,0.000020,-0.000013,0.052297,0.000036,-0.000118,-0.000238,0.006125,56.500000,0.000000,0.001095,0.000020,0.000102,-0.000072,-0.000290,0.000018,
0.040000,24.374250,24.374250,1.000000,24.371876,24.371876,0.000000,48.500000,1.000000,0.678400,0.000121,0.000015,0.052200,0.000041,-0.000129,-0.000451,0.007195,56.600000,0.000000,0.001024,0.000028,0.000070,-0.000117,-0.000192,0.000122,
0.040000,24.374282,24.374282,1.000000,24.374887,24.374887,0.000000,48.600000,1.000000,0.684400,0.000159,0.000005,0.052171,0.000074,-0.000115,-0.000468,0.006616,56.700000,0.000000,0.000985,0.000028,0.000027,0.000131,0.000553,-0.000020,
0.040000,24.374528,24.374528,0.000000,24.379200,24.379200,0.000000,48.700000,0.000000,0.669200,0.000098,0.000050,0.052825,-0.000064,-0.000146,-0.000555,0.006269,56.800000,0.000000,0.000960,0.000034,0.000023,-0.000013,0.000441,0.000078,
0.040000,24.374448,24.374448,1.000000,24.372934,24.372934,0.000000,48.800000,1.000000,0.689200,0.000048,-0.000035,0.052735,-0.000101,-0.000133,-0.000169,0.006376,56.900000,0.000000,0.001070,0.000006,0.000005,0.000273,-0.000204,-0.000165,
0.040000,24.374619,24.374619,0.000000,24.377861,24.377861,0.000000,48.900000,0.000000,0.688800,0.000119,0.000033,0.052756,0.000041,-0.000120,-0.000381,0.007439,57.000000,0.000000,0.001031,-0.000001,0.000081,-0.000424,-0.000387,0.000019,
0.040000,24.374765,24.374765,0.000000,24.377529,24.377529,0.000000,49.000000,0.000000,0.660400,0.000002,0.000010,0.053141,-0.000189,-0.000141,0.000040,0.007140,57.100000,0.000000,0.001015,0.000027,0.000038,0.000258,0.000286,0.000087,
0.040000,24.374647,24.374647,0.000000,24.372417,24.372417,0.000000,49.100000,0.000000,0.691600,-0.000027,-0.000010,0.053190,0.000095,-0.000113,0.000089,0.006170,57.200000,0.000000,0.001071,-0.000019,0.000120,-0.000039,-0.000610,-0.000097,
0.040000,24.374844,24.374844,0.000000,24.378580,24.378580,0.000000,49.200000,0.000000,0.682400,-0.000070,0.000012,0.053376,0.000106,-0.000122,0.000158,0.007219,57.300000,0.000000,0.001059,0.000037,0.000127,-0.000144,-0.000415,0.000137,
0.040000,24.374726,24.374726,0.000000,24.372490,24.372490,0.000000,49.300000,0.000000,0.706800,-0.000073,-0.000016,0.053774,-0.000083,-0.000142,0.000205,0.007074,57.400000,0.000000,0.001075,0.000039,0.000138,0.000085,-0.000423,-0.000003,
0.040000,24.374917,24.374917,0.000000,24.378540,24.378540,0.000000,49.400000,0.000000,0.664000,0.000053,-0.000021,0.053664,-0.000194,-0.000152,-0.000224,0.006764,57.500000,0.000000,0.001132,0.000001,0.000145,-0.000141,-0.000179,-0.000123,
0.040000,24.374808,24.374808,0.000000,24.372738,24.372738,0.000000,49.500000,0.000000,0.684400,0.000010,0.000071,0.053730,0.000071,-0.000131,0.000056,0.006504,57.600000,0.000000,0.001088,-0.000021,0.000058,-0.000084,0.000707,-0.000107,
0.040000,24.374708,24.374708,0.000000,24.372812,24.372812,0.000000,49.600000,0.000000,0.684400,-0.000017,-0.000019,0.053567,0.000050,-0.000124,-0.000235,0.006395,57.700000,0.000000,0.001080,0.000032,0.000112,0.000535,0.000007,0.000085,
0.040000,24.374611,24.374611,1.000000,24.372757,24.372757,0.000000,49.700000,1.000000,0.670400,-0.000037,-0.000001,0.053894,0.000092,-0.000109,-0.000018,0.007355,57.800000,0.000000,0.001026,0.000027,0.000052,-0.000351,-0.000164,0.000077,
0.040000,24.374796,24.374796,0.000000,24.378317,24.378317,0.000000,49.800000,0.000000,0.669600,0.000119,0.000004,0.053482,0.000055,-0.000131,-0.000297,0.007790,57.900000,0.000000,0.001071,0.000035,0.000094,-0.000022,-0.000187,0.000121,
0.040000,24.375099,24.375099,0.000000,24.380850,24.380850,0.000000,49.900000,0.000000,0.678400,-0.000091,-0.000019,0.054214,-0.000147,-0.000132,0.000395,0.006344,58.000000,0.000000,0.000968,0.000027,0.000037,0.000018,0.000894,-0.000088,
0.040000,24.375384,24.375384,0.000000,24.380816,24.380816,0.000000,50.000000,0.000000,0.694400,0.000001,-0.000008,0.054113,0.000040,-0.000122,-0.000214,0.005717,58.100000,0.000000,0.001093,-0.000014,0.000173,-0.000135,-0.000958,-0.000042,
0.040000,24.375591,24.375591,0.000000,24.379513,24.379513,0.000000,50.100000,0.000000,0.696000,-0.000037,0.000036,0.054229,0.000157,-0.000115,0.000197,0.006370,58.200000,0.000000,0.001052,0.000024,0.000049,0.000020,0.000206,0.000046,
0.040000,24.375796,24.375796,1.000000,24.379686,24.379686,0.000000,50.200000,1.000000,0.699600,0.000003,0.000017,0.054392,-0.000170,-0.000141,-0.000016,0.005752,58.300000,0.000000,0.001054,0.000046,0.000129,0.000276,-0.000159,0.000063,
0.040000,24.376040,24.376040,0.000000,24.380674,24.380674,0.000000,50.300000,0.000000,0.676800,0.000124,0.000018,0.054046,-0.000172,-0.000138,-0.000547,0.007478,58.400000,0.000000,0.001066,-0.000019,0.000085,-0.000010,0.000184,-0.000137,
0.040000,24.376253,24.376253,0.000000,24.380316,24.380316,0.000000,50.400000,0.000000,0.688400,0.000062,0.000030,0.054656,-0.000093,-0.000149,-0.000170,0.006685,58.500000,0.000000,0.000976,-0.000019,-0.000022,0.000004,0.000824,-0.000037,
0.040000,24.376351,24.376351,0.000000,24.378208,24.378208,0.000000,50.500000,0.000000,0.687600,0.000013,-0.000009,0.054931,0.000005,-0.000120,-0.000239,0.006468,58.600000,0.000000,0.001077,-0.000003,0.000053,0.000075,-0.000070,-0.000079,
0.040000,24.376423,24.376423,0.000000,24.377798,24.377798,0.000000,50.600000,0.000000,0.691600,-0.000034,0.000024,0.055038,0.000090,-0.000113,0.000106,0.009284,58.700000,0.000000,0.001110,0.000016,0.000039,-0.000212,-0.000333,0.000147,
0.040000,24.376538,24.376538,0.000000,24.378706,24.378706,0.000000,50.700000,0.000000,0.674000,0.000009,0.000036,0.055184,-0.000046,-0.000143,-0.000164,0.006107,58.800000,0.000000,0.001109,0.000033,0.000106,0.000125,-0.000416,0.000099,
0.040000,24.376661,24.376661,0.000000,24.378998,24.378998,0.000000,50.800000,0.000000,0.681200,-0.000015,-0.000045,0.055113,-0.000151,-0.000134,0.000179,0.006904,58.900000,0.000000,0.001116,0.000005,0.000050,0.000117,0.000106,-0.000145,
0.040000,24.376500,24.376500,0.000000,24.373449,24.373449,0.000000,51.000000,0.000000,0.696400,-0.000045,-0.000010,0.054938,0.000000,-0.000131,0.000000,0.006157,59.100000,0.000000,0.001080,-0.000016,0.000117,-0.000454,-0.000109,-0.000000,
0.040000,24.376767,24.376767,0.000000,24.381836,24.381836,0.000000,51.100000,0.000000,0.683200,0.000048,0.000057,0.055793,-0.000020,-0.000142,-0.000219,0.006137,59.200000,0.000000,0.001025,0.000014,0.000079,0.000041,-0.000224,0.000016,
0.040000,24.377026,24.377026,1.000000,24.381945,24.381945,0.000000,51.200000,1.000000,0.692800,-0.000087,-0.000019,0.055759,-0.000081,-0.000142,0.000457,0.005669,59.300000,0.000000,0.001280,0.000005,-0.000013,0.000320,0.000427,-0.000048,
0.040000,24.377101,24.377101,0.000000,24.378534,24.378534,0.000000,51.300000,0.000000,0.674800,0.000182,0.000045,0.055273,0.000033,-0.000134,-0.000665,0.006102,59.400000,0.000000,0.001248,-0.000007,0.000120,-0.000274,-0.000554,-0.000023,
0.040000,24.377298,24.377298,0.000000,24.381033,24.381033,0.000000,51.500000,0.000000,0.670800,0.000035,0.000002,0.055743,-0.000018,-0.000122,-0.000204,0.006748,59.600000,0.000000,0.001128,0.000016,-0.000103,0.000280,0.001418,0.000037,
0.040000,24.377141,24.377141,0.000000,24.374172,24.374172,0.000000,51.600000,0.000000,0.694000,0.000004,-0.000030,0.056027,0.000017,-0.000115,-0.000068,0.007304,59.700000,0.000000,0.001198,0.000005,-0.000010,-0.000155,-0.000360,0.000090,
0.040000,24.377234,24.377234,1.000000,24.378990,24.378990,0.000000,51.700000,1.000000,0.699600,0.000049,0.000010,0.055938,-0.000079,-0.000135,0.000241,0.006976,59.800000,0.000000,0.001216,0.000019,0.000044,-0.000159,-0.000166,0.000037,
0.040000,24.377090,24.377090,0.000000,24.374363,24.374363,0.000000,51.800000,0.000000,0.686400,-0.000105,0.000032,0.056275,0.000009,-0.000130,0.000236,0.008555,59.900000,0.000000,0.001174,-0.000000,0.000104,0.000150,0.000174,-0.000095,
0.040000,24.376957,24.376957,0.000000,24.374418,24.374418,0.000000,51.900000,0.000000,0.690000,0.000043,0.000009,0.056208,0.000076,-0.000136,-0.000168,0.009347,60.000000,0.000000,0.001218,0.000017,0.000101,0.000193,-0.000868,-0.000007,
0.040000,24.377204,24.377204,0.000000,24.381903,24.381903,0.000000,52.000000,0.000000,0.678000,0.000029,0.000010,0.056309,-0.000110,-0.000141,-0.000016,0.008552,60.100000,0.000000,0.001180,0.000030,0.000020,-0.000072,0.000580,-0.000037,
0.040000,24.377393,24.377393,0.000000,24.380987,24.380987,0.000000,52.100000,0.000000,0.690400,0.000045,0.000009,0.056657,-0.000110,-0.000130,-0.000110,0.005734,60.200000,0.000000,0.001177,-0.000007,0.000049,-0.000018,0.000134,-0.000046,
0.040000,24.377529,24.377529,0.000000,24.380116,24.380116,0.000000,52.200000,0.000000,0.708400,0.000004,0.000020,0.056593,-0.000109,-0.000135,0.000064,0.006144,60.300000,0.000000,0.001222,-0.000007,0.000030,-0.000016,0.000149,0.000050,
0.040000,24.377695,24.377695,0.000000,24.380840,24.380840,0.000000,52.300000,0.000000,0.695600,-0.000043,0.000022,0.057050,0.000127,-0.000119,0.000084,0.007148,60.400000,0.000000,0.001186,-0.000007,0.000063,0.000060,-0.000197,-0.000012,
0.040000,24.377840,24.377840,0.000000,24.380608,24.380608,0.000000,52.400000,0.000000,0.671600,0.000010,0.000036,0.056873,-0.000050,-0.000136,0.000019,0.005725,60.500000,0.000000,0.001252,0.000040,0.000066,0.000041,-0.000362,0.000097,
0.040000,24.377689,24.377689,0.000000,24.374804,24.374804,0.000000,52.500000,0.000000,0.680000,-0.000058,0.000019,0.057387,0.000049,-0.000131,-0.000117,0.005977,60.600000,0.000000,0.001193,0.000004,0.000052,0.000103,0.000187,-0.000067,
0.040000,24.377947,24.377947,0.000000,24.382860,24.382860,0.000000,52.600000,0.000000,0.697600,0.000006,-0.000080,0.057198,-0.000200,-0.000149,0.000099,0.007244,60.700000,0.000000,0.001270,0.000023,0.000024,-0.000069,-0.000350,0.000001,
0.040000,24.378126,24.378126,0.000000,24.381531,24.381531,0.000000,52.700000,0.000000,0.696800,0.000065,0.000013,0.057016,-0.000038,-0.000130,-0.000071,0.005817,60.800000,0.000000,0.001208,-0.000026,0.000066,-0.000635,0.000264,-0.000112,
0.040000,24.378301,24.378301,0.000000,24.381628,24.381628,0.000000,52.800000,0.000000,0.679200,0.000028,0.000031,0.057189,-0.000041,-0.000141,-0.000052,0.006500,60.900000,0.000000,0.001149,0.000006,0.000031,0.000327,0.000466,0.000078,
0.040000,24.378369,24.378369,0.000000,24.379654,24.379654,0.000000,52.900000,0.000000,0.676800,-0.000064,0.000014,0.057664,-0.000020,-0.000135,0.000275,0.008677,61.000000,0.000000,0.001160,0.000006,0.000034,0.000240,-0.000049,-0.000036,
0.040000,24.378564,24.378564,0.000000,24.382271,24.382271,0.000000,53.000000,0.000000,0.682400,0.000037,0.000028,0.057401,-0.000074,-0.000142,-0.000069,0.009634,61.100000,0.000000,0.001231,0.000010,0.000098,-0.000012,-0.000591,0.000018,
0.040000,24.378808,24.378808,1.000000,24.383436,24.383436,0.000000,53.100000,1.000000,0.702400,-0.000040,-0.000014,0.057490,-0.000011,-0.000116,0.000357,0.007175,61.200000,0.000000,0.001155,-0.000001,0.000029,0.000078,0.000397,-0.000033,
0.040000,24.378987,24.378987,0.000000,24.382389,24.382389,0.000000,53.200000,0.000000,0.699600,-0.000156,0.000031,0.058144,-0.000100,-0.000143,0.000430,0.007520,61.300000,0.000000,0.001149,0.000011,0.000112,-0.000226,-0.000325,0.000145,
0.040000,24.379053,24.379053,0.000000,24.380306,24.380306,0.000000,53.300000,0.000000,0.672800,-0.000027,0.000035,0.058036,-0.000115,-0.000142,-0.000031,0.005812,61.400000,0.000000,0.001256,-0.000007,0.000124,0.000188,-0.000840,-0.000107,
0.040000,24.379082,24.379082,0.000000,24.379642,24.379642,0.000000,53.400000,0.000000,0.678400,-0.000025,-0.000021,0.058204,-0.000171,-0.000142,0.000108,0.005667,61.500000,0.000000,0.001210,-0.000009,0.000031,0.000097,0.000480,-0.000039,
0.040000,24.379255,24.379255,0.000000,24.382526,24.382526,0.000000,53.500000,0.000000,0.667600,0.000007,0.000003,0.058069,-0.000027,-0.000137,-0.000137,0.007215,61.600000,0.000000,0.001219,-0.000020,0.000057,-0.000311,0.000195,-0.000015,
0.040000,24.379298,24.379298,1.000000,24.380123,24.380123,0.000000,53.600000,1.000000,0.667200,0.000055,0.000015,0.058023,-0.000177,-0.000147,-0.000064,0.005775,61.700000,0.000000,0.001168,0.000009,0.000008,0.000035,0.000269,0.000029,
0.040000,24.379487,24.379487,0.000000,24.383076,24.383076,0.000000,53.700000,0.000000,0.698800,0.000129,0.000025,0.057806,0.000058,-0.000124,-0.000499,0.009701,61.800000,0.000000,0.001136,-0.000021,0.000022,0.000087,0.000402,-0.000052,
0.040000,24.379675,24.379675,0.000000,24.383259,24.383259,0.000000,53.800000,0.000000,0.699200,0.000073,0.000036,0.057823,0.000062,-0.000120,-0.000446,0.009585,61.900000,0.000000,0.001071,0.000026,-0.000064,0.000094,0.000611,0.000122,
0.040000,24.379819,24.379819,0.000000,24.382542,24.382542,0.000000,53.900000,0.000000,0.693200,0.000044,0.000035,0.058526,-0.000081,-0.000147,0.000067,0.006382,62.000000,0.000000,0.001053,0.000026,-0.000052,0.000104,-0.000116,0.000070,
0.040000,24.379624,24.379624,1.000000,24.375917,24.375917,0.000000,54.000000,1.000000,0.702400,0.000061,0.000028,0.058739,-0.000019,-0.000144,-0.000121,0.006131,62.100000,0.000000,0.001171,-0.000003,0.000050,0.000030,-0.000220,-0.000139,
0.040000,24.379447,24.379447,0.000000,24.376081,24.376081,0.000000,54.100000,0.000000,0.674800,0.000147,0.000029,0.058311,0.000038,-0.000127,-0.000548,0.006289,62.200000,0.000000,0.001190,0.000009,0.000012,-0.000030,0.000018,-0.000034,
0.040000,24.379275,24.379275,0.000000,24.376017,24.376017,0.000000,54.200000,0.000000,0.676400,0.000078,-0.000023,0.058548,0.000009,-0.000125,-0.000285,0.006070,62.300000,0.000000,0.001082,0.000021,-0.000072,-0.000002,0.000539,0.000092,
0.040000,24.379119,24.379119,0.000000,24.376144,24.376144,0.000000,54.300000,0.000000,0.685600,0.000016,0.000003,0.059136,-0.000127,-0.000144,-0.000006,0.006199,62.400000,0.000000,0.001108,0.000014,-0.000019,-0.000323,-0.000219,0.000046,
0.040000,24.379216,24.379216,0.000000,24.381077,24.381077,0.000000,54.400000,0.000000,0.671600,-0.000036,0.000024,0.058700,0.000066,-0.000108,-0.000068,0.006171,62.500000,0.000000,0.001202,-0.000013,0.000036,0.000039,-0.000470,-0.000101,
0.040000,24.379072,24.379072,0.000000,24.376335,24.376335,0.000000,54.500000,0.000000,0.694400,0.000010,0.000027,0.059224,0.000036,-0.000141,-0.000079,0.005857,62.600000,0.000000,0.001092,0.000026,0.000023,0.000139,-0.000501,0.000184,
0.040000,24.379229,24.379229,0.000000,24.382206,24.382206,0.000000,54.600000,0.000000,0.693200,-0.000021,0.000008,0.059310,-0.000059,-0.000143,0.000174,0.006418,62.700000,0.000000,0.001174,0.000019,0.000021,0.000076,0.000094,-0.000134,
0.040000,24.379088,24.379088,0.000000,24.376398,24.376398,0.000000,54.700000,0.000000,0.698400,-0.000011,0.000020,0.059345,0.000186,-0.000123,-0.000001,0.005735,62.800000,0.000000,0.001168,0.000000,0.000070,-0.000090,-0.000155,-0.000062,
0.040000,24.379267,24.379267,0.000000,24.382675,24.382675,0.000000,54.800000,0.000000,0.704000,-0.000062,-0.000032,0.058853,0.000015,-0.000123,0.000400,0.005675,62.900000,0.000000,0.001152,0.000048,0.000034,0.000039,0.000003,0.000099,
0.040000,24.379385,24.379385,0.000000,24.381626,24.381626,0.000000,54.900000,0.000000,0.699600,0.000007,0.000014,0.059016,0.000047,-0.000120,-0.000067,0.006759,63.000000,0.000000,0.001032,0.000014,0.000113,-0.000304,-0.000315,0.000042,
0.040000,24.379556,24.379556,0.000000,24.382812,24.382812,0.000000,55.000000,0.000000,0.679600,-0.000047,0.000005,0.059560,0.000076,-0.000129,-0.000017,0.006364,63.100000,0.000000,0.001043,0.000020,0.000018,0.000165,0.000308,0.000030,
0.040000,24.379419,24.379419,0.000000,24.376820,24.376820,0.000000,55.100000,0.000000,0.680800,0.000048,0.000054,0.060143,-0.000018,-0.000154,-0.000306,0.006955,63.200000,0.000000,0.001130,0.000025,0.000028,0.000012,-0.000220,-0.000044,
0.040000,24.379291,24.379291,0.000000,24.376848,24.376848,0.000000,55.200000,0.000000,0.695600,0.000089,0.000011,0.060007,0.000050,-0.000140,-0.000373,0.005672,63.300000,0.000000,0.001223,0.000006,-0.000030,0.000307,0.000506,-0.000168,
0.040000,24.379452,24.379452,0.000000,24.382511,24.382511,0.000000,55.300000,0.000000,0.686000,-0.000015,0.000001,0.060282,0.000015,-0.000135,-0.000042,0.007267,63.400000,0.000000,0.001172,0.000019,-0.000042,-0.000151,0.000446,0.000021,
0.040000,24.379662,24.379662,0.000000,24.383650,24.383650,0.000000,55.400000,0.000000,0.680400,0.000032,-0.000013,0.059978,-0.000100,-0.000145,-0.000130,0.005715,63.500000,0.000000,0.001203,0.000012,0.000024,-0.000118,-0.000471,0.000037,
0.040000,24.379828,24.379828,0.000000,24.382982,24.382982,0.000000,55.500000,0.000000,0.694800,-0.000008,0.000012,0.060199,0.000158,-0.000125,-0.000124,0.008147,63.600000,0.000000,0.001119,-0.000011,0.000006,-0.000129,0.000112,-0.000046,
0.040000,24.380025,24.380025,0.000000,24.383772,24.383772,0.000000,55.600000,0.000000,0.684000,-0.000038,0.000026,0.060213,0.000134,-0.000131,0.000243,0.006455,63.700000,0.000000,0.001141,0.000040,0.000007,0.000102,-0.000204,0.000103,
0.040000,24.380203,24.380203,1.000000,24.383589,24.383589,0.000000,55.700000,1.000000,0.683200,0.000059,-0.000006,0.060120,0.000135,-0.000118,-0.000248,0.005997,63.800000,0.000000,0.001121,0.000035,0.000079,0.000125,-0.000264,0.000006,
0.040000,24.380054,24.380054,0.000000,24.377222,24.377222,0.000000,55.800000,0.000000,0.696000,0.000121,0.000007,0.060036,0.000174,-0.000124,-0.000567,0.006627,63.900000,0.000000,0.001081,0.000034,-0.000019,-0.000147,0.000495,0.000079,
0.040000,24.380254,24.380254,0.000000,24.384045,24.384045,0.000000,55.900000,0.000000,0.708000,0.000011,-0.000012,0.060681,-0.000083,-0.000133,-0.000048,0.006500,64.000000,0.000000,0.001043,0.000041,-0.000082,0.000023,0.000573,-0.000007,
0.040000,24.380429,24.380429,1.000000,24.383759,24.383759,0.000000,55.999999,1.000000,0.692000,-0.000028,0.000006,0.061235,-0.000118,-0.000157,-0.000488,0.006754,64.100000,0.000000,0.001150,-0.000010,0.000022,-0.000107,-0.000458,-0.000056,
0.040000,24.380601,24.380601,0.000000,24.383869,24.383869,0.000000,56.100000,0.000000,0.701600,0.000107,0.000000,0.061157,0.000115,-0.000139,-0.000590,0.007450,64.200000,0.000000,0.001236,-0.000017,-0.000065,0.000067,-0.000415,-0.000171,
0.040000,24.380691,24.380691,1.000000,24.382399,24.382399,0.000000,56.200000,1.000000,0.695600,-0.000032,-0.000004,0.060959,0.000062,-0.000134,0.000158,0.006279,64.300000,0.000000,0.001197,0.000029,-0.000084,-0.000009,0.000671,0.000049,
0.040000,24.380535,24.380535,0.000000,24.377571,24.377571,0.000000,56.300000,0.000000,0.695200,0.000141,0.000003,0.060988,0.000114,-0.000133,-0.000789,0.008812,64.400000,0.000000,0.001134,0.000018,0.000065,-0.000028,-0.000602,0.000047,
0.040000,24.380637,24.380637,0.000000,24.382586,24.382586,0.000000,56.400000,0.000000,0.683600,-0.000000,-0.000010,0.061415,0.000058,-0.000130,-0.000167,0.006204,64.500000,0.000000,0.001117,0.000028,-0.000123,0.000033,0.000839,0.000024,
0.040000,24.380767,24.380767,0.000000,24.383226,24.383226,0.000000,56.499999,0.000000,0.706000,0.000001,-0.000040,0.061438,0.000005,-0.000133,0.000020,0.006057,64.600000,0.000000,0.001179,0.000017,0.000003,-0.000071,-0.000552,0.000027,
0.040000,24.380895,24.380895,0.000000,24.383322,24.383322,0.000000,56.600000,0.000000,0.696800,0.000006,-0.000007,0.061949,0.000013,-0.000135,-0.000142,0.006061,64.700000,0.000000,0.001160,0.000006,0.000039,-0.000210,-0.000201,-0.000007,
0.040000,24.381083,24.381083,1.000000,24.384663,24.384663,0.000000,56.700000,1.000000,0.707200,0.000043,0.000018,0.061729,0.000089,-0.000140,-0.000124,0.007781,64.800000,0.000000,0.001239,0.000007,0.000007,0.000120,-0.000044,-0.000015,
0.040000,24.381263,24.381263,1.000000,24.384693,24.384693,0.000000,56.800000,1.000000,0.674400,0.000101,0.000010,0.061945,-0.000101,-0.000164,-0.000522,0.006853,64.900000,0.000000,0.001171,0.000022,0.000010,0.000200,0.000210,-0.000037,
0.040000,24.381409,24.381409,0.000000,24.384180,24.384180,0.000000,56.900000,0.000000,0.700000,0.000144,-0.000003,0.061059,0.000030,-0.000124,-0.000426,0.006980,65.000000,0.000000,0.001190,-0.000016,-0.000069,0.000028,0.000437,-0.000160,
0.040000,24.381244,24.381244,1.000000,24.378099,24.378099,0.000000,56.999999,1.000000,0.702000,0.000073,0.000031,0.062006,-0.000041,-0.000144,-0.000392,0.008016,65.100000,0.000000,0.000991,0.000010,-0.000048,-0.000070,0.000431,0.000184,
0.040000,24.381445,24.381445,0.000000,24.385262,24.385262,0.000000,57.100000,0.000000,0.677600,0.000108,0.000037,0.061752,0.000127,-0.000125,-0.000463,0.008382,65.200000,0.000000,0.001159,-0.000004,-0.000041,0.000188,-0.000270,-0.000050,
0.040000,24.381530,24.381530,1.000000,24.383150,24.383150,0.000000,57.200000,1.000000,0.694800,-0.000039,-0.000044,0.062069,-0.000048,-0.000135,-0.000203,0.006081,65.300000,0.000000,0.001086,0.000029,-0.000054,0.000109,0.000114,0.000096,
0.040000,24.381616,24.381616,0.000000,24.383245,24.383245,0.000000,57.300000,0.000000,0.696800,-0.000111,-0.000012,0.062686,0.000093,-0.000125,-0.000040,0.006724,65.400000,0.000000,0.001127,-0.000006,-0.000002,-0.000462,-0.000870,-0.000025,
0.040000,24.381748,24.381748,0.000000,24.384266,24.384266,0.000000,57.400000,0.000000,0.695200,0.000029,0.000005,0.062002,0.000135,-0.000127,-0.000235,0.009176,65.500000,0.000000,0.001227,0.000022,0.000031,0.000020,-0.000774,0.000053,
0.040000,24.381980,24.381980,0.000000,24.386383,24.386383,0.000000,57.499999,0.000000,0.703200,0.000003,0.000023,0.062786,0.000072,-0.000136,-0.000039,0.005521,65.600000,0.000000,0.001067,0.000030,-0.000008,0.000115,0.000566,0.000008,
0.040000,24.382088,24.382088,0.000000,24.384144,24.384144,0.000000,57.600000,0.000000,0.683200,0.000083,0.000016,0.062397,-0.000168,-0.000156,-0.000287,0.005567,65.700000,0.000000,0.001201,0.000017,0.000031,0.000156,0.000061,-0.000052,
0.040000,24.382173,24.382173,0.000000,24.383791,24.383791,0.000000,57.700000,0.000000,0.703200,0.000025,0.000005,0.062226,0.000084,-0.000123,-0.000212,0.007727,65.800000,0.000000,0.001101,-0.000031,-0.000019,0.000012,0.000514,-0.000144,
0.040000,24.382346,24.382346,0.000000,24.385620,24.385620,0.000000,57.800000,0.000000,0.718400,0.000071,