"ADAPTIVE_THRESHOLD_SIGMA","ESTIMATED_OBSERVATION_RADIUS","ESTIMATED_SENSOR_MAX_RANGE","ICP_ITERATION","INSTANTANEOUS_OBSERVATION_RADIUS","INSTANTANEOUS_SENSOR_MAX_RANGE","SENSOR_TIME_OFFSET","current_relative_timestamp","icp_iterations","icp_quality","robot_pitch","robot_roll","robot_x","robot_y","robot_yaw","robot_z","time_onLidar","timestamp","twistCorrectionCount","vx","vy","vz","wx","wy","wz",
0.200000,25.151970,25.151970,0.000000,20.000000,20.000000,0.000000,0.000000,0.000000,0.000000,0.000000,0.000000,0.000000,0.000000,0.000000,0.000000,0.000000,3.600000,0.000000,0.000000,0.000000,0.000000,0.000000,0.000000,0.000000,
0.200000,25.150773,25.150773,1.000000,25.128035,25.128035,0.000000,0.100000,1.000000,0.984400,-0.000050,-0.000013,0.001064,-0.000055,0.000039,-0.000632,0.013084,3.700000,0.000000,0.000000,0.000000,0.000000,0.000000,0.000000,0.000000,
0.197500,25.150223,25.150223,0.000000,25.139772,25.139772,0.000000,0.300000,0.000000,0.998000,-0.000050,-0.000013,0.001064,-0.000055,0.000039,-0.000632,0.011872,3.900000,0.000000,0.000000,0.000000,0.000000,0.000000,0.000000,0.000000,
0.195000,25.150138,25.150138,0.000000,25.148514,25.148514,0.000000,0.400000,0.000000,0.999200,-0.000010,-0.000021,0.000642,-0.000116,-0.000013,-0.000355,0.012166,4.000000,0.000000,0.000000,0.000000,0.000000,0.000000,0.000000,0.000000,
0.192500,25.149618,25.149618,0.000000,25.139751,25.139751,0.000000,0.499999,0.000000,0.998800,-0.000020,0.000026,0.000856,0.000243,-0.000000,-0.000247,0.006628,4.100000,0.000000,0.000000,0.000000,0.000000,0.000000,0.000000,0.000000,
0.190000,25.148521,25.148521,0.000000,25.127666,25.127666,0.000000,0.600000,0.000000,0.999200,-0.000017,-0.000005,0.000805,-0.000186,0.000015,-0.000290,0.006416,4.200000,0.000000,0.000000,0.000000,0.000000,0.000000,0.000000,0.000000,
0.187500,25.148178,25.148178,0.000000,25.141665,25.141665,0.000000,0.700000,0.000000,0.998400,-0.000016,-0.000010,0.000920,-0.000074,0.000012,-0.000175,0.006309,4.300000,0.000000,0.000000,0.000000,0.000000,0.000000,0.000000,0.000000,
0.185000,25.147723,25.147723,0.000000,25.139084,25.139084,0.000000,0.900000,0.000000,0.998400,0.000008,0.000002,0.000920,0.000044,0.000022,-0.000186,0.007811,4.500000,0.000000,0.000000,0.000000,0.000000,0.000000,0.000000,0.000000,
0.182500,25.146956,25.146956,0.000000,25.132374,25.132374,0.000000,1.000000,0.000000,0.996400,-0.000012,0.000002,0.001541,-0.000219,0.000036,-0.000354,0.008239,4.600000,0.000000,0.001314,0.000062,-0.000266,0.000003,0.000012,0.000031,
0.180000,25.146885,25.146885,0.000000,25.145535,25.145535,0.000000,1.100000,0.000000,0.998400,0.000055,-0.000060,0.001725,-0.000314,0.000025,-0.000066,0.009319,4.700000,0.000000,0.001459,-0.000049,-0.000312,-0.000001,-0.000094,0.000069,
0.177500,25.146167,25.146167,0.000000,25.132540,25.132540,0.000000,1.200000,0.000000,0.996000,0.000040,-0.000016,0.001670,-0.000303,0.000021,-0.000078,0.006938,4.800000,0.000000,0.001467,-0.000067,-0.000248,-0.000343,0.000327,-0.000030,
0.175000,25.145820,25.145820,0.000000,25.139227,25.139227,0.000000,1.300000,0.000000,0.998000,-0.000009,-0.000004,0.002231,-0.000042,0.000013,-0.000432,0.006775,4.900000,0.000000,0.001426,-0.000064,-0.000245,0.000132,0.000035,-0.000035,
0.172500,25.145150,25.145150,0.000000,25.132406,25.132406,0.000000,1.400000,0.000000,0.996800,0.000005,-0.000053,0.001937,-0.000496,0.000043,-0.000403,0.008504,5.000000,0.000000,0.001510,-0.000010,-0.000311,0.000128,-0.000288,-0.000065,
0.170000,25.145225,25.145225,0.000000,25.146648,25.146648,0.000000,1.500000,0.000000,0.996800,-0.000044,-0.000023,0.001835,-0.000155,0.000025,-0.000751,0.006918,5.100000,0.000000,0.001421,-0.000101,-0.000299,-0.000253,-0.000021,0.000163,
0.167500,25.144576,25.144576,0.000000,25.132250,25.132250,0.000000,1.600000,0.000000,0.996400,0.000045,-0.000039,0.001943,-0.000432,0.000047,-0.000255,0.008567,5.200000,0.000000,0.001371,-0.000030,-0.000363,0.000088,-0.000316,-0.000053,
0.165000,25.144675,25.144675,0.000000,25.146561,25.146561,0.000000,1.700000,0.000000,0.996000,0.000029,0.000033,0.002178,-0.000081,0.000038,-0.000086,0.006814,5.300000,0.000000,0.001366,-0.000086,-0.000256,-0.000065,0.000429,0.000121,
0.162500,25.144215,25.144215,0.000000,25.135464,25.135464,0.000000,1.800000,0.000000,0.996000,-0.000036,0.000006,0.002531,-0.000177,0.000025,-0.000436,0.007968,5.400000,0.000000,0.001385,-0.000013,-0.000217,0.000421,0.000070,-0.000014,
0.160000,25.143601,25.143601,0.000000,25.131939,25.131939,0.000000,2.000000,0.000000,0.996800,0.000027,-0.000033,0.002314,-0.000104,0.000027,-0.000162,0.006667,5.600000,0.000000,0.001428,-0.000032,-0.000283,-0.000007,-0.000375,-0.000081,
0.157500,25.142601,25.142601,0.000000,25.123598,25.123598,0.000000,2.100000,0.000000,0.994800,-0.000000,-0.000015,0.002612,-0.000151,0.000030,-0.000287,0.006759,5.700000,0.000000,0.001356,-0.000017,-0.000222,-0.000246,0.000243,-0.000021,
0.155000,25.142090,25.142090,0.000000,25.132397,25.132397,0.000000,2.200000,0.000000,0.993200,-0.000009,-0.000010,0.002684,-0.000091,0.000039,-0.000306,0.010656,5.800000,0.000000,0.001367,-0.000035,-0.000254,0.000071,-0.000116,0.000011,
0.152500,25.141636,25.141636,0.000000,25.132996,25.132996,0.000000,2.300000,0.000000,0.996000,-0.000034,-0.000016,0.002978,-0.000241,0.000036,-0.000294,0.008884,5.900000,0.000000,0.001354,-0.000022,-0.000253,0.000060,-0.000100,0.000056,
0.150000,25.141480,25.141480,0.000000,25.138527,25.138527,0.000000,2.400000,0.000000,0.991600,0.000035,0.000021,0.002839,0.000172,-0.000002,-0.000028,0.009846,6.000000,0.000000,0.001386,-0.000051,-0.000246,-0.000009,-0.000194,0.000002,
0.147500,25.140988,25.140988,0.000000,25.131632,25.131632,0.000000,2.500000,0.000000,0.987600,-0.000007,-0.000001,0.002791,0.000089,-0.000012,-0.000301,0.007347,6.100000,0.000000,0.001330,0.000032,-0.000188,0.000224,0.000354,-0.000233,
0.145000,25.140491,25.140491,0.000000,25.131060,25.131060,0.000000,2.600000,0.000000,0.986000,-0.000038,-0.000009,0.003441,-0.000355,0.000051,-0.000506,0.006871,6.200000,0.000000,0.001294,0.000015,-0.000239,-0.000055,-0.000125,-0.000147,
0.142500,25.140491,25.140491,0.000000,25.140476,25.140476,0.000000,2.700000,0.000000,0.987200,-0.000050,0.000015,0.003348,0.000105,0.000006,-0.000475,0.009079,6.300000,0.000000,0.001398,-0.000074,-0.000275,-0.000067,-0.000238,0.000333,
0.140000,25.140039,25.140039,0.000000,25.131451,25.131451,0.000000,2.800000,0.000000,0.977600,-0.000044,-0.000030,0.003270,-0.000022,-0.000005,-0.000540,0.006836,6.400000,0.000000,0.001351,0.000019,-0.000263,0.000122,-0.000168,-0.000153,
0.137500,25.139615,25.139615,0.000000,25.131557,25.131557,0.000000,2.900000,0.000000,0.974800,-0.000025,-0.000024,0.003177,-0.000070,-0.000007,-0.000359,0.008361,6.500000,0.000000,0.001309,-0.000006,-0.000271,-0.000233,-0.000026,-0.000124,
0.135000,25.139508,25.139508,0.000000,25.137484,25.137484,0.000000,3.000000,0.000000,0.981600,-0.000070,-0.000027,0.003445,-0.000158,-0.000002,-0.000644,0.008285,6.600000,0.000000,0.001264,-0.000016,-0.000229,-0.000052,0.000105,-0.000061,
0.132500,25.139451,25.139451,0.000000,25.138374,25.138374,0.000000,3.100000,0.000000,0.976400,0.000002,-0.000010,0.003784,0.000211,-0.000018,-0.000230,0.006666,6.700000,0.000000,0.001293,-0.000033,-0.000281,-0.000036,-0.000234,0.000007,
0.130000,25.138642,25.138642,0.000000,25.123266,25.123266,0.000000,3.200000,0.000000,0.978000,0.000009,0.000015,0.003902,0.000112,-0.000011,-0.000213,0.006592,6.800000,0.000000,0.001334,0.000041,-0.000193,0.000090,0.000353,-0.000098,
0.127500,25.138622,25.138622,0.000000,25.138235,25.138235,0.000000,3.300000,0.000000,0.972400,0.000006,0.000011,0.004059,-0.000153,-0.000007,-0.000207,0.009959,6.900000,0.000000,0.001331,0.000021,-0.000186,0.000187,0.000178,0.000005,
0.125000,25.138251,25.138251,0.000000,25.131203,25.131203,0.000000,3.400000,0.000000,0.961200,0.000009,-0.000040,0.003897,-0.000080,-0.000019,-0.000177,0.007927,7.000000,0.000000,0.001336,-0.000033,-0.000181,0.000050,0.000051,0.000027,
0.122500,25.137893,25.137893,0.000000,25.131094,25.131094,0.000000,3.500000,0.000000,0.963200,-0.000011,0.000002,0.004100,-0.000298,-0.000000,-0.000271,0.007427,7.100000,0.000000,0.001277,-0.000018,-0.000172,-0.000297,0.000038,-0.000062,
0.120000,25.137529,25.137529,0.000000,25.130617,25.130617,0.000000,3.600000,0.000000,0.964800,-0.000053,-0.000025,0.004229,-0.000307,0.000014,-0.000503,0.009913,7.200000,0.000000,0.001292,-0.000060,-0.000187,0.000146,-0.000110,0.000093,
0.117500,25.137192,25.137192,0.000000,25.130793,25.130793,0.000000,3.700000,0.000000,0.953600,-0.000039,-0.000014,0.004451,-0.000100,0.000012,-0.000477,0.007998,7.300000,0.000000,0.001292,-0.000061,-0.000229,-0.000109,-0.000302,0.000120,
0.115000,25.136469,25.136469,0.000000,25.122734,25.122734,0.000000,3.800000,0.000000,0.958000,0.000041,-0.000019,0.004579,-0.000221,0.000007,0.000041,0.007024,7.400000,0.000000,0.001311,-0.000019,-0.000220,0.000025,-0.000026,0.000034,
0.112500,25.136516,25.136516,0.000000,25.137407,25.137407,0.000000,3.900000,0.000000,0.961600,-0.000027,-0.000026,0.004688,-0.000166,0.000004,-0.000401,0.007542,7.500000,0.000000,0.001310,-0.000042,-0.000112,-0.000024,0.000485,-0.000017,
0.110000,25.135446,25.135446,0.000000,25.115107,25.115107,0.000000,4.000000,0.000000,0.943200,-0.000056,-0.000022,0.004871,-0.000256,0.000012,-0.000498,0.007644,7.600000,0.000000,0.001306,-0.000031,-0.000198,-0.000051,-0.000236,-0.000022,
0.107500,25.135295,25.135295,0.000000,25.132423,25.132423,0.000000,4.100000,0.000000,0.938800,-0.000048,-0.000008,0.004966,-0.000066,0.000004,-0.000527,0.006528,7.700000,0.000000,0.001316,-0.000048,-0.000213,0.000003,-0.000270,0.000042,
0.105000,25.134825,25.134825,0.000000,25.125902,25.125902,0.000000,4.300000,0.000000,0.929200,-0.000039,-0.000009,0.005032,0.000012,-0.000004,-0.000459,0.007002,7.900000,0.000000,0.001309,-0.000009,-0.000215,0.000087,-0.000051,-0.000038,
0.102500,25.133949,25.133949,0.000000,25.117310,25.117310,0.000000,4.400000,0.000000,0.927200,-0.000030,-0.000007,0.005470,-0.000166,0.000006,-0.000406,0.007380,8.000000,0.000000,0.001296,0.000006,-0.000197,0.000030,0.000036,-0.000064,
0.100000,25.133331,25.133331,0.000000,25.121578,25.121578,0.000000,4.500000,0.000000,0.962000,-0.000066,-0.000014,0.005686,-0.000083,-0.000008,-0.000587,0.006989,8.100000,0.000000,0.001367,-0.000064,-0.000160,0.000009,0.000043,0.000045,
0.097500,25.132391,25.132391,0.000000,25.114538,25.114538,0.000000,4.599999,0.000000,0.959200,-0.000018,0.000003,0.005785,-0.000148,0.000009,-0.000330,0.010259,8.200000,0.000000,0.001382,-0.000047,-0.000193,-0.000030,-0.000181,-0.000059,
0.095000,25.131738,25.131738,0.000000,25.119335,25.119335,0.000000,4.700000,0.000000,0.943200,0.000017,-0.000011,0.005502,-0.000113,0.000007,-0.000113,0.006679,8.300000,0.000000,0.001375,-0.000058,-0.000139,0.000088,0.000222,0.000083,
0.092500,25.132321,25.132321,0.000000,25.143391,25.143391,0.000000,4.800000,0.000000,0.938000,0.000009,-0.000007,0.005283,-0.000102,0.000008,-0.000215,0.008116,8.400000,0.000000,0.001292,-0.000050,-0.000093,-0.000052,0.000303,0.000019,
0.090000,25.131660,25.131660,0.000000,25.119102,25.119102,0.000000,4.900000,0.000000,0.903600,-0.000025,-0.000022,0.005765,-0.000099,0.000009,-0.000328,0.007931,8.500000,0.000000,0.001223,-0.000047,-0.000111,0.000006,0.000064,0.000012,
0.087500,25.131573,25.131573,0.000000,25.129919,25.129919,0.000000,5.000000,0.000000,0.902400,-0.000008,-0.000014,0.005941,-0.000319,0.000011,-0.000207,0.006226,8.600000,0.000000,0.001294,-0.000046,-0.000131,-0.000090,-0.000188,0.000014,
0.085000,25.131826,25.131826,0.000000,25.136639,25.136639,0.000000,5.100000,0.000000,0.914400,-0.000064,-0.000024,0.005785,-0.000189,0.000000,-0.000448,0.006609,8.700000,0.000000,0.001303,-0.000088,-0.000105,0.000015,0.000037,0.000018,
0.082500,25.131610,25.131610,0.000000,25.127506,25.127506,0.000000,5.200000,0.000000,0.919200,-0.000020,-0.000021,0.006246,-0.000074,0.000009,-0.000219,0.006631,8.800000,0.000000,0.001246,-0.000061,-0.000150,-0.000060,-0.000330,-0.000060,
0.080000,25.131866,25.131866,0.000000,25.136734,25.136734,0.000000,5.300000,0.000000,0.921200,-0.000077,-0.000011,0.006366,-0.000098,0.000014,-0.000664,0.007051,8.900000,0.000000,0.001313,-0.000037,-0.000102,-0.000001,0.000144,0.000031,
0.077500,25.131373,25.131373,0.000000,25.122002,25.122002,0.000000,5.400000,0.000000,0.887600,-0.000011,-0.000014,0.006283,0.000096,-0.000031,-0.000278,0.009389,9.000000,0.000000,0.001311,-0.000041,-0.000188,0.000059,-0.000300,0.000041,
0.075000,25.131637,25.131637,0.000000,25.136650,25.136650,0.000000,5.500000,0.000000,0.904800,-0.000029,0.000015,0.006170,0.000064,0.000008,-0.000367,0.006931,9.100000,0.000000,0.001268,-0.000002,-0.000108,0.000004,0.000296,-0.000261,
0.072500,25.131891,25.131891,0.000000,25.136717,25.136717,0.000000,5.700000,0.000000,0.865600,-0.000045,-0.000011,0.006604,-0.000013,-0.000015,-0.000444,0.006519,9.300000,0.000000,0.001221,-0.000008,-0.000123,0.000185,0.000001,0.000143,
0.070000,25.131363,25.131363,0.000000,25.121338,25.121338,0.000000,5.800000,0.000000,0.846000,-0.000001,0.000002,0.006640,-0.000024,-0.000005,-0.000164,0.006974,9.400000,0.000000,0.001283,-0.000023,-0.000136,-0.000094,-0.000099,-0.000092,
0.067500,25.131262,25.131262,2.000000,25.129337,25.129337,0.000000,6.100000,2.000000,0.822400,-0.000060,0.000019,0.006927,-0.000082,0.000003,-0.000563,0.007087,9.700000,0.000000,0.001196,-0.000026,-0.000015,0.000060,0.000205,0.000044,
0.065000,25.131130,25.131130,2.000000,25.128620,25.128620,0.000000,6.200000,2.000000,0.849200,-0.000435,-0.000005,0.038188,0.005092,-0.000989,-0.001937,0.007345,9.800000,0.000000,0.001229,-0.000036,-0.000093,0.000120,-0.000237,0.000063,
0.062500,25.129880,25.129880,3.000000,25.106123,25.106123,0.000000,6.300000,3.000000,0.731600,-0.000331,-0.000037,0.082378,0.008529,-0.001732,-0.001688,0.008094,9.900000,0.000000,0.019081,0.002960,-0.000873,-0.000080,-0.001237,-0.003267,
0.060000,25.127212,25.127212,2.000000,25.076529,25.076529,0.000000,6.400000,2.000000,0.670800,-0.001021,-0.000005,0.225216,0.012252,-0.003482,-0.001861,0.008776,10.000000,0.000000,0.027233,0.003574,-0.000812,-0.000206,-0.000041,-0.005455,
0.057500,25.122485,25.122485,3.000000,25.032675,25.032675,0.000000,6.500000,3.000000,0.854800,-0.001021,-0.000005,0.225216,0.012252,-0.003482,-0.001861,0.011521,10.100000,0.000000,0.039478,0.004014,-0.000876,-0.000413,-0.001286,-0.007854,
0.055000,25.115504,25.115504,2.000000,24.982857,24.982857,0.000000,6.600000,2.000000,0.762800,-0.000778,-0.000138,0.305682,0.011225,-0.003868,-0.000888,0.017288,10.200000,0.000000,0.053531,0.004208,-0.000825,0.000372,-0.003445,-0.007990,
0.052500,25.107690,25.107690,5.000000,24.959232,24.959232,0.000000,6.800000,5.000000,0.711600,-0.000782,0.000014,0.546044,0.009538,-0.004702,-0.000484,0.007709,10.400000,0.000000,0.068060,0.003982,-0.000636,-0.000685,0.000185,-0.005443,
0.050000,25.094872,25.094872,2.000000,24.851330,24.851330,0.000000,6.900000,2.000000,0.825200,-0.000782,0.000014,0.546044,0.009538,-0.004702,-0.000484,0.009041,10.500000,0.000000,0.082296,0.003897,-0.000748,0.000797,-0.003480,-0.004864,
0.047500,25.080066,25.080066,4.000000,24.798740,24.798740,0.000000,7.100000,4.000000,0.712000,-0.001278,0.000015,0.785924,0.007866,-0.004697,-0.001388,0.019112,10.700000,0.000000,0.137823,0.003347,-0.000393,-0.000054,0.002525,-0.002067,
0.045000,25.060771,25.060771,4.000000,24.694181,24.694181,0.000000,7.300000,4.000000,0.745200,-0.001278,0.000015,0.785924,0.007866,-0.004697,-0.001388,0.011033,10.900000,0.000000,0.150607,0.003325,-0.000646,0.000368,-0.000841,-0.001260,
0.042500,25.037329,25.037329,4.000000,24.591923,24.591923,0.000000,7.500000,4.000000,0.674000,-0.001614,0.000122,1.106572,0.006682,-0.003749,-0.002703,0.020134,11.100000,0.000000,0.200853,0.002775,-0.000520,-0.000310,-0.000706,0.000245,
0.040000,25.009041,25.009041,2.000000,24.471577,24.471577,0.000000,7.600000,2.000000,0.766800,-0.001614,0.000122,1.106572,0.006682,-0.003749,-0.002703,0.013164,11.200000,0.000000,0.247459,0.002393,-0.000883,0.000454,-0.001119,0.002058,
0.040000,24.980537,24.980537,2.000000,24.438951,24.438951,0.000000,7.700000,2.000000,0.714400,-0.001748,0.000193,1.187203,0.005669,-0.003331,-0.003107,0.022097,11.300000,0.000000,0.290062,0.002473,-0.001092,0.000066,-0.000569,0.002545,
0.040000,24.950605,24.950605,3.000000,24.381893,24.381893,0.000000,7.800000,3.000000,0.678400,-0.001743,0.000213,1.346574,0.005491,-0.002554,-0.002921,0.010237,11.400000,0.000000,0.300037,0.002288,-0.001174,0.000424,-0.000993,0.003453,
0.040000,24.919633,24.919633,2.000000,24.331177,24.331177,0.000000,7.900000,2.000000,0.757200,-0.001743,0.000213,1.346574,0.005491,-0.002554,-0.002921,0.010590,11.500000,0.000000,0.309621,0.002363,-0.001207,-0.000063,0.000186,0.003541,
0.040000,24.887248,24.887248,3.000000,24.271936,24.271936,0.000000,8.100000,3.000000,0.698400,-0.002174,0.000141,1.587556,0.005634,-0.001710,-0.003299,0.021643,11.700000,0.000000,0.319078,0.002261,-0.001144,0.000343,-0.000480,0.003927,
0.040000,24.851388,24.851388,2.000000,24.170036,24.170036,0.000000,8.200000,2.000000,0.781600,-0.002174,0.000141,1.587556,0.005634,-0.001710,-0.003299,0.008845,11.800000,0.000000,0.328572,0.002327,-0.001152,-0.000100,-0.000660,0.003320,
0.040000,24.815282,24.815282,2.000000,24.129269,24.129269,0.000000,8.300000,2.000000,0.735200,-0.002252,0.000221,1.668417,0.004931,-0.001315,-0.003768,0.023006,11.900000,0.000000,0.365091,0.002202,-0.001317,-0.000166,-0.001714,0.002779,
0.040000,24.778260,24.778260,2.000000,24.074835,24.074835,0.000000,8.400000,2.000000,0.712400,-0.001972,0.000222,1.829015,0.004997,-0.000826,-0.002772,0.008407,12.000000,0.000000,0.373682,0.002050,-0.001416,0.000374,-0.001195,0.003428,
0.040000,24.740837,24.740837,2.000000,24.029802,24.029802,0.000000,8.500000,2.000000,0.764400,-0.001972,0.000222,1.829015,0.004997,-0.000826,-0.002772,0.010245,12.100000,0.000000,0.382030,0.002020,-0.001307,-0.000269,0.000101,0.002961,
0.040000,24.701481,24.701481,2.000000,23.953714,23.953714,0.000000,8.600000,2.000000,0.733600,-0.002155,0.000213,1.909655,0.004931,-0.000684,-0.003637,0.023626,12.200000,0.000000,0.390172,0.002020,-0.001239,0.000335,0.001188,0.002510,
0.040000,24.662684,24.662684,2.000000,23.925549,23.925549,0.000000,8.700000,2.000000,0.691600,-0.001884,0.000294,2.069933,0.004964,-0.000497,-0.002207,0.007312,12.300000,0.000000,0.398254,0.001981,-0.001414,0.000071,-0.000680,0.001835,
0.040000,24.623567,24.623567,2.000000,23.880350,23.880350,0.000000,8.800000,2.000000,0.773600,-0.001884,0.000294,2.069933,0.004964,-0.000497,-0.002207,0.011950,12.400000,0.000000,0.406135,0.001835,-0.001247,-0.000507,-0.001209,0.001473,
0.040000,24.584197,24.584197,2.000000,23.836157,23.836157,0.000000,8.900000,2.000000,0.731200,-0.002145,0.000324,2.150292,0.004936,-0.000453,-0.003007,0.018566,12.500000,0.000000,0.413775,0.001933,-0.001153,0.000842,0.002164,0.000943,
0.040000,24.544402,24.544402,2.000000,23.788296,23.788296,0.000000,9.000000,2.000000,0.710800,-0.002579,0.000233,2.311538,0.004792,-0.000334,-0.002743,0.007310,12.600000,0.000000,0.421361,0.001897,-0.001316,0.000508,-0.000787,0.000634,
0.040000,24.504302,24.504302,2.000000,23.742403,23.742403,0.000000,9.100000,2.000000,0.763600,-0.002579,0.000233,2.311538,0.004792,-0.000334,-0.002743,0.009616,12.700000,0.000000,0.428689,0.001812,-0.001260,-0.000242,-0.000545,0.000815,
0.040000,24.463989,24.463989,2.000000,23.698055,23.698055,0.000000,9.200000,2.000000,0.715200,-0.002611,0.000261,2.391644,0.004772,-0.000345,-0.002753,0.022356,12.800000,0.000000,0.436213,0.001810,-0.001283,-0.000216,-0.002646,0.000477,
0.040000,24.422060,24.422060,2.000000,23.625404,23.625404,0.000000,9.300000,2.000000,0.704800,-0.002435,0.000157,2.551602,0.004637,-0.000458,-0.002370,0.008416,12.900000,0.000000,0.443327,0.001776,-0.001300,0.000089,-0.001206,0.000116,
0.040000,24.381198,24.381198,1.000000,23.604820,23.604820,0.000000,9.400000,1.000000,0.786000,-0.002435,0.000157,2.551602,0.004637,-0.000458,-0.002370,0.011636,13.000000,0.000000,0.450220,0.001758,-0.001305,-0.000151,0.001138,-0.000378,
0.040000,24.338103,24.338103,2.000000,23.519304,23.519304,0.000000,9.500000,2.000000,0.726800,-0.002393,0.000173,2.631786,0.004570,-0.000526,-0.002437,0.018399,13.100000,0.000000,0.457106,0.001692,-0.001252,-0.000518,-0.000076,-0.000422,
0.040000,24.294861,24.294861,2.000000,23.473253,23.473253,0.000000,9.600000,2.000000,0.697600,-0.002659,0.000135,2.792231,0.004497,-0.000659,-0.002273,0.007979,13.200000,0.000000,0.463839,0.001653,-0.001278,-0.000100,0.000231,-0.000586,
0.040000,24.253425,24.253425,2.000000,23.466141,23.466141,0.000000,9.700000,2.000000,0.767600,-0.002659,0.000135,2.792231,0.004497,-0.000659,-0.002273,0.012039,13.300000,0.000000,0.470514,0.001642,-0.001277,0.000170,-0.000727,-0.000449,
0.040000,24.210831,24.210831,2.000000,23.401554,23.401554,0.000000,9.800000,2.000000,0.741200,-0.002676,0.000181,2.872506,0.004520,-0.000761,-0.002368,0.021144,13.400000,0.000000,0.476939,0.001592,-0.001273,-0.000378,-0.001107,-0.000769,
0.040000,24.169324,24.169324,2.000000,23.380690,23.380690,0.000000,9.900000,2.000000,0.702000,-0.002567,0.000210,3.032706,0.004366,-0.000999,-0.001342,0.009694,13.500000,0.000000,0.483312,0.001576,-0.001309,0.000140,-0.000532,-0.000921,
0.040000,24.126888,24.126888,2.000000,23.320602,23.320602,0.000000,10.100000,2.000000,0.727600,-0.002567,0.000210,3.032706,0.004366,-0.000999,-0.001342,0.010738,13.700000,0.000000,0.489502,0.001558,-0.001243,0.000109,0.000232,-0.001225,
0.040000,24.080579,24.080579,2.000000,23.200699,23.200699,0.000000,10.200000,2.000000,0.696800,-0.002561,0.000410,3.272865,0.004461,-0.001308,-0.001325,0.022437,13.800000,0.000000,0.495630,0.001510,-0.001141,0.000158,0.000328,-0.001064,
0.040000,24.034412,24.034412,2.000000,23.157234,23.157234,0.000000,10.300000,2.000000,0.780400,-0.002561,0.000410,3.272865,0.004461,-0.001308,-0.001325,0.010632,13.900000,0.000000,0.519511,0.001457,-0.001265,0.000396,-0.000284,-0.001107,
0.040000,23.986448,23.986448,2.000000,23.075144,23.075144,0.000000,10.400000,2.000000,0.730400,-0.002649,0.000289,3.353255,0.004172,-0.001435,-0.001206,0.022807,14.000000,0.000000,0.524968,0.001465,-0.001252,0.000828,0.000259,-0.000978,
0.040000,23.939406,23.939406,2.000000,23.045607,23.045607,0.000000,10.500000,2.000000,0.690800,-0.002415,0.000321,3.513417,0.003905,-0.001620,-0.001506,0.019790,14.100000,0.000000,0.530420,0.001401,-0.001244,-0.000416,-0.000440,-0.001154,
0.040000,23.892967,23.892967,2.000000,23.010620,23.010620,0.000000,10.600000,2.000000,0.761200,-0.002415,0.000321,3.513417,0.003905,-0.001620,-0.001506,0.023793,14.200000,0.000000,0.535735,0.001397,-0.001301,0.000404,-0.001159,-0.001104,
0.040000,23.846435,23.846435,2.000000,22.962324,22.962324,0.000000,10.700000,2.000000,0.724400,-0.002601,0.000298,3.593318,0.003783,-0.001710,-0.001587,0.021697,14.300000,0.000000,0.540895,0.001340,-0.001338,-0.000212,0.001997,-0.000905,
0.040000,23.799862,23.799862,2.000000,22.914991,22.914991,0.000000,10.800000,2.000000,0.699600,-0.002801,0.000128,3.754159,0.003055,-0.001779,-0.001155,0.008005,14.400000,0.000000,0.545948,0.001315,-0.001366,-0.000223,-0.000384,-0.000900,
0.040000,23.754081,23.754081,2.000000,22.884224,22.884224,0.000000,10.900000,2.000000,0.753200,-0.002801,0.000128,3.754159,0.003055,-0.001779,-0.001155,0.010289,14.500000,0.000000,0.551003,0.001271,-0.001293,-0.000437,-0.001220,-0.000646,
0.040000,23.708110,23.708110,2.000000,22.834675,22.834675,0.000000,11.000000,2.000000,0.741600,-0.002951,0.000241,3.834336,0.003221,-0.001846,-0.001282,0.022001,14.600000,0.000000,0.555967,0.001177,-0.001314,-0.000871,-0.000628,-0.000374,
0.040000,23.661723,23.661723,2.000000,22.780355,22.780355,0.000000,11.100000,2.000000,0.705200,-0.002897,0.000185,3.994297,0.002811,-0.001907,-0.000824,0.008233,14.700000,0.000000,0.560785,0.001214,-0.001357,0.000366,-0.001169,-0.000553,
0.040000,23.616056,23.616056,2.000000,22.748402,22.748402,0.000000,11.200000,2.000000,0.763200,-0.002897,0.000185,3.994297,0.002811,-0.001907,-0.000824,0.011748,14.800000,0.000000,0.565533,0.001230,-0.001274,0.000338,-0.000905,-0.000505,
0.040000,23.570250,23.570250,5.000000,22.699924,22.699924,0.000000,11.400000,5.000000,0.693200,-0.004344,0.000160,4.199016,0.000212,0.004068,0.000141,0.021947,15.000000,0.000000,0.570068,0.001144,-0.001309,-0.000418,0.000448,-0.000277,
0.040000,23.528074,23.528074,2.000000,22.726736,22.726736,0.000000,11.500000,2.000000,0.702800,-0.004344,0.000160,4.199016,0.000212,0.004068,0.000141,0.013634,15.100000,0.000000,0.371493,0.016466,-0.003213,0.000356,-0.001246,0.161465,
0.040000,23.501312,23.501312,7.000000,22.992832,22.992832,0.000000,11.600000,7.000000,0.710800,-0.004457,0.000300,4.232244,0.004182,0.021118,0.000075,0.033401,15.200000,0.000000,0.578412,0.000208,-0.000999,0.000122,-0.006853,0.028468,
0.040000,23.493053,23.493053,6.000000,23.336124,23.336124,0.000000,11.700000,6.000000,0.685200,-0.004267,0.000174,4.258620,0.004212,0.040434,-0.000031,0.009520,15.300000,0.000000,0.573597,0.000955,-0.001021,0.001248,-0.003664,0.107010,
0.040000,23.500489,23.500489,4.000000,23.641785,23.641785,0.000000,11.800000,4.000000,0.690800,-0.004292,0.000040,4.268990,0.004846,0.059772,0.000833,0.010991,15.400000,0.000000,0.567529,0.000833,-0.001044,0.000236,-0.000254,0.159418,
0.040000,23.521068,23.521068,4.000000,23.912071,23.912071,0.000000,11.900000,4.000000,0.685200,-0.003970,0.000169,4.273366,0.005613,0.077659,0.000432,0.008511,15.500000,0.000000,0.558447,0.000858,-0.000863,-0.000231,-0.000240,0.180355,
0.040000,23.554188,23.554188,5.000000,24.183460,24.183460,0.000000,12.000000,5.000000,0.686000,-0.004093,-0.000359,4.271825,0.004929,0.095586,-0.000350,0.009654,15.600000,0.000000,0.548367,0.000940,-0.000929,0.001166,0.001911,0.179441,
0.040000,23.599548,23.599548,5.000000,24.461390,24.461390,0.000000,12.100000,5.000000,0.665600,-0.003554,-0.000100,4.270432,0.006398,0.114583,-0.000373,0.008774,15.700000,0.000000,0.537304,0.000812,-0.001062,-0.002366,-0.000040,0.179331,
0.040000,23.657597,23.657597,6.000000,24.760529,24.760529,0.000000,12.200000,6.000000,0.654800,-0.003598,-0.000232,4.268394,0.007526,0.135206,0.000345,0.011041,15.800000,0.000000,0.526521,0.001109,-0.001045,0.001141,0.003289,0.185903,
0.040000,23.728862,23.728862,6.000000,25.082888,25.082888,0.000000,12.300000,6.000000,0.664000,-0.004582,-0.000457,4.265724,0.011408,0.181169,0.001154,0.008990,15.900000,0.000000,0.515818,0.001353,-0.000882,0.000077,0.000966,0.198466,
0.040000,23.812219,23.812219,4.000000,25.396004,25.396004,0.000000,12.400000,4.000000,0.747200,-0.004582,-0.000457,4.265724,0.011408,0.181169,0.001154,0.012413,16.000000,0.000000,0.505614,0.001460,-0.000993,-0.000506,-0.003156,0.209680,
0.040000,23.907038,23.907038,4.000000,25.708595,25.708595,0.000000,12.500000,4.000000,0.723600,-0.004855,-0.000667,4.265374,0.011094,0.205997,0.001101,0.021998,16.100000,0.000000,0.495365,0.002130,-0.000685,0.000125,-0.003871,0.230281,
0.040000,24.012746,24.012746,4.000000,26.021204,26.021204,0.000000,12.600000,4.000000,0.722400,-0.004317,-0.000146,4.261769,0.015153,0.232051,0.000755,0.010784,16.200000,0.000000,0.485557,0.002040,-0.000681,-0.000520,-0.003253,0.241404,
0.040000,24.128945,24.128945,4.000000,26.336723,26.336723,0.000000,12.700000,4.000000,0.732400,-0.004271,-0.000803,4.264002,0.015011,0.258988,0.000304,0.010388,16.300000,0.000000,0.475487,0.002925,-0.000733,0.003758,0.002015,0.253228,
0.040000,24.256062,24.256062,4.000000,26.671288,26.671288,0.000000,12.799999,4.000000,0.713600,-0.004358,-0.000790,4.263366,0.015561,0.286384,0.000538,0.010487,16.400000,0.000000,0.466562,0.002740,-0.000809,-0.001914,0.000977,0.263207,
0.040000,24.394058,24.394058,4.000000,27.015985,27.015985,0.000000,12.900000,4.000000,0.708000,-0.004391,-0.000703,4.262495,0.015609,0.314593,0.000549,0.009063,16.500000,0.000000,0.457297,0.002823,-0.000746,0.000080,-0.000297,0.269849,
0.040000,24.535200,24.535200,4.000000,27.216896,27.216896,0.000000,13.000000,4.000000,0.693600,-0.004439,-0.001336,4.263901,0.015235,0.371366,0.000669,0.008938,16.600000,0.000000,0.448143,0.002825,-0.000729,0.001334,-0.000448,0.277412,
0.040000,24.686516,24.686516,3.000000,27.561523,27.561523,0.000000,13.100000,3.000000,0.769600,-0.004439,-0.001336,4.263901,0.015235,0.371366,0.000669,0.010202,16.700000,0.000000,0.439131,0.002883,-0.000776,-0.000274,-0.000363,0.281624,
0.040000,24.844056,24.844056,3.000000,27.837307,27.837307,0.000000,13.200000,3.000000,0.777200,-0.004453,-0.001316,4.263629,0.015077,0.400192,0.000835,0.023513,16.800000,0.000000,0.430920,0.002544,-0.000677,-0.001685,-0.000593,0.282784,
0.040000,25.004833,25.004833,3.000000,28.059595,28.059595,0.000000,13.299999,3.000000,0.773600,-0.004360,-0.001248,4.263653,0.016281,0.428600,0.000848,0.009034,16.900000,0.000000,0.422379,0.002485,-0.000631,0.000268,-0.000547,0.286167,
0.040000,25.167707,25.167707,3.000000,28.262325,28.262325,0.000000,13.400000,3.000000,0.772400,-0.004419,-0.001675,4.263643,0.014978,0.456806,0.000417,0.009059,17.000000,0.000000,0.414161,0.002652,-0.000616,0.001299,0.000139,0.284874,
0.040000,25.331805,25.331805,4.000000,28.449669,28.449669,0.000000,13.500000,4.000000,0.746000,-0.004072,-0.001379,4.263150,0.015372,0.484723,0.000775,0.011324,17.100000,0.000000,0.405898,0.002368,-0.000688,-0.001377,-0.000564,0.283132,
0.040000,25.496676,25.496676,3.000000,28.629217,28.629217,0.000000,13.600000,3.000000,0.734800,-0.003949,-0.001527,4.262194,0.013688,0.512839,0.000655,0.008131,17.200000,0.000000,0.397852,0.002433,-0.000604,0.002032,0.001662,0.280690,
0.040000,25.661212,25.661212,3.000000,28.787388,28.787388,0.000000,13.700000,3.000000,0.741600,-0.004004,-0.001608,4.265511,0.013312,0.568148,0.000436,0.009993,17.300000,0.000000,0.389693,0.002180,-0.000615,0.000558,0.001146,0.280978,
0.040000,25.823991,25.823991,3.000000,28.916801,28.916801,0.000000,13.800000,3.000000,0.815600,-0.004004,-0.001608,4.265511,0.013312,0.568148,0.000436,0.011039,17.400000,0.000000,0.382432,0.002179,-0.000699,0.000767,-0.000024,0.278705,
0.040000,25.984522,25.984522,3.000000,29.034607,29.034607,0.000000,13.900000,3.000000,0.806400,-0.003921,-0.001858,4.264582,0.012583,0.595540,0.000212,0.022458,17.500000,0.000000,0.375001,0.001705,-0.000634,0.000604,-0.000422,0.276899,
0.040000,26.143867,26.143867,3.000000,29.171415,29.171415,0.000000,14.000000,3.000000,0.787200,-0.004012,-0.001908,4.265783,0.011775,0.622990,0.000367,0.011963,17.600000,0.000000,0.367378,0.001649,-0.000665,-0.000643,0.000061,0.275061,
0.040000,26.298581,26.298581,3.000000,29.238155,29.238155,0.000000,14.100000,3.000000,0.791200,-0.003961,-0.001938,4.269375,0.011608,0.650194,0.000313,0.010439,17.700000,0.000000,0.360242,0.001352,-0.000623,0.000113,-0.000862,0.274707,
0.040000,26.447325,26.447325,3.000000,29.273462,29.273462,0.000000,14.200000,3.000000,0.779200,-0.003912,-0.001840,4.267187,0.010410,0.677320,0.000486,0.008299,17.800000,0.000000,0.353695,0.000886,-0.000624,0.000528,-0.000339,0.273061,
0.040000,26.591858,26.591858,3.000000,29.337984,29.337984,0.000000,14.300000,3.000000,0.776800,-0.003967,-0.002217,4.268607,0.010642,0.704612,0.000145,0.010306,17.900000,0.000000,0.346234,0.000941,-0.000575,0.001470,-0.000140,0.271947,
0.040000,26.730493,26.730493,4.000000,29.364561,29.364561,0.000000,14.500000,4.000000,0.760000,-0.003788,-0.002259,4.268921,0.006753,0.785727,0.000393,0.010236,18.100000,0.000000,0.339652,0.000783,-0.000633,-0.001106,-0.000738,0.272546,
0.040000,26.860867,26.860867,2.000000,29.337980,29.337980,0.000000,14.600000,2.000000,0.819600,-0.003788,-0.002259,4.268921,0.006753,0.785727,0.000393,0.011336,18.200000,0.000000,0.333118,0.000527,-0.000593,0.000397,-0.000124,0.270792,
0.040000,26.983111,26.983111,2.000000,29.305735,29.305735,0.000000,14.700000,2.000000,0.800800,-0.003896,-0.002491,4.269398,0.006962,0.812471,0.000119,0.027070,18.300000,0.000000,0.305689,-0.000247,-0.000502,0.000678,-0.000132,0.270721,
0.040000,27.100152,27.100152,2.000000,29.323931,29.323931,0.000000,14.800000,2.000000,0.787200,-0.003720,-0.002415,4.271007,0.006086,0.839590,0.000408,0.010009,18.400000,0.000000,0.299776,-0.000279,-0.000547,-0.000410,-0.001008,0.268903,
0.040000,27.205865,27.205865,2.000000,29.214417,29.214417,0.000000,14.900000,2.000000,0.772000,-0.003800,-0.002381,4.270257,0.003916,0.866598,0.000082,0.011028,18.500000,0.000000,0.293974,-0.000622,-0.000480,0.000932,0.000276,0.270299,
0.040000,27.304390,27.304390,2.000000,29.176357,29.176357,0.000000,15.000000,2.000000,0.764400,-0.003690,-0.002282,4.268174,0.003882,0.893578,0.000710,0.011629,18.600000,0.000000,0.287776,-0.000785,-0.000534,0.001193,-0.000787,0.270160,
0.040000,27.391998,27.391998,2.000000,29.056559,29.056559,0.000000,15.100000,2.000000,0.739600,-0.003569,-0.002636,4.268585,0.003166,0.920370,0.000422,0.009966,18.700000,0.000000,0.281845,-0.000462,-0.000398,0.001691,-0.000014,0.269938,
0.040000,27.468154,27.468154,2.000000,28.915112,28.915112,0.000000,15.200000,2.000000,0.750400,-0.003487,-0.002681,4.266711,0.000073,0.974351,0.000217,0.008260,18.800000,0.000000,0.276240,-0.000604,-0.000447,-0.000945,0.000339,0.268688,
0.040000,27.534274,27.534274,2.000000,28.790564,28.790564,0.000000,15.300000,2.000000,0.795600,-0.003487,-0.002681,4.266711,0.000073,0.974351,0.000217,0.009132,18.900000,0.000000,0.270543,-0.000815,-0.000441,0.000581,0.000622,0.269510,
0.040000,27.586765,27.586765,2.000000,28.584084,28.584084,0.000000,15.400000,2.000000,0.787200,-0.003313,-0.002505,4.264454,-0.000397,1.001264,0.000114,0.020874,19.000000,0.000000,0.264773,-0.000639,-0.000468,0.000161,-0.000622,0.269684,
0.040000,27.629220,27.629220,2.000000,28.435869,28.435869,0.000000,15.500000,2.000000,0.782400,-0.003241,-0.002740,4.261929,-0.002040,1.028467,0.000558,0.011154,19.100000,0.000000,0.259233,-0.000311,-0.000477,0.001720,0.000407,0.269347,
0.040000,27.651412,27.651412,2.000000,28.073063,28.073063,0.000000,15.600000,2.000000,0.755600,-0.003266,-0.002888,4.261652,-0.002575,1.055309,0.000538,0.008145,19.200000,0.000000,0.253587,-0.000060,-0.000378,-0.000249,0.000160,0.271001,
0.040000,27.666769,27.666769,4.000000,27.958557,27.958557,0.000000,15.700000,4.000000,0.775200,-0.003109,-0.003113,4.261175,-0.003866,1.082573,0.000237,0.007736,19.300000,0.000000,0.248473,-0.000067,-0.000374,-0.000467,-0.000560,0.269406,
0.040000,27.669166,27.669166,2.000000,27.714693,27.714693,0.000000,15.800000,2.000000,0.756800,-0.002966,-0.003163,4.257421,-0.004234,1.109715,-0.000154,0.012765,19.400000,0.000000,0.243309,-0.000109,-0.000425,-0.001032,0.000249,0.271403,
0.040000,27.664549,27.664549,2.000000,27.576830,27.576830,0.000000,15.900000,2.000000,0.750000,-0.002853,-0.003207,4.256415,-0.005332,1.163499,0.000278,0.007366,19.500000,0.000000,0.238103,0.000513,-0.000490,-0.000195,0.000449,0.271417,
0.040000,27.649259,27.649259,2.000000,27.358763,27.358763,0.000000,16.000000,2.000000,0.792400,-0.002853,-0.003207,4.256415,-0.005332,1.163499,0.000278,0.009986,19.600000,0.000000,0.233181,0.000732,-0.000446,0.001034,-0.000229,0.270859,
0.040000,27.620779,27.620779,2.000000,27.079643,27.079643,0.000000,16.100000,2.000000,0.799200,-0.002723,-0.003205,4.258112,-0.006638,1.190225,-0.000204,0.022786,19.700000,0.000000,0.228527,0.000571,-0.000386,-0.000014,-0.000027,0.268673,
0.040000,27.580103,27.580103,2.000000,26.807261,26.807261,0.000000,16.200000,2.000000,0.786800,-0.002677,-0.003401,4.254693,-0.007273,1.217360,-0.000107,0.010280,19.800000,0.000000,0.223917,0.000150,-0.000474,0.000473,0.000264,0.267800,
0.040000,27.525787,27.525787,2.000000,26.493792,26.493792,0.000000,16.300000,2.000000,0.784000,-0.002587,-0.003298,4.254945,-0.007383,1.244280,0.000135,0.011880,19.900000,0.000000,0.219134,0.000727,-0.000443,-0.000583,-0.000168,0.269994,
0.040000,27.459144,27.459144,2.000000,26.192930,26.192930,0.000000,16.400000,2.000000,0.760400,-0.002425,-0.003303,4.254710,-0.008756,1.271269,-0.000083,0.008558,20.000000,0.000000,0.214809,0.000658,-0.000386,0.000854,-0.000067,0.269508,
0.040000,27.375688,27.375688,2.000000,25.790009,25.790009,0.000000,16.500000,2.000000,0.770000,-0.002326,-0.003276,4.255020,-0.009888,1.297658,0.000197,0.008755,20.100000,0.000000,0.210300,0.000603,-0.000421,0.000716,0.000428,0.269744,
0.040000,27.280595,27.280595,3.000000,25.473837,25.473837,0.000000,16.700000,3.000000,0.733200,-0.001942,-0.003478,4.258004,-0.009100,1.365168,-0.000061,0.008330,20.300000,0.000000,0.205955,0.000466,-0.000358,0.000827,0.000237,0.266126,
0.040000,27.163286,27.163286,2.000000,24.934408,24.934408,0.000000,16.800000,2.000000,0.795600,-0.001942,-0.003478,4.258004,-0.009100,1.365168,-0.000061,0.008678,20.400000,0.000000,0.202228,0.000549,-0.000362,0.000781,0.000423,0.254874,
0.040000,27.037501,27.037501,3.000000,24.647585,24.647585,0.000000,16.900000,3.000000,0.792000,-0.002057,-0.003327,4.257940,-0.009562,1.383539,0.000207,0.021568,20.500000,0.000000,0.186241,-0.000721,-0.000418,-0.000591,0.000524,0.215715,
0.040000,26.907015,26.907015,6.000000,24.427778,24.427778,0.000000,17.000000,6.000000,0.778000,-0.001859,-0.003337,4.259039,-0.008878,1.400275,0.000245,0.009206,20.600000,0.000000,0.182488,-0.000713,-0.000356,0.000774,-0.000747,0.198010,
0.040000,26.776245,26.776245,2.000000,24.291615,24.291615,0.000000,17.100000,2.000000,0.788000,-0.001780,-0.003350,4.258847,-0.009458,1.414332,0.000078,0.011576,20.700000,0.000000,0.179072,-0.000887,-0.000343,0.000438,0.000569,0.179372,
0.040000,26.642570,26.642570,3.000000,24.102745,24.102745,0.000000,17.200000,3.000000,0.756400,-0.001757,-0.003272,4.255386,-0.008690,1.428370,0.000160,0.008100,20.800000,0.000000,0.175430,-0.000851,-0.000369,0.000249,0.000416,0.155448,
0.040000,26.505970,26.505970,2.000000,23.910570,23.910570,0.000000,17.300000,2.000000,0.754400,-0.001731,-0.003492,4.254568,-0.010197,1.440865,0.000289,0.010095,20.900000,0.000000,0.172021,-0.000138,-0.000343,0.000731,0.000018,0.146138,
0.040000,26.367453,26.367453,2.000000,23.735628,23.735628,0.000000,17.400000,2.000000,0.744800,-0.001438,-0.003527,4.253943,-0.008499,1.452302,-0.000278,0.007145,21.000000,0.000000,0.168319,-0.000018,-0.000310,-0.000945,-0.000096,0.133044,
0.040000,26.228831,26.228831,3.000000,23.595026,23.595026,0.000000,17.500000,3.000000,0.732400,-0.001449,-0.003632,4.251685,-0.012178,1.462576,0.000088,0.011368,21.100000,0.000000,0.165321,0.000148,-0.000416,-0.000465,0.001525,0.121508,
0.040000,26.089498,26.089498,3.000000,23.442171,23.442171,0.000000,17.600000,3.000000,0.719200,-0.001427,-0.003325,4.254714,-0.010325,1.471210,0.000344,0.011396,21.200000,0.000000,0.161294,0.000500,-0.000333,-0.000739,0.000286,0.109906,
0.040000,25.950722,25.950722,2.000000,23.313972,23.313972,0.000000,17.700000,2.000000,0.734400,-0.001603,-0.003422,4.251122,-0.013412,1.479470,0.000104,0.007777,21.300000,0.000000,0.158544,-0.000063,-0.000279,0.001690,0.000064,0.095341,
0.040000,25.813439,25.813439,2.000000,23.205070,23.205070,0.000000,17.800000,2.000000,0.716000,-0.001519,-0.003493,4.253003,-0.011113,1.486652,0.000216,0.011073,21.400000,0.000000,0.154745,0.000582,-0.000317,0.000129,-0.001237,0.087467,
0.040000,25.676789,25.676789,3.000000,23.080431,23.080431,0.000000,17.900000,3.000000,0.712000,-0.001543,-0.003450,4.253374,-0.011151,1.492974,0.000042,0.008167,21.500000,0.000000,0.152181,0.000242,-0.000291,-0.000321,-0.000108,0.077795,
0.040000,25.542520,25.542520,3.000000,22.991409,22.991409,0.000000,18.000000,3.000000,0.709600,-0.001281,-0.003754,4.251257,-0.011034,1.499766,0.000114,0.007470,21.600000,0.000000,0.149181,0.000164,-0.000320,0.000199,-0.000326,0.068788,
0.040000,25.409524,25.409524,3.000000,22.882610,22.882610,0.000000,18.100000,3.000000,0.698800,-0.001170,-0.003560,4.250252,-0.012745,1.504631,-0.000369,0.010032,21.700000,0.000000,0.146231,0.000579,-0.000298,-0.001742,0.001348,0.068257,
0.040000,25.280720,25.280720,3.000000,22.833435,22.833435,0.000000,18.200000,3.000000,0.708000,-0.001537,-0.003489,4.252267,-0.011597,1.510309,0.000308,0.007945,21.800000,0.000000,0.142997,0.000741,-0.000386,0.000572,0.001091,0.056139,
0.040000,25.153738,25.153738,2.000000,22.741081,22.741081,0.000000,18.300000,2.000000,0.684000,-0.001397,-0.003757,4.249942,-0.012501,1.514655,-0.000339,0.008497,21.900000,0.000000,0.140430,0.000345,-0.000247,0.000707,-0.001980,0.056531,
0.040000,25.029539,25.029539,5.000000,22.669756,22.669756,0.000000,18.500000,5.000000,0.709600,-0.001560,-0.003348,4.253933,-0.011509,1.518130,-0.000071,0.010270,22.100000,0.000000,0.137455,0.000785,-0.000367,-0.001350,0.000016,0.048456,
0.040000,24.905437,24.905437,3.000000,22.547493,22.547493,0.000000,18.600000,3.000000,0.700400,-0.001356,-0.003452,4.249967,-0.013541,1.527043,0.000077,0.009814,22.200000,0.000000,0.134983,-0.000005,-0.000311,0.002044,-0.001081,0.039981,
0.040000,24.784251,24.784251,2.000000,22.481720,22.481720,0.000000,18.700000,2.000000,0.688400,-0.001375,-0.003438,4.250392,-0.014912,1.530925,0.000150,0.009150,22.300000,0.000000,0.123495,0.001509,-0.000221,-0.000325,0.000770,0.044331,
0.040000,24.665581,24.665581,4.000000,22.410858,22.410858,0.000000,18.800000,4.000000,0.691200,-0.001407,-0.003318,4.254130,-0.013149,1.533943,0.000222,0.008271,22.400000,0.000000,0.120803,0.001384,-0.000203,-0.000040,0.000165,0.041282,
0.040000,24.548933,24.548933,4.000000,22.332623,22.332623,0.000000,18.900000,4.000000,0.711600,-0.001408,-0.003454,4.249423,-0.015758,1.542439,-0.000288,0.008993,22.500000,0.000000,0.118803,0.000636,-0.000188,0.000737,-0.000192,0.034527,
0.040000,24.435268,24.435268,4.000000,22.275633,22.275633,0.000000,19.000000,4.000000,0.792800,-0.001408,-0.003454,4.249423,-0.015758,1.542439,-0.000288,0.012412,22.600000,0.000000,0.115965,0.000674,-0.000253,-0.002338,0.001554,0.039632,
0.040000,24.323345,24.323345,2.000000,22.196795,22.196795,0.000000,19.100000,2.000000,0.779600,-0.001305,-0.003607,4.246328,-0.015575,1.546333,-0.000377,0.023913,22.700000,0.000000,0.113642,0.001518,-0.000275,0.000960,-0.001232,0.041192,
0.040000,24.214792,24.214792,3.000000,22.152292,22.152292,0.000000,19.200000,3.000000,0.773200,-0.001247,-0.003576,4.249524,-0.017713,1.549967,-0.000205,0.008841,22.800000,0.000000,0.111425,0.002097,-0.000285,-0.000544,0.000079,0.039805,
0.040000,24.106432,24.106432,2.000000,22.047598,22.047598,0.000000,19.300000,2.000000,0.768800,-0.001161,-0.003763,4.249102,-0.017038,1.553812,-0.000077,0.008850,22.900000,0.000000,0.108827,0.001417,-0.000247,0.000012,0.000312,0.037665,
0.040000,24.002094,24.002094,6.000000,22.019663,22.019663,0.000000,19.400000,6.000000,0.777200,-0.001484,-0.003520,4.249015,-0.016200,1.557099,-0.000028,0.009971,23.000000,0.000000,0.106816,0.001475,-0.000217,-0.001126,0.000560,0.038149,
0.040000,23.897961,23.897961,4.000000,21.919445,21.919445,0.000000,19.500000,4.000000,0.770800,-0.001179,-0.003656,4.247171,-0.016988,1.561651,-0.000209,0.010222,23.100000,0.000000,0.104877,0.001466,-0.000203,0.001099,-0.001857,0.034880,
0.040000,23.797557,23.797557,2.000000,21.889883,21.889883,0.000000,19.600000,2.000000,0.779600,-0.001197,-0.003757,4.247649,-0.017880,1.565410,-0.000158,0.008644,23.200000,0.000000,0.102652,0.001798,-0.000233,-0.000380,0.001078,0.041461,
0.040000,23.698921,23.698921,3.000000,21.824823,21.824823,0.000000,19.700000,3.000000,0.764800,-0.001261,-0.003417,4.249008,-0.017641,1.568440,-0.000076,0.010740,23.300000,0.000000,0.100455,0.001667,-0.000219,-0.000742,0.000215,0.039067,
0.040000,23.602009,23.602009,3.000000,21.760683,21.760683,0.000000,19.800000,3.000000,0.774000,-0.001015,-0.003698,4.248702,-0.021014,1.571999,-0.000144,0.008196,23.400000,0.000000,0.098524,0.001366,-0.000200,0.001838,-0.000385,0.033648,
0.040000,23.506210,23.506210,2.000000,21.686024,21.686024,0.000000,20.000000,2.000000,0.756400,-0.001087,-0.003605,4.248283,-0.019916,1.575722,0.000356,0.010097,23.600000,0.000000,0.095918,0.001398,-0.000208,-0.001007,0.001299,0.034855,
0.040000,23.413674,23.413674,3.000000,21.655495,21.655495,0.000000,20.100000,3.000000,0.769600,-0.001115,-0.003468,4.248699,-0.020127,1.582884,-0.000016,0.010713,23.700000,0.000000,0.094244,0.001453,-0.000105,0.000212,-0.000037,0.036319,
0.040000,23.326212,23.326212,2.000000,21.664429,21.664429,0.000000,20.200000,2.000000,0.745600,-0.001185,-0.003465,4.248969,-0.018852,1.586357,-0.000045,0.008668,23.800000,0.000000,0.086757,0.001176,-0.000244,0.000700,-0.000252,0.035836,
0.040000,23.244160,23.244160,3.000000,21.685186,21.685186,0.000000,20.300000,3.000000,0.754400,-0.001449,-0.003353,4.245663,-0.019716,1.587896,-0.000164,0.009070,23.900000,0.000000,0.085303,0.001097,-0.000245,0.000350,-0.000569,0.035224,
0.040000,23.166122,23.166122,4.000000,21.683386,21.683386,0.000000,20.400000,4.000000,0.752400,-0.001171,-0.003588,4.246549,-0.020369,1.587011,-0.000010,0.009067,24.000000,0.000000,0.083467,0.001727,-0.000261,0.000832,-0.001859,0.023153,
0.040000,23.089790,23.089790,3.000000,21.639500,21.639500,0.000000,20.600000,3.000000,0.743200,-0.001077,-0.003717,4.246422,-0.018237,1.587217,-0.000278,0.008685,24.200000,0.000000,0.081695,0.001521,-0.000226,-0.001139,0.001021,0.003424,
0.040000,23.018851,23.018851,3.000000,21.671005,21.671005,0.000000,20.700000,3.000000,0.731600,-0.001436,-0.003501,4.244964,-0.019411,1.586651,-0.000340,0.007750,24.300000,0.000000,0.080509,0.001510,-0.000275,-0.001229,0.000965,0.002584,
0.040000,22.949834,22.949834,3.000000,21.638498,21.638498,0.000000,20.800000,3.000000,0.735600,-0.001214,-0.003656,4.246181,-0.018177,1.585355,-0.000362,0.007493,24.400000,0.000000,0.073748,0.001970,-0.000275,0.000956,-0.001641,-0.002557,
0.040000,22.882789,22.882789,6.000000,21.608940,21.608940,0.000000,20.900000,6.000000,0.774400,-0.001037,-0.003551,4.242892,-0.001952,1.583319,-0.000220,0.008388,24.500000,0.000000,0.072540,0.001690,-0.000275,-0.000439,0.000518,-0.008308,
0.040000,22.820313,22.820313,7.000000,21.633280,21.633280,0.000000,21.000000,7.000000,0.776400,-0.000897,-0.003605,4.249647,0.031198,1.584978,0.000019,0.010874,24.600000,0.000000,0.074309,0.002255,-0.000243,0.000454,0.001322,-0.015635,
0.040000,22.765923,22.765923,8.000000,21.732513,21.732513,0.000000,21.100000,8.000000,0.722000,-0.000967,-0.003484,4.254593,0.083637,1.595925,-0.000254,0.010500,24.700000,0.000000,0.079337,0.000804,-0.000204,-0.000146,0.001336,0.004240,
0.040000,22.719881,22.719881,6.000000,21.845072,21.845072,0.000000,21.200000,6.000000,0.668000,-0.001858,-0.003091,4.243955,0.239849,1.627453,-0.000735,0.011641,24.800000,0.000000,0.088056,-0.000328,-0.000266,0.000754,-0.000164,0.069252,
0.040000,22.679313,22.679313,5.000000,21.908516,21.908516,0.000000,21.300000,5.000000,0.725200,-0.001858,-0.003091,4.243955,0.239849,1.627453,-0.000735,0.011705,24.900000,0.000000,0.100794,-0.000785,-0.000237,0.001685,-0.002036,0.131029,
0.040000,22.644872,22.644872,8.000000,21.990507,21.990507,0.000000,21.400000,8.000000,0.664000,-0.001802,-0.003372,4.237591,0.319752,1.638582,-0.000298,0.021477,25.000000,0.000000,0.115091,0.000737,-0.000382,0.001931,-0.004950,0.140300,
0.040000,22.611551,22.611551,7.000000,21.978439,21.978439,0.000000,21.500000,7.000000,0.589200,-0.001234,-0.003253,4.219056,0.480429,1.650779,0.000455,0.011156,25.100000,0.000000,0.128572,0.001082,-0.000316,-0.000875,-0.001769,0.122376,
0.040000,22.579510,22.579510,4.000000,21.970734,21.970734,0.000000,21.600000,4.000000,0.660400,-0.001234,-0.003253,4.219056,0.480429,1.650779,0.000455,0.012772,25.200000,0.000000,0.141818,0.001914,-0.000332,0.001333,-0.005787,0.093211,
0.040000,22.545806,22.545806,4.000000,21.905436,21.905436,0.000000,21.700000,4.000000,0.614000,-0.001164,-0.003192,4.211308,0.561948,1.651826,-0.000005,0.022752,25.300000,0.000000,0.155016,0.002398,-0.000221,-0.000263,0.006169,0.064526,
0.040000,22.509396,22.509396,4.000000,21.817602,21.817602,0.000000,21.800000,4.000000,0.560800,-0.001616,-0.003417,4.196155,0.724260,1.648914,0.000244,0.009808,25.400000,0.000000,0.168067,0.002589,-0.000326,0.000284,0.002772,0.031116,
0.040000,22.469222,22.469222,3.000000,21.705919,21.705919,0.000000,21.900000,3.000000,0.654800,-0.001616,-0.003417,4.196155,0.724260,1.648914,0.000244,0.010726,25.500000,0.000000,0.181240,0.002899,-0.000221,-0.001081,-0.005110,0.009483,
0.040000,22.424787,22.424787,3.000000,21.580528,21.580528,0.000000,22.000000,3.000000,0.632400,-0.001579,-0.003517,4.188543,0.803715,1.645102,-0.000380,0.021277,25.600000,0.000000,0.193259,0.002873,-0.000318,-0.000648,0.001485,-0.011979,
0.040000,22.375301,22.375301,3.000000,21.435053,21.435053,0.000000,22.100000,3.000000,0.596800,-0.001761,-0.003437,4.177301,0.967297,1.634262,0.000396,0.007326,25.700000,0.000000,0.205160,0.003091,-0.000459,-0.000905,0.000873,-0.028135,
0.040000,22.318693,22.318693,3.000000,21.243149,21.243149,0.000000,22.200000,3.000000,0.668800,-0.001761,-0.003437,4.177301,0.967297,1.634262,0.000396,0.009824,25.800000,0.000000,0.217369,0.002940,-0.000435,0.000154,-0.000725,-0.040906,
0.040000,22.260410,22.260410,3.000000,21.153027,21.153027,0.000000,22.300000,3.000000,0.599600,-0.001940,-0.003308,4.171045,1.046486,1.627949,0.000348,0.020204,25.900000,0.000000,0.229119,0.002866,-0.000343,-0.000060,-0.000112,-0.052459,
0.040000,22.197741,22.197741,3.000000,21.007038,21.007038,0.000000,22.400000,3.000000,0.584400,-0.002002,-0.002654,4.161462,1.206556,1.614287,-0.000750,0.019976,26.000000,0.000000,0.240248,0.003050,-0.000373,0.000702,-0.001016,-0.059060,
0.040000,22.126616,22.126616,2.000000,20.775230,20.775230,0.000000,22.500000,2.000000,0.674400,-0.002002,-0.002654,4.161462,1.206556,1.614287,-0.000750,0.009801,26.100000,0.000000,0.251562,0.002638,-0.000507,0.001302,-0.001277,-0.066865,
0.040000,22.053420,22.053420,2.000000,20.662695,20.662695,0.000000,22.600000,2.000000,0.631600,-0.002230,-0.002798,4.159206,1.288136,1.607729,-0.000422,0.018002,26.200000,0.000000,0.262143,0.003134,-0.000635,0.003335,0.000275,-0.065669,
0.040000,21.977750,21.977750,3.000000,20.540031,20.540031,0.000000,22.700000,3.000000,0.621600,-0.002416,-0.003007,4.156822,1.447099,1.595695,-0.000209,0.021104,26.300000,0.000000,0.273057,0.002817,-0.000591,0.000297,-0.001191,-0.065622,
0.040000,21.898862,21.898862,2.000000,20.399979,20.399979,0.000000,22.800000,2.000000,0.698400,-0.002416,-0.003007,4.156822,1.447099,1.595695,-0.000209,0.021658,26.400000,0.000000,0.283486,0.002518,-0.000540,-0.000442,-0.001092,-0.064111,
0.040000,21.816232,21.816232,2.000000,20.246260,20.246260,0.000000,22.900000,2.000000,0.637600,-0.002399,-0.002845,4.155608,1.526308,1.590595,0.000356,0.021455,26.500000,0.000000,0.293417,0.002123,-0.000600,-0.001081,-0.000717,-0.059819,
0.040000,21.731552,21.731552,3.000000,20.122633,20.122633,0.000000,23.000000,3.000000,0.608000,-0.002716,-0.002942,4.153240,1.685460,1.582355,0.001546,0.020736,26.600000,0.000000,0.303250,0.001931,-0.000515,0.000516,-0.000075,-0.054369,
0.040000,21.648379,21.648379,2.000000,20.068110,20.068110,0.000000,23.100000,2.000000,0.707600,-0.002716,-0.002942,4.153240,1.685460,1.582355,0.001546,0.022960,26.700000,0.000000,0.312974,0.001986,-0.000452,-0.000529,-0.000255,-0.047893,
0.040000,21.563408,21.563408,3.000000,19.948959,19.948959,0.000000,23.200000,3.000000,0.657600,-0.002934,-0.003024,4.153749,1.765596,1.579145,0.001332,0.019436,26.800000,0.000000,0.322487,0.001768,-0.000337,-0.000205,-0.001683,-0.042099,
0.040000,21.484465,21.484465,3.000000,19.984535,19.984535,0.000000,23.300000,3.000000,0.626800,-0.003129,-0.002730,4.152960,1.925076,1.574815,0.001165,0.008146,26.900000,0.000000,0.331930,0.001450,-0.000417,-0.000644,-0.001930,-0.035918,
0.040000,21.405195,21.405195,2.000000,19.899067,19.899067,0.000000,23.400000,2.000000,0.710400,-0.003129,-0.002730,4.152960,1.925076,1.574815,0.001165,0.021770,27.000000,0.000000,0.341027,0.001282,-0.000579,0.000763,0.000397,-0.029039,
0.040000,21.328091,21.328091,3.000000,19.863110,19.863110,0.000000,23.500000,3.000000,0.654000,-0.003225,-0.002798,4.153986,2.004839,1.573383,0.001603,0.021556,27.100000,0.000000,0.350117,0.001329,-0.000520,0.001026,-0.002111,-0.022541,
0.040000,21.253505,21.253505,3.000000,19.836378,19.836378,0.000000,23.600000,3.000000,0.640000,-0.003489,-0.003045,4.155415,2.164690,1.572090,0.001037,0.008772,27.200000,0.000000,0.358947,0.001037,-0.000473,-0.000055,-0.001374,-0.017458,
0.040000,21.176860,21.176860,2.000000,19.720606,19.720606,0.000000,23.700000,2.000000,0.722800,-0.003489,-0.003045,4.155415,2.164690,1.572090,0.001037,0.008423,27.300000,0.000000,0.367678,0.000862,-0.000517,0.000067,-0.001880,-0.012415,
0.040000,21.100523,21.100523,3.000000,19.650116,19.650116,0.000000,23.800000,3.000000,0.632400,-0.003427,-0.002951,4.154465,2.244071,1.572215,0.001300,0.021289,27.400000,0.000000,0.376155,0.000651,-0.000671,-0.001617,-0.000974,-0.006994,
0.040000,21.026871,21.026871,2.000000,19.627491,19.627491,0.000000,23.900000,2.000000,0.614000,-0.003391,-0.002741,4.155693,2.404417,1.573242,0.002705,0.008659,27.500000,0.000000,0.384400,0.000806,-0.000661,-0.000035,0.000013,-0.001894,
0.040000,20.952924,20.952924,2.000000,19.547922,19.547922,0.000000,24.000000,2.000000,0.666800,-0.003391,-0.002741,4.155693,2.404417,1.573242,0.002705,0.010718,27.600000,0.000000,0.392621,0.000633,-0.000715,-0.000371,-0.001398,0.000851,
0.040000,20.874559,20.874559,2.000000,19.385620,19.385620,0.000000,24.100000,2.000000,0.632000,-0.003549,-0.002667,4.154832,2.483605,1.574269,0.002750,0.020454,27.700000,0.000000,0.400718,0.000485,-0.000469,0.001535,0.001068,0.005098,
0.040000,20.798263,20.798263,4.000000,19.348648,19.348648,0.000000,24.300000,4.000000,0.556400,-0.003316,-0.003115,4.160764,2.701066,1.582241,0.002036,0.007562,27.900000,0.000000,0.408443,0.000608,-0.000503,0.001064,-0.000586,0.008287,
0.040000,20.717025,20.717025,5.000000,19.173506,19.173506,0.000000,24.400000,5.000000,0.623600,-0.003316,-0.003115,4.160764,2.701066,1.582241,0.002036,0.009645,28.000000,0.000000,0.416212,0.000720,-0.000539,0.001240,0.000423,0.010367,
0.040000,20.650021,20.650021,5.000000,19.376934,19.376934,0.000000,24.500000,5.000000,0.612000,-0.003514,-0.002918,4.167044,2.747319,1.597832,0.002635,0.022019,28.100000,0.000000,0.437456,-0.002276,-0.000991,-0.002571,0.000525,0.032825,
0.040000,20.598695,20.598695,4.000000,19.623507,19.623507,0.000000,24.600000,4.000000,0.606800,-0.003431,-0.002893,4.161202,2.772392,1.617751,0.002887,0.010186,28.200000,0.000000,0.437935,-0.003571,-0.000888,0.000234,-0.001116,0.100889,
0.040000,20.561645,20.561645,4.000000,19.857697,19.857697,0.000000,24.700000,4.000000,0.567200,-0.003518,-0.003066,4.161690,2.781266,1.637192,0.002042,0.009130,28.300000,0.000000,0.434281,-0.002485,-0.000836,0.000666,-0.000288,0.160682,
0.040000,20.537245,20.537245,3.000000,20.073650,20.073650,0.000000,24.800000,3.000000,0.601600,-0.003049,-0.003001,4.160068,2.785098,1.654547,0.001966,0.008190,28.400000,0.000000,0.427471,-0.002614,-0.000992,-0.000398,-0.001001,0.181474,
0.040000,20.524104,20.524104,4.000000,20.274412,20.274412,0.000000,24.900000,4.000000,0.609600,-0.003101,-0.003152,4.162181,2.783881,1.672355,0.002203,0.008176,28.500000,0.000000,0.419829,-0.002294,-0.000989,0.000605,0.002186,0.176587,
0.040000,20.523701,20.523701,4.000000,20.516056,20.516056,0.000000,25.000000,4.000000,0.559600,-0.003216,-0.003305,4.161995,2.783372,1.691387,0.001326,0.015927,28.600000,0.000000,0.411287,-0.002643,-0.000924,-0.000363,0.000178,0.177512,
0.040000,20.535730,20.535730,4.000000,20.764284,20.764284,0.000000,25.100000,4.000000,0.576800,-0.002878,-0.003169,4.161005,2.786713,1.711700,0.002488,0.007715,28.700000,0.000000,0.403089,-0.002544,-0.001078,-0.000716,-0.001026,0.185425,
0.040000,20.559628,20.559628,5.000000,21.013685,21.013685,0.000000,25.200000,5.000000,0.566400,-0.003519,-0.002924,4.161780,2.786397,1.757063,0.002355,0.008557,28.800000,0.000000,0.395825,-0.002380,-0.000829,0.000953,0.001291,0.196371,
0.040000,20.593817,20.593817,3.000000,21.243414,21.243414,0.000000,25.300000,3.000000,0.692800,-0.003519,-0.002924,4.161780,2.786397,1.757063,0.002355,0.009190,28.900000,0.000000,0.388179,-0.002054,-0.000758,0.000948,0.000778,0.210693,
0.040000,20.637454,20.637454,3.000000,21.466551,21.466551,0.000000,25.400000,3.000000,0.699600,-0.003033,-0.003120,4.162468,2.787031,1.782006,0.002688,0.022796,29.000000,0.000000,0.380282,-0.002430,-0.000824,0.002129,-0.004811,0.225138,
0.040000,20.691841,20.691841,3.000000,21.725201,21.725201,0.000000,25.500000,3.000000,0.670000,-0.003333,-0.003197,4.164744,2.787001,1.808130,0.002555,0.011180,29.100000,0.000000,0.372884,-0.002539,-0.000743,0.000106,0.000699,0.240159,
0.040000,20.758629,20.758629,3.000000,22.027592,22.027592,0.000000,25.600000,3.000000,0.676000,-0.003198,-0.003217,4.162401,2.790320,1.834597,0.002859,0.008319,29.200000,0.000000,0.365431,-0.002926,-0.000756,0.000080,-0.002096,0.253180,
0.040000,20.840596,20.840596,3.000000,22.397961,22.397961,0.000000,25.700000,3.000000,0.673200,-0.003002,-0.003369,4.163553,2.791344,1.861900,0.002305,0.007465,29.300000,0.000000,0.358970,-0.002573,-0.000682,0.000437,-0.000492,0.260281,
0.040000,20.936712,20.936712,4.000000,22.762932,22.762932,0.000000,25.800000,4.000000,0.650400,-0.002961,-0.003383,4.163964,2.792818,1.889755,0.002387,0.008183,29.400000,0.000000,0.352026,-0.002794,-0.000780,-0.000245,0.000467,0.268160,
0.040000,21.045403,21.045403,3.000000,23.110531,23.110531,0.000000,25.900000,3.000000,0.675600,-0.002633,-0.003897,4.164147,2.792238,1.946687,0.002409,0.009371,29.500000,0.000000,0.345337,-0.002900,-0.000749,0.000331,-0.000149,0.274580,
0.040000,21.165222,21.165222,3.000000,23.441786,23.441786,0.000000,26.000000,3.000000,0.752400,-0.002633,-0.003897,4.164147,2.792238,1.946687,0.002409,0.009874,29.600000,0.000000,0.338584,-0.003044,-0.000637,-0.000343,-0.002822,0.280381,
0.040000,21.296090,21.296090,3.000000,23.782566,23.782566,0.000000,26.100000,3.000000,0.764400,-0.002642,-0.003733,4.165208,2.793288,1.975332,0.002387,0.021382,29.700000,0.000000,0.331729,-0.002777,-0.000717,-0.001763,0.002452,0.283458,
0.040000,21.435589,21.435589,3.000000,24.086084,24.086084,0.000000,26.200000,3.000000,0.746000,-0.002693,-0.003932,4.165417,2.794368,2.003548,0.002102,0.008037,29.800000,0.000000,0.325298,-0.002992,-0.000709,0.000807,0.000202,0.285304,
0.040000,21.582528,21.582528,3.000000,24.374371,24.374371,0.000000,26.300000,3.000000,0.736400,-0.002418,-0.004066,4.164790,2.793569,2.032079,0.002558,0.008586,29.900000,0.000000,0.319057,-0.003055,-0.000752,-0.000457,-0.000903,0.283361,
0.040000,21.736089,21.736089,3.000000,24.653748,24.653748,0.000000,26.400000,3.000000,0.726800,-0.002065,-0.003977,4.166107,2.792582,2.060387,0.002223,0.010202,30.000000,0.000000,0.312668,-0.002817,-0.000646,-0.000552,0.000650,0.284569,
0.040000,21.895001,21.895001,3.000000,24.914314,24.914314,0.000000,26.500000,3.000000,0.729600,-0.001950,-0.003705,4.166268,2.791384,2.088113,0.002384,0.011753,30.100000,0.000000,0.306205,-0.002907,-0.000700,0.000733,0.001724,0.283656,
0.040000,22.054535,22.054535,3.000000,25.085680,25.085680,0.000000,26.600000,3.000000,0.730400,-0.001804,-0.003824,4.166922,2.792767,2.143529,0.002820,0.008510,30.200000,0.000000,0.299935,-0.002766,-0.000653,0.002304,0.000713,0.279706,
0.040000,22.217643,22.217643,2.000000,25.316694,25.316694,0.000000,26.700000,2.000000,0.782400,-0.001804,-0.003824,4.166922,2.792767,2.143529,0.002820,0.011425,30.300000,0.000000,0.294162,-0.003061,-0.000650,-0.000860,-0.001178,0.278677,
0.040000,22.382442,22.382442,3.000000,25.513636,25.513636,0.000000,26.800000,3.000000,0.783600,-0.001778,-0.003896,4.166263,2.792682,2.171236,0.002447,0.023256,30.400000,0.000000,0.288380,-0.002900,-0.000543,0.001351,0.000564,0.277095,
0.040000,22.546549,22.546549,3.000000,25.664570,25.664570,0.000000,26.900000,3.000000,0.765200,-0.001554,-0.003909,4.168102,2.792288,2.198795,0.002649,0.008566,30.500000,0.000000,0.282741,-0.002724,-0.000605,0.000377,-0.000286,0.277079,
0.040000,22.711127,22.711127,3.000000,25.838114,25.838114,0.000000,27.000000,3.000000,0.769600,-0.001490,-0.004066,4.167225,2.790132,2.226684,0.002430,0.009749,30.600000,0.000000,0.276886,-0.002926,-0.000554,0.000351,0.000613,0.276163,
0.040000,22.872907,22.872907,3.000000,25.946737,25.946737,0.000000,27.100000,3.000000,0.752400,-0.001190,-0.004059,4.168267,2.789670,2.253731,0.002449,0.009207,30.700000,0.000000,0.271174,-0.002477,-0.000584,-0.000577,-0.000062,0.277848,
0.040000,23.032405,23.032405,2.000000,26.062866,26.062866,0.000000,27.200000,2.000000,0.735600,-0.001167,-0.003895,4.169754,2.789997,2.281081,0.002549,0.009243,30.800000,0.000000,0.265618,-0.002536,-0.000569,0.000050,0.001153,0.273293,
0.040000,23.187818,23.187818,3.000000,26.140659,26.140659,0.000000,27.300000,3.000000,0.750800,-0.001093,-0.003917,4.172170,2.788063,2.335647,0.002405,0.009733,30.900000,0.000000,0.260235,-0.002755,-0.000539,0.001232,-0.000089,0.273422,
0.040000,23.336582,23.336582,2.000000,26.163088,26.163088,0.000000,27.400000,2.000000,0.798000,-0.001093,-0.003917,4.172170,2.788063,2.335647,0.002405,0.012587,31.000000,0.000000,0.254832,-0.003144,-0.000517,0.000554,-0.000185,0.272893,
0.040000,23.478961,23.478961,3.000000,26.184170,26.184170,0.000000,27.500000,3.000000,0.784800,-0.000967,-0.003964,4.174652,2.787046,2.362824,0.002182,0.020920,31.100000,0.000000,0.249465,-0.002741,-0.000546,0.000366,-0.000782,0.273018,
0.040000,23.619127,23.619127,2.000000,26.282284,26.282284,0.000000,27.600000,2.000000,0.784000,-0.000897,-0.003931,4.177500,2.786046,2.389919,0.002301,0.010078,31.200000,0.000000,0.244050,-0.002902,-0.000580,0.000023,-0.000179,0.272244,
0.040000,23.752716,23.752716,2.000000,26.290907,26.290907,0.000000,27.700000,2.000000,0.772400,-0.000796,-0.003909,4.175691,2.785551,2.416976,0.002576,0.011964,31.300000,0.000000,0.238687,-0.003099,-0.000545,0.000364,-0.000299,0.271448,
0.040000,23.879075,23.879075,2.000000,26.279903,26.279903,0.000000,27.800000,2.000000,0.768000,-0.000710,-0.003862,4.178476,2.783594,2.443940,0.002524,0.008275,31.400000,0.000000,0.234164,-0.002722,-0.000479,0.000419,-0.000146,0.270907,
0.040000,23.995822,23.995822,2.000000,26.214016,26.214016,0.000000,28.000000,2.000000,0.760800,-0.000246,-0.003764,4.179707,2.782855,2.524555,0.002304,0.008370,31.600000,0.000000,0.228866,-0.002744,-0.000480,0.000575,-0.000173,0.270121,
0.040000,24.103067,24.103067,2.000000,26.140711,26.140711,0.000000,28.100000,2.000000,0.796400,-0.000246,-0.003764,4.179707,2.782855,2.524555,0.002304,0.008338,31.700000,0.000000,0.224543,-0.002812,-0.000512,0.000772,0.000523,0.268964,
0.040000,24.199275,24.199275,2.000000,26.027235,26.027235,0.000000,28.200000,2.000000,0.808000,-0.000181,-0.003792,4.178061,2.782190,2.551463,0.002284,0.020378,31.800000,0.000000,0.205908,-0.002410,-0.000475,0.000254,0.000325,0.268958,
0.040000,24.287743,24.287743,2.000000,25.968630,25.968630,0.000000,28.300000,2.000000,0.800400,-0.000119,-0.003578,4.179408,2.781803,2.578060,0.002464,0.008206,31.900000,0.000000,0.202042,-0.002068,-0.000469,-0.000007,-0.000058,0.269025,
0.040000,24.364417,24.364417,2.000000,25.821228,25.821228,0.000000,28.400000,2.000000,0.785600,-0.000050,-0.003595,4.178172,2.781973,2.605057,0.002265,0.008646,32.000000,0.000000,0.197800,-0.002112,-0.000424,0.001324,-0.000238,0.267169,
0.040000,24.432424,24.432424,2.000000,25.724562,25.724562,0.000000,28.500000,2.000000,0.774000,0.000003,-0.003619,4.179242,2.781458,2.631936,0.002340,0.008737,32.100000,0.000000,0.194127,-0.001968,-0.000455,0.000416,-0.000263,0.268896,
0.040000,24.487941,24.487941,2.000000,25.542753,25.542753,0.000000,28.600000,2.000000,0.770800,0.000081,-0.003448,4.180147,2.779904,2.658728,0.002595,0.008985,32.200000,0.000000,0.190069,-0.001950,-0.000431,0.000017,-0.000373,0.268832,
0.040000,24.533606,24.533606,2.000000,25.401251,25.401251,0.000000,28.699999,2.000000,0.745200,0.000311,-0.003317,4.183318,2.779725,2.712259,0.002303,0.008246,32.300000,0.000000,0.186018,-0.001732,-0.000372,0.001054,-0.000244,0.268271,
0.040000,24.566095,24.566095,2.000000,25.183380,25.183380,0.000000,28.800000,2.000000,0.814800,0.000311,-0.003317,4.183318,2.779725,2.712259,0.002303,0.010245,32.400000,0.000000,0.182119,-0.001882,-0.000451,-0.000561,0.000066,0.267933,
0.040000,24.587684,24.587684,2.000000,24.997883,24.997883,0.000000,28.900000,2.000000,0.815200,0.000340,-0.003329,4.183646,2.779326,2.739016,0.002498,0.021127,32.500000,0.000000,0.178190,-0.001910,-0.000414,0.001494,0.000131,0.267721,
0.040000,24.597046,24.597046,2.000000,24.774914,24.774914,0.000000,29.000000,2.000000,0.786000,0.000494,-0.003322,4.184662,2.779913,2.765792,0.002172,0.017297,32.600000,0.000000,0.174585,-0.001828,-0.000367,0.000444,-0.000319,0.267628,
0.040000,24.592510,24.592510,2.000000,24.506329,24.506329,0.000000,29.100000,2.000000,0.790800,0.000532,-0.003261,4.184717,2.779136,2.792710,0.002461,0.009921,32.700000,0.000000,0.171003,-0.001977,-0.000425,0.000143,0.000278,0.267711,
0.040000,24.575692,24.575692,2.000000,24.256157,24.256157,0.000000,29.199999,2.000000,0.788800,0.000630,-0.003179,4.184291,2.778789,2.819558,0.002387,0.010434,32.800000,0.000000,0.167564,-0.001799,-0.000359,0.000344,-0.000207,0.268615,
0.040000,24.546276,24.546276,2.000000,23.987358,23.987358,0.000000,29.300000,2.000000,0.787600,0.000663,-0.003128,4.186004,2.778821,2.846512,0.002528,0.008903,32.900000,0.000000,0.164314,-0.001671,-0.000366,0.000545,-0.000010,0.268538,
0.040000,24.504645,24.504645,2.000000,23.713654,23.713654,0.000000,29.400000,2.000000,0.781600,0.000876,-0.003181,4.184142,2.777430,2.896644,0.002311,0.007457,33.000000,0.000000,0.160753,-0.001751,-0.000332,0.000411,-0.000322,0.269155,
0.040000,24.450417,24.450417,3.000000,23.420101,23.420101,0.000000,29.500000,3.000000,0.814400,0.000876,-0.003181,4.184142,2.777430,2.896644,0.002311,0.011436,33.100000,0.000000,0.157662,-0.001402,-0.000386,0.000193,0.000252,0.262952,
0.040000,24.386406,24.386406,2.000000,23.170191,23.170191,0.000000,29.600000,2.000000,0.818800,0.000939,-0.003110,4.183155,2.777091,2.918377,0.002278,0.020091,33.200000,0.000000,0.154743,-0.001324,-0.000359,-0.000532,0.000069,0.250133,
0.040000,24.313603,24.313603,3.000000,22.930349,22.930349,0.000000,29.699999,3.000000,0.817600,0.001199,-0.002970,4.181403,2.777919,2.938181,0.002249,0.008062,33.300000,0.000000,0.151862,-0.001186,-0.000358,0.000115,-0.000006,0.229856,
0.040000,24.232635,24.232635,2.000000,22.694231,22.694231,0.000000,29.800000,2.000000,0.816400,0.001137,-0.003180,4.179197,2.777173,2.955958,0.002223,0.009171,33.400000,0.000000,0.149237,-0.001245,-0.000357,0.000779,0.001228,0.210199,
0.040000,24.145385,24.145385,3.000000,22.487638,22.487638,0.000000,29.900000,3.000000,0.808400,0.001522,-0.003008,4.178833,2.777897,2.971818,0.001667,0.008028,33.500000,0.000000,0.146688,-0.000988,-0.000353,-0.001133,-0.000251,0.190154,
0.040000,24.052993,24.052993,3.000000,22.297550,22.297550,0.000000,30.000000,3.000000,0.801600,0.001382,-0.002863,4.178044,2.776396,2.986032,0.001951,0.012717,33.600000,0.000000,0.143888,-0.001096,-0.000457,0.000501,0.001984,0.170664,
0.040000,23.956227,23.956227,3.000000,22.117672,22.117672,0.000000,30.100000,3.000000,0.797600,0.001659,-0.003122,4.179747,2.777962,2.999087,0.001770,0.011173,33.700000,0.000000,0.141150,-0.000756,-0.000391,0.000960,-0.000371,0.153032,
0.040000,23.856180,23.856180,2.000000,21.955290,21.955290,0.000000,30.199999,2.000000,0.796400,0.001600,-0.003004,4.178427,2.775673,3.011093,0.001471,0.009793,33.800000,0.000000,0.138079,-0.001098,-0.000420,-0.001355,0.001331,0.139141,
0.040000,23.753811,23.753811,3.000000,21.808804,21.808804,0.000000,30.300000,3.000000,0.784800,0.001719,-0.002839,4.179089,2.777139,3.021733,0.002067,0.008325,33.900000,0.000000,0.135545,-0.000592,-0.000469,0.000091,-0.000081,0.127347,
0.040000,23.649412,23.649412,3.000000,21.665831,21.665831,0.000000,30.400000,3.000000,0.780000,0.001758,-0.002876,4.178853,2.776807,3.031545,0.001469,0.008490,34.000000,0.000000,0.132776,-0.000885,-0.000343,0.000946,0.000513,0.114400,
0.040000,23.543491,23.543491,3.000000,21.530983,21.530983,0.000000,30.500000,3.000000,0.773600,0.001545,-0.002822,4.179674,2.777480,3.039967,0.001774,0.009354,34.100000,0.000000,0.130191,-0.000796,-0.000454,0.000029,0.000263,0.104342,
0.040000,23.436511,23.436511,2.000000,21.403894,21.403894,0.000000,30.600000,2.000000,0.764000,0.001896,-0.002682,4.176200,2.776374,3.047821,0.001791,0.008912,34.200000,0.000000,0.127472,-0.000931,-0.000385,0.000257,-0.001367,0.091898,
0.040000,23.329530,23.329530,2.000000,21.296883,21.296883,0.000000,30.699999,2.000000,0.770400,0.001608,-0.002667,4.178601,2.776179,3.055354,0.001785,0.008407,34.300000,0.000000,0.125614,-0.000625,-0.000373,0.000879,0.001515,0.083651,
0.040000,23.222863,23.222863,3.000000,21.196196,21.196196,0.000000,30.800000,3.000000,0.762400,0.001750,-0.002741,4.178486,2.777267,3.061897,0.001993,0.010443,34.400000,0.000000,0.122656,-0.000619,-0.000367,0.000350,-0.001328,0.078505,
0.040000,23.117467,23.117467,2.000000,21.114948,21.114948,0.000000,30.900000,2.000000,0.754400,0.001644,-0.002603,4.179991,2.776849,3.073550,0.001851,0.008541,34.500000,0.000000,0.120274,-0.000819,-0.000320,-0.000392,0.000260,0.070423,
0.040000,23.012621,23.012621,2.000000,21.020546,21.020546,0.000000,31.000000,2.000000,0.816800,0.001644,-0.002603,4.179991,2.776849,3.073550,0.001851,0.010270,34.600000,0.000000,0.118073,-0.000570,-0.000351,0.000527,0.001603,0.064715,
0.040000,22.909276,22.909276,2.000000,20.945728,20.945728,0.000000,31.100000,2.000000,0.785600,0.001615,-0.002666,4.180465,2.777046,3.078314,0.001923,0.019777,34.700000,0.000000,0.115259,-0.000730,-0.000335,0.000245,-0.001733,0.058922,
0.040000,22.807765,22.807765,2.000000,20.879049,20.879049,0.000000,31.200000,2.000000,0.808000,0.001911,-0.002577,4.177941,2.778169,3.082826,0.001827,0.009045,34.800000,0.000000,0.112890,-0.000761,-0.000314,-0.000348,-0.000921,0.051950,
0.040000,22.707808,22.707808,2.000000,20.808613,20.808613,0.000000,31.300000,2.000000,0.807200,0.001659,-0.002559,4.177619,2.778679,3.087177,0.002011,0.010206,34.900000,0.000000,0.111170,-0.000936,-0.000327,0.000369,0.001406,0.047730,
0.040000,22.609632,22.609632,3.000000,20.744287,20.744287,0.000000,31.400000,3.000000,0.800800,0.001707,-0.002666,4.181156,2.776954,3.090791,0.001812,0.007552,35.000000,0.000000,0.109042,-0.001014,-0.000284,0.000207,-0.001091,0.045122,
0.040000,22.513237,22.513237,2.000000,20.681732,20.681732,0.000000,31.500000,2.000000,0.796000,0.002005,-0.002664,4.181802,2.776980,3.095290,0.002052,0.009149,35.100000,0.000000,0.106169,-0.000692,-0.000318,-0.000623,-0.000175,0.039570,
0.040000,22.418613,22.418613,3.000000,20.620768,20.620768,0.000000,31.600000,3.000000,0.793600,0.001951,-0.002625,4.181935,2.778208,3.098574,0.002105,0.009253,35.200000,0.000000,0.103943,-0.000690,-0.000265,-0.000275,0.001701,0.042927,
0.040000,22.325795,22.325795,2.000000,20.562246,20.562246,0.000000,31.700000,2.000000,0.796400,0.001790,-0.002556,4.179474,2.776303,3.102529,0.001753,0.010168,35.300000,0.000000,0.101873,-0.000920,-0.000249,0.000095,0.000259,0.036687,
0.040000,22.234371,22.234371,2.000000,20.497326,20.497326,0.000000,31.800000,2.000000,0.799600,0.001702,-0.002476,4.183330,2.775706,3.106315,0.001899,0.008896,35.400000,0.000000,0.100328,-0.000504,-0.000312,0.000414,-0.000960,0.038456,
0.040000,22.144424,22.144424,2.000000,20.435425,20.435425,0.000000,31.900000,2.000000,0.790800,0.001943,-0.002487,4.182007,2.777303,3.110073,0.001474,0.008943,35.500000,0.000000,0.097578,-0.000406,-0.000278,0.000616,-0.000970,0.038083,
0.040000,22.055845,22.055845,2.000000,20.372835,20.372835,0.000000,32.000000,2.000000,0.806400,0.001897,-0.002561,4.180723,2.778501,3.113806,0.001674,0.010085,35.600000,0.000000,0.095921,-0.000704,-0.000357,0.000125,0.001062,0.037778,
0.040000,21.968770,21.968770,2.000000,20.314348,20.314348,0.000000,32.100000,2.000000,0.795200,0.002132,-0.002640,4.182003,2.778777,3.117617,0.001614,0.007712,35.700000,0.000000,0.094285,-0.000919,-0.000311,-0.000458,0.000067,0.037498,
0.040000,21.882958,21.882958,3.000000,20.252533,20.252533,0.000000,32.200000,3.000000,0.806000,0.001648,-0.002525,4.180647,2.778388,3.121122,0.002085,0.008458,35.800000,0.000000,0.092169,-0.000963,-0.000317,-0.000710,0.001412,0.037881,
0.040000,21.798272,21.798272,2.000000,20.189249,20.189249,0.000000,32.300000,2.000000,0.799200,0.001778,-0.002442,4.182309,2.776518,3.125298,0.002058,0.009041,35.900000,0.000000,0.090612,-0.000860,-0.000217,0.000399,-0.002507,0.036127,
0.040000,21.714673,21.714673,3.000000,20.126291,20.126291,0.000000,32.400000,3.000000,0.804400,0.001990,-0.002584,4.180771,2.778625,3.128630,0.001456,0.008148,36.000000,0.000000,0.088483,-0.000480,-0.000217,0.000620,-0.000215,0.039610,
0.040000,21.632235,21.632235,2.000000,20.065908,20.065908,0.000000,32.500000,2.000000,0.806000,0.001930,-0.002425,4.183095,2.777859,3.132685,0.001785,0.010733,36.100000,0.000000,0.087044,-0.000882,-0.000333,-0.000679,0.001174,0.035724,
0.040000,21.550980,21.550980,2.000000,20.007137,20.007137,0.000000,32.600000,2.000000,0.800800,0.001860,-0.002583,4.183561,2.773955,3.136195,0.001736,0.008418,36.200000,0.000000,0.084861,-0.000719,-0.000262,0.000677,0.000017,0.038709,
0.040000,21.470690,21.470690,3.000000,19.945173,19.945173,0.000000,32.700000,3.000000,0.807600,0.002113,-0.002508,4.185329,2.778566,3.140013,0.001971,0.008921,36.300000,0.000000,0.083083,0.000066,-0.000264,-0.000759,-0.000479,0.036477,
0.040000,21.391296,21.391296,3.000000,19.882803,19.882803,0.000000,32.800000,3.000000,0.799200,0.002090,-0.002469,4.183246,2.776795,-3.139577,0.001783,0.008498,36.400000,0.000000,0.081094,-0.000849,-0.000216,0.000125,0.001319,0.037534,
0.040000,21.312832,21.312832,2.000000,19.822031,19.822031,0.000000,32.900000,2.000000,0.786000,0.002209,-0.002419,4.185526,2.775316,-3.135794,0.002065,0.009192,36.500000,0.000000,0.079902,-0.000481,-0.000247,0.000242,0.000306,0.036552,
0.040000,21.235185,21.235185,2.000000,19.759893,19.759893,0.000000,33.000000,2.000000,0.788800,0.002086,-0.002437,4.185295,2.777995,-3.132359,0.001974,0.010279,36.600000,0.000000,0.077870,-0.000178,-0.000186,0.000352,0.000796,0.037346,
0.040000,21.158623,21.158623,5.000000,19.703947,19.703947,0.000000,33.100000,5.000000,0.786400,0.002113,-0.002435,4.183985,2.779187,-3.129387,0.001823,0.015608,36.700000,0.000000,0.076372,-0.000705,-0.000202,-0.000021,-0.000506,0.035494,
0.040000,21.085530,21.085530,3.000000,19.696745,19.696745,0.000000,33.200000,3.000000,0.771200,0.002048,-0.002304,4.179842,2.780224,-3.129066,0.001542,0.012958,36.800000,0.000000,0.075118,-0.000929,-0.000228,-0.000034,-0.000076,0.031926,
0.040000,21.016552,21.016552,3.000000,19.705986,19.705986,0.000000,33.300000,3.000000,0.756800,0.002040,-0.002345,4.180284,2.778484,-3.129420,0.001544,0.009076,36.900000,0.000000,0.074449,-0.001126,-0.000278,0.000790,-0.000431,0.014174,
0.040000,20.953145,20.953145,3.000000,19.748413,19.748413,0.000000,33.400000,3.000000,0.783200,0.001870,-0.002543,4.175592,2.777860,-3.130775,0.001884,0.009067,37.000000,0.000000,0.072893,-0.000758,-0.000271,0.000055,-0.000210,0.003224,
0.040000,20.894490,20.894490,4.000000,19.780039,19.780039,0.000000,33.500000,4.000000,0.810000,0.002198,-0.002687,4.154066,2.777457,-3.132019,0.001159,0.008741,37.100000,0.000000,0.072380,-0.000631,-0.000196,-0.001189,-0.001109,-0.007141,
0.040000,20.837841,20.837841,5.000000,19.761518,19.761518,0.000000,33.600000,5.000000,0.754800,0.002182,-0.002613,4.112549,2.777403,-3.125244,0.001554,0.009225,37.200000,0.000000,0.075209,-0.000585,-0.000328,-0.001325,0.001620,-0.010411,
0.040000,20.797885,20.797885,4.000000,20.038704,20.038704,0.000000,33.700000,4.000000,0.713200,0.002292,-0.002376,3.967869,2.774581,-3.093374,0.001753,0.010906,37.300000,0.000000,0.081935,-0.000642,-0.000225,-0.000144,0.000411,0.037894,
0.040000,20.775284,20.775284,3.000000,20.345877,20.345877,0.000000,33.800000,3.000000,0.737600,0.002292,-0.002376,3.967869,2.774581,-3.093374,0.001753,0.011261,37.400000,0.000000,0.092599,-0.000175,-0.000194,-0.000568,-0.002675,0.111739,
0.040000,20.765992,20.765992,5.000000,20.589443,20.589443,0.000000,33.900000,5.000000,0.675600,0.002481,-0.002102,3.886522,2.769802,-3.080920,0.000953,0.022531,37.500000,0.000000,0.107110,-0.000793,-0.000123,0.001370,0.001984,0.142386,
0.040000,20.766973,20.766973,4.000000,20.785606,20.785606,0.000000,34.000000,4.000000,0.621600,0.002451,-0.001986,3.722870,2.760712,-3.066256,0.000318,0.010979,37.600000,0.000000,0.121115,-0.000608,-0.000241,0.002031,0.001752,0.131354,
0.040000,20.774986,20.774986,4.000000,20.927244,20.927244,0.000000,34.100000,4.000000,0.708800,0.002451,-0.001986,3.722870,2.760712,-3.066256,0.000318,0.008457,37.700000,0.000000,0.135117,-0.000622,-0.000345,0.001471,0.000056,0.106577,
0.040000,20.787130,20.787130,4.000000,21.017862,21.017862,0.000000,34.200000,4.000000,0.664000,0.002398,-0.002054,3.640776,2.753612,-3.063838,0.000334,0.019127,37.800000,0.000000,0.148479,-0.000898,-0.000277,0.000363,0.000263,0.074934,
0.040000,20.801258,20.801258,4.000000,21.069687,21.069687,0.000000,34.300000,4.000000,0.637600,0.001867,-0.002037,3.478279,2.741348,-3.065647,-0.000404,0.010111,37.900000,0.000000,0.161848,-0.000702,-0.000228,-0.000322,-0.000258,0.043563,
0.040000,20.815753,20.815753,3.000000,21.091162,21.091162,0.000000,34.400000,3.000000,0.725600,0.001867,-0.002037,3.478279,2.741348,-3.065647,-0.000404,0.010082,38.000000,0.000000,0.174798,-0.000616,-0.000177,0.002823,-0.001418,0.017274,
0.040000,20.829989,20.829989,3.000000,21.100471,21.100471,0.000000,34.500000,3.000000,0.665600,0.001992,-0.001902,3.398014,2.735203,-3.068841,-0.000649,0.020890,38.100000,0.000000,0.187437,-0.000756,-0.000292,-0.001737,-0.002482,-0.005219,
0.040000,20.842552,20.842552,3.000000,21.081247,21.081247,0.000000,34.600000,3.000000,0.673200,0.001985,-0.001664,3.236643,2.724852,-3.078864,-0.001014,0.009973,38.200000,0.000000,0.199660,-0.000733,-0.000305,0.000206,-0.000137,-0.021731,
0.040000,20.853106,20.853106,3.000000,21.053623,21.053623,0.000000,34.700000,3.000000,0.706800,0.001985,-0.001664,3.236643,2.724852,-3.078864,-0.001014,0.010552,38.300000,0.000000,0.211869,-0.000762,-0.000335,0.001130,0.000762,-0.036389,
0.040000,20.860657,20.860657,2.000000,21.004133,21.004133,0.000000,34.800000,2.000000,0.686400,0.001987,-0.001653,3.153783,2.718848,-3.085123,-0.001406,0.021801,38.400000,0.000000,0.223520,-0.000910,-0.000299,0.000979,-0.000457,-0.047757,
0.040000,20.865609,20.865609,3.000000,20.959703,20.959703,0.000000,34.900000,3.000000,0.653600,0.001879,-0.001390,2.994362,2.710915,-3.098641,-0.002810,0.010887,38.500000,0.000000,0.235539,-0.000734,-0.000338,0.000520,-0.000098,-0.056924,
0.040000,20.867604,20.867604,2.000000,20.905512,20.905512,0.000000,35.000000,2.000000,0.723200,0.001879,-0.001390,2.994362,2.710915,-3.098641,-0.002810,0.009859,38.600000,0.000000,0.246511,-0.000920,-0.000306,-0.001594,-0.000941,-0.062850,
0.040000,20.866886,20.866886,2.000000,20.853235,20.853235,0.000000,35.100000,2.000000,0.672400,0.001841,-0.001586,2.914907,2.708205,-3.105168,-0.002802,0.021091,38.700000,0.000000,0.257591,-0.000808,-0.000543,0.002970,0.000022,-0.066445,
0.040000,20.863767,20.863767,3.000000,20.804502,20.804502,0.000000,35.200000,3.000000,0.656400,0.001721,-0.001548,2.755913,2.704185,-3.117631,-0.003196,0.009141,38.800000,0.000000,0.268228,-0.000931,-0.000501,-0.000003,-0.000165,-0.065722,
0.040000,20.858591,20.858591,2.000000,20.760250,20.760250,0.000000,35.300000,2.000000,0.728400,0.001721,-0.001548,2.755913,2.704185,-3.117631,-0.003196,0.008189,38.900000,0.000000,0.278900,-0.001152,-0.000577,-0.000083,-0.001283,-0.065531,
0.040000,20.851987,20.851987,2.000000,20.726511,20.726511,0.000000,35.400000,2.000000,0.696400,0.001509,-0.001633,2.675985,2.702334,-3.122990,-0.003246,0.020502,39.000000,0.000000,0.288878,-0.001140,-0.000504,0.000415,0.000105,-0.061626,
0.040000,20.844468,20.844468,3.000000,20.701611,20.701611,0.000000,35.500000,3.000000,0.653200,0.001075,-0.001792,2.516468,2.699956,-3.131611,-0.003465,0.018916,39.100000,0.000000,0.298986,-0.001130,-0.000476,-0.000313,-0.001214,-0.056663,
0.040000,20.841213,20.841213,2.000000,20.779364,20.779364,0.000000,35.600000,2.000000,0.760400,0.001075,-0.001792,2.516468,2.699956,-3.131611,-0.003465,0.009463,39.200000,0.000000,0.308979,-0.001159,-0.000569,-0.000754,-0.002005,-0.050149,
0.040000,20.843751,20.843751,2.000000,20.891979,20.891979,0.000000,35.700000,2.000000,0.710800,0.001025,-0.001739,2.437828,2.699331,-3.135003,-0.003521,0.020594,39.300000,0.000000,0.318531,-0.001129,-0.000455,-0.000571,-0.001813,-0.043936,
0.040000,20.851174,20.851174,3.000000,20.992210,20.992210,0.000000,35.800000,3.000000,0.708000,0.000153,-0.001480,2.277585,2.697900,-3.139976,-0.003464,0.007007,39.400000,0.000000,0.327793,-0.001138,-0.000441,0.000131,-0.000966,-0.037748,
0.040000,20.862759,20.862759,2.000000,21.082880,21.082880,0.000000,35.900000,2.000000,0.740800,0.000153,-0.001480,2.277585,2.697900,-3.139976,-0.003464,0.012391,39.500000,0.000000,0.337186,-0.001179,-0.000384,-0.000491,-0.003364,-0.031528,
0.040000,20.877752,20.877752,2.000000,21.162617,21.162617,0.000000,36.000000,2.000000,0.705200,0.000039,-0.001674,2.196931,2.698237,-3.141538,-0.002958,0.022955,39.600000,0.000000,0.346352,-0.000974,-0.000388,0.001977,-0.003626,-0.025673,
0.040000,20.895405,20.895405,2.000000,21.230814,21.230814,0.000000,36.100000,2.000000,0.688800,0.000129,-0.001588,2.038790,2.697946,3.140074,-0.003864,0.018863,39.700000,0.000000,0.355461,-0.001048,-0.000278,-0.000444,-0.002078,-0.019466,
0.040000,20.915265,20.915265,2.000000,21.292587,21.292587,0.000000,36.200000,2.000000,0.760400,0.000129,-0.001588,2.038790,2.697946,3.140074,-0.003864,0.019259,39.800000,0.000000,0.364030,-0.000924,-0.000544,0.001237,0.001660,-0.013996,
0.040000,20.936722,20.936722,2.000000,21.344414,21.344414,0.000000,36.300000,2.000000,0.686800,0.000259,-0.001610,1.959187,2.698486,3.139890,-0.004300,0.022296,39.900000,0.000000,0.372524,-0.000936,-0.000433,-0.000404,-0.001248,-0.008508,
0.040000,20.959398,20.959398,2.000000,21.390238,21.390238,0.000000,36.400000,2.000000,0.689200,-0.000151,-0.001646,1.798566,2.698261,3.140804,-0.004123,0.009068,40.000000,0.000000,0.380908,-0.001000,-0.000509,-0.000285,0.000332,-0.004380,
0.040000,20.982953,20.982953,2.000000,21.430508,21.430508,0.000000,36.500000,2.000000,0.730000,-0.000151,-0.001646,1.798566,2.698261,3.140804,-0.004123,0.023656,40.100000,0.000000,0.389199,-0.000894,-0.000592,-0.000090,-0.000002,0.000272,
0.040000,21.006958,21.006958,2.000000,21.463057,21.463057,0.000000,36.600000,2.000000,0.704800,-0.000035,-0.001635,1.718529,2.698659,-3.141516,-0.004772,0.019915,40.200000,0.000000,0.397461,-0.000869,-0.000444,-0.000280,-0.002419,0.003802,
0.040000,21.031331,21.031331,2.000000,21.494400,21.494400,0.000000,36.700000,2.000000,0.679600,0.000167,-0.001590,1.559717,2.698503,-3.139080,-0.005284,0.021953,40.300000,0.000000,0.405437,-0.000918,-0.000567,-0.000037,-0.000216,0.006798,
0.040000,21.055799,21.055799,2.000000,21.520695,21.520695,0.000000,36.800000,2.000000,0.744400,0.000167,-0.001590,1.559717,2.698503,-3.139080,-0.005284,0.010214,40.400000,0.000000,0.413219,-0.000750,-0.000694,0.000280,-0.002158,0.009606,
0.040000,21.080136,21.080136,2.000000,21.542545,21.542545,0.000000,36.900000,2.000000,0.696000,0.000160,-0.001576,1.480050,2.697812,-3.137609,-0.005164,0.023258,40.500000,0.000000,0.420670,-0.000874,-0.000649,0.000093,0.002477,0.011721,
0.040000,21.104381,21.104381,2.000000,21.565039,21.565039,0.000000,37.000000,2.000000,0.665600,-0.000610,-0.001462,1.317968,2.696812,-3.134457,-0.004065,0.020287,40.600000,0.000000,0.428114,-0.000760,-0.000610,0.000121,0.000890,0.013566,
0.040000,21.128523,21.128523,2.000000,21.587210,21.587210,0.000000,37.100000,2.000000,0.750000,-0.000610,-0.001462,1.317968,2.696812,-3.134457,-0.004065,0.010173,40.700000,0.000000,0.435975,-0.000677,-0.000437,0.000560,-0.004941,0.014955,
0.040000,21.152742,21.152742,2.000000,21.612909,21.612909,0.000000,37.200000,2.000000,0.704800,-0.000658,-0.001597,1.236950,2.696458,-3.133135,-0.004084,0.020162,40.800000,0.000000,0.443097,-0.000686,-0.000380,0.000411,-0.001392,0.015414,
0.040000,21.177156,21.177156,2.000000,21.641027,21.641027,0.000000,37.300000,2.000000,0.694400,-0.000455,-0.001354,1.077911,2.694209,-3.130658,-0.004894,0.009233,40.900000,0.000000,0.450364,-0.000717,-0.000386,-0.000672,-0.000845,0.014055,
0.040000,21.201855,21.201855,2.000000,21.671127,21.671127,0.000000,37.400000,2.000000,0.737200,-0.000455,-0.001354,1.077911,2.694209,-3.130658,-0.004894,0.022822,41.000000,0.000000,0.457246,-0.000596,-0.000524,0.000974,0.000877,0.013002,
0.040000,21.227100,21.227100,2.000000,21.706766,21.706766,0.000000,37.500000,2.000000,0.732000,-0.000379,-0.001312,0.996841,2.693616,-3.129574,-0.005027,0.022592,41.100000,0.000000,0.463885,-0.000531,-0.000546,0.000656,0.000372,0.012642,
0.040000,21.253071,21.253071,2.000000,21.746510,21.746510,0.000000,37.600000,2.000000,0.691600,-0.000713,-0.001424,0.836260,2.691640,-3.127735,-0.005081,0.009026,41.200000,0.000000,0.470751,-0.000579,-0.000569,0.000509,0.000600,0.011530,
0.040000,21.281218,21.281218,2.000000,21.816019,21.816019,0.000000,37.800000,2.000000,0.710400,-0.000713,-0.001424,0.836260,2.691640,-3.127735,-0.005081,0.009822,41.400000,0.000000,0.477349,-0.000594,-0.000498,-0.000112,-0.003467,0.010847,
0.040000,21.313824,21.313824,2.000000,21.933329,21.933329,0.000000,37.900000,2.000000,0.669200,-0.001094,-0.001251,0.595670,2.687974,-3.126334,-0.004444,0.021318,41.500000,0.000000,0.483775,-0.000563,-0.000580,-0.000421,0.000290,0.009066,
0.040000,21.347755,21.347755,2.000000,21.992439,21.992439,0.000000,38.000000,2.000000,0.756400,-0.001094,-0.001251,0.595670,2.687974,-3.126334,-0.004444,0.009038,41.600000,0.000000,0.509393,-0.000394,-0.000510,0.000312,-0.002391,0.005459,
0.040000,21.382900,21.382900,2.000000,22.050671,22.050671,0.000000,38.100000,2.000000,0.718800,-0.001045,-0.001346,0.515071,2.686909,-3.126088,-0.004945,0.019943,41.700000,0.000000,0.514902,-0.000399,-0.000428,0.000717,-0.000379,0.004365,
0.040000,21.419108,21.419108,2.000000,22.107054,22.107054,0.000000,38.200000,2.000000,0.709200,-0.001242,-0.001414,0.354721,2.684491,-3.125812,-0.005313,0.008134,41.800000,0.000000,0.520643,-0.000424,-0.000536,-0.000296,0.000144,0.003204,
0.040000,21.456254,21.456254,2.000000,22.162031,22.162031,0.000000,38.300000,2.000000,0.744000,-0.001242,-0.001414,0.354721,2.684491,-3.125812,-0.005313,0.009551,41.900000,0.000000,0.526182,-0.000438,-0.000593,0.000321,0.000125,0.002579,
0.040000,21.494238,21.494238,2.000000,22.215929,22.215929,0.000000,38.400000,2.000000,0.721200,-0.001395,-0.001250,0.273891,2.682991,-3.125903,-0.004699,0.020690,42.000000,0.000000,0.531626,-0.000424,-0.000619,-0.000731,-0.001236,0.001336,
0.040000,21.532898,21.532898,2.000000,22.267447,22.267447,0.000000,38.500000,2.000000,0.710000,-0.002157,-0.001122,0.112678,2.679875,-3.126277,-0.002905,0.008587,42.100000,0.000000,0.537086,-0.000372,-0.000505,0.000734,-0.001419,-0.000052,
0.040000,21.572177,21.572177,2.000000,22.318468,22.318468,0.000000,38.600000,2.000000,0.787200,-0.002157,-0.001122,0.112678,2.679875,-3.126277,-0.002905,0.009677,42.200000,0.000000,0.542251,-0.000345,-0.000561,0.000064,-0.000590,-0.001257,
0.040000,21.612106,21.612106,2.000000,22.370754,22.370754,0.000000,38.700000,2.000000,0.745600,-0.002330,-0.001122,0.033246,2.678954,-3.126557,-0.001832,0.021304,42.300000,0.000000,0.547605,-0.000239,-0.000175,0.001028,-0.004883,-0.001561,
0.040000,21.654238,21.654238,1.000000,22.454752,22.454752,0.000000,38.800000,1.000000,0.709200,-0.002370,-0.001526,-0.029838,2.678883,-3.123019,-0.004031,0.007792,42.400000,0.000000,0.460497,-0.000747,0.004723,-0.000482,0.004035,0.152022,
0.040000,21.706202,21.706202,4.000000,22.693527,22.693527,0.000000,38.900000,4.000000,0.690400,-0.001899,-0.002284,-0.103278,2.677370,-3.088285,-0.004668,0.010838,42.500000,0.000000,0.554020,-0.000460,-0.000457,-0.002295,-0.001396,0.020979,
0.040000,21.769724,21.769724,3.000000,22.976635,22.976635,0.000000,39.000000,3.000000,0.786800,-0.001899,-0.002284,-0.103278,2.677370,-3.088285,-0.004668,0.008460,42.600000,0.000000,0.551835,-0.000578,-0.000312,-0.001534,0.001097,0.104119,
0.040000,21.843265,21.843265,3.000000,23.240545,23.240545,0.000000,39.100000,3.000000,0.788800,-0.001781,-0.002272,-0.114159,2.677587,-3.069130,-0.005015,0.022440,42.700000,0.000000,0.546692,-0.000499,-0.000600,-0.004161,0.001312,0.158331,
0.040000,21.924576,21.924576,3.000000,23.469481,23.469481,0.000000,39.200000,3.000000,0.781200,-0.002010,-0.002214,-0.117100,2.677898,-3.051451,-0.003996,0.010560,42.800000,0.000000,0.538040,-0.000646,-0.000661,-0.001298,0.000961,0.178864,
0.040000,22.012941,22.012941,3.000000,23.691883,23.691883,0.000000,39.300000,3.000000,0.770800,-0.001600,-0.002233,-0.116067,2.676650,-3.033706,-0.004628,0.008764,42.900000,0.000000,0.527990,-0.000737,-0.000448,0.000065,-0.001294,0.177581,
0.040000,22.108442,22.108442,3.000000,23.922964,23.922964,0.000000,39.400000,3.000000,0.768400,-0.001595,-0.002358,-0.115132,2.678064,-3.014883,-0.005771,0.010635,43.000000,0.000000,0.517381,-0.000458,-0.000563,0.000106,0.001794,0.177505,
0.040000,22.211502,22.211502,3.000000,24.169632,24.169632,0.000000,39.500000,3.000000,0.772400,-0.001888,-0.002180,-0.116695,2.676725,-2.994488,-0.003752,0.011667,43.100000,0.000000,0.506948,-0.000707,-0.000778,-0.000542,0.000452,0.184133,
0.040000,22.321150,22.321150,4.000000,24.404463,24.404463,0.000000,39.600000,4.000000,0.761600,-0.001714,-0.002358,-0.116680,2.676862,-2.972707,-0.003999,0.008570,43.200000,0.000000,0.497274,-0.000470,-0.000364,0.001108,-0.001923,0.196378,
0.040000,22.438237,22.438237,4.000000,24.662889,24.662889,0.000000,39.700000,4.000000,0.756000,-0.001399,-0.002601,-0.114961,2.679499,-2.949357,-0.005856,0.010143,43.300000,0.000000,0.487443,-0.000487,-0.000406,-0.000432,0.000032,0.209621,
0.040000,22.561420,22.561420,4.000000,24.901897,24.901897,0.000000,39.800000,4.000000,0.745600,-0.001669,-0.002288,-0.117547,2.677316,-2.899164,-0.004170,0.009834,43.400000,0.000000,0.477390,-0.000933,-0.000765,-0.001440,0.001601,0.224388,
0.040000,22.690784,22.690784,3.000000,25.148705,25.148705,0.000000,39.900000,3.000000,0.833200,-0.001669,-0.002288,-0.117547,2.677316,-2.899164,-0.004170,0.013864,43.500000,0.000000,0.468265,-0.000714,-0.000367,0.000289,-0.001454,0.237775,
0.040000,22.827530,22.827530,3.000000,25.425705,25.425705,0.000000,40.000000,3.000000,0.835600,-0.001178,-0.002353,-0.117706,2.677939,-2.872487,-0.005895,0.021758,43.600000,0.000000,0.459291,-0.000583,-0.000409,0.001699,-0.000925,0.248954,
0.040000,22.969349,22.969349,3.000000,25.663897,25.663897,0.000000,40.100000,3.000000,0.822000,-0.001496,-0.002420,-0.118816,2.677815,-2.844981,-0.004795,0.008847,43.700000,0.000000,0.450215,-0.000697,-0.000742,0.000482,0.002301,0.259975,
0.040000,23.115243,23.115243,3.000000,25.887238,25.887238,0.000000,40.200000,3.000000,0.788400,-0.001399,-0.002526,-0.121034,2.678176,-2.817068,-0.004846,0.010836,43.800000,0.000000,0.441535,-0.000719,-0.000511,0.000002,-0.001496,0.269293,
0.040000,23.264335,23.264335,3.000000,26.097088,26.097088,0.000000,40.300000,3.000000,0.787600,-0.001545,-0.002550,-0.122066,2.678234,-2.788763,-0.004077,0.008970,43.900000,0.000000,0.433207,-0.000901,-0.000512,-0.000405,-0.000394,0.275374,
0.040000,23.415741,23.415741,4.000000,26.292456,26.292456,0.000000,40.400000,4.000000,0.781600,-0.001222,-0.002331,-0.121283,2.678299,-2.760157,-0.004767,0.009371,44.000000,0.000000,0.424833,-0.000959,-0.000350,-0.000051,-0.001498,0.280114,
0.040000,23.566247,23.566247,5.000000,26.425863,26.425863,0.000000,40.600000,5.000000,0.791200,-0.001098,-0.002826,-0.122016,2.678864,-2.674941,-0.003932,0.011508,44.200000,0.000000,0.416286,-0.000899,-0.000479,0.001582,0.000992,0.283791,
0.040000,23.723961,23.723961,4.000000,26.720514,26.720514,0.000000,40.700000,4.000000,0.860400,-0.001098,-0.002826,-0.122016,2.678864,-2.674941,-0.003932,0.013605,44.300000,0.000000,0.408570,-0.001504,0.000044,-0.001122,-0.003591,0.283873,
0.040000,23.879364,23.879364,4.000000,26.832020,26.832020,0.000000,40.800000,4.000000,0.837600,-0.001443,-0.002783,-0.119670,2.677287,-2.646616,-0.002470,0.021497,44.400000,0.000000,0.375585,-0.000435,-0.000654,-0.000489,0.002376,0.284105,
0.040000,24.031550,24.031550,5.000000,26.923096,26.923096,0.000000,40.900000,5.000000,0.834000,-0.001178,-0.002407,-0.117554,2.676593,-2.618643,-0.003841,0.009570,44.500000,0.000000,0.367917,0.000058,-0.000351,0.000218,-0.001288,0.283628,
0.040000,24.179708,24.179708,4.000000,26.994696,26.994696,0.000000,41.000000,4.000000,0.842800,-0.000888,-0.002861,-0.117946,2.678748,-2.590674,-0.003762,0.012967,44.600000,0.000000,0.360368,0.000376,-0.000613,0.002595,0.000669,0.281262,
0.040000,24.323225,24.323225,4.000000,27.050051,27.050051,0.000000,41.100000,4.000000,0.840400,-0.001086,-0.002773,-0.115091,2.677005,-2.562923,-0.002145,0.010646,44.700000,0.000000,0.353124,-0.000038,-0.000586,-0.001622,0.001591,0.280298,
0.040000,24.460883,24.460883,4.000000,27.076399,27.076399,0.000000,41.200000,4.000000,0.824400,-0.000944,-0.002668,-0.114959,2.676769,-2.535348,-0.003114,0.011494,44.800000,0.000000,0.345867,0.000549,-0.000254,0.000093,-0.001101,0.278570,
0.040000,24.591885,24.591885,5.000000,27.080919,27.080919,0.000000,41.300000,5.000000,0.805600,-0.000442,-0.002211,-0.116281,2.674733,-2.479828,-0.005659,0.010229,44.900000,0.000000,0.339054,0.000592,-0.000440,0.000857,-0.000008,0.276827,
0.040000,24.715531,24.715531,4.000000,27.064798,27.064798,0.000000,41.400000,4.000000,0.872400,-0.000442,-0.002211,-0.116281,2.674733,-2.479828,-0.005659,0.011919,45.000000,0.000000,0.332523,0.000501,-0.000738,0.001876,0.001377,0.276860,
0.040000,24.831160,24.831160,3.000000,27.028111,27.028111,0.000000,41.500000,3.000000,0.868000,-0.000550,-0.002881,-0.118262,2.675534,-2.452735,-0.003833,0.038005,45.100000,0.000000,0.326265,0.000745,-0.000918,0.002218,0.001415,0.277768,
0.040000,24.940167,24.940167,3.000000,27.011307,27.011307,0.000000,41.600000,3.000000,0.878400,-0.000389,-0.002658,-0.117095,2.673474,-2.425299,-0.004746,0.008563,45.200000,0.000000,0.320043,0.000365,-0.000541,-0.003207,-0.000552,0.273541,
0.040000,25.039171,25.039171,3.000000,26.920250,26.920250,0.000000,41.700000,3.000000,0.866400,-0.000444,-0.002843,-0.115525,2.676785,-2.398351,-0.003155,0.008332,45.300000,0.000000,0.313812,0.000818,-0.000709,0.000230,0.000315,0.274049,
0.040000,25.129745,25.129745,4.000000,26.850641,26.850641,0.000000,42.000000,4.000000,0.840800,0.000762,-0.002440,-0.114598,2.676114,-2.289618,-0.006888,0.008816,45.600000,0.000000,0.306960,0.000512,-0.000382,-0.000984,-0.000682,0.271227,
0.040000,25.197579,25.197579,2.000000,26.486429,26.486429,0.000000,42.100000,2.000000,0.886800,0.000762,-0.002440,-0.114598,2.676114,-2.289618,-0.006888,0.023776,45.700000,0.000000,0.301330,0.000727,-0.000955,0.002801,0.003307,0.272964,
0.040000,25.252755,25.252755,2.000000,26.301098,26.301098,0.000000,42.200000,2.000000,0.874000,0.000387,-0.002286,-0.114744,2.676743,-2.262695,-0.005682,0.020677,45.800000,0.000000,0.247664,0.000631,-0.001246,-0.000453,0.001236,0.271126,
0.040000,25.298741,25.298741,3.000000,26.172480,26.172480,0.000000,42.300000,3.000000,0.864000,0.000409,-0.002059,-0.112844,2.677377,-2.235629,-0.006062,0.007816,45.900000,0.000000,0.242812,0.000518,-0.000989,0.000512,-0.001720,0.270122,
0.040000,25.332061,25.332061,2.000000,25.965145,25.965145,0.000000,42.400000,2.000000,0.858000,0.000329,-0.002293,-0.112255,2.679622,-2.208396,-0.005211,0.009029,46.000000,0.000000,0.237792,0.000712,-0.001043,0.001514,-0.000906,0.270450,
0.040000,25.352561,25.352561,2.000000,25.742052,25.742052,0.000000,42.500000,2.000000,0.850400,0.000527,-0.002134,-0.110108,2.680498,-2.181459,-0.005890,0.007902,46.100000,0.000000,0.232782,0.000520,-0.000859,-0.000922,-0.001202,0.271606,
0.040000,25.362576,25.362576,2.000000,25.552856,25.552856,0.000000,42.600000,2.000000,0.860800,0.000674,-0.001921,-0.109107,2.681459,-2.154397,-0.006178,0.008791,46.200000,0.000000,0.227893,0.000743,-0.000974,0.000554,0.000391,0.270230,
0.040000,25.365015,25.365015,3.000000,25.411362,25.411362,0.000000,42.800000,3.000000,0.858400,0.000613,-0.001978,-0.108973,2.686623,-2.073526,-0.005255,0.009711,46.400000,0.000000,0.223214,0.000781,-0.001010,0.001430,0.000724,0.270471,
0.040000,25.363544,25.363544,2.000000,25.335600,25.335600,0.000000,42.900000,2.000000,0.866400,0.000613,-0.001978,-0.108973,2.686623,-2.073526,-0.005255,0.011270,46.500000,0.000000,0.218734,0.000528,-0.000938,-0.000003,-0.000356,0.268942,
0.040000,25.357388,25.357388,2.000000,25.240416,25.240416,0.000000,43.000000,2.000000,0.881200,0.000673,-0.001954,-0.107399,2.688697,-2.046668,-0.004981,0.021040,46.600000,0.000000,0.200382,-0.000060,-0.000616,-0.000092,-0.000582,0.270282,
0.040000,25.346941,25.346941,2.000000,25.148460,25.148460,0.000000,43.100000,2.000000,0.871600,0.000765,-0.001623,-0.107798,2.689306,-2.019636,-0.005644,0.009559,46.700000,0.000000,0.196000,0.000015,-0.000552,-0.000001,-0.000220,0.269339,
0.040000,25.333355,25.333355,2.000000,25.075212,25.075212,0.000000,43.200000,2.000000,0.860800,0.000734,-0.001762,-0.107267,2.690447,-1.992821,-0.005053,0.008166,46.800000,0.000000,0.192128,-0.000108,-0.000670,0.001893,0.000175,0.269939,
0.040000,25.316387,25.316387,2.000000,24.993988,24.993988,0.000000,43.300000,2.000000,0.846400,0.000830,-0.001789,-0.105860,2.692227,-1.965948,-0.004818,0.008285,46.900000,0.000000,0.188154,-0.000109,-0.000542,-0.000255,-0.000398,0.268837,
0.040000,25.292379,25.292379,2.000000,24.836243,24.836243,0.000000,43.400000,2.000000,0.839200,0.000971,-0.001489,-0.106213,2.694199,-1.938895,-0.005781,0.009319,47.000000,0.000000,0.184071,0.000000,-0.000486,-0.000396,0.000144,0.268766,
0.040000,25.263962,25.263962,3.000000,24.724033,24.724033,0.000000,43.500000,3.000000,0.832000,0.000891,-0.001657,-0.105610,2.697600,-1.884859,-0.004544,0.009778,47.100000,0.000000,0.180165,-0.000210,-0.000665,0.001551,0.000655,0.269861,
0.040000,25.227792,25.227792,2.000000,24.540567,24.540567,0.000000,43.600000,2.000000,0.868800,0.000891,-0.001657,-0.105610,2.697600,-1.884859,-0.004544,0.010369,47.200000,0.000000,0.176285,-0.000096,-0.000624,0.000982,-0.000209,0.269214,
0.040000,25.182848,25.182848,2.000000,24.328909,24.328909,0.000000,43.700000,2.000000,0.862400,0.000684,-0.001652,-0.105510,2.698193,-1.858060,-0.003361,0.021428,47.300000,0.000000,0.172561,-0.000326,-0.000400,-0.001364,-0.000615,0.270651,
0.040000,25.130399,25.130399,2.000000,24.133862,24.133862,0.000000,43.800000,2.000000,0.858400,0.000812,-0.001573,-0.106206,2.700439,-1.831675,-0.004209,0.007947,47.400000,0.000000,0.169083,-0.000337,-0.000161,-0.000619,-0.001787,0.269007,
0.040000,25.071456,25.071456,3.000000,23.951540,23.951540,0.000000,43.900000,3.000000,0.848800,0.000858,-0.001389,-0.107005,2.702243,-1.807086,-0.004616,0.008103,47.500000,0.000000,0.165405,-0.000584,-0.000324,0.000132,-0.000155,0.265817,
0.040000,25.007527,25.007527,3.000000,23.792875,23.792875,0.000000,44.000000,3.000000,0.848400,0.001001,-0.001285,-0.108188,2.700653,-1.784740,-0.004791,0.009648,47.600000,0.000000,0.161879,-0.000814,-0.000398,0.001061,0.000001,0.253501,
0.040000,24.937258,24.937258,3.000000,23.602142,23.602142,0.000000,44.100000,3.000000,0.841200,0.000899,-0.001343,-0.110257,2.699796,-1.764658,-0.003904,0.008896,47.700000,0.000000,0.159075,-0.000950,-0.000424,0.000917,0.000695,0.234938,
0.040000,24.864143,24.864143,3.000000,23.474968,23.474968,0.000000,44.200000,3.000000,0.836400,0.000940,-0.001088,-0.109187,2.699977,-1.746742,-0.004522,0.009491,47.800000,0.000000,0.156218,-0.001291,-0.000243,-0.000125,-0.000527,0.213850,
0.040000,24.787199,24.787199,3.000000,23.325266,23.325266,0.000000,44.300000,3.000000,0.842400,0.001064,-0.001141,-0.110801,2.699239,-1.730506,-0.004694,0.008560,47.900000,0.000000,0.153091,-0.001067,-0.000359,0.001427,-0.000083,0.192415,
0.040000,24.707488,24.707488,3.000000,23.192965,23.192965,0.000000,44.400000,3.000000,0.838400,0.000837,-0.001167,-0.111702,2.698669,-1.702403,-0.004150,0.008861,48.000000,0.000000,0.150295,-0.001332,-0.000385,0.000113,0.000627,0.173837,
0.040000,24.626386,24.626386,2.000000,23.085453,23.085453,0.000000,44.500000,2.000000,0.890400,0.000837,-0.001167,-0.111702,2.698669,-1.702403,-0.004150,0.010998,48.100000,0.000000,0.147039,-0.001655,-0.000325,0.000267,-0.000231,0.156455,
0.040000,24.543281,24.543281,2.000000,22.964289,22.964289,0.000000,44.600000,2.000000,0.886400,0.000955,-0.001098,-0.112255,2.701182,-1.690631,-0.004289,0.020512,48.200000,0.000000,0.144619,-0.001436,-0.000265,-0.000449,-0.001218,0.143393,
0.040000,24.458263,24.458263,2.000000,22.842928,22.842928,0.000000,44.700000,2.000000,0.867600,0.000991,-0.001270,-0.113416,2.700652,-1.679898,-0.003469,0.008508,48.300000,0.000000,0.141314,-0.001580,-0.000288,0.000189,0.000183,0.127527,
0.040000,24.372107,24.372107,3.000000,22.735128,22.735128,0.000000,44.800000,3.000000,0.861200,0.000907,-0.001140,-0.113060,2.699439,-1.670140,-0.003783,0.007879,48.400000,0.000000,0.138676,-0.001763,-0.000122,-0.001055,0.000211,0.115042,
0.040000,24.285525,24.285525,2.000000,22.640478,22.640478,0.000000,44.900000,2.000000,0.868400,0.000928,-0.000989,-0.113574,2.700669,-1.661468,-0.004038,0.009496,48.500000,0.000000,0.136187,-0.001633,-0.000180,0.000345,-0.000510,0.104248,
0.040000,24.200224,24.200224,2.000000,22.579493,22.579493,0.000000,45.000000,2.000000,0.880800,0.000978,-0.000964,-0.113225,2.702359,-1.653563,-0.004511,0.009778,48.600000,0.000000,0.133288,-0.001725,-0.000227,0.001016,-0.000119,0.093417,
0.040000,24.114574,24.114574,2.000000,22.487238,22.487238,0.000000,45.100000,2.000000,0.861600,0.001086,-0.000898,-0.113964,2.701427,-1.646415,-0.004601,0.008225,48.700000,0.000000,0.130337,-0.001653,-0.000316,0.000495,0.000215,0.084539,
0.040000,24.030370,24.030370,2.000000,22.430498,22.430498,0.000000,45.200000,2.000000,0.872000,0.000873,-0.000939,-0.114015,2.699845,-1.639615,-0.003893,0.009548,48.800000,0.000000,0.127975,-0.001750,-0.000327,0.000550,0.000704,0.076468,
0.040000,23.947251,23.947251,2.000000,22.367973,22.367973,0.000000,45.300000,2.000000,0.866400,0.000801,-0.000781,-0.114497,2.701504,-1.633827,-0.004379,0.012380,48.900000,0.000000,0.125773,-0.001702,-0.000181,-0.000086,-0.001082,0.071233,
0.040000,23.864661,23.864661,2.000000,22.295464,22.295464,0.000000,45.400000,2.000000,0.872000,0.001028,-0.001001,-0.115094,2.701524,-1.628380,-0.003804,0.008060,49.000000,0.000000,0.122986,-0.001785,-0.000274,0.000917,-0.000888,0.062979,
0.040000,23.783858,23.783858,2.000000,22.248604,22.248604,0.000000,45.500000,2.000000,0.848800,0.000912,-0.000804,-0.114663,2.700762,-1.623499,-0.004541,0.009248,49.100000,0.000000,0.120574,-0.001867,-0.000155,-0.001041,0.001032,0.057720,
0.040000,23.704340,23.704340,2.000000,22.193489,22.193489,0.000000,45.600000,2.000000,0.850800,0.001081,-0.000860,-0.115461,2.703752,-1.619094,-0.004324,0.008548,49.200000,0.000000,0.118350,-0.001738,-0.000297,0.000790,-0.000350,0.052214,
0.040000,23.626489,23.626489,2.000000,22.147312,22.147312,0.000000,45.700000,2.000000,0.857600,0.000878,-0.000776,-0.115778,2.702315,-1.615121,-0.004032,0.009206,49.300000,0.000000,0.115445,-0.001891,-0.000249,-0.000072,0.000890,0.047169,
0.040000,23.550391,23.550391,2.000000,22.104538,22.104538,0.000000,45.800000,2.000000,0.871200,0.000793,-0.000963,-0.116040,2.701177,-1.611282,-0.003945,0.025729,49.400000,0.000000,0.113461,-0.001902,-0.000187,0.000466,-0.000937,0.042575,
0.040000,23.475779,23.475779,2.000000,22.058151,22.058151,0.000000,45.900000,2.000000,0.860800,0.001083,-0.000886,-0.118239,2.704062,-1.607698,-0.004172,0.009343,49.500000,0.000000,0.111456,-0.001907,-0.000166,-0.000993,-0.000906,0.039984,
0.040000,23.402848,23.402848,1.000000,22.017153,22.017153,0.000000,46.000000,1.000000,0.837200,0.000991,-0.000720,-0.114934,2.703114,-1.603793,-0.004748,0.008787,49.600000,0.000000,0.108715,-0.002324,-0.000208,0.000074,0.001430,0.037426,
0.040000,23.331156,23.331156,2.000000,21.969007,21.969007,0.000000,46.100000,2.000000,0.846800,0.000831,-0.000971,-0.115804,2.703205,-1.599954,-0.003603,0.006900,49.700000,0.000000,0.106738,-0.001622,-0.000317,0.001029,-0.000043,0.038429,
0.040000,23.260274,23.260274,2.000000,21.913513,21.913513,0.000000,46.200000,2.000000,0.855200,0.001007,-0.000784,-0.116310,2.702824,-1.596343,-0.004285,0.007999,49.800000,0.000000,0.104625,-0.001762,-0.000085,-0.001181,-0.001023,0.038404,
0.040000,23.190743,23.190743,2.000000,21.869661,21.869661,0.000000,46.300000,2.000000,0.852400,0.000961,-0.000835,-0.116088,2.702820,-1.592692,-0.004014,0.007979,49.900000,0.000000,0.102644,-0.001824,-0.000218,0.000684,0.000678,0.036986,
0.040000,23.120664,23.120664,2.000000,21.789154,21.789154,0.000000,46.400000,2.000000,0.864400,0.000965,-0.000859,-0.116468,2.703841,-1.588704,-0.003840,0.008880,50.000000,0.000000,0.100623,-0.001745,-0.000160,-0.000077,-0.000049,0.036690,
0.040000,23.052488,23.052488,2.000000,21.757158,21.757158,0.000000,46.500000,2.000000,0.834800,0.001030,-0.000775,-0.115711,2.706436,-1.585005,-0.004323,0.009612,50.100000,0.000000,0.098442,-0.001790,-0.000123,-0.000200,-0.000012,0.038661,
0.040000,22.985893,22.985893,2.000000,21.720577,21.720577,0.000000,46.600000,2.000000,0.841600,0.001006,-0.000755,-0.114595,2.705834,-1.581231,-0.004433,0.010480,50.200000,0.000000,0.095989,-0.001614,-0.000216,0.000422,0.000380,0.037633,
0.040000,22.918188,22.918188,1.000000,21.631802,21.631802,0.000000,46.700000,1.000000,0.832000,0.000889,-0.000669,-0.115327,2.704379,-1.577621,-0.004336,0.010371,50.300000,0.000000,0.094214,-0.001361,-0.000233,0.000257,-0.000021,0.037699,
0.040000,22.852766,22.852766,2.000000,21.609753,21.609753,0.000000,46.800000,2.000000,0.858000,0.001068,-0.000710,-0.116184,2.706751,-1.573929,-0.004264,0.006717,50.400000,0.000000,0.092645,-0.001475,-0.000209,0.000609,-0.000747,0.036711,
0.040000,22.788271,22.788271,2.000000,21.562849,21.562849,0.000000,46.900000,2.000000,0.858800,0.000919,-0.000809,-0.115620,2.707522,-1.570292,-0.004021,0.007979,50.500000,0.000000,0.090353,-0.001618,-0.000191,-0.000044,0.000803,0.036839,
0.040000,22.725197,22.725197,2.000000,21.526796,21.526796,0.000000,47.000000,2.000000,0.851200,0.001014,-0.000764,-0.115003,2.706668,-1.566526,-0.004316,0.009978,50.600000,0.000000,0.088420,-0.001476,-0.000140,-0.000649,-0.000629,0.036550,
0.040000,22.663049,22.663049,2.000000,21.482233,21.482233,0.000000,47.100000,2.000000,0.838000,0.001062,-0.000786,-0.115332,2.707651,-1.562840,-0.004145,0.008047,50.700000,0.000000,0.086845,-0.001325,-0.000195,0.000010,0.000327,0.037234,
0.040000,22.600989,22.600989,2.000000,21.421860,21.421860,0.000000,47.300000,2.000000,0.844000,0.001000,-0.000829,-0.117153,2.706635,-1.559227,-0.003926,0.008636,50.900000,0.000000,0.084938,-0.001363,-0.000158,-0.000159,0.000403,0.037000,
0.040000,22.548137,22.548137,3.000000,21.543941,21.543941,0.000000,47.500000,3.000000,0.841200,0.001129,-0.000411,-0.114458,2.707864,-1.552037,-0.005244,0.008168,51.100000,0.000000,0.083461,-0.001697,-0.000111,-0.000345,-0.000246,0.036464,
0.040000,22.501166,22.501166,3.000000,21.608727,21.608727,0.000000,47.600000,3.000000,0.840800,0.001100,-0.000445,-0.118488,2.707501,-1.548300,-0.005072,0.010152,51.200000,0.000000,0.076432,-0.000499,-0.000620,0.001928,0.000578,0.035977,
0.040000,22.456637,22.456637,4.000000,21.610579,21.610579,0.000000,47.700000,4.000000,0.841600,0.000928,-0.000689,-0.118694,2.708361,-1.548606,-0.004083,0.008058,51.300000,0.000000,0.070557,-0.002040,-0.000505,-0.000073,-0.000115,0.019651,
0.040000,22.412678,22.412678,3.000000,21.577457,21.577457,0.000000,47.800000,3.000000,0.837600,0.000829,-0.000579,-0.119110,2.704586,-1.550208,-0.004508,0.009487,51.400000,0.000000,0.069005,-0.002037,-0.000301,-0.001378,-0.000998,0.007093,
0.040000,22.366967,22.366967,3.000000,21.498457,21.498457,0.000000,47.900000,3.000000,0.850400,0.001057,-0.000826,-0.116822,2.682328,-1.551951,-0.003802,0.008712,51.500000,0.000000,0.068391,-0.002095,-0.000378,0.000134,-0.000989,-0.006966,
0.040000,22.330652,22.330652,4.000000,21.640673,21.640673,0.000000,48.000000,4.000000,0.832400,0.001049,-0.001114,-0.110427,2.642105,-1.545867,-0.003835,0.011130,51.600000,0.000000,0.071422,-0.001695,-0.000229,-0.001460,0.001038,-0.013417,
0.040000,22.309059,22.309059,3.000000,21.898787,21.898787,0.000000,48.100000,3.000000,0.771200,0.000622,-0.000758,-0.103231,2.504979,-1.514489,-0.004412,0.010251,51.700000,0.000000,0.077933,-0.000557,-0.000221,-0.002375,0.000311,0.032462,
0.040000,22.303647,22.303647,4.000000,22.200830,22.200830,0.000000,48.200000,4.000000,0.793600,0.000622,-0.000758,-0.103231,2.504979,-1.514489,-0.004412,0.010510,51.800000,0.000000,0.088498,0.000566,-0.000357,0.001199,0.000754,0.105284,
0.040000,22.309992,22.309992,5.000000,22.430536,22.430536,0.000000,48.300000,5.000000,0.766400,0.000464,-0.000718,-0.100352,2.424431,-1.501560,-0.004344,0.020864,51.900000,0.000000,0.101598,-0.000039,-0.000292,0.000359,-0.003151,0.141252,
0.040000,22.322854,22.322854,5.000000,22.567238,22.567238,0.000000,48.400000,5.000000,0.735200,-0.000099,-0.000539,-0.092847,2.261974,-1.486367,-0.004670,0.009225,52.000000,0.000000,0.115426,-0.000364,-0.000264,0.000338,-0.002238,0.133857,
0.040000,22.339462,22.339462,4.000000,22.655010,22.655010,0.000000,48.500000,4.000000,0.790800,-0.000099,-0.000539,-0.092847,2.261974,-1.486367,-0.004670,0.011840,52.100000,0.000000,0.128898,-0.000475,-0.000332,0.002608,-0.000664,0.109553,
0.040000,22.356270,22.356270,4.000000,22.675613,22.675613,0.000000,48.600000,4.000000,0.725600,0.000079,-0.000130,-0.084838,2.182077,-1.483366,-0.006852,0.020729,52.200000,0.000000,0.142560,-0.001238,-0.000301,-0.000412,-0.003973,0.077315,
0.040000,22.368712,22.368712,5.000000,22.605120,22.605120,0.000000,48.700000,5.000000,0.712000,-0.000261,-0.000404,-0.074367,2.022663,-1.484542,-0.003387,0.021187,52.300000,0.000000,0.155538,-0.000969,-0.000725,0.002373,-0.000422,0.048082,
0.040000,22.376509,22.376509,4.000000,22.524643,22.524643,0.000000,48.800000,4.000000,0.768800,-0.000261,-0.000404,-0.074367,2.022663,-1.484542,-0.003387,0.022014,52.400000,0.000000,0.167549,-0.001556,-0.000579,0.001344,-0.000825,0.020590,
0.040000,22.378414,22.378414,4.000000,22.414612,22.414612,0.000000,48.900000,4.000000,0.729600,-0.000666,-0.000179,-0.069819,1.941819,-1.487815,-0.004633,0.020417,52.500000,0.000000,0.180590,-0.001611,-0.000018,-0.001621,-0.001747,-0.001631,
0.040000,22.372423,22.372423,4.000000,22.258595,22.258595,0.000000,49.000000,4.000000,0.688400,-0.000735,-0.000311,-0.056928,1.781075,-1.497514,-0.004339,0.021537,52.600000,0.000000,0.192958,-0.002058,-0.000267,0.000761,-0.003167,-0.020852,
0.040000,22.358938,22.358938,4.000000,22.102734,22.102734,0.000000,49.100000,4.000000,0.760400,-0.000735,-0.000311,-0.056928,1.781075,-1.497514,-0.004339,0.011015,52.700000,0.000000,0.205441,-0.001788,-0.000267,-0.000378,-0.003640,-0.034058,
0.040000,22.336318,22.336318,3.000000,21.906536,21.906536,0.000000,49.200000,3.000000,0.698000,-0.001094,-0.000077,-0.051515,1.699730,-1.503831,-0.005444,0.022959,52.800000,0.000000,0.216853,-0.002011,-0.000226,-0.000341,0.000627,-0.046860,
0.040000,22.306132,22.306132,3.000000,21.732592,21.732592,0.000000,49.300000,3.000000,0.694000,-0.000739,0.000415,-0.039682,1.541331,-1.517166,-0.006882,0.010019,52.900000,0.000000,0.228632,-0.002081,-0.000451,0.001277,-0.001967,-0.056936,
0.040000,22.268609,22.268609,3.000000,21.555679,21.555679,0.000000,49.400000,3.000000,0.748800,-0.000739,0.000415,-0.039682,1.541331,-1.517166,-0.006882,0.010759,53.000000,0.000000,0.239561,-0.001924,-0.000402,-0.000518,0.001889,-0.062530,
0.040000,22.223942,22.223942,2.000000,21.375271,21.375271,0.000000,49.500000,2.000000,0.729200,-0.001062,0.000176,-0.036700,1.459627,-1.524032,-0.005254,0.020179,53.100000,0.000000,0.250689,-0.001660,-0.000744,0.003782,0.000275,-0.065516,
0.040000,22.172213,22.172213,3.000000,21.189346,21.189346,0.000000,49.600000,3.000000,0.691600,-0.001259,-0.000197,-0.031518,1.300390,-1.536508,-0.002481,0.008492,53.200000,0.000000,0.261854,-0.001903,-0.000421,-0.000066,-0.001905,-0.067458,
0.040000,22.113680,22.113680,2.000000,21.001553,21.001553,0.000000,49.700000,2.000000,0.787600,-0.001259,-0.000197,-0.031518,1.300390,-1.536508,-0.002481,0.010500,53.300000,0.000000,0.272271,-0.001877,-0.000886,0.002992,-0.001148,-0.065216,
0.040000,22.051524,22.051524,2.000000,20.870577,20.870577,0.000000,49.800000,2.000000,0.710400,-0.001258,0.000225,-0.027554,1.220511,-1.541894,-0.004807,0.021264,53.400000,0.000000,0.282722,-0.002174,0.000117,-0.004270,-0.001259,-0.062572,
0.040000,21.984346,21.984346,2.000000,20.707966,20.707966,0.000000,49.900000,2.000000,0.725200,-0.001076,0.000170,-0.022662,1.061161,-1.550785,-0.006192,0.008850,53.500000,0.000000,0.292911,-0.001890,-0.000363,0.000937,-0.000476,-0.057187,
0.040000,21.914740,21.914740,2.000000,20.592213,20.592213,0.000000,50.000000,2.000000,0.766000,-0.001076,0.000170,-0.022662,1.061161,-1.550785,-0.006192,0.008898,53.600000,0.000000,0.302777,-0.001763,-0.000671,-0.000001,0.001353,-0.051609,
0.040000,21.842930,21.842930,2.000000,20.478548,20.478548,0.000000,50.100000,2.000000,0.705600,-0.000963,0.000062,-0.021031,0.981519,-1.554196,-0.005322,0.022266,53.700000,0.000000,0.312597,-0.001686,-0.000651,-0.000044,0.000098,-0.044896,
0.040000,21.770214,21.770214,3.000000,20.388601,20.388601,0.000000,50.200000,3.000000,0.691200,-0.000981,0.000542,-0.016971,0.821974,-1.559205,-0.006659,0.008588,53.800000,0.000000,0.322142,-0.001645,-0.000484,-0.000704,0.000730,-0.038227,
0.040000,21.697985,21.697985,2.000000,20.325632,20.325632,0.000000,50.300000,2.000000,0.768000,-0.000981,0.000542,-0.016971,0.821974,-1.559205,-0.006659,0.010454,53.900000,0.000000,0.331667,-0.001443,-0.000800,0.000575,-0.001470,-0.031833,
0.040000,21.628517,21.628517,2.000000,20.308624,20.308624,0.000000,50.400000,2.000000,0.736400,-0.001119,0.000296,-0.016386,0.741667,-1.560838,-0.005357,0.020739,54.000000,0.000000,0.340724,-0.001262,-0.000757,0.002306,0.001069,-0.025884,
0.040000,21.560161,21.560161,2.000000,20.261406,20.261406,0.000000,50.500000,2.000000,0.701600,-0.001058,0.000347,-0.013874,0.581534,-1.562496,-0.005630,0.009885,54.100000,0.000000,0.349846,-0.001306,-0.000501,-0.000651,-0.000446,-0.019980,
0.040000,21.494163,21.494163,2.000000,20.240198,20.240198,0.000000,50.600000,2.000000,0.765200,-0.001058,0.000347,-0.013874,0.581534,-1.562496,-0.005630,0.010058,54.200000,0.000000,0.358878,-0.001227,-0.000833,0.000886,-0.002054,-0.014108,
0.040000,21.427832,21.427832,2.000000,20.167549,20.167549,0.000000,50.700000,2.000000,0.739200,-0.001193,0.000316,-0.013397,0.501499,-1.562624,-0.005195,0.020176,54.300000,0.000000,0.367464,-0.001058,-0.000568,-0.000492,0.001474,-0.009160,
0.040000,21.362935,21.362935,2.000000,20.129887,20.129887,0.000000,50.900000,2.000000,0.690000,-0.000836,0.000302,-0.010733,0.262030,-1.560904,-0.006351,0.006927,54.500000,0.000000,0.376008,-0.001074,-0.000488,-0.000383,-0.000273,-0.004292,
0.040000,21.296556,21.296556,2.000000,20.035364,20.035364,0.000000,51.000000,2.000000,0.797600,-0.000836,0.000302,-0.010733,0.262030,-1.560904,-0.006351,0.007591,54.600000,0.000000,0.384411,-0.000917,-0.000560,0.000070,0.000445,0.000064,
0.040000,21.231289,21.231289,2.000000,19.991203,19.991203,0.000000,51.100000,2.000000,0.725600,-0.000902,0.000260,-0.010219,0.182459,-1.559838,-0.005867,0.019294,54.700000,0.000000,0.416825,-0.000856,-0.000915,-0.000219,0.001297,0.006854,
0.040000,21.166063,21.166063,2.000000,19.926773,19.926773,0.000000,51.200000,2.000000,0.682400,-0.000599,0.000548,-0.005254,0.027526,-1.556415,-0.006608,0.007464,54.800000,0.000000,0.424277,-0.000892,-0.000815,-0.000328,0.000213,0.008961,
0.040000,21.103507,21.103507,3.000000,19.914940,19.914940,0.000000,51.300000,3.000000,0.779200,-0.000599,0.000548,-0.005254,0.027526,-1.556415,-0.006608,0.010372,54.900000,0.000000,0.431748,-0.000855,-0.000761,0.000488,-0.000750,0.011468,
0.040000,21.054588,21.054588,4.000000,20.125126,20.125126,0.000000,51.400000,4.000000,0.721200,-0.000189,0.000435,0.002616,-0.025446,-1.545999,-0.006837,0.019383,55.000000,0.000000,0.437927,-0.000235,-0.000959,0.001358,0.002436,0.017434,
0.040000,21.027329,21.027329,7.000000,20.509418,20.509418,0.000000,51.500000,7.000000,0.687200,0.000030,0.000609,0.004856,-0.066515,-1.527422,-0.007238,0.019781,55.100000,0.000000,0.439755,0.001169,-0.000993,-0.000153,0.003496,0.071014,
0.040000,21.023609,21.023609,5.000000,20.952921,20.952921,0.000000,51.600000,5.000000,0.681200,0.000200,0.000175,0.005640,-0.083404,-1.508144,-0.006449,0.021129,55.200000,0.000000,0.439191,0.001386,-0.001054,0.001025,0.002749,0.141930,
0.040000,21.038893,21.038893,5.000000,21.329294,21.329294,0.000000,51.700000,5.000000,0.673600,0.000595,0.000775,0.007334,-0.088425,-1.489665,-0.009146,0.009586,55.300000,0.000000,0.433872,0.001369,-0.000877,-0.002301,0.002146,0.173361,
0.040000,21.072380,21.072380,4.000000,21.708635,21.708635,0.000000,51.800000,4.000000,0.686800,0.000913,0.000256,0.008132,-0.089253,-1.472200,-0.008191,0.009730,55.400000,0.000000,0.426335,0.001613,-0.001391,0.002780,0.003315,0.180421,
0.040000,21.122791,21.122791,6.000000,22.080603,22.080603,0.000000,51.900000,6.000000,0.676400,0.000044,0.000538,0.006003,-0.094067,-1.454271,-0.007963,0.033102,55.500000,0.000000,0.418111,0.001725,-0.001176,-0.002225,0.003291,0.176856,
0.040000,21.192606,21.192606,8.000000,22.519087,22.519087,0.000000,52.000000,8.000000,0.676000,0.000224,-0.000050,0.007560,-0.091656,-1.434124,-0.006665,0.010815,55.600000,0.000000,0.410775,0.001180,-0.001107,0.000843,-0.004072,0.178357,
0.040000,21.280758,21.280758,17.000000,22.955650,22.955650,0.000000,52.100000,17.000000,0.628800,-0.000624,0.000351,0.011484,-0.094382,-1.412044,-0.005241,0.012040,55.700000,0.000000,0.402244,0.001517,-0.000829,-0.003330,-0.000414,0.192643,
0.040000,21.390005,21.390005,8.000000,23.465700,23.465700,0.000000,52.200000,8.000000,0.600400,-0.000508,0.001021,0.010883,-0.098853,-1.362145,-0.008762,0.015806,55.800000,0.000000,0.394953,0.002180,-0.000532,0.001235,-0.005374,0.210048,
0.040000,21.517351,21.517351,4.000000,23.936909,23.936909,0.000000,52.300000,4.000000,0.745200,-0.000508,0.001021,0.010883,-0.098853,-1.362145,-0.008762,0.012108,55.900000,0.000000,0.387956,0.001985,-0.001530,0.008358,-0.003422,0.237080,
0.040000,21.664239,21.664239,7.000000,24.455109,24.455109,0.000000,52.500000,7.000000,0.751600,-0.000628,0.000868,0.012376,-0.099038,-1.336907,-0.007839,0.018047,56.100000,0.000000,0.380365,0.001840,-0.001186,-0.000334,0.001129,0.242101,
0.040000,21.852280,21.852280,4.000000,25.425064,25.425064,0.000000,52.600000,4.000000,0.745200,-0.000958,0.001087,0.015511,-0.102289,-1.283314,-0.008509,0.022959,56.200000,0.000000,0.372961,0.002085,-0.000981,-0.000985,-0.000163,0.248451,
0.040000,22.056593,22.056593,4.000000,25.938543,25.938543,0.000000,52.700000,4.000000,0.770400,-0.000832,0.000995,0.015306,-0.103875,-1.255548,-0.008119,0.021418,56.300000,0.000000,0.345180,0.002823,-0.001169,0.001192,-0.001325,0.266965,
0.040000,22.272837,22.272837,4.000000,26.381479,26.381479,0.000000,52.800000,4.000000,0.746400,-0.000717,0.000856,0.015882,-0.104202,-1.227443,-0.007444,0.009849,56.400000,0.000000,0.338684,0.002640,-0.001069,0.000160,0.000264,0.272881,
0.040000,22.501551,22.501551,4.000000,26.847115,26.847115,0.000000,52.900000,4.000000,0.757200,-0.000990,0.000838,0.015961,-0.105315,-1.170392,-0.007555,0.009088,56.500000,0.000000,0.332123,0.002676,-0.000916,-0.000652,0.000961,0.277848,
0.040000,22.741547,22.741547,4.000000,27.301462,27.301462,0.000000,53.000000,4.000000,0.835200,-0.000990,0.000838,0.015961,-0.105315,-1.170392,-0.007555,0.011006,56.600000,0.000000,0.325443,0.002892,-0.001014,0.000292,-0.000278,0.281667,
0.040000,22.988355,22.988355,3.000000,27.677706,27.677706,0.000000,53.100000,3.000000,0.838800,-0.001093,0.000924,0.016055,-0.107559,-1.141885,-0.007699,0.022790,56.700000,0.000000,0.319393,0.002498,-0.000900,-0.000243,-0.000829,0.284631,
0.040000,23.243986,23.243986,4.000000,28.100988,28.100988,0.000000,53.200000,4.000000,0.830000,-0.001027,0.000427,0.014684,-0.109690,-1.113835,-0.005703,0.009202,56.800000,0.000000,0.313523,0.002293,-0.000911,0.000622,-0.000798,0.284904,
0.040000,23.505506,23.505506,4.000000,28.474386,28.474386,0.000000,53.300000,4.000000,0.820800,-0.001227,0.000672,0.014223,-0.109611,-1.085518,-0.006362,0.010781,56.900000,0.000000,0.307623,0.001829,-0.000500,-0.002651,0.000220,0.282181,
0.040000,23.772099,23.772099,4.000000,28.837357,28.837357,0.000000,53.400000,4.000000,0.832000,-0.001003,0.000638,0.012963,-0.106389,-1.057739,-0.006127,0.009377,57.000000,0.000000,0.301514,0.001718,-0.000619,0.000698,-0.001059,0.282791,
0.040000,24.042421,24.042421,3.000000,29.178551,29.178551,0.000000,53.500000,3.000000,0.822800,-0.001235,0.000743,0.012291,-0.107232,-1.029860,-0.006441,0.008712,57.100000,0.000000,0.294901,0.001761,-0.000560,0.000247,0.001092,0.279703,
0.040000,24.311922,24.311922,4.000000,29.432442,29.432442,0.000000,53.600000,4.000000,0.808400,-0.001207,0.000607,0.011607,-0.106546,-0.975180,-0.006681,0.008337,57.200000,0.000000,0.289173,0.001529,-0.000611,0.000935,-0.000900,0.279138,
0.040000,24.583208,24.583208,3.000000,29.737640,29.737640,0.000000,53.700000,3.000000,0.878400,-0.001207,0.000607,0.011607,-0.106546,-0.975180,-0.006681,0.011359,57.300000,0.000000,0.283470,0.001198,-0.000553,-0.000422,-0.000158,0.275505,
0.040000,24.852239,24.852239,2.000000,29.963812,29.963812,0.000000,53.800000,2.000000,0.852800,-0.001250,0.000564,0.011716,-0.105520,-0.947558,-0.006687,0.020975,57.400000,0.000000,0.277715,0.001435,-0.000635,0.000193,0.000145,0.274288,
0.040000,25.119339,25.119339,3.000000,30.194252,30.194252,0.000000,53.900000,3.000000,0.838000,-0.001265,0.000502,0.010456,-0.104320,-0.920438,-0.006061,0.009246,57.500000,0.000000,0.272087,0.001538,-0.000624,0.000018,-0.000110,0.275485,
0.040000,25.385064,25.385064,3.000000,30.433840,30.433840,0.000000,54.000000,3.000000,0.840800,-0.001302,0.000298,0.009045,-0.103302,-0.893185,-0.005800,0.009544,57.600000,0.000000,0.266388,0.001444,-0.000487,-0.000164,-0.000050,0.272834,
0.040000,25.647206,25.647206,3.000000,30.627901,30.627901,0.000000,54.100000,3.000000,0.835200,-0.001241,0.000332,0.008369,-0.102817,-0.866090,-0.005765,0.009970,57.700000,0.000000,0.260809,0.001315,-0.000426,-0.001110,-0.000181,0.272647,
0.040000,25.908301,25.908301,3.000000,30.869099,30.869099,0.000000,54.200000,3.000000,0.818000,-0.001282,0.000311,0.007345,-0.101155,-0.839169,-0.005491,0.021841,57.800000,0.000000,0.255508,0.001246,-0.000410,-0.000002,0.000361,0.271602,
0.040000,26.164682,26.164682,4.000000,31.035921,31.035921,0.000000,54.300000,4.000000,0.794000,-0.001191,0.000227,0.003919,-0.099519,-0.784933,-0.004908,0.009518,57.900000,0.000000,0.250090,0.001279,-0.000348,0.000082,-0.000059,0.270122,
0.040000,26.412538,26.412538,2.000000,31.121807,31.121807,0.000000,54.400000,2.000000,0.856800,-0.001191,0.000227,0.003919,-0.099519,-0.784933,-0.004908,0.021491,58.000000,0.000000,0.244984,0.001233,-0.000396,0.001453,0.000428,0.270994,
0.040000,26.653788,26.653788,2.000000,31.237547,31.237547,0.000000,54.500000,2.000000,0.845600,-0.001223,0.000234,0.004224,-0.096733,-0.757880,-0.005631,0.020296,58.100000,0.000000,0.239627,0.000957,-0.000217,-0.000977,0.000405,0.270892,
0.040000,26.885079,26.885079,2.000000,31.279598,31.279598,0.000000,54.600000,2.000000,0.846000,-0.001285,0.000360,0.002755,-0.095094,-0.730915,-0.005181,0.009614,58.200000,0.000000,0.234553,0.001369,-0.000355,-0.000128,-0.000005,0.270667,
0.040000,27.108335,27.108335,2.000000,31.350208,31.350208,0.000000,54.700000,2.000000,0.833200,-0.001235,0.000310,0.002257,-0.094750,-0.703968,-0.005255,0.010097,58.300000,0.000000,0.229492,0.001378,-0.000259,0.000941,-0.000338,0.270038,
0.040000,27.323394,27.323394,3.000000,31.409504,31.409504,0.000000,54.800000,3.000000,0.794000,-0.001310,0.000211,0.001570,-0.094096,-0.677179,-0.005171,0.007220,58.400000,0.000000,0.224845,0.001336,-0.000268,0.000260,0.000237,0.269684,
0.040000,27.527022,27.527022,2.000000,31.395960,31.395960,0.000000,54.900000,2.000000,0.797200,-0.001230,0.000203,-0.001239,-0.093002,-0.650424,-0.004610,0.021334,58.500000,0.000000,0.220221,0.001320,-0.000246,-0.000302,-0.000332,0.268574,
0.040000,27.720828,27.720828,3.000000,31.403130,31.403130,0.000000,55.000000,3.000000,0.759200,-0.001161,-0.000101,-0.004860,-0.094113,-0.596956,-0.003774,0.008720,58.600000,0.000000,0.215306,0.001115,-0.000130,0.000048,0.000406,0.267946,
0.040000,27.903611,27.903611,2.000000,31.376497,31.376497,0.000000,55.100000,2.000000,0.861200,-0.001161,-0.000101,-0.004860,-0.094113,-0.596956,-0.003774,0.010422,58.700000,0.000000,0.211302,0.000745,-0.000050,-0.000370,0.000702,0.267379,
0.040000,28.078686,28.078686,2.000000,31.405109,31.405109,0.000000,55.200000,2.000000,0.818000,-0.001224,-0.000015,-0.005085,-0.092372,-0.569968,-0.004199,0.021582,58.800000,0.000000,0.206441,0.000489,0.000039,-0.001246,0.000169,0.267542,
0.040000,28.240096,28.240096,2.000000,31.306892,31.306892,0.000000,55.300000,2.000000,0.823200,-0.001117,-0.000164,-0.007598,-0.095657,-0.543315,-0.003561,0.020826,58.900000,0.000000,0.202135,0.000739,-0.000045,0.000254,-0.000333,0.268987,
0.040000,28.390945,28.390945,2.000000,31.257067,31.257067,0.000000,55.400000,2.000000,0.800800,-0.001115,-0.000004,-0.008481,-0.094287,-0.516419,-0.003892,0.008093,59.000000,0.000000,0.198076,-0.000090,0.000082,-0.000633,0.000521,0.267468,
0.040000,28.527184,28.527184,2.000000,31.115732,31.115732,0.000000,55.500000,2.000000,0.796000,-0.001015,-0.000140,-0.009616,-0.095816,-0.489500,-0.002786,0.008480,59.100000,0.000000,0.193874,0.000053,0.000015,0.000934,0.000192,0.268393,
0.040000,28.646079,28.646079,2.000000,30.905088,30.905088,0.000000,55.600000,2.000000,0.797200,-0.001087,0.000060,-0.010432,-0.092992,-0.462850,-0.003820,0.007332,59.200000,0.000000,0.189999,-0.000321,0.000233,-0.000307,0.000683,0.268888,
0.040000,28.754469,28.754469,2.000000,30.813873,30.813873,0.000000,55.700000,2.000000,0.736400,-0.000859,-0.000197,-0.011559,-0.095672,-0.409262,-0.002580,0.011726,59.300000,0.000000,0.185841,0.000102,0.000025,0.001296,-0.000194,0.267407,
0.040000,28.848273,28.848273,2.000000,30.630541,30.630541,0.000000,55.800000,2.000000,0.821200,-0.000859,-0.000197,-0.011559,-0.095672,-0.409262,-0.002580,0.023475,59.400000,0.000000,0.181622,-0.000112,0.000147,-0.000284,0.001033,0.268631,
0.040000,28.927196,28.927196,2.000000,30.426731,30.426731,0.000000,55.900000,2.000000,0.818000,-0.000826,-0.000178,-0.013815,-0.094997,-0.382293,-0.002352,0.021287,59.500000,0.000000,0.178609,-0.000487,0.000267,-0.000611,0.000674,0.267310,
0.040000,28.993264,28.993264,3.000000,30.248556,30.248556,0.000000,56.000000,3.000000,0.759200,-0.000849,-0.000121,-0.014206,-0.094700,-0.355263,-0.002553,0.030561,59.600000,0.000000,0.174618,-0.000532,0.000307,0.000025,0.000428,0.268782,
0.040000,29.044882,29.044882,4.000000,30.025627,30.025627,0.000000,56.100000,4.000000,0.734400,-0.000759,-0.000403,-0.010280,-0.095431,-0.329090,-0.001608,0.021618,59.700000,0.000000,0.171073,-0.000496,0.000261,0.000506,-0.000001,0.269720,
0.040000,29.080580,29.080580,4.000000,29.758839,29.758839,0.000000,56.200000,4.000000,0.750800,-0.000777,-0.000253,-0.011823,-0.094843,-0.302147,-0.002055,0.011193,59.800000,0.000000,0.168470,-0.000352,0.000442,-0.001421,0.000512,0.264780,
0.040000,29.101633,29.101633,3.000000,29.501640,29.501640,0.000000,56.300000,3.000000,0.725600,-0.000543,-0.000482,-0.012372,-0.092912,-0.275244,-0.001126,0.008886,59.900000,0.000000,0.164814,-0.000333,0.000345,0.000508,0.000031,0.267657,
0.040000,29.107529,29.107529,3.000000,29.219557,29.219557,0.000000,56.400000,3.000000,0.723200,-0.000706,-0.000310,-0.014764,-0.092786,-0.226712,-0.002176,0.008353,60.000000,0.000000,0.161340,0.000005,0.000522,-0.001109,0.001394,0.268503,
0.040000,29.099625,29.099625,5.000000,28.949444,28.949444,0.000000,56.500000,5.000000,0.755200,-0.000706,-0.000310,-0.014764,-0.092786,-0.226712,-0.002176,0.008258,60.100000,0.000000,0.158137,-0.000799,0.000375,0.001155,-0.000240,0.261008,
0.040000,29.077031,29.077031,4.000000,28.647743,28.647743,0.000000,56.600000,4.000000,0.740800,-0.000674,-0.000264,-0.021882,-0.092148,-0.206678,-0.001846,0.020417,60.200000,0.000000,0.154581,-0.000072,0.000297,0.000119,-0.000423,0.241191,
0.040000,29.042024,29.042024,2.000000,28.376907,28.376907,0.000000,56.700000,2.000000,0.733600,-0.000721,-0.000113,-0.025932,-0.088118,-0.187912,-0.002399,0.007958,60.300000,0.000000,0.150125,-0.000264,0.000357,0.000416,0.000005,0.215949,
0.040000,28.997750,28.997750,8.000000,28.156546,28.156546,0.000000,56.800000,8.000000,0.707600,-0.000663,-0.000303,-0.023807,-0.087967,-0.171030,-0.001858,0.009153,60.400000,0.000000,0.146210,0.000357,0.000242,0.001171,-0.000315,0.198462,
0.040000,28.943851,28.943851,5.000000,27.919762,27.919762,0.000000,56.900000,5.000000,0.691600,-0.000664,-0.000088,-0.051900,-0.077346,-0.157969,-0.002188,0.013015,60.500000,0.000000,0.143726,0.000457,0.000344,-0.000658,0.000219,0.180144,
0.040000,28.881100,28.881100,3.000000,27.688841,27.688841,0.000000,57.000000,3.000000,0.691200,-0.000568,-0.000253,-0.051136,-0.075622,-0.145208,-0.001694,0.009471,60.600000,0.000000,0.135053,0.001572,0.000276,0.001131,0.000064,0.149527,
0.040000,28.812361,28.812361,10.000000,27.506311,27.506311,0.000000,57.100000,10.000000,0.693200,-0.000534,-0.000262,-0.042554,-0.082957,-0.132003,-0.001554,0.007235,60.700000,0.000000,0.132478,0.001902,0.000368,-0.000539,0.000598,0.135982,
0.040000,28.738177,28.738177,3.000000,27.328686,27.328686,0.000000,57.200000,3.000000,0.686400,-0.000603,-0.000212,-0.044895,-0.082190,-0.122102,-0.001653,0.012046,60.800000,0.000000,0.131747,0.000674,0.000387,-0.000211,0.000422,0.133552,
0.040000,28.661824,28.661824,4.000000,27.211111,27.211111,0.000000,57.300000,4.000000,0.690400,-0.000488,-0.000258,-0.042930,-0.079044,-0.111065,-0.001272,0.008046,60.900000,0.000000,0.128663,0.000750,0.000360,0.000258,-0.000281,0.112206,
0.040000,28.582066,28.582066,10.000000,27.066664,27.066664,0.000000,57.400000,10.000000,0.708400,-0.000640,-0.000140,-0.044287,-0.076818,-0.101523,-0.001995,0.009598,61.000000,0.000000,0.126428,0.001401,0.000428,-0.000144,0.000586,0.111070,
0.040000,28.499136,28.499136,3.000000,26.923473,26.923473,0.000000,57.500000,3.000000,0.688400,-0.000689,-0.000170,-0.039820,-0.083133,-0.093710,-0.002339,0.013261,61.100000,0.000000,0.123612,0.001781,0.000277,0.000706,-0.000726,0.101398,
0.040000,28.415310,28.415310,4.000000,26.822605,26.822605,0.000000,57.600000,4.000000,0.718000,-0.000495,-0.000137,-0.038272,-0.075739,-0.084875,-0.001401,0.009125,61.200000,0.000000,0.122173,0.000592,0.000203,0.000115,-0.000588,0.087018,
0.040000,28.330347,28.330347,3.000000,26.716047,26.716047,0.000000,57.700000,3.000000,0.720800,-0.000472,-0.000127,-0.039778,-0.078942,-0.078293,-0.001417,0.010604,61.300000,0.000000,0.119924,0.002065,0.000385,0.000282,0.000969,0.087844,
0.040000,28.243198,28.243198,6.000000,26.587378,26.587378,0.000000,57.800000,6.000000,0.842800,-0.000541,-0.000056,-0.038942,-0.078122,-0.072417,-0.001656,0.007996,61.400000,0.000000,0.117309,0.001368,0.000374,0.000188,0.000502,0.074227,
0.040000,28.157664,28.157664,3.000000,26.532509,26.532509,0.000000,57.900000,3.000000,0.827600,-0.000315,-0.000291,0.004911,-0.055820,-0.078060,-0.000840,0.022855,61.500000,0.000000,0.115141,0.001516,0.000319,0.000530,