"ADAPTIVE_THRESHOLD_SIGMA","ESTIMATED_OBSERVATION_RADIUS","ESTIMATED_SENSOR_MAX_RANGE","ICP_ITERATION","INSTANTANEOUS_OBSERVATION_RADIUS","INSTANTANEOUS_SENSOR_MAX_RANGE","SENSOR_TIME_OFFSET","current_relative_timestamp","icp_iterations","icp_quality","robot_pitch","robot_roll","robot_x","robot_y","robot_yaw","robot_z","time_onLidar","timestamp","twistCorrectionCount","vx","vy","vz","wx","wy","wz",
0.200000,25.136698,25.136698,0.000000,20.000000,20.000000,0.000000,0.000000,0.000000,0.000000,0.000000,0.000000,0.000000,0.000000,0.000000,0.000000,0.000000,27.100000,0.000000,0.000000,0.000000,0.000000,0.000000,0.000000,0.000000,
0.200000,25.136498,25.136498,0.000000,25.132700,25.132700,0.000000,0.100000,0.000000,0.992000,0.000041,0.000019,0.000365,0.000025,-0.000011,0.000220,0.012403,27.200000,0.000000,0.000000,0.000000,0.000000,0.000000,0.000000,0.000000,
0.197500,25.135849,25.135849,1.000000,25.123526,25.123526,0.000000,0.200000,1.000000,0.997600,0.000041,0.000019,0.000365,0.000025,-0.000011,0.000220,0.009669,27.300000,0.000000,0.000000,0.000000,0.000000,0.000000,0.000000,0.000000,
0.195000,25.135914,25.135914,0.000000,25.137148,25.137148,0.000000,0.300000,0.000000,0.994800,0.000169,-0.000058,-0.000023,-0.000146,-0.000026,0.000730,0.011443,27.400000,0.000000,0.000000,0.000000,0.000000,0.000000,0.000000,0.000000,
0.192500,25.135301,25.135301,1.000000,25.123648,25.123648,0.000000,0.600000,1.000000,0.993600,0.000073,-0.000037,0.000178,-0.000050,-0.000014,0.000346,0.007416,27.700000,0.000000,0.000000,0.000000,0.000000,0.000000,0.000000,0.000000,
0.190000,25.135129,25.135129,1.000000,25.131865,25.131865,0.000000,0.700000,1.000000,0.994800,0.000156,-0.000037,0.001023,-0.000172,-0.000030,0.000595,0.007182,27.800000,0.000000,0.000000,0.000000,0.000000,0.000000,0.000000,0.000000,
0.187500,25.134627,25.134627,1.000000,25.125092,25.125092,0.000000,0.800000,1.000000,0.992000,0.000130,-0.000013,0.000449,-0.000074,-0.000055,0.000392,0.007238,27.900000,0.000000,0.000000,0.000000,0.000000,0.000000,0.000000,0.000000,
0.185000,25.134318,25.134318,1.000000,25.128452,25.128452,0.000000,0.900000,1.000000,0.994000,0.000289,-0.000055,0.000577,0.000004,-0.000057,0.001453,0.007901,28.000000,0.000000,0.000000,0.000000,0.000000,0.000000,0.000000,0.000000,
0.182500,25.133731,25.133731,0.000000,25.122568,25.122568,0.000000,1.000000,0.000000,0.991600,0.000041,0.000015,0.001141,0.000249,-0.000087,0.000137,0.010342,28.100000,0.000000,0.000000,0.000000,0.000000,0.000000,0.000000,0.000000,
0.180000,25.133538,25.133538,1.000000,25.129866,25.129866,0.000000,1.100000,1.000000,0.986000,-0.000026,0.000017,0.001962,-0.000251,-0.000028,-0.000221,0.008990,28.200000,0.000000,0.005640,0.002443,-0.013158,0.000698,-0.002480,-0.000306,
0.177500,25.133331,25.133331,1.000000,25.129408,25.129408,0.000000,1.200000,1.000000,0.989200,0.000133,-0.000011,0.001708,-0.000024,-0.000033,0.000429,0.007151,28.300000,0.000000,0.006928,-0.001277,-0.008368,0.000246,-0.001272,0.000291,
0.175000,25.133201,25.133201,0.000000,25.130732,25.130732,0.000000,1.300000,0.000000,0.990000,0.000212,0.000012,0.001298,-0.000034,-0.000021,0.000850,0.008602,28.400000,0.000000,0.003771,-0.000095,-0.003407,-0.000080,0.000515,0.000082,
0.172500,25.132859,25.132859,0.000000,25.126360,25.126360,0.000000,1.500000,0.000000,0.987200,0.000055,0.000026,0.001445,0.000049,-0.000058,0.000262,0.007682,28.600000,0.000000,0.001801,-0.000096,-0.001502,0.000110,0.000687,0.000104,
0.170000,25.132144,25.132144,0.000000,25.118549,25.118549,0.000000,1.600000,0.000000,0.979600,0.000030,0.000008,0.002218,0.000019,-0.000050,0.000049,0.006793,28.700000,0.000000,0.001733,0.000090,-0.002379,0.000130,-0.000707,-0.000190,
0.167500,25.131628,25.131628,0.000000,25.121822,25.121822,0.000000,1.700000,0.000000,0.983200,0.000051,-0.000020,0.002090,-0.000089,-0.000045,0.000198,0.006875,28.800000,0.000000,0.002688,-0.000017,-0.001792,-0.000078,-0.000157,0.000029,
0.165000,25.131416,25.131416,0.000000,25.127396,25.127396,0.000000,1.800000,0.000000,0.982000,0.000030,0.000008,0.002518,-0.000068,-0.000036,0.000179,0.010461,28.900000,0.000000,0.002287,-0.000124,-0.001461,-0.000192,0.000050,0.000040,
0.162500,25.130899,25.130899,0.000000,25.121078,25.121078,0.000000,2.100000,0.000000,0.986400,0.000094,-0.000005,0.002286,0.000034,-0.000049,0.000461,0.007863,29.200000,0.000000,0.002471,-0.000093,-0.001344,0.000097,-0.000109,0.000070,
0.160000,25.130940,25.130940,0.000000,25.131712,25.131712,0.000000,2.200000,0.000000,0.981200,0.000025,0.000038,0.002836,0.000367,-0.000080,0.000139,0.007358,29.300000,0.000000,0.002066,0.000000,-0.000992,-0.000043,0.000352,-0.000056,
0.157500,25.130393,25.130393,1.000000,25.119999,25.119999,0.000000,2.400000,1.000000,0.977600,0.000044,0.000051,0.002943,0.000111,-0.000040,0.000208,0.007352,29.500000,0.000000,0.001962,0.000492,-0.001028,0.000142,-0.000223,-0.000100,
0.155000,25.130637,25.130637,1.000000,25.135286,25.135286,0.000000,2.500000,1.000000,0.978400,0.000149,0.000007,0.002821,-0.000043,-0.000029,0.000839,0.006971,29.600000,0.000000,0.001920,0.000347,-0.000947,0.000132,-0.000008,0.000161,
0.152500,25.129841,25.129841,0.000000,25.114716,25.114716,0.000000,2.600000,0.000000,0.975600,0.000196,0.000004,0.003004,-0.000181,-0.000027,0.001078,0.008849,29.700000,0.000000,0.001507,0.000165,-0.000277,-0.000200,0.000500,0.000060,
0.150000,25.129090,25.129090,0.000000,25.114811,25.114811,0.000000,2.700000,0.000000,0.976400,0.000045,0.000003,0.002966,-0.000123,-0.000038,0.000156,0.007964,29.800000,0.000000,0.001520,0.000104,-0.000171,-0.000108,0.000482,0.000041,
0.147500,25.129020,25.129020,1.000000,25.127687,25.127687,0.000000,2.800000,1.000000,0.974400,0.000038,-0.000015,0.003394,0.000120,-0.000058,0.000276,0.006510,29.900000,0.000000,0.001447,0.000122,-0.000519,-0.000046,-0.000734,-0.000057,
0.145000,25.128922,25.128922,0.000000,25.127071,25.127071,0.000000,2.900000,0.000000,0.949600,0.000143,-0.000005,0.003456,0.000222,-0.000052,0.000887,0.008157,30.000000,0.000000,0.001553,0.000209,-0.000455,-0.000126,-0.000320,-0.000142,
0.142500,25.128736,25.128736,1.000000,25.125200,25.125200,0.000000,3.100000,1.000000,0.954400,0.000044,-0.000042,0.003568,0.000038,-0.000032,0.000300,0.007078,30.200000,0.000000,0.001519,0.000238,-0.000216,0.000011,0.000523,-0.000016,
0.140000,25.128718,25.128718,0.000000,25.128382,25.128382,0.000000,3.200000,0.000000,0.956800,-0.000069,-0.000101,0.004230,-0.000249,-0.000013,-0.000061,0.006968,30.300000,0.000000,0.001505,0.000164,-0.000416,-0.000221,-0.000412,0.000117,
0.137500,25.128519,25.128519,0.000000,25.124737,25.124737,0.000000,3.300000,0.000000,0.948800,0.000064,-0.000012,0.003960,-0.000048,-0.000031,0.000373,0.008719,30.400000,0.000000,0.001738,-0.000042,-0.000596,-0.000295,-0.000557,0.000094,
0.135000,25.128492,25.128492,1.000000,25.127979,25.127979,0.000000,3.400000,1.000000,0.938000,0.000046,-0.000007,0.003744,-0.000022,-0.000021,0.000224,0.006823,30.500000,0.000000,0.001597,0.000023,-0.000440,0.000365,0.000489,-0.000055,
0.132500,25.127779,25.127779,0.000000,25.114227,25.114227,0.000000,3.500000,0.000000,0.950400,0.000185,0.000042,0.003843,-0.000036,-0.000036,0.000980,0.009309,30.600000,0.000000,0.001480,0.000030,-0.000472,0.000169,0.000079,0.000037,
0.130000,25.127916,25.127916,0.000000,25.130514,25.130514,0.000000,3.600000,0.000000,0.949200,-0.000028,-0.000007,0.004576,0.000119,-0.000057,-0.000166,0.006477,30.700000,0.000000,0.001465,0.000025,-0.000227,0.000371,0.000890,-0.000077,
0.127500,25.127761,25.127761,0.000000,25.124815,25.124815,0.000000,3.700000,0.000000,0.935600,0.000011,-0.000010,0.004430,0.000039,-0.000047,0.000100,0.006329,30.800000,0.000000,0.001641,0.000071,-0.000564,-0.000163,-0.000979,-0.000161,
0.125000,25.127867,25.127867,0.000000,25.129883,25.129883,0.000000,3.800000,0.000000,0.934400,-0.000019,0.000020,0.004661,0.000129,-0.000063,-0.000091,0.007207,30.900000,0.000000,0.001550,0.000045,-0.000469,-0.000083,-0.000131,0.000003,
0.122500,25.127968,25.127968,1.000000,25.129894,25.129894,0.000000,3.900000,1.000000,0.932000,0.000057,-0.000035,0.004723,-0.000009,-0.000060,0.000354,0.007141,31.000000,0.000000,0.001572,0.000070,-0.000511,0.000157,-0.000234,-0.000095,
0.120000,25.127969,25.127969,0.000000,25.127983,25.127983,0.000000,4.000000,0.000000,0.936800,0.000126,0.000014,0.004479,0.000112,-0.000064,0.000704,0.006753,31.100000,0.000000,0.001545,0.000028,-0.000369,-0.000280,0.000379,-0.000018,
0.117500,25.127839,25.127839,0.000000,25.125366,25.125366,0.000000,4.100000,0.000000,0.932000,0.000016,0.000011,0.005011,0.000066,-0.000049,0.000075,0.008057,31.200000,0.000000,0.001433,0.000062,-0.000260,0.000196,0.000574,-0.000036,
0.115000,25.127532,25.127532,1.000000,25.121696,25.121696,0.000000,4.200000,1.000000,0.925200,-0.000024,-0.000001,0.004975,0.000034,-0.000058,-0.000017,0.009984,31.300000,0.000000,0.001541,0.000047,-0.000427,0.000055,-0.000464,0.000083,
0.112500,25.127621,25.127621,0.000000,25.129314,25.129314,0.000000,4.500000,0.000000,0.937200,0.000119,0.000021,0.005065,-0.000030,-0.000049,0.000490,0.007841,31.600000,0.000000,0.001489,0.000037,-0.000441,-0.000055,-0.000422,-0.000023,
0.110000,25.127685,25.127685,0.000000,25.128906,25.128906,0.000000,4.600000,0.000000,0.930800,0.000074,-0.000008,0.005144,-0.000132,-0.000048,0.000404,0.006629,31.700000,0.000000,0.001473,0.000019,-0.000292,0.000115,0.000720,0.000046,
0.107500,25.127958,25.127958,0.000000,25.133141,25.133141,0.000000,4.700000,0.000000,0.932800,0.000056,-0.000011,0.005234,-0.000191,-0.000054,0.000310,0.006744,31.800000,0.000000,0.001211,-0.000059,-0.000291,-0.000093,-0.000139,0.000003,
0.105000,25.127330,25.127330,0.000000,25.115406,25.115406,0.000000,4.800000,0.000000,0.923200,0.000077,0.000001,0.005353,0.000013,-0.000054,0.000502,0.007491,31.900000,0.000000,0.001204,-0.000072,-0.000307,-0.000060,-0.000159,-0.000030,
0.102500,25.126679,25.126679,0.000000,25.114296,25.114296,0.000000,4.900000,0.000000,0.921600,0.000031,-0.000016,0.005418,0.000147,-0.000080,0.000221,0.006687,32.000000,0.000000,0.001203,-0.000022,-0.000254,0.000051,0.000063,-0.000015,
0.100000,25.126840,25.126840,0.000000,25.129906,25.129906,0.000000,5.000000,0.000000,0.916800,0.000003,0.000000,0.005738,-0.000087,-0.000040,0.000200,0.009508,32.100000,0.000000,0.001190,0.000011,-0.000314,-0.000091,-0.000258,-0.000162,
0.097500,25.127047,25.127047,0.000000,25.130976,25.130976,0.000000,5.100000,0.000000,0.925200,-0.000018,-0.000001,0.005836,-0.000016,-0.000065,-0.000050,0.006447,32.200000,0.000000,0.001237,-0.000044,-0.000311,0.000069,-0.000272,0.000181,
0.095000,25.126805,25.126805,0.000000,25.122219,25.122219,0.000000,5.199999,0.000000,0.892400,-0.000015,-0.000014,0.006060,-0.000193,-0.000043,-0.000071,0.009731,32.300000,0.000000,0.001231,-0.000027,-0.000362,0.000017,-0.000239,-0.000082,
0.092500,25.126443,25.126443,0.000000,25.119555,25.119555,0.000000,5.300000,0.000000,0.906800,0.000070,-0.000013,0.006081,-0.000086,-0.000063,0.000359,0.007840,32.400000,0.000000,0.001255,-0.000067,-0.000359,-0.000074,-0.000069,0.000102,
0.090000,25.126142,25.126142,1.000000,25.120422,25.120422,0.000000,5.400000,1.000000,0.880800,-0.000049,0.000010,0.006463,0.000240,-0.000085,-0.000064,0.006380,32.500000,0.000000,0.001231,-0.000041,-0.000252,-0.000023,0.000495,-0.000083,
0.087500,25.125675,25.125675,2.000000,25.116808,25.116808,0.000000,5.500000,2.000000,0.869200,-0.000140,-0.000023,0.013433,0.002071,-0.000450,-0.000496,0.007500,32.600000,0.000000,0.001290,0.000034,-0.000342,0.000138,-0.000546,-0.000169,
0.085000,25.125089,25.125089,2.000000,25.113947,25.113947,0.000000,5.600000,2.000000,0.858400,-0.000094,-0.000029,0.038057,0.004827,-0.001051,-0.000258,0.007850,32.700000,0.000000,0.002840,0.000448,-0.000433,-0.000153,-0.000770,-0.002320,
0.082500,25.123578,25.123578,2.000000,25.094879,25.094879,0.000000,5.699999,2.000000,0.832800,-0.000466,-0.000017,0.084891,0.007053,-0.001755,-0.001647,0.007988,32.800000,0.000000,0.008326,0.001062,-0.000370,-0.000096,-0.000009,-0.004599,
0.080000,25.120273,25.120273,3.000000,25.057470,25.057470,0.000000,5.800000,3.000000,0.746000,-0.000938,-0.000077,0.231037,0.009654,-0.003407,-0.001539,0.007277,32.900000,0.000000,0.018641,0.001548,-0.000674,0.000033,-0.002304,-0.006107,
0.077500,25.115334,25.115334,2.000000,25.021498,25.021498,0.000000,5.900000,2.000000,0.905200,-0.000938,-0.000077,0.231037,0.009654,-0.003407,-0.001539,0.010343,33.000000,0.000000,0.032597,0.002336,-0.000672,-0.000093,-0.000999,-0.008662,
0.075000,25.109268,25.109268,2.000000,24.994015,24.994015,0.000000,6.000000,2.000000,0.849200,-0.001135,-0.000092,0.311477,0.008622,-0.003909,-0.001706,0.012445,33.100000,0.000000,0.050027,0.002119,-0.000636,-0.000305,-0.003177,-0.007188,
0.072500,25.101065,25.101065,2.000000,24.945198,24.945198,0.000000,6.100000,2.000000,0.805600,-0.001312,-0.000100,0.470357,0.007854,-0.004622,-0.001349,0.007707,33.200000,0.000000,0.066708,0.001904,-0.000676,-0.000213,-0.002432,-0.005850,
0.070000,25.091197,25.091197,2.000000,24.903713,24.903713,0.000000,6.199999,2.000000,0.898800,-0.001312,-0.000100,0.470357,0.007854,-0.004622,-0.001349,0.009165,33.300000,0.000000,0.082556,0.001837,-0.000436,-0.000193,-0.000057,-0.004980,
0.067500,25.079556,25.079556,2.000000,24.858385,24.858385,0.000000,6.300000,2.000000,0.842400,-0.001408,-0.000103,0.549809,0.007071,-0.004829,-0.001529,0.016207,33.400000,0.000000,0.098334,0.001798,-0.000609,-0.000016,-0.001985,-0.003565,
0.065000,25.065946,25.065946,2.000000,24.807348,24.807348,0.000000,6.400000,2.000000,0.812800,-0.001965,0.000025,0.711945,0.006104,-0.004840,-0.002428,0.009024,33.500000,0.000000,0.113537,0.001668,-0.000658,-0.000024,-0.001352,-0.002642,
0.062500,25.050481,25.050481,3.000000,24.756645,24.756645,0.000000,6.600000,3.000000,0.829200,-0.001965,0.000025,0.711945,0.006104,-0.004840,-0.002428,0.010652,33.700000,0.000000,0.128603,0.001681,-0.000615,0.000230,-0.000090,-0.001343,
0.060000,25.030716,25.030716,2.000000,24.655180,24.655180,0.000000,6.699999,2.000000,0.796800,-0.001820,0.000090,0.951240,0.004820,-0.004368,-0.002332,0.018422,33.800000,0.000000,0.143484,0.001557,-0.000873,0.000641,-0.003905,-0.000241,
0.057500,25.008955,25.008955,2.000000,24.595488,24.595488,0.000000,6.800000,2.000000,0.882800,-0.001820,0.000090,0.951240,0.004820,-0.004368,-0.002332,0.010162,33.900000,0.000000,0.199149,0.001204,-0.000873,-0.000148,0.000189,0.001287,
0.055000,24.985631,24.985631,2.000000,24.542475,24.542475,0.000000,6.900000,2.000000,0.811600,-0.002054,-0.000006,1.031642,0.004088,-0.004027,-0.003220,0.021465,34.000000,0.000000,0.211878,0.001256,-0.000895,0.000507,0.000435,0.001671,
0.052500,24.960372,24.960372,2.000000,24.480453,24.480453,0.000000,7.000000,2.000000,0.787600,-0.001806,0.000045,1.190637,0.003570,-0.003283,-0.001198,0.007819,34.100000,0.000000,0.224415,0.001149,-0.001095,-0.000383,-0.001256,0.002724,
0.050000,24.933023,24.933023,2.000000,24.413393,24.413393,0.000000,7.100000,2.000000,0.856000,-0.001806,0.000045,1.190637,0.003570,-0.003283,-0.001198,0.010559,34.200000,0.000000,0.236662,0.001160,-0.001054,0.000523,-0.001292,0.003193,
0.047500,24.904950,24.904950,2.000000,24.371559,24.371559,0.000000,7.199999,2.000000,0.771600,-0.001972,0.000038,1.271702,0.003254,-0.002821,-0.002178,0.021697,34.300000,0.000000,0.248225,0.001121,-0.000695,-0.000144,0.001853,0.003665,
0.045000,24.875166,24.875166,2.000000,24.309282,24.309282,0.000000,7.300000,2.000000,0.732800,-0.001989,0.000080,1.431806,0.003469,-0.002030,-0.002171,0.019679,34.400000,0.000000,0.260043,0.001087,-0.000917,-0.000093,-0.000321,0.004253,
0.042500,24.843087,24.843087,2.000000,24.233591,24.233591,0.000000,7.400000,2.000000,0.796800,-0.001989,0.000080,1.431806,0.003469,-0.002030,-0.002171,0.022827,34.500000,0.000000,0.271251,0.001103,-0.000937,0.000034,0.000233,0.004321,
0.040000,24.811503,24.811503,2.000000,24.211395,24.211395,0.000000,7.500000,2.000000,0.720800,-0.002087,0.000120,1.512268,0.003184,-0.001684,-0.002296,0.020844,34.600000,0.000000,0.282443,0.001173,-0.000942,0.000208,-0.000373,0.003847,
0.040000,24.778355,24.778355,2.000000,24.148540,24.148540,0.000000,7.600000,2.000000,0.699200,-0.002219,0.000162,1.673001,0.002760,-0.000979,-0.002334,0.008582,34.700000,0.000000,0.293342,0.001123,-0.000982,0.000332,-0.000745,0.003607,
0.040000,24.744165,24.744165,2.000000,24.094568,24.094568,0.000000,7.700000,2.000000,0.763600,-0.002219,0.000162,1.673001,0.002760,-0.000979,-0.002334,0.010232,34.800000,0.000000,0.304089,0.001018,-0.001013,-0.000378,-0.001613,0.003739,
0.040000,24.709503,24.709503,2.000000,24.050913,24.050913,0.000000,7.800000,2.000000,0.740000,-0.002311,0.000168,1.753235,0.003097,-0.000692,-0.002733,0.021419,34.900000,0.000000,0.314356,0.001040,-0.001022,0.000630,-0.000103,0.003425,
0.040000,24.674271,24.674271,2.000000,24.004873,24.004873,0.000000,7.900000,2.000000,0.692400,-0.001871,0.000241,1.913569,0.002941,-0.000215,-0.002019,0.007787,35.000000,0.000000,0.324481,0.001105,-0.001120,0.000283,-0.000607,0.003083,
0.040000,24.638675,24.638675,2.000000,23.962347,23.962347,0.000000,8.000000,2.000000,0.764400,-0.001871,0.000241,1.913569,0.002941,-0.000215,-0.002019,0.022109,35.100000,0.000000,0.334512,0.001051,-0.001030,-0.000096,-0.001742,0.003036,
0.040000,24.602573,24.602573,2.000000,23.916643,23.916643,0.000000,8.100000,2.000000,0.741200,-0.002071,0.000194,1.994145,0.002722,-0.000077,-0.002664,0.019305,35.200000,0.000000,0.344021,0.001046,-0.001008,0.000623,0.003565,0.002244,
0.040000,24.565732,24.565732,2.000000,23.865740,23.865740,0.000000,8.200000,2.000000,0.722000,-0.002750,0.000313,2.155313,0.003307,0.000081,-0.002541,0.008252,35.300000,0.000000,0.353551,0.000982,-0.001152,-0.000047,0.000124,0.001716,
0.040000,24.528160,24.528160,2.000000,23.814302,23.814302,0.000000,8.300000,2.000000,0.774800,-0.002750,0.000313,2.155313,0.003307,0.000081,-0.002541,0.009288,35.400000,0.000000,0.362792,0.000932,-0.000915,-0.000336,-0.000410,0.001457,
0.040000,24.489855,24.489855,3.000000,23.762053,23.762053,0.000000,8.400000,3.000000,0.724800,-0.002685,0.000292,2.235471,0.002897,0.000171,-0.002522,0.021907,35.500000,0.000000,0.371985,0.001064,-0.001154,0.000928,-0.003894,0.000730,
0.040000,24.451234,24.451234,2.000000,23.717432,23.717432,0.000000,8.500000,2.000000,0.717200,-0.002734,0.000170,2.396537,0.002431,0.000110,-0.002117,0.009422,35.600000,0.000000,0.380809,0.000956,-0.001171,0.000226,-0.001087,0.000836,
0.040000,24.412691,24.412691,2.000000,23.680382,23.680382,0.000000,8.600000,2.000000,0.773600,-0.002734,0.000170,2.396537,0.002431,0.000110,-0.002117,0.011735,35.700000,0.000000,0.389703,0.000988,-0.001267,0.000096,-0.003368,0.000157,
0.040000,24.374246,24.374246,2.000000,23.643795,23.643795,0.000000,8.700000,2.000000,0.704400,-0.002688,0.000212,2.476561,0.002944,-0.000098,-0.002161,0.021237,35.800000,0.000000,0.398031,0.000816,-0.001135,-0.000731,0.001366,-0.000154,
0.040000,24.334602,24.334602,2.000000,23.581360,23.581360,0.000000,8.800000,2.000000,0.703200,-0.002554,0.000320,2.636411,0.003212,-0.000505,-0.001488,0.007715,35.900000,0.000000,0.406259,0.000902,-0.001165,-0.000021,0.000805,-0.001343,
0.040000,24.295057,24.295057,2.000000,23.543701,23.543701,0.000000,8.900000,2.000000,0.782800,-0.002554,0.000320,2.636411,0.003212,-0.000505,-0.001488,0.008766,36.000000,0.000000,0.414322,0.000855,-0.001203,-0.000197,0.000091,-0.001779,
0.040000,24.254757,24.254757,2.000000,23.489059,23.489059,0.000000,9.000000,2.000000,0.729200,-0.002806,0.000128,2.717076,0.002635,-0.000694,-0.001926,0.020123,36.100000,0.000000,0.422143,0.000928,-0.001068,0.000769,0.001079,-0.001929,
0.040000,24.214640,24.214640,2.000000,23.452406,23.452406,0.000000,9.100000,2.000000,0.712000,-0.002731,0.000248,2.877064,0.002710,-0.001065,-0.001310,0.008263,36.200000,0.000000,0.429980,0.000799,-0.001178,-0.000896,-0.001147,-0.001905,
0.040000,24.174332,24.174332,2.000000,23.408489,23.408489,0.000000,9.200000,2.000000,0.765600,-0.002731,0.000248,2.877064,0.002710,-0.001065,-0.001310,0.008928,36.300000,0.000000,0.437597,0.000821,-0.001145,0.000954,-0.001790,-0.001790,
0.040000,24.132511,24.132511,2.000000,23.337902,23.337902,0.000000,9.300000,2.000000,0.714400,-0.002965,0.000269,2.957598,0.002658,-0.001287,-0.001672,0.022855,36.400000,0.000000,0.444881,0.000807,-0.001100,-0.000193,0.001131,-0.001916,
0.040000,24.087538,24.087538,2.000000,23.233059,23.233059,0.000000,9.400000,2.000000,0.698400,-0.002808,0.000423,3.117393,0.002592,-0.001575,-0.001088,0.019072,36.500000,0.000000,0.452204,0.000798,-0.001196,0.000048,-0.001012,-0.002106,
0.040000,24.046035,24.046035,2.000000,23.257479,23.257479,0.000000,9.500000,2.000000,0.758000,-0.002808,0.000423,3.117393,0.002592,-0.001575,-0.001088,0.012223,36.600000,0.000000,0.459115,0.000891,-0.001256,0.000939,0.001863,-0.001990,
0.040000,24.002811,24.002811,2.000000,23.181553,23.181553,0.000000,9.600000,2.000000,0.717600,-0.002855,0.000351,3.197523,0.002392,-0.001705,-0.001260,0.023183,36.700000,0.000000,0.466132,0.000795,-0.001118,0.000386,-0.000568,-0.001355,
0.040000,23.958082,23.958082,2.000000,23.108234,23.108234,0.000000,9.700000,2.000000,0.711600,-0.003101,0.000329,3.357841,0.002113,-0.001915,-0.001560,0.020526,36.800000,0.000000,0.472921,0.000764,-0.001176,-0.000296,-0.000508,-0.001316,
0.040000,23.914730,23.914730,1.000000,23.091045,23.091045,0.000000,9.800000,1.000000,0.793600,-0.003101,0.000329,3.357841,0.002113,-0.001915,-0.001560,0.022791,36.900000,0.000000,0.479544,0.000713,-0.001170,-0.000049,0.000942,-0.000954,
0.040000,23.872103,23.872103,2.000000,23.062189,23.062189,0.000000,9.900000,2.000000,0.721600,-0.003061,0.000340,3.437779,0.001840,-0.001964,-0.001406,0.018353,37.000000,0.000000,0.486085,0.000734,-0.001278,-0.000225,-0.002299,-0.001212,
0.040000,23.827718,23.827718,2.000000,22.984407,22.984407,0.000000,10.000000,2.000000,0.702800,-0.002961,0.000238,3.597983,0.001442,-0.002072,-0.000884,0.019807,37.100000,0.000000,0.492415,0.000695,-0.001271,-0.000019,-0.000630,-0.000770,
0.040000,23.783127,23.783127,3.000000,22.935896,22.935896,0.000000,10.100000,3.000000,0.740400,-0.002961,0.000238,3.597983,0.001442,-0.002072,-0.000884,0.009104,37.200000,0.000000,0.498776,0.000628,-0.001345,-0.001401,-0.002687,-0.000870,
0.040000,23.738960,23.738960,2.000000,22.899782,22.899782,0.000000,10.200000,2.000000,0.722400,-0.003222,0.000189,3.678353,0.001156,-0.002104,-0.000865,0.020740,37.300000,0.000000,0.504743,0.000653,-0.001219,0.000226,0.002041,-0.000423,
0.040000,23.695672,23.695672,2.000000,22.873194,22.873194,0.000000,10.300000,2.000000,0.709600,-0.003196,0.000278,3.838663,0.001113,-0.002159,-0.000904,0.007975,37.400000,0.000000,0.510769,0.000615,-0.001238,-0.000215,-0.000836,-0.000360,
0.040000,23.652238,23.652238,2.000000,22.826996,22.826996,0.000000,10.400000,2.000000,0.762800,-0.003196,0.000278,3.838663,0.001113,-0.002159,-0.000904,0.009944,37.500000,0.000000,0.516652,0.000631,-0.001268,0.000339,-0.000585,-0.000208,
0.040000,23.609105,23.609105,2.000000,22.789572,22.789572,0.000000,10.500000,2.000000,0.728800,-0.003116,0.000271,3.918659,0.000850,-0.002188,-0.000438,0.020000,37.600000,0.000000,0.522361,0.000650,-0.001300,0.000253,0.000205,-0.000348,
0.040000,23.566245,23.566245,2.000000,22.751919,22.751919,0.000000,10.700000,2.000000,0.705600,-0.003437,0.000250,4.157125,0.000129,-0.001897,-0.000770,0.007519,37.800000,0.000000,0.527946,0.000618,-0.001232,0.000053,0.000571,-0.000311,
0.040000,23.521495,23.521495,4.000000,22.671234,22.671234,0.000000,10.800000,4.000000,0.734800,-0.003437,0.000250,4.157125,0.000129,-0.001897,-0.000770,0.012214,37.900000,0.000000,0.533534,0.000578,-0.001214,-0.000478,-0.002415,-0.000144,
0.040000,23.479507,23.479507,2.000000,22.681747,22.681747,0.000000,10.900000,2.000000,0.674400,-0.003722,0.000036,4.200971,-0.002678,0.003966,-0.000493,0.021614,38.000000,0.000000,0.369831,0.056275,0.001040,0.002554,0.002685,0.162394,
0.040000,23.455165,23.455165,5.000000,22.992661,22.992661,0.000000,11.100000,5.000000,0.630800,-0.003997,0.000244,4.234969,0.004191,0.021181,-0.000431,0.024980,38.200000,0.000000,0.257537,-0.007377,0.000571,0.000154,0.003794,0.182987,
0.040000,23.461911,23.461911,3.000000,23.590094,23.590094,0.000000,11.200000,3.000000,0.646400,-0.003353,0.000232,4.272608,0.004454,0.059790,-0.000251,0.039592,38.300000,0.000000,0.547448,0.001299,-0.001487,0.001300,-0.002209,0.117659,
0.040000,23.482038,23.482038,6.000000,23.864439,23.864439,0.000000,11.300000,6.000000,0.606000,-0.004130,0.000051,4.276839,0.005064,0.077434,-0.000077,0.019240,38.400000,0.000000,0.518927,0.000984,-0.001356,0.000681,0.002983,0.189168,
0.040000,23.516449,23.516449,7.000000,24.170267,24.170267,0.000000,11.400000,7.000000,0.614800,-0.003466,0.000306,4.275373,0.006071,0.095476,0.000619,0.011122,38.500000,0.000000,0.509475,0.001035,-0.001298,-0.000329,-0.002950,0.182126,
0.040000,23.562861,23.562861,8.000000,24.444675,24.444675,0.000000,11.500000,8.000000,0.602400,-0.004184,-0.000316,4.273041,0.005218,0.114773,0.001009,0.012211,38.600000,0.000000,0.499091,0.001236,-0.001133,0.001836,0.002904,0.181088,
0.040000,23.622101,23.622101,8.000000,24.747662,24.747662,0.000000,11.600000,8.000000,0.600000,-0.004607,-0.000125,4.272420,0.008144,0.135484,0.001167,0.012504,38.700000,0.000000,0.488712,0.001087,-0.001031,-0.002674,-0.003314,0.188416,
0.040000,23.692112,23.692112,6.000000,25.022324,25.022324,0.000000,11.700000,6.000000,0.598000,-0.003807,-0.000083,4.268010,0.010297,0.181154,-0.000763,0.023146,38.800000,0.000000,0.478960,0.001656,-0.000979,0.000719,-0.003909,0.199961,
0.040000,23.775421,23.775421,4.000000,25.358295,25.358295,0.000000,11.800000,4.000000,0.708400,-0.003807,-0.000083,4.268010,0.010297,0.181154,-0.000763,0.012548,38.900000,0.000000,0.469673,0.001829,-0.001233,-0.000039,0.000544,0.213354,
0.040000,23.870737,23.870737,6.000000,25.681738,25.681738,0.000000,12.100000,6.000000,0.663600,-0.003915,-0.000174,4.266083,0.011943,0.206664,-0.000458,0.021451,39.200000,0.000000,0.459339,0.002151,-0.001315,0.001754,0.003067,0.226770,
0.040000,24.010161,24.010161,6.000000,26.659225,26.659225,0.000000,12.200000,6.000000,0.666800,-0.003943,-0.000330,4.265089,0.014785,0.286801,-0.000613,0.009548,39.300000,0.000000,0.449911,0.002499,-0.001227,0.000715,0.000478,0.244282,
0.040000,24.158709,24.158709,5.000000,26.981106,26.981106,0.000000,12.300000,5.000000,0.680400,-0.003800,-0.000459,4.262817,0.016053,0.315319,-0.000314,0.011276,39.400000,0.000000,0.371318,0.003797,-0.001102,0.000532,-0.000152,0.266858,
0.040000,24.315477,24.315477,6.000000,27.294083,27.294083,0.000000,12.400000,6.000000,0.670400,-0.003653,-0.000630,4.266622,0.016599,0.371971,-0.000610,0.009095,39.500000,0.000000,0.363773,0.004083,-0.001021,0.000157,0.000623,0.276497,
0.040000,24.479013,24.479013,5.000000,27.586193,27.586193,0.000000,12.700000,5.000000,0.749200,-0.003653,-0.000630,4.266622,0.016599,0.371971,-0.000610,0.010025,39.800000,0.000000,0.357465,0.003844,-0.001061,0.001424,0.001827,0.278713,
0.040000,24.668322,24.668322,4.000000,28.265190,28.265190,0.000000,12.800000,4.000000,0.740000,-0.003953,-0.001151,4.266360,0.015039,0.457019,-0.000300,0.022372,39.900000,0.000000,0.350519,0.003802,-0.001041,-0.000631,-0.000163,0.283418,
0.040000,24.859029,24.859029,3.000000,28.482458,28.482458,0.000000,12.900000,3.000000,0.748800,-0.003705,-0.000883,4.265291,0.016037,0.485273,-0.000577,0.009083,40.000000,0.000000,0.289934,0.002373,-0.000684,-0.000655,-0.001237,0.283489,
0.040000,25.045413,25.045413,4.000000,28.586708,28.586708,0.000000,13.000000,4.000000,0.715600,-0.003679,-0.001130,4.265659,0.014090,0.513154,-0.000850,0.008601,40.100000,0.000000,0.284301,0.002589,-0.000723,0.001664,0.000563,0.282990,
0.040000,25.231510,25.231510,4.000000,28.767363,28.767363,0.000000,13.100000,4.000000,0.712400,-0.003985,-0.001394,4.265720,0.013152,0.568494,-0.000489,0.011117,40.200000,0.000000,0.278755,0.002177,-0.000761,-0.000211,0.000215,0.280467,
0.040000,25.412130,25.412130,3.000000,28.843912,28.843912,0.000000,13.200000,3.000000,0.792400,-0.003985,-0.001394,4.265720,0.013152,0.568494,-0.000489,0.010658,40.300000,0.000000,0.273754,0.001840,-0.000703,0.000319,-0.000843,0.278493,
0.040000,25.595573,25.595573,2.000000,29.080988,29.080988,0.000000,13.300000,2.000000,0.786800,-0.003338,-0.001250,4.266168,0.012560,0.595948,-0.000442,0.020195,40.400000,0.000000,0.268098,0.001950,-0.000664,-0.000602,-0.001702,0.277033,
0.040000,25.774709,25.774709,3.000000,29.178288,29.178288,0.000000,13.400000,3.000000,0.774800,-0.003488,-0.001213,4.268272,0.012073,0.623192,-0.000471,0.009036,40.500000,0.000000,0.262965,0.001770,-0.000642,0.001281,0.003121,0.275493,
0.040000,25.946354,25.946354,3.000000,29.207607,29.207607,0.000000,13.500000,3.000000,0.782000,-0.003626,-0.001310,4.269866,0.011244,0.650723,-0.000424,0.008970,40.600000,0.000000,0.258194,0.001432,-0.000637,0.001288,0.000063,0.273608,
0.040000,26.114559,26.114559,3.000000,29.310459,29.310459,0.000000,13.600000,3.000000,0.759600,-0.003671,-0.001410,4.269221,0.010360,0.677839,-0.000598,0.008829,40.700000,0.000000,0.253383,0.001096,-0.000617,0.000497,-0.001048,0.274658,
0.040000,26.275939,26.275939,3.000000,29.342152,29.342152,0.000000,13.700000,3.000000,0.742400,-0.003519,-0.001528,4.271751,0.009410,0.704917,-0.000564,0.013559,40.800000,0.000000,0.248301,0.001015,-0.000638,0.000188,-0.000906,0.272490,
0.040000,26.428751,26.428751,3.000000,29.332176,29.332176,0.000000,13.800000,3.000000,0.745600,-0.003406,-0.001888,4.270531,0.006958,0.759054,-0.000545,0.008592,40.900000,0.000000,0.243779,0.000547,-0.000620,-0.000058,0.000347,0.271435,
0.040000,26.573937,26.573937,2.000000,29.332472,29.332472,0.000000,13.900000,2.000000,0.816000,-0.003406,-0.001888,4.270531,0.006958,0.759054,-0.000545,0.012897,41.000000,0.000000,0.238969,0.000601,-0.000603,-0.000862,-0.000527,0.271421,
0.040000,26.710840,26.710840,2.000000,29.311998,29.311998,0.000000,14.000000,2.000000,0.805600,-0.003466,-0.001859,4.269622,0.007046,0.786116,-0.000540,0.021068,41.100000,0.000000,0.233964,0.000327,-0.000592,-0.000536,0.000578,0.270515,
0.040000,26.842698,26.842698,2.000000,29.348000,29.348000,0.000000,14.100000,2.000000,0.798800,-0.003543,-0.002171,4.271353,0.006109,0.813048,-0.000964,0.008694,41.200000,0.000000,0.229324,0.000454,-0.000579,0.000552,-0.000460,0.270580,
0.040000,26.962780,26.962780,2.000000,29.244341,29.244341,0.000000,14.200000,2.000000,0.780400,-0.003612,-0.002164,4.269805,0.004155,0.840066,-0.000826,0.008244,41.300000,0.000000,0.224993,0.000080,-0.000651,-0.001134,-0.000992,0.269797,
0.040000,27.077869,27.077869,2.000000,29.264561,29.264561,0.000000,14.300000,2.000000,0.775200,-0.003424,-0.002093,4.270926,0.003565,0.867064,-0.000819,0.008124,41.400000,0.000000,0.220153,0.000036,-0.000610,0.000208,-0.001166,0.270031,
0.040000,27.182302,27.182302,2.000000,29.166538,29.166538,0.000000,14.400000,2.000000,0.757200,-0.003323,-0.002297,4.272625,0.002747,0.894057,-0.000980,0.011137,41.500000,0.000000,0.215945,-0.000203,-0.000597,0.001103,0.000366,0.270001,
0.040000,27.277125,27.277125,2.000000,29.078764,29.078764,0.000000,14.500000,2.000000,0.761600,-0.003218,-0.002085,4.270169,0.000950,0.947723,-0.000747,0.008222,41.600000,0.000000,0.211846,-0.000553,-0.000618,-0.000279,0.000393,0.269955,
0.040000,27.360118,27.360118,3.000000,28.936979,28.936979,0.000000,14.600000,3.000000,0.817600,-0.003218,-0.002085,4.270169,0.000950,0.947723,-0.000747,0.010637,41.700000,0.000000,0.207380,-0.000008,-0.000604,0.001782,-0.000157,0.268891,
0.040000,27.429646,27.429646,2.000000,28.750679,28.750679,0.000000,14.700000,2.000000,0.798800,-0.003149,-0.002285,4.267379,0.000214,0.974715,-0.000729,0.023389,41.800000,0.000000,0.203120,-0.000383,-0.000547,0.001198,0.000187,0.268605,
0.040000,27.488713,27.488713,2.000000,28.610983,28.610983,0.000000,14.800000,2.000000,0.788800,-0.003178,-0.002249,4.265419,-0.000214,1.001918,-0.001052,0.008785,41.900000,0.000000,0.198737,-0.000019,-0.000530,-0.000247,0.000136,0.269418,
0.040000,27.534544,27.534544,2.000000,28.405340,28.405340,0.000000,14.900000,2.000000,0.780000,-0.003052,-0.002241,4.263813,-0.001678,1.028889,-0.000869,0.008651,42.000000,0.000000,0.194585,0.000251,-0.000581,0.000659,-0.000509,0.271026,
0.040000,27.560706,27.560706,2.000000,28.057774,28.057774,0.000000,15.000000,2.000000,0.778800,-0.003055,-0.002267,4.260512,-0.002949,1.056133,-0.000687,0.010354,42.100000,0.000000,0.190387,0.000356,-0.000533,0.000821,0.000210,0.270216,
0.040000,27.580314,27.580314,2.000000,27.952868,27.952868,0.000000,15.100000,2.000000,0.740000,-0.003035,-0.002423,4.260591,-0.003303,1.083088,-0.000701,0.008089,42.200000,0.000000,0.186132,0.000772,-0.000484,0.000664,-0.000318,0.271586,
0.040000,27.589100,27.589100,2.000000,27.756044,27.756044,0.000000,15.200000,2.000000,0.772400,-0.002885,-0.002616,4.257877,-0.005550,1.137019,-0.000860,0.009792,42.300000,0.000000,0.182450,0.000710,-0.000477,-0.000199,-0.000388,0.270326,
0.040000,27.587128,27.587128,2.000000,27.549654,27.549654,0.000000,15.300000,2.000000,0.790800,-0.002885,-0.002616,4.257877,-0.005550,1.137019,-0.000860,0.010489,42.400000,0.000000,0.178291,0.001117,-0.000520,-0.000052,0.001361,0.270765,
0.040000,27.576020,27.576020,2.000000,27.364967,27.364967,0.000000,15.400000,2.000000,0.785200,-0.002701,-0.002422,4.256157,-0.006483,1.164105,-0.000913,0.021224,42.500000,0.000000,0.174769,0.000937,-0.000487,-0.000291,-0.000897,0.269227,
0.040000,27.550838,27.550838,2.000000,27.072376,27.072376,0.000000,15.500000,2.000000,0.782800,-0.002587,-0.002486,4.257240,-0.007430,1.190923,-0.000782,0.008882,42.600000,0.000000,0.171048,0.001147,-0.000486,0.001552,0.000371,0.270236,
0.040000,27.514042,27.514042,2.000000,26.814917,26.814917,0.000000,15.600000,2.000000,0.768400,-0.002582,-0.002821,4.255988,-0.006561,1.217934,-0.001073,0.008814,42.700000,0.000000,0.167619,0.000857,-0.000451,0.000640,0.000443,0.268967,
0.040000,27.464790,27.464790,2.000000,26.528997,26.528997,0.000000,15.700000,2.000000,0.779200,-0.002454,-0.002541,4.255470,-0.007973,1.244926,-0.000752,0.008601,42.800000,0.000000,0.164408,0.001131,-0.000499,-0.001397,-0.000244,0.269674,
0.040000,27.401261,27.401261,2.000000,26.194218,26.194218,0.000000,15.800000,2.000000,0.756800,-0.002410,-0.002847,4.254308,-0.009534,1.271976,-0.001372,0.008197,42.900000,0.000000,0.160897,0.001108,-0.000425,0.001615,0.000252,0.269830,
0.040000,27.324366,27.324366,2.000000,25.863363,25.863363,0.000000,15.900000,2.000000,0.755200,-0.002265,-0.002742,4.254247,-0.008729,1.322693,-0.000822,0.007776,43.000000,0.000000,0.157385,0.001205,-0.000537,-0.000867,-0.000087,0.270241,
0.040000,27.233445,27.233445,3.000000,25.505936,25.505936,0.000000,16.100000,3.000000,0.804000,-0.002265,-0.002742,4.254247,-0.008729,1.322693,-0.000822,0.008777,43.200000,0.000000,0.154507,0.001159,-0.000595,-0.000430,0.001047,0.265103,
0.040000,27.119105,27.119105,3.000000,24.946655,24.946655,0.000000,16.200000,3.000000,0.773200,-0.002134,-0.002887,4.257838,-0.009683,1.365322,-0.000816,0.022419,43.300000,0.000000,0.151425,0.001217,-0.000407,0.001288,-0.000678,0.252826,
0.040000,26.999691,26.999691,4.000000,24.730825,24.730825,0.000000,16.300000,4.000000,0.773600,-0.002053,-0.002717,4.258076,-0.009162,1.383539,-0.000643,0.008969,43.400000,0.000000,0.139576,-0.000329,-0.000377,-0.000174,0.000019,0.215186,
0.040000,26.874481,26.874481,5.000000,24.495487,24.495487,0.000000,16.400000,5.000000,0.765200,-0.001790,-0.003001,4.258657,-0.009319,1.400098,-0.001196,0.008255,43.500000,0.000000,0.136957,-0.000348,-0.000336,0.001071,0.000170,0.196931,
0.040000,26.745149,26.745149,3.000000,24.287838,24.287838,0.000000,16.500000,3.000000,0.752000,-0.001981,-0.002865,4.258377,-0.009493,1.414754,-0.000906,0.011441,43.600000,0.000000,0.134269,-0.000458,-0.000438,-0.001110,0.001380,0.177864,
0.040000,26.609101,26.609101,3.000000,24.024187,24.024187,0.000000,16.600000,3.000000,0.746800,-0.001798,-0.002792,4.254583,-0.008789,1.429233,-0.000969,0.009190,43.700000,0.000000,0.131600,-0.000401,-0.000373,0.000583,-0.000916,0.158559,
0.040000,26.474601,26.474601,3.000000,23.919115,23.919115,0.000000,16.700000,3.000000,0.739200,-0.001763,-0.002733,4.253063,-0.009251,1.441635,-0.000602,0.011810,43.800000,0.000000,0.129044,0.000362,-0.000376,0.000843,0.000530,0.150055,
0.040000,26.338157,26.338157,2.000000,23.745712,23.745712,0.000000,16.800000,2.000000,0.723600,-0.001563,-0.003005,4.252459,-0.009712,1.452640,-0.001019,0.008227,43.900000,0.000000,0.126386,0.000636,-0.000295,0.000819,0.000205,0.133968,
0.040000,26.199832,26.199832,2.000000,23.571661,23.571661,0.000000,16.900000,2.000000,0.702000,-0.001782,-0.002830,4.251918,-0.010847,1.462636,-0.000871,0.008183,44.000000,0.000000,0.123804,0.000730,-0.000371,-0.001251,0.001124,0.119186,
0.040000,26.061910,26.061910,2.000000,23.441399,23.441399,0.000000,17.000000,2.000000,0.697600,-0.001622,-0.002930,4.251507,-0.011496,1.471774,-0.000653,0.007991,44.100000,0.000000,0.121145,0.000795,-0.000334,0.000702,-0.001109,0.107301,
0.040000,25.925351,25.925351,3.000000,23.330723,23.330723,0.000000,17.100000,3.000000,0.701200,-0.001508,-0.002662,4.251323,-0.010816,1.479838,-0.000707,0.007199,44.200000,0.000000,0.118634,0.000845,-0.000284,-0.000253,0.000402,0.097463,
0.040000,25.790118,25.790118,3.000000,23.220688,23.220688,0.000000,17.200000,3.000000,0.694800,-0.001745,-0.002839,4.252599,-0.012843,1.487189,-0.000853,0.008240,44.300000,0.000000,0.116436,0.000878,-0.000289,0.001642,0.000718,0.087067,
0.040000,25.656163,25.656163,2.000000,23.111017,23.111017,0.000000,17.300000,2.000000,0.699200,-0.001663,-0.002871,4.250357,-0.010973,1.499852,-0.000707,0.008970,44.400000,0.000000,0.113778,0.000575,-0.000312,-0.000396,-0.001311,0.078686,
0.040000,25.523972,25.523972,2.000000,23.012346,23.012346,0.000000,17.400000,2.000000,0.772000,-0.001663,-0.002871,4.250357,-0.010973,1.499852,-0.000707,0.009640,44.500000,0.000000,0.111866,0.000336,-0.000267,0.000013,-0.000442,0.069366,
0.040000,25.393013,25.393013,3.000000,22.904799,22.904799,0.000000,17.500000,3.000000,0.761200,-0.001627,-0.002886,4.252640,-0.011288,1.505521,-0.000919,0.021092,44.600000,0.000000,0.109681,0.001027,-0.000272,-0.000223,0.000053,0.065449,
0.040000,25.265829,25.265829,2.000000,22.849321,22.849321,0.000000,17.600000,2.000000,0.771200,-0.001706,-0.002948,4.248892,-0.013622,1.510916,-0.001134,0.008334,44.700000,0.000000,0.107497,0.000555,-0.000309,-0.000118,0.000147,0.060035,
0.040000,25.140191,25.140191,2.000000,22.753065,22.753065,0.000000,17.700000,2.000000,0.766000,-0.001744,-0.002846,4.249242,-0.012478,1.515121,-0.000596,0.008009,44.800000,0.000000,0.104879,0.001249,-0.000342,-0.000374,-0.000534,0.056271,
0.040000,25.016766,25.016766,2.000000,22.671698,22.671698,0.000000,17.800000,2.000000,0.750800,-0.001623,-0.002949,4.248568,-0.013056,1.519485,-0.000788,0.007696,44.900000,0.000000,0.103046,0.001169,-0.000231,0.000533,-0.000515,0.047480,
0.040000,24.895206,24.895206,2.000000,22.585564,22.585564,0.000000,17.900000,2.000000,0.752000,-0.001486,-0.002824,4.249864,-0.013945,1.523534,-0.000724,0.007969,45.000000,0.000000,0.100899,0.001272,-0.000263,-0.000389,0.000474,0.045109,
0.040000,24.777665,24.777665,3.000000,22.544388,22.544388,0.000000,18.000000,3.000000,0.754400,-0.001324,-0.002909,4.248909,-0.012576,1.526973,-0.000910,0.010613,45.100000,0.000000,0.098754,0.000984,-0.000246,0.000662,0.000954,0.042260,
0.040000,24.661744,24.661744,3.000000,22.459253,22.459253,0.000000,18.100000,3.000000,0.764000,-0.001531,-0.002867,4.247968,-0.014709,1.531328,-0.000842,0.009412,45.200000,0.000000,0.097071,0.001165,-0.000278,-0.000241,0.001305,0.037397,
0.040000,24.549101,24.549101,2.000000,22.408869,22.408869,0.000000,18.200000,2.000000,0.759600,-0.001549,-0.002779,4.247056,-0.015707,1.535592,-0.000682,0.009583,45.300000,0.000000,0.094734,0.001308,-0.000258,0.000205,-0.000853,0.041195,
0.040000,24.439629,24.439629,2.000000,22.359661,22.359661,0.000000,18.300000,2.000000,0.769200,-0.001498,-0.002976,4.247079,-0.016315,1.539228,-0.000840,0.013686,45.400000,0.000000,0.092666,0.001454,-0.000220,0.000661,-0.000517,0.042090,
0.040000,24.332727,24.332727,3.000000,22.301592,22.301592,0.000000,18.400000,3.000000,0.731600,-0.001642,-0.002698,4.248743,-0.015359,1.542474,-0.000755,0.008625,45.500000,0.000000,0.090722,0.001417,-0.000247,-0.000927,0.000057,0.038546,
0.040000,24.226277,24.226277,2.000000,22.203737,22.203737,0.000000,18.500000,2.000000,0.762000,-0.001559,-0.002793,4.249680,-0.015236,1.546488,-0.000759,0.007543,45.600000,0.000000,0.089134,0.001067,-0.000227,0.001392,-0.000926,0.034785,
0.040000,24.122686,24.122686,2.000000,22.154455,22.154455,0.000000,18.600000,2.000000,0.752800,-0.001462,-0.002889,4.251344,-0.015602,1.550020,-0.000992,0.008374,45.700000,0.000000,0.087408,0.000863,-0.000223,-0.000013,0.000092,0.038097,
0.040000,24.021102,24.021102,3.000000,22.090996,22.090996,0.000000,18.700000,3.000000,0.755600,-0.001535,-0.002843,4.249232,-0.015551,1.553489,-0.000963,0.008528,45.800000,0.000000,0.085622,0.000516,-0.000266,-0.000563,0.000569,0.036380,
0.040000,23.921183,23.921183,3.000000,22.022724,22.022724,0.000000,18.800000,3.000000,0.752000,-0.001419,-0.002933,4.249843,-0.018259,1.557787,-0.000858,0.007715,45.900000,0.000000,0.083937,0.000922,-0.000254,0.000098,-0.000293,0.035335,
0.040000,23.821809,23.821809,3.000000,21.933716,21.933716,0.000000,18.900000,3.000000,0.739600,-0.001472,-0.002843,4.249239,-0.016887,1.561248,-0.000828,0.008305,46.000000,0.000000,0.081751,0.000774,-0.000228,-0.000482,0.000527,0.040059,
0.040000,23.725441,23.725441,2.000000,21.894442,21.894442,0.000000,19.000000,2.000000,0.747200,-0.001568,-0.002755,4.248644,-0.019370,1.565362,-0.000843,0.008692,46.100000,0.000000,0.080409,0.000882,-0.000217,0.000406,-0.000190,0.036694,
0.040000,23.631213,23.631213,2.000000,21.840881,21.840881,0.000000,19.100000,2.000000,0.756400,-0.001437,-0.002976,4.248655,-0.018078,1.568666,-0.001072,0.008812,46.200000,0.000000,0.078333,0.000977,-0.000215,0.000739,-0.000732,0.039437,
0.040000,23.537589,23.537589,3.000000,21.758724,21.758724,0.000000,19.200000,3.000000,0.745600,-0.001298,-0.003037,4.250018,-0.018106,1.572047,-0.000892,0.007403,46.300000,0.000000,0.077043,0.000957,-0.000256,-0.001057,0.000468,0.035490,
0.040000,23.445607,23.445607,2.000000,21.697964,21.697964,0.000000,19.300000,2.000000,0.740000,-0.001338,-0.002934,4.250520,-0.019432,1.575793,-0.000820,0.007538,46.400000,0.000000,0.075519,0.000669,-0.000216,-0.000751,0.000979,0.034451,
0.040000,23.356374,23.356374,4.000000,21.660933,21.660933,0.000000,19.500000,4.000000,0.738800,-0.001424,-0.002813,4.248671,-0.019920,1.579050,-0.000696,0.008342,46.600000,0.000000,0.073768,0.000557,-0.000198,0.000383,0.000056,0.036308,
0.040000,23.272699,23.272699,4.000000,21.682875,21.682875,0.000000,19.600000,4.000000,0.714800,-0.001311,-0.003003,4.248675,-0.020410,1.586460,-0.000776,0.011646,46.700000,0.000000,0.072218,0.000912,-0.000168,0.000921,-0.000566,0.033999,
0.040000,23.192977,23.192977,3.000000,21.678259,21.678259,0.000000,19.700000,3.000000,0.710800,-0.001350,-0.002875,4.245748,-0.019932,1.587466,-0.000841,0.009740,46.800000,0.000000,0.066349,0.000840,-0.000186,-0.000805,0.000401,0.036895,
0.040000,23.114874,23.114874,4.000000,21.630913,21.630913,0.000000,19.800000,4.000000,0.707600,-0.001402,-0.002929,4.246737,-0.019520,1.586897,-0.000606,0.008355,46.900000,0.000000,0.065148,0.001397,-0.000194,0.000352,-0.000053,0.022052,
0.040000,23.040909,23.040909,2.000000,21.635574,21.635574,0.000000,19.900000,2.000000,0.741200,-0.001307,-0.002827,4.245309,-0.010883,1.584364,-0.000733,0.011793,47.000000,0.000000,0.063945,0.001174,-0.000144,-0.000195,-0.000323,0.005178,
0.040000,22.969507,22.969507,6.000000,21.612886,21.612886,0.000000,20.000000,6.000000,0.772000,-0.001316,-0.002864,4.247753,0.012637,1.582900,-0.000978,0.007460,47.100000,0.000000,0.064390,0.001404,-0.000168,0.000537,0.000503,-0.013633,
0.040000,22.905515,22.905515,1.000000,21.689651,21.689651,0.000000,20.100000,1.000000,0.728800,-0.001218,-0.002665,4.257470,0.055094,1.588489,-0.000821,0.009675,47.200000,0.000000,0.638018,-0.010484,-0.000566,0.000541,-0.004767,0.157916,
0.040000,22.849966,22.849966,7.000000,21.794535,21.794535,0.000000,20.200000,7.000000,0.664800,-0.001448,-0.002684,4.254476,0.199716,1.620462,-0.000557,0.012462,47.300000,0.000000,0.074741,-0.001196,-0.000202,0.001260,0.000570,0.029100,
0.040000,22.801806,22.801806,4.000000,21.886782,21.886782,0.000000,20.300000,4.000000,0.697600,-0.001448,-0.002684,4.254476,0.199716,1.620462,-0.000557,0.011678,47.400000,0.000000,0.085738,-0.001217,-0.000185,0.001027,-0.002198,0.109963,
0.040000,22.757926,22.757926,5.000000,21.924189,21.924189,0.000000,20.400000,5.000000,0.659600,-0.001865,-0.002653,4.245134,0.279570,1.633544,-0.001154,0.021417,47.500000,0.000000,0.100057,-0.001319,-0.000183,0.000016,-0.000362,0.140750,
0.040000,22.721730,22.721730,6.000000,22.034008,22.034008,0.000000,20.500000,6.000000,0.603200,-0.001454,-0.002317,4.226902,0.441932,1.649107,-0.000822,0.008552,47.600000,0.000000,0.113883,-0.000236,-0.000317,0.000334,-0.002934,0.134606,
0.040000,22.683523,22.683523,4.000000,21.957590,21.957590,0.000000,20.600000,4.000000,0.647600,-0.001454,-0.002317,4.226902,0.441932,1.649107,-0.000822,0.012382,47.700000,0.000000,0.127642,0.000274,-0.000187,0.001193,-0.002626,0.110212,
0.040000,22.647281,22.647281,4.000000,21.958685,21.958685,0.000000,20.700000,4.000000,0.625200,-0.001508,-0.002395,4.218322,0.523645,1.652040,-0.000754,0.020293,47.800000,0.000000,0.141279,0.001188,-0.000302,0.001648,0.002799,0.079492,
0.040000,22.606530,22.606530,5.000000,21.832258,21.832258,0.000000,20.800000,5.000000,0.576800,-0.001672,-0.002149,4.205184,0.685105,1.650522,-0.000107,0.007770,47.900000,0.000000,0.154679,0.001591,-0.000305,0.000172,0.000697,0.048491,
0.040000,22.565035,22.565035,3.000000,21.776634,21.776634,0.000000,20.900000,3.000000,0.657200,-0.001672,-0.002149,4.205184,0.685105,1.650522,-0.000107,0.010229,48.000000,0.000000,0.167772,0.001826,-0.000266,-0.000851,-0.001110,0.018654,
0.040000,22.517327,22.517327,3.000000,21.610868,21.610868,0.000000,21.000000,3.000000,0.612000,-0.001748,-0.002507,4.196090,0.767294,1.647772,-0.000608,0.022368,48.100000,0.000000,0.180252,0.001521,-0.000218,0.002098,-0.000039,-0.002395,
0.040000,22.463291,22.463291,3.000000,21.436623,21.436623,0.000000,21.100000,3.000000,0.576000,-0.001979,-0.002074,4.185057,0.927688,1.637454,0.000769,0.007302,48.200000,0.000000,0.192993,0.001988,-0.000339,-0.001442,-0.000449,-0.017908,
0.040000,22.408649,22.408649,3.000000,21.370447,21.370447,0.000000,21.200000,3.000000,0.671600,-0.001979,-0.002074,4.185057,0.927688,1.637454,0.000769,0.009939,48.300000,0.000000,0.205383,0.002405,-0.000227,0.000045,-0.002250,-0.034699,
0.040000,22.350393,22.350393,3.000000,21.243525,21.243525,0.000000,21.300000,3.000000,0.637600,-0.002053,-0.002016,4.177946,1.009228,1.631334,0.000409,0.020154,48.400000,0.000000,0.216844,0.001708,-0.000117,0.001970,-0.000059,-0.049169,
0.040000,22.288185,22.288185,3.000000,21.106243,21.106243,0.000000,21.400000,3.000000,0.601600,-0.002312,-0.002116,4.170224,1.170194,1.617879,0.000677,0.008534,48.500000,0.000000,0.228708,0.002003,-0.000217,0.001038,-0.000402,-0.056606,
0.040000,22.221160,22.221160,2.000000,20.947685,20.947685,0.000000,21.500000,2.000000,0.691600,-0.002312,-0.002116,4.170224,1.170194,1.617879,0.000677,0.021374,48.600000,0.000000,0.239758,0.002082,-0.000281,0.000529,0.000070,-0.061109,
0.040000,22.149643,22.149643,2.000000,20.790806,20.790806,0.000000,21.600000,2.000000,0.640000,-0.002332,-0.002218,4.167757,1.249268,1.611181,0.000534,0.020692,48.700000,0.000000,0.251259,0.001625,-0.000220,-0.000728,-0.001630,-0.067015,
0.040000,22.074302,22.074302,2.000000,20.642838,20.642838,0.000000,21.700000,2.000000,0.589600,-0.002527,-0.002227,4.164177,1.408157,1.598697,0.000927,0.019888,48.800000,0.000000,0.261911,0.001345,-0.000280,-0.001004,-0.000657,-0.066991,
0.040000,21.994454,21.994454,2.000000,20.477327,20.477327,0.000000,21.800000,2.000000,0.699200,-0.002527,-0.002227,4.164177,1.408157,1.598697,0.000927,0.023263,48.900000,0.000000,0.272811,0.001380,-0.000238,0.001349,-0.002975,-0.064942,
0.040000,21.911414,21.911414,3.000000,20.333670,20.333670,0.000000,21.900000,3.000000,0.666000,-0.002796,-0.002042,4.161427,1.489496,1.593397,0.001228,0.023053,49.000000,0.000000,0.282724,0.000828,-0.000274,-0.001472,0.000542,-0.062609,
0.040000,21.824880,21.824880,3.000000,20.180723,20.180723,0.000000,22.000000,3.000000,0.622000,-0.002284,-0.001935,4.159036,1.646775,1.584487,0.000779,0.009983,49.100000,0.000000,0.293208,0.000907,-0.000249,0.000493,-0.001381,-0.056676,
0.040000,21.739371,21.739371,3.000000,20.114704,20.114704,0.000000,22.100000,3.000000,0.688000,-0.002284,-0.001935,4.159036,1.646775,1.584487,0.000779,0.022226,49.200000,0.000000,0.303025,0.000719,-0.000331,-0.000349,-0.001114,-0.051156,
0.040000,21.653098,21.653098,3.000000,20.013918,20.013918,0.000000,22.200000,3.000000,0.658800,-0.002579,-0.002065,4.160009,1.727038,1.581025,0.000687,0.020145,49.300000,0.000000,0.312492,0.000719,-0.000415,0.000917,0.003439,-0.045092,
0.040000,21.568345,21.568345,2.000000,19.958036,19.958036,0.000000,22.300000,2.000000,0.602800,-0.002485,-0.002012,4.158815,1.886056,1.575994,0.001051,0.010337,49.400000,0.000000,0.322167,0.000296,-0.000462,-0.000504,-0.000471,-0.038625,
0.040000,21.487645,21.487645,2.000000,19.954338,19.954338,0.000000,22.400000,2.000000,0.700000,-0.002485,-0.002012,4.158815,1.886056,1.575994,0.001051,0.009397,49.500000,0.000000,0.331552,0.000423,-0.000352,0.000994,-0.002570,-0.031986,
0.040000,21.408713,21.408713,2.000000,19.909008,19.909008,0.000000,22.500000,2.000000,0.639600,-0.002633,-0.002081,4.159514,1.965979,1.574292,0.000699,0.021833,49.600000,0.000000,0.340664,0.000240,-0.000461,-0.000565,0.002052,-0.026078,
0.040000,21.331620,21.331620,2.000000,19.866840,19.866840,0.000000,22.600000,2.000000,0.615600,-0.002777,-0.002061,4.160249,2.125592,1.572660,0.001629,0.007078,49.700000,0.000000,0.349722,0.000015,-0.000561,-0.000674,-0.000111,-0.020479,
0.040000,21.255248,21.255248,2.000000,19.804180,19.804180,0.000000,22.700000,2.000000,0.703600,-0.002777,-0.002061,4.160249,2.125592,1.572660,0.001629,0.010913,49.800000,0.000000,0.358588,-0.000045,-0.000447,0.000068,-0.002625,-0.013511,
0.040000,21.179004,21.179004,2.000000,19.730381,19.730381,0.000000,22.800000,2.000000,0.649600,-0.002842,-0.002037,4.160028,2.205491,1.572429,0.001716,0.023134,49.900000,0.000000,0.367262,-0.000226,-0.000448,-0.000200,0.000710,-0.009565,
0.040000,21.103004,21.103004,3.000000,19.659006,19.659006,0.000000,22.900000,3.000000,0.619600,-0.003058,-0.002139,4.160779,2.365321,1.573351,0.001703,0.006947,50.000000,0.000000,0.375792,-0.000207,-0.000466,0.000066,-0.000130,-0.005080,
0.040000,21.027219,21.027219,2.000000,19.587299,19.587299,0.000000,23.000000,2.000000,0.697600,-0.003058,-0.002139,4.160779,2.365321,1.573351,0.001703,0.010009,50.100000,0.000000,0.384161,-0.000177,-0.000533,-0.000410,-0.002304,0.000183,
0.040000,20.951176,20.951176,2.000000,19.506355,19.506355,0.000000,23.100000,2.000000,0.651600,-0.003044,-0.002184,4.160996,2.445185,1.574124,0.001522,0.020850,50.200000,0.000000,0.392359,-0.000404,-0.000544,-0.000334,0.000027,0.003640,
0.040000,20.873832,20.873832,2.000000,19.404289,19.404289,0.000000,23.200000,2.000000,0.607200,-0.002833,-0.002315,4.161098,2.604967,1.576417,0.002507,0.007628,50.300000,0.000000,0.400388,-0.000480,-0.000618,-0.000391,0.000088,0.006173,
0.040000,20.795135,20.795135,2.000000,19.299896,19.299896,0.000000,23.300000,2.000000,0.689200,-0.002833,-0.002315,4.161098,2.604967,1.576417,0.002507,0.009661,50.400000,0.000000,0.408290,-0.000314,-0.000571,0.000600,0.000083,0.009180,
0.040000,20.715003,20.715003,5.000000,19.192501,19.192501,0.000000,23.400000,5.000000,0.565200,-0.002678,-0.002026,4.160427,2.675867,1.579140,0.001941,0.021063,50.500000,0.000000,0.415986,-0.000607,-0.000496,-0.001288,0.001257,0.010856,
0.040000,20.644074,20.644074,8.000000,19.296431,19.296431,0.000000,23.600000,8.000000,0.544400,-0.002489,-0.001603,4.172094,2.726660,1.589271,0.002857,0.012803,50.700000,0.000000,0.380755,0.012315,-0.003390,-0.002902,-0.003309,0.142292,
0.040000,20.600328,20.600328,3.000000,19.769144,19.769144,0.000000,23.700000,3.000000,0.509600,-0.003180,-0.002300,4.168524,2.782129,1.628242,0.002258,0.013050,50.800000,0.000000,0.423462,-0.002920,-0.000476,0.003287,0.001594,0.070627,
0.040000,20.569732,20.569732,4.000000,19.988411,19.988411,0.000000,23.800000,4.000000,0.544400,-0.001783,-0.002468,4.167426,2.786167,1.646228,0.001999,0.007679,50.900000,0.000000,0.411978,-0.001688,-0.000727,-0.002612,-0.003558,0.188470,
0.040000,20.552015,20.552015,7.000000,20.215399,20.215399,0.000000,23.900000,7.000000,0.544400,-0.002528,-0.002315,4.167167,2.787327,1.663475,0.002319,0.008845,51.000000,0.000000,0.404672,-0.001484,-0.000766,-0.001848,0.005896,0.183726,
0.040000,20.544571,20.544571,4.000000,20.403122,20.403122,0.000000,24.000000,4.000000,0.537200,-0.004490,-0.002539,4.162864,2.786606,1.682991,0.003229,0.017637,51.100000,0.000000,0.396934,-0.001422,-0.000688,0.000434,-0.002472,0.176865,
0.040000,20.550597,20.550597,4.000000,20.665096,20.665096,0.000000,24.100000,4.000000,0.525600,-0.002887,-0.002624,4.168919,2.790375,1.701614,0.002718,0.008317,51.200000,0.000000,0.389052,-0.000537,-0.000493,-0.000793,-0.013338,0.188114,
0.040000,20.569007,20.569007,4.000000,20.918800,20.918800,0.000000,24.200000,4.000000,0.525600,-0.002422,-0.002593,4.164565,2.788724,1.723213,0.001925,0.009334,51.300000,0.000000,0.381990,-0.001795,-0.000590,-0.000406,0.004508,0.186976,
0.040000,20.597335,20.597335,4.000000,21.135557,21.135557,0.000000,24.300000,4.000000,0.512800,-0.003097,-0.002773,4.163043,2.790207,1.770289,0.002987,0.009092,51.400000,0.000000,0.374251,-0.000866,-0.000731,0.000388,0.004251,0.204910,
0.040000,20.636993,20.636993,3.000000,21.390503,21.390503,0.000000,24.400000,3.000000,0.671200,-0.003097,-0.002773,4.163043,2.790207,1.770289,0.002987,0.012863,51.500000,0.000000,0.366996,-0.000198,-0.000527,0.000357,-0.002602,0.221791,
0.040000,20.686966,20.686966,3.000000,21.636442,21.636442,0.000000,24.500000,3.000000,0.673200,-0.002983,-0.002881,4.161944,2.791185,1.795860,0.002665,0.021358,51.600000,0.000000,0.359965,-0.000598,-0.000498,-0.000338,-0.001714,0.232133,
0.040000,20.749196,20.749196,3.000000,21.931568,21.931568,0.000000,24.600000,3.000000,0.652400,-0.002925,-0.002740,4.162870,2.792821,1.822116,0.002580,0.008829,51.700000,0.000000,0.353098,-0.000412,-0.000552,-0.000318,-0.000398,0.246703,
0.040000,20.821123,20.821123,3.000000,22.187735,22.187735,0.000000,24.700000,3.000000,0.646800,-0.002894,-0.002830,4.163327,2.793539,1.849169,0.002821,0.011046,51.800000,0.000000,0.346409,-0.000654,-0.000559,0.001230,-0.000247,0.256500,
0.040000,20.906290,20.906290,3.000000,22.524475,22.524475,0.000000,24.800000,3.000000,0.648000,-0.002975,-0.002996,4.164872,2.794319,1.876902,0.002676,0.010810,51.900000,0.000000,0.339691,-0.000764,-0.000501,0.000404,-0.000367,0.265170,
0.040000,21.007595,21.007595,3.000000,22.932381,22.932381,0.000000,24.900000,3.000000,0.648800,-0.002802,-0.002932,4.167172,2.794974,1.904701,0.003104,0.009278,52.000000,0.000000,0.333054,-0.001084,-0.000521,-0.000370,-0.001145,0.272686,
0.040000,21.121243,21.121243,3.000000,23.280552,23.280552,0.000000,25.000000,3.000000,0.660000,-0.002554,-0.002979,4.167308,2.797397,1.962072,0.002998,0.008277,52.100000,0.000000,0.326469,-0.001534,-0.000428,0.000750,0.000125,0.275965,
0.040000,21.244669,21.244669,3.000000,23.589777,23.589777,0.000000,25.100000,3.000000,0.744800,-0.002554,-0.002979,4.167308,2.797397,1.962072,0.002998,0.010280,52.200000,0.000000,0.320397,-0.001513,-0.000593,-0.000849,0.000403,0.282526,
0.040000,21.377710,21.377710,3.000000,23.905476,23.905476,0.000000,25.200000,3.000000,0.741200,-0.002594,-0.002931,4.167992,2.798534,1.989939,0.002963,0.021507,52.300000,0.000000,0.314142,-0.001658,-0.000430,0.001465,0.000240,0.285370,
0.040000,21.518772,21.518772,3.000000,24.198963,24.198963,0.000000,25.300000,3.000000,0.725200,-0.002427,-0.003317,4.169323,2.797588,2.018365,0.002668,0.009043,52.400000,0.000000,0.308097,-0.001836,-0.000430,0.001301,-0.000665,0.281232,
0.040000,21.667231,21.667231,4.000000,24.487940,24.487940,0.000000,25.400000,4.000000,0.708800,-0.002487,-0.003262,4.167648,2.797937,2.046560,0.002718,0.011252,52.500000,0.000000,0.301738,-0.001964,-0.000479,-0.001446,0.000234,0.283101,
0.040000,21.823430,21.823430,3.000000,24.791216,24.791216,0.000000,25.500000,3.000000,0.722800,-0.002077,-0.003079,4.166240,2.797805,2.074411,0.002660,0.008914,52.600000,0.000000,0.295986,-0.001657,-0.000459,0.000211,-0.000857,0.282387,
0.040000,21.981710,21.981710,3.000000,24.989033,24.989033,0.000000,25.600000,3.000000,0.716000,-0.002040,-0.003298,4.170543,2.797505,2.102478,0.002450,0.008720,52.700000,0.000000,0.290246,-0.001365,-0.000461,0.001604,0.001661,0.279999,
0.040000,22.143290,22.143290,3.000000,25.213314,25.213314,0.000000,25.700000,3.000000,0.698000,-0.001752,-0.003367,4.169426,2.796727,2.158184,0.002695,0.009299,52.800000,0.000000,0.284052,-0.002053,-0.000495,-0.000379,0.000308,0.280413,
0.040000,22.305479,22.305479,3.000000,25.387054,25.387054,0.000000,25.800000,3.000000,0.778400,-0.001752,-0.003367,4.169426,2.796727,2.158184,0.002695,0.010229,52.900000,0.000000,0.278355,-0.001957,-0.000380,-0.000605,-0.001504,0.280193,
0.040000,22.466137,22.466137,3.000000,25.518658,25.518658,0.000000,25.900000,3.000000,0.770800,-0.001658,-0.003325,4.170889,2.795490,2.186264,0.002711,0.021338,53.000000,0.000000,0.272930,-0.001708,-0.000428,0.000508,0.001664,0.278223,
0.040000,22.629006,22.629006,2.000000,25.723515,25.723515,0.000000,26.000000,2.000000,0.767200,-0.001595,-0.003290,4.169050,2.795857,2.213172,0.002897,0.009775,53.100000,0.000000,0.267175,-0.001780,-0.000416,0.000751,0.000635,0.279819,
0.040000,22.791610,22.791610,3.000000,25.881084,25.881084,0.000000,26.100000,3.000000,0.762000,-0.001600,-0.003434,4.169941,2.795812,2.240798,0.002333,0.008033,53.200000,0.000000,0.262166,-0.001490,-0.000371,0.000772,0.000085,0.273180,
0.040000,22.948589,22.948589,3.000000,25.931177,25.931177,0.000000,26.200000,3.000000,0.740800,-0.001356,-0.003542,4.170816,2.794659,2.267798,0.002429,0.008865,53.300000,0.000000,0.256873,-0.001595,-0.000475,-0.000323,-0.000575,0.275084,
0.040000,23.105277,23.105277,3.000000,26.082355,26.082355,0.000000,26.300000,3.000000,0.751200,-0.001093,-0.003512,4.173074,2.792144,2.295308,0.002306,0.008823,53.400000,0.000000,0.251512,-0.001558,-0.000447,-0.000543,0.000710,0.271946,
0.040000,23.255308,23.255308,2.000000,26.105907,26.105907,0.000000,26.400000,2.000000,0.752800,-0.001062,-0.003483,4.175750,2.793320,2.350290,0.002653,0.012580,53.500000,0.000000,0.245874,-0.001550,-0.000461,0.000186,0.001296,0.273902,
0.040000,23.400344,23.400344,2.000000,26.156021,26.156021,0.000000,26.500000,2.000000,0.803200,-0.001062,-0.003483,4.175750,2.793320,2.350290,0.002653,0.011397,53.600000,0.000000,0.240798,-0.001991,-0.000428,0.001195,-0.001179,0.275934,
0.040000,23.543551,23.543551,2.000000,26.264477,26.264477,0.000000,26.600000,2.000000,0.798400,-0.000953,-0.003319,4.178777,2.792404,2.377040,0.002351,0.017982,53.700000,0.000000,0.236078,-0.002032,-0.000377,-0.000088,0.000246,0.273891,
0.040000,23.678978,23.678978,2.000000,26.252104,26.252104,0.000000,26.700000,2.000000,0.774400,-0.000923,-0.003264,4.177014,2.791591,2.403946,0.002603,0.011330,53.800000,0.000000,0.230862,-0.002290,-0.000429,0.001147,0.000206,0.269941,
0.040000,23.808629,23.808629,2.000000,26.271992,26.271992,0.000000,26.800000,2.000000,0.774400,-0.000762,-0.003382,4.177587,2.791126,2.431067,0.002559,0.009382,53.900000,0.000000,0.226439,-0.001887,-0.000370,0.000931,-0.000281,0.269396,
0.040000,23.930247,23.930247,2.000000,26.240992,26.240992,0.000000,26.900000,2.000000,0.755200,-0.000808,-0.003226,4.178336,2.788759,2.458079,0.002747,0.008781,54.000000,0.000000,0.221817,-0.001858,-0.000371,-0.000234,0.000332,0.270519,
0.040000,24.042332,24.042332,3.000000,26.171949,26.171949,0.000000,27.000000,3.000000,0.785600,-0.000748,-0.003020,4.179063,2.788499,2.485026,0.002689,0.008289,54.100000,0.000000,0.217015,-0.001563,-0.000326,0.001009,-0.000711,0.270271,
0.040000,24.147285,24.147285,2.000000,26.141394,26.141394,0.000000,27.100000,2.000000,0.751600,-0.000436,-0.003191,4.179679,2.787596,2.538804,0.002573,0.010906,54.200000,0.000000,0.212581,-0.001583,-0.000331,0.001784,-0.000423,0.269774,
0.040000,24.245015,24.245015,2.000000,26.101871,26.101871,0.000000,27.300000,2.000000,0.801600,-0.000436,-0.003191,4.179679,2.787596,2.538804,0.002573,0.009220,54.400000,0.000000,0.208141,-0.001773,-0.000368,-0.000834,0.000205,0.268808,
0.040000,24.327395,24.327395,2.000000,25.892628,25.892628,0.000000,27.500000,2.000000,0.797200,-0.000327,-0.003090,4.180454,2.786737,2.592457,0.002661,0.021846,54.600000,0.000000,0.204064,-0.001451,-0.000339,0.000343,0.000582,0.269282,
0.040000,24.391498,24.391498,2.000000,25.609449,25.609449,0.000000,27.600000,2.000000,0.768400,-0.000206,-0.002941,4.182097,2.785601,2.646081,0.003046,0.009605,54.700000,0.000000,0.187549,-0.001231,-0.000278,0.000590,-0.000252,0.268318,
0.040000,24.444327,24.444327,2.000000,25.448084,25.448084,0.000000,27.700000,2.000000,0.776400,-0.000102,-0.003096,4.182336,2.785748,2.672913,0.002335,0.010290,54.800000,0.000000,0.172049,-0.001091,-0.000104,0.000804,-0.000208,0.268133,
0.040000,24.486128,24.486128,2.000000,25.280346,25.280346,0.000000,27.800000,2.000000,0.770800,0.000116,-0.002987,4.185308,2.784720,2.726646,0.002675,0.007543,54.900000,0.000000,0.168645,-0.001117,-0.000242,-0.000474,0.000032,0.268237,
0.040000,24.515024,24.515024,2.000000,25.064041,25.064041,0.000000,27.900000,2.000000,0.834400,0.000116,-0.002987,4.185308,2.784720,2.726646,0.002675,0.009068,55.000000,0.000000,0.165115,-0.001056,-0.000198,0.000094,0.000430,0.268261,
0.040000,24.532576,24.532576,2.000000,24.866068,24.866068,0.000000,28.000000,2.000000,0.800400,0.000079,-0.002782,4.185680,2.784581,2.753293,0.002857,0.020903,55.100000,0.000000,0.161476,-0.001148,-0.000167,0.000419,0.000080,0.268751,
0.040000,24.537037,24.537037,2.000000,24.621803,24.621803,0.000000,28.100000,2.000000,0.803600,0.000132,-0.002834,4.186457,2.784568,2.780071,0.002478,0.007427,55.200000,0.000000,0.158226,-0.001130,-0.000128,0.001411,-0.000677,0.267341,
0.040000,24.528991,24.528991,2.000000,24.376114,24.376114,0.000000,28.200000,2.000000,0.792800,0.000221,-0.002821,4.187010,2.784097,2.806937,0.002781,0.017652,55.300000,0.000000,0.154974,-0.001163,-0.000200,0.000200,-0.000396,0.267612,
0.040000,24.508530,24.508530,2.000000,24.119761,24.119761,0.000000,28.300000,2.000000,0.793600,0.000284,-0.002753,4.188328,2.783280,2.834007,0.002773,0.008122,55.400000,0.000000,0.151793,-0.001092,-0.000136,0.000126,-0.000068,0.268261,
0.040000,24.473346,24.473346,2.000000,23.804846,23.804846,0.000000,28.400000,2.000000,0.786400,0.000424,-0.002703,4.187261,2.782860,2.860701,0.002746,0.009961,55.500000,0.000000,0.148511,-0.001004,-0.000135,0.000426,-0.000102,0.269770,
0.040000,24.425801,24.425801,2.000000,23.522449,23.522449,0.000000,28.500000,2.000000,0.780800,0.000664,-0.002787,4.186635,2.782786,2.909473,0.002853,0.011926,55.600000,0.000000,0.145765,-0.000842,-0.000137,0.000412,0.000377,0.268019,
0.040000,24.368632,24.368632,2.000000,23.282423,23.282423,0.000000,28.600000,2.000000,0.842000,0.000664,-0.002787,4.186635,2.782786,2.909473,0.002853,0.011261,55.700000,0.000000,0.142997,-0.000846,-0.000203,-0.001915,0.001983,0.260489,
0.040000,24.300468,24.300468,2.000000,23.005362,23.005362,0.000000,28.700000,2.000000,0.838000,0.000815,-0.002896,4.184446,2.782002,2.930591,0.002290,0.020205,55.800000,0.000000,0.140199,-0.000761,-0.000109,0.000624,-0.000467,0.242819,
0.040000,24.224197,24.224197,3.000000,22.775034,22.775034,0.000000,28.800000,3.000000,0.823600,0.000878,-0.002524,4.183966,2.782586,2.949407,0.002667,0.008093,55.900000,0.000000,0.137824,-0.000496,-0.000217,-0.000533,0.000379,0.223263,
0.040000,24.139731,24.139731,2.000000,22.534876,22.534876,0.000000,28.900000,2.000000,0.812800,0.001023,-0.002544,4.182673,2.781672,2.966566,0.002782,0.008928,56.000000,0.000000,0.135227,-0.000579,-0.000139,0.001999,0.000224,0.201573,
0.040000,24.049832,24.049832,3.000000,22.341757,22.341757,0.000000,29.000000,3.000000,0.808000,0.001058,-0.002639,4.181933,2.781364,2.981988,0.002584,0.007687,56.100000,0.000000,0.132779,-0.000343,-0.000113,0.000538,0.000713,0.183042,
0.040000,23.955249,23.955249,3.000000,22.158182,22.158182,0.000000,29.100000,3.000000,0.788400,0.001404,-0.002720,4.180784,2.781301,2.995535,0.002279,0.009635,56.200000,0.000000,0.130297,-0.000251,-0.000149,-0.000483,0.000242,0.165230,
0.040000,23.857024,23.857024,2.000000,21.990738,21.990738,0.000000,29.200000,2.000000,0.802800,0.001552,-0.002382,4.180453,2.783113,3.007855,0.001870,0.009098,56.300000,0.000000,0.127952,-0.000197,-0.000206,-0.000788,0.002003,0.146841,
0.040000,23.755208,23.755208,3.000000,21.820711,21.820711,0.000000,29.300000,3.000000,0.801600,0.001113,-0.002805,4.181645,2.782416,3.019575,0.002314,0.011561,56.400000,0.000000,0.125547,-0.000537,-0.000283,0.001676,0.001489,0.132230,
0.040000,23.651100,23.651100,3.000000,21.673050,21.673050,0.000000,29.400000,3.000000,0.786000,0.001177,-0.002642,4.179027,2.780074,3.029806,0.002277,0.010721,56.500000,0.000000,0.122821,-0.000422,-0.000190,-0.002067,-0.002337,0.122935,
0.040000,23.545149,23.545149,3.000000,21.532084,21.532084,0.000000,29.500000,3.000000,0.802400,0.001019,-0.002554,4.182283,2.780688,3.038781,0.002609,0.008109,56.600000,0.000000,0.120856,0.000108,-0.000192,0.000145,-0.000669,0.110191,
0.040000,23.438447,23.438447,2.000000,21.411108,21.411108,0.000000,29.600000,2.000000,0.781600,0.001572,-0.002547,4.178675,2.781169,3.047358,0.001775,0.012639,56.700000,0.000000,0.117849,-0.000087,-0.000124,0.000536,-0.001373,0.097552,
0.040000,23.331455,23.331455,3.000000,21.298603,21.298603,0.000000,29.700000,3.000000,0.776000,0.001704,-0.002492,4.181339,2.780960,3.055164,0.002362,0.010004,56.800000,0.000000,0.116243,-0.000106,-0.000285,0.000178,0.002758,0.090282,
0.040000,23.224563,23.224563,2.000000,21.193607,21.193607,0.000000,29.800000,2.000000,0.776800,0.001511,-0.002207,4.181245,2.780846,3.061895,0.002137,0.009412,56.900000,0.000000,0.113423,-0.000112,-0.000164,0.000333,0.001750,0.082731,
0.040000,23.118352,23.118352,3.000000,21.100338,21.100338,0.000000,29.900000,3.000000,0.774800,0.001313,-0.002459,4.181405,2.781056,3.068112,0.002644,0.007489,57.000000,0.000000,0.111202,-0.000086,-0.000206,0.001817,-0.000627,0.073195,
0.040000,23.013320,23.013320,3.000000,21.017723,21.017723,0.000000,30.000000,3.000000,0.771600,0.001805,-0.002705,4.181357,2.781735,3.073467,0.001859,0.009157,57.100000,0.000000,0.108980,-0.000129,-0.000102,-0.000913,-0.001553,0.066376,
0.040000,22.909794,22.909794,3.000000,20.942802,20.942802,0.000000,30.100000,3.000000,0.759200,0.001500,-0.002317,4.180995,2.783475,3.078082,0.002352,0.008964,57.200000,0.000000,0.106849,-0.000258,-0.000255,-0.001922,0.002362,0.058462,
0.040000,22.807500,22.807500,2.000000,20.863911,20.863911,0.000000,30.200000,2.000000,0.770800,0.001452,-0.002448,4.182891,2.782799,3.087134,0.002285,0.011637,57.300000,0.000000,0.104835,-0.000591,-0.000153,0.001618,-0.001051,0.050844,
0.040000,22.706985,22.706985,2.000000,20.797203,20.797203,0.000000,30.300000,2.000000,0.820400,0.001452,-0.002448,4.182891,2.782799,3.087134,0.002285,0.010251,57.400000,0.000000,0.102134,-0.000226,-0.000230,0.000343,-0.000821,0.051266,
0.040000,22.608099,22.608099,1.000000,20.729261,20.729261,0.000000,30.400000,1.000000,0.799600,0.001361,-0.002299,4.183520,2.781673,3.091263,0.002219,0.020447,57.500000,0.000000,0.100367,-0.000467,-0.000159,-0.000484,-0.000322,0.043682,
0.040000,22.511160,22.511160,2.000000,20.669317,20.669317,0.000000,30.500000,2.000000,0.799600,0.001401,-0.002555,4.182565,2.781178,3.094857,0.002296,0.007624,57.600000,0.000000,0.098250,-0.000243,-0.000169,0.000701,-0.000746,0.042201,
0.040000,22.415792,22.415792,3.000000,20.603809,20.603809,0.000000,30.600000,3.000000,0.804800,0.001660,-0.002480,4.180865,2.781775,3.098942,0.001792,0.010193,57.700000,0.000000,0.096493,-0.000131,-0.000150,-0.001346,-0.000091,0.038333,
0.040000,22.322169,22.322169,2.000000,20.543331,20.543331,0.000000,30.700000,2.000000,0.809200,0.001454,-0.002338,4.181415,2.780910,3.102777,0.002566,0.009243,57.800000,0.000000,0.094929,-0.000230,-0.000246,-0.000090,0.001503,0.039891,
0.040000,22.229893,22.229893,3.000000,20.476637,20.476637,0.000000,30.800000,3.000000,0.796400,0.001515,-0.002278,4.185204,2.782450,3.106525,0.002281,0.008168,57.900000,0.000000,0.092938,-0.000060,-0.000088,0.000802,-0.000757,0.038934,
0.040000,22.139216,22.139216,2.000000,20.416365,20.416365,0.000000,30.900000,2.000000,0.811600,0.001455,-0.002270,4.182773,2.781857,3.110617,0.002305,0.010686,58.000000,0.000000,0.090367,-0.000391,-0.000145,0.000647,0.000034,0.038040,
0.040000,22.050096,22.050096,4.000000,20.356812,20.356812,0.000000,31.000000,4.000000,0.811200,0.001487,-0.002274,4.182031,2.783279,3.113629,0.002440,0.008082,58.100000,0.000000,0.089057,-0.000250,-0.000136,0.000258,-0.000418,0.039820,
0.040000,21.962518,21.962518,2.000000,20.298538,20.298538,0.000000,31.100000,2.000000,0.797200,0.001497,-0.002418,4.184658,2.781343,3.118366,0.001972,0.011832,58.200000,0.000000,0.087454,-0.000521,-0.000107,0.000045,-0.000000,0.033824,
0.040000,21.876272,21.876272,2.000000,20.237585,20.237585,0.000000,31.200000,2.000000,0.806800,0.001708,-0.002359,4.185276,2.783074,3.121838,0.002166,0.009300,58.300000,0.000000,0.085196,-0.000143,-0.000197,-0.000916,-0.000009,0.042192,
0.040000,21.791148,21.791148,3.000000,20.173803,20.173803,0.000000,31.300000,3.000000,0.789200,0.001499,-0.002251,4.183954,2.782485,3.125453,0.002236,0.008090,58.400000,0.000000,0.083399,-0.000485,-0.000156,-0.000016,0.001246,0.037580,
0.040000,21.707188,21.707188,2.000000,20.111944,20.111944,0.000000,31.400000,2.000000,0.792400,0.001498,-0.002268,4.184288,2.781806,3.129511,0.002114,0.007779,58.500000,0.000000,0.082010,-0.000354,-0.000138,0.000625,-0.000863,0.036695,
0.040000,21.624487,21.624487,3.000000,20.053171,20.053171,0.000000,31.500000,3.000000,0.796800,0.001800,-0.002370,4.187221,2.782369,3.132629,0.002260,0.010949,58.600000,0.000000,0.080321,-0.000214,-0.000160,0.000093,-0.000394,0.039092,
0.040000,21.542863,21.542863,3.000000,19.992008,19.992008,0.000000,31.600000,3.000000,0.794000,0.001597,-0.002348,4.188327,2.783261,3.136453,0.002468,0.008571,58.700000,0.000000,0.078155,-0.000328,-0.000129,-0.000626,0.001673,0.034209,
0.040000,21.462171,21.462171,2.000000,19.929022,19.929022,0.000000,31.700000,2.000000,0.788000,0.001531,-0.002204,4.186644,2.782950,3.140420,0.002531,0.009444,58.800000,0.000000,0.076394,-0.000500,-0.000086,-0.000143,-0.000672,0.036696,
0.040000,21.382413,21.382413,2.000000,19.867012,19.867012,0.000000,31.800000,2.000000,0.798000,0.001698,-0.002340,4.186871,2.784292,-3.139249,0.002099,0.008925,58.900000,0.000000,0.075216,-0.000427,-0.000071,0.000798,-0.000724,0.038533,
0.040000,21.303659,21.303659,2.000000,19.807335,19.807335,0.000000,31.900000,2.000000,0.793200,0.001646,-0.002236,4.187256,2.782568,-3.135768,0.002171,0.009452,59.000000,0.000000,0.073685,-0.000683,-0.000156,-0.000575,0.000706,0.036454,
0.040000,21.225759,21.225759,2.000000,19.745647,19.745647,0.000000,32.000000,2.000000,0.789200,0.001568,-0.002317,4.188808,2.784484,-3.132267,0.002423,0.011530,59.100000,0.000000,0.072153,-0.000329,-0.000138,0.000392,-0.000098,0.035436,
0.040000,21.148923,21.148923,5.000000,19.689051,19.689051,0.000000,32.100000,5.000000,0.773200,0.001658,-0.002202,4.186999,2.784829,-3.128785,0.002361,0.007681,59.200000,0.000000,0.070417,-0.000700,-0.000086,-0.000386,-0.000567,0.035173,
0.040000,21.076589,21.076589,4.000000,19.702238,19.702238,0.000000,32.200000,4.000000,0.778800,0.001845,-0.002093,4.187084,2.783214,-3.127052,0.001853,0.009596,59.300000,0.000000,0.069382,-0.000757,-0.000097,0.000524,0.000290,0.034955,
0.040000,21.007373,21.007373,3.000000,19.692272,19.692272,0.000000,32.300000,3.000000,0.746800,0.001678,-0.002572,4.184192,2.785369,-3.127978,0.001904,0.019254,59.400000,0.000000,0.067998,-0.000422,-0.000195,0.000854,0.001240,0.024067,
0.040000,20.941643,20.941643,4.000000,19.692770,19.692770,0.000000,32.400000,4.000000,0.758000,0.001565,-0.002202,4.179367,2.786165,-3.129159,0.002347,0.008280,59.500000,0.000000,0.067219,-0.000849,-0.000180,-0.002624,-0.000542,0.003466,
0.040000,20.881829,20.881829,4.000000,19.745356,19.745356,0.000000,32.500000,4.000000,0.808000,0.001810,-0.002170,4.163259,2.785225,-3.131516,0.002038,0.009358,59.600000,0.000000,0.066841,-0.001002,-0.000088,0.001298,-0.000890,-0.005979,
0.040000,20.823782,20.823782,5.000000,19.720892,19.720892,0.000000,32.600000,5.000000,0.764800,0.002015,-0.002265,4.131046,2.781571,-3.127499,0.002002,0.010363,59.700000,0.000000,0.068707,-0.000836,-0.000142,0.000720,0.001204,-0.016845,
0.040000,20.779673,20.779673,5.000000,19.941610,19.941610,0.000000,32.700000,5.000000,0.709200,0.001787,-0.002157,4.076699,2.780520,-3.113998,0.002079,0.009558,59.800000,0.000000,0.073726,-0.000161,-0.000133,-0.000359,0.001678,0.018396,
0.040000,20.753593,20.753593,5.000000,20.258066,20.258066,0.000000,32.800000,5.000000,0.696000,0.002014,-0.002477,3.915323,2.775147,-3.083083,0.001275,0.011070,59.900000,0.000000,0.083018,-0.000102,-0.000094,0.000373,-0.000958,0.090461,
0.040000,20.742144,20.742144,4.000000,20.524622,20.524622,0.000000,32.900000,4.000000,0.722400,0.002014,-0.002477,3.915323,2.775147,-3.083083,0.001275,0.010889,60.000000,0.000000,0.096587,-0.000261,-0.000107,0.000111,0.001630,0.141120,
0.040000,20.741805,20.741805,4.000000,20.735350,20.735350,0.000000,33.000000,4.000000,0.671600,0.002136,-0.002150,3.834912,2.770093,-3.072715,0.000465,0.019945,60.100000,0.000000,0.111404,-0.000201,-0.000186,-0.002290,-0.000391,0.138401,
0.040000,20.749522,20.749522,6.000000,20.896147,20.896147,0.000000,33.100000,6.000000,0.620400,0.001754,-0.001811,3.669439,2.758654,-3.062909,0.001188,0.011204,60.200000,0.000000,0.125138,-0.000129,-0.000310,0.001014,0.000456,0.116948,
0.040000,20.762085,20.762085,4.000000,21.000778,21.000778,0.000000,33.200000,4.000000,0.698400,0.001754,-0.001811,3.669439,2.758654,-3.062909,0.001188,0.011935,60.300000,0.000000,0.139403,-0.000037,-0.000137,0.002459,0.000323,0.085537,
0.040000,20.777331,20.777331,4.000000,21.067013,21.067013,0.000000,33.300000,4.000000,0.658000,0.001833,-0.001504,3.587396,2.752234,-3.062129,0.000693,0.021059,60.400000,0.000000,0.152714,-0.000228,-0.000088,0.000836,-0.002503,0.052406,
0.040000,20.793102,20.793102,3.000000,21.092756,21.092756,0.000000,33.400000,3.000000,0.626000,0.001709,-0.000677,3.427810,2.739262,-3.066070,0.000292,0.009435,60.500000,0.000000,0.165973,-0.000233,-0.000156,0.002209,-0.000476,0.024837,
0.040000,20.808853,20.808853,3.000000,21.108114,21.108114,0.000000,33.500000,3.000000,0.701200,0.001709,-0.000677,3.427810,2.739262,-3.066070,0.000292,0.011249,60.600000,0.000000,0.179096,-0.000301,-0.000238,-0.000728,-0.001938,-0.000604,
0.040000,20.823341,20.823341,3.000000,21.098608,21.098608,0.000000,33.600000,3.000000,0.660000,0.001912,-0.001146,3.346848,2.733560,-3.070170,-0.000929,0.020255,60.700000,0.000000,0.190821,-0.000145,-0.000173,0.006442,0.000286,-0.014499,
0.040000,20.835954,20.835954,3.000000,21.075603,21.075603,0.000000,33.700000,3.000000,0.662000,0.001148,-0.001161,3.183987,2.723264,-3.081403,-0.000345,0.008831,60.800000,0.000000,0.203104,-0.000226,-0.000384,-0.000393,0.001382,-0.030879,
0.040000,20.845566,20.845566,3.000000,21.028204,21.028204,0.000000,33.800000,3.000000,0.702000,0.001148,-0.001161,3.183987,2.723264,-3.081403,-0.000345,0.022812,60.900000,0.000000,0.215065,-0.000435,-0.000089,-0.001103,-0.002281,-0.044238,
0.040000,20.852378,20.852378,2.000000,20.981792,20.981792,0.000000,33.900000,2.000000,0.655600,0.001084,-0.001367,3.102898,2.718920,-3.087921,-0.001007,0.021215,61.000000,0.000000,0.227116,-0.000395,-0.000205,0.000544,-0.002695,-0.053881,
0.040000,20.856325,20.856325,3.000000,20.931318,20.931318,0.000000,34.000000,3.000000,0.648000,0.001120,-0.001470,2.943878,2.711822,-3.101545,-0.000689,0.011198,61.100000,0.000000,0.238689,-0.000494,-0.000314,-0.001025,-0.001377,-0.060864,
0.040000,20.857403,20.857403,2.000000,20.877888,20.877888,0.000000,34.100000,2.000000,0.705600,0.001120,-0.001470,2.943878,2.711822,-3.101545,-0.000689,0.008255,61.200000,0.000000,0.249802,-0.000614,-0.000327,0.001182,0.000141,-0.065595,
0.040000,20.855832,20.855832,2.000000,20.825989,20.825989,0.000000,34.200000,2.000000,0.682400,0.001061,-0.001429,2.863573,2.709160,-3.108149,-0.001075,0.020101,61.300000,0.000000,0.260519,-0.000650,-0.000203,-0.001656,-0.000282,-0.066907,
0.040000,20.852173,20.852173,3.000000,20.782652,20.782652,0.000000,34.300000,3.000000,0.651600,0.000447,-0.001563,2.705185,2.704595,-3.119680,-0.001653,0.006929,61.400000,0.000000,0.271264,-0.000747,-0.000257,-0.000337,-0.000415,-0.066376,
0.040000,20.846767,20.846767,2.000000,20.744045,20.744045,0.000000,34.400000,2.000000,0.729600,0.000447,-0.001563,2.705185,2.704595,-3.119680,-0.001653,0.010444,61.500000,0.000000,0.281812,-0.000818,-0.000205,-0.001831,-0.004154,-0.062107,
0.040000,20.840249,20.840249,2.000000,20.716413,20.716413,0.000000,34.500000,2.000000,0.673200,0.000528,-0.001482,2.625025,2.702960,-3.124655,-0.002065,0.022244,61.600000,0.000000,0.291675,-0.000770,-0.000340,0.000217,-0.001270,-0.058235,
0.040000,20.833889,20.833889,2.000000,20.713051,20.713051,0.000000,34.600000,2.000000,0.672000,0.000445,-0.001643,2.466523,2.700984,-3.132440,-0.001445,0.008144,61.700000,0.000000,0.301769,-0.000778,-0.000407,0.000599,0.000061,-0.052996,
0.040000,20.833269,20.833269,2.000000,20.821482,20.821482,0.000000,34.700000,2.000000,0.755200,0.000445,-0.001643,2.466523,2.700984,-3.132440,-0.001445,0.008825,61.800000,0.000000,0.311613,-0.000653,-0.000298,0.001679,-0.001662,-0.046209,
0.040000,20.837810,20.837810,2.000000,20.924093,20.924093,0.000000,34.800000,2.000000,0.688000,0.000426,-0.001595,2.387491,2.700500,-3.135417,-0.001416,0.018978,61.900000,0.000000,0.321001,-0.000825,-0.000258,-0.001787,0.000606,-0.039794,
0.040000,20.846849,20.846849,2.000000,21.018591,21.018591,0.000000,34.900000,2.000000,0.672000,-0.000056,-0.001435,2.227958,2.698992,-3.139544,-0.002668,0.008389,62.000000,0.000000,0.330289,-0.000856,-0.000241,-0.000376,0.000146,-0.033598,
0.040000,20.859583,20.859583,2.000000,21.101534,21.101534,0.000000,35.000000,2.000000,0.750000,-0.000056,-0.001435,2.227958,2.698992,-3.139544,-0.002668,0.009577,62.100000,0.000000,0.339452,-0.000751,-0.000409,0.001387,-0.001831,-0.027367,
0.040000,20.875334,20.875334,2.000000,21.174597,21.174597,0.000000,35.100000,2.000000,0.696000,-0.000318,-0.001473,2.148424,2.699218,-3.140757,-0.002573,0.021491,62.200000,0.000000,0.348609,-0.000683,-0.000467,-0.000011,-0.001756,-0.021434,
0.040000,20.893368,20.893368,2.000000,21.236019,21.236019,0.000000,35.200000,2.000000,0.668400,-0.000403,-0.001644,1.988642,2.699120,3.141528,-0.002636,0.019913,62.300000,0.000000,0.357451,-0.000747,-0.000440,-0.000236,-0.002278,-0.015686,
0.040000,20.913346,20.913346,2.000000,21.292933,21.292933,0.000000,35.300000,2.000000,0.755200,-0.000403,-0.001644,1.988642,2.699120,3.141528,-0.002636,0.017999,62.400000,0.000000,0.366166,-0.000687,-0.000300,0.000383,0.000209,-0.010194,
0.040000,20.934659,20.934659,2.000000,21.339598,21.339598,0.000000,35.400000,2.000000,0.697600,-0.000252,-0.001553,1.908623,2.699230,3.141542,-0.002607,0.021512,62.500000,0.000000,0.374753,-0.000715,-0.000445,-0.001391,-0.001519,-0.005256,
0.040000,20.957039,20.957039,2.000000,21.382261,21.382261,0.000000,35.500000,2.000000,0.690400,-0.000523,-0.001631,1.749497,2.698883,-3.140281,-0.002660,0.019621,62.600000,0.000000,0.383174,-0.000721,-0.000437,0.000034,0.000351,-0.001920,
0.040000,20.980047,20.980047,2.000000,21.417198,21.417198,0.000000,35.600000,2.000000,0.744000,-0.000523,-0.001631,1.749497,2.698883,-3.140281,-0.002660,0.020369,62.700000,0.000000,0.391294,-0.000670,-0.000378,0.000284,-0.001741,0.002512,
0.040000,21.003527,21.003527,2.000000,21.449646,21.449646,0.000000,35.700000,2.000000,0.702000,-0.000589,-0.001509,1.670249,2.699411,-3.139270,-0.002584,0.020697,62.800000,0.000000,0.399341,-0.000632,-0.000444,-0.000644,-0.000475,0.006134,
0.040000,21.027195,21.027195,2.000000,21.476896,21.476896,0.000000,35.800000,2.000000,0.678000,-0.000513,-0.001548,1.509124,2.698245,-3.136595,-0.003166,0.007475,62.900000,0.000000,0.407122,-0.000744,-0.000428,0.000513,-0.000600,0.008587,
0.040000,21.050895,21.050895,2.000000,21.501186,21.501186,0.000000,35.900000,2.000000,0.731600,-0.000513,-0.001548,1.509124,2.698245,-3.136595,-0.003166,0.011446,63.000000,0.000000,0.414955,-0.000642,-0.000621,-0.000823,0.001867,0.011168,
0.040000,21.074527,21.074527,2.000000,21.523535,21.523535,0.000000,36.000000,2.000000,0.674000,-0.000562,-0.001525,1.429668,2.697919,-3.134998,-0.002807,0.020124,63.100000,0.000000,0.422744,-0.000580,-0.000536,0.000472,-0.000941,0.012910,
0.040000,21.098057,21.098057,2.000000,21.545126,21.545126,0.000000,36.100000,2.000000,0.679600,-0.000710,-0.001521,1.268732,2.696254,-3.131949,-0.002955,0.009166,63.200000,0.000000,0.430104,-0.000583,-0.000462,0.000325,-0.000676,0.014805,
0.040000,21.121572,21.121572,2.000000,21.568359,21.568359,0.000000,36.200000,2.000000,0.750400,-0.000710,-0.001521,1.268732,2.696254,-3.131949,-0.002955,0.010646,63.300000,0.000000,0.437547,-0.000368,-0.000509,0.000960,-0.000858,0.015291,
0.040000,21.145242,21.145242,2.000000,21.594973,21.594973,0.000000,36.300000,2.000000,0.697600,-0.000668,-0.001492,1.189611,2.695081,-3.130584,-0.003450,0.021738,63.400000,0.000000,0.444788,-0.000470,-0.000492,-0.000427,-0.000670,0.015047,
0.040000,21.169188,21.169188,3.000000,21.624165,21.624165,0.000000,36.400000,3.000000,0.702400,-0.001131,-0.001471,1.027897,2.693478,-3.128112,-0.002809,0.008086,63.500000,0.000000,0.451646,-0.000379,-0.000591,0.000022,-0.000011,0.014184,
0.040000,21.193928,21.193928,2.000000,21.663988,21.663988,0.000000,36.500000,2.000000,0.746000,-0.001131,-0.001471,1.027897,2.693478,-3.128112,-0.002809,0.022034,63.600000,0.000000,0.458636,-0.000422,-0.000589,-0.000023,-0.000902,0.012943,
0.040000,21.220860,21.220860,2.000000,21.732571,21.732571,0.000000,36.600000,2.000000,0.709200,-0.001017,-0.001582,0.947365,2.692594,-3.127032,-0.002931,0.021661,63.700000,0.000000,0.465641,-0.000418,-0.000465,0.000164,-0.002326,0.012690,
0.040000,21.249728,21.249728,2.000000,21.798212,21.798212,0.000000,36.700000,2.000000,0.675600,-0.000949,-0.001419,0.787389,2.689775,-3.125503,-0.003394,0.020261,63.800000,0.000000,0.472366,-0.000449,-0.000498,-0.000617,-0.000199,0.011526,
0.040000,21.280318,21.280318,2.000000,21.861530,21.861530,0.000000,36.800000,2.000000,0.759600,-0.000949,-0.001419,0.787389,2.689775,-3.125503,-0.003394,0.010138,63.900000,0.000000,0.478782,-0.000404,-0.000565,0.000175,-0.001315,0.010091,
0.040000,21.312338,21.312338,2.000000,21.920727,21.920727,0.000000,36.900000,2.000000,0.728000,-0.001322,-0.001389,0.706174,2.688626,-3.125167,-0.003513,0.019755,64.000000,0.000000,0.485211,-0.000350,-0.000603,0.000677,0.001143,0.007615,
0.040000,21.345624,21.345624,2.000000,21.978043,21.978043,0.000000,36.999999,2.000000,0.678400,-0.001353,-0.001456,0.545964,2.685794,-3.124569,-0.002059,0.018925,64.100000,0.000000,0.491685,-0.000374,-0.000630,0.000443,-0.001868,0.004978,
0.040000,21.380156,21.380156,2.000000,22.036274,22.036274,0.000000,37.100000,2.000000,0.746400,-0.001353,-0.001456,0.545964,2.685794,-3.124569,-0.002059,0.009874,64.200000,0.000000,0.497779,-0.000307,-0.000270,0.001009,-0.002394,0.004078,
0.040000,21.415842,21.415842,2.000000,22.093872,22.093872,0.000000,37.200000,2.000000,0.702400,-0.001568,-0.001381,0.464841,2.684181,-3.124375,-0.002239,0.020231,64.300000,0.000000,0.503818,-0.000327,-0.000371,-0.000861,0.000569,0.003080,
0.040000,21.452393,21.452393,2.000000,22.146870,22.146870,0.000000,37.300000,2.000000,0.696000,-0.001585,-0.001335,0.305306,2.681499,-3.124459,-0.002405,0.021006,64.400000,0.000000,0.509907,-0.000275,-0.000421,0.000136,-0.001113,0.002374,
0.040000,21.489811,21.489811,2.000000,22.200756,22.200756,0.000000,37.400000,2.000000,0.798000,-0.001585,-0.001335,0.305306,2.681499,-3.124459,-0.002405,0.022037,64.500000,0.000000,0.515524,-0.000250,-0.000440,-0.000057,0.000148,0.001297,
0.040000,21.527891,21.527891,2.000000,22.251398,22.251398,0.000000,37.499999,2.000000,0.732000,-0.001806,-0.001305,0.224869,2.679786,-3.124773,-0.001760,0.020174,64.600000,0.000000,0.521194,-0.000278,-0.000485,0.000370,-0.000620,-0.000414,
0.040000,21.566555,21.566555,2.000000,22.301165,22.301165,0.000000,37.600000,2.000000,0.698000,-0.001650,-0.001229,0.064612,2.676819,-3.125393,-0.001853,0.007747,64.700000,0.000000,0.526804,-0.000206,-0.000373,0.000320,-0.001604,-0.002104,
0.040000,21.605804,21.605804,2.000000,22.351547,22.351547,0.000000,37.700000,2.000000,0.782400,-0.001650,-0.001229,0.064612,2.676819,-3.125393,-0.001853,0.020425,64.800000,0.000000,0.532367,-0.000242,-0.000451,0.000624,-0.001075,-0.002914,
0.040000,21.646058,21.646058,4.000000,22.410872,22.410872,0.000000,37.800000,4.000000,0.751200,-0.001708,-0.001367,-0.007348,2.676173,-3.124320,-0.001917,0.021627,64.900000,0.000000,0.537568,-0.000138,-0.000433,0.000199,0.001024,-0.002832,
0.040000,21.693622,21.693622,4.000000,22.597357,22.597357,0.000000,37.900000,4.000000,0.702800,-0.002233,-0.001734,-0.056137,2.676171,-3.112696,-0.001918,0.008767,65.000000,0.000000,0.541172,-0.000238,-0.000461,-0.000760,0.000022,0.005552,
0.040000,21.752882,21.752882,4.000000,22.878805,22.878805,0.000000,37.999999,4.000000,0.714800,-0.001888,-0.002007,-0.090847,2.674469,-3.093926,-0.001888,0.008860,65.100000,0.000000,0.540115,-0.000400,-0.000469,-0.002417,-0.003348,0.073957,
0.040000,21.822905,21.822905,3.000000,23.153347,23.153347,0.000000,38.100000,3.000000,0.702800,-0.002174,-0.002063,-0.108779,2.673219,-3.074562,-0.002748,0.011180,65.200000,0.000000,0.536301,-0.000254,-0.000469,-0.002376,0.000635,0.144256,
0.040000,21.901610,21.901610,3.000000,23.397001,23.397001,0.000000,38.200000,3.000000,0.693200,-0.001459,-0.002722,-0.111097,2.674450,-3.056127,-0.004196,0.020964,65.300000,0.000000,0.529241,-0.000171,-0.000636,-0.001008,-0.001765,0.174770,
0.040000,21.987299,21.987299,4.000000,23.615387,23.615387,0.000000,38.300000,4.000000,0.687200,-0.001228,-0.002469,-0.109556,2.673887,-3.038717,-0.004044,0.007347,65.400000,0.000000,0.519204,-0.000441,-0.000912,-0.004253,0.003470,0.180701,
0.040000,22.079984,22.079984,3.000000,23.841002,23.841002,0.000000,38.400000,3.000000,0.685600,-0.001515,-0.002502,-0.109436,2.675246,-3.020181,-0.003805,0.007849,65.500000,0.000000,0.508630,-0.000295,-0.000863,0.000082,0.002476,0.176627,
0.040000,22.179599,22.179599,4.000000,24.072287,24.072287,0.000000,38.499999,4.000000,0.662800,-0.001049,-0.002199,-0.110040,2.674087,-3.000382,-0.004033,0.010797,65.600000,0.000000,0.498509,-0.000554,-0.000799,-0.000015,-0.001115,0.182020,
0.040000,22.286842,22.286842,4.000000,24.324461,24.324461,0.000000,38.600000,4.000000,0.657200,-0.000552,-0.002858,-0.109408,2.676796,-2.978941,-0.005253,0.007795,65.700000,0.000000,0.488785,-0.000330,-0.000828,0.002026,0.002169,0.191897,
0.040000,22.400602,22.400602,6.000000,24.562046,24.562046,0.000000,38.700000,6.000000,0.667200,-0.001057,-0.002840,-0.111492,2.676238,-2.931957,-0.004253,0.010811,65.800000,0.000000,0.478908,-0.000836,-0.001054,-0.003194,0.003560,0.205821,
0.040000,22.521392,22.521392,3.000000,24.816406,24.816406,0.000000,38.800000,3.000000,0.779200,-0.001057,-0.002840,-0.111492,2.676238,-2.931957,-0.004253,0.011186,65.900000,0.000000,0.469826,-0.000727,-0.000707,0.000401,-0.002502,0.219371,
0.040000,22.648778,22.648778,4.000000,25.069096,25.069096,0.000000,38.900000,4.000000,0.757600,-0.001228,-0.002810,-0.114536,2.675017,-2.907089,-0.002877,0.021478,66.000000,0.000000,0.460548,-0.000764,-0.000821,-0.001077,-0.001003,0.233400,
0.040000,22.783203,22.783203,5.000000,25.337290,25.337290,0.000000,38.999999,5.000000,0.751200,-0.000885,-0.002236,-0.111764,2.674756,-2.880888,-0.003335,0.008977,66.100000,0.000000,0.452070,-0.000639,-0.000533,-0.000050,-0.001880,0.242842,
0.040000,22.921784,22.921784,3.000000,25.554821,25.554821,0.000000,39.100000,3.000000,0.736400,-0.001141,-0.003150,-0.113897,2.676504,-2.853582,-0.003463,0.010749,66.200000,0.000000,0.442598,-0.000448,-0.000612,0.003700,0.000993,0.254694,
0.040000,23.065711,23.065711,4.000000,25.800325,25.800325,0.000000,39.200000,4.000000,0.756000,-0.001097,-0.002452,-0.115108,2.674489,-2.826140,-0.003074,0.008151,66.300000,0.000000,0.434153,-0.000882,-0.000626,-0.004065,-0.001651,0.266039,
0.040000,23.212114,23.212114,3.000000,25.993765,25.993765,0.000000,39.300000,3.000000,0.724000,-0.000984,-0.002606,-0.116126,2.675402,-2.797659,-0.003670,0.010814,66.400000,0.000000,0.425901,-0.000551,-0.000536,0.002951,-0.000836,0.271223,
0.040000,23.362139,23.362139,4.000000,26.212616,26.212616,0.000000,39.400000,4.000000,0.741600,-0.000734,-0.002931,-0.118402,2.677952,-2.740544,-0.004724,0.009870,66.500000,0.000000,0.417604,-0.000774,-0.000644,0.000358,-0.000070,0.279622,
0.040000,23.513964,23.513964,3.000000,26.398634,26.398634,0.000000,39.499999,3.000000,0.804000,-0.000734,-0.002931,-0.118402,2.677952,-2.740544,-0.004724,0.011665,66.600000,0.000000,0.409438,-0.001281,-0.000410,0.000767,-0.000179,0.280582,
0.040000,23.666175,23.666175,4.000000,26.558191,26.558191,0.000000,39.600000,4.000000,0.798000,-0.000572,-0.002665,-0.118610,2.678063,-2.712304,-0.004374,0.025784,66.700000,0.000000,0.401480,-0.001364,-0.000834,-0.002026,0.000698,0.286384,
0.040000,23.817551,23.817551,3.000000,26.693699,26.693699,0.000000,39.700000,3.000000,0.789200,-0.000702,-0.002739,-0.118552,2.676360,-2.683892,-0.003868,0.010584,66.800000,0.000000,0.393560,-0.001374,-0.000749,0.000986,0.000775,0.283928,
0.040000,23.965769,23.965769,4.000000,26.781906,26.781906,0.000000,39.800000,4.000000,0.807600,-0.000446,-0.002527,-0.115334,2.677197,-2.655780,-0.003942,0.007705,66.900000,0.000000,0.385898,-0.001035,-0.000633,0.000030,-0.000982,0.284042,
0.040000,24.112632,24.112632,4.000000,26.903023,26.903023,0.000000,39.900000,4.000000,0.798400,-0.000306,-0.002896,-0.117067,2.677197,-2.627731,-0.004797,0.010146,67.000000,0.000000,0.377612,-0.000882,-0.000634,0.001421,0.000754,0.282239,
0.040000,24.256083,24.256083,6.000000,26.981667,26.981667,0.000000,39.999999,6.000000,0.812400,-0.000368,-0.002797,-0.115249,2.676914,-2.599715,-0.004593,0.013026,67.100000,0.000000,0.370439,-0.001024,-0.000791,-0.001672,0.000684,0.281161,
0.040000,24.392607,24.392607,4.000000,26.986547,26.986547,0.000000,40.100000,4.000000,0.789200,-0.000335,-0.002353,-0.112732,2.675319,-2.544146,-0.004002,0.009950,67.200000,0.000000,0.362819,-0.000778,-0.000735,0.000030,-0.000616,0.280541,
0.040000,24.524437,24.524437,4.000000,27.029211,27.029211,0.000000,40.200000,4.000000,0.839600,-0.000335,-0.002353,-0.112732,2.675319,-2.544146,-0.004002,0.011729,67.300000,0.000000,0.354952,-0.000079,-0.000478,0.002563,-0.001066,0.281089,
0.040000,24.651876,24.651876,4.000000,27.073227,27.073227,0.000000,40.300000,4.000000,0.846400,0.000142,-0.002338,-0.111710,2.676664,-2.516638,-0.005921,0.021729,67.400000,0.000000,0.348338,-0.000246,-0.000592,0.001304,-0.000226,0.276872,
0.040000,24.772918,24.772918,3.000000,27.072718,27.072718,0.000000,40.400000,3.000000,0.851200,0.000256,-0.002462,-0.111790,2.674273,-2.488724,-0.005429,0.025113,67.500000,0.000000,0.341124,-0.000347,-0.000960,0.000606,0.002461,0.275772,
0.040000,24.884878,24.884878,4.000000,27.012115,27.012115,0.000000,40.499999,4.000000,0.837200,-0.000124,-0.002527,-0.113957,2.674617,-2.461673,-0.004041,0.009742,67.600000,0.000000,0.334660,0.000035,-0.000843,-0.000565,0.001231,0.277855,
0.040000,24.990202,24.990202,4.000000,26.991354,26.991354,0.000000,40.600000,4.000000,0.846800,-0.000094,-0.002619,-0.113199,2.671938,-2.434083,-0.003677,0.010221,67.700000,0.000000,0.328333,-0.000281,-0.000552,-0.000632,-0.002298,0.273305,
0.040000,25.088111,25.088111,3.000000,26.948376,26.948376,0.000000,40.700000,3.000000,0.824800,0.000216,-0.002765,-0.112795,2.673980,-2.406920,-0.004131,0.009066,67.800000,0.000000,0.322049,0.000231,-0.000468,-0.000788,-0.001131,0.274914,
0.040000,25.177956,25.177956,3.000000,26.885017,26.885017,0.000000,40.800000,3.000000,0.834000,0.000675,-0.002318,-0.116865,2.674090,-2.352627,-0.005723,0.008952,67.900000,0.000000,0.315348,-0.000029,-0.000549,-0.001215,0.001035,0.272886,
0.040000,25.259360,25.259360,3.000000,26.806040,26.806040,0.000000,40.999999,3.000000,0.864400,0.000675,-0.002318,-0.116865,2.674090,-2.352627,-0.005723,0.012377,68.100000,0.000000,0.309595,-0.000564,-0.000541,0.002303,0.000410,0.271045,
0.040000,25.321906,25.321906,3.000000,26.510284,26.510284,0.000000,41.100000,3.000000,0.873200,0.000790,-0.002345,-0.114189,2.673619,-2.298297,-0.005595,0.023591,68.200000,0.000000,0.303557,-0.000575,-0.000844,0.000751,0.002164,0.272273,
0.040000,25.374535,25.374535,2.000000,26.374483,26.374483,0.000000,41.200000,2.000000,0.861200,0.000760,-0.002750,-0.113471,2.675520,-2.271296,-0.004728,0.009977,68.300000,0.000000,0.279011,0.000350,-0.000726,-0.000278,0.000055,0.271687,
0.040000,25.417611,25.417611,3.000000,26.236052,26.236052,0.000000,41.300000,3.000000,0.863600,0.000827,-0.002225,-0.113473,2.676467,-2.244299,-0.004859,0.011100,68.400000,0.000000,0.273135,0.000199,-0.000541,-0.002481,-0.000519,0.270758,
0.040000,25.446325,25.446325,3.000000,25.991892,25.991892,0.000000,41.400000,3.000000,0.843600,0.000953,-0.002522,-0.111199,2.677802,-2.217211,-0.004464,0.008643,68.500000,0.000000,0.267607,0.000074,-0.000557,0.002093,-0.000209,0.270279,
0.040000,25.465584,25.465584,4.000000,25.831493,25.831493,0.000000,41.499999,4.000000,0.848400,0.000920,-0.002240,-0.108259,2.678441,-2.162863,-0.004531,0.009208,68.600000,0.000000,0.261843,0.000259,-0.000468,-0.001176,0.000301,0.270650,
0.040000,25.471387,25.471387,3.000000,25.581644,25.581644,0.000000,41.700000,3.000000,0.868400,0.000920,-0.002240,-0.108259,2.678441,-2.162863,-0.004531,0.011097,68.800000,0.000000,0.256193,0.000600,-0.000730,0.001979,0.000611,0.269856,
0.040000,25.467450,25.467450,2.000000,25.392658,25.392658,0.000000,41.800000,2.000000,0.859200,0.000941,-0.001863,-0.105979,2.681992,-2.108784,-0.004593,0.020929,68.900000,0.000000,0.251175,0.000628,-0.000457,-0.000273,-0.001220,0.272490,
0.040000,25.460758,25.460758,2.000000,25.333605,25.333605,0.000000,41.900000,2.000000,0.851600,0.001205,-0.001856,-0.106831,2.683652,-2.082010,-0.005436,0.008821,69.000000,0.000000,0.229772,0.000543,-0.000447,0.001535,-0.000489,0.270502,
0.040000,25.450470,25.450470,3.000000,25.254995,25.254995,0.000000,42.200000,3.000000,0.835600,0.001281,-0.001607,-0.102795,2.691643,-1.973953,-0.004623,0.010845,69.300000,0.000000,0.225061,0.000222,-0.000605,0.000569,0.000969,0.268975,
0.040000,25.427027,25.427027,2.000000,24.981607,24.981607,0.000000,42.300000,2.000000,0.871600,0.001281,-0.001607,-0.102795,2.691643,-1.973953,-0.004623,0.009157,69.400000,0.000000,0.220359,0.000365,-0.000333,0.001933,-0.001818,0.269217,
0.040000,25.399128,25.399128,3.000000,24.869047,24.869047,0.000000,42.400000,3.000000,0.866000,0.001243,-0.001579,-0.102995,2.692846,-1.947208,-0.004334,0.021907,69.500000,0.000000,0.177845,-0.000239,-0.000573,-0.000467,0.000844,0.270385,
0.040000,25.365229,25.365229,2.000000,24.721155,24.721155,0.000000,42.500000,2.000000,0.864400,0.001101,-0.001419,-0.102303,2.695136,-1.920163,-0.003949,0.008816,69.600000,0.000000,0.174222,-0.000361,-0.000507,-0.000253,-0.000023,0.268841,
0.040000,25.326749,25.326749,2.000000,24.595633,24.595633,0.000000,42.600000,2.000000,0.847600,0.001162,-0.001608,-0.103465,2.695635,-1.893482,-0.003465,0.011013,69.700000,0.000000,0.170403,-0.000392,-0.000423,0.000674,-0.001112,0.269815,
0.040000,25.280655,25.280655,2.000000,24.404869,24.404869,0.000000,42.700000,2.000000,0.845200,0.001366,-0.001062,-0.103203,2.697812,-1.866438,-0.004978,0.008739,69.800000,0.000000,0.167101,-0.000628,-0.000322,-0.001090,-0.000294,0.267964,
0.040000,25.227635,25.227635,2.000000,24.220249,24.220249,0.000000,42.800000,2.000000,0.832800,0.001238,-0.001395,-0.104008,2.698629,-1.839562,-0.003476,0.009936,69.900000,0.000000,0.163458,-0.000701,-0.000608,0.002740,0.000919,0.269493,
0.040000,25.167119,25.167119,3.000000,24.017317,24.017317,0.000000,42.900000,3.000000,0.836800,0.001050,-0.000954,-0.105492,2.698725,-1.791389,-0.003794,0.009359,70.000000,0.000000,0.160191,-0.000883,-0.000307,-0.001226,-0.000640,0.269041,
0.040000,25.099341,25.099341,2.000000,23.811560,23.811560,0.000000,43.000000,2.000000,0.870400,0.001050,-0.000954,-0.105492,2.698725,-1.791389,-0.003794,0.009725,70.100000,0.000000,0.157075,-0.000582,-0.000304,0.000088,-0.000066,0.259287,
0.040000,25.026332,25.026332,3.000000,23.639154,23.639154,0.000000,43.100000,3.000000,0.869600,0.001034,-0.000979,-0.105414,2.698470,-1.770249,-0.003398,0.020825,70.200000,0.000000,0.154092,-0.001138,-0.000357,0.001840,-0.001731,0.240236,
0.040000,24.948529,24.948529,3.000000,23.470270,23.470270,0.000000,43.200000,3.000000,0.876800,0.001064,-0.000775,-0.106852,2.698548,-1.751749,-0.003934,0.009490,70.300000,0.000000,0.151149,-0.001091,-0.000273,0.000409,-0.000891,0.222416,
0.040000,24.869760,24.869760,2.000000,23.373156,23.373156,0.000000,43.300000,2.000000,0.854800,0.001144,-0.000838,-0.106878,2.697847,-1.735083,-0.003588,0.010592,70.400000,0.000000,0.148256,-0.001346,-0.000372,0.001303,-0.000255,0.199292,
0.040000,24.787633,24.787633,4.000000,23.227222,23.227222,0.000000,43.500000,4.000000,0.865200,0.001081,-0.000708,-0.105386,2.696879,-1.719664,-0.003772,0.007814,70.600000,0.000000,0.145512,-0.001300,-0.000297,-0.000006,0.000315,0.179128,
0.040000,24.697200,24.697200,3.000000,22.978968,22.978968,0.000000,43.600000,3.000000,0.856800,0.001055,-0.000830,-0.108947,2.698108,-1.693698,-0.002435,0.010017,70.700000,0.000000,0.142822,-0.000958,-0.000327,0.000694,-0.000339,0.163709,
0.040000,24.604207,24.604207,2.000000,22.837343,22.837343,0.000000,43.700000,2.000000,0.859200,0.001101,-0.000680,-0.108709,2.697926,-1.682627,-0.003732,0.009213,70.800000,0.000000,0.131470,-0.002321,0.000216,-0.000676,-0.000239,0.131570,
0.040000,24.511725,24.511725,2.000000,22.754566,22.754566,0.000000,43.800000,2.000000,0.854800,0.001086,-0.000828,-0.109670,2.697930,-1.672550,-0.002709,0.008616,70.900000,0.000000,0.128947,-0.002226,-0.000040,0.000463,0.000102,0.120038,
0.040000,24.419021,24.419021,3.000000,22.657648,22.657648,0.000000,44.000000,3.000000,0.857600,0.001201,-0.000465,-0.108989,2.696825,-1.663376,-0.004367,0.008446,71.100000,0.000000,0.126461,-0.002369,0.000160,-0.000783,-0.000093,0.108318,
0.040000,24.322967,24.322967,2.000000,22.497944,22.497944,0.000000,44.100000,2.000000,0.842400,0.001309,-0.000610,-0.110898,2.698879,-1.647792,-0.003794,0.008073,71.200000,0.000000,0.124202,-0.002169,-0.000166,0.001868,0.000635,0.098097,
0.040000,24.227355,24.227355,3.000000,22.410721,22.410721,0.000000,44.200000,3.000000,0.849200,0.001127,-0.000601,-0.109692,2.700324,-1.640916,-0.003470,0.007219,71.300000,0.000000,0.113832,-0.002812,0.000069,-0.000681,0.000506,0.078955,
0.040000,24.133549,24.133549,2.000000,22.351238,22.351238,0.000000,44.300000,2.000000,0.840000,0.001105,-0.000441,-0.110706,2.698846,-1.635023,-0.004033,0.010206,71.400000,0.000000,0.111322,-0.002545,0.000130,-0.000304,-0.000805,0.073315,
0.040000,24.040007,24.040007,2.000000,22.262707,22.262707,0.000000,44.400000,2.000000,0.842800,0.001292,-0.000411,-0.112995,2.700067,-1.629561,-0.003843,0.009926,71.500000,0.000000,0.109459,-0.002672,0.000018,0.000814,-0.000469,0.064566,
0.040000,23.949155,23.949155,2.000000,22.222975,22.222975,0.000000,44.500000,2.000000,0.816400,0.001104,-0.000452,-0.112577,2.700832,-1.624317,-0.003203,0.009411,71.600000,0.000000,0.107120,-0.003080,0.000054,0.000461,0.000960,0.058434,
0.040000,23.858448,23.858448,2.000000,22.135000,22.135000,0.000000,44.600000,2.000000,0.836400,0.001159,-0.000409,-0.112216,2.699989,-1.615514,-0.003652,0.007129,71.700000,0.000000,0.104881,-0.002948,0.000178,-0.000119,-0.000809,0.054728,
0.040000,23.771755,23.771755,2.000000,22.124603,22.124603,0.000000,44.700000,2.000000,0.886000,0.001159,-0.000409,-0.112216,2.699989,-1.615514,-0.003652,0.010856,71.800000,0.000000,0.102912,-0.002483,0.000094,0.000025,0.000462,0.049904,
0.040000,23.687332,23.687332,1.000000,22.083290,22.083290,0.000000,44.800000,1.000000,0.881600,0.001171,-0.000443,-0.111616,2.701873,-1.611724,-0.003478,0.022440,71.900000,0.000000,0.100990,-0.002763,0.000085,0.000141,-0.000276,0.044469,
0.040000,23.603995,23.603995,2.000000,22.020599,22.020599,0.000000,44.900000,2.000000,0.874800,0.000997,-0.000454,-0.112258,2.700463,-1.607848,-0.002825,0.008006,72.000000,0.000000,0.098648,-0.002609,0.000117,-0.000183,-0.000046,0.040411,
0.040000,23.523400,23.523400,2.000000,21.992094,21.992094,0.000000,45.000000,2.000000,0.886000,0.001137,-0.000372,-0.112620,2.702206,-1.603931,-0.003766,0.009702,72.100000,0.000000,0.097002,-0.002672,0.000243,-0.000166,-0.001101,0.039389,
0.040000,23.444860,23.444860,1.000000,21.952583,21.952583,0.000000,45.100000,1.000000,0.874400,0.001192,-0.000356,-0.112930,2.701580,-1.600233,-0.003674,0.026034,72.200000,0.000000,0.094771,-0.002703,0.000054,0.000422,0.000435,0.039254,
0.040000,23.367462,23.367462,1.000000,21.896914,21.896914,0.000000,45.200000,1.000000,0.882400,0.001252,-0.000434,-0.112541,2.701905,-1.596402,-0.003587,0.007868,72.300000,0.000000,0.093043,-0.002707,0.000071,0.000230,0.000500,0.037849,
0.040000,23.290668,23.290668,2.000000,21.831575,21.831575,0.000000,45.300000,2.000000,0.885600,0.001189,-0.000388,-0.112364,2.702831,-1.592543,-0.003453,0.008098,72.400000,0.000000,0.091158,-0.002580,0.000086,-0.000420,0.000552,0.038134,
0.040000,23.216494,23.216494,1.000000,21.807196,21.807196,0.000000,45.400000,1.000000,0.867600,0.001049,-0.000385,-0.111975,2.703224,-1.588664,-0.003718,0.008688,72.500000,0.000000,0.089193,-0.002499,0.000111,0.000096,-0.000193,0.038414,
0.040000,23.143575,23.143575,1.000000,21.758099,21.758099,0.000000,45.500000,1.000000,0.869600,0.001114,-0.000441,-0.112353,2.703674,-1.584975,-0.003205,0.007602,72.600000,0.000000,0.087369,-0.002376,0.000057,0.000028,-0.000944,0.038645,
0.040000,23.071635,23.071635,1.000000,21.704781,21.704781,0.000000,45.600000,1.000000,0.870400,0.001097,-0.000385,-0.112115,2.702003,-1.581161,-0.003663,0.007648,72.700000,0.000000,0.085572,-0.002405,0.000156,-0.000363,0.000031,0.037560,
0.040000,23.000297,23.000297,1.000000,21.644886,21.644886,0.000000,45.700000,1.000000,0.871600,0.001140,-0.000321,-0.111720,2.703642,-1.577489,-0.003334,0.009007,72.800000,0.000000,0.084222,-0.002307,0.000063,0.000181,-0.000101,0.037918,
0.040000,22.928278,22.928278,1.000000,21.559910,21.559910,0.000000,45.800000,1.000000,0.865200,0.001249,-0.000406,-0.112176,2.704454,-1.573757,-0.002889,0.007542,72.900000,0.000000,0.082250,-0.002187,0.000126,0.000440,0.000219,0.037178,
0.040000,22.859623,22.859623,2.000000,21.555172,21.555172,0.000000,45.900000,2.000000,0.880000,0.001103,-0.000253,-0.111758,2.703771,-1.570042,-0.003757,0.009109,73.000000,0.000000,0.080479,-0.002235,0.000211,-0.000383,0.000750,0.037266,
0.040000,22.792176,22.792176,2.000000,21.510679,21.510679,0.000000,46.000000,2.000000,0.881200,0.001315,-0.000381,-0.113029,2.707268,-1.566260,-0.003429,0.008174,73.100000,0.000000,0.079035,-0.002109,0.000037,0.000768,-0.000625,0.037198,
0.040000,22.725656,22.725656,1.000000,21.461779,21.461779,0.000000,46.100000,1.000000,0.873600,0.001333,-0.000260,-0.111980,2.706148,-1.562836,-0.004012,0.011824,73.200000,0.000000,0.076798,-0.002316,0.000099,-0.000526,0.001061,0.037583,
0.040000,22.658859,22.658859,2.000000,21.389723,21.389723,0.000000,46.200000,2.000000,0.872000,0.001333,-0.000224,-0.110699,2.705601,-1.559120,-0.003931,0.008151,73.300000,0.000000,0.075511,-0.002066,-0.000016,0.000524,0.000509,0.035516,
0.040000,22.598787,22.598787,1.000000,21.457415,21.457415,0.000000,46.300000,1.000000,0.867600,0.001174,-0.000340,-0.113215,2.706478,-1.555473,-0.003366,0.008054,73.400000,0.000000,0.074138,-0.001775,-0.000000,0.000389,0.000193,0.036531,
0.040000,22.544077,22.544077,2.000000,21.504585,21.504585,0.000000,46.400000,2.000000,0.875600,0.001136,-0.000293,-0.112425,2.704666,-1.551743,-0.003506,0.009161,73.500000,0.000000,0.072504,-0.002232,0.000111,-0.000595,-0.000918,0.036494,
0.040000,22.496641,22.496641,3.000000,21.595364,21.595364,0.000000,46.500000,3.000000,0.869200,0.001244,-0.000284,-0.112977,2.708527,-1.548302,-0.003294,0.010623,73.600000,0.000000,0.071438,-0.002038,0.000081,0.000038,-0.000589,0.036993,
0.040000,22.451300,22.451300,3.000000,21.589815,21.589815,0.000000,46.600000,3.000000,0.857600,0.001150,-0.000221,-0.114797,2.706541,-1.547475,-0.004045,0.008605,73.700000,0.000000,0.069273,-0.002092,0.000120,0.000040,0.000431,0.035396,
0.040000,22.408724,22.408724,4.000000,21.599777,21.599777,0.000000,46.700000,4.000000,0.846800,0.001083,-0.000155,-0.114966,2.707206,-1.548105,-0.003671,0.008004,73.800000,0.000000,0.068294,-0.002417,-0.000029,0.000402,-0.000417,0.018629,
0.040000,22.364744,22.364744,3.000000,21.529121,21.529121,0.000000,46.800000,3.000000,0.871600,0.001322,-0.000023,-0.116523,2.701409,-1.550111,-0.004667,0.010055,73.900000,0.000000,0.066820,-0.002400,0.000045,0.000564,-0.000571,0.003221,
0.040000,22.322184,22.322184,3.000000,21.513548,21.513548,0.000000,46.900000,3.000000,0.876400,0.001279,-0.000244,-0.113054,2.679892,-1.551651,-0.003535,0.012127,74.000000,0.000000,0.066639,-0.002685,-0.000151,0.001048,0.001263,-0.011168,
0.040000,22.285761,22.285761,4.000000,21.593719,21.593719,0.000000,47.000000,4.000000,0.839600,0.001514,-0.000654,-0.106919,2.641619,-1.545678,-0.002408,0.011498,74.100000,0.000000,0.069574,-0.002037,0.000080,-0.000956,0.000214,-0.013785,
0.040000,22.266111,22.266111,4.000000,21.892767,21.892767,0.000000,47.100000,4.000000,0.776800,0.001224,-0.000795,-0.099590,2.581122,-1.530420,-0.002284,0.013092,74.200000,0.000000,0.075758,-0.000934,0.000311,-0.002949,0.001517,0.031657,
0.040000,22.261932,22.261932,5.000000,22.182533,22.182533,0.000000,47.200000,5.000000,0.746000,0.001693,-0.000750,-0.097516,2.425297,-1.501057,-0.002440,0.008640,74.300000,0.000000,0.086207,0.000227,0.000348,-0.002126,-0.001280,0.106386,
0.040000,22.270013,22.270013,4.000000,22.423561,22.423561,0.000000,47.300000,4.000000,0.782800,0.001693,-0.000750,-0.097516,2.425297,-1.501057,-0.002440,0.014024,74.400000,0.000000,0.099959,-0.000291,0.000008,0.002486,-0.002318,0.142136,
0.040000,22.284121,22.284121,4.000000,22.552156,22.552156,0.000000,47.400000,4.000000,0.729600,0.001456,-0.000320,-0.093641,2.342987,-1.491465,-0.004791,0.021565,74.500000,0.000000,0.113208,-0.000852,0.000343,-0.002287,0.003748,0.134268,
0.040000,22.302479,22.302479,5.000000,22.651283,22.651283,0.000000,47.500000,5.000000,0.712800,0.000634,0.000085,-0.082591,2.181244,-1.482605,-0.004646,0.009712,74.600000,0.000000,0.127204,-0.001203,-0.000100,0.001692,-0.000061,0.110563,
0.040000,22.318755,22.318755,3.000000,22.628002,22.628002,0.000000,47.600000,3.000000,0.795200,0.000634,0.000085,-0.082591,2.181244,-1.482605,-0.004646,0.023065,74.700000,0.000000,0.140740,-0.001281,0.000085,0.002305,-0.005585,0.077846,
0.040000,22.333818,22.333818,3.000000,22.620026,22.620026,0.000000,47.700000,3.000000,0.716800,0.000415,0.000041,-0.075866,2.101619,-1.482305,-0.004612,0.020977,74.800000,0.000000,0.153863,-0.001601,-0.000039,0.001680,-0.001662,0.048881,
0.040000,22.342095,22.342095,4.000000,22.499344,22.499344,0.000000,47.800000,4.000000,0.708800,0.000142,0.000337,-0.064475,1.941948,-1.486917,-0.004564,0.018948,74.900000,0.000000,0.166580,-0.001631,-0.000022,0.000366,-0.001988,0.020523,
0.040000,22.345470,22.345470,3.000000,22.409599,22.409599,0.000000,47.900000,3.000000,0.780800,0.000142,0.000337,-0.064475,1.941948,-1.486917,-0.004564,0.021216,75.000000,0.000000,0.179021,-0.002126,0.000137,0.000541,-0.001275,-0.001775,
0.040000,22.340712,22.340712,3.000000,22.250311,22.250311,0.000000,48.000000,3.000000,0.724800,-0.000164,0.000232,-0.059099,1.860246,-1.491014,-0.004226,0.021620,75.100000,0.000000,0.191319,-0.002078,-0.000003,0.001644,-0.001662,-0.019567,
0.040000,22.328252,22.328252,3.000000,22.091516,22.091516,0.000000,48.100000,3.000000,0.699600,-0.000245,0.000243,-0.047368,1.700399,-1.502531,-0.005136,0.010552,75.200000,0.000000,0.203689,-0.002330,0.000067,-0.000022,-0.002529,-0.032791,
0.040000,22.307641,22.307641,3.000000,21.916037,21.916037,0.000000,48.200000,3.000000,0.759200,-0.000245,0.000243,-0.047368,1.700399,-1.502531,-0.005136,0.008162,75.300000,0.000000,0.215519,-0.002362,0.000172,-0.000050,-0.002198,-0.046295,
0.040000,22.278573,22.278573,3.000000,21.726282,21.726282,0.000000,48.300000,3.000000,0.734400,-0.000781,0.000162,-0.042763,1.618110,-1.509118,-0.003558,0.020021,75.400000,0.000000,0.227033,-0.002358,-0.000126,0.000070,-0.000130,-0.055098,
0.040000,22.242440,22.242440,5.000000,21.555910,21.555910,0.000000,48.500000,5.000000,0.683600,-0.000117,-0.000089,-0.029596,1.378661,-1.528839,-0.005163,0.008212,75.600000,0.000000,0.238812,-0.002512,0.000184,-0.000497,-0.003366,-0.061751,
0.040000,22.190159,22.190159,2.000000,21.196821,21.196821,0.000000,48.600000,2.000000,0.759600,-0.000117,-0.000089,-0.029596,1.378661,-1.528839,-0.005163,0.011021,75.700000,0.000000,0.249446,-0.002550,0.000070,-0.001494,0.001612,-0.065248,
0.040000,22.129147,22.129147,3.000000,20.969915,20.969915,0.000000,48.700000,3.000000,0.720000,-0.000150,0.000077,-0.026964,1.299672,-1.534913,-0.006019,0.021783,75.800000,0.000000,0.293528,-0.002382,-0.000390,-0.000294,0.001008,-0.064920,
0.040000,22.065840,22.065840,3.000000,20.863003,20.863003,0.000000,48.800000,3.000000,0.690000,-0.000394,0.000092,-0.020382,1.138699,-1.545172,-0.005917,0.012608,75.900000,0.000000,0.303294,-0.002469,-0.000553,0.000779,0.000271,-0.062606,
0.040000,21.998696,21.998696,2.000000,20.722958,20.722958,0.000000,48.900000,2.000000,0.778800,-0.000394,0.000092,-0.020382,1.138699,-1.545172,-0.005917,0.010436,76.000000,0.000000,0.313139,-0.002208,-0.000295,-0.000486,-0.002097,-0.057735,
0.040000,21.928445,21.928445,2.000000,20.593674,20.593674,0.000000,49.000000,2.000000,0.736400,-0.000328,0.000123,-0.018287,1.059943,-1.549358,-0.006120,0.019416,76.100000,0.000000,0.322856,-0.002133,-0.000526,0.000686,-0.000076,-0.051731,
0.040000,21.852778,21.852778,2.000000,20.415110,20.415110,0.000000,49.100000,2.000000,0.698000,-0.000343,-0.000147,-0.015003,0.898696,-1.555688,-0.004899,0.008082,76.200000,0.000000,0.332005,-0.002076,-0.000562,0.000445,0.000372,-0.045632,
0.040000,21.779297,21.779297,2.000000,20.383162,20.383162,0.000000,49.200000,2.000000,0.767200,-0.000343,-0.000147,-0.015003,0.898696,-1.555688,-0.004899,0.009176,76.300000,0.000000,0.341503,-0.002129,-0.000103,-0.002770,-0.001097,-0.038662,
0.040000,21.705816,21.705816,2.000000,20.309677,20.309677,0.000000,49.300000,2.000000,0.730000,-0.000236,0.000041,-0.012508,0.819555,-1.557925,-0.005805,0.017396,76.400000,0.000000,0.350493,-0.001973,-0.000322,0.000194,0.000736,-0.032657,
0.040000,21.634157,21.634157,2.000000,20.272635,20.272635,0.000000,49.400000,2.000000,0.705200,-0.000427,0.000221,-0.010231,0.659074,-1.560767,-0.007340,0.006962,76.500000,0.000000,0.359180,-0.001678,-0.000500,0.001231,0.000947,-0.026297,
0.040000,21.564420,21.564420,2.000000,20.239420,20.239420,0.000000,49.500000,2.000000,0.768400,-0.000427,0.000221,-0.010231,0.659074,-1.560767,-0.007340,0.010887,76.600000,0.000000,0.367976,-0.001813,-0.000197,-0.001537,-0.001987,-0.020514,
0.040000,21.496488,21.496488,2.000000,20.205780,20.205780,0.000000,49.600000,2.000000,0.742800,-0.000448,0.000154,-0.010028,0.579042,-1.561462,-0.006565,0.021663,76.700000,0.000000,0.376469,-0.001541,-0.000802,0.002529,0.000410,-0.014933,
0.040000,21.429220,21.429220,2.000000,20.151133,20.151133,0.000000,49.700000,2.000000,0.712400,-0.000468,-0.000002,-0.007842,0.419206,-1.561519,-0.005511,0.006932,76.800000,0.000000,0.384820,-0.001629,-0.000640,0.000548,0.000022,-0.009995,
0.040000,21.363109,21.363109,1.000000,20.106983,20.106983,0.000000,49.800000,1.000000,0.819600,-0.000468,-0.000002,-0.007842,0.419206,-1.561519,-0.005511,0.007825,76.900000,0.000000,0.393005,-0.001537,-0.000602,-0.000361,-0.000699,-0.005168,
0.040000,21.297741,21.297741,2.000000,20.055767,20.055767,0.000000,49.900000,2.000000,0.733200,-0.000477,0.000073,-0.006594,0.338839,-1.561021,-0.005915,0.019927,77.000000,0.000000,0.400993,-0.001426,-0.000424,-0.000534,0.000319,-0.000976,
0.040000,21.232698,21.232698,2.000000,19.996874,19.996874,0.000000,50.000000,2.000000,0.713200,-0.000653,0.000167,-0.004842,0.179380,-1.559146,-0.006456,0.020126,77.100000,0.000000,0.408933,-0.001299,-0.000502,0.000263,0.000066,0.002706,
0.040000,21.169087,21.169087,2.000000,19.960474,19.960474,0.000000,50.100000,2.000000,0.801600,-0.000653,0.000167,-0.004842,0.179380,-1.559146,-0.006456,0.009948,77.200000,0.000000,0.416631,-0.001138,-0.000799,0.001159,0.000363,0.006460,
0.040000,21.106086,21.106086,2.000000,19.909061,19.909061,0.000000,50.200000,2.000000,0.729200,-0.000671,0.000238,-0.003289,0.099772,-1.557911,-0.006883,0.020395,77.300000,0.000000,0.424099,-0.001227,-0.000598,-0.000026,-0.001288,0.008626,
0.040000,21.045421,21.045421,4.000000,19.892784,19.892784,0.000000,50.300000,4.000000,0.666400,0.000543,-0.000579,0.005722,-0.026045,-1.545634,-0.003991,0.020589,77.400000,0.000000,0.431438,-0.001079,-0.000680,0.000429,-0.000602,0.010929,
0.040000,20.998955,20.998955,4.000000,20.116108,20.116108,0.000000,50.400000,4.000000,0.771200,0.000543,-0.000579,0.005722,-0.026045,-1.545634,-0.003991,0.024142,77.500000,0.000000,0.437608,-0.000746,-0.000412,-0.001891,0.002229,0.016472,
0.040000,20.974601,20.974601,4.000000,20.511877,20.511877,0.000000,50.500000,4.000000,0.748400,0.000570,-0.000202,0.009287,-0.067750,-1.527327,-0.005719,0.020409,77.600000,0.000000,0.439138,0.000394,-0.000101,-0.003719,0.005877,0.069870,
0.040000,20.971781,20.971781,4.000000,20.918196,20.918196,0.000000,50.600000,4.000000,0.732400,0.000409,-0.000335,0.009650,-0.086807,-1.507836,-0.005999,0.023449,77.700000,0.000000,0.438717,0.000883,-0.000435,0.000847,0.002368,0.139831,
0.040000,20.989779,20.989779,3.000000,21.331738,21.331738,0.000000,50.700000,3.000000,0.740400,0.000664,-0.000288,0.009888,-0.092959,-1.489203,-0.006123,0.012189,77.800000,0.000000,0.433820,0.000774,-0.000480,-0.000554,-0.000120,0.173871,
0.040000,21.024791,21.024791,3.000000,21.690033,21.690033,0.000000,50.800000,3.000000,0.729200,0.000552,-0.000171,0.011872,-0.091946,-1.471782,-0.006020,0.020477,77.900000,0.000000,0.426472,0.000729,-0.000494,0.000012,0.001490,0.181574,
0.040000,21.076545,21.076545,5.000000,22.059862,22.059862,0.000000,50.900000,5.000000,0.724000,0.000631,-0.000467,0.011328,-0.094290,-1.453823,-0.004317,0.008507,78.000000,0.000000,0.417886,0.001121,-0.000464,0.000666,-0.000147,0.177021,
0.040000,21.146255,21.146255,4.000000,22.470753,22.470753,0.000000,51.000000,4.000000,0.712800,0.000388,-0.000289,0.013373,-0.095840,-1.433639,-0.005978,0.030379,78.100000,0.000000,0.410086,0.000946,-0.000118,-0.001644,0.000399,0.178611,
0.040000,21.236871,21.236871,6.000000,22.958576,22.958576,0.000000,51.100000,6.000000,0.716800,0.000645,-0.000277,0.013922,-0.097802,-1.412563,-0.005936,0.009290,78.200000,0.000000,0.402340,0.001293,-0.000444,0.000411,-0.001397,0.192965,
0.040000,21.346116,21.346116,6.000000,23.421768,23.421768,0.000000,51.200000,6.000000,0.692800,0.000293,-0.000405,0.014923,-0.106988,-1.365254,-0.004585,0.008599,78.300000,0.000000,0.394794,0.001322,-0.000426,0.000167,0.001016,0.203965,
0.040000,21.473474,21.473474,4.000000,23.893276,23.893276,0.000000,51.300000,4.000000,0.807200,0.000293,-0.000405,0.014923,-0.106988,-1.365254,-0.004585,0.011062,78.400000,0.000000,0.387533,0.001548,-0.000623,0.002185,-0.002215,0.222473,
0.040000,21.620383,21.620383,4.000000,24.411650,24.411650,0.000000,51.400000,4.000000,0.808400,0.000099,-0.000115,0.016634,-0.110953,-1.339791,-0.005244,0.021657,78.500000,0.000000,0.381157,0.001145,-0.000138,-0.002180,-0.000458,0.232793,
0.040000,21.785822,21.785822,5.000000,24.929173,24.929173,0.000000,51.600000,5.000000,0.792400,0.000205,-0.000127,0.015153,-0.113465,-1.313108,-0.005176,0.009677,78.700000,0.000000,0.374464,0.001293,-0.000265,0.000926,-0.001414,0.246293,
0.040000,21.993351,21.993351,4.000000,25.936386,25.936386,0.000000,51.700000,4.000000,0.763200,0.000034,0.000101,0.017731,-0.119203,-1.258203,-0.005260,0.009369,78.800000,0.000000,0.367483,0.000869,-0.000246,0.000255,0.000097,0.258984,
0.040000,22.211654,22.211654,3.000000,26.359409,26.359409,0.000000,51.800000,3.000000,0.786000,0.000242,0.000128,0.015040,-0.118577,-1.229304,-0.005505,0.009680,78.900000,0.000000,0.341004,0.001206,-0.000260,0.001061,-0.000811,0.273728,
0.040000,22.440897,22.440897,4.000000,26.796528,26.796528,0.000000,51.900000,4.000000,0.790400,-0.000045,0.000326,0.016773,-0.122925,-1.172203,-0.005313,0.010073,79.000000,0.000000,0.334014,0.000717,-0.000303,0.000603,0.000808,0.282166,
0.040000,22.680069,22.680069,3.000000,27.224335,27.224335,0.000000,52.000000,3.000000,0.860400,-0.000045,0.000326,0.016773,-0.122925,-1.172203,-0.005313,0.012547,79.100000,0.000000,0.328281,0.000622,-0.000256,0.000521,-0.001618,0.281855,
0.040000,22.928639,22.928639,3.000000,27.651474,27.651474,0.000000,52.100000,3.000000,0.861600,-0.000104,0.000276,0.015538,-0.124068,-1.143830,-0.005132,0.022061,79.200000,0.000000,0.321900,0.000723,-0.000254,0.001132,-0.000360,0.286479,
0.040000,23.183008,23.183008,3.000000,28.016022,28.016022,0.000000,52.200000,3.000000,0.850000,-0.000301,0.000172,0.016668,-0.123759,-1.115621,-0.004836,0.007811,79.300000,0.000000,0.315673,0.000397,-0.000213,0.000136,-0.000448,0.284783,
0.040000,23.447065,23.447065,3.000000,28.464136,28.464136,0.000000,52.300000,3.000000,0.836000,-0.000162,0.000280,0.015732,-0.121780,-1.087410,-0.004928,0.007733,79.400000,0.000000,0.309492,0.000617,-0.000151,-0.000553,-0.001347,0.283117,
0.040000,23.715453,23.715453,3.000000,28.814821,28.814821,0.000000,52.400000,3.000000,0.836400,-0.000206,0.000319,0.015717,-0.120917,-1.059300,-0.005149,0.008996,79.500000,0.000000,0.302964,0.000611,-0.000166,0.000495,0.000382,0.282496,
0.040000,23.985065,23.985065,3.000000,29.107704,29.107704,0.000000,52.500000,3.000000,0.832400,-0.000130,0.000221,0.013937,-0.119763,-1.031606,-0.004359,0.010254,79.600000,0.000000,0.296842,0.000675,-0.000206,0.000461,-0.000073,0.281631,
0.040000,24.257021,24.257021,3.000000,29.424183,29.424183,0.000000,52.600000,3.000000,0.832800,-0.000075,0.000068,0.013429,-0.118078,-0.976228,-0.003410,0.010041,79.700000,0.000000,0.290621,0.000467,-0.000046,-0.000398,0.000487,0.278733,
0.040000,24.528471,24.528471,2.000000,29.686012,29.686012,0.000000,52.700000,2.000000,0.884000,-0.000075,0.000068,0.013429,-0.118078,-0.976228,-0.003410,0.010476,79.800000,0.000000,0.285010,0.000523,-0.000093,0.000202,-0.000159,0.278778,
0.040000,24.801321,24.801321,2.000000,29.985483,29.985483,0.000000,52.800000,2.000000,0.875200,-0.000097,0.000044,0.012329,-0.115396,-0.948949,-0.003190,0.021455,79.900000,0.000000,0.278938,0.000545,0.000144,-0.001176,0.000697,0.276424,
0.040000,25.069651,25.069651,2.000000,30.167915,30.167915,0.000000,52.900000,2.000000,0.865200,-0.000118,0.000268,0.012595,-0.115097,-0.921711,-0.004002,0.008250,80.000000,0.000000,0.272878,0.000651,0.000184,-0.000581,0.000141,0.274179,
0.040000,25.336916,25.336916,2.000000,30.414955,30.414955,0.000000,53.000000,2.000000,0.853200,-0.000273,0.000121,0.011865,-0.113701,-0.894495,-0.003969,0.010417,80.100000,0.000000,0.267478,0.000715,0.000021,0.001181,-0.000049,0.273069,
0.040000,25.602193,25.602193,3.000000,30.642460,30.642460,0.000000,53.100000,3.000000,0.837200,-0.000182,0.000252,0.010714,-0.113272,-0.867175,-0.003898,0.008605,80.200000,0.000000,0.261896,0.000753,0.000027,-0.000427,-0.000946,0.272510,
0.040000,25.864690,25.864690,2.000000,30.852125,30.852125,0.000000,53.200000,2.000000,0.832000,-0.000251,0.000202,0.010633,-0.111081,-0.840223,-0.003730,0.008489,80.300000,0.000000,0.256521,0.000614,0.000040,0.000685,0.000234,0.272935,
0.040000,26.121501,26.121501,2.000000,31.000919,31.000919,0.000000,53.300000,2.000000,0.843600,-0.000139,0.000335,0.008161,-0.108535,-0.786213,-0.003663,0.021296,80.400000,0.000000,0.251119,0.000869,0.000073,-0.000009,-0.000302,0.270822,
0.040000,26.372450,26.372450,2.000000,31.140467,31.140467,0.000000,53.400000,2.000000,0.855600,-0.000139,0.000335,0.008161,-0.108535,-0.786213,-0.003663,0.023684,80.500000,0.000000,0.245835,0.000699,0.000008,0.000691,0.000442,0.270856,
0.040000,26.614709,26.614709,2.000000,31.217642,31.217642,0.000000,53.500000,2.000000,0.852000,-0.000171,0.000246,0.007448,-0.108841,-0.759322,-0.003408,0.021710,80.600000,0.000000,0.240615,0.000820,0.000084,0.000454,0.000399,0.269848,
0.040000,26.845857,26.845857,2.000000,31.237663,31.237663,0.000000,53.600000,2.000000,0.846000,-0.000139,0.000284,0.006892,-0.106588,-0.732430,-0.003065,0.008171,80.700000,0.000000,0.235809,0.000662,0.000133,-0.000354,0.000003,0.269267,
0.040000,27.070386,27.070386,2.000000,31.336441,31.336441,0.000000,53.700000,2.000000,0.844000,-0.000092,0.000205,0.005798,-0.105021,-0.705514,-0.002555,0.009187,80.800000,0.000000,0.230768,0.000896,0.000198,0.000127,0.000245,0.269053,
0.040000,27.286436,27.286436,2.000000,31.391382,31.391382,0.000000,53.800000,2.000000,0.782800,-0.000255,0.000243,0.003807,-0.105547,-0.678439,-0.003285,0.011644,80.900000,0.000000,0.225844,0.000963,0.000295,-0.000420,0.000422,0.269118,
0.040000,27.491667,27.491667,2.000000,31.391058,31.391058,0.000000,53.900000,2.000000,0.795600,-0.000245,0.000075,0.002637,-0.107986,-0.651727,-0.002377,0.022063,81.000000,0.000000,0.221153,0.000610,0.000145,0.000104,-0.000807,0.270129,
0.040000,27.685259,27.685259,2.000000,31.363506,31.363506,0.000000,54.000000,2.000000,0.771200,-0.000130,-0.000155,-0.001922,-0.105402,-0.597989,-0.001850,0.009438,81.100000,0.000000,0.216908,0.000079,0.000322,-0.000957,-0.000219,0.268269,
0.040000,27.869404,27.869404,2.000000,31.368149,31.368149,0.000000,54.100000,2.000000,0.857200,-0.000130,-0.000155,-0.001922,-0.105402,-0.597989,-0.001850,0.010453,81.200000,0.000000,0.212257,0.000206,0.000246,-0.000342,-0.000339,0.268289,
0.040000,28.044340,28.044340,2.000000,31.368135,31.368135,0.000000,54.200000,2.000000,0.826000,-0.000187,0.000060,-0.002307,-0.104487,-0.571096,-0.002335,0.022212,81.300000,0.000000,0.207399,-0.000050,0.000415,-0.001499,0.000839,0.268775,
0.040000,28.208828,28.208828,2.000000,31.334106,31.334106,0.000000,54.300000,2.000000,0.830000,-0.000285,0.000051,-0.002321,-0.106317,-0.544222,-0.002241,0.020911,81.400000,0.000000,0.203137,0.000058,0.000311,0.000785,-0.000038,0.268869,
0.040000,28.358698,28.358698,2.000000,31.206224,31.206224,0.000000,54.400000,2.000000,0.802400,-0.000185,0.000096,-0.004748,-0.103985,-0.517558,-0.001899,0.008087,81.500000,0.000000,0.199317,-0.000249,0.000323,0.000280,-0.000609,0.268791,
0.040000,28.496512,28.496512,2.000000,31.114971,31.114971,0.000000,54.500000,2.000000,0.806000,-0.000109,-0.000083,-0.005855,-0.104276,-0.490646,-0.001148,0.008094,81.600000,0.000000,0.194730,-0.000098,0.000385,0.000423,0.000395,0.267462,
0.040000,28.619634,28.619634,2.000000,30.958963,30.958963,0.000000,54.600000,2.000000,0.790400,-0.000249,0.000124,-0.007990,-0.104488,-0.463739,-0.002234,0.008587,81.700000,0.000000,0.190721,-0.000254,0.000526,-0.000920,0.000622,0.268486,
0.040000,28.728069,28.728069,3.000000,30.788317,30.788317,0.000000,54.700000,3.000000,0.734800,-0.000362,0.000188,-0.002762,-0.103777,-0.410582,-0.001954,0.008698,81.800000,0.000000,0.186600,-0.000485,0.000300,0.000961,-0.000626,0.268846,
0.040000,28.821817,28.821817,2.000000,30.603035,30.603035,0.000000,54.800000,2.000000,0.836800,-0.000362,0.000188,-0.002762,-0.103777,-0.410582,-0.001954,0.022939,81.900000,0.000000,0.183114,-0.000329,0.000301,0.000606,-0.000413,0.267964,
0.040000,28.901056,28.901056,2.000000,30.406597,30.406597,0.000000,54.900000,2.000000,0.792400,-0.000255,0.000140,-0.006509,-0.102666,-0.383551,-0.001990,0.020036,82.000000,0.000000,0.180166,0.000101,0.000344,0.000481,-0.000632,0.265612,
0.040000,28.965675,28.965675,2.000000,30.193430,30.193430,0.000000,55.000000,2.000000,0.751200,-0.000253,0.000231,-0.010586,-0.104135,-0.356564,-0.001790,0.008306,82.100000,0.000000,0.175838,0.000005,0.000330,-0.000060,0.000446,0.268512,
0.040000,29.017306,29.017306,4.000000,29.998304,29.998304,0.000000,55.100000,4.000000,0.724000,-0.000245,-0.000016,-0.005695,-0.104492,-0.330330,-0.000851,0.022538,82.200000,0.000000,0.171723,-0.000566,0.000363,0.000586,0.000215,0.269353,
0.040000,29.054300,29.054300,5.000000,29.757177,29.757177,0.000000,55.200000,5.000000,0.724000,-0.000201,-0.000154,-0.006303,-0.105056,-0.302999,-0.001140,0.009032,82.300000,0.000000,0.169259,-0.000284,0.000541,-0.001266,0.000149,0.265017,
0.040000,29.076687,29.076687,3.000000,29.502045,29.502045,0.000000,55.300000,3.000000,0.725200,-0.000052,-0.000052,-0.005485,-0.101855,-0.277004,0.000234,0.010272,82.400000,0.000000,0.165836,-0.000422,0.000474,-0.001298,0.000317,0.270145,
0.040000,29.082821,29.082821,6.000000,29.199371,29.199371,0.000000,55.400000,6.000000,0.716000,-0.000213,0.000030,-0.018395,-0.094932,-0.228659,-0.000873,0.009295,82.500000,0.000000,0.162523,0.000238,0.000736,0.000155,0.001021,0.263840,
0.040000,29.075217,29.075217,4.000000,28.930746,28.930746,0.000000,55.500000,4.000000,0.770000,-0.000213,0.000030,-0.018395,-0.094932,-0.228659,-0.000873,0.011807,82.600000,0.000000,0.159623,-0.000443,0.000433,0.000784,-0.001420,0.262484,
0.040000,29.051536,29.051536,4.000000,28.601595,28.601595,0.000000,55.600000,4.000000,0.749200,-0.000223,-0.000126,-0.017756,-0.097009,-0.207864,-0.000780,0.020905,82.700000,0.000000,0.153358,0.000943,0.000495,0.000150,0.000282,0.237347,
0.040000,29.018019,29.018019,6.000000,28.381182,28.381182,0.000000,55.700000,6.000000,0.730000,-0.000345,-0.000198,-0.017731,-0.096736,-0.189110,-0.000935,0.009675,82.800000,0.000000,0.150542,0.000553,0.000504,-0.000880,0.000040,0.219175,
0.040000,28.973113,28.973113,12.000000,28.119915,28.119915,0.000000,55.800000,12.000000,0.716000,-0.000248,-0.000075,-0.018543,-0.093216,-0.172544,-0.000532,0.010541,82.900000,0.000000,0.147558,0.000596,0.000463,-0.000743,-0.000759,0.199623,
0.040000,28.919986,28.919986,3.000000,27.910572,27.910572,0.000000,55.900000,3.000000,0.708400,-0.000255,-0.000038,-0.045662,-0.081751,-0.160362,-0.000390,0.013309,83.000000,0.000000,0.144352,0.001237,0.000534,0.000506,0.000298,0.178637,
0.040000,28.857618,28.857618,3.000000,27.672617,27.672617,0.000000,56.000000,3.000000,0.696800,-0.000303,-0.000092,-0.040483,-0.079161,-0.147058,-0.000520,0.009243,83.100000,0.000000,0.135824,0.002526,0.000553,0.000437,0.000065,0.143518,
0.040000,28.789422,28.789422,5.000000,27.493702,27.493702,0.000000,56.100000,5.000000,0.714000,-0.000369,0.000034,-0.032623,-0.086569,-0.133221,-0.001084,0.008537,83.200000,0.000000,0.134067,0.003145,0.000516,-0.000141,-0.000278,0.137044,
0.040000,28.714724,28.714724,7.000000,27.295458,27.295458,0.000000,56.200000,7.000000,0.703600,-0.000369,-0.000009,-0.035753,-0.085284,-0.122208,-0.000769,0.011066,83.300000,0.000000,0.133167,0.001861,0.000394,0.000755,-0.000515,0.137861,
0.040000,28.638821,28.638821,3.000000,27.196669,27.196669,0.000000,56.300000,3.000000,0.726000,0.000011,-0.000155,-0.038823,-0.074077,-0.112393,0.000226,0.011170,83.400000,0.000000,0.129886,0.001994,0.000448,0.000047,-0.000194,0.120726,
0.040000,28.558860,28.558860,13.000000,27.039602,27.039602,0.000000,56.400000,13.000000,0.712800,-0.000315,0.000005,-0.032335,-0.085873,-0.101515,-0.000991,0.009594,83.500000,0.000000,0.126444,0.004081,0.000637,-0.000874,0.002265,0.106774,
0.040000,28.477772,28.477772,5.000000,26.937094,26.937094,0.000000,56.500000,5.000000,0.810400,-0.000363,0.000080,-0.035382,-0.082825,-0.096072,-0.000804,0.015379,83.600000,0.000000,0.125480,0.001825,0.000383,0.000664,-0.001156,0.108009,
0.040000,28.395443,28.395443,3.000000,26.831190,26.831190,0.000000,56.600000,3.000000,0.834000,-0.000252,-0.000247,0.004908,-0.062791,-0.097452,-0.000664,0.025131,83.700000,0.000000,0.122337,0.002328,0.000412,0.000727,-0.000732,0.074898,
0.040000,28.311114,28.311114,2.000000,26.708872,26.708872,0.000000,56.700000,2.000000,0.825200,-0.000167,-0.000209,0.001856,-0.060621,-0.090554,-0.000642,0.009097,83.800000,0.000000,0.127470,0.006992,0.000429,-0.001744,0.000405,0.020080,
0.040000,28.225028,28.225028,2.000000,26.589386,26.589386,0.000000,56.800000,2.000000,0.830400,-0.000217,-0.000115,0.007049,-0.062200,-0.084113,-0.000312,0.010749,83.900000,0.000000,0.124306,0.007222,0.000425,-0.000420,0.000674,0.050299,
0.040000,28.137564,28.137564,2.000000,26.475744,26.475744,0.000000,56.900000,2.000000,0.821200,-0.000168,-0.000181,0.008421,-0.062102,-0.078013,-0.000431,0.007931,84.000000,0.000000,0.122898,0.006861,0.000482,0.000423,-0.000059,0.059021,
0.040000,28.052339,28.052339,2.000000,26.433067,26.433067,0.000000,57.000000,2.000000,0.835600,-0.000016,-0.000139,0.006235,-0.061370,-0.072988,0.000276,0.010162,84.100000,0.000000,0.120735,0.006767,0.000449,-0.000239,0.000274,0.060249,
0.040000,27.967422,27.967422,2.000000,26.354004,26.354004,0.000000,57.300000,2.000000,0.813200,-0.000099,-0.000060,0.008891,-0.061745,-0.068142,-0.000327,0.008458,84.400000,0.000000,0.117904,0.006744,0.000580,0.000173,0.001034,0.054064,
0.040000,27.875493,27.875493,2.000000,26.128843,26.128843,0.000000,57.500000,2.000000,0.834800,0.000013,-0.000131,0.012485,-0.062434,-0.055801,0.000194,0.010719,84.600000,0.000000,0.116100,0.006575,0.000449,0.000555,-0.000119,0.050605,
0.040000,27.782319,27.782319,2.000000,26.012016,26.012016,0.000000,57.600000,2.000000,0.830400,-0.000070,0.000010,0.009193,-0.060439,-0.048035,0.000007,0.007222,84.700000,0.000000,0.098018,0.005175,0.000673,-0.000226,0.000365,0.041243,
0.040000,27.690019,27.690019,1.000000,25.936321,25.936321,0.000000,57.700000,1.000000,0.830000,-0.000100,-0.000036,0.008945,-0.058761,-0.044532,-0.000128,0.011863,84.800000,0.000000,0.089138,0.005474,0.000549,0.000655,-0.000374,0.038969,
0.040000,27.599271,27.599271,2.000000,25.875061,25.875061,0.000000,57.800000,2.000000,0.832400,-0.000086,-0.000074,0.012161,-0.063088,-0.040265,-0.000410,0.007527,84.900000,0.000000,0.087352,0.005689,0.000512,0.000037,-0.000330,0.036792,
0.040000,27.509335,27.509335,2.000000,25.800545,25.800545,0.000000,57.900000,2.000000,0.832400,-0.000044,-0.000073,0.011336,-0.060677,-0.036681,0.000153,0.008031,85.000000,0.000000,0.086321,0.004771,0.000447,-0.000214,-0.000045,0.040371,
0.040000,27.421465,27.421465,2.000000,25.751928,25.751928,0.000000,58.000000,2.000000,0.861600,-0.000191,-0.000059,0.005007,-0.059407,-0.033152,-0.000296,0.009579,85.100000,0.000000,0.084471,0.005138,0.000548,-0.000073,0.000235,0.037574,
0.040000,27.334344,27.334344,2.000000,25.679052,25.679052,0.000000,58.100000,2.000000,0.841200,-0.000045,-0.000088,0.006237,-0.061028,-0.029112,0.000026,0.007414,85.200000,0.000000,0.081600,0.005240,0.000450,0.000060,-0.000820,0.036166,
0.040000,