Starting kit application with the following args:  ['/home/missroot/.local/lib/python3.12/site-packages/isaacsim/exts/isaacsim.simulation_app/isaacsim/simulation_app/simulation_app.py', '/home/missroot/.local/lib/python3.12/site-packages/isaacsim/apps/isaacsim.exp.base.python.kit', '--/app/tokens/exe-path=/home/missroot/.local/lib/python3.12/site-packages/isaacsim/kit', '--/persistent/app/viewport/displayOptions=3094', '--/rtx/materialDb/syncLoads=True', '--/rtx/hydra/materialSyncLoads=True', '--/omni/kit/plugin/syncUsdLoads=True', '--/app/renderer/resolution/width=1280', '--/app/renderer/resolution/height=720', '--/app/window/width=1440', '--/app/window/height=900', '--/renderer/multiGpu/enabled=True', '--/app/fastShutdown=True', '--/app/installSignalHandlers=0', '--ext-folder', '/home/missroot/.local/lib/python3.12/site-packages/isaacsim/exts', '--ext-folder', '/home/missroot/.local/lib/python3.12/site-packages/isaacsim/apps', '--/physics/cudaDevice=0', '--/plugins/carb.tasking.plugin/threadCount=16', '--/plugins/omni.tbb.globalcontrol/maxThreadCount=16', '--portable', '--no-window', '--/app/window/hideUi=1']
Passing the following args to the base kit application:  ['--headless']
2026-09-30T17:06:31Z [Info] [carb] Logging to file: /home/missroot/.local/lib/python3.12/site-packages/isaacsim/kit/logs/Kit/Isaac-Sim Python/6.1/kit_20260930_190631.log
[0.041s] [ext: omni.assets.plugins-0.0.0] startup
[0.042s] [ext: omni.blobkey-1.1.2] startup
[0.042s] [ext: omni.kit.async_engine-0.0.3] startup
[0.105s] [ext: omni.client.lib-1.1.1] startup
[0.112s] [ext: omni.client-1.3.0] startup
[0.114s] [ext: omni.protobuf.lib-1.0.1] startup
[0.115s] [ext: omni.grpc.lib-1.0.0] startup
[0.118s] [ext: omni.metrics.core-0.0.3] startup
[0.118s] [ext: omni.datastore-0.0.0] startup
WARNING: All log messages before absl::InitializeLog() is called are written to STDERR
E0000 00:00:1790787991.397681  295082 descriptor_database.cc:633] File already exists in database: grpc/health/v1/health.proto
W0000 00:00:1790787991.397701  295082 message.cc:301] Protobuf GeneratedMessageFactory: File is already registered: grpc/health/v1/health.proto
[0.118s] [ext: omni.gpu_foundation.shadercache.vulkan-1.0.0] startup
[0.120s] [ext: omni.hsscclient-1.1.4] startup
[0.120s] [ext: omni.stats-1.0.1] startup
[0.120s] [ext: omni.ujitso.default-1.0.0] startup
[0.123s] [ext: omni.gpu_foundation-0.0.0] startup
[0.254s] [ext: carb.windowing.plugins-1.0.1] startup
[0.254s] [ext: omni.kit.renderer.init-1.0.1] startup
2026-09-30T17:06:31Z [437ms] [Warning] [omni.rtx] Skipping unsupported non-NVIDIA GPU: AMD Ryzen 7 9800X3D 8-Core Processor (RADV RAPHAEL_MENDOCINO)
2026-09-30T17:06:31Z [437ms] [Warning] [omni.rtx] Skipping unsupported non-NVIDIA GPU: AMD Ryzen 7 9800X3D 8-Core Processor (RADV RAPHAEL_MENDOCINO)

|---------------------------------------------------------------------------------------------|
| Driver Version: 595.91.07     | Graphics API: Vulkan
|=============================================================================================|
| GPU | Name                             | Active | LDA | GPU Memory | Vendor-ID | LUID       |
|     |                                  |        |     |            | Device-ID | UUID       |
|     |                                  |        |     |            | Bus-ID    |            |
|---------------------------------------------------------------------------------------------|
| 0   | NVIDIA GeForce RTX 5070 Ti       | Yes: 0 |     | 16303   MB | 10de      | 0          |
|     |                                  |        |     |            | 2c05      | a3a938e6.. |
|     |                                  |        |     |            | 1         |            |
|---------------------------------------------------------------------------------------------|
| 1   | AMD Ryzen 7 9800X3D 8-Core Pro.. |        |     | 22004   MB | 1002      | 0          |
|     |                                  |        |     |            | 13c0      | 00000000.. |
|     |                                  |        |     |            | 11        |            |
|=============================================================================================|
| OS: 24.04.5 LTS (Noble Numbat) ubuntu, Version: 24.04.5, Kernel: 7.0.0-34-generic
| XServer Vendor: The X.Org Foundation, XServer Version: 12101011 (1.21.1.11)
| Processor: AMD Ryzen 7 9800X3D 8-Core Processor
| Cores: 8 | Logical Cores: 16
|---------------------------------------------------------------------------------------------|
| Total Memory (MB): 61918 | Free Memory: 53763
| Total Page/Swap (MB): 8191 | Free Page/Swap: 8191
|---------------------------------------------------------------------------------------------|
2026-09-30T17:06:31Z [600ms] [Warning] [omni.rtx] CPU performance profile is set to powersave. This profile sets the CPU to the lowest frequency reducing performance.
2026-09-30T17:06:31Z [608ms] [Warning] [omni.rtx] IOMMU is enabled.
[0.682s] [ext: omni.kit.pipapi-0.0.0] startup
[0.682s] [ext: omni.kit.telemetry-0.5.2] startup
[0.705s] [ext: omni.kit.loop-isaac-1.6.2] startup
[0.705s] [ext: omni.kit.test-2.1.1] startup
[0.736s] [ext: omni.materialx.libs-1.0.9] startup
[0.740s] [ext: omni.gpucompute.plugins-0.0.0] startup
[0.741s] [ext: omni.usd.config-1.0.8] startup
[0.743s] [ext: omni.usd.libs-1.0.3] startup
[0.799s] [ext: omni.iray.libs-0.0.1] startup
[0.802s] [ext: omni.mdl-57.0.6] startup
[0.842s] [ext: omni.mdl.neuraylib-0.2.22] startup
[0.844s] [ext: omni.kit.usd.mdl-1.1.11] startup
[0.914s] [ext: omni.appwindow-1.2.2] startup
[0.915s] [ext: omni.kit.renderer.core-1.3.1] startup
[1.164s] [ext: omni.kit.renderer.capture-2.0.1] startup
[1.165s] [ext: omni.kit.renderer.imgui-2.1.0] startup
[1.198s] [ext: omni.ui-3.3.1] startup
[1.204s] [ext: omni.kit.mainwindow-1.0.4] startup
[1.205s] [ext: carb.audio-0.1.0] startup
[1.207s] [ext: omni.uiaudio-1.0.0] startup
[1.208s] [ext: omni.kit.uiapp-0.0.0] startup
[1.208s] [ext: omni.usd.schema.metrics.assembler-110.1.0] startup
[1.209s] [ext: omni.usd.schema.audio-0.0.1] startup
[1.211s] [ext: omni.usd_resolver-1.0.0] startup
[1.214s] [ext: omni.usd.core-1.10.10] startup
[1.216s] [ext: omni.metropolis.schema-0.0.3] startup
[1.216s] [ext: isaacsim.anim.robot.schema-0.1.1] startup
[1.217s] [ext: isaacsim.common-6.2.0] startup
[1.217s] [ext: omni.usd.schema.anim-0.0.1] startup
[1.228s] [ext: omni.usd.schema.geospatial-0.0.1] startup
[1.229s] [ext: omni.usd.schema.omnigraph-1.0.1] startup
[1.233s] [ext: omni.usd.schema.semantics-0.0.0] startup
[1.234s] [ext: omni.activity.core-1.0.4] startup
[1.235s] [ext: omni.cubric-0.1.0] startup
[1.235s] [ext: omni.graph.exec-0.9.6] startup
[1.236s] [ext: omni.hydra.scene_delegate-0.3.5] startup
[1.238s] [ext: usdrt.scenegraph-7.6.3] startup
[1.253s] [ext: omni.hydra.usdrt_delegate-7.5.2] startup
[1.257s] [ext: omni.inspect-1.0.2] startup
[1.258s] [ext: omni.kit.actions.core-1.2.0] startup
[1.259s] [ext: omni.kit.audiodeviceenum-1.0.2] startup
[1.260s] [ext: omni.kit.commands-1.5.0] startup
[1.262s] [ext: omni.kit.exec.core-0.13.6] startup
[1.262s] [ext: omni.kit.usd_undo-0.1.8] startup
[1.263s] [ext: omni.kit.window.popup_dialog-2.0.26] startup
[1.265s] [ext: omni.kit.widget.connection_manager-1.0.3] startup
[1.268s] [ext: omni.timeline-1.1.0] startup
[1.269s] [ext: omni.usd-1.18.0] startup
[1.290s] [ext: omni.graph.core-3.1.5] startup
[1.292s] [ext: omni.kit.notification_manager-1.0.16] startup
[1.293s] [ext: isaacsim.core.deprecation_manager-0.4.4] startup
[1.294s] [ext: isaacsim.replicator.agent.schema-0.1.1] startup
[1.294s] [ext: isaacsim.robot.schema-7.0.2] startup
[1.297s] [ext: isaacsim.robot_motion.schema-0.2.2] startup
[1.297s] [ext: omni.anim.behavior.schema-110.3.0] startup
[1.299s] [ext: omni.anim.graph.schema-110.3.0] startup
[1.303s] [ext: omni.anim.navigation.schema-110.3.0] startup
[1.305s] [ext: omni.behavior.tree.schema-110.3.0] startup
[1.306s] [ext: omni.kit.asset_converter-6.0.5] startup
2026-09-30T17:06:32Z [1,288ms] [Warning] [asset_converter_native_bindings._bootstrap] A different OpenUSD (pxr) build was already imported from /home/missroot/.local/lib/python3.12/site-packages/isaacsim/extscache/omni.usd.schema.audio-0.0.1+00c488ae.lx64.r.cp312/pxr before usd-convert-asset loaded. The host pxr bindings will remain in use rather than reloading the bundled OpenUSD at /home/missroot/.local/lib/python3.12/site-packages/isaacsim/extscache/omni.kit.asset_converter-6.0.5+110.1.1.lx64.r.cp312.u7f4/asset_converter_native_bindings/libs/lib/python/pxr, /home/missroot/.local/lib/python3.12/site-packages/isaacsim/extscache/omni.kit.asset_converter-6.0.5+110.1.1.lx64.r.cp312.u7f4/asset_converter_native_bindings/libs/python/pxr. Mixing USD builds in one process can cause ABI and singleton conflicts; prefer importing usd_convert_asset first, or run the converter in a separate process/venv when mixing unrelated USD builds.
[1.315s] [ext: omni.usd.schema.flow-110.0.0] startup
[1.315s] [ext: omni.usd.schema.newton-1.4.0] startup
[1.316s] [ext: omni.usd.schema.mujoco-1.1.4] startup
[1.316s] [ext: omni.usd.schema.omni_dome_light-1.0.0] startup
[1.317s] [ext: omni.usd.schema.omni_lens_distortion-1.0.0] startup
[1.317s] [ext: omni.usd.schema.omni_projectors-1.0.0] startup
[1.317s] [ext: omni.usd.schema.omni_sensors-0.0.0] startup
[1.322s] [ext: omni.usd.schema.omniscripting-1.0.1] startup
[1.324s] [ext: omni.usd.schema.physical_lighting-0.1.0] startup
[1.326s] [ext: omni.usd.schema.physx-110.3.2] startup
[1.344s] [ext: omni.usd.schema.render_settings.rtx-1.0.3] startup
[1.346s] [ext: omni.usd.schema.usd_particle_field-1.0.0] startup
[1.347s] [ext: isaacsim.core.version-2.2.1] startup
[1.348s] [ext: omni.kit.menu.core-1.3.0] startup
[1.349s] [ext: omni.kit.menu.utils-2.2.8] startup
[1.353s] [ext: isaacsim.app.about-2.3.2] startup
[1.355s] [ext: isaacsim.asset.transformer-6.1.0] startup
[1.357s] [ext: omni.scene.optimizer.core-110.2.1] startup
[1.388s] [ext: isaacsim.asset.importer.utils-1.9.1] startup
[1.389s] [ext: omni.convexdecomposition-110.3.2] startup
[1.391s] [ext: omni.physics-110.3.2] startup
[1.393s] [ext: omni.physx.gpu-110.3.2] startup
[1.393s] [ext: omni.physx.foundation-110.3.2] startup
[1.394s] [ext: omni.usdphysics-110.3.2] startup
[1.395s] [ext: omni.physx.cooking-110.3.2] startup
[1.396s] [ext: omni.physx-110.3.2] startup
[1.402s] [ext: omni.physics.physx-110.3.2] startup
[1.403s] [ext: isaacsim.asset.exporter.urdf-2.2.6] startup
[1.408s] [ext: omni.kit.clipboard-1.1.1] startup
[1.409s] [ext: omni.kit.usd.layers-2.7.2] startup
[1.413s] [ext: omni.kit.widget.context_menu-1.5.0] startup
[1.414s] [ext: omni.kit.context_menu-1.10.0] startup
[1.414s] [ext: omni.kit.helper.file_utils-0.1.10] startup
[1.415s] [ext: omni.kit.widget.nucleus_info-2.0.2] startup
[1.416s] [ext: omni.kit.search_core-1.0.8] startup
[1.416s] [ext: omni.kit.widget.path_field-2.0.13] startup
[1.416s] [ext: omni.kit.widget.browser_bar-2.0.11] startup
[1.417s] [ext: omni.kit.widget.filebrowser-2.14.0] startup
[1.419s] [ext: omni.kit.widget.nucleus_connector-2.4.0] startup
[1.420s] [ext: omni.kit.widget.options_menu-1.1.7] startup
[1.421s] [ext: omni.kit.widget.options_button-1.0.3] startup
[1.422s] [ext: omni.kit.widget.search_delegate-1.0.10] startup
[1.422s] [ext: omni.ui.scene-2.0.4] startup
[1.425s] [ext: omni.kit.window.filepicker-3.0.14] startup
[1.433s] [ext: omni.kit.window.file_importer-1.1.22] startup
[1.434s] [ext: omni.kit.material.library-3.1.7] startup
[1.437s] [ext: isaacsim.asset.transformer.rules-1.7.18] startup
[1.443s] [ext: omni.usdex.libs-2.3.0] startup
[1.448s] [ext: isaacsim.asset.importer.mjcf-3.12.1] startup
[1.449s] [ext: omni.kit.primitive.mesh-1.1.1] startup
[1.451s] [ext: omni.kit.stage_template.core-1.1.23] startup
[1.451s] [ext: omni.kit.stage_templates-2.0.3] startup
[1.452s] [ext: omni.usd.metrics.assembler-110.1.2] startup
[1.454s] [ext: omni.warp.core-1.16.0] startup
[1.554s] [ext: isaacsim.core.experimental.utils-0.23.0] startup
[1.555s] [ext: isaacsim.asset.importer.urdf-3.11.10] startup
[1.557s] [ext: omni.physics.stageupdate-110.3.2] startup
[1.558s] [ext: omni.physics.tensors-110.3.2] startup
[1.561s] [ext: omni.physx.tensors-110.3.2] startup
[1.563s] [ext: isaacsim.core.simulation_manager-1.17.1] startup
[1.570s] [ext: isaacsim.storage.native-1.11.0] startup
[1.571s] [ext: omni.usd.metrics.assembler.physics-110.3.2] startup
[1.572s] [ext: isaacsim.core.utils-4.1.9] startup
[1.573s] [ext: isaacsim.core.prims-0.11.7] startup
[2.277s] [ext: isaacsim.core.api-5.3.2] startup
[2.281s] [ext: isaacsim.core.cloner-1.7.5] startup
[2.281s] [ext: isaacsim.test.docstring-1.3.2] startup
[2.284s] [ext: isaacsim.core.experimental.prims-1.10.8] startup
[2.293s] [ext: isaacsim.core.experimental.primdata-0.3.6] startup
[2.295s] [ext: omni.graph.tools-1.81.0] startup
[2.307s] [ext: omni.graph-1.142.5] startup
[2.328s] [ext: isaacsim.core.experimental.actuators-0.1.6] startup
[2.338s] [ext: isaacsim.core.experimental.materials-0.10.0] startup
[2.340s] [ext: isaacsim.core.experimental.objects-0.9.0] startup
[2.383s] [ext: omni.hydra.engine.stats-1.0.5] startup
[2.384s] [ext: omni.hydra.rtx.shadercache.vulkan-1.0.0] startup
[2.385s] [ext: omni.index.libs-392300.961.0] startup
[2.385s] [ext: omni.index-1.0.1] startup
[2.385s] [ext: omni.ujitso.client-0.0.0] startup
[2.385s] [ext: omni.usd.schema.playback-1.1.0] startup
[2.386s] [ext: omni.volume-0.5.2] startup
[2.390s] [ext: omni.hydra.rtx-1.0.4] startup
2026-09-30T17:06:33Z [2,380ms] [Warning] [omni.log] Source: omni.hydra was already registered.
[2.410s] [ext: omni.kit.hydra_texture-1.6.2] startup
[2.412s] [ext: omni.kit.raycast.query-1.2.0] startup
[2.415s] [ext: omni.kit.viewport.legacy_gizmos-1.0.24] startup
[2.417s] [ext: omni.kit.viewport.registry-104.0.6] startup
[2.417s] [ext: omni.kit.viewport.scene_camera_model-1.0.7] startup
[2.420s] [ext: omni.kit.widget.viewport-110.0.0] startup
[2.422s] [ext: omni.kit.window.drop_support-1.0.8] startup
[2.423s] [ext: omni.kit.viewport.window-110.0.1] startup
[2.434s] [ext: omni.kit.viewport.utility-2.1.0] startup
[2.434s] [ext: isaacsim.core.rendering_manager-0.5.1] startup
[2.441s] [ext: omni.graph.action_core-1.1.9] startup
[2.442s] [ext: omni.graph.action_nodes_core-2.11.0] startup
[2.444s] [ext: omni.graph.action_nodes-2.11.0] startup
[2.457s] [ext: omni.graph.action-2.10.2] startup
[2.458s] [ext: omni.graph.image.core-0.6.1] startup
[2.458s] [ext: omni.graph.image.nodes-1.3.2] startup
[2.459s] [ext: omni.graph.nodes_core-2.11.0] startup
[2.463s] [ext: omni.graph.nodes-2.12.0] startup
[2.466s] [ext: omni.kit.hotkeys.core-1.4.0] startup
[2.467s] [ext: omni.kit.property.adapter.core-1.1.1] startup
[2.470s] [ext: omni.kit.property.adapter.usd-1.0.6] startup
[2.471s] [ext: omni.kit.widget.filter-1.1.8] startup
[2.472s] [ext: omni.kit.widget.highlight_label-1.0.3] startup
[2.472s] [ext: omni.kit.widget.searchfield-1.1.8] startup
[2.473s] [ext: omni.kit.window.file_exporter-1.0.38] startup
[2.474s] [ext: omni.kit.widget.stage-4.6.5] startup
[2.479s] [ext: omni.kit.window.content_browser_registry-0.0.6] startup
[2.480s] [ext: omni.kit.window.file-2.0.15] startup
[2.482s] [ext: omni.kit.window.content_browser-3.1.12] startup
[2.488s] [ext: omni.kit.window.property-1.15.2] startup
[2.495s] [ext: omni.kit.property.usd-4.9.14] startup
[2.501s] [ext: omni.graph.scriptnode-2.10.2] startup
[2.508s] [ext: omni.kit.widget.searchable_combobox-1.0.7] startup
[2.508s] [ext: omni.kit.widget.settings-2.0.1] startup
[2.510s] [ext: omni.kit.window.preferences-1.8.5] startup
[2.513s] [ext: omni.kit.viewport.menubar.core-110.0.3] startup
[2.520s] [ext: omni.syntheticdata-0.6.17] startup
[2.536s] [ext: omni.replicator.nv-1.1.6] startup
[2.540s] [ext: omni.videoencoding-0.2.1] startup
[2.541s] [ext: omni.replicator.core-1.13.36] startup
2026-09-30T17:06:33Z [2,527ms] [Warning] [pxr.Semantics] pxr.Semantics is deprecated - please use Semantics instead
Warp 1.16.0 initialized:
   CUDA Toolkit 12.9, Driver 13.2
   Devices:
     "cpu"      : "x86_64"
     "cuda:0"   : "NVIDIA GeForce RTX 5070 Ti" (15 GiB, sm_120, mempool enabled)
   Kernel cache:
     /home/missroot/.cache/warp/1.16.0
2026-09-30T17:06:33Z [2,565ms] [Warning] [omni.replicator.core.scripts.extension] No material configuration file, adding configuration to material settings directly.
[2.655s] [ext: isaacsim.core.nodes-5.10.13] startup
[2.674s] [ext: isaacsim.core.throttling-2.3.7] startup
[2.675s] [ext: omni.kit.manipulator.viewport-107.0.1] startup
[2.676s] [ext: omni.graph.visualization.nodes-2.1.4] startup
[2.684s] [ext: omni.kit.window.extensions-1.5.16] startup
[2.688s] [ext: isaacsim.gui.components-1.8.9] startup
[2.691s] [ext: isaacsim.robot.surface_gripper-3.6.3] startup
[2.698s] [ext: isaacsim.robot.manipulators-3.4.5] startup
[2.705s] [ext: isaacsim.robot_motion.lula-4.1.4] startup
[2.709s] [ext: isaacsim.robot_motion.motion_generation-8.2.9] startup
[2.713s] [ext: isaacsim.cortex.framework-1.0.20] startup
[2.714s] [ext: isaacsim.cortex.behaviors-2.0.18] startup
[2.716s] [ext: isaacsim.examples.base-1.3.4] startup
[2.718s] [ext: omni.kit.widget.zoombar-1.0.7] startup
[2.718s] [ext: omni.kit.browser.core-2.3.18] startup
[2.721s] [ext: omni.kit.browser.folder.core-2.0.3] startup
[2.724s] [ext: omni.kit.widget.stage_icons-1.0.8] startup
[2.725s] [ext: omni.kit.window.stage-2.6.1] startup
[2.727s] [ext: omni.kit.menu.stage-1.2.7] startup
[2.728s] [ext: omni.kit.usd.collect-3.0.6] startup
[2.730s] [ext: omni.kit.widget.prompt-1.0.7] startup
[2.730s] [ext: omni.kit.tool.collect-2.2.19] startup
[2.732s] [ext: isaacsim.examples.browser-0.3.4] startup
[2.733s] [ext: omni.kit.search.files-1.0.4] startup
[2.734s] [ext: omni.kit.widget.calendar-1.0.9] startup
[2.735s] [ext: omni.kit.widget.extended_searchfield-1.0.31] startup
[2.740s] [ext: omni.simready.content.browser-0.3.8] startup
[2.799s] [ext: isaacsim.gui.content_browser-0.5.1] startup
[2.801s] [ext: omni.kit.selection-0.1.6] startup
[2.802s] [ext: isaacsim.gui.menu-2.10.12] startup
[2.807s] [ext: isaacsim.gui.property-1.6.4] startup
[2.811s] [ext: omni.kit.viewport.actions-110.1.0] startup
[2.814s] [ext: omni.kit.viewport.menubar.display-110.0.0] startup
[2.815s] [ext: isaacsim.gui.sensors.icon-2.2.4] startup
[2.817s] [ext: omni.behavior.scripting.core-110.3.0] startup
[2.818s] [ext: isaacsim.replicator.behavior-1.6.2] startup
[2.821s] [ext: isaacsim.replicator.experimental.domain_randomization-1.2.10] startup
[2.831s] [ext: isaacsim.replicator.domain_randomization-1.2.3] startup
[2.881s] [ext: isaacsim.replicator.writers-1.5.6] startup
[2.895s] [ext: isaacsim.robot.experimental.wheeled_robots-0.2.14] startup
[2.908s] [ext: isaacsim.robot_motion.experimental.motion_generation-7.1.2] startup
[2.914s] [ext: isaacsim.robot.policy.examples-7.2.0] startup
[4.153s] [ext: isaacsim.robot.wheeled_robots-5.2.5] startup
[4.156s] [ext: isaacsim.robot.wheeled_robots.nodes-0.1.12] startup
[4.172s] [ext: isaacsim.robot_motion.controllers-0.3.2] startup
[4.178s] [ext: isaacsim.robot_motion.cumotion-1.4.0] startup
[4.186s] [ext: omni.kit.numpy.common-0.1.3] startup
[4.187s] [ext: omni.rtx.spg-0.4.0] startup
[4.191s] [ext: omni.sensors.nv.camera-1.0.0] startup
[4.194s] [ext: isaacsim.sensors.camera-1.7.13] startup
[4.208s] [ext: isaacsim.sensors.experimental.physics-3.3.0] startup
[4.213s] [ext: omni.sensors.net-1.0.1] startup
[4.215s] [ext: omni.sensors.nv.common-3.0.0] startup
[4.223s] [ext: omni.sensors.nv.materials-2.0.0] startup
[4.225s] [ext: omni.sensors.nv.acoustic-3.0.0] startup
[4.227s] [ext: omni.sensors.nv.ids-2.0.1] startup
[4.229s] [ext: omni.sensors.nv.lidar-3.0.0] startup
[4.231s] [ext: omni.sensors.nv.radar-3.0.0] startup
[4.233s] [ext: isaacsim.sensors.experimental.rtx-1.9.0] startup
2026-09-30T17:06:35Z [4,319ms] [Error] [omni.kit.app._impl] [py stderr]: /home/missroot/.local/lib/python3.12/site-packages/matplotlib/projections/__init__.py:63: UserWarning: Unable to import Axes3D. This may be due to multiple versions of Matplotlib being installed (e.g. as a system package and as a pip package). As a result, the 3D projection is not available.
  warnings.warn("Unable to import Axes3D. This may be due to multiple versions of "
[4.354s] [ext: isaacsim.sensors.physics.nodes-1.6.2] startup
[4.358s] [ext: isaacsim.util.debug_draw-3.2.6] startup
[4.362s] [ext: isaacsim.sensors.physx-2.5.7] startup
[4.367s] [ext: isaacsim.sensors.rtx-15.17.5] startup
[4.374s] [ext: isaacsim.simulation_app-2.19.0] startup
[4.375s] [ext: omni.anim.curve.core-1.6.1] startup
[4.381s] [ext: omni.graph.ui_nodes-2.11.1] startup
[4.396s] [ext: omni.kit.manipulator.camera-110.1.0] startup
[4.399s] [ext: omni.kit.manipulator.selector-1.1.4] startup
[4.400s] [ext: omni.kit.manipulator.transform-107.0.1] startup
[4.402s] [ext: omni.kit.widget.toolbar-2.1.0] startup
[4.406s] [ext: omni.kit.manipulator.tool.snap-1.5.15] startup
[4.409s] [ext: omni.kit.viewport.manipulator.transform-107.0.4] startup
[4.410s] [ext: omni.kit.manipulator.prim.core-108.0.2] startup
[4.413s] [ext: omni.kit.manipulator.prim.usd-107.0.3] startup
[4.414s] [ext: omni.kit.manipulator.prim-108.0.0] startup
[4.414s] [ext: omni.kit.manipulator.selection-110.0.0] startup
[4.415s] [ext: omni.kit.menu.create-2.0.2] startup
[4.416s] [ext: omni.kit.property.audio-1.0.18] startup
[4.418s] [ext: omni.kit.property.camera-1.0.14] startup
[4.419s] [ext: omni.kit.property.geometry-2.1.2] startup
[4.421s] [ext: omni.kit.property.light-1.0.16] startup
[4.444s] [ext: omni.kit.property.material-1.14.10] startup
[4.447s] [ext: omni.kit.property.render-1.2.2] startup
[4.448s] [ext: omni.kit.property.transform-1.6.12] startup
[4.450s] [ext: omni.kit.property.bundle-1.5.2] startup
[4.451s] [ext: omni.kit.usdz_export-1.1.1] startup
[4.453s] [ext: omni.kit.tool.asset_importer-6.0.2] startup
[4.456s] [ext: omni.kit.ui.actions-1.0.5] startup
[4.457s] [ext: omni.kit.viewport.menubar.camera-107.0.14] startup
[4.460s] [ext: omni.kit.viewport.menubar.lighting-107.3.2] startup
[4.462s] [ext: omni.kit.viewport.menubar.render-110.1.1] startup
[4.463s] [ext: omni.kit.viewport.menubar.settings-110.0.1] startup
[4.465s] [ext: omni.kit.window.console-1.1.10] startup
[4.468s] [ext: omni.kit.window.status_bar-0.1.11] startup
[4.470s] [ext: omni.kit.window.toolbar-3.0.3] startup
[4.471s] [ext: omni.ocio-0.1.1] startup
[4.472s] [ext: omni.physx.commands-110.3.2] startup
[4.474s] [ext: omni.replicator.replicator_yaml-2.0.12] startup
[4.480s] [ext: omni.rtx.window.settings-0.8.2] startup
[4.483s] [ext: omni.rtx.settings.core-0.7.1] startup
[4.484s] [ext: omni.usd.metrics.assembler.ui-110.1.1] startup
[4.488s] [ext: semantics.schema.editor-2.0.2] startup
[4.490s] [ext: semantics.schema.property-2.0.2] startup
[4.491s] [ext: omni.kit.menu.common-2.0.2] startup
[4.492s] [ext: isaacsim.exp.base-6.1.0] startup
[4.492s] [ext: isaacsim.exp.base.python-6.1.0] startup
[4.493s] Simulation App Starting
[5.149s] Simulation App Startup Complete
[5.155s] app ready
[5.482s] [ext: isaacsim.core.includes-2.9.4] startup
[5.482s] [ext: isaacsim.sensors.rtx.nodes-0.1.7] startup
[5.489s] [ext: isaacsim.ros2.core-1.11.0] startup
[5.536s] Attempting to load system rclpy
[5.561s] rclpy loaded
[5.563s] [ext: isaacsim.ros2.control-0.1.6] startup
[5.567s] [ext: isaacsim.ros2.nodes-1.22.7] startup
[5.597s] [ext: isaacsim.ros2.examples-1.2.9] startup
[5.601s] [ext: isaacsim.ros2.ui-1.9.2] startup
[5.757s] [ext: isaacsim.ros2.bridge-5.1.4] startup
[standalone] apro /home/missroot/mola-adversarial-nsga3/isaac/carter_warehouse.usd
2026-09-30T17:06:42Z [10,731ms] [Warning] [omni.usd] Encountered USD Warnings but USD Diagnostics are currently muted. To view USD Warnings, please set the '/persistent/app/usd/muteUsdDiagnostics' setting to false in Preferences page.
2026-09-30T17:06:43Z [11,772ms] [Warning] [rtx.hydra] Camera '/World/Nova_Carter_ROS/chassis_link/sensors/right_hawk/right/camera_right': Projection type 'fisheyePolynomial' is deprecated. Please use 'opencvFisheye', 'opencvPinhole', 'lut', or 'omniDirectionalStereo' instead.
2026-09-30T17:06:43Z [11,772ms] [Warning] [rtx.hydra] Camera '/World/Nova_Carter_ROS/chassis_link/sensors/front_hawk/right/camera_right': Projection type 'fisheyePolynomial' is deprecated. Please use 'opencvFisheye', 'opencvPinhole', 'lut', or 'omniDirectionalStereo' instead.
2026-09-30T17:06:43Z [11,772ms] [Warning] [rtx.hydra] Camera '/World/Nova_Carter_ROS/chassis_link/sensors/right_owl/camera': Projection type 'fisheyePolynomial' is deprecated. Please use 'opencvFisheye', 'opencvPinhole', 'lut', or 'omniDirectionalStereo' instead.
2026-09-30T17:06:43Z [11,772ms] [Warning] [rtx.hydra] Camera '/World/Nova_Carter_ROS/chassis_link/sensors/back_hawk/right/camera_right': Projection type 'fisheyePolynomial' is deprecated. Please use 'opencvFisheye', 'opencvPinhole', 'lut', or 'omniDirectionalStereo' instead.
2026-09-30T17:06:43Z [11,772ms] [Warning] [rtx.hydra] Camera '/World/Nova_Carter_ROS/chassis_link/sensors/front_owl/camera': Projection type 'fisheyePolynomial' is deprecated. Please use 'opencvFisheye', 'opencvPinhole', 'lut', or 'omniDirectionalStereo' instead.
2026-09-30T17:06:43Z [11,772ms] [Warning] [rtx.hydra] Camera '/World/Nova_Carter_ROS/chassis_link/sensors/left_hawk/left/camera_left': Projection type 'fisheyePolynomial' is deprecated. Please use 'opencvFisheye', 'opencvPinhole', 'lut', or 'omniDirectionalStereo' instead.
2026-09-30T17:06:43Z [11,772ms] [Warning] [rtx.hydra] Camera '/World/Nova_Carter_ROS/chassis_link/sensors/back_owl/camera': Projection type 'fisheyePolynomial' is deprecated. Please use 'opencvFisheye', 'opencvPinhole', 'lut', or 'omniDirectionalStereo' instead.
2026-09-30T17:06:43Z [11,772ms] [Warning] [rtx.hydra] Camera '/World/Nova_Carter_ROS/chassis_link/sensors/left_owl/camera': Projection type 'fisheyePolynomial' is deprecated. Please use 'opencvFisheye', 'opencvPinhole', 'lut', or 'omniDirectionalStereo' instead.
2026-09-30T17:06:43Z [11,772ms] [Warning] [rtx.hydra] Camera '/World/Nova_Carter_ROS/chassis_link/sensors/front_hawk/left/camera_left': Projection type 'fisheyePolynomial' is deprecated. Please use 'opencvFisheye', 'opencvPinhole', 'lut', or 'omniDirectionalStereo' instead.
2026-09-30T17:06:43Z [11,772ms] [Warning] [rtx.hydra] Camera '/World/Nova_Carter_ROS/chassis_link/sensors/right_hawk/left/camera_left': Projection type 'fisheyePolynomial' is deprecated. Please use 'opencvFisheye', 'opencvPinhole', 'lut', or 'omniDirectionalStereo' instead.
2026-09-30T17:06:43Z [11,772ms] [Warning] [rtx.hydra] Camera '/World/Nova_Carter_ROS/chassis_link/sensors/left_hawk/right/camera_right': Projection type 'fisheyePolynomial' is deprecated. Please use 'opencvFisheye', 'opencvPinhole', 'lut', or 'omniDirectionalStereo' instead.
2026-09-30T17:06:43Z [11,772ms] [Warning] [rtx.hydra] Camera '/World/Nova_Carter_ROS/chassis_link/sensors/back_hawk/left/camera_left': Projection type 'fisheyePolynomial' is deprecated. Please use 'opencvFisheye', 'opencvPinhole', 'lut', or 'omniDirectionalStereo' instead.
[standalone] pronto: comandi su /tmp/isaac_cmd.json
2026-09-30T17:06:44Z [13,380ms] [Warning] [isaacsim.ros2.nodes.ogn.python.nodes.OgnROS2RtxLidarHelper] fullScan is deprecated. RTX Lidar now always produces full scans via accumulateOutputs. This setting is ignored.
2026-09-30T17:06:44Z [13,595ms] [Warning] [isaacsim.ros2.core.impl.camera_info_utils] Forcing fy to fx (957.8116193827423 != 957.8115559493878) when computing CameraInfo, as renderer assumes square pixels.
2026-09-30T17:06:44Z [13,595ms] [Warning] [isaacsim.ros2.core.impl.camera_info_utils] Forcing fy to fx (959.3266105473468 != 959.3265470136585) when computing CameraInfo, as renderer assumes square pixels.
2026-09-30T17:06:44Z [13,647ms] [Warning] [isaacsim.core.experimental.primdata.plugin] PrimDataReader: DOF effort readings are not available on the Newton backend. The dof_efforts field will be unavailable.
2026-09-30T17:06:45Z [13,829ms] [Warning] [rtx.hydra] Camera '/World/Nova_Carter_ROS/chassis_link/sensors/front_hawk/right/camera_right': Projection type 'fisheyePolynomial' is deprecated. Please use 'opencvFisheye', 'opencvPinhole', 'lut', or 'omniDirectionalStereo' instead.
2026-09-30T17:06:45Z [13,829ms] [Warning] [rtx.hydra] Camera '/World/Nova_Carter_ROS/chassis_link/sensors/front_hawk/left/camera_left': Projection type 'fisheyePolynomial' is deprecated. Please use 'opencvFisheye', 'opencvPinhole', 'lut', or 'omniDirectionalStereo' instead.
2026-09-30T17:06:45Z [13,912ms] [Warning] [rtx.rtxsensor.plugin] Multi-tick is enabled but motion BVH is not active. This is not supported.
2026-09-30T17:06:45Z [13,912ms] [Warning] [rtx.sensors.lidar.core.plugin] MotionBVH for lidar model not enabled. This will result in an incorrect point cloud without motion effects!
2026-09-30T17:06:45Z [14,615ms] [Warning] [omni.timeline.plugin] Deprecated: direct use of ITimeline callbacks is deprecated. Use ITimeline::getTimeline (Python: omni.timeline.get_timeline_interface) instead.
2026-09-30T17:06:53Z [21,739ms] [Warning] [isaacsim.ros2.nodes] ROS2 TF aggregation contributor '/World/Nova_Carter_ROS/chassis_link/sensors/front_owl/ROS_TF/PublisherTF' did not submit transforms for topic '/tf' on flush cycle 400
2026-09-30T17:06:53Z [21,740ms] [Warning] [isaacsim.ros2.nodes] ROS2 TF aggregation contributor '/World/Nova_Carter_ROS/chassis_link/sensors/rear_RPLidar/ROS_TF/PublisherTF' did not submit transforms for topic '/tf' on flush cycle 400
2026-09-30T17:06:53Z [21,740ms] [Warning] [isaacsim.ros2.nodes] ROS2 TF aggregation contributor '/World/Nova_Carter_ROS/chassis_link/sensors/left_hawk/ROS_TF/PublisherTF' did not submit transforms for topic '/tf' on flush cycle 400
2026-09-30T17:06:53Z [21,740ms] [Warning] [isaacsim.ros2.nodes] ROS2 TF aggregation contributor '/World/Nova_Carter_ROS/chassis_link/sensors/front_hawk/ROS_TF/PublisherTF' did not submit transforms for topic '/tf' on flush cycle 400
2026-09-30T17:06:53Z [21,740ms] [Warning] [isaacsim.ros2.nodes] ROS2 TF aggregation contributor '/World/Nova_Carter_ROS/chassis_link/sensors/back_owl/ROS_TF/PublisherTF' did not submit transforms for topic '/tf' on flush cycle 400
2026-09-30T17:06:53Z [21,740ms] [Warning] [isaacsim.ros2.nodes] ROS2 TF aggregation contributor '/World/Nova_Carter_ROS/chassis_link/sensors/XT_32/ROS_TF/PublisherTF' did not submit transforms for topic '/tf' on flush cycle 400
2026-09-30T17:06:53Z [21,740ms] [Warning] [isaacsim.ros2.nodes] ROS2 TF aggregation contributor '/World/Nova_Carter_ROS/chassis_link/sensors/front_RPLidar/ROS_TF/PublisherTF' did not submit transforms for topic '/tf' on flush cycle 400
2026-09-30T17:06:53Z [21,740ms] [Warning] [isaacsim.ros2.nodes] ROS2 TF aggregation contributor '/World/Nova_Carter_ROS/chassis_link/sensors/left_owl/ROS_TF/PublisherTF' did not submit transforms for topic '/tf' on flush cycle 400
2026-09-30T17:06:53Z [21,740ms] [Warning] [isaacsim.ros2.nodes] ROS2 TF aggregation contributor '/World/Nova_Carter_ROS/chassis_link/sensors/right_owl/ROS_TF/PublisherTF' did not submit transforms for topic '/tf' on flush cycle 400
2026-09-30T17:06:53Z [21,740ms] [Warning] [isaacsim.ros2.nodes] ROS2 TF aggregation contributor '/World/Nova_Carter_ROS/chassis_link/sensors/back_hawk/ROS_TF/PublisherTF' did not submit transforms for topic '/tf' on flush cycle 400
2026-09-30T17:06:53Z [21,740ms] [Warning] [isaacsim.ros2.nodes] ROS2 TF aggregation contributor '/World/Nova_Carter_ROS/transform_tree_odometry/ros2_publish_raw_transform_tree' did not submit transforms for topic '/tf' on flush cycle 400
2026-09-30T17:06:53Z [21,740ms] [Warning] [isaacsim.ros2.nodes] ROS2 TF aggregation contributor '/World/Nova_Carter_ROS/chassis_link/sensors/right_hawk/ROS_TF/PublisherTF' did not submit transforms for topic '/tf' on flush cycle 400
2026-09-30T17:06:53Z [21,740ms] [Warning] [isaacsim.ros2.nodes] ROS2 TF aggregation contributor '/World/Nova_Carter_ROS/transform_tree_odometry/tf_tree_base_link_to_wheel_base' did not submit transforms for topic '/tf' on flush cycle 400
2026-09-30T17:06:53Z [21,740ms] [Warning] [isaacsim.ros2.nodes] ROS2 TF aggregation contributor '/World/Nova_Carter_ROS/transform_tree_odometry/tf_tree_base_link_to_sensors' did not submit transforms for topic '/tf' on flush cycle 400
2026-09-30T17:06:53Z [21,740ms] [Warning] [isaacsim.ros2.nodes] ROS2 TF aggregation contributor '/World/Nova_Carter_ROS/transform_tree_odometry/tf_tree_base_link_to_chassis' did not submit transforms for topic '/tf' on flush cycle 400
2026-09-30T17:07:03Z [32,685ms] [Warning] [isaacsim.ros2.nodes] ROS2 TF aggregation contributor '/World/Nova_Carter_ROS/chassis_link/sensors/front_owl/ROS_TF/PublisherTF' did not submit transforms for topic '/tf' on flush cycle 998
2026-09-30T17:07:03Z [32,685ms] [Warning] [isaacsim.ros2.nodes] ROS2 TF aggregation contributor '/World/Nova_Carter_ROS/chassis_link/sensors/rear_RPLidar/ROS_TF/PublisherTF' did not submit transforms for topic '/tf' on flush cycle 998
2026-09-30T17:07:03Z [32,685ms] [Warning] [isaacsim.ros2.nodes] ROS2 TF aggregation contributor '/World/Nova_Carter_ROS/chassis_link/sensors/left_hawk/ROS_TF/PublisherTF' did not submit transforms for topic '/tf' on flush cycle 998
2026-09-30T17:07:03Z [32,685ms] [Warning] [isaacsim.ros2.nodes] ROS2 TF aggregation contributor '/World/Nova_Carter_ROS/chassis_link/sensors/front_hawk/ROS_TF/PublisherTF' did not submit transforms for topic '/tf' on flush cycle 998
2026-09-30T17:07:03Z [32,685ms] [Warning] [isaacsim.ros2.nodes] ROS2 TF aggregation contributor '/World/Nova_Carter_ROS/chassis_link/sensors/back_owl/ROS_TF/PublisherTF' did not submit transforms for topic '/tf' on flush cycle 998
2026-09-30T17:07:03Z [32,685ms] [Warning] [isaacsim.ros2.nodes] ROS2 TF aggregation contributor '/World/Nova_Carter_ROS/chassis_link/sensors/XT_32/ROS_TF/PublisherTF' did not submit transforms for topic '/tf' on flush cycle 998
2026-09-30T17:07:03Z [32,685ms] [Warning] [isaacsim.ros2.nodes] ROS2 TF aggregation contributor '/World/Nova_Carter_ROS/chassis_link/sensors/front_RPLidar/ROS_TF/PublisherTF' did not submit transforms for topic '/tf' on flush cycle 998
2026-09-30T17:07:03Z [32,685ms] [Warning] [isaacsim.ros2.nodes] ROS2 TF aggregation contributor '/World/Nova_Carter_ROS/chassis_link/sensors/left_owl/ROS_TF/PublisherTF' did not submit transforms for topic '/tf' on flush cycle 998
2026-09-30T17:07:03Z [32,685ms] [Warning] [isaacsim.ros2.nodes] ROS2 TF aggregation contributor '/World/Nova_Carter_ROS/chassis_link/sensors/right_owl/ROS_TF/PublisherTF' did not submit transforms for topic '/tf' on flush cycle 998
2026-09-30T17:07:03Z [32,685ms] [Warning] [isaacsim.ros2.nodes] ROS2 TF aggregation contributor '/World/Nova_Carter_ROS/chassis_link/sensors/back_hawk/ROS_TF/PublisherTF' did not submit transforms for topic '/tf' on flush cycle 998
2026-09-30T17:07:03Z [32,685ms] [Warning] [isaacsim.ros2.nodes] ROS2 TF aggregation contributor '/World/Nova_Carter_ROS/transform_tree_odometry/ros2_publish_raw_transform_tree' did not submit transforms for topic '/tf' on flush cycle 998
2026-09-30T17:07:03Z [32,685ms] [Warning] [isaacsim.ros2.nodes] ROS2 TF aggregation contributor '/World/Nova_Carter_ROS/chassis_link/sensors/right_hawk/ROS_TF/PublisherTF' did not submit transforms for topic '/tf' on flush cycle 998
2026-09-30T17:07:03Z [32,685ms] [Warning] [isaacsim.ros2.nodes] ROS2 TF aggregation contributor '/World/Nova_Carter_ROS/transform_tree_odometry/tf_tree_base_link_to_wheel_base' did not submit transforms for topic '/tf' on flush cycle 998
2026-09-30T17:07:03Z [32,685ms] [Warning] [isaacsim.ros2.nodes] ROS2 TF aggregation contributor '/World/Nova_Carter_ROS/transform_tree_odometry/tf_tree_base_link_to_sensors' did not submit transforms for topic '/tf' on flush cycle 998
2026-09-30T17:07:03Z [32,685ms] [Warning] [isaacsim.ros2.nodes] ROS2 TF aggregation contributor '/World/Nova_Carter_ROS/transform_tree_odometry/tf_tree_base_link_to_chassis' did not submit transforms for topic '/tf' on flush cycle 998
2026-09-30T17:07:06Z [34,817ms] [Warning] [isaacsim.ros2.nodes] ROS2 TF aggregation contributor '/World/Nova_Carter_ROS/chassis_link/sensors/front_owl/ROS_TF/PublisherTF' did not submit transforms for topic '/tf' on flush cycle 1118
2026-09-30T17:07:06Z [34,817ms] [Warning] [isaacsim.ros2.nodes] ROS2 TF aggregation contributor '/World/Nova_Carter_ROS/chassis_link/sensors/rear_RPLidar/ROS_TF/PublisherTF' did not submit transforms for topic '/tf' on flush cycle 1118
2026-09-30T17:07:06Z [34,817ms] [Warning] [isaacsim.ros2.nodes] ROS2 TF aggregation contributor '/World/Nova_Carter_ROS/chassis_link/sensors/left_hawk/ROS_TF/PublisherTF' did not submit transforms for topic '/tf' on flush cycle 1118
2026-09-30T17:07:06Z [34,817ms] [Warning] [isaacsim.ros2.nodes] ROS2 TF aggregation contributor '/World/Nova_Carter_ROS/chassis_link/sensors/front_hawk/ROS_TF/PublisherTF' did not submit transforms for topic '/tf' on flush cycle 1118
2026-09-30T17:07:06Z [34,817ms] [Warning] [isaacsim.ros2.nodes] ROS2 TF aggregation contributor '/World/Nova_Carter_ROS/chassis_link/sensors/back_owl/ROS_TF/PublisherTF' did not submit transforms for topic '/tf' on flush cycle 1118
2026-09-30T17:07:06Z [34,817ms] [Warning] [isaacsim.ros2.nodes] ROS2 TF aggregation contributor '/World/Nova_Carter_ROS/chassis_link/sensors/XT_32/ROS_TF/PublisherTF' did not submit transforms for topic '/tf' on flush cycle 1118
2026-09-30T17:07:06Z [34,817ms] [Warning] [isaacsim.ros2.nodes] ROS2 TF aggregation contributor '/World/Nova_Carter_ROS/chassis_link/sensors/front_RPLidar/ROS_TF/PublisherTF' did not submit transforms for topic '/tf' on flush cycle 1118
2026-09-30T17:07:06Z [34,817ms] [Warning] [isaacsim.ros2.nodes] ROS2 TF aggregation contributor '/World/Nova_Carter_ROS/chassis_link/sensors/left_owl/ROS_TF/PublisherTF' did not submit transforms for topic '/tf' on flush cycle 1118
2026-09-30T17:07:06Z [34,817ms] [Warning] [isaacsim.ros2.nodes] ROS2 TF aggregation contributor '/World/Nova_Carter_ROS/chassis_link/sensors/right_owl/ROS_TF/PublisherTF' did not submit transforms for topic '/tf' on flush cycle 1118
2026-09-30T17:07:06Z [34,817ms] [Warning] [isaacsim.ros2.nodes] ROS2 TF aggregation contributor '/World/Nova_Carter_ROS/chassis_link/sensors/back_hawk/ROS_TF/PublisherTF' did not submit transforms for topic '/tf' on flush cycle 1118
2026-09-30T17:07:06Z [34,817ms] [Warning] [isaacsim.ros2.nodes] ROS2 TF aggregation contributor '/World/Nova_Carter_ROS/transform_tree_odometry/ros2_publish_raw_transform_tree' did not submit transforms for topic '/tf' on flush cycle 1118
2026-09-30T17:07:06Z [34,817ms] [Warning] [isaacsim.ros2.nodes] ROS2 TF aggregation contributor '/World/Nova_Carter_ROS/chassis_link/sensors/right_hawk/ROS_TF/PublisherTF' did not submit transforms for topic '/tf' on flush cycle 1118
2026-09-30T17:07:06Z [34,817ms] [Warning] [isaacsim.ros2.nodes] ROS2 TF aggregation contributor '/World/Nova_Carter_ROS/transform_tree_odometry/tf_tree_base_link_to_wheel_base' did not submit transforms for topic '/tf' on flush cycle 1118
2026-09-30T17:07:06Z [34,817ms] [Warning] [isaacsim.ros2.nodes] ROS2 TF aggregation contributor '/World/Nova_Carter_ROS/transform_tree_odometry/tf_tree_base_link_to_sensors' did not submit transforms for topic '/tf' on flush cycle 1118
2026-09-30T17:07:06Z [34,817ms] [Warning] [isaacsim.ros2.nodes] ROS2 TF aggregation contributor '/World/Nova_Carter_ROS/transform_tree_odometry/tf_tree_base_link_to_chassis' did not submit transforms for topic '/tf' on flush cycle 1118
2026-09-30T17:07:08Z [36,862ms] [Warning] [isaacsim.ros2.nodes] ROS2 TF aggregation contributor '/World/Nova_Carter_ROS/chassis_link/sensors/front_owl/ROS_TF/PublisherTF' did not submit transforms for topic '/tf' on flush cycle 1238
2026-09-30T17:07:08Z [36,862ms] [Warning] [isaacsim.ros2.nodes] ROS2 TF aggregation contributor '/World/Nova_Carter_ROS/chassis_link/sensors/rear_RPLidar/ROS_TF/PublisherTF' did not submit transforms for topic '/tf' on flush cycle 1238
2026-09-30T17:07:08Z [36,862ms] [Warning] [isaacsim.ros2.nodes] ROS2 TF aggregation contributor '/World/Nova_Carter_ROS/chassis_link/sensors/left_hawk/ROS_TF/PublisherTF' did not submit transforms for topic '/tf' on flush cycle 1238
2026-09-30T17:07:08Z [36,862ms] [Warning] [isaacsim.ros2.nodes] ROS2 TF aggregation contributor '/World/Nova_Carter_ROS/chassis_link/sensors/front_hawk/ROS_TF/PublisherTF' did not submit transforms for topic '/tf' on flush cycle 1238
2026-09-30T17:07:08Z [36,862ms] [Warning] [isaacsim.ros2.nodes] ROS2 TF aggregation contributor '/World/Nova_Carter_ROS/chassis_link/sensors/back_owl/ROS_TF/PublisherTF' did not submit transforms for topic '/tf' on flush cycle 1238
2026-09-30T17:07:08Z [36,862ms] [Warning] [isaacsim.ros2.nodes] ROS2 TF aggregation contributor '/World/Nova_Carter_ROS/chassis_link/sensors/XT_32/ROS_TF/PublisherTF' did not submit transforms for topic '/tf' on flush cycle 1238
2026-09-30T17:07:08Z [36,862ms] [Warning] [isaacsim.ros2.nodes] ROS2 TF aggregation contributor '/World/Nova_Carter_ROS/chassis_link/sensors/front_RPLidar/ROS_TF/PublisherTF' did not submit transforms for topic '/tf' on flush cycle 1238
2026-09-30T17:07:08Z [36,862ms] [Warning] [isaacsim.ros2.nodes] ROS2 TF aggregation contributor '/World/Nova_Carter_ROS/chassis_link/sensors/left_owl/ROS_TF/PublisherTF' did not submit transforms for topic '/tf' on flush cycle 1238
2026-09-30T17:07:08Z [36,862ms] [Warning] [isaacsim.ros2.nodes] ROS2 TF aggregation contributor '/World/Nova_Carter_ROS/chassis_link/sensors/right_owl/ROS_TF/PublisherTF' did not submit transforms for topic '/tf' on flush cycle 1238
2026-09-30T17:07:08Z [36,862ms] [Warning] [isaacsim.ros2.nodes] ROS2 TF aggregation contributor '/World/Nova_Carter_ROS/chassis_link/sensors/back_hawk/ROS_TF/PublisherTF' did not submit transforms for topic '/tf' on flush cycle 1238
2026-09-30T17:07:08Z [36,862ms] [Warning] [isaacsim.ros2.nodes] ROS2 TF aggregation contributor '/World/Nova_Carter_ROS/transform_tree_odometry/ros2_publish_raw_transform_tree' did not submit transforms for topic '/tf' on flush cycle 1238
2026-09-30T17:07:08Z [36,862ms] [Warning] [isaacsim.ros2.nodes] ROS2 TF aggregation contributor '/World/Nova_Carter_ROS/chassis_link/sensors/right_hawk/ROS_TF/PublisherTF' did not submit transforms for topic '/tf' on flush cycle 1238
2026-09-30T17:07:08Z [36,862ms] [Warning] [isaacsim.ros2.nodes] ROS2 TF aggregation contributor '/World/Nova_Carter_ROS/transform_tree_odometry/tf_tree_base_link_to_wheel_base' did not submit transforms for topic '/tf' on flush cycle 1238
2026-09-30T17:07:08Z [36,862ms] [Warning] [isaacsim.ros2.nodes] ROS2 TF aggregation contributor '/World/Nova_Carter_ROS/transform_tree_odometry/tf_tree_base_link_to_sensors' did not submit transforms for topic '/tf' on flush cycle 1238
2026-09-30T17:07:08Z [36,862ms] [Warning] [isaacsim.ros2.nodes] ROS2 TF aggregation contributor '/World/Nova_Carter_ROS/transform_tree_odometry/tf_tree_base_link_to_chassis' did not submit transforms for topic '/tf' on flush cycle 1238
2026-09-30T17:07:10Z [38,909ms] [Warning] [isaacsim.ros2.nodes] ROS2 TF aggregation contributor '/World/Nova_Carter_ROS/chassis_link/sensors/front_owl/ROS_TF/PublisherTF' did not submit transforms for topic '/tf' on flush cycle 1358
2026-09-30T17:07:10Z [38,909ms] [Warning] [isaacsim.ros2.nodes] ROS2 TF aggregation contributor '/World/Nova_Carter_ROS/chassis_link/sensors/rear_RPLidar/ROS_TF/PublisherTF' did not submit transforms for topic '/tf' on flush cycle 1358
2026-09-30T17:07:10Z [38,909ms] [Warning] [isaacsim.ros2.nodes] ROS2 TF aggregation contributor '/World/Nova_Carter_ROS/chassis_link/sensors/left_hawk/ROS_TF/PublisherTF' did not submit transforms for topic '/tf' on flush cycle 1358
2026-09-30T17:07:10Z [38,909ms] [Warning] [isaacsim.ros2.nodes] ROS2 TF aggregation contributor '/World/Nova_Carter_ROS/chassis_link/sensors/front_hawk/ROS_TF/PublisherTF' did not submit transforms for topic '/tf' on flush cycle 1358
2026-09-30T17:07:10Z [38,909ms] [Warning] [isaacsim.ros2.nodes] ROS2 TF aggregation contributor '/World/Nova_Carter_ROS/chassis_link/sensors/back_owl/ROS_TF/PublisherTF' did not submit transforms for topic '/tf' on flush cycle 1358
2026-09-30T17:07:10Z [38,909ms] [Warning] [isaacsim.ros2.nodes] ROS2 TF aggregation contributor '/World/Nova_Carter_ROS/chassis_link/sensors/XT_32/ROS_TF/PublisherTF' did not submit transforms for topic '/tf' on flush cycle 1358
2026-09-30T17:07:10Z [38,909ms] [Warning] [isaacsim.ros2.nodes] ROS2 TF aggregation contributor '/World/Nova_Carter_ROS/chassis_link/sensors/front_RPLidar/ROS_TF/PublisherTF' did not submit transforms for topic '/tf' on flush cycle 1358
2026-09-30T17:07:10Z [38,909ms] [Warning] [isaacsim.ros2.nodes] ROS2 TF aggregation contributor '/World/Nova_Carter_ROS/chassis_link/sensors/left_owl/ROS_TF/PublisherTF' did not submit transforms for topic '/tf' on flush cycle 1358
2026-09-30T17:07:10Z [38,909ms] [Warning] [isaacsim.ros2.nodes] ROS2 TF aggregation contributor '/World/Nova_Carter_ROS/chassis_link/sensors/right_owl/ROS_TF/PublisherTF' did not submit transforms for topic '/tf' on flush cycle 1358
2026-09-30T17:07:10Z [38,909ms] [Warning] [isaacsim.ros2.nodes] ROS2 TF aggregation contributor '/World/Nova_Carter_ROS/chassis_link/sensors/back_hawk/ROS_TF/PublisherTF' did not submit transforms for topic '/tf' on flush cycle 1358
2026-09-30T17:07:10Z [38,909ms] [Warning] [isaacsim.ros2.nodes] ROS2 TF aggregation contributor '/World/Nova_Carter_ROS/transform_tree_odometry/ros2_publish_raw_transform_tree' did not submit transforms for topic '/tf' on flush cycle 1358
2026-09-30T17:07:10Z [38,909ms] [Warning] [isaacsim.ros2.nodes] ROS2 TF aggregation contributor '/World/Nova_Carter_ROS/chassis_link/sensors/right_hawk/ROS_TF/PublisherTF' did not submit transforms for topic '/tf' on flush cycle 1358
2026-09-30T17:07:10Z [38,909ms] [Warning] [isaacsim.ros2.nodes] ROS2 TF aggregation contributor '/World/Nova_Carter_ROS/transform_tree_odometry/tf_tree_base_link_to_wheel_base' did not submit transforms for topic '/tf' on flush cycle 1358
2026-09-30T17:07:10Z [38,909ms] [Warning] [isaacsim.ros2.nodes] ROS2 TF aggregation contributor '/World/Nova_Carter_ROS/transform_tree_odometry/tf_tree_base_link_to_sensors' did not submit transforms for topic '/tf' on flush cycle 1358
2026-09-30T17:07:10Z [38,909ms] [Warning] [isaacsim.ros2.nodes] ROS2 TF aggregation contributor '/World/Nova_Carter_ROS/transform_tree_odometry/tf_tree_base_link_to_chassis' did not submit transforms for topic '/tf' on flush cycle 1358
2026-09-30T17:07:12Z [40,958ms] [Warning] [isaacsim.ros2.nodes] ROS2 TF aggregation contributor '/World/Nova_Carter_ROS/chassis_link/sensors/front_owl/ROS_TF/PublisherTF' did not submit transforms for topic '/tf' on flush cycle 1478
2026-09-30T17:07:12Z [40,958ms] [Warning] [isaacsim.ros2.nodes] ROS2 TF aggregation contributor '/World/Nova_Carter_ROS/chassis_link/sensors/rear_RPLidar/ROS_TF/PublisherTF' did not submit transforms for topic '/tf' on flush cycle 1478
2026-09-30T17:07:12Z [40,958ms] [Warning] [isaacsim.ros2.nodes] ROS2 TF aggregation contributor '/World/Nova_Carter_ROS/chassis_link/sensors/left_hawk/ROS_TF/PublisherTF' did not submit transforms for topic '/tf' on flush cycle 1478
2026-09-30T17:07:12Z [40,958ms] [Warning] [isaacsim.ros2.nodes] ROS2 TF aggregation contributor '/World/Nova_Carter_ROS/chassis_link/sensors/front_hawk/ROS_TF/PublisherTF' did not submit transforms for topic '/tf' on flush cycle 1478
2026-09-30T17:07:12Z [40,958ms] [Warning] [isaacsim.ros2.nodes] ROS2 TF aggregation contributor '/World/Nova_Carter_ROS/chassis_link/sensors/back_owl/ROS_TF/PublisherTF' did not submit transforms for topic '/tf' on flush cycle 1478
2026-09-30T17:07:12Z [40,958ms] [Warning] [isaacsim.ros2.nodes] ROS2 TF aggregation contributor '/World/Nova_Carter_ROS/chassis_link/sensors/XT_32/ROS_TF/PublisherTF' did not submit transforms for topic '/tf' on flush cycle 1478
2026-09-30T17:07:12Z [40,958ms] [Warning] [isaacsim.ros2.nodes] ROS2 TF aggregation contributor '/World/Nova_Carter_ROS/chassis_link/sensors/front_RPLidar/ROS_TF/PublisherTF' did not submit transforms for topic '/tf' on flush cycle 1478
2026-09-30T17:07:12Z [40,958ms] [Warning] [isaacsim.ros2.nodes] ROS2 TF aggregation contributor '/World/Nova_Carter_ROS/chassis_link/sensors/left_owl/ROS_TF/PublisherTF' did not submit transforms for topic '/tf' on flush cycle 1478
2026-09-30T17:07:12Z [40,958ms] [Warning] [isaacsim.ros2.nodes] ROS2 TF aggregation contributor '/World/Nova_Carter_ROS/chassis_link/sensors/right_owl/ROS_TF/PublisherTF' did not submit transforms for topic '/tf' on flush cycle 1478
2026-09-30T17:07:12Z [40,958ms] [Warning] [isaacsim.ros2.nodes] ROS2 TF aggregation contributor '/World/Nova_Carter_ROS/chassis_link/sensors/back_hawk/ROS_TF/PublisherTF' did not submit transforms for topic '/tf' on flush cycle 1478
2026-09-30T17:07:12Z [40,958ms] [Warning] [isaacsim.ros2.nodes] ROS2 TF aggregation contributor '/World/Nova_Carter_ROS/transform_tree_odometry/ros2_publish_raw_transform_tree' did not submit transforms for topic '/tf' on flush cycle 1478
2026-09-30T17:07:12Z [40,958ms] [Warning] [isaacsim.ros2.nodes] ROS2 TF aggregation contributor '/World/Nova_Carter_ROS/chassis_link/sensors/right_hawk/ROS_TF/PublisherTF' did not submit transforms for topic '/tf' on flush cycle 1478
2026-09-30T17:07:12Z [40,958ms] [Warning] [isaacsim.ros2.nodes] ROS2 TF aggregation contributor '/World/Nova_Carter_ROS/transform_tree_odometry/tf_tree_base_link_to_wheel_base' did not submit transforms for topic '/tf' on flush cycle 1478
2026-09-30T17:07:12Z [40,958ms] [Warning] [isaacsim.ros2.nodes] ROS2 TF aggregation contributor '/World/Nova_Carter_ROS/transform_tree_odometry/tf_tree_base_link_to_sensors' did not submit transforms for topic '/tf' on flush cycle 1478
2026-09-30T17:07:12Z [40,958ms] [Warning] [isaacsim.ros2.nodes] ROS2 TF aggregation contributor '/World/Nova_Carter_ROS/transform_tree_odometry/tf_tree_base_link_to_chassis' did not submit transforms for topic '/tf' on flush cycle 1478
2026-09-30T17:07:14Z [43,007ms] [Warning] [isaacsim.ros2.nodes] ROS2 TF aggregation contributor '/World/Nova_Carter_ROS/chassis_link/sensors/front_owl/ROS_TF/PublisherTF' did not submit transforms for topic '/tf' on flush cycle 1598
2026-09-30T17:07:14Z [43,007ms] [Warning] [isaacsim.ros2.nodes] ROS2 TF aggregation contributor '/World/Nova_Carter_ROS/chassis_link/sensors/rear_RPLidar/ROS_TF/PublisherTF' did not submit transforms for topic '/tf' on flush cycle 1598
2026-09-30T17:07:14Z [43,007ms] [Warning] [isaacsim.ros2.nodes] ROS2 TF aggregation contributor '/World/Nova_Carter_ROS/chassis_link/sensors/left_hawk/ROS_TF/PublisherTF' did not submit transforms for topic '/tf' on flush cycle 1598
2026-09-30T17:07:14Z [43,007ms] [Warning] [isaacsim.ros2.nodes] ROS2 TF aggregation contributor '/World/Nova_Carter_ROS/chassis_link/sensors/front_hawk/ROS_TF/PublisherTF' did not submit transforms for topic '/tf' on flush cycle 1598
2026-09-30T17:07:14Z [43,007ms] [Warning] [isaacsim.ros2.nodes] ROS2 TF aggregation contributor '/World/Nova_Carter_ROS/chassis_link/sensors/back_owl/ROS_TF/PublisherTF' did not submit transforms for topic '/tf' on flush cycle 1598
2026-09-30T17:07:14Z [43,007ms] [Warning] [isaacsim.ros2.nodes] ROS2 TF aggregation contributor '/World/Nova_Carter_ROS/chassis_link/sensors/XT_32/ROS_TF/PublisherTF' did not submit transforms for topic '/tf' on flush cycle 1598
2026-09-30T17:07:14Z [43,007ms] [Warning] [isaacsim.ros2.nodes] ROS2 TF aggregation contributor '/World/Nova_Carter_ROS/chassis_link/sensors/front_RPLidar/ROS_TF/PublisherTF' did not submit transforms for topic '/tf' on flush cycle 1598
2026-09-30T17:07:14Z [43,007ms] [Warning] [isaacsim.ros2.nodes] ROS2 TF aggregation contributor '/World/Nova_Carter_ROS/chassis_link/sensors/left_owl/ROS_TF/PublisherTF' did not submit transforms for topic '/tf' on flush cycle 1598
2026-09-30T17:07:14Z [43,007ms] [Warning] [isaacsim.ros2.nodes] ROS2 TF aggregation contributor '/World/Nova_Carter_ROS/chassis_link/sensors/right_owl/ROS_TF/PublisherTF' did not submit transforms for topic '/tf' on flush cycle 1598
2026-09-30T17:07:14Z [43,007ms] [Warning] [isaacsim.ros2.nodes] ROS2 TF aggregation contributor '/World/Nova_Carter_ROS/chassis_link/sensors/back_hawk/ROS_TF/PublisherTF' did not submit transforms for topic '/tf' on flush cycle 1598
2026-09-30T17:07:14Z [43,007ms] [Warning] [isaacsim.ros2.nodes] ROS2 TF aggregation contributor '/World/Nova_Carter_ROS/transform_tree_odometry/ros2_publish_raw_transform_tree' did not submit transforms for topic '/tf' on flush cycle 1598
2026-09-30T17:07:14Z [43,007ms] [Warning] [isaacsim.ros2.nodes] ROS2 TF aggregation contributor '/World/Nova_Carter_ROS/chassis_link/sensors/right_hawk/ROS_TF/PublisherTF' did not submit transforms for topic '/tf' on flush cycle 1598
2026-09-30T17:07:14Z [43,007ms] [Warning] [isaacsim.ros2.nodes] ROS2 TF aggregation contributor '/World/Nova_Carter_ROS/transform_tree_odometry/tf_tree_base_link_to_wheel_base' did not submit transforms for topic '/tf' on flush cycle 1598
2026-09-30T17:07:14Z [43,007ms] [Warning] [isaacsim.ros2.nodes] ROS2 TF aggregation contributor '/World/Nova_Carter_ROS/transform_tree_odometry/tf_tree_base_link_to_sensors' did not submit transforms for topic '/tf' on flush cycle 1598
2026-09-30T17:07:14Z [43,007ms] [Warning] [isaacsim.ros2.nodes] ROS2 TF aggregation contributor '/World/Nova_Carter_ROS/transform_tree_odometry/tf_tree_base_link_to_chassis' did not submit transforms for topic '/tf' on flush cycle 1598
2026-09-30T17:07:16Z [45,101ms] [Warning] [isaacsim.ros2.nodes] ROS2 TF aggregation contributor '/World/Nova_Carter_ROS/chassis_link/sensors/front_owl/ROS_TF/PublisherTF' did not submit transforms for topic '/tf' on flush cycle 1718
2026-09-30T17:07:16Z [45,101ms] [Warning] [isaacsim.ros2.nodes] ROS2 TF aggregation contributor '/World/Nova_Carter_ROS/chassis_link/sensors/rear_RPLidar/ROS_TF/PublisherTF' did not submit transforms for topic '/tf' on flush cycle 1718
2026-09-30T17:07:16Z [45,101ms] [Warning] [isaacsim.ros2.nodes] ROS2 TF aggregation contributor '/World/Nova_Carter_ROS/chassis_link/sensors/left_hawk/ROS_TF/PublisherTF' did not submit transforms for topic '/tf' on flush cycle 1718
2026-09-30T17:07:16Z [45,101ms] [Warning] [isaacsim.ros2.nodes] ROS2 TF aggregation contributor '/World/Nova_Carter_ROS/chassis_link/sensors/front_hawk/ROS_TF/PublisherTF' did not submit transforms for topic '/tf' on flush cycle 1718
2026-09-30T17:07:16Z [45,101ms] [Warning] [isaacsim.ros2.nodes] ROS2 TF aggregation contributor '/World/Nova_Carter_ROS/chassis_link/sensors/back_owl/ROS_TF/PublisherTF' did not submit transforms for topic '/tf' on flush cycle 1718
2026-09-30T17:07:16Z [45,101ms] [Warning] [isaacsim.ros2.nodes] ROS2 TF aggregation contributor '/World/Nova_Carter_ROS/chassis_link/sensors/XT_32/ROS_TF/PublisherTF' did not submit transforms for topic '/tf' on flush cycle 1718
2026-09-30T17:07:16Z [45,101ms] [Warning] [isaacsim.ros2.nodes] ROS2 TF aggregation contributor '/World/Nova_Carter_ROS/chassis_link/sensors/front_RPLidar/ROS_TF/PublisherTF' did not submit transforms for topic '/tf' on flush cycle 1718
2026-09-30T17:07:16Z [45,101ms] [Warning] [isaacsim.ros2.nodes] ROS2 TF aggregation contributor '/World/Nova_Carter_ROS/chassis_link/sensors/left_owl/ROS_TF/PublisherTF' did not submit transforms for topic '/tf' on flush cycle 1718
2026-09-30T17:07:16Z [45,101ms] [Warning] [isaacsim.ros2.nodes] ROS2 TF aggregation contributor '/World/Nova_Carter_ROS/chassis_link/sensors/right_owl/ROS_TF/PublisherTF' did not submit transforms for topic '/tf' on flush cycle 1718
2026-09-30T17:07:16Z [45,101ms] [Warning] [isaacsim.ros2.nodes] ROS2 TF aggregation contributor '/World/Nova_Carter_ROS/chassis_link/sensors/back_hawk/ROS_TF/PublisherTF' did not submit transforms for topic '/tf' on flush cycle 1718
2026-09-30T17:07:16Z [45,101ms] [Warning] [isaacsim.ros2.nodes] ROS2 TF aggregation contributor '/World/Nova_Carter_ROS/transform_tree_odometry/ros2_publish_raw_transform_tree' did not submit transforms for topic '/tf' on flush cycle 1718
2026-09-30T17:07:16Z [45,101ms] [Warning] [isaacsim.ros2.nodes] ROS2 TF aggregation contributor '/World/Nova_Carter_ROS/chassis_link/sensors/right_hawk/ROS_TF/PublisherTF' did not submit transforms for topic '/tf' on flush cycle 1718
2026-09-30T17:07:16Z [45,101ms] [Warning] [isaacsim.ros2.nodes] ROS2 TF aggregation contributor '/World/Nova_Carter_ROS/transform_tree_odometry/tf_tree_base_link_to_wheel_base' did not submit transforms for topic '/tf' on flush cycle 1718
2026-09-30T17:07:16Z [45,101ms] [Warning] [isaacsim.ros2.nodes] ROS2 TF aggregation contributor '/World/Nova_Carter_ROS/transform_tree_odometry/tf_tree_base_link_to_sensors' did not submit transforms for topic '/tf' on flush cycle 1718
2026-09-30T17:07:16Z [45,101ms] [Warning] [isaacsim.ros2.nodes] ROS2 TF aggregation contributor '/World/Nova_Carter_ROS/transform_tree_odometry/tf_tree_base_link_to_chassis' did not submit transforms for topic '/tf' on flush cycle 1718
2026-09-30T17:07:17Z [45,864ms] [Warning] [omni.graph.core.plugin] /World/Nova_Carter_ROS/differential_drive/differential_controller_01: [/World/Nova_Carter_ROS/differential_drive] Invalid deltaTime 0.000000, cannot check for acceleration limits, skipping current step
2026-09-30T17:07:26Z [54,836ms] [Warning] [isaacsim.ros2.nodes] ROS2 TF aggregation contributor '/World/Nova_Carter_ROS/chassis_link/sensors/front_owl/ROS_TF/PublisherTF' did not submit transforms for topic '/tf' on flush cycle 2258
2026-09-30T17:07:26Z [54,836ms] [Warning] [isaacsim.ros2.nodes] ROS2 TF aggregation contributor '/World/Nova_Carter_ROS/chassis_link/sensors/rear_RPLidar/ROS_TF/PublisherTF' did not submit transforms for topic '/tf' on flush cycle 2258
2026-09-30T17:07:26Z [54,836ms] [Warning] [isaacsim.ros2.nodes] ROS2 TF aggregation contributor '/World/Nova_Carter_ROS/chassis_link/sensors/left_hawk/ROS_TF/PublisherTF' did not submit transforms for topic '/tf' on flush cycle 2258
2026-09-30T17:07:26Z [54,836ms] [Warning] [isaacsim.ros2.nodes] ROS2 TF aggregation contributor '/World/Nova_Carter_ROS/chassis_link/sensors/front_hawk/ROS_TF/PublisherTF' did not submit transforms for topic '/tf' on flush cycle 2258
2026-09-30T17:07:26Z [54,836ms] [Warning] [isaacsim.ros2.nodes] ROS2 TF aggregation contributor '/World/Nova_Carter_ROS/chassis_link/sensors/back_owl/ROS_TF/PublisherTF' did not submit transforms for topic '/tf' on flush cycle 2258
2026-09-30T17:07:26Z [54,836ms] [Warning] [isaacsim.ros2.nodes] ROS2 TF aggregation contributor '/World/Nova_Carter_ROS/chassis_link/sensors/XT_32/ROS_TF/PublisherTF' did not submit transforms for topic '/tf' on flush cycle 2258
2026-09-30T17:07:26Z [54,836ms] [Warning] [isaacsim.ros2.nodes] ROS2 TF aggregation contributor '/World/Nova_Carter_ROS/chassis_link/sensors/front_RPLidar/ROS_TF/PublisherTF' did not submit transforms for topic '/tf' on flush cycle 2258
2026-09-30T17:07:26Z [54,836ms] [Warning] [isaacsim.ros2.nodes] ROS2 TF aggregation contributor '/World/Nova_Carter_ROS/chassis_link/sensors/left_owl/ROS_TF/PublisherTF' did not submit transforms for topic '/tf' on flush cycle 2258
2026-09-30T17:07:26Z [54,836ms] [Warning] [isaacsim.ros2.nodes] ROS2 TF aggregation contributor '/World/Nova_Carter_ROS/chassis_link/sensors/right_owl/ROS_TF/PublisherTF' did not submit transforms for topic '/tf' on flush cycle 2258
2026-09-30T17:07:26Z [54,836ms] [Warning] [isaacsim.ros2.nodes] ROS2 TF aggregation contributor '/World/Nova_Carter_ROS/chassis_link/sensors/back_hawk/ROS_TF/PublisherTF' did not submit transforms for topic '/tf' on flush cycle 2258
2026-09-30T17:07:26Z [54,836ms] [Warning] [isaacsim.ros2.nodes] ROS2 TF aggregation contributor '/World/Nova_Carter_ROS/transform_tree_odometry/ros2_publish_raw_transform_tree' did not submit transforms for topic '/tf' on flush cycle 2258
2026-09-30T17:07:26Z [54,836ms] [Warning] [isaacsim.ros2.nodes] ROS2 TF aggregation contributor '/World/Nova_Carter_ROS/chassis_link/sensors/right_hawk/ROS_TF/PublisherTF' did not submit transforms for topic '/tf' on flush cycle 2258
2026-09-30T17:07:26Z [54,836ms] [Warning] [isaacsim.ros2.nodes] ROS2 TF aggregation contributor '/World/Nova_Carter_ROS/transform_tree_odometry/tf_tree_base_link_to_wheel_base' did not submit transforms for topic '/tf' on flush cycle 2258
2026-09-30T17:07:26Z [54,836ms] [Warning] [isaacsim.ros2.nodes] ROS2 TF aggregation contributor '/World/Nova_Carter_ROS/transform_tree_odometry/tf_tree_base_link_to_sensors' did not submit transforms for topic '/tf' on flush cycle 2258
2026-09-30T17:07:26Z [54,836ms] [Warning] [isaacsim.ros2.nodes] ROS2 TF aggregation contributor '/World/Nova_Carter_ROS/transform_tree_odometry/tf_tree_base_link_to_chassis' did not submit transforms for topic '/tf' on flush cycle 2258
2026-09-30T17:07:28Z [56,918ms] [Warning] [isaacsim.ros2.nodes] ROS2 TF aggregation contributor '/World/Nova_Carter_ROS/chassis_link/sensors/front_owl/ROS_TF/PublisherTF' did not submit transforms for topic '/tf' on flush cycle 2378
2026-09-30T17:07:28Z [56,918ms] [Warning] [isaacsim.ros2.nodes] ROS2 TF aggregation contributor '/World/Nova_Carter_ROS/chassis_link/sensors/rear_RPLidar/ROS_TF/PublisherTF' did not submit transforms for topic '/tf' on flush cycle 2378
2026-09-30T17:07:28Z [56,918ms] [Warning] [isaacsim.ros2.nodes] ROS2 TF aggregation contributor '/World/Nova_Carter_ROS/chassis_link/sensors/left_hawk/ROS_TF/PublisherTF' did not submit transforms for topic '/tf' on flush cycle 2378
2026-09-30T17:07:28Z [56,918ms] [Warning] [isaacsim.ros2.nodes] ROS2 TF aggregation contributor '/World/Nova_Carter_ROS/chassis_link/sensors/front_hawk/ROS_TF/PublisherTF' did not submit transforms for topic '/tf' on flush cycle 2378
2026-09-30T17:07:28Z [56,918ms] [Warning] [isaacsim.ros2.nodes] ROS2 TF aggregation contributor '/World/Nova_Carter_ROS/chassis_link/sensors/back_owl/ROS_TF/PublisherTF' did not submit transforms for topic '/tf' on flush cycle 2378
2026-09-30T17:07:28Z [56,918ms] [Warning] [isaacsim.ros2.nodes] ROS2 TF aggregation contributor '/World/Nova_Carter_ROS/chassis_link/sensors/XT_32/ROS_TF/PublisherTF' did not submit transforms for topic '/tf' on flush cycle 2378
2026-09-30T17:07:28Z [56,918ms] [Warning] [isaacsim.ros2.nodes] ROS2 TF aggregation contributor '/World/Nova_Carter_ROS/chassis_link/sensors/front_RPLidar/ROS_TF/PublisherTF' did not submit transforms for topic '/tf' on flush cycle 2378
2026-09-30T17:07:28Z [56,918ms] [Warning] [isaacsim.ros2.nodes] ROS2 TF aggregation contributor '/World/Nova_Carter_ROS/chassis_link/sensors/left_owl/ROS_TF/PublisherTF' did not submit transforms for topic '/tf' on flush cycle 2378
2026-09-30T17:07:28Z [56,918ms] [Warning] [isaacsim.ros2.nodes] ROS2 TF aggregation contributor '/World/Nova_Carter_ROS/chassis_link/sensors/right_owl/ROS_TF/PublisherTF' did not submit transforms for topic '/tf' on flush cycle 2378
2026-09-30T17:07:28Z [56,918ms] [Warning] [isaacsim.ros2.nodes] ROS2 TF aggregation contributor '/World/Nova_Carter_ROS/chassis_link/sensors/back_hawk/ROS_TF/PublisherTF' did not submit transforms for topic '/tf' on flush cycle 2378
2026-09-30T17:07:28Z [56,918ms] [Warning] [isaacsim.ros2.nodes] ROS2 TF aggregation contributor '/World/Nova_Carter_ROS/transform_tree_odometry/ros2_publish_raw_transform_tree' did not submit transforms for topic '/tf' on flush cycle 2378
2026-09-30T17:07:28Z [56,918ms] [Warning] [isaacsim.ros2.nodes] ROS2 TF aggregation contributor '/World/Nova_Carter_ROS/chassis_link/sensors/right_hawk/ROS_TF/PublisherTF' did not submit transforms for topic '/tf' on flush cycle 2378
2026-09-30T17:07:28Z [56,918ms] [Warning] [isaacsim.ros2.nodes] ROS2 TF aggregation contributor '/World/Nova_Carter_ROS/transform_tree_odometry/tf_tree_base_link_to_wheel_base' did not submit transforms for topic '/tf' on flush cycle 2378
2026-09-30T17:07:28Z [56,918ms] [Warning] [isaacsim.ros2.nodes] ROS2 TF aggregation contributor '/World/Nova_Carter_ROS/transform_tree_odometry/tf_tree_base_link_to_sensors' did not submit transforms for topic '/tf' on flush cycle 2378
2026-09-30T17:07:28Z [56,918ms] [Warning] [isaacsim.ros2.nodes] ROS2 TF aggregation contributor '/World/Nova_Carter_ROS/transform_tree_odometry/tf_tree_base_link_to_chassis' did not submit transforms for topic '/tf' on flush cycle 2378
2026-09-30T17:07:30Z [58,960ms] [Warning] [isaacsim.ros2.nodes] ROS2 TF aggregation contributor '/World/Nova_Carter_ROS/chassis_link/sensors/front_owl/ROS_TF/PublisherTF' did not submit transforms for topic '/tf' on flush cycle 2498
2026-09-30T17:07:30Z [58,960ms] [Warning] [isaacsim.ros2.nodes] ROS2 TF aggregation contributor '/World/Nova_Carter_ROS/chassis_link/sensors/rear_RPLidar/ROS_TF/PublisherTF' did not submit transforms for topic '/tf' on flush cycle 2498
2026-09-30T17:07:30Z [58,960ms] [Warning] [isaacsim.ros2.nodes] ROS2 TF aggregation contributor '/World/Nova_Carter_ROS/chassis_link/sensors/left_hawk/ROS_TF/PublisherTF' did not submit transforms for topic '/tf' on flush cycle 2498
2026-09-30T17:07:30Z [58,960ms] [Warning] [isaacsim.ros2.nodes] ROS2 TF aggregation contributor '/World/Nova_Carter_ROS/chassis_link/sensors/front_hawk/ROS_TF/PublisherTF' did not submit transforms for topic '/tf' on flush cycle 2498
2026-09-30T17:07:30Z [58,960ms] [Warning] [isaacsim.ros2.nodes] ROS2 TF aggregation contributor '/World/Nova_Carter_ROS/chassis_link/sensors/back_owl/ROS_TF/PublisherTF' did not submit transforms for topic '/tf' on flush cycle 2498
2026-09-30T17:07:30Z [58,960ms] [Warning] [isaacsim.ros2.nodes] ROS2 TF aggregation contributor '/World/Nova_Carter_ROS/chassis_link/sensors/XT_32/ROS_TF/PublisherTF' did not submit transforms for topic '/tf' on flush cycle 2498
2026-09-30T17:07:30Z [58,960ms] [Warning] [isaacsim.ros2.nodes] ROS2 TF aggregation contributor '/World/Nova_Carter_ROS/chassis_link/sensors/front_RPLidar/ROS_TF/PublisherTF' did not submit transforms for topic '/tf' on flush cycle 2498
2026-09-30T17:07:30Z [58,960ms] [Warning] [isaacsim.ros2.nodes] ROS2 TF aggregation contributor '/World/Nova_Carter_ROS/chassis_link/sensors/left_owl/ROS_TF/PublisherTF' did not submit transforms for topic '/tf' on flush cycle 2498
2026-09-30T17:07:30Z [58,960ms] [Warning] [isaacsim.ros2.nodes] ROS2 TF aggregation contributor '/World/Nova_Carter_ROS/chassis_link/sensors/right_owl/ROS_TF/PublisherTF' did not submit transforms for topic '/tf' on flush cycle 2498
2026-09-30T17:07:30Z [58,960ms] [Warning] [isaacsim.ros2.nodes] ROS2 TF aggregation contributor '/World/Nova_Carter_ROS/chassis_link/sensors/back_hawk/ROS_TF/PublisherTF' did not submit transforms for topic '/tf' on flush cycle 2498
2026-09-30T17:07:30Z [58,960ms] [Warning] [isaacsim.ros2.nodes] ROS2 TF aggregation contributor '/World/Nova_Carter_ROS/transform_tree_odometry/ros2_publish_raw_transform_tree' did not submit transforms for topic '/tf' on flush cycle 2498
2026-09-30T17:07:30Z [58,961ms] [Warning] [isaacsim.ros2.nodes] ROS2 TF aggregation contributor '/World/Nova_Carter_ROS/chassis_link/sensors/right_hawk/ROS_TF/PublisherTF' did not submit transforms for topic '/tf' on flush cycle 2498
2026-09-30T17:07:30Z [58,961ms] [Warning] [isaacsim.ros2.nodes] ROS2 TF aggregation contributor '/World/Nova_Carter_ROS/transform_tree_odometry/tf_tree_base_link_to_wheel_base' did not submit transforms for topic '/tf' on flush cycle 2498
2026-09-30T17:07:30Z [58,961ms] [Warning] [isaacsim.ros2.nodes] ROS2 TF aggregation contributor '/World/Nova_Carter_ROS/transform_tree_odometry/tf_tree_base_link_to_sensors' did not submit transforms for topic '/tf' on flush cycle 2498
2026-09-30T17:07:30Z [58,961ms] [Warning] [isaacsim.ros2.nodes] ROS2 TF aggregation contributor '/World/Nova_Carter_ROS/transform_tree_odometry/tf_tree_base_link_to_chassis' did not submit transforms for topic '/tf' on flush cycle 2498
2026-09-30T17:07:32Z [61,007ms] [Warning] [isaacsim.ros2.nodes] ROS2 TF aggregation contributor '/World/Nova_Carter_ROS/chassis_link/sensors/front_owl/ROS_TF/PublisherTF' did not submit transforms for topic '/tf' on flush cycle 2618
2026-09-30T17:07:32Z [61,007ms] [Warning] [isaacsim.ros2.nodes] ROS2 TF aggregation contributor '/World/Nova_Carter_ROS/chassis_link/sensors/rear_RPLidar/ROS_TF/PublisherTF' did not submit transforms for topic '/tf' on flush cycle 2618
2026-09-30T17:07:32Z [61,007ms] [Warning] [isaacsim.ros2.nodes] ROS2 TF aggregation contributor '/World/Nova_Carter_ROS/chassis_link/sensors/left_hawk/ROS_TF/PublisherTF' did not submit transforms for topic '/tf' on flush cycle 2618
2026-09-30T17:07:32Z [61,007ms] [Warning] [isaacsim.ros2.nodes] ROS2 TF aggregation contributor '/World/Nova_Carter_ROS/chassis_link/sensors/front_hawk/ROS_TF/PublisherTF' did not submit transforms for topic '/tf' on flush cycle 2618
2026-09-30T17:07:32Z [61,007ms] [Warning] [isaacsim.ros2.nodes] ROS2 TF aggregation contributor '/World/Nova_Carter_ROS/chassis_link/sensors/back_owl/ROS_TF/PublisherTF' did not submit transforms for topic '/tf' on flush cycle 2618
2026-09-30T17:07:32Z [61,007ms] [Warning] [isaacsim.ros2.nodes] ROS2 TF aggregation contributor '/World/Nova_Carter_ROS/chassis_link/sensors/XT_32/ROS_TF/PublisherTF' did not submit transforms for topic '/tf' on flush cycle 2618
2026-09-30T17:07:32Z [61,007ms] [Warning] [isaacsim.ros2.nodes] ROS2 TF aggregation contributor '/World/Nova_Carter_ROS/chassis_link/sensors/front_RPLidar/ROS_TF/PublisherTF' did not submit transforms for topic '/tf' on flush cycle 2618
2026-09-30T17:07:32Z [61,007ms] [Warning] [isaacsim.ros2.nodes] ROS2 TF aggregation contributor '/World/Nova_Carter_ROS/chassis_link/sensors/left_owl/ROS_TF/PublisherTF' did not submit transforms for topic '/tf' on flush cycle 2618
2026-09-30T17:07:32Z [61,007ms] [Warning] [isaacsim.ros2.nodes] ROS2 TF aggregation contributor '/World/Nova_Carter_ROS/chassis_link/sensors/right_owl/ROS_TF/PublisherTF' did not submit transforms for topic '/tf' on flush cycle 2618
2026-09-30T17:07:32Z [61,007ms] [Warning] [isaacsim.ros2.nodes] ROS2 TF aggregation contributor '/World/Nova_Carter_ROS/chassis_link/sensors/back_hawk/ROS_TF/PublisherTF' did not submit transforms for topic '/tf' on flush cycle 2618
2026-09-30T17:07:32Z [61,007ms] [Warning] [isaacsim.ros2.nodes] ROS2 TF aggregation contributor '/World/Nova_Carter_ROS/transform_tree_odometry/ros2_publish_raw_transform_tree' did not submit transforms for topic '/tf' on flush cycle 2618
2026-09-30T17:07:32Z [61,007ms] [Warning] [isaacsim.ros2.nodes] ROS2 TF aggregation contributor '/World/Nova_Carter_ROS/chassis_link/sensors/right_hawk/ROS_TF/PublisherTF' did not submit transforms for topic '/tf' on flush cycle 2618
2026-09-30T17:07:32Z [61,007ms] [Warning] [isaacsim.ros2.nodes] ROS2 TF aggregation contributor '/World/Nova_Carter_ROS/transform_tree_odometry/tf_tree_base_link_to_wheel_base' did not submit transforms for topic '/tf' on flush cycle 2618
2026-09-30T17:07:32Z [61,007ms] [Warning] [isaacsim.ros2.nodes] ROS2 TF aggregation contributor '/World/Nova_Carter_ROS/transform_tree_odometry/tf_tree_base_link_to_sensors' did not submit transforms for topic '/tf' on flush cycle 2618
2026-09-30T17:07:32Z [61,007ms] [Warning] [isaacsim.ros2.nodes] ROS2 TF aggregation contributor '/World/Nova_Carter_ROS/transform_tree_odometry/tf_tree_base_link_to_chassis' did not submit transforms for topic '/tf' on flush cycle 2618
2026-09-30T17:07:34Z [63,058ms] [Warning] [isaacsim.ros2.nodes] ROS2 TF aggregation contributor '/World/Nova_Carter_ROS/chassis_link/sensors/front_owl/ROS_TF/PublisherTF' did not submit transforms for topic '/tf' on flush cycle 2738
2026-09-30T17:07:34Z [63,058ms] [Warning] [isaacsim.ros2.nodes] ROS2 TF aggregation contributor '/World/Nova_Carter_ROS/chassis_link/sensors/rear_RPLidar/ROS_TF/PublisherTF' did not submit transforms for topic '/tf' on flush cycle 2738
2026-09-30T17:07:34Z [63,058ms] [Warning] [isaacsim.ros2.nodes] ROS2 TF aggregation contributor '/World/Nova_Carter_ROS/chassis_link/sensors/left_hawk/ROS_TF/PublisherTF' did not submit transforms for topic '/tf' on flush cycle 2738
2026-09-30T17:07:34Z [63,058ms] [Warning] [isaacsim.ros2.nodes] ROS2 TF aggregation contributor '/World/Nova_Carter_ROS/chassis_link/sensors/front_hawk/ROS_TF/PublisherTF' did not submit transforms for topic '/tf' on flush cycle 2738
2026-09-30T17:07:34Z [63,058ms] [Warning] [isaacsim.ros2.nodes] ROS2 TF aggregation contributor '/World/Nova_Carter_ROS/chassis_link/sensors/back_owl/ROS_TF/PublisherTF' did not submit transforms for topic '/tf' on flush cycle 2738
2026-09-30T17:07:34Z [63,058ms] [Warning] [isaacsim.ros2.nodes] ROS2 TF aggregation contributor '/World/Nova_Carter_ROS/chassis_link/sensors/XT_32/ROS_TF/PublisherTF' did not submit transforms for topic '/tf' on flush cycle 2738
2026-09-30T17:07:34Z [63,058ms] [Warning] [isaacsim.ros2.nodes] ROS2 TF aggregation contributor '/World/Nova_Carter_ROS/chassis_link/sensors/front_RPLidar/ROS_TF/PublisherTF' did not submit transforms for topic '/tf' on flush cycle 2738
2026-09-30T17:07:34Z [63,058ms] [Warning] [isaacsim.ros2.nodes] ROS2 TF aggregation contributor '/World/Nova_Carter_ROS/chassis_link/sensors/left_owl/ROS_TF/PublisherTF' did not submit transforms for topic '/tf' on flush cycle 2738
2026-09-30T17:07:34Z [63,058ms] [Warning] [isaacsim.ros2.nodes] ROS2 TF aggregation contributor '/World/Nova_Carter_ROS/chassis_link/sensors/right_owl/ROS_TF/PublisherTF' did not submit transforms for topic '/tf' on flush cycle 2738
2026-09-30T17:07:34Z [63,058ms] [Warning] [isaacsim.ros2.nodes] ROS2 TF aggregation contributor '/World/Nova_Carter_ROS/chassis_link/sensors/back_hawk/ROS_TF/PublisherTF' did not submit transforms for topic '/tf' on flush cycle 2738
2026-09-30T17:07:34Z [63,058ms] [Warning] [isaacsim.ros2.nodes] ROS2 TF aggregation contributor '/World/Nova_Carter_ROS/transform_tree_odometry/ros2_publish_raw_transform_tree' did not submit transforms for topic '/tf' on flush cycle 2738
2026-09-30T17:07:34Z [63,058ms] [Warning] [isaacsim.ros2.nodes] ROS2 TF aggregation contributor '/World/Nova_Carter_ROS/chassis_link/sensors/right_hawk/ROS_TF/PublisherTF' did not submit transforms for topic '/tf' on flush cycle 2738
2026-09-30T17:07:34Z [63,058ms] [Warning] [isaacsim.ros2.nodes] ROS2 TF aggregation contributor '/World/Nova_Carter_ROS/transform_tree_odometry/tf_tree_base_link_to_wheel_base' did not submit transforms for topic '/tf' on flush cycle 2738
2026-09-30T17:07:34Z [63,058ms] [Warning] [isaacsim.ros2.nodes] ROS2 TF aggregation contributor '/World/Nova_Carter_ROS/transform_tree_odometry/tf_tree_base_link_to_sensors' did not submit transforms for topic '/tf' on flush cycle 2738
2026-09-30T17:07:34Z [63,058ms] [Warning] [isaacsim.ros2.nodes] ROS2 TF aggregation contributor '/World/Nova_Carter_ROS/transform_tree_odometry/tf_tree_base_link_to_chassis' did not submit transforms for topic '/tf' on flush cycle 2738
2026-09-30T17:07:36Z [65,156ms] [Warning] [isaacsim.ros2.nodes] ROS2 TF aggregation contributor '/World/Nova_Carter_ROS/chassis_link/sensors/front_owl/ROS_TF/PublisherTF' did not submit transforms for topic '/tf' on flush cycle 2858
2026-09-30T17:07:36Z [65,156ms] [Warning] [isaacsim.ros2.nodes] ROS2 TF aggregation contributor '/World/Nova_Carter_ROS/chassis_link/sensors/rear_RPLidar/ROS_TF/PublisherTF' did not submit transforms for topic '/tf' on flush cycle 2858
2026-09-30T17:07:36Z [65,156ms] [Warning] [isaacsim.ros2.nodes] ROS2 TF aggregation contributor '/World/Nova_Carter_ROS/chassis_link/sensors/left_hawk/ROS_TF/PublisherTF' did not submit transforms for topic '/tf' on flush cycle 2858
2026-09-30T17:07:36Z [65,156ms] [Warning] [isaacsim.ros2.nodes] ROS2 TF aggregation contributor '/World/Nova_Carter_ROS/chassis_link/sensors/front_hawk/ROS_TF/PublisherTF' did not submit transforms for topic '/tf' on flush cycle 2858
2026-09-30T17:07:36Z [65,156ms] [Warning] [isaacsim.ros2.nodes] ROS2 TF aggregation contributor '/World/Nova_Carter_ROS/chassis_link/sensors/back_owl/ROS_TF/PublisherTF' did not submit transforms for topic '/tf' on flush cycle 2858
2026-09-30T17:07:36Z [65,156ms] [Warning] [isaacsim.ros2.nodes] ROS2 TF aggregation contributor '/World/Nova_Carter_ROS/chassis_link/sensors/XT_32/ROS_TF/PublisherTF' did not submit transforms for topic '/tf' on flush cycle 2858
2026-09-30T17:07:36Z [65,156ms] [Warning] [isaacsim.ros2.nodes] ROS2 TF aggregation contributor '/World/Nova_Carter_ROS/chassis_link/sensors/front_RPLidar/ROS_TF/PublisherTF' did not submit transforms for topic '/tf' on flush cycle 2858
2026-09-30T17:07:36Z [65,156ms] [Warning] [isaacsim.ros2.nodes] ROS2 TF aggregation contributor '/World/Nova_Carter_ROS/chassis_link/sensors/left_owl/ROS_TF/PublisherTF' did not submit transforms for topic '/tf' on flush cycle 2858
2026-09-30T17:07:36Z [65,156ms] [Warning] [isaacsim.ros2.nodes] ROS2 TF aggregation contributor '/World/Nova_Carter_ROS/chassis_link/sensors/right_owl/ROS_TF/PublisherTF' did not submit transforms for topic '/tf' on flush cycle 2858
2026-09-30T17:07:36Z [65,156ms] [Warning] [isaacsim.ros2.nodes] ROS2 TF aggregation contributor '/World/Nova_Carter_ROS/chassis_link/sensors/back_hawk/ROS_TF/PublisherTF' did not submit transforms for topic '/tf' on flush cycle 2858
2026-09-30T17:07:36Z [65,156ms] [Warning] [isaacsim.ros2.nodes] ROS2 TF aggregation contributor '/World/Nova_Carter_ROS/transform_tree_odometry/ros2_publish_raw_transform_tree' did not submit transforms for topic '/tf' on flush cycle 2858
2026-09-30T17:07:36Z [65,156ms] [Warning] [isaacsim.ros2.nodes] ROS2 TF aggregation contributor '/World/Nova_Carter_ROS/chassis_link/sensors/right_hawk/ROS_TF/PublisherTF' did not submit transforms for topic '/tf' on flush cycle 2858
2026-09-30T17:07:36Z [65,156ms] [Warning] [isaacsim.ros2.nodes] ROS2 TF aggregation contributor '/World/Nova_Carter_ROS/transform_tree_odometry/tf_tree_base_link_to_wheel_base' did not submit transforms for topic '/tf' on flush cycle 2858
2026-09-30T17:07:36Z [65,156ms] [Warning] [isaacsim.ros2.nodes] ROS2 TF aggregation contributor '/World/Nova_Carter_ROS/transform_tree_odometry/tf_tree_base_link_to_sensors' did not submit transforms for topic '/tf' on flush cycle 2858
2026-09-30T17:07:36Z [65,156ms] [Warning] [isaacsim.ros2.nodes] ROS2 TF aggregation contributor '/World/Nova_Carter_ROS/transform_tree_odometry/tf_tree_base_link_to_chassis' did not submit transforms for topic '/tf' on flush cycle 2858
2026-09-30T17:07:38Z [67,203ms] [Warning] [isaacsim.ros2.nodes] ROS2 TF aggregation contributor '/World/Nova_Carter_ROS/chassis_link/sensors/front_owl/ROS_TF/PublisherTF' did not submit transforms for topic '/tf' on flush cycle 2978
2026-09-30T17:07:38Z [67,203ms] [Warning] [isaacsim.ros2.nodes] ROS2 TF aggregation contributor '/World/Nova_Carter_ROS/chassis_link/sensors/rear_RPLidar/ROS_TF/PublisherTF' did not submit transforms for topic '/tf' on flush cycle 2978
2026-09-30T17:07:38Z [67,203ms] [Warning] [isaacsim.ros2.nodes] ROS2 TF aggregation contributor '/World/Nova_Carter_ROS/chassis_link/sensors/left_hawk/ROS_TF/PublisherTF' did not submit transforms for topic '/tf' on flush cycle 2978
2026-09-30T17:07:38Z [67,203ms] [Warning] [isaacsim.ros2.nodes] ROS2 TF aggregation contributor '/World/Nova_Carter_ROS/chassis_link/sensors/front_hawk/ROS_TF/PublisherTF' did not submit transforms for topic '/tf' on flush cycle 2978
2026-09-30T17:07:38Z [67,203ms] [Warning] [isaacsim.ros2.nodes] ROS2 TF aggregation contributor '/World/Nova_Carter_ROS/chassis_link/sensors/back_owl/ROS_TF/PublisherTF' did not submit transforms for topic '/tf' on flush cycle 2978
2026-09-30T17:07:38Z [67,203ms] [Warning] [isaacsim.ros2.nodes] ROS2 TF aggregation contributor '/World/Nova_Carter_ROS/chassis_link/sensors/XT_32/ROS_TF/PublisherTF' did not submit transforms for topic '/tf' on flush cycle 2978
2026-09-30T17:07:38Z [67,203ms] [Warning] [isaacsim.ros2.nodes] ROS2 TF aggregation contributor '/World/Nova_Carter_ROS/chassis_link/sensors/front_RPLidar/ROS_TF/PublisherTF' did not submit transforms for topic '/tf' on flush cycle 2978
2026-09-30T17:07:38Z [67,203ms] [Warning] [isaacsim.ros2.nodes] ROS2 TF aggregation contributor '/World/Nova_Carter_ROS/chassis_link/sensors/left_owl/ROS_TF/PublisherTF' did not submit transforms for topic '/tf' on flush cycle 2978
2026-09-30T17:07:38Z [67,203ms] [Warning] [isaacsim.ros2.nodes] ROS2 TF aggregation contributor '/World/Nova_Carter_ROS/chassis_link/sensors/right_owl/ROS_TF/PublisherTF' did not submit transforms for topic '/tf' on flush cycle 2978
2026-09-30T17:07:38Z [67,203ms] [Warning] [isaacsim.ros2.nodes] ROS2 TF aggregation contributor '/World/Nova_Carter_ROS/chassis_link/sensors/back_hawk/ROS_TF/PublisherTF' did not submit transforms for topic '/tf' on flush cycle 2978
2026-09-30T17:07:38Z [67,203ms] [Warning] [isaacsim.ros2.nodes] ROS2 TF aggregation contributor '/World/Nova_Carter_ROS/transform_tree_odometry/ros2_publish_raw_transform_tree' did not submit transforms for topic '/tf' on flush cycle 2978
2026-09-30T17:07:38Z [67,203ms] [Warning] [isaacsim.ros2.nodes] ROS2 TF aggregation contributor '/World/Nova_Carter_ROS/chassis_link/sensors/right_hawk/ROS_TF/PublisherTF' did not submit transforms for topic '/tf' on flush cycle 2978
2026-09-30T17:07:38Z [67,203ms] [Warning] [isaacsim.ros2.nodes] ROS2 TF aggregation contributor '/World/Nova_Carter_ROS/transform_tree_odometry/tf_tree_base_link_to_wheel_base' did not submit transforms for topic '/tf' on flush cycle 2978
2026-09-30T17:07:38Z [67,203ms] [Warning] [isaacsim.ros2.nodes] ROS2 TF aggregation contributor '/World/Nova_Carter_ROS/transform_tree_odometry/tf_tree_base_link_to_sensors' did not submit transforms for topic '/tf' on flush cycle 2978
2026-09-30T17:07:38Z [67,203ms] [Warning] [isaacsim.ros2.nodes] ROS2 TF aggregation contributor '/World/Nova_Carter_ROS/transform_tree_odometry/tf_tree_base_link_to_chassis' did not submit transforms for topic '/tf' on flush cycle 2978
2026-09-30T17:07:48Z [76,878ms] [Warning] [omni.graph.core.plugin] /World/Nova_Carter_ROS/differential_drive/differential_controller_01: [/World/Nova_Carter_ROS/differential_drive] Invalid deltaTime 0.000000, cannot check for acceleration limits, skipping current step
2026-09-30T17:07:48Z [77,152ms] [Warning] [isaacsim.ros2.nodes] ROS2 TF aggregation contributor '/World/Nova_Carter_ROS/chassis_link/sensors/front_owl/ROS_TF/PublisherTF' did not submit transforms for topic '/tf' on flush cycle 3509
2026-09-30T17:07:48Z [77,152ms] [Warning] [isaacsim.ros2.nodes] ROS2 TF aggregation contributor '/World/Nova_Carter_ROS/chassis_link/sensors/rear_RPLidar/ROS_TF/PublisherTF' did not submit transforms for topic '/tf' on flush cycle 3509
2026-09-30T17:07:48Z [77,152ms] [Warning] [isaacsim.ros2.nodes] ROS2 TF aggregation contributor '/World/Nova_Carter_ROS/chassis_link/sensors/left_hawk/ROS_TF/PublisherTF' did not submit transforms for topic '/tf' on flush cycle 3509
2026-09-30T17:07:48Z [77,152ms] [Warning] [isaacsim.ros2.nodes] ROS2 TF aggregation contributor '/World/Nova_Carter_ROS/chassis_link/sensors/front_hawk/ROS_TF/PublisherTF' did not submit transforms for topic '/tf' on flush cycle 3509
2026-09-30T17:07:48Z [77,152ms] [Warning] [isaacsim.ros2.nodes] ROS2 TF aggregation contributor '/World/Nova_Carter_ROS/chassis_link/sensors/back_owl/ROS_TF/PublisherTF' did not submit transforms for topic '/tf' on flush cycle 3509
2026-09-30T17:07:48Z [77,152ms] [Warning] [isaacsim.ros2.nodes] ROS2 TF aggregation contributor '/World/Nova_Carter_ROS/chassis_link/sensors/XT_32/ROS_TF/PublisherTF' did not submit transforms for topic '/tf' on flush cycle 3509
2026-09-30T17:07:48Z [77,152ms] [Warning] [isaacsim.ros2.nodes] ROS2 TF aggregation contributor '/World/Nova_Carter_ROS/chassis_link/sensors/front_RPLidar/ROS_TF/PublisherTF' did not submit transforms for topic '/tf' on flush cycle 3509
2026-09-30T17:07:48Z [77,152ms] [Warning] [isaacsim.ros2.nodes] ROS2 TF aggregation contributor '/World/Nova_Carter_ROS/chassis_link/sensors/left_owl/ROS_TF/PublisherTF' did not submit transforms for topic '/tf' on flush cycle 3509
2026-09-30T17:07:48Z [77,152ms] [Warning] [isaacsim.ros2.nodes] ROS2 TF aggregation contributor '/World/Nova_Carter_ROS/chassis_link/sensors/right_owl/ROS_TF/PublisherTF' did not submit transforms for topic '/tf' on flush cycle 3509
2026-09-30T17:07:48Z [77,153ms] [Warning] [isaacsim.ros2.nodes] ROS2 TF aggregation contributor '/World/Nova_Carter_ROS/chassis_link/sensors/back_hawk/ROS_TF/PublisherTF' did not submit transforms for topic '/tf' on flush cycle 3509
2026-09-30T17:07:48Z [77,153ms] [Warning] [isaacsim.ros2.nodes] ROS2 TF aggregation contributor '/World/Nova_Carter_ROS/transform_tree_odometry/ros2_publish_raw_transform_tree' did not submit transforms for topic '/tf' on flush cycle 3509
2026-09-30T17:07:48Z [77,153ms] [Warning] [isaacsim.ros2.nodes] ROS2 TF aggregation contributor '/World/Nova_Carter_ROS/chassis_link/sensors/right_hawk/ROS_TF/PublisherTF' did not submit transforms for topic '/tf' on flush cycle 3509
2026-09-30T17:07:48Z [77,153ms] [Warning] [isaacsim.ros2.nodes] ROS2 TF aggregation contributor '/World/Nova_Carter_ROS/transform_tree_odometry/tf_tree_base_link_to_wheel_base' did not submit transforms for topic '/tf' on flush cycle 3509
2026-09-30T17:07:48Z [77,153ms] [Warning] [isaacsim.ros2.nodes] ROS2 TF aggregation contributor '/World/Nova_Carter_ROS/transform_tree_odometry/tf_tree_base_link_to_sensors' did not submit transforms for topic '/tf' on flush cycle 3509
2026-09-30T17:07:48Z [77,153ms] [Warning] [isaacsim.ros2.nodes] ROS2 TF aggregation contributor '/World/Nova_Carter_ROS/transform_tree_odometry/tf_tree_base_link_to_chassis' did not submit transforms for topic '/tf' on flush cycle 3509
2026-09-30T17:07:50Z [79,195ms] [Warning] [isaacsim.ros2.nodes] ROS2 TF aggregation contributor '/World/Nova_Carter_ROS/chassis_link/sensors/front_owl/ROS_TF/PublisherTF' did not submit transforms for topic '/tf' on flush cycle 3629
2026-09-30T17:07:50Z [79,195ms] [Warning] [isaacsim.ros2.nodes] ROS2 TF aggregation contributor '/World/Nova_Carter_ROS/chassis_link/sensors/rear_RPLidar/ROS_TF/PublisherTF' did not submit transforms for topic '/tf' on flush cycle 3629
2026-09-30T17:07:50Z [79,195ms] [Warning] [isaacsim.ros2.nodes] ROS2 TF aggregation contributor '/World/Nova_Carter_ROS/chassis_link/sensors/left_hawk/ROS_TF/PublisherTF' did not submit transforms for topic '/tf' on flush cycle 3629
2026-09-30T17:07:50Z [79,195ms] [Warning] [isaacsim.ros2.nodes] ROS2 TF aggregation contributor '/World/Nova_Carter_ROS/chassis_link/sensors/front_hawk/ROS_TF/PublisherTF' did not submit transforms for topic '/tf' on flush cycle 3629
2026-09-30T17:07:50Z [79,195ms] [Warning] [isaacsim.ros2.nodes] ROS2 TF aggregation contributor '/World/Nova_Carter_ROS/chassis_link/sensors/back_owl/ROS_TF/PublisherTF' did not submit transforms for topic '/tf' on flush cycle 3629
2026-09-30T17:07:50Z [79,195ms] [Warning] [isaacsim.ros2.nodes] ROS2 TF aggregation contributor '/World/Nova_Carter_ROS/chassis_link/sensors/XT_32/ROS_TF/PublisherTF' did not submit transforms for topic '/tf' on flush cycle 3629
2026-09-30T17:07:50Z [79,195ms] [Warning] [isaacsim.ros2.nodes] ROS2 TF aggregation contributor '/World/Nova_Carter_ROS/chassis_link/sensors/front_RPLidar/ROS_TF/PublisherTF' did not submit transforms for topic '/tf' on flush cycle 3629
2026-09-30T17:07:50Z [79,195ms] [Warning] [isaacsim.ros2.nodes] ROS2 TF aggregation contributor '/World/Nova_Carter_ROS/chassis_link/sensors/left_owl/ROS_TF/PublisherTF' did not submit transforms for topic '/tf' on flush cycle 3629
2026-09-30T17:07:50Z [79,195ms] [Warning] [isaacsim.ros2.nodes] ROS2 TF aggregation contributor '/World/Nova_Carter_ROS/chassis_link/sensors/right_owl/ROS_TF/PublisherTF' did not submit transforms for topic '/tf' on flush cycle 3629
2026-09-30T17:07:50Z [79,195ms] [Warning] [isaacsim.ros2.nodes] ROS2 TF aggregation contributor '/World/Nova_Carter_ROS/chassis_link/sensors/back_hawk/ROS_TF/PublisherTF' did not submit transforms for topic '/tf' on flush cycle 3629
2026-09-30T17:07:50Z [79,195ms] [Warning] [isaacsim.ros2.nodes] ROS2 TF aggregation contributor '/World/Nova_Carter_ROS/transform_tree_odometry/ros2_publish_raw_transform_tree' did not submit transforms for topic '/tf' on flush cycle 3629
2026-09-30T17:07:50Z [79,195ms] [Warning] [isaacsim.ros2.nodes] ROS2 TF aggregation contributor '/World/Nova_Carter_ROS/chassis_link/sensors/right_hawk/ROS_TF/PublisherTF' did not submit transforms for topic '/tf' on flush cycle 3629
2026-09-30T17:07:50Z [79,195ms] [Warning] [isaacsim.ros2.nodes] ROS2 TF aggregation contributor '/World/Nova_Carter_ROS/transform_tree_odometry/tf_tree_base_link_to_wheel_base' did not submit transforms for topic '/tf' on flush cycle 3629
2026-09-30T17:07:50Z [79,195ms] [Warning] [isaacsim.ros2.nodes] ROS2 TF aggregation contributor '/World/Nova_Carter_ROS/transform_tree_odometry/tf_tree_base_link_to_sensors' did not submit transforms for topic '/tf' on flush cycle 3629
2026-09-30T17:07:50Z [79,195ms] [Warning] [isaacsim.ros2.nodes] ROS2 TF aggregation contributor '/World/Nova_Carter_ROS/transform_tree_odometry/tf_tree_base_link_to_chassis' did not submit transforms for topic '/tf' on flush cycle 3629
2026-09-30T17:07:52Z [81,248ms] [Warning] [isaacsim.ros2.nodes] ROS2 TF aggregation contributor '/World/Nova_Carter_ROS/chassis_link/sensors/front_owl/ROS_TF/PublisherTF' did not submit transforms for topic '/tf' on flush cycle 3749
2026-09-30T17:07:52Z [81,248ms] [Warning] [isaacsim.ros2.nodes] ROS2 TF aggregation contributor '/World/Nova_Carter_ROS/chassis_link/sensors/rear_RPLidar/ROS_TF/PublisherTF' did not submit transforms for topic '/tf' on flush cycle 3749
2026-09-30T17:07:52Z [81,248ms] [Warning] [isaacsim.ros2.nodes] ROS2 TF aggregation contributor '/World/Nova_Carter_ROS/chassis_link/sensors/left_hawk/ROS_TF/PublisherTF' did not submit transforms for topic '/tf' on flush cycle 3749
2026-09-30T17:07:52Z [81,248ms] [Warning] [isaacsim.ros2.nodes] ROS2 TF aggregation contributor '/World/Nova_Carter_ROS/chassis_link/sensors/front_hawk/ROS_TF/PublisherTF' did not submit transforms for topic '/tf' on flush cycle 3749
2026-09-30T17:07:52Z [81,248ms] [Warning] [isaacsim.ros2.nodes] ROS2 TF aggregation contributor '/World/Nova_Carter_ROS/chassis_link/sensors/back_owl/ROS_TF/PublisherTF' did not submit transforms for topic '/tf' on flush cycle 3749
2026-09-30T17:07:52Z [81,248ms] [Warning] [isaacsim.ros2.nodes] ROS2 TF aggregation contributor '/World/Nova_Carter_ROS/chassis_link/sensors/XT_32/ROS_TF/PublisherTF' did not submit transforms for topic '/tf' on flush cycle 3749
2026-09-30T17:07:52Z [81,248ms] [Warning] [isaacsim.ros2.nodes] ROS2 TF aggregation contributor '/World/Nova_Carter_ROS/chassis_link/sensors/front_RPLidar/ROS_TF/PublisherTF' did not submit transforms for topic '/tf' on flush cycle 3749
2026-09-30T17:07:52Z [81,248ms] [Warning] [isaacsim.ros2.nodes] ROS2 TF aggregation contributor '/World/Nova_Carter_ROS/chassis_link/sensors/left_owl/ROS_TF/PublisherTF' did not submit transforms for topic '/tf' on flush cycle 3749
2026-09-30T17:07:52Z [81,248ms] [Warning] [isaacsim.ros2.nodes] ROS2 TF aggregation contributor '/World/Nova_Carter_ROS/chassis_link/sensors/right_owl/ROS_TF/PublisherTF' did not submit transforms for topic '/tf' on flush cycle 3749
2026-09-30T17:07:52Z [81,248ms] [Warning] [isaacsim.ros2.nodes] ROS2 TF aggregation contributor '/World/Nova_Carter_ROS/chassis_link/sensors/back_hawk/ROS_TF/PublisherTF' did not submit transforms for topic '/tf' on flush cycle 3749
2026-09-30T17:07:52Z [81,248ms] [Warning] [isaacsim.ros2.nodes] ROS2 TF aggregation contributor '/World/Nova_Carter_ROS/transform_tree_odometry/ros2_publish_raw_transform_tree' did not submit transforms for topic '/tf' on flush cycle 3749
2026-09-30T17:07:52Z [81,248ms] [Warning] [isaacsim.ros2.nodes] ROS2 TF aggregation contributor '/World/Nova_Carter_ROS/chassis_link/sensors/right_hawk/ROS_TF/PublisherTF' did not submit transforms for topic '/tf' on flush cycle 3749
2026-09-30T17:07:52Z [81,248ms] [Warning] [isaacsim.ros2.nodes] ROS2 TF aggregation contributor '/World/Nova_Carter_ROS/transform_tree_odometry/tf_tree_base_link_to_wheel_base' did not submit transforms for topic '/tf' on flush cycle 3749
2026-09-30T17:07:52Z [81,248ms] [Warning] [isaacsim.ros2.nodes] ROS2 TF aggregation contributor '/World/Nova_Carter_ROS/transform_tree_odometry/tf_tree_base_link_to_sensors' did not submit transforms for topic '/tf' on flush cycle 3749
2026-09-30T17:07:52Z [81,248ms] [Warning] [isaacsim.ros2.nodes] ROS2 TF aggregation contributor '/World/Nova_Carter_ROS/transform_tree_odometry/tf_tree_base_link_to_chassis' did not submit transforms for topic '/tf' on flush cycle 3749
2026-09-30T17:07:54Z [83,300ms] [Warning] [isaacsim.ros2.nodes] ROS2 TF aggregation contributor '/World/Nova_Carter_ROS/chassis_link/sensors/front_owl/ROS_TF/PublisherTF' did not submit transforms for topic '/tf' on flush cycle 3869
2026-09-30T17:07:54Z [83,300ms] [Warning] [isaacsim.ros2.nodes] ROS2 TF aggregation contributor '/World/Nova_Carter_ROS/chassis_link/sensors/rear_RPLidar/ROS_TF/PublisherTF' did not submit transforms for topic '/tf' on flush cycle 3869
2026-09-30T17:07:54Z [83,300ms] [Warning] [isaacsim.ros2.nodes] ROS2 TF aggregation contributor '/World/Nova_Carter_ROS/chassis_link/sensors/left_hawk/ROS_TF/PublisherTF' did not submit transforms for topic '/tf' on flush cycle 3869
2026-09-30T17:07:54Z [83,300ms] [Warning] [isaacsim.ros2.nodes] ROS2 TF aggregation contributor '/World/Nova_Carter_ROS/chassis_link/sensors/front_hawk/ROS_TF/PublisherTF' did not submit transforms for topic '/tf' on flush cycle 3869
2026-09-30T17:07:54Z [83,300ms] [Warning] [isaacsim.ros2.nodes] ROS2 TF aggregation contributor '/World/Nova_Carter_ROS/chassis_link/sensors/back_owl/ROS_TF/PublisherTF' did not submit transforms for topic '/tf' on flush cycle 3869
2026-09-30T17:07:54Z [83,300ms] [Warning] [isaacsim.ros2.nodes] ROS2 TF aggregation contributor '/World/Nova_Carter_ROS/chassis_link/sensors/XT_32/ROS_TF/PublisherTF' did not submit transforms for topic '/tf' on flush cycle 3869
2026-09-30T17:07:54Z [83,300ms] [Warning] [isaacsim.ros2.nodes] ROS2 TF aggregation contributor '/World/Nova_Carter_ROS/chassis_link/sensors/front_RPLidar/ROS_TF/PublisherTF' did not submit transforms for topic '/tf' on flush cycle 3869
2026-09-30T17:07:54Z [83,300ms] [Warning] [isaacsim.ros2.nodes] ROS2 TF aggregation contributor '/World/Nova_Carter_ROS/chassis_link/sensors/left_owl/ROS_TF/PublisherTF' did not submit transforms for topic '/tf' on flush cycle 3869
2026-09-30T17:07:54Z [83,300ms] [Warning] [isaacsim.ros2.nodes] ROS2 TF aggregation contributor '/World/Nova_Carter_ROS/chassis_link/sensors/right_owl/ROS_TF/PublisherTF' did not submit transforms for topic '/tf' on flush cycle 3869
2026-09-30T17:07:54Z [83,300ms] [Warning] [isaacsim.ros2.nodes] ROS2 TF aggregation contributor '/World/Nova_Carter_ROS/chassis_link/sensors/back_hawk/ROS_TF/PublisherTF' did not submit transforms for topic '/tf' on flush cycle 3869
2026-09-30T17:07:54Z [83,300ms] [Warning] [isaacsim.ros2.nodes] ROS2 TF aggregation contributor '/World/Nova_Carter_ROS/transform_tree_odometry/ros2_publish_raw_transform_tree' did not submit transforms for topic '/tf' on flush cycle 3869
2026-09-30T17:07:54Z [83,300ms] [Warning] [isaacsim.ros2.nodes] ROS2 TF aggregation contributor '/World/Nova_Carter_ROS/chassis_link/sensors/right_hawk/ROS_TF/PublisherTF' did not submit transforms for topic '/tf' on flush cycle 3869
2026-09-30T17:07:54Z [83,300ms] [Warning] [isaacsim.ros2.nodes] ROS2 TF aggregation contributor '/World/Nova_Carter_ROS/transform_tree_odometry/tf_tree_base_link_to_wheel_base' did not submit transforms for topic '/tf' on flush cycle 3869
2026-09-30T17:07:54Z [83,300ms] [Warning] [isaacsim.ros2.nodes] ROS2 TF aggregation contributor '/World/Nova_Carter_ROS/transform_tree_odometry/tf_tree_base_link_to_sensors' did not submit transforms for topic '/tf' on flush cycle 3869
2026-09-30T17:07:54Z [83,300ms] [Warning] [isaacsim.ros2.nodes] ROS2 TF aggregation contributor '/World/Nova_Carter_ROS/transform_tree_odometry/tf_tree_base_link_to_chassis' did not submit transforms for topic '/tf' on flush cycle 3869
2026-09-30T17:07:56Z [85,398ms] [Warning] [isaacsim.ros2.nodes] ROS2 TF aggregation contributor '/World/Nova_Carter_ROS/chassis_link/sensors/front_owl/ROS_TF/PublisherTF' did not submit transforms for topic '/tf' on flush cycle 3989
2026-09-30T17:07:56Z [85,398ms] [Warning] [isaacsim.ros2.nodes] ROS2 TF aggregation contributor '/World/Nova_Carter_ROS/chassis_link/sensors/rear_RPLidar/ROS_TF/PublisherTF' did not submit transforms for topic '/tf' on flush cycle 3989
2026-09-30T17:07:56Z [85,398ms] [Warning] [isaacsim.ros2.nodes] ROS2 TF aggregation contributor '/World/Nova_Carter_ROS/chassis_link/sensors/left_hawk/ROS_TF/PublisherTF' did not submit transforms for topic '/tf' on flush cycle 3989
2026-09-30T17:07:56Z [85,398ms] [Warning] [isaacsim.ros2.nodes] ROS2 TF aggregation contributor '/World/Nova_Carter_ROS/chassis_link/sensors/front_hawk/ROS_TF/PublisherTF' did not submit transforms for topic '/tf' on flush cycle 3989
2026-09-30T17:07:56Z [85,398ms] [Warning] [isaacsim.ros2.nodes] ROS2 TF aggregation contributor '/World/Nova_Carter_ROS/chassis_link/sensors/back_owl/ROS_TF/PublisherTF' did not submit transforms for topic '/tf' on flush cycle 3989
2026-09-30T17:07:56Z [85,398ms] [Warning] [isaacsim.ros2.nodes] ROS2 TF aggregation contributor '/World/Nova_Carter_ROS/chassis_link/sensors/XT_32/ROS_TF/PublisherTF' did not submit transforms for topic '/tf' on flush cycle 3989
2026-09-30T17:07:56Z [85,398ms] [Warning] [isaacsim.ros2.nodes] ROS2 TF aggregation contributor '/World/Nova_Carter_ROS/chassis_link/sensors/front_RPLidar/ROS_TF/PublisherTF' did not submit transforms for topic '/tf' on flush cycle 3989
2026-09-30T17:07:56Z [85,398ms] [Warning] [isaacsim.ros2.nodes] ROS2 TF aggregation contributor '/World/Nova_Carter_ROS/chassis_link/sensors/left_owl/ROS_TF/PublisherTF' did not submit transforms for topic '/tf' on flush cycle 3989
2026-09-30T17:07:56Z [85,398ms] [Warning] [isaacsim.ros2.nodes] ROS2 TF aggregation contributor '/World/Nova_Carter_ROS/chassis_link/sensors/right_owl/ROS_TF/PublisherTF' did not submit transforms for topic '/tf' on flush cycle 3989
2026-09-30T17:07:56Z [85,398ms] [Warning] [isaacsim.ros2.nodes] ROS2 TF aggregation contributor '/World/Nova_Carter_ROS/chassis_link/sensors/back_hawk/ROS_TF/PublisherTF' did not submit transforms for topic '/tf' on flush cycle 3989
2026-09-30T17:07:56Z [85,398ms] [Warning] [isaacsim.ros2.nodes] ROS2 TF aggregation contributor '/World/Nova_Carter_ROS/transform_tree_odometry/ros2_publish_raw_transform_tree' did not submit transforms for topic '/tf' on flush cycle 3989
2026-09-30T17:07:56Z [85,398ms] [Warning] [isaacsim.ros2.nodes] ROS2 TF aggregation contributor '/World/Nova_Carter_ROS/chassis_link/sensors/right_hawk/ROS_TF/PublisherTF' did not submit transforms for topic '/tf' on flush cycle 3989
2026-09-30T17:07:56Z [85,398ms] [Warning] [isaacsim.ros2.nodes] ROS2 TF aggregation contributor '/World/Nova_Carter_ROS/transform_tree_odometry/tf_tree_base_link_to_wheel_base' did not submit transforms for topic '/tf' on flush cycle 3989
2026-09-30T17:07:56Z [85,398ms] [Warning] [isaacsim.ros2.nodes] ROS2 TF aggregation contributor '/World/Nova_Carter_ROS/transform_tree_odometry/tf_tree_base_link_to_sensors' did not submit transforms for topic '/tf' on flush cycle 3989
2026-09-30T17:07:56Z [85,398ms] [Warning] [isaacsim.ros2.nodes] ROS2 TF aggregation contributor '/World/Nova_Carter_ROS/transform_tree_odometry/tf_tree_base_link_to_chassis' did not submit transforms for topic '/tf' on flush cycle 3989
2026-09-30T17:07:58Z [87,448ms] [Warning] [isaacsim.ros2.nodes] ROS2 TF aggregation contributor '/World/Nova_Carter_ROS/chassis_link/sensors/front_owl/ROS_TF/PublisherTF' did not submit transforms for topic '/tf' on flush cycle 4109
2026-09-30T17:07:58Z [87,448ms] [Warning] [isaacsim.ros2.nodes] ROS2 TF aggregation contributor '/World/Nova_Carter_ROS/chassis_link/sensors/rear_RPLidar/ROS_TF/PublisherTF' did not submit transforms for topic '/tf' on flush cycle 4109
2026-09-30T17:07:58Z [87,448ms] [Warning] [isaacsim.ros2.nodes] ROS2 TF aggregation contributor '/World/Nova_Carter_ROS/chassis_link/sensors/left_hawk/ROS_TF/PublisherTF' did not submit transforms for topic '/tf' on flush cycle 4109
2026-09-30T17:07:58Z [87,448ms] [Warning] [isaacsim.ros2.nodes] ROS2 TF aggregation contributor '/World/Nova_Carter_ROS/chassis_link/sensors/front_hawk/ROS_TF/PublisherTF' did not submit transforms for topic '/tf' on flush cycle 4109
2026-09-30T17:07:58Z [87,448ms] [Warning] [isaacsim.ros2.nodes] ROS2 TF aggregation contributor '/World/Nova_Carter_ROS/chassis_link/sensors/back_owl/ROS_TF/PublisherTF' did not submit transforms for topic '/tf' on flush cycle 4109
2026-09-30T17:07:58Z [87,448ms] [Warning] [isaacsim.ros2.nodes] ROS2 TF aggregation contributor '/World/Nova_Carter_ROS/chassis_link/sensors/XT_32/ROS_TF/PublisherTF' did not submit transforms for topic '/tf' on flush cycle 4109
2026-09-30T17:07:58Z [87,448ms] [Warning] [isaacsim.ros2.nodes] ROS2 TF aggregation contributor '/World/Nova_Carter_ROS/chassis_link/sensors/front_RPLidar/ROS_TF/PublisherTF' did not submit transforms for topic '/tf' on flush cycle 4109
2026-09-30T17:07:58Z [87,448ms] [Warning] [isaacsim.ros2.nodes] ROS2 TF aggregation contributor '/World/Nova_Carter_ROS/chassis_link/sensors/left_owl/ROS_TF/PublisherTF' did not submit transforms for topic '/tf' on flush cycle 4109
2026-09-30T17:07:58Z [87,448ms] [Warning] [isaacsim.ros2.nodes] ROS2 TF aggregation contributor '/World/Nova_Carter_ROS/chassis_link/sensors/right_owl/ROS_TF/PublisherTF' did not submit transforms for topic '/tf' on flush cycle 4109
2026-09-30T17:07:58Z [87,448ms] [Warning] [isaacsim.ros2.nodes] ROS2 TF aggregation contributor '/World/Nova_Carter_ROS/chassis_link/sensors/back_hawk/ROS_TF/PublisherTF' did not submit transforms for topic '/tf' on flush cycle 4109
2026-09-30T17:07:58Z [87,448ms] [Warning] [isaacsim.ros2.nodes] ROS2 TF aggregation contributor '/World/Nova_Carter_ROS/transform_tree_odometry/ros2_publish_raw_transform_tree' did not submit transforms for topic '/tf' on flush cycle 4109
2026-09-30T17:07:58Z [87,448ms] [Warning] [isaacsim.ros2.nodes] ROS2 TF aggregation contributor '/World/Nova_Carter_ROS/chassis_link/sensors/right_hawk/ROS_TF/PublisherTF' did not submit transforms for topic '/tf' on flush cycle 4109
2026-09-30T17:07:58Z [87,448ms] [Warning] [isaacsim.ros2.nodes] ROS2 TF aggregation contributor '/World/Nova_Carter_ROS/transform_tree_odometry/tf_tree_base_link_to_wheel_base' did not submit transforms for topic '/tf' on flush cycle 4109
2026-09-30T17:07:58Z [87,448ms] [Warning] [isaacsim.ros2.nodes] ROS2 TF aggregation contributor '/World/Nova_Carter_ROS/transform_tree_odometry/tf_tree_base_link_to_sensors' did not submit transforms for topic '/tf' on flush cycle 4109
2026-09-30T17:07:58Z [87,448ms] [Warning] [isaacsim.ros2.nodes] ROS2 TF aggregation contributor '/World/Nova_Carter_ROS/transform_tree_odometry/tf_tree_base_link_to_chassis' did not submit transforms for topic '/tf' on flush cycle 4109
2026-09-30T17:08:00Z [89,496ms] [Warning] [isaacsim.ros2.nodes] ROS2 TF aggregation contributor '/World/Nova_Carter_ROS/chassis_link/sensors/front_owl/ROS_TF/PublisherTF' did not submit transforms for topic '/tf' on flush cycle 4229
2026-09-30T17:08:00Z [89,496ms] [Warning] [isaacsim.ros2.nodes] ROS2 TF aggregation contributor '/World/Nova_Carter_ROS/chassis_link/sensors/rear_RPLidar/ROS_TF/PublisherTF' did not submit transforms for topic '/tf' on flush cycle 4229
2026-09-30T17:08:00Z [89,496ms] [Warning] [isaacsim.ros2.nodes] ROS2 TF aggregation contributor '/World/Nova_Carter_ROS/chassis_link/sensors/left_hawk/ROS_TF/PublisherTF' did not submit transforms for topic '/tf' on flush cycle 4229
2026-09-30T17:08:00Z [89,496ms] [Warning] [isaacsim.ros2.nodes] ROS2 TF aggregation contributor '/World/Nova_Carter_ROS/chassis_link/sensors/front_hawk/ROS_TF/PublisherTF' did not submit transforms for topic '/tf' on flush cycle 4229
2026-09-30T17:08:00Z [89,496ms] [Warning] [isaacsim.ros2.nodes] ROS2 TF aggregation contributor '/World/Nova_Carter_ROS/chassis_link/sensors/back_owl/ROS_TF/PublisherTF' did not submit transforms for topic '/tf' on flush cycle 4229
2026-09-30T17:08:00Z [89,496ms] [Warning] [isaacsim.ros2.nodes] ROS2 TF aggregation contributor '/World/Nova_Carter_ROS/chassis_link/sensors/XT_32/ROS_TF/PublisherTF' did not submit transforms for topic '/tf' on flush cycle 4229
2026-09-30T17:08:00Z [89,496ms] [Warning] [isaacsim.ros2.nodes] ROS2 TF aggregation contributor '/World/Nova_Carter_ROS/chassis_link/sensors/front_RPLidar/ROS_TF/PublisherTF' did not submit transforms for topic '/tf' on flush cycle 4229
2026-09-30T17:08:00Z [89,496ms] [Warning] [isaacsim.ros2.nodes] ROS2 TF aggregation contributor '/World/Nova_Carter_ROS/chassis_link/sensors/left_owl/ROS_TF/PublisherTF' did not submit transforms for topic '/tf' on flush cycle 4229
2026-09-30T17:08:00Z [89,496ms] [Warning] [isaacsim.ros2.nodes] ROS2 TF aggregation contributor '/World/Nova_Carter_ROS/chassis_link/sensors/right_owl/ROS_TF/PublisherTF' did not submit transforms for topic '/tf' on flush cycle 4229
2026-09-30T17:08:00Z [89,496ms] [Warning] [isaacsim.ros2.nodes] ROS2 TF aggregation contributor '/World/Nova_Carter_ROS/chassis_link/sensors/back_hawk/ROS_TF/PublisherTF' did not submit transforms for topic '/tf' on flush cycle 4229
2026-09-30T17:08:00Z [89,496ms] [Warning] [isaacsim.ros2.nodes] ROS2 TF aggregation contributor '/World/Nova_Carter_ROS/transform_tree_odometry/ros2_publish_raw_transform_tree' did not submit transforms for topic '/tf' on flush cycle 4229
2026-09-30T17:08:00Z [89,496ms] [Warning] [isaacsim.ros2.nodes] ROS2 TF aggregation contributor '/World/Nova_Carter_ROS/chassis_link/sensors/right_hawk/ROS_TF/PublisherTF' did not submit transforms for topic '/tf' on flush cycle 4229
2026-09-30T17:08:00Z [89,496ms] [Warning] [isaacsim.ros2.nodes] ROS2 TF aggregation contributor '/World/Nova_Carter_ROS/transform_tree_odometry/tf_tree_base_link_to_wheel_base' did not submit transforms for topic '/tf' on flush cycle 4229
2026-09-30T17:08:00Z [89,496ms] [Warning] [isaacsim.ros2.nodes] ROS2 TF aggregation contributor '/World/Nova_Carter_ROS/transform_tree_odometry/tf_tree_base_link_to_sensors' did not submit transforms for topic '/tf' on flush cycle 4229
2026-09-30T17:08:00Z [89,496ms] [Warning] [isaacsim.ros2.nodes] ROS2 TF aggregation contributor '/World/Nova_Carter_ROS/transform_tree_odometry/tf_tree_base_link_to_chassis' did not submit transforms for topic '/tf' on flush cycle 4229
2026-09-30T17:08:10Z [99,333ms] [Warning] [isaacsim.ros2.nodes] ROS2 TF aggregation contributor '/World/Nova_Carter_ROS/chassis_link/sensors/front_owl/ROS_TF/PublisherTF' did not submit transforms for topic '/tf' on flush cycle 4768
2026-09-30T17:08:10Z [99,333ms] [Warning] [isaacsim.ros2.nodes] ROS2 TF aggregation contributor '/World/Nova_Carter_ROS/chassis_link/sensors/rear_RPLidar/ROS_TF/PublisherTF' did not submit transforms for topic '/tf' on flush cycle 4768
2026-09-30T17:08:10Z [99,333ms] [Warning] [isaacsim.ros2.nodes] ROS2 TF aggregation contributor '/World/Nova_Carter_ROS/chassis_link/sensors/left_hawk/ROS_TF/PublisherTF' did not submit transforms for topic '/tf' on flush cycle 4768
2026-09-30T17:08:10Z [99,333ms] [Warning] [isaacsim.ros2.nodes] ROS2 TF aggregation contributor '/World/Nova_Carter_ROS/chassis_link/sensors/front_hawk/ROS_TF/PublisherTF' did not submit transforms for topic '/tf' on flush cycle 4768
2026-09-30T17:08:10Z [99,333ms] [Warning] [isaacsim.ros2.nodes] ROS2 TF aggregation contributor '/World/Nova_Carter_ROS/chassis_link/sensors/back_owl/ROS_TF/PublisherTF' did not submit transforms for topic '/tf' on flush cycle 4768
2026-09-30T17:08:10Z [99,333ms] [Warning] [isaacsim.ros2.nodes] ROS2 TF aggregation contributor '/World/Nova_Carter_ROS/chassis_link/sensors/XT_32/ROS_TF/PublisherTF' did not submit transforms for topic '/tf' on flush cycle 4768
2026-09-30T17:08:10Z [99,333ms] [Warning] [isaacsim.ros2.nodes] ROS2 TF aggregation contributor '/World/Nova_Carter_ROS/chassis_link/sensors/front_RPLidar/ROS_TF/PublisherTF' did not submit transforms for topic '/tf' on flush cycle 4768
2026-09-30T17:08:10Z [99,333ms] [Warning] [isaacsim.ros2.nodes] ROS2 TF aggregation contributor '/World/Nova_Carter_ROS/chassis_link/sensors/left_owl/ROS_TF/PublisherTF' did not submit transforms for topic '/tf' on flush cycle 4768
2026-09-30T17:08:10Z [99,333ms] [Warning] [isaacsim.ros2.nodes] ROS2 TF aggregation contributor '/World/Nova_Carter_ROS/chassis_link/sensors/right_owl/ROS_TF/PublisherTF' did not submit transforms for topic '/tf' on flush cycle 4768
2026-09-30T17:08:10Z [99,333ms] [Warning] [isaacsim.ros2.nodes] ROS2 TF aggregation contributor '/World/Nova_Carter_ROS/chassis_link/sensors/back_hawk/ROS_TF/PublisherTF' did not submit transforms for topic '/tf' on flush cycle 4768
2026-09-30T17:08:10Z [99,333ms] [Warning] [isaacsim.ros2.nodes] ROS2 TF aggregation contributor '/World/Nova_Carter_ROS/transform_tree_odometry/ros2_publish_raw_transform_tree' did not submit transforms for topic '/tf' on flush cycle 4768
2026-09-30T17:08:10Z [99,333ms] [Warning] [isaacsim.ros2.nodes] ROS2 TF aggregation contributor '/World/Nova_Carter_ROS/chassis_link/sensors/right_hawk/ROS_TF/PublisherTF' did not submit transforms for topic '/tf' on flush cycle 4768
2026-09-30T17:08:10Z [99,333ms] [Warning] [isaacsim.ros2.nodes] ROS2 TF aggregation contributor '/World/Nova_Carter_ROS/transform_tree_odometry/tf_tree_base_link_to_wheel_base' did not submit transforms for topic '/tf' on flush cycle 4768
2026-09-30T17:08:10Z [99,333ms] [Warning] [isaacsim.ros2.nodes] ROS2 TF aggregation contributor '/World/Nova_Carter_ROS/transform_tree_odometry/tf_tree_base_link_to_sensors' did not submit transforms for topic '/tf' on flush cycle 4768
2026-09-30T17:08:10Z [99,333ms] [Warning] [isaacsim.ros2.nodes] ROS2 TF aggregation contributor '/World/Nova_Carter_ROS/transform_tree_odometry/tf_tree_base_link_to_chassis' did not submit transforms for topic '/tf' on flush cycle 4768
2026-09-30T17:08:12Z [101,463ms] [Warning] [isaacsim.ros2.nodes] ROS2 TF aggregation contributor '/World/Nova_Carter_ROS/chassis_link/sensors/front_owl/ROS_TF/PublisherTF' did not submit transforms for topic '/tf' on flush cycle 4888
2026-09-30T17:08:12Z [101,463ms] [Warning] [isaacsim.ros2.nodes] ROS2 TF aggregation contributor '/World/Nova_Carter_ROS/chassis_link/sensors/rear_RPLidar/ROS_TF/PublisherTF' did not submit transforms for topic '/tf' on flush cycle 4888
2026-09-30T17:08:12Z [101,463ms] [Warning] [isaacsim.ros2.nodes] ROS2 TF aggregation contributor '/World/Nova_Carter_ROS/chassis_link/sensors/left_hawk/ROS_TF/PublisherTF' did not submit transforms for topic '/tf' on flush cycle 4888
2026-09-30T17:08:12Z [101,463ms] [Warning] [isaacsim.ros2.nodes] ROS2 TF aggregation contributor '/World/Nova_Carter_ROS/chassis_link/sensors/front_hawk/ROS_TF/PublisherTF' did not submit transforms for topic '/tf' on flush cycle 4888
2026-09-30T17:08:12Z [101,463ms] [Warning] [isaacsim.ros2.nodes] ROS2 TF aggregation contributor '/World/Nova_Carter_ROS/chassis_link/sensors/back_owl/ROS_TF/PublisherTF' did not submit transforms for topic '/tf' on flush cycle 4888
2026-09-30T17:08:12Z [101,463ms] [Warning] [isaacsim.ros2.nodes] ROS2 TF aggregation contributor '/World/Nova_Carter_ROS/chassis_link/sensors/XT_32/ROS_TF/PublisherTF' did not submit transforms for topic '/tf' on flush cycle 4888
2026-09-30T17:08:12Z [101,463ms] [Warning] [isaacsim.ros2.nodes] ROS2 TF aggregation contributor '/World/Nova_Carter_ROS/chassis_link/sensors/front_RPLidar/ROS_TF/PublisherTF' did not submit transforms for topic '/tf' on flush cycle 4888
2026-09-30T17:08:12Z [101,463ms] [Warning] [isaacsim.ros2.nodes] ROS2 TF aggregation contributor '/World/Nova_Carter_ROS/chassis_link/sensors/left_owl/ROS_TF/PublisherTF' did not submit transforms for topic '/tf' on flush cycle 4888
2026-09-30T17:08:12Z [101,463ms] [Warning] [isaacsim.ros2.nodes] ROS2 TF aggregation contributor '/World/Nova_Carter_ROS/chassis_link/sensors/right_owl/ROS_TF/PublisherTF' did not submit transforms for topic '/tf' on flush cycle 4888
2026-09-30T17:08:12Z [101,463ms] [Warning] [isaacsim.ros2.nodes] ROS2 TF aggregation contributor '/World/Nova_Carter_ROS/chassis_link/sensors/back_hawk/ROS_TF/PublisherTF' did not submit transforms for topic '/tf' on flush cycle 4888
2026-09-30T17:08:12Z [101,463ms] [Warning] [isaacsim.ros2.nodes] ROS2 TF aggregation contributor '/World/Nova_Carter_ROS/transform_tree_odometry/ros2_publish_raw_transform_tree' did not submit transforms for topic '/tf' on flush cycle 4888
2026-09-30T17:08:12Z [101,463ms] [Warning] [isaacsim.ros2.nodes] ROS2 TF aggregation contributor '/World/Nova_Carter_ROS/chassis_link/sensors/right_hawk/ROS_TF/PublisherTF' did not submit transforms for topic '/tf' on flush cycle 4888
2026-09-30T17:08:12Z [101,463ms] [Warning] [isaacsim.ros2.nodes] ROS2 TF aggregation contributor '/World/Nova_Carter_ROS/transform_tree_odometry/tf_tree_base_link_to_wheel_base' did not submit transforms for topic '/tf' on flush cycle 4888
2026-09-30T17:08:12Z [101,463ms] [Warning] [isaacsim.ros2.nodes] ROS2 TF aggregation contributor '/World/Nova_Carter_ROS/transform_tree_odometry/tf_tree_base_link_to_sensors' did not submit transforms for topic '/tf' on flush cycle 4888
2026-09-30T17:08:12Z [101,463ms] [Warning] [isaacsim.ros2.nodes] ROS2 TF aggregation contributor '/World/Nova_Carter_ROS/transform_tree_odometry/tf_tree_base_link_to_chassis' did not submit transforms for topic '/tf' on flush cycle 4888
2026-09-30T17:08:14Z [103,552ms] [Warning] [isaacsim.ros2.nodes] ROS2 TF aggregation contributor '/World/Nova_Carter_ROS/chassis_link/sensors/front_owl/ROS_TF/PublisherTF' did not submit transforms for topic '/tf' on flush cycle 5008
2026-09-30T17:08:14Z [103,552ms] [Warning] [isaacsim.ros2.nodes] ROS2 TF aggregation contributor '/World/Nova_Carter_ROS/chassis_link/sensors/rear_RPLidar/ROS_TF/PublisherTF' did not submit transforms for topic '/tf' on flush cycle 5008
2026-09-30T17:08:14Z [103,552ms] [Warning] [isaacsim.ros2.nodes] ROS2 TF aggregation contributor '/World/Nova_Carter_ROS/chassis_link/sensors/left_hawk/ROS_TF/PublisherTF' did not submit transforms for topic '/tf' on flush cycle 5008
2026-09-30T17:08:14Z [103,552ms] [Warning] [isaacsim.ros2.nodes] ROS2 TF aggregation contributor '/World/Nova_Carter_ROS/chassis_link/sensors/front_hawk/ROS_TF/PublisherTF' did not submit transforms for topic '/tf' on flush cycle 5008
2026-09-30T17:08:14Z [103,552ms] [Warning] [isaacsim.ros2.nodes] ROS2 TF aggregation contributor '/World/Nova_Carter_ROS/chassis_link/sensors/back_owl/ROS_TF/PublisherTF' did not submit transforms for topic '/tf' on flush cycle 5008
2026-09-30T17:08:14Z [103,552ms] [Warning] [isaacsim.ros2.nodes] ROS2 TF aggregation contributor '/World/Nova_Carter_ROS/chassis_link/sensors/XT_32/ROS_TF/PublisherTF' did not submit transforms for topic '/tf' on flush cycle 5008
2026-09-30T17:08:14Z [103,552ms] [Warning] [isaacsim.ros2.nodes] ROS2 TF aggregation contributor '/World/Nova_Carter_ROS/chassis_link/sensors/front_RPLidar/ROS_TF/PublisherTF' did not submit transforms for topic '/tf' on flush cycle 5008
2026-09-30T17:08:14Z [103,552ms] [Warning] [isaacsim.ros2.nodes] ROS2 TF aggregation contributor '/World/Nova_Carter_ROS/chassis_link/sensors/left_owl/ROS_TF/PublisherTF' did not submit transforms for topic '/tf' on flush cycle 5008
2026-09-30T17:08:14Z [103,552ms] [Warning] [isaacsim.ros2.nodes] ROS2 TF aggregation contributor '/World/Nova_Carter_ROS/chassis_link/sensors/right_owl/ROS_TF/PublisherTF' did not submit transforms for topic '/tf' on flush cycle 5008
2026-09-30T17:08:14Z [103,552ms] [Warning] [isaacsim.ros2.nodes] ROS2 TF aggregation contributor '/World/Nova_Carter_ROS/chassis_link/sensors/back_hawk/ROS_TF/PublisherTF' did not submit transforms for topic '/tf' on flush cycle 5008
2026-09-30T17:08:14Z [103,552ms] [Warning] [isaacsim.ros2.nodes] ROS2 TF aggregation contributor '/World/Nova_Carter_ROS/transform_tree_odometry/ros2_publish_raw_transform_tree' did not submit transforms for topic '/tf' on flush cycle 5008
2026-09-30T17:08:14Z [103,552ms] [Warning] [isaacsim.ros2.nodes] ROS2 TF aggregation contributor '/World/Nova_Carter_ROS/chassis_link/sensors/right_hawk/ROS_TF/PublisherTF' did not submit transforms for topic '/tf' on flush cycle 5008
2026-09-30T17:08:14Z [103,552ms] [Warning] [isaacsim.ros2.nodes] ROS2 TF aggregation contributor '/World/Nova_Carter_ROS/transform_tree_odometry/tf_tree_base_link_to_wheel_base' did not submit transforms for topic '/tf' on flush cycle 5008
2026-09-30T17:08:14Z [103,552ms] [Warning] [isaacsim.ros2.nodes] ROS2 TF aggregation contributor '/World/Nova_Carter_ROS/transform_tree_odometry/tf_tree_base_link_to_sensors' did not submit transforms for topic '/tf' on flush cycle 5008
2026-09-30T17:08:14Z [103,552ms] [Warning] [isaacsim.ros2.nodes] ROS2 TF aggregation contributor '/World/Nova_Carter_ROS/transform_tree_odometry/tf_tree_base_link_to_chassis' did not submit transforms for topic '/tf' on flush cycle 5008
2026-09-30T17:08:16Z [105,599ms] [Warning] [isaacsim.ros2.nodes] ROS2 TF aggregation contributor '/World/Nova_Carter_ROS/chassis_link/sensors/front_owl/ROS_TF/PublisherTF' did not submit transforms for topic '/tf' on flush cycle 5128
2026-09-30T17:08:16Z [105,599ms] [Warning] [isaacsim.ros2.nodes] ROS2 TF aggregation contributor '/World/Nova_Carter_ROS/chassis_link/sensors/rear_RPLidar/ROS_TF/PublisherTF' did not submit transforms for topic '/tf' on flush cycle 5128
2026-09-30T17:08:16Z [105,599ms] [Warning] [isaacsim.ros2.nodes] ROS2 TF aggregation contributor '/World/Nova_Carter_ROS/chassis_link/sensors/left_hawk/ROS_TF/PublisherTF' did not submit transforms for topic '/tf' on flush cycle 5128
2026-09-30T17:08:16Z [105,599ms] [Warning] [isaacsim.ros2.nodes] ROS2 TF aggregation contributor '/World/Nova_Carter_ROS/chassis_link/sensors/front_hawk/ROS_TF/PublisherTF' did not submit transforms for topic '/tf' on flush cycle 5128
2026-09-30T17:08:16Z [105,599ms] [Warning] [isaacsim.ros2.nodes] ROS2 TF aggregation contributor '/World/Nova_Carter_ROS/chassis_link/sensors/back_owl/ROS_TF/PublisherTF' did not submit transforms for topic '/tf' on flush cycle 5128
2026-09-30T17:08:16Z [105,599ms] [Warning] [isaacsim.ros2.nodes] ROS2 TF aggregation contributor '/World/Nova_Carter_ROS/chassis_link/sensors/XT_32/ROS_TF/PublisherTF' did not submit transforms for topic '/tf' on flush cycle 5128
2026-09-30T17:08:16Z [105,599ms] [Warning] [isaacsim.ros2.nodes] ROS2 TF aggregation contributor '/World/Nova_Carter_ROS/chassis_link/sensors/front_RPLidar/ROS_TF/PublisherTF' did not submit transforms for topic '/tf' on flush cycle 5128
2026-09-30T17:08:16Z [105,599ms] [Warning] [isaacsim.ros2.nodes] ROS2 TF aggregation contributor '/World/Nova_Carter_ROS/chassis_link/sensors/left_owl/ROS_TF/PublisherTF' did not submit transforms for topic '/tf' on flush cycle 5128
2026-09-30T17:08:16Z [105,599ms] [Warning] [isaacsim.ros2.nodes] ROS2 TF aggregation contributor '/World/Nova_Carter_ROS/chassis_link/sensors/right_owl/ROS_TF/PublisherTF' did not submit transforms for topic '/tf' on flush cycle 5128
2026-09-30T17:08:16Z [105,599ms] [Warning] [isaacsim.ros2.nodes] ROS2 TF aggregation contributor '/World/Nova_Carter_ROS/chassis_link/sensors/back_hawk/ROS_TF/PublisherTF' did not submit transforms for topic '/tf' on flush cycle 5128
2026-09-30T17:08:16Z [105,599ms] [Warning] [isaacsim.ros2.nodes] ROS2 TF aggregation contributor '/World/Nova_Carter_ROS/transform_tree_odometry/ros2_publish_raw_transform_tree' did not submit transforms for topic '/tf' on flush cycle 5128
2026-09-30T17:08:16Z [105,599ms] [Warning] [isaacsim.ros2.nodes] ROS2 TF aggregation contributor '/World/Nova_Carter_ROS/chassis_link/sensors/right_hawk/ROS_TF/PublisherTF' did not submit transforms for topic '/tf' on flush cycle 5128
2026-09-30T17:08:16Z [105,599ms] [Warning] [isaacsim.ros2.nodes] ROS2 TF aggregation contributor '/World/Nova_Carter_ROS/transform_tree_odometry/tf_tree_base_link_to_wheel_base' did not submit transforms for topic '/tf' on flush cycle 5128
2026-09-30T17:08:16Z [105,599ms] [Warning] [isaacsim.ros2.nodes] ROS2 TF aggregation contributor '/World/Nova_Carter_ROS/transform_tree_odometry/tf_tree_base_link_to_sensors' did not submit transforms for topic '/tf' on flush cycle 5128
2026-09-30T17:08:16Z [105,599ms] [Warning] [isaacsim.ros2.nodes] ROS2 TF aggregation contributor '/World/Nova_Carter_ROS/transform_tree_odometry/tf_tree_base_link_to_chassis' did not submit transforms for topic '/tf' on flush cycle 5128
2026-09-30T17:08:18Z [107,649ms] [Warning] [isaacsim.ros2.nodes] ROS2 TF aggregation contributor '/World/Nova_Carter_ROS/chassis_link/sensors/front_owl/ROS_TF/PublisherTF' did not submit transforms for topic '/tf' on flush cycle 5248
2026-09-30T17:08:18Z [107,649ms] [Warning] [isaacsim.ros2.nodes] ROS2 TF aggregation contributor '/World/Nova_Carter_ROS/chassis_link/sensors/rear_RPLidar/ROS_TF/PublisherTF' did not submit transforms for topic '/tf' on flush cycle 5248
2026-09-30T17:08:18Z [107,649ms] [Warning] [isaacsim.ros2.nodes] ROS2 TF aggregation contributor '/World/Nova_Carter_ROS/chassis_link/sensors/left_hawk/ROS_TF/PublisherTF' did not submit transforms for topic '/tf' on flush cycle 5248
2026-09-30T17:08:18Z [107,649ms] [Warning] [isaacsim.ros2.nodes] ROS2 TF aggregation contributor '/World/Nova_Carter_ROS/chassis_link/sensors/front_hawk/ROS_TF/PublisherTF' did not submit transforms for topic '/tf' on flush cycle 5248
2026-09-30T17:08:18Z [107,649ms] [Warning] [isaacsim.ros2.nodes] ROS2 TF aggregation contributor '/World/Nova_Carter_ROS/chassis_link/sensors/back_owl/ROS_TF/PublisherTF' did not submit transforms for topic '/tf' on flush cycle 5248
2026-09-30T17:08:18Z [107,649ms] [Warning] [isaacsim.ros2.nodes] ROS2 TF aggregation contributor '/World/Nova_Carter_ROS/chassis_link/sensors/XT_32/ROS_TF/PublisherTF' did not submit transforms for topic '/tf' on flush cycle 5248
2026-09-30T17:08:18Z [107,649ms] [Warning] [isaacsim.ros2.nodes] ROS2 TF aggregation contributor '/World/Nova_Carter_ROS/chassis_link/sensors/front_RPLidar/ROS_TF/PublisherTF' did not submit transforms for topic '/tf' on flush cycle 5248
2026-09-30T17:08:18Z [107,649ms] [Warning] [isaacsim.ros2.nodes] ROS2 TF aggregation contributor '/World/Nova_Carter_ROS/chassis_link/sensors/left_owl/ROS_TF/PublisherTF' did not submit transforms for topic '/tf' on flush cycle 5248
2026-09-30T17:08:18Z [107,649ms] [Warning] [isaacsim.ros2.nodes] ROS2 TF aggregation contributor '/World/Nova_Carter_ROS/chassis_link/sensors/right_owl/ROS_TF/PublisherTF' did not submit transforms for topic '/tf' on flush cycle 5248
2026-09-30T17:08:18Z [107,649ms] [Warning] [isaacsim.ros2.nodes] ROS2 TF aggregation contributor '/World/Nova_Carter_ROS/chassis_link/sensors/back_hawk/ROS_TF/PublisherTF' did not submit transforms for topic '/tf' on flush cycle 5248
2026-09-30T17:08:18Z [107,649ms] [Warning] [isaacsim.ros2.nodes] ROS2 TF aggregation contributor '/World/Nova_Carter_ROS/transform_tree_odometry/ros2_publish_raw_transform_tree' did not submit transforms for topic '/tf' on flush cycle 5248
2026-09-30T17:08:18Z [107,649ms] [Warning] [isaacsim.ros2.nodes] ROS2 TF aggregation contributor '/World/Nova_Carter_ROS/chassis_link/sensors/right_hawk/ROS_TF/PublisherTF' did not submit transforms for topic '/tf' on flush cycle 5248
2026-09-30T17:08:18Z [107,649ms] [Warning] [isaacsim.ros2.nodes] ROS2 TF aggregation contributor '/World/Nova_Carter_ROS/transform_tree_odometry/tf_tree_base_link_to_wheel_base' did not submit transforms for topic '/tf' on flush cycle 5248
2026-09-30T17:08:18Z [107,649ms] [Warning] [isaacsim.ros2.nodes] ROS2 TF aggregation contributor '/World/Nova_Carter_ROS/transform_tree_odometry/tf_tree_base_link_to_sensors' did not submit transforms for topic '/tf' on flush cycle 5248
2026-09-30T17:08:18Z [107,649ms] [Warning] [isaacsim.ros2.nodes] ROS2 TF aggregation contributor '/World/Nova_Carter_ROS/transform_tree_odometry/tf_tree_base_link_to_chassis' did not submit transforms for topic '/tf' on flush cycle 5248
2026-09-30T17:08:20Z [109,699ms] [Warning] [isaacsim.ros2.nodes] ROS2 TF aggregation contributor '/World/Nova_Carter_ROS/chassis_link/sensors/front_owl/ROS_TF/PublisherTF' did not submit transforms for topic '/tf' on flush cycle 5368
2026-09-30T17:08:20Z [109,699ms] [Warning] [isaacsim.ros2.nodes] ROS2 TF aggregation contributor '/World/Nova_Carter_ROS/chassis_link/sensors/rear_RPLidar/ROS_TF/PublisherTF' did not submit transforms for topic '/tf' on flush cycle 5368
2026-09-30T17:08:20Z [109,699ms] [Warning] [isaacsim.ros2.nodes] ROS2 TF aggregation contributor '/World/Nova_Carter_ROS/chassis_link/sensors/left_hawk/ROS_TF/PublisherTF' did not submit transforms for topic '/tf' on flush cycle 5368
2026-09-30T17:08:20Z [109,699ms] [Warning] [isaacsim.ros2.nodes] ROS2 TF aggregation contributor '/World/Nova_Carter_ROS/chassis_link/sensors/front_hawk/ROS_TF/PublisherTF' did not submit transforms for topic '/tf' on flush cycle 5368
2026-09-30T17:08:20Z [109,699ms] [Warning] [isaacsim.ros2.nodes] ROS2 TF aggregation contributor '/World/Nova_Carter_ROS/chassis_link/sensors/back_owl/ROS_TF/PublisherTF' did not submit transforms for topic '/tf' on flush cycle 5368
2026-09-30T17:08:20Z [109,699ms] [Warning] [isaacsim.ros2.nodes] ROS2 TF aggregation contributor '/World/Nova_Carter_ROS/chassis_link/sensors/XT_32/ROS_TF/PublisherTF' did not submit transforms for topic '/tf' on flush cycle 5368
2026-09-30T17:08:20Z [109,699ms] [Warning] [isaacsim.ros2.nodes] ROS2 TF aggregation contributor '/World/Nova_Carter_ROS/chassis_link/sensors/front_RPLidar/ROS_TF/PublisherTF' did not submit transforms for topic '/tf' on flush cycle 5368
2026-09-30T17:08:20Z [109,699ms] [Warning] [isaacsim.ros2.nodes] ROS2 TF aggregation contributor '/World/Nova_Carter_ROS/chassis_link/sensors/left_owl/ROS_TF/PublisherTF' did not submit transforms for topic '/tf' on flush cycle 5368
2026-09-30T17:08:20Z [109,699ms] [Warning] [isaacsim.ros2.nodes] ROS2 TF aggregation contributor '/World/Nova_Carter_ROS/chassis_link/sensors/right_owl/ROS_TF/PublisherTF' did not submit transforms for topic '/tf' on flush cycle 5368
2026-09-30T17:08:20Z [109,699ms] [Warning] [isaacsim.ros2.nodes] ROS2 TF aggregation contributor '/World/Nova_Carter_ROS/chassis_link/sensors/back_hawk/ROS_TF/PublisherTF' did not submit transforms for topic '/tf' on flush cycle 5368
2026-09-30T17:08:20Z [109,699ms] [Warning] [isaacsim.ros2.nodes] ROS2 TF aggregation contributor '/World/Nova_Carter_ROS/transform_tree_odometry/ros2_publish_raw_transform_tree' did not submit transforms for topic '/tf' on flush cycle 5368
2026-09-30T17:08:20Z [109,699ms] [Warning] [isaacsim.ros2.nodes] ROS2 TF aggregation contributor '/World/Nova_Carter_ROS/chassis_link/sensors/right_hawk/ROS_TF/PublisherTF' did not submit transforms for topic '/tf' on flush cycle 5368
2026-09-30T17:08:20Z [109,699ms] [Warning] [isaacsim.ros2.nodes] ROS2 TF aggregation contributor '/World/Nova_Carter_ROS/transform_tree_odometry/tf_tree_base_link_to_wheel_base' did not submit transforms for topic '/tf' on flush cycle 5368
2026-09-30T17:08:20Z [109,699ms] [Warning] [isaacsim.ros2.nodes] ROS2 TF aggregation contributor '/World/Nova_Carter_ROS/transform_tree_odometry/tf_tree_base_link_to_sensors' did not submit transforms for topic '/tf' on flush cycle 5368
2026-09-30T17:08:20Z [109,699ms] [Warning] [isaacsim.ros2.nodes] ROS2 TF aggregation contributor '/World/Nova_Carter_ROS/transform_tree_odometry/tf_tree_base_link_to_chassis' did not submit transforms for topic '/tf' on flush cycle 5368
2026-09-30T17:08:31Z [119,949ms] [Warning] [omni.graph.core.plugin] /World/Nova_Carter_ROS/differential_drive/differential_controller_01: [/World/Nova_Carter_ROS/differential_drive] Invalid deltaTime 0.000000, cannot check for acceleration limits, skipping current step
2026-09-30T17:08:32Z [121,430ms] [Warning] [isaacsim.ros2.nodes] ROS2 TF aggregation contributor '/World/Nova_Carter_ROS/chassis_link/sensors/front_owl/ROS_TF/PublisherTF' did not submit transforms for topic '/tf' on flush cycle 6025
2026-09-30T17:08:32Z [121,430ms] [Warning] [isaacsim.ros2.nodes] ROS2 TF aggregation contributor '/World/Nova_Carter_ROS/chassis_link/sensors/rear_RPLidar/ROS_TF/PublisherTF' did not submit transforms for topic '/tf' on flush cycle 6025
2026-09-30T17:08:32Z [121,430ms] [Warning] [isaacsim.ros2.nodes] ROS2 TF aggregation contributor '/World/Nova_Carter_ROS/chassis_link/sensors/left_hawk/ROS_TF/PublisherTF' did not submit transforms for topic '/tf' on flush cycle 6025
2026-09-30T17:08:32Z [121,430ms] [Warning] [isaacsim.ros2.nodes] ROS2 TF aggregation contributor '/World/Nova_Carter_ROS/chassis_link/sensors/front_hawk/ROS_TF/PublisherTF' did not submit transforms for topic '/tf' on flush cycle 6025
2026-09-30T17:08:32Z [121,430ms] [Warning] [isaacsim.ros2.nodes] ROS2 TF aggregation contributor '/World/Nova_Carter_ROS/chassis_link/sensors/back_owl/ROS_TF/PublisherTF' did not submit transforms for topic '/tf' on flush cycle 6025
2026-09-30T17:08:32Z [121,430ms] [Warning] [isaacsim.ros2.nodes] ROS2 TF aggregation contributor '/World/Nova_Carter_ROS/chassis_link/sensors/XT_32/ROS_TF/PublisherTF' did not submit transforms for topic '/tf' on flush cycle 6025
2026-09-30T17:08:32Z [121,430ms] [Warning] [isaacsim.ros2.nodes] ROS2 TF aggregation contributor '/World/Nova_Carter_ROS/chassis_link/sensors/front_RPLidar/ROS_TF/PublisherTF' did not submit transforms for topic '/tf' on flush cycle 6025
2026-09-30T17:08:32Z [121,430ms] [Warning] [isaacsim.ros2.nodes] ROS2 TF aggregation contributor '/World/Nova_Carter_ROS/chassis_link/sensors/left_owl/ROS_TF/PublisherTF' did not submit transforms for topic '/tf' on flush cycle 6025
2026-09-30T17:08:32Z [121,430ms] [Warning] [isaacsim.ros2.nodes] ROS2 TF aggregation contributor '/World/Nova_Carter_ROS/chassis_link/sensors/right_owl/ROS_TF/PublisherTF' did not submit transforms for topic '/tf' on flush cycle 6025
2026-09-30T17:08:32Z [121,430ms] [Warning] [isaacsim.ros2.nodes] ROS2 TF aggregation contributor '/World/Nova_Carter_ROS/chassis_link/sensors/back_hawk/ROS_TF/PublisherTF' did not submit transforms for topic '/tf' on flush cycle 6025
2026-09-30T17:08:32Z [121,430ms] [Warning] [isaacsim.ros2.nodes] ROS2 TF aggregation contributor '/World/Nova_Carter_ROS/transform_tree_odometry/ros2_publish_raw_transform_tree' did not submit transforms for topic '/tf' on flush cycle 6025
2026-09-30T17:08:32Z [121,430ms] [Warning] [isaacsim.ros2.nodes] ROS2 TF aggregation contributor '/World/Nova_Carter_ROS/chassis_link/sensors/right_hawk/ROS_TF/PublisherTF' did not submit transforms for topic '/tf' on flush cycle 6025
2026-09-30T17:08:32Z [121,430ms] [Warning] [isaacsim.ros2.nodes] ROS2 TF aggregation contributor '/World/Nova_Carter_ROS/transform_tree_odometry/tf_tree_base_link_to_wheel_base' did not submit transforms for topic '/tf' on flush cycle 6025
2026-09-30T17:08:32Z [121,430ms] [Warning] [isaacsim.ros2.nodes] ROS2 TF aggregation contributor '/World/Nova_Carter_ROS/transform_tree_odometry/tf_tree_base_link_to_sensors' did not submit transforms for topic '/tf' on flush cycle 6025
2026-09-30T17:08:32Z [121,430ms] [Warning] [isaacsim.ros2.nodes] ROS2 TF aggregation contributor '/World/Nova_Carter_ROS/transform_tree_odometry/tf_tree_base_link_to_chassis' did not submit transforms for topic '/tf' on flush cycle 6025
2026-09-30T17:08:34Z [123,515ms] [Warning] [isaacsim.ros2.nodes] ROS2 TF aggregation contributor '/World/Nova_Carter_ROS/chassis_link/sensors/front_owl/ROS_TF/PublisherTF' did not submit transforms for topic '/tf' on flush cycle 6145
2026-09-30T17:08:34Z [123,515ms] [Warning] [isaacsim.ros2.nodes] ROS2 TF aggregation contributor '/World/Nova_Carter_ROS/chassis_link/sensors/rear_RPLidar/ROS_TF/PublisherTF' did not submit transforms for topic '/tf' on flush cycle 6145
2026-09-30T17:08:34Z [123,515ms] [Warning] [isaacsim.ros2.nodes] ROS2 TF aggregation contributor '/World/Nova_Carter_ROS/chassis_link/sensors/left_hawk/ROS_TF/PublisherTF' did not submit transforms for topic '/tf' on flush cycle 6145
2026-09-30T17:08:34Z [123,515ms] [Warning] [isaacsim.ros2.nodes] ROS2 TF aggregation contributor '/World/Nova_Carter_ROS/chassis_link/sensors/front_hawk/ROS_TF/PublisherTF' did not submit transforms for topic '/tf' on flush cycle 6145
2026-09-30T17:08:34Z [123,515ms] [Warning] [isaacsim.ros2.nodes] ROS2 TF aggregation contributor '/World/Nova_Carter_ROS/chassis_link/sensors/back_owl/ROS_TF/PublisherTF' did not submit transforms for topic '/tf' on flush cycle 6145
2026-09-30T17:08:34Z [123,515ms] [Warning] [isaacsim.ros2.nodes] ROS2 TF aggregation contributor '/World/Nova_Carter_ROS/chassis_link/sensors/XT_32/ROS_TF/PublisherTF' did not submit transforms for topic '/tf' on flush cycle 6145
2026-09-30T17:08:34Z [123,515ms] [Warning] [isaacsim.ros2.nodes] ROS2 TF aggregation contributor '/World/Nova_Carter_ROS/chassis_link/sensors/front_RPLidar/ROS_TF/PublisherTF' did not submit transforms for topic '/tf' on flush cycle 6145
2026-09-30T17:08:34Z [123,515ms] [Warning] [isaacsim.ros2.nodes] ROS2 TF aggregation contributor '/World/Nova_Carter_ROS/chassis_link/sensors/left_owl/ROS_TF/PublisherTF' did not submit transforms for topic '/tf' on flush cycle 6145
2026-09-30T17:08:34Z [123,515ms] [Warning] [isaacsim.ros2.nodes] ROS2 TF aggregation contributor '/World/Nova_Carter_ROS/chassis_link/sensors/right_owl/ROS_TF/PublisherTF' did not submit transforms for topic '/tf' on flush cycle 6145
2026-09-30T17:08:34Z [123,515ms] [Warning] [isaacsim.ros2.nodes] ROS2 TF aggregation contributor '/World/Nova_Carter_ROS/chassis_link/sensors/back_hawk/ROS_TF/PublisherTF' did not submit transforms for topic '/tf' on flush cycle 6145
2026-09-30T17:08:34Z [123,515ms] [Warning] [isaacsim.ros2.nodes] ROS2 TF aggregation contributor '/World/Nova_Carter_ROS/transform_tree_odometry/ros2_publish_raw_transform_tree' did not submit transforms for topic '/tf' on flush cycle 6145
2026-09-30T17:08:34Z [123,515ms] [Warning] [isaacsim.ros2.nodes] ROS2 TF aggregation contributor '/World/Nova_Carter_ROS/chassis_link/sensors/right_hawk/ROS_TF/PublisherTF' did not submit transforms for topic '/tf' on flush cycle 6145
2026-09-30T17:08:34Z [123,515ms] [Warning] [isaacsim.ros2.nodes] ROS2 TF aggregation contributor '/World/Nova_Carter_ROS/transform_tree_odometry/tf_tree_base_link_to_wheel_base' did not submit transforms for topic '/tf' on flush cycle 6145
2026-09-30T17:08:34Z [123,515ms] [Warning] [isaacsim.ros2.nodes] ROS2 TF aggregation contributor '/World/Nova_Carter_ROS/transform_tree_odometry/tf_tree_base_link_to_sensors' did not submit transforms for topic '/tf' on flush cycle 6145
2026-09-30T17:08:34Z [123,515ms] [Warning] [isaacsim.ros2.nodes] ROS2 TF aggregation contributor '/World/Nova_Carter_ROS/transform_tree_odometry/tf_tree_base_link_to_chassis' did not submit transforms for topic '/tf' on flush cycle 6145
2026-09-30T17:08:36Z [125,558ms] [Warning] [isaacsim.ros2.nodes] ROS2 TF aggregation contributor '/World/Nova_Carter_ROS/chassis_link/sensors/front_owl/ROS_TF/PublisherTF' did not submit transforms for topic '/tf' on flush cycle 6265
2026-09-30T17:08:36Z [125,558ms] [Warning] [isaacsim.ros2.nodes] ROS2 TF aggregation contributor '/World/Nova_Carter_ROS/chassis_link/sensors/rear_RPLidar/ROS_TF/PublisherTF' did not submit transforms for topic '/tf' on flush cycle 6265
2026-09-30T17:08:36Z [125,558ms] [Warning] [isaacsim.ros2.nodes] ROS2 TF aggregation contributor '/World/Nova_Carter_ROS/chassis_link/sensors/left_hawk/ROS_TF/PublisherTF' did not submit transforms for topic '/tf' on flush cycle 6265
2026-09-30T17:08:36Z [125,558ms] [Warning] [isaacsim.ros2.nodes] ROS2 TF aggregation contributor '/World/Nova_Carter_ROS/chassis_link/sensors/front_hawk/ROS_TF/PublisherTF' did not submit transforms for topic '/tf' on flush cycle 6265
2026-09-30T17:08:36Z [125,558ms] [Warning] [isaacsim.ros2.nodes] ROS2 TF aggregation contributor '/World/Nova_Carter_ROS/chassis_link/sensors/back_owl/ROS_TF/PublisherTF' did not submit transforms for topic '/tf' on flush cycle 6265
2026-09-30T17:08:36Z [125,558ms] [Warning] [isaacsim.ros2.nodes] ROS2 TF aggregation contributor '/World/Nova_Carter_ROS/chassis_link/sensors/XT_32/ROS_TF/PublisherTF' did not submit transforms for topic '/tf' on flush cycle 6265
2026-09-30T17:08:36Z [125,558ms] [Warning] [isaacsim.ros2.nodes] ROS2 TF aggregation contributor '/World/Nova_Carter_ROS/chassis_link/sensors/front_RPLidar/ROS_TF/PublisherTF' did not submit transforms for topic '/tf' on flush cycle 6265
2026-09-30T17:08:36Z [125,558ms] [Warning] [isaacsim.ros2.nodes] ROS2 TF aggregation contributor '/World/Nova_Carter_ROS/chassis_link/sensors/left_owl/ROS_TF/PublisherTF' did not submit transforms for topic '/tf' on flush cycle 6265
2026-09-30T17:08:36Z [125,558ms] [Warning] [isaacsim.ros2.nodes] ROS2 TF aggregation contributor '/World/Nova_Carter_ROS/chassis_link/sensors/right_owl/ROS_TF/PublisherTF' did not submit transforms for topic '/tf' on flush cycle 6265
2026-09-30T17:08:36Z [125,558ms] [Warning] [isaacsim.ros2.nodes] ROS2 TF aggregation contributor '/World/Nova_Carter_ROS/chassis_link/sensors/back_hawk/ROS_TF/PublisherTF' did not submit transforms for topic '/tf' on flush cycle 6265
2026-09-30T17:08:36Z [125,558ms] [Warning] [isaacsim.ros2.nodes] ROS2 TF aggregation contributor '/World/Nova_Carter_ROS/transform_tree_odometry/ros2_publish_raw_transform_tree' did not submit transforms for topic '/tf' on flush cycle 6265
2026-09-30T17:08:36Z [125,558ms] [Warning] [isaacsim.ros2.nodes] ROS2 TF aggregation contributor '/World/Nova_Carter_ROS/chassis_link/sensors/right_hawk/ROS_TF/PublisherTF' did not submit transforms for topic '/tf' on flush cycle 6265
2026-09-30T17:08:36Z [125,558ms] [Warning] [isaacsim.ros2.nodes] ROS2 TF aggregation contributor '/World/Nova_Carter_ROS/transform_tree_odometry/tf_tree_base_link_to_wheel_base' did not submit transforms for topic '/tf' on flush cycle 6265
2026-09-30T17:08:36Z [125,558ms] [Warning] [isaacsim.ros2.nodes] ROS2 TF aggregation contributor '/World/Nova_Carter_ROS/transform_tree_odometry/tf_tree_base_link_to_sensors' did not submit transforms for topic '/tf' on flush cycle 6265
2026-09-30T17:08:36Z [125,558ms] [Warning] [isaacsim.ros2.nodes] ROS2 TF aggregation contributor '/World/Nova_Carter_ROS/transform_tree_odometry/tf_tree_base_link_to_chassis' did not submit transforms for topic '/tf' on flush cycle 6265
2026-09-30T17:08:38Z [127,602ms] [Warning] [isaacsim.ros2.nodes] ROS2 TF aggregation contributor '/World/Nova_Carter_ROS/chassis_link/sensors/front_owl/ROS_TF/PublisherTF' did not submit transforms for topic '/tf' on flush cycle 6385
2026-09-30T17:08:38Z [127,603ms] [Warning] [isaacsim.ros2.nodes] ROS2 TF aggregation contributor '/World/Nova_Carter_ROS/chassis_link/sensors/rear_RPLidar/ROS_TF/PublisherTF' did not submit transforms for topic '/tf' on flush cycle 6385
2026-09-30T17:08:38Z [127,603ms] [Warning] [isaacsim.ros2.nodes] ROS2 TF aggregation contributor '/World/Nova_Carter_ROS/chassis_link/sensors/left_hawk/ROS_TF/PublisherTF' did not submit transforms for topic '/tf' on flush cycle 6385
2026-09-30T17:08:38Z [127,603ms] [Warning] [isaacsim.ros2.nodes] ROS2 TF aggregation contributor '/World/Nova_Carter_ROS/chassis_link/sensors/front_hawk/ROS_TF/PublisherTF' did not submit transforms for topic '/tf' on flush cycle 6385
2026-09-30T17:08:38Z [127,603ms] [Warning] [isaacsim.ros2.nodes] ROS2 TF aggregation contributor '/World/Nova_Carter_ROS/chassis_link/sensors/back_owl/ROS_TF/PublisherTF' did not submit transforms for topic '/tf' on flush cycle 6385
2026-09-30T17:08:38Z [127,603ms] [Warning] [isaacsim.ros2.nodes] ROS2 TF aggregation contributor '/World/Nova_Carter_ROS/chassis_link/sensors/XT_32/ROS_TF/PublisherTF' did not submit transforms for topic '/tf' on flush cycle 6385
2026-09-30T17:08:38Z [127,603ms] [Warning] [isaacsim.ros2.nodes] ROS2 TF aggregation contributor '/World/Nova_Carter_ROS/chassis_link/sensors/front_RPLidar/ROS_TF/PublisherTF' did not submit transforms for topic '/tf' on flush cycle 6385
2026-09-30T17:08:38Z [127,603ms] [Warning] [isaacsim.ros2.nodes] ROS2 TF aggregation contributor '/World/Nova_Carter_ROS/chassis_link/sensors/left_owl/ROS_TF/PublisherTF' did not submit transforms for topic '/tf' on flush cycle 6385
2026-09-30T17:08:38Z [127,603ms] [Warning] [isaacsim.ros2.nodes] ROS2 TF aggregation contributor '/World/Nova_Carter_ROS/chassis_link/sensors/right_owl/ROS_TF/PublisherTF' did not submit transforms for topic '/tf' on flush cycle 6385
2026-09-30T17:08:38Z [127,603ms] [Warning] [isaacsim.ros2.nodes] ROS2 TF aggregation contributor '/World/Nova_Carter_ROS/chassis_link/sensors/back_hawk/ROS_TF/PublisherTF' did not submit transforms for topic '/tf' on flush cycle 6385
2026-09-30T17:08:38Z [127,603ms] [Warning] [isaacsim.ros2.nodes] ROS2 TF aggregation contributor '/World/Nova_Carter_ROS/transform_tree_odometry/ros2_publish_raw_transform_tree' did not submit transforms for topic '/tf' on flush cycle 6385
2026-09-30T17:08:38Z [127,603ms] [Warning] [isaacsim.ros2.nodes] ROS2 TF aggregation contributor '/World/Nova_Carter_ROS/chassis_link/sensors/right_hawk/ROS_TF/PublisherTF' did not submit transforms for topic '/tf' on flush cycle 6385
2026-09-30T17:08:38Z [127,603ms] [Warning] [isaacsim.ros2.nodes] ROS2 TF aggregation contributor '/World/Nova_Carter_ROS/transform_tree_odometry/tf_tree_base_link_to_wheel_base' did not submit transforms for topic '/tf' on flush cycle 6385
2026-09-30T17:08:38Z [127,603ms] [Warning] [isaacsim.ros2.nodes] ROS2 TF aggregation contributor '/World/Nova_Carter_ROS/transform_tree_odometry/tf_tree_base_link_to_sensors' did not submit transforms for topic '/tf' on flush cycle 6385
2026-09-30T17:08:38Z [127,603ms] [Warning] [isaacsim.ros2.nodes] ROS2 TF aggregation contributor '/World/Nova_Carter_ROS/transform_tree_odometry/tf_tree_base_link_to_chassis' did not submit transforms for topic '/tf' on flush cycle 6385
2026-09-30T17:08:40Z [129,699ms] [Warning] [isaacsim.ros2.nodes] ROS2 TF aggregation contributor '/World/Nova_Carter_ROS/chassis_link/sensors/front_owl/ROS_TF/PublisherTF' did not submit transforms for topic '/tf' on flush cycle 6505
2026-09-30T17:08:40Z [129,699ms] [Warning] [isaacsim.ros2.nodes] ROS2 TF aggregation contributor '/World/Nova_Carter_ROS/chassis_link/sensors/rear_RPLidar/ROS_TF/PublisherTF' did not submit transforms for topic '/tf' on flush cycle 6505
2026-09-30T17:08:40Z [129,699ms] [Warning] [isaacsim.ros2.nodes] ROS2 TF aggregation contributor '/World/Nova_Carter_ROS/chassis_link/sensors/left_hawk/ROS_TF/PublisherTF' did not submit transforms for topic '/tf' on flush cycle 6505
2026-09-30T17:08:40Z [129,699ms] [Warning] [isaacsim.ros2.nodes] ROS2 TF aggregation contributor '/World/Nova_Carter_ROS/chassis_link/sensors/front_hawk/ROS_TF/PublisherTF' did not submit transforms for topic '/tf' on flush cycle 6505
2026-09-30T17:08:40Z [129,699ms] [Warning] [isaacsim.ros2.nodes] ROS2 TF aggregation contributor '/World/Nova_Carter_ROS/chassis_link/sensors/back_owl/ROS_TF/PublisherTF' did not submit transforms for topic '/tf' on flush cycle 6505
2026-09-30T17:08:40Z [129,699ms] [Warning] [isaacsim.ros2.nodes] ROS2 TF aggregation contributor '/World/Nova_Carter_ROS/chassis_link/sensors/XT_32/ROS_TF/PublisherTF' did not submit transforms for topic '/tf' on flush cycle 6505
2026-09-30T17:08:40Z [129,699ms] [Warning] [isaacsim.ros2.nodes] ROS2 TF aggregation contributor '/World/Nova_Carter_ROS/chassis_link/sensors/front_RPLidar/ROS_TF/PublisherTF' did not submit transforms for topic '/tf' on flush cycle 6505
2026-09-30T17:08:40Z [129,699ms] [Warning] [isaacsim.ros2.nodes] ROS2 TF aggregation contributor '/World/Nova_Carter_ROS/chassis_link/sensors/left_owl/ROS_TF/PublisherTF' did not submit transforms for topic '/tf' on flush cycle 6505
2026-09-30T17:08:40Z [129,699ms] [Warning] [isaacsim.ros2.nodes] ROS2 TF aggregation contributor '/World/Nova_Carter_ROS/chassis_link/sensors/right_owl/ROS_TF/PublisherTF' did not submit transforms for topic '/tf' on flush cycle 6505
2026-09-30T17:08:40Z [129,699ms] [Warning] [isaacsim.ros2.nodes] ROS2 TF aggregation contributor '/World/Nova_Carter_ROS/chassis_link/sensors/back_hawk/ROS_TF/PublisherTF' did not submit transforms for topic '/tf' on flush cycle 6505
2026-09-30T17:08:40Z [129,699ms] [Warning] [isaacsim.ros2.nodes] ROS2 TF aggregation contributor '/World/Nova_Carter_ROS/transform_tree_odometry/ros2_publish_raw_transform_tree' did not submit transforms for topic '/tf' on flush cycle 6505
2026-09-30T17:08:40Z [129,699ms] [Warning] [isaacsim.ros2.nodes] ROS2 TF aggregation contributor '/World/Nova_Carter_ROS/chassis_link/sensors/right_hawk/ROS_TF/PublisherTF' did not submit transforms for topic '/tf' on flush cycle 6505
2026-09-30T17:08:40Z [129,699ms] [Warning] [isaacsim.ros2.nodes] ROS2 TF aggregation contributor '/World/Nova_Carter_ROS/transform_tree_odometry/tf_tree_base_link_to_wheel_base' did not submit transforms for topic '/tf' on flush cycle 6505
2026-09-30T17:08:40Z [129,699ms] [Warning] [isaacsim.ros2.nodes] ROS2 TF aggregation contributor '/World/Nova_Carter_ROS/transform_tree_odometry/tf_tree_base_link_to_sensors' did not submit transforms for topic '/tf' on flush cycle 6505
2026-09-30T17:08:40Z [129,699ms] [Warning] [isaacsim.ros2.nodes] ROS2 TF aggregation contributor '/World/Nova_Carter_ROS/transform_tree_odometry/tf_tree_base_link_to_chassis' did not submit transforms for topic '/tf' on flush cycle 6505
2026-09-30T17:08:43Z [131,796ms] [Warning] [isaacsim.ros2.nodes] ROS2 TF aggregation contributor '/World/Nova_Carter_ROS/chassis_link/sensors/front_owl/ROS_TF/PublisherTF' did not submit transforms for topic '/tf' on flush cycle 6625
2026-09-30T17:08:43Z [131,796ms] [Warning] [isaacsim.ros2.nodes] ROS2 TF aggregation contributor '/World/Nova_Carter_ROS/chassis_link/sensors/rear_RPLidar/ROS_TF/PublisherTF' did not submit transforms for topic '/tf' on flush cycle 6625
2026-09-30T17:08:43Z [131,796ms] [Warning] [isaacsim.ros2.nodes] ROS2 TF aggregation contributor '/World/Nova_Carter_ROS/chassis_link/sensors/left_hawk/ROS_TF/PublisherTF' did not submit transforms for topic '/tf' on flush cycle 6625
2026-09-30T17:08:43Z [131,796ms] [Warning] [isaacsim.ros2.nodes] ROS2 TF aggregation contributor '/World/Nova_Carter_ROS/chassis_link/sensors/front_hawk/ROS_TF/PublisherTF' did not submit transforms for topic '/tf' on flush cycle 6625
2026-09-30T17:08:43Z [131,796ms] [Warning] [isaacsim.ros2.nodes] ROS2 TF aggregation contributor '/World/Nova_Carter_ROS/chassis_link/sensors/back_owl/ROS_TF/PublisherTF' did not submit transforms for topic '/tf' on flush cycle 6625
2026-09-30T17:08:43Z [131,796ms] [Warning] [isaacsim.ros2.nodes] ROS2 TF aggregation contributor '/World/Nova_Carter_ROS/chassis_link/sensors/XT_32/ROS_TF/PublisherTF' did not submit transforms for topic '/tf' on flush cycle 6625
2026-09-30T17:08:43Z [131,796ms] [Warning] [isaacsim.ros2.nodes] ROS2 TF aggregation contributor '/World/Nova_Carter_ROS/chassis_link/sensors/front_RPLidar/ROS_TF/PublisherTF' did not submit transforms for topic '/tf' on flush cycle 6625
2026-09-30T17:08:43Z [131,796ms] [Warning] [isaacsim.ros2.nodes] ROS2 TF aggregation contributor '/World/Nova_Carter_ROS/chassis_link/sensors/left_owl/ROS_TF/PublisherTF' did not submit transforms for topic '/tf' on flush cycle 6625
2026-09-30T17:08:43Z [131,796ms] [Warning] [isaacsim.ros2.nodes] ROS2 TF aggregation contributor '/World/Nova_Carter_ROS/chassis_link/sensors/right_owl/ROS_TF/PublisherTF' did not submit transforms for topic '/tf' on flush cycle 6625
2026-09-30T17:08:43Z [131,796ms] [Warning] [isaacsim.ros2.nodes] ROS2 TF aggregation contributor '/World/Nova_Carter_ROS/chassis_link/sensors/back_hawk/ROS_TF/PublisherTF' did not submit transforms for topic '/tf' on flush cycle 6625
2026-09-30T17:08:43Z [131,796ms] [Warning] [isaacsim.ros2.nodes] ROS2 TF aggregation contributor '/World/Nova_Carter_ROS/transform_tree_odometry/ros2_publish_raw_transform_tree' did not submit transforms for topic '/tf' on flush cycle 6625
2026-09-30T17:08:43Z [131,796ms] [Warning] [isaacsim.ros2.nodes] ROS2 TF aggregation contributor '/World/Nova_Carter_ROS/chassis_link/sensors/right_hawk/ROS_TF/PublisherTF' did not submit transforms for topic '/tf' on flush cycle 6625
2026-09-30T17:08:43Z [131,796ms] [Warning] [isaacsim.ros2.nodes] ROS2 TF aggregation contributor '/World/Nova_Carter_ROS/transform_tree_odometry/tf_tree_base_link_to_wheel_base' did not submit transforms for topic '/tf' on flush cycle 6625
2026-09-30T17:08:43Z [131,796ms] [Warning] [isaacsim.ros2.nodes] ROS2 TF aggregation contributor '/World/Nova_Carter_ROS/transform_tree_odometry/tf_tree_base_link_to_sensors' did not submit transforms for topic '/tf' on flush cycle 6625
2026-09-30T17:08:43Z [131,796ms] [Warning] [isaacsim.ros2.nodes] ROS2 TF aggregation contributor '/World/Nova_Carter_ROS/transform_tree_odometry/tf_tree_base_link_to_chassis' did not submit transforms for topic '/tf' on flush cycle 6625
2026-09-30T17:08:45Z [133,848ms] [Warning] [isaacsim.ros2.nodes] ROS2 TF aggregation contributor '/World/Nova_Carter_ROS/chassis_link/sensors/front_owl/ROS_TF/PublisherTF' did not submit transforms for topic '/tf' on flush cycle 6745
2026-09-30T17:08:45Z [133,848ms] [Warning] [isaacsim.ros2.nodes] ROS2 TF aggregation contributor '/World/Nova_Carter_ROS/chassis_link/sensors/rear_RPLidar/ROS_TF/PublisherTF' did not submit transforms for topic '/tf' on flush cycle 6745
2026-09-30T17:08:45Z [133,848ms] [Warning] [isaacsim.ros2.nodes] ROS2 TF aggregation contributor '/World/Nova_Carter_ROS/chassis_link/sensors/left_hawk/ROS_TF/PublisherTF' did not submit transforms for topic '/tf' on flush cycle 6745
2026-09-30T17:08:45Z [133,848ms] [Warning] [isaacsim.ros2.nodes] ROS2 TF aggregation contributor '/World/Nova_Carter_ROS/chassis_link/sensors/front_hawk/ROS_TF/PublisherTF' did not submit transforms for topic '/tf' on flush cycle 6745
2026-09-30T17:08:45Z [133,848ms] [Warning] [isaacsim.ros2.nodes] ROS2 TF aggregation contributor '/World/Nova_Carter_ROS/chassis_link/sensors/back_owl/ROS_TF/PublisherTF' did not submit transforms for topic '/tf' on flush cycle 6745
2026-09-30T17:08:45Z [133,848ms] [Warning] [isaacsim.ros2.nodes] ROS2 TF aggregation contributor '/World/Nova_Carter_ROS/chassis_link/sensors/XT_32/ROS_TF/PublisherTF' did not submit transforms for topic '/tf' on flush cycle 6745
2026-09-30T17:08:45Z [133,848ms] [Warning] [isaacsim.ros2.nodes] ROS2 TF aggregation contributor '/World/Nova_Carter_ROS/chassis_link/sensors/front_RPLidar/ROS_TF/PublisherTF' did not submit transforms for topic '/tf' on flush cycle 6745
2026-09-30T17:08:45Z [133,848ms] [Warning] [isaacsim.ros2.nodes] ROS2 TF aggregation contributor '/World/Nova_Carter_ROS/chassis_link/sensors/left_owl/ROS_TF/PublisherTF' did not submit transforms for topic '/tf' on flush cycle 6745
2026-09-30T17:08:45Z [133,848ms] [Warning] [isaacsim.ros2.nodes] ROS2 TF aggregation contributor '/World/Nova_Carter_ROS/chassis_link/sensors/right_owl/ROS_TF/PublisherTF' did not submit transforms for topic '/tf' on flush cycle 6745
2026-09-30T17:08:45Z [133,848ms] [Warning] [isaacsim.ros2.nodes] ROS2 TF aggregation contributor '/World/Nova_Carter_ROS/chassis_link/sensors/back_hawk/ROS_TF/PublisherTF' did not submit transforms for topic '/tf' on flush cycle 6745
2026-09-30T17:08:45Z [133,848ms] [Warning] [isaacsim.ros2.nodes] ROS2 TF aggregation contributor '/World/Nova_Carter_ROS/transform_tree_odometry/ros2_publish_raw_transform_tree' did not submit transforms for topic '/tf' on flush cycle 6745
2026-09-30T17:08:45Z [133,848ms] [Warning] [isaacsim.ros2.nodes] ROS2 TF aggregation contributor '/World/Nova_Carter_ROS/chassis_link/sensors/right_hawk/ROS_TF/PublisherTF' did not submit transforms for topic '/tf' on flush cycle 6745
2026-09-30T17:08:45Z [133,848ms] [Warning] [isaacsim.ros2.nodes] ROS2 TF aggregation contributor '/World/Nova_Carter_ROS/transform_tree_odometry/tf_tree_base_link_to_wheel_base' did not submit transforms for topic '/tf' on flush cycle 6745
2026-09-30T17:08:45Z [133,848ms] [Warning] [isaacsim.ros2.nodes] ROS2 TF aggregation contributor '/World/Nova_Carter_ROS/transform_tree_odometry/tf_tree_base_link_to_sensors' did not submit transforms for topic '/tf' on flush cycle 6745
2026-09-30T17:08:45Z [133,848ms] [Warning] [isaacsim.ros2.nodes] ROS2 TF aggregation contributor '/World/Nova_Carter_ROS/transform_tree_odometry/tf_tree_base_link_to_chassis' did not submit transforms for topic '/tf' on flush cycle 6745
2026-09-30T17:08:55Z [143,829ms] [Warning] [isaacsim.ros2.nodes] ROS2 TF aggregation contributor '/World/Nova_Carter_ROS/chassis_link/sensors/front_owl/ROS_TF/PublisherTF' did not submit transforms for topic '/tf' on flush cycle 7286
2026-09-30T17:08:55Z [143,829ms] [Warning] [isaacsim.ros2.nodes] ROS2 TF aggregation contributor '/World/Nova_Carter_ROS/chassis_link/sensors/rear_RPLidar/ROS_TF/PublisherTF' did not submit transforms for topic '/tf' on flush cycle 7286
2026-09-30T17:08:55Z [143,829ms] [Warning] [isaacsim.ros2.nodes] ROS2 TF aggregation contributor '/World/Nova_Carter_ROS/chassis_link/sensors/left_hawk/ROS_TF/PublisherTF' did not submit transforms for topic '/tf' on flush cycle 7286
2026-09-30T17:08:55Z [143,829ms] [Warning] [isaacsim.ros2.nodes] ROS2 TF aggregation contributor '/World/Nova_Carter_ROS/chassis_link/sensors/front_hawk/ROS_TF/PublisherTF' did not submit transforms for topic '/tf' on flush cycle 7286
2026-09-30T17:08:55Z [143,829ms] [Warning] [isaacsim.ros2.nodes] ROS2 TF aggregation contributor '/World/Nova_Carter_ROS/chassis_link/sensors/back_owl/ROS_TF/PublisherTF' did not submit transforms for topic '/tf' on flush cycle 7286
2026-09-30T17:08:55Z [143,829ms] [Warning] [isaacsim.ros2.nodes] ROS2 TF aggregation contributor '/World/Nova_Carter_ROS/chassis_link/sensors/XT_32/ROS_TF/PublisherTF' did not submit transforms for topic '/tf' on flush cycle 7286
2026-09-30T17:08:55Z [143,829ms] [Warning] [isaacsim.ros2.nodes] ROS2 TF aggregation contributor '/World/Nova_Carter_ROS/chassis_link/sensors/front_RPLidar/ROS_TF/PublisherTF' did not submit transforms for topic '/tf' on flush cycle 7286
2026-09-30T17:08:55Z [143,829ms] [Warning] [isaacsim.ros2.nodes] ROS2 TF aggregation contributor '/World/Nova_Carter_ROS/chassis_link/sensors/left_owl/ROS_TF/PublisherTF' did not submit transforms for topic '/tf' on flush cycle 7286
2026-09-30T17:08:55Z [143,829ms] [Warning] [isaacsim.ros2.nodes] ROS2 TF aggregation contributor '/World/Nova_Carter_ROS/chassis_link/sensors/right_owl/ROS_TF/PublisherTF' did not submit transforms for topic '/tf' on flush cycle 7286
2026-09-30T17:08:55Z [143,829ms] [Warning] [isaacsim.ros2.nodes] ROS2 TF aggregation contributor '/World/Nova_Carter_ROS/chassis_link/sensors/back_hawk/ROS_TF/PublisherTF' did not submit transforms for topic '/tf' on flush cycle 7286
2026-09-30T17:08:55Z [143,829ms] [Warning] [isaacsim.ros2.nodes] ROS2 TF aggregation contributor '/World/Nova_Carter_ROS/transform_tree_odometry/ros2_publish_raw_transform_tree' did not submit transforms for topic '/tf' on flush cycle 7286
2026-09-30T17:08:55Z [143,829ms] [Warning] [isaacsim.ros2.nodes] ROS2 TF aggregation contributor '/World/Nova_Carter_ROS/chassis_link/sensors/right_hawk/ROS_TF/PublisherTF' did not submit transforms for topic '/tf' on flush cycle 7286
2026-09-30T17:08:55Z [143,829ms] [Warning] [isaacsim.ros2.nodes] ROS2 TF aggregation contributor '/World/Nova_Carter_ROS/transform_tree_odometry/tf_tree_base_link_to_wheel_base' did not submit transforms for topic '/tf' on flush cycle 7286
2026-09-30T17:08:55Z [143,829ms] [Warning] [isaacsim.ros2.nodes] ROS2 TF aggregation contributor '/World/Nova_Carter_ROS/transform_tree_odometry/tf_tree_base_link_to_sensors' did not submit transforms for topic '/tf' on flush cycle 7286
2026-09-30T17:08:55Z [143,829ms] [Warning] [isaacsim.ros2.nodes] ROS2 TF aggregation contributor '/World/Nova_Carter_ROS/transform_tree_odometry/tf_tree_base_link_to_chassis' did not submit transforms for topic '/tf' on flush cycle 7286
2026-09-30T17:08:57Z [145,862ms] [Warning] [isaacsim.ros2.nodes] ROS2 TF aggregation contributor '/World/Nova_Carter_ROS/chassis_link/sensors/front_owl/ROS_TF/PublisherTF' did not submit transforms for topic '/tf' on flush cycle 7406
2026-09-30T17:08:57Z [145,862ms] [Warning] [isaacsim.ros2.nodes] ROS2 TF aggregation contributor '/World/Nova_Carter_ROS/chassis_link/sensors/rear_RPLidar/ROS_TF/PublisherTF' did not submit transforms for topic '/tf' on flush cycle 7406
2026-09-30T17:08:57Z [145,862ms] [Warning] [isaacsim.ros2.nodes] ROS2 TF aggregation contributor '/World/Nova_Carter_ROS/chassis_link/sensors/left_hawk/ROS_TF/PublisherTF' did not submit transforms for topic '/tf' on flush cycle 7406
2026-09-30T17:08:57Z [145,862ms] [Warning] [isaacsim.ros2.nodes] ROS2 TF aggregation contributor '/World/Nova_Carter_ROS/chassis_link/sensors/front_hawk/ROS_TF/PublisherTF' did not submit transforms for topic '/tf' on flush cycle 7406
2026-09-30T17:08:57Z [145,862ms] [Warning] [isaacsim.ros2.nodes] ROS2 TF aggregation contributor '/World/Nova_Carter_ROS/chassis_link/sensors/back_owl/ROS_TF/PublisherTF' did not submit transforms for topic '/tf' on flush cycle 7406
2026-09-30T17:08:57Z [145,862ms] [Warning] [isaacsim.ros2.nodes] ROS2 TF aggregation contributor '/World/Nova_Carter_ROS/chassis_link/sensors/XT_32/ROS_TF/PublisherTF' did not submit transforms for topic '/tf' on flush cycle 7406
2026-09-30T17:08:57Z [145,862ms] [Warning] [isaacsim.ros2.nodes] ROS2 TF aggregation contributor '/World/Nova_Carter_ROS/chassis_link/sensors/front_RPLidar/ROS_TF/PublisherTF' did not submit transforms for topic '/tf' on flush cycle 7406
2026-09-30T17:08:57Z [145,862ms] [Warning] [isaacsim.ros2.nodes] ROS2 TF aggregation contributor '/World/Nova_Carter_ROS/chassis_link/sensors/left_owl/ROS_TF/PublisherTF' did not submit transforms for topic '/tf' on flush cycle 7406
2026-09-30T17:08:57Z [145,862ms] [Warning] [isaacsim.ros2.nodes] ROS2 TF aggregation contributor '/World/Nova_Carter_ROS/chassis_link/sensors/right_owl/ROS_TF/PublisherTF' did not submit transforms for topic '/tf' on flush cycle 7406
2026-09-30T17:08:57Z [145,862ms] [Warning] [isaacsim.ros2.nodes] ROS2 TF aggregation contributor '/World/Nova_Carter_ROS/chassis_link/sensors/back_hawk/ROS_TF/PublisherTF' did not submit transforms for topic '/tf' on flush cycle 7406
2026-09-30T17:08:57Z [145,862ms] [Warning] [isaacsim.ros2.nodes] ROS2 TF aggregation contributor '/World/Nova_Carter_ROS/transform_tree_odometry/ros2_publish_raw_transform_tree' did not submit transforms for topic '/tf' on flush cycle 7406
2026-09-30T17:08:57Z [145,862ms] [Warning] [isaacsim.ros2.nodes] ROS2 TF aggregation contributor '/World/Nova_Carter_ROS/chassis_link/sensors/right_hawk/ROS_TF/PublisherTF' did not submit transforms for topic '/tf' on flush cycle 7406
2026-09-30T17:08:57Z [145,862ms] [Warning] [isaacsim.ros2.nodes] ROS2 TF aggregation contributor '/World/Nova_Carter_ROS/transform_tree_odometry/tf_tree_base_link_to_wheel_base' did not submit transforms for topic '/tf' on flush cycle 7406
2026-09-30T17:08:57Z [145,862ms] [Warning] [isaacsim.ros2.nodes] ROS2 TF aggregation contributor '/World/Nova_Carter_ROS/transform_tree_odometry/tf_tree_base_link_to_sensors' did not submit transforms for topic '/tf' on flush cycle 7406
2026-09-30T17:08:57Z [145,862ms] [Warning] [isaacsim.ros2.nodes] ROS2 TF aggregation contributor '/World/Nova_Carter_ROS/transform_tree_odometry/tf_tree_base_link_to_chassis' did not submit transforms for topic '/tf' on flush cycle 7406
2026-09-30T17:08:59Z [147,901ms] [Warning] [isaacsim.ros2.nodes] ROS2 TF aggregation contributor '/World/Nova_Carter_ROS/chassis_link/sensors/front_owl/ROS_TF/PublisherTF' did not submit transforms for topic '/tf' on flush cycle 7526
2026-09-30T17:08:59Z [147,901ms] [Warning] [isaacsim.ros2.nodes] ROS2 TF aggregation contributor '/World/Nova_Carter_ROS/chassis_link/sensors/rear_RPLidar/ROS_TF/PublisherTF' did not submit transforms for topic '/tf' on flush cycle 7526
2026-09-30T17:08:59Z [147,901ms] [Warning] [isaacsim.ros2.nodes] ROS2 TF aggregation contributor '/World/Nova_Carter_ROS/chassis_link/sensors/left_hawk/ROS_TF/PublisherTF' did not submit transforms for topic '/tf' on flush cycle 7526
2026-09-30T17:08:59Z [147,901ms] [Warning] [isaacsim.ros2.nodes] ROS2 TF aggregation contributor '/World/Nova_Carter_ROS/chassis_link/sensors/front_hawk/ROS_TF/PublisherTF' did not submit transforms for topic '/tf' on flush cycle 7526
2026-09-30T17:08:59Z [147,901ms] [Warning] [isaacsim.ros2.nodes] ROS2 TF aggregation contributor '/World/Nova_Carter_ROS/chassis_link/sensors/back_owl/ROS_TF/PublisherTF' did not submit transforms for topic '/tf' on flush cycle 7526
2026-09-30T17:08:59Z [147,901ms] [Warning] [isaacsim.ros2.nodes] ROS2 TF aggregation contributor '/World/Nova_Carter_ROS/chassis_link/sensors/XT_32/ROS_TF/PublisherTF' did not submit transforms for topic '/tf' on flush cycle 7526
2026-09-30T17:08:59Z [147,902ms] [Warning] [isaacsim.ros2.nodes] ROS2 TF aggregation contributor '/World/Nova_Carter_ROS/chassis_link/sensors/front_RPLidar/ROS_TF/PublisherTF' did not submit transforms for topic '/tf' on flush cycle 7526
2026-09-30T17:08:59Z [147,902ms] [Warning] [isaacsim.ros2.nodes] ROS2 TF aggregation contributor '/World/Nova_Carter_ROS/chassis_link/sensors/left_owl/ROS_TF/PublisherTF' did not submit transforms for topic '/tf' on flush cycle 7526
2026-09-30T17:08:59Z [147,902ms] [Warning] [isaacsim.ros2.nodes] ROS2 TF aggregation contributor '/World/Nova_Carter_ROS/chassis_link/sensors/right_owl/ROS_TF/PublisherTF' did not submit transforms for topic '/tf' on flush cycle 7526
2026-09-30T17:08:59Z [147,902ms] [Warning] [isaacsim.ros2.nodes] ROS2 TF aggregation contributor '/World/Nova_Carter_ROS/chassis_link/sensors/back_hawk/ROS_TF/PublisherTF' did not submit transforms for topic '/tf' on flush cycle 7526
2026-09-30T17:08:59Z [147,902ms] [Warning] [isaacsim.ros2.nodes] ROS2 TF aggregation contributor '/World/Nova_Carter_ROS/transform_tree_odometry/ros2_publish_raw_transform_tree' did not submit transforms for topic '/tf' on flush cycle 7526
2026-09-30T17:08:59Z [147,902ms] [Warning] [isaacsim.ros2.nodes] ROS2 TF aggregation contributor '/World/Nova_Carter_ROS/chassis_link/sensors/right_hawk/ROS_TF/PublisherTF' did not submit transforms for topic '/tf' on flush cycle 7526
2026-09-30T17:08:59Z [147,902ms] [Warning] [isaacsim.ros2.nodes] ROS2 TF aggregation contributor '/World/Nova_Carter_ROS/transform_tree_odometry/tf_tree_base_link_to_wheel_base' did not submit transforms for topic '/tf' on flush cycle 7526
2026-09-30T17:08:59Z [147,902ms] [Warning] [isaacsim.ros2.nodes] ROS2 TF aggregation contributor '/World/Nova_Carter_ROS/transform_tree_odometry/tf_tree_base_link_to_sensors' did not submit transforms for topic '/tf' on flush cycle 7526
2026-09-30T17:08:59Z [147,902ms] [Warning] [isaacsim.ros2.nodes] ROS2 TF aggregation contributor '/World/Nova_Carter_ROS/transform_tree_odometry/tf_tree_base_link_to_chassis' did not submit transforms for topic '/tf' on flush cycle 7526
2026-09-30T17:09:01Z [149,994ms] [Warning] [isaacsim.ros2.nodes] ROS2 TF aggregation contributor '/World/Nova_Carter_ROS/chassis_link/sensors/front_owl/ROS_TF/PublisherTF' did not submit transforms for topic '/tf' on flush cycle 7646
2026-09-30T17:09:01Z [149,994ms] [Warning] [isaacsim.ros2.nodes] ROS2 TF aggregation contributor '/World/Nova_Carter_ROS/chassis_link/sensors/rear_RPLidar/ROS_TF/PublisherTF' did not submit transforms for topic '/tf' on flush cycle 7646
2026-09-30T17:09:01Z [149,994ms] [Warning] [isaacsim.ros2.nodes] ROS2 TF aggregation contributor '/World/Nova_Carter_ROS/chassis_link/sensors/left_hawk/ROS_TF/PublisherTF' did not submit transforms for topic '/tf' on flush cycle 7646
2026-09-30T17:09:01Z [149,994ms] [Warning] [isaacsim.ros2.nodes] ROS2 TF aggregation contributor '/World/Nova_Carter_ROS/chassis_link/sensors/front_hawk/ROS_TF/PublisherTF' did not submit transforms for topic '/tf' on flush cycle 7646
2026-09-30T17:09:01Z [149,994ms] [Warning] [isaacsim.ros2.nodes] ROS2 TF aggregation contributor '/World/Nova_Carter_ROS/chassis_link/sensors/back_owl/ROS_TF/PublisherTF' did not submit transforms for topic '/tf' on flush cycle 7646
2026-09-30T17:09:01Z [149,994ms] [Warning] [isaacsim.ros2.nodes] ROS2 TF aggregation contributor '/World/Nova_Carter_ROS/chassis_link/sensors/XT_32/ROS_TF/PublisherTF' did not submit transforms for topic '/tf' on flush cycle 7646
2026-09-30T17:09:01Z [149,994ms] [Warning] [isaacsim.ros2.nodes] ROS2 TF aggregation contributor '/World/Nova_Carter_ROS/chassis_link/sensors/front_RPLidar/ROS_TF/PublisherTF' did not submit transforms for topic '/tf' on flush cycle 7646
2026-09-30T17:09:01Z [149,994ms] [Warning] [isaacsim.ros2.nodes] ROS2 TF aggregation contributor '/World/Nova_Carter_ROS/chassis_link/sensors/left_owl/ROS_TF/PublisherTF' did not submit transforms for topic '/tf' on flush cycle 7646
2026-09-30T17:09:01Z [149,994ms] [Warning] [isaacsim.ros2.nodes] ROS2 TF aggregation contributor '/World/Nova_Carter_ROS/chassis_link/sensors/right_owl/ROS_TF/PublisherTF' did not submit transforms for topic '/tf' on flush cycle 7646
2026-09-30T17:09:01Z [149,994ms] [Warning] [isaacsim.ros2.nodes] ROS2 TF aggregation contributor '/World/Nova_Carter_ROS/chassis_link/sensors/back_hawk/ROS_TF/PublisherTF' did not submit transforms for topic '/tf' on flush cycle 7646
2026-09-30T17:09:01Z [149,994ms] [Warning] [isaacsim.ros2.nodes] ROS2 TF aggregation contributor '/World/Nova_Carter_ROS/transform_tree_odometry/ros2_publish_raw_transform_tree' did not submit transforms for topic '/tf' on flush cycle 7646
2026-09-30T17:09:01Z [149,994ms] [Warning] [isaacsim.ros2.nodes] ROS2 TF aggregation contributor '/World/Nova_Carter_ROS/chassis_link/sensors/right_hawk/ROS_TF/PublisherTF' did not submit transforms for topic '/tf' on flush cycle 7646
2026-09-30T17:09:01Z [149,994ms] [Warning] [isaacsim.ros2.nodes] ROS2 TF aggregation contributor '/World/Nova_Carter_ROS/transform_tree_odometry/tf_tree_base_link_to_wheel_base' did not submit transforms for topic '/tf' on flush cycle 7646
2026-09-30T17:09:01Z [149,994ms] [Warning] [isaacsim.ros2.nodes] ROS2 TF aggregation contributor '/World/Nova_Carter_ROS/transform_tree_odometry/tf_tree_base_link_to_sensors' did not submit transforms for topic '/tf' on flush cycle 7646
2026-09-30T17:09:01Z [149,994ms] [Warning] [isaacsim.ros2.nodes] ROS2 TF aggregation contributor '/World/Nova_Carter_ROS/transform_tree_odometry/tf_tree_base_link_to_chassis' did not submit transforms for topic '/tf' on flush cycle 7646
2026-09-30T17:09:03Z [152,044ms] [Warning] [isaacsim.ros2.nodes] ROS2 TF aggregation contributor '/World/Nova_Carter_ROS/chassis_link/sensors/front_owl/ROS_TF/PublisherTF' did not submit transforms for topic '/tf' on flush cycle 7766
2026-09-30T17:09:03Z [152,044ms] [Warning] [isaacsim.ros2.nodes] ROS2 TF aggregation contributor '/World/Nova_Carter_ROS/chassis_link/sensors/rear_RPLidar/ROS_TF/PublisherTF' did not submit transforms for topic '/tf' on flush cycle 7766
2026-09-30T17:09:03Z [152,044ms] [Warning] [isaacsim.ros2.nodes] ROS2 TF aggregation contributor '/World/Nova_Carter_ROS/chassis_link/sensors/left_hawk/ROS_TF/PublisherTF' did not submit transforms for topic '/tf' on flush cycle 7766
2026-09-30T17:09:03Z [152,044ms] [Warning] [isaacsim.ros2.nodes] ROS2 TF aggregation contributor '/World/Nova_Carter_ROS/chassis_link/sensors/front_hawk/ROS_TF/PublisherTF' did not submit transforms for topic '/tf' on flush cycle 7766
2026-09-30T17:09:03Z [152,044ms] [Warning] [isaacsim.ros2.nodes] ROS2 TF aggregation contributor '/World/Nova_Carter_ROS/chassis_link/sensors/back_owl/ROS_TF/PublisherTF' did not submit transforms for topic '/tf' on flush cycle 7766
2026-09-30T17:09:03Z [152,044ms] [Warning] [isaacsim.ros2.nodes] ROS2 TF aggregation contributor '/World/Nova_Carter_ROS/chassis_link/sensors/XT_32/ROS_TF/PublisherTF' did not submit transforms for topic '/tf' on flush cycle 7766
2026-09-30T17:09:03Z [152,044ms] [Warning] [isaacsim.ros2.nodes] ROS2 TF aggregation contributor '/World/Nova_Carter_ROS/chassis_link/sensors/front_RPLidar/ROS_TF/PublisherTF' did not submit transforms for topic '/tf' on flush cycle 7766
2026-09-30T17:09:03Z [152,044ms] [Warning] [isaacsim.ros2.nodes] ROS2 TF aggregation contributor '/World/Nova_Carter_ROS/chassis_link/sensors/left_owl/ROS_TF/PublisherTF' did not submit transforms for topic '/tf' on flush cycle 7766
2026-09-30T17:09:03Z [152,044ms] [Warning] [isaacsim.ros2.nodes] ROS2 TF aggregation contributor '/World/Nova_Carter_ROS/chassis_link/sensors/right_owl/ROS_TF/PublisherTF' did not submit transforms for topic '/tf' on flush cycle 7766
2026-09-30T17:09:03Z [152,044ms] [Warning] [isaacsim.ros2.nodes] ROS2 TF aggregation contributor '/World/Nova_Carter_ROS/chassis_link/sensors/back_hawk/ROS_TF/PublisherTF' did not submit transforms for topic '/tf' on flush cycle 7766
2026-09-30T17:09:03Z [152,044ms] [Warning] [isaacsim.ros2.nodes] ROS2 TF aggregation contributor '/World/Nova_Carter_ROS/transform_tree_odometry/ros2_publish_raw_transform_tree' did not submit transforms for topic '/tf' on flush cycle 7766
2026-09-30T17:09:03Z [152,044ms] [Warning] [isaacsim.ros2.nodes] ROS2 TF aggregation contributor '/World/Nova_Carter_ROS/chassis_link/sensors/right_hawk/ROS_TF/PublisherTF' did not submit transforms for topic '/tf' on flush cycle 7766
2026-09-30T17:09:03Z [152,044ms] [Warning] [isaacsim.ros2.nodes] ROS2 TF aggregation contributor '/World/Nova_Carter_ROS/transform_tree_odometry/tf_tree_base_link_to_wheel_base' did not submit transforms for topic '/tf' on flush cycle 7766
2026-09-30T17:09:03Z [152,044ms] [Warning] [isaacsim.ros2.nodes] ROS2 TF aggregation contributor '/World/Nova_Carter_ROS/transform_tree_odometry/tf_tree_base_link_to_sensors' did not submit transforms for topic '/tf' on flush cycle 7766
2026-09-30T17:09:03Z [152,044ms] [Warning] [isaacsim.ros2.nodes] ROS2 TF aggregation contributor '/World/Nova_Carter_ROS/transform_tree_odometry/tf_tree_base_link_to_chassis' did not submit transforms for topic '/tf' on flush cycle 7766
2026-09-30T17:09:05Z [154,094ms] [Warning] [isaacsim.ros2.nodes] ROS2 TF aggregation contributor '/World/Nova_Carter_ROS/chassis_link/sensors/front_owl/ROS_TF/PublisherTF' did not submit transforms for topic '/tf' on flush cycle 7886
2026-09-30T17:09:05Z [154,094ms] [Warning] [isaacsim.ros2.nodes] ROS2 TF aggregation contributor '/World/Nova_Carter_ROS/chassis_link/sensors/rear_RPLidar/ROS_TF/PublisherTF' did not submit transforms for topic '/tf' on flush cycle 7886
2026-09-30T17:09:05Z [154,094ms] [Warning] [isaacsim.ros2.nodes] ROS2 TF aggregation contributor '/World/Nova_Carter_ROS/chassis_link/sensors/left_hawk/ROS_TF/PublisherTF' did not submit transforms for topic '/tf' on flush cycle 7886
2026-09-30T17:09:05Z [154,094ms] [Warning] [isaacsim.ros2.nodes] ROS2 TF aggregation contributor '/World/Nova_Carter_ROS/chassis_link/sensors/front_hawk/ROS_TF/PublisherTF' did not submit transforms for topic '/tf' on flush cycle 7886
2026-09-30T17:09:05Z [154,094ms] [Warning] [isaacsim.ros2.nodes] ROS2 TF aggregation contributor '/World/Nova_Carter_ROS/chassis_link/sensors/back_owl/ROS_TF/PublisherTF' did not submit transforms for topic '/tf' on flush cycle 7886
2026-09-30T17:09:05Z [154,094ms] [Warning] [isaacsim.ros2.nodes] ROS2 TF aggregation contributor '/World/Nova_Carter_ROS/chassis_link/sensors/XT_32/ROS_TF/PublisherTF' did not submit transforms for topic '/tf' on flush cycle 7886
2026-09-30T17:09:05Z [154,094ms] [Warning] [isaacsim.ros2.nodes] ROS2 TF aggregation contributor '/World/Nova_Carter_ROS/chassis_link/sensors/front_RPLidar/ROS_TF/PublisherTF' did not submit transforms for topic '/tf' on flush cycle 7886
2026-09-30T17:09:05Z [154,094ms] [Warning] [isaacsim.ros2.nodes] ROS2 TF aggregation contributor '/World/Nova_Carter_ROS/chassis_link/sensors/left_owl/ROS_TF/PublisherTF' did not submit transforms for topic '/tf' on flush cycle 7886
2026-09-30T17:09:05Z [154,094ms] [Warning] [isaacsim.ros2.nodes] ROS2 TF aggregation contributor '/World/Nova_Carter_ROS/chassis_link/sensors/right_owl/ROS_TF/PublisherTF' did not submit transforms for topic '/tf' on flush cycle 7886
2026-09-30T17:09:05Z [154,094ms] [Warning] [isaacsim.ros2.nodes] ROS2 TF aggregation contributor '/World/Nova_Carter_ROS/chassis_link/sensors/back_hawk/ROS_TF/PublisherTF' did not submit transforms for topic '/tf' on flush cycle 7886
2026-09-30T17:09:05Z [154,094ms] [Warning] [isaacsim.ros2.nodes] ROS2 TF aggregation contributor '/World/Nova_Carter_ROS/transform_tree_odometry/ros2_publish_raw_transform_tree' did not submit transforms for topic '/tf' on flush cycle 7886
2026-09-30T17:09:05Z [154,094ms] [Warning] [isaacsim.ros2.nodes] ROS2 TF aggregation contributor '/World/Nova_Carter_ROS/chassis_link/sensors/right_hawk/ROS_TF/PublisherTF' did not submit transforms for topic '/tf' on flush cycle 7886
2026-09-30T17:09:05Z [154,094ms] [Warning] [isaacsim.ros2.nodes] ROS2 TF aggregation contributor '/World/Nova_Carter_ROS/transform_tree_odometry/tf_tree_base_link_to_wheel_base' did not submit transforms for topic '/tf' on flush cycle 7886
2026-09-30T17:09:05Z [154,094ms] [Warning] [isaacsim.ros2.nodes] ROS2 TF aggregation contributor '/World/Nova_Carter_ROS/transform_tree_odometry/tf_tree_base_link_to_sensors' did not submit transforms for topic '/tf' on flush cycle 7886
2026-09-30T17:09:05Z [154,094ms] [Warning] [isaacsim.ros2.nodes] ROS2 TF aggregation contributor '/World/Nova_Carter_ROS/transform_tree_odometry/tf_tree_base_link_to_chassis' did not submit transforms for topic '/tf' on flush cycle 7886
2026-09-30T17:09:07Z [156,190ms] [Warning] [isaacsim.ros2.nodes] ROS2 TF aggregation contributor '/World/Nova_Carter_ROS/chassis_link/sensors/front_owl/ROS_TF/PublisherTF' did not submit transforms for topic '/tf' on flush cycle 8006
2026-09-30T17:09:07Z [156,190ms] [Warning] [isaacsim.ros2.nodes] ROS2 TF aggregation contributor '/World/Nova_Carter_ROS/chassis_link/sensors/rear_RPLidar/ROS_TF/PublisherTF' did not submit transforms for topic '/tf' on flush cycle 8006
2026-09-30T17:09:07Z [156,190ms] [Warning] [isaacsim.ros2.nodes] ROS2 TF aggregation contributor '/World/Nova_Carter_ROS/chassis_link/sensors/left_hawk/ROS_TF/PublisherTF' did not submit transforms for topic '/tf' on flush cycle 8006
2026-09-30T17:09:07Z [156,190ms] [Warning] [isaacsim.ros2.nodes] ROS2 TF aggregation contributor '/World/Nova_Carter_ROS/chassis_link/sensors/front_hawk/ROS_TF/PublisherTF' did not submit transforms for topic '/tf' on flush cycle 8006
2026-09-30T17:09:07Z [156,190ms] [Warning] [isaacsim.ros2.nodes] ROS2 TF aggregation contributor '/World/Nova_Carter_ROS/chassis_link/sensors/back_owl/ROS_TF/PublisherTF' did not submit transforms for topic '/tf' on flush cycle 8006
2026-09-30T17:09:07Z [156,190ms] [Warning] [isaacsim.ros2.nodes] ROS2 TF aggregation contributor '/World/Nova_Carter_ROS/chassis_link/sensors/XT_32/ROS_TF/PublisherTF' did not submit transforms for topic '/tf' on flush cycle 8006
2026-09-30T17:09:07Z [156,190ms] [Warning] [isaacsim.ros2.nodes] ROS2 TF aggregation contributor '/World/Nova_Carter_ROS/chassis_link/sensors/front_RPLidar/ROS_TF/PublisherTF' did not submit transforms for topic '/tf' on flush cycle 8006
2026-09-30T17:09:07Z [156,190ms] [Warning] [isaacsim.ros2.nodes] ROS2 TF aggregation contributor '/World/Nova_Carter_ROS/chassis_link/sensors/left_owl/ROS_TF/PublisherTF' did not submit transforms for topic '/tf' on flush cycle 8006
2026-09-30T17:09:07Z [156,190ms] [Warning] [isaacsim.ros2.nodes] ROS2 TF aggregation contributor '/World/Nova_Carter_ROS/chassis_link/sensors/right_owl/ROS_TF/PublisherTF' did not submit transforms for topic '/tf' on flush cycle 8006
2026-09-30T17:09:07Z [156,190ms] [Warning] [isaacsim.ros2.nodes] ROS2 TF aggregation contributor '/World/Nova_Carter_ROS/chassis_link/sensors/back_hawk/ROS_TF/PublisherTF' did not submit transforms for topic '/tf' on flush cycle 8006
2026-09-30T17:09:07Z [156,190ms] [Warning] [isaacsim.ros2.nodes] ROS2 TF aggregation contributor '/World/Nova_Carter_ROS/transform_tree_odometry/ros2_publish_raw_transform_tree' did not submit transforms for topic '/tf' on flush cycle 8006
2026-09-30T17:09:07Z [156,190ms] [Warning] [isaacsim.ros2.nodes] ROS2 TF aggregation contributor '/World/Nova_Carter_ROS/chassis_link/sensors/right_hawk/ROS_TF/PublisherTF' did not submit transforms for topic '/tf' on flush cycle 8006
2026-09-30T17:09:07Z [156,190ms] [Warning] [isaacsim.ros2.nodes] ROS2 TF aggregation contributor '/World/Nova_Carter_ROS/transform_tree_odometry/tf_tree_base_link_to_wheel_base' did not submit transforms for topic '/tf' on flush cycle 8006
2026-09-30T17:09:07Z [156,190ms] [Warning] [isaacsim.ros2.nodes] ROS2 TF aggregation contributor '/World/Nova_Carter_ROS/transform_tree_odometry/tf_tree_base_link_to_sensors' did not submit transforms for topic '/tf' on flush cycle 8006
2026-09-30T17:09:07Z [156,190ms] [Warning] [isaacsim.ros2.nodes] ROS2 TF aggregation contributor '/World/Nova_Carter_ROS/transform_tree_odometry/tf_tree_base_link_to_chassis' did not submit transforms for topic '/tf' on flush cycle 8006
2026-09-30T17:09:14Z [163,448ms] [Warning] [omni.graph.core.plugin] /World/Nova_Carter_ROS/differential_drive/differential_controller_01: [/World/Nova_Carter_ROS/differential_drive] Invalid deltaTime 0.000000, cannot check for acceleration limits, skipping current step
2026-09-30T17:09:17Z [165,980ms] [Warning] [isaacsim.ros2.nodes] ROS2 TF aggregation contributor '/World/Nova_Carter_ROS/chassis_link/sensors/front_owl/ROS_TF/PublisherTF' did not submit transforms for topic '/tf' on flush cycle 8538
2026-09-30T17:09:17Z [165,980ms] [Warning] [isaacsim.ros2.nodes] ROS2 TF aggregation contributor '/World/Nova_Carter_ROS/chassis_link/sensors/rear_RPLidar/ROS_TF/PublisherTF' did not submit transforms for topic '/tf' on flush cycle 8538
2026-09-30T17:09:17Z [165,980ms] [Warning] [isaacsim.ros2.nodes] ROS2 TF aggregation contributor '/World/Nova_Carter_ROS/chassis_link/sensors/left_hawk/ROS_TF/PublisherTF' did not submit transforms for topic '/tf' on flush cycle 8538
2026-09-30T17:09:17Z [165,980ms] [Warning] [isaacsim.ros2.nodes] ROS2 TF aggregation contributor '/World/Nova_Carter_ROS/chassis_link/sensors/front_hawk/ROS_TF/PublisherTF' did not submit transforms for topic '/tf' on flush cycle 8538
2026-09-30T17:09:17Z [165,980ms] [Warning] [isaacsim.ros2.nodes] ROS2 TF aggregation contributor '/World/Nova_Carter_ROS/chassis_link/sensors/back_owl/ROS_TF/PublisherTF' did not submit transforms for topic '/tf' on flush cycle 8538
2026-09-30T17:09:17Z [165,980ms] [Warning] [isaacsim.ros2.nodes] ROS2 TF aggregation contributor '/World/Nova_Carter_ROS/chassis_link/sensors/XT_32/ROS_TF/PublisherTF' did not submit transforms for topic '/tf' on flush cycle 8538
2026-09-30T17:09:17Z [165,980ms] [Warning] [isaacsim.ros2.nodes] ROS2 TF aggregation contributor '/World/Nova_Carter_ROS/chassis_link/sensors/front_RPLidar/ROS_TF/PublisherTF' did not submit transforms for topic '/tf' on flush cycle 8538
2026-09-30T17:09:17Z [165,980ms] [Warning] [isaacsim.ros2.nodes] ROS2 TF aggregation contributor '/World/Nova_Carter_ROS/chassis_link/sensors/left_owl/ROS_TF/PublisherTF' did not submit transforms for topic '/tf' on flush cycle 8538
2026-09-30T17:09:17Z [165,980ms] [Warning] [isaacsim.ros2.nodes] ROS2 TF aggregation contributor '/World/Nova_Carter_ROS/chassis_link/sensors/right_owl/ROS_TF/PublisherTF' did not submit transforms for topic '/tf' on flush cycle 8538
2026-09-30T17:09:17Z [165,980ms] [Warning] [isaacsim.ros2.nodes] ROS2 TF aggregation contributor '/World/Nova_Carter_ROS/chassis_link/sensors/back_hawk/ROS_TF/PublisherTF' did not submit transforms for topic '/tf' on flush cycle 8538
2026-09-30T17:09:17Z [165,980ms] [Warning] [isaacsim.ros2.nodes] ROS2 TF aggregation contributor '/World/Nova_Carter_ROS/transform_tree_odometry/ros2_publish_raw_transform_tree' did not submit transforms for topic '/tf' on flush cycle 8538
2026-09-30T17:09:17Z [165,980ms] [Warning] [isaacsim.ros2.nodes] ROS2 TF aggregation contributor '/World/Nova_Carter_ROS/chassis_link/sensors/right_hawk/ROS_TF/PublisherTF' did not submit transforms for topic '/tf' on flush cycle 8538
2026-09-30T17:09:17Z [165,980ms] [Warning] [isaacsim.ros2.nodes] ROS2 TF aggregation contributor '/World/Nova_Carter_ROS/transform_tree_odometry/tf_tree_base_link_to_wheel_base' did not submit transforms for topic '/tf' on flush cycle 8538
2026-09-30T17:09:17Z [165,980ms] [Warning] [isaacsim.ros2.nodes] ROS2 TF aggregation contributor '/World/Nova_Carter_ROS/transform_tree_odometry/tf_tree_base_link_to_sensors' did not submit transforms for topic '/tf' on flush cycle 8538
2026-09-30T17:09:17Z [165,980ms] [Warning] [isaacsim.ros2.nodes] ROS2 TF aggregation contributor '/World/Nova_Carter_ROS/transform_tree_odometry/tf_tree_base_link_to_chassis' did not submit transforms for topic '/tf' on flush cycle 8538
2026-09-30T17:09:19Z [168,020ms] [Warning] [isaacsim.ros2.nodes] ROS2 TF aggregation contributor '/World/Nova_Carter_ROS/chassis_link/sensors/front_owl/ROS_TF/PublisherTF' did not submit transforms for topic '/tf' on flush cycle 8658
2026-09-30T17:09:19Z [168,020ms] [Warning] [isaacsim.ros2.nodes] ROS2 TF aggregation contributor '/World/Nova_Carter_ROS/chassis_link/sensors/rear_RPLidar/ROS_TF/PublisherTF' did not submit transforms for topic '/tf' on flush cycle 8658
2026-09-30T17:09:19Z [168,020ms] [Warning] [isaacsim.ros2.nodes] ROS2 TF aggregation contributor '/World/Nova_Carter_ROS/chassis_link/sensors/left_hawk/ROS_TF/PublisherTF' did not submit transforms for topic '/tf' on flush cycle 8658
2026-09-30T17:09:19Z [168,020ms] [Warning] [isaacsim.ros2.nodes] ROS2 TF aggregation contributor '/World/Nova_Carter_ROS/chassis_link/sensors/front_hawk/ROS_TF/PublisherTF' did not submit transforms for topic '/tf' on flush cycle 8658
2026-09-30T17:09:19Z [168,020ms] [Warning] [isaacsim.ros2.nodes] ROS2 TF aggregation contributor '/World/Nova_Carter_ROS/chassis_link/sensors/back_owl/ROS_TF/PublisherTF' did not submit transforms for topic '/tf' on flush cycle 8658
2026-09-30T17:09:19Z [168,020ms] [Warning] [isaacsim.ros2.nodes] ROS2 TF aggregation contributor '/World/Nova_Carter_ROS/chassis_link/sensors/XT_32/ROS_TF/PublisherTF' did not submit transforms for topic '/tf' on flush cycle 8658
2026-09-30T17:09:19Z [168,020ms] [Warning] [isaacsim.ros2.nodes] ROS2 TF aggregation contributor '/World/Nova_Carter_ROS/chassis_link/sensors/front_RPLidar/ROS_TF/PublisherTF' did not submit transforms for topic '/tf' on flush cycle 8658
2026-09-30T17:09:19Z [168,020ms] [Warning] [isaacsim.ros2.nodes] ROS2 TF aggregation contributor '/World/Nova_Carter_ROS/chassis_link/sensors/left_owl/ROS_TF/PublisherTF' did not submit transforms for topic '/tf' on flush cycle 8658
2026-09-30T17:09:19Z [168,020ms] [Warning] [isaacsim.ros2.nodes] ROS2 TF aggregation contributor '/World/Nova_Carter_ROS/chassis_link/sensors/right_owl/ROS_TF/PublisherTF' did not submit transforms for topic '/tf' on flush cycle 8658
2026-09-30T17:09:19Z [168,020ms] [Warning] [isaacsim.ros2.nodes] ROS2 TF aggregation contributor '/World/Nova_Carter_ROS/chassis_link/sensors/back_hawk/ROS_TF/PublisherTF' did not submit transforms for topic '/tf' on flush cycle 8658
2026-09-30T17:09:19Z [168,020ms] [Warning] [isaacsim.ros2.nodes] ROS2 TF aggregation contributor '/World/Nova_Carter_ROS/transform_tree_odometry/ros2_publish_raw_transform_tree' did not submit transforms for topic '/tf' on flush cycle 8658
2026-09-30T17:09:19Z [168,020ms] [Warning] [isaacsim.ros2.nodes] ROS2 TF aggregation contributor '/World/Nova_Carter_ROS/chassis_link/sensors/right_hawk/ROS_TF/PublisherTF' did not submit transforms for topic '/tf' on flush cycle 8658
2026-09-30T17:09:19Z [168,020ms] [Warning] [isaacsim.ros2.nodes] ROS2 TF aggregation contributor '/World/Nova_Carter_ROS/transform_tree_odometry/tf_tree_base_link_to_wheel_base' did not submit transforms for topic '/tf' on flush cycle 8658
2026-09-30T17:09:19Z [168,020ms] [Warning] [isaacsim.ros2.nodes] ROS2 TF aggregation contributor '/World/Nova_Carter_ROS/transform_tree_odometry/tf_tree_base_link_to_sensors' did not submit transforms for topic '/tf' on flush cycle 8658
2026-09-30T17:09:19Z [168,020ms] [Warning] [isaacsim.ros2.nodes] ROS2 TF aggregation contributor '/World/Nova_Carter_ROS/transform_tree_odometry/tf_tree_base_link_to_chassis' did not submit transforms for topic '/tf' on flush cycle 8658
2026-09-30T17:09:21Z [170,071ms] [Warning] [isaacsim.ros2.nodes] ROS2 TF aggregation contributor '/World/Nova_Carter_ROS/chassis_link/sensors/front_owl/ROS_TF/PublisherTF' did not submit transforms for topic '/tf' on flush cycle 8778
2026-09-30T17:09:21Z [170,072ms] [Warning] [isaacsim.ros2.nodes] ROS2 TF aggregation contributor '/World/Nova_Carter_ROS/chassis_link/sensors/rear_RPLidar/ROS_TF/PublisherTF' did not submit transforms for topic '/tf' on flush cycle 8778
2026-09-30T17:09:21Z [170,072ms] [Warning] [isaacsim.ros2.nodes] ROS2 TF aggregation contributor '/World/Nova_Carter_ROS/chassis_link/sensors/left_hawk/ROS_TF/PublisherTF' did not submit transforms for topic '/tf' on flush cycle 8778
2026-09-30T17:09:21Z [170,072ms] [Warning] [isaacsim.ros2.nodes] ROS2 TF aggregation contributor '/World/Nova_Carter_ROS/chassis_link/sensors/front_hawk/ROS_TF/PublisherTF' did not submit transforms for topic '/tf' on flush cycle 8778
2026-09-30T17:09:21Z [170,072ms] [Warning] [isaacsim.ros2.nodes] ROS2 TF aggregation contributor '/World/Nova_Carter_ROS/chassis_link/sensors/back_owl/ROS_TF/PublisherTF' did not submit transforms for topic '/tf' on flush cycle 8778
2026-09-30T17:09:21Z [170,072ms] [Warning] [isaacsim.ros2.nodes] ROS2 TF aggregation contributor '/World/Nova_Carter_ROS/chassis_link/sensors/XT_32/ROS_TF/PublisherTF' did not submit transforms for topic '/tf' on flush cycle 8778
2026-09-30T17:09:21Z [170,072ms] [Warning] [isaacsim.ros2.nodes] ROS2 TF aggregation contributor '/World/Nova_Carter_ROS/chassis_link/sensors/front_RPLidar/ROS_TF/PublisherTF' did not submit transforms for topic '/tf' on flush cycle 8778
2026-09-30T17:09:21Z [170,072ms] [Warning] [isaacsim.ros2.nodes] ROS2 TF aggregation contributor '/World/Nova_Carter_ROS/chassis_link/sensors/left_owl/ROS_TF/PublisherTF' did not submit transforms for topic '/tf' on flush cycle 8778
2026-09-30T17:09:21Z [170,072ms] [Warning] [isaacsim.ros2.nodes] ROS2 TF aggregation contributor '/World/Nova_Carter_ROS/chassis_link/sensors/right_owl/ROS_TF/PublisherTF' did not submit transforms for topic '/tf' on flush cycle 8778
2026-09-30T17:09:21Z [170,072ms] [Warning] [isaacsim.ros2.nodes] ROS2 TF aggregation contributor '/World/Nova_Carter_ROS/chassis_link/sensors/back_hawk/ROS_TF/PublisherTF' did not submit transforms for topic '/tf' on flush cycle 8778
2026-09-30T17:09:21Z [170,072ms] [Warning] [isaacsim.ros2.nodes] ROS2 TF aggregation contributor '/World/Nova_Carter_ROS/transform_tree_odometry/ros2_publish_raw_transform_tree' did not submit transforms for topic '/tf' on flush cycle 8778
2026-09-30T17:09:21Z [170,072ms] [Warning] [isaacsim.ros2.nodes] ROS2 TF aggregation contributor '/World/Nova_Carter_ROS/chassis_link/sensors/right_hawk/ROS_TF/PublisherTF' did not submit transforms for topic '/tf' on flush cycle 8778
2026-09-30T17:09:21Z [170,072ms] [Warning] [isaacsim.ros2.nodes] ROS2 TF aggregation contributor '/World/Nova_Carter_ROS/transform_tree_odometry/tf_tree_base_link_to_wheel_base' did not submit transforms for topic '/tf' on flush cycle 8778
2026-09-30T17:09:21Z [170,072ms] [Warning] [isaacsim.ros2.nodes] ROS2 TF aggregation contributor '/World/Nova_Carter_ROS/transform_tree_odometry/tf_tree_base_link_to_sensors' did not submit transforms for topic '/tf' on flush cycle 8778
2026-09-30T17:09:21Z [170,072ms] [Warning] [isaacsim.ros2.nodes] ROS2 TF aggregation contributor '/World/Nova_Carter_ROS/transform_tree_odometry/tf_tree_base_link_to_chassis' did not submit transforms for topic '/tf' on flush cycle 8778
2026-09-30T17:09:23Z [172,122ms] [Warning] [isaacsim.ros2.nodes] ROS2 TF aggregation contributor '/World/Nova_Carter_ROS/chassis_link/sensors/front_owl/ROS_TF/PublisherTF' did not submit transforms for topic '/tf' on flush cycle 8898
2026-09-30T17:09:23Z [172,122ms] [Warning] [isaacsim.ros2.nodes] ROS2 TF aggregation contributor '/World/Nova_Carter_ROS/chassis_link/sensors/rear_RPLidar/ROS_TF/PublisherTF' did not submit transforms for topic '/tf' on flush cycle 8898
2026-09-30T17:09:23Z [172,123ms] [Warning] [isaacsim.ros2.nodes] ROS2 TF aggregation contributor '/World/Nova_Carter_ROS/chassis_link/sensors/left_hawk/ROS_TF/PublisherTF' did not submit transforms for topic '/tf' on flush cycle 8898
2026-09-30T17:09:23Z [172,123ms] [Warning] [isaacsim.ros2.nodes] ROS2 TF aggregation contributor '/World/Nova_Carter_ROS/chassis_link/sensors/front_hawk/ROS_TF/PublisherTF' did not submit transforms for topic '/tf' on flush cycle 8898
2026-09-30T17:09:23Z [172,123ms] [Warning] [isaacsim.ros2.nodes] ROS2 TF aggregation contributor '/World/Nova_Carter_ROS/chassis_link/sensors/back_owl/ROS_TF/PublisherTF' did not submit transforms for topic '/tf' on flush cycle 8898
2026-09-30T17:09:23Z [172,123ms] [Warning] [isaacsim.ros2.nodes] ROS2 TF aggregation contributor '/World/Nova_Carter_ROS/chassis_link/sensors/XT_32/ROS_TF/PublisherTF' did not submit transforms for topic '/tf' on flush cycle 8898
2026-09-30T17:09:23Z [172,123ms] [Warning] [isaacsim.ros2.nodes] ROS2 TF aggregation contributor '/World/Nova_Carter_ROS/chassis_link/sensors/front_RPLidar/ROS_TF/PublisherTF' did not submit transforms for topic '/tf' on flush cycle 8898
2026-09-30T17:09:23Z [172,123ms] [Warning] [isaacsim.ros2.nodes] ROS2 TF aggregation contributor '/World/Nova_Carter_ROS/chassis_link/sensors/left_owl/ROS_TF/PublisherTF' did not submit transforms for topic '/tf' on flush cycle 8898
2026-09-30T17:09:23Z [172,123ms] [Warning] [isaacsim.ros2.nodes] ROS2 TF aggregation contributor '/World/Nova_Carter_ROS/chassis_link/sensors/right_owl/ROS_TF/PublisherTF' did not submit transforms for topic '/tf' on flush cycle 8898
2026-09-30T17:09:23Z [172,123ms] [Warning] [isaacsim.ros2.nodes] ROS2 TF aggregation contributor '/World/Nova_Carter_ROS/chassis_link/sensors/back_hawk/ROS_TF/PublisherTF' did not submit transforms for topic '/tf' on flush cycle 8898
2026-09-30T17:09:23Z [172,123ms] [Warning] [isaacsim.ros2.nodes] ROS2 TF aggregation contributor '/World/Nova_Carter_ROS/transform_tree_odometry/ros2_publish_raw_transform_tree' did not submit transforms for topic '/tf' on flush cycle 8898
2026-09-30T17:09:23Z [172,123ms] [Warning] [isaacsim.ros2.nodes] ROS2 TF aggregation contributor '/World/Nova_Carter_ROS/chassis_link/sensors/right_hawk/ROS_TF/PublisherTF' did not submit transforms for topic '/tf' on flush cycle 8898
2026-09-30T17:09:23Z [172,123ms] [Warning] [isaacsim.ros2.nodes] ROS2 TF aggregation contributor '/World/Nova_Carter_ROS/transform_tree_odometry/tf_tree_base_link_to_wheel_base' did not submit transforms for topic '/tf' on flush cycle 8898
2026-09-30T17:09:23Z [172,123ms] [Warning] [isaacsim.ros2.nodes] ROS2 TF aggregation contributor '/World/Nova_Carter_ROS/transform_tree_odometry/tf_tree_base_link_to_sensors' did not submit transforms for topic '/tf' on flush cycle 8898
2026-09-30T17:09:23Z [172,123ms] [Warning] [isaacsim.ros2.nodes] ROS2 TF aggregation contributor '/World/Nova_Carter_ROS/transform_tree_odometry/tf_tree_base_link_to_chassis' did not submit transforms for topic '/tf' on flush cycle 8898
2026-09-30T17:09:25Z [174,173ms] [Warning] [isaacsim.ros2.nodes] ROS2 TF aggregation contributor '/World/Nova_Carter_ROS/chassis_link/sensors/front_owl/ROS_TF/PublisherTF' did not submit transforms for topic '/tf' on flush cycle 9018
2026-09-30T17:09:25Z [174,173ms] [Warning] [isaacsim.ros2.nodes] ROS2 TF aggregation contributor '/World/Nova_Carter_ROS/chassis_link/sensors/rear_RPLidar/ROS_TF/PublisherTF' did not submit transforms for topic '/tf' on flush cycle 9018
2026-09-30T17:09:25Z [174,173ms] [Warning] [isaacsim.ros2.nodes] ROS2 TF aggregation contributor '/World/Nova_Carter_ROS/chassis_link/sensors/left_hawk/ROS_TF/PublisherTF' did not submit transforms for topic '/tf' on flush cycle 9018
2026-09-30T17:09:25Z [174,173ms] [Warning] [isaacsim.ros2.nodes] ROS2 TF aggregation contributor '/World/Nova_Carter_ROS/chassis_link/sensors/front_hawk/ROS_TF/PublisherTF' did not submit transforms for topic '/tf' on flush cycle 9018
2026-09-30T17:09:25Z [174,173ms] [Warning] [isaacsim.ros2.nodes] ROS2 TF aggregation contributor '/World/Nova_Carter_ROS/chassis_link/sensors/back_owl/ROS_TF/PublisherTF' did not submit transforms for topic '/tf' on flush cycle 9018
2026-09-30T17:09:25Z [174,173ms] [Warning] [isaacsim.ros2.nodes] ROS2 TF aggregation contributor '/World/Nova_Carter_ROS/chassis_link/sensors/XT_32/ROS_TF/PublisherTF' did not submit transforms for topic '/tf' on flush cycle 9018
2026-09-30T17:09:25Z [174,173ms] [Warning] [isaacsim.ros2.nodes] ROS2 TF aggregation contributor '/World/Nova_Carter_ROS/chassis_link/sensors/front_RPLidar/ROS_TF/PublisherTF' did not submit transforms for topic '/tf' on flush cycle 9018
2026-09-30T17:09:25Z [174,173ms] [Warning] [isaacsim.ros2.nodes] ROS2 TF aggregation contributor '/World/Nova_Carter_ROS/chassis_link/sensors/left_owl/ROS_TF/PublisherTF' did not submit transforms for topic '/tf' on flush cycle 9018
2026-09-30T17:09:25Z [174,173ms] [Warning] [isaacsim.ros2.nodes] ROS2 TF aggregation contributor '/World/Nova_Carter_ROS/chassis_link/sensors/right_owl/ROS_TF/PublisherTF' did not submit transforms for topic '/tf' on flush cycle 9018
2026-09-30T17:09:25Z [174,173ms] [Warning] [isaacsim.ros2.nodes] ROS2 TF aggregation contributor '/World/Nova_Carter_ROS/chassis_link/sensors/back_hawk/ROS_TF/PublisherTF' did not submit transforms for topic '/tf' on flush cycle 9018
2026-09-30T17:09:25Z [174,173ms] [Warning] [isaacsim.ros2.nodes] ROS2 TF aggregation contributor '/World/Nova_Carter_ROS/transform_tree_odometry/ros2_publish_raw_transform_tree' did not submit transforms for topic '/tf' on flush cycle 9018
2026-09-30T17:09:25Z [174,173ms] [Warning] [isaacsim.ros2.nodes] ROS2 TF aggregation contributor '/World/Nova_Carter_ROS/chassis_link/sensors/right_hawk/ROS_TF/PublisherTF' did not submit transforms for topic '/tf' on flush cycle 9018
2026-09-30T17:09:25Z [174,173ms] [Warning] [isaacsim.ros2.nodes] ROS2 TF aggregation contributor '/World/Nova_Carter_ROS/transform_tree_odometry/tf_tree_base_link_to_wheel_base' did not submit transforms for topic '/tf' on flush cycle 9018
2026-09-30T17:09:25Z [174,173ms] [Warning] [isaacsim.ros2.nodes] ROS2 TF aggregation contributor '/World/Nova_Carter_ROS/transform_tree_odometry/tf_tree_base_link_to_sensors' did not submit transforms for topic '/tf' on flush cycle 9018
2026-09-30T17:09:25Z [174,173ms] [Warning] [isaacsim.ros2.nodes] ROS2 TF aggregation contributor '/World/Nova_Carter_ROS/transform_tree_odometry/tf_tree_base_link_to_chassis' did not submit transforms for topic '/tf' on flush cycle 9018
2026-09-30T17:09:27Z [176,223ms] [Warning] [isaacsim.ros2.nodes] ROS2 TF aggregation contributor '/World/Nova_Carter_ROS/chassis_link/sensors/front_owl/ROS_TF/PublisherTF' did not submit transforms for topic '/tf' on flush cycle 9138
2026-09-30T17:09:27Z [176,223ms] [Warning] [isaacsim.ros2.nodes] ROS2 TF aggregation contributor '/World/Nova_Carter_ROS/chassis_link/sensors/rear_RPLidar/ROS_TF/PublisherTF' did not submit transforms for topic '/tf' on flush cycle 9138
2026-09-30T17:09:27Z [176,223ms] [Warning] [isaacsim.ros2.nodes] ROS2 TF aggregation contributor '/World/Nova_Carter_ROS/chassis_link/sensors/left_hawk/ROS_TF/PublisherTF' did not submit transforms for topic '/tf' on flush cycle 9138
2026-09-30T17:09:27Z [176,223ms] [Warning] [isaacsim.ros2.nodes] ROS2 TF aggregation contributor '/World/Nova_Carter_ROS/chassis_link/sensors/front_hawk/ROS_TF/PublisherTF' did not submit transforms for topic '/tf' on flush cycle 9138
2026-09-30T17:09:27Z [176,223ms] [Warning] [isaacsim.ros2.nodes] ROS2 TF aggregation contributor '/World/Nova_Carter_ROS/chassis_link/sensors/back_owl/ROS_TF/PublisherTF' did not submit transforms for topic '/tf' on flush cycle 9138
2026-09-30T17:09:27Z [176,223ms] [Warning] [isaacsim.ros2.nodes] ROS2 TF aggregation contributor '/World/Nova_Carter_ROS/chassis_link/sensors/XT_32/ROS_TF/PublisherTF' did not submit transforms for topic '/tf' on flush cycle 9138
2026-09-30T17:09:27Z [176,223ms] [Warning] [isaacsim.ros2.nodes] ROS2 TF aggregation contributor '/World/Nova_Carter_ROS/chassis_link/sensors/front_RPLidar/ROS_TF/PublisherTF' did not submit transforms for topic '/tf' on flush cycle 9138
2026-09-30T17:09:27Z [176,223ms] [Warning] [isaacsim.ros2.nodes] ROS2 TF aggregation contributor '/World/Nova_Carter_ROS/chassis_link/sensors/left_owl/ROS_TF/PublisherTF' did not submit transforms for topic '/tf' on flush cycle 9138
2026-09-30T17:09:27Z [176,223ms] [Warning] [isaacsim.ros2.nodes] ROS2 TF aggregation contributor '/World/Nova_Carter_ROS/chassis_link/sensors/right_owl/ROS_TF/PublisherTF' did not submit transforms for topic '/tf' on flush cycle 9138
2026-09-30T17:09:27Z [176,223ms] [Warning] [isaacsim.ros2.nodes] ROS2 TF aggregation contributor '/World/Nova_Carter_ROS/chassis_link/sensors/back_hawk/ROS_TF/PublisherTF' did not submit transforms for topic '/tf' on flush cycle 9138
2026-09-30T17:09:27Z [176,223ms] [Warning] [isaacsim.ros2.nodes] ROS2 TF aggregation contributor '/World/Nova_Carter_ROS/transform_tree_odometry/ros2_publish_raw_transform_tree' did not submit transforms for topic '/tf' on flush cycle 9138
2026-09-30T17:09:27Z [176,223ms] [Warning] [isaacsim.ros2.nodes] ROS2 TF aggregation contributor '/World/Nova_Carter_ROS/chassis_link/sensors/right_hawk/ROS_TF/PublisherTF' did not submit transforms for topic '/tf' on flush cycle 9138
2026-09-30T17:09:27Z [176,223ms] [Warning] [isaacsim.ros2.nodes] ROS2 TF aggregation contributor '/World/Nova_Carter_ROS/transform_tree_odometry/tf_tree_base_link_to_wheel_base' did not submit transforms for topic '/tf' on flush cycle 9138
2026-09-30T17:09:27Z [176,223ms] [Warning] [isaacsim.ros2.nodes] ROS2 TF aggregation contributor '/World/Nova_Carter_ROS/transform_tree_odometry/tf_tree_base_link_to_sensors' did not submit transforms for topic '/tf' on flush cycle 9138
2026-09-30T17:09:27Z [176,223ms] [Warning] [isaacsim.ros2.nodes] ROS2 TF aggregation contributor '/World/Nova_Carter_ROS/transform_tree_odometry/tf_tree_base_link_to_chassis' did not submit transforms for topic '/tf' on flush cycle 9138
2026-09-30T17:09:29Z [178,279ms] [Warning] [isaacsim.ros2.nodes] ROS2 TF aggregation contributor '/World/Nova_Carter_ROS/chassis_link/sensors/front_owl/ROS_TF/PublisherTF' did not submit transforms for topic '/tf' on flush cycle 9258
2026-09-30T17:09:29Z [178,279ms] [Warning] [isaacsim.ros2.nodes] ROS2 TF aggregation contributor '/World/Nova_Carter_ROS/chassis_link/sensors/rear_RPLidar/ROS_TF/PublisherTF' did not submit transforms for topic '/tf' on flush cycle 9258
2026-09-30T17:09:29Z [178,279ms] [Warning] [isaacsim.ros2.nodes] ROS2 TF aggregation contributor '/World/Nova_Carter_ROS/chassis_link/sensors/left_hawk/ROS_TF/PublisherTF' did not submit transforms for topic '/tf' on flush cycle 9258
2026-09-30T17:09:29Z [178,279ms] [Warning] [isaacsim.ros2.nodes] ROS2 TF aggregation contributor '/World/Nova_Carter_ROS/chassis_link/sensors/front_hawk/ROS_TF/PublisherTF' did not submit transforms for topic '/tf' on flush cycle 9258
2026-09-30T17:09:29Z [178,279ms] [Warning] [isaacsim.ros2.nodes] ROS2 TF aggregation contributor '/World/Nova_Carter_ROS/chassis_link/sensors/back_owl/ROS_TF/PublisherTF' did not submit transforms for topic '/tf' on flush cycle 9258
2026-09-30T17:09:29Z [178,279ms] [Warning] [isaacsim.ros2.nodes] ROS2 TF aggregation contributor '/World/Nova_Carter_ROS/chassis_link/sensors/XT_32/ROS_TF/PublisherTF' did not submit transforms for topic '/tf' on flush cycle 9258
2026-09-30T17:09:29Z [178,279ms] [Warning] [isaacsim.ros2.nodes] ROS2 TF aggregation contributor '/World/Nova_Carter_ROS/chassis_link/sensors/front_RPLidar/ROS_TF/PublisherTF' did not submit transforms for topic '/tf' on flush cycle 9258
2026-09-30T17:09:29Z [178,279ms] [Warning] [isaacsim.ros2.nodes] ROS2 TF aggregation contributor '/World/Nova_Carter_ROS/chassis_link/sensors/left_owl/ROS_TF/PublisherTF' did not submit transforms for topic '/tf' on flush cycle 9258
2026-09-30T17:09:29Z [178,279ms] [Warning] [isaacsim.ros2.nodes] ROS2 TF aggregation contributor '/World/Nova_Carter_ROS/chassis_link/sensors/right_owl/ROS_TF/PublisherTF' did not submit transforms for topic '/tf' on flush cycle 9258
2026-09-30T17:09:29Z [178,279ms] [Warning] [isaacsim.ros2.nodes] ROS2 TF aggregation contributor '/World/Nova_Carter_ROS/chassis_link/sensors/back_hawk/ROS_TF/PublisherTF' did not submit transforms for topic '/tf' on flush cycle 9258
2026-09-30T17:09:29Z [178,279ms] [Warning] [isaacsim.ros2.nodes] ROS2 TF aggregation contributor '/World/Nova_Carter_ROS/transform_tree_odometry/ros2_publish_raw_transform_tree' did not submit transforms for topic '/tf' on flush cycle 9258
2026-09-30T17:09:29Z [178,279ms] [Warning] [isaacsim.ros2.nodes] ROS2 TF aggregation contributor '/World/Nova_Carter_ROS/chassis_link/sensors/right_hawk/ROS_TF/PublisherTF' did not submit transforms for topic '/tf' on flush cycle 9258
2026-09-30T17:09:29Z [178,279ms] [Warning] [isaacsim.ros2.nodes] ROS2 TF aggregation contributor '/World/Nova_Carter_ROS/transform_tree_odometry/tf_tree_base_link_to_wheel_base' did not submit transforms for topic '/tf' on flush cycle 9258
2026-09-30T17:09:29Z [178,279ms] [Warning] [isaacsim.ros2.nodes] ROS2 TF aggregation contributor '/World/Nova_Carter_ROS/transform_tree_odometry/tf_tree_base_link_to_sensors' did not submit transforms for topic '/tf' on flush cycle 9258
2026-09-30T17:09:29Z [178,279ms] [Warning] [isaacsim.ros2.nodes] ROS2 TF aggregation contributor '/World/Nova_Carter_ROS/transform_tree_odometry/tf_tree_base_link_to_chassis' did not submit transforms for topic '/tf' on flush cycle 9258
2026-09-30T17:09:39Z [188,342ms] [Warning] [isaacsim.ros2.nodes] ROS2 TF aggregation contributor '/World/Nova_Carter_ROS/chassis_link/sensors/front_owl/ROS_TF/PublisherTF' did not submit transforms for topic '/tf' on flush cycle 9791
2026-09-30T17:09:39Z [188,342ms] [Warning] [isaacsim.ros2.nodes] ROS2 TF aggregation contributor '/World/Nova_Carter_ROS/chassis_link/sensors/rear_RPLidar/ROS_TF/PublisherTF' did not submit transforms for topic '/tf' on flush cycle 9791
2026-09-30T17:09:39Z [188,342ms] [Warning] [isaacsim.ros2.nodes] ROS2 TF aggregation contributor '/World/Nova_Carter_ROS/chassis_link/sensors/left_hawk/ROS_TF/PublisherTF' did not submit transforms for topic '/tf' on flush cycle 9791
2026-09-30T17:09:39Z [188,342ms] [Warning] [isaacsim.ros2.nodes] ROS2 TF aggregation contributor '/World/Nova_Carter_ROS/chassis_link/sensors/front_hawk/ROS_TF/PublisherTF' did not submit transforms for topic '/tf' on flush cycle 9791
2026-09-30T17:09:39Z [188,342ms] [Warning] [isaacsim.ros2.nodes] ROS2 TF aggregation contributor '/World/Nova_Carter_ROS/chassis_link/sensors/back_owl/ROS_TF/PublisherTF' did not submit transforms for topic '/tf' on flush cycle 9791
2026-09-30T17:09:39Z [188,342ms] [Warning] [isaacsim.ros2.nodes] ROS2 TF aggregation contributor '/World/Nova_Carter_ROS/chassis_link/sensors/XT_32/ROS_TF/PublisherTF' did not submit transforms for topic '/tf' on flush cycle 9791
2026-09-30T17:09:39Z [188,342ms] [Warning] [isaacsim.ros2.nodes] ROS2 TF aggregation contributor '/World/Nova_Carter_ROS/chassis_link/sensors/front_RPLidar/ROS_TF/PublisherTF' did not submit transforms for topic '/tf' on flush cycle 9791
2026-09-30T17:09:39Z [188,342ms] [Warning] [isaacsim.ros2.nodes] ROS2 TF aggregation contributor '/World/Nova_Carter_ROS/chassis_link/sensors/left_owl/ROS_TF/PublisherTF' did not submit transforms for topic '/tf' on flush cycle 9791
2026-09-30T17:09:39Z [188,342ms] [Warning] [isaacsim.ros2.nodes] ROS2 TF aggregation contributor '/World/Nova_Carter_ROS/chassis_link/sensors/right_owl/ROS_TF/PublisherTF' did not submit transforms for topic '/tf' on flush cycle 9791
2026-09-30T17:09:39Z [188,342ms] [Warning] [isaacsim.ros2.nodes] ROS2 TF aggregation contributor '/World/Nova_Carter_ROS/chassis_link/sensors/back_hawk/ROS_TF/PublisherTF' did not submit transforms for topic '/tf' on flush cycle 9791
2026-09-30T17:09:39Z [188,342ms] [Warning] [isaacsim.ros2.nodes] ROS2 TF aggregation contributor '/World/Nova_Carter_ROS/transform_tree_odometry/ros2_publish_raw_transform_tree' did not submit transforms for topic '/tf' on flush cycle 9791
2026-09-30T17:09:39Z [188,342ms] [Warning] [isaacsim.ros2.nodes] ROS2 TF aggregation contributor '/World/Nova_Carter_ROS/chassis_link/sensors/right_hawk/ROS_TF/PublisherTF' did not submit transforms for topic '/tf' on flush cycle 9791
2026-09-30T17:09:39Z [188,343ms] [Warning] [isaacsim.ros2.nodes] ROS2 TF aggregation contributor '/World/Nova_Carter_ROS/transform_tree_odometry/tf_tree_base_link_to_wheel_base' did not submit transforms for topic '/tf' on flush cycle 9791
2026-09-30T17:09:39Z [188,343ms] [Warning] [isaacsim.ros2.nodes] ROS2 TF aggregation contributor '/World/Nova_Carter_ROS/transform_tree_odometry/tf_tree_base_link_to_sensors' did not submit transforms for topic '/tf' on flush cycle 9791
2026-09-30T17:09:39Z [188,343ms] [Warning] [isaacsim.ros2.nodes] ROS2 TF aggregation contributor '/World/Nova_Carter_ROS/transform_tree_odometry/tf_tree_base_link_to_chassis' did not submit transforms for topic '/tf' on flush cycle 9791
2026-09-30T17:09:41Z [190,472ms] [Warning] [isaacsim.ros2.nodes] ROS2 TF aggregation contributor '/World/Nova_Carter_ROS/chassis_link/sensors/front_owl/ROS_TF/PublisherTF' did not submit transforms for topic '/tf' on flush cycle 9911
2026-09-30T17:09:41Z [190,472ms] [Warning] [isaacsim.ros2.nodes] ROS2 TF aggregation contributor '/World/Nova_Carter_ROS/chassis_link/sensors/rear_RPLidar/ROS_TF/PublisherTF' did not submit transforms for topic '/tf' on flush cycle 9911
2026-09-30T17:09:41Z [190,472ms] [Warning] [isaacsim.ros2.nodes] ROS2 TF aggregation contributor '/World/Nova_Carter_ROS/chassis_link/sensors/left_hawk/ROS_TF/PublisherTF' did not submit transforms for topic '/tf' on flush cycle 9911
2026-09-30T17:09:41Z [190,472ms] [Warning] [isaacsim.ros2.nodes] ROS2 TF aggregation contributor '/World/Nova_Carter_ROS/chassis_link/sensors/front_hawk/ROS_TF/PublisherTF' did not submit transforms for topic '/tf' on flush cycle 9911
2026-09-30T17:09:41Z [190,472ms] [Warning] [isaacsim.ros2.nodes] ROS2 TF aggregation contributor '/World/Nova_Carter_ROS/chassis_link/sensors/back_owl/ROS_TF/PublisherTF' did not submit transforms for topic '/tf' on flush cycle 9911
2026-09-30T17:09:41Z [190,472ms] [Warning] [isaacsim.ros2.nodes] ROS2 TF aggregation contributor '/World/Nova_Carter_ROS/chassis_link/sensors/XT_32/ROS_TF/PublisherTF' did not submit transforms for topic '/tf' on flush cycle 9911
2026-09-30T17:09:41Z [190,472ms] [Warning] [isaacsim.ros2.nodes] ROS2 TF aggregation contributor '/World/Nova_Carter_ROS/chassis_link/sensors/front_RPLidar/ROS_TF/PublisherTF' did not submit transforms for topic '/tf' on flush cycle 9911
2026-09-30T17:09:41Z [190,472ms] [Warning] [isaacsim.ros2.nodes] ROS2 TF aggregation contributor '/World/Nova_Carter_ROS/chassis_link/sensors/left_owl/ROS_TF/PublisherTF' did not submit transforms for topic '/tf' on flush cycle 9911
2026-09-30T17:09:41Z [190,472ms] [Warning] [isaacsim.ros2.nodes] ROS2 TF aggregation contributor '/World/Nova_Carter_ROS/chassis_link/sensors/right_owl/ROS_TF/PublisherTF' did not submit transforms for topic '/tf' on flush cycle 9911
2026-09-30T17:09:41Z [190,472ms] [Warning] [isaacsim.ros2.nodes] ROS2 TF aggregation contributor '/World/Nova_Carter_ROS/chassis_link/sensors/back_hawk/ROS_TF/PublisherTF' did not submit transforms for topic '/tf' on flush cycle 9911
2026-09-30T17:09:41Z [190,472ms] [Warning] [isaacsim.ros2.nodes] ROS2 TF aggregation contributor '/World/Nova_Carter_ROS/transform_tree_odometry/ros2_publish_raw_transform_tree' did not submit transforms for topic '/tf' on flush cycle 9911
2026-09-30T17:09:41Z [190,472ms] [Warning] [isaacsim.ros2.nodes] ROS2 TF aggregation contributor '/World/Nova_Carter_ROS/chassis_link/sensors/right_hawk/ROS_TF/PublisherTF' did not submit transforms for topic '/tf' on flush cycle 9911
2026-09-30T17:09:41Z [190,472ms] [Warning] [isaacsim.ros2.nodes] ROS2 TF aggregation contributor '/World/Nova_Carter_ROS/transform_tree_odometry/tf_tree_base_link_to_wheel_base' did not submit transforms for topic '/tf' on flush cycle 9911
2026-09-30T17:09:41Z [190,472ms] [Warning] [isaacsim.ros2.nodes] ROS2 TF aggregation contributor '/World/Nova_Carter_ROS/transform_tree_odometry/tf_tree_base_link_to_sensors' did not submit transforms for topic '/tf' on flush cycle 9911
2026-09-30T17:09:41Z [190,472ms] [Warning] [isaacsim.ros2.nodes] ROS2 TF aggregation contributor '/World/Nova_Carter_ROS/transform_tree_odometry/tf_tree_base_link_to_chassis' did not submit transforms for topic '/tf' on flush cycle 9911
2026-09-30T17:09:43Z [192,516ms] [Warning] [isaacsim.ros2.nodes] ROS2 TF aggregation contributor '/World/Nova_Carter_ROS/chassis_link/sensors/front_owl/ROS_TF/PublisherTF' did not submit transforms for topic '/tf' on flush cycle 10031
2026-09-30T17:09:43Z [192,516ms] [Warning] [isaacsim.ros2.nodes] ROS2 TF aggregation contributor '/World/Nova_Carter_ROS/chassis_link/sensors/rear_RPLidar/ROS_TF/PublisherTF' did not submit transforms for topic '/tf' on flush cycle 10031
2026-09-30T17:09:43Z [192,516ms] [Warning] [isaacsim.ros2.nodes] ROS2 TF aggregation contributor '/World/Nova_Carter_ROS/chassis_link/sensors/left_hawk/ROS_TF/PublisherTF' did not submit transforms for topic '/tf' on flush cycle 10031
2026-09-30T17:09:43Z [192,516ms] [Warning] [isaacsim.ros2.nodes] ROS2 TF aggregation contributor '/World/Nova_Carter_ROS/chassis_link/sensors/front_hawk/ROS_TF/PublisherTF' did not submit transforms for topic '/tf' on flush cycle 10031
2026-09-30T17:09:43Z [192,516ms] [Warning] [isaacsim.ros2.nodes] ROS2 TF aggregation contributor '/World/Nova_Carter_ROS/chassis_link/sensors/back_owl/ROS_TF/PublisherTF' did not submit transforms for topic '/tf' on flush cycle 10031
2026-09-30T17:09:43Z [192,516ms] [Warning] [isaacsim.ros2.nodes] ROS2 TF aggregation contributor '/World/Nova_Carter_ROS/chassis_link/sensors/XT_32/ROS_TF/PublisherTF' did not submit transforms for topic '/tf' on flush cycle 10031
2026-09-30T17:09:43Z [192,516ms] [Warning] [isaacsim.ros2.nodes] ROS2 TF aggregation contributor '/World/Nova_Carter_ROS/chassis_link/sensors/front_RPLidar/ROS_TF/PublisherTF' did not submit transforms for topic '/tf' on flush cycle 10031
2026-09-30T17:09:43Z [192,516ms] [Warning] [isaacsim.ros2.nodes] ROS2 TF aggregation contributor '/World/Nova_Carter_ROS/chassis_link/sensors/left_owl/ROS_TF/PublisherTF' did not submit transforms for topic '/tf' on flush cycle 10031
2026-09-30T17:09:43Z [192,516ms] [Warning] [isaacsim.ros2.nodes] ROS2 TF aggregation contributor '/World/Nova_Carter_ROS/chassis_link/sensors/right_owl/ROS_TF/PublisherTF' did not submit transforms for topic '/tf' on flush cycle 10031
2026-09-30T17:09:43Z [192,516ms] [Warning] [isaacsim.ros2.nodes] ROS2 TF aggregation contributor '/World/Nova_Carter_ROS/chassis_link/sensors/back_hawk/ROS_TF/PublisherTF' did not submit transforms for topic '/tf' on flush cycle 10031
2026-09-30T17:09:43Z [192,516ms] [Warning] [isaacsim.ros2.nodes] ROS2 TF aggregation contributor '/World/Nova_Carter_ROS/transform_tree_odometry/ros2_publish_raw_transform_tree' did not submit transforms for topic '/tf' on flush cycle 10031
2026-09-30T17:09:43Z [192,516ms] [Warning] [isaacsim.ros2.nodes] ROS2 TF aggregation contributor '/World/Nova_Carter_ROS/chassis_link/sensors/right_hawk/ROS_TF/PublisherTF' did not submit transforms for topic '/tf' on flush cycle 10031
2026-09-30T17:09:43Z [192,516ms] [Warning] [isaacsim.ros2.nodes] ROS2 TF aggregation contributor '/World/Nova_Carter_ROS/transform_tree_odometry/tf_tree_base_link_to_wheel_base' did not submit transforms for topic '/tf' on flush cycle 10031
2026-09-30T17:09:43Z [192,516ms] [Warning] [isaacsim.ros2.nodes] ROS2 TF aggregation contributor '/World/Nova_Carter_ROS/transform_tree_odometry/tf_tree_base_link_to_sensors' did not submit transforms for topic '/tf' on flush cycle 10031
2026-09-30T17:09:43Z [192,516ms] [Warning] [isaacsim.ros2.nodes] ROS2 TF aggregation contributor '/World/Nova_Carter_ROS/transform_tree_odometry/tf_tree_base_link_to_chassis' did not submit transforms for topic '/tf' on flush cycle 10031
2026-09-30T17:09:45Z [194,560ms] [Warning] [isaacsim.ros2.nodes] ROS2 TF aggregation contributor '/World/Nova_Carter_ROS/chassis_link/sensors/front_owl/ROS_TF/PublisherTF' did not submit transforms for topic '/tf' on flush cycle 10151
2026-09-30T17:09:45Z [194,560ms] [Warning] [isaacsim.ros2.nodes] ROS2 TF aggregation contributor '/World/Nova_Carter_ROS/chassis_link/sensors/rear_RPLidar/ROS_TF/PublisherTF' did not submit transforms for topic '/tf' on flush cycle 10151
2026-09-30T17:09:45Z [194,560ms] [Warning] [isaacsim.ros2.nodes] ROS2 TF aggregation contributor '/World/Nova_Carter_ROS/chassis_link/sensors/left_hawk/ROS_TF/PublisherTF' did not submit transforms for topic '/tf' on flush cycle 10151
2026-09-30T17:09:45Z [194,560ms] [Warning] [isaacsim.ros2.nodes] ROS2 TF aggregation contributor '/World/Nova_Carter_ROS/chassis_link/sensors/front_hawk/ROS_TF/PublisherTF' did not submit transforms for topic '/tf' on flush cycle 10151
2026-09-30T17:09:45Z [194,560ms] [Warning] [isaacsim.ros2.nodes] ROS2 TF aggregation contributor '/World/Nova_Carter_ROS/chassis_link/sensors/back_owl/ROS_TF/PublisherTF' did not submit transforms for topic '/tf' on flush cycle 10151
2026-09-30T17:09:45Z [194,560ms] [Warning] [isaacsim.ros2.nodes] ROS2 TF aggregation contributor '/World/Nova_Carter_ROS/chassis_link/sensors/XT_32/ROS_TF/PublisherTF' did not submit transforms for topic '/tf' on flush cycle 10151
2026-09-30T17:09:45Z [194,560ms] [Warning] [isaacsim.ros2.nodes] ROS2 TF aggregation contributor '/World/Nova_Carter_ROS/chassis_link/sensors/front_RPLidar/ROS_TF/PublisherTF' did not submit transforms for topic '/tf' on flush cycle 10151
2026-09-30T17:09:45Z [194,560ms] [Warning] [isaacsim.ros2.nodes] ROS2 TF aggregation contributor '/World/Nova_Carter_ROS/chassis_link/sensors/left_owl/ROS_TF/PublisherTF' did not submit transforms for topic '/tf' on flush cycle 10151
2026-09-30T17:09:45Z [194,560ms] [Warning] [isaacsim.ros2.nodes] ROS2 TF aggregation contributor '/World/Nova_Carter_ROS/chassis_link/sensors/right_owl/ROS_TF/PublisherTF' did not submit transforms for topic '/tf' on flush cycle 10151
2026-09-30T17:09:45Z [194,560ms] [Warning] [isaacsim.ros2.nodes] ROS2 TF aggregation contributor '/World/Nova_Carter_ROS/chassis_link/sensors/back_hawk/ROS_TF/PublisherTF' did not submit transforms for topic '/tf' on flush cycle 10151
2026-09-30T17:09:45Z [194,560ms] [Warning] [isaacsim.ros2.nodes] ROS2 TF aggregation contributor '/World/Nova_Carter_ROS/transform_tree_odometry/ros2_publish_raw_transform_tree' did not submit transforms for topic '/tf' on flush cycle 10151
2026-09-30T17:09:45Z [194,560ms] [Warning] [isaacsim.ros2.nodes] ROS2 TF aggregation contributor '/World/Nova_Carter_ROS/chassis_link/sensors/right_hawk/ROS_TF/PublisherTF' did not submit transforms for topic '/tf' on flush cycle 10151
2026-09-30T17:09:45Z [194,560ms] [Warning] [isaacsim.ros2.nodes] ROS2 TF aggregation contributor '/World/Nova_Carter_ROS/transform_tree_odometry/tf_tree_base_link_to_wheel_base' did not submit transforms for topic '/tf' on flush cycle 10151
2026-09-30T17:09:45Z [194,560ms] [Warning] [isaacsim.ros2.nodes] ROS2 TF aggregation contributor '/World/Nova_Carter_ROS/transform_tree_odometry/tf_tree_base_link_to_sensors' did not submit transforms for topic '/tf' on flush cycle 10151
2026-09-30T17:09:45Z [194,560ms] [Warning] [isaacsim.ros2.nodes] ROS2 TF aggregation contributor '/World/Nova_Carter_ROS/transform_tree_odometry/tf_tree_base_link_to_chassis' did not submit transforms for topic '/tf' on flush cycle 10151
2026-09-30T17:09:47Z [196,611ms] [Warning] [isaacsim.ros2.nodes] ROS2 TF aggregation contributor '/World/Nova_Carter_ROS/chassis_link/sensors/front_owl/ROS_TF/PublisherTF' did not submit transforms for topic '/tf' on flush cycle 10271
2026-09-30T17:09:47Z [196,611ms] [Warning] [isaacsim.ros2.nodes] ROS2 TF aggregation contributor '/World/Nova_Carter_ROS/chassis_link/sensors/rear_RPLidar/ROS_TF/PublisherTF' did not submit transforms for topic '/tf' on flush cycle 10271
2026-09-30T17:09:47Z [196,611ms] [Warning] [isaacsim.ros2.nodes] ROS2 TF aggregation contributor '/World/Nova_Carter_ROS/chassis_link/sensors/left_hawk/ROS_TF/PublisherTF' did not submit transforms for topic '/tf' on flush cycle 10271
2026-09-30T17:09:47Z [196,611ms] [Warning] [isaacsim.ros2.nodes] ROS2 TF aggregation contributor '/World/Nova_Carter_ROS/chassis_link/sensors/front_hawk/ROS_TF/PublisherTF' did not submit transforms for topic '/tf' on flush cycle 10271
2026-09-30T17:09:47Z [196,611ms] [Warning] [isaacsim.ros2.nodes] ROS2 TF aggregation contributor '/World/Nova_Carter_ROS/chassis_link/sensors/back_owl/ROS_TF/PublisherTF' did not submit transforms for topic '/tf' on flush cycle 10271
2026-09-30T17:09:47Z [196,611ms] [Warning] [isaacsim.ros2.nodes] ROS2 TF aggregation contributor '/World/Nova_Carter_ROS/chassis_link/sensors/XT_32/ROS_TF/PublisherTF' did not submit transforms for topic '/tf' on flush cycle 10271
2026-09-30T17:09:47Z [196,611ms] [Warning] [isaacsim.ros2.nodes] ROS2 TF aggregation contributor '/World/Nova_Carter_ROS/chassis_link/sensors/front_RPLidar/ROS_TF/PublisherTF' did not submit transforms for topic '/tf' on flush cycle 10271
2026-09-30T17:09:47Z [196,611ms] [Warning] [isaacsim.ros2.nodes] ROS2 TF aggregation contributor '/World/Nova_Carter_ROS/chassis_link/sensors/left_owl/ROS_TF/PublisherTF' did not submit transforms for topic '/tf' on flush cycle 10271
2026-09-30T17:09:47Z [196,611ms] [Warning] [isaacsim.ros2.nodes] ROS2 TF aggregation contributor '/World/Nova_Carter_ROS/chassis_link/sensors/right_owl/ROS_TF/PublisherTF' did not submit transforms for topic '/tf' on flush cycle 10271
2026-09-30T17:09:47Z [196,611ms] [Warning] [isaacsim.ros2.nodes] ROS2 TF aggregation contributor '/World/Nova_Carter_ROS/chassis_link/sensors/back_hawk/ROS_TF/PublisherTF' did not submit transforms for topic '/tf' on flush cycle 10271
2026-09-30T17:09:47Z [196,611ms] [Warning] [isaacsim.ros2.nodes] ROS2 TF aggregation contributor '/World/Nova_Carter_ROS/transform_tree_odometry/ros2_publish_raw_transform_tree' did not submit transforms for topic '/tf' on flush cycle 10271
2026-09-30T17:09:47Z [196,611ms] [Warning] [isaacsim.ros2.nodes] ROS2 TF aggregation contributor '/World/Nova_Carter_ROS/chassis_link/sensors/right_hawk/ROS_TF/PublisherTF' did not submit transforms for topic '/tf' on flush cycle 10271
2026-09-30T17:09:47Z [196,611ms] [Warning] [isaacsim.ros2.nodes] ROS2 TF aggregation contributor '/World/Nova_Carter_ROS/transform_tree_odometry/tf_tree_base_link_to_wheel_base' did not submit transforms for topic '/tf' on flush cycle 10271
2026-09-30T17:09:47Z [196,611ms] [Warning] [isaacsim.ros2.nodes] ROS2 TF aggregation contributor '/World/Nova_Carter_ROS/transform_tree_odometry/tf_tree_base_link_to_sensors' did not submit transforms for topic '/tf' on flush cycle 10271
2026-09-30T17:09:47Z [196,611ms] [Warning] [isaacsim.ros2.nodes] ROS2 TF aggregation contributor '/World/Nova_Carter_ROS/transform_tree_odometry/tf_tree_base_link_to_chassis' did not submit transforms for topic '/tf' on flush cycle 10271
2026-09-30T17:09:49Z [198,658ms] [Warning] [isaacsim.ros2.nodes] ROS2 TF aggregation contributor '/World/Nova_Carter_ROS/chassis_link/sensors/front_owl/ROS_TF/PublisherTF' did not submit transforms for topic '/tf' on flush cycle 10391
2026-09-30T17:09:49Z [198,658ms] [Warning] [isaacsim.ros2.nodes] ROS2 TF aggregation contributor '/World/Nova_Carter_ROS/chassis_link/sensors/rear_RPLidar/ROS_TF/PublisherTF' did not submit transforms for topic '/tf' on flush cycle 10391
2026-09-30T17:09:49Z [198,658ms] [Warning] [isaacsim.ros2.nodes] ROS2 TF aggregation contributor '/World/Nova_Carter_ROS/chassis_link/sensors/left_hawk/ROS_TF/PublisherTF' did not submit transforms for topic '/tf' on flush cycle 10391
2026-09-30T17:09:49Z [198,658ms] [Warning] [isaacsim.ros2.nodes] ROS2 TF aggregation contributor '/World/Nova_Carter_ROS/chassis_link/sensors/front_hawk/ROS_TF/PublisherTF' did not submit transforms for topic '/tf' on flush cycle 10391
2026-09-30T17:09:49Z [198,658ms] [Warning] [isaacsim.ros2.nodes] ROS2 TF aggregation contributor '/World/Nova_Carter_ROS/chassis_link/sensors/back_owl/ROS_TF/PublisherTF' did not submit transforms for topic '/tf' on flush cycle 10391
2026-09-30T17:09:49Z [198,658ms] [Warning] [isaacsim.ros2.nodes] ROS2 TF aggregation contributor '/World/Nova_Carter_ROS/chassis_link/sensors/XT_32/ROS_TF/PublisherTF' did not submit transforms for topic '/tf' on flush cycle 10391
2026-09-30T17:09:49Z [198,658ms] [Warning] [isaacsim.ros2.nodes] ROS2 TF aggregation contributor '/World/Nova_Carter_ROS/chassis_link/sensors/front_RPLidar/ROS_TF/PublisherTF' did not submit transforms for topic '/tf' on flush cycle 10391
2026-09-30T17:09:49Z [198,658ms] [Warning] [isaacsim.ros2.nodes] ROS2 TF aggregation contributor '/World/Nova_Carter_ROS/chassis_link/sensors/left_owl/ROS_TF/PublisherTF' did not submit transforms for topic '/tf' on flush cycle 10391
2026-09-30T17:09:49Z [198,658ms] [Warning] [isaacsim.ros2.nodes] ROS2 TF aggregation contributor '/World/Nova_Carter_ROS/chassis_link/sensors/right_owl/ROS_TF/PublisherTF' did not submit transforms for topic '/tf' on flush cycle 10391
2026-09-30T17:09:49Z [198,658ms] [Warning] [isaacsim.ros2.nodes] ROS2 TF aggregation contributor '/World/Nova_Carter_ROS/chassis_link/sensors/back_hawk/ROS_TF/PublisherTF' did not submit transforms for topic '/tf' on flush cycle 10391
2026-09-30T17:09:49Z [198,658ms] [Warning] [isaacsim.ros2.nodes] ROS2 TF aggregation contributor '/World/Nova_Carter_ROS/transform_tree_odometry/ros2_publish_raw_transform_tree' did not submit transforms for topic '/tf' on flush cycle 10391
2026-09-30T17:09:49Z [198,658ms] [Warning] [isaacsim.ros2.nodes] ROS2 TF aggregation contributor '/World/Nova_Carter_ROS/chassis_link/sensors/right_hawk/ROS_TF/PublisherTF' did not submit transforms for topic '/tf' on flush cycle 10391
2026-09-30T17:09:49Z [198,658ms] [Warning] [isaacsim.ros2.nodes] ROS2 TF aggregation contributor '/World/Nova_Carter_ROS/transform_tree_odometry/tf_tree_base_link_to_wheel_base' did not submit transforms for topic '/tf' on flush cycle 10391
2026-09-30T17:09:49Z [198,658ms] [Warning] [isaacsim.ros2.nodes] ROS2 TF aggregation contributor '/World/Nova_Carter_ROS/transform_tree_odometry/tf_tree_base_link_to_sensors' did not submit transforms for topic '/tf' on flush cycle 10391
2026-09-30T17:09:49Z [198,658ms] [Warning] [isaacsim.ros2.nodes] ROS2 TF aggregation contributor '/World/Nova_Carter_ROS/transform_tree_odometry/tf_tree_base_link_to_chassis' did not submit transforms for topic '/tf' on flush cycle 10391
2026-09-30T17:09:58Z [207,059ms] [Warning] [omni.graph.core.plugin] /World/Nova_Carter_ROS/differential_drive/differential_controller_01: [/World/Nova_Carter_ROS/differential_drive] Invalid deltaTime 0.000000, cannot check for acceleration limits, skipping current step
2026-09-30T17:10:01Z [210,499ms] [Warning] [isaacsim.ros2.nodes] ROS2 TF aggregation contributor '/World/Nova_Carter_ROS/chassis_link/sensors/front_owl/ROS_TF/PublisherTF' did not submit transforms for topic '/tf' on flush cycle 11039
2026-09-30T17:10:01Z [210,499ms] [Warning] [isaacsim.ros2.nodes] ROS2 TF aggregation contributor '/World/Nova_Carter_ROS/chassis_link/sensors/rear_RPLidar/ROS_TF/PublisherTF' did not submit transforms for topic '/tf' on flush cycle 11039
2026-09-30T17:10:01Z [210,499ms] [Warning] [isaacsim.ros2.nodes] ROS2 TF aggregation contributor '/World/Nova_Carter_ROS/chassis_link/sensors/left_hawk/ROS_TF/PublisherTF' did not submit transforms for topic '/tf' on flush cycle 11039
2026-09-30T17:10:01Z [210,499ms] [Warning] [isaacsim.ros2.nodes] ROS2 TF aggregation contributor '/World/Nova_Carter_ROS/chassis_link/sensors/front_hawk/ROS_TF/PublisherTF' did not submit transforms for topic '/tf' on flush cycle 11039
2026-09-30T17:10:01Z [210,499ms] [Warning] [isaacsim.ros2.nodes] ROS2 TF aggregation contributor '/World/Nova_Carter_ROS/chassis_link/sensors/back_owl/ROS_TF/PublisherTF' did not submit transforms for topic '/tf' on flush cycle 11039
2026-09-30T17:10:01Z [210,499ms] [Warning] [isaacsim.ros2.nodes] ROS2 TF aggregation contributor '/World/Nova_Carter_ROS/chassis_link/sensors/XT_32/ROS_TF/PublisherTF' did not submit transforms for topic '/tf' on flush cycle 11039
2026-09-30T17:10:01Z [210,499ms] [Warning] [isaacsim.ros2.nodes] ROS2 TF aggregation contributor '/World/Nova_Carter_ROS/chassis_link/sensors/front_RPLidar/ROS_TF/PublisherTF' did not submit transforms for topic '/tf' on flush cycle 11039
2026-09-30T17:10:01Z [210,499ms] [Warning] [isaacsim.ros2.nodes] ROS2 TF aggregation contributor '/World/Nova_Carter_ROS/chassis_link/sensors/left_owl/ROS_TF/PublisherTF' did not submit transforms for topic '/tf' on flush cycle 11039
2026-09-30T17:10:01Z [210,499ms] [Warning] [isaacsim.ros2.nodes] ROS2 TF aggregation contributor '/World/Nova_Carter_ROS/chassis_link/sensors/right_owl/ROS_TF/PublisherTF' did not submit transforms for topic '/tf' on flush cycle 11039
2026-09-30T17:10:01Z [210,499ms] [Warning] [isaacsim.ros2.nodes] ROS2 TF aggregation contributor '/World/Nova_Carter_ROS/chassis_link/sensors/back_hawk/ROS_TF/PublisherTF' did not submit transforms for topic '/tf' on flush cycle 11039
2026-09-30T17:10:01Z [210,499ms] [Warning] [isaacsim.ros2.nodes] ROS2 TF aggregation contributor '/World/Nova_Carter_ROS/transform_tree_odometry/ros2_publish_raw_transform_tree' did not submit transforms for topic '/tf' on flush cycle 11039
2026-09-30T17:10:01Z [210,499ms] [Warning] [isaacsim.ros2.nodes] ROS2 TF aggregation contributor '/World/Nova_Carter_ROS/chassis_link/sensors/right_hawk/ROS_TF/PublisherTF' did not submit transforms for topic '/tf' on flush cycle 11039
2026-09-30T17:10:01Z [210,499ms] [Warning] [isaacsim.ros2.nodes] ROS2 TF aggregation contributor '/World/Nova_Carter_ROS/transform_tree_odometry/tf_tree_base_link_to_wheel_base' did not submit transforms for topic '/tf' on flush cycle 11039
2026-09-30T17:10:01Z [210,499ms] [Warning] [isaacsim.ros2.nodes] ROS2 TF aggregation contributor '/World/Nova_Carter_ROS/transform_tree_odometry/tf_tree_base_link_to_sensors' did not submit transforms for topic '/tf' on flush cycle 11039
2026-09-30T17:10:01Z [210,499ms] [Warning] [isaacsim.ros2.nodes] ROS2 TF aggregation contributor '/World/Nova_Carter_ROS/transform_tree_odometry/tf_tree_base_link_to_chassis' did not submit transforms for topic '/tf' on flush cycle 11039
2026-09-30T17:10:03Z [212,629ms] [Warning] [isaacsim.ros2.nodes] ROS2 TF aggregation contributor '/World/Nova_Carter_ROS/chassis_link/sensors/front_owl/ROS_TF/PublisherTF' did not submit transforms for topic '/tf' on flush cycle 11159
2026-09-30T17:10:03Z [212,629ms] [Warning] [isaacsim.ros2.nodes] ROS2 TF aggregation contributor '/World/Nova_Carter_ROS/chassis_link/sensors/rear_RPLidar/ROS_TF/PublisherTF' did not submit transforms for topic '/tf' on flush cycle 11159
2026-09-30T17:10:03Z [212,629ms] [Warning] [isaacsim.ros2.nodes] ROS2 TF aggregation contributor '/World/Nova_Carter_ROS/chassis_link/sensors/left_hawk/ROS_TF/PublisherTF' did not submit transforms for topic '/tf' on flush cycle 11159
2026-09-30T17:10:03Z [212,629ms] [Warning] [isaacsim.ros2.nodes] ROS2 TF aggregation contributor '/World/Nova_Carter_ROS/chassis_link/sensors/front_hawk/ROS_TF/PublisherTF' did not submit transforms for topic '/tf' on flush cycle 11159
2026-09-30T17:10:03Z [212,629ms] [Warning] [isaacsim.ros2.nodes] ROS2 TF aggregation contributor '/World/Nova_Carter_ROS/chassis_link/sensors/back_owl/ROS_TF/PublisherTF' did not submit transforms for topic '/tf' on flush cycle 11159
2026-09-30T17:10:03Z [212,629ms] [Warning] [isaacsim.ros2.nodes] ROS2 TF aggregation contributor '/World/Nova_Carter_ROS/chassis_link/sensors/XT_32/ROS_TF/PublisherTF' did not submit transforms for topic '/tf' on flush cycle 11159
2026-09-30T17:10:03Z [212,629ms] [Warning] [isaacsim.ros2.nodes] ROS2 TF aggregation contributor '/World/Nova_Carter_ROS/chassis_link/sensors/front_RPLidar/ROS_TF/PublisherTF' did not submit transforms for topic '/tf' on flush cycle 11159
2026-09-30T17:10:03Z [212,629ms] [Warning] [isaacsim.ros2.nodes] ROS2 TF aggregation contributor '/World/Nova_Carter_ROS/chassis_link/sensors/left_owl/ROS_TF/PublisherTF' did not submit transforms for topic '/tf' on flush cycle 11159
2026-09-30T17:10:03Z [212,629ms] [Warning] [isaacsim.ros2.nodes] ROS2 TF aggregation contributor '/World/Nova_Carter_ROS/chassis_link/sensors/right_owl/ROS_TF/PublisherTF' did not submit transforms for topic '/tf' on flush cycle 11159
2026-09-30T17:10:03Z [212,629ms] [Warning] [isaacsim.ros2.nodes] ROS2 TF aggregation contributor '/World/Nova_Carter_ROS/chassis_link/sensors/back_hawk/ROS_TF/PublisherTF' did not submit transforms for topic '/tf' on flush cycle 11159
2026-09-30T17:10:03Z [212,629ms] [Warning] [isaacsim.ros2.nodes] ROS2 TF aggregation contributor '/World/Nova_Carter_ROS/transform_tree_odometry/ros2_publish_raw_transform_tree' did not submit transforms for topic '/tf' on flush cycle 11159
2026-09-30T17:10:03Z [212,629ms] [Warning] [isaacsim.ros2.nodes] ROS2 TF aggregation contributor '/World/Nova_Carter_ROS/chassis_link/sensors/right_hawk/ROS_TF/PublisherTF' did not submit transforms for topic '/tf' on flush cycle 11159
2026-09-30T17:10:03Z [212,629ms] [Warning] [isaacsim.ros2.nodes] ROS2 TF aggregation contributor '/World/Nova_Carter_ROS/transform_tree_odometry/tf_tree_base_link_to_wheel_base' did not submit transforms for topic '/tf' on flush cycle 11159
2026-09-30T17:10:03Z [212,629ms] [Warning] [isaacsim.ros2.nodes] ROS2 TF aggregation contributor '/World/Nova_Carter_ROS/transform_tree_odometry/tf_tree_base_link_to_sensors' did not submit transforms for topic '/tf' on flush cycle 11159
2026-09-30T17:10:03Z [212,629ms] [Warning] [isaacsim.ros2.nodes] ROS2 TF aggregation contributor '/World/Nova_Carter_ROS/transform_tree_odometry/tf_tree_base_link_to_chassis' did not submit transforms for topic '/tf' on flush cycle 11159
2026-09-30T17:10:06Z [214,716ms] [Warning] [isaacsim.ros2.nodes] ROS2 TF aggregation contributor '/World/Nova_Carter_ROS/chassis_link/sensors/front_owl/ROS_TF/PublisherTF' did not submit transforms for topic '/tf' on flush cycle 11279
2026-09-30T17:10:06Z [214,716ms] [Warning] [isaacsim.ros2.nodes] ROS2 TF aggregation contributor '/World/Nova_Carter_ROS/chassis_link/sensors/rear_RPLidar/ROS_TF/PublisherTF' did not submit transforms for topic '/tf' on flush cycle 11279
2026-09-30T17:10:06Z [214,716ms] [Warning] [isaacsim.ros2.nodes] ROS2 TF aggregation contributor '/World/Nova_Carter_ROS/chassis_link/sensors/left_hawk/ROS_TF/PublisherTF' did not submit transforms for topic '/tf' on flush cycle 11279
2026-09-30T17:10:06Z [214,716ms] [Warning] [isaacsim.ros2.nodes] ROS2 TF aggregation contributor '/World/Nova_Carter_ROS/chassis_link/sensors/front_hawk/ROS_TF/PublisherTF' did not submit transforms for topic '/tf' on flush cycle 11279
2026-09-30T17:10:06Z [214,717ms] [Warning] [isaacsim.ros2.nodes] ROS2 TF aggregation contributor '/World/Nova_Carter_ROS/chassis_link/sensors/back_owl/ROS_TF/PublisherTF' did not submit transforms for topic '/tf' on flush cycle 11279
2026-09-30T17:10:06Z [214,717ms] [Warning] [isaacsim.ros2.nodes] ROS2 TF aggregation contributor '/World/Nova_Carter_ROS/chassis_link/sensors/XT_32/ROS_TF/PublisherTF' did not submit transforms for topic '/tf' on flush cycle 11279
2026-09-30T17:10:06Z [214,717ms] [Warning] [isaacsim.ros2.nodes] ROS2 TF aggregation contributor '/World/Nova_Carter_ROS/chassis_link/sensors/front_RPLidar/ROS_TF/PublisherTF' did not submit transforms for topic '/tf' on flush cycle 11279
2026-09-30T17:10:06Z [214,717ms] [Warning] [isaacsim.ros2.nodes] ROS2 TF aggregation contributor '/World/Nova_Carter_ROS/chassis_link/sensors/left_owl/ROS_TF/PublisherTF' did not submit transforms for topic '/tf' on flush cycle 11279
2026-09-30T17:10:06Z [214,717ms] [Warning] [isaacsim.ros2.nodes] ROS2 TF aggregation contributor '/World/Nova_Carter_ROS/chassis_link/sensors/right_owl/ROS_TF/PublisherTF' did not submit transforms for topic '/tf' on flush cycle 11279
2026-09-30T17:10:06Z [214,717ms] [Warning] [isaacsim.ros2.nodes] ROS2 TF aggregation contributor '/World/Nova_Carter_ROS/chassis_link/sensors/back_hawk/ROS_TF/PublisherTF' did not submit transforms for topic '/tf' on flush cycle 11279
2026-09-30T17:10:06Z [214,717ms] [Warning] [isaacsim.ros2.nodes] ROS2 TF aggregation contributor '/World/Nova_Carter_ROS/transform_tree_odometry/ros2_publish_raw_transform_tree' did not submit transforms for topic '/tf' on flush cycle 11279
2026-09-30T17:10:06Z [214,717ms] [Warning] [isaacsim.ros2.nodes] ROS2 TF aggregation contributor '/World/Nova_Carter_ROS/chassis_link/sensors/right_hawk/ROS_TF/PublisherTF' did not submit transforms for topic '/tf' on flush cycle 11279
2026-09-30T17:10:06Z [214,717ms] [Warning] [isaacsim.ros2.nodes] ROS2 TF aggregation contributor '/World/Nova_Carter_ROS/transform_tree_odometry/tf_tree_base_link_to_wheel_base' did not submit transforms for topic '/tf' on flush cycle 11279
2026-09-30T17:10:06Z [214,717ms] [Warning] [isaacsim.ros2.nodes] ROS2 TF aggregation contributor '/World/Nova_Carter_ROS/transform_tree_odometry/tf_tree_base_link_to_sensors' did not submit transforms for topic '/tf' on flush cycle 11279
2026-09-30T17:10:06Z [214,717ms] [Warning] [isaacsim.ros2.nodes] ROS2 TF aggregation contributor '/World/Nova_Carter_ROS/transform_tree_odometry/tf_tree_base_link_to_chassis' did not submit transforms for topic '/tf' on flush cycle 11279
2026-09-30T17:10:08Z [216,807ms] [Warning] [isaacsim.ros2.nodes] ROS2 TF aggregation contributor '/World/Nova_Carter_ROS/chassis_link/sensors/front_owl/ROS_TF/PublisherTF' did not submit transforms for topic '/tf' on flush cycle 11399
2026-09-30T17:10:08Z [216,807ms] [Warning] [isaacsim.ros2.nodes] ROS2 TF aggregation contributor '/World/Nova_Carter_ROS/chassis_link/sensors/rear_RPLidar/ROS_TF/PublisherTF' did not submit transforms for topic '/tf' on flush cycle 11399
2026-09-30T17:10:08Z [216,807ms] [Warning] [isaacsim.ros2.nodes] ROS2 TF aggregation contributor '/World/Nova_Carter_ROS/chassis_link/sensors/left_hawk/ROS_TF/PublisherTF' did not submit transforms for topic '/tf' on flush cycle 11399
2026-09-30T17:10:08Z [216,807ms] [Warning] [isaacsim.ros2.nodes] ROS2 TF aggregation contributor '/World/Nova_Carter_ROS/chassis_link/sensors/front_hawk/ROS_TF/PublisherTF' did not submit transforms for topic '/tf' on flush cycle 11399
2026-09-30T17:10:08Z [216,807ms] [Warning] [isaacsim.ros2.nodes] ROS2 TF aggregation contributor '/World/Nova_Carter_ROS/chassis_link/sensors/back_owl/ROS_TF/PublisherTF' did not submit transforms for topic '/tf' on flush cycle 11399
2026-09-30T17:10:08Z [216,807ms] [Warning] [isaacsim.ros2.nodes] ROS2 TF aggregation contributor '/World/Nova_Carter_ROS/chassis_link/sensors/XT_32/ROS_TF/PublisherTF' did not submit transforms for topic '/tf' on flush cycle 11399
2026-09-30T17:10:08Z [216,807ms] [Warning] [isaacsim.ros2.nodes] ROS2 TF aggregation contributor '/World/Nova_Carter_ROS/chassis_link/sensors/front_RPLidar/ROS_TF/PublisherTF' did not submit transforms for topic '/tf' on flush cycle 11399
2026-09-30T17:10:08Z [216,808ms] [Warning] [isaacsim.ros2.nodes] ROS2 TF aggregation contributor '/World/Nova_Carter_ROS/chassis_link/sensors/left_owl/ROS_TF/PublisherTF' did not submit transforms for topic '/tf' on flush cycle 11399
2026-09-30T17:10:08Z [216,808ms] [Warning] [isaacsim.ros2.nodes] ROS2 TF aggregation contributor '/World/Nova_Carter_ROS/chassis_link/sensors/right_owl/ROS_TF/PublisherTF' did not submit transforms for topic '/tf' on flush cycle 11399
2026-09-30T17:10:08Z [216,808ms] [Warning] [isaacsim.ros2.nodes] ROS2 TF aggregation contributor '/World/Nova_Carter_ROS/chassis_link/sensors/back_hawk/ROS_TF/PublisherTF' did not submit transforms for topic '/tf' on flush cycle 11399
2026-09-30T17:10:08Z [216,808ms] [Warning] [isaacsim.ros2.nodes] ROS2 TF aggregation contributor '/World/Nova_Carter_ROS/transform_tree_odometry/ros2_publish_raw_transform_tree' did not submit transforms for topic '/tf' on flush cycle 11399
2026-09-30T17:10:08Z [216,808ms] [Warning] [isaacsim.ros2.nodes] ROS2 TF aggregation contributor '/World/Nova_Carter_ROS/chassis_link/sensors/right_hawk/ROS_TF/PublisherTF' did not submit transforms for topic '/tf' on flush cycle 11399
2026-09-30T17:10:08Z [216,808ms] [Warning] [isaacsim.ros2.nodes] ROS2 TF aggregation contributor '/World/Nova_Carter_ROS/transform_tree_odometry/tf_tree_base_link_to_wheel_base' did not submit transforms for topic '/tf' on flush cycle 11399
2026-09-30T17:10:08Z [216,808ms] [Warning] [isaacsim.ros2.nodes] ROS2 TF aggregation contributor '/World/Nova_Carter_ROS/transform_tree_odometry/tf_tree_base_link_to_sensors' did not submit transforms for topic '/tf' on flush cycle 11399
2026-09-30T17:10:08Z [216,808ms] [Warning] [isaacsim.ros2.nodes] ROS2 TF aggregation contributor '/World/Nova_Carter_ROS/transform_tree_odometry/tf_tree_base_link_to_chassis' did not submit transforms for topic '/tf' on flush cycle 11399
2026-09-30T17:10:10Z [218,856ms] [Warning] [isaacsim.ros2.nodes] ROS2 TF aggregation contributor '/World/Nova_Carter_ROS/chassis_link/sensors/front_owl/ROS_TF/PublisherTF' did not submit transforms for topic '/tf' on flush cycle 11519
2026-09-30T17:10:10Z [218,856ms] [Warning] [isaacsim.ros2.nodes] ROS2 TF aggregation contributor '/World/Nova_Carter_ROS/chassis_link/sensors/rear_RPLidar/ROS_TF/PublisherTF' did not submit transforms for topic '/tf' on flush cycle 11519
2026-09-30T17:10:10Z [218,856ms] [Warning] [isaacsim.ros2.nodes] ROS2 TF aggregation contributor '/World/Nova_Carter_ROS/chassis_link/sensors/left_hawk/ROS_TF/PublisherTF' did not submit transforms for topic '/tf' on flush cycle 11519
2026-09-30T17:10:10Z [218,856ms] [Warning] [isaacsim.ros2.nodes] ROS2 TF aggregation contributor '/World/Nova_Carter_ROS/chassis_link/sensors/front_hawk/ROS_TF/PublisherTF' did not submit transforms for topic '/tf' on flush cycle 11519
2026-09-30T17:10:10Z [218,856ms] [Warning] [isaacsim.ros2.nodes] ROS2 TF aggregation contributor '/World/Nova_Carter_ROS/chassis_link/sensors/back_owl/ROS_TF/PublisherTF' did not submit transforms for topic '/tf' on flush cycle 11519
2026-09-30T17:10:10Z [218,856ms] [Warning] [isaacsim.ros2.nodes] ROS2 TF aggregation contributor '/World/Nova_Carter_ROS/chassis_link/sensors/XT_32/ROS_TF/PublisherTF' did not submit transforms for topic '/tf' on flush cycle 11519
2026-09-30T17:10:10Z [218,856ms] [Warning] [isaacsim.ros2.nodes] ROS2 TF aggregation contributor '/World/Nova_Carter_ROS/chassis_link/sensors/front_RPLidar/ROS_TF/PublisherTF' did not submit transforms for topic '/tf' on flush cycle 11519
2026-09-30T17:10:10Z [218,856ms] [Warning] [isaacsim.ros2.nodes] ROS2 TF aggregation contributor '/World/Nova_Carter_ROS/chassis_link/sensors/left_owl/ROS_TF/PublisherTF' did not submit transforms for topic '/tf' on flush cycle 11519
2026-09-30T17:10:10Z [218,856ms] [Warning] [isaacsim.ros2.nodes] ROS2 TF aggregation contributor '/World/Nova_Carter_ROS/chassis_link/sensors/right_owl/ROS_TF/PublisherTF' did not submit transforms for topic '/tf' on flush cycle 11519
2026-09-30T17:10:10Z [218,856ms] [Warning] [isaacsim.ros2.nodes] ROS2 TF aggregation contributor '/World/Nova_Carter_ROS/chassis_link/sensors/back_hawk/ROS_TF/PublisherTF' did not submit transforms for topic '/tf' on flush cycle 11519
2026-09-30T17:10:10Z [218,856ms] [Warning] [isaacsim.ros2.nodes] ROS2 TF aggregation contributor '/World/Nova_Carter_ROS/transform_tree_odometry/ros2_publish_raw_transform_tree' did not submit transforms for topic '/tf' on flush cycle 11519
2026-09-30T17:10:10Z [218,856ms] [Warning] [isaacsim.ros2.nodes] ROS2 TF aggregation contributor '/World/Nova_Carter_ROS/chassis_link/sensors/right_hawk/ROS_TF/PublisherTF' did not submit transforms for topic '/tf' on flush cycle 11519
2026-09-30T17:10:10Z [218,856ms] [Warning] [isaacsim.ros2.nodes] ROS2 TF aggregation contributor '/World/Nova_Carter_ROS/transform_tree_odometry/tf_tree_base_link_to_wheel_base' did not submit transforms for topic '/tf' on flush cycle 11519
2026-09-30T17:10:10Z [218,856ms] [Warning] [isaacsim.ros2.nodes] ROS2 TF aggregation contributor '/World/Nova_Carter_ROS/transform_tree_odometry/tf_tree_base_link_to_sensors' did not submit transforms for topic '/tf' on flush cycle 11519
2026-09-30T17:10:10Z [218,856ms] [Warning] [isaacsim.ros2.nodes] ROS2 TF aggregation contributor '/World/Nova_Carter_ROS/transform_tree_odometry/tf_tree_base_link_to_chassis' did not submit transforms for topic '/tf' on flush cycle 11519
2026-09-30T17:10:12Z [220,900ms] [Warning] [isaacsim.ros2.nodes] ROS2 TF aggregation contributor '/World/Nova_Carter_ROS/chassis_link/sensors/front_owl/ROS_TF/PublisherTF' did not submit transforms for topic '/tf' on flush cycle 11639
2026-09-30T17:10:12Z [220,900ms] [Warning] [isaacsim.ros2.nodes] ROS2 TF aggregation contributor '/World/Nova_Carter_ROS/chassis_link/sensors/rear_RPLidar/ROS_TF/PublisherTF' did not submit transforms for topic '/tf' on flush cycle 11639
2026-09-30T17:10:12Z [220,900ms] [Warning] [isaacsim.ros2.nodes] ROS2 TF aggregation contributor '/World/Nova_Carter_ROS/chassis_link/sensors/left_hawk/ROS_TF/PublisherTF' did not submit transforms for topic '/tf' on flush cycle 11639
2026-09-30T17:10:12Z [220,900ms] [Warning] [isaacsim.ros2.nodes] ROS2 TF aggregation contributor '/World/Nova_Carter_ROS/chassis_link/sensors/front_hawk/ROS_TF/PublisherTF' did not submit transforms for topic '/tf' on flush cycle 11639
2026-09-30T17:10:12Z [220,900ms] [Warning] [isaacsim.ros2.nodes] ROS2 TF aggregation contributor '/World/Nova_Carter_ROS/chassis_link/sensors/back_owl/ROS_TF/PublisherTF' did not submit transforms for topic '/tf' on flush cycle 11639
2026-09-30T17:10:12Z [220,900ms] [Warning] [isaacsim.ros2.nodes] ROS2 TF aggregation contributor '/World/Nova_Carter_ROS/chassis_link/sensors/XT_32/ROS_TF/PublisherTF' did not submit transforms for topic '/tf' on flush cycle 11639
2026-09-30T17:10:12Z [220,900ms] [Warning] [isaacsim.ros2.nodes] ROS2 TF aggregation contributor '/World/Nova_Carter_ROS/chassis_link/sensors/front_RPLidar/ROS_TF/PublisherTF' did not submit transforms for topic '/tf' on flush cycle 11639
2026-09-30T17:10:12Z [220,900ms] [Warning] [isaacsim.ros2.nodes] ROS2 TF aggregation contributor '/World/Nova_Carter_ROS/chassis_link/sensors/left_owl/ROS_TF/PublisherTF' did not submit transforms for topic '/tf' on flush cycle 11639
2026-09-30T17:10:12Z [220,900ms] [Warning] [isaacsim.ros2.nodes] ROS2 TF aggregation contributor '/World/Nova_Carter_ROS/chassis_link/sensors/right_owl/ROS_TF/PublisherTF' did not submit transforms for topic '/tf' on flush cycle 11639
2026-09-30T17:10:12Z [220,900ms] [Warning] [isaacsim.ros2.nodes] ROS2 TF aggregation contributor '/World/Nova_Carter_ROS/chassis_link/sensors/back_hawk/ROS_TF/PublisherTF' did not submit transforms for topic '/tf' on flush cycle 11639
2026-09-30T17:10:12Z [220,900ms] [Warning] [isaacsim.ros2.nodes] ROS2 TF aggregation contributor '/World/Nova_Carter_ROS/transform_tree_odometry/ros2_publish_raw_transform_tree' did not submit transforms for topic '/tf' on flush cycle 11639
2026-09-30T17:10:12Z [220,900ms] [Warning] [isaacsim.ros2.nodes] ROS2 TF aggregation contributor '/World/Nova_Carter_ROS/chassis_link/sensors/right_hawk/ROS_TF/PublisherTF' did not submit transforms for topic '/tf' on flush cycle 11639
2026-09-30T17:10:12Z [220,900ms] [Warning] [isaacsim.ros2.nodes] ROS2 TF aggregation contributor '/World/Nova_Carter_ROS/transform_tree_odometry/tf_tree_base_link_to_wheel_base' did not submit transforms for topic '/tf' on flush cycle 11639
2026-09-30T17:10:12Z [220,900ms] [Warning] [isaacsim.ros2.nodes] ROS2 TF aggregation contributor '/World/Nova_Carter_ROS/transform_tree_odometry/tf_tree_base_link_to_sensors' did not submit transforms for topic '/tf' on flush cycle 11639
2026-09-30T17:10:12Z [220,900ms] [Warning] [isaacsim.ros2.nodes] ROS2 TF aggregation contributor '/World/Nova_Carter_ROS/transform_tree_odometry/tf_tree_base_link_to_chassis' did not submit transforms for topic '/tf' on flush cycle 11639
2026-09-30T17:10:14Z [222,947ms] [Warning] [isaacsim.ros2.nodes] ROS2 TF aggregation contributor '/World/Nova_Carter_ROS/chassis_link/sensors/front_owl/ROS_TF/PublisherTF' did not submit transforms for topic '/tf' on flush cycle 11759
2026-09-30T17:10:14Z [222,947ms] [Warning] [isaacsim.ros2.nodes] ROS2 TF aggregation contributor '/World/Nova_Carter_ROS/chassis_link/sensors/rear_RPLidar/ROS_TF/PublisherTF' did not submit transforms for topic '/tf' on flush cycle 11759
2026-09-30T17:10:14Z [222,947ms] [Warning] [isaacsim.ros2.nodes] ROS2 TF aggregation contributor '/World/Nova_Carter_ROS/chassis_link/sensors/left_hawk/ROS_TF/PublisherTF' did not submit transforms for topic '/tf' on flush cycle 11759
2026-09-30T17:10:14Z [222,947ms] [Warning] [isaacsim.ros2.nodes] ROS2 TF aggregation contributor '/World/Nova_Carter_ROS/chassis_link/sensors/front_hawk/ROS_TF/PublisherTF' did not submit transforms for topic '/tf' on flush cycle 11759
2026-09-30T17:10:14Z [222,947ms] [Warning] [isaacsim.ros2.nodes] ROS2 TF aggregation contributor '/World/Nova_Carter_ROS/chassis_link/sensors/back_owl/ROS_TF/PublisherTF' did not submit transforms for topic '/tf' on flush cycle 11759
2026-09-30T17:10:14Z [222,947ms] [Warning] [isaacsim.ros2.nodes] ROS2 TF aggregation contributor '/World/Nova_Carter_ROS/chassis_link/sensors/XT_32/ROS_TF/PublisherTF' did not submit transforms for topic '/tf' on flush cycle 11759
2026-09-30T17:10:14Z [222,947ms] [Warning] [isaacsim.ros2.nodes] ROS2 TF aggregation contributor '/World/Nova_Carter_ROS/chassis_link/sensors/front_RPLidar/ROS_TF/PublisherTF' did not submit transforms for topic '/tf' on flush cycle 11759
2026-09-30T17:10:14Z [222,947ms] [Warning] [isaacsim.ros2.nodes] ROS2 TF aggregation contributor '/World/Nova_Carter_ROS/chassis_link/sensors/left_owl/ROS_TF/PublisherTF' did not submit transforms for topic '/tf' on flush cycle 11759
2026-09-30T17:10:14Z [222,947ms] [Warning] [isaacsim.ros2.nodes] ROS2 TF aggregation contributor '/World/Nova_Carter_ROS/chassis_link/sensors/right_owl/ROS_TF/PublisherTF' did not submit transforms for topic '/tf' on flush cycle 11759
2026-09-30T17:10:14Z [222,947ms] [Warning] [isaacsim.ros2.nodes] ROS2 TF aggregation contributor '/World/Nova_Carter_ROS/chassis_link/sensors/back_hawk/ROS_TF/PublisherTF' did not submit transforms for topic '/tf' on flush cycle 11759
2026-09-30T17:10:14Z [222,947ms] [Warning] [isaacsim.ros2.nodes] ROS2 TF aggregation contributor '/World/Nova_Carter_ROS/transform_tree_odometry/ros2_publish_raw_transform_tree' did not submit transforms for topic '/tf' on flush cycle 11759
2026-09-30T17:10:14Z [222,947ms] [Warning] [isaacsim.ros2.nodes] ROS2 TF aggregation contributor '/World/Nova_Carter_ROS/chassis_link/sensors/right_hawk/ROS_TF/PublisherTF' did not submit transforms for topic '/tf' on flush cycle 11759
2026-09-30T17:10:14Z [222,947ms] [Warning] [isaacsim.ros2.nodes] ROS2 TF aggregation contributor '/World/Nova_Carter_ROS/transform_tree_odometry/tf_tree_base_link_to_wheel_base' did not submit transforms for topic '/tf' on flush cycle 11759
2026-09-30T17:10:14Z [222,947ms] [Warning] [isaacsim.ros2.nodes] ROS2 TF aggregation contributor '/World/Nova_Carter_ROS/transform_tree_odometry/tf_tree_base_link_to_sensors' did not submit transforms for topic '/tf' on flush cycle 11759
2026-09-30T17:10:14Z [222,947ms] [Warning] [isaacsim.ros2.nodes] ROS2 TF aggregation contributor '/World/Nova_Carter_ROS/transform_tree_odometry/tf_tree_base_link_to_chassis' did not submit transforms for topic '/tf' on flush cycle 11759
2026-09-30T17:10:24Z [232,911ms] [Warning] [isaacsim.ros2.nodes] ROS2 TF aggregation contributor '/World/Nova_Carter_ROS/chassis_link/sensors/front_owl/ROS_TF/PublisherTF' did not submit transforms for topic '/tf' on flush cycle 12280
2026-09-30T17:10:24Z [232,911ms] [Warning] [isaacsim.ros2.nodes] ROS2 TF aggregation contributor '/World/Nova_Carter_ROS/chassis_link/sensors/rear_RPLidar/ROS_TF/PublisherTF' did not submit transforms for topic '/tf' on flush cycle 12280
2026-09-30T17:10:24Z [232,911ms] [Warning] [isaacsim.ros2.nodes] ROS2 TF aggregation contributor '/World/Nova_Carter_ROS/chassis_link/sensors/left_hawk/ROS_TF/PublisherTF' did not submit transforms for topic '/tf' on flush cycle 12280
2026-09-30T17:10:24Z [232,911ms] [Warning] [isaacsim.ros2.nodes] ROS2 TF aggregation contributor '/World/Nova_Carter_ROS/chassis_link/sensors/front_hawk/ROS_TF/PublisherTF' did not submit transforms for topic '/tf' on flush cycle 12280
2026-09-30T17:10:24Z [232,911ms] [Warning] [isaacsim.ros2.nodes] ROS2 TF aggregation contributor '/World/Nova_Carter_ROS/chassis_link/sensors/back_owl/ROS_TF/PublisherTF' did not submit transforms for topic '/tf' on flush cycle 12280
2026-09-30T17:10:24Z [232,911ms] [Warning] [isaacsim.ros2.nodes] ROS2 TF aggregation contributor '/World/Nova_Carter_ROS/chassis_link/sensors/XT_32/ROS_TF/PublisherTF' did not submit transforms for topic '/tf' on flush cycle 12280
2026-09-30T17:10:24Z [232,911ms] [Warning] [isaacsim.ros2.nodes] ROS2 TF aggregation contributor '/World/Nova_Carter_ROS/chassis_link/sensors/front_RPLidar/ROS_TF/PublisherTF' did not submit transforms for topic '/tf' on flush cycle 12280
2026-09-30T17:10:24Z [232,911ms] [Warning] [isaacsim.ros2.nodes] ROS2 TF aggregation contributor '/World/Nova_Carter_ROS/chassis_link/sensors/left_owl/ROS_TF/PublisherTF' did not submit transforms for topic '/tf' on flush cycle 12280
2026-09-30T17:10:24Z [232,911ms] [Warning] [isaacsim.ros2.nodes] ROS2 TF aggregation contributor '/World/Nova_Carter_ROS/chassis_link/sensors/right_owl/ROS_TF/PublisherTF' did not submit transforms for topic '/tf' on flush cycle 12280
2026-09-30T17:10:24Z [232,911ms] [Warning] [isaacsim.ros2.nodes] ROS2 TF aggregation contributor '/World/Nova_Carter_ROS/chassis_link/sensors/back_hawk/ROS_TF/PublisherTF' did not submit transforms for topic '/tf' on flush cycle 12280
2026-09-30T17:10:24Z [232,911ms] [Warning] [isaacsim.ros2.nodes] ROS2 TF aggregation contributor '/World/Nova_Carter_ROS/transform_tree_odometry/ros2_publish_raw_transform_tree' did not submit transforms for topic '/tf' on flush cycle 12280
2026-09-30T17:10:24Z [232,911ms] [Warning] [isaacsim.ros2.nodes] ROS2 TF aggregation contributor '/World/Nova_Carter_ROS/chassis_link/sensors/right_hawk/ROS_TF/PublisherTF' did not submit transforms for topic '/tf' on flush cycle 12280
2026-09-30T17:10:24Z [232,911ms] [Warning] [isaacsim.ros2.nodes] ROS2 TF aggregation contributor '/World/Nova_Carter_ROS/transform_tree_odometry/tf_tree_base_link_to_wheel_base' did not submit transforms for topic '/tf' on flush cycle 12280
2026-09-30T17:10:24Z [232,911ms] [Warning] [isaacsim.ros2.nodes] ROS2 TF aggregation contributor '/World/Nova_Carter_ROS/transform_tree_odometry/tf_tree_base_link_to_sensors' did not submit transforms for topic '/tf' on flush cycle 12280
2026-09-30T17:10:24Z [232,911ms] [Warning] [isaacsim.ros2.nodes] ROS2 TF aggregation contributor '/World/Nova_Carter_ROS/transform_tree_odometry/tf_tree_base_link_to_chassis' did not submit transforms for topic '/tf' on flush cycle 12280
2026-09-30T17:10:26Z [234,990ms] [Warning] [isaacsim.ros2.nodes] ROS2 TF aggregation contributor '/World/Nova_Carter_ROS/chassis_link/sensors/front_owl/ROS_TF/PublisherTF' did not submit transforms for topic '/tf' on flush cycle 12400
2026-09-30T17:10:26Z [234,990ms] [Warning] [isaacsim.ros2.nodes] ROS2 TF aggregation contributor '/World/Nova_Carter_ROS/chassis_link/sensors/rear_RPLidar/ROS_TF/PublisherTF' did not submit transforms for topic '/tf' on flush cycle 12400
2026-09-30T17:10:26Z [234,990ms] [Warning] [isaacsim.ros2.nodes] ROS2 TF aggregation contributor '/World/Nova_Carter_ROS/chassis_link/sensors/left_hawk/ROS_TF/PublisherTF' did not submit transforms for topic '/tf' on flush cycle 12400
2026-09-30T17:10:26Z [234,990ms] [Warning] [isaacsim.ros2.nodes] ROS2 TF aggregation contributor '/World/Nova_Carter_ROS/chassis_link/sensors/front_hawk/ROS_TF/PublisherTF' did not submit transforms for topic '/tf' on flush cycle 12400
2026-09-30T17:10:26Z [234,990ms] [Warning] [isaacsim.ros2.nodes] ROS2 TF aggregation contributor '/World/Nova_Carter_ROS/chassis_link/sensors/back_owl/ROS_TF/PublisherTF' did not submit transforms for topic '/tf' on flush cycle 12400
2026-09-30T17:10:26Z [234,990ms] [Warning] [isaacsim.ros2.nodes] ROS2 TF aggregation contributor '/World/Nova_Carter_ROS/chassis_link/sensors/XT_32/ROS_TF/PublisherTF' did not submit transforms for topic '/tf' on flush cycle 12400
2026-09-30T17:10:26Z [234,990ms] [Warning] [isaacsim.ros2.nodes] ROS2 TF aggregation contributor '/World/Nova_Carter_ROS/chassis_link/sensors/front_RPLidar/ROS_TF/PublisherTF' did not submit transforms for topic '/tf' on flush cycle 12400
2026-09-30T17:10:26Z [234,990ms] [Warning] [isaacsim.ros2.nodes] ROS2 TF aggregation contributor '/World/Nova_Carter_ROS/chassis_link/sensors/left_owl/ROS_TF/PublisherTF' did not submit transforms for topic '/tf' on flush cycle 12400
2026-09-30T17:10:26Z [234,990ms] [Warning] [isaacsim.ros2.nodes] ROS2 TF aggregation contributor '/World/Nova_Carter_ROS/chassis_link/sensors/right_owl/ROS_TF/PublisherTF' did not submit transforms for topic '/tf' on flush cycle 12400
2026-09-30T17:10:26Z [234,990ms] [Warning] [isaacsim.ros2.nodes] ROS2 TF aggregation contributor '/World/Nova_Carter_ROS/chassis_link/sensors/back_hawk/ROS_TF/PublisherTF' did not submit transforms for topic '/tf' on flush cycle 12400
2026-09-30T17:10:26Z [234,990ms] [Warning] [isaacsim.ros2.nodes] ROS2 TF aggregation contributor '/World/Nova_Carter_ROS/transform_tree_odometry/ros2_publish_raw_transform_tree' did not submit transforms for topic '/tf' on flush cycle 12400
2026-09-30T17:10:26Z [234,990ms] [Warning] [isaacsim.ros2.nodes] ROS2 TF aggregation contributor '/World/Nova_Carter_ROS/chassis_link/sensors/right_hawk/ROS_TF/PublisherTF' did not submit transforms for topic '/tf' on flush cycle 12400
2026-09-30T17:10:26Z [234,990ms] [Warning] [isaacsim.ros2.nodes] ROS2 TF aggregation contributor '/World/Nova_Carter_ROS/transform_tree_odometry/tf_tree_base_link_to_wheel_base' did not submit transforms for topic '/tf' on flush cycle 12400
2026-09-30T17:10:26Z [234,990ms] [Warning] [isaacsim.ros2.nodes] ROS2 TF aggregation contributor '/World/Nova_Carter_ROS/transform_tree_odometry/tf_tree_base_link_to_sensors' did not submit transforms for topic '/tf' on flush cycle 12400
2026-09-30T17:10:26Z [234,990ms] [Warning] [isaacsim.ros2.nodes] ROS2 TF aggregation contributor '/World/Nova_Carter_ROS/transform_tree_odometry/tf_tree_base_link_to_chassis' did not submit transforms for topic '/tf' on flush cycle 12400
2026-09-30T17:10:28Z [237,032ms] [Warning] [isaacsim.ros2.nodes] ROS2 TF aggregation contributor '/World/Nova_Carter_ROS/chassis_link/sensors/front_owl/ROS_TF/PublisherTF' did not submit transforms for topic '/tf' on flush cycle 12520
2026-09-30T17:10:28Z [237,032ms] [Warning] [isaacsim.ros2.nodes] ROS2 TF aggregation contributor '/World/Nova_Carter_ROS/chassis_link/sensors/rear_RPLidar/ROS_TF/PublisherTF' did not submit transforms for topic '/tf' on flush cycle 12520
2026-09-30T17:10:28Z [237,032ms] [Warning] [isaacsim.ros2.nodes] ROS2 TF aggregation contributor '/World/Nova_Carter_ROS/chassis_link/sensors/left_hawk/ROS_TF/PublisherTF' did not submit transforms for topic '/tf' on flush cycle 12520
2026-09-30T17:10:28Z [237,032ms] [Warning] [isaacsim.ros2.nodes] ROS2 TF aggregation contributor '/World/Nova_Carter_ROS/chassis_link/sensors/front_hawk/ROS_TF/PublisherTF' did not submit transforms for topic '/tf' on flush cycle 12520
2026-09-30T17:10:28Z [237,032ms] [Warning] [isaacsim.ros2.nodes] ROS2 TF aggregation contributor '/World/Nova_Carter_ROS/chassis_link/sensors/back_owl/ROS_TF/PublisherTF' did not submit transforms for topic '/tf' on flush cycle 12520
2026-09-30T17:10:28Z [237,032ms] [Warning] [isaacsim.ros2.nodes] ROS2 TF aggregation contributor '/World/Nova_Carter_ROS/chassis_link/sensors/XT_32/ROS_TF/PublisherTF' did not submit transforms for topic '/tf' on flush cycle 12520
2026-09-30T17:10:28Z [237,032ms] [Warning] [isaacsim.ros2.nodes] ROS2 TF aggregation contributor '/World/Nova_Carter_ROS/chassis_link/sensors/front_RPLidar/ROS_TF/PublisherTF' did not submit transforms for topic '/tf' on flush cycle 12520
2026-09-30T17:10:28Z [237,032ms] [Warning] [isaacsim.ros2.nodes] ROS2 TF aggregation contributor '/World/Nova_Carter_ROS/chassis_link/sensors/left_owl/ROS_TF/PublisherTF' did not submit transforms for topic '/tf' on flush cycle 12520
2026-09-30T17:10:28Z [237,032ms] [Warning] [isaacsim.ros2.nodes] ROS2 TF aggregation contributor '/World/Nova_Carter_ROS/chassis_link/sensors/right_owl/ROS_TF/PublisherTF' did not submit transforms for topic '/tf' on flush cycle 12520
2026-09-30T17:10:28Z [237,032ms] [Warning] [isaacsim.ros2.nodes] ROS2 TF aggregation contributor '/World/Nova_Carter_ROS/chassis_link/sensors/back_hawk/ROS_TF/PublisherTF' did not submit transforms for topic '/tf' on flush cycle 12520
2026-09-30T17:10:28Z [237,032ms] [Warning] [isaacsim.ros2.nodes] ROS2 TF aggregation contributor '/World/Nova_Carter_ROS/transform_tree_odometry/ros2_publish_raw_transform_tree' did not submit transforms for topic '/tf' on flush cycle 12520
2026-09-30T17:10:28Z [237,032ms] [Warning] [isaacsim.ros2.nodes] ROS2 TF aggregation contributor '/World/Nova_Carter_ROS/chassis_link/sensors/right_hawk/ROS_TF/PublisherTF' did not submit transforms for topic '/tf' on flush cycle 12520
2026-09-30T17:10:28Z [237,032ms] [Warning] [isaacsim.ros2.nodes] ROS2 TF aggregation contributor '/World/Nova_Carter_ROS/transform_tree_odometry/tf_tree_base_link_to_wheel_base' did not submit transforms for topic '/tf' on flush cycle 12520
2026-09-30T17:10:28Z [237,032ms] [Warning] [isaacsim.ros2.nodes] ROS2 TF aggregation contributor '/World/Nova_Carter_ROS/transform_tree_odometry/tf_tree_base_link_to_sensors' did not submit transforms for topic '/tf' on flush cycle 12520
2026-09-30T17:10:28Z [237,032ms] [Warning] [isaacsim.ros2.nodes] ROS2 TF aggregation contributor '/World/Nova_Carter_ROS/transform_tree_odometry/tf_tree_base_link_to_chassis' did not submit transforms for topic '/tf' on flush cycle 12520
2026-09-30T17:10:30Z [239,122ms] [Warning] [isaacsim.ros2.nodes] ROS2 TF aggregation contributor '/World/Nova_Carter_ROS/chassis_link/sensors/front_owl/ROS_TF/PublisherTF' did not submit transforms for topic '/tf' on flush cycle 12640
2026-09-30T17:10:30Z [239,122ms] [Warning] [isaacsim.ros2.nodes] ROS2 TF aggregation contributor '/World/Nova_Carter_ROS/chassis_link/sensors/rear_RPLidar/ROS_TF/PublisherTF' did not submit transforms for topic '/tf' on flush cycle 12640
2026-09-30T17:10:30Z [239,122ms] [Warning] [isaacsim.ros2.nodes] ROS2 TF aggregation contributor '/World/Nova_Carter_ROS/chassis_link/sensors/left_hawk/ROS_TF/PublisherTF' did not submit transforms for topic '/tf' on flush cycle 12640
2026-09-30T17:10:30Z [239,122ms] [Warning] [isaacsim.ros2.nodes] ROS2 TF aggregation contributor '/World/Nova_Carter_ROS/chassis_link/sensors/front_hawk/ROS_TF/PublisherTF' did not submit transforms for topic '/tf' on flush cycle 12640
2026-09-30T17:10:30Z [239,122ms] [Warning] [isaacsim.ros2.nodes] ROS2 TF aggregation contributor '/World/Nova_Carter_ROS/chassis_link/sensors/back_owl/ROS_TF/PublisherTF' did not submit transforms for topic '/tf' on flush cycle 12640
2026-09-30T17:10:30Z [239,122ms] [Warning] [isaacsim.ros2.nodes] ROS2 TF aggregation contributor '/World/Nova_Carter_ROS/chassis_link/sensors/XT_32/ROS_TF/PublisherTF' did not submit transforms for topic '/tf' on flush cycle 12640
2026-09-30T17:10:30Z [239,122ms] [Warning] [isaacsim.ros2.nodes] ROS2 TF aggregation contributor '/World/Nova_Carter_ROS/chassis_link/sensors/front_RPLidar/ROS_TF/PublisherTF' did not submit transforms for topic '/tf' on flush cycle 12640
2026-09-30T17:10:30Z [239,122ms] [Warning] [isaacsim.ros2.nodes] ROS2 TF aggregation contributor '/World/Nova_Carter_ROS/chassis_link/sensors/left_owl/ROS_TF/PublisherTF' did not submit transforms for topic '/tf' on flush cycle 12640
2026-09-30T17:10:30Z [239,122ms] [Warning] [isaacsim.ros2.nodes] ROS2 TF aggregation contributor '/World/Nova_Carter_ROS/chassis_link/sensors/right_owl/ROS_TF/PublisherTF' did not submit transforms for topic '/tf' on flush cycle 12640
2026-09-30T17:10:30Z [239,122ms] [Warning] [isaacsim.ros2.nodes] ROS2 TF aggregation contributor '/World/Nova_Carter_ROS/chassis_link/sensors/back_hawk/ROS_TF/PublisherTF' did not submit transforms for topic '/tf' on flush cycle 12640
2026-09-30T17:10:30Z [239,122ms] [Warning] [isaacsim.ros2.nodes] ROS2 TF aggregation contributor '/World/Nova_Carter_ROS/transform_tree_odometry/ros2_publish_raw_transform_tree' did not submit transforms for topic '/tf' on flush cycle 12640
2026-09-30T17:10:30Z [239,122ms] [Warning] [isaacsim.ros2.nodes] ROS2 TF aggregation contributor '/World/Nova_Carter_ROS/chassis_link/sensors/right_hawk/ROS_TF/PublisherTF' did not submit transforms for topic '/tf' on flush cycle 12640
2026-09-30T17:10:30Z [239,122ms] [Warning] [isaacsim.ros2.nodes] ROS2 TF aggregation contributor '/World/Nova_Carter_ROS/transform_tree_odometry/tf_tree_base_link_to_wheel_base' did not submit transforms for topic '/tf' on flush cycle 12640
2026-09-30T17:10:30Z [239,122ms] [Warning] [isaacsim.ros2.nodes] ROS2 TF aggregation contributor '/World/Nova_Carter_ROS/transform_tree_odometry/tf_tree_base_link_to_sensors' did not submit transforms for topic '/tf' on flush cycle 12640
2026-09-30T17:10:30Z [239,122ms] [Warning] [isaacsim.ros2.nodes] ROS2 TF aggregation contributor '/World/Nova_Carter_ROS/transform_tree_odometry/tf_tree_base_link_to_chassis' did not submit transforms for topic '/tf' on flush cycle 12640
2026-09-30T17:10:32Z [241,169ms] [Warning] [isaacsim.ros2.nodes] ROS2 TF aggregation contributor '/World/Nova_Carter_ROS/chassis_link/sensors/front_owl/ROS_TF/PublisherTF' did not submit transforms for topic '/tf' on flush cycle 12760
2026-09-30T17:10:32Z [241,169ms] [Warning] [isaacsim.ros2.nodes] ROS2 TF aggregation contributor '/World/Nova_Carter_ROS/chassis_link/sensors/rear_RPLidar/ROS_TF/PublisherTF' did not submit transforms for topic '/tf' on flush cycle 12760
2026-09-30T17:10:32Z [241,169ms] [Warning] [isaacsim.ros2.nodes] ROS2 TF aggregation contributor '/World/Nova_Carter_ROS/chassis_link/sensors/left_hawk/ROS_TF/PublisherTF' did not submit transforms for topic '/tf' on flush cycle 12760
2026-09-30T17:10:32Z [241,169ms] [Warning] [isaacsim.ros2.nodes] ROS2 TF aggregation contributor '/World/Nova_Carter_ROS/chassis_link/sensors/front_hawk/ROS_TF/PublisherTF' did not submit transforms for topic '/tf' on flush cycle 12760
2026-09-30T17:10:32Z [241,169ms] [Warning] [isaacsim.ros2.nodes] ROS2 TF aggregation contributor '/World/Nova_Carter_ROS/chassis_link/sensors/back_owl/ROS_TF/PublisherTF' did not submit transforms for topic '/tf' on flush cycle 12760
2026-09-30T17:10:32Z [241,169ms] [Warning] [isaacsim.ros2.nodes] ROS2 TF aggregation contributor '/World/Nova_Carter_ROS/chassis_link/sensors/XT_32/ROS_TF/PublisherTF' did not submit transforms for topic '/tf' on flush cycle 12760
2026-09-30T17:10:32Z [241,169ms] [Warning] [isaacsim.ros2.nodes] ROS2 TF aggregation contributor '/World/Nova_Carter_ROS/chassis_link/sensors/front_RPLidar/ROS_TF/PublisherTF' did not submit transforms for topic '/tf' on flush cycle 12760
2026-09-30T17:10:32Z [241,169ms] [Warning] [isaacsim.ros2.nodes] ROS2 TF aggregation contributor '/World/Nova_Carter_ROS/chassis_link/sensors/left_owl/ROS_TF/PublisherTF' did not submit transforms for topic '/tf' on flush cycle 12760
2026-09-30T17:10:32Z [241,169ms] [Warning] [isaacsim.ros2.nodes] ROS2 TF aggregation contributor '/World/Nova_Carter_ROS/chassis_link/sensors/right_owl/ROS_TF/PublisherTF' did not submit transforms for topic '/tf' on flush cycle 12760
2026-09-30T17:10:32Z [241,169ms] [Warning] [isaacsim.ros2.nodes] ROS2 TF aggregation contributor '/World/Nova_Carter_ROS/chassis_link/sensors/back_hawk/ROS_TF/PublisherTF' did not submit transforms for topic '/tf' on flush cycle 12760
2026-09-30T17:10:32Z [241,169ms] [Warning] [isaacsim.ros2.nodes] ROS2 TF aggregation contributor '/World/Nova_Carter_ROS/transform_tree_odometry/ros2_publish_raw_transform_tree' did not submit transforms for topic '/tf' on flush cycle 12760
2026-09-30T17:10:32Z [241,169ms] [Warning] [isaacsim.ros2.nodes] ROS2 TF aggregation contributor '/World/Nova_Carter_ROS/chassis_link/sensors/right_hawk/ROS_TF/PublisherTF' did not submit transforms for topic '/tf' on flush cycle 12760
2026-09-30T17:10:32Z [241,169ms] [Warning] [isaacsim.ros2.nodes] ROS2 TF aggregation contributor '/World/Nova_Carter_ROS/transform_tree_odometry/tf_tree_base_link_to_wheel_base' did not submit transforms for topic '/tf' on flush cycle 12760
2026-09-30T17:10:32Z [241,169ms] [Warning] [isaacsim.ros2.nodes] ROS2 TF aggregation contributor '/World/Nova_Carter_ROS/transform_tree_odometry/tf_tree_base_link_to_sensors' did not submit transforms for topic '/tf' on flush cycle 12760
2026-09-30T17:10:32Z [241,169ms] [Warning] [isaacsim.ros2.nodes] ROS2 TF aggregation contributor '/World/Nova_Carter_ROS/transform_tree_odometry/tf_tree_base_link_to_chassis' did not submit transforms for topic '/tf' on flush cycle 12760
2026-09-30T17:10:34Z [243,262ms] [Warning] [isaacsim.ros2.nodes] ROS2 TF aggregation contributor '/World/Nova_Carter_ROS/chassis_link/sensors/front_owl/ROS_TF/PublisherTF' did not submit transforms for topic '/tf' on flush cycle 12880
2026-09-30T17:10:34Z [243,262ms] [Warning] [isaacsim.ros2.nodes] ROS2 TF aggregation contributor '/World/Nova_Carter_ROS/chassis_link/sensors/rear_RPLidar/ROS_TF/PublisherTF' did not submit transforms for topic '/tf' on flush cycle 12880
2026-09-30T17:10:34Z [243,262ms] [Warning] [isaacsim.ros2.nodes] ROS2 TF aggregation contributor '/World/Nova_Carter_ROS/chassis_link/sensors/left_hawk/ROS_TF/PublisherTF' did not submit transforms for topic '/tf' on flush cycle 12880
2026-09-30T17:10:34Z [243,262ms] [Warning] [isaacsim.ros2.nodes] ROS2 TF aggregation contributor '/World/Nova_Carter_ROS/chassis_link/sensors/front_hawk/ROS_TF/PublisherTF' did not submit transforms for topic '/tf' on flush cycle 12880
2026-09-30T17:10:34Z [243,262ms] [Warning] [isaacsim.ros2.nodes] ROS2 TF aggregation contributor '/World/Nova_Carter_ROS/chassis_link/sensors/back_owl/ROS_TF/PublisherTF' did not submit transforms for topic '/tf' on flush cycle 12880
2026-09-30T17:10:34Z [243,262ms] [Warning] [isaacsim.ros2.nodes] ROS2 TF aggregation contributor '/World/Nova_Carter_ROS/chassis_link/sensors/XT_32/ROS_TF/PublisherTF' did not submit transforms for topic '/tf' on flush cycle 12880
2026-09-30T17:10:34Z [243,262ms] [Warning] [isaacsim.ros2.nodes] ROS2 TF aggregation contributor '/World/Nova_Carter_ROS/chassis_link/sensors/front_RPLidar/ROS_TF/PublisherTF' did not submit transforms for topic '/tf' on flush cycle 12880
2026-09-30T17:10:34Z [243,262ms] [Warning] [isaacsim.ros2.nodes] ROS2 TF aggregation contributor '/World/Nova_Carter_ROS/chassis_link/sensors/left_owl/ROS_TF/PublisherTF' did not submit transforms for topic '/tf' on flush cycle 12880
2026-09-30T17:10:34Z [243,262ms] [Warning] [isaacsim.ros2.nodes] ROS2 TF aggregation contributor '/World/Nova_Carter_ROS/chassis_link/sensors/right_owl/ROS_TF/PublisherTF' did not submit transforms for topic '/tf' on flush cycle 12880
2026-09-30T17:10:34Z [243,262ms] [Warning] [isaacsim.ros2.nodes] ROS2 TF aggregation contributor '/World/Nova_Carter_ROS/chassis_link/sensors/back_hawk/ROS_TF/PublisherTF' did not submit transforms for topic '/tf' on flush cycle 12880
2026-09-30T17:10:34Z [243,262ms] [Warning] [isaacsim.ros2.nodes] ROS2 TF aggregation contributor '/World/Nova_Carter_ROS/transform_tree_odometry/ros2_publish_raw_transform_tree' did not submit transforms for topic '/tf' on flush cycle 12880
2026-09-30T17:10:34Z [243,262ms] [Warning] [isaacsim.ros2.nodes] ROS2 TF aggregation contributor '/World/Nova_Carter_ROS/chassis_link/sensors/right_hawk/ROS_TF/PublisherTF' did not submit transforms for topic '/tf' on flush cycle 12880
2026-09-30T17:10:34Z [243,262ms] [Warning] [isaacsim.ros2.nodes] ROS2 TF aggregation contributor '/World/Nova_Carter_ROS/transform_tree_odometry/tf_tree_base_link_to_wheel_base' did not submit transforms for topic '/tf' on flush cycle 12880
2026-09-30T17:10:34Z [243,262ms] [Warning] [isaacsim.ros2.nodes] ROS2 TF aggregation contributor '/World/Nova_Carter_ROS/transform_tree_odometry/tf_tree_base_link_to_sensors' did not submit transforms for topic '/tf' on flush cycle 12880
2026-09-30T17:10:34Z [243,262ms] [Warning] [isaacsim.ros2.nodes] ROS2 TF aggregation contributor '/World/Nova_Carter_ROS/transform_tree_odometry/tf_tree_base_link_to_chassis' did not submit transforms for topic '/tf' on flush cycle 12880
2026-09-30T17:10:36Z [245,402ms] [Warning] [isaacsim.ros2.nodes] ROS2 TF aggregation contributor '/World/Nova_Carter_ROS/chassis_link/sensors/front_owl/ROS_TF/PublisherTF' did not submit transforms for topic '/tf' on flush cycle 13000
2026-09-30T17:10:36Z [245,402ms] [Warning] [isaacsim.ros2.nodes] ROS2 TF aggregation contributor '/World/Nova_Carter_ROS/chassis_link/sensors/rear_RPLidar/ROS_TF/PublisherTF' did not submit transforms for topic '/tf' on flush cycle 13000
2026-09-30T17:10:36Z [245,402ms] [Warning] [isaacsim.ros2.nodes] ROS2 TF aggregation contributor '/World/Nova_Carter_ROS/chassis_link/sensors/left_hawk/ROS_TF/PublisherTF' did not submit transforms for topic '/tf' on flush cycle 13000
2026-09-30T17:10:36Z [245,402ms] [Warning] [isaacsim.ros2.nodes] ROS2 TF aggregation contributor '/World/Nova_Carter_ROS/chassis_link/sensors/front_hawk/ROS_TF/PublisherTF' did not submit transforms for topic '/tf' on flush cycle 13000
2026-09-30T17:10:36Z [245,402ms] [Warning] [isaacsim.ros2.nodes] ROS2 TF aggregation contributor '/World/Nova_Carter_ROS/chassis_link/sensors/back_owl/ROS_TF/PublisherTF' did not submit transforms for topic '/tf' on flush cycle 13000
2026-09-30T17:10:36Z [245,402ms] [Warning] [isaacsim.ros2.nodes] ROS2 TF aggregation contributor '/World/Nova_Carter_ROS/chassis_link/sensors/XT_32/ROS_TF/PublisherTF' did not submit transforms for topic '/tf' on flush cycle 13000
2026-09-30T17:10:36Z [245,402ms] [Warning] [isaacsim.ros2.nodes] ROS2 TF aggregation contributor '/World/Nova_Carter_ROS/chassis_link/sensors/front_RPLidar/ROS_TF/PublisherTF' did not submit transforms for topic '/tf' on flush cycle 13000
2026-09-30T17:10:36Z [245,402ms] [Warning] [isaacsim.ros2.nodes] ROS2 TF aggregation contributor '/World/Nova_Carter_ROS/chassis_link/sensors/left_owl/ROS_TF/PublisherTF' did not submit transforms for topic '/tf' on flush cycle 13000
2026-09-30T17:10:36Z [245,402ms] [Warning] [isaacsim.ros2.nodes] ROS2 TF aggregation contributor '/World/Nova_Carter_ROS/chassis_link/sensors/right_owl/ROS_TF/PublisherTF' did not submit transforms for topic '/tf' on flush cycle 13000
2026-09-30T17:10:36Z [245,402ms] [Warning] [isaacsim.ros2.nodes] ROS2 TF aggregation contributor '/World/Nova_Carter_ROS/chassis_link/sensors/back_hawk/ROS_TF/PublisherTF' did not submit transforms for topic '/tf' on flush cycle 13000
2026-09-30T17:10:36Z [245,402ms] [Warning] [isaacsim.ros2.nodes] ROS2 TF aggregation contributor '/World/Nova_Carter_ROS/transform_tree_odometry/ros2_publish_raw_transform_tree' did not submit transforms for topic '/tf' on flush cycle 13000
2026-09-30T17:10:36Z [245,402ms] [Warning] [isaacsim.ros2.nodes] ROS2 TF aggregation contributor '/World/Nova_Carter_ROS/chassis_link/sensors/right_hawk/ROS_TF/PublisherTF' did not submit transforms for topic '/tf' on flush cycle 13000
2026-09-30T17:10:36Z [245,402ms] [Warning] [isaacsim.ros2.nodes] ROS2 TF aggregation contributor '/World/Nova_Carter_ROS/transform_tree_odometry/tf_tree_base_link_to_wheel_base' did not submit transforms for topic '/tf' on flush cycle 13000
2026-09-30T17:10:36Z [245,402ms] [Warning] [isaacsim.ros2.nodes] ROS2 TF aggregation contributor '/World/Nova_Carter_ROS/transform_tree_odometry/tf_tree_base_link_to_sensors' did not submit transforms for topic '/tf' on flush cycle 13000
2026-09-30T17:10:36Z [245,402ms] [Warning] [isaacsim.ros2.nodes] ROS2 TF aggregation contributor '/World/Nova_Carter_ROS/transform_tree_odometry/tf_tree_base_link_to_chassis' did not submit transforms for topic '/tf' on flush cycle 13000
2026-09-30T17:10:42Z [251,267ms] [Warning] [omni.graph.core.plugin] /World/Nova_Carter_ROS/differential_drive/differential_controller_01: [/World/Nova_Carter_ROS/differential_drive] Invalid deltaTime 0.000000, cannot check for acceleration limits, skipping current step
2026-09-30T17:10:46Z [255,156ms] [Warning] [isaacsim.ros2.nodes] ROS2 TF aggregation contributor '/World/Nova_Carter_ROS/chassis_link/sensors/front_owl/ROS_TF/PublisherTF' did not submit transforms for topic '/tf' on flush cycle 13526
2026-09-30T17:10:46Z [255,156ms] [Warning] [isaacsim.ros2.nodes] ROS2 TF aggregation contributor '/World/Nova_Carter_ROS/chassis_link/sensors/rear_RPLidar/ROS_TF/PublisherTF' did not submit transforms for topic '/tf' on flush cycle 13526
2026-09-30T17:10:46Z [255,156ms] [Warning] [isaacsim.ros2.nodes] ROS2 TF aggregation contributor '/World/Nova_Carter_ROS/chassis_link/sensors/left_hawk/ROS_TF/PublisherTF' did not submit transforms for topic '/tf' on flush cycle 13526
2026-09-30T17:10:46Z [255,156ms] [Warning] [isaacsim.ros2.nodes] ROS2 TF aggregation contributor '/World/Nova_Carter_ROS/chassis_link/sensors/front_hawk/ROS_TF/PublisherTF' did not submit transforms for topic '/tf' on flush cycle 13526
2026-09-30T17:10:46Z [255,156ms] [Warning] [isaacsim.ros2.nodes] ROS2 TF aggregation contributor '/World/Nova_Carter_ROS/chassis_link/sensors/back_owl/ROS_TF/PublisherTF' did not submit transforms for topic '/tf' on flush cycle 13526
2026-09-30T17:10:46Z [255,156ms] [Warning] [isaacsim.ros2.nodes] ROS2 TF aggregation contributor '/World/Nova_Carter_ROS/chassis_link/sensors/XT_32/ROS_TF/PublisherTF' did not submit transforms for topic '/tf' on flush cycle 13526
2026-09-30T17:10:46Z [255,156ms] [Warning] [isaacsim.ros2.nodes] ROS2 TF aggregation contributor '/World/Nova_Carter_ROS/chassis_link/sensors/front_RPLidar/ROS_TF/PublisherTF' did not submit transforms for topic '/tf' on flush cycle 13526
2026-09-30T17:10:46Z [255,156ms] [Warning] [isaacsim.ros2.nodes] ROS2 TF aggregation contributor '/World/Nova_Carter_ROS/chassis_link/sensors/left_owl/ROS_TF/PublisherTF' did not submit transforms for topic '/tf' on flush cycle 13526
2026-09-30T17:10:46Z [255,156ms] [Warning] [isaacsim.ros2.nodes] ROS2 TF aggregation contributor '/World/Nova_Carter_ROS/chassis_link/sensors/right_owl/ROS_TF/PublisherTF' did not submit transforms for topic '/tf' on flush cycle 13526
2026-09-30T17:10:46Z [255,156ms] [Warning] [isaacsim.ros2.nodes] ROS2 TF aggregation contributor '/World/Nova_Carter_ROS/chassis_link/sensors/back_hawk/ROS_TF/PublisherTF' did not submit transforms for topic '/tf' on flush cycle 13526
2026-09-30T17:10:46Z [255,156ms] [Warning] [isaacsim.ros2.nodes] ROS2 TF aggregation contributor '/World/Nova_Carter_ROS/transform_tree_odometry/ros2_publish_raw_transform_tree' did not submit transforms for topic '/tf' on flush cycle 13526
2026-09-30T17:10:46Z [255,156ms] [Warning] [isaacsim.ros2.nodes] ROS2 TF aggregation contributor '/World/Nova_Carter_ROS/chassis_link/sensors/right_hawk/ROS_TF/PublisherTF' did not submit transforms for topic '/tf' on flush cycle 13526
2026-09-30T17:10:46Z [255,156ms] [Warning] [isaacsim.ros2.nodes] ROS2 TF aggregation contributor '/World/Nova_Carter_ROS/transform_tree_odometry/tf_tree_base_link_to_wheel_base' did not submit transforms for topic '/tf' on flush cycle 13526
2026-09-30T17:10:46Z [255,156ms] [Warning] [isaacsim.ros2.nodes] ROS2 TF aggregation contributor '/World/Nova_Carter_ROS/transform_tree_odometry/tf_tree_base_link_to_sensors' did not submit transforms for topic '/tf' on flush cycle 13526
2026-09-30T17:10:46Z [255,156ms] [Warning] [isaacsim.ros2.nodes] ROS2 TF aggregation contributor '/World/Nova_Carter_ROS/transform_tree_odometry/tf_tree_base_link_to_chassis' did not submit transforms for topic '/tf' on flush cycle 13526
2026-09-30T17:10:48Z [257,245ms] [Warning] [isaacsim.ros2.nodes] ROS2 TF aggregation contributor '/World/Nova_Carter_ROS/chassis_link/sensors/front_owl/ROS_TF/PublisherTF' did not submit transforms for topic '/tf' on flush cycle 13646
2026-09-30T17:10:48Z [257,245ms] [Warning] [isaacsim.ros2.nodes] ROS2 TF aggregation contributor '/World/Nova_Carter_ROS/chassis_link/sensors/rear_RPLidar/ROS_TF/PublisherTF' did not submit transforms for topic '/tf' on flush cycle 13646
2026-09-30T17:10:48Z [257,245ms] [Warning] [isaacsim.ros2.nodes] ROS2 TF aggregation contributor '/World/Nova_Carter_ROS/chassis_link/sensors/left_hawk/ROS_TF/PublisherTF' did not submit transforms for topic '/tf' on flush cycle 13646
2026-09-30T17:10:48Z [257,245ms] [Warning] [isaacsim.ros2.nodes] ROS2 TF aggregation contributor '/World/Nova_Carter_ROS/chassis_link/sensors/front_hawk/ROS_TF/PublisherTF' did not submit transforms for topic '/tf' on flush cycle 13646
2026-09-30T17:10:48Z [257,245ms] [Warning] [isaacsim.ros2.nodes] ROS2 TF aggregation contributor '/World/Nova_Carter_ROS/chassis_link/sensors/back_owl/ROS_TF/PublisherTF' did not submit transforms for topic '/tf' on flush cycle 13646
2026-09-30T17:10:48Z [257,245ms] [Warning] [isaacsim.ros2.nodes] ROS2 TF aggregation contributor '/World/Nova_Carter_ROS/chassis_link/sensors/XT_32/ROS_TF/PublisherTF' did not submit transforms for topic '/tf' on flush cycle 13646
2026-09-30T17:10:48Z [257,245ms] [Warning] [isaacsim.ros2.nodes] ROS2 TF aggregation contributor '/World/Nova_Carter_ROS/chassis_link/sensors/front_RPLidar/ROS_TF/PublisherTF' did not submit transforms for topic '/tf' on flush cycle 13646
2026-09-30T17:10:48Z [257,245ms] [Warning] [isaacsim.ros2.nodes] ROS2 TF aggregation contributor '/World/Nova_Carter_ROS/chassis_link/sensors/left_owl/ROS_TF/PublisherTF' did not submit transforms for topic '/tf' on flush cycle 13646
2026-09-30T17:10:48Z [257,245ms] [Warning] [isaacsim.ros2.nodes] ROS2 TF aggregation contributor '/World/Nova_Carter_ROS/chassis_link/sensors/right_owl/ROS_TF/PublisherTF' did not submit transforms for topic '/tf' on flush cycle 13646
2026-09-30T17:10:48Z [257,245ms] [Warning] [isaacsim.ros2.nodes] ROS2 TF aggregation contributor '/World/Nova_Carter_ROS/chassis_link/sensors/back_hawk/ROS_TF/PublisherTF' did not submit transforms for topic '/tf' on flush cycle 13646
2026-09-30T17:10:48Z [257,245ms] [Warning] [isaacsim.ros2.nodes] ROS2 TF aggregation contributor '/World/Nova_Carter_ROS/transform_tree_odometry/ros2_publish_raw_transform_tree' did not submit transforms for topic '/tf' on flush cycle 13646
2026-09-30T17:10:48Z [257,245ms] [Warning] [isaacsim.ros2.nodes] ROS2 TF aggregation contributor '/World/Nova_Carter_ROS/chassis_link/sensors/right_hawk/ROS_TF/PublisherTF' did not submit transforms for topic '/tf' on flush cycle 13646
2026-09-30T17:10:48Z [257,245ms] [Warning] [isaacsim.ros2.nodes] ROS2 TF aggregation contributor '/World/Nova_Carter_ROS/transform_tree_odometry/tf_tree_base_link_to_wheel_base' did not submit transforms for topic '/tf' on flush cycle 13646
2026-09-30T17:10:48Z [257,245ms] [Warning] [isaacsim.ros2.nodes] ROS2 TF aggregation contributor '/World/Nova_Carter_ROS/transform_tree_odometry/tf_tree_base_link_to_sensors' did not submit transforms for topic '/tf' on flush cycle 13646
2026-09-30T17:10:48Z [257,245ms] [Warning] [isaacsim.ros2.nodes] ROS2 TF aggregation contributor '/World/Nova_Carter_ROS/transform_tree_odometry/tf_tree_base_link_to_chassis' did not submit transforms for topic '/tf' on flush cycle 13646
2026-09-30T17:10:50Z [259,293ms] [Warning] [isaacsim.ros2.nodes] ROS2 TF aggregation contributor '/World/Nova_Carter_ROS/chassis_link/sensors/front_owl/ROS_TF/PublisherTF' did not submit transforms for topic '/tf' on flush cycle 13766
2026-09-30T17:10:50Z [259,293ms] [Warning] [isaacsim.ros2.nodes] ROS2 TF aggregation contributor '/World/Nova_Carter_ROS/chassis_link/sensors/rear_RPLidar/ROS_TF/PublisherTF' did not submit transforms for topic '/tf' on flush cycle 13766
2026-09-30T17:10:50Z [259,293ms] [Warning] [isaacsim.ros2.nodes] ROS2 TF aggregation contributor '/World/Nova_Carter_ROS/chassis_link/sensors/left_hawk/ROS_TF/PublisherTF' did not submit transforms for topic '/tf' on flush cycle 13766
2026-09-30T17:10:50Z [259,293ms] [Warning] [isaacsim.ros2.nodes] ROS2 TF aggregation contributor '/World/Nova_Carter_ROS/chassis_link/sensors/front_hawk/ROS_TF/PublisherTF' did not submit transforms for topic '/tf' on flush cycle 13766
2026-09-30T17:10:50Z [259,293ms] [Warning] [isaacsim.ros2.nodes] ROS2 TF aggregation contributor '/World/Nova_Carter_ROS/chassis_link/sensors/back_owl/ROS_TF/PublisherTF' did not submit transforms for topic '/tf' on flush cycle 13766
2026-09-30T17:10:50Z [259,293ms] [Warning] [isaacsim.ros2.nodes] ROS2 TF aggregation contributor '/World/Nova_Carter_ROS/chassis_link/sensors/XT_32/ROS_TF/PublisherTF' did not submit transforms for topic '/tf' on flush cycle 13766
2026-09-30T17:10:50Z [259,293ms] [Warning] [isaacsim.ros2.nodes] ROS2 TF aggregation contributor '/World/Nova_Carter_ROS/chassis_link/sensors/front_RPLidar/ROS_TF/PublisherTF' did not submit transforms for topic '/tf' on flush cycle 13766
2026-09-30T17:10:50Z [259,293ms] [Warning] [isaacsim.ros2.nodes] ROS2 TF aggregation contributor '/World/Nova_Carter_ROS/chassis_link/sensors/left_owl/ROS_TF/PublisherTF' did not submit transforms for topic '/tf' on flush cycle 13766
2026-09-30T17:10:50Z [259,293ms] [Warning] [isaacsim.ros2.nodes] ROS2 TF aggregation contributor '/World/Nova_Carter_ROS/chassis_link/sensors/right_owl/ROS_TF/PublisherTF' did not submit transforms for topic '/tf' on flush cycle 13766
2026-09-30T17:10:50Z [259,293ms] [Warning] [isaacsim.ros2.nodes] ROS2 TF aggregation contributor '/World/Nova_Carter_ROS/chassis_link/sensors/back_hawk/ROS_TF/PublisherTF' did not submit transforms for topic '/tf' on flush cycle 13766
2026-09-30T17:10:50Z [259,293ms] [Warning] [isaacsim.ros2.nodes] ROS2 TF aggregation contributor '/World/Nova_Carter_ROS/transform_tree_odometry/ros2_publish_raw_transform_tree' did not submit transforms for topic '/tf' on flush cycle 13766
2026-09-30T17:10:50Z [259,293ms] [Warning] [isaacsim.ros2.nodes] ROS2 TF aggregation contributor '/World/Nova_Carter_ROS/chassis_link/sensors/right_hawk/ROS_TF/PublisherTF' did not submit transforms for topic '/tf' on flush cycle 13766
2026-09-30T17:10:50Z [259,293ms] [Warning] [isaacsim.ros2.nodes] ROS2 TF aggregation contributor '/World/Nova_Carter_ROS/transform_tree_odometry/tf_tree_base_link_to_wheel_base' did not submit transforms for topic '/tf' on flush cycle 13766
2026-09-30T17:10:50Z [259,293ms] [Warning] [isaacsim.ros2.nodes] ROS2 TF aggregation contributor '/World/Nova_Carter_ROS/transform_tree_odometry/tf_tree_base_link_to_sensors' did not submit transforms for topic '/tf' on flush cycle 13766
2026-09-30T17:10:50Z [259,293ms] [Warning] [isaacsim.ros2.nodes] ROS2 TF aggregation contributor '/World/Nova_Carter_ROS/transform_tree_odometry/tf_tree_base_link_to_chassis' did not submit transforms for topic '/tf' on flush cycle 13766
2026-09-30T17:10:52Z [261,340ms] [Warning] [isaacsim.ros2.nodes] ROS2 TF aggregation contributor '/World/Nova_Carter_ROS/chassis_link/sensors/front_owl/ROS_TF/PublisherTF' did not submit transforms for topic '/tf' on flush cycle 13886
2026-09-30T17:10:52Z [261,340ms] [Warning] [isaacsim.ros2.nodes] ROS2 TF aggregation contributor '/World/Nova_Carter_ROS/chassis_link/sensors/rear_RPLidar/ROS_TF/PublisherTF' did not submit transforms for topic '/tf' on flush cycle 13886
2026-09-30T17:10:52Z [261,340ms] [Warning] [isaacsim.ros2.nodes] ROS2 TF aggregation contributor '/World/Nova_Carter_ROS/chassis_link/sensors/left_hawk/ROS_TF/PublisherTF' did not submit transforms for topic '/tf' on flush cycle 13886
2026-09-30T17:10:52Z [261,340ms] [Warning] [isaacsim.ros2.nodes] ROS2 TF aggregation contributor '/World/Nova_Carter_ROS/chassis_link/sensors/front_hawk/ROS_TF/PublisherTF' did not submit transforms for topic '/tf' on flush cycle 13886
2026-09-30T17:10:52Z [261,340ms] [Warning] [isaacsim.ros2.nodes] ROS2 TF aggregation contributor '/World/Nova_Carter_ROS/chassis_link/sensors/back_owl/ROS_TF/PublisherTF' did not submit transforms for topic '/tf' on flush cycle 13886
2026-09-30T17:10:52Z [261,340ms] [Warning] [isaacsim.ros2.nodes] ROS2 TF aggregation contributor '/World/Nova_Carter_ROS/chassis_link/sensors/XT_32/ROS_TF/PublisherTF' did not submit transforms for topic '/tf' on flush cycle 13886
2026-09-30T17:10:52Z [261,340ms] [Warning] [isaacsim.ros2.nodes] ROS2 TF aggregation contributor '/World/Nova_Carter_ROS/chassis_link/sensors/front_RPLidar/ROS_TF/PublisherTF' did not submit transforms for topic '/tf' on flush cycle 13886
2026-09-30T17:10:52Z [261,340ms] [Warning] [isaacsim.ros2.nodes] ROS2 TF aggregation contributor '/World/Nova_Carter_ROS/chassis_link/sensors/left_owl/ROS_TF/PublisherTF' did not submit transforms for topic '/tf' on flush cycle 13886
2026-09-30T17:10:52Z [261,340ms] [Warning] [isaacsim.ros2.nodes] ROS2 TF aggregation contributor '/World/Nova_Carter_ROS/chassis_link/sensors/right_owl/ROS_TF/PublisherTF' did not submit transforms for topic '/tf' on flush cycle 13886
2026-09-30T17:10:52Z [261,340ms] [Warning] [isaacsim.ros2.nodes] ROS2 TF aggregation contributor '/World/Nova_Carter_ROS/chassis_link/sensors/back_hawk/ROS_TF/PublisherTF' did not submit transforms for topic '/tf' on flush cycle 13886
2026-09-30T17:10:52Z [261,340ms] [Warning] [isaacsim.ros2.nodes] ROS2 TF aggregation contributor '/World/Nova_Carter_ROS/transform_tree_odometry/ros2_publish_raw_transform_tree' did not submit transforms for topic '/tf' on flush cycle 13886
2026-09-30T17:10:52Z [261,340ms] [Warning] [isaacsim.ros2.nodes] ROS2 TF aggregation contributor '/World/Nova_Carter_ROS/chassis_link/sensors/right_hawk/ROS_TF/PublisherTF' did not submit transforms for topic '/tf' on flush cycle 13886
2026-09-30T17:10:52Z [261,340ms] [Warning] [isaacsim.ros2.nodes] ROS2 TF aggregation contributor '/World/Nova_Carter_ROS/transform_tree_odometry/tf_tree_base_link_to_wheel_base' did not submit transforms for topic '/tf' on flush cycle 13886
2026-09-30T17:10:52Z [261,340ms] [Warning] [isaacsim.ros2.nodes] ROS2 TF aggregation contributor '/World/Nova_Carter_ROS/transform_tree_odometry/tf_tree_base_link_to_sensors' did not submit transforms for topic '/tf' on flush cycle 13886
2026-09-30T17:10:52Z [261,340ms] [Warning] [isaacsim.ros2.nodes] ROS2 TF aggregation contributor '/World/Nova_Carter_ROS/transform_tree_odometry/tf_tree_base_link_to_chassis' did not submit transforms for topic '/tf' on flush cycle 13886
2026-09-30T17:10:54Z [263,439ms] [Warning] [isaacsim.ros2.nodes] ROS2 TF aggregation contributor '/World/Nova_Carter_ROS/chassis_link/sensors/front_owl/ROS_TF/PublisherTF' did not submit transforms for topic '/tf' on flush cycle 14006
2026-09-30T17:10:54Z [263,439ms] [Warning] [isaacsim.ros2.nodes] ROS2 TF aggregation contributor '/World/Nova_Carter_ROS/chassis_link/sensors/rear_RPLidar/ROS_TF/PublisherTF' did not submit transforms for topic '/tf' on flush cycle 14006
2026-09-30T17:10:54Z [263,439ms] [Warning] [isaacsim.ros2.nodes] ROS2 TF aggregation contributor '/World/Nova_Carter_ROS/chassis_link/sensors/left_hawk/ROS_TF/PublisherTF' did not submit transforms for topic '/tf' on flush cycle 14006
2026-09-30T17:10:54Z [263,439ms] [Warning] [isaacsim.ros2.nodes] ROS2 TF aggregation contributor '/World/Nova_Carter_ROS/chassis_link/sensors/front_hawk/ROS_TF/PublisherTF' did not submit transforms for topic '/tf' on flush cycle 14006
2026-09-30T17:10:54Z [263,439ms] [Warning] [isaacsim.ros2.nodes] ROS2 TF aggregation contributor '/World/Nova_Carter_ROS/chassis_link/sensors/back_owl/ROS_TF/PublisherTF' did not submit transforms for topic '/tf' on flush cycle 14006
2026-09-30T17:10:54Z [263,439ms] [Warning] [isaacsim.ros2.nodes] ROS2 TF aggregation contributor '/World/Nova_Carter_ROS/chassis_link/sensors/XT_32/ROS_TF/PublisherTF' did not submit transforms for topic '/tf' on flush cycle 14006
2026-09-30T17:10:54Z [263,439ms] [Warning] [isaacsim.ros2.nodes] ROS2 TF aggregation contributor '/World/Nova_Carter_ROS/chassis_link/sensors/front_RPLidar/ROS_TF/PublisherTF' did not submit transforms for topic '/tf' on flush cycle 14006
2026-09-30T17:10:54Z [263,439ms] [Warning] [isaacsim.ros2.nodes] ROS2 TF aggregation contributor '/World/Nova_Carter_ROS/chassis_link/sensors/left_owl/ROS_TF/PublisherTF' did not submit transforms for topic '/tf' on flush cycle 14006
2026-09-30T17:10:54Z [263,439ms] [Warning] [isaacsim.ros2.nodes] ROS2 TF aggregation contributor '/World/Nova_Carter_ROS/chassis_link/sensors/right_owl/ROS_TF/PublisherTF' did not submit transforms for topic '/tf' on flush cycle 14006
2026-09-30T17:10:54Z [263,440ms] [Warning] [isaacsim.ros2.nodes] ROS2 TF aggregation contributor '/World/Nova_Carter_ROS/chassis_link/sensors/back_hawk/ROS_TF/PublisherTF' did not submit transforms for topic '/tf' on flush cycle 14006
2026-09-30T17:10:54Z [263,440ms] [Warning] [isaacsim.ros2.nodes] ROS2 TF aggregation contributor '/World/Nova_Carter_ROS/transform_tree_odometry/ros2_publish_raw_transform_tree' did not submit transforms for topic '/tf' on flush cycle 14006
2026-09-30T17:10:54Z [263,440ms] [Warning] [isaacsim.ros2.nodes] ROS2 TF aggregation contributor '/World/Nova_Carter_ROS/chassis_link/sensors/right_hawk/ROS_TF/PublisherTF' did not submit transforms for topic '/tf' on flush cycle 14006
2026-09-30T17:10:54Z [263,440ms] [Warning] [isaacsim.ros2.nodes] ROS2 TF aggregation contributor '/World/Nova_Carter_ROS/transform_tree_odometry/tf_tree_base_link_to_wheel_base' did not submit transforms for topic '/tf' on flush cycle 14006
2026-09-30T17:10:54Z [263,440ms] [Warning] [isaacsim.ros2.nodes] ROS2 TF aggregation contributor '/World/Nova_Carter_ROS/transform_tree_odometry/tf_tree_base_link_to_sensors' did not submit transforms for topic '/tf' on flush cycle 14006
2026-09-30T17:10:54Z [263,440ms] [Warning] [isaacsim.ros2.nodes] ROS2 TF aggregation contributor '/World/Nova_Carter_ROS/transform_tree_odometry/tf_tree_base_link_to_chassis' did not submit transforms for topic '/tf' on flush cycle 14006
2026-09-30T17:10:56Z [265,533ms] [Warning] [isaacsim.ros2.nodes] ROS2 TF aggregation contributor '/World/Nova_Carter_ROS/chassis_link/sensors/front_owl/ROS_TF/PublisherTF' did not submit transforms for topic '/tf' on flush cycle 14126
2026-09-30T17:10:56Z [265,533ms] [Warning] [isaacsim.ros2.nodes] ROS2 TF aggregation contributor '/World/Nova_Carter_ROS/chassis_link/sensors/rear_RPLidar/ROS_TF/PublisherTF' did not submit transforms for topic '/tf' on flush cycle 14126
2026-09-30T17:10:56Z [265,533ms] [Warning] [isaacsim.ros2.nodes] ROS2 TF aggregation contributor '/World/Nova_Carter_ROS/chassis_link/sensors/left_hawk/ROS_TF/PublisherTF' did not submit transforms for topic '/tf' on flush cycle 14126
2026-09-30T17:10:56Z [265,533ms] [Warning] [isaacsim.ros2.nodes] ROS2 TF aggregation contributor '/World/Nova_Carter_ROS/chassis_link/sensors/front_hawk/ROS_TF/PublisherTF' did not submit transforms for topic '/tf' on flush cycle 14126
2026-09-30T17:10:56Z [265,533ms] [Warning] [isaacsim.ros2.nodes] ROS2 TF aggregation contributor '/World/Nova_Carter_ROS/chassis_link/sensors/back_owl/ROS_TF/PublisherTF' did not submit transforms for topic '/tf' on flush cycle 14126
2026-09-30T17:10:56Z [265,533ms] [Warning] [isaacsim.ros2.nodes] ROS2 TF aggregation contributor '/World/Nova_Carter_ROS/chassis_link/sensors/XT_32/ROS_TF/PublisherTF' did not submit transforms for topic '/tf' on flush cycle 14126
2026-09-30T17:10:56Z [265,533ms] [Warning] [isaacsim.ros2.nodes] ROS2 TF aggregation contributor '/World/Nova_Carter_ROS/chassis_link/sensors/front_RPLidar/ROS_TF/PublisherTF' did not submit transforms for topic '/tf' on flush cycle 14126
2026-09-30T17:10:56Z [265,533ms] [Warning] [isaacsim.ros2.nodes] ROS2 TF aggregation contributor '/World/Nova_Carter_ROS/chassis_link/sensors/left_owl/ROS_TF/PublisherTF' did not submit transforms for topic '/tf' on flush cycle 14126
2026-09-30T17:10:56Z [265,533ms] [Warning] [isaacsim.ros2.nodes] ROS2 TF aggregation contributor '/World/Nova_Carter_ROS/chassis_link/sensors/right_owl/ROS_TF/PublisherTF' did not submit transforms for topic '/tf' on flush cycle 14126
2026-09-30T17:10:56Z [265,533ms] [Warning] [isaacsim.ros2.nodes] ROS2 TF aggregation contributor '/World/Nova_Carter_ROS/chassis_link/sensors/back_hawk/ROS_TF/PublisherTF' did not submit transforms for topic '/tf' on flush cycle 14126
2026-09-30T17:10:56Z [265,533ms] [Warning] [isaacsim.ros2.nodes] ROS2 TF aggregation contributor '/World/Nova_Carter_ROS/transform_tree_odometry/ros2_publish_raw_transform_tree' did not submit transforms for topic '/tf' on flush cycle 14126
2026-09-30T17:10:56Z [265,533ms] [Warning] [isaacsim.ros2.nodes] ROS2 TF aggregation contributor '/World/Nova_Carter_ROS/chassis_link/sensors/right_hawk/ROS_TF/PublisherTF' did not submit transforms for topic '/tf' on flush cycle 14126
2026-09-30T17:10:56Z [265,533ms] [Warning] [isaacsim.ros2.nodes] ROS2 TF aggregation contributor '/World/Nova_Carter_ROS/transform_tree_odometry/tf_tree_base_link_to_wheel_base' did not submit transforms for topic '/tf' on flush cycle 14126
2026-09-30T17:10:56Z [265,533ms] [Warning] [isaacsim.ros2.nodes] ROS2 TF aggregation contributor '/World/Nova_Carter_ROS/transform_tree_odometry/tf_tree_base_link_to_sensors' did not submit transforms for topic '/tf' on flush cycle 14126
2026-09-30T17:10:56Z [265,533ms] [Warning] [isaacsim.ros2.nodes] ROS2 TF aggregation contributor '/World/Nova_Carter_ROS/transform_tree_odometry/tf_tree_base_link_to_chassis' did not submit transforms for topic '/tf' on flush cycle 14126
2026-09-30T17:10:58Z [267,579ms] [Warning] [isaacsim.ros2.nodes] ROS2 TF aggregation contributor '/World/Nova_Carter_ROS/chassis_link/sensors/front_owl/ROS_TF/PublisherTF' did not submit transforms for topic '/tf' on flush cycle 14246
2026-09-30T17:10:58Z [267,579ms] [Warning] [isaacsim.ros2.nodes] ROS2 TF aggregation contributor '/World/Nova_Carter_ROS/chassis_link/sensors/rear_RPLidar/ROS_TF/PublisherTF' did not submit transforms for topic '/tf' on flush cycle 14246
2026-09-30T17:10:58Z [267,579ms] [Warning] [isaacsim.ros2.nodes] ROS2 TF aggregation contributor '/World/Nova_Carter_ROS/chassis_link/sensors/left_hawk/ROS_TF/PublisherTF' did not submit transforms for topic '/tf' on flush cycle 14246
2026-09-30T17:10:58Z [267,579ms] [Warning] [isaacsim.ros2.nodes] ROS2 TF aggregation contributor '/World/Nova_Carter_ROS/chassis_link/sensors/front_hawk/ROS_TF/PublisherTF' did not submit transforms for topic '/tf' on flush cycle 14246
2026-09-30T17:10:58Z [267,579ms] [Warning] [isaacsim.ros2.nodes] ROS2 TF aggregation contributor '/World/Nova_Carter_ROS/chassis_link/sensors/back_owl/ROS_TF/PublisherTF' did not submit transforms for topic '/tf' on flush cycle 14246
2026-09-30T17:10:58Z [267,579ms] [Warning] [isaacsim.ros2.nodes] ROS2 TF aggregation contributor '/World/Nova_Carter_ROS/chassis_link/sensors/XT_32/ROS_TF/PublisherTF' did not submit transforms for topic '/tf' on flush cycle 14246
2026-09-30T17:10:58Z [267,579ms] [Warning] [isaacsim.ros2.nodes] ROS2 TF aggregation contributor '/World/Nova_Carter_ROS/chassis_link/sensors/front_RPLidar/ROS_TF/PublisherTF' did not submit transforms for topic '/tf' on flush cycle 14246
2026-09-30T17:10:58Z [267,579ms] [Warning] [isaacsim.ros2.nodes] ROS2 TF aggregation contributor '/World/Nova_Carter_ROS/chassis_link/sensors/left_owl/ROS_TF/PublisherTF' did not submit transforms for topic '/tf' on flush cycle 14246
2026-09-30T17:10:58Z [267,579ms] [Warning] [isaacsim.ros2.nodes] ROS2 TF aggregation contributor '/World/Nova_Carter_ROS/chassis_link/sensors/right_owl/ROS_TF/PublisherTF' did not submit transforms for topic '/tf' on flush cycle 14246
2026-09-30T17:10:58Z [267,579ms] [Warning] [isaacsim.ros2.nodes] ROS2 TF aggregation contributor '/World/Nova_Carter_ROS/chassis_link/sensors/back_hawk/ROS_TF/PublisherTF' did not submit transforms for topic '/tf' on flush cycle 14246
2026-09-30T17:10:58Z [267,579ms] [Warning] [isaacsim.ros2.nodes] ROS2 TF aggregation contributor '/World/Nova_Carter_ROS/transform_tree_odometry/ros2_publish_raw_transform_tree' did not submit transforms for topic '/tf' on flush cycle 14246
2026-09-30T17:10:58Z [267,579ms] [Warning] [isaacsim.ros2.nodes] ROS2 TF aggregation contributor '/World/Nova_Carter_ROS/chassis_link/sensors/right_hawk/ROS_TF/PublisherTF' did not submit transforms for topic '/tf' on flush cycle 14246
2026-09-30T17:10:58Z [267,579ms] [Warning] [isaacsim.ros2.nodes] ROS2 TF aggregation contributor '/World/Nova_Carter_ROS/transform_tree_odometry/tf_tree_base_link_to_wheel_base' did not submit transforms for topic '/tf' on flush cycle 14246
2026-09-30T17:10:58Z [267,579ms] [Warning] [isaacsim.ros2.nodes] ROS2 TF aggregation contributor '/World/Nova_Carter_ROS/transform_tree_odometry/tf_tree_base_link_to_sensors' did not submit transforms for topic '/tf' on flush cycle 14246
2026-09-30T17:10:58Z [267,579ms] [Warning] [isaacsim.ros2.nodes] ROS2 TF aggregation contributor '/World/Nova_Carter_ROS/transform_tree_odometry/tf_tree_base_link_to_chassis' did not submit transforms for topic '/tf' on flush cycle 14246
2026-09-30T17:11:08Z [277,558ms] [Warning] [isaacsim.ros2.nodes] ROS2 TF aggregation contributor '/World/Nova_Carter_ROS/chassis_link/sensors/front_owl/ROS_TF/PublisherTF' did not submit transforms for topic '/tf' on flush cycle 14774
2026-09-30T17:11:08Z [277,558ms] [Warning] [isaacsim.ros2.nodes] ROS2 TF aggregation contributor '/World/Nova_Carter_ROS/chassis_link/sensors/rear_RPLidar/ROS_TF/PublisherTF' did not submit transforms for topic '/tf' on flush cycle 14774
2026-09-30T17:11:08Z [277,558ms] [Warning] [isaacsim.ros2.nodes] ROS2 TF aggregation contributor '/World/Nova_Carter_ROS/chassis_link/sensors/left_hawk/ROS_TF/PublisherTF' did not submit transforms for topic '/tf' on flush cycle 14774
2026-09-30T17:11:08Z [277,558ms] [Warning] [isaacsim.ros2.nodes] ROS2 TF aggregation contributor '/World/Nova_Carter_ROS/chassis_link/sensors/front_hawk/ROS_TF/PublisherTF' did not submit transforms for topic '/tf' on flush cycle 14774
2026-09-30T17:11:08Z [277,558ms] [Warning] [isaacsim.ros2.nodes] ROS2 TF aggregation contributor '/World/Nova_Carter_ROS/chassis_link/sensors/back_owl/ROS_TF/PublisherTF' did not submit transforms for topic '/tf' on flush cycle 14774
2026-09-30T17:11:08Z [277,558ms] [Warning] [isaacsim.ros2.nodes] ROS2 TF aggregation contributor '/World/Nova_Carter_ROS/chassis_link/sensors/XT_32/ROS_TF/PublisherTF' did not submit transforms for topic '/tf' on flush cycle 14774
2026-09-30T17:11:08Z [277,558ms] [Warning] [isaacsim.ros2.nodes] ROS2 TF aggregation contributor '/World/Nova_Carter_ROS/chassis_link/sensors/front_RPLidar/ROS_TF/PublisherTF' did not submit transforms for topic '/tf' on flush cycle 14774
2026-09-30T17:11:08Z [277,558ms] [Warning] [isaacsim.ros2.nodes] ROS2 TF aggregation contributor '/World/Nova_Carter_ROS/chassis_link/sensors/left_owl/ROS_TF/PublisherTF' did not submit transforms for topic '/tf' on flush cycle 14774
2026-09-30T17:11:08Z [277,558ms] [Warning] [isaacsim.ros2.nodes] ROS2 TF aggregation contributor '/World/Nova_Carter_ROS/chassis_link/sensors/right_owl/ROS_TF/PublisherTF' did not submit transforms for topic '/tf' on flush cycle 14774
2026-09-30T17:11:08Z [277,558ms] [Warning] [isaacsim.ros2.nodes] ROS2 TF aggregation contributor '/World/Nova_Carter_ROS/chassis_link/sensors/back_hawk/ROS_TF/PublisherTF' did not submit transforms for topic '/tf' on flush cycle 14774
2026-09-30T17:11:08Z [277,558ms] [Warning] [isaacsim.ros2.nodes] ROS2 TF aggregation contributor '/World/Nova_Carter_ROS/transform_tree_odometry/ros2_publish_raw_transform_tree' did not submit transforms for topic '/tf' on flush cycle 14774
2026-09-30T17:11:08Z [277,558ms] [Warning] [isaacsim.ros2.nodes] ROS2 TF aggregation contributor '/World/Nova_Carter_ROS/chassis_link/sensors/right_hawk/ROS_TF/PublisherTF' did not submit transforms for topic '/tf' on flush cycle 14774
2026-09-30T17:11:08Z [277,558ms] [Warning] [isaacsim.ros2.nodes] ROS2 TF aggregation contributor '/World/Nova_Carter_ROS/transform_tree_odometry/tf_tree_base_link_to_wheel_base' did not submit transforms for topic '/tf' on flush cycle 14774
2026-09-30T17:11:08Z [277,558ms] [Warning] [isaacsim.ros2.nodes] ROS2 TF aggregation contributor '/World/Nova_Carter_ROS/transform_tree_odometry/tf_tree_base_link_to_sensors' did not submit transforms for topic '/tf' on flush cycle 14774
2026-09-30T17:11:08Z [277,558ms] [Warning] [isaacsim.ros2.nodes] ROS2 TF aggregation contributor '/World/Nova_Carter_ROS/transform_tree_odometry/tf_tree_base_link_to_chassis' did not submit transforms for topic '/tf' on flush cycle 14774
2026-09-30T17:11:10Z [279,640ms] [Warning] [isaacsim.ros2.nodes] ROS2 TF aggregation contributor '/World/Nova_Carter_ROS/chassis_link/sensors/front_owl/ROS_TF/PublisherTF' did not submit transforms for topic '/tf' on flush cycle 14894
2026-09-30T17:11:10Z [279,640ms] [Warning] [isaacsim.ros2.nodes] ROS2 TF aggregation contributor '/World/Nova_Carter_ROS/chassis_link/sensors/rear_RPLidar/ROS_TF/PublisherTF' did not submit transforms for topic '/tf' on flush cycle 14894
2026-09-30T17:11:10Z [279,640ms] [Warning] [isaacsim.ros2.nodes] ROS2 TF aggregation contributor '/World/Nova_Carter_ROS/chassis_link/sensors/left_hawk/ROS_TF/PublisherTF' did not submit transforms for topic '/tf' on flush cycle 14894
2026-09-30T17:11:10Z [279,640ms] [Warning] [isaacsim.ros2.nodes] ROS2 TF aggregation contributor '/World/Nova_Carter_ROS/chassis_link/sensors/front_hawk/ROS_TF/PublisherTF' did not submit transforms for topic '/tf' on flush cycle 14894
2026-09-30T17:11:10Z [279,640ms] [Warning] [isaacsim.ros2.nodes] ROS2 TF aggregation contributor '/World/Nova_Carter_ROS/chassis_link/sensors/back_owl/ROS_TF/PublisherTF' did not submit transforms for topic '/tf' on flush cycle 14894
2026-09-30T17:11:10Z [279,640ms] [Warning] [isaacsim.ros2.nodes] ROS2 TF aggregation contributor '/World/Nova_Carter_ROS/chassis_link/sensors/XT_32/ROS_TF/PublisherTF' did not submit transforms for topic '/tf' on flush cycle 14894
2026-09-30T17:11:10Z [279,640ms] [Warning] [isaacsim.ros2.nodes] ROS2 TF aggregation contributor '/World/Nova_Carter_ROS/chassis_link/sensors/front_RPLidar/ROS_TF/PublisherTF' did not submit transforms for topic '/tf' on flush cycle 14894
2026-09-30T17:11:10Z [279,640ms] [Warning] [isaacsim.ros2.nodes] ROS2 TF aggregation contributor '/World/Nova_Carter_ROS/chassis_link/sensors/left_owl/ROS_TF/PublisherTF' did not submit transforms for topic '/tf' on flush cycle 14894
2026-09-30T17:11:10Z [279,640ms] [Warning] [isaacsim.ros2.nodes] ROS2 TF aggregation contributor '/World/Nova_Carter_ROS/chassis_link/sensors/right_owl/ROS_TF/PublisherTF' did not submit transforms for topic '/tf' on flush cycle 14894
2026-09-30T17:11:10Z [279,640ms] [Warning] [isaacsim.ros2.nodes] ROS2 TF aggregation contributor '/World/Nova_Carter_ROS/chassis_link/sensors/back_hawk/ROS_TF/PublisherTF' did not submit transforms for topic '/tf' on flush cycle 14894
2026-09-30T17:11:10Z [279,640ms] [Warning] [isaacsim.ros2.nodes] ROS2 TF aggregation contributor '/World/Nova_Carter_ROS/transform_tree_odometry/ros2_publish_raw_transform_tree' did not submit transforms for topic '/tf' on flush cycle 14894
2026-09-30T17:11:10Z [279,640ms] [Warning] [isaacsim.ros2.nodes] ROS2 TF aggregation contributor '/World/Nova_Carter_ROS/chassis_link/sensors/right_hawk/ROS_TF/PublisherTF' did not submit transforms for topic '/tf' on flush cycle 14894
2026-09-30T17:11:10Z [279,640ms] [Warning] [isaacsim.ros2.nodes] ROS2 TF aggregation contributor '/World/Nova_Carter_ROS/transform_tree_odometry/tf_tree_base_link_to_wheel_base' did not submit transforms for topic '/tf' on flush cycle 14894
2026-09-30T17:11:10Z [279,640ms] [Warning] [isaacsim.ros2.nodes] ROS2 TF aggregation contributor '/World/Nova_Carter_ROS/transform_tree_odometry/tf_tree_base_link_to_sensors' did not submit transforms for topic '/tf' on flush cycle 14894
2026-09-30T17:11:10Z [279,640ms] [Warning] [isaacsim.ros2.nodes] ROS2 TF aggregation contributor '/World/Nova_Carter_ROS/transform_tree_odometry/tf_tree_base_link_to_chassis' did not submit transforms for topic '/tf' on flush cycle 14894
2026-09-30T17:11:12Z [281,683ms] [Warning] [isaacsim.ros2.nodes] ROS2 TF aggregation contributor '/World/Nova_Carter_ROS/chassis_link/sensors/front_owl/ROS_TF/PublisherTF' did not submit transforms for topic '/tf' on flush cycle 15014
2026-09-30T17:11:12Z [281,683ms] [Warning] [isaacsim.ros2.nodes] ROS2 TF aggregation contributor '/World/Nova_Carter_ROS/chassis_link/sensors/rear_RPLidar/ROS_TF/PublisherTF' did not submit transforms for topic '/tf' on flush cycle 15014
2026-09-30T17:11:12Z [281,683ms] [Warning] [isaacsim.ros2.nodes] ROS2 TF aggregation contributor '/World/Nova_Carter_ROS/chassis_link/sensors/left_hawk/ROS_TF/PublisherTF' did not submit transforms for topic '/tf' on flush cycle 15014
2026-09-30T17:11:12Z [281,683ms] [Warning] [isaacsim.ros2.nodes] ROS2 TF aggregation contributor '/World/Nova_Carter_ROS/chassis_link/sensors/front_hawk/ROS_TF/PublisherTF' did not submit transforms for topic '/tf' on flush cycle 15014
2026-09-30T17:11:12Z [281,683ms] [Warning] [isaacsim.ros2.nodes] ROS2 TF aggregation contributor '/World/Nova_Carter_ROS/chassis_link/sensors/back_owl/ROS_TF/PublisherTF' did not submit transforms for topic '/tf' on flush cycle 15014
2026-09-30T17:11:12Z [281,683ms] [Warning] [isaacsim.ros2.nodes] ROS2 TF aggregation contributor '/World/Nova_Carter_ROS/chassis_link/sensors/XT_32/ROS_TF/PublisherTF' did not submit transforms for topic '/tf' on flush cycle 15014
2026-09-30T17:11:12Z [281,683ms] [Warning] [isaacsim.ros2.nodes] ROS2 TF aggregation contributor '/World/Nova_Carter_ROS/chassis_link/sensors/front_RPLidar/ROS_TF/PublisherTF' did not submit transforms for topic '/tf' on flush cycle 15014
2026-09-30T17:11:12Z [281,683ms] [Warning] [isaacsim.ros2.nodes] ROS2 TF aggregation contributor '/World/Nova_Carter_ROS/chassis_link/sensors/left_owl/ROS_TF/PublisherTF' did not submit transforms for topic '/tf' on flush cycle 15014
2026-09-30T17:11:12Z [281,683ms] [Warning] [isaacsim.ros2.nodes] ROS2 TF aggregation contributor '/World/Nova_Carter_ROS/chassis_link/sensors/right_owl/ROS_TF/PublisherTF' did not submit transforms for topic '/tf' on flush cycle 15014
2026-09-30T17:11:12Z [281,683ms] [Warning] [isaacsim.ros2.nodes] ROS2 TF aggregation contributor '/World/Nova_Carter_ROS/chassis_link/sensors/back_hawk/ROS_TF/PublisherTF' did not submit transforms for topic '/tf' on flush cycle 15014
2026-09-30T17:11:12Z [281,683ms] [Warning] [isaacsim.ros2.nodes] ROS2 TF aggregation contributor '/World/Nova_Carter_ROS/transform_tree_odometry/ros2_publish_raw_transform_tree' did not submit transforms for topic '/tf' on flush cycle 15014
2026-09-30T17:11:12Z [281,683ms] [Warning] [isaacsim.ros2.nodes] ROS2 TF aggregation contributor '/World/Nova_Carter_ROS/chassis_link/sensors/right_hawk/ROS_TF/PublisherTF' did not submit transforms for topic '/tf' on flush cycle 15014
2026-09-30T17:11:12Z [281,683ms] [Warning] [isaacsim.ros2.nodes] ROS2 TF aggregation contributor '/World/Nova_Carter_ROS/transform_tree_odometry/tf_tree_base_link_to_wheel_base' did not submit transforms for topic '/tf' on flush cycle 15014
2026-09-30T17:11:12Z [281,683ms] [Warning] [isaacsim.ros2.nodes] ROS2 TF aggregation contributor '/World/Nova_Carter_ROS/transform_tree_odometry/tf_tree_base_link_to_sensors' did not submit transforms for topic '/tf' on flush cycle 15014
2026-09-30T17:11:12Z [281,683ms] [Warning] [isaacsim.ros2.nodes] ROS2 TF aggregation contributor '/World/Nova_Carter_ROS/transform_tree_odometry/tf_tree_base_link_to_chassis' did not submit transforms for topic '/tf' on flush cycle 15014
2026-09-30T17:11:15Z [283,728ms] [Warning] [isaacsim.ros2.nodes] ROS2 TF aggregation contributor '/World/Nova_Carter_ROS/chassis_link/sensors/front_owl/ROS_TF/PublisherTF' did not submit transforms for topic '/tf' on flush cycle 15134
2026-09-30T17:11:15Z [283,728ms] [Warning] [isaacsim.ros2.nodes] ROS2 TF aggregation contributor '/World/Nova_Carter_ROS/chassis_link/sensors/rear_RPLidar/ROS_TF/PublisherTF' did not submit transforms for topic '/tf' on flush cycle 15134
2026-09-30T17:11:15Z [283,728ms] [Warning] [isaacsim.ros2.nodes] ROS2 TF aggregation contributor '/World/Nova_Carter_ROS/chassis_link/sensors/left_hawk/ROS_TF/PublisherTF' did not submit transforms for topic '/tf' on flush cycle 15134
2026-09-30T17:11:15Z [283,728ms] [Warning] [isaacsim.ros2.nodes] ROS2 TF aggregation contributor '/World/Nova_Carter_ROS/chassis_link/sensors/front_hawk/ROS_TF/PublisherTF' did not submit transforms for topic '/tf' on flush cycle 15134
2026-09-30T17:11:15Z [283,728ms] [Warning] [isaacsim.ros2.nodes] ROS2 TF aggregation contributor '/World/Nova_Carter_ROS/chassis_link/sensors/back_owl/ROS_TF/PublisherTF' did not submit transforms for topic '/tf' on flush cycle 15134
2026-09-30T17:11:15Z [283,728ms] [Warning] [isaacsim.ros2.nodes] ROS2 TF aggregation contributor '/World/Nova_Carter_ROS/chassis_link/sensors/XT_32/ROS_TF/PublisherTF' did not submit transforms for topic '/tf' on flush cycle 15134
2026-09-30T17:11:15Z [283,728ms] [Warning] [isaacsim.ros2.nodes] ROS2 TF aggregation contributor '/World/Nova_Carter_ROS/chassis_link/sensors/front_RPLidar/ROS_TF/PublisherTF' did not submit transforms for topic '/tf' on flush cycle 15134
2026-09-30T17:11:15Z [283,728ms] [Warning] [isaacsim.ros2.nodes] ROS2 TF aggregation contributor '/World/Nova_Carter_ROS/chassis_link/sensors/left_owl/ROS_TF/PublisherTF' did not submit transforms for topic '/tf' on flush cycle 15134
2026-09-30T17:11:15Z [283,728ms] [Warning] [isaacsim.ros2.nodes] ROS2 TF aggregation contributor '/World/Nova_Carter_ROS/chassis_link/sensors/right_owl/ROS_TF/PublisherTF' did not submit transforms for topic '/tf' on flush cycle 15134
2026-09-30T17:11:15Z [283,728ms] [Warning] [isaacsim.ros2.nodes] ROS2 TF aggregation contributor '/World/Nova_Carter_ROS/chassis_link/sensors/back_hawk/ROS_TF/PublisherTF' did not submit transforms for topic '/tf' on flush cycle 15134
2026-09-30T17:11:15Z [283,728ms] [Warning] [isaacsim.ros2.nodes] ROS2 TF aggregation contributor '/World/Nova_Carter_ROS/transform_tree_odometry/ros2_publish_raw_transform_tree' did not submit transforms for topic '/tf' on flush cycle 15134
2026-09-30T17:11:15Z [283,728ms] [Warning] [isaacsim.ros2.nodes] ROS2 TF aggregation contributor '/World/Nova_Carter_ROS/chassis_link/sensors/right_hawk/ROS_TF/PublisherTF' did not submit transforms for topic '/tf' on flush cycle 15134
2026-09-30T17:11:15Z [283,728ms] [Warning] [isaacsim.ros2.nodes] ROS2 TF aggregation contributor '/World/Nova_Carter_ROS/transform_tree_odometry/tf_tree_base_link_to_wheel_base' did not submit transforms for topic '/tf' on flush cycle 15134
2026-09-30T17:11:15Z [283,728ms] [Warning] [isaacsim.ros2.nodes] ROS2 TF aggregation contributor '/World/Nova_Carter_ROS/transform_tree_odometry/tf_tree_base_link_to_sensors' did not submit transforms for topic '/tf' on flush cycle 15134
2026-09-30T17:11:15Z [283,728ms] [Warning] [isaacsim.ros2.nodes] ROS2 TF aggregation contributor '/World/Nova_Carter_ROS/transform_tree_odometry/tf_tree_base_link_to_chassis' did not submit transforms for topic '/tf' on flush cycle 15134
2026-09-30T17:11:17Z [285,777ms] [Warning] [isaacsim.ros2.nodes] ROS2 TF aggregation contributor '/World/Nova_Carter_ROS/chassis_link/sensors/front_owl/ROS_TF/PublisherTF' did not submit transforms for topic '/tf' on flush cycle 15254
2026-09-30T17:11:17Z [285,777ms] [Warning] [isaacsim.ros2.nodes] ROS2 TF aggregation contributor '/World/Nova_Carter_ROS/chassis_link/sensors/rear_RPLidar/ROS_TF/PublisherTF' did not submit transforms for topic '/tf' on flush cycle 15254
2026-09-30T17:11:17Z [285,777ms] [Warning] [isaacsim.ros2.nodes] ROS2 TF aggregation contributor '/World/Nova_Carter_ROS/chassis_link/sensors/left_hawk/ROS_TF/PublisherTF' did not submit transforms for topic '/tf' on flush cycle 15254
2026-09-30T17:11:17Z [285,777ms] [Warning] [isaacsim.ros2.nodes] ROS2 TF aggregation contributor '/World/Nova_Carter_ROS/chassis_link/sensors/front_hawk/ROS_TF/PublisherTF' did not submit transforms for topic '/tf' on flush cycle 15254
2026-09-30T17:11:17Z [285,777ms] [Warning] [isaacsim.ros2.nodes] ROS2 TF aggregation contributor '/World/Nova_Carter_ROS/chassis_link/sensors/back_owl/ROS_TF/PublisherTF' did not submit transforms for topic '/tf' on flush cycle 15254
2026-09-30T17:11:17Z [285,777ms] [Warning] [isaacsim.ros2.nodes] ROS2 TF aggregation contributor '/World/Nova_Carter_ROS/chassis_link/sensors/XT_32/ROS_TF/PublisherTF' did not submit transforms for topic '/tf' on flush cycle 15254
2026-09-30T17:11:17Z [285,777ms] [Warning] [isaacsim.ros2.nodes] ROS2 TF aggregation contributor '/World/Nova_Carter_ROS/chassis_link/sensors/front_RPLidar/ROS_TF/PublisherTF' did not submit transforms for topic '/tf' on flush cycle 15254
2026-09-30T17:11:17Z [285,777ms] [Warning] [isaacsim.ros2.nodes] ROS2 TF aggregation contributor '/World/Nova_Carter_ROS/chassis_link/sensors/left_owl/ROS_TF/PublisherTF' did not submit transforms for topic '/tf' on flush cycle 15254
2026-09-30T17:11:17Z [285,777ms] [Warning] [isaacsim.ros2.nodes] ROS2 TF aggregation contributor '/World/Nova_Carter_ROS/chassis_link/sensors/right_owl/ROS_TF/PublisherTF' did not submit transforms for topic '/tf' on flush cycle 15254
2026-09-30T17:11:17Z [285,777ms] [Warning] [isaacsim.ros2.nodes] ROS2 TF aggregation contributor '/World/Nova_Carter_ROS/chassis_link/sensors/back_hawk/ROS_TF/PublisherTF' did not submit transforms for topic '/tf' on flush cycle 15254
2026-09-30T17:11:17Z [285,777ms] [Warning] [isaacsim.ros2.nodes] ROS2 TF aggregation contributor '/World/Nova_Carter_ROS/transform_tree_odometry/ros2_publish_raw_transform_tree' did not submit transforms for topic '/tf' on flush cycle 15254
2026-09-30T17:11:17Z [285,777ms] [Warning] [isaacsim.ros2.nodes] ROS2 TF aggregation contributor '/World/Nova_Carter_ROS/chassis_link/sensors/right_hawk/ROS_TF/PublisherTF' did not submit transforms for topic '/tf' on flush cycle 15254
2026-09-30T17:11:17Z [285,777ms] [Warning] [isaacsim.ros2.nodes] ROS2 TF aggregation contributor '/World/Nova_Carter_ROS/transform_tree_odometry/tf_tree_base_link_to_wheel_base' did not submit transforms for topic '/tf' on flush cycle 15254
2026-09-30T17:11:17Z [285,777ms] [Warning] [isaacsim.ros2.nodes] ROS2 TF aggregation contributor '/World/Nova_Carter_ROS/transform_tree_odometry/tf_tree_base_link_to_sensors' did not submit transforms for topic '/tf' on flush cycle 15254
2026-09-30T17:11:17Z [285,777ms] [Warning] [isaacsim.ros2.nodes] ROS2 TF aggregation contributor '/World/Nova_Carter_ROS/transform_tree_odometry/tf_tree_base_link_to_chassis' did not submit transforms for topic '/tf' on flush cycle 15254
2026-09-30T17:11:19Z [287,874ms] [Warning] [isaacsim.ros2.nodes] ROS2 TF aggregation contributor '/World/Nova_Carter_ROS/chassis_link/sensors/front_owl/ROS_TF/PublisherTF' did not submit transforms for topic '/tf' on flush cycle 15374
2026-09-30T17:11:19Z [287,874ms] [Warning] [isaacsim.ros2.nodes] ROS2 TF aggregation contributor '/World/Nova_Carter_ROS/chassis_link/sensors/rear_RPLidar/ROS_TF/PublisherTF' did not submit transforms for topic '/tf' on flush cycle 15374
2026-09-30T17:11:19Z [287,874ms] [Warning] [isaacsim.ros2.nodes] ROS2 TF aggregation contributor '/World/Nova_Carter_ROS/chassis_link/sensors/left_hawk/ROS_TF/PublisherTF' did not submit transforms for topic '/tf' on flush cycle 15374
2026-09-30T17:11:19Z [287,874ms] [Warning] [isaacsim.ros2.nodes] ROS2 TF aggregation contributor '/World/Nova_Carter_ROS/chassis_link/sensors/front_hawk/ROS_TF/PublisherTF' did not submit transforms for topic '/tf' on flush cycle 15374
2026-09-30T17:11:19Z [287,874ms] [Warning] [isaacsim.ros2.nodes] ROS2 TF aggregation contributor '/World/Nova_Carter_ROS/chassis_link/sensors/back_owl/ROS_TF/PublisherTF' did not submit transforms for topic '/tf' on flush cycle 15374
2026-09-30T17:11:19Z [287,874ms] [Warning] [isaacsim.ros2.nodes] ROS2 TF aggregation contributor '/World/Nova_Carter_ROS/chassis_link/sensors/XT_32/ROS_TF/PublisherTF' did not submit transforms for topic '/tf' on flush cycle 15374
2026-09-30T17:11:19Z [287,874ms] [Warning] [isaacsim.ros2.nodes] ROS2 TF aggregation contributor '/World/Nova_Carter_ROS/chassis_link/sensors/front_RPLidar/ROS_TF/PublisherTF' did not submit transforms for topic '/tf' on flush cycle 15374
2026-09-30T17:11:19Z [287,874ms] [Warning] [isaacsim.ros2.nodes] ROS2 TF aggregation contributor '/World/Nova_Carter_ROS/chassis_link/sensors/left_owl/ROS_TF/PublisherTF' did not submit transforms for topic '/tf' on flush cycle 15374
2026-09-30T17:11:19Z [287,874ms] [Warning] [isaacsim.ros2.nodes] ROS2 TF aggregation contributor '/World/Nova_Carter_ROS/chassis_link/sensors/right_owl/ROS_TF/PublisherTF' did not submit transforms for topic '/tf' on flush cycle 15374
2026-09-30T17:11:19Z [287,874ms] [Warning] [isaacsim.ros2.nodes] ROS2 TF aggregation contributor '/World/Nova_Carter_ROS/chassis_link/sensors/back_hawk/ROS_TF/PublisherTF' did not submit transforms for topic '/tf' on flush cycle 15374
2026-09-30T17:11:19Z [287,874ms] [Warning] [isaacsim.ros2.nodes] ROS2 TF aggregation contributor '/World/Nova_Carter_ROS/transform_tree_odometry/ros2_publish_raw_transform_tree' did not submit transforms for topic '/tf' on flush cycle 15374
2026-09-30T17:11:19Z [287,874ms] [Warning] [isaacsim.ros2.nodes] ROS2 TF aggregation contributor '/World/Nova_Carter_ROS/chassis_link/sensors/right_hawk/ROS_TF/PublisherTF' did not submit transforms for topic '/tf' on flush cycle 15374
2026-09-30T17:11:19Z [287,874ms] [Warning] [isaacsim.ros2.nodes] ROS2 TF aggregation contributor '/World/Nova_Carter_ROS/transform_tree_odometry/tf_tree_base_link_to_wheel_base' did not submit transforms for topic '/tf' on flush cycle 15374
2026-09-30T17:11:19Z [287,874ms] [Warning] [isaacsim.ros2.nodes] ROS2 TF aggregation contributor '/World/Nova_Carter_ROS/transform_tree_odometry/tf_tree_base_link_to_sensors' did not submit transforms for topic '/tf' on flush cycle 15374
2026-09-30T17:11:19Z [287,874ms] [Warning] [isaacsim.ros2.nodes] ROS2 TF aggregation contributor '/World/Nova_Carter_ROS/transform_tree_odometry/tf_tree_base_link_to_chassis' did not submit transforms for topic '/tf' on flush cycle 15374
2026-09-30T17:11:21Z [289,923ms] [Warning] [isaacsim.ros2.nodes] ROS2 TF aggregation contributor '/World/Nova_Carter_ROS/chassis_link/sensors/front_owl/ROS_TF/PublisherTF' did not submit transforms for topic '/tf' on flush cycle 15494
2026-09-30T17:11:21Z [289,923ms] [Warning] [isaacsim.ros2.nodes] ROS2 TF aggregation contributor '/World/Nova_Carter_ROS/chassis_link/sensors/rear_RPLidar/ROS_TF/PublisherTF' did not submit transforms for topic '/tf' on flush cycle 15494
2026-09-30T17:11:21Z [289,923ms] [Warning] [isaacsim.ros2.nodes] ROS2 TF aggregation contributor '/World/Nova_Carter_ROS/chassis_link/sensors/left_hawk/ROS_TF/PublisherTF' did not submit transforms for topic '/tf' on flush cycle 15494
2026-09-30T17:11:21Z [289,923ms] [Warning] [isaacsim.ros2.nodes] ROS2 TF aggregation contributor '/World/Nova_Carter_ROS/chassis_link/sensors/front_hawk/ROS_TF/PublisherTF' did not submit transforms for topic '/tf' on flush cycle 15494
2026-09-30T17:11:21Z [289,923ms] [Warning] [isaacsim.ros2.nodes] ROS2 TF aggregation contributor '/World/Nova_Carter_ROS/chassis_link/sensors/back_owl/ROS_TF/PublisherTF' did not submit transforms for topic '/tf' on flush cycle 15494
2026-09-30T17:11:21Z [289,923ms] [Warning] [isaacsim.ros2.nodes] ROS2 TF aggregation contributor '/World/Nova_Carter_ROS/chassis_link/sensors/XT_32/ROS_TF/PublisherTF' did not submit transforms for topic '/tf' on flush cycle 15494
2026-09-30T17:11:21Z [289,923ms] [Warning] [isaacsim.ros2.nodes] ROS2 TF aggregation contributor '/World/Nova_Carter_ROS/chassis_link/sensors/front_RPLidar/ROS_TF/PublisherTF' did not submit transforms for topic '/tf' on flush cycle 15494
2026-09-30T17:11:21Z [289,923ms] [Warning] [isaacsim.ros2.nodes] ROS2 TF aggregation contributor '/World/Nova_Carter_ROS/chassis_link/sensors/left_owl/ROS_TF/PublisherTF' did not submit transforms for topic '/tf' on flush cycle 15494
2026-09-30T17:11:21Z [289,923ms] [Warning] [isaacsim.ros2.nodes] ROS2 TF aggregation contributor '/World/Nova_Carter_ROS/chassis_link/sensors/right_owl/ROS_TF/PublisherTF' did not submit transforms for topic '/tf' on flush cycle 15494
2026-09-30T17:11:21Z [289,923ms] [Warning] [isaacsim.ros2.nodes] ROS2 TF aggregation contributor '/World/Nova_Carter_ROS/chassis_link/sensors/back_hawk/ROS_TF/PublisherTF' did not submit transforms for topic '/tf' on flush cycle 15494
2026-09-30T17:11:21Z [289,923ms] [Warning] [isaacsim.ros2.nodes] ROS2 TF aggregation contributor '/World/Nova_Carter_ROS/transform_tree_odometry/ros2_publish_raw_transform_tree' did not submit transforms for topic '/tf' on flush cycle 15494
2026-09-30T17:11:21Z [289,923ms] [Warning] [isaacsim.ros2.nodes] ROS2 TF aggregation contributor '/World/Nova_Carter_ROS/chassis_link/sensors/right_hawk/ROS_TF/PublisherTF' did not submit transforms for topic '/tf' on flush cycle 15494
2026-09-30T17:11:21Z [289,923ms] [Warning] [isaacsim.ros2.nodes] ROS2 TF aggregation contributor '/World/Nova_Carter_ROS/transform_tree_odometry/tf_tree_base_link_to_wheel_base' did not submit transforms for topic '/tf' on flush cycle 15494
2026-09-30T17:11:21Z [289,923ms] [Warning] [isaacsim.ros2.nodes] ROS2 TF aggregation contributor '/World/Nova_Carter_ROS/transform_tree_odometry/tf_tree_base_link_to_sensors' did not submit transforms for topic '/tf' on flush cycle 15494
2026-09-30T17:11:21Z [289,923ms] [Warning] [isaacsim.ros2.nodes] ROS2 TF aggregation contributor '/World/Nova_Carter_ROS/transform_tree_odometry/tf_tree_base_link_to_chassis' did not submit transforms for topic '/tf' on flush cycle 15494
2026-09-30T17:11:26Z [295,101ms] [Warning] [omni.graph.core.plugin] /World/Nova_Carter_ROS/differential_drive/differential_controller_01: [/World/Nova_Carter_ROS/differential_drive] Invalid deltaTime 0.000000, cannot check for acceleration limits, skipping current step
2026-09-30T17:11:31Z [299,889ms] [Warning] [isaacsim.ros2.nodes] ROS2 TF aggregation contributor '/World/Nova_Carter_ROS/chassis_link/sensors/front_owl/ROS_TF/PublisherTF' did not submit transforms for topic '/tf' on flush cycle 16032
2026-09-30T17:11:31Z [299,890ms] [Warning] [isaacsim.ros2.nodes] ROS2 TF aggregation contributor '/World/Nova_Carter_ROS/chassis_link/sensors/rear_RPLidar/ROS_TF/PublisherTF' did not submit transforms for topic '/tf' on flush cycle 16032
2026-09-30T17:11:31Z [299,890ms] [Warning] [isaacsim.ros2.nodes] ROS2 TF aggregation contributor '/World/Nova_Carter_ROS/chassis_link/sensors/left_hawk/ROS_TF/PublisherTF' did not submit transforms for topic '/tf' on flush cycle 16032
2026-09-30T17:11:31Z [299,890ms] [Warning] [isaacsim.ros2.nodes] ROS2 TF aggregation contributor '/World/Nova_Carter_ROS/chassis_link/sensors/front_hawk/ROS_TF/PublisherTF' did not submit transforms for topic '/tf' on flush cycle 16032
2026-09-30T17:11:31Z [299,890ms] [Warning] [isaacsim.ros2.nodes] ROS2 TF aggregation contributor '/World/Nova_Carter_ROS/chassis_link/sensors/back_owl/ROS_TF/PublisherTF' did not submit transforms for topic '/tf' on flush cycle 16032
2026-09-30T17:11:31Z [299,890ms] [Warning] [isaacsim.ros2.nodes] ROS2 TF aggregation contributor '/World/Nova_Carter_ROS/chassis_link/sensors/XT_32/ROS_TF/PublisherTF' did not submit transforms for topic '/tf' on flush cycle 16032
2026-09-30T17:11:31Z [299,890ms] [Warning] [isaacsim.ros2.nodes] ROS2 TF aggregation contributor '/World/Nova_Carter_ROS/chassis_link/sensors/front_RPLidar/ROS_TF/PublisherTF' did not submit transforms for topic '/tf' on flush cycle 16032
2026-09-30T17:11:31Z [299,890ms] [Warning] [isaacsim.ros2.nodes] ROS2 TF aggregation contributor '/World/Nova_Carter_ROS/chassis_link/sensors/left_owl/ROS_TF/PublisherTF' did not submit transforms for topic '/tf' on flush cycle 16032
2026-09-30T17:11:31Z [299,890ms] [Warning] [isaacsim.ros2.nodes] ROS2 TF aggregation contributor '/World/Nova_Carter_ROS/chassis_link/sensors/right_owl/ROS_TF/PublisherTF' did not submit transforms for topic '/tf' on flush cycle 16032
2026-09-30T17:11:31Z [299,890ms] [Warning] [isaacsim.ros2.nodes] ROS2 TF aggregation contributor '/World/Nova_Carter_ROS/chassis_link/sensors/back_hawk/ROS_TF/PublisherTF' did not submit transforms for topic '/tf' on flush cycle 16032
2026-09-30T17:11:31Z [299,890ms] [Warning] [isaacsim.ros2.nodes] ROS2 TF aggregation contributor '/World/Nova_Carter_ROS/transform_tree_odometry/ros2_publish_raw_transform_tree' did not submit transforms for topic '/tf' on flush cycle 16032
2026-09-30T17:11:31Z [299,890ms] [Warning] [isaacsim.ros2.nodes] ROS2 TF aggregation contributor '/World/Nova_Carter_ROS/chassis_link/sensors/right_hawk/ROS_TF/PublisherTF' did not submit transforms for topic '/tf' on flush cycle 16032
2026-09-30T17:11:31Z [299,890ms] [Warning] [isaacsim.ros2.nodes] ROS2 TF aggregation contributor '/World/Nova_Carter_ROS/transform_tree_odometry/tf_tree_base_link_to_wheel_base' did not submit transforms for topic '/tf' on flush cycle 16032
2026-09-30T17:11:31Z [299,890ms] [Warning] [isaacsim.ros2.nodes] ROS2 TF aggregation contributor '/World/Nova_Carter_ROS/transform_tree_odometry/tf_tree_base_link_to_sensors' did not submit transforms for topic '/tf' on flush cycle 16032
2026-09-30T17:11:31Z [299,890ms] [Warning] [isaacsim.ros2.nodes] ROS2 TF aggregation contributor '/World/Nova_Carter_ROS/transform_tree_odometry/tf_tree_base_link_to_chassis' did not submit transforms for topic '/tf' on flush cycle 16032
2026-09-30T17:11:31Z [299,904ms] [Warning] [carb] Client omni.kit.viewport.legacy_gizmos has acquired [carb::settings::ISettings v1.1] 100 times. Consider accessing this interface with carb::getCachedInterface() (Performance warning)
2026-09-30T17:11:31Z [299,904ms] [Warning] [carb] Client omni.kit.viewport.legacy_gizmos has acquired [carb::dictionary::IDictionary v1.2] 100 times. Consider accessing this interface with carb::getCachedInterface() (Performance warning)
2026-09-30T17:11:33Z [301,926ms] [Warning] [isaacsim.ros2.nodes] ROS2 TF aggregation contributor '/World/Nova_Carter_ROS/chassis_link/sensors/front_owl/ROS_TF/PublisherTF' did not submit transforms for topic '/tf' on flush cycle 16152
2026-09-30T17:11:33Z [301,926ms] [Warning] [isaacsim.ros2.nodes] ROS2 TF aggregation contributor '/World/Nova_Carter_ROS/chassis_link/sensors/rear_RPLidar/ROS_TF/PublisherTF' did not submit transforms for topic '/tf' on flush cycle 16152
2026-09-30T17:11:33Z [301,926ms] [Warning] [isaacsim.ros2.nodes] ROS2 TF aggregation contributor '/World/Nova_Carter_ROS/chassis_link/sensors/left_hawk/ROS_TF/PublisherTF' did not submit transforms for topic '/tf' on flush cycle 16152
2026-09-30T17:11:33Z [301,926ms] [Warning] [isaacsim.ros2.nodes] ROS2 TF aggregation contributor '/World/Nova_Carter_ROS/chassis_link/sensors/front_hawk/ROS_TF/PublisherTF' did not submit transforms for topic '/tf' on flush cycle 16152
2026-09-30T17:11:33Z [301,926ms] [Warning] [isaacsim.ros2.nodes] ROS2 TF aggregation contributor '/World/Nova_Carter_ROS/chassis_link/sensors/back_owl/ROS_TF/PublisherTF' did not submit transforms for topic '/tf' on flush cycle 16152
2026-09-30T17:11:33Z [301,926ms] [Warning] [isaacsim.ros2.nodes] ROS2 TF aggregation contributor '/World/Nova_Carter_ROS/chassis_link/sensors/XT_32/ROS_TF/PublisherTF' did not submit transforms for topic '/tf' on flush cycle 16152
2026-09-30T17:11:33Z [301,926ms] [Warning] [isaacsim.ros2.nodes] ROS2 TF aggregation contributor '/World/Nova_Carter_ROS/chassis_link/sensors/front_RPLidar/ROS_TF/PublisherTF' did not submit transforms for topic '/tf' on flush cycle 16152
2026-09-30T17:11:33Z [301,926ms] [Warning] [isaacsim.ros2.nodes] ROS2 TF aggregation contributor '/World/Nova_Carter_ROS/chassis_link/sensors/left_owl/ROS_TF/PublisherTF' did not submit transforms for topic '/tf' on flush cycle 16152
2026-09-30T17:11:33Z [301,926ms] [Warning] [isaacsim.ros2.nodes] ROS2 TF aggregation contributor '/World/Nova_Carter_ROS/chassis_link/sensors/right_owl/ROS_TF/PublisherTF' did not submit transforms for topic '/tf' on flush cycle 16152
2026-09-30T17:11:33Z [301,926ms] [Warning] [isaacsim.ros2.nodes] ROS2 TF aggregation contributor '/World/Nova_Carter_ROS/chassis_link/sensors/back_hawk/ROS_TF/PublisherTF' did not submit transforms for topic '/tf' on flush cycle 16152
2026-09-30T17:11:33Z [301,926ms] [Warning] [isaacsim.ros2.nodes] ROS2 TF aggregation contributor '/World/Nova_Carter_ROS/transform_tree_odometry/ros2_publish_raw_transform_tree' did not submit transforms for topic '/tf' on flush cycle 16152
2026-09-30T17:11:33Z [301,926ms] [Warning] [isaacsim.ros2.nodes] ROS2 TF aggregation contributor '/World/Nova_Carter_ROS/chassis_link/sensors/right_hawk/ROS_TF/PublisherTF' did not submit transforms for topic '/tf' on flush cycle 16152
2026-09-30T17:11:33Z [301,926ms] [Warning] [isaacsim.ros2.nodes] ROS2 TF aggregation contributor '/World/Nova_Carter_ROS/transform_tree_odometry/tf_tree_base_link_to_wheel_base' did not submit transforms for topic '/tf' on flush cycle 16152
2026-09-30T17:11:33Z [301,926ms] [Warning] [isaacsim.ros2.nodes] ROS2 TF aggregation contributor '/World/Nova_Carter_ROS/transform_tree_odometry/tf_tree_base_link_to_sensors' did not submit transforms for topic '/tf' on flush cycle 16152
2026-09-30T17:11:33Z [301,926ms] [Warning] [isaacsim.ros2.nodes] ROS2 TF aggregation contributor '/World/Nova_Carter_ROS/transform_tree_odometry/tf_tree_base_link_to_chassis' did not submit transforms for topic '/tf' on flush cycle 16152
2026-09-30T17:11:35Z [304,015ms] [Warning] [isaacsim.ros2.nodes] ROS2 TF aggregation contributor '/World/Nova_Carter_ROS/chassis_link/sensors/front_owl/ROS_TF/PublisherTF' did not submit transforms for topic '/tf' on flush cycle 16272
2026-09-30T17:11:35Z [304,015ms] [Warning] [isaacsim.ros2.nodes] ROS2 TF aggregation contributor '/World/Nova_Carter_ROS/chassis_link/sensors/rear_RPLidar/ROS_TF/PublisherTF' did not submit transforms for topic '/tf' on flush cycle 16272
2026-09-30T17:11:35Z [304,015ms] [Warning] [isaacsim.ros2.nodes] ROS2 TF aggregation contributor '/World/Nova_Carter_ROS/chassis_link/sensors/left_hawk/ROS_TF/PublisherTF' did not submit transforms for topic '/tf' on flush cycle 16272
2026-09-30T17:11:35Z [304,015ms] [Warning] [isaacsim.ros2.nodes] ROS2 TF aggregation contributor '/World/Nova_Carter_ROS/chassis_link/sensors/front_hawk/ROS_TF/PublisherTF' did not submit transforms for topic '/tf' on flush cycle 16272
2026-09-30T17:11:35Z [304,015ms] [Warning] [isaacsim.ros2.nodes] ROS2 TF aggregation contributor '/World/Nova_Carter_ROS/chassis_link/sensors/back_owl/ROS_TF/PublisherTF' did not submit transforms for topic '/tf' on flush cycle 16272
2026-09-30T17:11:35Z [304,015ms] [Warning] [isaacsim.ros2.nodes] ROS2 TF aggregation contributor '/World/Nova_Carter_ROS/chassis_link/sensors/XT_32/ROS_TF/PublisherTF' did not submit transforms for topic '/tf' on flush cycle 16272
2026-09-30T17:11:35Z [304,015ms] [Warning] [isaacsim.ros2.nodes] ROS2 TF aggregation contributor '/World/Nova_Carter_ROS/chassis_link/sensors/front_RPLidar/ROS_TF/PublisherTF' did not submit transforms for topic '/tf' on flush cycle 16272
2026-09-30T17:11:35Z [304,015ms] [Warning] [isaacsim.ros2.nodes] ROS2 TF aggregation contributor '/World/Nova_Carter_ROS/chassis_link/sensors/left_owl/ROS_TF/PublisherTF' did not submit transforms for topic '/tf' on flush cycle 16272
2026-09-30T17:11:35Z [304,015ms] [Warning] [isaacsim.ros2.nodes] ROS2 TF aggregation contributor '/World/Nova_Carter_ROS/chassis_link/sensors/right_owl/ROS_TF/PublisherTF' did not submit transforms for topic '/tf' on flush cycle 16272
2026-09-30T17:11:35Z [304,015ms] [Warning] [isaacsim.ros2.nodes] ROS2 TF aggregation contributor '/World/Nova_Carter_ROS/chassis_link/sensors/back_hawk/ROS_TF/PublisherTF' did not submit transforms for topic '/tf' on flush cycle 16272
2026-09-30T17:11:35Z [304,015ms] [Warning] [isaacsim.ros2.nodes] ROS2 TF aggregation contributor '/World/Nova_Carter_ROS/transform_tree_odometry/ros2_publish_raw_transform_tree' did not submit transforms for topic '/tf' on flush cycle 16272
2026-09-30T17:11:35Z [304,015ms] [Warning] [isaacsim.ros2.nodes] ROS2 TF aggregation contributor '/World/Nova_Carter_ROS/chassis_link/sensors/right_hawk/ROS_TF/PublisherTF' did not submit transforms for topic '/tf' on flush cycle 16272
2026-09-30T17:11:35Z [304,015ms] [Warning] [isaacsim.ros2.nodes] ROS2 TF aggregation contributor '/World/Nova_Carter_ROS/transform_tree_odometry/tf_tree_base_link_to_wheel_base' did not submit transforms for topic '/tf' on flush cycle 16272
2026-09-30T17:11:35Z [304,015ms] [Warning] [isaacsim.ros2.nodes] ROS2 TF aggregation contributor '/World/Nova_Carter_ROS/transform_tree_odometry/tf_tree_base_link_to_sensors' did not submit transforms for topic '/tf' on flush cycle 16272
2026-09-30T17:11:35Z [304,015ms] [Warning] [isaacsim.ros2.nodes] ROS2 TF aggregation contributor '/World/Nova_Carter_ROS/transform_tree_odometry/tf_tree_base_link_to_chassis' did not submit transforms for topic '/tf' on flush cycle 16272
2026-09-30T17:11:37Z [306,058ms] [Warning] [isaacsim.ros2.nodes] ROS2 TF aggregation contributor '/World/Nova_Carter_ROS/chassis_link/sensors/front_owl/ROS_TF/PublisherTF' did not submit transforms for topic '/tf' on flush cycle 16392
2026-09-30T17:11:37Z [306,058ms] [Warning] [isaacsim.ros2.nodes] ROS2 TF aggregation contributor '/World/Nova_Carter_ROS/chassis_link/sensors/rear_RPLidar/ROS_TF/PublisherTF' did not submit transforms for topic '/tf' on flush cycle 16392
2026-09-30T17:11:37Z [306,058ms] [Warning] [isaacsim.ros2.nodes] ROS2 TF aggregation contributor '/World/Nova_Carter_ROS/chassis_link/sensors/left_hawk/ROS_TF/PublisherTF' did not submit transforms for topic '/tf' on flush cycle 16392
2026-09-30T17:11:37Z [306,058ms] [Warning] [isaacsim.ros2.nodes] ROS2 TF aggregation contributor '/World/Nova_Carter_ROS/chassis_link/sensors/front_hawk/ROS_TF/PublisherTF' did not submit transforms for topic '/tf' on flush cycle 16392
2026-09-30T17:11:37Z [306,058ms] [Warning] [isaacsim.ros2.nodes] ROS2 TF aggregation contributor '/World/Nova_Carter_ROS/chassis_link/sensors/back_owl/ROS_TF/PublisherTF' did not submit transforms for topic '/tf' on flush cycle 16392
2026-09-30T17:11:37Z [306,058ms] [Warning] [isaacsim.ros2.nodes] ROS2 TF aggregation contributor '/World/Nova_Carter_ROS/chassis_link/sensors/XT_32/ROS_TF/PublisherTF' did not submit transforms for topic '/tf' on flush cycle 16392
2026-09-30T17:11:37Z [306,058ms] [Warning] [isaacsim.ros2.nodes] ROS2 TF aggregation contributor '/World/Nova_Carter_ROS/chassis_link/sensors/front_RPLidar/ROS_TF/PublisherTF' did not submit transforms for topic '/tf' on flush cycle 16392
2026-09-30T17:11:37Z [306,058ms] [Warning] [isaacsim.ros2.nodes] ROS2 TF aggregation contributor '/World/Nova_Carter_ROS/chassis_link/sensors/left_owl/ROS_TF/PublisherTF' did not submit transforms for topic '/tf' on flush cycle 16392
2026-09-30T17:11:37Z [306,058ms] [Warning] [isaacsim.ros2.nodes] ROS2 TF aggregation contributor '/World/Nova_Carter_ROS/chassis_link/sensors/right_owl/ROS_TF/PublisherTF' did not submit transforms for topic '/tf' on flush cycle 16392
2026-09-30T17:11:37Z [306,058ms] [Warning] [isaacsim.ros2.nodes] ROS2 TF aggregation contributor '/World/Nova_Carter_ROS/chassis_link/sensors/back_hawk/ROS_TF/PublisherTF' did not submit transforms for topic '/tf' on flush cycle 16392
2026-09-30T17:11:37Z [306,058ms] [Warning] [isaacsim.ros2.nodes] ROS2 TF aggregation contributor '/World/Nova_Carter_ROS/transform_tree_odometry/ros2_publish_raw_transform_tree' did not submit transforms for topic '/tf' on flush cycle 16392
2026-09-30T17:11:37Z [306,058ms] [Warning] [isaacsim.ros2.nodes] ROS2 TF aggregation contributor '/World/Nova_Carter_ROS/chassis_link/sensors/right_hawk/ROS_TF/PublisherTF' did not submit transforms for topic '/tf' on flush cycle 16392
2026-09-30T17:11:37Z [306,058ms] [Warning] [isaacsim.ros2.nodes] ROS2 TF aggregation contributor '/World/Nova_Carter_ROS/transform_tree_odometry/tf_tree_base_link_to_wheel_base' did not submit transforms for topic '/tf' on flush cycle 16392
2026-09-30T17:11:37Z [306,058ms] [Warning] [isaacsim.ros2.nodes] ROS2 TF aggregation contributor '/World/Nova_Carter_ROS/transform_tree_odometry/tf_tree_base_link_to_sensors' did not submit transforms for topic '/tf' on flush cycle 16392
2026-09-30T17:11:37Z [306,058ms] [Warning] [isaacsim.ros2.nodes] ROS2 TF aggregation contributor '/World/Nova_Carter_ROS/transform_tree_odometry/tf_tree_base_link_to_chassis' did not submit transforms for topic '/tf' on flush cycle 16392
2026-09-30T17:11:39Z [308,107ms] [Warning] [isaacsim.ros2.nodes] ROS2 TF aggregation contributor '/World/Nova_Carter_ROS/chassis_link/sensors/front_owl/ROS_TF/PublisherTF' did not submit transforms for topic '/tf' on flush cycle 16512
2026-09-30T17:11:39Z [308,107ms] [Warning] [isaacsim.ros2.nodes] ROS2 TF aggregation contributor '/World/Nova_Carter_ROS/chassis_link/sensors/rear_RPLidar/ROS_TF/PublisherTF' did not submit transforms for topic '/tf' on flush cycle 16512
2026-09-30T17:11:39Z [308,107ms] [Warning] [isaacsim.ros2.nodes] ROS2 TF aggregation contributor '/World/Nova_Carter_ROS/chassis_link/sensors/left_hawk/ROS_TF/PublisherTF' did not submit transforms for topic '/tf' on flush cycle 16512
2026-09-30T17:11:39Z [308,107ms] [Warning] [isaacsim.ros2.nodes] ROS2 TF aggregation contributor '/World/Nova_Carter_ROS/chassis_link/sensors/front_hawk/ROS_TF/PublisherTF' did not submit transforms for topic '/tf' on flush cycle 16512
2026-09-30T17:11:39Z [308,107ms] [Warning] [isaacsim.ros2.nodes] ROS2 TF aggregation contributor '/World/Nova_Carter_ROS/chassis_link/sensors/back_owl/ROS_TF/PublisherTF' did not submit transforms for topic '/tf' on flush cycle 16512
2026-09-30T17:11:39Z [308,107ms] [Warning] [isaacsim.ros2.nodes] ROS2 TF aggregation contributor '/World/Nova_Carter_ROS/chassis_link/sensors/XT_32/ROS_TF/PublisherTF' did not submit transforms for topic '/tf' on flush cycle 16512
2026-09-30T17:11:39Z [308,107ms] [Warning] [isaacsim.ros2.nodes] ROS2 TF aggregation contributor '/World/Nova_Carter_ROS/chassis_link/sensors/front_RPLidar/ROS_TF/PublisherTF' did not submit transforms for topic '/tf' on flush cycle 16512
2026-09-30T17:11:39Z [308,107ms] [Warning] [isaacsim.ros2.nodes] ROS2 TF aggregation contributor '/World/Nova_Carter_ROS/chassis_link/sensors/left_owl/ROS_TF/PublisherTF' did not submit transforms for topic '/tf' on flush cycle 16512
2026-09-30T17:11:39Z [308,107ms] [Warning] [isaacsim.ros2.nodes] ROS2 TF aggregation contributor '/World/Nova_Carter_ROS/chassis_link/sensors/right_owl/ROS_TF/PublisherTF' did not submit transforms for topic '/tf' on flush cycle 16512
2026-09-30T17:11:39Z [308,107ms] [Warning] [isaacsim.ros2.nodes] ROS2 TF aggregation contributor '/World/Nova_Carter_ROS/chassis_link/sensors/back_hawk/ROS_TF/PublisherTF' did not submit transforms for topic '/tf' on flush cycle 16512
2026-09-30T17:11:39Z [308,107ms] [Warning] [isaacsim.ros2.nodes] ROS2 TF aggregation contributor '/World/Nova_Carter_ROS/transform_tree_odometry/ros2_publish_raw_transform_tree' did not submit transforms for topic '/tf' on flush cycle 16512
2026-09-30T17:11:39Z [308,107ms] [Warning] [isaacsim.ros2.nodes] ROS2 TF aggregation contributor '/World/Nova_Carter_ROS/chassis_link/sensors/right_hawk/ROS_TF/PublisherTF' did not submit transforms for topic '/tf' on flush cycle 16512
2026-09-30T17:11:39Z [308,107ms] [Warning] [isaacsim.ros2.nodes] ROS2 TF aggregation contributor '/World/Nova_Carter_ROS/transform_tree_odometry/tf_tree_base_link_to_wheel_base' did not submit transforms for topic '/tf' on flush cycle 16512
2026-09-30T17:11:39Z [308,107ms] [Warning] [isaacsim.ros2.nodes] ROS2 TF aggregation contributor '/World/Nova_Carter_ROS/transform_tree_odometry/tf_tree_base_link_to_sensors' did not submit transforms for topic '/tf' on flush cycle 16512
2026-09-30T17:11:39Z [308,107ms] [Warning] [isaacsim.ros2.nodes] ROS2 TF aggregation contributor '/World/Nova_Carter_ROS/transform_tree_odometry/tf_tree_base_link_to_chassis' did not submit transforms for topic '/tf' on flush cycle 16512
2026-09-30T17:11:41Z [310,204ms] [Warning] [isaacsim.ros2.nodes] ROS2 TF aggregation contributor '/World/Nova_Carter_ROS/chassis_link/sensors/front_owl/ROS_TF/PublisherTF' did not submit transforms for topic '/tf' on flush cycle 16632
2026-09-30T17:11:41Z [310,204ms] [Warning] [isaacsim.ros2.nodes] ROS2 TF aggregation contributor '/World/Nova_Carter_ROS/chassis_link/sensors/rear_RPLidar/ROS_TF/PublisherTF' did not submit transforms for topic '/tf' on flush cycle 16632
2026-09-30T17:11:41Z [310,204ms] [Warning] [isaacsim.ros2.nodes] ROS2 TF aggregation contributor '/World/Nova_Carter_ROS/chassis_link/sensors/left_hawk/ROS_TF/PublisherTF' did not submit transforms for topic '/tf' on flush cycle 16632
2026-09-30T17:11:41Z [310,204ms] [Warning] [isaacsim.ros2.nodes] ROS2 TF aggregation contributor '/World/Nova_Carter_ROS/chassis_link/sensors/front_hawk/ROS_TF/PublisherTF' did not submit transforms for topic '/tf' on flush cycle 16632
2026-09-30T17:11:41Z [310,204ms] [Warning] [isaacsim.ros2.nodes] ROS2 TF aggregation contributor '/World/Nova_Carter_ROS/chassis_link/sensors/back_owl/ROS_TF/PublisherTF' did not submit transforms for topic '/tf' on flush cycle 16632
2026-09-30T17:11:41Z [310,204ms] [Warning] [isaacsim.ros2.nodes] ROS2 TF aggregation contributor '/World/Nova_Carter_ROS/chassis_link/sensors/XT_32/ROS_TF/PublisherTF' did not submit transforms for topic '/tf' on flush cycle 16632
2026-09-30T17:11:41Z [310,204ms] [Warning] [isaacsim.ros2.nodes] ROS2 TF aggregation contributor '/World/Nova_Carter_ROS/chassis_link/sensors/front_RPLidar/ROS_TF/PublisherTF' did not submit transforms for topic '/tf' on flush cycle 16632
2026-09-30T17:11:41Z [310,204ms] [Warning] [isaacsim.ros2.nodes] ROS2 TF aggregation contributor '/World/Nova_Carter_ROS/chassis_link/sensors/left_owl/ROS_TF/PublisherTF' did not submit transforms for topic '/tf' on flush cycle 16632
2026-09-30T17:11:41Z [310,204ms] [Warning] [isaacsim.ros2.nodes] ROS2 TF aggregation contributor '/World/Nova_Carter_ROS/chassis_link/sensors/right_owl/ROS_TF/PublisherTF' did not submit transforms for topic '/tf' on flush cycle 16632
2026-09-30T17:11:41Z [310,204ms] [Warning] [isaacsim.ros2.nodes] ROS2 TF aggregation contributor '/World/Nova_Carter_ROS/chassis_link/sensors/back_hawk/ROS_TF/PublisherTF' did not submit transforms for topic '/tf' on flush cycle 16632
2026-09-30T17:11:41Z [310,204ms] [Warning] [isaacsim.ros2.nodes] ROS2 TF aggregation contributor '/World/Nova_Carter_ROS/transform_tree_odometry/ros2_publish_raw_transform_tree' did not submit transforms for topic '/tf' on flush cycle 16632
2026-09-30T17:11:41Z [310,204ms] [Warning] [isaacsim.ros2.nodes] ROS2 TF aggregation contributor '/World/Nova_Carter_ROS/chassis_link/sensors/right_hawk/ROS_TF/PublisherTF' did not submit transforms for topic '/tf' on flush cycle 16632
2026-09-30T17:11:41Z [310,204ms] [Warning] [isaacsim.ros2.nodes] ROS2 TF aggregation contributor '/World/Nova_Carter_ROS/transform_tree_odometry/tf_tree_base_link_to_wheel_base' did not submit transforms for topic '/tf' on flush cycle 16632
2026-09-30T17:11:41Z [310,204ms] [Warning] [isaacsim.ros2.nodes] ROS2 TF aggregation contributor '/World/Nova_Carter_ROS/transform_tree_odometry/tf_tree_base_link_to_sensors' did not submit transforms for topic '/tf' on flush cycle 16632
2026-09-30T17:11:41Z [310,204ms] [Warning] [isaacsim.ros2.nodes] ROS2 TF aggregation contributor '/World/Nova_Carter_ROS/transform_tree_odometry/tf_tree_base_link_to_chassis' did not submit transforms for topic '/tf' on flush cycle 16632
2026-09-30T17:11:43Z [312,345ms] [Warning] [isaacsim.ros2.nodes] ROS2 TF aggregation contributor '/World/Nova_Carter_ROS/chassis_link/sensors/front_owl/ROS_TF/PublisherTF' did not submit transforms for topic '/tf' on flush cycle 16752
2026-09-30T17:11:43Z [312,345ms] [Warning] [isaacsim.ros2.nodes] ROS2 TF aggregation contributor '/World/Nova_Carter_ROS/chassis_link/sensors/rear_RPLidar/ROS_TF/PublisherTF' did not submit transforms for topic '/tf' on flush cycle 16752
2026-09-30T17:11:43Z [312,345ms] [Warning] [isaacsim.ros2.nodes] ROS2 TF aggregation contributor '/World/Nova_Carter_ROS/chassis_link/sensors/left_hawk/ROS_TF/PublisherTF' did not submit transforms for topic '/tf' on flush cycle 16752
2026-09-30T17:11:43Z [312,345ms] [Warning] [isaacsim.ros2.nodes] ROS2 TF aggregation contributor '/World/Nova_Carter_ROS/chassis_link/sensors/front_hawk/ROS_TF/PublisherTF' did not submit transforms for topic '/tf' on flush cycle 16752
2026-09-30T17:11:43Z [312,345ms] [Warning] [isaacsim.ros2.nodes] ROS2 TF aggregation contributor '/World/Nova_Carter_ROS/chassis_link/sensors/back_owl/ROS_TF/PublisherTF' did not submit transforms for topic '/tf' on flush cycle 16752
2026-09-30T17:11:43Z [312,345ms] [Warning] [isaacsim.ros2.nodes] ROS2 TF aggregation contributor '/World/Nova_Carter_ROS/chassis_link/sensors/XT_32/ROS_TF/PublisherTF' did not submit transforms for topic '/tf' on flush cycle 16752
2026-09-30T17:11:43Z [312,345ms] [Warning] [isaacsim.ros2.nodes] ROS2 TF aggregation contributor '/World/Nova_Carter_ROS/chassis_link/sensors/front_RPLidar/ROS_TF/PublisherTF' did not submit transforms for topic '/tf' on flush cycle 16752
2026-09-30T17:11:43Z [312,345ms] [Warning] [isaacsim.ros2.nodes] ROS2 TF aggregation contributor '/World/Nova_Carter_ROS/chassis_link/sensors/left_owl/ROS_TF/PublisherTF' did not submit transforms for topic '/tf' on flush cycle 16752
2026-09-30T17:11:43Z [312,345ms] [Warning] [isaacsim.ros2.nodes] ROS2 TF aggregation contributor '/World/Nova_Carter_ROS/chassis_link/sensors/right_owl/ROS_TF/PublisherTF' did not submit transforms for topic '/tf' on flush cycle 16752
2026-09-30T17:11:43Z [312,345ms] [Warning] [isaacsim.ros2.nodes] ROS2 TF aggregation contributor '/World/Nova_Carter_ROS/chassis_link/sensors/back_hawk/ROS_TF/PublisherTF' did not submit transforms for topic '/tf' on flush cycle 16752
2026-09-30T17:11:43Z [312,345ms] [Warning] [isaacsim.ros2.nodes] ROS2 TF aggregation contributor '/World/Nova_Carter_ROS/transform_tree_odometry/ros2_publish_raw_transform_tree' did not submit transforms for topic '/tf' on flush cycle 16752
2026-09-30T17:11:43Z [312,345ms] [Warning] [isaacsim.ros2.nodes] ROS2 TF aggregation contributor '/World/Nova_Carter_ROS/chassis_link/sensors/right_hawk/ROS_TF/PublisherTF' did not submit transforms for topic '/tf' on flush cycle 16752
2026-09-30T17:11:43Z [312,345ms] [Warning] [isaacsim.ros2.nodes] ROS2 TF aggregation contributor '/World/Nova_Carter_ROS/transform_tree_odometry/tf_tree_base_link_to_wheel_base' did not submit transforms for topic '/tf' on flush cycle 16752
2026-09-30T17:11:43Z [312,345ms] [Warning] [isaacsim.ros2.nodes] ROS2 TF aggregation contributor '/World/Nova_Carter_ROS/transform_tree_odometry/tf_tree_base_link_to_sensors' did not submit transforms for topic '/tf' on flush cycle 16752
2026-09-30T17:11:43Z [312,345ms] [Warning] [isaacsim.ros2.nodes] ROS2 TF aggregation contributor '/World/Nova_Carter_ROS/transform_tree_odometry/tf_tree_base_link_to_chassis' did not submit transforms for topic '/tf' on flush cycle 16752
2026-09-30T17:11:53Z [322,260ms] [Warning] [isaacsim.ros2.nodes] ROS2 TF aggregation contributor '/World/Nova_Carter_ROS/chassis_link/sensors/front_owl/ROS_TF/PublisherTF' did not submit transforms for topic '/tf' on flush cycle 17292
2026-09-30T17:11:53Z [322,260ms] [Warning] [isaacsim.ros2.nodes] ROS2 TF aggregation contributor '/World/Nova_Carter_ROS/chassis_link/sensors/rear_RPLidar/ROS_TF/PublisherTF' did not submit transforms for topic '/tf' on flush cycle 17292
2026-09-30T17:11:53Z [322,260ms] [Warning] [isaacsim.ros2.nodes] ROS2 TF aggregation contributor '/World/Nova_Carter_ROS/chassis_link/sensors/left_hawk/ROS_TF/PublisherTF' did not submit transforms for topic '/tf' on flush cycle 17292
2026-09-30T17:11:53Z [322,260ms] [Warning] [isaacsim.ros2.nodes] ROS2 TF aggregation contributor '/World/Nova_Carter_ROS/chassis_link/sensors/front_hawk/ROS_TF/PublisherTF' did not submit transforms for topic '/tf' on flush cycle 17292
2026-09-30T17:11:53Z [322,261ms] [Warning] [isaacsim.ros2.nodes] ROS2 TF aggregation contributor '/World/Nova_Carter_ROS/chassis_link/sensors/back_owl/ROS_TF/PublisherTF' did not submit transforms for topic '/tf' on flush cycle 17292
2026-09-30T17:11:53Z [322,261ms] [Warning] [isaacsim.ros2.nodes] ROS2 TF aggregation contributor '/World/Nova_Carter_ROS/chassis_link/sensors/XT_32/ROS_TF/PublisherTF' did not submit transforms for topic '/tf' on flush cycle 17292
2026-09-30T17:11:53Z [322,261ms] [Warning] [isaacsim.ros2.nodes] ROS2 TF aggregation contributor '/World/Nova_Carter_ROS/chassis_link/sensors/front_RPLidar/ROS_TF/PublisherTF' did not submit transforms for topic '/tf' on flush cycle 17292
2026-09-30T17:11:53Z [322,261ms] [Warning] [isaacsim.ros2.nodes] ROS2 TF aggregation contributor '/World/Nova_Carter_ROS/chassis_link/sensors/left_owl/ROS_TF/PublisherTF' did not submit transforms for topic '/tf' on flush cycle 17292
2026-09-30T17:11:53Z [322,261ms] [Warning] [isaacsim.ros2.nodes] ROS2 TF aggregation contributor '/World/Nova_Carter_ROS/chassis_link/sensors/right_owl/ROS_TF/PublisherTF' did not submit transforms for topic '/tf' on flush cycle 17292
2026-09-30T17:11:53Z [322,261ms] [Warning] [isaacsim.ros2.nodes] ROS2 TF aggregation contributor '/World/Nova_Carter_ROS/chassis_link/sensors/back_hawk/ROS_TF/PublisherTF' did not submit transforms for topic '/tf' on flush cycle 17292
2026-09-30T17:11:53Z [322,261ms] [Warning] [isaacsim.ros2.nodes] ROS2 TF aggregation contributor '/World/Nova_Carter_ROS/transform_tree_odometry/ros2_publish_raw_transform_tree' did not submit transforms for topic '/tf' on flush cycle 17292
2026-09-30T17:11:53Z [322,261ms] [Warning] [isaacsim.ros2.nodes] ROS2 TF aggregation contributor '/World/Nova_Carter_ROS/chassis_link/sensors/right_hawk/ROS_TF/PublisherTF' did not submit transforms for topic '/tf' on flush cycle 17292
2026-09-30T17:11:53Z [322,261ms] [Warning] [isaacsim.ros2.nodes] ROS2 TF aggregation contributor '/World/Nova_Carter_ROS/transform_tree_odometry/tf_tree_base_link_to_wheel_base' did not submit transforms for topic '/tf' on flush cycle 17292
2026-09-30T17:11:53Z [322,261ms] [Warning] [isaacsim.ros2.nodes] ROS2 TF aggregation contributor '/World/Nova_Carter_ROS/transform_tree_odometry/tf_tree_base_link_to_sensors' did not submit transforms for topic '/tf' on flush cycle 17292
2026-09-30T17:11:53Z [322,261ms] [Warning] [isaacsim.ros2.nodes] ROS2 TF aggregation contributor '/World/Nova_Carter_ROS/transform_tree_odometry/tf_tree_base_link_to_chassis' did not submit transforms for topic '/tf' on flush cycle 17292
2026-09-30T17:11:55Z [324,391ms] [Warning] [isaacsim.ros2.nodes] ROS2 TF aggregation contributor '/World/Nova_Carter_ROS/chassis_link/sensors/front_owl/ROS_TF/PublisherTF' did not submit transforms for topic '/tf' on flush cycle 17412
2026-09-30T17:11:55Z [324,391ms] [Warning] [isaacsim.ros2.nodes] ROS2 TF aggregation contributor '/World/Nova_Carter_ROS/chassis_link/sensors/rear_RPLidar/ROS_TF/PublisherTF' did not submit transforms for topic '/tf' on flush cycle 17412
2026-09-30T17:11:55Z [324,391ms] [Warning] [isaacsim.ros2.nodes] ROS2 TF aggregation contributor '/World/Nova_Carter_ROS/chassis_link/sensors/left_hawk/ROS_TF/PublisherTF' did not submit transforms for topic '/tf' on flush cycle 17412
2026-09-30T17:11:55Z [324,391ms] [Warning] [isaacsim.ros2.nodes] ROS2 TF aggregation contributor '/World/Nova_Carter_ROS/chassis_link/sensors/front_hawk/ROS_TF/PublisherTF' did not submit transforms for topic '/tf' on flush cycle 17412
2026-09-30T17:11:55Z [324,391ms] [Warning] [isaacsim.ros2.nodes] ROS2 TF aggregation contributor '/World/Nova_Carter_ROS/chassis_link/sensors/back_owl/ROS_TF/PublisherTF' did not submit transforms for topic '/tf' on flush cycle 17412
2026-09-30T17:11:55Z [324,391ms] [Warning] [isaacsim.ros2.nodes] ROS2 TF aggregation contributor '/World/Nova_Carter_ROS/chassis_link/sensors/XT_32/ROS_TF/PublisherTF' did not submit transforms for topic '/tf' on flush cycle 17412
2026-09-30T17:11:55Z [324,391ms] [Warning] [isaacsim.ros2.nodes] ROS2 TF aggregation contributor '/World/Nova_Carter_ROS/chassis_link/sensors/front_RPLidar/ROS_TF/PublisherTF' did not submit transforms for topic '/tf' on flush cycle 17412
2026-09-30T17:11:55Z [324,391ms] [Warning] [isaacsim.ros2.nodes] ROS2 TF aggregation contributor '/World/Nova_Carter_ROS/chassis_link/sensors/left_owl/ROS_TF/PublisherTF' did not submit transforms for topic '/tf' on flush cycle 17412
2026-09-30T17:11:55Z [324,391ms] [Warning] [isaacsim.ros2.nodes] ROS2 TF aggregation contributor '/World/Nova_Carter_ROS/chassis_link/sensors/right_owl/ROS_TF/PublisherTF' did not submit transforms for topic '/tf' on flush cycle 17412
2026-09-30T17:11:55Z [324,391ms] [Warning] [isaacsim.ros2.nodes] ROS2 TF aggregation contributor '/World/Nova_Carter_ROS/chassis_link/sensors/back_hawk/ROS_TF/PublisherTF' did not submit transforms for topic '/tf' on flush cycle 17412
2026-09-30T17:11:55Z [324,391ms] [Warning] [isaacsim.ros2.nodes] ROS2 TF aggregation contributor '/World/Nova_Carter_ROS/transform_tree_odometry/ros2_publish_raw_transform_tree' did not submit transforms for topic '/tf' on flush cycle 17412
2026-09-30T17:11:55Z [324,391ms] [Warning] [isaacsim.ros2.nodes] ROS2 TF aggregation contributor '/World/Nova_Carter_ROS/chassis_link/sensors/right_hawk/ROS_TF/PublisherTF' did not submit transforms for topic '/tf' on flush cycle 17412
2026-09-30T17:11:55Z [324,391ms] [Warning] [isaacsim.ros2.nodes] ROS2 TF aggregation contributor '/World/Nova_Carter_ROS/transform_tree_odometry/tf_tree_base_link_to_wheel_base' did not submit transforms for topic '/tf' on flush cycle 17412
2026-09-30T17:11:55Z [324,391ms] [Warning] [isaacsim.ros2.nodes] ROS2 TF aggregation contributor '/World/Nova_Carter_ROS/transform_tree_odometry/tf_tree_base_link_to_sensors' did not submit transforms for topic '/tf' on flush cycle 17412
2026-09-30T17:11:55Z [324,391ms] [Warning] [isaacsim.ros2.nodes] ROS2 TF aggregation contributor '/World/Nova_Carter_ROS/transform_tree_odometry/tf_tree_base_link_to_chassis' did not submit transforms for topic '/tf' on flush cycle 17412
2026-09-30T17:11:57Z [326,434ms] [Warning] [isaacsim.ros2.nodes] ROS2 TF aggregation contributor '/World/Nova_Carter_ROS/chassis_link/sensors/front_owl/ROS_TF/PublisherTF' did not submit transforms for topic '/tf' on flush cycle 17532
2026-09-30T17:11:57Z [326,434ms] [Warning] [isaacsim.ros2.nodes] ROS2 TF aggregation contributor '/World/Nova_Carter_ROS/chassis_link/sensors/rear_RPLidar/ROS_TF/PublisherTF' did not submit transforms for topic '/tf' on flush cycle 17532
2026-09-30T17:11:57Z [326,434ms] [Warning] [isaacsim.ros2.nodes] ROS2 TF aggregation contributor '/World/Nova_Carter_ROS/chassis_link/sensors/left_hawk/ROS_TF/PublisherTF' did not submit transforms for topic '/tf' on flush cycle 17532
2026-09-30T17:11:57Z [326,434ms] [Warning] [isaacsim.ros2.nodes] ROS2 TF aggregation contributor '/World/Nova_Carter_ROS/chassis_link/sensors/front_hawk/ROS_TF/PublisherTF' did not submit transforms for topic '/tf' on flush cycle 17532
2026-09-30T17:11:57Z [326,434ms] [Warning] [isaacsim.ros2.nodes] ROS2 TF aggregation contributor '/World/Nova_Carter_ROS/chassis_link/sensors/back_owl/ROS_TF/PublisherTF' did not submit transforms for topic '/tf' on flush cycle 17532
2026-09-30T17:11:57Z [326,434ms] [Warning] [isaacsim.ros2.nodes] ROS2 TF aggregation contributor '/World/Nova_Carter_ROS/chassis_link/sensors/XT_32/ROS_TF/PublisherTF' did not submit transforms for topic '/tf' on flush cycle 17532
2026-09-30T17:11:57Z [326,434ms] [Warning] [isaacsim.ros2.nodes] ROS2 TF aggregation contributor '/World/Nova_Carter_ROS/chassis_link/sensors/front_RPLidar/ROS_TF/PublisherTF' did not submit transforms for topic '/tf' on flush cycle 17532
2026-09-30T17:11:57Z [326,434ms] [Warning] [isaacsim.ros2.nodes] ROS2 TF aggregation contributor '/World/Nova_Carter_ROS/chassis_link/sensors/left_owl/ROS_TF/PublisherTF' did not submit transforms for topic '/tf' on flush cycle 17532
2026-09-30T17:11:57Z [326,434ms] [Warning] [isaacsim.ros2.nodes] ROS2 TF aggregation contributor '/World/Nova_Carter_ROS/chassis_link/sensors/right_owl/ROS_TF/PublisherTF' did not submit transforms for topic '/tf' on flush cycle 17532
2026-09-30T17:11:57Z [326,434ms] [Warning] [isaacsim.ros2.nodes] ROS2 TF aggregation contributor '/World/Nova_Carter_ROS/chassis_link/sensors/back_hawk/ROS_TF/PublisherTF' did not submit transforms for topic '/tf' on flush cycle 17532
2026-09-30T17:11:57Z [326,434ms] [Warning] [isaacsim.ros2.nodes] ROS2 TF aggregation contributor '/World/Nova_Carter_ROS/transform_tree_odometry/ros2_publish_raw_transform_tree' did not submit transforms for topic '/tf' on flush cycle 17532
2026-09-30T17:11:57Z [326,435ms] [Warning] [isaacsim.ros2.nodes] ROS2 TF aggregation contributor '/World/Nova_Carter_ROS/chassis_link/sensors/right_hawk/ROS_TF/PublisherTF' did not submit transforms for topic '/tf' on flush cycle 17532
2026-09-30T17:11:57Z [326,435ms] [Warning] [isaacsim.ros2.nodes] ROS2 TF aggregation contributor '/World/Nova_Carter_ROS/transform_tree_odometry/tf_tree_base_link_to_wheel_base' did not submit transforms for topic '/tf' on flush cycle 17532
2026-09-30T17:11:57Z [326,435ms] [Warning] [isaacsim.ros2.nodes] ROS2 TF aggregation contributor '/World/Nova_Carter_ROS/transform_tree_odometry/tf_tree_base_link_to_sensors' did not submit transforms for topic '/tf' on flush cycle 17532
2026-09-30T17:11:57Z [326,435ms] [Warning] [isaacsim.ros2.nodes] ROS2 TF aggregation contributor '/World/Nova_Carter_ROS/transform_tree_odometry/tf_tree_base_link_to_chassis' did not submit transforms for topic '/tf' on flush cycle 17532
2026-09-30T17:11:59Z [328,481ms] [Warning] [isaacsim.ros2.nodes] ROS2 TF aggregation contributor '/World/Nova_Carter_ROS/chassis_link/sensors/front_owl/ROS_TF/PublisherTF' did not submit transforms for topic '/tf' on flush cycle 17652
2026-09-30T17:11:59Z [328,481ms] [Warning] [isaacsim.ros2.nodes] ROS2 TF aggregation contributor '/World/Nova_Carter_ROS/chassis_link/sensors/rear_RPLidar/ROS_TF/PublisherTF' did not submit transforms for topic '/tf' on flush cycle 17652
2026-09-30T17:11:59Z [328,481ms] [Warning] [isaacsim.ros2.nodes] ROS2 TF aggregation contributor '/World/Nova_Carter_ROS/chassis_link/sensors/left_hawk/ROS_TF/PublisherTF' did not submit transforms for topic '/tf' on flush cycle 17652
2026-09-30T17:11:59Z [328,481ms] [Warning] [isaacsim.ros2.nodes] ROS2 TF aggregation contributor '/World/Nova_Carter_ROS/chassis_link/sensors/front_hawk/ROS_TF/PublisherTF' did not submit transforms for topic '/tf' on flush cycle 17652
2026-09-30T17:11:59Z [328,481ms] [Warning] [isaacsim.ros2.nodes] ROS2 TF aggregation contributor '/World/Nova_Carter_ROS/chassis_link/sensors/back_owl/ROS_TF/PublisherTF' did not submit transforms for topic '/tf' on flush cycle 17652
2026-09-30T17:11:59Z [328,481ms] [Warning] [isaacsim.ros2.nodes] ROS2 TF aggregation contributor '/World/Nova_Carter_ROS/chassis_link/sensors/XT_32/ROS_TF/PublisherTF' did not submit transforms for topic '/tf' on flush cycle 17652
2026-09-30T17:11:59Z [328,481ms] [Warning] [isaacsim.ros2.nodes] ROS2 TF aggregation contributor '/World/Nova_Carter_ROS/chassis_link/sensors/front_RPLidar/ROS_TF/PublisherTF' did not submit transforms for topic '/tf' on flush cycle 17652
2026-09-30T17:11:59Z [328,481ms] [Warning] [isaacsim.ros2.nodes] ROS2 TF aggregation contributor '/World/Nova_Carter_ROS/chassis_link/sensors/left_owl/ROS_TF/PublisherTF' did not submit transforms for topic '/tf' on flush cycle 17652
2026-09-30T17:11:59Z [328,481ms] [Warning] [isaacsim.ros2.nodes] ROS2 TF aggregation contributor '/World/Nova_Carter_ROS/chassis_link/sensors/right_owl/ROS_TF/PublisherTF' did not submit transforms for topic '/tf' on flush cycle 17652
2026-09-30T17:11:59Z [328,481ms] [Warning] [isaacsim.ros2.nodes] ROS2 TF aggregation contributor '/World/Nova_Carter_ROS/chassis_link/sensors/back_hawk/ROS_TF/PublisherTF' did not submit transforms for topic '/tf' on flush cycle 17652
2026-09-30T17:11:59Z [328,481ms] [Warning] [isaacsim.ros2.nodes] ROS2 TF aggregation contributor '/World/Nova_Carter_ROS/transform_tree_odometry/ros2_publish_raw_transform_tree' did not submit transforms for topic '/tf' on flush cycle 17652
2026-09-30T17:11:59Z [328,481ms] [Warning] [isaacsim.ros2.nodes] ROS2 TF aggregation contributor '/World/Nova_Carter_ROS/chassis_link/sensors/right_hawk/ROS_TF/PublisherTF' did not submit transforms for topic '/tf' on flush cycle 17652
2026-09-30T17:11:59Z [328,481ms] [Warning] [isaacsim.ros2.nodes] ROS2 TF aggregation contributor '/World/Nova_Carter_ROS/transform_tree_odometry/tf_tree_base_link_to_wheel_base' did not submit transforms for topic '/tf' on flush cycle 17652
2026-09-30T17:11:59Z [328,481ms] [Warning] [isaacsim.ros2.nodes] ROS2 TF aggregation contributor '/World/Nova_Carter_ROS/transform_tree_odometry/tf_tree_base_link_to_sensors' did not submit transforms for topic '/tf' on flush cycle 17652
2026-09-30T17:11:59Z [328,481ms] [Warning] [isaacsim.ros2.nodes] ROS2 TF aggregation contributor '/World/Nova_Carter_ROS/transform_tree_odometry/tf_tree_base_link_to_chassis' did not submit transforms for topic '/tf' on flush cycle 17652
2026-09-30T17:12:01Z [330,529ms] [Warning] [isaacsim.ros2.nodes] ROS2 TF aggregation contributor '/World/Nova_Carter_ROS/chassis_link/sensors/front_owl/ROS_TF/PublisherTF' did not submit transforms for topic '/tf' on flush cycle 17772
2026-09-30T17:12:01Z [330,529ms] [Warning] [isaacsim.ros2.nodes] ROS2 TF aggregation contributor '/World/Nova_Carter_ROS/chassis_link/sensors/rear_RPLidar/ROS_TF/PublisherTF' did not submit transforms for topic '/tf' on flush cycle 17772
2026-09-30T17:12:01Z [330,529ms] [Warning] [isaacsim.ros2.nodes] ROS2 TF aggregation contributor '/World/Nova_Carter_ROS/chassis_link/sensors/left_hawk/ROS_TF/PublisherTF' did not submit transforms for topic '/tf' on flush cycle 17772
2026-09-30T17:12:01Z [330,529ms] [Warning] [isaacsim.ros2.nodes] ROS2 TF aggregation contributor '/World/Nova_Carter_ROS/chassis_link/sensors/front_hawk/ROS_TF/PublisherTF' did not submit transforms for topic '/tf' on flush cycle 17772
2026-09-30T17:12:01Z [330,529ms] [Warning] [isaacsim.ros2.nodes] ROS2 TF aggregation contributor '/World/Nova_Carter_ROS/chassis_link/sensors/back_owl/ROS_TF/PublisherTF' did not submit transforms for topic '/tf' on flush cycle 17772
2026-09-30T17:12:01Z [330,529ms] [Warning] [isaacsim.ros2.nodes] ROS2 TF aggregation contributor '/World/Nova_Carter_ROS/chassis_link/sensors/XT_32/ROS_TF/PublisherTF' did not submit transforms for topic '/tf' on flush cycle 17772
2026-09-30T17:12:01Z [330,529ms] [Warning] [isaacsim.ros2.nodes] ROS2 TF aggregation contributor '/World/Nova_Carter_ROS/chassis_link/sensors/front_RPLidar/ROS_TF/PublisherTF' did not submit transforms for topic '/tf' on flush cycle 17772
2026-09-30T17:12:01Z [330,529ms] [Warning] [isaacsim.ros2.nodes] ROS2 TF aggregation contributor '/World/Nova_Carter_ROS/chassis_link/sensors/left_owl/ROS_TF/PublisherTF' did not submit transforms for topic '/tf' on flush cycle 17772
2026-09-30T17:12:01Z [330,529ms] [Warning] [isaacsim.ros2.nodes] ROS2 TF aggregation contributor '/World/Nova_Carter_ROS/chassis_link/sensors/right_owl/ROS_TF/PublisherTF' did not submit transforms for topic '/tf' on flush cycle 17772
2026-09-30T17:12:01Z [330,529ms] [Warning] [isaacsim.ros2.nodes] ROS2 TF aggregation contributor '/World/Nova_Carter_ROS/chassis_link/sensors/back_hawk/ROS_TF/PublisherTF' did not submit transforms for topic '/tf' on flush cycle 17772
2026-09-30T17:12:01Z [330,529ms] [Warning] [isaacsim.ros2.nodes] ROS2 TF aggregation contributor '/World/Nova_Carter_ROS/transform_tree_odometry/ros2_publish_raw_transform_tree' did not submit transforms for topic '/tf' on flush cycle 17772
2026-09-30T17:12:01Z [330,529ms] [Warning] [isaacsim.ros2.nodes] ROS2 TF aggregation contributor '/World/Nova_Carter_ROS/chassis_link/sensors/right_hawk/ROS_TF/PublisherTF' did not submit transforms for topic '/tf' on flush cycle 17772
2026-09-30T17:12:01Z [330,529ms] [Warning] [isaacsim.ros2.nodes] ROS2 TF aggregation contributor '/World/Nova_Carter_ROS/transform_tree_odometry/tf_tree_base_link_to_wheel_base' did not submit transforms for topic '/tf' on flush cycle 17772
2026-09-30T17:12:01Z [330,529ms] [Warning] [isaacsim.ros2.nodes] ROS2 TF aggregation contributor '/World/Nova_Carter_ROS/transform_tree_odometry/tf_tree_base_link_to_sensors' did not submit transforms for topic '/tf' on flush cycle 17772
2026-09-30T17:12:01Z [330,529ms] [Warning] [isaacsim.ros2.nodes] ROS2 TF aggregation contributor '/World/Nova_Carter_ROS/transform_tree_odometry/tf_tree_base_link_to_chassis' did not submit transforms for topic '/tf' on flush cycle 17772
2026-09-30T17:12:03Z [332,625ms] [Warning] [isaacsim.ros2.nodes] ROS2 TF aggregation contributor '/World/Nova_Carter_ROS/chassis_link/sensors/front_owl/ROS_TF/PublisherTF' did not submit transforms for topic '/tf' on flush cycle 17892
2026-09-30T17:12:03Z [332,625ms] [Warning] [isaacsim.ros2.nodes] ROS2 TF aggregation contributor '/World/Nova_Carter_ROS/chassis_link/sensors/rear_RPLidar/ROS_TF/PublisherTF' did not submit transforms for topic '/tf' on flush cycle 17892
2026-09-30T17:12:03Z [332,625ms] [Warning] [isaacsim.ros2.nodes] ROS2 TF aggregation contributor '/World/Nova_Carter_ROS/chassis_link/sensors/left_hawk/ROS_TF/PublisherTF' did not submit transforms for topic '/tf' on flush cycle 17892
2026-09-30T17:12:03Z [332,625ms] [Warning] [isaacsim.ros2.nodes] ROS2 TF aggregation contributor '/World/Nova_Carter_ROS/chassis_link/sensors/front_hawk/ROS_TF/PublisherTF' did not submit transforms for topic '/tf' on flush cycle 17892
2026-09-30T17:12:03Z [332,625ms] [Warning] [isaacsim.ros2.nodes] ROS2 TF aggregation contributor '/World/Nova_Carter_ROS/chassis_link/sensors/back_owl/ROS_TF/PublisherTF' did not submit transforms for topic '/tf' on flush cycle 17892
2026-09-30T17:12:03Z [332,625ms] [Warning] [isaacsim.ros2.nodes] ROS2 TF aggregation contributor '/World/Nova_Carter_ROS/chassis_link/sensors/XT_32/ROS_TF/PublisherTF' did not submit transforms for topic '/tf' on flush cycle 17892
2026-09-30T17:12:03Z [332,625ms] [Warning] [isaacsim.ros2.nodes] ROS2 TF aggregation contributor '/World/Nova_Carter_ROS/chassis_link/sensors/front_RPLidar/ROS_TF/PublisherTF' did not submit transforms for topic '/tf' on flush cycle 17892
2026-09-30T17:12:03Z [332,625ms] [Warning] [isaacsim.ros2.nodes] ROS2 TF aggregation contributor '/World/Nova_Carter_ROS/chassis_link/sensors/left_owl/ROS_TF/PublisherTF' did not submit transforms for topic '/tf' on flush cycle 17892
2026-09-30T17:12:03Z [332,625ms] [Warning] [isaacsim.ros2.nodes] ROS2 TF aggregation contributor '/World/Nova_Carter_ROS/chassis_link/sensors/right_owl/ROS_TF/PublisherTF' did not submit transforms for topic '/tf' on flush cycle 17892
2026-09-30T17:12:03Z [332,625ms] [Warning] [isaacsim.ros2.nodes] ROS2 TF aggregation contributor '/World/Nova_Carter_ROS/chassis_link/sensors/back_hawk/ROS_TF/PublisherTF' did not submit transforms for topic '/tf' on flush cycle 17892
2026-09-30T17:12:03Z [332,625ms] [Warning] [isaacsim.ros2.nodes] ROS2 TF aggregation contributor '/World/Nova_Carter_ROS/transform_tree_odometry/ros2_publish_raw_transform_tree' did not submit transforms for topic '/tf' on flush cycle 17892
2026-09-30T17:12:03Z [332,625ms] [Warning] [isaacsim.ros2.nodes] ROS2 TF aggregation contributor '/World/Nova_Carter_ROS/chassis_link/sensors/right_hawk/ROS_TF/PublisherTF' did not submit transforms for topic '/tf' on flush cycle 17892
2026-09-30T17:12:03Z [332,625ms] [Warning] [isaacsim.ros2.nodes] ROS2 TF aggregation contributor '/World/Nova_Carter_ROS/transform_tree_odometry/tf_tree_base_link_to_wheel_base' did not submit transforms for topic '/tf' on flush cycle 17892
2026-09-30T17:12:03Z [332,625ms] [Warning] [isaacsim.ros2.nodes] ROS2 TF aggregation contributor '/World/Nova_Carter_ROS/transform_tree_odometry/tf_tree_base_link_to_sensors' did not submit transforms for topic '/tf' on flush cycle 17892
2026-09-30T17:12:03Z [332,625ms] [Warning] [isaacsim.ros2.nodes] ROS2 TF aggregation contributor '/World/Nova_Carter_ROS/transform_tree_odometry/tf_tree_base_link_to_chassis' did not submit transforms for topic '/tf' on flush cycle 17892
2026-09-30T17:12:06Z [334,718ms] [Warning] [isaacsim.ros2.nodes] ROS2 TF aggregation contributor '/World/Nova_Carter_ROS/chassis_link/sensors/front_owl/ROS_TF/PublisherTF' did not submit transforms for topic '/tf' on flush cycle 18012
2026-09-30T17:12:06Z [334,718ms] [Warning] [isaacsim.ros2.nodes] ROS2 TF aggregation contributor '/World/Nova_Carter_ROS/chassis_link/sensors/rear_RPLidar/ROS_TF/PublisherTF' did not submit transforms for topic '/tf' on flush cycle 18012
2026-09-30T17:12:06Z [334,718ms] [Warning] [isaacsim.ros2.nodes] ROS2 TF aggregation contributor '/World/Nova_Carter_ROS/chassis_link/sensors/left_hawk/ROS_TF/PublisherTF' did not submit transforms for topic '/tf' on flush cycle 18012
2026-09-30T17:12:06Z [334,718ms] [Warning] [isaacsim.ros2.nodes] ROS2 TF aggregation contributor '/World/Nova_Carter_ROS/chassis_link/sensors/front_hawk/ROS_TF/PublisherTF' did not submit transforms for topic '/tf' on flush cycle 18012
2026-09-30T17:12:06Z [334,718ms] [Warning] [isaacsim.ros2.nodes] ROS2 TF aggregation contributor '/World/Nova_Carter_ROS/chassis_link/sensors/back_owl/ROS_TF/PublisherTF' did not submit transforms for topic '/tf' on flush cycle 18012
2026-09-30T17:12:06Z [334,718ms] [Warning] [isaacsim.ros2.nodes] ROS2 TF aggregation contributor '/World/Nova_Carter_ROS/chassis_link/sensors/XT_32/ROS_TF/PublisherTF' did not submit transforms for topic '/tf' on flush cycle 18012
2026-09-30T17:12:06Z [334,718ms] [Warning] [isaacsim.ros2.nodes] ROS2 TF aggregation contributor '/World/Nova_Carter_ROS/chassis_link/sensors/front_RPLidar/ROS_TF/PublisherTF' did not submit transforms for topic '/tf' on flush cycle 18012
2026-09-30T17:12:06Z [334,718ms] [Warning] [isaacsim.ros2.nodes] ROS2 TF aggregation contributor '/World/Nova_Carter_ROS/chassis_link/sensors/left_owl/ROS_TF/PublisherTF' did not submit transforms for topic '/tf' on flush cycle 18012
2026-09-30T17:12:06Z [334,718ms] [Warning] [isaacsim.ros2.nodes] ROS2 TF aggregation contributor '/World/Nova_Carter_ROS/chassis_link/sensors/right_owl/ROS_TF/PublisherTF' did not submit transforms for topic '/tf' on flush cycle 18012
2026-09-30T17:12:06Z [334,718ms] [Warning] [isaacsim.ros2.nodes] ROS2 TF aggregation contributor '/World/Nova_Carter_ROS/chassis_link/sensors/back_hawk/ROS_TF/PublisherTF' did not submit transforms for topic '/tf' on flush cycle 18012
2026-09-30T17:12:06Z [334,718ms] [Warning] [isaacsim.ros2.nodes] ROS2 TF aggregation contributor '/World/Nova_Carter_ROS/transform_tree_odometry/ros2_publish_raw_transform_tree' did not submit transforms for topic '/tf' on flush cycle 18012
2026-09-30T17:12:06Z [334,718ms] [Warning] [isaacsim.ros2.nodes] ROS2 TF aggregation contributor '/World/Nova_Carter_ROS/chassis_link/sensors/right_hawk/ROS_TF/PublisherTF' did not submit transforms for topic '/tf' on flush cycle 18012
2026-09-30T17:12:06Z [334,718ms] [Warning] [isaacsim.ros2.nodes] ROS2 TF aggregation contributor '/World/Nova_Carter_ROS/transform_tree_odometry/tf_tree_base_link_to_wheel_base' did not submit transforms for topic '/tf' on flush cycle 18012
2026-09-30T17:12:06Z [334,718ms] [Warning] [isaacsim.ros2.nodes] ROS2 TF aggregation contributor '/World/Nova_Carter_ROS/transform_tree_odometry/tf_tree_base_link_to_sensors' did not submit transforms for topic '/tf' on flush cycle 18012
2026-09-30T17:12:06Z [334,718ms] [Warning] [isaacsim.ros2.nodes] ROS2 TF aggregation contributor '/World/Nova_Carter_ROS/transform_tree_odometry/tf_tree_base_link_to_chassis' did not submit transforms for topic '/tf' on flush cycle 18012
2026-09-30T17:12:09Z [338,671ms] [Warning] [omni.graph.core.plugin] /World/Nova_Carter_ROS/differential_drive/differential_controller_01: [/World/Nova_Carter_ROS/differential_drive] Invalid deltaTime 0.000000, cannot check for acceleration limits, skipping current step
2026-09-30T17:12:16Z [344,910ms] [Warning] [isaacsim.ros2.nodes] ROS2 TF aggregation contributor '/World/Nova_Carter_ROS/chassis_link/sensors/front_owl/ROS_TF/PublisherTF' did not submit transforms for topic '/tf' on flush cycle 18560
2026-09-30T17:12:16Z [344,910ms] [Warning] [isaacsim.ros2.nodes] ROS2 TF aggregation contributor '/World/Nova_Carter_ROS/chassis_link/sensors/rear_RPLidar/ROS_TF/PublisherTF' did not submit transforms for topic '/tf' on flush cycle 18560
2026-09-30T17:12:16Z [344,910ms] [Warning] [isaacsim.ros2.nodes] ROS2 TF aggregation contributor '/World/Nova_Carter_ROS/chassis_link/sensors/left_hawk/ROS_TF/PublisherTF' did not submit transforms for topic '/tf' on flush cycle 18560
2026-09-30T17:12:16Z [344,910ms] [Warning] [isaacsim.ros2.nodes] ROS2 TF aggregation contributor '/World/Nova_Carter_ROS/chassis_link/sensors/front_hawk/ROS_TF/PublisherTF' did not submit transforms for topic '/tf' on flush cycle 18560
2026-09-30T17:12:16Z [344,910ms] [Warning] [isaacsim.ros2.nodes] ROS2 TF aggregation contributor '/World/Nova_Carter_ROS/chassis_link/sensors/back_owl/ROS_TF/PublisherTF' did not submit transforms for topic '/tf' on flush cycle 18560
2026-09-30T17:12:16Z [344,910ms] [Warning] [isaacsim.ros2.nodes] ROS2 TF aggregation contributor '/World/Nova_Carter_ROS/chassis_link/sensors/XT_32/ROS_TF/PublisherTF' did not submit transforms for topic '/tf' on flush cycle 18560
2026-09-30T17:12:16Z [344,910ms] [Warning] [isaacsim.ros2.nodes] ROS2 TF aggregation contributor '/World/Nova_Carter_ROS/chassis_link/sensors/front_RPLidar/ROS_TF/PublisherTF' did not submit transforms for topic '/tf' on flush cycle 18560
2026-09-30T17:12:16Z [344,910ms] [Warning] [isaacsim.ros2.nodes] ROS2 TF aggregation contributor '/World/Nova_Carter_ROS/chassis_link/sensors/left_owl/ROS_TF/PublisherTF' did not submit transforms for topic '/tf' on flush cycle 18560
2026-09-30T17:12:16Z [344,910ms] [Warning] [isaacsim.ros2.nodes] ROS2 TF aggregation contributor '/World/Nova_Carter_ROS/chassis_link/sensors/right_owl/ROS_TF/PublisherTF' did not submit transforms for topic '/tf' on flush cycle 18560
2026-09-30T17:12:16Z [344,910ms] [Warning] [isaacsim.ros2.nodes] ROS2 TF aggregation contributor '/World/Nova_Carter_ROS/chassis_link/sensors/back_hawk/ROS_TF/PublisherTF' did not submit transforms for topic '/tf' on flush cycle 18560
2026-09-30T17:12:16Z [344,910ms] [Warning] [isaacsim.ros2.nodes] ROS2 TF aggregation contributor '/World/Nova_Carter_ROS/transform_tree_odometry/ros2_publish_raw_transform_tree' did not submit transforms for topic '/tf' on flush cycle 18560
2026-09-30T17:12:16Z [344,910ms] [Warning] [isaacsim.ros2.nodes] ROS2 TF aggregation contributor '/World/Nova_Carter_ROS/chassis_link/sensors/right_hawk/ROS_TF/PublisherTF' did not submit transforms for topic '/tf' on flush cycle 18560
2026-09-30T17:12:16Z [344,910ms] [Warning] [isaacsim.ros2.nodes] ROS2 TF aggregation contributor '/World/Nova_Carter_ROS/transform_tree_odometry/tf_tree_base_link_to_wheel_base' did not submit transforms for topic '/tf' on flush cycle 18560
2026-09-30T17:12:16Z [344,910ms] [Warning] [isaacsim.ros2.nodes] ROS2 TF aggregation contributor '/World/Nova_Carter_ROS/transform_tree_odometry/tf_tree_base_link_to_sensors' did not submit transforms for topic '/tf' on flush cycle 18560
2026-09-30T17:12:16Z [344,910ms] [Warning] [isaacsim.ros2.nodes] ROS2 TF aggregation contributor '/World/Nova_Carter_ROS/transform_tree_odometry/tf_tree_base_link_to_chassis' did not submit transforms for topic '/tf' on flush cycle 18560
2026-09-30T17:12:18Z [346,948ms] [Warning] [isaacsim.ros2.nodes] ROS2 TF aggregation contributor '/World/Nova_Carter_ROS/chassis_link/sensors/front_owl/ROS_TF/PublisherTF' did not submit transforms for topic '/tf' on flush cycle 18680
2026-09-30T17:12:18Z [346,948ms] [Warning] [isaacsim.ros2.nodes] ROS2 TF aggregation contributor '/World/Nova_Carter_ROS/chassis_link/sensors/rear_RPLidar/ROS_TF/PublisherTF' did not submit transforms for topic '/tf' on flush cycle 18680
2026-09-30T17:12:18Z [346,948ms] [Warning] [isaacsim.ros2.nodes] ROS2 TF aggregation contributor '/World/Nova_Carter_ROS/chassis_link/sensors/left_hawk/ROS_TF/PublisherTF' did not submit transforms for topic '/tf' on flush cycle 18680
2026-09-30T17:12:18Z [346,948ms] [Warning] [isaacsim.ros2.nodes] ROS2 TF aggregation contributor '/World/Nova_Carter_ROS/chassis_link/sensors/front_hawk/ROS_TF/PublisherTF' did not submit transforms for topic '/tf' on flush cycle 18680
2026-09-30T17:12:18Z [346,948ms] [Warning] [isaacsim.ros2.nodes] ROS2 TF aggregation contributor '/World/Nova_Carter_ROS/chassis_link/sensors/back_owl/ROS_TF/PublisherTF' did not submit transforms for topic '/tf' on flush cycle 18680
2026-09-30T17:12:18Z [346,948ms] [Warning] [isaacsim.ros2.nodes] ROS2 TF aggregation contributor '/World/Nova_Carter_ROS/chassis_link/sensors/XT_32/ROS_TF/PublisherTF' did not submit transforms for topic '/tf' on flush cycle 18680
2026-09-30T17:12:18Z [346,948ms] [Warning] [isaacsim.ros2.nodes] ROS2 TF aggregation contributor '/World/Nova_Carter_ROS/chassis_link/sensors/front_RPLidar/ROS_TF/PublisherTF' did not submit transforms for topic '/tf' on flush cycle 18680
2026-09-30T17:12:18Z [346,948ms] [Warning] [isaacsim.ros2.nodes] ROS2 TF aggregation contributor '/World/Nova_Carter_ROS/chassis_link/sensors/left_owl/ROS_TF/PublisherTF' did not submit transforms for topic '/tf' on flush cycle 18680
2026-09-30T17:12:18Z [346,948ms] [Warning] [isaacsim.ros2.nodes] ROS2 TF aggregation contributor '/World/Nova_Carter_ROS/chassis_link/sensors/right_owl/ROS_TF/PublisherTF' did not submit transforms for topic '/tf' on flush cycle 18680
2026-09-30T17:12:18Z [346,948ms] [Warning] [isaacsim.ros2.nodes] ROS2 TF aggregation contributor '/World/Nova_Carter_ROS/chassis_link/sensors/back_hawk/ROS_TF/PublisherTF' did not submit transforms for topic '/tf' on flush cycle 18680
2026-09-30T17:12:18Z [346,948ms] [Warning] [isaacsim.ros2.nodes] ROS2 TF aggregation contributor '/World/Nova_Carter_ROS/transform_tree_odometry/ros2_publish_raw_transform_tree' did not submit transforms for topic '/tf' on flush cycle 18680
2026-09-30T17:12:18Z [346,948ms] [Warning] [isaacsim.ros2.nodes] ROS2 TF aggregation contributor '/World/Nova_Carter_ROS/chassis_link/sensors/right_hawk/ROS_TF/PublisherTF' did not submit transforms for topic '/tf' on flush cycle 18680
2026-09-30T17:12:18Z [346,948ms] [Warning] [isaacsim.ros2.nodes] ROS2 TF aggregation contributor '/World/Nova_Carter_ROS/transform_tree_odometry/tf_tree_base_link_to_wheel_base' did not submit transforms for topic '/tf' on flush cycle 18680
2026-09-30T17:12:18Z [346,948ms] [Warning] [isaacsim.ros2.nodes] ROS2 TF aggregation contributor '/World/Nova_Carter_ROS/transform_tree_odometry/tf_tree_base_link_to_sensors' did not submit transforms for topic '/tf' on flush cycle 18680
2026-09-30T17:12:18Z [346,948ms] [Warning] [isaacsim.ros2.nodes] ROS2 TF aggregation contributor '/World/Nova_Carter_ROS/transform_tree_odometry/tf_tree_base_link_to_chassis' did not submit transforms for topic '/tf' on flush cycle 18680
2026-09-30T17:12:20Z [348,997ms] [Warning] [isaacsim.ros2.nodes] ROS2 TF aggregation contributor '/World/Nova_Carter_ROS/chassis_link/sensors/front_owl/ROS_TF/PublisherTF' did not submit transforms for topic '/tf' on flush cycle 18800
2026-09-30T17:12:20Z [348,997ms] [Warning] [isaacsim.ros2.nodes] ROS2 TF aggregation contributor '/World/Nova_Carter_ROS/chassis_link/sensors/rear_RPLidar/ROS_TF/PublisherTF' did not submit transforms for topic '/tf' on flush cycle 18800
2026-09-30T17:12:20Z [348,997ms] [Warning] [isaacsim.ros2.nodes] ROS2 TF aggregation contributor '/World/Nova_Carter_ROS/chassis_link/sensors/left_hawk/ROS_TF/PublisherTF' did not submit transforms for topic '/tf' on flush cycle 18800
2026-09-30T17:12:20Z [348,997ms] [Warning] [isaacsim.ros2.nodes] ROS2 TF aggregation contributor '/World/Nova_Carter_ROS/chassis_link/sensors/front_hawk/ROS_TF/PublisherTF' did not submit transforms for topic '/tf' on flush cycle 18800
2026-09-30T17:12:20Z [348,997ms] [Warning] [isaacsim.ros2.nodes] ROS2 TF aggregation contributor '/World/Nova_Carter_ROS/chassis_link/sensors/back_owl/ROS_TF/PublisherTF' did not submit transforms for topic '/tf' on flush cycle 18800
2026-09-30T17:12:20Z [348,997ms] [Warning] [isaacsim.ros2.nodes] ROS2 TF aggregation contributor '/World/Nova_Carter_ROS/chassis_link/sensors/XT_32/ROS_TF/PublisherTF' did not submit transforms for topic '/tf' on flush cycle 18800
2026-09-30T17:12:20Z [348,997ms] [Warning] [isaacsim.ros2.nodes] ROS2 TF aggregation contributor '/World/Nova_Carter_ROS/chassis_link/sensors/front_RPLidar/ROS_TF/PublisherTF' did not submit transforms for topic '/tf' on flush cycle 18800
2026-09-30T17:12:20Z [348,997ms] [Warning] [isaacsim.ros2.nodes] ROS2 TF aggregation contributor '/World/Nova_Carter_ROS/chassis_link/sensors/left_owl/ROS_TF/PublisherTF' did not submit transforms for topic '/tf' on flush cycle 18800
2026-09-30T17:12:20Z [348,997ms] [Warning] [isaacsim.ros2.nodes] ROS2 TF aggregation contributor '/World/Nova_Carter_ROS/chassis_link/sensors/right_owl/ROS_TF/PublisherTF' did not submit transforms for topic '/tf' on flush cycle 18800
2026-09-30T17:12:20Z [348,997ms] [Warning] [isaacsim.ros2.nodes] ROS2 TF aggregation contributor '/World/Nova_Carter_ROS/chassis_link/sensors/back_hawk/ROS_TF/PublisherTF' did not submit transforms for topic '/tf' on flush cycle 18800
2026-09-30T17:12:20Z [348,997ms] [Warning] [isaacsim.ros2.nodes] ROS2 TF aggregation contributor '/World/Nova_Carter_ROS/transform_tree_odometry/ros2_publish_raw_transform_tree' did not submit transforms for topic '/tf' on flush cycle 18800
2026-09-30T17:12:20Z [348,997ms] [Warning] [isaacsim.ros2.nodes] ROS2 TF aggregation contributor '/World/Nova_Carter_ROS/chassis_link/sensors/right_hawk/ROS_TF/PublisherTF' did not submit transforms for topic '/tf' on flush cycle 18800
2026-09-30T17:12:20Z [348,997ms] [Warning] [isaacsim.ros2.nodes] ROS2 TF aggregation contributor '/World/Nova_Carter_ROS/transform_tree_odometry/tf_tree_base_link_to_wheel_base' did not submit transforms for topic '/tf' on flush cycle 18800
2026-09-30T17:12:20Z [348,997ms] [Warning] [isaacsim.ros2.nodes] ROS2 TF aggregation contributor '/World/Nova_Carter_ROS/transform_tree_odometry/tf_tree_base_link_to_sensors' did not submit transforms for topic '/tf' on flush cycle 18800
2026-09-30T17:12:20Z [348,997ms] [Warning] [isaacsim.ros2.nodes] ROS2 TF aggregation contributor '/World/Nova_Carter_ROS/transform_tree_odometry/tf_tree_base_link_to_chassis' did not submit transforms for topic '/tf' on flush cycle 18800
2026-09-30T17:12:22Z [351,091ms] [Warning] [isaacsim.ros2.nodes] ROS2 TF aggregation contributor '/World/Nova_Carter_ROS/chassis_link/sensors/front_owl/ROS_TF/PublisherTF' did not submit transforms for topic '/tf' on flush cycle 18920
2026-09-30T17:12:22Z [351,091ms] [Warning] [isaacsim.ros2.nodes] ROS2 TF aggregation contributor '/World/Nova_Carter_ROS/chassis_link/sensors/rear_RPLidar/ROS_TF/PublisherTF' did not submit transforms for topic '/tf' on flush cycle 18920
2026-09-30T17:12:22Z [351,091ms] [Warning] [isaacsim.ros2.nodes] ROS2 TF aggregation contributor '/World/Nova_Carter_ROS/chassis_link/sensors/left_hawk/ROS_TF/PublisherTF' did not submit transforms for topic '/tf' on flush cycle 18920
2026-09-30T17:12:22Z [351,091ms] [Warning] [isaacsim.ros2.nodes] ROS2 TF aggregation contributor '/World/Nova_Carter_ROS/chassis_link/sensors/front_hawk/ROS_TF/PublisherTF' did not submit transforms for topic '/tf' on flush cycle 18920
2026-09-30T17:12:22Z [351,091ms] [Warning] [isaacsim.ros2.nodes] ROS2 TF aggregation contributor '/World/Nova_Carter_ROS/chassis_link/sensors/back_owl/ROS_TF/PublisherTF' did not submit transforms for topic '/tf' on flush cycle 18920
2026-09-30T17:12:22Z [351,091ms] [Warning] [isaacsim.ros2.nodes] ROS2 TF aggregation contributor '/World/Nova_Carter_ROS/chassis_link/sensors/XT_32/ROS_TF/PublisherTF' did not submit transforms for topic '/tf' on flush cycle 18920
2026-09-30T17:12:22Z [351,091ms] [Warning] [isaacsim.ros2.nodes] ROS2 TF aggregation contributor '/World/Nova_Carter_ROS/chassis_link/sensors/front_RPLidar/ROS_TF/PublisherTF' did not submit transforms for topic '/tf' on flush cycle 18920
2026-09-30T17:12:22Z [351,091ms] [Warning] [isaacsim.ros2.nodes] ROS2 TF aggregation contributor '/World/Nova_Carter_ROS/chassis_link/sensors/left_owl/ROS_TF/PublisherTF' did not submit transforms for topic '/tf' on flush cycle 18920
2026-09-30T17:12:22Z [351,091ms] [Warning] [isaacsim.ros2.nodes] ROS2 TF aggregation contributor '/World/Nova_Carter_ROS/chassis_link/sensors/right_owl/ROS_TF/PublisherTF' did not submit transforms for topic '/tf' on flush cycle 18920
2026-09-30T17:12:22Z [351,091ms] [Warning] [isaacsim.ros2.nodes] ROS2 TF aggregation contributor '/World/Nova_Carter_ROS/chassis_link/sensors/back_hawk/ROS_TF/PublisherTF' did not submit transforms for topic '/tf' on flush cycle 18920
2026-09-30T17:12:22Z [351,091ms] [Warning] [isaacsim.ros2.nodes] ROS2 TF aggregation contributor '/World/Nova_Carter_ROS/transform_tree_odometry/ros2_publish_raw_transform_tree' did not submit transforms for topic '/tf' on flush cycle 18920
2026-09-30T17:12:22Z [351,091ms] [Warning] [isaacsim.ros2.nodes] ROS2 TF aggregation contributor '/World/Nova_Carter_ROS/chassis_link/sensors/right_hawk/ROS_TF/PublisherTF' did not submit transforms for topic '/tf' on flush cycle 18920
2026-09-30T17:12:22Z [351,091ms] [Warning] [isaacsim.ros2.nodes] ROS2 TF aggregation contributor '/World/Nova_Carter_ROS/transform_tree_odometry/tf_tree_base_link_to_wheel_base' did not submit transforms for topic '/tf' on flush cycle 18920
2026-09-30T17:12:22Z [351,091ms] [Warning] [isaacsim.ros2.nodes] ROS2 TF aggregation contributor '/World/Nova_Carter_ROS/transform_tree_odometry/tf_tree_base_link_to_sensors' did not submit transforms for topic '/tf' on flush cycle 18920
2026-09-30T17:12:22Z [351,091ms] [Warning] [isaacsim.ros2.nodes] ROS2 TF aggregation contributor '/World/Nova_Carter_ROS/transform_tree_odometry/tf_tree_base_link_to_chassis' did not submit transforms for topic '/tf' on flush cycle 18920
2026-09-30T17:12:24Z [353,143ms] [Warning] [isaacsim.ros2.nodes] ROS2 TF aggregation contributor '/World/Nova_Carter_ROS/chassis_link/sensors/front_owl/ROS_TF/PublisherTF' did not submit transforms for topic '/tf' on flush cycle 19040
2026-09-30T17:12:24Z [353,143ms] [Warning] [isaacsim.ros2.nodes] ROS2 TF aggregation contributor '/World/Nova_Carter_ROS/chassis_link/sensors/rear_RPLidar/ROS_TF/PublisherTF' did not submit transforms for topic '/tf' on flush cycle 19040
2026-09-30T17:12:24Z [353,143ms] [Warning] [isaacsim.ros2.nodes] ROS2 TF aggregation contributor '/World/Nova_Carter_ROS/chassis_link/sensors/left_hawk/ROS_TF/PublisherTF' did not submit transforms for topic '/tf' on flush cycle 19040
2026-09-30T17:12:24Z [353,143ms] [Warning] [isaacsim.ros2.nodes] ROS2 TF aggregation contributor '/World/Nova_Carter_ROS/chassis_link/sensors/front_hawk/ROS_TF/PublisherTF' did not submit transforms for topic '/tf' on flush cycle 19040
2026-09-30T17:12:24Z [353,143ms] [Warning] [isaacsim.ros2.nodes] ROS2 TF aggregation contributor '/World/Nova_Carter_ROS/chassis_link/sensors/back_owl/ROS_TF/PublisherTF' did not submit transforms for topic '/tf' on flush cycle 19040
2026-09-30T17:12:24Z [353,144ms] [Warning] [isaacsim.ros2.nodes] ROS2 TF aggregation contributor '/World/Nova_Carter_ROS/chassis_link/sensors/XT_32/ROS_TF/PublisherTF' did not submit transforms for topic '/tf' on flush cycle 19040
2026-09-30T17:12:24Z [353,144ms] [Warning] [isaacsim.ros2.nodes] ROS2 TF aggregation contributor '/World/Nova_Carter_ROS/chassis_link/sensors/front_RPLidar/ROS_TF/PublisherTF' did not submit transforms for topic '/tf' on flush cycle 19040
2026-09-30T17:12:24Z [353,144ms] [Warning] [isaacsim.ros2.nodes] ROS2 TF aggregation contributor '/World/Nova_Carter_ROS/chassis_link/sensors/left_owl/ROS_TF/PublisherTF' did not submit transforms for topic '/tf' on flush cycle 19040
2026-09-30T17:12:24Z [353,144ms] [Warning] [isaacsim.ros2.nodes] ROS2 TF aggregation contributor '/World/Nova_Carter_ROS/chassis_link/sensors/right_owl/ROS_TF/PublisherTF' did not submit transforms for topic '/tf' on flush cycle 19040
2026-09-30T17:12:24Z [353,144ms] [Warning] [isaacsim.ros2.nodes] ROS2 TF aggregation contributor '/World/Nova_Carter_ROS/chassis_link/sensors/back_hawk/ROS_TF/PublisherTF' did not submit transforms for topic '/tf' on flush cycle 19040
2026-09-30T17:12:24Z [353,144ms] [Warning] [isaacsim.ros2.nodes] ROS2 TF aggregation contributor '/World/Nova_Carter_ROS/transform_tree_odometry/ros2_publish_raw_transform_tree' did not submit transforms for topic '/tf' on flush cycle 19040
2026-09-30T17:12:24Z [353,144ms] [Warning] [isaacsim.ros2.nodes] ROS2 TF aggregation contributor '/World/Nova_Carter_ROS/chassis_link/sensors/right_hawk/ROS_TF/PublisherTF' did not submit transforms for topic '/tf' on flush cycle 19040
2026-09-30T17:12:24Z [353,144ms] [Warning] [isaacsim.ros2.nodes] ROS2 TF aggregation contributor '/World/Nova_Carter_ROS/transform_tree_odometry/tf_tree_base_link_to_wheel_base' did not submit transforms for topic '/tf' on flush cycle 19040
2026-09-30T17:12:24Z [353,144ms] [Warning] [isaacsim.ros2.nodes] ROS2 TF aggregation contributor '/World/Nova_Carter_ROS/transform_tree_odometry/tf_tree_base_link_to_sensors' did not submit transforms for topic '/tf' on flush cycle 19040
2026-09-30T17:12:24Z [353,144ms] [Warning] [isaacsim.ros2.nodes] ROS2 TF aggregation contributor '/World/Nova_Carter_ROS/transform_tree_odometry/tf_tree_base_link_to_chassis' did not submit transforms for topic '/tf' on flush cycle 19040
2026-09-30T17:12:26Z [355,190ms] [Warning] [isaacsim.ros2.nodes] ROS2 TF aggregation contributor '/World/Nova_Carter_ROS/chassis_link/sensors/front_owl/ROS_TF/PublisherTF' did not submit transforms for topic '/tf' on flush cycle 19160
2026-09-30T17:12:26Z [355,191ms] [Warning] [isaacsim.ros2.nodes] ROS2 TF aggregation contributor '/World/Nova_Carter_ROS/chassis_link/sensors/rear_RPLidar/ROS_TF/PublisherTF' did not submit transforms for topic '/tf' on flush cycle 19160
2026-09-30T17:12:26Z [355,191ms] [Warning] [isaacsim.ros2.nodes] ROS2 TF aggregation contributor '/World/Nova_Carter_ROS/chassis_link/sensors/left_hawk/ROS_TF/PublisherTF' did not submit transforms for topic '/tf' on flush cycle 19160
2026-09-30T17:12:26Z [355,191ms] [Warning] [isaacsim.ros2.nodes] ROS2 TF aggregation contributor '/World/Nova_Carter_ROS/chassis_link/sensors/front_hawk/ROS_TF/PublisherTF' did not submit transforms for topic '/tf' on flush cycle 19160
2026-09-30T17:12:26Z [355,191ms] [Warning] [isaacsim.ros2.nodes] ROS2 TF aggregation contributor '/World/Nova_Carter_ROS/chassis_link/sensors/back_owl/ROS_TF/PublisherTF' did not submit transforms for topic '/tf' on flush cycle 19160
2026-09-30T17:12:26Z [355,191ms] [Warning] [isaacsim.ros2.nodes] ROS2 TF aggregation contributor '/World/Nova_Carter_ROS/chassis_link/sensors/XT_32/ROS_TF/PublisherTF' did not submit transforms for topic '/tf' on flush cycle 19160
2026-09-30T17:12:26Z [355,191ms] [Warning] [isaacsim.ros2.nodes] ROS2 TF aggregation contributor '/World/Nova_Carter_ROS/chassis_link/sensors/front_RPLidar/ROS_TF/PublisherTF' did not submit transforms for topic '/tf' on flush cycle 19160
2026-09-30T17:12:26Z [355,191ms] [Warning] [isaacsim.ros2.nodes] ROS2 TF aggregation contributor '/World/Nova_Carter_ROS/chassis_link/sensors/left_owl/ROS_TF/PublisherTF' did not submit transforms for topic '/tf' on flush cycle 19160
2026-09-30T17:12:26Z [355,191ms] [Warning] [isaacsim.ros2.nodes] ROS2 TF aggregation contributor '/World/Nova_Carter_ROS/chassis_link/sensors/right_owl/ROS_TF/PublisherTF' did not submit transforms for topic '/tf' on flush cycle 19160
2026-09-30T17:12:26Z [355,191ms] [Warning] [isaacsim.ros2.nodes] ROS2 TF aggregation contributor '/World/Nova_Carter_ROS/chassis_link/sensors/back_hawk/ROS_TF/PublisherTF' did not submit transforms for topic '/tf' on flush cycle 19160
2026-09-30T17:12:26Z [355,191ms] [Warning] [isaacsim.ros2.nodes] ROS2 TF aggregation contributor '/World/Nova_Carter_ROS/transform_tree_odometry/ros2_publish_raw_transform_tree' did not submit transforms for topic '/tf' on flush cycle 19160
2026-09-30T17:12:26Z [355,191ms] [Warning] [isaacsim.ros2.nodes] ROS2 TF aggregation contributor '/World/Nova_Carter_ROS/chassis_link/sensors/right_hawk/ROS_TF/PublisherTF' did not submit transforms for topic '/tf' on flush cycle 19160
2026-09-30T17:12:26Z [355,191ms] [Warning] [isaacsim.ros2.nodes] ROS2 TF aggregation contributor '/World/Nova_Carter_ROS/transform_tree_odometry/tf_tree_base_link_to_wheel_base' did not submit transforms for topic '/tf' on flush cycle 19160
2026-09-30T17:12:26Z [355,191ms] [Warning] [isaacsim.ros2.nodes] ROS2 TF aggregation contributor '/World/Nova_Carter_ROS/transform_tree_odometry/tf_tree_base_link_to_sensors' did not submit transforms for topic '/tf' on flush cycle 19160
2026-09-30T17:12:26Z [355,191ms] [Warning] [isaacsim.ros2.nodes] ROS2 TF aggregation contributor '/World/Nova_Carter_ROS/transform_tree_odometry/tf_tree_base_link_to_chassis' did not submit transforms for topic '/tf' on flush cycle 19160
2026-09-30T17:12:28Z [357,286ms] [Warning] [isaacsim.ros2.nodes] ROS2 TF aggregation contributor '/World/Nova_Carter_ROS/chassis_link/sensors/front_owl/ROS_TF/PublisherTF' did not submit transforms for topic '/tf' on flush cycle 19280
2026-09-30T17:12:28Z [357,286ms] [Warning] [isaacsim.ros2.nodes] ROS2 TF aggregation contributor '/World/Nova_Carter_ROS/chassis_link/sensors/rear_RPLidar/ROS_TF/PublisherTF' did not submit transforms for topic '/tf' on flush cycle 19280
2026-09-30T17:12:28Z [357,286ms] [Warning] [isaacsim.ros2.nodes] ROS2 TF aggregation contributor '/World/Nova_Carter_ROS/chassis_link/sensors/left_hawk/ROS_TF/PublisherTF' did not submit transforms for topic '/tf' on flush cycle 19280
2026-09-30T17:12:28Z [357,286ms] [Warning] [isaacsim.ros2.nodes] ROS2 TF aggregation contributor '/World/Nova_Carter_ROS/chassis_link/sensors/front_hawk/ROS_TF/PublisherTF' did not submit transforms for topic '/tf' on flush cycle 19280
2026-09-30T17:12:28Z [357,286ms] [Warning] [isaacsim.ros2.nodes] ROS2 TF aggregation contributor '/World/Nova_Carter_ROS/chassis_link/sensors/back_owl/ROS_TF/PublisherTF' did not submit transforms for topic '/tf' on flush cycle 19280
2026-09-30T17:12:28Z [357,286ms] [Warning] [isaacsim.ros2.nodes] ROS2 TF aggregation contributor '/World/Nova_Carter_ROS/chassis_link/sensors/XT_32/ROS_TF/PublisherTF' did not submit transforms for topic '/tf' on flush cycle 19280
2026-09-30T17:12:28Z [357,286ms] [Warning] [isaacsim.ros2.nodes] ROS2 TF aggregation contributor '/World/Nova_Carter_ROS/chassis_link/sensors/front_RPLidar/ROS_TF/PublisherTF' did not submit transforms for topic '/tf' on flush cycle 19280
2026-09-30T17:12:28Z [357,286ms] [Warning] [isaacsim.ros2.nodes] ROS2 TF aggregation contributor '/World/Nova_Carter_ROS/chassis_link/sensors/left_owl/ROS_TF/PublisherTF' did not submit transforms for topic '/tf' on flush cycle 19280
2026-09-30T17:12:28Z [357,286ms] [Warning] [isaacsim.ros2.nodes] ROS2 TF aggregation contributor '/World/Nova_Carter_ROS/chassis_link/sensors/right_owl/ROS_TF/PublisherTF' did not submit transforms for topic '/tf' on flush cycle 19280
2026-09-30T17:12:28Z [357,286ms] [Warning] [isaacsim.ros2.nodes] ROS2 TF aggregation contributor '/World/Nova_Carter_ROS/chassis_link/sensors/back_hawk/ROS_TF/PublisherTF' did not submit transforms for topic '/tf' on flush cycle 19280
2026-09-30T17:12:28Z [357,286ms] [Warning] [isaacsim.ros2.nodes] ROS2 TF aggregation contributor '/World/Nova_Carter_ROS/transform_tree_odometry/ros2_publish_raw_transform_tree' did not submit transforms for topic '/tf' on flush cycle 19280
2026-09-30T17:12:28Z [357,286ms] [Warning] [isaacsim.ros2.nodes] ROS2 TF aggregation contributor '/World/Nova_Carter_ROS/chassis_link/sensors/right_hawk/ROS_TF/PublisherTF' did not submit transforms for topic '/tf' on flush cycle 19280
2026-09-30T17:12:28Z [357,286ms] [Warning] [isaacsim.ros2.nodes] ROS2 TF aggregation contributor '/World/Nova_Carter_ROS/transform_tree_odometry/tf_tree_base_link_to_wheel_base' did not submit transforms for topic '/tf' on flush cycle 19280
2026-09-30T17:12:28Z [357,286ms] [Warning] [isaacsim.ros2.nodes] ROS2 TF aggregation contributor '/World/Nova_Carter_ROS/transform_tree_odometry/tf_tree_base_link_to_sensors' did not submit transforms for topic '/tf' on flush cycle 19280
2026-09-30T17:12:28Z [357,286ms] [Warning] [isaacsim.ros2.nodes] ROS2 TF aggregation contributor '/World/Nova_Carter_ROS/transform_tree_odometry/tf_tree_base_link_to_chassis' did not submit transforms for topic '/tf' on flush cycle 19280
2026-09-30T17:12:38Z [367,546ms] [Warning] [isaacsim.ros2.nodes] ROS2 TF aggregation contributor '/World/Nova_Carter_ROS/chassis_link/sensors/front_owl/ROS_TF/PublisherTF' did not submit transforms for topic '/tf' on flush cycle 19812
2026-09-30T17:12:38Z [367,546ms] [Warning] [isaacsim.ros2.nodes] ROS2 TF aggregation contributor '/World/Nova_Carter_ROS/chassis_link/sensors/rear_RPLidar/ROS_TF/PublisherTF' did not submit transforms for topic '/tf' on flush cycle 19812
2026-09-30T17:12:38Z [367,546ms] [Warning] [isaacsim.ros2.nodes] ROS2 TF aggregation contributor '/World/Nova_Carter_ROS/chassis_link/sensors/left_hawk/ROS_TF/PublisherTF' did not submit transforms for topic '/tf' on flush cycle 19812
2026-09-30T17:12:38Z [367,546ms] [Warning] [isaacsim.ros2.nodes] ROS2 TF aggregation contributor '/World/Nova_Carter_ROS/chassis_link/sensors/front_hawk/ROS_TF/PublisherTF' did not submit transforms for topic '/tf' on flush cycle 19812
2026-09-30T17:12:38Z [367,546ms] [Warning] [isaacsim.ros2.nodes] ROS2 TF aggregation contributor '/World/Nova_Carter_ROS/chassis_link/sensors/back_owl/ROS_TF/PublisherTF' did not submit transforms for topic '/tf' on flush cycle 19812
2026-09-30T17:12:38Z [367,546ms] [Warning] [isaacsim.ros2.nodes] ROS2 TF aggregation contributor '/World/Nova_Carter_ROS/chassis_link/sensors/XT_32/ROS_TF/PublisherTF' did not submit transforms for topic '/tf' on flush cycle 19812
2026-09-30T17:12:38Z [367,546ms] [Warning] [isaacsim.ros2.nodes] ROS2 TF aggregation contributor '/World/Nova_Carter_ROS/chassis_link/sensors/front_RPLidar/ROS_TF/PublisherTF' did not submit transforms for topic '/tf' on flush cycle 19812
2026-09-30T17:12:38Z [367,546ms] [Warning] [isaacsim.ros2.nodes] ROS2 TF aggregation contributor '/World/Nova_Carter_ROS/chassis_link/sensors/left_owl/ROS_TF/PublisherTF' did not submit transforms for topic '/tf' on flush cycle 19812
2026-09-30T17:12:38Z [367,546ms] [Warning] [isaacsim.ros2.nodes] ROS2 TF aggregation contributor '/World/Nova_Carter_ROS/chassis_link/sensors/right_owl/ROS_TF/PublisherTF' did not submit transforms for topic '/tf' on flush cycle 19812
2026-09-30T17:12:38Z [367,546ms] [Warning] [isaacsim.ros2.nodes] ROS2 TF aggregation contributor '/World/Nova_Carter_ROS/chassis_link/sensors/back_hawk/ROS_TF/PublisherTF' did not submit transforms for topic '/tf' on flush cycle 19812
2026-09-30T17:12:38Z [367,546ms] [Warning] [isaacsim.ros2.nodes] ROS2 TF aggregation contributor '/World/Nova_Carter_ROS/transform_tree_odometry/ros2_publish_raw_transform_tree' did not submit transforms for topic '/tf' on flush cycle 19812
2026-09-30T17:12:38Z [367,546ms] [Warning] [isaacsim.ros2.nodes] ROS2 TF aggregation contributor '/World/Nova_Carter_ROS/chassis_link/sensors/right_hawk/ROS_TF/PublisherTF' did not submit transforms for topic '/tf' on flush cycle 19812
2026-09-30T17:12:38Z [367,546ms] [Warning] [isaacsim.ros2.nodes] ROS2 TF aggregation contributor '/World/Nova_Carter_ROS/transform_tree_odometry/tf_tree_base_link_to_wheel_base' did not submit transforms for topic '/tf' on flush cycle 19812
2026-09-30T17:12:38Z [367,546ms] [Warning] [isaacsim.ros2.nodes] ROS2 TF aggregation contributor '/World/Nova_Carter_ROS/transform_tree_odometry/tf_tree_base_link_to_sensors' did not submit transforms for topic '/tf' on flush cycle 19812
2026-09-30T17:12:38Z [367,546ms] [Warning] [isaacsim.ros2.nodes] ROS2 TF aggregation contributor '/World/Nova_Carter_ROS/transform_tree_odometry/tf_tree_base_link_to_chassis' did not submit transforms for topic '/tf' on flush cycle 19812
2026-09-30T17:12:40Z [369,627ms] [Warning] [isaacsim.ros2.nodes] ROS2 TF aggregation contributor '/World/Nova_Carter_ROS/chassis_link/sensors/front_owl/ROS_TF/PublisherTF' did not submit transforms for topic '/tf' on flush cycle 19932
2026-09-30T17:12:40Z [369,627ms] [Warning] [isaacsim.ros2.nodes] ROS2 TF aggregation contributor '/World/Nova_Carter_ROS/chassis_link/sensors/rear_RPLidar/ROS_TF/PublisherTF' did not submit transforms for topic '/tf' on flush cycle 19932
2026-09-30T17:12:40Z [369,627ms] [Warning] [isaacsim.ros2.nodes] ROS2 TF aggregation contributor '/World/Nova_Carter_ROS/chassis_link/sensors/left_hawk/ROS_TF/PublisherTF' did not submit transforms for topic '/tf' on flush cycle 19932
2026-09-30T17:12:40Z [369,627ms] [Warning] [isaacsim.ros2.nodes] ROS2 TF aggregation contributor '/World/Nova_Carter_ROS/chassis_link/sensors/front_hawk/ROS_TF/PublisherTF' did not submit transforms for topic '/tf' on flush cycle 19932
2026-09-30T17:12:40Z [369,627ms] [Warning] [isaacsim.ros2.nodes] ROS2 TF aggregation contributor '/World/Nova_Carter_ROS/chassis_link/sensors/back_owl/ROS_TF/PublisherTF' did not submit transforms for topic '/tf' on flush cycle 19932
2026-09-30T17:12:40Z [369,627ms] [Warning] [isaacsim.ros2.nodes] ROS2 TF aggregation contributor '/World/Nova_Carter_ROS/chassis_link/sensors/XT_32/ROS_TF/PublisherTF' did not submit transforms for topic '/tf' on flush cycle 19932
2026-09-30T17:12:40Z [369,627ms] [Warning] [isaacsim.ros2.nodes] ROS2 TF aggregation contributor '/World/Nova_Carter_ROS/chassis_link/sensors/front_RPLidar/ROS_TF/PublisherTF' did not submit transforms for topic '/tf' on flush cycle 19932
2026-09-30T17:12:40Z [369,627ms] [Warning] [isaacsim.ros2.nodes] ROS2 TF aggregation contributor '/World/Nova_Carter_ROS/chassis_link/sensors/left_owl/ROS_TF/PublisherTF' did not submit transforms for topic '/tf' on flush cycle 19932
2026-09-30T17:12:40Z [369,627ms] [Warning] [isaacsim.ros2.nodes] ROS2 TF aggregation contributor '/World/Nova_Carter_ROS/chassis_link/sensors/right_owl/ROS_TF/PublisherTF' did not submit transforms for topic '/tf' on flush cycle 19932
2026-09-30T17:12:40Z [369,627ms] [Warning] [isaacsim.ros2.nodes] ROS2 TF aggregation contributor '/World/Nova_Carter_ROS/chassis_link/sensors/back_hawk/ROS_TF/PublisherTF' did not submit transforms for topic '/tf' on flush cycle 19932
2026-09-30T17:12:40Z [369,627ms] [Warning] [isaacsim.ros2.nodes] ROS2 TF aggregation contributor '/World/Nova_Carter_ROS/transform_tree_odometry/ros2_publish_raw_transform_tree' did not submit transforms for topic '/tf' on flush cycle 19932
2026-09-30T17:12:40Z [369,627ms] [Warning] [isaacsim.ros2.nodes] ROS2 TF aggregation contributor '/World/Nova_Carter_ROS/chassis_link/sensors/right_hawk/ROS_TF/PublisherTF' did not submit transforms for topic '/tf' on flush cycle 19932
2026-09-30T17:12:40Z [369,627ms] [Warning] [isaacsim.ros2.nodes] ROS2 TF aggregation contributor '/World/Nova_Carter_ROS/transform_tree_odometry/tf_tree_base_link_to_wheel_base' did not submit transforms for topic '/tf' on flush cycle 19932
2026-09-30T17:12:40Z [369,627ms] [Warning] [isaacsim.ros2.nodes] ROS2 TF aggregation contributor '/World/Nova_Carter_ROS/transform_tree_odometry/tf_tree_base_link_to_sensors' did not submit transforms for topic '/tf' on flush cycle 19932
2026-09-30T17:12:40Z [369,627ms] [Warning] [isaacsim.ros2.nodes] ROS2 TF aggregation contributor '/World/Nova_Carter_ROS/transform_tree_odometry/tf_tree_base_link_to_chassis' did not submit transforms for topic '/tf' on flush cycle 19932
2026-09-30T17:12:42Z [371,668ms] [Warning] [isaacsim.ros2.nodes] ROS2 TF aggregation contributor '/World/Nova_Carter_ROS/chassis_link/sensors/front_owl/ROS_TF/PublisherTF' did not submit transforms for topic '/tf' on flush cycle 20052
2026-09-30T17:12:42Z [371,668ms] [Warning] [isaacsim.ros2.nodes] ROS2 TF aggregation contributor '/World/Nova_Carter_ROS/chassis_link/sensors/rear_RPLidar/ROS_TF/PublisherTF' did not submit transforms for topic '/tf' on flush cycle 20052
2026-09-30T17:12:42Z [371,668ms] [Warning] [isaacsim.ros2.nodes] ROS2 TF aggregation contributor '/World/Nova_Carter_ROS/chassis_link/sensors/left_hawk/ROS_TF/PublisherTF' did not submit transforms for topic '/tf' on flush cycle 20052
2026-09-30T17:12:42Z [371,668ms] [Warning] [isaacsim.ros2.nodes] ROS2 TF aggregation contributor '/World/Nova_Carter_ROS/chassis_link/sensors/front_hawk/ROS_TF/PublisherTF' did not submit transforms for topic '/tf' on flush cycle 20052
2026-09-30T17:12:42Z [371,668ms] [Warning] [isaacsim.ros2.nodes] ROS2 TF aggregation contributor '/World/Nova_Carter_ROS/chassis_link/sensors/back_owl/ROS_TF/PublisherTF' did not submit transforms for topic '/tf' on flush cycle 20052
2026-09-30T17:12:42Z [371,668ms] [Warning] [isaacsim.ros2.nodes] ROS2 TF aggregation contributor '/World/Nova_Carter_ROS/chassis_link/sensors/XT_32/ROS_TF/PublisherTF' did not submit transforms for topic '/tf' on flush cycle 20052
2026-09-30T17:12:42Z [371,668ms] [Warning] [isaacsim.ros2.nodes] ROS2 TF aggregation contributor '/World/Nova_Carter_ROS/chassis_link/sensors/front_RPLidar/ROS_TF/PublisherTF' did not submit transforms for topic '/tf' on flush cycle 20052
2026-09-30T17:12:42Z [371,668ms] [Warning] [isaacsim.ros2.nodes] ROS2 TF aggregation contributor '/World/Nova_Carter_ROS/chassis_link/sensors/left_owl/ROS_TF/PublisherTF' did not submit transforms for topic '/tf' on flush cycle 20052
2026-09-30T17:12:42Z [371,668ms] [Warning] [isaacsim.ros2.nodes] ROS2 TF aggregation contributor '/World/Nova_Carter_ROS/chassis_link/sensors/right_owl/ROS_TF/PublisherTF' did not submit transforms for topic '/tf' on flush cycle 20052
2026-09-30T17:12:42Z [371,668ms] [Warning] [isaacsim.ros2.nodes] ROS2 TF aggregation contributor '/World/Nova_Carter_ROS/chassis_link/sensors/back_hawk/ROS_TF/PublisherTF' did not submit transforms for topic '/tf' on flush cycle 20052
2026-09-30T17:12:42Z [371,668ms] [Warning] [isaacsim.ros2.nodes] ROS2 TF aggregation contributor '/World/Nova_Carter_ROS/transform_tree_odometry/ros2_publish_raw_transform_tree' did not submit transforms for topic '/tf' on flush cycle 20052
2026-09-30T17:12:42Z [371,668ms] [Warning] [isaacsim.ros2.nodes] ROS2 TF aggregation contributor '/World/Nova_Carter_ROS/chassis_link/sensors/right_hawk/ROS_TF/PublisherTF' did not submit transforms for topic '/tf' on flush cycle 20052
2026-09-30T17:12:42Z [371,668ms] [Warning] [isaacsim.ros2.nodes] ROS2 TF aggregation contributor '/World/Nova_Carter_ROS/transform_tree_odometry/tf_tree_base_link_to_wheel_base' did not submit transforms for topic '/tf' on flush cycle 20052
2026-09-30T17:12:42Z [371,668ms] [Warning] [isaacsim.ros2.nodes] ROS2 TF aggregation contributor '/World/Nova_Carter_ROS/transform_tree_odometry/tf_tree_base_link_to_sensors' did not submit transforms for topic '/tf' on flush cycle 20052
2026-09-30T17:12:42Z [371,668ms] [Warning] [isaacsim.ros2.nodes] ROS2 TF aggregation contributor '/World/Nova_Carter_ROS/transform_tree_odometry/tf_tree_base_link_to_chassis' did not submit transforms for topic '/tf' on flush cycle 20052
2026-09-30T17:12:45Z [373,712ms] [Warning] [isaacsim.ros2.nodes] ROS2 TF aggregation contributor '/World/Nova_Carter_ROS/chassis_link/sensors/front_owl/ROS_TF/PublisherTF' did not submit transforms for topic '/tf' on flush cycle 20172
2026-09-30T17:12:45Z [373,712ms] [Warning] [isaacsim.ros2.nodes] ROS2 TF aggregation contributor '/World/Nova_Carter_ROS/chassis_link/sensors/rear_RPLidar/ROS_TF/PublisherTF' did not submit transforms for topic '/tf' on flush cycle 20172
2026-09-30T17:12:45Z [373,712ms] [Warning] [isaacsim.ros2.nodes] ROS2 TF aggregation contributor '/World/Nova_Carter_ROS/chassis_link/sensors/left_hawk/ROS_TF/PublisherTF' did not submit transforms for topic '/tf' on flush cycle 20172
2026-09-30T17:12:45Z [373,712ms] [Warning] [isaacsim.ros2.nodes] ROS2 TF aggregation contributor '/World/Nova_Carter_ROS/chassis_link/sensors/front_hawk/ROS_TF/PublisherTF' did not submit transforms for topic '/tf' on flush cycle 20172
2026-09-30T17:12:45Z [373,712ms] [Warning] [isaacsim.ros2.nodes] ROS2 TF aggregation contributor '/World/Nova_Carter_ROS/chassis_link/sensors/back_owl/ROS_TF/PublisherTF' did not submit transforms for topic '/tf' on flush cycle 20172
2026-09-30T17:12:45Z [373,712ms] [Warning] [isaacsim.ros2.nodes] ROS2 TF aggregation contributor '/World/Nova_Carter_ROS/chassis_link/sensors/XT_32/ROS_TF/PublisherTF' did not submit transforms for topic '/tf' on flush cycle 20172
2026-09-30T17:12:45Z [373,712ms] [Warning] [isaacsim.ros2.nodes] ROS2 TF aggregation contributor '/World/Nova_Carter_ROS/chassis_link/sensors/front_RPLidar/ROS_TF/PublisherTF' did not submit transforms for topic '/tf' on flush cycle 20172
2026-09-30T17:12:45Z [373,712ms] [Warning] [isaacsim.ros2.nodes] ROS2 TF aggregation contributor '/World/Nova_Carter_ROS/chassis_link/sensors/left_owl/ROS_TF/PublisherTF' did not submit transforms for topic '/tf' on flush cycle 20172
2026-09-30T17:12:45Z [373,712ms] [Warning] [isaacsim.ros2.nodes] ROS2 TF aggregation contributor '/World/Nova_Carter_ROS/chassis_link/sensors/right_owl/ROS_TF/PublisherTF' did not submit transforms for topic '/tf' on flush cycle 20172
2026-09-30T17:12:45Z [373,712ms] [Warning] [isaacsim.ros2.nodes] ROS2 TF aggregation contributor '/World/Nova_Carter_ROS/chassis_link/sensors/back_hawk/ROS_TF/PublisherTF' did not submit transforms for topic '/tf' on flush cycle 20172
2026-09-30T17:12:45Z [373,712ms] [Warning] [isaacsim.ros2.nodes] ROS2 TF aggregation contributor '/World/Nova_Carter_ROS/transform_tree_odometry/ros2_publish_raw_transform_tree' did not submit transforms for topic '/tf' on flush cycle 20172
2026-09-30T17:12:45Z [373,712ms] [Warning] [isaacsim.ros2.nodes] ROS2 TF aggregation contributor '/World/Nova_Carter_ROS/chassis_link/sensors/right_hawk/ROS_TF/PublisherTF' did not submit transforms for topic '/tf' on flush cycle 20172
2026-09-30T17:12:45Z [373,712ms] [Warning] [isaacsim.ros2.nodes] ROS2 TF aggregation contributor '/World/Nova_Carter_ROS/transform_tree_odometry/tf_tree_base_link_to_wheel_base' did not submit transforms for topic '/tf' on flush cycle 20172
2026-09-30T17:12:45Z [373,712ms] [Warning] [isaacsim.ros2.nodes] ROS2 TF aggregation contributor '/World/Nova_Carter_ROS/transform_tree_odometry/tf_tree_base_link_to_sensors' did not submit transforms for topic '/tf' on flush cycle 20172
2026-09-30T17:12:45Z [373,712ms] [Warning] [isaacsim.ros2.nodes] ROS2 TF aggregation contributor '/World/Nova_Carter_ROS/transform_tree_odometry/tf_tree_base_link_to_chassis' did not submit transforms for topic '/tf' on flush cycle 20172
2026-09-30T17:12:47Z [375,760ms] [Warning] [isaacsim.ros2.nodes] ROS2 TF aggregation contributor '/World/Nova_Carter_ROS/chassis_link/sensors/front_owl/ROS_TF/PublisherTF' did not submit transforms for topic '/tf' on flush cycle 20292
2026-09-30T17:12:47Z [375,760ms] [Warning] [isaacsim.ros2.nodes] ROS2 TF aggregation contributor '/World/Nova_Carter_ROS/chassis_link/sensors/rear_RPLidar/ROS_TF/PublisherTF' did not submit transforms for topic '/tf' on flush cycle 20292
2026-09-30T17:12:47Z [375,760ms] [Warning] [isaacsim.ros2.nodes] ROS2 TF aggregation contributor '/World/Nova_Carter_ROS/chassis_link/sensors/left_hawk/ROS_TF/PublisherTF' did not submit transforms for topic '/tf' on flush cycle 20292
2026-09-30T17:12:47Z [375,760ms] [Warning] [isaacsim.ros2.nodes] ROS2 TF aggregation contributor '/World/Nova_Carter_ROS/chassis_link/sensors/front_hawk/ROS_TF/PublisherTF' did not submit transforms for topic '/tf' on flush cycle 20292
2026-09-30T17:12:47Z [375,760ms] [Warning] [isaacsim.ros2.nodes] ROS2 TF aggregation contributor '/World/Nova_Carter_ROS/chassis_link/sensors/back_owl/ROS_TF/PublisherTF' did not submit transforms for topic '/tf' on flush cycle 20292
2026-09-30T17:12:47Z [375,760ms] [Warning] [isaacsim.ros2.nodes] ROS2 TF aggregation contributor '/World/Nova_Carter_ROS/chassis_link/sensors/XT_32/ROS_TF/PublisherTF' did not submit transforms for topic '/tf' on flush cycle 20292
2026-09-30T17:12:47Z [375,760ms] [Warning] [isaacsim.ros2.nodes] ROS2 TF aggregation contributor '/World/Nova_Carter_ROS/chassis_link/sensors/front_RPLidar/ROS_TF/PublisherTF' did not submit transforms for topic '/tf' on flush cycle 20292
2026-09-30T17:12:47Z [375,760ms] [Warning] [isaacsim.ros2.nodes] ROS2 TF aggregation contributor '/World/Nova_Carter_ROS/chassis_link/sensors/left_owl/ROS_TF/PublisherTF' did not submit transforms for topic '/tf' on flush cycle 20292
2026-09-30T17:12:47Z [375,760ms] [Warning] [isaacsim.ros2.nodes] ROS2 TF aggregation contributor '/World/Nova_Carter_ROS/chassis_link/sensors/right_owl/ROS_TF/PublisherTF' did not submit transforms for topic '/tf' on flush cycle 20292
2026-09-30T17:12:47Z [375,760ms] [Warning] [isaacsim.ros2.nodes] ROS2 TF aggregation contributor '/World/Nova_Carter_ROS/chassis_link/sensors/back_hawk/ROS_TF/PublisherTF' did not submit transforms for topic '/tf' on flush cycle 20292
2026-09-30T17:12:47Z [375,760ms] [Warning] [isaacsim.ros2.nodes] ROS2 TF aggregation contributor '/World/Nova_Carter_ROS/transform_tree_odometry/ros2_publish_raw_transform_tree' did not submit transforms for topic '/tf' on flush cycle 20292
2026-09-30T17:12:47Z [375,760ms] [Warning] [isaacsim.ros2.nodes] ROS2 TF aggregation contributor '/World/Nova_Carter_ROS/chassis_link/sensors/right_hawk/ROS_TF/PublisherTF' did not submit transforms for topic '/tf' on flush cycle 20292
2026-09-30T17:12:47Z [375,760ms] [Warning] [isaacsim.ros2.nodes] ROS2 TF aggregation contributor '/World/Nova_Carter_ROS/transform_tree_odometry/tf_tree_base_link_to_wheel_base' did not submit transforms for topic '/tf' on flush cycle 20292
2026-09-30T17:12:47Z [375,760ms] [Warning] [isaacsim.ros2.nodes] ROS2 TF aggregation contributor '/World/Nova_Carter_ROS/transform_tree_odometry/tf_tree_base_link_to_sensors' did not submit transforms for topic '/tf' on flush cycle 20292
2026-09-30T17:12:47Z [375,760ms] [Warning] [isaacsim.ros2.nodes] ROS2 TF aggregation contributor '/World/Nova_Carter_ROS/transform_tree_odometry/tf_tree_base_link_to_chassis' did not submit transforms for topic '/tf' on flush cycle 20292
2026-09-30T17:12:49Z [377,809ms] [Warning] [isaacsim.ros2.nodes] ROS2 TF aggregation contributor '/World/Nova_Carter_ROS/chassis_link/sensors/front_owl/ROS_TF/PublisherTF' did not submit transforms for topic '/tf' on flush cycle 20412
2026-09-30T17:12:49Z [377,809ms] [Warning] [isaacsim.ros2.nodes] ROS2 TF aggregation contributor '/World/Nova_Carter_ROS/chassis_link/sensors/rear_RPLidar/ROS_TF/PublisherTF' did not submit transforms for topic '/tf' on flush cycle 20412
2026-09-30T17:12:49Z [377,809ms] [Warning] [isaacsim.ros2.nodes] ROS2 TF aggregation contributor '/World/Nova_Carter_ROS/chassis_link/sensors/left_hawk/ROS_TF/PublisherTF' did not submit transforms for topic '/tf' on flush cycle 20412
2026-09-30T17:12:49Z [377,809ms] [Warning] [isaacsim.ros2.nodes] ROS2 TF aggregation contributor '/World/Nova_Carter_ROS/chassis_link/sensors/front_hawk/ROS_TF/PublisherTF' did not submit transforms for topic '/tf' on flush cycle 20412
2026-09-30T17:12:49Z [377,809ms] [Warning] [isaacsim.ros2.nodes] ROS2 TF aggregation contributor '/World/Nova_Carter_ROS/chassis_link/sensors/back_owl/ROS_TF/PublisherTF' did not submit transforms for topic '/tf' on flush cycle 20412
2026-09-30T17:12:49Z [377,809ms] [Warning] [isaacsim.ros2.nodes] ROS2 TF aggregation contributor '/World/Nova_Carter_ROS/chassis_link/sensors/XT_32/ROS_TF/PublisherTF' did not submit transforms for topic '/tf' on flush cycle 20412
2026-09-30T17:12:49Z [377,809ms] [Warning] [isaacsim.ros2.nodes] ROS2 TF aggregation contributor '/World/Nova_Carter_ROS/chassis_link/sensors/front_RPLidar/ROS_TF/PublisherTF' did not submit transforms for topic '/tf' on flush cycle 20412
2026-09-30T17:12:49Z [377,809ms] [Warning] [isaacsim.ros2.nodes] ROS2 TF aggregation contributor '/World/Nova_Carter_ROS/chassis_link/sensors/left_owl/ROS_TF/PublisherTF' did not submit transforms for topic '/tf' on flush cycle 20412
2026-09-30T17:12:49Z [377,809ms] [Warning] [isaacsim.ros2.nodes] ROS2 TF aggregation contributor '/World/Nova_Carter_ROS/chassis_link/sensors/right_owl/ROS_TF/PublisherTF' did not submit transforms for topic '/tf' on flush cycle 20412
2026-09-30T17:12:49Z [377,809ms] [Warning] [isaacsim.ros2.nodes] ROS2 TF aggregation contributor '/World/Nova_Carter_ROS/chassis_link/sensors/back_hawk/ROS_TF/PublisherTF' did not submit transforms for topic '/tf' on flush cycle 20412
2026-09-30T17:12:49Z [377,809ms] [Warning] [isaacsim.ros2.nodes] ROS2 TF aggregation contributor '/World/Nova_Carter_ROS/transform_tree_odometry/ros2_publish_raw_transform_tree' did not submit transforms for topic '/tf' on flush cycle 20412
2026-09-30T17:12:49Z [377,809ms] [Warning] [isaacsim.ros2.nodes] ROS2 TF aggregation contributor '/World/Nova_Carter_ROS/chassis_link/sensors/right_hawk/ROS_TF/PublisherTF' did not submit transforms for topic '/tf' on flush cycle 20412
2026-09-30T17:12:49Z [377,809ms] [Warning] [isaacsim.ros2.nodes] ROS2 TF aggregation contributor '/World/Nova_Carter_ROS/transform_tree_odometry/tf_tree_base_link_to_wheel_base' did not submit transforms for topic '/tf' on flush cycle 20412
2026-09-30T17:12:49Z [377,809ms] [Warning] [isaacsim.ros2.nodes] ROS2 TF aggregation contributor '/World/Nova_Carter_ROS/transform_tree_odometry/tf_tree_base_link_to_sensors' did not submit transforms for topic '/tf' on flush cycle 20412
2026-09-30T17:12:49Z [377,809ms] [Warning] [isaacsim.ros2.nodes] ROS2 TF aggregation contributor '/World/Nova_Carter_ROS/transform_tree_odometry/tf_tree_base_link_to_chassis' did not submit transforms for topic '/tf' on flush cycle 20412
2026-09-30T17:12:51Z [379,855ms] [Warning] [isaacsim.ros2.nodes] ROS2 TF aggregation contributor '/World/Nova_Carter_ROS/chassis_link/sensors/front_owl/ROS_TF/PublisherTF' did not submit transforms for topic '/tf' on flush cycle 20532
2026-09-30T17:12:51Z [379,855ms] [Warning] [isaacsim.ros2.nodes] ROS2 TF aggregation contributor '/World/Nova_Carter_ROS/chassis_link/sensors/rear_RPLidar/ROS_TF/PublisherTF' did not submit transforms for topic '/tf' on flush cycle 20532
2026-09-30T17:12:51Z [379,855ms] [Warning] [isaacsim.ros2.nodes] ROS2 TF aggregation contributor '/World/Nova_Carter_ROS/chassis_link/sensors/left_hawk/ROS_TF/PublisherTF' did not submit transforms for topic '/tf' on flush cycle 20532
2026-09-30T17:12:51Z [379,855ms] [Warning] [isaacsim.ros2.nodes] ROS2 TF aggregation contributor '/World/Nova_Carter_ROS/chassis_link/sensors/front_hawk/ROS_TF/PublisherTF' did not submit transforms for topic '/tf' on flush cycle 20532
2026-09-30T17:12:51Z [379,855ms] [Warning] [isaacsim.ros2.nodes] ROS2 TF aggregation contributor '/World/Nova_Carter_ROS/chassis_link/sensors/back_owl/ROS_TF/PublisherTF' did not submit transforms for topic '/tf' on flush cycle 20532
2026-09-30T17:12:51Z [379,855ms] [Warning] [isaacsim.ros2.nodes] ROS2 TF aggregation contributor '/World/Nova_Carter_ROS/chassis_link/sensors/XT_32/ROS_TF/PublisherTF' did not submit transforms for topic '/tf' on flush cycle 20532
2026-09-30T17:12:51Z [379,855ms] [Warning] [isaacsim.ros2.nodes] ROS2 TF aggregation contributor '/World/Nova_Carter_ROS/chassis_link/sensors/front_RPLidar/ROS_TF/PublisherTF' did not submit transforms for topic '/tf' on flush cycle 20532
2026-09-30T17:12:51Z [379,855ms] [Warning] [isaacsim.ros2.nodes] ROS2 TF aggregation contributor '/World/Nova_Carter_ROS/chassis_link/sensors/left_owl/ROS_TF/PublisherTF' did not submit transforms for topic '/tf' on flush cycle 20532
2026-09-30T17:12:51Z [379,855ms] [Warning] [isaacsim.ros2.nodes] ROS2 TF aggregation contributor '/World/Nova_Carter_ROS/chassis_link/sensors/right_owl/ROS_TF/PublisherTF' did not submit transforms for topic '/tf' on flush cycle 20532
2026-09-30T17:12:51Z [379,855ms] [Warning] [isaacsim.ros2.nodes] ROS2 TF aggregation contributor '/World/Nova_Carter_ROS/chassis_link/sensors/back_hawk/ROS_TF/PublisherTF' did not submit transforms for topic '/tf' on flush cycle 20532
2026-09-30T17:12:51Z [379,855ms] [Warning] [isaacsim.ros2.nodes] ROS2 TF aggregation contributor '/World/Nova_Carter_ROS/transform_tree_odometry/ros2_publish_raw_transform_tree' did not submit transforms for topic '/tf' on flush cycle 20532
2026-09-30T17:12:51Z [379,855ms] [Warning] [isaacsim.ros2.nodes] ROS2 TF aggregation contributor '/World/Nova_Carter_ROS/chassis_link/sensors/right_hawk/ROS_TF/PublisherTF' did not submit transforms for topic '/tf' on flush cycle 20532
2026-09-30T17:12:51Z [379,855ms] [Warning] [isaacsim.ros2.nodes] ROS2 TF aggregation contributor '/World/Nova_Carter_ROS/transform_tree_odometry/tf_tree_base_link_to_wheel_base' did not submit transforms for topic '/tf' on flush cycle 20532
2026-09-30T17:12:51Z [379,855ms] [Warning] [isaacsim.ros2.nodes] ROS2 TF aggregation contributor '/World/Nova_Carter_ROS/transform_tree_odometry/tf_tree_base_link_to_sensors' did not submit transforms for topic '/tf' on flush cycle 20532
2026-09-30T17:12:51Z [379,855ms] [Warning] [isaacsim.ros2.nodes] ROS2 TF aggregation contributor '/World/Nova_Carter_ROS/transform_tree_odometry/tf_tree_base_link_to_chassis' did not submit transforms for topic '/tf' on flush cycle 20532
